{
    "n": 100,
    "active_prop": 0.2,
    "noise": 0.5,
    "seed": 24,
    "active_indices": [
        18,
        23,
        7,
        15,
        12,
        17
    ],
    "gp_features": [
        12,
        7,
        23
    ],
    "lengthscales": [
        0.9370036134464027,
        1.157914360143256,
        1.0549100238311846
    ],
    "beta": [
        0.0,
        0.0,
        0.0,
        0.0,
        0.0,
        0.0,
        0.0,
        -1.765670991513467,
        0.0,
        0.0,
        0.0,
        0.0,
        3.49527863365436,
        0.0,
        0.0,
        2.894044354499785,
        0.0,
        2.019080157871185,
        3.2513814514798547,
        0.0,
        0.0,
        0.0,
        0.0,
        1.6372105002313164,
        0.0,
        0.0,
        0.0,
        0.0,
        0.0,
        0.0
    ]
}