{
    "n": 100,
    "active_prop": 0.2,
    "noise": 1.0,
    "seed": 25,
    "active_indices": [
        9,
        1,
        26,
        11,
        0,
        15
    ],
    "gp_features": [
        1,
        15,
        26
    ],
    "lengthscales": [
        1.6373265156365586,
        1.9636463053705415,
        1.1077262472183573
    ],
    "beta": [
        -4.956105591039338,
        0.28374444259703235,
        0.0,
        0.0,
        0.0,
        0.0,
        0.0,
        0.0,
        0.0,
        -1.1457938951957725,
        0.0,
        -3.8471043875588986,
        0.0,
        0.0,
        0.0,
        -0.4457245435512158,
        0.0,
        0.0,
        0.0,
        0.0,
        0.0,
        0.0,
        0.0,
        0.0,
        0.0,
        0.0,
        0.3749636995458481,
        0.0,
        0.0,
        0.0
    ]
}