{
    "selected features": [
        1,
        4,
        6,
        7,
        9,
        11,
        18,
        23,
        25
    ],
    "precision": 0.5555555555555556,
    "recall": 0.8333333333333334,
    "training rmse": 0.7306,
    "testing rmse": 1.9499,
    "beta_error": 0.4082,
    "tune time": 1486.3443,
    "fit time": 17.0273,
    "prediction time (test)": 0.266,
    "total runtime": 1503.6377,
    "lambda": 6.3246
}