{
    "selected features": [
        9,
        12,
        16
    ],
    "precision": 0.6666666666666666,
    "recall": 0.6666666666666666,
    "training rmse": 1.7105,
    "testing rmse": 2.4662,
    "beta_error": 0.2582,
    "tune time": 0.0108,
    "fit time": 0.2307,
    "prediction time (test)": 0.0184,
    "total runtime": 0.2599,
    "lambda": 0.6338
}