{
    "n": 100,
    "active_prop": 0.2,
    "seed": 7,
    "active_indices": [
        15,
        11,
        14,
        23,
        5,
        3
    ],
    "gp_features": [
        11,
        3,
        5
    ],
    "lengthscales": [
        0.9326789364467076,
        0.7126286307416573,
        1.0344523721843024
    ],
    "beta": [
        0.0,
        0.0,
        0.0,
        1.0520510551620008,
        0.0,
        -2.4586953683334767,
        0.0,
        0.0,
        0.0,
        0.0,
        0.0,
        4.808609807648452,
        0.0,
        0.0,
        4.228839284964561,
        4.957180749798917,
        0.0,
        0.0,
        0.0,
        0.0,
        0.0,
        0.0,
        0.0,
        -2.9440406550817677,
        0.0,
        0.0,
        0.0,
        0.0,
        0.0,
        0.0
    ]
}