{
    "n": 1000,
    "active_prop": 0.5,
    "seed": 41,
    "active_indices": [
        8,
        23,
        27,
        6,
        9,
        15,
        3,
        13,
        26,
        17,
        7,
        4,
        10,
        20,
        25
    ],
    "gp_features": [
        25,
        4,
        20
    ],
    "lengthscales": [
        0.9109151946240651,
        0.6831706340200387,
        0.9795160296535773
    ],
    "beta": [
        0.0,
        0.0,
        0.0,
        -0.3765805017182,
        1.7373705869356924,
        0.0,
        3.511549102546727,
        2.137905870986078,
        -2.408942803414403,
        -2.360175107900009,
        2.0694703405221047,
        0.0,
        0.0,
        1.1992657125053974,
        0.0,
        1.719175976246511,
        0.0,
        -0.8632597356174312,
        0.0,
        0.0,
        -2.012702216744354,
        0.0,
        0.0,
        -3.139767776036905,
        0.0,
        -1.5446922822883815,
        -4.041769399189378,
        -0.8626378293561698,
        0.0,
        0.0
    ]
}