{
    "n": 500,
    "active_prop": 0.2,
    "noise_constant": 1.0,
    "seed": 73,
    "active_indices": [
        26,
        0,
        3,
        25,
        8,
        16
    ],
    "gp_features": [
        25,
        3,
        26
    ],
    "lengthscales": [
        2.439092417614673,
        1.1803136788782167,
        0.7931630224294433
    ],
    "beta": [
        -4.501305084670003,
        0.0,
        0.0,
        -1.211763275748127,
        0.0,
        0.0,
        0.0,
        0.0,
        3.032122785443489,
        0.0,
        0.0,
        0.0,
        0.0,
        0.0,
        0.0,
        0.0,
        3.1587517464883703,
        0.0,
        0.0,
        0.0,
        0.0,
        0.0,
        0.0,
        0.0,
        0.0,
        0.6015335724288198,
        -1.1280881674484702,
        0.0,
        0.0,
        0.0
    ]
}