{
    "n": 100,
    "active_prop": 0.1,
    "noise": 0.5,
    "seed": 5,
    "active_indices": [
        2,
        22,
        13
    ],
    "gp_features": [
        22,
        13,
        2
    ],
    "lengthscales": [
        1.1249322961882608,
        1.1051990060965544,
        1.0723406103608177
    ],
    "beta": [
        0.0,
        0.0,
        -4.392065000630216,
        0.0,
        0.0,
        0.0,
        0.0,
        0.0,
        0.0,
        0.0,
        0.0,
        0.0,
        0.0,
        -4.281571681579143,
        0.0,
        0.0,
        0.0,
        0.0,
        0.0,
        0.0,
        0.0,
        0.0,
        3.3133664320452123,
        0.0,
        0.0,
        0.0,
        0.0,
        0.0,
        0.0,
        0.0
    ]
}