{
    "selected features": [
        0,
        1,
        5,
        6,
        7,
        8,
        9,
        10,
        13,
        14,
        18,
        19,
        20,
        22,
        24,
        25,
        26,
        27,
        28
    ],
    "precision": 0.6842105263157895,
    "recall": 0.8666666666666667,
    "training rmse": 0.0,
    "testing rmse": 2.7792,
    "beta_error": 0.5164,
    "tune time": 0.4923,
    "fit time": 13.8063,
    "prediction time (test)": 0.8021,
    "total runtime": 15.1007,
    "lambda": 0.1423
}