{
    "n": 500,
    "active_prop": 0.1,
    "noise_constant": 0.5,
    "seed": 53,
    "active_indices": [
        28,
        22,
        9
    ],
    "gp_features": [
        28,
        9,
        22
    ],
    "lengthscales": [
        1.0227212308371654,
        1.1527699762280958,
        1.3521959708397022
    ],
    "beta": [
        0.0,
        0.0,
        0.0,
        0.0,
        0.0,
        0.0,
        0.0,
        0.0,
        0.0,
        1.0728659044215414,
        0.0,
        0.0,
        0.0,
        0.0,
        0.0,
        0.0,
        0.0,
        0.0,
        0.0,
        0.0,
        0.0,
        0.0,
        -4.499044263097023,
        0.0,
        0.0,
        0.0,
        0.0,
        0.0,
        2.624032229197689,
        0.0
    ]
}