{
    "selected features": [
        6,
        10,
        11,
        13,
        23,
        27
    ],
    "precision": 0.6666666666666666,
    "recall": 0.6666666666666666,
    "training rmse": 1.3233,
    "testing rmse": 2.2022,
    "beta_error": 0.3651,
    "tune time": 0.0096,
    "fit time": 0.183,
    "prediction time (test)": 0.0207,
    "total runtime": 0.2133,
    "lambda": 0.3609
}