{
    "selected features": [
        6,
        10,
        11,
        13,
        23,
        27
    ],
    "precision": 0.6666666666666666,
    "recall": 0.6666666666666666,
    "training rmse": 0.0,
    "testing rmse": 2.3499,
    "beta_error": 0.3651,
    "tune time": 0.0099,
    "fit time": 0.3215,
    "prediction time (test)": 0.0228,
    "total runtime": 0.3541,
    "lambda": 0.3609
}