sigma_noise,sigma_gp,lambda,zeta0,tau_sq0,nu0,beta0,ell0,zeta1,tau_sq1,nu1,beta1,ell1,zeta2,tau_sq2,nu2,beta2,ell2
1.8646492362669436,0.6057308125662801,0.7495316889958614,0.9472151921976909,3.3720860842237794,0.06805644146049719,0.23303207969584336,0.706286056438663,1.1962336753743277,4.258591884332606,1.919803370098348,7.387319939433917,0.5446229042584292,1.0,3.5599999999999996,0.5134859390868455,1.806552979419838,2.63141830827206
1.4172252349154038,0.6057308125662801,0.9415808391034389,0.9472151921976909,2.1367977924782724,0.06805644146049719,0.14099049225137703,0.6388226000772692,1.1962336753743277,2.6985520269131777,1.919803370098348,4.469521432579735,0.4456981095970812,1.0,2.2558736494930574,-0.39042863727622357,-0.8310706159946638,2.63141830827206
1.4172252349154038,0.6057308125662801,0.5146402730491821,0.9472151921976909,7.15271816408275,-0.5243726014168092,-1.9875333508703927,0.9879678286045109,1.2335180900008162,9.314680888513527,0.2692156223502906,1.1644561132964095,0.4456981095970812,1.0914551787160724,8.241919414290056,-0.39042863727622357,-1.5885274488150207,2.63141830827206
0.927297275309426,0.3411943768992505,0.5146402730491821,0.9472151921976909,7.15271816408275,-0.10850709370523104,-0.26909936412609387,1.0697454757258842,0.475222375755491,3.5885527882616923,0.7060254634260408,1.240220820287482,0.6869490290406599,0.3236475972518312,2.4439642297689854,-0.3908723118651091,-0.5666322825471384,1.1371361244741076
0.26807722869476786,0.1537440617211216,0.8105107130725633,2.2861717645095365,6.960193813775554,-0.4378176760124296,-0.3096448656396841,0.5450786569839886,0.6667805538455117,2.0299970273742782,1.705329268724291,0.6513521817369057,1.0308927984622644,0.21636104210337861,0.6587058812324362,-0.3908723118651091,-0.08504339774495087,0.355659062074456
0.25681913129685036,0.1537440617211216,0.8003753646736439,2.2861717645095365,7.13758719750057,-0.1288118697776915,-0.08838101205568896,0.42678108061731534,1.7858307444539012,5.5754877461062735,2.1426986371533068,1.2993612137508797,0.48256537470345645,0.3503093177726749,1.0936900457415184,-1.0326056270112107,-0.27733775113612735,1.790830522967254
1.5271609495856628,0.1537440617211216,0.352664400296234,1.4365911584972932,23.10148728306553,-0.5153444773235992,-3.782704421526754,0.28429960857648684,2.2883368845009,36.79821160250231,1.7272751242975597,16.001462757383198,0.8962445260215316,0.5425801799861636,8.725105297950629,0.20157594845390614,0.90930349579206,1.4968076749146932
1.7909376668822576,0.25875716217594313,0.352664400296234,1.4365911584972932,23.10148728306553,-0.7671225246482123,-6.603363060524296,0.5500727653757335,1.0288410723995645,16.544553270949862,1.6813329941875528,12.247902731572724,0.939753623445779,0.25056993697392527,4.029356701997671,0.20157594845390614,0.72466458953498,1.2426018658472475
2.576429583504938,0.25875716217594313,0.2279264004079998,6.492990201869398,249.96861245308946,-0.9294981718399594,-37.86252358913855,1.4952293166527477,0.8114477686611875,31.239300615607565,1.6813329941875528,24.21155393293288,0.8364009186356891,0.10189736359184545,3.9228678617670116,0.20157594845390614,1.028629153415241,0.29128741878677783
2.576429583504938,1.1970199032021753,0.2601794854229895,3.0643737165399494,90.53690071587427,0.6126647411822025,15.01944816650875,4.626011754908159,0.8128953959681672,24.016988972305,0.8281345281320632,10.456309967272315,1.2001586848165702,0.10499482565599705,3.102071413414568,-0.2533711720944083,-1.1497445867617475,0.5503896207712378
1.069177505691895,5.678216501385811,0.288036834903018,2.978644276792785,71.80465113522943,0.3409940922594649,3.089391563520999,5.9669473920393346,2.0270719028303,48.86558356188737,0.027420374056500996,0.20493905667298729,1.1942628698039353,0.10695743301595742,2.57836802597317,-0.2533711720944083,-0.4349901942854451,0.2863008893011977
1.069177505691895,2.910510381280432,0.22511893584487416,2.978644276792785,117.55052747973124,0.26039822606720786,3.0185621741290567,5.9669473920393346,2.0270719028303,79.9972568975617,0.027420374056500996,0.26221693439762045,1.048188688453313,0.2119267923219651,8.363572118574101,-0.2020092342617078,-0.6246215138812806,0.23357923092750119
3.6481061616721977,2.3570736012987097,0.21351680304916487,1.081341907627535,47.43827776969098,2.444958053091071,61.43322822363048,6.6877188060950505,1.5105643630523888,66.26819078962224,0.23326433647601363,6.927369769654118,1.048188688453313,0.1620291019018358,7.1081879732718205,0.07635293941283039,0.7426303277479299,0.4836551150533436
3.6481061616721977,2.3570736012987097,0.2376321840016137,0.0916708111469183,3.2467627217234662,2.4485756932211893,16.095566897173224,5.591172579825949,1.5105643630523888,53.50060724195218,-0.552786572038636,-14.750417353894916,1.3830971341712144,0.2495599858486418,8.838822835205649,-0.4908557226701479,-5.323760886142356,0.4836551150533436
7.370833410805033,3.053329755202531,0.30112688421419626,0.07559715239864634,1.6673868476168316,2.4485756932211893,23.30495751053603,4.201048277503089,0.33331690727105895,7.3517084921578935,-0.32976361647560565,-6.5904257605025505,0.4744636372423477,0.4945372034701325,10.907617582935215,-1.0884219556953791,-26.495910080211463,1.1852319722573827
10.333207873783593,1.2305220648935522,0.23986683954862573,0.052246409149930166,1.8161261712428596,1.1752319296542937,16.36559339358532,3.3839938288779954,0.48149189649637325,16.737036069962915,-0.32976361647560565,-13.940462405460464,0.6941041586040972,0.4970197842224534,17.27679762950911,-0.16863758842811982,-7.243044815127252,1.488207067804509
10.333207873783593,1.2305220648935522,0.33339733322886006,0.052246409149930166,0.9400743420858704,1.1752319296542937,11.77442880733087,5.001438970271476,0.48149189649637325,8.663527028615153,-0.2727808353549942,-8.296528101613324,0.7789044819236334,1.0684951180374536,19.225528824929132,-0.16863758842811982,-7.64062168101282,2.3341034977151813
8.58452433596037,2.724559097968478,0.5355848590798818,0.031020818327391612,0.2162851309528917,-0.7266305139589069,-2.900969746153963,5.001438970271476,0.48149189649637325,3.357085451047508,0.690275110018298,10.85724524720811,0.5825684663882286,0.6077488319077369,4.237381306590585,-0.48924347574983734,-8.645498747038339,2.3341034977151813
8.58452433596037,2.5516898077564862,0.8789975030995629,0.06433162290330854,0.16652491490249724,-0.7266305139589069,-2.5454787621023676,6.64079596401687,0.48149189649637325,1.2463605528934498,0.690275110018298,6.61546380418218,1.4142712997814304,0.48611765123949,1.2583344994564818,-0.44369444331455415,-4.2726594380512255,1.7849431484019762
3.474796393801177,2.5516898077564862,0.5527970232215984,0.14869670745923474,0.9731951959150391,-0.7266305139589069,-2.490823599949226,3.6533872329632318,0.16962289405400435,1.1101536034738253,1.427976418252585,5.228076504015843,1.4142712997814304,0.13995886477980368,0.9160074702176495,-0.44369444331455415,-1.4755803379265144,1.367341655572156
20.368060445433564,2.5516898077564862,0.5527970232215984,0.06932388351978656,0.4537132768869531,-1.2291006866534788,-16.862729774480144,0.6338808716604177,0.06534476545066134,0.42767061155145447,1.6061852268997403,21.39439481578764,5.0497702101972255,0.2415665323644873,1.5810127393400708,0.1889437440100828,4.838935983747575,0.628732639748727
15.613074365485748,3.2324089833984155,1.4965097447902047,0.06932388351978656,0.06190899888406858,-1.2291006866534788,-4.7747735582697235,2.069934614188313,0.07164459045212761,0.06398148293415133,1.6061852268997403,6.343240916840837,3.2595303897592505,0.051902218559269395,0.046350755724026485,0.10261272752449706,0.3449197555599908,2.341486957287373
28.831609220561205,3.2324089833984155,1.4965097447902047,0.06259119547585854,0.05589643935284505,-0.7965685634739444,-5.429803559933086,1.2694128946652055,0.091999840429667,0.08215953477085695,1.3144948644297367,10.863174663257608,3.3376234181029343,0.06627904150546837,0.059189833261837,0.10261272752449706,0.7197698866211842,10.233447077646952
9.667756724128948,0.5743725119040114,1.4965097447902047,0.06192142063108849,0.055298303645320665,-0.6308345562560207,-1.4341583085468914,0.46629711637625176,0.091999840429667,0.08215953477085695,1.8808510541747614,5.212056368793453,0.8366033455746799,0.1380656970139989,0.12329818596974823,0.10649820376654233,0.36153166382240104,1.4679484993111962
7.449412184953695,0.5743725119040114,0.9187155442577118,0.1689270545551628,0.4002829357622968,-0.6043559630487251,-2.848382800561244,0.46629711637625176,0.091999840429667,0.21799922051458312,0.1274435962064211,0.4432691359983108,0.8366033455746799,0.12379609878303652,0.29334238963251186,1.0395789891650984,4.194371668106707,1.4679484993111962
6.824296413193506,1.0515748485802376,0.7931302482615606,0.40493536758937393,1.2874390548980825,-0.23627571517615203,-1.8295332562754303,0.33085267362829257,0.091999840429667,0.2925014634277478,0.49763776750982824,1.8366873585630854,0.8366033455746799,0.12379609878303652,0.3935935094188215,1.1302552761806695,4.839030831884677,1.4679484993111962
1.7023194254521803,0.8096133268404505,0.7931302482615606,3.7861551211781723,12.037585158158148,0.9160123391849413,5.410184366702637,0.47075446872737997,0.091999840429667,0.2925014634277478,0.774642484702008,0.7131918776694723,0.5000611600085642,0.08880481864192943,0.2823433094110435,-1.0144303334219917,-0.9175971001130643,1.2574325600186071
0.5943768535641513,0.5704563885682323,0.6961012054492467,3.7861551211781723,15.62728840786796,0.9160123391849413,2.1523110044420712,0.4725779938591293,0.18250206713457093,0.7532740595310141,-1.2552898082462267,-0.6475635531731674,0.5000611600085642,0.27273756730234394,1.1257194931220187,-0.8549251438583708,-0.5391443669320446,1.0890541240023146
0.6675196740898912,0.5704563885682323,1.0895573207956588,3.7861551211781723,6.378642068304758,1.3693586596588077,2.308582500692657,0.5233153657527663,0.18250206713457093,0.30746636778445174,-0.9106121854151703,-0.337051556169041,0.601231247687343,0.7659111527669541,1.2903520704410094,-0.8549251438583708,-0.6482555923290158,0.6501685907068655
2.023947581133133,0.8376420871229417,1.0895573207956588,3.7861551211781723,6.378642068304758,0.12477313047447458,0.6377999019738608,0.16573633780257652,0.18250206713457093,0.30746636778445174,-0.9106121854151703,-1.0219544206776805,0.601231247687343,0.327448874991661,0.5516623335260815,-0.8549251438583708,-1.2851801720962055,0.7561494661256115
1.6304062289681265,1.3109223439441402,0.794718585173439,3.7861551211781723,11.989516232409136,-0.2591098005136275,-1.4627849919050593,0.41789819934715844,0.11671792402956788,0.3696075305890106,-1.1814533584519,-1.1710698843964833,0.601231247687343,0.6976972461624419,2.209379222573617,-0.8549251438583708,-2.0718535258216604,0.2943079248284387
1.6304062289681265,1.3109223439441402,0.794718585173439,2.3859930885057263,7.555660544661873,-1.0446139291802679,-4.681530503218087,0.915463414382274,0.7207741953594158,2.2824563808347667,-0.46327339161724945,-1.1411281690331825,0.18754228042287202,0.6976972461624419,2.209379222573617,-0.408706571700034,-0.9904728591576883,0.2943079248284387
0.4397858658041225,0.5405262787069395,0.794718585173439,2.0329338746107095,6.437637367978429,-0.5881659157974065,-0.6563029792282694,0.24830863210356016,1.1182672110100094,3.541186889987558,1.3622177523207561,1.127358976145018,1.3226759473911396,4.266173010671342,13.509576053976678,1.104502786260115,1.7853729214983092,0.2943079248284387
0.4514617327114468,1.4559112660263704,0.9395803890140393,1.2506961959091858,2.833439457327849,-0.5881659157974065,-0.4469693736895526,0.6575982870730092,2.2986314995687196,5.2075261842465945,1.3914537882483176,1.4335256320812593,1.3226759473911396,3.575979646037321,8.101345363346047,0.7936103249050027,1.019780790131611,0.6315532981138277
0.4514617327114468,1.954415944999271,0.9395803890140393,1.2506961959091858,2.833439457327849,-0.5881659157974065,-0.4469693736895526,0.6575982870730092,1.944437903421646,4.40510420987862,1.7101729632937361,1.620462830131032,0.6018172681208629,0.43556718663487587,0.9867730124751685,0.7958880979491579,0.35692879505782316,0.6315532981138277
0.45199794865270826,0.38565872311118077,0.9395803890140393,3.047509048305722,6.904100621938779,-0.5881659157974065,-0.6985377379298867,1.3173611390647804,1.944437903421646,4.40510420987862,1.5982018983878956,1.5161640661086935,0.41448117748992486,0.21744256119616276,0.49261390145010836,1.2127880685823675,0.3847465296116583,0.5802756366159548
1.3300935113007735,0.38565872311118077,0.9395803890140393,2.056937580669229,4.659971079620899,-0.1537999810911631,-0.44160101973916904,1.3173611390647804,2.8043392946095707,6.3532020286553,0.4364849665555448,1.463348605580702,1.1328067466522824,0.1836663125392922,0.4160941551056948,1.2406637464616739,1.0644666864604888,0.391168995437837
0.32512575555260803,0.6163835657898382,0.6020601707650595,1.1117820013936024,6.134368198435719,0.581801682124278,0.4685018033289216,2.2480134385196453,2.8043392946095707,15.473222056943795,0.41073812568914214,0.5252992376243887,1.327133857296195,0.174686970150591,0.9638527994064012,0.10710742296051046,0.03418820513657199,0.29751115086395047
1.9632605934939902,2.4480576229814743,0.43594605409401155,0.2854788669653186,3.004266519960676,0.48079715765706776,1.6360970820235763,1.8920047505547695,2.66955051629174,28.093292245037976,-0.9866212256886014,-10.266672829305744,0.6137677547346923,0.1383025609748889,1.4554413711196195,-0.32446775129553507,-0.7685052634305529,0.29751115086395047
1.8486419880331872,1.4613677647019776,0.28224221357920737,0.13792462880394354,3.4628037594922345,0.20785978785526538,0.7150513530617318,4.6629923358055345,2.6211433349635307,65.80771739746173,-1.2171985871892606,-18.253773867524245,0.7711532663299482,0.1383025609748889,3.472292310983955,-0.03273228048225141,-0.11275536527045363,0.29751115086395047
1.989919329749842,0.8129243476225384,0.28224221357920737,0.11139382200604594,2.796708238200571,0.20785978785526538,0.6917187233458163,9.39091349658709,0.23873518684178877,5.993803352510384,-1.2171985871892606,-5.929910729912858,1.4117073431432092,0.06680503826342947,1.6772402409758154,-0.7061797399989224,-1.8199035040516802,0.27604927759368714
10.637051632879954,1.743326357741015,0.36742872283193295,0.272887434647111,4.042661028915729,0.9588354106343312,20.506851940817626,9.39091349658709,0.3072437931618799,4.551629541308843,-1.7277640975527642,-39.20930698409095,1.4117073431432092,0.31525828950823476,4.670359420123875,0.1644931606445631,3.7813272534108835,0.3171018738043775
10.637051632879954,1.491328273652977,0.6415485935689804,0.8658354057863354,4.207326562666743,1.6773109432511748,36.59636571171771,2.5867128404380066,0.35319271754273346,1.716258185247622,-1.7936698940192333,-24.99511256006324,2.2168229341448433,0.9115625717487756,4.4295271318552025,-0.31000349844208597,-6.940113057752764,1.5409335918263256
4.967887239794176,1.5990810838177498,0.6528800552528309,2.2439624169826473,10.528797459406194,1.6773109432511748,27.038008226840127,1.8207524526222207,0.1450088879744567,0.6803898317288902,-0.9032095953860625,-3.7011712480055956,0.5545769239004743,0.955741229172192,4.484391427147393,-0.5750793770994215,-6.0499429623140895,1.5409335918263256
4.967887239794176,1.5990810838177498,0.8353688759222346,2.2439624169826473,6.431155252148679,1.8822527699818958,23.713418811413696,0.8373671622542617,0.577072131815963,1.6538781769737476,-0.8121240385329417,-5.188548177972136,0.5545769239004743,1.0830871810985616,3.1041080548145326,0.20668279094112196,1.8090245578467912,1.5409335918263256
3.2735628210640564,2.1260771620580927,1.008500584027215,2.2439624169826473,4.412586850159335,1.0958108599302343,7.535341044968149,2.09643850851671,0.3557893524267577,0.6996335616244668,-0.8121240385329417,-2.223711092808692,0.5545769239004743,0.5342465486524463,1.0505564966175742,0.20668279094112196,0.6934812182209255,1.5409335918263256
1.868059198777306,2.850747496362504,1.008500584027215,2.0776376207126925,4.0855213862630615,0.5989812982448368,2.2616616908917937,2.09643850851671,0.21907547490001958,0.4307957889223924,-0.4491977038664409,-0.5507618971428138,0.403878491599335,0.36983282578568555,0.7272490178394125,0.3272947875016686,0.5214003224172953,1.7907743156703864
3.3584986313637715,0.42673908877707406,0.8674743993268167,4.270236086111709,11.34928620676126,-0.013920816707519323,-0.15750493470760962,0.5415769974844938,0.26498024412491017,0.7042553547547354,-0.4491977038664409,-1.2660410347214635,0.403878491599335,0.6928738169571335,1.8414961363360813,0.3272947875016686,1.4916594040515196,1.2384072007578526
0.7071820643148796,1.1603058357257243,0.8674090555469512,4.270236086111709,11.35099620318829,-0.051968651147374055,-0.12381967834825253,0.5415769974844938,0.3823856163419636,1.0164444287677956,0.222432120224823,0.15858808647784967,0.6428390424514637,0.14788249084737093,0.39309620317854765,0.3272947875016686,0.14511748757415044,1.4702053455221684
0.7071820643148796,0.8075178309422025,0.7585176320189035,8.12729232202564,28.25169540260577,0.01994402468398334,0.07496633824468234,0.2908707520753532,0.9525259145662022,3.311123918661471,1.0193279725301094,1.3116951027025188,1.2893818519902367,0.44289807697896055,1.53958059700882,0.3272947875016686,0.28719147281222906,1.4702053455221684
0.7071820643148796,0.8925909026919385,0.7585176320189035,8.12729232202564,28.25169540260577,0.2768677799625476,1.0407008600623713,0.3122682101090722,0.9525259145662022,3.311123918661471,0.9649572589632209,1.2417295953897853,1.9197858378086354,2.497255458901335,8.680837082256044,0.3272947875016686,0.6819477944173503,0.4834135730769942
2.8707349348874422,0.8925909026919385,0.7036956538811834,1.2436685167823742,5.023019897354558,0.33800202986994027,2.1746774547641703,0.3122682101090722,1.6032430239024538,6.475295869185459,0.19256330244303455,1.4066836133664327,1.9197858378086354,3.00795741638956,12.148759696844406,0.3272947875016686,3.2749008359071965,0.7753212070692225
11.042467157585433,0.8925909026919385,0.8716898160172694,0.23157099446280419,0.6095231599524285,0.7848315391706985,6.766088430031908,0.312464708873916,1.6032430239024538,4.2199315867155125,1.1236132109304768,25.487994115135574,1.9197858378086354,1.0042240056018092,2.643240318652332,0.3272947875016686,5.875888284284788,0.4415203742704357
5.312282750943314,1.1547480888923844,0.8716898160172694,0.2741157520245327,0.7215061616603562,0.7848315391706985,3.5414217651739484,1.5263384143368752,1.7938826772092051,4.721718454130943,0.3633002733568512,4.193696054921798,0.8606562396640605,1.0042240056018092,2.643240318652332,0.7962037529316102,6.876599448705558,0.856831859765084
12.758980600306401,2.007566564493406,0.85752382052638,0.2741157520245327,0.7455411219868792,0.9933684619463932,10.943648770824563,1.5263384143368752,1.6354599552600837,4.448130547054769,-1.5471715243187956,-41.63352692709721,0.8606562396640605,2.473459460369274,6.7273249627322755,1.7393423293392842,57.56019369744393,0.4410473729356481
12.758980600306401,2.007566564493406,0.85752382052638,0.9422239661586966,2.5626645229421654,1.8319806935001508,37.418187590267,2.299624053713606,0.40318149066628484,1.0965746356990915,0.31754231907608643,4.242644935287488,0.36113277956093,2.51239393290105,6.833219097311998,2.1796769381166277,72.69771813965544,0.4410473729356481
6.07078533263054,1.8500947312708043,0.4833496347620878,0.8370502963404928,7.165702287599957,1.8319806935001508,29.771118336411448,2.299624053713606,0.6361672950173505,5.446011382030235,0.0077201749422883825,0.10937329356464567,2.21264750303064,1.4017772422179011,12.000137190299032,2.7168796654420513,57.135809525391814,0.4410473729356481
1.6134273250510631,0.6302177077411077,0.2965090930820992,1.6945941008824719,38.54958019639378,0.7384169923365438,7.397090232510789,0.7622633450665162,0.6361672950173505,14.471891613940597,0.6208689238690454,3.8107633638722795,1.6721193054370833,0.38745159839397797,8.813966988750598,2.7168796654420513,13.01384173946053,0.32193785849747164
1.6134273250510631,0.46192328914957903,0.44296833975831396,0.7827300794412377,7.978048004849629,0.7114434316516455,3.2421873324360195,0.7622633450665162,0.5800972203165677,5.912694034282162,0.8844818795391909,3.4700125924061083,2.137131933879737,0.23415827286979207,2.3866796367675893,1.698320827581451,4.233174851630775,0.2453683331857902
0.8894730973023378,0.24666325913400788,0.47474060144102215,0.39181797441699484,3.4769752515367736,-0.0018460430879309042,-0.0030617903531305925,0.7622633450665162,0.9193656185533567,8.158409546116953,0.10314664607448942,0.2620539313929487,3.253270771258362,0.23415827286979207,2.0779100829212696,1.8516503121714962,2.3741336580532417,0.8415288856459773
1.8035733312612798,0.6071487733593139,0.4982746349563633,0.39181797441699484,3.1562892160255047,0.013147638735324157,0.04212791474888742,0.7622633450665162,1.193414138847491,9.613546142954384,-0.5484596665597707,-3.0670461283267874,0.3295822581573796,0.35047575559990746,2.823257022663015,1.8516503121714962,5.61135811608756,0.6997459105772439
2.4602040943806336,0.3723032992672336,0.6800763075607701,0.47556191958030597,2.0564671508583223,0.6049156499921932,2.134159360831418,0.2751178211840388,1.0382072838361496,4.489508278701339,1.3549679614131487,7.063168250472741,0.3295822581573796,0.8400386958957925,3.6325700448936895,1.8516503121714962,8.682346387886641,1.063189024942859
2.4602040943806336,0.3904692942032357,0.9298864269837119,0.21347467304086634,0.4937607175345878,0.16946443643171072,0.2929597634977618,0.2751178211840388,0.5033928299641259,1.1643329926884185,0.5030340261961157,1.3353868689354182,0.39015231758144403,0.150292636611835,0.34762250264423006,1.0688894480359907,1.5504503651639832,1.063189024942859
2.4602040943806336,2.6061728539240123,1.6124383879029245,0.2549565608442064,0.1961236331533017,-0.7830279841071158,-0.8531264073753451,0.5696502702499803,0.22467455325489735,0.1728294008812393,-0.263891172191532,-0.2699011974778247,0.39015231758144403,0.3897167775554428,0.29978703062940765,1.1414857760150683,1.5376166083654639,1.0082505781619355
2.4602040943806336,2.6061728539240123,1.6124383879029245,0.46121561240954356,0.3547870322429484,0.7649267532150524,1.1209206148103446,0.5696502702499803,0.22467455325489735,0.1728294008812393,-0.03967677162048344,-0.04058039563616098,0.8347810930450732,0.5448770851678162,0.4191430619053294,1.0441910394481824,1.6631531390520828,0.8112810542175812
13.398645203164575,3.1398115101983044,0.917065854914582,0.43355660426598097,1.031038195788765,0.7649267532150524,10.406821725584463,1.2528876070031802,0.5200971777538275,1.236839781725846,-0.03967677162048344,-0.5912265622635468,0.8347810930450732,2.5347599106616174,6.027896379230195,1.8250509708689648,60.03697118330497,0.8762550370445766
7.537001164356604,3.1398115101983044,0.5311628484477828,0.22686771917040713,1.6082268853127784,0.7649267532150524,7.311257704000001,1.0529653847036773,0.2053684829584129,1.4558224365165688,0.20682726126932094,1.8808777446340497,0.6170405097737932,2.5347599106616174,17.968484238504956,0.04548014567749914,1.4530352525419632,3.076922968144662
9.287118296659095,0.81040810126338,0.7031185682741046,0.22163705220755264,0.896634048840428,-0.1935875687451699,-1.7024174274878974,1.334930988827314,0.2053684829584129,0.8308194525470382,0.20682726126932094,1.7508223701655858,0.41823583259498115,2.5347599106616174,10.254386705191344,1.3834994454547493,41.144786440849145,2.143604999250402
2.3476637042038204,0.6571525506711027,0.7031185682741046,0.3154767364358848,1.2762630647179884,0.2413219347437121,0.6400336158366504,1.718388705185744,0.14780163059950094,0.5979323996131539,-0.18290818166992517,-0.3320435599123071,0.41823583259498115,4.188401586746894,16.94420420904049,0.8909617701343573,8.610047424388007,2.513640248869443
2.4049660320617656,0.6571525506711027,0.7031185682741046,0.3154767364358848,1.2762630647179884,0.22939786151924452,0.6232587899969395,1.8321314979624843,0.4458783581657906,1.8038036221404492,0.08356424654425765,0.26991316999797843,0.41823583259498115,1.843128379445386,7.456387119998421,0.14716140513819953,0.9664226423157453,0.9709412502874067
2.4049660320617656,0.8900219975875774,0.8342365244391756,0.2392730303123325,0.6876150049516724,0.8171674090892718,1.629643680167471,2.0209874782208184,0.442288667307667,1.2710346994136557,-0.31286535156894024,-0.8482915089153545,0.3645689658383508,1.843128379445386,5.296722025480969,0.14716140513819953,0.8145288352958792,0.42469281009446264
1.933225826106911,0.5987707865675275,0.7217430195006929,0.17970434125506715,0.6899591525513205,-0.8712253959050373,-1.3990228402551914,0.6954157238102383,0.5161013851816837,1.981526277348497,-1.0250384080526582,-2.7894761009463904,0.3645689658383508,1.4004930321632434,5.377070909232329,0.19207485807104782,0.8610452813335394,0.8850317871618005
3.004613609806971,2.285412469513645,0.5436141234958041,0.17970434125506715,1.2162058876137534,-0.8712253959050373,-2.8868399539297056,0.6954157238102383,1.218599337882527,8.24725590391468,0.31479135980859607,2.716227669632443,0.9697139070687506,0.94488828435959,6.394829899764529,-0.24007964556368125,-1.8241412730505204,3.707399003459572
4.430914154404238,0.5458743391467492,0.5628809116709572,0.28382948809771774,1.7916553355265346,-0.8449296807572647,-5.011193075268281,0.6954157238102383,1.0488138611025255,6.62056984569404,-0.908737800478773,-10.360473767711023,1.6653092014466468,2.0337617511873862,12.837989868939092,-0.882855656729387,-14.016240936252412,5.923789260065947
20.758342705383978,0.5458743391467492,0.6840852758885352,0.28382948809771774,1.2130173812064675,0.31362470785863505,7.17028568029019,0.6954157238102383,0.7931947062624825,3.3899189679900155,-1.2074412012274076,-46.14804709643406,0.7860010656465259,1.9379546634408185,8.28234129758396,-1.556997046096152,-93.01586467936716,2.0742160959402565
10.614412089545361,0.5305704471671727,0.6840852758885352,0.28382948809771774,1.2130173812064675,-0.16084973385601498,-1.8803980973232977,1.7796632344884775,0.5381039818920808,2.299723990295118,-1.2074412012274076,-19.43568239275174,4.6490250202599235,1.0822956361559175,4.625465194120523,-1.7727081030146907,-40.46792002075999,0.7655305537240203
6.916380487139891,0.7465544063485829,0.6840852758885352,0.3644236615019136,1.55745704397188,-0.16084973385601498,-1.3883765257948646,0.7472579674337264,0.32333666130642125,1.3818613167174698,-1.2074412012274076,-9.816961724753318,2.2505978608074106,1.0822956361559175,4.625465194120523,-0.8369272067815703,-12.44928105349925,0.5333525944935573
2.103127388290554,0.6322410308495013,0.6840852758885352,0.6990927815612821,2.9877505004619365,-1.001513620569066,-3.6407813939436173,0.7472579674337264,0.3535984641439128,1.5111928145633966,-0.8754501365200134,-2.2633771848786908,1.830886311202176,1.0822956361559175,4.625465194120523,-1.2489075994178118,-5.6490262908760664,0.7680845418221062
5.4295153087732695,0.6322410308495013,0.7739067874240535,0.3824683485324322,1.277168460300551,-0.32189889036920993,-1.9751706980006623,0.8189247720159364,0.2784282917573285,0.9297497009943191,-0.8754501365200134,-4.583270614176229,1.0498380703922987,2.499657474693032,8.347053293383178,-1.2489075994178118,-19.591061293846245,0.7680845418221062
3.5081459416280065,0.8665761515691972,0.6006088333277607,0.16920042378468106,0.9380975715491947,0.5085952718100403,1.7281203178980684,0.8189247720159364,0.2784282917573285,1.5436894217270172,-1.9568790048522553,-8.529461041537246,1.0498380703922987,1.4563016678199514,8.074170427394794,-0.10054937140639009,-1.0023190117743417,1.3999443589273537
1.5604780413133346,2.4381918691501157,0.36166523035385545,0.7911289003828337,12.096611365522977,0.5085952718100403,2.7603353307931306,0.719792727212454,0.8227543703960232,12.580174814938653,-3.00877500867648,-16.6529321635212,2.971115899554684,0.8555899736358281,13.082241584528564,-0.7614645077519882,-4.297821851265423,2.6937811730459913
1.5604780413133346,0.4448200294477811,0.4004441507624784,0.8943361273823645,11.154416626340037,0.3848161879133426,2.005554303393036,0.719792727212454,0.8227543703960232,10.261628427558366,-3.00877500867648,-15.0402660034343,2.971115899554684,0.9688727156054139,12.08405832758642,-2.015784492152112,-10.934732619220824,1.03828036426606
0.8055947235528084,0.4448200294477811,0.3560465250938086,0.10111417033014156,1.595249125719556,0.4583563371753584,0.4663737638183722,0.24955456327061948,0.8227543703960232,12.980358596335646,-2.5580381601030866,-7.4244959921921305,2.971115899554684,1.084397707093739,17.108230117751454,-2.015784492152112,-6.716812952598721,1.03828036426606
0.8055947235528084,0.22382676583331898,0.691180306049427,0.10111417033014156,0.4233107601558793,0.6143313119509889,0.3219948447347881,0.5176873279952502,0.9927306802041248,4.15603052960028,-2.827070413331775,-4.6429349940565,3.2719217161149636,1.084397707093739,4.539791170736698,-1.6868729828960056,-2.895455759159073,1.03828036426606
0.49611814237165947,0.669594256313419,0.8195626992111074,0.0827279655036158,0.24633037696131807,0.3190959128895318,0.07857155281580935,1.3392156099652004,0.9927306802041248,2.9559499159333202,-2.4374836935715085,-2.079099928906446,2.4890304835540036,1.084397707093739,3.2288971974382066,-0.20811160247375948,-0.18552759346292383,1.03828036426606
0.6578945215260901,0.669594256313419,1.09953035470293,0.0827279655036158,0.13685727640395498,0.758259465471112,0.18454745342324155,1.437580683420764,1.0815939557077852,1.7892861507234539,-2.4374836935715085,-2.1450523181501726,2.629957511099172,1.084397707093739,1.7939244103018146,-0.23549614989418738,-0.2075114910208455,0.9844925518952014
3.004670846445394,0.669594256313419,1.09953035470293,0.24761783926418043,0.4096353979507314,2.1599599544428587,4.153759444875666,0.7915374063906876,0.7016143086111033,1.1606839691756077,-2.4374836935715085,-7.890338140024885,2.1349555451773448,1.084397707093739,1.7939244103018146,-0.23549614989418738,-0.947725975778662,3.229874271894528
5.73501363383637,3.2090556868459914,1.156644426962866,0.24761783926418043,0.3701793478465249,2.1599599544428587,7.536787094045521,0.7915374063906876,1.1321787284123679,1.6925645768286337,-0.8268262791056824,-6.169093460917145,3.7181834243940033,1.084397707093739,1.6211337487278348,0.47421865721619033,3.462760976862674,3.229874271894528
4.746317578039564,4.6503638946245305,1.156644426962866,0.2611167323158751,0.39035968477772265,2.1599599544428587,6.4052335889191205,1.4934754009886433,1.0722822609053537,1.6030216127758639,-0.7535944751315218,-4.528602358383977,1.1949789429836073,1.084397707093739,1.6211337487278348,0.06198672698303104,0.37459754133480605,1.3791598566016139
2.7227190119927043,0.6163006334865679,1.156644426962866,0.4207867587156363,0.6290603632867576,2.6647221653129822,5.754411550839914,1.8536565736423058,0.8448255232886684,1.2629823529048858,-0.7535944751315218,-2.3058931062902324,3.3694490386189924,1.084397707093739,1.6211337487278348,-0.13417598588148277,-0.46514359213593537,2.671366799663325
1.0468085255217374,0.8608586916123395,1.156644426962866,0.9141073250581133,1.3665560383584738,2.3414721912118948,2.8652991962193206,1.1426032377188644,0.6999647488392136,1.0464209485505314,-0.7535944751315218,-0.8069714490470037,2.342135000938324,1.084397707093739,1.6211337487278348,-0.13417598588148277,-0.17883456783274101,2.531823411933228
1.0149958173913078,0.6142903128996272,1.156644426962866,1.8381916090996295,2.7480272548032376,2.3414721912118948,3.9397056443215934,0.394048957701286,1.0731745702628372,1.6043555816733073,-0.027680886537662874,-0.03558726092473183,2.342135000938324,1.084397707093739,1.6211337487278348,0.4291386434355255,0.5545890623287054,2.531823411933228
1.0149958173913078,0.6142903128996272,0.8875534611754391,0.40738325547620824,1.034294287770761,2.0868846042643763,2.154193696770127,0.44602164873017763,1.9780719929768218,5.022073282672601,0.23784260031649263,0.5409977012959992,2.680874472600516,1.084397707093739,2.753147899531839,0.4291386434355255,0.7227309410156909,2.5591500300504255
1.7301008597839995,0.9518750687213257,0.34250747651319036,0.40738325547620824,6.945332756412286,2.0868846042643763,9.51516636664393,1.050178300526622,0.2846838105117017,4.853473400756068,0.698675347353189,2.6630122755444763,2.680874472600516,1.084397707093739,18.48751222544141,-0.4867817432185156,-3.6211368724305713,2.8623869902225536
1.6909870464646848,0.3059259382574353,0.6332677158985807,0.5806136982239418,2.895626730426816,1.8726972021808113,5.388639508595144,0.7676217659456571,0.5779196198872953,2.882190868907668,-0.5001772963796276,-1.435904724540186,2.5028046970908506,2.4461474601760655,12.199384881752357,-0.4867817432185156,-2.87503760120617,1.8961331123520584
0.4950498812420241,0.3059259382574353,0.778655213020393,3.6360729070863025,11.994224884982627,1.9140720382294232,3.2816581090879917,0.7676217659456571,0.24413600338915248,0.805325471187224,-1.156325953284819,-0.5137063707403654,0.721474625758083,0.7748218000847071,2.5558857463752305,0.4823347379816331,0.38174048401685484,1.8961331123520584
0.4950498812420241,0.3059259382574353,0.5634689364255602,3.6360729070863025,22.904595205655706,1.9140720382294232,4.534908721325028,2.214225915610885,0.7417127407311239,4.672246822173147,0.21962776375204807,0.23501689758878172,1.6948075889077312,0.8415702023005135,5.301275665641522,-1.3611192361339184,-1.5514412216731182,1.0007261545593769
0.4350197070768619,0.4072867017642824,0.9646673138943793,4.907107094777145,10.546306895910698,1.9140720382294232,2.7040667816872883,3.0435562626171633,0.2670414235302096,0.5739228331633468,0.21962776375204807,0.07238072399240404,0.4783340040896634,0.8415702023005135,1.8086945029916743,-0.9213423080980383,-0.5390295266984667,1.1566774827280177
0.4350197070768619,0.6686661751936065,0.3052380180235163,4.907107094777145,105.33635401234503,2.3025865129394347,10.280495071231705,3.0435562626171633,0.17988572263295577,3.861441332959552,-0.055636065180836636,-0.047559804349781,1.1660696607491228,1.9738556473251396,42.370943454077995,-0.8309805691753617,-2.3530646938244426,1.1795113500600396
0.4736715477799668,0.6686661751936065,0.3052380180235163,4.907107094777145,105.33635401234503,0.8851376545736933,4.303058556625331,4.635606336788969,0.585446096557118,12.567232809677812,-0.42423881575490086,-0.7123731311126205,1.1660696607491228,2.021821900253176,43.40059088208115,0.1817686947617697,0.56721043029143,1.1795113500600396
0.5703863535236383,0.7029517892404479,0.36967459192979785,4.907107094777145,71.8151922931637,0.8851376545736933,4.278466213371299,2.2610141122722216,3.152838960945937,46.14159256697327,-0.8058890621921708,-3.122415383173286,1.9785276234129294,2.021821900253176,29.589231648062412,0.4752397360249292,1.4745133753177604,0.73398082674277
0.5703863535236383,1.1366444645322882,0.36967459192979785,4.907107094777145,71.8151922931637,0.008201036279625096,0.039641129778743296,0.8746474279234673,3.276833607237374,47.95624612858395,0.9257245049144458,3.6565665061990376,0.5668109616339085,2.021821900253176,29.589231648062412,1.27014870595456,3.940855769422238,1.5162468428482918
0.5703863535236383,1.8458275506353807,0.9402907039336499,2.8483079180897732,6.443067004106893,-0.05190203610273847,-0.0751449579585096,0.8746474279234673,4.017463040573883,9.08777572556139,1.1146680988288855,1.9166530247935074,0.897376330101432,2.6949308468366056,6.0961175957576055,-0.46276508495186763,-0.6517129923750673,0.8567030959219438
0.9771315774997009,0.8291067767753029,0.8259047947296991,3.735903326056485,10.95382126888443,0.23802948365358823,0.7697800084927415,0.8350395879231116,4.008812530437921,11.754002212159328,0.31646778984635804,1.0601698432833018,0.6258323352759827,1.6176280866141666,4.742951675626731,-0.46276508495186763,-0.9847771949547338,2.4303094210763323
0.9771315774997009,0.8291067767753029,0.7655494793348652,4.434841445467249,15.134272949758692,0.9605863988576047,3.6514912360545666,0.8350395879231116,3.38886514474146,11.564790020365004,0.13076486436719814,0.43452322278871525,0.40876648016208267,1.6176280866141666,5.520293181853616,-0.35272710966228904,-0.8097910264193093,0.6192255827052684
0.235253749801451,0.9997321707836546,0.6461174824222253,4.434841445467249,21.246388027390868,0.2983996125054663,0.3235767910889926,0.8743576261260053,3.38886514474146,16.23533664574816,-0.7918199928141956,-0.7505742601553225,0.5064835089706438,2.5492020335800043,12.212688149429045,0.02285218972030839,0.01878754393755126,1.6901854210103828
0.235253749801451,1.3467707992272009,0.8482636477220253,0.6980351786210693,1.9401959528501131,0.2983996125054663,0.09778170519093528,0.8743576261260053,1.7478834063797148,4.858259891444147,0.2816071267048821,0.14602276500583272,1.1931133603740196,2.091390461608602,5.813041281756201,0.2848953960998051,0.16159342620401781,0.7731159602054799
0.235253749801451,2.2804118283680155,0.5852091702244228,0.19105824045903097,1.1157670286223271,0.2983996125054663,0.07415177839026825,0.8743576261260053,0.7113407210801296,4.154181053854269,0.2816071267048821,0.13502771124160617,3.63284629926614,2.601431233293527,15.192180093167156,0.2848953960998051,0.2612354047219589,0.5029094990477332
0.40364202668913546,0.8677863419790198,1.0003097978771638,0.31334386229818867,0.62629961190697,0.5298544840518278,0.16925599625130072,1.9809496923124392,0.7113407210801296,1.4218003642341799,0.34928482590298726,0.1681107197404957,2.374642545242691,2.601431233293527,5.199640292503743,0.2848953960998051,0.2622215978600944,0.8329596856764869
0.438131373165285,0.8677863419790198,0.9609711705600276,0.151105466146557,0.327257382791287,1.25677165756484,0.31499630336186446,0.5989636577726629,0.7113407210801296,1.5405895537079108,-0.4089006430783637,-0.22236458516985766,2.374642545242691,1.2182655585844082,2.6384644342410044,-1.6852214991375392,-1.1993252187576662,0.8329596856764869
0.438131373165285,0.8677863419790198,0.9609711705600276,0.151105466146557,0.327257382791287,1.25677165756484,0.31499630336186446,0.5989636577726629,1.4277358197076226,3.092125649655299,-0.4089006430783637,-0.315029129352751,2.634394868342473,0.415367238576543,0.8995835747064457,-1.6852214991375392,-0.7002967361772987,0.8329596856764869
0.3034323083490243,0.8677863419790198,0.9609711705600276,0.3393751852308896,0.7350034233390953,0.44134284229609966,0.11481075938925392,1.1910481569828024,0.35992438099536517,0.7795079419104196,-1.0660055411949405,-0.28558247647328483,2.109011742270472,1.6346009814349216,3.5401448586487834,-1.6852214991375392,-0.9621201904472119,1.6857306814115884
2.3540046086146718,0.586449744585197,0.2982416619390009,0.26603753941067443,5.981860715669831,0.6421057698497317,3.6968517028457257,0.5727764424446621,1.8339523104148325,41.23646348701057,-2.103476791865579,-31.796970184091123,3.348670510994286,1.6346009814349216,36.75404387779637,-2.9684389008150296,-42.363124861512965,1.6857306814115884
4.913529030523173,0.43357891093197326,0.2685671021866776,0.7123185016769102,19.75143228005815,-1.311413862061284,-28.637334566689866,0.8960385494238323,0.6702818653350078,18.585824796841166,-2.103476791865579,-44.557638989515375,3.0416718485477445,1.6346009814349216,45.32482381648488,-1.5806193538554756,-52.28641721298316,0.6817499959435539
4.663090118762196,0.33717950309411965,0.31761899364709306,0.7123185016769102,14.12184009937422,-1.311413862061284,-22.980486765255076,0.8960385494238323,2.0126783883675987,39.90170451150975,-2.103476791865579,-61.95940770287885,0.9226043817862802,0.5299508215129194,10.50636863189601,-0.4683555893716551,-7.079063915213468,0.6817499959435539
2.828942515102918,0.33717950309411965,0.34947097006492,1.4028916769645565,22.973751721396145,-1.2785905508216673,-17.336905213285245,1.4031264573208198,1.6213217553840478,26.550762314938403,-1.8403366396346597,-26.826245373969105,0.9226043817862802,1.747806952546114,28.622083689030898,0.5143021073969477,7.783824762103764,0.4431822306998272
1.3699116903111246,0.5878001200082675,0.41143595053536497,1.4028916769645565,16.57485205147267,-0.32227878296940893,-1.797418125994078,1.4031264573208198,1.3097375229320554,15.47425651268553,-1.206813718233951,-6.503358659663827,1.2894885767829516,1.3755390609003437,16.251686997513545,-0.022110800245627726,-0.12210860156112305,1.3368584984061433
1.3699116903111246,0.6063141464537724,0.22482302653071015,0.7354601930249018,29.100978174792,-1.439637783890636,-10.638970429114856,0.2970913565166999,1.3950877201954028,55.20137960199857,-1.206813718233951,-12.283094016199366,1.6514980589838768,1.128700388039172,44.66086087285361,-0.4788594033702504,-4.3839353096172164,1.3368584984061433
1.524649382662488,0.6063141464537724,0.29353161219155394,1.4306629467289882,33.209135119208774,-1.439637783890636,-12.648877925941504,0.28000748060101005,1.7600361317399968,40.854680585164544,-1.2245396885815953,-11.933387893972608,1.8212304170373568,1.3885813663566517,32.23232021545388,0.44374090656855575,3.8410081885751945,1.3085010875007101
1.4974213798675085,2.9470111230545144,0.2759416937462359,2.194619234925302,57.64405522477094,-1.1572063187403587,-13.156249129083907,0.47247387602923974,0.4223944435132028,11.094648329435696,-1.2245396885815953,-6.107643303777011,1.449984788106269,1.3885813663566517,36.472596108032896,1.5150247547725435,13.700836931230757,0.8137301211807875
1.7518314323169606,3.910045976248178,0.2380786604530909,2.578630471885807,90.98675271198968,-1.1572063187403587,-19.337137864099837,0.903199487043974,0.4223944435132028,14.904151330666595,-0.6868032158254319,-4.644920232200867,3.434923433664646,1.3434811665439113,47.40461652271965,1.8408687781010937,22.203705850053968,0.9561725773092593
8.372486084636105,3.910045976248178,0.0752416636417977,1.7270312248860031,610.117393674934,-0.4295906164682074,-88.84150849507415,0.6716415998317603,1.5557031200891982,549.5914140309976,-0.6306476259850456,-123.78304710223202,1.4845503284628037,1.1442445109024562,404.2332695894004,1.6840083562972632,283.47496071781177,0.5097208663821914
8.372486084636105,2.192077264670269,0.08419348188603987,0.7452715223462842,210.27497082542786,-0.4295906164682074,-52.155848076664256,0.20796513511822584,1.5557031200891982,438.93456060137385,-0.6306476259850456,-110.62189359539053,1.4845503284628037,1.1442445109024562,322.8433851728127,1.3320459198134522,200.38701556351842,0.21980291513545694
5.791192517678789,1.1121391546847432,0.08419348188603987,1.7113375359997356,482.846103285833,-0.4295906164682074,-54.66724080000952,0.25627960549108436,0.7744878387462711,218.51822163325787,-0.6306476259850456,-53.98816871891631,0.3511623459304602,0.8733216596790634,246.40373475172657,1.445464132006204,131.40108917243856,0.21980291513545694
3.3769485534841994,1.3564292134279234,0.08419348188603987,1.7113375359997356,482.846103285833,0.14040811464142522,10.418879557840057,0.29819002866106675,0.48017919617694577,135.48037653338636,1.3393560338326447,52.6451879366117,0.3511623459304602,0.8733216596790634,246.40373475172657,1.445464132006204,76.62233929411335,0.48281749699217963
3.3769485534841994,1.3564292134279234,0.09581386875383667,0.47509028118701907,103.50215426100193,0.6001647025006375,20.619094479160132,0.5790226420555046,1.6219367096817356,353.3516684610465,0.8792850711614524,55.815872399832934,0.565153420480863,0.6379452276010855,138.98138516381346,1.445464132006204,57.545329580317016,1.698527244525717
4.208878229191563,1.1087671962348182,0.09581386875383667,1.5126744005438966,329.5480150858553,1.7469874637029852,133.47978534384782,1.3442475153732916,0.6592661442081222,143.62631453204608,0.6180167624018087,31.173360637544285,1.0167009986209614,1.2555061569242807,273.521890628743,2.038308730025659,141.88365590628945,1.1263977067109776
4.208878229191563,0.6711764443432181,0.09581386875383667,1.5126744005438966,329.5480150858553,1.7469874637029852,133.47978534384782,1.2793439143612164,1.109278978371745,241.66514972913743,0.6180167624018087,40.43650655913107,0.7786064938984724,1.4753495002861727,321.41649201070595,2.038308730025659,153.80498225462287,2.9559692704765568
5.9194685193352266,0.7374162247959442,0.24466678916983747,2.1234315293132697,70.94441500945908,1.328821245599303,66.25343264896193,1.4232336115110762,1.5686903026387569,52.41036233822416,-0.4196796957454345,-17.98495082742578,1.0357471560252987,1.8151063513513406,60.64318839525758,2.038308730025659,93.96014822598477,1.0288189380722144
3.4767526812853387,1.5562321852810839,0.8560758047835755,2.1234315293132697,5.794871522227117,-0.31699347374850295,-2.653053606027394,0.762867528534668,1.5686903026387569,4.280975692630431,-1.6581825129415237,-11.928271347738772,1.5612025522081279,1.8151063513513406,4.953448208740281,2.038308730025659,15.772392500590087,0.6874982414271121
3.4767526812853387,9.476227798090244,0.7307370942888806,2.1234315293132697,7.9532740865168865,0.2545574157884829,2.4959307201978405,0.544865206604794,1.5686903026387569,5.875500933991519,-2.0040326523400767,-16.888887446937677,1.5612025522081279,1.8151063513513406,6.798447752701276,1.8471823648393941,16.745127322929815,0.6758776020651395
13.77907097543997,19.39098333728049,0.7908037624434845,2.047890909170295,6.549367493905141,1.2082358543613374,42.60605625157225,0.544865206604794,2.061565597143302,6.593100564108569,-0.9856303354748359,-34.872160015748506,0.5133852078070354,1.8708583950936561,5.983199155608451,0.33881160275686617,11.41944352810791,2.326905492622976
13.77907097543997,19.39098333728049,0.637787379777787,2.0537589062585484,10.097819716981274,0.9583679755137735,41.962952418522335,0.544865206604794,0.4973043171054009,2.445121149957727,-0.36719897531623347,-7.911732387326213,0.24613288385100784,1.0688907340709388,5.255468836633408,0.33881160275686617,10.702468155628702,2.4579883916663
10.865622418137072,4.646809817891219,0.3379054230305729,1.321895294897843,23.154570460732675,0.2561016233958223,13.390145772208662,0.4033705963965046,1.4815982144711397,25.951957302426813,-0.341408117960276,-18.897898482372447,0.43407517731393386,0.8152502726728021,14.280079484807253,-0.5153379107498619,-21.159822193941032,2.4579883916663
13.391991380041697,5.248518174825509,0.3379054230305729,1.321895294897843,23.154570460732675,-0.8098353007421558,-52.18674733857502,0.13954534119568346,1.4815982144711397,25.951957302426813,-0.06792111333599343,-4.63377579012774,0.43407517731393386,0.6178522876010335,10.822418676275403,-1.048888445580098,-46.21007016384069,2.4579883916663
8.906566225729055,5.248518174825509,0.4027228231361693,1.321895294897843,16.301011998869523,-0.027871839681006594,-1.0022665131028774,0.22796758578760407,2.1563720848521912,26.591400517784095,0.7490768222624891,34.40386751963483,0.43407517731393386,0.6114113488476034,7.53964687844661,-1.048888445580098,-25.651638198706934,4.097085814342706
8.906566225729055,5.248518174825509,0.4027228231361693,1.695191801552827,20.904334862341273,-0.3509515044552449,-14.291426720648412,0.19779662960372796,0.32097762546940106,3.9581501986885486,-1.5354316179802712,-27.20739213492177,0.5252912492988513,0.2390583881776079,2.9479593952369347,-0.5240933905931362,-8.014560893333817,3.031313286760822
8.906566225729055,0.6253753082408736,0.4715080495124896,2.586365835953623,23.26707168527525,-0.2351377617365508,-10.101911170572953,0.4025533426595813,0.35436148652718374,3.1878530078436,-1.5354316179802712,-24.416866285407544,1.113943932478647,0.2390583881776079,2.150580779166501,0.7272490383017509,9.498856725252557,1.7236770576406777
8.906566225729055,0.6253753082408736,0.4715080495124896,3.1525238562305895,28.360256516229654,-0.2351377617365508,-11.152898728349545,1.0614902814066787,0.35436148652718374,3.1878530078436,-2.0918305743906456,-33.26487928769481,1.1070945448273186,0.2229668787736725,2.005820785193104,1.1497929686717479,14.50360667775196,0.44752559437923534
7.4130199327998,0.5774367008260637,0.6999174824697721,3.1525238562305895,12.870478532583991,-0.6466682596632413,-17.197846179176516,5.36871456320823,0.03790003495561983,0.15473049801555844,-0.7805440413314844,-2.276043416986506,1.1070945448273186,0.21939500094448464,0.8957009617013647,0.887700091844988,6.227918963322491,0.7764174737520186
7.885872573930122,0.2270425589506591,0.9227126547237424,4.579708798095921,10.75808338371578,-0.6466682596632413,-16.72625652842223,5.36871456320823,0.03018866624647966,0.07091546712704154,-0.4691310239820695,-0.9851772926470793,2.1248035810681545,0.3099619377385207,0.7281241054792676,0.887700091844988,5.973360482835067,0.9096239858650083
7.885872573930122,0.2270425589506591,0.7666333419404523,3.578997856783035,12.179123298765381,-1.3239319742805606,-36.43539143809513,4.656182323300965,0.0629172738636326,0.21410385439463064,-0.36457710385001413,-1.3303055061320537,1.5509721851006835,1.3708464824617985,4.66491152039636,0.185134364418444,3.1532506942302048,0.9096239858650083
6.611806209094331,0.1673918190295633,0.9503677509314281,0.8957383671557955,1.9834798400032105,-1.2445883433907992,-11.589367656479487,6.468794753335575,0.011736642679548723,0.025989055507496393,-0.6422057411101731,-0.6845253689987856,1.4085138835106774,1.3708464824617985,3.0355363367274064,0.185134364418444,2.1326759595264555,0.9096239858650083
2.6252000340453545,0.5167620606902524,0.8216488921998399,0.8957383671557955,2.6536193436374527,-0.845359239204503,-3.6151224900705263,0.6645356032287144,0.0268359605616963,0.07950136631718395,-0.6422057411101731,-0.4753613646162788,1.4085138835106774,1.479400596257813,4.382715068557186,-0.10012660686122682,-0.5502797338346419,0.5292436766477886
0.8818770773907705,1.6491064927400874,0.3786536573293097,0.8957383671557955,12.49472955977914,-0.9285086803676679,-2.894392689560954,0.6645356032287144,0.03297848484847097,0.46001964924346006,-0.5796721605664499,-0.3467198361690131,0.36272772465596403,1.479400596257813,20.63628291318054,-0.45799077626185203,-1.8347653185457231,0.5527159407761618
1.0690166648769812,1.6491064927400874,0.3786536573293097,0.8957383671557955,12.49472955977914,-0.9285086803676679,-3.508600120317799,0.48256331120421564,0.007068002773575708,0.09859216309335238,0.3851063045455967,0.1292665926883175,0.36272772465596403,1.4382237065683383,20.06190302766051,-0.45799077626185203,-2.1929426316024783,0.2328020767291765
0.5021976649105628,2.7722819112088053,0.3786536573293097,0.1387463107688536,1.935383917938589,-0.9285086803676679,-0.6487004828602853,0.48256331120421564,0.0058742787522241035,0.0819408066675244,0.2307794690686431,0.03317584371105909,0.36272772465596403,2.0841682711413116,29.072237898741037,-0.45799077626185203,-1.240139819755637,0.2200855101492658
1.2132166010889274,1.2432873089098933,0.5717218140624345,0.24817352201736756,1.5185039071626993,-0.5628613159854656,-0.8414875656628071,0.4958773955109614,0.0018766010408255943,0.011482393405690685,0.3399444223880332,0.044193914943310056,0.36272772465596403,1.9116270118459886,11.696707460688518,-0.6338428199839748,-2.6299756864787747,0.2200855101492658
1.2132166010889274,0.6481029612469035,0.5717218140624345,0.25869069826616253,1.582855547483927,0.0751034802829953,0.11463547854964543,1.1610595984028504,0.0007367764597198969,0.004508127715219633,0.3399444223880332,0.02769136536536119,0.9707444863330684,1.9116270118459886,11.696707460688518,-1.1407573864458005,-4.733293643050779,0.2200855101492658
1.193866387084786,0.6481029612469035,0.6669528414393373,0.32666757190424983,1.468742851474855,-1.253439373518741,-1.8135600513259273,0.9986945543762784,0.0011556451452150015,0.005195941354024778,0.030738018847821402,0.002645231695351657,0.9707444863330684,1.2689186526411502,5.705234802786214,-0.8924257997620872,-2.544864148227534,0.563743772328556
2.6445535739476402,0.6481029612469035,1.1205553722796682,0.45392501417805725,0.7230152661387934,-0.3217666929395884,-0.7235477378794748,0.9986945543762784,0.0011808659303361281,0.0018808923681859556,1.1736439400784644,0.13460794753994132,2.1045726705064074,1.1587681839657689,1.8456949072089193,-0.9735123719420212,-3.497629486460246,0.694425012996718
2.6445535739476402,0.6481029612469035,1.1205553722796682,0.42283667437313394,0.6734975185465604,-0.3217666929395884,-0.6983312169135157,2.3155208417819146,0.011060225700856595,0.017616812863111248,1.2360523900311964,0.43386330346796065,1.2738066955966523,0.2582777326131144,0.4113867659862971,-0.8609561278534172,-1.4603553608731765,1.0765177347848918
2.6445535739476402,0.6481029612469035,0.5297129164347487,0.42283667437313394,3.0138492008617814,0.15495609633479002,0.7114129979716703,2.3155208417819146,0.0056116600773184035,0.039998179591700586,2.0675089771736572,1.0935027673324242,1.2738066955966523,0.25686242813368576,1.8308360430414758,-1.129826313090966,-4.042860734372695,0.559266582895471
0.8559599100617269,0.960409352030323,0.4123887356497092,0.42283667437313394,4.97266332158064,0.15495609633479002,0.2957717013320081,0.6502450779530509,0.013572521433388671,0.15961619131840188,2.0675089771736572,0.7070323744007482,1.2738066955966523,0.2966828834189494,3.4890637022093,-1.129826313090966,-1.8064234351508934,0.5136543556306671
0.5935163104483845,0.6471385351341103,0.4123887356497092,0.42283667437313394,4.97266332158064,0.7050467549663799,0.9331363431328737,0.8824958743265615,0.013572521433388671,0.15961619131840188,1.1932387058098044,0.2829426798393035,3.2139202344081688,0.9971983258411071,11.727297653646383,-1.0928203135907335,-2.221162801587706,0.45141785509254734
0.5935163104483845,0.7250597104964336,0.6067421727848302,0.42283667437313394,2.2971760468567477,0.051286611082106526,0.0461353479720186,0.8824958743265615,0.05755172803415327,0.31266552574057177,1.1932387058098044,0.3960043806461875,3.59556458715255,2.569354938181787,13.958724438022202,-1.0928203135907335,-2.423283830247878,0.45141785509254734
0.24146929066777495,0.7250597104964336,0.5517558546751314,0.42283667437313394,2.7778496996505164,0.051286611082106526,0.020640503203384394,0.38958717143287763,0.14641435889120213,0.9618774990920953,1.1932387058098044,0.28258501062393643,3.59556458715255,4.619621664484927,30.348868560687524,-1.0928203135907335,-1.4537238576807276,0.49073817836713074
0.24146929066777495,0.7250597104964336,1.003399262710911,0.3024003973606085,0.6007099119186877,1.1439505530704204,0.21409255147798373,0.8397724581506307,0.13291359198975783,0.26402912441200493,0.15132796738916032,0.018776170609928543,3.59556458715255,4.619621664484927,9.176748930859336,-0.8851005116607862,-0.6474390991330297,0.7832365913084661
0.24146929066777495,2.1685060485015577,0.639010815911743,0.3958633604231528,1.938915508885936,-0.3580317707548273,-0.12038237717482507,1.690440059559884,0.17939046693432015,0.8786439798657859,0.15132796738916032,0.03425212923509601,3.59556458715255,4.644277655054779,22.747399414112216,-0.8851005116607862,-1.0193430702177753,2.129581486610684
0.24146929066777495,5.204231233210869,0.824306732889137,0.3958633604231528,1.1651923063562537,-0.7093691923380814,-0.1848983492338705,1.690440059559884,0.09264564642929536,0.2726950893394756,1.027304991089877,0.12953882789036825,0.540117502493551,4.367738896007446,12.856091941322235,-0.7638530261078068,-0.6613421374094755,2.129581486610684
0.24146929066777495,12.082665793732021,0.824306732889137,0.61187073808049,1.8009928368561674,-0.823785319402113,-0.26695124291583,1.690440059559884,0.09264564642929536,0.2726950893394756,-1.0920605817451945,-0.1377042348392228,0.38127035831023776,2.7073135388213574,7.968762006558942,0.804281360740624,0.5482332082328398,1.607606343999819
0.601996451735947,3.170104404772101,1.1097257253342931,0.2838592669224536,0.4610008910691679,-1.3573532830944035,-0.5548016085985648,0.20215615568393447,0.1338615544405781,0.21739750315732628,-1.0920605817451945,-0.30652643819729186,0.38127035831023776,1.8031531259606706,2.928406061265254,0.5350758015253574,0.551219903498004,1.607606343999819
1.3282906411098896,2.5038030215879266,1.1097257253342931,0.20970891675350192,0.34057721115345824,-1.800308705517053,-1.3955579872508599,0.20215615568393447,0.16749104802542725,0.2720133931964406,-1.0537564217109925,-0.7300094649266052,1.2275989052587601,1.8089603126422118,2.937837207423772,0.5350758015253574,1.2182103551908365,0.594427229134935
1.446057310120638,2.5038030215879266,0.7076508654347572,0.6167427032229704,2.4631787622394983,-2.424768499521306,-5.503053720171203,0.12088307807336418,0.16749104802542725,0.6689343711818763,-1.0537564217109925,-1.2462853652212516,1.2275989052587601,1.2936749606786155,5.166745665140934,0.5350758015253574,1.758771250427769,0.6007319295962087
6.79550943715111,0.9633212375162722,0.7245265221542283,1.2783694249924065,4.870547629733112,-1.534421880882481,-23.01207073019267,0.1343880109247023,0.17796412955203478,0.678037781897301,-0.6387431888352568,-3.574170362618271,1.2275989052587601,1.327553397131337,5.057937029259427,0.19327315841439235,2.95379446818286,0.16702265821629034
6.251799099444638,1.5892010208786642,0.7245265221542283,0.3344392008083734,1.2742029220518436,-1.3042071367151196,-9.203878656170202,0.1343880109247023,0.21860635984541393,0.8328834114567384,-0.2639819266776335,-1.5061607088668427,0.2879650721905259,1.327553397131337,5.057937029259427,0.3697201267909801,5.198341611254186,0.18526434331918712
0.5993486417430803,0.345506552458014,0.6665995717275774,0.26507432240947604,1.1930745865582577,-1.3042071367151196,-0.8538073622105393,0.0578800158715269,0.47411787713759523,2.1339599592449767,-0.11735319627429197,-0.10274662881119061,0.44843575996812224,0.5360750019425791,2.4128231489690144,-0.28566611714187307,-0.2659506172823415,0.18526434331918712
1.1248286442633662,0.6309883569852014,0.6665995717275774,0.16698250316047128,0.751572536750245,-1.0663632422307214,-1.0398650573580994,0.07102617801444772,0.47411787713759523,2.1339599592449767,-0.11735319627429197,-0.1928299209158209,0.3349848792461251,0.22919126587894123,1.0315683250483954,-0.28566611714187307,-0.32635787621581913,0.5656227574658232
1.1248286442633662,0.39648579754209157,0.6665995717275774,0.3172596160968263,1.4279556837709801,-1.0663632422307214,-1.4333389361105322,0.07102617801444772,1.1458883201256165,5.157535521920223,-0.14840704647595226,-0.379107174385576,0.3349848792461251,1.1105960129728465,4.998688167781054,-0.4697266510708191,-1.1812983340374836,0.13097138933661467
1.2285215266786806,0.39648579754209157,0.9479064700840618,0.31019229145112454,0.6904464825076053,0.7328438546729754,0.7480992715925597,0.22295396920245142,1.1458883201256165,2.5505938792871072,-0.14840704647595226,-0.29117759150247297,0.2609253688561403,1.1105960129728465,2.472037931880376,0.5033957225534338,0.9723438170460807,0.23699185268593811
2.0221545985369493,0.39648579754209157,0.5578301683367998,0.7132790247535147,4.584431129816577,0.8738879337208159,3.783666280587803,0.47470674604334046,1.206935953486662,7.757293520261815,-0.14840704647595226,-0.8358416143361159,0.31644397135663266,1.1105960129728465,7.138091487103981,1.562226819923815,8.440137069563562,0.8342843584288876
2.0221545985369493,0.39648579754209157,0.5578301683367998,0.7994554611321185,5.138309659648928,0.32582988033273463,1.493534988086823,0.9110273851026996,1.2244625619629577,7.869941623893634,-1.1081872867667721,-6.286563033152291,0.5739073383238665,1.1105960129728465,7.138091487103981,1.2606978120861287,6.811086713915663,0.47768934455407364
2.0221545985369493,0.39648579754209157,0.4324653146283162,0.1525552448377068,1.6313779074139132,-1.3889077639877736,-3.5872781257753856,1.6172997461492198,0.33437615544390686,3.575713659255073,-0.130396690559333,-0.49861150055767134,1.3147923364467553,1.1105960129728465,11.876365191857749,1.2606978120861287,8.785513010322108,0.25787590703940105
2.280556533559513,0.39648579754209157,0.7800619782363395,0.1525552448377068,0.5014168437474553,-1.8208083289564083,-2.940387266369372,1.6317055541711711,0.10593279337536428,0.3481787005103203,0.5976638371058585,0.8042645404973682,1.3147923364467553,1.1105960129728465,3.650294344817647,1.700624805507882,7.40991617194789,0.25787590703940105
2.21667051879773,1.5528301187530156,1.0069937815002956,0.1525552448377068,0.3008870951909935,-1.8208083289564083,-2.2139466808284634,0.64845105141903,0.10593279337536428,0.20893290504754172,0.3438833567336988,0.3484301469328298,0.7134097885790859,1.603844739422944,3.1632880619457273,0.675380481719132,2.6626802806527348,0.18812114208562536
1.8641208488512493,1.138742693681609,0.7771239310589643,0.468265013868975,1.5507476817963752,-1.1497374299833034,-2.668967615498784,0.64845105141903,0.16311659011575047,0.5401912730881666,-0.6182571763339497,-0.8470655349714248,0.7134097885790859,1.603844739422944,5.311433564236709,-1.0140155047005037,-4.356367768534971,0.18812114208562536
1.6883859844233355,2.0903888736537093,0.4701407965369306,0.468265013868975,4.237071854243923,-1.30607765334223,-4.539140772216585,1.0080539837697184,0.09311257064413922,0.8425242985651986,-0.6465037247736294,-1.0019221713846278,0.7134097885790859,2.347551511656297,21.241698913705015,-1.0140155047005037,-7.8906168995526516,0.18675269560791552
4.44369913181904,2.0903888736537093,1.034087786206786,0.468265013868975,0.8758039293616788,-0.7402810707785433,-3.0785395388719636,0.5480320811306506,0.03254441981918564,0.060868375625461865,0.9295975681186988,1.0191438346608281,1.3944981005728931,0.794456623294998,1.485885581415353,-0.6853450707245601,-3.71233042200464,0.18675269560791552
2.664281326270109,2.0903888736537093,0.6507706747439332,1.0944314468838998,5.168477265428888,-0.7402810707785433,-4.483921806416202,0.5480320811306506,0.21222063929896087,1.0022167698072562,0.9295975681186988,2.479453069384545,1.6140522667230357,1.2678217417177928,5.987316855104947,-0.6853450707245601,-4.467921101934452,0.21260833667828363
5.738560572380351,2.0903888736537093,0.6564733949971034,1.0459599601604241,4.854123207336251,-0.7402810707785433,-9.35955093968466,0.5480320811306506,0.3268419711997926,1.5168182893818474,1.820711524786776,12.867995183213715,2.8538465078797213,0.6606128681475931,3.0657925508433106,-0.48222755074492324,-4.845363588830834,0.32689579489800247
7.507030690719472,2.5388976112588404,0.9983999108885695,1.0459599601604241,2.0986305389768782,-0.30175535203668113,-3.2816417418136066,0.4749190804840943,0.2965734229934547,0.5950495872208256,2.795361592256712,16.187611179899385,2.8538465078797213,0.9290175598413611,1.8639954650174468,0.2335570869410864,2.3937768736190184,0.32689579489800247
2.7107668417681188,0.4120456881392305,0.9983999108885695,1.539750318727755,3.089379292096265,0.23197837869232152,1.1052875778399043,0.4749190804840943,0.2965734229934547,0.5950495872208256,2.0948387085035947,4.38045611764045,2.8538465078797213,0.22112506389834133,0.4436688111455983,0.9098297105791882,1.6427887848501932,0.23468055269464588
2.7107668417681188,0.8472259800892503,1.281030119518946,0.9086518801811159,1.1074110260076506,0.08434932243640858,0.24061803989498637,1.26188275197804,0.27479894329929794,0.33490865575960344,1.6886462124347812,2.6490735779126395,2.8538465078797213,0.520496593374469,0.6343503811244156,-0.17873242028384406,-0.38588696052240395,0.23468055269464588
1.6353545731775827,0.8472259800892503,1.281030119518946,0.2550224554852918,0.31080624521204475,-0.49946322789387976,-0.4553657031752452,0.4629760762898776,0.3743797045806149,0.45627178219608355,1.2127593242682948,1.3396716211667183,1.6189336468032216,0.1439502468482244,0.17543802421282853,0.36040037677477055,0.24686472089773653,0.24655247337458502
1.939193924702039,1.7727169283244895,0.8046815481496221,0.2550224554852918,0.7876990707050078,-0.49946322789387976,-0.8596168661740895,0.1460810956252006,3.521964845374456,10.878447666414097,1.2127593242682948,7.756741664409779,3.0743239593440426,0.4613190695676729,1.4248964927636045,0.5523164593564516,1.278500453128523,0.24655247337458502
1.939193924702039,2.5025990103285785,0.9612646229520915,0.13842110803883387,0.2996031658572376,-1.0789904049957764,-1.1452809149863543,0.1517028737500116,0.809608588852728,1.7523432644206092,1.2127593242682948,3.1131887762943085,0.8942245454560224,0.339441760141185,0.7346988288370074,0.5523164593564516,0.9180448555916927,0.3537038484169172
0.39200668678131917,4.039856416414526,0.783770473220178,0.28603685465979617,0.9312669547909278,-1.1878383317477805,-0.4493532710396581,0.1517028737500116,1.298917860836448,4.228963020249312,1.2127593242682948,0.9776536844749124,0.6196638267048075,0.5701697126343008,1.8563349559639648,0.5523164593564516,0.2949915883135519,0.3537038484169172
0.39200668678131917,2.278790098006616,0.7966459466647282,0.13110769751062354,0.41316876740492314,-1.1878383317477805,-0.29930540072011913,0.19895677699381437,1.298917860836448,4.093369815136511,1.2127593242682948,0.961852745418957,0.9196375413547379,0.10598575982247913,0.33400026527641263,0.5523164593564516,0.1251281047904109,0.3940560604275265
0.5453997144323255,2.54979305940581,0.6368300626065925,0.09541554528659485,0.47054592709200865,-1.742153880172891,-0.6517820983086027,2.1366592416947516,2.0294607276184653,10.008374177454048,0.6762371862842044,1.1667981235312648,0.7187284675329982,0.10598575982247913,0.5226734015345602,0.5523164593564516,0.21778004927112996,0.3940560604275265
0.6388835679422928,4.174785237143143,0.41729875855819754,0.06429378593313607,0.7384223109552237,-1.742153880172891,-0.9564463977948245,1.0627087193835527,2.0294607276184653,23.308614646513465,0.09289575737013578,0.2865337799455923,0.28431856892156904,0.1031923660161135,1.1851774519204925,-0.24861140100875,-0.1729157088701123,1.5197685789115103
0.6388835679422928,1.3263388162202328,0.13191384735908132,0.08356374284804241,9.604330702594583,-1.6340942916335017,-3.2354327996178363,1.0627087193835527,0.7496565258195089,86.16116202958429,0.09289575737013578,0.5509007604270298,0.18705832194376673,0.061957357695504096,7.121018428394926,-0.5042815041229181,-0.8597373860173866,0.44512619530560815
0.8082290376072289,2.1296109339313953,0.045578536085397,0.020530088238402418,19.76514784647076,-1.6404136717759084,-5.894376372361614,1.0627087193835527,1.5570663397788895,1499.0508591641437,1.8828175962995006,58.91839148270127,0.18705832194376673,0.21889508632799914,210.73916945208205,-0.4686895736784431,-5.499109581139431,1.158157449643617
0.7520948972912063,2.8239931476258207,0.08419094852517593,0.023467267754131493,6.621581354302354,-1.6404136717759084,-3.174730628972375,1.1520483564153945,0.22840223775371543,64.44653099953125,1.7647880616662313,10.655282585966939,0.4240612440873648,1.8847472522467243,531.8048693952604,0.2017342562539277,3.4988751706348986,1.1047818353033438
0.7520948972912063,2.5353762006063394,0.1595827608026947,0.023467267754131493,1.8429798030846074,-1.727023985515794,-1.7633206736644864,0.5176491617672337,0.22840223775371543,17.93735493921392,1.7647880616662313,5.6213988478710295,0.4225522053392395,1.8847472522467243,148.01685292905017,0.15281241560891168,1.3982565621969796,1.4579555346996882
0.8047987135606651,2.5353762006063394,0.13411732342578953,0.04339992606111246,4.825576778894548,-1.142401454174027,-2.019671028706382,1.180303593637585,0.09795734478829364,10.8917394851534,1.7647880616662313,4.687361550495356,0.34737049348565985,0.9820130189146231,109.18864732566021,0.6654163221341125,5.595893828396704,1.4579555346996882
0.8047987135606651,3.4554415083659626,0.15146349779054188,0.04339992606111246,3.783580874493722,-1.142401454174027,-1.7883706405968498,4.254778110653256,0.07552409059802996,6.584147271307879,0.4319969972420725,0.8921086899595996,0.22084675809418092,0.9820130189146231,85.61133656396765,1.033594649384347,7.696675286905619,0.9768235727639453
0.6570465350286819,3.4374073634196707,0.15146349779054188,0.04339992606111246,3.783580874493722,-0.9505980097695941,-1.2149112141572853,3.313793401024844,0.07552409059802996,6.584147271307879,-0.39713388984749876,-0.6695497422705334,0.3898492009175571,1.2129245561860287,105.74207307466575,-0.11538589892806361,-0.7796016999576169,0.9768235727639453
1.6966793260376976,7.648534147731652,0.18719068736717911,0.18062174790542312,10.309356509784262,-1.441687045661904,-7.853921266512019,0.5661241390114439,0.11636992487346413,6.642052003425066,0.0992108719133109,0.43382059956099694,0.3898492009175571,1.2129245561860287,69.23015536169649,0.3446997471997288,4.86618242676779,0.9768235727639453
1.859376803733618,2.4955612736446424,0.19499086012594577,0.6701534148308208,35.25134732249834,-0.650450500570851,-7.1807452769342905,0.730677644067531,0.3086938741449402,16.23788633018902,1.4755034298434762,11.05534704992753,1.0581028231125826,0.5430073987386834,28.563224461754,1.5020269309772172,14.926182405594172,0.6847874749966009
2.0465286146429507,0.9311619380938105,0.2011362168124723,0.8262006418103791,40.844630285376724,-0.8337208313668619,-10.904505074214178,3.66394183350949,0.2627352007312334,12.988760349189379,0.6527448370266584,4.814432683482063,0.7259486017668675,0.12531003249526643,6.194914030933887,0.753433967543292,3.8377851599084836,1.97777818671967
0.6841698308624841,0.7605032133094307,0.2011362168124723,0.8262006418103791,40.844630285376724,-1.30210343590949,-5.693468067143644,11.995442157649403,0.20466080371207182,10.117754015792894,0.9001205609255993,1.9588747133468885,0.7259486017668675,0.06847565229415027,3.385210032488068,1.3047836360781022,1.6424616223197148,0.8646534038800723
0.6841698308624841,1.5549362377660296,0.3389477317952582,1.2087344127298862,21.04240709259093,-0.38561014560083406,-1.2102081705683014,1.5052178778666092,0.349711902692859,6.088004233260909,0.9001205609255993,1.5195047941640722,0.7259486017668675,0.06847565229415027,1.1920671210559899,1.3525781061710815,1.0103611249882345,0.8646534038800723
0.6841698308624841,0.5757380565976926,0.3249288444303887,1.2087344127298862,22.897304004629067,-0.6424491022427565,-2.1032690024118823,1.1302533996700672,0.6649887286437313,12.59701793797603,0.9001205609255993,2.185739876963772,0.7259486017668675,0.04278324904549791,0.8104518655078916,1.3525781061710815,0.833086095679749,0.47660161036653376
3.0487650644485575,0.9907925132604753,0.3286586627522182,2.3472306697510854,43.46058813205547,0.20674550514864776,4.155352156643612,1.1302533996700672,1.3873244460924208,25.687265054162157,0.9001205609255993,13.908605045733164,0.5235061774696699,0.016060562200318138,0.2973723409260435,1.3525781061710815,2.2487262957868066,0.47660161036653376
2.4104052180281834,0.9907925132604753,0.2767518010841396,2.3472306697510854,61.2921498932032,-2.114468221567294,-39.90190670177975,3.293454637701543,1.3873244460924208,36.226562219135914,0.015547868060370451,0.22556643036709387,0.5235061774696699,0.027487133694129834,0.717758821161698,2.153236296548398,4.397147359133728,1.092273523182513
2.4104052180281834,0.5500223654450697,0.21524151291582114,2.039843669189755,88.0592147927511,-1.0871208962351835,-24.58981757292986,0.8463051217615114,0.7872065574585216,33.98338430367901,-0.9586964025663973,-13.471143732371655,1.1223458115549338,0.027487133694129834,1.1866082909039244,1.949458365531554,5.118676846934076,0.7657110225402133
1.9329825933670806,0.8722410877588762,0.18314689547205654,2.039843669189755,121.62637358022211,0.08646539944409248,1.8432497102871805,0.7583115133049544,1.3308542103859837,79.35263560541001,-1.17303780236432,-20.19857024827466,4.458157897792023,0.033462282248853746,1.9951999768994655,1.815784258243585,4.957758929889161,2.996948495745906
1.8170687069351663,0.5767928804271168,0.18314689547205654,1.9471319370764968,116.09840497380648,-0.5951249061250476,-11.65178873835173,0.7583115133049544,0.3183456004781122,18.981464862329695,-1.4152918189243904,-11.204234969537067,4.458157897792023,0.01785115235365769,1.0643810394871291,1.815784258243585,3.403957747398886,3.0392360039442026
1.0746770421997744,1.1021998202127221,0.13304119828493263,0.2572400610603341,29.066738529329918,0.0416756539286931,0.24146742250599362,0.7583115133049544,0.18843698071855897,21.292361793204837,0.7263260729804033,3.6018160100308445,4.458157897792023,0.10558009443213412,11.929980836231488,1.815784258243585,6.740034058193492,0.46779966101881126
1.8557282378642832,1.1021998202127221,0.26094589261082357,0.30218397635346567,8.875656717870525,0.0416756539286931,0.23040773129912145,0.7583115133049544,0.646945069551027,19.001875684954506,1.0890798957261212,8.809927888745937,11.796359001328199,0.07889455316782629,2.317267047966621,1.8182422070501842,5.136344612183949,0.46779966101881126
3.445657618701943,1.1021998202127221,0.5420948563149521,0.2842640170789414,1.9346451175982666,0.5391879749564081,2.5841217707117226,0.4661902871129945,0.8468901250712245,5.763768001478112,1.0890798957261212,9.009176763960246,8.986124130947262,0.04658438918553028,0.3170442112940933,2.667199502604431,5.174728117209527,0.5458123680235899
2.7002154233546496,1.1021998202127221,0.5410750183005426,0.15153539809058536,1.0352115868012486,-0.13009071431479202,-0.35740388918148813,0.7961761573748645,0.8468901250712245,5.785516000012136,1.0890798957261212,7.073416060484446,8.986124130947262,0.027673286730046223,0.18904960444088423,1.927737151426517,2.26325827678545,0.5458123680235899
2.9038600871267115,1.1021998202127221,0.5410750183005426,0.15153539809058536,1.0352115868012486,-0.9279983973939353,-2.741810756191745,2.0886477038206004,0.31237987270327555,2.1340179771898518,2.0635150885191007,8.753512839999662,8.986124130947262,0.027673286730046223,0.18904960444088423,1.1666571019620506,1.4730137577857194,0.7231748178055961
5.353250309623723,1.1021998202127221,0.5410750183005426,0.15153539809058536,1.0352115868012486,-0.9382136884375653,-5.110152701330027,2.0886477038206004,0.31237987270327555,2.1340179771898518,2.0635150885191007,16.137053409962956,8.986124130947262,0.011581286003680387,0.07911736539539223,1.1666571019620506,1.7566963071523376,0.7231748178055961
21.740953814122246,1.752988977372047,0.6893962547338606,0.14701708729636498,0.6186713012006801,-0.9382136884375653,-16.04391467576068,1.2400671430931378,0.07991023185135675,0.33627497339181256,1.677202329590823,21.14517695338447,8.986124130947262,0.03628684480662611,0.15270081801938673,1.6858812825727645,14.32274514170158,1.070842696055848
3.1447707834556056,1.0538441322073486,0.5659797808929118,0.3324879466828684,2.0758887160492905,-0.5786754012431355,-2.621959937513674,0.6603275863517576,0.09612756625038937,0.6001725237600796,1.677202329590823,4.0861330864472984,8.986124130947262,0.03628684480662611,0.22655693966240317,1.6858812825727645,2.523507906364267,0.763318306032291
3.0242671927762794,0.6434621673524585,0.5659797808929118,0.1748212730536473,1.0914967344773747,0.652085552752414,2.060326065794414,0.5104217575860207,0.07102685952978446,0.4434562446708228,1.8564631364491972,3.7387969148443636,10.586493266336563,0.07026815385073991,0.43871926525955607,1.4196062005372552,2.843684421065588,0.763318306032291
5.768989684769911,0.6434621673524585,0.35806331518484147,0.13873070889490446,2.164128001969883,-0.17840635931814575,-1.5140895619226564,1.426366481127679,0.04438671762644689,0.6924100604408582,1.8564631364491972,8.91184813204591,1.3995873287128697,0.06448018076930168,1.0058577937537745,1.4196062005372552,8.213645270254418,0.763318306032291
11.538858087207588,1.946634832110603,0.36610626623854176,0.265613052817788,3.963374259719422,-0.31539055906791236,-7.245094648162968,2.1632281401049416,0.04438671762644689,0.6623212686568413,1.7345927129653531,16.289010394958233,1.3995873287128697,0.04626384891710947,0.6903310888091276,1.433043016973606,13.73886244674883,3.0266113965085926
15.80759624612483,2.155255767895021,0.5091871361876356,0.265613052817788,2.048917927260074,-0.4199673337639178,-9.502625784681708,0.7653217772648188,0.06339534005728481,0.4890266023079296,1.7345927129653531,19.17474489398326,0.8968503047585289,0.10735205369413281,0.8281051891413839,2.1240343999833255,30.554144899720725,3.0266113965085926
15.80759624612483,1.3674492359844346,1.019393236429964,0.265613052817788,0.5112059659641401,-1.1884434955316003,-13.432050921724327,0.6509677843260823,0.014023832753353498,0.02699064256497831,1.7345927129653531,4.504742431383798,0.42143852472501975,0.025713923961155512,0.049489703905133645,2.5082601135860303,8.820553419567482,0.7453919605134912
4.350168575660942,1.3674492359844346,0.8979892220321396,0.265613052817788,0.658775077529286,-0.762698965635445,-2.6929471148391126,0.6509677843260823,0.014023832753353498,0.034781993623204534,2.0582959800466347,1.6699026283381324,0.42143852472501975,0.025713923961155512,0.06377582754832876,2.5082601135860303,2.7555399398552307,2.368371119105757
4.629276229271328,1.6545190770162106,1.2199281519814746,0.25959265963000056,0.34886218502926264,-0.762698965635445,-2.08541840268843,0.5726395813740874,0.015226507716870997,0.020462646209040397,2.4571692650605486,1.6271555360067023,0.44660361645730967,0.025713923961155512,0.03455650753588685,2.5082601135860303,2.158492728485777,2.368371119105757
5.589876389009461,1.6545190770162106,1.1262668587402438,0.12938832296553837,0.20400577886958352,-0.3004067213805931,-0.7584607037326047,0.5726395813740874,0.008505008319462064,0.013409794691954307,1.872707485793893,1.212224940876414,1.5173321422873844,0.03915032285644362,0.061728075024603944,2.5082601135860303,3.483502633782248,2.368371119105757
5.589876389009461,0.8391990806929465,0.9614611686287567,0.04151542320266597,0.08982060328283498,0.5170622920458825,0.8662296701496467,1.055598063176062,0.011604385892948361,0.02510664377773964,1.872707485793893,1.6586947922754176,2.442906609961863,0.07172987848237207,0.15519102207483623,1.576324996607829,3.471212998483772,5.388079363722254
4.876926023688428,0.8391990806929465,0.8781107036094159,0.044077580666364254,0.1143271040165682,-0.10881562099436082,-0.17943700598481532,0.8144033299437469,0.011604385892948361,0.030099107368746984,1.872707485793893,1.5845024774736767,0.6080421931902955,0.09890938897534371,0.25654820048298416,1.576324996607829,3.8938248891975094,7.245192584853721
4.423000540371398,1.0334605232753513,0.49874980957905946,0.044077580666364254,0.3543906529126168,-1.4367015468469644,-3.7828984339017886,0.8144033299437469,0.01170149663292916,0.0940818658625487,-0.35152176236865107,-0.4768943424695104,0.6080421931902955,0.2582026887467035,2.075990062643454,1.576324996607829,10.045588637631056,7.245192584853721
22.186109773493282,1.3670138779083525,0.7546974572737376,0.06187124134845458,0.2172566365120253,-1.4367015468469644,-14.857106710428127,0.8144033299437469,0.01895315453951408,0.06655270715124102,0.7227759613493252,4.136830440026049,0.6622585743805963,0.32841949932765385,1.1532226319340146,2.2351915634917114,53.25403084076307,7.245192584853721
25.394295182039535,0.6010125405911111,0.5667724140470093,0.07210675048239627,0.44894021665461864,-0.39806690345267226,-6.773084438177063,0.7961974427991227,0.01895315453951408,0.11800328330334643,0.6600152418162153,5.757542785502928,0.6217161737474936,1.680233110102721,10.461214954679392,1.9323487111950235,158.71308315586046,7.245192584853721
17.08372421470809,0.4052227282258872,0.47714965325841424,0.5374066290577648,4.720889006671725,-1.4673018696156654,-54.4645497505986,0.698593364683377,0.01895315453951408,0.16649541347158323,0.7255103262463768,5.057399802226948,0.5275086495002607,1.3210235996771063,11.604631301634392,1.9274471673823792,112.17103003277094,7.245192584853721
39.855498019366834,1.3760262055994388,0.47714965325841424,0.11680818726108885,1.026110318171854,-1.4673018696156654,-59.238593503790476,0.22033893744065772,0.03255521608293761,0.28598374751205924,0.8073710405222726,17.208066844780344,0.5275086495002607,2.345527194506719,20.604460288870253,1.7610155715417666,318.58993993148096,2.5345853626158625
28.508337675645894,1.3760262055994388,0.39505117059355527,0.726274395457359,9.307306654853425,-0.5518868364721385,-47.999193618415795,0.8315561060487889,0.05695817556821248,0.7299268841503014,0.8073710405222726,19.66458301937073,0.5275086495002607,2.345527194506719,30.058254845711115,1.8530182891686295,289.6232890503239,2.5345853626158625
53.31689073399225,1.5277321426619068,0.35029197438417836,0.726274395457359,11.837782459465858,1.5460206255308602,283.6059093653946,0.8315561060487889,0.3024545941457335,4.929805748016958,0.42334002041082514,50.115151165498844,4.545992921586557,2.345527194506719,38.2305101969714,0.28225779679201546,93.04987820895637,2.8053089829748155
6.145252313232464,0.6898602235779095,0.6123613204927009,4.463361786524656,23.80546037518898,1.5460206255308602,46.354648782720126,2.2448383507519964,1.3555592499021174,7.229911791419486,0.42334002041082514,6.995126049460931,3.711022152118885,2.345527194506719,12.509932503417831,-0.03547898718861725,-0.7711492061091575,2.706128100243913
4.1422142365281,1.0885076928714392,0.8401504633481891,4.463361786524656,12.646721185480832,-0.016311575390683064,-0.2402798967859842,2.2448383507519964,1.3555592499021174,3.840912008448256,-1.0623759392198244,-8.624381557036855,1.5353478435295285,2.345527194506719,6.645938617713189,-0.03547898718861725,-0.3788627728537425,2.706128100243913
1.7293619519680306,1.3719832230318574,0.15186817221257862,2.1856771150938075,189.5319664407676,0.21527502964861764,5.1253177096674225,1.014571170650825,0.9469518599391964,82.11535313225586,-0.7736228989375012,-12.123482737193584,1.2475469065387217,0.5841874396014615,50.6580745312466,0.09786499018787559,1.2045854024584177,2.653867154592604
0.28340475247049446,3.7152235421062647,0.15193694336262598,1.9795489714677497,171.50211315672018,-0.6151976998105768,-2.2832663147205094,0.3894257874238358,0.636581273161378,55.15146890365794,0.6486155845519702,1.3651269803724058,1.0819797362087005,0.5841874396014615,50.61222622695634,0.09786499018787559,0.19731595597064377,2.2249417944636933
0.2871608502058003,9.386470049156292,0.16523473852214748,1.9795489714677497,145.0085235665297,-0.08601922838531373,-0.29745244175316865,1.5364770842875626,0.9223840439542521,67.56768855077058,-0.2023525185972651,-0.47764295428802894,0.37258080813576494,0.5841874396014615,42.79366629657502,0.15162125530809092,0.2848230064400839,2.2249417944636933
0.4628130457083658,61.18315986266824,0.11411291981873942,1.9795489714677497,304.0371200395847,-0.08601922838531373,-0.69416776069502,1.5364770842875626,0.8004041794872704,122.93334749810262,-0.0008998860403925113,-0.004617723885648834,0.37258080813576494,0.4197685048851619,64.47186159480479,-0.5210709735084265,-1.9363665812814888,3.2627332870918195
0.4628130457083658,61.18315986266824,0.11411291981873942,1.9795489714677497,304.0371200395847,-0.006937364148883227,-0.05598393088095147,1.5364770842875626,0.47141668393062486,72.404458281528,0.4239883898533514,1.6697144704481883,0.37258080813576494,0.5720067995829983,87.85400234848801,-0.5210709735084265,-2.2603893334215015,0.85990220849317
0.4628130457083658,45.71394346591383,0.07756954108775148,1.9795489714677497,657.9816795661675,0.766150203735098,9.09549657101201,1.5364770842875626,0.359032950401269,119.33885300622994,0.2927570820588345,1.4801438732973007,0.6630430884996684,0.5720067995829983,190.12916585429423,-0.5210709735084265,-3.3252694697789216,0.8982307750963765
3.9974442752106665,19.28903543589059,0.1700102446732144,1.9795489714677497,136.97649873842096,0.9139479497420503,42.758938161617145,0.5538085793534968,1.1745376351693233,81.27308554670927,0.5602158796838007,20.188832620088345,0.6630430884996684,0.7017334126959917,48.557013392596595,0.4532879302751709,12.62648760961641,0.7056130490990616
2.9076609342140447,19.28903543589059,0.1939560301738272,2.186230137097943,116.2302840932342,0.9139479497420503,28.650016349185975,0.5538085793534968,1.1745376351693233,62.44394892256943,0.5602158796838007,12.871950366344526,1.0210290683206749,0.7822864894401409,41.59003179355266,2.9415814164561027,55.15936538526269,0.7082823956754876
1.0205933710925073,13.81391711391325,0.1414142442185933,0.6949657285053756,69.50356328291252,1.39839808727905,11.8983598561153,0.19948031225594995,1.1745376351693233,117.4655778058587,0.29411030044374925,3.2532563611793615,0.3706893999205126,0.6842044811895532,68.42733030747227,2.7344919483701338,23.08576073852604,0.5412340055576508
5.657049531714375,13.81391711391325,0.20595739422168924,0.6949657285053756,32.76714530724844,1.39839808727905,45.283512476067095,0.1729113959449158,2.3414514076882815,110.39778705431496,1.1141382753368765,66.22306230432156,0.3706893999205126,1.9202085910492888,90.53648452342661,2.4559077951742823,132.19464181998947,0.6823096964453412
1.6084942984108135,3.018185485437198,0.40700122577809705,0.5053140343031957,6.10098449816386,1.0231695950125654,4.06506142640677,0.19202533553056164,0.8532912009945914,10.302338815636379,1.1141382753368765,5.752101414170927,0.21588470760610326,1.3926273306781165,16.8140941660222,1.9808718168466237,13.065096942237636,0.21699010847330963
0.29506456796216285,3.018185485437198,0.38677017451707063,1.182504155272647,15.809812462926043,0.12511303926936512,0.14678544536930316,1.1385363350114521,0.8532912009945914,11.408309902199862,1.1141382753368765,1.1103676770457036,0.4539853319186488,1.3926273306781165,18.619111679730096,1.8499185233970366,2.3553157761043386,0.21699010847330963
0.2240813740862432,1.7058434594754206,0.2511912774747433,1.215871752059679,38.53972888510111,0.12511303926936512,0.174045444612573,3.4482104858823983,0.8532912009945914,27.046941003988174,0.9226395947183442,1.0752189850219696,0.1644035356418651,0.6099416486120744,19.33344181524102,1.8499185233970366,1.8226905749100029,0.29043685197937585
0.5812612150318073,0.6747008608680001,0.17097282248178752,0.7072034253873531,48.386052098685894,-0.28030528879394634,-1.1333465628193837,3.4482104858823983,1.6570265391358303,113.37186666992814,0.9226395947183442,5.710262620405624,0.2989052094338552,1.110568671516994,75.98384237146063,1.4289536485904615,7.240192491236872,0.32182781545859024
1.3858789000172476,1.0093116078414726,0.17097282248178752,0.17502716904227605,11.97515936143332,-0.28030528879394634,-1.344303178759759,3.4482104858823983,0.4971437714083648,34.01401005761093,0.9412979228091176,7.608189144501077,0.46309332444682993,3.4057274719529325,233.0159908396667,0.787708752490863,16.66417495785967,0.34277449907939134
2.2916965713774085,0.3384910657212358,0.24040574177306703,0.17502716904227605,6.056835686965166,0.23952506105520577,1.350924165803884,2.574962745338761,1.0938876811186145,37.85411134045408,0.8454424431511419,11.920588304173313,2.392975607406086,3.4057274719529325,117.85559810557015,2.143595374317103,53.33042372734259,0.6040617276278847
2.28036031615939,0.28223247710819915,0.23535446259597542,0.17502716904227605,6.3196145330432385,0.23952506105520577,1.3730922905317484,6.8680964637208755,1.0938876811186145,39.49643089664788,0.3458584748083583,4.956565192455102,0.6360500486217378,2.749473838162814,99.27381515082945,2.143595374317103,48.70388911765009,1.3675355657910984
0.7833062999304807,0.32278863353467857,0.23535446259597542,0.688811826304643,24.87056867722889,0.23952506105520577,0.9356758855389744,10.145479845340128,1.0938876811186145,39.49643089664788,-0.03351973453016127,-0.1650103236290659,0.6360500486217378,3.149082506288491,113.70227651734508,2.143595374317103,17.904368623454523,1.3675355657910984
0.7833062999304807,0.32278863353467857,0.23535446259597542,0.18568477746941062,6.704423231442146,0.23952506105520577,0.4858064651762069,10.145479845340128,0.7952234121156814,28.712716201269487,0.7018654788371299,2.9459314772619356,0.2468385283546071,3.149082506288491,113.70227651734508,2.205717735128676,18.42324530188736,1.4891520670693876
0.7833062999304807,0.32278863353467857,0.5229052593630666,0.07051572314928603,0.5157864630081571,0.23952506105520577,0.13474651723565675,10.145479845340128,1.566489210419227,11.458067691825898,0.05407535492016957,0.14337937729248867,0.4953145455910688,1.4550660339064203,10.643064121785137,2.0241591245727877,5.172608502785839,2.392702963312743
0.631724283048693,1.8331711278765213,0.4575280399615606,0.061399203826264036,0.5866205931357836,0.7719085693148792,0.37348407255148786,11.22458465064249,1.0454835643291627,9.988764518118089,-0.48039434585610574,-0.9591385482473805,0.4953145455910688,1.4550660339064203,13.901999483204927,2.0241591245727877,4.76772124779306,3.75303074853973
1.1490078728548068,9.419645510053773,0.41079053838462354,0.061399203826264036,0.7276991558704099,0.4195941951461309,0.4112713070194587,7.169401433013113,1.8473852769174934,21.89508369496528,-0.8850040122564342,-4.758187468527802,0.4953145455910688,0.8854928049584608,10.494800038790693,2.0241591245727877,7.534505237441646,3.75303074853973
1.1490078728548068,11.000907359244911,0.4792184331175952,0.17605857845318665,1.5332753613903873,-0.3666937797950766,-0.5217189673615886,7.169401433013113,0.5641749377509885,4.913339294043863,0.05369676366022125,0.1367601264054127,0.3321049544092185,0.6017826517058692,5.2408608593765535,2.0241591245727877,5.324379097811341,6.074721615111723
0.9349732237953168,11.000907359244911,0.34444354920297904,0.17605857845318665,2.9679123797840474,0.24367826032291268,0.3925016589333904,9.65704885454866,0.37730707431101873,6.360464492365118,0.1855668543872899,0.4375664300610627,0.3321049544092185,0.5713283699958,9.631183877150544,0.8724720934053636,2.5315735843597067,5.923249274546656
0.46226718647534054,2.9208519520946683,0.2560921138210836,0.16862428290333295,5.142303458212966,0.24367826032291268,0.2554398808415438,9.65704885454866,0.37730707431101873,11.506216303081569,1.1823988406283366,1.8540580550095915,0.28822004683190156,1.4457387053150292,44.08871021426811,0.7246091983132903,2.2241322445586356,6.281011992899688
0.46226718647534054,1.4606247974331381,0.190789467770902,0.06697170682248484,3.6797013325595302,0.24367826032291268,0.21608077912457815,2.3011387727671035,0.09345438456742228,5.134768691766717,0.1844793353719032,0.1932418711960318,0.17435563264887355,4.028909302019904,221.36486631137754,1.4783107665270454,10.167475936104664,5.904895008872551
0.7850100771874607,1.4606247974331381,0.2542273063066746,0.049231223827544336,1.523443092015513,1.030770983918717,0.9987356088736546,1.7373381921421134,0.18003081301845347,5.570990869608449,0.5391027244440646,0.9988792276481975,0.20568788695653506,2.555644512561178,79.08353023981452,1.4783107665270454,10.32010213888878,7.857633165415698
0.7850100771874607,3.9812173261367794,0.25570264374105733,0.04112113798452197,1.2578379219243438,0.22230661637253057,0.1957221430096853,1.7373381921421134,0.17265867876730764,5.281386759885355,0.5391027244440646,0.9725697211376151,0.20568788695653506,2.555644512561178,78.17358031451556,1.4783107665270454,10.26055784638794,2.6173328498921102
0.3222895711654359,9.295524661082359,0.2601109702675753,0.08503495317379592,2.5136808372612833,0.22230661637253057,0.11359355943237114,3.1160797069941495,0.19997251405290392,5.911299504409529,0.5391027244440646,0.4224343848840808,0.4256782917536193,2.555644512561178,75.54628300843949,0.37161540329327014,1.0409898864467344,0.9749006759194015
0.1994248383466462,12.758872445428684,0.21863120918780415,0.09352319760405765,3.913136787202188,1.1840750617379838,0.4671119713423564,2.4361619155355383,0.06969570295016736,2.9161622582543436,0.5391027244440646,0.18359321106107246,0.4256782917536193,1.691691094293798,70.78263813956865,-0.8382949426978235,-1.4064991285484694,0.45489475059996576
0.1994248383466462,18.812925126628357,0.19561418134467967,0.09352319760405765,4.888196660136047,0.8283876456592444,0.3652474537255174,2.3108356339349525,0.048094146473222445,2.513746879761304,1.6453072244824147,0.5202199770964175,1.0771337585301064,1.691691094293798,88.41997460478254,0.3396122925616143,0.6368510117867661,0.7334525543803398
0.1994248383466462,44.16203336332501,0.2260382409527078,0.22780178435983808,8.917092656629103,0.6820872800782937,0.406191507435766,2.3108356339349525,0.06863730675940741,2.686744644231223,1.512353414441756,0.49436274583188955,1.0771337585301064,2.313253837832135,90.55020735776418,-0.004507853094460945,-0.00855448221515906,0.8458953842763175
0.1994248383466462,58.33143105206345,0.2260382409527078,0.4888756020073608,19.136588648396607,0.6820872800782937,0.5950472605152989,0.618501996646638,0.16740215511959589,6.552804370324361,1.6372566968291715,0.8358139693972167,5.689968984165559,2.313253837832135,90.55020735776418,0.44566502222875254,0.8457315326577265,0.27118877461215257
0.25951323949297594,58.33143105206345,0.18813077352860394,0.4888756020073608,27.62540648890501,0.6214502524396576,0.847657143474521,0.618501996646638,0.16740215511959589,9.459569189603242,1.519134563010332,1.2125270692536858,1.3368413677462012,1.101391618632419,62.23749158939518,0.44566502222875254,0.9124185567233195,0.3502179666131894
0.4094086646045481,32.9782490958229,0.18813077352860394,2.179139952244835,123.13894726959646,0.6214502524396576,2.823326579351325,1.164356919467624,0.537586983193655,30.37799160540898,1.519134563010332,3.42793677676305,2.0769636729932093,0.9556436474401256,54.001558086909405,0.6883809193671045,2.0710424417979714,0.3502179666131894
0.4558789867494532,24.002109959046425,0.20733217101809465,2.179139952244835,101.38687288991989,0.41637786708325175,1.9112965442684864,1.164356919467624,0.23743709342351457,11.047020814557213,2.064490112037686,3.1281312553315797,2.391167766585867,0.9556436474401256,44.462367325816196,1.1983893456321186,3.6428711029401257,1.7205407934600716
0.4558789867494532,11.312901176348602,0.20733217101809465,1.301691958834141,60.56264400833674,1.011787517990792,3.5895607292926073,0.6813320909352817,0.23079844106415554,10.738150242832189,1.28740181881922,1.9232176266667056,1.0001690434621928,1.0393070873593333,48.35490049693449,1.790268243836043,5.675288315650139,1.7205407934600716
0.4047759013639752,2.949161717892458,0.16729305118242035,1.301691958834141,93.02130188442773,0.48770970020976845,1.9040013358684398,0.8661444780001373,0.23079844106415554,16.493281159939677,1.8294217508137338,3.007336449624383,1.0001690434621928,0.37651343947204835,26.90634299380832,0.794439307247313,1.6680255922279077,0.8103633152940787
0.2629967299843877,3.1718002927131637,0.2037735504221918,1.301691958834141,62.69639831768968,0.48770970020976845,1.0156241953716827,1.9881489604389937,0.6169977798973738,29.717890094537303,1.8294217508137338,2.6228483025166525,0.8534396143767409,0.7080007507961551,34.10107651037204,0.794439307247313,1.220099129400023,0.809990590120284
0.4530045347687592,2.770541020029452,0.6115864996167089,0.6427327182022919,3.43672374611888,-0.21618759010593325,-0.1815539163844683,1.9881489604389937,0.38560268467553876,2.0618366942610225,1.8294217508137338,1.1899905704441625,0.6838478994748902,1.3535252321046631,7.237366597978451,-0.046985701083301246,-0.0572609497105107,1.0168753576596976
0.4530045347687592,0.649851514131277,0.5689907218403336,1.6866650774347434,10.419538391420867,-0.21618759010593325,-0.31612405890629536,2.765159799284388,0.5008471297250077,3.0940321028876996,0.3605448802030571,0.2872925010695622,1.1700249113939005,1.904692300801454,11.76642287645416,-0.046985701083301246,-0.07301136823719441,1.4524392485227247
0.4428886265239993,0.649851514131277,0.34490870423376124,1.211640108606775,20.370201634233055,0.45096712064526745,0.9014405096563883,1.942395512061084,0.5008471297250077,8.420286641184767,0.14588065673729653,0.18748031536448684,0.9280252086505797,3.8148154963282885,64.13501856335756,1.0393753325218924,3.6865026085644876,1.8421079733334091
0.4641307444937256,1.8278528451379406,0.18570863849839642,1.0721053309756488,62.17320263817655,0.45096712064526745,1.6503909606539329,1.942395512061084,0.34208636427078,19.838167231394323,-0.10783240918062245,-0.2229155779548783,0.6330421262903718,3.8148154963282885,221.22760705296957,2.2342925658032797,15.424107336860297,0.9426147096254788
1.117325910449267,1.8979504318117566,0.22051640791891003,0.38706181761427927,15.919466465081403,0.19695184643794733,0.8780195397677777,1.1298557968129919,0.34208636427078,14.069670931988611,0.20221640737317834,0.8474971187784587,0.2885934767893149,3.8148154963282885,156.8995560931057,2.2342925658032797,31.27020784958623,1.9263419898149543
1.0003474847678093,0.3212139152090404,0.17375683710408368,0.41651969174644454,27.59190772367308,0.0863392160695278,0.4536802254208932,1.1298557968129919,0.2906480262205862,19.253671983479723,0.4259120085449541,1.8695089730243226,0.1196505904350201,3.0489765837900444,201.97623838343537,2.2342925658032797,31.76442987552597,1.101127775861581
1.0003474847678093,0.3212139152090404,0.4387584533076887,0.284806374615781,2.958889233110279,-0.01183995919241583,-0.02037349062614583,1.3747976481953765,0.2906480262205862,3.0195788860731305,1.03579501252897,1.8005197519364606,0.1196505904350201,3.0489765837900444,31.676201060992128,0.90931742939073,5.1195636344457185,0.6108628759395064
1.3252449044200607,0.3212139152090404,0.4092478515164059,0.41142692631991074,4.913035368979979,-1.0260191423489975,-3.0138841308771798,0.6640783185847914,2.002552898172724,23.91339163184911,1.009208032487593,6.5402963870913,0.19184410052942688,3.0489765837900444,36.409211058064145,1.322320558324161,10.573981038357589,1.339406912774782
0.305327558148799,1.0705702518298428,0.4092478515164059,0.34369549723649634,4.104223681191643,-0.3800199603988672,-0.23506497516468475,0.34082860298438467,0.9569119469146139,11.426919191320492,0.255141522987955,0.26333690447696745,2.38552052891631,2.417864854599587,28.87281990587237,1.7826002126369933,2.924587095923791,0.8054358983039577
0.305327558148799,1.0705702518298428,0.5443392648993656,1.250001637675259,8.43725650923784,-0.14371716335896353,-0.12746039718947785,0.34082860298438467,0.37851845933168343,2.5549225205836197,-1.3485291693499597,-0.6581353472467141,2.38552052891631,0.8777895976384997,5.924901034682289,1.2300128302046534,0.914147332533079,0.35118767578980126
0.34268847555319515,0.2497934312081211,0.4288477342471381,0.7166957398991378,7.793967291437332,-1.1025628544094592,-1.0548292058187445,0.44572844676249107,1.378420955593969,14.99013771624082,-1.3485291693499597,-1.7892155166135026,1.4161414530478704,1.9149821440934247,20.825166613730893,1.2300128302046534,1.9235495739861166,0.35118767578980126
0.3330212247452107,0.34229576845872706,0.4288477342471381,0.7166957398991378,7.793967291437332,-0.7718675164738256,-0.7176190639042691,0.3826067889488787,1.5301552534605833,16.64022727129808,-1.3485291693499597,-1.8319426991020873,1.0364166191555675,1.9149821440934247,20.825166613730893,1.2300128302046534,1.8692861904763642,0.29848848089262153
0.28066225474318207,0.34229576845872706,0.6376491928812733,0.7166957398991378,3.5253414720332388,-0.7718675164738256,-0.4067498197997996,1.1944195762575853,0.28779128708594304,1.4156112603608897,-1.764981016080851,-0.589380893281367,1.0364166191555675,1.9149821440934247,9.419570390812927,1.2300128302046534,1.059520098300989,0.29848848089262153
0.34262536228809787,0.5538096915304036,0.5285915284599213,0.7166957398991378,5.130083352666589,-1.453018179153968,-1.127594026341222,1.1944195762575853,0.19994898431877586,1.431227923833762,-1.2313160023427923,-0.5047117690345128,0.4845799698771603,0.7750839374440225,5.548024054057357,1.2300128302046534,0.9926549600804138,0.16763503146685313
0.34262536228809787,1.5013560813911655,0.5496822416462271,0.6911076859428452,4.574591358905224,-0.3846941344378809,-0.28191048252933737,1.1944195762575853,0.02859359658868502,0.18926720471379316,-1.2313160023427923,-0.18353830451010822,1.1555973621741267,1.0187219797758553,6.743141279714913,0.7981599307844591,0.7101344126509953,0.16763503146685313
0.34262536228809787,0.3252082888351865,0.6715210140890876,2.161254069838027,9.585540452874309,-1.4097486161379371,-1.4954417007174012,1.1447349924823262,0.0319195828053619,0.14156894207380163,-1.210300185475642,-0.1560258657060793,0.7576286077793002,1.30378724044879,5.782524835777338,0.1721072740737195,0.14180041020823894,1.7102165071113826
0.22910610694063424,0.3252082888351865,0.7898456299073454,2.161254069838027,6.928693984799891,-1.4097486161379371,-0.8501665878817138,0.9635474681071474,0.08010788280557782,0.25681525068066563,-1.210300185475642,-0.1405206566750202,2.008731934304239,1.1069650949060288,3.548783320525407,1.5835149699411024,0.6834371474676699,1.7102165071113826
0.245367552913161,0.28860160888536324,0.8153572811706662,2.161254069838027,6.50189440696228,-0.8691045162075882,-0.5437623006410776,2.497464034995856,0.06004096527362026,0.18062661940084845,-1.210300185475642,-0.12621213356644043,2.008731934304239,2.469806226900421,7.430139527356883,1.777684264802369,1.1889682146894127,0.606007353013273
0.245367552913161,0.28860160888536324,0.8706335914021809,1.8868120565221993,4.978377206187857,-0.24659699440506744,-0.13500467584301423,2.727389661184475,0.051669263131699526,0.13632999690997527,0.47217219406679956,0.04277728845208814,1.150571741546056,0.5539542137532659,1.4616151203232084,0.9971286868069217,0.2957909321705556,0.2716544176588239
0.5728917529063624,0.28860160888536324,0.6426257048035663,2.337007235013224,11.318108845122854,0.19018411419728248,0.36655043700092554,4.920256005919219,0.034673131245387484,0.1679217195210374,0.40932792854171224,0.096094246220247,1.150571741546056,0.22209615299852659,1.075610034945467,0.9095694110532839,0.540425508160751,0.17186182968585126
2.2507869276834853,0.28860160888536324,0.7326477345960205,2.374924544679402,8.848902082269237,-0.11170696129113666,-0.7479271817012708,2.7999675729266977,0.21166030303246106,0.7886403382514702,0.40932792854171224,0.8181732107007247,1.150571741546056,0.3327168321127845,1.2396935620901113,-0.18174455022467706,-0.455462844479557,0.17186182968585126
2.1027344204171667,1.4223039934253865,0.41265354592488085,0.2805227503272558,3.294783794071356,-0.1536088305966445,-0.586292133875734,2.515080032911621,0.09333457878267785,1.0962292977695955,0.7963970445967621,1.753334449893562,1.150571741546056,0.4076722140582753,4.788174230451671,0.9200897164684876,4.233500088063631,0.37083858866113395
0.9728309536396492,1.5053932414804692,0.22903450966010985,2.0233007447248275,77.14159039703115,-0.14752399476404657,-1.2605043209077311,0.28733245358320875,0.19016858205555234,7.250482609449521,0.1677057077570676,0.43930756497346696,1.7418125374328413,0.4076722140582753,15.543157899351897,0.30073510094882616,1.1534297019267123,0.730588601461012
0.9728309536396492,1.6359551918169617,0.1253234580747753,0.8306339379822794,105.77302557723668,-1.138771369730709,-11.393610904343044,0.84697475426982,0.23368302541473532,29.757224565373065,-0.947920532799168,-5.030434776032351,3.7394083548087997,0.13589696400029588,17.305135742453576,0.8398798216037523,3.3989285327545193,0.730588601461012
0.9728309536396492,0.45459223161816253,0.3345581411117771,0.8306339379822794,14.842137898554313,-1.138771369730709,-4.267977798255628,1.3495776553272223,0.23368302541473532,4.175552585994708,-1.0296194147291597,-2.0467796125954556,0.793765620473082,0.13589696400029588,2.4282676007518167,1.762634842581964,2.672071063258015,1.1829248777723542
0.9728309536396492,0.6512963073099748,0.7373723940697016,0.8306339379822794,3.0553848331736875,-0.5071623857775542,-0.8624171334936048,1.4889648337061712,0.23368302541473532,0.8595742829346756,-1.0296194147291597,-0.9286580131866042,1.4343636523774783,0.12730614227816733,0.46827999495351974,1.762634842581964,1.1734174268411195,0.40447817746423065
0.9728309536396492,0.6512963073099748,0.894991738261461,1.5063729966779311,3.761183003525561,-0.10477749103313022,-0.19768221917208145,0.7480375889504401,0.18954027859704944,0.4732530893177861,-1.976308229825115,-1.3226312771893927,2.339337900375466,0.14554996962779274,0.3634160152465616,1.7120805336243845,1.0040690978049436,0.8637951551976746
0.38238278754988664,0.6512963073099748,0.7777196904173014,1.1552934476265015,3.8201121816497663,-0.8656144886499788,-0.6469353911052874,0.7524422569064522,0.16997650585278504,0.5620470902319274,-1.9778487155579931,-0.5669930772327852,0.8023504995310146,0.9713826182922111,3.211989629824849,-0.07654083052303173,-0.05245399522832317,3.322784053541743
0.38238278754988664,0.5804865248293388,0.7777196904173014,0.38981812270557,1.2889789708708042,-1.6569286530243659,-0.7193248421831114,0.7524422569064522,0.2186609889279062,0.7230279970609934,-1.9778487155579931,-0.6430858616434941,0.8023504995310146,0.9713826182922111,3.211989629824849,-0.07654083052303173,-0.05245399522832317,4.938510787641803
0.4088418788102413,3.1631933607053644,0.908458530760325,0.6336850410592816,1.5356535070911796,-1.6569286530243659,-0.8394712005845706,0.6256999364069213,0.2186609889279062,0.5298965460031297,-1.2752552118529663,-0.37953167475784116,0.2895268224139535,2.341605908131675,5.674578208500641,-1.4956690194537647,-1.4566582281398928,3.60813855744752
0.5193313114709971,2.0274641019828166,0.869509374176655,0.813679670442354,2.152459179994948,-0.8601027170861603,-0.6553333796683767,1.5530016635176995,0.09373663153683218,0.247965237897083,-1.346121507907407,-0.34811615013498903,0.2895268224139535,0.8772575990248522,2.3206444020099757,-1.4956690194537647,-1.1832712282549338,1.1108403016787773
0.5193313114709971,2.7155383782602502,0.869509374176655,0.6666211664771875,1.763439473156185,-0.9315138019117087,-0.6424126450005322,1.5530016635176995,0.5925009233111751,1.5673662472644683,-0.36524779318246436,-0.23747470317463834,0.3200172617451762,0.8772575990248522,2.3206444020099757,-1.2694434003670363,-1.0042969614366988,0.17966561751867888
0.5193313114709971,1.7712956123928103,0.869509374176655,0.6666211664771875,1.763439473156185,-0.9315138019117087,-0.6424126450005322,0.3932455431543502,0.1391181716133732,0.3680148300012521,-0.6194986256217613,-0.19517200111282643,0.3200172617451762,0.9567002818415372,2.5307972891028023,-1.2694434003670363,-1.0487851518838793,0.3231589015959153
0.5193313114709971,1.1851879809331902,0.5859155782665951,1.4987331198540423,8.731406547183736,-1.7616305220408899,-2.7033447846073653,0.24599489601211488,0.2503427500965344,1.4584613486394,-0.39663577085350044,-0.24876189052223568,1.8965592965165314,1.7367460901901164,10.118036348031424,-1.1904846888880902,-1.9666018331555555,0.3231589015959153
0.7735440538799544,5.369079763170653,0.5013758019890181,0.8628697961386097,6.865126174030842,-1.0681662133191618,-2.1649513962245246,0.268505049914064,0.22765242401730743,1.8112380589709847,-0.39663577085350044,-0.41291883991357076,2.521691555986418,0.3564444996128438,2.8359278246058497,-0.429843815239326,-0.559942357282585,1.038573376899758
2.5985508741523335,6.788994737181003,0.5013758019890181,0.8628697961386097,6.865126174030842,-1.0681662133191618,-7.272677380090891,0.389992979820469,0.5634453035912295,4.4828583856208315,-0.46843242422694775,-2.5772448609979652,1.5294277933018199,0.3564444996128438,2.8359278246058497,-0.3559663409905839,-1.5577140787694925,4.118470623251165
2.5985508741523335,6.788994737181003,0.5013758019890181,2.4407146577099597,19.418705064157503,-1.0681662133191618,-12.231513345598582,0.6056565366908151,0.5634453035912295,4.4828583856208315,-0.6639928163740654,-3.6531887743760088,3.9109038144512347,0.16838032493307115,1.339660028735268,-1.2649847589227987,-3.804642164184842,0.38284384201254185
3.806638336679463,2.82210791458975,1.1831431403130308,3.9122482397928087,5.589614016679244,-0.4963377808579339,-4.466937349236946,0.218352690888757,1.5827981262135435,2.26141851170605,-0.6639928163740654,-3.8009789929236493,3.93892962607308,0.06951801401632764,0.09932367317722868,-1.1056201419035787,-1.3263982650517263,0.4654835399564465
2.2767226142650157,2.416484633760845,1.104791447575537,2.5460725961359283,4.171960337352168,-0.4963377808579339,-2.3081155210211333,0.8103025471093999,0.4548310438852451,0.7452800356775141,-0.6639928163740654,-1.3050683155369642,3.93892962607308,0.05798256180162193,0.09500944649479393,1.2090802753198737,0.8484937576439089,0.2846146389816685
1.6898084514733895,1.427768639270627,1.104791447575537,2.5460725961359283,4.171960337352168,0.4860846712120336,1.67772002825305,0.8103025471093999,0.4548310438852451,0.7452800356775141,-0.24762547602301244,-0.36123726468990164,1.5968151602176026,0.05798256180162193,0.09500944649479393,1.2090802753198737,0.6297613568317614,0.18902532016614684
0.4707994293814233,1.2741577642229374,1.104791447575537,1.2827700048865829,2.1019296898501154,-0.006629818418864675,-0.0045252924810883915,0.7209795494413724,0.8922945390365142,1.46210183941571,-0.24762547602301244,-0.14096784574463586,1.5968151602176026,0.24907591784262384,0.40813245144936827,1.2090802753198737,0.3636567289074716,0.24540759145983665
5.949471890039285,2.3787899600901223,0.6935827978243447,0.44006351619767275,1.8295687499113569,-0.8812249774980987,-7.091524082420425,0.7209795494413724,0.31094456201157594,1.2927553243375687,-0.24762547602301244,-1.675065939688644,1.5968151602176026,0.19677018343846364,0.818074130852573,1.2090802753198737,6.506237057893083,0.26726736474643253
12.804495292441532,2.3595307160502905,1.1511529843423622,0.2957933622982932,0.4464289318100947,0.047665807938680915,0.4077984677773824,0.7209795494413724,0.1144295727585131,0.1727039157915657,-0.036224500950424815,-0.19275957860395937,1.5968151602176026,0.19677018343846364,0.2969772618356574,2.5527387935919967,17.812728254034724,0.2687547139449322
12.804495292441532,2.3595307160502905,1.1195972164750327,0.2957933622982932,0.47194870592805915,0.047665807938680915,0.4192922385696597,0.7209795494413724,0.3823374127495798,0.6100327802253985,0.8749011238043027,8.74979797056664,2.48874194812601,0.29597877805576,0.4722445432859877,2.518379891431495,22.159868657445134,0.4125734475109056
2.7693114898022597,3.0551166493173096,0.9013314620728281,0.2957933622982932,0.7281977922450698,0.6023085573540758,1.4233625010504536,0.7257910171339608,0.3823374127495798,0.9412559419645317,0.8749011238043027,2.350632017858901,2.3869897002904037,0.13181361893439156,0.32450486904117626,2.518379891431495,3.972863642149352,0.6700178071935479
3.9671090063681484,13.070241472879694,0.7087275758220529,0.35245836824450194,1.4033925279439496,0.9516499084743333,4.472402937974421,0.7257910171339608,1.0233282436972864,4.074612323695848,0.31133381180955944,2.493122224263156,1.8470677702252893,0.03463445854323338,0.13790491220580184,2.518379891431495,3.710096834923065,0.6339654076093845
3.6842998087086416,12.110756291787467,0.7087275758220529,0.38971706608460144,1.55174644108879,-0.7562878093446943,-3.470982648015145,1.0071802039040159,1.0233282436972864,4.074612323695848,-0.648183918664334,-4.820547457559281,1.8470677702252893,0.03463445854323338,0.13790491220580184,2.518379891431495,3.445609646030757,1.6112147158036019
3.6842998087086416,12.110756291787467,0.2818985988662327,0.39948881596921604,10.054229318710153,-0.5961621081437933,-6.96456066609007,1.5944856382743322,0.4464630235827532,11.236463805714155,-0.648183918664334,-8.005123642970066,0.1982893872239206,0.0052905728607853695,0.13315174453789827,1.3385786406597273,1.799584669448349,1.6112147158036019
6.398306071055621,12.110756291787467,0.4017471911681337,0.5771873302513888,7.152223659165148,-0.5961621081437933,-10.201168559479619,1.5944856382743322,0.6056107342121093,7.50443260698341,-0.648183918664334,-11.361147394699437,0.09310516485360114,0.001956474167275525,0.024243672884570862,0.9024935411811011,0.8991006704865177,3.095813153781577
4.3469911054318,4.9715883516881485,0.3909374536193764,0.5771873302513888,7.553221581567912,-1.3706652128243144,-16.37518649664654,1.5944856382743322,1.365510682341037,17.869423348616596,-0.648183918664334,-11.910836759298148,0.5735390447515718,0.003216431584006387,0.04209104944381314,0.9024935411811011,0.8048736896737055,5.291952248995495
4.265057467168016,2.1233477856682996,0.49131675213743514,1.7288362723040218,14.323881415672627,-1.3706652128243144,-22.125171017712077,0.4472253290183838,1.365510682341037,11.31362952005882,-0.8946849900950665,-12.835004199403839,0.5735390447515718,0.003216431584006387,0.026649015484578913,-0.3845404146452004,-0.26773642620983346,11.60438942251638
4.265057467168016,0.6256856985750285,0.7616744150216301,1.7288362723040218,5.959984442237842,-1.3706652128243144,-14.271802952182536,0.8579036399055817,1.365510682341037,4.707457006102769,-1.1139804300905798,-10.3085036665718,1.0101986271606977,0.0011153691420716706,0.0038451198882124833,-0.3845404146452004,-0.10170020307995124,18.40585605537228
2.2699223975352867,0.6817569327374566,0.8105017176345469,2.982307095413652,9.079762281299677,-1.3706652128243144,-9.375180542157079,0.8579036399055817,0.4315598757341881,1.3139026117865833,-0.36334484137884837,-0.9453912898366443,1.0101986271606977,0.0011153691420716706,0.0033957893476101795,-0.3845404146452004,-0.05086550624044192,18.40585605537228
2.2699223975352867,1.599363120857997,0.7066611464416395,2.3581277565570455,9.444411440048155,-1.3706652128243144,-9.561584116368056,2.0612342974897233,0.24121460119410912,0.9660757067507031,-1.515364351781586,-3.3809103678897996,2.674833067404035,0.0011153691420716706,0.004467105336412486,-0.5569959496674391,-0.08450378151970303,18.40585605537228
2.2699223975352867,2.3402150821675596,0.7066611464416395,2.3581277565570455,9.444411440048155,-1.3706652128243144,-9.561584116368056,2.908356297937685,2.113070603018356,8.462946132279768,-0.8516992086825405,-5.624164853918179,1.7191098080400697,0.0011153691420716706,0.004467105336412486,0.26679322074319745,0.04047612204376322,23.0812512332848
1.5240080271462566,3.912645144660813,0.8498562792659551,0.6652030944842647,1.8420155042424484,-1.3706652128243144,-2.835079787838817,2.908356297937685,2.113070603018356,5.8513089379664995,-0.3902267856567603,-1.438569490383039,1.7191098080400697,0.00033781467586843514,0.0009354434392593077,0.26679322074319745,0.012435716452015268,23.0812512332848
1.0590502391952057,5.538930718392766,0.795937833797034,0.6652030944842647,2.100032224709695,-1.3827305619028487,-2.1221061506323773,2.908356297937685,0.749047728282586,2.364727975985433,0.5514289686128007,0.8980421786148634,1.7191098080400697,0.0012792125962225172,0.004038447350285715,-0.0627618157835067,-0.0042239549254265915,10.680552711696768
1.0590502391952057,7.2430104486138465,0.795937833797034,1.2265634224704338,3.8722350124290545,-0.6415093413060375,-1.3369045492165348,1.6773900295799844,0.749047728282586,2.364727975985433,-0.44965834197157406,-0.7323013117579723,1.7191098080400697,0.0033204471151812077,0.01048258193647027,-0.0627618157835067,-0.006805283080364295,4.0958693740550824
1.3860135842077308,6.129350734229875,0.4986982421914055,3.302522210962071,26.558287500373236,0.8809958316162301,6.292762982732738,0.7717536557492907,0.5407194568469459,4.348368269657574,-0.44965834197157406,-1.2996107664842003,0.38507037670574257,0.011531878927781847,0.09273728878096062,0.46044451467621794,0.19434438065223467,4.0958693740550824
1.1555445625398415,4.6636854750315155,0.5168391365057503,3.302522210962071,24.72663159820145,-0.19635656194179552,-1.1282740427316345,0.7054780753309832,0.95628624995403,7.159902733296245,0.23944816032785232,0.7403750317668553,1.4658285039485117,0.012382944169422752,0.09271353196719789,0.7409471609878366,0.260702682384653,1.5489971534212474
1.21458657150029,1.3278422317318137,0.7345498209706136,2.057274527589169,7.625700249599931,0.09271827173439984,0.310980865604699,1.128235564081556,0.4574566603410054,1.6956547714764607,0.23944816032785232,0.37871167872351347,1.1987368325310823,0.015801353938772838,0.05857088446825879,1.0861992592204046,0.3192852593547465,2.408195241044774
1.21458657150029,1.3278422317318137,0.8366796896809262,1.8390023548767875,5.254045478915258,0.9077012345276713,2.5270760698155694,1.226218750314353,0.3030514508063883,0.8658205905857549,0.755078722367353,0.8533646772759187,0.684192193473676,0.07723825931748726,0.22067036841479062,0.8857146889236232,0.505352399877757,0.715864434102111
1.237680491075594,1.3278422317318137,0.5357885975301103,1.8390023548767875,12.812248318975707,0.8432232441626676,3.7356294352698214,1.6286546303151237,0.2721028095831428,1.8957282764892194,0.755078722367353,1.28673413351004,0.359728022842132,0.2165349842950786,1.5085896878690668,0.9853198902624755,1.497860480806266,0.5547284107620327
1.237680491075594,1.9769981975800677,0.5357885975301103,1.4653420239974841,10.208973269609597,0.7347075313755852,2.905454445444952,1.3765725138698552,0.10896618522895554,0.7591626078251648,0.755078722367353,0.81426952709413,0.36756442064148614,0.13997801634963583,0.9752206678328778,1.142017803951628,1.3958310932659206,0.5547284107620327
1.237680491075594,2.4655217054616596,0.7925893278095004,0.7798650144283,2.482864351311102,-0.08589614085719988,-0.16751692571778745,1.3765725138698552,0.4927059588414325,1.5686330816913685,-0.2408726323907544,-0.3733848471141449,0.36756442064148614,0.14631555545422592,0.4658263545081493,0.009936188487007502,0.008393447813445259,0.6867225788421442
1.58379113792219,1.7861536373072797,0.7925893278095004,0.32483567555787396,1.0341827161819108,-1.2170078359921854,-1.9601527705808008,1.3765725138698552,0.5749991722940145,1.830630840606141,-0.2408726323907544,-0.5161616746420333,0.36756442064148614,0.3748483444349078,1.1934085698506294,0.009936188487007502,0.017191441985366793,1.2536080875772104
7.65643829100759,2.875702067707515,0.7925893278095004,1.0794315660405116,3.4365974949736717,-0.5556178614620396,-7.886191516530373,0.5524476691368636,1.407680067967746,4.481645661936075,1.2421673571019387,20.13379567846726,0.8897043050878847,0.557189214053721,1.7739290914635915,0.9086002693683753,9.265476860272011,2.3315404937883883
7.65643829100759,3.8407068595573834,1.2355728065017775,1.786583603513944,2.340543174652087,0.8321391425402037,9.747226677514378,0.5121335144325522,1.407680067967746,1.8441543786114671,-0.29875994745793966,-3.1063314806648337,0.6434751361952546,0.4552019000001296,0.5963447207499515,0.9086002693683753,5.372152558377412,2.3315404937883883
7.65643829100759,3.8407068595573834,1.1779916369023187,1.786583603513944,2.574950739708678,-0.3049585478815623,-3.746727087479459,0.5121335144325522,0.899951021466952,1.2970731086247889,-0.29875994745793966,-2.605141928439835,0.955797455929201,0.18711196793608062,0.2696790115490371,0.7300818827419207,2.902832199409798,0.7257833039747918
7.65643829100759,4.61111400058086,0.6625933810505453,1.786583603513944,8.13877707608213,-0.3049585478815623,-6.6611187208184575,0.6697380338693613,0.899951021466952,4.099724596546013,-0.5208070776006342,-8.073856120550342,1.40964553874472,0.1812892607706651,0.8258627677977839,1.220682949538875,8.493439716126336,0.8652804684593067
8.589032119749357,1.4015231427347625,0.6897943800841929,0.7100753279885798,2.984661717951698,1.3668916587543083,20.28270516924727,0.558411104933344,0.899951021466952,3.782766779705855,0.5657013065062944,9.450095378450804,1.2285566198567628,0.1812892607706651,0.7620136838590019,1.220682949538875,9.152262975349004,1.5481557942404296
8.589032119749357,2.752424011955128,1.0498251971563657,0.1865727662993438,0.338566716866807,0.3515202478076844,1.7567772697552044,1.6492992871660583,0.7425044894411261,1.3473955081183304,0.04278540620802751,0.4265671762148817,3.802561431170144,0.2081732723170808,0.3777643583562051,-0.10932738907235473,-0.5771433467568772,1.447973308449324
8.589032119749357,2.734377307728598,1.0498251971563657,0.16537561257148925,0.3001010238993444,0.3515202478076844,1.6539726018611587,1.6492992871660583,0.7425044894411261,1.3473955081183304,-0.9348561304367898,-9.32044299845335,1.5479937417060785,0.23374865823360322,0.42417506777595937,-1.4930178000495895,-8.351832606407331,1.832275700393774
8.589032119749357,1.555939545879817,1.0498251971563657,0.36951477604643673,0.6705448337464864,0.6099156371029222,4.2897097230518515,1.6492992871660583,0.7425044894411261,1.3473955081183304,-0.9819097210536506,-9.789563641660882,2.2495806617724203,0.23374865823360322,0.42417506777595937,-1.3483565081147966,-7.542607897347677,6.534906996506933
7.001267189780395,3.063111239119894,0.8839505203727044,0.47854449404886557,1.224888078516035,0.4716579503926509,3.654702373692336,1.6492992871660583,0.7883563501069302,2.017886125275923,0.9631761933021615,9.57923259832831,2.2495806617724203,0.05480811349767484,0.1402874877135259,-0.9876871010624808,-2.590034225102898,3.5144123524523674
10.844192305372266,4.424265692197622,1.1448264808468123,0.47854449404886557,0.7302523890605068,-1.0229444721499905,-9.479507261481837,1.6492992871660583,0.38224402330591495,0.5832991805245621,0.9631761933021615,7.977166069354182,2.266570887528207,0.25704210671098787,0.39224275871759895,-0.6205948531204484,-4.214857026345498,0.5703074137488248
2.881423711397499,6.648205197296117,1.1448264808468123,0.47854449404886557,0.7302523890605068,0.36689547246719556,0.9034122422899622,0.6114471950739427,0.6892659532695821,1.051810469731959,0.3018721364109346,0.89206992673143,2.266570887528207,0.2579399407471019,0.393612841244941,-0.5915775855673531,-1.0694327149556215,2.555510390323872
1.3190724916972043,1.6312333728682984,0.6239903497797094,0.6304234087181093,3.238221710060746,1.4230035223854671,3.377753313534189,0.544615687867113,0.6892659532695821,3.5404712817085477,0.13222436103628435,0.32817891778393254,1.2773058246929108,0.228909450684851,1.1758122280913186,-0.8998581863744688,-1.2870983148532482,2.555510390323872
1.1659128470242799,1.6312333728682984,1.1611808599938296,0.6304234087181093,0.9351097586933791,0.5928230920067842,0.6683785358142083,0.2705623333621118,0.5781000008702428,0.8574982223671453,0.13222436103628435,0.14275593700843844,1.2415234232363475,0.32025260896162044,0.47503207486531185,-1.3051840082603576,-1.0488159881766945,2.555510390323872
0.947717082292441,1.6312333728682984,1.1611808599938296,1.1277087141397577,1.672735195065033,1.5183836754317135,1.8611176678926173,0.8341214798118878,0.6881728306034877,1.0207697250225563,0.13222436103628435,0.12660593827483227,1.7469823541991552,1.0767946479072303,1.5972141412297907,-1.3051840082603576,-1.5632629174453487,3.3725984307422086
1.052610608002621,1.6312333728682984,1.1611808599938296,1.1048395172369128,1.6388132167539564,2.189186154689115,2.949953458557002,0.8341214798118878,0.6881728306034877,1.0207697250225563,0.13222436103628435,0.14061871011320531,1.7469823541991552,1.5735552970364926,2.334061352662165,-1.3051840082603576,-2.0989187163074523,1.8620673215707377
1.63589838224178,0.8344564308040144,1.1611808599938296,1.1048395172369128,1.6388132167539564,2.189186154689115,4.584624222721046,1.0632288986529483,0.9984875430413395,1.4810608751510197,0.2313694844095343,0.4606264331540552,1.3041226742112246,2.7464899898609905,4.073880436792411,-1.3051840082603576,-4.309552803286128,1.2215791122261135
1.0998993465697502,4.8804005761944955,1.1403366685691976,0.7112003768698184,1.0938450212171777,2.203436346342692,2.5347279293610923,0.8122320340838566,2.8996306465323887,4.459708753302266,-0.23520498420371178,-0.5463270617579855,3.2239216332203013,2.7464899898609905,4.224174366237958,-1.574517428237598,-3.5593552388466265,1.2215791122261135
1.0998993465697502,10.193390468704607,0.8479425375950119,0.7417059513676496,2.06314102256037,0.12333436194762548,0.1948504856922393,0.8122320340838566,1.6768382116107186,4.664319729660635,-0.23520498420371178,-0.5587192323837411,3.2239216332203013,1.0755963880187407,2.991895949799728,-0.4872879483065491,-0.9270685695683626,0.29879492590466644
4.598459581834665,8.69202268078461,0.8479425375950119,1.3208584727178703,3.674120849422558,-0.1990810115251272,-1.7547648679946026,0.8122320340838566,1.6768382116107186,4.664319729660635,0.7099024895959318,7.050261558323848,3.2239216332203013,1.0755963880187407,2.991895949799728,0.16642668642662484,1.3237579549095717,0.5360530521122616
4.598459581834665,8.69202268078461,0.7335262144690001,1.1103369992120953,4.1271811307556945,-0.1990810115251272,-1.859811706244318,0.8555426947172454,0.8107213537146277,3.01349398941589,1.6263848226630846,12.982874268587066,3.2239216332203013,1.2613847766871984,4.688633678477874,-0.6160935985065892,-6.134543088985989,0.4747771430252127
3.6709507442419183,1.56724126648602,1.4159383199323492,0.5290795335447824,0.5277913727085274,0.8110800867208912,2.163084272896061,0.9403482380814038,0.4195605378487029,0.4185390251667177,1.6263848226630846,3.862512068198034,3.0015870440163255,2.867189595754161,2.860208790198098,-0.2799928424626157,-1.7382984995716286,0.4747771430252127
3.6709507442419183,0.826709127444054,1.4159383199323492,1.3346395943141336,1.3313901198081135,0.8110800867208912,3.4355396179641904,0.7100484844141506,0.4842006169411109,0.4830217237273531,-0.17459038750833455,-0.4454328248545478,0.8138934459095619,4.877942638640361,4.86606621124107,0.8632085600367274,6.990098614100215,0.4747771430252127
2.814048947363915,0.8536638419246112,0.9420941923492755,1.3346395943141336,3.007498001050164,-0.5474770650298606,-2.6717772731727654,0.6114270401975792,0.4842006169411109,1.091105339420115,-1.7444785583201063,-5.127794634604522,0.9413130272493893,3.707224476682882,8.353918354113928,1.3015138784803355,10.585845811379563,0.5825664888685144
17.963356416378193,0.8536638419246112,1.2347798557090572,0.9882907301504207,1.2963899213480554,-1.4607146088232974,-29.875878369732106,1.8391155354303108,0.45596590028672085,0.5981130648874231,-1.8154439356674794,-25.22098089093205,0.3697923970387743,4.21504171803138,5.529079080288232,1.3015138784803355,54.97467761252745,0.3489676225359238
6.989827030763829,0.3958228142460882,1.2977202326415684,2.601305473752927,3.089293701684624,-0.7264083992886494,-8.924355984579725,0.565395517979868,0.21597224615339858,0.25648725476973583,-1.3361260993416226,-4.7298434976890125,0.4849804155381671,1.6165520114523797,1.9198068038585838,1.1790300901023782,11.418789868547375,0.19802452878480517
6.989827030763829,0.3087792845125842,1.2977202326415684,2.601305473752927,3.089293701684624,-1.1794878647804736,-14.490704671230057,0.565395517979868,0.21597224615339858,0.25648725476973583,-1.6497088350693603,-5.839916315142559,0.9694033297049829,0.5945157525543747,0.7060430958417182,1.1790300901023782,6.924795030153943,0.19802452878480517
0.9405455972312486,0.3087792845125842,1.4022332489494025,1.4679986529277964,1.49319020176495,-1.0519494146337798,-1.2090166361147188,0.565395517979868,1.4417309211782603,1.4664717033570862,-0.6810252341208545,-0.7756751934402979,0.2661321298270154,0.5683893518563499,0.5781431810490744,-0.1645867035133648,-0.11770429367408815,0.2970532384434471
1.7785329785453696,0.27037747214055563,1.4022332489494025,1.6115966012544922,1.639252358570974,-0.7919540721169263,-1.8033699446683948,1.2793205067781819,0.6385307205704177,0.649488208711971,-1.0536950223580064,-1.510297440750441,0.2661321298270154,0.5059075865659813,0.514589199215043,-0.47466510499407294,-0.605591208108629,0.2970532384434471
0.7521751358667933,0.5436337052265392,2.0816803372940447,2.0298551203318604,0.9368433040049405,-0.7919540721169263,-0.5765705395559602,1.2793205067781819,0.6385307205704177,0.2947024267771611,-1.0536950223580064,-0.43025483326733255,1.6256638682429103,0.3115459939838146,0.14378847801984138,-0.47466510499407294,-0.13538430576152632,0.31241567346685756
0.7521751358667933,0.8653135019513924,0.8982981145521852,0.21264718681551278,0.5270461692065929,-0.7919540721169263,-0.4324573671008237,1.2793205067781819,1.0095891962307213,2.5022673768423807,-0.5058907091900904,-0.6019252109552117,2.1176781705966365,0.07603390865937877,0.18845008433380406,0.42842785491302365,0.13989263180202977,0.11564886734211939
0.7521751358667933,1.425600805013924,0.8108604107882829,0.4032634332917083,1.2266668950417092,-0.7919540721169263,-0.6597543946979884,1.3861547759957529,1.7638884014374658,5.365484023507344,-0.5058907091900904,-0.8814143761683162,2.1176781705966365,0.021596435621974126,0.0656931187936694,0.42842785491302365,0.08259554303687504,0.11564886734211939
0.7447470021069904,1.9874508208877044,0.9261723289938736,0.8031964011184708,1.8726997237617942,-0.4711061052104849,-0.48013301422113464,1.3861547759957529,1.7638884014374658,4.1126097147830105,-0.22208421737187073,-0.3354171066285508,0.785184388218957,0.07387265117278989,0.17223843788666302,2.2500802416446133,0.6954594435895723,0.11564886734211939
2.5334004016785125,1.7305931431064738,0.9560776705165127,0.8031964011184708,1.7573788649106923,-0.4711061052104849,-1.5821777290587682,1.9237681888084512,0.5378785184233369,1.1768682464841176,-0.2010869053125865,-0.5526517481273552,1.1486774648196267,0.04164698665702002,0.09112283625318335,2.523763999317859,1.9300394698405519,0.058255445995868946
0.8120646671263912,1.7305931431064738,1.0063663825780393,2.3751531292509362,4.690394461763761,1.0794378242144895,1.8984227555318498,1.8303583858143408,0.40827197633621776,0.8062455397579651,0.8776585422630296,0.6399556261473996,0.7190533957867636,0.0401036174054349,0.07919564539170038,2.0627318375086765,0.4713939862615449,0.06618495233664261
1.8881960922433434,4.7230956161215625,1.0063663825780393,1.2619365580526183,2.492041532014368,-0.5425717771577478,-1.6172677705575864,1.8303583858143408,0.40827197633621776,0.8062455397579651,0.8776585422630296,1.4880116835727202,0.5649370976292684,0.0401036174054349,0.07919564539170038,2.0627318375086765,1.0960756190954026,0.06618495233664261
2.4103081547119536,4.7230956161215625,0.6635599507217108,0.958024015375791,4.351570852883959,-0.3988712524960192,-2.0055261845289833,1.6855942605199894,0.21108696676935068,0.9588067493870498,0.8776585422630296,2.0713986818554875,1.880497703944393,0.022356737907441075,0.10154957233031896,1.972550127581855,1.5150943129557015,0.06618495233664261
5.936526360401927,4.7230956161215625,0.43040846509373903,0.7152792063360525,7.722252307311431,-1.1293885691343701,-18.63149833113972,1.6855942605199894,0.2084068633651228,2.2499890493457784,0.8776585422630296,7.815345588818036,3.4850639386377935,0.018227325601112225,0.1967847043958043,2.515537828078797,6.624588745968167,0.05814198923342348
5.746837424329572,4.7230956161215625,0.3535475492588927,0.21526016275856744,3.4442764144105507,-1.1293885691343701,-12.045401982247439,1.0441761218495105,0.06140428532890226,0.9825010303429046,0.8776585422630296,4.9994358798856195,3.4850639386377935,0.009537618353575859,0.1526069362946399,2.515537828078797,5.647378559006444,0.05814198923342348
2.2727156306635554,3.0088264722736207,0.44699215520819424,0.10776295790612596,1.0786975607451528,-1.1293885691343701,-2.6658661178172642,1.5317355470172023,0.018612028735543105,0.18630474132900302,0.7109975526653345,0.6974693997301179,7.56946302995169,0.0020100217759705537,0.02012013802249967,1.2956916206774753,0.41769783746046013,0.05814198923342348
2.2727156306635554,8.756653197454668,0.518633434626298,0.6837026089695061,5.0836566543170605,-0.8421683689099668,-4.315510026914534,1.5317355470172023,0.011485717387758528,0.08540181485615486,0.7109975526653345,0.4722225853973065,7.56946302995169,0.011979861362914387,0.08907601219654239,1.2956916206774753,0.8788750426708226,0.03718819477986188
3.3148737095116,5.491379986405852,0.8830232787108813,0.8593899676078669,2.2043267427146254,-0.8421683689099668,-4.14480303875409,0.7459825998768064,0.016958733482110088,0.04349898316970181,0.9880776234936157,0.6831209490595352,13.691309594692017,0.011979861362914387,0.030728225568878668,1.2018947810304648,0.6983966985464573,0.23566198048800907
3.3148737095116,1.2359384596371816,0.54246190132671,0.9096007442134268,6.182189583124015,-0.3419253205414162,-2.818184419058621,0.7459825998768064,0.016958733482110088,0.11526167512839842,1.2051923393186823,1.3563313910349382,3.422453596083833,0.011979861362914387,0.08142228840096627,0.1503921910442496,0.1422538162004587,1.944051715650618
2.2315293492487167,0.7689891663486407,0.7195988992761078,0.9096007442134268,3.513175310052761,-0.3419253205414162,-1.4301571997617661,0.8503535407726558,0.04002452534300079,0.1545877959381025,1.7864964655060827,1.5674452027078094,2.410340019848337,0.020595681038233796,0.07954725034862907,-0.064555207699805,-0.040629967225788675,1.944051715650618
2.0391326347429874,0.43740279533852267,0.7427559529175161,1.0882005321123944,3.944996726681807,-0.7779197759509731,-3.1506750290276013,0.4965166610004998,0.04002452534300079,0.14509882765690732,1.7864964655060827,1.3876488762615986,2.036957573475838,0.0695042856024727,0.2519702675203178,-0.4433834600642458,-0.4538366992859032,1.0578320122713718
2.6320524763783366,1.6908786326238068,0.8019970959145292,1.4690213099448133,4.567857005908472,-0.06456153048034574,-0.36318224670614907,2.003274532969851,0.010472132434186678,0.032562634171792906,1.643175934268443,0.7804379410417276,1.4967613557252206,0.1494503647181151,0.4647093210233037,0.8098952718252775,1.4531622224430671,1.046290839122298
2.6320524763783366,0.8086322467817649,0.9225939317830787,0.21534729331979016,0.5059973305048941,0.5490625845987652,1.0279938267218545,4.655852753606896,0.010472132434186678,0.0246061651145221,2.077889916620744,0.857904698405073,1.4967613557252206,0.10669762966288236,0.25070533717108384,-0.08510667134689742,-0.1121605004634373,1.6897018632334333
2.9402890926308283,0.9266307743209137,0.5843796907209025,0.24257489273695523,1.420645157132533,0.5490625845987652,1.9242198503369587,0.32221758843460213,0.010472132434186678,0.0613302723114483,2.077889916620744,1.5130386251816208,1.4967613557252206,0.04154793434555489,0.24332638489869898,0.5240748322976891,0.760112612490454,1.4009845133532741
3.9863166671301413,0.9266307743209137,0.6639151623512972,1.9644335358058151,8.913374644909746,0.27386585916119643,3.259348291464043,0.39489478112424425,0.04938691469820706,0.22408702826423016,1.5337086638325395,2.8941632526162633,0.9225418165636562,0.04154793434555489,0.18851862269401376,1.009837041704274,1.747834153798177,0.6751864118088324
3.152378444197149,1.198632864649934,0.6639151623512972,0.31780031584662116,1.441979698361041,1.2889365455579551,4.879209429768966,0.39489478112424425,0.04938691469820706,0.22408702826423016,0.9049822679121349,1.3504757109460874,1.5862134457681907,0.04154793434555489,0.18851862269401376,1.009837041704274,1.3821869085055951,0.6751864118088324
2.9984695513821906,0.8362588360540213,0.5323330537732601,1.0521434711804547,7.425711865363038,1.130283190308922,9.23540528349309,0.6445753830939993,0.053243114000293364,0.3757738694488797,1.6263210149144238,2.9892979573729335,1.5862134457681907,0.04241347296256981,0.29934152333431285,1.009837041704274,1.6566639514711672,0.40500305107145357
0.7509320956447224,2.2568586101111814,0.4733082624053252,3.373103473990338,30.114210913813253,-0.4574165278544198,-1.8849431820223657,1.6636440818490108,0.049464063961180006,0.4416025972127028,1.6263210149144238,0.8115639556924189,1.7248533782805209,0.09824443101947965,0.8771013221626007,1.009837041704274,0.7101937511715202,1.1855008872998702
1.602282422400387,3.5522440144428167,0.5342408826808529,3.373103473990338,23.636622603255763,-0.828724886559143,-6.45568245177706,2.6521479530105783,0.05783286000183847,0.4052569085030971,2.0342238632208396,2.0749279773946308,1.4506775690210214,0.10931531963614763,0.7660141394764983,0.03888649381708231,0.05453260551713815,0.3877513554791796
1.3639754846435561,3.2267844130182866,0.4677372762827762,3.373103473990338,30.835833702786815,-0.828724886559143,-6.276893975249919,2.6521479530105783,0.05783286000183847,0.5286895191103024,2.0342238632208396,2.017463377059493,3.9304134592946567,0.234656499413383,2.145154706632607,-0.7275801441180069,-1.4535056103485235,0.6026698092545141
0.6669064878215171,0.34763387727217615,0.5026087415286355,3.5774027513097186,28.32290247318695,0.4840143644796071,1.7178770254294422,1.0086460035935723,0.05783286000183847,0.45787253139945205,2.1577882005669453,0.9737468177124291,1.3193015411492648,0.06422997574099647,0.5085195783732734,-0.22510785058402105,-0.1070556080870591,1.69240752317668
0.358684041703261,0.34763387727217615,0.5026087415286355,1.6373799887523748,12.963414230059232,0.07040620380787044,0.09092486869904684,5.192235398519827,0.03533169884676442,0.27972703388863795,3.094524370227715,0.5870474179098424,1.7660428217372635,0.06018738541636167,0.47651370722506076,-0.11267823283365277,-0.027899073495459684,0.1433475235112843
0.358684041703261,0.3073231785221539,0.5190703493232872,1.6373799887523748,12.154218260120727,0.398174054688762,0.4979073393010141,1.6413245915285886,0.12253401381658775,0.9095659886195714,2.952351964099805,1.0099439957454437,1.7660428217372635,0.6039789651962313,4.483316162371298,-0.11267823283365277,-0.08557595711331409,0.1433475235112843
0.358684041703261,5.302551253330808,0.4031369461329643,0.19536097531197036,2.4041557932481648,0.4176625051773419,0.2322837600699028,1.6413245915285886,0.08918658998110546,1.0975500948473476,2.641897509745619,0.992750686651841,1.8301993066549451,0.6039789651962313,7.432700035704515,-0.028839597562872826,-0.028201652290420588,0.1433475235112843
0.358684041703261,5.302551253330808,0.41909400767162464,0.294590111778116,3.354480398356754,0.4176625051773419,0.27437856039655045,4.959328036386442,0.017978676175387863,0.20472213563015557,2.641897509745619,0.4287562087164721,1.8301993066549451,3.1737696421731836,36.13952956298973,-0.028839597562872826,-0.0621859821822138,0.5163981491860381
0.711059281389542,5.302551253330808,0.47389508443343153,0.27796156765321545,2.4754282346345264,0.4176625051773419,0.4672577020173834,4.959328036386442,0.03799941553351541,0.33840946755858353,2.641897509745619,1.092805890810638,1.939134170809137,1.3489690557341245,12.013445298950844,-0.028839597562872826,-0.0710769515721156,1.3633776905774284
0.9051897146985042,3.744183040722569,0.5919452852709259,0.114098080881465,0.6512462021792718,0.7628330728542736,0.5572392848473101,1.0074334017092128,0.03799941553351541,0.21689212351383227,2.641897509745619,1.1137237127581103,5.469605126043103,2.120110806564068,12.101115989921755,1.0652362328926275,3.3542718117822234,0.856679212336181
1.0069238488586807,8.045540305317498,0.765556251056421,0.17116207424811716,0.5840947766473974,0.32164473710544256,0.247522531533096,1.361537927272275,0.037164730539838604,0.1268255545463894,2.028006079273851,0.7272257775862575,3.2934354796251957,0.33010861524661844,1.1265037464570002,1.0652362328926275,1.1384366731204825,1.6717778437814586
1.0069238488586807,4.1729013064359854,0.9126237694435876,0.1041318743900877,0.25005188326115807,-0.6235987072095399,-0.31399078186437457,1.361537927272275,0.02628532396594032,0.0631189517936756,2.3744946401465716,0.6006862761980395,0.6544283048328293,0.30603739642974814,0.734887639100104,1.0648266551631331,0.9191491977993697,1.8439498156018355
1.0069238488586807,9.635367039395542,0.518948923970177,0.0853931599575428,0.634167306541743,-1.2581051145782622,-1.0088241717921629,1.6088723096331623,0.02207357946836647,0.16392814651839813,2.065512872941663,0.8420760149380158,0.6544283048328293,0.5879607175599878,4.366455870619561,0.5567275660875924,1.1713964150338134,1.8439498156018355
1.0069238488586807,1.8514460138540934,0.6839699811198482,0.28884634034404383,1.2348743859531468,0.1662593567860282,0.18603476689272558,0.314341103467771,0.02895321031256551,0.1237806155463687,2.065512872941663,0.7317299853058983,0.9501933316586787,0.5879607175599878,2.5136466302348053,0.4896934634575546,0.7817592818321935,1.0219474802595818
0.6340605294899115,1.6875648249044504,0.537323908238538,0.3121719048383731,2.162476916193351,-0.30651593295129437,-0.28579821602020744,0.7654317530835867,0.029141114548580337,0.20186630041572196,1.56036450541183,0.4445173263546598,2.3867766476133228,0.5879607175599878,4.072920911989968,0.631387691300864,0.8079413185605152,1.4068029579880783
0.3762362035601859,1.6875648249044504,1.0189103436758038,1.382486796392761,2.6632936014437747,0.766536452103475,0.47065526204915753,1.3341220326763423,0.04700339577060521,0.09054975680680412,1.098819254418978,0.12440289542266186,2.6200068554998506,1.788501755247915,3.4454616806115874,0.631387691300864,0.44094092292674114,0.30059992583766104
0.3762362035601859,1.989003909510568,0.895241688743138,1.382486796392761,3.4499308665006025,0.4907193680465051,0.34292486708075387,1.3341220326763423,0.04700339577060521,0.1172947664472927,1.0663327876109816,0.1374018765231717,2.9960084927323307,2.60665205664022,6.504777775740543,-0.4340274031844844,-0.4164798228398204,0.6222441621585675
0.3762362035601859,0.8987377276881129,0.5245504707496433,1.382486796392761,10.048851437404462,0.3972043847389994,0.4737321184230644,1.3341220326763423,0.05046239420652164,0.36679489734020787,1.4174972958451597,0.322994007702441,2.9960084927323307,2.7581344329935797,20.047991224118867,0.20012774532376287,0.33713459341372976,0.8112999460260211
0.3762362035601859,1.9870861625652716,0.5245504707496433,0.6056426833421689,4.402221681202537,0.3972043847389994,0.31355271939679497,0.3702233834496827,0.1990376527184021,1.446740618308735,1.4174972958451597,0.641472672921732,2.9960084927323307,4.242372237825114,30.836437983572853,-0.5757875684534695,-1.2029704800991516,0.8112999460260211
0.34163360559668854,1.9870861625652716,0.5111092965602109,1.1192905945209806,8.569298856466485,0.38557065963442505,0.3856001618951536,0.3702233834496827,0.1355062859797086,1.037437343951675,-0.6447088488757549,-0.2243391934258286,2.9960084927323307,4.242372237825114,32.479640000779504,-0.550448051593404,-1.071722940004378,1.4079324113424059
0.47724073043637494,1.9870861625652716,0.5111092965602109,1.1373466995218038,8.707536558715748,-0.42158399091360044,-0.5937030305322339,1.2519041390139725,0.5467910359131652,4.186237087770849,0.192413187410868,0.18788159835259668,0.3657984402243833,4.242372237825114,32.479640000779504,0.0988017118457617,0.26872469242887254,1.4079324113424059
1.9773027343754555,0.5164847604356342,0.5684165675724803,0.5731446957554096,3.5478137916483203,0.1484394509691246,0.5528444004180594,1.2519041390139725,0.5467910359131652,3.384682424401709,1.2594497087339716,4.581555589528407,0.3599813841517002,4.242372237825114,26.26064036905087,0.0988017118457617,1.0011295772647093,1.4079324113424059
1.9773027343754555,0.5809825916272183,0.5684165675724803,2.082701200882646,12.892095310478549,0.5972837277278098,4.2404857078645835,1.2519041390139725,0.5467910359131652,3.384682424401709,1.2594497087339716,4.581555589528407,0.1877786461156567,4.242372237825114,26.26064036905087,0.0988017118457617,1.0011295772647093,0.4108441494990246
1.9773027343754555,4.195873972286154,0.4530244395126562,2.082701200882646,20.29615167085365,0.7996326946190787,7.123124901214857,1.1781290326412208,0.5461581024088275,5.322370620450697,0.9364189631737372,4.271652577792945,0.14000322806368598,4.242372237825114,41.34238283755088,1.088767591360606,13.842231370261011,0.4108441494990246
0.8965980075373616,1.354115180862229,0.31530748711299206,2.082701200882646,41.8975276597293,-0.41390846531295666,-2.402128723463901,1.1781290326412208,0.6240072688291451,12.553102573984832,0.3394612787579192,1.0783594563037524,1.475636002557458,4.242372237825114,85.34345114019108,0.37654685587770653,3.1189031971033874,0.4108441494990246
1.439218473353169,0.9356324914989558,0.31530748711299206,2.082701200882646,41.8975276597293,0.02163550944616488,0.2015524347988445,0.6701162608509188,0.7298124406502268,14.68157645734241,0.8875159669119322,4.894284889272918,1.475636002557458,3.3148872182589715,66.68531177541398,-0.008762771546938442,-0.10298721338911881,0.4108441494990246
1.9499994999491101,1.0095397560312278,0.35368111978705474,1.0350708920492497,16.549174582315082,0.02163550944616488,0.1716286532427017,0.6145298431251236,0.4966849496524724,7.941220265535242,0.8875159669119322,4.8770172994654635,1.475636002557458,1.7653743178072612,28.225591129015783,-0.008762771546938442,-0.09078153304131574,0.4778717081260722
1.9499994999491101,0.7561376550096042,0.3015535855511037,0.7105701709835455,15.628164522611566,-0.5209080557825897,-4.015591821669269,1.7164231073446847,0.3926870588748939,8.636695167632373,0.8852034046784699,5.072842414346647,1.475636002557458,1.9938289454198268,43.851948845299525,-0.24262228579151995,-3.1329945498639584,0.7811186616014213
0.9397114992706214,0.7561376550096042,0.2638302540639465,0.7105701709835455,20.416804798763454,-1.0910676878816177,-4.632763432293378,1.151855090047664,0.7612393040955204,21.87268043541991,-0.39536988783192306,-1.7375973068541177,1.241576481809951,1.9938289454198268,57.288664854049514,-0.24262228579151995,-1.7256772819716006,1.9216517021534978
0.6616741261993248,0.7561376550096042,0.535700683005998,0.7105701709835455,4.952136052675538,-0.39128358853795975,-0.5761453608097648,2.7874695797893776,0.2418209877513612,1.685309179358806,-0.5056960256159124,-0.43438366583544014,1.241576481809951,1.32098156697705,9.206241283238949,-0.3485882902323963,-0.6998389716910277,1.082090242919519
0.7764661716026974,0.8945965688966943,0.535700683005998,1.5166897140014306,10.570178879071694,-0.10256657856898166,-0.2589223717163336,6.145014403410186,0.12510960915843733,0.8719192436576263,0.8976221091674033,0.6508099918448861,1.0983255525679538,2.4393193994091367,17.000209177208138,1.2425849838828185,3.978100705946437,1.363490831067484
0.7764661716026974,1.0747870200695895,0.535700683005998,1.8226953948484919,12.702806769078279,-0.1586103241747107,-0.4389386647298151,5.782257840966508,0.12510960915843733,0.8719192436576263,-0.024957615863648863,-0.018095215804961772,0.47811513351684076,0.8276498600246672,5.768092833318398,1.2425849838828185,2.31720662379655,1.1148605676342798
10.058432641015767,0.3820224428382608,0.535700683005998,1.5042655262754328,10.483591698135067,0.45117091787093555,14.693540643754467,4.675630589766605,0.1454937524273374,1.0139812875020773,-0.024957615863648863,-0.25278329938385513,0.40234198213819994,1.8590179516103165,12.955947486506101,1.2425849838828185,44.987411204594416,1.1148605676342798
18.456937915152793,0.33255539187240646,0.535700683005998,0.7419906157027588,5.171112761013494,-0.6279467111317234,-26.355693331574013,3.2342434707907004,0.12401595496090646,0.864297302008632,0.979754379569723,16.81157658985402,0.35919364234775975,1.5312319544174637,10.671527283482243,0.7227858554754778,43.57953439827447,0.37830440626228073
22.9782364600894,0.4320302160608668,0.535700683005998,0.4282716812067258,2.9847293334987235,-0.649498918083715,-25.783840333983196,3.2342434707907004,0.2648380602791326,1.845720746500799,0.979754379569723,30.585592970498123,0.3363662538098481,0.7931539807675787,5.527682674950342,0.7227858554754778,39.04791877157474,0.4312320420187829
27.05004761133509,0.4599408646763983,0.6670032486935796,1.5665098862903746,7.042181877726268,-0.16977710395878703,-12.187111196244228,3.2342434707907004,0.3361824021537567,1.5112944008696976,1.218080669126146,40.50593127767242,0.46827855017710307,2.7525968266143805,12.374187778012832,0.19182348375602576,18.252743842405135,0.6398406725214133
20.28025648885078,0.4599408646763983,0.6670032486935796,1.5665098862903746,7.042181877726268,-0.14106135116099244,-7.591631190174084,3.2342434707907004,0.1826417335020402,0.8210585308404261,1.218080669126146,22.383941041380293,0.46827855017710307,4.334485161339551,19.485502849102808,0.3543575421272903,31.722757616381493,1.1698981517897484
20.28025648885078,0.6299629511478826,0.6670032486935796,0.5611021421993182,2.522412001309886,-1.3303688080987564,-42.85026471352482,2.297022554509117,0.39700637704745206,1.7847261215861165,1.218080669126146,33.00162190891211,0.4840933454828294,1.242754932994579,5.586754570897803,0.43332705379578496,20.771556625329605,0.8542252129898531
5.55068730334059,0.6299629511478826,0.8448648071844936,0.9068766835523622,2.5409948904464192,-0.42485840212174975,-3.7591778186072626,5.195373967984469,1.5413444290067708,4.318722037468858,1.218080669126146,14.050780184030637,0.8857496560140883,1.242754932994579,3.4820984948544855,-0.46515383152984435,-4.817967770735888,0.31083282074503815
3.9532148477455613,1.497822085031683,0.8448648071844936,0.9068766835523622,2.5409948904464192,-0.003723556392540517,-0.023464442994029368,3.98253335876676,1.7291654018227458,4.844981164977359,0.6976666785005828,6.070779310481504,0.8857496560140883,0.7056212383482781,1.9770934612742468,0.07920360668807624,0.4402597434885274,0.31083282074503815
1.4998513656185657,0.4639452582618545,0.6619014092426244,0.9068766835523622,4.13991686696523,0.31175620963883344,0.9513912340497809,2.0968542038198774,1.2061009565348155,5.505883858059386,-1.2622637909215952,-4.4423407717633365,0.7918819255461139,0.525408832173088,2.3985056908129008,0.07920360668807624,0.18397701065143002,0.31083282074503815
2.2934229960620107,0.57857880368873,1.1216105921071557,2.11121385780537,3.3564332878551473,0.3125042730622829,1.3130435562906295,2.0968542038198774,1.4551435274692048,2.3134047534538578,-1.321782020600351,-4.610731313209912,0.7918819255461139,0.2638963255112401,0.41954556532199494,1.0921439222413079,1.6223838091431266,1.1167104585003944
3.852362911411582,0.57857880368873,0.7039962792540919,6.376982410989139,25.733833524931732,1.5664451631656369,30.612206386390728,2.0458228309194992,0.3684604326744594,1.4868943998699395,-1.321782020600351,-6.2090777205943715,1.013745311684712,0.38331154484003355,1.5468249475017455,1.2028226270396623,5.763009908179369,0.7664719385672474
3.852362911411582,0.48689120451356016,0.9058029179508292,6.376982410989139,15.544536751895947,1.327745072983455,20.166511741047483,4.488168432534688,0.13338275416938392,0.3251338941569212,0.15943663262803498,0.35022442357513006,1.013745311684712,0.38331154484003355,0.9343604877949947,1.7089153596131017,6.363630850571401,0.6854568149386815
16.360857286102192,0.318029603053392,0.6067023178153068,5.458861381931435,29.660656119228488,1.327745072983455,118.30718795929837,4.488168432534688,0.10369284612634447,0.5634138029512265,-0.029500370919286145,-0.36228243171059993,1.013745311684712,0.3889480036675722,2.1133441899128225,-0.8740496350488853,-20.788696996247396,0.6854568149386815
16.360857286102192,0.318029603053392,0.8376928931649779,5.458861381931435,15.558309263261304,1.327745072983455,85.68443845563512,1.9486712377523243,0.10369284612634447,0.2955351410389958,0.444189995293019,3.9507485848077866,0.5590274569761112,1.8183473257444287,5.182474524008953,-0.8740496350488853,-32.554478309332154,0.6854568149386815
4.209782315835743,0.318029603053392,1.108026702979873,1.3114598202912293,2.1364096524573015,0.8497596019033652,5.2287513026145716,1.9486712377523243,0.09754793992679774,0.1589086887851866,0.444189995293019,0.7454220477972363,1.4871640626209246,1.7072525300397552,2.7811685329018503,-0.1817208608602534,-1.275786723772846,0.6854568149386815
9.473597341361607,0.318029603053392,1.108026702979873,2.758932035226538,4.494387810693847,0.8497596019033652,17.066571104168826,0.3058052067770332,0.06594556213985188,0.10742741280553783,-0.9349863838908279,-2.903205423643315,0.9831434791562286,1.7072525300397552,2.7811685329018503,0.351019679853794,5.545746849279187,0.6854568149386815
1.2681673434177765,0.3844739960059254,0.43722703315296435,2.758932035226538,28.86403123156328,0.8497596019033652,5.789634385720129,0.5959210549976391,0.09122648972336621,0.9544143222451357,-0.9349863838908279,-1.1583780665932093,0.9539981168908518,1.7072525300397552,17.861328121911004,0.6389690384059065,3.424626827967946,0.6854568149386815
3.8377034666298195,0.25751599824299165,0.2571652147547947,2.758932035226538,83.43466954614911,0.6982304712303474,24.476171486928585,0.5138832594598238,0.09122648972336621,2.758839988350509,-0.9349863838908279,-5.959913504458795,0.3499382709003967,1.7072525300397552,51.63014124920181,-1.2115975309246876,-33.410382727344825,1.2581709636887706
3.8377034666298195,0.4305372010362126,0.24035993825577326,0.5120800992203375,17.727346210570353,-0.4193613424449384,-6.776129097755787,1.4585828389231017,0.03568325929585224,1.2352940339260166,-0.9349863838908279,-3.98806173667895,0.4319128529908382,1.7072525300397552,59.10219263542298,-1.2435101957015988,-36.68787531656461,1.2581709636887706
5.063151980465503,0.5286638611373408,0.16726513121335726,0.3387802154173883,24.217940305901024,-0.21867899925639786,-5.448747010319243,3.2004803361238423,0.02427726700437204,1.7354773872433331,-0.9349863838908279,-6.236425372546586,0.7687152150994061,1.7072525300397552,122.04413946859762,-1.88319252807463,-105.3353520069055,4.280919864324495
1.5707276710689302,2.8166106095429715,0.5049983325549948,0.21878578591283623,1.7158100635232283,0.8939001961685659,1.8391812577508315,3.2004803361238423,0.02427726700437204,0.19039252877943952,-0.9349863838908279,-0.6408127321735062,0.7687152150994061,3.7490570041564633,29.40168032221557,-1.88319252807463,-16.03916269228715,4.280919864324495
1.1055814550428158,2.8166106095429715,0.5049983325549948,0.2071183141973007,1.6243088478392986,0.7790914564124148,1.0977753940457469,3.4204366955147822,0.00848084053475824,0.06651031499126361,-0.9349863838908279,-0.26658796158542514,1.286479706379034,4.9731362377648125,39.001424011285735,-1.88319252807463,-13.002465188378778,2.061958656143604
2.8261160782083876,2.8166106095429715,0.6015044191179378,0.2071183141973007,1.1449086947632943,0.6743650094038194,2.039249904690804,1.931996199865678,0.01823091482078427,0.10077685777184132,-1.8161809782540022,-1.6294068024463981,2.432358767440799,1.5411731249544747,8.51929737712635,-1.8540666936093646,-15.293864468063084,0.695690578724692
3.2694804806837405,1.9252228214225318,0.6015044191179378,0.034735310061481894,0.19200985996248443,-0.32191573318641153,-0.4611930107742838,0.43178085434980706,0.041850679189369806,0.23134220009156106,-0.7215994742217673,-1.1347557386561953,0.3786561386053563,1.5411731249544747,8.51929737712635,-1.133649565314692,-10.818311039980253,0.9987675371016927
3.227481395347939,3.6536537455745677,0.6015044191179378,0.034735310061481894,0.19200985996248443,-0.5031597585430283,-0.7115925833543337,1.7918918692086778,0.06865121573698241,0.3794902160533625,0.011017262277501993,0.021904721083602918,0.9202275479282398,2.1893623230355868,12.10235786895602,-0.9581565083994473,-10.758090587563489,0.4226773964830329
7.063782610204348,5.900676073552553,0.6835467433051265,0.018541304462168336,0.07936588147529379,-0.5031597585430283,-1.0012906190385114,1.5442165421867597,0.06841008383012419,0.2928287282081337,0.011017262277501993,0.04211316232305924,0.9202275479282398,2.1893623230355868,9.371545081472416,-0.30264525274648413,-6.544504800490022,0.4226773964830329
7.063782610204348,5.188504237534396,0.39380172452123974,0.0016656532381676375,0.02148124071755497,-0.8056924213715579,-0.8341348852865617,0.42483062843810393,0.025124048250105644,0.32401445624642555,1.047937137747395,4.21361401987227,3.0201387633770067,0.7656083189329058,9.87373375052097,-0.30264525274648413,-6.717565307826836,0.38476062091814067
7.063782610204348,2.994001383283946,0.8959847899994738,0.0016656532381676375,0.004149667644950288,-1.1159810577289702,-0.5078094816912128,0.358760656047729,0.03483885329329318,0.0867945734355775,1.047937137747395,2.1808150888671833,3.0201387633770067,0.7656083189329058,1.9073718328525913,0.20680851703828584,2.017545919694097,1.136161312077594
7.063782610204348,1.4109781972608537,0.9543188147228854,0.005438849371374728,0.01194400714546338,-1.4705402320446237,-1.1352441254741596,0.8088394918498523,0.0923995732973904,0.20291445641246839,1.047937137747395,3.334487174151791,0.533212687023554,1.3218170149197424,2.9027815983081626,0.20976579971063167,2.5245221643666262,1.136161312077594
6.494445065984103,0.745691932798231,1.386611944024215,0.005963578531833878,0.006203361133684052,-2.4277888614786085,-1.241842430741252,0.8088394918498523,0.0923995732973904,0.09611476040808666,0.7545257178261707,1.5191866615763405,3.2196003168305536,0.5419833870259999,0.5637753674630714,-0.1694175182785699,-0.8261395459772694,0.8329476568789629
6.494445065984103,0.3488206266169988,1.386611944024215,0.005963578531833878,0.006203361133684052,-1.188628671922514,-0.6079974838874623,0.8088394918498523,0.509354080716866,0.5298341072789939,0.32783844895027864,1.5497865586948985,2.095913577581532,0.258900299664092,0.2693101210728084,-0.1694175182785699,-0.5709876315303987,0.8329476568789629
2.4033438508635303,0.3488206266169988,1.0813369839342866,0.005963578531833878,0.010200344141294747,0.5659616730776635,0.13737583478400914,0.48309081403425785,4.745738219735627,8.117301178712362,-0.8714783526490841,-5.9673064889546605,1.340319634275514,0.36829798739802294,0.6299516637455624,-0.1694175182785699,-0.32316762001365335,1.5171469641307587
0.47431079644732643,0.674668599302882,1.0832739442063726,0.005963578531833878,0.010163899071211537,-0.19143484892221263,-0.009154069009961512,0.48309081403425785,2.7174885017176473,4.6314941123350035,-0.9708569852691122,-0.9910118057374212,1.340319634275514,0.6639711638662213,1.131625224637709,-1.5411188837013405,-0.7775896335125863,1.5171469641307587
0.7531559799308676,1.018738239592193,0.9910966654714336,0.016746855669402972,0.03409818346585604,-0.0846001101358591,-0.011765800457230876,1.088003291854359,1.4125611357227048,2.8761081909012405,-0.9708569852691122,-1.2400602824407496,3.898655562283661,0.6442243848407103,1.311701832339247,-1.5411188837013405,-1.3293478370392298,0.6066652111487598
0.9583920826495176,1.018738239592193,0.5953498492503798,0.0046955099404970705,0.026495264778981356,0.6958455941536048,0.10855260029030821,1.088003291854359,2.093210019475475,11.81131642927549,-0.9708569852691122,-3.1977729853280934,6.027227796362968,0.38670135451999127,2.182032390141907,-1.5411188837013405,-2.18177497359521,0.2179180219487042
1.3890044154834207,1.018738239592193,0.9180666818541476,0.00959864000154867,0.02277672333501131,0.6958455941536048,0.14586870633934737,1.453356948009556,1.4088877101113064,3.3431658628853027,-0.9708569852691122,-2.465686445717075,3.8213943801989054,0.38670135451999127,0.9176080948712416,-1.5336336102928982,-2.040581110551222,1.2599427986789937
2.0196938088900485,0.6994744471967708,0.6587988403689538,0.0924689677832596,0.4261086527538688,-1.9833684106058191,-2.6148639803691545,0.7381525402102164,0.6688537396219248,3.082162294140824,0.04245728142674987,0.15054469921039992,3.8213943801989054,0.49791349660260026,2.2944481193150295,-1.5336336102928982,-4.691873269304406,1.4184876928394439
2.5932536326751188,0.6994744471967708,1.0798032048890718,0.5202484890275523,0.8923836382430375,-1.9833684106058191,-4.85874589019556,0.4542017414640961,1.1683593596662438,2.0040899649764308,0.41180716044655113,1.5118109807831828,6.050278839429022,0.49791349660260026,0.8540723654173055,-1.5336336102928982,-3.6754790162251423,0.3521149750237841
2.5932536326751188,0.3662087638542428,0.5934601457089608,0.39544916591733736,2.245626588583369,-2.0392227909664884,-7.924619925928518,2.7907584422992855,1.1683593596662438,6.63473100771491,0.41415583699147607,2.766434814934001,6.050278839429022,0.32154744321237677,1.8259628549062437,0.18675723374159925,0.6544378311953953,0.9292816104001353
1.7945850098949452,0.5235476831554342,0.5934601457089608,0.39544916591733736,2.245626588583369,-3.1103753529279974,-8.364608299898576,2.7907584422992855,0.633383641363001,3.596778722542121,0.40767024939485513,1.3874901702726505,6.050278839429022,0.32154744321237677,1.8259628549062437,-0.19999483666271356,-0.4849855381757668,0.7922954033244084
1.382263404184484,0.8450948453365495,0.9583935392667254,0.39544916591733736,0.8610589887134773,-2.7127447905587347,-3.47949487085507,2.498987428078128,0.16497597783481294,0.35922202113369817,0.2924084756713574,0.2422491394357908,3.1706631312531472,0.5213094720456161,1.1351097574452493,-0.538654499719905,-0.7932681739801349,3.5546351288158666
0.43878075553723284,0.8450948453365495,0.38928005732688864,0.10559736072037929,1.3936661384938207,-1.2694252141566023,-0.6575580002835248,2.0008055301479586,0.21517377462054266,2.839847525873602,-0.7542437303836873,-0.55770789429131,2.3483121238988955,0.5001053949501983,6.600353928028237,-0.538654499719905,-0.6072135801077361,1.3515521898794784
0.43878075553723284,0.33369169328153175,0.35328456720393386,0.04441470602873414,0.7117171895771406,-1.2694252141566023,-0.4699032183491457,2.0008055301479586,0.06923966555187247,1.1095212505056027,-0.7542437303836873,-0.34859976719896596,1.021651170644857,0.28744445321706075,4.606113080447535,0.46887890401285626,0.4415456013515715,0.7864338950971561
0.43878075553723284,0.508508258262573,0.35328456720393386,0.4022610657332896,6.44597568640402,-1.2694252141566023,-1.4141615452231513,3.380349565259238,0.0743689686206833,1.1917150437564614,-1.9680403581510186,-0.9426875743802353,0.523471496745482,0.7443105502393739,11.927099385646441,0.718141510879797,1.0882408437041662,0.6651036706653143
0.43878075553723284,3.87329993359765,0.4210105993842212,0.6222570158635161,7.0212387010848225,-1.2694252141566023,-1.4759157284234723,2.4489338317393012,0.0743689686206833,0.8391424561355749,-1.4125541587781503,-0.5677674972750131,1.4574126405795915,0.26215803231253815,2.9580608580502785,0.718141510879797,0.541952413972899,0.8105381543706848
0.43878075553723284,2.010172382422089,0.4210105993842212,0.228458882985037,2.577816416573728,-1.1291235542438922,-0.7954539290824121,3.0157080508223615,0.12464805916104289,1.406466708586834,-1.0577513519316064,-0.550422133142479,0.4351967010126457,0.6184536710867328,6.978323650133951,0.718141510879797,0.8324020797531614,0.8105381543706848
0.43878075553723284,2.010172382422089,0.5935969813128564,0.228458882985037,1.2967452841967637,-2.1307929710288054,-1.0646728166461494,3.991929902795084,0.12464805916104289,0.7075092935298474,-1.0577513519316064,-0.3903886971866541,0.4351967010126457,0.8541084788722666,4.84796707266849,0.718141510879797,0.6938050129227242,0.38747378886256884
1.2987891108312235,2.010172382422089,0.794947775435682,1.5402818656672879,4.874757333243107,-0.3084655839082322,-0.8845489177084872,3.991929902795084,0.22104091214452717,0.6995607956187102,-0.4907905924331655,-0.5331477734164545,0.4351967010126457,0.8541084788722666,2.7031231514005625,0.6421997091029221,1.3713289971307359,0.25388513555504033
1.2987891108312235,2.010172382422089,0.4729296621321287,1.5402818656672879,13.773270927986943,-0.8776731708985284,-4.230483512897453,0.6441923627422241,0.5454832138529438,4.87773586025489,-0.4907905924331655,-1.4078098763362377,0.184947231578793,0.170058799275265,1.5206735652189523,-0.8076895028253193,-1.293603183254682,0.5297022964392848
0.8311546993919906,2.010172382422089,0.4729296621321287,0.8532580514963645,7.629872542616958,0.09563640421468944,0.21956532008607943,1.4750241961667703,0.5148694283205373,4.603985989099683,-0.5111532580329453,-0.9115909283786291,0.4571775301012623,0.20030182462333626,1.791108081839392,0.22498780048095668,0.25026593035895595,1.8165653617203785
0.3629066137648226,2.010172382422089,0.38527037998858427,1.0283234700368031,13.855700946970641,0.718756785061145,0.9709370890258028,2.4542905324300714,0.43594505353252255,5.873953543860629,-0.5111532580329453,-0.4495844379701585,1.3070694217844079,0.16816018655013673,2.265801884247668,0.4003616619817837,0.21870480931779002,2.9207986711512453
0.7403976866701266,0.7303036863362674,0.735587856267335,1.4441603910272174,5.337972391896487,-1.0381573958274721,-1.775891452760353,2.4542905324300714,0.43594505353252255,1.6113602579040578,-0.5111532580329453,-0.4804105216773057,1.3070694217844079,0.16816018655013673,0.6215614545295168,0.27079861896439217,0.15807148580333102,2.9207986711512453
0.4870191755636134,1.6358418392909364,0.6228744758030198,0.4633820161801162,2.3887357051650344,-1.0381573958274721,-0.7814358184114708,0.27222272486220095,0.4691181082364103,2.418305277191018,0.8663894152646595,0.656167567756204,1.3070694217844079,1.9743581083157686,10.177822063519143,-0.04590785067471437,-0.07132806596975658,2.2855324399290184
0.4870191755636134,1.6358418392909364,0.6228744758030198,0.4278654869357739,2.205647888704498,-0.42307704079015584,-0.3060085848419737,0.27222272486220095,0.360825381301867,1.8600559399148788,1.239956561726773,0.8235984775055953,1.3070694217844079,0.9926876903367715,5.117308068044546,-1.2038768108024105,-1.3263217503539586,2.2855324399290184
0.4154535601863838,1.6358418392909364,0.3329643819465162,0.25458957130655113,4.592773718186793,-0.3078314662390773,-0.27407727028453793,2.4625506807402235,0.360825381301867,6.509258488449719,1.6679683750375984,1.767974741522195,1.3070694217844079,0.5448654736826433,9.829325744312797,-1.2038768108024105,-1.5680734370660347,1.2205409316025848
0.7129387294598102,1.6358418392909364,0.29175648614571525,0.10122996016968973,2.378471884479098,-0.3078314662390773,-0.3384653616085739,1.6906763657849995,1.2739293407726073,29.931900741257852,1.868802929737026,7.289250281584908,2.6746852041638296,0.5448654736826433,12.80201244577379,0.277448785781796,0.7077406798224122,1.2205409316025848
0.7129387294598102,0.6235853482594964,0.4151927027692277,0.10122996016968973,1.1744638067136268,-0.5389771246078309,-0.416430336472119,2.8040216021979463,0.13588695416433097,1.5765521314345632,1.868802929737026,1.672899618499007,1.633880909313396,0.5448654736826433,6.3214959019587456,1.4018027859392743,2.5127486999377138,1.2205409316025848
1.0780199822532495,0.8443347538004689,0.46214275581374736,0.1275107634860973,1.1940555794444254,0.7001831329071161,0.8248039398390198,2.8040216021979463,0.11286741238730412,1.0569300960480055,1.868802929737026,2.0711590441559125,0.8565050309211876,0.4955188760735057,4.640212814348898,1.4018027859392743,3.2552374958234105,1.4945677351285713
1.2161117703245934,0.8443347538004689,0.7859412728239622,0.07909336415602035,0.2560883678135961,0.7001831329071161,0.4309035405916585,2.3567107275453574,0.17739080444921718,0.5743556625930042,1.868802929737026,1.722373963270089,0.6094577284087319,0.3164664761287172,1.024654649657544,1.3577242752619518,1.6713747329795268,0.33946006651751237
1.0926078549358018,1.1393934840392326,0.7859412728239622,0.07969970738942155,0.2580515849637761,0.8977644240400113,0.4982874801571026,2.4680488981997835,0.0881009685135726,0.28525317477876566,0.7978742987369405,0.46560114266212094,0.27458464678238015,0.2169895582296217,0.7025684441744332,1.3577242752619518,1.2434267929838092,0.5052023247199741
0.4152498192427978,1.1393934840392326,0.7859412728239622,0.04750634516465252,0.1538159683030648,0.46330110228584587,0.07545247627446465,2.4680488981997835,0.13095748692552822,0.4240139414676315,0.06215287901890609,0.01680586114220087,0.9126549893543211,0.24200249862782314,0.7835553025429629,1.2439239590486366,0.45723357329395653,0.5117209244649203
1.5871685512495857,2.0038003367130477,0.47384296512552604,0.04750634516465252,0.4231679240573302,0.1574722824645547,0.16258614822795714,0.9067899390216786,0.13095748692552822,1.1665180238549315,0.22549827650294726,0.386555630261124,0.9126549893543211,0.29235740648865005,2.6042053194746537,1.2439239590486366,3.1860639839549902,0.5117209244649203
3.4346288599101173,1.0441496919563957,0.624614997919921,0.011187560477883933,0.05735094462989695,0.5097214079064476,0.41925956230928996,0.888460754542074,0.11868139280110365,0.6083980507270121,0.22549827650294726,0.6041112851344297,2.155628509330975,0.3997301138249339,2.049141961752533,1.2439239590486366,6.115890075618653,0.5940887901782297
4.378394377250846,2.2231845404199126,0.5853918027806091,0.020096708671907278,0.11729018170516635,0.5097214079064476,0.7643259080894,1.1997338971080171,0.11054551915743391,0.6451754981546858,0.10652696912684285,0.3746393412270645,0.7782472097869575,2.147004979114678,12.530539613895805,1.0982977521813622,17.02236345137778,0.5940887901782297
6.133953334097823,7.881569100867273,0.2883715025393988,0.021739618142496923,0.5228501373904623,0.5097214079064476,2.260799012852885,1.4568167943437915,0.07643315173757305,1.838260618251417,0.8885298816850471,7.389516907809667,0.7782472097869575,1.5240667057150692,36.65466804670513,1.0982977521813622,40.78732352983209,0.5940887901782297
2.175152655676665,9.08503781617282,0.6099878855828657,0.14586894034621856,0.7840619959455635,1.1504029077126368,2.2157201869717422,0.9557556363462002,0.05609218077606242,0.30150179408881256,0.6583720837779684,0.7863322718479218,0.753781117054124,1.5240667057150692,8.192030328052729,1.1037107469663368,6.871329724771305,1.4720747457360217
7.615326256216348,9.08503781617282,1.0080415235823867,0.295989128838299,0.5825710671273827,1.1504029077126368,6.686716966202359,4.830268365184445,0.04726370472105365,0.09302526415008987,0.3378674959247652,0.7847573340960531,1.2133321899731646,1.2403413629420712,2.441261928258687,0.9645839727654976,11.477194587028496,1.4720747457360217
4.152354452250561,9.08503781617282,0.8445677393548557,0.23912152891826424,0.670470536780726,2.1422315053603707,7.283676852157677,3.8126806042790413,0.07798010275043821,0.21864765412726095,-0.5447117018640097,-1.0576294486671165,1.2133321899731646,0.687833625908985,1.928610035513225,1.1754510877926942,6.778306330523545,1.0384712221407004
1.6998810891665106,9.08503781617282,0.8445677393548557,0.3225334877604076,0.9043485195446278,2.1422315053603707,3.463002942475033,3.3681622284251844,0.07798010275043821,0.21864765412726095,1.2978522569164976,1.0316115840752278,1.2133321899731646,0.6059189015838649,1.6989301340967298,1.1754510877926942,2.604419056846128,1.0384712221407004
0.5239059360379894,8.378678655206643,0.5350916726896494,0.07855406612348244,0.5487092492524153,2.1422315053603707,0.8313633244838873,3.415574746152027,0.03045721458722101,0.21274717115474598,1.5308924565172197,0.3699388134824426,1.4951698950459582,0.21466606345585829,1.499467313807505,-0.07866784455003906,-0.05046834598833081,1.192991565645235
0.7927452967105592,2.5282745882847713,0.26987722555939636,0.07855406612348244,2.157079701358989,1.37312648844195,1.5987380640607862,0.9946531916595409,0.06694007660701344,1.8381617601999585,2.1455056582712544,2.3059782242004814,1.4951698950459582,0.21466606345585829,5.894689236371062,-0.07866784455003906,-0.1514123786577754,1.4108912630735961
0.8662196159228875,3.7762077837679975,0.4240143884379889,0.4351034828270475,4.840178375989032,0.7996195969844979,1.5238496760212221,0.95297120527501,0.20183987041510518,2.245307184966735,2.7703371943807045,3.5958248566791804,0.6036619899516344,0.33813920695148747,3.761528330976921,-0.00024168135751617692,-0.00040602552312424083,4.05144861459977
0.8662196159228875,3.7762077837679975,0.47848608583102475,0.6979409206662055,6.096913468471024,0.7996195969844979,1.7102770150436801,0.24049311620766145,0.46123602872542185,4.0291607389861355,2.7703371943807045,4.816903477525202,0.6036619899516344,0.4848220942232679,4.2351985226208795,0.865784247701044,1.5433860851034513,6.238098920005546
0.8518607590647855,1.211873572518103,0.23646763039193136,0.6979409206662055,24.963487554239972,1.3317581827317904,5.66821893193055,0.137088258955567,0.31580379523467955,11.29546051605281,2.7703371943807045,7.931461431528648,0.6036619899516344,0.4848220942232679,17.34079483921157,0.4276270761624976,1.516939669490606,6.488214328998598
0.584643602934423,1.211873572518103,0.22264126529504577,1.4364203329981347,57.95624194779488,1.085588105380976,4.831771486984867,0.03292177579978265,0.14588503285742116,5.886124045041408,1.630197288126846,2.312310086067617,0.6036619899516344,0.7575336530506958,30.564732809209016,0.9681036341766073,3.129128184236535,10.167449908058389
3.117320131174337,1.8047756139476212,0.2277507506239884,3.197494684415194,123.28782552586735,0.10407645892771422,3.6024172043019145,0.06099605683091635,0.2388426670924182,9.209207825159675,1.630197288126846,15.421716225557834,0.6036619899516344,0.867769501863173,33.45913770047214,0.7160413006967036,12.911504444648513,6.532387175231929
2.207397212376879,1.535916937545816,0.26254641065269796,3.197494684415194,92.77429359965979,0.025408918301550065,0.5402322353294995,0.06099605683091635,0.26503293966406344,7.68984664081523,1.4442701055825466,8.840722344844739,1.471751663857657,0.867769501863173,25.178056725185392,0.7160413006967036,7.931031346603224,1.913100204036385
0.47248712834662887,0.6540536753861192,0.6127195918977122,2.642516269515208,14.077454457726391,-0.8170912864966218,-1.4485137647093438,0.053670450265814344,0.26503293966406344,1.4119077263439825,1.4442701055825466,0.8108519421252518,1.6114584278215385,0.4731944369300862,2.5208447010829027,0.29621762582236305,0.2222152828712902,1.913100204036385
0.6790230276380826,0.6907727487568134,0.6632351893041645,0.2628229894149765,1.1949733650959784,-0.3511538140146181,-0.2606519661252275,0.5056125200525473,0.45529143944314454,2.0700667955333896,0.3765760861996889,0.3678996882070236,2.7184158203630577,1.0,4.546685081681386,0.0,0.0,1.6487212181091309
0.6790230276380826,0.8325290717928365,0.651523065912236,0.28052977130783585,1.3217501305884753,0.10283873042085384,0.08028157613027506,0.5124723443978215,0.39742470934721574,1.8725148458569199,1.2113579901166607,1.1255625786724501,1.6386091731139942,1.0,4.711621602322091,0.24818086884612456,0.36579520267805005,2.0916379141762564
0.6790230276380826,0.8325290717928365,0.651523065912236,0.3700622492892511,1.7435932879551381,0.10283873042085384,0.0922069811449323,0.7392779698346738,0.25944367919863087,1.2224004434981917,0.9316655362162803,0.6994413162442311,0.4542887187968094,3.184505957099291,15.004187060192406,-0.3352786990794433,-0.8818540228220779,2.0916379141762564
0.8112277507674629,0.8325290717928365,0.9071492693775985,0.5481688167294098,1.3322533223113098,0.10283873042085384,0.09629259954275302,0.8954223541101638,0.1339014049112742,0.32543002467660465,2.177934451034387,1.0078976045598405,0.3148678902904056,1.945515491062601,4.72832346071905,-1.1228985249643704,-1.9807829970815054,2.0916379141762564
0.8112277507674629,0.8325290717928365,0.35429015192029883,0.3652115742886417,5.819107325964932,0.832197959589827,1.6285369959975557,0.6259587030516232,0.194537807713997,3.099672797201609,2.4502234228834823,3.499503336340616,2.8098831529769854,0.7931156009252465,12.637126336071649,-1.5026750714953716,-4.333432579903423,3.2114771845444263
0.8112277507674629,0.8325290717928365,0.35429015192029883,0.2837578762168245,4.521262885793836,2.3404758770602987,4.037168237604387,0.6259587030516232,0.1394366320490599,2.221716901073023,2.207428460917508,2.6691550092916816,3.2169987855939666,1.6560344714609703,26.386464732666887,-1.5026750714953716,-6.261789789685511,3.4801652177571367
1.4105220657006268,0.8037743206271215,0.3031261307357916,0.30741176576486523,6.6911956565072295,2.3408686812994675,8.541001542696351,0.7655422560390602,0.17914151158281083,3.8992356106496238,2.518007775398173,7.013369016517045,1.2912178662058673,2.11185457867874,45.967115633558926,-0.7840001020266893,-7.497554482595723,2.481419628539643
0.39536993157025035,0.3040579676894347,0.41986364460950076,1.168806666936833,13.260384990384626,1.8236052221520502,2.625503075308179,0.7655422560390602,0.061132182282325274,0.6935589052469129,1.6017368048003422,0.5273955592894389,0.3284765564819426,2.11185457867874,23.959484103883934,-1.1632954197293026,-2.251294897147954,8.162132867576586
0.39536993157025035,0.7793882108928115,0.41986364460950076,0.6374646033270691,7.232185011412663,1.8236052221520502,1.9389616906886449,0.9281983617163233,0.061132182282325274,0.6935589052469129,0.534322357052069,0.17593354756773147,0.3284765564819426,2.11185457867874,23.959484103883934,-1.1632954197293026,-2.251294897147954,8.655146426275898
1.4383760721895567,0.7793882108928115,0.22388495047595572,0.6374646033270691,25.435265050318662,1.8236052221520502,13.22882924854901,1.5074893786975636,0.04048614100244573,1.615424169259208,1.3388918755297494,2.4477172259667794,0.7616853714235428,2.11185457867874,84.26441354715112,-1.4508627361046045,-19.156707916356456,8.655146426275898
0.7311720410610753,0.7623827612367717,0.12887732519480974,3.5596698117945293,428.6340654980694,2.2691198461426176,34.34949466020086,3.720831431119777,0.0779706408836552,9.388756418001227,1.3388918755297494,2.999639876965051,0.7616853714235428,0.2632752900971208,31.70202965612203,-0.11177439675951639,-0.46015637688985456,8.655146426275898
0.9432819368289224,0.7623827612367717,0.31895471316054586,3.340609936764398,65.67464231396868,1.145407500434793,8.755892055016897,4.5499307921323675,0.0779706408836552,1.532861976691804,0.10931609112782614,0.12766655454665324,0.20015506679418102,0.044290582877413553,0.8707296701537849,1.3526660825630095,1.1906216905451468,4.368131323764959
3.254522641564099,0.8492329870742124,0.4838681279055325,2.857219567998,24.407290979228787,1.145407500434793,18.416500506530504,4.500836556723776,0.0779706408836552,0.6660503593070929,0.3884055120524155,1.0316353500768325,0.1863714397722724,0.026676159611403592,0.2278763582387498,1.112919061546827,1.7290219760777406,1.2467008748460238
1.7195209273510923,0.8492329870742124,0.8628800707408856,1.442105669896809,3.873701956248176,1.4961798849139196,5.063541559888579,3.646299582913249,0.7150189816385047,1.9206431856868347,0.3884055120524155,0.925584759926581,0.13356556125819757,0.008969666115891114,0.02409380526359531,0.8109371388732209,0.21644489849362814,2.9763693904597064
1.1331628303496757,0.5101091623544323,1.073851954672405,2.132364660874583,3.6983043483504967,1.4961798849139196,3.2604493368342515,3.2335669450600215,0.4262198602989012,0.7392219499877927,0.3884055120524155,0.3784122021708871,0.13356556125819757,0.014062571183368218,0.0243896689486067,1.2781878212424382,0.22619861865014051,2.9763693904597064
1.0207483969083953,0.39017139649139554,1.073851954672405,3.8841674489437388,6.7365744845247955,1.4961798849139196,3.9638944004477215,3.2335669450600215,0.8149264025622986,1.4133820136306594,0.44557040683388033,0.5407105278420187,0.24792353677785242,0.039275960062944544,0.06811895570753483,0.8376244515958198,0.22315264757224232,0.5475295989402537
0.9799997137404234,0.39414460007158575,0.5708242252975656,3.8841674489437388,23.840927561149687,1.4961798849139196,7.1593127478898,2.855734954071658,0.7269354243283401,4.461912371403687,0.44557040683388033,0.922364981342347,0.5024012966303801,0.039275960062944544,0.24107491014835292,0.695880334246876,0.33483937222202953,1.0993791590528161
2.278016794946078,0.3794435844876283,0.45881972929195564,3.8841674489437388,36.9014788682167,0.6861537940046071,9.495116034544345,1.0747449762513843,1.9551527972667102,18.574901978567432,0.44557040683388033,4.374581639176735,1.370482302583204,0.039275960062944544,0.3731407127377593,0.695880334246876,0.9683398471248273,1.391177792923078
1.5331243810774586,0.34865594230654645,0.4002872171882943,0.5099491365208024,6.365219921849469,0.6861537940046071,2.6540284009425084,0.7307640992136842,2.014084303121393,25.13993771610127,-1.2221626314195497,-9.394820561590425,1.4938876230163058,0.09361990958500074,1.1685701002219144,0.5888005871078843,0.9758274027064721,1.391177792923078
2.159347985506881,0.5454760344402553,0.5204315272746917,1.3196923555738782,9.744857683977905,0.15915084715137917,1.072801423296664,0.7307640992136842,2.557241328230232,18.88315310908474,-0.5469503779087135,-5.132250194532317,1.462795663361541,0.09361990958500074,0.6913071000521066,1.7093291558186832,3.0689078275908925,1.391177792923078
4.178648150989208,3.6437656830889127,0.19059495221053177,2.304535840497508,126.8792706594922,-0.06736065758086815,-3.1705708269300827,3.1880167603182943,0.5460788354925067,30.06509300151151,-0.4450228228834002,-10.19645869802898,3.4212620407186214,0.11017450688632695,6.065803288174759,0.8454337778584626,8.700807510792373,1.1751319200836123
1.6688791821114966,3.6437656830889127,0.4045540491838855,1.6729707639165503,20.44397034817185,0.7002086020681133,5.283661179062061,1.636338778531355,1.0687690042941813,13.060528195772639,-1.4661222852030655,-8.842508030368679,1.5292902800697428,0.11043240907682203,1.3495017039977089,2.587676959811289,5.016740937685163,0.7389322764365642
1.6688791821114966,2.48001943568234,0.4045540491838855,3.145854360728829,38.44284350782315,0.0235407218259428,0.243586056491178,1.636338778531355,2.174654428041967,26.574624974515235,-0.5812782484904907,-5.0008351827996655,1.5292902800697428,0.05752341954267179,0.7029453884195264,2.587676959811289,3.620726738890417,0.45922679076651757
1.6688791821114966,0.327671678174333,0.4045540491838855,6.468608198436657,79.04742692166785,0.0235407218259428,0.34929192168636874,1.636338778531355,1.356652734251258,16.578513426539747,-0.5812782484904907,-3.9498605381243146,3.5041149390151207,0.45065562049479196,5.507083770587684,2.087462673068999,8.175314279338147,0.45922679076651757
1.321673579046232,0.3310374314660409,0.4660784512355558,5.872808528377462,54.07017673520825,0.1852450293767546,1.80031983517332,1.636338778531355,0.5140516401783625,4.732805931125239,-0.12636449941650224,-0.3633361733321807,0.4327024883647886,0.8280581034102121,7.62382219377097,1.8202574171956547,6.642681003905236,0.22010751696594952
0.6590016488264999,0.7864660281753745,0.4906270253567471,5.872808528377462,48.79472824378957,0.9107253732322499,4.192377576074046,1.636338778531355,0.5095749968468246,4.233847122858663,0.9966269986388723,1.351408777585068,0.2690143110215602,0.8841400532916996,7.3459526939042235,2.492007418806142,4.451023587249136,0.15695581558677885
2.2178186563816937,2.020152612420923,0.5296712553269401,1.5641056297148936,11.150215602754411,-0.3727025180857636,-2.7601328884868797,4.154402852192583,0.7061817879744128,5.034237484388186,0.1713469329138647,0.8526468991866353,0.17552589139279304,1.8784753248639905,13.391298182658911,2.492007418806142,20.224914933180166,0.15695581558677885
2.2178186563816937,5.041184599892091,0.4729793280535669,0.9693866825258765,8.666479714701707,-0.3727025180857636,-2.43337880986691,14.495311715733397,0.863439223866304,7.719291644297333,0.7482371987307748,4.610563975261682,0.11124750929871989,1.2394755765521959,11.081119778815475,0.6833038184708009,5.044657721058865,0.16368303653699645
2.691988142955582,1.656851029398575,0.4729793280535669,1.1265247152162554,10.071320112519892,-0.5520783645639863,-4.716469937091508,14.495311715733397,0.863439223866304,7.719291644297333,0.7482371987307748,5.596302257638925,0.11124750929871989,1.9796084803501142,17.698032216929878,1.1034405107695646,12.49638962395366,0.16368303653699645
0.4211860787885059,0.5604985096456049,0.4729793280535669,1.1265247152162554,10.071320112519892,-1.5435692469659303,-2.063209485084662,14.495311715733397,1.7381417492353373,15.539279095287231,-0.18744231702938807,-0.3112125383406736,0.16779787037663801,1.9796084803501142,17.698032216929878,1.1034405107695646,1.9551740443209145,0.3359662736378062
0.4211860787885059,0.5604985096456049,0.520012742415264,1.1265247152162554,8.331875052290512,-0.4368466962606721,-0.531097721400041,4.116184487992192,1.7381417492353373,12.85544798279764,-0.18744231702938807,-0.28306440450390014,0.44804611813958317,1.9796084803501142,14.641356987507882,1.1034405107695646,1.7783350873586916,0.3622190923913039
0.5699853734912151,0.5604985096456049,0.520012742415264,1.1265247152162554,8.331875052290512,-0.07711072481280673,-0.12686735071940441,4.116184487992192,1.38542775408981,10.24674451002688,-0.18744231702938807,-0.3419985850329412,0.3859179833009071,1.9796084803501142,14.641356987507882,1.2562591778141998,2.739893132267891,0.42399041074800625
0.5699853734912151,0.5604985096456049,0.8948710074143753,0.88042027251786,2.198867975244146,-0.07711072481280673,-0.06517455487552541,5.072745296741017,0.6197849481495233,1.5479258219791778,-0.18744231702938807,-0.13292492620731974,0.41642272748939607,0.22586682692537488,0.5641071064570972,-0.2028722334630384,-0.08684945694152855,1.412488337368463
0.5699853734912151,0.5604985096456049,0.8302878730202312,0.88042027251786,2.5542455190385747,-0.07711072481280673,-0.07024409421649325,5.072745296741017,0.35647194620028044,1.0341843545254752,-0.051804578384105404,-0.030028306251243357,0.546376868917562,0.22008854961052357,0.6385134567911428,-1.0213437459951131,-0.46517961239924044,2.266919375800883
0.8037550016798274,0.5604985096456049,0.4269824400118637,1.6502586389420402,18.10347644201393,0.635305319309224,2.172636997197536,2.930541077108016,0.35647194620028044,3.9105273125022477,0.8425006145611798,1.3390955801372428,0.38331365523463345,1.392166566120016,15.27218463723389,0.6286054622413224,1.974478558523192,4.935842193532468
0.8037550016798274,0.8189363658997184,0.3740338931606848,1.6502586389420402,23.59174662441365,0.055825264882521375,0.21793878657875446,0.9535964107993707,0.8296255066677003,11.860149848391488,0.4376646872220118,1.2114633602590796,0.38331365523463345,0.9669866824193717,13.82383601121169,2.0745258119800947,6.199502193077508,3.846087097607187
0.8037550016798274,0.6277158744155593,0.7750874246033955,1.6502586389420402,5.493898469023127,-1.0610617149267019,-1.9989625035872944,0.9535964107993707,1.9188599406964217,6.3881027141419695,0.4376646872220118,0.8891010864665345,0.34948029804181546,1.6792456096458184,5.590399387250829,2.4959619386650886,4.743326992355838,2.246218760379474
0.8037550016798274,0.8808779808366575,1.1324196387022265,1.6502586389420402,2.5737551330777273,-2.210530760340908,-2.850387232497229,0.9535964107993707,1.9188599406964217,2.992667637353355,0.39785916009595607,0.5532001555959405,0.2486068624474019,0.5929477728843993,0.9247655719509481,1.6501991146741641,1.2754864956041967,2.246218760379474
0.8037550016798274,0.3808910932138216,0.7663854801446244,5.640683769116201,19.207339477710228,-2.210530760340908,-7.786707431220898,0.8274579874587257,1.9188599406964217,6.533994068756282,0.6493659319978723,1.3341435371502177,0.28060577557928257,2.872079296650969,9.779843067912633,2.3914989723697486,6.011181346828689,1.3042037939563202
0.8037550016798274,0.3808910932138216,0.8050226938512948,4.426632852595537,13.661149738595475,-2.210530760340908,-6.56695253030314,1.1127841709283142,2.078579213109358,6.414758761203598,0.7694087307274216,1.566285627801569,0.28060577557928257,2.872079296650969,8.863600537745763,2.477229217626144,5.92781948191068,1.3042037939563202
0.8037550016798274,0.39655422860060596,0.8050226938512948,2.5483661025914772,7.864580613648661,-2.210530760340908,-4.982623079753809,1.1402370629697398,2.4542059467002204,7.573990444580152,0.7694087307274216,1.7019358051494358,0.28060577557928257,2.872079296650969,8.863600537745763,2.477229217626144,5.92781948191068,2.82875278129932
0.8037550016798274,0.3926963282721935,0.8050226938512948,0.8654961608850511,2.671030791518534,-0.5754613902279735,-0.755926075277631,1.427786230991059,2.4542059467002204,7.573990444580152,0.2729118025369026,0.6036822170529514,0.28060577557928257,2.962010624409364,9.141140007498214,2.252658603564558,5.47418218658302,2.82875278129932
0.2586234952872624,0.7373949730615631,0.46603869969353595,1.8637890614469514,17.16258853075193,-0.5754613902279735,-0.6165603076779338,1.427786230991059,2.4542059467002204,22.59940660894326,0.7316289263147033,0.8995128310638077,0.28060577557928257,0.9285181498337652,8.550203066735596,2.252658603564558,1.703536996438959,2.82875278129932
0.2586234952872624,3.20525526416298,0.4716572210653568,1.8637890614469514,16.756132212763372,1.0247456047944734,1.084853090154776,0.9577622026406826,0.6365214580629757,5.722556231381611,1.7668031386150165,1.093078050098862,0.16608020938779877,0.7595751338583769,6.828852916744442,1.4265228326984027,0.9640966716903759,2.081446392666497
0.2586234952872624,3.20525526416298,0.8588117829393468,2.461067276242865,6.673558822400029,0.107851050324406,0.07205615802680863,0.9577622026406826,0.30212341170553547,0.8192536543410219,0.5712014688269684,0.13371079964198967,0.2554967330168477,1.6718894117691754,4.5335828246933,1.3647822774991278,0.7515400482695034,0.53987628359954
0.5889315579439343,2.120942412612938,0.39337242062830396,2.9589573763801114,38.24378679837321,-0.12622864035505926,-0.4597303496710953,0.37670799851252545,0.43611890702816647,5.636728204422152,-0.6988862765323702,-0.977203213402348,0.16015123252848826,1.6718894117691754,21.608754057951057,-0.20863767608566053,-0.5711792562571357,0.7675724269580788
0.5889315579439343,5.327470067222747,0.4767318530790672,2.009542051193474,17.683928619588638,-0.6610611732593565,-1.6371778238284245,3.094959004326815,0.2196703996878277,1.9330949882879795,0.28524153614402414,0.2335630784203346,0.16015123252848826,1.6718894117691754,14.712592354070438,0.09792910610066802,0.2212183852475557,0.7675724269580788
1.8662417516731324,5.287913765413028,0.35123155315007304,1.8625810433718004,30.196605547543317,-0.6610611732593565,-6.779358715457988,3.094959004326815,0.5772712596001998,9.358858548524958,1.362092553886367,7.776531969212732,0.14609595569080044,1.6718894117691754,27.105067597442705,0.09792910610066802,0.9514915568559276,1.283082366677216
5.279693046925305,3.156284868240819,0.19404376955003655,1.034117743577608,54.92885928046362,-1.3043027966647753,-51.03726456900819,1.5607498815724064,0.5772712596001998,30.662709330889342,1.4063261374692009,41.1149707469644,0.32097653683672395,0.20341099850298022,10.804508657026325,0.42142027899822854,7.313522726075136,1.283082366677216
2.0361076017857154,2.4141493143290806,0.2147224318840583,0.7545190425122162,32.729951834164325,-1.2861721762458078,-14.982094038949551,0.7679939540425461,0.5772712596001998,25.04119771325188,1.97432056281255,20.11619990296877,0.32097653683672395,0.20341099850298022,8.823676817187847,0.5573165622365797,3.3707572037888016,0.36805702628364045
2.279947440891993,2.4139719739258423,0.16814447398119706,1.4731710705478382,104.21205970229731,-1.2167006425582023,-28.318325061033796,0.41110823395816914,0.3786291268509127,26.784208542557522,1.97432056281255,23.296029794761967,0.7196919171252352,0.15695214562923038,11.102788194608307,-0.2054948185191574,-1.5611395944268722,0.36805702628364045
1.2459214594366221,2.842730020569131,0.19066574182175017,1.5971479161829998,87.86780951696396,-0.9204684221538484,-10.750148414498998,0.9118592103632454,0.23007513078827652,12.657686593618232,0.12149247192854995,0.5385390546723752,0.8922266526016662,0.10635429396977991,5.851129221757726,-0.2054948185191574,-0.6193146973167516,0.7654537925088297
0.6224201728436001,1.951773746555814,0.41158107819033124,2.6525409986838753,31.317082750259978,0.1003493897855734,0.3495336931246607,0.9118592103632454,0.23007513078827652,2.7163696671412145,1.354969767046796,1.3899772783425588,0.5793682378837789,0.9441616521916614,11.147193806233169,1.4959588777726642,3.108752096811121,1.2191600707524977
2.830281056699363,0.8012288319615328,0.25512473066070734,2.6525409986838753,81.50551247598507,0.1003493897855734,2.564116726752132,1.0927333474107177,0.36672857351699945,11.268591263592487,1.838487143640376,17.46726765244503,0.19835331061314754,0.9441616521916614,29.01157017374547,1.4959588777726642,22.805249987491877,0.5845480294351982
3.1814391372219517,0.5211038623239127,0.25512473066070734,0.8773242401311123,26.957834708293056,-0.4986233925458943,-8.236425445804262,0.2567463803694725,0.8545750187578148,26.258811791256054,1.838487143640376,29.972416004345593,0.4392055993298505,0.9441616521916614,29.01157017374547,1.4959588777726642,25.634738526267796,0.5845480294351982
2.5190873513789027,1.1461569421997169,0.31531944949404633,0.8773242401311123,17.647720025710143,0.15744366384213782,1.6661447057941146,0.2567463803694725,0.1968707677008533,3.9601324467132653,1.4395410906196964,7.216425772185892,0.29567903313160526,0.3907881151615445,7.86085569083929,1.4959588777726642,10.565688303427438,2.361913252350549
1.333968404849413,0.6775116585880596,0.32781763437689126,0.8773242401311123,16.327718363153448,1.3886895255958365,7.485373123419482,0.5951318147051812,0.3096942185592828,5.76366153815284,1.3024739346327772,4.1712269434063955,0.29567903313160526,1.565755794713427,29.139990065401282,0.9911122722685884,7.1369572741208165,0.8310827226732002
2.1802807616501982,0.7314935523916873,0.32781763437689126,0.7021077215870981,13.066796304358663,1.3886895255958365,10.944656683114472,0.5951318147051812,0.442899750422699,8.242724932497088,1.5880337836936398,9.940484756048932,0.29567903313160526,1.0993868526070274,20.46048436874218,0.9911122722685884,9.77447031004475,0.22842662129094485
3.3121029827756154,0.6578520509489026,0.32781763437689126,0.7021077215870981,13.066796304358663,-0.4754982236122256,-5.692948972357886,0.5951318147051812,0.2795913861809879,5.203423320031155,1.5880337836936398,11.997980413110918,0.4491197647562167,1.9893243059839418,37.02294489917129,0.9911122722685884,19.97386755892016,0.3500101728458974
3.3121029827756154,0.341583771582158,0.6156729262694199,0.25109310128481815,1.324843758013741,0.1618287900609523,0.616938610237233,0.5951318147051812,0.6797332756300081,3.586480005721684,1.0579998845386105,6.636264069593963,0.4491197647562167,1.9893243059839418,10.496281562344922,2.132965684864853,22.887873075241895,0.3500101728458974
0.9632320777760737,0.6564839163075633,0.6971902497975059,0.09167925031972064,0.3772232385218872,0.706528504495727,0.4179841798888073,1.4180919217018604,0.6091076382287949,2.506232927295868,1.0579998845386105,1.6133450955438124,0.19040389071577313,0.43141842917733075,1.7751133047527963,2.269200594889203,2.9121709508547626,0.588893621679975
3.2030130328322644,0.6564839163075633,0.6971902497975059,0.11207869884888003,0.46115876386043586,0.706528504495727,1.5367868188091967,0.7950609230266227,0.6091076382287949,2.506232927295868,1.0579998845386105,5.364818600532706,0.19040389071577313,0.16777647515667976,0.69033270980812,2.269200594889203,6.038941471065929,0.6590824489181318
0.8162934338803852,0.4660898818533989,0.5785325525020432,0.18245720892415987,1.0902734128467673,0.794826315544337,0.6774640459165966,1.2746769086189804,0.2001331038063701,1.195895757680281,1.1187655899690858,0.9986931383508414,0.16351069658395376,0.06143056516941204,0.3670784636862438,1.4763489000874301,0.7301544907748098,0.6590824489181318
1.1460682771253834,0.4660898818533989,0.44973480981902514,0.18245720892415987,1.8041723203660893,0.5298278656711817,0.8156132924916532,1.6371403014813237,1.6763353209952578,16.57592924732707,1.1187655899690858,5.220216727353581,0.20966892098179538,0.10480590699030297,1.036341164691189,1.4763489000874301,1.7224668443647793,0.6590824489181318
1.2496701719617902,1.6810295519069014,0.44973480981902514,0.18245720892415987,1.8041723203660893,0.5298278656711817,0.8893428287177495,3.572768743397454,0.7402968371271645,7.320198912801292,1.5184721321571149,5.134092286924384,0.31151768947394726,0.12901770887580205,1.2757521643747471,1.4763489000874301,2.083855332382449,2.2648787709058475
1.0269483172191578,2.666645347879141,0.19448023657758537,0.18245720892415987,9.648061752219283,0.5298278656711817,1.6900650493755016,3.5960071473737765,0.43979366362373024,23.255624975827697,1.4720841240167688,7.29029704714215,2.616157889619148,0.12901770887580205,6.822261667287639,1.4763489000874301,3.9600601157285245,2.165304312334819
0.8229871466607973,0.6141688566071659,0.36762336866919704,0.18245720892415987,2.700130795640695,-0.870172365242625,-1.1767677031046724,0.8722944140006789,0.6539511316363117,9.677631263718606,1.1611398146613376,2.972775442961854,4.783420999030739,0.45576144388387335,6.744680121726691,1.2089612854368754,2.5839620132862655,1.8089756748762544
0.8229871466607973,1.17794277188811,0.22819570635145867,0.3090239189850653,11.868809363561333,0.41574422582308324,1.1787531213033628,0.8315836598106824,0.9994371708366087,38.3857964473296,0.9340834207766884,4.762818087576025,4.783420999030739,2.0775697828020383,79.79408122374053,1.969659482624405,14.480032711619616,0.6301367184755299
1.2624841717927286,0.8189794687553122,0.22819570635145867,0.12118174984595545,4.654277545855385,0.5831160578602439,1.5882069128145293,0.8315836598106824,0.5799587375224948,22.274714905543807,-0.2036778370300627,-1.2136006303104827,1.468080466617093,2.0775697828020383,79.79408122374053,1.2417070006012083,14.003300572733751,0.5787104384995345
2.380093275352476,0.8189794687553122,0.44326763758746984,0.18403051473686252,1.8732156875286936,0.5831160578602439,1.8995156305637446,0.665943499379624,0.7047514117021664,7.173546202900752,0.3183001601002201,2.029073524871607,1.8780232859007262,2.0775697828020383,21.1472337326502,1.2417070006012083,13.590639404105763,0.582745929650066
3.441722082158716,0.33702879987100676,0.5950588673995706,0.23246489583535887,1.313008425915107,-0.33733274541114566,-1.330356560687719,0.665943499379624,1.7126289448937022,9.673272289267059,-0.8789006793765147,-9.408108229579343,2.788142023603453,2.0775697828020383,11.734531445890573,0.5955744605798461,7.0217399429716,0.582745929650066
3.273031731711316,0.4548304835410425,0.5950588673995706,0.22606561054185514,1.276863977180121,0.24100463993471877,0.8913493191539181,1.2858300534582239,1.7126289448937022,9.673272289267059,-0.8909025675447166,-9.069161437031735,2.754391173364412,2.0775697828020383,11.734531445890573,0.5955744605798461,6.677580901812925,0.3580132601578936
3.8384728478762313,0.36380155498061684,0.8293149597565144,0.37700210830714787,1.096313533885683,0.8143451731714886,3.2729124427135745,1.3822820798156146,1.7126289448937022,4.98028591734463,0.14146764055371785,1.211832850695106,2.812775360796712,2.0775697828020383,6.0415255519530735,0.5854809633302129,5.523884127175379,0.3580132601578936
3.8384728478762313,0.31011692864695767,0.4404463412384688,0.37700210830714787,3.886760327705845,1.2146074895817889,9.191540566308214,1.3822820798156146,1.4874842853650618,15.335444500306489,0.30453905622168503,4.577724527464502,1.9944481102308922,1.0156113265792241,10.470598772622276,-0.6472614145556166,-8.03940578319839,0.3580132601578936
3.8384728478762313,0.31011692864695767,0.7771438968736338,0.6390557886889408,2.116244718948353,1.4247528679215005,7.955746866335042,2.1769017391110843,3.030745683897708,10.036368751439232,-0.700252492790963,-8.515329178186487,1.9416823414830109,1.0156113265792241,3.363215143996721,-1.086080581528235,-7.645358356950296,0.590702182521203
3.8384728478762313,3.123462444667338,0.6472382498362067,0.6390557886889408,3.0509874349205086,-0.07038309607863047,-0.47189681865050487,2.2537455413712353,3.030745683897708,14.46942061033785,0.050680377369929475,0.73998664795698,3.0484333842172524,1.271753566096564,6.071620379867333,-1.4937167270334006,-14.127945870195116,2.396837077070996
3.8384728478762313,0.8868010445814154,0.6472382498362067,1.1667882996245427,5.570494007526311,-1.0116360563614195,-9.16494005014597,1.67145443220666,2.2470843120820394,10.728055551197514,0.050680377369929475,0.6371751351638796,0.7510411659012586,0.41179751984911095,1.96600841589843,-1.4937167270334006,-8.03932162403432,2.396837077070996
3.8384728478762313,1.376491889639436,0.4826575786767127,1.1667882996245427,10.01714133410438,0.5226688941057143,6.3497558671170315,2.6570072336615653,2.2470843120820394,19.29172682912378,-0.38956530668513156,-6.567866217156786,2.004349726330137,0.7187697076734183,6.170800436338274,-1.4937167270334006,-14.242868612816405,1.5439303330853753
1.866509984984713,1.4937697018624998,0.5577199977366453,0.23048970617923725,1.4820030453828184,0.5226688941057143,1.1876309859014578,1.5994475659950587,2.2470843120820394,14.448305952318162,0.10993584128963307,0.7799703372837279,1.124073695883767,0.9161251395549047,5.890502744258482,-0.43886891729241406,-1.9881141763646297,0.8439097028599858
3.509203951903982,1.1436071496038511,0.5577199977366453,0.23048970617923725,1.4820030453828184,0.5226688941057143,2.232851355018683,0.7844175101989921,2.2470843120820394,14.448305952318162,0.10993584128963307,1.4664132589606031,1.124073695883767,0.9161251395549047,5.890502744258482,1.4438930424023821,12.297584482879135,0.7785524420103185
0.7000506666448544,1.1436071496038511,1.3165330117832634,0.649538536498173,0.7494996101249941,0.9677860904480902,0.5865358405701049,0.6883888283934958,1.0538777963755457,1.2160648723958833,0.10993584128963307,0.08486862177103087,0.5838402576287922,1.698194737210469,1.9595393066553544,0.49950298456036,0.4894908192952363,1.3101537170643727
0.7000506666448544,2.528084904935821,0.684248874566094,2.104870674556142,8.991398159105838,0.9677860904480902,2.031526370978087,0.5313424729239146,0.9946549663734098,4.248878062535245,0.37269690944297823,0.5378019823528464,0.2577020689527522,1.698194737210469,7.25419628793929,-0.7874204295964322,-1.4846729748925471,1.3101537170643727
1.2911793720382014,2.0825066940120815,0.5665293520130934,2.104870674556142,13.116277058138067,0.9434070819903234,4.411547930574465,0.5313424729239146,0.6778256158864355,4.223798014072445,0.9281499189642775,2.4629538884809703,0.4249800596677083,1.698194737210469,10.58211933928978,-0.7874204295964322,-3.3073456472689147,1.0161594874630482
2.2442196964267693,2.0825066940120815,1.1390473790554505,2.104870674556142,3.244679724760691,0.4666581736746966,1.88647113395173,0.9388891272244044,0.6778256158864355,1.0448751362142101,-0.6835212317494277,-1.5680127017137317,0.6008247776431852,2.5107819185200824,3.870396068887114,-0.7874204295964322,-3.4765601914890385,2.596685054926838
2.2442196964267693,0.7536572106920852,1.1584835730643943,2.104870674556142,3.1367192784386027,0.4666581736746966,1.8548212946236071,0.287733375466656,0.38380792352678034,0.5719580435495444,-0.6835212317494277,-1.160110786791081,0.44349439332115254,2.7764053101596318,4.137453272740125,0.10651184617425258,0.48621665705361655,1.9369746199821047
0.5945535882340165,0.6814533726506062,0.6241568411298797,2.7796520783804652,14.270295473989524,0.7056636149308947,1.5849122144172278,0.4175682698632269,0.13858060604406205,0.711450979996577,-0.49285850326000136,-0.2471643040422814,0.44349439332115254,2.7764053101596318,14.253627077895201,-0.6542136946686395,-1.4684979057042749,1.9369746199821047
0.5945535882340165,0.6814533726506062,0.39773163734418754,2.7796520783804652,35.143107367979574,1.234716713274187,4.351895026162608,1.1068302404113062,0.13858060604406205,1.7520729141625864,-1.0481692528529694,-0.8248946905827995,0.44349439332115254,0.822209725159008,10.395187539836051,-0.6542136946686395,-1.2540844992387719,1.9369746199821047
0.5945535882340165,0.6814533726506062,0.2894660534992848,0.7836115638353519,18.704045562203113,0.26434932850731163,0.6797308669633549,1.6831121210800355,0.10179343932143728,2.4297103499630945,-1.0481692528529694,-0.9714035185992017,0.44349439332115254,0.8808260457664856,21.024460654658217,-0.6542136946686395,-1.7834998093734342,8.075157813100843
3.68552528874344,1.3341791164378556,0.5470634548109253,0.4815506053030693,3.2180776651197127,0.4030388240055657,2.6646767895723817,1.6238400034819347,0.09086276297558277,0.6072122532973703,-0.7161888659956648,-2.0568244396750894,1.650816405632837,0.8831483836059676,5.901851346402671,0.5026706920816219,4.500669200415834,4.273688600976855
1.1538597698034074,1.5038716573303548,0.602413451173014,0.4815506053030693,2.653888103204595,-0.8904376793817809,-1.6737780359166243,0.5810545616515174,0.09086276297558277,0.5007565207678103,-0.3540748440183116,-0.2891088663568974,1.7154036680498872,0.6501096801584073,3.5828391179462704,0.5026706920816219,1.0978683114672225,4.273688600976855
1.1538597698034074,2.1319373730407256,0.602413451173014,0.12426132888299528,0.6848203673286355,-0.6496075656921646,-0.6202866582771491,0.8067823753414297,0.12181752541732772,0.6713522481472184,-0.3540748440183116,-0.3347521136774624,0.5110494393369664,1.836438394473923,10.120851170553866,1.1368794327098466,4.173264976440086,2.187147545656726
2.331814985510761,2.501834719011412,0.8677964115826488,0.07417323132482435,0.19698878205377504,0.29677489250993605,0.30714396958042384,2.478304864957797,0.12181752541732772,0.323522186321859,-1.4317579745979998,-1.8989596385629228,0.8992515178589925,2.7588155009135167,7.3268441421419475,1.1368794327098466,7.175744641242744,2.187147545656726
7.30592335396973,1.6254616529752648,0.8836784642636615,0.1378373867147327,0.3530274567977475,0.29677489250993605,1.2882688628664596,1.1470371337319891,0.12181752541732772,0.3119975807469194,-1.1705195924933074,-4.776715905179106,0.35845679139989206,4.544696133162861,11.639821067773887,-0.16455132809998219,-4.10156554044995,2.187147545656726
1.753449536008967,1.6254616529752648,0.6707825204603226,0.14128641904618008,0.6280105499159984,0.7166113438084709,0.995773168573117,2.0024304837430567,0.49074854037711474,2.1813509238419466,0.06738754161789418,0.17451616211052987,0.33990783360935484,4.544696133162861,20.200930401214563,0.2255344387685056,1.777427212861858,3.1219655675188225
1.8016925951718583,1.6254616529752648,1.3951785888407384,0.17102569182801364,0.17572426930460414,0.7166113438084709,0.5412279862613703,0.546718364842611,0.30469644147862135,0.3130673465854892,-0.38484397927193775,-0.3879576110713293,0.06611492999965057,4.559479641091353,4.684741922551078,-0.08818077367995164,-0.3438724905375489,3.1219655675188225
2.2756329363466072,2.945208376728148,1.3975260262672977,0.17102569182801364,0.17513443372761167,-0.5745747820082687,-0.5471854530095499,0.3620652186640014,0.2727700619416953,0.2793231228910574,-1.4520708374269,-1.7463989385156005,0.06157398039547967,4.559479641091353,4.669017131286424,-0.6352301013352923,-3.1235323930013466,0.9853191819504833
2.429762209521657,2.945208376728148,1.3975260262672977,0.17102569182801364,0.17513443372761167,-0.29262995860438806,-0.2975557384885334,0.32614372799253033,0.2302286204171964,0.2357596606315874,-0.8929522945378072,-1.0534811752037634,0.06157398039547967,0.6281493747801421,0.6432401113108902,-0.9494631137084747,-1.8502415503424323,1.291087253354252
4.478539514206357,3.7185842727766696,1.1170242590496948,0.06078292262598229,0.09742857801937219,-0.29262995860438806,-0.4090707040457985,0.25729783337402445,0.4248274107338443,0.6809532800214101,-0.5581104816402592,-2.0626011108793287,0.10856893020384077,0.6281493747801421,1.0068568230121018,-0.9494631137084747,-4.266761486178028,0.798800204000975
0.8560641717383922,3.7185842727766696,1.0075486469736574,0.11299755864378923,0.22262145038087944,-1.041293556346853,-0.42059393522455657,1.1063061798480587,0.40172757306853163,0.7914611257791349,-0.5581104816402592,-0.4250512467079905,0.10856893020384077,0.9816713368735316,1.9340337918365667,-1.2093625175158154,-1.43977574925596,0.5889600653006292
0.9586514393379102,5.124519299565062,1.0075486469736574,0.43846604186155663,0.8638411958057667,-2.2186511774555617,-1.9768181093712984,0.7886997408836779,1.7475848036649597,3.4429935330010903,0.13692863687649048,0.24356961907811747,0.10856893020384077,0.25454928968100987,0.5014987291968696,-1.2093625175158154,-0.8210170028295246,0.42631457814954804
1.123926059087923,1.7631395858317753,1.0075486469736574,0.22719684899122472,0.4476104851418584,-2.2186511774555617,-1.6683105377258947,1.7426182836034045,1.7475848036649597,3.4429935330010903,-0.3073558360942466,-0.6409841760120438,0.0914035326375045,0.5863844142270385,1.1552616741701682,-1.2093625175158154,-1.4609468886137198,2.2109122584463523
1.123926059087923,3.3595181283031796,1.1931515212232877,0.2338530842150963,0.3285351935449201,-2.2186511774555617,-1.4292813174529932,0.6748969791411442,1.7475848036649597,2.4551444922579524,-0.3073558360942466,-0.5412747063426819,0.07388684570807003,1.193359984180674,1.6765259038061096,-0.5922179871606147,-0.8618356775537603,1.5674829232880625
1.5319753373456395,1.4947186013806368,1.378086704061386,0.31979714370197165,0.3367840311334328,-1.8968696470184312,-1.6864171358141105,0.8265850546760155,1.5939627199553068,1.6786303470028447,-0.3073558360942466,-0.6100575030896936,0.3400692481167515,1.7457564748742609,1.8384870364363424,-0.5922179871606147,-1.23016581324644,4.795711797569809
1.5319753373456395,0.28065022839372367,1.552690739163464,0.4240263964641954,0.3517652734518235,-0.8176699831269729,-0.7429443947857924,1.6792233278648765,0.8499621723699683,0.7051145364547469,-0.42429999824924935,-0.5458265262536982,0.3400692481167515,1.7457564748742609,1.4482506487453781,-0.08936660636275995,-0.16475890839234603,2.950083528734683
1.941112268447768,0.28065022839372367,1.1435525709529946,0.7270239959855633,1.111901898462002,-0.5439760608052313,-1.1134319470925056,2.1735881207889913,2.110700612995551,3.2280805470432736,-1.3342465252183198,-4.653277110498866,0.9115144893236024,1.7901630074670072,2.73785412524202,-0.08936660636275995,-0.28703249966879224,0.3270260173225307
2.1553425503008956,0.28065022839372367,0.7103055213752296,0.9353556755503818,3.707800855724856,-0.5439760608052313,-2.2576379182893924,1.1071543314732273,0.2640121728788485,1.046558636580642,-1.3342465252183198,-2.941942404931818,0.9115144893236024,1.9543714367360048,7.747234848679394,-0.08936660636275995,-0.536123605494821,0.390172510780659
0.41521318400534374,0.5907367384725777,0.568959126061313,0.9353556755503818,5.77889289940381,-0.40165059952072457,-0.40090537353378913,1.7709846649265377,0.2640121728788485,1.6311421538207889,-1.359923987606533,-0.7211600745895865,0.6901754936887231,1.9543714367360048,12.07466155792089,-0.7485568730873281,-1.0800240354101731,0.4178416804795088
0.43790225444935177,0.397507666549939,0.568959126061313,0.9353556755503818,5.77889289940381,0.8535600344740982,0.8985320573013686,0.3190235887513871,0.29259889104563264,1.80775901406925,-1.0830909064484087,-0.6376940406991213,0.9854163788358111,2.8531725957084086,17.627710276532923,-1.4067683479480615,-2.5864120874576098,0.48598449696715496
1.3951900893724476,2.1254694461457313,0.47334651773520847,0.6826965185629252,6.093955953084277,0.9122312728146018,3.1418684308996427,0.3190235887513871,0.29259889104563264,2.6118263466566085,-0.06959054447525004,-0.15691185848807246,2.4357601342255952,2.686911577396469,23.98418676127622,-1.837390883548284,-12.554442689929088,0.7933012208538863
1.6811694560487838,2.1254694461457313,0.47334651773520847,1.3169699527719831,11.755672785063744,0.40075349155428375,2.3100030345899123,0.3190235887513871,0.5990973483317507,5.347724432560981,0.31276532676101815,1.2159468783111107,2.401039478764623,0.5832803412004055,5.20653703501729,-0.14198206627912002,-0.5446524533381234,0.7287968324305347
1.0894984026102346,2.1254694461457313,0.9308387053217984,1.9911246488922956,4.5959953166602086,0.40075349155428375,0.9360384771757009,0.3190235887513871,0.33226189085253827,0.7669404801514935,0.31276532676101815,0.29841869676153804,8.46798219252482,0.3407670346835829,0.7865724008535696,1.2173704678028563,1.176301665052174,0.5613540597228179
0.6265731623085058,6.957464288471002,0.9308387053217984,4.295098579650552,9.914122135773752,0.4251603551563329,0.8387869839946704,0.3190235887513871,0.33226189085253827,0.7669404801514935,-0.4881351941149527,-0.2678506721710433,8.46798219252482,1.0903077084706383,2.516692827160434,0.723833574292085,0.7194914182503016,0.45963425780392553
0.6265731623085058,2.068555176311512,0.9308387053217984,2.5225907600412385,5.822747122059751,-0.012818809988960844,-0.01938132498507458,0.28001789283995127,0.33226189085253827,0.7669404801514935,-1.0381176779858734,-0.569638332153689,3.3919830609249724,0.9810766877115551,2.264561319410757,0.7043458785458839,0.6641249698182208,0.5225165221836657
0.7934503816982301,2.068555176311512,1.362450256494369,2.5225907600412385,2.71791259551679,2.3153762711204258,3.0287197858675077,0.288800194491579,0.15750739503274394,0.16970304483297766,-0.9522661118014877,-0.3112597183148179,3.3919830609249724,2.05251679893646,2.2114412486978314,0.9544025980214627,1.1261314548550807,0.5225165221836657
0.7934503816982301,1.5963522336892804,1.6904958183618914,1.1099498065781737,0.7767926969202588,1.4441012294305215,1.0098804806029495,0.288800194491579,0.06146351436200792,0.04301492626108094,-0.9522661118014877,-0.1567067465619659,1.9226944342963774,2.05251679893646,1.436443387143108,0.9544025980214627,0.907602416313832,0.5225165221836657
0.6273935701086644,1.2022860792398757,1.6904958183618914,1.956690760688543,1.3693800242373002,1.0288896993352332,0.7553893837937995,0.3938565166724536,0.12244821778152563,0.08569475913223776,-0.9522661118014877,-0.1748942470582016,1.2617776788819643,2.05251679893646,1.436443387143108,0.9544025980214627,0.7176553611224452,0.4723961766116046
0.6273935701086644,1.2022860792398757,1.4289960731637303,1.8747158863828446,1.8361298227778968,-0.18238147752004785,-0.15505025523415267,0.10303600139465947,0.31339119825076955,0.30694087007209986,-0.273337150071435,-0.09500929278741975,1.2617776788819643,2.7468673912917794,2.690330397796064,0.9544025980214627,0.9821424573788855,1.289887290737714
0.6273935701086644,0.5430628746711935,1.4289960731637303,2.0493426529307257,2.0071623596240475,-0.5699429851835103,-0.5065971337271745,0.0966745760728692,0.9759034989359453,0.955817108909727,0.032177703155677195,0.019737061957331166,0.9008216595004878,2.7468673912917794,2.690330397796064,1.379247967326035,1.419336023154834,2.3234176090460723
0.6273935701086644,0.5430628746711935,1.4289960731637303,2.0493426529307257,2.0071623596240475,-0.25834770380493965,-0.22963385751723803,0.06842643477247431,1.1592165889004933,1.135357184200228,0.032177703155677195,0.02151103766026039,1.4799014744763597,2.7468673912917794,2.690330397796064,1.411229910141279,1.4522475260923067,1.7770129726772268
0.6273935701086644,1.0488143942129757,1.4289960731637303,0.7375210752326853,0.7223411563310399,0.6307326973101796,0.33632301605675974,0.06842643477247431,1.8872479386173742,1.8484039358931528,0.5517989912551313,0.4706731323669569,1.4799014744763597,2.2885487208632687,2.241445003895983,0.7489767768343195,0.7035135380207569,1.7770129726772268
0.6273935701086644,1.0488143942129757,0.7395597129309848,0.9427784382760942,3.447411664376674,0.29311888412988774,0.3414526090569364,0.06842643477247431,2.119211513230662,7.749216776055725,0.2382338718331109,0.41607581978194064,1.3168474917529394,1.6908811750572132,6.182962241506093,0.7489767768343195,1.1684407978262221,1.9739734367093225
1.6401351591467748,1.0488143942129757,0.7395597129309848,0.5473212264185365,2.0013626781350347,0.6379456609276574,1.4802198531072457,0.06755101736002514,0.6945676785120851,2.5397915558823674,0.2382338718331109,0.6227047594038952,0.6798412056473601,1.6908811750572132,6.182962241506093,0.22678530051015078,0.9248958639012363,1.9739734367093225
1.6401351591467748,2.862425498682109,0.7395597129309848,0.5473212264185365,2.0013626781350347,0.022051919782230756,0.0511668805981391,0.06755101736002514,1.0847443560248113,3.9665314712379556,0.2382338718331109,0.778195293414462,0.6532476277371807,1.6908811750572132,6.182962241506093,-0.41556558447845204,-1.694796309104772,1.9739734367093225
1.6401351591467748,2.862425498682109,0.7395597129309848,0.5473212264185365,2.0013626781350347,0.022051919782230756,0.0511668805981391,0.23694647835256127,0.3719499403101625,1.3600910995950763,0.8932721803393899,1.708627714975638,3.06104000247473,2.4164846879201893,8.83624101030199,-0.41556558447845204,-2.026063201785742,1.6283931552703865
1.6401351591467748,3.314662943779981,0.638332638078489,0.5706801152547059,2.801100137324488,-0.5378858190194521,-1.4765020372792899,0.6285351301344282,0.3719499403101625,1.8256620495978284,1.7869605090400644,3.9600875497220227,3.06104000247473,3.1684841067179823,15.55204225484009,-0.3694885946573496,-2.3898706159215184,0.8767992490363776
1.6401351591467748,4.256960325632353,0.638332638078489,4.491069939704715,22.043761975526486,-1.152610590087506,-8.875750806183882,0.5749351513846814,0.3969030732069869,1.9481408641133386,1.7869605090400644,4.090767261052856,3.2215606015561473,4.032457454371182,19.7927294595729,-0.3694885946573496,-2.696084626338426,0.8767992490363776
8.985690675430973,2.298446644776572,0.5343872950483808,2.2148109858040095,15.511522102947309,-0.3747008374346624,-13.260604918305498,2.020595831599478,0.7602649969333749,5.324547954482998,0.8967271327947884,18.593157422715628,1.0881850724487279,2.2550167973996578,15.793105199306403,-0.3694885946573496,-13.194297300836444,1.6122899060112579
8.985690675430973,2.298446644776572,0.5361292011611205,0.6099750271416077,4.244271192096515,-0.3747008374346624,-6.936456881109991,1.2236530188068098,0.7602649969333749,5.290004805548479,1.6041007768916689,33.152107862773796,1.0881850724487279,0.8147225348674646,5.668926153409663,-0.09537149795614308,-2.040424211022748,1.2945530443855997
8.985690675430973,0.8617154381369209,0.5361292011611205,2.9348132816707575,20.42074332771938,-0.42875437483643436,-17.409880976727273,1.2236530188068098,0.7602649969333749,5.290004805548479,1.6041007768916689,33.152107862773796,0.9330190176450087,0.8385873930124308,5.8349803776338875,0.2987643974386228,6.484851081071379,1.0051324469057168
0.6213351895901548,1.2569409590784455,0.5361292011611205,2.9348132816707575,20.42074332771938,0.25517778815147235,0.7164808593369368,1.2236530188068098,0.9916834625244463,6.900239131747117,1.6041007768916689,2.618120738363733,0.9330190176450087,0.8385873930124308,5.8349803776338875,0.2987643974386228,0.44840917871103464,2.8274590705396667
0.6213351895901548,0.7729985914758967,0.5361292011611205,2.5195508934056003,17.531303410917936,0.2858488663459234,0.7436516193382169,1.902767710642425,0.9916834625244463,6.900239131747117,-0.057390639728509774,-0.09366969097311294,1.4942621851541045,0.8385873930124308,5.8349803776338875,-0.16095661425060803,-0.2415763853490985,0.9899364597003475
0.33692154789276635,0.6327076478658971,0.2612799299836241,2.5195508934056003,73.81438894580792,0.2858488663459234,0.8274385981601424,1.902767710642425,0.9916834625244463,29.052998693335425,-0.057390639728509774,-0.10422342367499932,0.3352172682783713,0.5112597816458553,14.97819650062565,-0.2331427934981723,-0.30400487294249273,0.4198197653236856
0.33692154789276635,0.6327076478658971,0.25071631991365784,1.2230318006116692,38.913700874000504,-0.5721974617102239,-1.202613244026267,1.902767710642425,0.4449007522192418,14.155588417095005,-0.9200227150440081,-1.1662490438732491,0.5745921592373883,0.32866164974498113,10.45716155584458,-0.2331427934981723,-0.25401402250324934,1.0477593272885837
0.30847590154433063,0.8095684671087878,0.5742261375647477,0.3896664236987185,2.363507951612434,0.25605582337220867,0.12143235939136558,1.902767710642425,0.4449007522192418,2.6985298234511177,-0.061451828698105726,-0.03114007573594514,0.9835346344337993,0.32866164974498113,1.993485646489583,0.4841317211237299,0.21085860934815384,1.0477593272885837
0.44754046390711805,0.8095684671087878,0.7353862846774961,0.3896664236987185,1.4410927381359149,-0.2706279754044394,-0.14539549860425666,2.1097623855929952,0.2614654122622078,0.966970423851841,-0.9196153344831138,-0.4047110922043393,1.3987386472651415,0.10899221131436185,0.40308293115842947,1.529585950272022,0.4346136853954031,0.8641965077103891
0.2296076035325529,2.6624055891512284,0.7353862846774961,0.28293160277682977,1.0463582524782609,1.6362426698379255,0.38430336011525845,2.1097623855929952,0.24124057515615335,0.8921734587788333,-0.028267804009298736,-0.00613060008587371,1.0702007490282437,0.12369827353738776,0.45746996115966804,-0.11743397521800047,-0.018237332627312662,0.2771429027365047
0.3331270994225588,1.5950994421025462,0.7353862846774961,0.12374191097819341,0.45763134432031854,2.434659443538127,0.548663495571931,2.1097623855929952,0.45782882884347553,1.6931759074672696,-0.2108874371925473,-0.09141378946649514,0.6210288720867136,0.2290834403717991,0.8472130578082374,0.33713387570855474,0.1033733705732495,0.30192989699461537
0.461837068007261,0.20730024237487052,0.51744291714774,0.12728718741466863,0.9508013565420091,2.434659443538127,1.0964072661493551,2.1097623855929952,0.2881051372535556,2.1520685694390203,0.6588579091297517,0.44638398345671654,1.8379760698852299,1.0388608430281965,7.760013547881691,0.9745056361687794,1.2537310516942595,0.14965459427788222
1.1846016389027634,0.20730024237487052,0.29606756671679935,0.07535895148788765,1.7194247512109686,2.434659443538127,3.781831175005268,1.4828212266082623,0.1462104754674774,3.3360059480858304,0.6588579091297517,1.4255337407405022,1.350873136974421,0.8996765872497797,20.527437837970997,0.6568235646647709,3.5252378742818338,0.5208800335241606
1.1846016389027634,0.2317181534569257,0.44116636131592685,0.1276711972569309,1.3119526046528396,0.8363915624286327,1.1348567501087266,2.2604225450005635,0.10110081515261586,1.0389146543763537,0.15435917986005676,0.18637803460188007,1.9765886333969638,1.1460819616746858,11.777168594564216,-0.7852801295340284,-3.192400598791931,0.5208800335241606
0.9952421834374495,0.2317181534569257,0.5527237675246931,0.21332072379019054,1.3965187283909473,1.2825882692091488,1.5084795291932664,2.2604225450005635,0.025470331236172233,0.1667432678721819,-0.05901053252877789,-0.023981837922063317,0.30990563810981153,0.7235159118065301,4.736546469439342,-1.3860445722277497,-3.002181006655655,0.505090358038912
0.6519628369574262,0.2368489019192571,0.3805751540351823,0.4434022546236529,6.122757079025465,1.2825882692091488,2.069110186922744,1.0304917842241605,0.021820675727419858,0.30131262388951363,-0.5354682369797341,-0.19163075864829904,0.6423012704184203,0.7235159118065301,9.990729917602648,-0.6444233944382006,-1.3279837122095701,0.505090358038912
0.6519628369574262,0.24502745627996012,0.21845976936903275,0.2242548039300016,9.397856497147934,1.2330481886275124,2.46443458562946,2.9899950323747033,0.012889507698048945,0.5401611985220081,-0.6710224463580514,-0.32153005957402353,0.7137729746515309,0.7232487985399502,30.309221034723986,-0.6444233944382006,-2.313031389513266,0.8742259867543245
0.6519628369574262,0.24502745627996012,0.7215483195089619,1.6796281103769437,6.452266412099341,1.5129314184145093,2.505522044341416,2.9899950323747033,0.02853128877344103,0.10960252159953823,0.6837891202203288,0.14758944523851192,0.597234034422192,0.41816221182527014,1.6063639191915238,-0.3915078947358915,-0.3235082313127194,0.8742259867543245
1.0400257222476825,0.9764997396262715,0.9687069225969019,0.4558452620121484,0.9715443583193835,1.5129314184145093,1.5509387233030518,0.5524910808521559,0.022216421999303796,0.04734992606962977,0.6837891202203288,0.15474831171356582,0.597234034422192,0.3802062541235061,0.8103347165679082,-0.6277785600158448,-0.5877366629480835,1.561670131438598
1.0400257222476825,0.9608530693421322,0.520613493380803,0.1803167518542828,1.3305623523504844,1.5129314184145093,1.8150180061970107,0.11840633325922706,0.022216421999303796,0.16393559895141047,-0.8353312606630576,-0.351754328844435,0.597234034422192,0.6359472426219087,4.692672480023454,-0.03231398671730468,-0.07280224045783888,1.561670131438598
0.33341405644576494,0.46294132573713953,0.3885480484187974,0.288501935348508,3.8219875025976453,1.5583203616593122,1.015746377243616,0.10047235416591466,0.022216421999303796,0.2943165255761728,-0.3483844017271639,-0.06301586925307319,1.4244630745981386,0.3974800019879648,5.265696392280182,-0.9079890615532925,-0.6946922110482673,1.561670131438598
0.33341405644576494,1.8704256227358824,0.4333316272969753,0.49646730269416306,5.287859061739042,1.7852392074402665,1.3687377875933149,0.10047235416591466,0.012339143245082751,0.13142386229370917,-0.5298311377290784,-0.06404105772147466,1.4244630745981386,0.3974800019879648,4.233548149024605,-0.5560407466747754,-0.38145452839257166,1.6709471522070465
0.5433488092236771,0.6840500606679453,0.7371643879511108,1.2102781549666453,4.454372138818274,1.7852392074402665,2.047238237160996,0.09497679173080445,0.011794194752323654,0.04340798211465284,-0.6071840684567017,-0.06873594157461588,1.524345335176491,0.3974800019879648,1.4629065552632547,-0.5560407466747754,-0.3654211083006537,1.3060859938474028
0.7913007412419039,0.3319872418062398,1.1326560047488319,1.2102781549666453,1.8867707144661225,0.3342080006438073,0.36326033424730164,0.09302718353837852,0.019014891232465202,0.0296433838526671,-0.6071840684567017,-0.08272291490803826,0.9598900484520211,0.412390600266839,0.6428989107268657,0.16926953961564117,0.10739689624908272,1.3060859938474028
0.7913007412419039,0.242842073053668,0.5848529629831037,1.2897030187692702,7.540954547077285,0.8771546983087187,1.9060352493837507,0.09302718353837852,0.022469052844917185,0.1313776146551075,0.6059493080383339,0.1737955101316489,1.3091930734169455,0.790506930478727,4.622131409429636,0.14373610622280167,0.24452799819037335,4.180645763707437
1.1289859384596772,0.242842073053668,0.5848529629831037,0.7411564244431624,4.333576666614047,-0.15102583769657552,-0.3549466063454972,0.6836822559247184,0.022469052844917185,0.1313776146551075,-0.48874007424135757,-0.19999869849159593,0.8350120538406612,0.5960736967033102,3.485271095850749,0.6742480211604558,1.4211060738415884,4.180645763707437
1.1289859384596772,0.242842073053668,0.655266555939944,0.7411564244431624,3.452262953973109,-0.15102583769657552,-0.31680477591929374,0.5256463192458967,0.040653620741655815,0.1893621699855535,-0.12097768766237954,-0.059434747625890405,0.8350120538406612,1.0688577137164839,4.978676250299155,0.19199328657345038,0.48365036394971805,4.180645763707437
0.787923733278205,0.242842073053668,0.8390449056220024,0.1185686471553062,0.3368444922776246,0.09496551024485783,0.04342749845646918,0.5256463192458967,0.08287427355003771,0.2354394965835632,-0.12097768766237954,-0.046251851403062115,0.9326222871760208,1.4572091267210328,4.139820097548446,0.19199328657345038,0.3077945739516708,4.180645763707437
1.1510356025802049,0.647689163398702,0.8360407661490297,0.1414749536000582,0.40481318258446336,0.09496551024485783,0.0695475741699371,0.5256463192458967,0.08287427355003771,0.23713454273331086,0.2897803156080084,0.16242581275273685,0.6717244685575485,1.4572091267210328,4.169624723445218,0.6604202358449096,1.5522355066363878,0.6168626619794815
1.1510356025802049,0.5796499976377106,0.8959380859338514,0.2866540901208324,0.7142202201275267,-0.6958448797744881,-0.6768886991802797,0.5256463192458967,0.09127480126666218,0.22741803064903854,0.2897803156080084,0.15906333551430313,0.9437752171079095,2.412919796703143,6.011971109935828,0.056365380815527555,0.15907782519152103,0.6168626619794815
0.36408304121595675,0.5796499976377106,0.4333176399612362,0.18606032004460604,1.9818510955255568,-0.6958448797744881,-0.35665506556225957,0.4266892885890992,0.05373953083135001,0.5724151609843908,-0.538752032088079,-0.14840377058048826,1.5990854291590324,1.0239622609799799,10.906896904259252,0.056365380815527555,0.06777405952660741,0.948041258115154
0.3800596858109197,0.21584415633882276,0.688033582919997,0.20216056716475464,0.8540969473843119,-1.6303862655361623,-0.5726587460805309,0.3106737879888186,0.1448926701730769,0.6121489914120222,-0.5937913978502088,-0.17656892620816353,2.0876755710222015,0.48164004655240145,2.0348542708786144,-0.11242460379525929,-0.06095085844815611,1.440508934630762
0.4324384954915135,3.195177097504576,0.7129735690959622,1.0536450285477321,4.145505135507669,-1.547281522346995,-1.3623302989780584,0.264841497097131,0.1472429245400831,0.5793187300370113,0.06515540793766572,0.021445372832223142,2.0876755710222015,0.11550489821486419,0.4544473098174149,-0.11242460379525929,-0.03277385152227542,0.44266710650041763
1.1169971982315887,26.711905435434115,0.7129735690959622,1.0536450285477321,4.145505135507669,-0.09583270736944849,-0.21794884411548857,0.5748317639014009,0.4015451394747751,1.579856016712951,0.8477825443000526,1.1902695085029529,0.8841108936101674,0.30535006470582987,1.2013820851129964,-0.2818116769438358,-0.34502585739926617,0.3838440926895241
1.1169971982315887,7.216741350098563,0.7129735690959622,1.0536450285477321,4.145505135507669,-0.09583270736944849,-0.21794884411548857,0.23885319218183215,0.6065095888629025,2.386276731957176,0.8477825443000526,1.462840438283497,2.2011605390828155,0.3315218773061994,1.3043535608954222,1.6841207959934268,2.1484387978271835,0.865314523401773
1.1169971982315887,17.848244272220416,0.9406812011828373,1.7812784807823683,4.026028889022743,0.3142214468780037,0.7042491820896306,0.12266864548916656,1.6183812479268,3.6578500935711014,1.775560791470372,3.793154929434794,2.2011605390828155,0.3193843768983853,0.7218695683847588,1.2416888930689842,1.1784041058751626,3.9850320334659477
1.1169971982315887,5.707861338898145,0.47752385204182457,1.7812784807823683,15.623260656713272,0.7354915144988574,3.247248984099934,0.30029892703603833,1.5471329425209766,13.569613899437314,1.775560791470372,7.305860498850311,1.5651857793754569,0.3193843768983853,2.801260680909258,0.7638501955540409,1.4280290447108703,3.9850320334659477
1.1169971982315887,5.707861338898145,0.5466288385458064,2.4951743241516935,16.70112814508268,-0.5055437042747641,-2.307723083773954,0.8258266619922369,0.5234111953150014,3.503385459249899,1.775560791470372,3.7122019244738222,1.033418482242324,0.6573068344242988,4.399598683787782,0.05031295933139768,0.11787955239744198,4.429994682312371
0.6853358025062193,2.773074042318896,0.5466288385458064,0.821723721887041,5.5001019553034745,-1.4088822224642792,-2.2644538781582546,1.2052249527761625,0.5234111953150014,3.503385459249899,1.775560791470372,2.277628707576154,2.2576100283932647,1.8761543733338628,12.55779778820023,-1.4781841560270608,-3.589952531005148,4.429994682312371
0.6591517114946928,13.13288548853879,1.035082128163936,0.821723721887041,1.5339323268251333,-0.609607244847534,-0.4976667248917107,1.0770206475639539,1.04174977042517,1.944660482294676,1.4765693731646288,1.3572540136717313,4.119531049055568,1.8761543733338628,3.502264528474662,-1.40818295459975,-1.73707647975074,4.429994682312371
0.9789943820017585,4.683100142477341,1.035082128163936,2.1941099391794747,4.095800175497891,-1.5347893698613948,-3.0408735586286886,0.7355078734240453,0.6042187530207311,1.1279103341498498,1.4765693731646288,1.5352225595332194,7.417091165995802,1.8761543733338628,3.502264528474662,-1.40818295459975,-2.579964650212485,1.9537949393847724
1.4448239433251546,5.6779863260159145,0.9965699966932948,0.4842856449427748,0.9752500378536616,-1.5347893698613948,-2.189886975233493,2.991561092463154,1.6316081169593744,3.2857176223239017,0.5113542070206746,1.3392198625708274,4.4842529083324125,2.8155542161774862,5.669937534965739,-1.4561382666753633,-5.009641896075701,1.9537949393847724
1.4448239433251546,7.57161149718061,1.0275210999133135,1.5895044096985842,3.0109963926654006,-1.5347893698613948,-3.847856171469387,2.205818747456526,0.9181927813625821,1.7393315398089444,0.5113542070206746,0.9743790765452514,1.2758494798266147,2.8155542161774862,5.333501144467962,0.29944092271377887,0.9991536488756583,2.323156628031434
1.1845675845202135,4.945359268187855,1.0996417320390193,0.4976673255235958,0.8231267150740822,-1.9937982650802755,-2.1427643213945973,2.687959993421176,0.2988257389011409,0.49424874052660556,0.5113542070206746,0.4258478540340698,2.950613517186208,2.8155542161774862,4.65684157712555,0.3455750336745457,0.8833807576775551,0.666881127654404
0.46298996022479194,8.478077122737322,1.3604575749921857,1.6170475858052076,1.7473616092915056,-1.3302538276430256,-0.8141369871890043,5.699125948007137,0.2988257389011409,0.32290739530959034,0.7670334376382876,0.20180172119908926,2.27707976735095,3.1105644025302035,3.3612373982819768,0.3455750336745457,0.293334757593089,0.4780353000723823
0.46298996022479194,2.5207375734479527,0.7498776471451739,1.2221272372274115,4.346759408030393,-1.6421621152031372,-1.5851501410853643,2.5527112756905646,0.08002824449035349,0.28463773169460144,0.7670334376382876,0.18946635723817143,2.27707976735095,0.3725283004034856,1.324977338865338,-0.3164764657951039,-0.1686619895182367,0.4780353000723823
0.46298996022479194,0.9384132409563366,0.6464880318050034,2.306875446380181,11.039087189539254,0.48258775602214943,0.742359814149004,2.5527112756905646,0.3583992769657719,1.7150474566371343,0.7670334376382876,0.4650760135996663,2.27707976735095,0.3725283004034856,1.782659048704971,-0.3164764657951039,-0.1956352625889098,0.4780353000723823
0.5944703079600323,0.9384132409563366,0.7184797892392477,1.5699488763004157,6.082559893288764,0.48258775602214943,0.7075378275390927,2.5527112756905646,0.3583992769657719,1.388570736769996,-0.21876807178190683,-0.1532491629224721,2.27707976735095,1.0484783394809802,4.062191064295947,0.5531850058951011,0.6627973159497982,1.9782685224172996
1.1290847909697272,2.3598331407591204,0.7184797892392477,1.199844620480724,4.648639759475713,0.48258775602214943,1.1748050442850284,2.5527112756905646,0.3310444779122989,1.2825881750933892,0.22614266901596436,0.2891696349630762,0.7583011874974837,1.0562565912020832,4.092326874877355,0.33830730481451726,0.7727216680211811,1.1418490520947882
0.9169126219084178,0.436768406601228,1.0931271480278344,1.8462612300148256,3.0901658245328796,0.6612561840247793,1.0658315953649315,4.139542536092854,0.12644767030443277,0.21164083555143576,0.3905391433978267,0.16473741776403392,1.6199935613448522,1.0562565912020832,1.7679015119892127,-0.36930769601357477,-0.45024131352998026,0.37755474251003496
0.9169126219084178,0.436768406601228,0.5205329987213818,0.30986288258988487,2.2871940866550204,-1.2174150133386696,-1.6881775249207345,4.139542536092854,0.06065583712650061,0.4477195552991057,0.8729443851685688,0.5355716240177731,1.6199935613448522,1.0562565912020832,7.79655765542361,-0.36930769601357477,-0.9455135489820706,0.37755474251003496
0.9169126219084178,1.4596888148657803,0.4577228332431824,0.30986288258988487,2.957974306883858,-1.2174150133386696,-1.9198345496436273,4.139542536092854,0.07284622576315748,0.6953955322427985,0.08477392582401788,0.0648195773142413,1.6687389113086815,1.0562565912020832,10.083104604650961,-0.188131189538166,-0.5477544178259053,0.37755474251003496
3.1425992987632503,0.502399089345992,0.3163405154459933,0.30986288258988487,6.192840811669948,-1.2174150133386696,-9.52078199219707,3.75878523310627,0.08984896683887542,1.7956986137723718,0.20294639135707526,0.8546475783194127,1.4380775682541085,0.3302349538713057,6.599991850204663,-0.5356693643653382,-4.324715253901765,0.7658279749988779
1.5214223577733264,0.5422116270773873,0.3163405154459933,0.3441634045798806,6.878362325785502,-0.5863200546487108,-2.3395216458575376,3.6097326189868775,0.08984896683887542,1.7956986137723718,0.20294639135707526,0.41375937879948654,1.0020265522095493,0.8703470452187471,17.394534824233105,0.7703426232073559,4.888100558892947,0.6847819563538524
3.437736390894047,0.4209902608639377,0.28876556735919723,0.3441634045798806,8.254748997694726,-0.9158754645774155,-9.04609058699186,2.9397089273026578,0.028757050738555938,0.6897370045793303,0.8804870337155423,2.513838073706249,1.9913552612182361,0.8703470452187471,20.875247930372247,1.193106622199966,18.7399163853493,1.7318983982071305
3.437736390894047,0.4209902608639377,0.28876556735919723,0.3441634045798806,8.254748997694726,0.2064205408254588,2.038813117659531,13.660660562348182,0.05428147601580943,1.301939583849315,-0.0923980781208763,-0.36243566324154464,1.9913552612182361,0.8703470452187471,20.875247930372247,1.0473936820228773,16.451228799199615,2.3203905531281683
5.623485457539095,0.3359828774697232,0.28876556735919723,1.0136899605362044,24.31332348052501,0.2064205408254588,5.723749941416462,5.625511849292101,0.015919887991710485,0.38183803883333267,-0.0923980781208763,-0.3210761965911716,1.9913552612182361,0.8703470452187471,20.875247930372247,1.0473936820228773,26.911093635916508,3.0203916615226736
2.6390108961265804,0.4257782433344687,0.29089054410647175,2.3220866355050407,54.884436116834486,0.6083360478079665,11.893490736122105,1.972750613245669,0.033781531284456066,0.798454401899317,-0.0923980781208763,-0.21788592727248993,1.1206768708404495,0.8703470452187471,20.571371486488314,1.0473936820228773,12.536686238272408,0.8169010114463359
1.6449787752861582,0.4170233178497715,0.43624362784645015,1.9539212479029233,20.534250638083595,0.6083360478079665,4.534644859530687,0.43585667440397174,0.033781531284456066,0.3550186227197151,-0.0923980781208763,-0.09056258368945069,1.1206768708404495,0.6676059541868287,7.0160391599520535,1.0473936820228773,4.563691204035588,5.458927626093756
0.439357332351752,0.4170233178497715,0.25641456657794826,1.323714740738229,40.26604868518662,0.6083360478079665,1.6960198768865509,0.836323264202668,0.03425988762574244,1.0421507448937388,0.39200653418309817,0.17582331191901185,1.1206768708404495,1.5480799112209163,47.091007718941654,1.0473936820228773,3.157888710260578,5.458927626093756
0.7143674117964567,0.9180092493045803,0.6118273315484897,1.323714740738229,7.072397354688496,0.14242350569189638,0.27057435548656134,0.232595240007101,0.03441427042316214,0.18386997410678402,0.20762607024711932,0.0636002651374841,0.8197047808312756,0.4600253982458724,2.457842546823328,1.0473936820228773,1.1730286336286821,3.182286999878307
0.7143674117964567,0.5089665308368988,0.5203904719911406,1.0615678245976048,7.840054287582136,-1.3835868309637582,-2.7674997432458297,0.3410288481054958,0.0212312703459986,0.15680044953327174,0.3660100076745303,0.10353525240700433,3.228679347781769,1.9301004998954603,14.254475643518832,1.0766279407287573,2.903774614122763,1.45528979637262
0.7143674117964567,0.5089665308368988,0.5203904719911406,0.5503636027545178,4.064630091007418,-1.3835868309637582,-1.9926846175124728,1.1050534924903956,0.035656170557816724,0.263333445478658,0.3660100076745303,0.13417376472764664,0.6971753759118744,1.9301004998954603,14.254475643518832,0.6706969703579571,1.8089376678968658,0.458546929707212
0.614749494456871,0.5089665308368988,0.4602402140215486,1.1031315630860266,10.415693238385773,-1.5908357264868593,-3.1562224619054575,0.8991787602779648,0.035656170557816724,0.3366631388434124,0.3660100076745303,0.13055362186458644,0.6971753759118744,2.4023550443781003,22.682873040030678,0.6706969703579571,1.9636928364481112,0.458546929707212
0.3411639564846974,0.287960862511627,0.6440940863967862,0.4705870776109679,2.2686702148917672,-1.5908357264868593,-0.8174744026483857,5.0344488717263385,0.035656170557816724,0.17189611863607668,-0.20536697562341055,-0.029048705589905553,0.7346813158216386,2.4023550443781003,11.581600078022541,0.17948264474874942,0.2083866460703966,0.3157184386728731
0.3411639564846974,1.0060429826834176,0.4692641667540701,0.3578447318727453,3.25004847487769,-1.9835701692696786,-1.219988199528261,3.034115441969092,0.035656170557816724,0.3238395662133742,-0.3073973039103519,-0.05967990882007065,0.53414773076934,2.4023550443781003,21.818877442276627,0.06328718389075241,0.10085446150377479,0.44055853525978295
0.3411639564846974,0.7336255318136689,0.40548941218447093,0.3578447318727453,4.352768661826342,-1.9835701692696786,-1.4118660776301097,3.501963400815806,0.09905844867262474,1.2049318396132416,-0.3073973039103519,-0.1151183183129805,1.2179614852069076,2.4023550443781003,29.221879827667962,-0.5946629973194376,-1.0967007312125232,0.2905407167708837
0.3411639564846974,2.2458657690299297,0.41774095450417964,0.03511667225985276,0.40246604002221853,-2.1889138431082897,-0.4737578622961943,4.108792602824563,0.0530867066639657,0.6084174619613282,0.5252550740726915,0.1397765232539265,1.2179614852069076,1.0470173646058951,11.999682926938043,1.250866642644525,1.4782879565903622,0.6166727508106774
0.9098298371940167,2.2458657690299297,0.5711698623103305,0.05254165143055973,0.3221092130547473,-2.1889138431082897,-1.1302913820596,4.108792602824563,0.15278968803603207,0.9366847983682104,-0.27351574717212,-0.2408458937025362,0.5285907444613797,1.0470173646058951,6.418792142717154,1.266687913052468,2.9198225458196965,1.503434161202296
0.9098298371940167,0.5731468560183507,1.232716181962871,0.05254165143055973,0.06915244190964198,-0.8422962612289446,-0.2015249436118494,4.108792602824563,0.15278968803603207,0.20109341329455563,-0.26648663201148337,-0.10872627920538265,0.8691365516938606,0.44148547692926066,0.5810589877946675,1.0820519331387564,0.7504441767842148,0.49941394901934244
0.9028659955793734,0.5731468560183507,1.232716181962871,0.06709679602755117,0.08830912548971816,-0.9041759956554656,-0.24259344492433949,5.153416045340011,0.12250775664471039,0.16123799488964105,-0.5045990495609294,-0.18293778616971829,0.7874808468031191,0.8911207162509387,1.172844246177991,1.011385743911236,0.9889180301393472,1.0192793942244938
1.2877844775129104,1.6994799032029517,1.232716181962871,0.6524015482906281,0.8586551610307376,0.5657876191990374,0.6751589328817863,10.449438195796487,0.02806899626829221,0.03694287448254948,0.13974919270024488,0.03459057934297098,0.6481958034747447,0.6104434232287944,0.803432176465613,0.33398411319280996,0.3855170635184908,1.4966927229468034
1.4057996346586863,2.235806506186001,1.232716181962871,0.24659738931866948,0.3245579683095049,0.15845302329200434,0.12690247553382047,13.354287914470524,0.02495499337640031,0.03284439454853729,-0.8424350681687941,-0.21463003350727444,0.27088129130651345,0.20749823159952335,0.2730977998665204,0.33398411319280996,0.245362583479258,0.3871314079352905
0.44781270200996065,2.235806506186001,1.232716181962871,0.7005490841775337,0.9220243088945426,0.7969583785474841,0.3426914226178771,4.238542447107543,0.14812182219508976,0.19494982411113648,-0.3540829890812098,-0.07001045411131882,0.27088129130651345,0.18165086724400276,0.23907891554434088,-0.1766548030843723,-0.03868053716584606,0.34738989707426715
0.467224924272948,2.235806506186001,1.232716181962871,0.31363702981385944,0.41279186882011015,1.395011039866879,0.4187638788388702,4.238542447107543,0.14812182219508976,0.19494982411113648,-0.66280333991166,-0.13673261330705752,0.26093795699793504,0.18165086724400276,0.23907891554434088,-0.1766548030843723,-0.04035729885961875,0.34738989707426715
0.467224924272948,1.234793676053439,0.5922173364208206,0.31363702981385944,1.7885253278557562,0.7923613331584697,0.49510444304716145,4.238542447107543,0.16091116502433594,0.9176011338699545,-0.425289601517542,-0.19034336259803947,0.2511521484688586,0.18165086724400276,1.0358699579755615,-0.1766548030843723,-0.08400479402584188,0.34738989707426715
0.467224924272948,0.44776849349302095,0.43196397387190855,1.4968192633827295,16.043691546133143,0.16601451225804387,0.31068780581942085,3.6083565916998106,0.12185473249839666,1.3061027403018919,0.18286799677987509,0.09764553293685582,0.465527135273496,0.6680920856165622,7.160960316492258,1.5888919524053016,1.9865797362049062,0.46192628255200263
0.467224924272948,0.44776849349302095,0.43196397387190855,1.4934709031225721,16.007802070019714,0.650677641641114,1.21634770238745,0.739005455801396,0.21936317179038628,2.3512491794318127,-0.6496975230810831,-0.46546447643174477,0.6680294929562273,0.4333980505735289,4.645386928267494,1.5888919524053016,1.60004174844614,0.547009644865968
0.7708760263440538,0.44776849349302095,0.39987701197491454,1.4357232224128342,17.957581419860176,0.7663815546424487,2.5035340660758933,1.3609648609029452,0.21936317179038628,2.743726615582967,-0.6496975230810831,-0.8295950819758805,0.6680294929562273,0.3902063099631743,4.8805796774192105,0.590967103493538,1.0064299436399387,0.547009644865968
0.3599015737666496,0.4633223980309034,0.8169858172015108,1.4357232224128342,4.302012680032626,2.07179205177464,1.54655636035013,0.6879316944130542,0.16411455812943415,0.49175418982515023,-0.2995073409687302,-0.07559015774307544,0.6111802904183132,0.3777747434610373,1.1319672978711075,0.590967103493538,0.22628928606440465,1.0521152773821303
0.8898104737017657,2.2510181933458844,0.8169858172015108,1.4357232224128342,4.302012680032626,2.7692498485712367,5.110877798851128,0.6879316944130542,0.2606592080045114,0.7810413598507843,0.3866729189370274,0.30407329935496263,0.06669794335050358,0.3777747434610373,1.1319672978711075,-1.3134066816232124,-1.2434080505801917,1.3714432820341547
1.5362504042189775,1.7604318209992917,0.5606788986320947,0.575240213201505,3.6597448735053475,2.7692498485712367,8.1385972316266,0.17469268585857525,0.5399547442393475,3.435254632420182,0.3866729189370274,1.1009947142488505,0.06669794335050358,0.24760241432840246,1.5752752427766938,-1.7286984819415991,-3.3331855054532764,1.5067319120067502
1.2024825602650455,1.868774893678237,0.7295819288326483,0.5601865568790989,2.1048179637405977,1.9329584804634226,3.372163185838091,0.17469268585857525,1.2255278834777077,4.604739389998591,0.1582987240411274,0.4084686487465172,0.10458687589078242,0.4666573816781682,1.7533959496288811,-2.008314816526245,-3.197794699281447,2.096375639737666
0.4666693159374099,1.868774893678237,0.7806767639449281,0.8133997834009259,2.6692640763034734,1.836896574895155,1.4005213109657413,0.35055346239054747,1.2255278834777077,4.021709398787566,0.1582987240411274,0.14814670744877834,0.15549089920169687,0.4666573816781682,1.5313893736819444,-1.5681675407233209,-0.9056169059061517,0.8542100036866109
1.0500665910483724,0.9852956919696737,0.7400662452068679,1.5921244025481844,5.813876497871914,1.836896574895155,4.650872635861017,0.35055346239054747,2.0535579801257193,7.498869095003969,0.1582987240411274,0.45518940160269017,0.15549089920169687,0.23721439105779363,0.8662232492138223,-0.526228181024534,-0.5142873726901059,0.6409037317837676
0.425586321282765,0.8046940634999632,0.7400662452068679,0.24903723225112165,0.9093960932717046,1.3281268462587419,0.5390186083487769,0.35055346239054747,1.9368061693329663,7.072532680735341,-0.7771324084300365,-0.8795695031913665,0.15549089920169687,0.07541902784338742,0.2754036762260777,-0.526228181024534,-0.11752942990952649,0.44703492218381286
0.7013812467224625,2.536463075212119,0.7400662452068679,0.35625533656627684,1.3009187756868401,0.34401902846337507,0.2752084127755606,0.35055346239054747,1.9368061693329663,7.072532680735341,-0.8598816297686052,-1.603911133624962,0.2423680015608187,0.9942556146130531,3.6306706570318292,0.05870629089646762,0.07845709426097716,2.3228213079796656
0.7013812467224625,1.216672906513605,0.6056842578497512,0.35625533656627684,1.9422216991475947,0.34401902846337507,0.33626836763962065,0.5189509804326862,2.43123922945808,13.254553974643102,-1.4375017250935076,-3.6706678096249457,0.14026434885599393,2.8538906353026747,15.558751687212368,0.5381950237464701,1.4889537312238699,4.237436462202311
0.7653327654078133,1.7126051046811974,0.6056842578497512,0.17025679490423976,0.9282006683114427,0.3000857167311739,0.2212669603556843,3.4598062018036053,1.077400643045539,5.873739121404922,1.158329775290866,2.1485222410161335,0.14794895176387968,1.4720525812869079,8.025290212402952,0.8202772366036711,1.7784486889253226,2.3080951054548935
0.3350263807258987,1.3284500731356452,0.544376147844518,0.17025679490423976,1.14904297790988,0.6109559539963039,0.21941031641262587,1.1183135630702148,0.33919071278292906,2.289158015189244,2.292800151300355,1.1622059471084802,0.14794895176387968,1.4720525812869079,9.934708817895842,1.163488091540861,1.2286226562504436,1.4247604269902423
0.3350263807258987,1.3284500731356452,0.403934882486351,0.17025679490423976,2.0869484955648,0.8460184783845829,0.40946305283517453,0.27565198383773754,0.33919071278292906,4.157681625276845,2.3324199444164493,1.593350669456509,0.14307606914591597,1.4667683607903919,17.979135726214288,1.3659482652341555,1.9404285777873331,0.38407351811225166
0.5143371708028739,0.46418236275935754,0.5579605825565483,0.46110346462857427,2.9622475094366814,1.1192973398414001,0.9908411957088774,1.0113290065523954,1.0098998702195774,6.487857075088621,2.3324199444164493,3.0556618708398497,0.10446301891836643,0.8435784249408972,5.41936524009548,1.3659482652341555,1.6355219356432327,0.38407351811225166
0.5143371708028739,0.8316229093111168,0.5579605825565483,0.45707713813007994,2.9363813501963665,-0.4997361583287674,-0.44044827563456496,0.32191823053237134,1.15657744771321,7.430151640085462,2.3324199444164493,3.270043249406298,0.07937688635652171,0.6343721929695404,4.075370481533042,1.3659482652341555,1.418292186335979,0.5476364492999884
0.6400511276961232,1.551951482806302,0.48768645731379906,0.45707713813007994,3.8435992830595493,0.7008275786312905,0.8794170929084302,1.5998234752713303,0.8996722515154926,7.565418027819647,0.7745270670581261,1.3635395255418603,0.06556573773792863,0.5596124503114176,4.705827164333099,1.6667926729893363,2.3142711209309916,0.3111066811395553
0.5714544158601171,1.551951482806302,1.2793457204182164,0.45707713813007994,0.5585263330363398,0.7008275786312905,0.29930543529250575,3.046247106873997,0.8996722515154926,1.099356326656818,0.5260479338058259,0.315192701244435,0.030633537177503608,0.49175276935227125,0.60089829071395,0.9947520143358861,0.44065317596482906,0.3111066811395553
1.6069625492751243,1.982466824208186,0.7775033550740889,2.0264080004879177,6.704283080142752,-0.06481366105910558,-0.26967983945656177,1.4363004363590264,0.8996722515154926,2.976526667905452,0.5260479338058259,1.458431257342043,0.03180027025938024,0.49175276935227125,1.6269427333429196,-0.3299092999021396,-0.6762175640670087,0.3111066811395553
1.1212592959831043,1.982466824208186,0.4909285243785581,0.8659035694255464,7.185599249215976,-0.7930321368018685,-2.3835723553200605,1.4363004363590264,1.2220967014300483,10.141426193786053,0.38586942780765554,1.377830978132882,0.02955234202904628,0.7759399322309269,6.439046553618179,-0.3299092999021396,-0.9386666700622567,2.3223575935210197
0.6625016207859407,1.5742083725198917,0.728134933082669,0.3988583559970131,1.5046135060036443,0.8646242162692157,0.7026302091347107,1.190403930743878,1.2220967014300483,4.610115784130454,0.26070360518168123,0.3708428401186134,0.02955234202904628,0.1325008846294515,0.49983313016612935,-0.3299092999021396,-0.1545233171909571,1.1235859415929048
0.6625016207859407,1.5742083725198917,0.9831787110149105,0.912450069133052,1.8878790708420072,0.8646242162692157,0.7870483740583397,1.190403930743878,1.3369064748179813,2.766088621024588,0.5015041297302559,0.5525791624283568,0.02955234202904628,0.5929359132179711,1.226797321609466,-0.07692484051844128,-0.05644688222601896,1.1235859415929048
1.661335001519233,1.5742083725198917,0.9831787110149105,1.0278301611010212,2.1266029946892773,0.8646242162692157,2.094728881146262,5.5206462189452195,1.3369064748179813,2.766088621024588,0.5015041297302559,1.3856858230223554,0.02955234202904628,0.5929359132179711,1.226797321609466,-0.07692484051844128,-0.1415501158434438,2.8741237612118624
1.2019636768894713,2.3525378951200397,1.0278474357549343,2.5551177323067416,4.837083652056166,0.8646242162692157,2.285654261411804,1.414751486389698,1.3244661609136197,2.5073418471692386,-0.41569730534457383,-0.7911800493158905,0.02664885299834897,0.387734031591895,0.7340178191577087,-0.07692484051844128,-0.07921569733213152,1.471861753280253
0.6778279503236975,1.371041335262455,1.0619467032274772,2.5551177323067416,4.5314320247059126,0.13425782965441202,0.1937210570678971,2.9126510977297366,0.320691540569432,0.5687377527127365,-1.0374104843175724,-0.530305503966817,0.15068366437143554,0.7262572883844716,1.2879976108930191,0.39200536761837795,0.30155672321261506,1.471861753280253
0.8303327176557002,1.3719034659939613,1.0619467032274772,2.5551177323067416,4.5314320247059126,-0.527175757256532,-0.9318055999575333,2.9126510977297366,0.8103353077052079,1.4371076986618,-1.0374104843175724,-1.0326364281610425,0.14548317720952297,1.6779125840745737,2.975732476823418,0.39200536761837795,0.5614888118007282,0.26626226668430975
0.8303327176557002,1.3719034659939613,0.5425982362113804,2.5551177323067416,17.35737939118362,-0.159441776981399,-0.5515645618027435,2.9126510977297366,0.6942967355791057,4.716483979243932,-0.9766646553328625,-1.7611924046298968,0.127563674390585,1.6779125840745737,11.398365303789966,0.289259212256108,0.8108875559188303,0.7858830401089838
0.8225672303090971,3.220769320540297,0.5121663151392833,3.4680793304015523,26.44216404580963,-0.159441776981399,-0.6744069349708726,2.9126510977297366,1.2224162408214334,9.320239732901298,-1.4634281592713712,-3.6749916197751777,0.127563674390585,1.6779125840745737,12.793144439833533,-0.24382675239729062,-0.7173670251391997,0.7858830401089838
0.23905468483817463,3.220769320540297,0.6090028443443309,2.1552316647377627,11.622118861792542,0.3887589820629232,0.3168256625862883,2.9126510977297366,1.2224162408214334,6.591897790783877,-0.3603016799040779,-0.2211407502185303,0.127563674390585,1.1503981262873184,6.203539035197611,-0.24382675239729062,-0.1451771856232479,1.8518465485662226
0.23905468483817463,3.220769320540297,0.6090028443443309,0.5308983508925206,2.8628772667708886,-0.10316647517826266,-0.04172892691012758,2.7952651042698116,1.2224162408214334,6.591897790783877,-1.064899692529078,-0.6535987203169774,0.127563674390585,1.1503981262873184,6.203539035197611,-0.06027533912080893,-0.035888613575050556,1.8518465485662226
0.9568984308810167,2.1099349398770446,0.8800121650679602,0.5308983508925206,1.3710838661726916,-0.10316647517826266,-0.11559430686774627,1.5975103165126119,1.2224162408214334,3.156979453260817,-0.46311222139495234,-0.7873864959377974,0.127563674390585,0.38331699924846374,0.9899442189182784,-0.06027533912080893,-0.05738664916352835,1.8518465485662226
0.5766814480049889,2.1200308874716915,0.7285935518939798,0.18296488803722005,0.6893298785864708,0.5192245845047487,0.24860209221319027,0.3315200739546484,0.6020973271891142,2.268433478690619,-0.46311222139495234,-0.4022399911171187,0.127563674390585,0.38331699924846374,1.4441670387507457,-0.13549063955950458,-0.09389749089990466,1.8518465485662226
0.7608090197760302,2.1200308874716915,0.7421105834525907,0.37275964449012666,1.353697522453939,0.5121417599859152,0.4533427339570993,0.3315200739546484,0.3358347025828647,1.2196025282251843,-0.46311222139495234,-0.389108799960835,0.19292167198937288,0.14718720237168334,0.5345185674806913,0.33250259396301135,0.18494904297190412,1.4643526372034812
0.49404508328270846,2.1759608957843777,0.7362977654739865,0.37275964449012666,1.3751558464978613,0.7749504970010455,0.44896915219272154,2.3464655423086955,0.3358347025828647,1.2389352268682323,-0.5632976652786058,-0.309762494876625,1.479210387115591,0.14718720237168334,0.5429915626943499,0.33250259396301135,0.12104815098493286,0.44746422424236704
0.49404508328270846,0.7816712915277362,0.4495835708971538,0.1641478703104044,1.6242182396536244,-0.36956942661966097,-0.2326937986200529,6.589574601328589,0.5116985542685201,5.063179458104982,-0.6360104808273894,-0.70703760705867,0.28200863404132087,0.8006100447881912,7.921914765850378,-0.6583175576397835,-0.9154130562738074,0.40902376062574025
0.6509451274497926,0.9375158527984999,0.4495835708971538,0.32279114232716793,3.193969315440969,-0.1472019286372163,-0.17124710978133628,6.589574601328589,0.3636596865856568,3.598357352198346,-1.599196449251896,-1.974687344132457,2.094914951190701,0.8006100447881912,7.921914765850378,0.9206380792191107,1.6867409835481144,0.40902376062574025
0.48687624775776994,1.3092409343476308,0.7211451270899946,0.5701169709286363,2.1925455178057884,-0.4290615136009791,-0.30932317381004415,4.75950939589961,0.5587270689128195,2.148742438987859,-0.9108200277100876,-0.650044877604106,2.094914951190701,0.8663983474235482,3.331979067705432,-0.10362574206585573,-0.09209528024538916,0.40902376062574025
0.48687624775776994,3.9610603566718394,0.7211451270899946,0.36448032402761954,1.4017118267387796,-0.6320742630123675,-0.3643477264122153,4.7157087652055125,0.5587270689128195,2.148742438987859,0.7376783145732145,0.5264750391068257,2.094914951190701,0.8663983474235482,3.331979067705432,-0.10362574206585573,-0.09209528024538916,0.5401593236555274
0.4709242768393976,2.946970941523395,0.3396342933052559,0.6394598655565312,11.087157515198587,0.7314025700958007,1.1468791842862156,0.29659863267681463,0.5587270689128195,9.687386737946897,0.39999564213026106,0.5862861816545688,1.487862906348839,0.41362583960185717,7.171575704803382,-0.10362574206585573,-0.13068508562266665,0.5401593236555274
0.4709242768393976,1.0767601365725317,0.30799278970876637,0.7829731494953729,16.50804962140885,0.3105424614335809,0.5941826322365632,0.23717434186051203,0.8170031095498063,17.225530507637462,0.7332153316651322,1.4330750011243754,1.487862906348839,0.41362583960185717,8.720804652426601,-0.10362574206585573,-0.1441109603343676,0.23476122032259464
0.4075618711459994,1.0767601365725317,0.30799278970876637,0.2892503791126066,6.098497265812626,0.3105424614335809,0.3125546433189967,0.23717434186051203,1.2352333125920683,26.043412639921698,-0.39079439901104274,-0.812813342704729,0.4957969331982409,0.24220070968090893,5.106511425493669,-0.10362574206585573,-0.09543844507116961,0.11536508276573224
0.4126834929225387,0.42543226572350246,0.5488706143821982,0.1724836530883226,1.1450856635165765,0.6421370063206806,0.2835722867463702,2.7752224470005955,0.6514365529242696,4.3247614721046315,0.847012494038103,0.7269223031949736,0.4957969331982409,0.10226256803626566,0.6789014406643739,0.1918269044057332,0.06522738703226927,0.7811291617199011
0.3292490190104347,0.42543226572350246,0.6539863393507691,0.16170238951760132,0.7561519557718922,0.6421370063206806,0.18384707665702665,2.7752224470005955,1.4037701073931272,6.564303195061269,0.012995177796802038,0.010962283556215814,0.9958103553513801,0.029504003814997796,0.1379664843195379,0.1918269044057332,0.023459611024731906,0.7811291617199011
0.3292490190104347,0.42543226572350246,0.6539863393507691,0.36984003405942617,1.7294442333911078,0.7314925579878903,0.3167288931184834,2.7752224470005955,0.7799536170352118,3.6472154474151477,0.012995177796802038,0.008171229807452066,0.9958103553513801,0.015618093355271397,0.07303325492744792,0.1918269044057332,0.017068459909955615,0.8393144921496823
0.9645067731039269,0.40509834064182826,0.6539863393507691,1.0912968185749452,5.103117066821495,0.48288436640193555,1.05212221972398,4.5332368023282665,0.6984139654341077,3.265920110870834,0.28896199194939726,0.5036731300365838,1.6934360003655196,0.015618093355271397,0.07303325492744792,0.247592830823801,0.06453624243115427,0.5407444338920014
0.9645067731039269,1.1207872753180657,0.5689626142073486,0.6763161467324191,4.178421918387487,0.6659092426778039,1.3128843459673947,4.5332368023282665,0.8394201798546463,5.1861125823883745,0.449587708873202,0.9875081342158905,1.3183609172036301,0.006148041907712575,0.037983882517763995,0.07518395604791459,0.01413286246352669,0.5407444338920014
0.9645067731039269,1.1207872753180657,1.009341518766318,0.6763161467324191,1.3277107621472408,-0.3229010424855565,-0.35886116830431297,3.8155495794650265,0.8394201798546463,1.6479086180941578,-0.02594907492705084,-0.0321287422374765,1.1525950771693527,0.014656744186300422,0.028773402924371236,-0.6660688603439749,-0.10897328067847314,0.6571947611193738
0.9645067731039269,2.705282805759282,0.6139350864853308,0.6763161467324191,3.5886809030346356,-0.3229010424855565,-0.5899866038218116,4.547948095495414,1.569613749430532,8.328712710670423,-0.33786829112360744,-0.9404628784055431,2.468020652692637,0.014656744186300422,0.0777718796396717,-1.0312186743311065,-0.2773750212439627,0.28051834764744
0.42122137489792166,5.254555439509162,0.5053143676727391,0.6763161467324191,5.297323045808374,-1.1376971077734415,-1.1029740239516317,1.1736452586842072,1.6329235560706028,12.790059245825669,-0.33786829112360744,-0.5089722619149072,4.997088544632743,0.017205864550438453,0.1347668886015167,-0.9761871022356776,-0.15095067784408112,0.28051834764744
1.1852477913239796,5.254555439509162,1.075580528153472,0.5075213055310998,0.8774015786108861,-0.6465029253991947,-0.7177593437158702,0.8329030342674862,2.3274037222257986,4.023609802565489,-0.0869930721327759,-0.20682438973292236,7.522176132966069,0.017205864550438453,0.029745456108728238,-0.3733556397219655,-0.07632067223202252,0.28051834764744
2.401016983369586,5.254555439509162,0.5593183337041228,0.8717961013751989,5.5734846311981086,0.07312887144256719,0.41452192586139536,0.7484284001608599,1.5039144267399915,9.61468390470014,-0.07751973287362499,-0.5771318003931886,7.522176132966069,0.060454782491620666,0.38649381497343976,-0.40672090791599347,-0.6071038744949424,0.9048986164219399
4.3360141147727305,5.254555439509162,0.5593183337041228,0.6078022377886303,3.8857439552426056,-0.6306296994759762,-5.390166707369698,0.7484284001608599,1.5039144267399915,9.61468390470014,-0.07751973287362499,-1.0422465354981056,7.242540158078596,0.630466651513146,4.030639947974671,-0.04181461591412339,-0.3640037029417437,0.9048986164219399
2.60895883958835,10.856138159765534,0.31436327011711296,0.6095828851583799,12.33670458293282,-0.6306296994759762,-5.778847448902976,0.7024032412958449,1.5039144267399915,30.43613666397731,-0.9367247085113144,-13.482609813788713,7.242540158078596,0.33314217902191234,6.742112921428292,-0.04181461591412339,-0.2832652828958982,1.540020220779179
5.697144128945448,31.471400444449532,0.3616395351700744,0.27545458211766277,4.212386304516454,-0.2878225744807512,-3.365473351836546,2.728507897138209,1.5039144267399915,22.99859557848334,-0.9367247085113144,-25.592920097461956,7.242540158078596,0.38075685155477684,5.822720154116112,0.07520028840795287,1.0338074838767186,1.129213672897396
4.858316960436591,7.49343861082698,0.9682131446938674,0.7470099424697033,1.593728830123919,0.2748863662894607,1.6859560922463517,2.0501023294314384,1.072922444032125,2.2890557867111188,-1.0180850342704246,-7.4833849647555954,7.242540158078596,1.138627753823174,2.4292365802357847,0.07520028840795287,0.5694298866287973,1.23725784200008
1.1283349400855582,7.49343861082698,0.9682131446938674,0.7470099424697033,1.593728830123919,-1.1949396872920248,-1.7021241622999288,1.7765919525529428,0.7566746486663215,1.6143482623757892,-1.0180850342704246,-1.4595558079739517,11.231764283558066,0.7229561258052121,1.5424105558771612,0.42846130283407624,0.6004123754446524,1.5804587660573441
0.6942264866153174,7.49343861082698,1.084314147879788,0.2394794503301217,0.4073690212020875,-1.64178146082005,-0.7274623583261985,1.4845882160108999,0.9126868055461548,1.552535426847153,-1.0180850342704246,-0.880655378965312,4.762781685236379,1.8153069657848695,3.087946881512027,0.07545756181620278,0.0920531931300968,1.0430322098702394
0.4433193722733988,7.49343861082698,0.6924703859161788,0.27509694315277194,1.147396048594729,-2.4300316326216573,-1.1539455363779796,1.4845882160108999,0.4671297700099027,1.9483417232763467,0.2238330793223562,0.13850758100958324,4.762781685236379,1.8153069657848695,7.5714256060320695,0.07545756181620278,0.0920467179024427,2.635976326903585
0.6851523568104203,7.49343861082698,0.6596032795275869,0.8352714823556704,3.839653525461825,0.21533849573351072,0.28910449855872034,1.5214601173924733,0.36455082653772397,1.67580109688165,-0.3828482926062988,-0.33956670912852566,0.5293426898405997,0.6604224455019231,3.035891233846533,0.07545756181620278,0.09008096463907517,2.3315601862055737
0.6631891990253215,18.151286895656675,0.3900233099565751,1.0956812515329966,14.405657954863619,0.21533849573351072,0.5420329260964909,1.5214601173924733,0.4582841491051838,6.025369776938434,-0.9226190400283137,-1.5019369776013334,1.0937300595249195,0.3169001781055003,4.1664996688005465,1.4512116243145368,1.964508303371088,4.374586234602953
1.25349975791157,14.06866446726625,0.3316708723945897,0.40886039729392903,7.433449165032197,0.21533849573351072,0.7359378119428385,1.032913514087358,0.15294294793020924,2.78064013074875,-1.317938894909559,-2.754811724041786,1.0937300595249195,0.606537422839721,11.027394996457515,1.4512116243145368,6.040758427087637,2.3318852304601485
1.25349975791157,13.474542955247111,0.2294580829626642,0.2721979936918417,10.33970608333379,0.21533849573351072,0.8679606296116124,1.3451700674272347,0.15294294793020924,5.809686940261913,-1.2544863422061148,-3.7902386614020305,1.0937300595249195,0.606537422839721,23.039915157513626,1.4512116243145368,8.731632338108257,1.8601090188799578
1.25349975791157,8.072282211355564,0.22515080247941283,0.2721979936918417,10.739100756588396,0.21533849573351072,0.8845652778695217,0.2603154185360362,0.366624064417403,14.464517956828903,-1.2544863422061148,-5.980564441673958,1.0937300595249195,0.9058100577425169,35.73716817119801,1.8037813056486098,13.516623097577062,0.505043318006963
0.5934572830211133,2.514916180009126,0.12583738911726522,0.11946025213058681,15.088081622448872,0.013777532892337047,0.031759812724320345,0.3664286288872518,2.4960992249616716,315.26259297346814,-1.1654379832758688,-12.280466191564944,2.1533436887112103,0.5190160888885466,65.55282592199985,1.8037813056486098,8.66700515312293,0.505043318006963
0.5934572830211133,4.732927157361291,0.07402309500530004,0.20322506378509556,74.17760125191306,0.013777532892337047,0.07042020953980296,0.3664286288872518,0.5232275918821281,190.97923726412748,-1.1654379832758688,-9.558103070809581,2.331562308701941,2.9020100450866035,1059.240134775481,1.8037813056486098,34.83939137335912,0.6704608184100468
0.9232579265577289,3.433458307346054,0.07591687268624647,0.20322506378509556,70.52297833784183,0.013777532892337047,0.10682178334869757,4.311396835213072,0.5232275918821281,181.56996701491832,0.8639403850157981,10.748028959238068,2.331562308701941,2.9020100450866035,1007.0529084063278,2.1632774319546955,63.38133880564718,3.0660238745736033
0.620056249765772,3.433458307346054,0.07342467887827253,0.14429003591992148,53.52814897369753,0.7689867083988035,3.488518539222328,4.311396835213072,1.2390053980585038,459.64134046857123,0.8639403850157981,11.484825638479276,2.331562308701941,2.9020100450866035,1076.5762516184627,2.1632774319546955,44.01145299078006,1.7958130408817137
0.620056249765772,2.1946700330900395,0.18854301508772658,0.170595476787394,9.597908647077428,0.23267720036326012,0.44696469971779945,0.449058852626769,1.5645936643692224,88.02593915855554,0.8639403850157981,5.025973548084777,2.331562308701941,2.9020100450866035,163.27060851885645,0.609300456634086,4.827436819847406,1.7958130408817137
0.620056249765772,2.0343286137196865,0.3053543698039294,0.11718608588927899,2.5136092482944674,-0.10601804965354428,-0.10422209110807135,1.318406390176416,4.200696059142285,90.10377284476034,0.8098651672413597,4.7666723164056375,2.331562308701941,1.3590692828505628,29.151661586118728,-1.2694228419685598,-4.249805506052921,1.1501870074887999
0.6919723443915007,4.696470184768149,0.3898800539531203,0.7210334824667831,9.486879691939553,-0.10601804965354428,-0.22595931251311144,1.4626652313063406,4.21259440986403,55.426519473952794,1.0395503478661368,5.355414247040537,2.999274665696666,1.5281532616447249,20.106425702271604,-1.2694228419685598,-3.938786884026585,2.8928934048067783
0.4360393589384322,42.03590451286361,0.48841395014955824,0.4637703899056929,3.8882742838668696,-0.10601804965354428,-0.09115572499362139,0.8570935538318428,4.21259440986403,35.31860349162532,1.0395503478661368,2.6938473489323647,3.0892329550726694,1.6740178849013017,14.035050176270515,-1.4289632825471597,-2.3342842886540667,0.25581040129729726
0.4360393589384322,38.3775303340353,0.48841395014955824,1.1625917839785849,9.747228013409979,-0.04149955178475455,-0.056494954260081574,2.53278325574969,1.0905420790060543,9.143159661694266,1.0058624255959052,1.3262104007071938,3.0892329550726694,0.9282195853877199,7.782239707840252,-1.4289632825471597,-1.7381972721541847,0.2333656402742646
0.6329955716593424,38.3775303340353,0.30353624987198,1.1625917839785849,25.236906385163447,-0.04149955178475455,-0.13196602528589,3.140524032773868,0.3468180753869224,7.528537034099274,1.0058624255959052,1.7470066274489298,3.0892329550726694,0.4920284894227234,10.680685256436822,-0.07750193424304164,-0.16032925401691658,0.7295838830205461
0.6826040068786995,69.76363448416083,0.30353624987198,1.2722996645550617,27.618385034830418,-0.04149955178475455,-0.14887143662107633,1.799251707118484,0.3977767777609437,8.634720665400655,1.0437599095087917,2.0935994295414497,3.0892329550726694,0.23018765283059447,4.996787630500942,-0.07750193424304164,-0.11825698998513563,0.7295838830205461
0.6826040068786995,45.59578245573738,0.3805558621181285,1.2110073026608403,16.723991002566287,-0.04149955178475455,-0.11584630921446243,1.5998618978782664,0.31308255451603395,4.323664946761294,1.0437599095087917,1.4814788675830224,1.4980054156815474,0.23018765283059447,3.178887713048634,0.005987765145082827,0.007287376117917927,0.3840757645990017
0.5090348613466803,60.32348530707113,0.3663605188385273,1.8147537727288772,27.041474747468122,-1.3136873685881882,-3.477400695044845,1.794960499900216,0.566456708646578,8.440717970993203,1.4984421463960746,2.216037986748213,1.3490458868224824,0.33875028096417,5.047685975941419,0.4153286354386982,0.47499120231161107,1.0027639400798654
0.5090348613466803,60.32348530707113,0.5419371661468689,1.8147537727288772,12.358046686004716,-1.3136873685881882,-2.3507934174435756,1.794960499900216,0.1584080147111307,1.0787213508826472,1.4984421463960746,0.7922133256507858,0.6978606807024745,0.8961542797808746,6.102600029722894,0.26136852218082185,0.328668635503526,1.1198106668354821
0.8251288555276001,77.10938857777097,0.8691823943223213,1.8147537727288772,4.804252909060443,-1.5701428037978815,-2.8397091384960254,0.2917335814283774,0.16803222421645556,0.4448368225700935,1.4984421463960746,0.8246356764952086,0.6978606807024745,1.2131551585334397,3.21162258324546,0.5151276402986915,0.7617261762932382,1.4000252484231541
3.546164119524854,36.01629656042249,0.8691823943223213,1.6907151210115265,4.475881610262738,-0.29180728121538846,-2.1892444170248067,0.2917335814283774,0.5534058682120764,1.4650482022423634,1.4984421463960746,6.43168502816804,0.6390480505549723,1.0724918362054525,2.839240287835679,-0.18894115023814262,-1.1289805516258065,2.3897684081655024
3.546164119524854,3.9261417902048503,0.40354669971861634,1.6907151210115265,20.764086654395555,0.18541975497954294,2.9962031096698594,0.2244205552903721,0.5534058682120764,6.796513061131025,1.4984421463960746,13.852937952926178,1.0063565740206581,1.3598794374074643,16.70101256382314,-0.3720225131469057,-5.391373937363045,0.3548041497789786
3.546164119524854,2.7902958876665584,0.3756515216110459,1.6907151210115265,23.962389755551985,0.28581754576846846,4.9614975462364965,0.10632702289564161,0.5534058682120764,7.843383514056242,1.4984421463960746,14.881631167990834,1.0063565740206581,1.3598794374074643,19.27347824287677,0.4936236851655007,7.684840713553801,0.3548041497789786
3.546164119524854,2.1731130972379797,0.3756515216110459,1.8927110736988386,26.82526457531555,0.28581754576846846,5.2495215636874395,0.10632702289564161,2.2006718347376593,31.189971375248597,2.2120277906686123,43.80835020623327,1.0063565740206581,1.6759498335522052,23.75312234642079,-0.9041211927973178,-15.62592852356332,0.3548041497789786
3.546164119524854,1.5093779701352696,0.3756515216110459,0.8277564771657621,11.73173592761251,-0.6352721012560756,-7.716133871060513,0.10632702289564161,4.393975022610382,62.27550742253786,0.6421426463166258,17.97003744850114,1.0063565740206581,2.308892012407249,32.72376855048313,0.05291977947663973,1.0735159789725084,1.3583191156060777
5.004400838263239,0.7447259929572151,0.40164313782437644,0.4318609261527019,5.354182925933193,1.8324784296076446,21.219618018765846,0.6598856012014809,1.7864132441025364,22.147832116797506,0.6421426463166258,15.123392132140628,1.0063565740206581,1.1860361669333794,14.704397202835992,0.026951367793006643,0.5171976128029779,1.3583191156060777
3.0291930167736476,0.4338519543790414,0.39751973857105355,0.4318609261527019,5.465834923605256,1.316741760737248,9.32514969303692,2.3552407422131263,0.41462352527648266,5.2476702738399545,0.6421426463166258,4.455964580522832,1.0063565740206581,1.1860361669333794,15.011031351308606,0.026951367793006643,0.3163100739388861,1.8085137283366521
0.6895538214313088,1.0366541824178261,0.26229703775281277,0.4318609261527019,12.554144860830498,1.1663894902814413,2.8497406356625627,2.4227468432938872,0.13721888667233756,3.988936429773901,0.6421426463166258,0.8843582684490217,1.0063565740206581,1.0050833103322776,29.217650199390526,0.026951367793006643,0.10045501503214159,1.8085137283366521
0.6895538214313088,1.2921320254227557,0.21847657791442976,0.36209310317515236,15.171917734367508,1.1663894902814413,3.1327952166466297,5.375674032550276,0.13039350268338656,5.4635658024433935,0.7105571350520088,1.1452630875759555,1.0063565740206581,0.5851126862919093,24.51657174332176,0.026951367793006643,0.09201928422173392,2.9575859065177146
0.6895538214313088,0.4831471772521155,0.3595952012708654,0.44447079366721876,6.874568586615702,0.4054245685836665,0.7329949076656652,7.337835618160473,0.17788759640209545,2.751362968271926,1.1828627156370093,1.352933518101294,1.0063565740206581,0.16740522302481986,2.589233542088416,-0.5636720268755111,-0.6254322399830855,2.9575859065177146
0.6895538214313088,0.4831471772521155,0.13767416634312965,0.24082909184833262,25.4117183309654,1.0436016771427643,3.627604687693931,3.949601757474846,0.17788759640209545,18.77028003406392,1.6479466332943509,4.923191046541918,0.636166147877352,0.049513368321259965,5.224533961991581,-0.5312950766505548,-0.8373899404252901,2.023212867679621
0.6895538214313088,0.5587976042997115,0.17377271501443847,0.1334094189115393,8.835951330690122,1.0436016771427643,2.1390926502947676,3.949601757474846,0.08038943690512586,5.324340348609654,0.5679461015303828,0.9036665296915218,0.636166147877352,0.1272973282359863,8.43113631703834,0.20085742919596272,0.402160234072198,1.5599086178383863
0.4881468604414646,0.2694291233042212,0.1583526463205213,0.1334094189115393,10.64059313027138,1.0436016771427643,1.6617595656938535,3.949601757474846,0.08038943690512586,6.411775848047559,1.8060687348347408,2.2324099042614742,1.9581661573844118,0.1272973282359863,10.15309928924799,-0.5712703077158344,-0.8885696366988882,1.5754254334999933
0.3210230697713359,0.2694291233042212,0.2206973012049654,0.3698047036775903,15.1847757152856,0.7704237261504918,0.9637626314218662,3.949601757474846,0.0523637153781826,2.150138345265559,1.0856895116817924,0.5110637624348039,0.5412230819950542,0.1272973282359863,5.227032969553008,0.7429831840855708,0.5453092285801743,1.8865452113057657
0.6556990955458433,0.7469021643263081,0.536474340289022,0.3698047036775903,2.569830727717929,0.7704237261504918,0.8098162597556254,2.8259155461165624,0.021181875714293738,0.1471961674363982,0.6807169165836849,0.1712455833365106,0.5412230819950542,0.04874467804306837,0.3387343919697836,1.1979442666931415,0.45716275847133964,1.8865452113057657
0.6556990955458433,0.7469021643263081,0.7925747532796746,0.8866306003766385,2.822878872942489,0.24198804830421783,0.266590471754086,1.8656245923426935,0.021181875714293738,0.0674394380453067,0.31747660479400325,0.054059656666221347,0.37165796526150047,0.2121473224607198,0.6754404757418553,0.49045030447834925,0.26429754809762007,1.8865452113057657
1.5852711287320105,1.078067770563816,0.7925747532796746,1.495736608585867,4.762167322073113,1.0560952448235197,3.6534987466910884,1.8656245923426935,0.021181875714293738,0.0674394380453067,0.31747660479400325,0.1306989952011212,0.21764416560986483,0.38214624689389953,1.2166877234699567,-1.2080330777372483,-2.1123794764991213,0.6508450441334264
1.5852711287320105,0.4083479960653915,1.065762042948057,1.495736608585867,2.633689797238292,0.08408995134189623,0.21633658113640417,0.6848623312284525,0.1582943823142449,0.27872440727068765,0.31747660479400325,0.2657068664539269,0.21764416560986483,1.453980221744548,2.560165241268849,-0.11898022398742669,-0.30179520193562026,0.6471931243079332
5.938177240964403,1.2316333804562665,1.065762042948057,1.495736608585867,2.633689797238292,0.5004958719153335,4.823207726573745,0.6848623312284525,0.1582943823142449,0.27872440727068765,0.31747660479400325,0.9952962862615821,0.34451458858998585,1.453980221744548,2.560165241268849,-0.11898022398742669,-1.1304775360412889,0.6471931243079332
5.938177240964403,1.2316333804562665,1.065762042948057,0.7791193949085133,1.371871751632149,0.1443183838311221,1.0037638936999946,2.8245407892975796,0.06634392744837207,0.11681824448670247,0.24329754524191163,0.49379446892589074,0.9227241544188898,0.8028158029435493,1.4135963358369,-0.11898022398742669,-0.8400219679227807,0.3754693190370012
3.3280126329346067,1.4841957835293051,0.4318314890065883,0.44731467359502597,4.797494936511501,0.48529848658476915,3.5375384230255973,0.9096661353308396,0.1294209943743575,1.3880532024562846,-2.2345978099115786,-8.761680073579628,1.2061987220045438,0.8028158029435493,8.610280361739333,-0.028474701032130664,-0.2780691347703082,0.3754693190370012
20.99360233738692,1.1126738804374654,0.46493841403929637,0.07249184365065073,0.6706999609656114,-0.5705017257940055,-9.8086236109559,0.5529756005728245,0.06236976897038833,0.5770497687362673,0.10737851859918068,1.7124228341854535,1.2061987220045438,1.281367181465891,11.855305028982716,0.09090186983575416,6.570768242405834,0.5528878446518595
15.845218872971095,1.1126738804374654,1.0074805268075306,0.20649188908322055,0.4068737502190767,0.5148171537651949,5.20332661652037,0.5529756005728245,0.03946520464309696,0.07776264669567108,-0.44184009415928593,-1.9523104645397829,1.2061987220045438,1.5763611422051322,3.106078270077426,0.4473140663471741,12.491569123662149,0.7302579948192347
0.687276622873353,1.1126738804374654,0.986607890778996,1.146471265638275,2.355613316998392,0.10032493416490335,0.10582601823301263,0.5529756005728245,0.03946520464309696,0.08108773800239093,-0.44184009415928593,-0.08647175783608918,2.1468710711859473,0.6594496697139746,1.354947542452013,0.4473140663471741,0.3578535815001512,0.7358715279592775
0.9365898525292973,1.0030112813679086,0.6702630013665509,0.536778777102886,2.3896529806968356,-0.6431712472231268,-0.9312011174844537,0.5178704211074753,0.23048366263119113,1.0260762811473465,-0.27358375363792165,-0.25955510568771817,2.1468710711859473,0.8720967864302158,3.882434950943764,-0.1493574359215334,-0.27563120986224154,0.4181536864495562
0.3925928704626968,0.6062105204140336,0.6702630013665509,0.536778777102886,2.3896529806968356,-1.302647881122188,-0.7905636926127385,0.46104286787209714,0.4887445840249832,2.1758124609887015,-0.11809466641719829,-0.0683885541428756,0.7063594050746902,0.8720967864302158,3.882434950943764,-0.6909623202814684,-0.5345014250800739,0.27049555155455074
0.3845471665512362,0.6518798841674076,0.6702630013665509,1.8415233481257405,8.198166443208718,-0.8564266103095723,-0.9429705605222942,1.5028300058649247,2.834020999824707,12.616606726033925,-0.9693581945295711,-1.3240524358180925,0.9148220842422032,0.8720967864302158,3.882434950943764,-0.6909623202814684,-0.5235474813638274,0.27049555155455074
0.7049668683308683,0.6518798841674076,0.6900616854772342,1.8415233481257405,7.734484901028481,-0.8010488616921466,-1.5705197865568856,1.5692312718500003,0.7528725948223465,3.1621004007243076,-1.5710149402819336,-1.969413222944377,0.7298292745323685,1.8409894218686669,7.732242385570938,0.6684128290081505,1.3102863396649937,1.0355390539416134
0.5653343106905584,0.6518798841674076,0.6323532207198463,0.7175808807602984,3.5890655045833113,0.6854586770907704,0.7341373416165451,0.45475885196000976,0.7528725948223465,3.765581179587793,-1.5710149402819336,-1.7234618186397113,0.7298292745323685,1.8409894218686669,9.207925971119568,0.6684128290081505,1.1466504091617855,0.6866119948328792
0.5653343106905584,0.6518798841674076,0.5782685983252135,0.18722275045086217,1.1197714690045648,0.33482470137326664,0.20030303651204664,0.22359827607537858,0.8373901561283453,5.008395630337142,-0.8632635570651958,-1.0921896719845965,0.3895201461390539,1.2645119603288693,7.5629933433914,1.4734353602040695,2.2907795166034326,1.2149902876863827
1.2670187105051558,0.9740688746101999,0.5782685983252135,0.18722275045086217,1.1197714690045648,0.3421435714532351,0.45872891057577153,0.22359827607537858,0.8373901561283453,5.008395630337142,-0.923223680958091,-2.61781696598091,0.3895201461390539,0.7941600028302589,4.749837884831764,1.3488489314705339,3.724652273807521,1.2149902876863827
1.2670187105051558,0.9740688746101999,0.5782685983252135,0.18722275045086217,1.1197714690045648,0.8821269690096201,1.1827115200923768,0.33989888626304343,0.8373901561283453,5.008395630337142,0.4687104802800349,1.3290368008506865,0.3895201461390539,0.7941600028302589,4.749837884831764,1.3488489314705339,3.724652273807521,1.2149902876863827
3.185674109151856,0.37930723815858153,0.5782685983252135,0.3348429178995653,2.002681539285358,2.199034015534685,9.913779162493618,0.33989888626304343,1.1237742852559227,6.721247173221328,-0.2809932514032676,-2.3207169215305603,0.280337873063302,0.5977806119042138,3.5753009306959824,1.3488489314705339,8.124954902616608,1.2149902876863827
2.6589930573794263,0.37930723815858153,0.7636194554775918,0.3389184973897325,1.1624420142668508,2.199034015534685,6.304269926169198,0.33989888626304343,0.40246228641059717,1.380388130139721,1.1219377644328499,3.504988344486539,0.280337873063302,0.22856100809909408,0.7839315961915448,1.3488489314705339,3.175554715283954,1.2149902876863827
2.6589930573794263,1.3553115591494822,0.464460766302971,0.13401891669809912,1.242504670919546,2.199034015534685,6.517757014011615,0.33989888626304343,0.7597062384717658,7.043323234392894,2.1692627074387962,15.30798977320028,0.6518440178473331,0.36623386916303396,3.3953959955450213,1.3488489314705339,6.608847516773223,0.4016096745740772
2.6589930573794263,1.0988857707963808,0.3955971490487315,1.1330592003054816,14.480257703382577,-0.8575654093287501,-8.677060068504593,0.9773151359895211,0.7597062384717658,9.708885563060344,1.3294719332899092,11.014912911150631,0.36710184808062296,0.9528909513312656,12.177745465354356,1.3488489314705339,12.515954100663958,0.4074139837320881
1.7290871107165484,0.7683290140753658,0.9628936057754679,0.8322405227842341,1.7952388931708227,-0.8575654093287501,-1.986759291221807,0.9773151359895211,1.3538027583243422,2.9203088516946707,1.2721048167217819,3.7588427962749895,0.5810938129713668,1.201900620191442,2.592638402027454,1.7889727784305165,4.980713722410511,0.4074139837320881
1.2011653834663512,0.7683290140753658,0.7015695414681943,0.5283028115723813,2.146700541033509,-0.8221567782694291,-1.4469155441611585,0.9773151359895211,1.2842033826479196,5.21821961939275,1.041657863937798,2.858176744452303,0.23576279819001011,1.201900620191442,4.883791369488071,1.7889727784305165,4.748813255321802,1.0535428808060145
1.9762426882545974,0.7683290140753658,0.32875925422037583,1.1017660548612291,20.387473531439692,0.7616956873247035,6.796784148862622,2.38831172062422,1.2842033826479196,23.763359160686285,-0.3961107605252514,-3.816021672117619,0.18231227153581528,0.44807145883149235,8.291274691950104,0.9533247803224754,5.424900911637197,1.0535428808060145
1.7263615930945233,0.854724242933286,0.3432624772459005,0.9633053575114817,16.35088660219132,-0.5047291326319493,-3.5233906012316565,2.202367219618779,0.5851221608375589,9.931706520349175,-0.3961107605252514,-2.1550648568155992,0.21991736406811632,0.4922613307152382,8.355511712258616,0.792484331662492,3.954658406530312,2.2134201133393
3.323569054360492,2.9254710377707025,1.2583419526671997,0.9633053575114817,1.2167367321378086,0.35905780021450706,1.3163378889631034,1.4003631803144867,0.9182332779746767,1.1598068559166916,-0.38721619263928775,-1.3859611376096366,0.21991736406811632,0.05165083105382325,0.06523939984199859,2.0787697783063397,1.7646804708168624,2.2134201133393
3.352111908948768,3.4063808025039464,1.2583419526671997,0.9633053575114817,1.2167367321378086,0.3715421409974662,1.373804383957359,0.3452228753373196,0.9182332779746767,1.1598068559166916,-0.7323582101237771,-2.643838358819693,0.21991736406811632,0.0590188815177144,0.07454587527448317,0.6541518907764545,0.5986995326759181,2.2134201133393
3.352111908948768,3.5873299342828275,1.3868596192661327,0.9633053575114817,1.001679913557363,1.122517586891381,3.7659638379622455,2.964573825846733,2.5689988329490263,2.671338334051231,-0.43408768107396134,-2.3782659516626374,0.21991736406811632,0.0590188815177144,0.06136997752159993,0.6541518907764545,0.5432191755694823,2.2134201133393
1.249442152163412,2.9827789044409787,1.1561186546485138,1.2988269448617487,1.9434638540024574,1.122517586891381,1.9552286007292339,2.964573825846733,2.5689988329490263,3.8440505046208253,-0.43408768107396134,-1.0633791904999712,0.21991736406811632,0.01785470627449167,0.02671639698081488,0.6541518907764545,0.1335929987748173,2.694152256538331
5.540257429431973,3.513086616628794,0.9601580893101984,0.8849533316890534,1.9198392835790135,0.6475731045774222,4.97108495038238,2.964573825846733,1.9727073391253087,4.279639286095296,-0.3250339233573826,-3.7253082798331807,0.43304836234124433,0.026161196798829764,0.05675473668647942,0.49144244840993434,0.6486399109080445,2.257187956149393
6.178279865281098,1.0873029805141912,0.6770298066240914,0.42924790219418685,1.8729345394153298,-0.19213476035741894,-1.6245564978183609,3.11571336434088,1.1493693779797916,5.015035823263758,0.033489904192289977,0.46335995938172314,0.43304836234124433,0.020114229681896172,0.08776428565494467,0.02326853335358714,0.04258880931176801,1.1453092994716885
40.47472055251544,1.0873029805141912,0.750728805738449,0.6721466882978847,2.385217013154113,-0.7823749261667484,-48.90606623893755,3.382603964265138,1.1493693779797916,4.078715914971185,0.03197976456246456,2.6140918904818222,0.43304836234124433,0.030366346881980588,0.1077597025638241,0.6185614005472692,8.218543659983691,1.1453092994716885
40.47472055251544,1.0873029805141912,1.1195609308396892,0.8316059431240507,1.3269425208895949,-0.7823749261667484,-36.47748083992075,1.8581987388248062,0.7532215812803412,1.2018694095642004,-1.1094669351339845,-49.22966306539374,0.411647003875002,0.027019238476429334,0.04311293914247807,0.6185614005472692,5.198409529956774,4.434577200630088
36.62727799764332,1.0873029805141912,0.688225414942534,1.4798815184284568,6.24878424133733,-0.7823749261667484,-71.63369163863756,0.8370833412015584,0.7978562051562436,3.3689394857285415,-0.45371922637061535,-30.502710484377893,0.0753503008760899,0.033944560790627305,0.1433305530924118,0.4075467589583095,5.651340525837883,1.282807751365951
36.62727799764332,1.5894865656878976,0.5203017507111145,0.6118087929450173,4.519965663328888,-0.7823749261667484,-60.923821373104936,0.4750427080024606,0.5387925958717015,3.980531272316625,-0.45371922637061535,-33.156016549327916,0.19862697665969692,0.033944560790627305,0.2507781042045336,0.4075467589583095,7.475270212065523,1.282807751365951
50.71967922705258,5.080463105947424,0.5011549611253915,0.5113623621785109,4.072064863475888,-0.7823749261667484,-80.07533521474282,0.7372923401373512,0.9237107610552293,7.3556648128798034,-1.0184297543471121,-140.09367975198285,0.2920664770153989,0.033944560790627305,0.2703062711005354,-0.4706655675301967,-12.411291810537103,2.217090063887237
29.339941721378946,12.631286975138268,0.8529697964227916,0.4172090469187646,1.1468758470692861,-0.18530011891318632,-5.822280816601283,0.5416159481173214,1.5092655122600203,4.14885577292552,-0.5610927700479189,-33.53189428785875,0.29136604447989134,0.08247689567219789,0.2267226952202573,-0.4706655675301967,-6.5753545061963905,2.217090063887237
48.63801884478936,30.53414556993945,0.8529697964227916,0.4172090469187646,1.1468758470692861,-0.18530011891318632,-9.65183253486706,0.903207811840121,2.835911500381243,7.795704403424778,-0.5952771185837051,-80.83933785885237,0.9274231764318825,0.2389238099669319,0.6567833295192188,-0.4706655675301967,-18.55236862720514,1.4037685030895637
33.67006437279526,45.01332469904844,0.6935077463167834,0.48758939809920615,2.0275968919118252,0.12773542964360535,6.1241543545398605,1.2611133809410373,4.755192778701346,19.774043767405086,0.8057382553056769,120.63842984652844,2.06438974572804,2.3098304940252445,9.605223470375467,0.23316067323649226,24.330609252312293,0.6265697003518066
11.424842522152153,40.125892469459984,0.6217295353463012,1.3989256655953592,7.238050945698372,0.12773542964360535,3.9261999524182927,1.4565844798620964,4.755192778701346,24.603399905605055,0.28374002369756357,16.079346203746262,1.7047138456422357,2.3098304940252445,11.951078747681118,-0.6570112702605886,-25.94935670677899,2.060815718416176
8.190418477660085,40.125892469459984,0.5624611158621595,0.907823216660372,5.7391327795426195,0.8624697535628034,16.92283428892446,1.5240619844931713,3.2914361821845044,20.808004177772293,0.21184078648550186,7.9146348915345435,3.9876544691745988,3.4672453478482668,21.919445400124744,-0.6813728491170306,-26.127971691824293,5.482583893818609
9.436514301929293,146.8285481478644,0.5871083829866321,1.674523258634194,9.715935361915914,-0.14584087228897147,-4.289761667281648,1.5240619844931713,3.2914361821845044,19.097603469574715,0.31208681886251527,12.869938295947911,1.5903178060688123,2.72262338541736,15.79723225172262,-1.2987170643504715,-48.70983416499946,3.2051080124987474
9.436514301929293,146.8285481478644,0.6478850636935696,1.1781086596479033,5.6133149249275585,-0.2473436943204937,-5.529962034178697,1.8649354886339422,2.349187745599654,11.193136155855546,0.741734447300687,23.41725281058038,2.240842785358606,1.6077134452483255,7.660245770467621,-1.2987170643504715,-33.91934843888489,0.23145039594693606
9.436514301929293,211.04989270989756,0.6478850636935696,1.4142746652567446,6.738571201747417,-0.2473436943204937,-6.058935878199361,1.8649354886339422,0.8738900797130572,4.16380966817229,-0.5118799874462516,-9.856555864219304,2.240842785358606,2.8905255366618627,13.772439412063658,-1.2269274217829602,-42.967086952415336,0.23145039594693606
7.164925824436848,232.6736369307625,0.5998851841132132,1.7146739504979622,9.529613212666957,-0.2914968750116407,-6.447379572289371,1.8649354886339422,1.3798766388376296,7.668916090723088,-0.5118799874462516,-10.156564766922068,3.6279930370787885,3.360941663257512,18.679046282752584,-2.073649861106372,-64.2132239031387,0.23145039594693606
7.164925824436848,181.96999233619502,1.223616750753321,2.244167316936607,2.9977430278914694,0.7535601443402733,9.348174703323515,0.5021868980237733,1.3798766388376296,1.8432295766040991,-0.2794792573320008,-2.7186355678448613,11.614451316734387,1.4780780271434493,1.9744063052291643,-1.7841770770700824,-17.96254704604415,0.23145039594693606
4.919571900124975,206.96586687700457,1.223616750753321,2.244167316936607,2.9977430278914694,1.3317410853266294,11.343427804291478,0.9075633997173391,2.917180584100659,3.896749449602265,0.08238991147780261,0.8001153269916182,9.097141710712648,2.2761344928849594,3.0404445582530135,-1.7841770770700824,-15.305016840525717,0.6568029425607532
2.3506601759063597,206.96586687700457,1.223616750753321,2.824144714831945,3.772472785229121,1.4709903299257545,6.716031511658214,2.1101843474140463,2.917180584100659,3.896749449602265,-0.1415640202291962,-0.656892008754587,9.097141710712648,3.171222872192176,4.236097363712117,-2.667957039827508,-12.907782792340658,0.9866683122415665
4.55762475572735,292.9718860137489,0.4109843412787438,3.93915308933042,46.64255199401154,1.4709903299257545,45.78672021335665,6.552337438702305,0.9048361547727539,10.71394445404088,-0.1415640202291962,-2.1118649781241214,9.097141710712648,1.1159019149072704,13.213122695651986,-2.3133316107993047,-38.32473774603814,0.9866683122415665
4.412398083174774,385.2470699957876,0.4109843412787438,1.2383679321009589,14.663212967575658,1.1539641306700703,19.497618476640675,2.251480166108072,0.692632362397266,8.201291049935037,-0.1415640202291962,-1.7888284238562295,9.097141710712648,1.1159019149072704,13.213122695651986,-2.3133316107993047,-37.10353713440091,2.4832199134929738
1.5699130333249198,58.033503812196216,1.0010061832922437,1.227565026877875,2.4501968788402326,-0.23042702650535518,-0.566251677656371,0.7614860252087197,0.5800541080609276,1.1577771718896757,0.323630750867971,0.546685892613935,9.097141710712648,2.3630270845570207,4.716557950434797,1.2338325008440822,4.206727575426425,1.1927024500558558
1.5699130333249198,58.033503812196216,0.8719653702851149,1.227565026877875,3.229059352134216,0.24642512185141674,0.6951821123184138,0.857836910474753,0.5800541080609276,1.525808491906758,0.323630750867971,0.6275890963952542,8.65431895826822,1.8281574061994077,4.808892922500076,0.41630340511987285,1.4332043300672506,1.1927024500558558
0.745596387450572,184.5442857773294,1.1898606394648947,1.272871943440187,1.798135904392968,-0.4929603061803297,-0.49286389209552606,0.857836910474753,0.4472256536674888,0.6317780114248507,0.323630750867971,0.19179435880438694,5.655565040346918,1.0902742124666105,1.5401873041300977,-0.08850254305462313,-0.08189291207356876,1.1927024500558558
0.745596387450572,99.58845133516395,0.7040719180763388,1.84289977698803,7.435285813278368,-0.09060048928266146,-0.1841972626774611,1.1815884417638682,0.3912857716057727,1.5786650923106482,0.323630750867971,0.3031786249555746,4.935821121685994,1.2761201127031367,5.148580453750011,-0.08850254305462313,-0.14972809425881167,0.6075010776183406
0.745596387450572,99.58845133516395,0.3452473302044029,1.84289977698803,30.922247749231527,0.35315658123305727,1.4642209848433465,1.1815884417638682,0.090459595232348,1.5178329554315402,0.45147347664277093,0.4147133590762606,4.935821121685994,1.0691214216921852,17.93892315164739,0.6193908528643417,1.9559906175560051,1.2571679323833187
0.5235266285814675,24.118641001166644,0.43801336702069604,1.84289977698803,19.21131020783528,1.0875648915409295,2.495585468824747,0.5076526800952438,0.0421822014820658,0.43972839328562074,0.012213500499858698,0.004240052025805937,2.7909629292755915,1.7407751543413807,18.146711996895434,0.6193908528643417,1.3813461997534673,2.131777774593357
4.105716555008261,15.981366228898137,0.3258438655920615,2.109073243518701,39.72853578360287,1.0875648915409295,28.14462216897779,0.5076526800952438,0.25155330166476636,4.7385003709016535,0.35272355329292954,3.1524186209926275,5.966640595888681,1.077784926428172,20.302195359129428,0.08251417973631292,1.5264727358620862,3.468610641309794
5.53499252349462,15.981366228898137,0.28056763988573286,2.155324947052667,54.76052379156959,1.0875648915409295,44.54572326520066,0.4737926258288823,0.25155330166476636,6.391236077649647,0.009806191162836153,0.13721760143947836,4.109591263886856,0.41351810097437913,10.506289475105689,-0.3509621290871878,-6.2965401339174685,1.0799240181862941
4.261740747205045,3.2994720757630884,0.7009068384399726,0.6555318770615309,2.6687212670235088,1.0875648915409295,7.57170725622044,2.6733170505051236,2.1654150667839294,8.815573190069252,-0.42714672610821314,-5.40492144960484,4.109591263886856,2.1370460916728584,8.700080885496748,0.6983874663641558,8.779001207511449,1.0799240181862941
1.1603126172240548,2.3567588493435436,0.3183253162601388,0.16829126381925186,3.321614357697235,0.21748769380914268,0.45992213052667935,1.228028491150059,2.1654150667839294,42.739436456597595,-0.42714672610821314,-3.240160270261516,7.768990158641304,1.4438133498425338,28.49697033485158,0.6983874663641558,4.325843431251117,1.8655279445264896
2.1791332369496055,0.8360908359499696,0.3183253162601388,0.16829126381925186,3.321614357697235,0.49869760693664583,1.9805949779792904,1.228028491150059,0.40912254378188656,8.074972429603156,0.7880448140808365,4.879835973606509,2.6213751933076073,1.4438133498425338,28.49697033485158,0.6983874663641558,8.124180551816902,1.612156145008723
2.171017970212302,6.4301874265671835,0.7326198429053449,0.49705933777256195,1.8521701381702333,0.13670319683928156,0.4039080678113903,2.2456508830013373,0.38786563587858847,1.4452864956043614,-0.6242978498335077,-1.629416950240786,2.236270541141432,0.8338919534728517,3.1072945568313104,1.3459477230990253,5.150896489202013,1.612156145008723
1.585568428179701,0.9060143793621256,0.7326198429053449,0.6127607034722425,2.2833029993992042,0.13670319683928156,0.3275257380177301,2.2456508830013373,0.38786563587858847,1.4452864956043614,-0.6242978498335077,-1.1900187414800631,6.568802183753776,3.3866660989361383,12.619583497842196,1.098511462403573,6.187455567143112,1.612156145008723
0.3932497572994071,0.7993676154988374,0.7584528331157687,0.6124562513564876,2.1293542147490983,-0.33114034690508043,-0.19002227728790194,1.4211549136664698,0.4619055343098508,1.6059277607505742,-0.6242978498335077,-0.31111668681068344,6.412840060076901,1.8072038508402852,6.283186967517266,0.3255623699398281,0.3209169500698204,1.612156145008723
0.3932497572994071,0.4419680796125523,0.5885242435295088,0.5066931286436749,2.925811178762274,-0.33114034690508043,-0.2227428181837081,0.46821286070035706,0.4619055343098508,2.6671930196359743,0.32761315774069966,0.21040546796545906,0.20305405071256297,1.8072038508402852,10.435383726723328,0.131376409685305,0.16689374653284703,1.6573924223979248
0.3932497572994071,0.4419680796125523,0.7945794096699276,0.42204927760379923,1.3369603983427396,-0.19276785631333943,-0.08765210549043816,0.46821286070035706,0.8195058277718552,2.5960163802734897,0.32761315774069966,0.207579046750413,1.0329037209042973,1.05370658757541,3.337913494508271,0.8387000059791914,0.6025771347660244,0.2429276221387809
0.35530934357663463,0.4419680796125523,0.7945794096699276,1.3541790714311144,4.289745029412287,-0.19276785631333943,-0.14185903000458042,0.5588901950556135,0.8195058277718552,2.5960163802734897,-0.1946281400216202,-0.11142072365962506,1.0329037209042973,0.7104211203371982,2.2504597316921595,0.628238407446602,0.3348626694379443,0.10544985128324327
2.0317135339875856,2.6272022553443057,0.939646899958186,1.3541790714311144,3.0674445634281695,0.30081582199872536,1.0704133330514511,0.5588901950556135,0.8195058277718552,1.8563192631827297,-0.1946281400216202,-0.5387588802371706,1.5975478816600301,0.934376531697192,2.1165208300852245,0.628238407446602,1.8569415361004606,0.10544985128324327
6.438899593090343,2.6272022553443057,0.6752946968739493,0.4221248888547253,1.8513318663698908,-1.180741560949376,-10.344479454466283,0.4677770142009559,2.948253111713034,12.930284567316694,0.487671896539171,11.291286396346244,1.841210538087957,1.5004023226069945,6.580381080476135,0.3034145168316916,5.011566887268381,0.09352651027705834
4.099210207622081,4.55925203724244,0.9612752564338585,0.2531544506556577,0.5479236365024072,-0.9566429162349184,-2.90275289783364,0.4727097958471399,3.880737769828504,8.39940971074985,1.164371539112647,13.83299289613917,1.841210538087957,1.9792739433605768,4.283910371205435,-0.020657319386108985,-0.17526465476422382,0.09352651027705834
3.075617390441846,0.7885936609458895,0.9612752564338585,0.07329654109206234,0.1586419169570044,-1.4042514799791803,-1.7202286349155609,1.3710727867203416,3.880737769828504,8.39940971074985,0.5450958304753326,4.858805908422872,0.41910773205625573,2.107638596184171,4.5617408702992135,-0.020657319386108985,-0.13569741604904947,0.09352651027705834
2.0799378862459426,0.7885936609458895,0.860945478693953,0.07329654109206234,0.19777080299133848,-1.4042514799791803,-1.2989018770401648,1.3710727867203416,3.880737769828504,10.471116556152408,0.5450958304753326,3.6687635506858642,0.20146504985488078,2.107638596184171,5.686890150236865,-0.020657319386108985,-0.10246174539715318,0.09352651027705834
1.1866646193010153,0.6524390553873295,0.8252308121448868,0.1015095966667573,0.2981166467528818,-0.6980250543873988,-0.45226410352851687,0.7885583910158297,3.880737769828504,11.39707543776893,0.5450958304753326,2.183723086209896,0.1887965956229139,1.95936064139048,5.75431331983801,0.7615415863051953,2.167795802000965,0.1885288315568839
1.1866646193010153,0.9339767988606671,0.8644271527986108,0.1015095966667573,0.2716941562445653,-0.6980250543873988,-0.4317567677629029,0.41030535103716514,2.1994384202618535,5.886877550766779,0.41073057490043896,1.182571826619986,0.24382340887714044,1.2051365866879609,3.225592247741324,0.8342254637394758,1.77793618676929,0.12923982903217304
1.4865530311289357,1.2696378584178578,1.0377257838452474,0.20225075107762844,0.37562537560750586,0.4645712962360188,0.42326293761974637,1.0166897097978294,0.35513754949196386,0.6595707294508225,0.41073057490043896,0.4958703340454533,0.7661548053905876,1.614522383801695,2.998533125889189,0.8342254637394758,2.147426332754398,0.3150072041898686
1.4077138223244223,0.42272660242674254,1.224394479747821,0.20225075107762844,0.2698220347219755,-0.03376428059006742,-0.02468940263186823,0.5779565597624292,0.8424106190754099,1.1238571233937367,0.8022881015409147,1.1972925430767933,1.7099012111766105,1.3525795978197865,1.8044718116625822,0.8342254637394758,1.5775127138064304,0.8133328920041151
1.4077138223244223,0.42272660242674254,0.8403705211203724,0.07810379417198927,0.22118746344258752,0.8505644149552769,0.5631211488938441,1.4177126845233674,2.2644249244990684,6.4127794368503075,0.3965728290181298,1.4137104941991319,0.4141832199346283,0.7895871241023029,2.236085647293052,0.9690259747086457,2.039830167776337,1.2285234570482784
1.4077138223244223,0.49962635820486145,0.7206600129095507,0.24647637775311163,0.949170972788928,0.6091993795284208,0.8354992251330945,0.6505775714049892,2.2644249244990684,8.72021257366576,0.5503095697397599,2.287625748160485,1.1278091754896065,0.30632356286630597,1.179640161886919,0.9538467393183069,1.458370092409249,0.4406252983194414
2.44374728561461,0.8928643249776456,0.7206600129095507,0.1453377867231906,0.5596901807167158,0.6091993795284208,1.1137547993844799,0.15953340108218178,2.2644249244990684,8.72021257366576,0.5503095697397599,3.971246942321289,1.1278091754896065,0.5494894861300539,2.11606270281115,0.08790748395388515,0.31249740023284,0.4934030290503883
0.8982752678306566,5.953037904941242,1.125438739534561,0.1349169651216216,0.21303592126683157,0.01944845052085442,0.00806344945711202,0.16245189353386563,0.80005285096204,1.2632955093024014,0.5503095697397599,0.5556086312086967,0.15722760959508034,0.34756058341898083,0.5488033993201203,0.08790748395388515,0.05849835973830069,2.89817101943693
0.9628774333658265,7.757456371496521,1.125438739534561,0.8529183846762394,1.346770983776014,0.01944845052085442,0.021732159819717215,0.2862592096247294,0.10312783550479787,0.1628404065064313,-0.3233877444719073,-0.12565380799799122,0.0688832004017281,0.37626942510583083,0.5941350930159309,-0.8576009379335244,-0.6365006599155845,0.8454524194819603
0.9628774333658265,6.979428187085363,1.3079436641827673,0.5374030809274244,0.6282783155541005,-1.274615819038503,-0.9728062404564253,0.18658216451360868,0.168119748567956,0.1965489149399182,-0.7367328264083699,-0.3144968897112143,0.10820291808729007,1.0466674932893436,1.2236596941242126,-0.8847036743582111,-0.9423216451123654,0.8454524194819603
0.5645357537936913,9.600755518319707,1.3079436641827673,2.860010410378455,3.343640159261451,-0.6169717039019168,-0.6368929847015222,0.18658216451360868,0.168119748567956,0.1965489149399182,-0.10457876692504187,-0.026174011835803743,0.10820291808729007,0.49178577240985455,0.574947088449727,0.825315690603099,0.35328524031835,0.18584856168627664
0.5645357537936913,6.652850607299313,0.7318256118338117,0.9431808342422978,3.522165459687087,-0.04953625020702401,-0.05248309735452733,0.1770846070036483,0.14560514322325038,0.5437402750297794,-0.619121014859848,-0.25772867982587616,0.10820291808729007,0.15920801581060473,0.5945381350373924,0.8455289097840194,0.3680524998888602,0.15840698882079457
3.2277406706989153,8.774997020871977,1.0559970982713132,1.1435453719060473,2.050963571281483,-0.7064012453842007,-3.265344929719258,0.1770846070036483,0.468819485217188,0.8408338744659699,1.0640430968675982,3.149292166291224,0.10593259527727726,0.16635460198867127,0.2983591530129742,0.058930702098262455,0.10389865670139212,0.48155527098521267
7.6840852401672475,10.135195132665885,0.585332153836437,1.3521872998969366,7.893363168221613,-0.6662209906279313,-14.382736638939654,0.2318148480574851,4.255772027911751,24.842974179706328,0.14219518343333692,5.446015257111872,0.10593259527727726,0.3476753550593018,2.029547121417748,-1.149562151011576,-12.58415908226954,0.48155527098521267
7.6840852401672475,2.6177420328683745,0.2701447238461078,0.36996997171519436,10.139195391688933,-0.7682429760538778,-18.797172127805748,0.2318148480574851,4.319539828735931,118.37895416942418,0.5530589125477063,46.23818930185721,0.10593259527727726,0.14043261813537442,3.8486197894382315,-1.3010353823293175,-19.61253744602821,0.48155527098521267
3.0079540819082755,2.8135971624717055,0.2701447238461078,0.6171941460651594,16.914486363716545,-1.1532396439561414,-14.266589745119417,0.2318148480574851,4.18261385851654,114.62643566146343,0.15460041622362947,4.9787951188308535,0.18916277392701336,0.1056923307549032,2.8965464087770063,-1.3429199487814734,-6.874823819977553,0.48155527098521267
3.0079540819082755,3.332864491414162,0.2235027809134552,1.3599976681307444,54.45055328004061,0.30478726646053533,6.765021320385387,0.3712050024719643,4.18261385851654,167.46031562393577,-0.4048837353414812,-15.760046187453447,0.6250270125554188,0.814665845144699,32.61697210661413,-1.3429199487814734,-23.069763828809545,0.1166436436622075
2.2603448899388026,4.510498674427981,0.42080389763763787,1.3599976681307444,15.360616690060288,-1.045110826887898,-9.258516031546737,0.3712050024719643,4.18261385851654,47.240910590318855,-0.4048837353414812,-6.290195900472752,0.6665953145259095,0.814665845144699,9.201317083838347,-1.3429199487814734,-9.207671864336088,0.5250309355012248
3.7393019663352276,2.060315344913228,0.3278647889348445,1.3599976681307444,25.303383819247635,-1.1215967322511842,-21.09679947032641,0.6417274816894429,4.18261385851654,77.81945977540741,-0.9087572048431176,-29.97660952052646,0.1450090078454771,1.5379845882649177,28.614912552345285,-0.2954829451039316,-5.910431228895261,0.5250309355012248
0.905621121392592,1.4497576113839041,0.21294397162629033,0.9811684355751977,43.275576727271904,-1.1215967322511842,-6.681972905735896,0.6417274816894429,4.18261385851654,184.47905618638393,-0.874753697502974,-10.75984124761308,0.35545589089242835,1.5379845882649177,67.83460172748201,0.2483386014240334,1.8523216957383968,0.49753859044435733
0.7173586573932987,1.4497576113839041,0.1787638122065012,1.9132351140244532,119.73996406493126,-1.1215967322511842,-8.804255574310892,1.3494259912566804,3.1642517289097225,198.03493336219637,-0.874753697502974,-8.830657362863462,0.43833270905605637,1.1563413407699437,72.36971011855358,0.04915256782994687,0.29995836080779725,0.505511722129392
4.271396448276401,4.6365092152603,0.1787638122065012,1.9132351140244532,119.73996406493126,-1.1215967322511842,-52.4235200931173,1.4613555779609937,2.277980649330637,142.56759093120692,-2.1257808625468853,-108.41734823155856,0.43833270905605637,1.3952948361902375,87.32463267097857,0.1740093872440711,6.94561879376166,0.6980339683613079
1.6308620997924617,8.627602793193489,0.35127626242642496,1.5573544921259828,25.24177371540276,-1.1215967322511842,-9.189966113144637,1.4613555779609937,5.261236912400318,85.27470930824528,-1.2623861986056317,-19.011640865337103,0.43833270905605637,1.3952948361902375,22.615092902390284,0.14189053185593392,1.1004488091821638,1.773859834774629
4.72752239060181,2.840639221769608,0.38936230101926933,1.5573544921259828,20.545167010932072,-1.4035360442200993,-30.075440895154685,1.443410060030519,5.261236912400318,69.40808377017922,-1.2623861986056317,-49.71997018355129,1.0058387024135969,0.6710422360951895,8.85262467965431,0.18965969569793625,2.6677471823053702,1.773859834774629
4.72752239060181,1.8084290601448998,0.6220889503721315,0.6374337483005212,3.2942766947628166,-1.4035360442200993,-12.043069748321317,0.7677618016092934,2.4726222528834887,12.77858582847699,-1.3072266966195667,-22.09153535049305,1.0058387024135969,0.6710422360951895,3.467966365859426,1.4180451849902551,12.484211062503306,0.38282200574195435
4.72752239060181,0.8297767381675721,0.7267789116349403,0.6374337483005212,2.4135728630792634,-0.9694209671540645,-7.119937972885023,2.570734297211722,0.6895048145090654,2.610734235045554,-0.0018388931026478428,-0.014046606307882856,0.8224605308837984,0.3861957419990518,1.4622877518029114,1.7366119258304227,9.92779486142202,2.2828164541495486
6.685383590538908,0.8297767381675721,0.7267789116349403,1.520060381288378,5.755541648525777,-0.9694209671540645,-15.54826163961744,0.751635137220239,1.1316354453237858,4.284813298658968,-0.0018388931026478428,-0.025447713490090722,0.951355517374017,0.4358211228901324,1.6501888049837607,0.3927759716612187,3.3731686933841525,0.5992489018108709
6.685383590538908,1.044814807703609,0.7267789116349403,0.26906766040649,1.0187951378802138,-0.6000776767165283,-4.049274643050821,0.859569361120771,1.1675396149906423,4.42076049287383,-0.0018388931026478428,-0.025848259679976924,1.925953084224822,0.18550208770863985,0.7023832769002394,0.8207564602494235,4.598622101563618,0.7499602122415129
4.989009846432108,1.2263211644951526,0.5564637439741349,0.35414748909151494,2.287391041164565,-0.6000776767165283,-4.527850094125716,0.3780062326514724,1.1129286910749394,7.188256858605001,-1.153246949680547,-15.42582745795051,1.925953084224822,0.19572305331626547,1.2641488998085528,-0.5347756696468651,-2.9997503785236157,3.8860649925907658
8.821525070152655,1.2263211644951526,0.4388376151970287,0.35414748909151494,3.677955497848719,-0.6000776767165283,-10.152064743925704,2.9162394926844764,1.1129286910749394,11.558185005216584,-1.619924299304794,-48.582875219411555,1.2598694213522337,0.8382646719286959,8.70569537759958,-0.5347756696468651,-13.919288814900115,0.6894258055260121
12.445863805327553,1.4140987421977567,0.33670365227488674,0.4606980956565612,8.127383598305292,-0.4226883279098794,-14.997562439159799,2.9162394926844764,1.4777450941086354,26.069569971237595,-1.2403914456629976,-78.82259712910579,1.2598694213522337,2.140947917701735,37.76943112030234,0.13912662449451063,10.641565300064942,0.43264540976732396
9.472875969382892,1.393176882224442,0.33670365227488674,0.9709551473317413,17.12905916806063,0.4589281312178558,17.992573502737788,4.519737767413555,0.4877790608304941,8.60513116065896,-1.2403914456629976,-34.46826003144945,1.2598694213522337,2.140947917701735,37.76943112030234,0.8303731376319758,48.34208350509156,0.7423625350406764
2.0403606445289055,1.110961272368432,0.46554674860259865,0.3974063197741804,3.6672301723868252,0.4589281312178558,1.7931668534842384,4.519737767413555,0.5168409782591532,4.769362578015633,-1.2403914456629976,-5.527081523651118,1.6041751155285608,2.140947917701735,19.756476962334037,0.8379808366852617,7.599688233995436,0.7876497795663137
0.7466153117614833,1.110961272368432,0.27372622305674554,0.3974063197741804,10.607961991646532,0.4589281312178558,1.115982924391835,1.2205879693401287,1.9917741552999229,53.166402958492135,-1.2403914456629976,-6.752650837693917,1.5732603782097563,2.140947917701735,57.14829635819581,0.8379808366852617,4.729689422577202,0.7876497795663137
0.44598894209298523,1.110961272368432,0.26298020463278654,1.0354386860763074,29.943893176262602,0.4688991007680342,1.144346704198039,1.2271982251667806,0.31400939863379385,9.080850479581025,-0.05615319089062343,-0.07546781797886969,1.5732603782097563,2.140947917701735,61.914159288885315,0.8379808366852617,2.940716566012408,0.7876497795663137
0.44598894209298523,1.110961272368432,0.3011140983817157,0.9815224478136014,21.650506071371385,0.4688991007680342,0.9730552874551426,1.3065249872310065,0.31400939863379385,6.926446162013517,1.8107170283768803,2.1253473024915084,7.477102148257774,2.140947917701735,47.22521221388719,-0.8951441652383509,-2.74349412899009,0.949134206973461
0.8059082186084491,1.110961272368432,0.3011140983817157,0.9815224478136014,21.650506071371385,0.4688991007680342,1.7583244320820137,1.1538733942357984,0.9337666387629346,20.59710435234003,0.9497679173250066,3.4738108284429456,4.030070882937465,0.32096843361424465,7.079949150590858,-1.4593144354257805,-3.1293168057055754,0.6071390374595997
5.215480646035915,0.42456652927433586,0.2992956274734364,0.7787617265215817,17.387368190449546,0.10160919985088523,2.209755863239362,0.9760273454166163,2.9421208466303455,65.68856259751138,0.8890278581212402,37.57981064718051,1.2177477818617946,0.32096843361424465,7.1662437209002645,-1.5081492539880967,-21.056415841750002,0.6071390374595997
5.867317400929661,0.42456652927433586,0.2992956274734364,0.944327705404151,21.08395025991216,0.8917429266083097,24.02454920148299,0.9760273454166163,2.9421208466303455,65.68856259751138,1.1467551817168589,54.53247051179515,1.02169351122876,0.32096843361424465,7.1662437209002645,-2.0848866024280537,-32.74672014437256,0.2566707340972758
3.0388227008944937,0.4631058744711792,0.19932901936901776,0.627290085421434,31.576017834851672,1.4370647183269476,24.53919820464692,1.2936353188296195,0.7937680091882436,39.95604808264082,1.1467551817168589,22.027607876283078,0.31262215972127566,0.13703635488447471,6.898024512770952,-3.0041738577789396,-23.976886712720642,0.3677278583868698
2.241833770707694,0.6402753122279918,0.18566199103857933,0.627290085421434,36.39589571872133,1.4370647183269476,19.435957472070896,0.6839167596243483,2.2378714417876098,129.84317386825276,1.3037174380042589,33.3040034556762,0.18625496317905876,0.13703635488447471,7.950963992517469,-3.0041738577789396,-18.990585860822968,0.3677278583868698
3.4056007934273755,0.24889698747840142,0.18566199103857933,1.1094533284978791,64.37141059175003,1.4370647183269476,39.265992423265125,0.9113326154390011,0.6941767192605331,40.27671418973006,1.2381293880249395,26.760041770925252,0.10101181077527245,0.22922463591598757,13.299805207912948,-2.370837262170551,-29.4454450527442,0.3677278583868698
3.4056007934273755,0.4119120349307045,0.15213365598050557,1.7293868111007809,149.4416087303723,1.4931214779299788,62.16195262715158,0.9113326154390011,0.8407831340659135,72.65464460677688,1.2381293880249395,35.94110802313847,0.10101181077527245,0.13102873188051242,11.322593856062024,-2.370837262170551,-27.16867429625708,0.32945484411849774
1.1346607452119022,0.4119120349307045,0.14456104972131775,1.7293868111007809,165.5082138755478,1.4931214779299788,21.79570638803847,0.8579986021592522,0.8407831340659135,80.46581243866395,1.2381293880249395,12.601950302811712,0.09607643027096231,0.08573971729214414,8.205583259990659,-1.8754292954548362,-6.095670091773526,0.5618995413506384
3.195277157288777,0.2941060568587028,0.17467584189562013,1.1515106230516743,75.48006304416364,0.843053732974008,23.403451846805186,0.8579986021592522,0.8407831340659135,55.1122696528669,1.36030992231507,32.26788859739412,0.21565632707456037,0.08573971729214414,5.620129885948425,-0.9452746832907057,-7.160440455380854,0.5199000226031454
2.1997270153677535,0.2634883827756255,0.17467584189562013,0.41231861015185045,27.026962726636523,0.8118696268199175,9.284397030623543,0.7306716515528334,1.183858314546918,77.6004132558912,1.0227016407705731,19.81754067568613,0.25616354478244013,0.04271035314235425,2.7996095592065795,-0.6126008931532034,-2.254733139546073,0.3699528820858256
0.8631720507662892,0.6849134771056559,0.24270510064790893,0.9426945453664809,32.006868301439475,1.333122619159051,6.510120963521119,2.3715108253466313,1.183858314546918,40.194989296916546,0.9556501767290537,5.229766185838739,0.24247319690630803,0.046159025319071276,1.567215861778398,-0.6126008931532034,-0.6619716713651337,0.5922425785168985
0.25835928415890597,0.37410007473023404,0.12363859590471744,0.9426945453664809,123.33685245535322,1.4980748828646735,4.298372268675249,2.0542846032271576,1.228974650400668,160.79213131429466,0.9556501767290537,3.130800632937079,1.5954948715879373,0.05900155785717115,7.719431996115858,1.1421860730853939,0.8198862551542953,0.9081348290875105
0.25835928415890597,0.4110840401031394,0.2814872494325123,0.7231956835053235,18.254433774461837,0.8932121111780907,0.9859680882166986,2.294043787054715,1.1911686583158767,30.06670239242609,1.0882443702121958,1.5416770277305156,1.7429677115453188,0.06904333034258112,1.7427467144135147,0.8263487503632684,0.2818412676711655,1.6211100649506047
0.19640660571175197,0.4110840401031394,0.3409181019133072,1.4328799106369776,24.656967676346294,1.1205246407181755,1.0928167284920294,2.9814937018471257,0.46107453835009554,7.934161058501206,1.0882443702121958,0.6020506442004787,0.8737170801269676,0.02403689089546174,0.41362631819284285,-0.5758422177649828,-0.07273838835801076,1.5019308538479843
0.19640660571175197,2.4035285140122675,0.5376626701966098,0.541386816439674,3.745569866470572,2.659927753347362,1.01107851596499,2.9814937018471257,0.17433023471735984,1.2060989557636266,1.6543978893942652,0.3568515014108147,0.8737170801269676,0.02403689089546174,0.16629857153478445,-0.5758422177649828,-0.04612154547790732,1.5019308538479843
0.20755584047370332,2.7009335526031606,0.4665867965421428,0.25230030635290646,2.3178369587044836,1.8644229541764754,0.5891431623584189,1.8606670914562693,0.0527328381970442,0.4844469793846706,1.6543978893942652,0.2390000832134029,1.044166715134419,0.028034045281129343,0.25754366767873754,0.5531150645930155,0.05826072487161659,1.5019308538479843
0.20755584047370332,1.666372090406663,0.4902417934901041,0.23895351875712076,1.9884870225168536,0.9465740423315262,0.27704539121992383,4.540945772990033,0.028366058160936267,0.23605234535304026,0.3566729180406809,0.035967417275553644,1.044166715134419,0.14826191121164226,1.2337834065442534,1.1502551958369582,0.26518479847461773,0.7149750113747796
0.20755584047370332,1.8214619822660256,0.4902417934901041,1.1257551972173998,9.368138254842052,0.6046040301194211,0.38408968326204107,3.37854792038785,0.03163731358420043,0.26327458083353295,0.23316861813292167,0.024831875519671316,1.816194152841866,0.14826191121164226,1.2337834065442534,1.1502551958369582,0.26518479847461773,0.45104989295750464
0.22301902291413167,6.0997545416956305,0.5525610811526767,0.37256616676510096,2.4404663489940943,0.7721608189528153,0.2690209372626932,4.149083692547875,0.03163731358420043,0.2072378172317908,0.23316861813292167,0.023672630116079032,0.7618566749648453,0.03254247995374951,0.2131670407152491,0.8840139198733299,0.09102507394400726,0.12005806713921324
2.5868806462230034,3.5936757699263375,0.8426209667203464,1.10058717304691,3.1002014845552925,0.7286425949891188,3.318836878221846,4.149083692547875,0.0334709978165769,0.09428316053623119,-0.5387124906699812,-0.4279080957490852,2.263172246668615,0.009710497614972429,0.02735312554876107,1.725752467541203,0.7383433609121312,0.30419964623282125
0.7330669319351233,3.5936757699263375,0.8426209667203464,0.27393957274040515,0.7716497982954855,0.7286425949891188,0.46921113333396985,1.9402637624841301,0.05392122948184651,0.15188862798198546,-0.7398822800805287,-0.21138242948460323,2.081936147599177,0.008632554101514128,0.02431670811402168,1.6621870667013305,0.19000976417202067,1.081560866679051
0.6321629178609028,5.063063680940095,1.0327007937932862,0.07289589816725636,0.1367048949029391,0.46246622714803326,0.10809387160601974,2.398336582667719,0.05392122948184651,0.10112086131979582,-0.7398822800805287,-0.1487346045923969,2.081936147599177,0.008632554101514128,0.016189009681775373,0.6358561812063537,0.05114439619660085,1.081560866679051
0.35070933032832186,6.283397858743241,0.5559245407754363,0.09413985326539694,0.6092167293304734,-0.356769139504344,-0.09766085257518402,2.041221055795211,0.027583876225071333,0.17850632089599217,1.0346388061801348,0.15330731694686334,2.0687041383149842,0.005929240527955319,0.03837049237448052,-0.4079335327689002,-0.02802434124401168,3.028601007620024
1.0976491629713108,6.283397858743241,0.9851681767324001,0.29638938946123017,0.6107618452041232,0.624687858126324,0.5358738500847875,2.041221055795211,0.009721480109535403,0.020032799219324594,0.006203945251351595,0.0009638341863763406,1.8178176881144403,0.009996106682153604,0.02059871499835864,0.13925897553714028,0.021938493970760923,3.028601007620024
0.2645650105963696,6.283397858743241,0.35513664406181883,0.09790826373633374,1.5525956744130898,0.0033515593688863143,0.0011048632030166321,0.22612100141986302,0.003204140266624202,0.05081015767545898,-0.4598108839557876,-0.02742122961651634,0.3724680132368671,0.004711949993303102,0.07472048730589743,1.2820778656879406,0.0927185555707515,3.028601007620024
0.2645650105963696,10.553587064296273,0.546062772949472,0.09790826373633374,0.6566957481816016,-0.7456666987964027,-0.15986715907766924,0.11309822171545053,0.0019393732812559104,0.013007872260583588,0.21056354720412862,0.006353583282736944,0.17820049664735904,0.0017260651489925246,0.011577160100401128,1.2820778656879406,0.03649621522819705,0.6445743820181462
0.24666391375738078,5.872119015059654,0.7765932700157396,0.5103317923940349,1.6923702217841514,-0.7456666987964027,-0.23927540152685875,0.11309822171545053,0.001944987542933349,0.006449997919902272,0.21056354720412862,0.004171272800712437,0.17820049664735904,0.002085942390894979,0.0069174345775075445,1.0435557936949602,0.021408873787223833,0.4980004987249881
0.42048686707728855,12.067621374860632,0.6134855505401207,1.0131452044284708,5.383850754508987,-0.7456666987964027,-0.7275179120055095,0.3534880466655187,0.002746677714055987,0.014595837613972906,-0.5031624954499411,-0.025560845189634356,0.17820049664735904,0.002085942390894979,0.011084691973069584,1.3682693156261077,0.060573942157685474,0.6115646566882359
0.6750347332261122,6.578968274552159,0.536202898553695,0.5287841900757895,3.6783253727448852,-0.12983862918941058,-0.1680951227619307,2.1651885467950978,0.006975809514607986,0.04852508379522475,-0.93273263863484,-0.13869679983514488,0.17820049664735904,0.020880004903433093,0.14524536334629728,-0.34286946358091663,-0.08820761229210598,0.5999916534808388
0.9794385774112353,3.5585828118355884,0.7498470450914618,0.15546842783871542,0.5530021677045446,-0.12983862918941058,-0.09456807400507118,0.17073318190013975,0.006975809514607986,0.02481299796170935,-1.0042610336045001,-0.15493995930370497,0.13870798598124714,0.020880004903433093,0.07427030770040767,-0.6393404812483254,-0.1706542155846373,0.49414486172824473
0.5124314363066862,5.110548359662617,0.6781382611900115,0.15546842783871542,0.6761385621969158,0.20873184629142894,0.08795131398433237,0.7821892718748259,0.024535708174713483,0.10670680007740253,-1.0042610336045001,-0.16810414606808222,0.1360331000199453,0.2680913245156653,1.1659401539940757,0.17346284366477527,0.09597991391435878,0.49414486172824473
1.5961675577917418,5.110548359662617,0.6781382611900115,0.19798732174783062,0.861054973802599,0.20873184629142894,0.30915952684173004,0.8823748292584191,0.01853155538519467,0.08059449360623036,-0.06106364954920296,-0.027670303445749184,0.11845097048407037,0.3009977977430263,1.309051754234871,0.17346284366477527,0.31678408127926283,0.49414486172824473
3.0323811568944956,0.9812980226110378,0.7427856653949477,0.19798732174783062,0.7176957072393597,0.20873184629142894,0.5362195923610786,0.3904425310126022,0.11302329639334673,0.4097046918128512,-0.227392408548782,-0.4413622853793331,0.21423026431012657,0.3009977977430263,1.0911043465894958,0.17346284366477527,0.5494439478069377,2.0487990642972016
1.8812405777644803,2.5547019289621486,0.7427856653949477,0.16324488257093614,0.5917558276745465,1.021641645532977,1.4784757223311713,0.3904425310126022,0.11302329639334673,0.4097046918128512,-0.9563667703248135,-1.1516069687856911,0.21423026431012657,0.13614519240998393,0.4935205915779441,0.8059131783072089,1.0650873683547615,0.7808570734896271
3.2401509697368116,3.0917524803443373,0.7427856653949477,0.23634887659964263,0.856754728782361,0.9786083494645803,2.9349615620925604,0.5753681693773343,0.18516355811958748,0.6712101038916637,-0.9896437885618743,-2.627080566714627,0.22169321503798767,0.13614519240998393,0.4935205915779441,0.012459400772267593,0.028360575573366898,0.7808570734896271
2.7729371207674913,3.0917524803443373,0.5291188265612086,0.5566352818255508,3.976438747657004,0.9786083494645803,5.411231162503723,0.6230092716788946,0.10142173787776075,0.7245270673989239,-1.17075366418273,-2.7633306537776647,0.9277038571217113,0.447378861020078,3.195943009592456,0.012459400772267593,0.061764181491204016,0.9101949821729834
0.5381501455326477,2.2183756862050106,0.7912749860091429,0.5566352818255508,1.778057707598892,0.3161901292222,0.22689488012663356,0.19463540073034982,0.4641243186723429,1.4825503324061182,-1.17075366418273,-0.7671383798935857,0.9277038571217113,0.324236910830219,1.0357085819263683,0.5228735101609787,0.2863643095824835,0.9101949821729834
0.9225870713554097,1.5610516837755772,0.5841793307844279,0.7115742471355181,4.170209217815386,0.4891548033379828,0.9215790824933342,0.19463540073034982,0.8783692593208239,5.147718030284145,-1.479360478852289,-3.0966259702350496,0.6244337140519284,0.8246814740348654,4.8330786261954275,0.2865599283285735,0.5812122436583981,0.9621630200402057
1.079640941533016,0.4906756771729676,0.49080751664152455,0.40049432592306883,3.3250941944589374,0.12383862039904348,0.24380209139660697,0.6791919637646905,1.2290282250713092,10.203976314999744,-0.32224779873567133,-1.111358116466796,0.6244337140519284,1.1071969500636352,9.192475180001484,0.2865599283285735,0.9380177101632503,2.516029864747847
1.079640941533016,3.0548237476624687,0.6825226767206549,2.0027165333636834,8.598353738791506,0.18477172158311786,0.5849550634604089,2.139517768336331,0.8269400055395836,3.5503390369706143,0.27365269376750023,0.5566907263788821,1.9074865624450656,1.1071969500636352,4.753578889753646,-0.122023697516989,-0.2872326988242641,9.097674378711147
2.0834853837168605,3.0548237476624687,0.6614431111558793,1.7995400254000116,8.226337267422656,1.4011598106575518,8.373005675141409,1.3059662689799059,0.2925582306891892,1.337387689098352,-0.13532851517730843,-0.32606819203390885,1.5852335868469476,1.1071969500636352,5.061390913303286,-0.122023697516989,-0.5719651650157583,9.097674378711147
2.796843070652148,1.49829626719277,0.5390329036004115,1.9834095254558006,13.65248908421003,1.4011598106575518,14.4797708843289,0.9583922047440552,1.7587138983949462,12.105831898012905,-0.0003430776540221947,-0.003338549733713812,1.0588599564336425,2.1016496838326377,14.4663767109643,-0.6094472422366612,-6.483120596964917,8.881503591284698
2.412757374573101,1.0373178376008865,0.19890958894811447,1.9834095254558006,100.26075033369753,0.6637323522631964,16.0351162909356,0.5456068005023291,1.7587138983949462,88.90245449177107,0.4445174361667843,10.112518480118876,2.1818082121722595,0.7980180306563807,40.339569567732894,-0.6094472422366612,-9.339323045885882,8.881503591284698
1.7996701894224247,1.0373178376008865,0.19890958894811447,1.75124677063888,88.52499344701344,0.48971605956178543,8.292208640217307,0.18497561167680984,2.186965323441187,110.55043422341231,0.39328720004738993,7.441885115587256,1.2036373834949436,0.7980180306563807,40.339569567732894,1.0385421677687006,11.870873789721513,8.881503591284698
1.7996701894224247,1.1912342924739805,0.541814070407184,1.75124677063888,11.930998331458616,-1.2198127935870606,-7.582710918118363,0.18497561167680984,0.961341259812441,6.549483007811757,0.39328720004738993,1.8113661383408863,1.0480213898393222,1.5211429318757532,10.36333319004423,1.0385421677687006,6.016816800604153,8.881503591284698
3.7471406412386696,0.31294913686662645,0.4064520260723717,0.8664811563399104,10.48988030164187,-0.3838044730519805,-4.657955036475043,0.19673032238321217,0.5631003020531734,6.817060847932601,0.39328720004738993,3.8477636811931566,1.0480213898393222,1.5211429318757532,18.415411760905776,1.0385421677687006,16.699937490546702,3.89644963657541
2.404801725330133,0.4033854630313172,0.4064520260723717,0.5549594010506127,6.718504663023627,0.717408164626335,4.471795156766805,0.20960094138692917,0.9341362144774399,11.30893269126464,-0.9734758952632216,-7.872547444883143,1.0480213898393222,1.5211429318757532,18.415411760905776,-0.13439337321914668,-1.3869086170297664,3.89644963657541
1.7681710963235127,1.8607144903450037,0.4064520260723717,0.5549594010506127,6.718504663023627,0.31139768068996126,1.4271708678688517,0.15231706243795967,1.2819854901071663,15.520100167522187,-0.7267011402124637,-5.062061166689256,0.7439635561313102,0.5416865715163955,6.557819814819708,-0.14332945030996483,-0.6489921774990047,1.9420257452549645
3.7427615149763307,1.7281248811948788,0.4064520260723717,0.2824046345476616,3.418875057303353,0.31139768068996126,2.1550092750380228,0.37436074298710986,0.4868577289095787,5.894045430558953,-0.4293146106398365,-3.9009875435089487,0.6552677493785612,2.3166132981288925,28.045614177246893,0.2887468560845722,5.723239194999138,0.6201240623036027
2.3094838804270204,0.6383469870612074,0.4064520260723717,0.2948098104686712,3.569055831091759,0.17866171499207195,0.7795125375569222,0.4676384440194524,1.3957985175659513,16.89795475336593,-0.4293146106398365,-4.075751298933431,0.36764026630389246,2.3166132981288925,28.045614177246893,-0.004458259481776361,-0.054527144480445947,2.0072420243720006
2.3094838804270204,1.8375290414053298,0.4064520260723717,0.2142660862219023,2.5939693907057273,-0.27807781951535926,-1.034340924467968,0.4676384440194524,0.5422844622263171,6.565058058761484,-0.17295426972520012,-1.0234473571053198,0.30740683446058364,0.8635359158619634,10.454224338615832,-0.34099790939348024,-2.546317527252633,2.7448153973401075
2.3153886885593113,3.142516981369764,0.4064520260723717,0.32974396741279466,3.991979194284749,0.6728927441043884,3.1128908085654317,1.2502601065717378,1.2794548763918148,15.48946380022268,-0.17295426972520012,-1.5760623237422706,0.30740683446058364,0.49628098073283966,6.008126138436989,-0.3797969401519601,-2.155484428330248,2.852878793626452
2.3226019665895654,3.5437237619857345,0.6874513029065598,0.32974396741279466,1.395477941169558,-0.5287776285919832,-1.4508060239773324,1.2502601065717378,1.2002259995799751,5.079361784761039,-0.17295426972520012,-0.9053377944940126,0.3229995728795215,0.28426210429878956,1.2029984935639768,0.2681087329964692,0.6829962064384212,2.852878793626452
2.3226019665895654,11.429671743765775,0.9973473211018407,0.5435635716702898,1.0929177726259929,-0.20616149714462406,-0.5005829957339085,1.2502601065717378,0.9493098442019972,1.9087327674829977,-0.5257240136041534,-1.6869614908647759,0.2660243233134278,0.28426210429878956,0.5715524771418227,0.2681087329964692,0.47077544809325883,1.1948714469350912
1.1662007775978425,2.746100820057676,1.0089883124780976,1.361502698263162,2.6747071011532277,-0.20616149714462406,-0.3932049725998481,1.2502601065717378,0.43580504355381355,0.8561502273912281,0.4158464984762369,0.4487261340571488,0.2660243233134278,0.28426210429878956,0.5584402219155733,0.5027301432975537,0.4381235501391496,2.030527406962816
0.8850123405069231,2.876866705519746,0.8777695960011324,0.29198268295850405,0.7579246345385755,0.05582491328422512,0.04301207507081064,1.2502601065717378,1.1249495862090573,2.9201286712027197,0.4158464984762369,0.6289025702996142,0.2660243233134278,0.22435754068299443,0.5823842198624455,0.45719859459571033,0.308787003218194,2.030527406962816
0.8850123405069231,2.5146156646443965,0.6075167876831452,0.12497541048850366,0.67723282628182,-0.044848323187141756,-0.03266363672877203,0.38810332446007073,0.25075800581868496,1.358839729588268,-0.10665040668193859,-0.11002616112858701,0.2992070093638575,0.2577653412082343,1.3968119797454752,1.543930925292476,1.614901984977833,1.6095852008062175
1.233773156874591,0.5426373479649577,0.43317921351376026,0.10204442946826602,1.087637268818269,0.01620417163483749,0.020849910352860913,0.473291112166571,0.28884862074030804,3.0786837321836513,-0.19713689023055123,-0.42676201492696325,0.2992070093638575,0.4426606002829823,4.718083768158672,1.543930925292476,4.137576219276026,1.8866097941823585
1.877245151639952,1.4994235461706644,0.46042494668519,0.10204442946826602,0.9627235699130768,0.01620417163483749,0.02984685860782764,0.6826945765203025,0.697728983936608,6.582624272069334,-0.20589637596298363,-0.9916746859078343,0.2992070093638575,0.4426606002829823,4.176218100144568,1.543930925292476,5.922982416032138,2.933177625186287
1.877245151639952,3.284066496502303,0.41363724162741755,0.493672938313867,5.770720632804946,-0.552316706318106,-2.4907159176411926,1.8824352477548538,0.5977219557608101,6.986987041603743,-0.20589637596298363,-1.0216794610620066,0.2992070093638575,0.47162105004783855,5.512948175105081,1.543930925292476,6.8051987349822145,2.26290978252517
1.430777310550567,3.360782211270099,0.44852190443221557,0.33610282610071146,3.3414490610261733,-0.627564084703407,-1.6413361996418523,0.40636647640091234,1.2209957561499483,12.138830161700776,0.19408640306534566,0.9675102472142879,0.09340576020016539,0.47162105004783855,4.688736875929506,0.8672620046389891,2.6868925259280982,1.523111171133406
0.2252235361810781,0.8448562871997378,0.7841049166864863,0.3011034661922357,0.9794841135428924,-1.5546242506157806,-0.3465276625951772,0.2568885400069276,1.7882906591749774,5.817277074919985,0.16086139826143592,0.08738270553286034,0.062050828170069634,0.47162105004783855,1.534174720656826,1.8128155654888074,0.5057138009201028,1.523111171133406
0.21373418871159505,4.191747994172839,0.7841049166864863,0.6292635986854758,2.0469830717582984,-1.7765015618322855,-0.5432462239244954,0.2568885400069276,1.4442355882628926,4.698072170360336,0.16086139826143592,0.07452220189744697,0.07523750045187388,0.34076356974717986,1.108497710977645,1.687324183672151,0.3796994153900238,4.193860643821895
0.21373418871159505,1.1510963309942135,0.9682334743160439,0.6292635986854758,1.3424632905459133,-1.7765015618322855,-0.43993731517231677,0.2568885400069276,0.3100696075923536,0.6614987210070107,0.09196308744220731,0.015986450405287445,0.16312142809350658,0.34076356974717986,0.7269808457006012,1.5544603547178024,0.28327948968604133,2.7303772884126425
1.404251927860891,1.8870344442790887,1.024098883262751,0.6292635986854758,1.1999932970890304,-1.257697147585965,-1.934686115134351,0.1469296045078632,0.4101013240466353,0.7820551530572071,0.39922528283180614,0.49577172807099723,0.16312142809350658,0.3692740204769459,0.7041982887412177,1.9393141798477607,2.2852866593957586,1.0714314198329533
2.433368552133311,1.3622145008244742,1.024098883262751,0.7721299012399765,1.4724365240664488,-1.257697147585965,-3.7136610091576543,0.4578060906542496,0.4101013240466353,0.7820551530572071,-0.8374731401497559,-1.8021771093634973,0.10212898271861143,1.0291246221683266,1.9625203985278241,1.9393141798477607,6.610939059609197,2.562349106228576
5.5891864676913325,2.363035036011789,0.9517746779588069,0.4909091194383182,1.0838340809941587,-1.0598748340778215,-6.1671509817032995,0.9113103725921324,0.4101013240466353,0.9054258192863351,0.07615082938894868,0.40499501167127533,0.3551163962803618,4.298137359444527,9.489470801215267,0.3610238673103756,6.215921338371321,2.562349106228576
3.048287068278279,2.24236257013301,0.604147176826311,1.657224663874171,9.080837059239682,-1.1422372754807995,-10.492407130761663,1.315861895241521,0.2150020893271807,1.1781136155746135,0.8452472636321493,2.7966184904575693,0.20587937997184635,3.0242400912253475,16.571459558317738,0.3610238673103756,4.479939596750698,2.7219503723403102
1.5718229965280464,6.550858263942855,0.8484900915428736,1.657224663874171,4.603814681927752,-0.4914171852245822,-1.6573448962166641,1.115503978569351,0.20731319280389426,0.575921624625516,0.6963139287658361,0.8305971067025396,0.48876829925599663,3.250319711429239,9.029475565162887,0.23351977260325,1.1029569484887496,3.163797388454411
1.5718229965280464,11.209692991491671,0.8484900915428736,1.0900674805177157,3.0282367747095598,-0.04518344187969375,-0.12358844374786308,1.115503978569351,0.34722760583691886,0.9646076265758529,0.6257221740358467,0.965963084543819,0.48876829925599663,1.7616248436458204,4.893841188837808,0.27945268564024706,0.9717104249121302,5.7937382633052605
1.5718229965280464,10.552462066360178,0.8484900915428736,1.8126640505446434,5.03562947813676,-0.04518344187969375,-0.15937119626999155,2.001918878107185,0.462330584170424,1.2843667957078166,0.08474992116365021,0.15096889489655183,0.38706264766177384,1.7616248436458204,4.893841188837808,0.3459821158663159,1.2030459755654486,1.8817456072568568
1.5718229965280464,13.818297198518081,0.5723895421689792,0.47446530845782303,2.8963502456644443,-0.6083934741889658,-1.6274727465937686,2.001918878107185,0.328551164927094,2.005624500435988,0.18190319929340704,0.40491959053583254,0.24059317642412872,1.7616248436458204,10.753752608902746,-0.804412982068629,-4.146319173074931,2.0836421001126255
0.8346936632195001,4.335624157727598,0.39203898837328316,0.47446530845782303,6.174132415770757,-0.6849095530438146,-1.4205231311043445,2.001918878107185,0.328551164927094,4.275377696651846,-0.5266260825707502,-0.9089013009082305,0.21808902760940402,0.5962041010965902,7.758297606542806,-0.804412982068629,-1.8702058229000533,1.5000107122962034
0.9950248773271527,1.5300372789380339,0.34957324498413234,1.293748957085138,21.174035477965013,-1.1068596847596655,-5.067903381868074,1.9705540239642083,1.0426566018910612,17.06455318002079,0.5792507816816154,2.3809376800448327,0.21808902760940402,1.0491382257866555,17.17063414230373,-1.3104277854324324,-5.403065088734571,1.1236026824039207
0.5439740462075313,1.6777960859828815,0.571161722854828,0.22920946323502123,1.405220089289321,-0.30924216607478583,-0.19941097683706016,1.9705540239642083,1.667098868629462,10.220524004401941,-0.19152355646698183,-0.33307110537441503,0.2980489282159349,0.7849554180115359,4.812345472208115,-1.3775498092354568,-1.6438564459141636,1.1236026824039207
0.8196684839422307,1.2665328500698507,0.571161722854828,0.30173595180023627,1.8498600151415645,0.8233883672914707,0.9179359873253096,2.2997765227094438,1.667098868629462,10.220524004401941,0.16983500110436756,0.4450430431195976,0.2980489282159349,0.312567050072627,1.9162624955043597,-1.3775498092354568,-1.5630506369526835,0.6969625940091262
2.17103566420755,2.5707037975715776,0.571161722854828,0.6042300939944965,3.704368286765001,0.25437564088953823,1.0629174998230935,2.460749766862086,3.681016121088256,22.567295997928653,0.36229557178065086,3.73654095039384,0.2980489282159349,0.312567050072627,1.9162624955043597,-0.7727706142482604,-2.3224429618487235,0.8843098893680823
1.246388846129958,2.5707037975715776,0.571161722854828,1.3328403187224314,8.171276897774149,0.014983314415096233,0.053383422126811,1.6068257232768233,3.681016121088256,22.567295997928653,0.36229557178065086,2.1451434633058564,0.4564423048016712,0.27080217891495584,1.6602135734877206,-0.024417509488371736,-0.03921361667211422,0.6872051039355547
5.229438337157882,0.7560790234427386,1.057803380366078,1.3328403187224314,2.382309685223422,0.4796790774201093,3.8717288127783056,2.1976426655459207,5.0819767035546075,9.083490460854847,0.36229557178065086,5.710109734803465,1.4278194721876376,1.057748529116335,1.8906124987725916,-0.6568268081645471,-4.72288291135043,0.6456690058679457
2.0108894443298944,2.0828705546962047,0.29501166482213254,1.3328403187224314,30.628782976006754,0.46953720098949353,5.225442478588538,2.1976426655459207,2.7161757251211673,62.41794732708659,1.013277706690202,16.097981477471116,0.7872196665871314,1.057748529116335,24.30715044135868,-0.24278516122802524,-2.4070070286715057,0.6456690058679457
0.8694664120867005,2.0828705546962047,0.47397875905009196,2.702143412592292,24.05584580888976,-0.2657846162411179,-1.1334254640852983,0.6477284723016244,1.7719999638880224,15.77523891071143,1.013277706690202,3.499204063488423,0.3630782255849817,0.6147648553228927,5.472947327464182,-0.24278516122802524,-0.49383922621137627,1.3257124154023139
0.8694664120867005,2.0828705546962047,0.6730970910050769,3.196174724258807,14.109287438960436,-0.4627347287633661,-1.5112539369289633,0.6477284723016244,1.9171191613992409,8.462987050619825,0.6993324014519344,1.768879701392987,1.3240453039846964,0.23648123150054642,1.0439296837673064,-0.5469832124420173,-0.4859173773644971,1.8880822434220366
0.9666120561167608,1.6612884609194678,0.4881604731093885,3.196174724258807,26.824725469310444,-0.6183975395204353,-3.095904842784578,1.8767015564844185,2.5986623641438498,21.80994799079809,0.6993324014519344,3.156917066818961,1.3240453039846964,0.29239481728602573,2.453999352042844,-0.6338574701679214,-0.9598006559838229,1.8880822434220366
1.2992903640127673,3.865105812732483,0.4881604731093885,2.190382580845342,18.38335400063637,-1.210693132293247,-6.744545232158629,0.49080379297762255,0.4017707246721232,3.3719650271731916,0.6993324014519344,1.6685199310676742,0.9427003693050963,0.4971232232342867,4.17223560604025,0.1522022794905734,0.4039352804406738,0.6717641811193797
1.2992903640127673,3.865105812732483,0.42035603458221477,2.1368256180142593,24.18602538877145,-1.210693132293247,-7.736108437737829,0.49080379297762255,0.5060213970788544,5.727489531122377,0.10526479610870698,0.32731923177248956,1.7665074144873583,0.3674234971481973,4.15874555019407,0.1522022794905734,0.40328173138664425,1.9522076820040106
0.978057654896991,4.2485268823911495,0.5590345621882181,0.3408505237680866,2.181306249367895,0.3088073000172069,0.44607751890978836,0.49080379297762255,0.30789205445966666,1.9703853029152154,-1.8987277494411101,-2.606770116953807,1.5887847992126953,0.5159342902027523,3.301771929352169,-1.01583676004985,-1.8053521044634722,1.108189176932414
0.5344960031968005,9.931642829785552,0.5607607672640441,1.5842056531459634,10.075957147030017,0.2536895324001109,0.4304177430509724,0.4613245408901943,0.33627453032865157,2.1387928710521735,-1.0653609803459951,-0.8327710368585767,3.6133604932488304,0.5159342902027523,3.2814753491397277,-1.01583676004985,-0.9835647590972063,1.108189176932414
0.5344960031968005,3.249543401398787,0.6356166755000519,1.5842056531459634,7.842436112280067,0.7441844377647693,1.1139111230591046,0.518510959836492,0.8672497927473619,4.2932248597289036,-1.3896208679485704,-1.5389786927920406,2.6580146469339168,0.8332298158762137,4.124812700219557,-1.01583676004985,-1.1027333344669539,1.2543633592733487
0.664039117812542,2.193669740581032,0.45653162619605975,0.8398256585129495,8.05893026076835,0.9865129687904705,1.8596669018248493,0.518510959836492,0.3701938823591418,3.5523642921055196,-0.1257534625941903,-0.15738827084387888,2.6580146469339168,0.7352174156858409,7.055114141196681,-0.5632182423734026,-0.9933959820242486,1.8964778047673279
0.664039117812542,1.466455678196451,0.8755242942070101,0.8398256585129495,2.1912035955370057,0.9865129687904705,0.969700967169677,0.518510959836492,1.5792953327037123,4.120566663279468,0.6656591480317117,0.8972718462003658,2.6580146469339168,0.3832778962654408,1.0000169628941429,-0.5632182423734026,-0.3740021168403681,0.6212736287602815
0.39094154167420136,1.660094640551415,0.8755242942070101,0.8398256585129495,2.1912035955370057,0.015512721219552272,0.008977205668621313,0.3928411369119886,0.21803875872958212,0.5688886821351139,-0.4985368396045201,-0.1470018242792102,2.1436904550577704,1.1622190983909195,3.032365874252093,-0.5632182423734026,-0.38342403611477816,0.9154556592127208
1.0683182175555357,2.4819701364998625,0.8755242942070101,0.8697364568621818,2.2692443748628848,-0.08190932970398378,-0.1318179763150022,0.16898540791684413,0.9288818221298838,2.423561566437402,-0.5493027890344608,-0.9135650294283586,4.1734555385065395,0.7433151286491576,1.9393963092257342,-0.7287526227445978,-1.0842115949135107,0.4561051826734153
1.0683182175555357,1.8059139108679434,0.6402726794927499,0.7088643829198618,3.4583043398411832,0.5645598074396001,1.1216108334506902,0.2391871787750633,0.9288818221298838,4.531693387442383,-0.5493027890344608,-1.2492308405789583,4.123838630255309,2.0123954400747195,9.817781865722248,0.8912844362790265,2.983483542075884,0.10292985755709158
0.44426730356535066,1.2962429922764844,0.45304927036726395,0.4496741067456531,4.381643158402839,1.3694702707066393,1.2735484263270103,0.36057037399013897,0.7224652107533034,7.039730997168157,0.9077022286935597,1.0699556731241924,3.7055660256110925,2.217944356324994,21.611741856656376,0.6837195935961439,1.4121058866352918,0.10292985755709158
0.44426730356535066,3.6701212322361187,0.45304927036726395,1.4472499535599255,14.102063610928548,1.3694702707066393,2.2847479450174455,0.36057037399013897,1.0185137212545137,9.924439970030354,1.5516410867795756,2.171643975779297,4.186982216073296,2.2969113285255873,22.381199311048398,0.6837195935961439,1.437024111550517,0.10292985755709158
2.8825166131481152,5.644260774046945,1.178336307533429,1.449754816417456,2.0882670535820553,0.8543154101169953,3.5586319825211192,0.3951482389009325,0.3797972913938337,0.5470705540522712,-0.06903095005520599,-0.1471761165644966,1.8680867201469982,1.5917301756813693,2.2927722994442172,-0.8051409650905629,-3.514181643670265,0.10292985755709158
