{
    "n": 500,
    "active_prop": 0.2,
    "noise": 0.1,
    "seed": 60,
    "active_indices": [
        4,
        12,
        3,
        2,
        16,
        14
    ],
    "gp_features": [
        16,
        12,
        4
    ],
    "lengthscales": [
        1.3805632616060282,
        0.4561903693829146,
        1.257997659976087
    ],
    "beta": [
        0.0,
        0.0,
        4.23615778552173,
        -4.974135323738284,
        -4.835133335693432,
        0.0,
        0.0,
        0.0,
        0.0,
        0.0,
        0.0,
        0.0,
        -0.8918032021793909,
        0.0,
        -0.10104415427410629,
        0.0,
        3.654643639857291,
        0.0,
        0.0,
        0.0,
        0.0,
        0.0,
        0.0,
        0.0,
        0.0,
        0.0,
        0.0,
        0.0,
        0.0,
        0.0
    ]
}