{
    "n": 1000,
    "active_prop": 0.3,
    "seed": 41,
    "active_indices": [
        8,
        23,
        27,
        6,
        9,
        15,
        3,
        13,
        26
    ],
    "gp_features": [
        3,
        15,
        8
    ],
    "lengthscales": [
        1.7248212151835782,
        0.7609299930956944,
        1.8989908397650448
    ],
    "beta": [
        0.0,
        0.0,
        0.0,
        -0.3765805017182,
        0.0,
        0.0,
        3.511549102546727,
        0.0,
        -2.408942803414403,
        -2.360175107900009,
        0.0,
        0.0,
        0.0,
        1.1992657125053974,
        0.0,
        1.719175976246511,
        0.0,
        0.0,
        0.0,
        0.0,
        0.0,
        0.0,
        0.0,
        -3.139767776036905,
        0.0,
        0.0,
        -4.041769399189378,
        -0.8626378293561698,
        0.0,
        0.0
    ]
}