{
    "n": 100,
    "active_prop": 0.2,
    "noise_constant": 0.1,
    "seed": 18,
    "active_indices": [
        11,
        2,
        4,
        21,
        0,
        19
    ],
    "gp_features": [
        19,
        2,
        21
    ],
    "lengthscales": [
        0.8357974694114394,
        0.8299392173550553,
        1.4634195109971484
    ],
    "beta": [
        2.7143488212737354,
        0.0,
        -0.8169130857879523,
        0.0,
        4.401502819859678,
        0.0,
        0.0,
        0.0,
        0.0,
        0.0,
        0.0,
        1.4051640809926793,
        0.0,
        0.0,
        0.0,
        0.0,
        0.0,
        0.0,
        0.0,
        -1.3389259396802853,
        0.0,
        0.048401383236369,
        0.0,
        0.0,
        0.0,
        0.0,
        0.0,
        0.0,
        0.0,
        0.0
    ]
}