{
    "n": 500,
    "active_prop": 0.1,
    "seed": 17,
    "active_indices": [
        12,
        17,
        8
    ],
    "gp_features": [
        17,
        8,
        12
    ],
    "lengthscales": [
        0.9678145187538787,
        0.6380174333550751,
        0.4017034622378152
    ],
    "beta": [
        0.0,
        0.0,
        0.0,
        0.0,
        0.0,
        0.0,
        0.0,
        0.0,
        1.7042679214576815,
        0.0,
        0.0,
        0.0,
        0.31592997788837707,
        0.0,
        0.0,
        0.0,
        0.0,
        -1.757043673685871,
        0.0,
        0.0,
        0.0,
        0.0,
        0.0,
        0.0,
        0.0,
        0.0,
        0.0,
        0.0,
        0.0,
        0.0
    ]
}