{
    "n": 1000,
    "active_prop": 0.5,
    "noise_constant": 0.5,
    "seed": 125,
    "active_indices": [
        20,
        29,
        23,
        2,
        3,
        19,
        28,
        22,
        14,
        4,
        12,
        17,
        18,
        5,
        0
    ],
    "gp_features": [
        20,
        19,
        12
    ],
    "lengthscales": [
        2.1432431297969403,
        0.6084493543617682,
        0.779854296424589
    ],
    "beta": [
        -4.7634300986455,
        0.0,
        -2.5009355366824613,
        3.670171328638375,
        2.369590720610537,
        -1.3866537739835438,
        0.0,
        0.0,
        0.0,
        0.0,
        0.0,
        0.0,
        -4.4681439227537725,
        0.0,
        2.0669839397371526,
        0.0,
        0.0,
        2.943973171472879,
        -1.9461070688668967,
        3.457227749242872,
        2.2000829327431592,
        0.0,
        2.322128171193995,
        1.722324501282194,
        0.0,
        0.0,
        0.0,
        0.0,
        0.041844476646167195,
        -4.6302806311439895
    ]
}