{
    "n": 100,
    "active_prop": 0.3,
    "seed": 13,
    "active_indices": [
        2,
        3,
        18,
        7,
        20,
        4,
        24,
        0,
        28
    ],
    "gp_features": [
        20,
        18,
        0
    ],
    "lengthscales": [
        1.0191775644509393,
        1.3037376919086343,
        1.7239624993071034
    ],
    "beta": [
        2.994147776313927,
        0.0,
        0.1985108844203518,
        -3.6314736577663362,
        0.0780278069243634,
        0.0,
        0.0,
        -4.569690011363735,
        0.0,
        0.0,
        0.0,
        0.0,
        0.0,
        0.0,
        0.0,
        0.0,
        0.0,
        0.0,
        4.890775231453903,
        0.0,
        4.454864265732091,
        0.0,
        0.0,
        0.0,
        -4.811921484286029,
        0.0,
        0.0,
        0.0,
        2.0954216284018523,
        0.0
    ]
}