{
    "n": 1000,
    "active_prop": 0.1,
    "noise_constant": 0.5,
    "seed": 98,
    "active_indices": [
        3,
        5,
        11
    ],
    "gp_features": [
        11,
        3,
        5
    ],
    "lengthscales": [
        1.0751142623627339,
        0.9395290757374313,
        0.8225634237378536
    ],
    "beta": [
        0.0,
        0.0,
        0.0,
        2.39502703292957,
        0.0,
        0.29089476036106365,
        0.0,
        0.0,
        0.0,
        0.0,
        0.0,
        -1.5748620639882938,
        0.0,
        0.0,
        0.0,
        0.0,
        0.0,
        0.0,
        0.0,
        0.0,
        0.0,
        0.0,
        0.0,
        0.0,
        0.0,
        0.0,
        0.0,
        0.0,
        0.0,
        0.0
    ]
}