{
    "n": 1000,
    "active_prop": 0.1,
    "noise": 0.5,
    "seed": 98,
    "active_indices": [
        27,
        0,
        1
    ],
    "gp_features": [
        0,
        27,
        1
    ],
    "lengthscales": [
        0.5842929419251748,
        0.3284998284068685,
        0.8795707086045139
    ],
    "beta": [
        -0.5584314410264959,
        -0.13703994889847593,
        0.0,
        0.0,
        0.0,
        0.0,
        0.0,
        0.0,
        0.0,
        0.0,
        0.0,
        0.0,
        0.0,
        0.0,
        0.0,
        0.0,
        0.0,
        0.0,
        0.0,
        0.0,
        0.0,
        0.0,
        0.0,
        0.0,
        0.0,
        0.0,
        0.0,
        -0.5121340315537619,
        0.0,
        0.0
    ]
}