{
    "n": 500,
    "active_prop": 0.2,
    "noise_constant": 1.0,
    "seed": 71,
    "active_indices": [
        20,
        15,
        7,
        24,
        14,
        5
    ],
    "gp_features": [
        7,
        15,
        14
    ],
    "lengthscales": [
        0.39853004773159306,
        3.05802284900477,
        0.7903979778650796
    ],
    "beta": [
        0.0,
        0.0,
        0.0,
        0.0,
        0.0,
        1.4257502741546313,
        0.0,
        -2.3407037148031726,
        0.0,
        0.0,
        0.0,
        0.0,
        0.0,
        0.0,
        -0.8696212835024522,
        -3.975710451565063,
        0.0,
        0.0,
        0.0,
        0.0,
        -1.083205419389376,
        0.0,
        0.0,
        0.0,
        -0.10255848656662092,
        0.0,
        0.0,
        0.0,
        0.0,
        0.0
    ]
}