{
    "n": 500,
    "active_prop": 0.2,
    "noise_constant": 1.0,
    "seed": 74,
    "active_indices": [
        17,
        6,
        22,
        9,
        12,
        15
    ],
    "gp_features": [
        22,
        9,
        12
    ],
    "lengthscales": [
        1.1391073648637338,
        1.5915941841051444,
        0.6139542219440598
    ],
    "beta": [
        0.0,
        0.0,
        0.0,
        0.0,
        0.0,
        0.0,
        -2.05216123005878,
        0.0,
        0.0,
        -2.953947627646122,
        0.0,
        0.0,
        1.428991316604976,
        0.0,
        0.0,
        1.3460260770638293,
        0.0,
        -2.754614879432541,
        0.0,
        0.0,
        0.0,
        0.0,
        1.1900703390440635,
        0.0,
        0.0,
        0.0,
        0.0,
        0.0,
        0.0,
        0.0
    ]
}