{
    "n": 500,
    "active_prop": 0.1,
    "noise": 0.1,
    "seed": 49,
    "active_indices": [
        1,
        3,
        18
    ],
    "gp_features": [
        18,
        1,
        3
    ],
    "lengthscales": [
        0.629353023007322,
        0.9186882183099309,
        0.4522278900924829
    ],
    "beta": [
        0.0,
        -2.4241084642789934,
        0.0,
        1.2502194345420659,
        0.0,
        0.0,
        0.0,
        0.0,
        0.0,
        0.0,
        0.0,
        0.0,
        0.0,
        0.0,
        0.0,
        0.0,
        0.0,
        0.0,
        3.437402101652374,
        0.0,
        0.0,
        0.0,
        0.0,
        0.0,
        0.0,
        0.0,
        0.0,
        0.0,
        0.0,
        0.0
    ]
}