{
    "n": 500,
    "active_prop": 0.1,
    "noise_constant": 0.1,
    "seed": 49,
    "active_indices": [
        11,
        16,
        10
    ],
    "gp_features": [
        16,
        11,
        10
    ],
    "lengthscales": [
        2.0635919017553026,
        0.7206373204442309,
        2.2497101381425093
    ],
    "beta": [
        0.0,
        0.0,
        0.0,
        0.0,
        0.0,
        0.0,
        0.0,
        0.0,
        0.0,
        0.0,
        4.021425142366843,
        -3.616976996191823,
        0.0,
        0.0,
        0.0,
        0.0,
        -0.8005301510478198,
        0.0,
        0.0,
        0.0,
        0.0,
        0.0,
        0.0,
        0.0,
        0.0,
        0.0,
        0.0,
        0.0,
        0.0,
        0.0
    ]
}