{
    "n": 1000,
    "active_prop": 0.3,
    "noise": 1.0,
    "seed": 132,
    "active_indices": [
        1,
        9,
        4,
        17,
        10,
        24,
        15,
        18,
        5
    ],
    "gp_features": [
        15,
        24,
        9
    ],
    "lengthscales": [
        0.5423887934672543,
        0.8727593910397152,
        1.3690262302384084
    ],
    "beta": [
        0.0,
        1.3020753782740968,
        0.0,
        0.0,
        3.4297343831471174,
        -2.8590454807583807,
        0.0,
        0.0,
        0.0,
        -4.954128480429017,
        0.31670018471588346,
        0.0,
        0.0,
        0.0,
        0.0,
        4.552071614970663,
        0.0,
        4.588341175916801,
        -0.21214918448258047,
        0.0,
        0.0,
        0.0,
        0.0,
        0.0,
        1.6072592727503876,
        0.0,
        0.0,
        0.0,
        0.0,
        0.0
    ]
}