{
    "selected features": [
        1,
        2,
        4,
        10,
        12,
        21,
        26,
        27,
        29
    ],
    "precision": 0.4444444444444444,
    "recall": 0.6666666666666666,
    "training rmse": 1.1047,
    "testing rmse": 1.0768,
    "beta_error": 0.483,
    "tune time": 0.3464,
    "fit time": 11.8973,
    "prediction time (test)": 0.6526,
    "total runtime": 12.8963,
    "lambda": 0.1687
}