walker	inv_sigma_noise	inv_sigma_gp	lambda2	zeta0	ell0	nu0	zeta1	ell1	nu1	zeta2	ell2	nu2	log_l	log_p
0	7.273345886e-01	1.172660726e+00	2.800128926e+00	7.955095175e-01	1.426382664e+00	9.650895024e-01	1.019597372e+00	1.579875410e+00	1.107287276e+00	5.249958717e-02	1.042841759e+00	-2.015408516e+00	-4.662169167e+05	-1.556359208e+01

1	1.641510505e-01	2.892061257e-02	3.580860386e+00	4.000869235e-01	1.054422131e+00	7.969430208e-01	1.167630669e+00	4.258345829e+00	-2.556114536e-02	1.212132051e+00	3.052130652e+00	-1.241573278e+00	-1.697913528e+04	-1.645481789e+01

2	5.858211987e-01	2.426021301e-01	1.255758897e+00	3.282920448e-01	2.270737609e+00	4.668934733e-02	3.566617198e-01	2.817750762e+00	-2.471481845e-01	1.486347545e-02	5.169903888e-01	-3.627696921e-01	-2.117528470e+05	-1.070820547e+01

3	2.659484945e-02	1.509525902e-01	6.260260163e-01	4.118604576e-01	8.546108840e-01	-5.312643171e-01	3.866456717e-01	9.091928863e-01	-3.801076699e-01	1.385438519e+00	2.172361350e+00	-2.104533590e+00	-6.564927065e+03	-1.207265423e+01

4	1.768472226e-01	1.073838322e-01	7.746668036e-01	4.404612207e-01	1.958672372e+00	6.113623099e-01	2.140591528e+00	1.609782128e+00	2.418044129e-01	5.173130957e+00	1.438672365e+00	-2.806960790e-01	-2.115416557e+04	-1.673691643e+01

5	3.635084464e-01	3.640606731e-02	5.135082405e+00	1.396908910e+00	7.311231457e-01	1.150477679e+00	1.439372533e+00	9.163026169e-01	1.703720532e+00	2.229330218e+00	8.731420720e-01	-1.839918213e-01	-5.418318125e+04	-1.609652761e+01

6	1.645160401e-01	1.080386857e-01	7.866498422e-01	2.415574542e-01	2.262166040e-01	6.294713565e-01	3.248707052e+00	1.629806261e+00	1.325108872e+00	2.043047445e+00	1.454539985e+00	5.671254963e-02	-1.900735448e+04	-1.408660105e+01

7	4.066867055e-01	3.876453834e-01	2.720876535e+00	7.408105964e-01	8.708227153e-01	7.513868874e-01	1.135711854e+00	1.445179564e+00	5.484580005e-01	1.018657737e+00	6.436514042e-01	-3.850884562e-01	-1.292776228e+05	-1.177892572e+01

8	8.054313137e-01	4.933975706e-01	1.908134346e+00	2.535292030e-01	9.228811230e-01	-2.841350630e+00	1.159319432e+00	3.018368513e+00	1.074307783e+00	2.076911937e+00	4.250625950e-01	2.084030173e+00	-4.297260618e+05	-1.988443446e+01

9	8.015569082e-01	2.052788183e-01	1.699359970e-01	7.362035876e-02	1.419584584e+00	3.281157989e-01	1.545326742e+00	1.504838850e+00	4.865682068e-02	1.777181437e-01	1.870864200e+00	-2.646974056e+00	-3.742431464e+05	-1.427399370e+01

10	1.079708985e+00	1.806956481e-01	3.078344381e-01	2.365439511e+00	4.287687797e+00	5.836895915e-01	2.595654423e-01	9.260402375e-01	-3.956048994e-01	1.251149653e-01	4.884190061e-01	-1.572055225e+00	-5.808304164e+05	-1.373961259e+01

11	3.586284568e+00	2.695739299e-01	8.714932194e-01	2.831762901e-01	1.475082451e+00	1.573851049e-01	1.451006956e+00	1.026734941e-01	-8.250367930e-01	9.131400218e-01	1.213026567e+00	9.324134681e-01	-1.991271177e+06	-1.486082850e+01

12	8.397620369e-02	4.638664890e-01	9.204478497e-01	7.195464383e-01	6.828604709e-01	6.269981969e-01	1.101638883e-01	2.123466328e-01	-4.859622498e-01	9.361680856e-02	7.610624967e-01	1.978797763e-01	-2.879897078e+04	-7.519264170e+00

13	8.794595931e-02	6.158082280e-01	1.442503182e+00	8.313506962e-01	1.529227010e-01	7.495406344e-01	1.280114065e+00	5.868322862e-01	-7.188822498e-02	1.343931971e+00	2.638981895e+00	-6.816934091e-01	-3.373207475e+04	-1.251118098e+01

14	1.473300340e+00	5.519920692e-01	5.448630124e+00	2.106734592e+00	6.950075562e-01	-3.589065113e-01	6.652127287e-01	5.802089435e+00	-1.062605080e+00	7.960690422e-01	1.461038216e+00	5.830051235e-01	-1.310556412e+06	-1.900076237e+01

15	6.947318404e-02	9.145804892e-01	1.065577782e+00	4.146323379e-01	6.610943128e+00	-1.247925766e+00	1.233373406e+00	4.377327915e-01	1.626725450e+00	6.937764967e-01	8.894899228e-01	-6.792122919e-01	-2.204676690e+04	-1.542439388e+01

16	7.630963499e-01	1.997522118e+00	1.331484787e-01	1.073607047e+00	3.494739510e-01	-7.551800654e-01	1.923138877e+00	2.324500607e-01	6.178742509e-01	5.959409698e-02	1.024212196e+00	3.147071368e-01	-1.678144568e+06	-1.163846288e+01

17	1.602309699e-01	1.515237858e+00	4.674400658e-01	6.314408512e-01	5.953973074e-01	7.105046722e-01	4.174777341e-01	6.039485205e-01	-2.078757079e+00	2.499959702e+00	2.489213980e-01	-4.688822984e-01	-1.268693383e+05	-1.291522333e+01

18	1.041307512e+00	4.035954577e-01	1.618607866e+00	4.534452756e-01	3.237309204e+00	-9.986620457e-01	1.858201236e-02	2.771315880e-01	6.017541533e-02	8.971468990e-01	2.637162119e+00	1.691695556e+00	-6.406703484e+05	-1.458977947e+01

19	5.130020319e-01	1.735540819e+00	9.246729813e-01	4.630788989e-01	3.283270540e-01	1.120048176e+00	4.096346844e-01	1.457033256e+00	4.304075995e-02	5.756400308e+00	5.184743991e-01	1.294485812e-01	-6.834903118e+05	-1.563652082e+01

20	1.558898123e+00	2.120564901e-01	3.084006562e+00	8.168294804e-01	2.831575781e-01	1.852971350e+00	5.307759244e-01	9.401774382e-01	7.873526895e-01	3.342097467e+00	5.022803883e-01	-1.097710378e+00	-5.876733017e+05	-1.593564651e+01

21	1.357180713e+00	1.111710442e+00	1.067333697e+00	1.027990552e+00	4.864160545e+00	9.513729951e-01	8.189192745e-01	3.700446482e+00	1.325822491e+00	1.460001248e+00	3.659643916e-01	1.944385358e-01	-1.346717021e+06	-1.831361463e+01

22	1.014921115e+00	1.931238111e+00	1.247878861e+00	9.659284886e-01	2.351107914e+00	-9.355594045e-01	2.037154103e-01	8.311531115e-01	-7.584837519e-01	5.148958838e-01	2.117370100e-01	2.275981887e-01	-1.609796361e+06	-1.287822531e+01

23	8.387922773e-01	5.801570026e-01	4.694794926e-01	6.175311159e-01	4.634474899e-01	-2.633960138e+00	1.487351639e+00	3.641083824e+00	-8.516474976e-01	1.315782683e+00	2.532798084e-01	6.572355203e-01	-5.503995327e+05	-1.646472061e+01

24	9.900427835e-01	8.209143960e-01	8.709121288e+00	9.441037756e-01	3.809293927e-01	1.624031374e+00	2.668721500e-01	1.153190805e+00	-2.143985246e-01	1.733020117e+00	2.083820889e-01	-3.749897602e-01	-9.615148723e+05	-1.646482060e+01
0	6.173049847e-01	1.076834406e+00	2.566501026e+00	8.016772698e-01	1.207238486e+00	9.279966367e-01	1.064428555e+00	1.408986945e+00	9.043681006e-01	2.747365602e-01	1.317514562e+00	-1.785895293e+00	-3.492275945e+05	-1.472280869e+01

1	1.240677297e-01	4.038782479e-01	2.515977080e+00	4.062449468e-01	3.406860159e+00	-6.878341116e-02	1.195463860e+00	2.640830948e+00	6.739596198e-01	9.926783102e-01	2.136543670e+00	-1.003489166e+00	-1.669928011e+04	-1.582607127e+01

2	5.858211987e-01	2.426021301e-01	1.255758897e+00	3.282920448e-01	2.270737609e+00	4.668934733e-02	3.566617198e-01	2.817750762e+00	-2.471481845e-01	1.486347545e-02	5.169903888e-01	-3.627696921e-01	-2.117528470e+05	-1.070820547e+01

3	2.659484945e-02	1.509525902e-01	6.260260163e-01	4.118604576e-01	8.546108840e-01	-5.312643171e-01	3.866456717e-01	9.091928863e-01	-3.801076699e-01	1.385438519e+00	2.172361350e+00	-2.104533590e+00	-6.564927065e+03	-1.207265423e+01

4	1.768472226e-01	1.073838322e-01	7.746668036e-01	4.404612207e-01	1.958672372e+00	6.113623099e-01	2.140591528e+00	1.609782128e+00	2.418044129e-01	5.173130957e+00	1.438672365e+00	-2.806960790e-01	-2.115416557e+04	-1.673691643e+01

5	3.635084464e-01	3.640606731e-02	5.135082405e+00	1.396908910e+00	7.311231457e-01	1.150477679e+00	1.439372533e+00	9.163026169e-01	1.703720532e+00	2.229330218e+00	8.731420720e-01	-1.839918213e-01	-5.418318125e+04	-1.609652761e+01

6	1.645160401e-01	1.080386857e-01	7.866498422e-01	2.415574542e-01	2.262166040e-01	6.294713565e-01	3.248707052e+00	1.629806261e+00	1.325108872e+00	2.043047445e+00	1.454539985e+00	5.671254963e-02	-1.900735448e+04	-1.408660105e+01

7	4.066867055e-01	3.876453834e-01	2.720876535e+00	7.408105964e-01	8.708227153e-01	7.513868874e-01	1.135711854e+00	1.445179564e+00	5.484580005e-01	1.018657737e+00	6.436514042e-01	-3.850884562e-01	-1.292776228e+05	-1.177892572e+01

8	7.579775449e-01	4.808122222e-01	2.004857108e+00	3.115195509e-01	9.166857599e-01	-2.413786390e+00	1.156509943e+00	2.831146559e+00	1.011727491e+00	1.950971299e+00	4.510763958e-01	1.790185487e+00	-3.840034437e+05	-1.792148801e+01

9	5.852721075e-01	3.297041395e-01	5.556320690e-01	3.032770860e-01	1.035678321e+00	4.558433607e-01	1.464944748e+00	1.226604797e+00	1.212142108e-02	5.311801044e-01	2.103669180e+00	-2.051326899e+00	-2.158323653e+05	-1.310571209e+01

10	1.079708985e+00	1.806956481e-01	3.078344381e-01	2.365439511e+00	4.287687797e+00	5.836895915e-01	2.595654423e-01	9.260402375e-01	-3.956048994e-01	1.251149653e-01	4.884190061e-01	-1.572055225e+00	-5.808304164e+05	-1.373961259e+01

11	3.586284568e+00	2.695739299e-01	8.714932194e-01	2.831762901e-01	1.475082451e+00	1.573851049e-01	1.451006956e+00	1.026734941e-01	-8.250367930e-01	9.131400218e-01	1.213026567e+00	9.324134681e-01	-1.991271177e+06	-1.486082850e+01

12	8.397620369e-02	4.638664890e-01	9.204478497e-01	7.195464383e-01	6.828604709e-01	6.269981969e-01	1.101638883e-01	2.123466328e-01	-4.859622498e-01	9.361680856e-02	7.610624967e-01	1.978797763e-01	-2.879897078e+04	-7.519264170e+00

13	8.794595931e-02	6.158082280e-01	1.442503182e+00	8.313506962e-01	1.529227010e-01	7.495406344e-01	1.280114065e+00	5.868322862e-01	-7.188822498e-02	1.343931971e+00	2.638981895e+00	-6.816934091e-01	-3.373207475e+04	-1.251118098e+01

14	1.473300340e+00	5.519920692e-01	5.448630124e+00	2.106734592e+00	6.950075562e-01	-3.589065113e-01	6.652127287e-01	5.802089435e+00	-1.062605080e+00	7.960690422e-01	1.461038216e+00	5.830051235e-01	-1.310556412e+06	-1.900076237e+01

15	6.947318404e-02	9.145804892e-01	1.065577782e+00	4.146323379e-01	6.610943128e+00	-1.247925766e+00	1.233373406e+00	4.377327915e-01	1.626725450e+00	6.937764967e-01	8.894899228e-01	-6.792122919e-01	-2.204676690e+04	-1.542439388e+01

16	7.630963499e-01	1.997522118e+00	1.331484787e-01	1.073607047e+00	3.494739510e-01	-7.551800654e-01	1.923138877e+00	2.324500607e-01	6.178742509e-01	5.959409698e-02	1.024212196e+00	3.147071368e-01	-1.678144568e+06	-1.163846288e+01

17	1.602309699e-01	1.515237858e+00	4.674400658e-01	6.314408512e-01	5.953973074e-01	7.105046722e-01	4.174777341e-01	6.039485205e-01	-2.078757079e+00	2.499959702e+00	2.489213980e-01	-4.688822984e-01	-1.268693383e+05	-1.291522333e+01

18	1.041307512e+00	4.035954577e-01	1.618607866e+00	4.534452756e-01	3.237309204e+00	-9.986620457e-01	1.858201236e-02	2.771315880e-01	6.017541533e-02	8.971468990e-01	2.637162119e+00	1.691695556e+00	-6.406703484e+05	-1.458977947e+01

19	3.179712972e-01	1.157450731e+00	9.227522798e-01	5.796664080e-01	4.894943037e-01	8.959127200e-01	2.734983366e-01	8.912115021e-01	-1.974385745e-01	3.182157096e+00	6.287524565e-01	1.605566996e-01	-2.572232110e+05	-1.162898481e+01

20	1.558898123e+00	2.120564901e-01	3.084006562e+00	8.168294804e-01	2.831575781e-01	1.852971350e+00	5.307759244e-01	9.401774382e-01	7.873526895e-01	3.342097467e+00	5.022803883e-01	-1.097710378e+00	-5.876733017e+05	-1.593564651e+01

21	1.357180713e+00	1.111710442e+00	1.067333697e+00	1.027990552e+00	4.864160545e+00	9.513729951e-01	8.189192745e-01	3.700446482e+00	1.325822491e+00	1.460001248e+00	3.659643916e-01	1.944385358e-01	-1.346717021e+06	-1.831361463e+01

22	1.014921115e+00	1.931238111e+00	1.247878861e+00	9.659284886e-01	2.351107914e+00	-9.355594045e-01	2.037154103e-01	8.311531115e-01	-7.584837519e-01	5.148958838e-01	2.117370100e-01	2.275981887e-01	-1.609796361e+06	-1.287822531e+01

23	8.387922773e-01	5.801570026e-01	4.694794926e-01	6.175311159e-01	4.634474899e-01	-2.633960138e+00	1.487351639e+00	3.641083824e+00	-8.516474976e-01	1.315782683e+00	2.532798084e-01	6.572355203e-01	-5.503995327e+05	-1.646472061e+01

24	8.191312552e-01	7.020660471e-01	7.275214880e+00	8.496860954e-01	4.649584562e-01	1.241691169e+00	2.881194586e-01	1.109906621e+00	-2.437946158e-01	1.671360633e+00	5.567835803e-01	-6.818034124e-01	-5.533818689e+05	-1.476386003e+01
0	4.630505781e-01	8.663749325e-01	2.550700230e+00	6.780102562e-01	1.895145437e+00	6.162648824e-01	1.105408374e+00	1.794232308e+00	8.323104385e-01	4.992647715e-01	1.573656708e+00	-1.541206572e+00	-1.831106035e+05	-1.501452777e+01

1	1.240677297e-01	4.038782479e-01	2.515977080e+00	4.062449468e-01	3.406860159e+00	-6.878341116e-02	1.195463860e+00	2.640830948e+00	6.739596198e-01	9.926783102e-01	2.136543670e+00	-1.003489166e+00	-1.669928011e+04	-1.582607127e+01

2	4.896550703e-01	4.692531152e-01	1.138018181e+00	4.004918515e-01	1.791208473e+00	3.029452541e-01	4.537839498e-01	2.241264984e+00	-2.018535486e-01	1.173426789e+00	6.070227461e-01	-2.225234398e-01	-1.773865206e+05	-1.131808465e+01

3	2.659484945e-02	1.509525902e-01	6.260260163e-01	4.118604576e-01	8.546108840e-01	-5.312643171e-01	3.866456717e-01	9.091928863e-01	-3.801076699e-01	1.385438519e+00	2.172361350e+00	-2.104533590e+00	-6.564927065e+03	-1.207265423e+01

4	1.768472226e-01	1.073838322e-01	7.746668036e-01	4.404612207e-01	1.958672372e+00	6.113623099e-01	2.140591528e+00	1.609782128e+00	2.418044129e-01	5.173130957e+00	1.438672365e+00	-2.806960790e-01	-2.115416557e+04	-1.673691643e+01

5	4.379052739e-01	9.624947157e-03	6.760820757e+00	1.828857468e+00	9.198913783e-01	1.345265100e+00	7.629208507e-01	6.495466716e-01	1.845271192e+00	2.298975324e+00	6.557761888e-01	-2.739834038e-01	-4.352180732e+04	-1.712033050e+01

6	1.645160401e-01	1.080386857e-01	7.866498422e-01	2.415574542e-01	2.262166040e-01	6.294713565e-01	3.248707052e+00	1.629806261e+00	1.325108872e+00	2.043047445e+00	1.454539985e+00	5.671254963e-02	-1.900735448e+04	-1.408660105e+01

7	4.066867055e-01	3.876453834e-01	2.720876535e+00	7.408105964e-01	8.708227153e-01	7.513868874e-01	1.135711854e+00	1.445179564e+00	5.484580005e-01	1.018657737e+00	6.436514042e-01	-3.850884562e-01	-1.292776228e+05	-1.177892572e+01

8	7.505582293e-01	4.705462290e-01	1.972573685e+00	3.122423847e-01	9.750404957e-01	-2.307748788e+00	1.122039378e+00	2.830569248e+00	9.574745037e-01	1.867532057e+00	4.539170504e-01	1.697400908e+00	-3.746301190e+05	-1.736206769e+01

9	5.852721075e-01	3.297041395e-01	5.556320690e-01	3.032770860e-01	1.035678321e+00	4.558433607e-01	1.464944748e+00	1.226604797e+00	1.212142108e-02	5.311801044e-01	2.103669180e+00	-2.051326899e+00	-2.158323653e+05	-1.310571209e+01

10	1.079708985e+00	1.806956481e-01	3.078344381e-01	2.365439511e+00	4.287687797e+00	5.836895915e-01	2.595654423e-01	9.260402375e-01	-3.956048994e-01	1.251149653e-01	4.884190061e-01	-1.572055225e+00	-5.808304164e+05	-1.373961259e+01

11	3.586284568e+00	2.695739299e-01	8.714932194e-01	2.831762901e-01	1.475082451e+00	1.573851049e-01	1.451006956e+00	1.026734941e-01	-8.250367930e-01	9.131400218e-01	1.213026567e+00	9.324134681e-01	-1.991271177e+06	-1.486082850e+01

12	8.397620369e-02	4.638664890e-01	9.204478497e-01	7.195464383e-01	6.828604709e-01	6.269981969e-01	1.101638883e-01	2.123466328e-01	-4.859622498e-01	9.361680856e-02	7.610624967e-01	1.978797763e-01	-2.879897078e+04	-7.519264170e+00

13	8.658235772e-02	6.378626473e-01	1.414679746e+00	8.005898707e-01	6.296332546e-01	6.020940098e-01	1.276663818e+00	5.758262352e-01	5.349804074e-02	1.295939559e+00	2.509839955e+00	-6.815102609e-01	-2.572437614e+04	-1.198594947e+01

14	1.420883070e+00	7.097136863e-01	4.968259500e+00	1.976279417e+00	8.843884343e-01	-4.248487899e-01	6.124388935e-01	5.233645450e+00	-1.027827740e+00	7.639159064e-01	1.318176246e+00	5.423630954e-01	-1.262795585e+06	-1.835406821e+01

15	6.947318404e-02	9.145804892e-01	1.065577782e+00	4.146323379e-01	6.610943128e+00	-1.247925766e+00	1.233373406e+00	4.377327915e-01	1.626725450e+00	6.937764967e-01	8.894899228e-01	-6.792122919e-01	-2.204676690e+04	-1.542439388e+01

16	3.957621503e-01	1.076535346e+00	3.789738785e-01	7.435572731e-01	6.014137921e-01	-6.435008466e-01	1.156804387e+00	5.699792905e-01	1.201252444e-01	7.208663403e-01	1.596857941e+00	-8.919025654e-01	-2.786721132e+05	-1.080290505e+01

17	1.462444418e-01	1.085407392e+00	1.259734128e+00	5.443438758e-01	1.682761269e+00	4.091064955e-01	7.183723647e-01	1.391735044e+00	-1.014113834e+00	1.917002163e+00	9.789799259e-01	-6.756473427e-01	-5.650667085e+04	-1.305550543e+01

18	1.041307512e+00	4.035954577e-01	1.618607866e+00	4.534452756e-01	3.237309204e+00	-9.986620457e-01	1.858201236e-02	2.771315880e-01	6.017541533e-02	8.971468990e-01	2.637162119e+00	1.691695556e+00	-6.406703484e+05	-1.458977947e+01

19	2.890293841e-01	9.421016133e-01	8.923827132e-01	5.511180229e-01	7.907952977e-01	8.375567431e-01	6.564042939e-01	1.038576923e+00	-1.073580379e-01	3.590468666e+00	7.948519094e-01	7.006399235e-02	-1.525568457e+05	-1.260782914e+01

20	1.558898123e+00	2.120564901e-01	3.084006562e+00	8.168294804e-01	2.831575781e-01	1.852971350e+00	5.307759244e-01	9.401774382e-01	7.873526895e-01	3.342097467e+00	5.022803883e-01	-1.097710378e+00	-5.876733017e+05	-1.593564651e+01

21	1.357180713e+00	1.111710442e+00	1.067333697e+00	1.027990552e+00	4.864160545e+00	9.513729951e-01	8.189192745e-01	3.700446482e+00	1.325822491e+00	1.460001248e+00	3.659643916e-01	1.944385358e-01	-1.346717021e+06	-1.831361463e+01

22	1.014921115e+00	1.931238111e+00	1.247878861e+00	9.659284886e-01	2.351107914e+00	-9.355594045e-01	2.037154103e-01	8.311531115e-01	-7.584837519e-01	5.148958838e-01	2.117370100e-01	2.275981887e-01	-1.609796361e+06	-1.287822531e+01

23	8.387922773e-01	5.801570026e-01	4.694794926e-01	6.175311159e-01	4.634474899e-01	-2.633960138e+00	1.487351639e+00	3.641083824e+00	-8.516474976e-01	1.315782683e+00	2.532798084e-01	6.572355203e-01	-5.503995327e+05	-1.646472061e+01

24	8.191312552e-01	7.020660471e-01	7.275214880e+00	8.496860954e-01	4.649584562e-01	1.241691169e+00	2.881194586e-01	1.109906621e+00	-2.437946158e-01	1.671360633e+00	5.567835803e-01	-6.818034124e-01	-5.533818689e+05	-1.476386003e+01
0	4.630505781e-01	8.663749325e-01	2.550700230e+00	6.780102562e-01	1.895145437e+00	6.162648824e-01	1.105408374e+00	1.794232308e+00	8.323104385e-01	4.992647715e-01	1.573656708e+00	-1.541206572e+00	-1.831106035e+05	-1.501452777e+01

1	1.138237958e-01	4.669417599e-01	2.213086293e+00	5.135095512e-01	2.649043018e+00	1.144522791e-01	1.212236889e+00	2.075493902e+00	5.021072242e-01	1.069898934e+00	2.230355360e+00	-9.115386556e-01	-1.652127282e+04	-1.482743557e+01

2	4.896550703e-01	4.692531152e-01	1.138018181e+00	4.004918515e-01	1.791208473e+00	3.029452541e-01	4.537839498e-01	2.241264984e+00	-2.018535486e-01	1.173426789e+00	6.070227461e-01	-2.225234398e-01	-1.773865206e+05	-1.131808465e+01

3	2.659484945e-02	1.509525902e-01	6.260260163e-01	4.118604576e-01	8.546108840e-01	-5.312643171e-01	3.866456717e-01	9.091928863e-01	-3.801076699e-01	1.385438519e+00	2.172361350e+00	-2.104533590e+00	-6.564927065e+03	-1.207265423e+01

4	1.768472226e-01	1.073838322e-01	7.746668036e-01	4.404612207e-01	1.958672372e+00	6.113623099e-01	2.140591528e+00	1.609782128e+00	2.418044129e-01	5.173130957e+00	1.438672365e+00	-2.806960790e-01	-2.115416557e+04	-1.673691643e+01

5	4.379052739e-01	9.624947157e-03	6.760820757e+00	1.828857468e+00	9.198913783e-01	1.345265100e+00	7.629208507e-01	6.495466716e-01	1.845271192e+00	2.298975324e+00	6.557761888e-01	-2.739834038e-01	-4.352180732e+04	-1.712033050e+01

6	1.645160401e-01	1.080386857e-01	7.866498422e-01	2.415574542e-01	2.262166040e-01	6.294713565e-01	3.248707052e+00	1.629806261e+00	1.325108872e+00	2.043047445e+00	1.454539985e+00	5.671254963e-02	-1.900735448e+04	-1.408660105e+01

7	4.021865548e-01	3.494231141e-01	2.734463590e+00	7.458246414e-01	7.890397150e-01	7.621751700e-01	1.138131316e+00	1.417310826e+00	5.257949241e-01	1.060126617e+00	5.693988054e-01	-2.927827733e-01	-1.235769955e+05	-1.158981706e+01

8	7.505582293e-01	4.705462290e-01	1.972573685e+00	3.122423847e-01	9.750404957e-01	-2.307748788e+00	1.122039378e+00	2.830569248e+00	9.574745037e-01	1.867532057e+00	4.539170504e-01	1.697400908e+00	-3.746301190e+05	-1.736206769e+01

9	5.852721075e-01	3.297041395e-01	5.556320690e-01	3.032770860e-01	1.035678321e+00	4.558433607e-01	1.464944748e+00	1.226604797e+00	1.212142108e-02	5.311801044e-01	2.103669180e+00	-2.051326899e+00	-2.158323653e+05	-1.310571209e+01

10	1.079708985e+00	1.806956481e-01	3.078344381e-01	2.365439511e+00	4.287687797e+00	5.836895915e-01	2.595654423e-01	9.260402375e-01	-3.956048994e-01	1.251149653e-01	4.884190061e-01	-1.572055225e+00	-5.808304164e+05	-1.373961259e+01

11	3.586284568e+00	2.695739299e-01	8.714932194e-01	2.831762901e-01	1.475082451e+00	1.573851049e-01	1.451006956e+00	1.026734941e-01	-8.250367930e-01	9.131400218e-01	1.213026567e+00	9.324134681e-01	-1.991271177e+06	-1.486082850e+01

12	8.397620369e-02	4.638664890e-01	9.204478497e-01	7.195464383e-01	6.828604709e-01	6.269981969e-01	1.101638883e-01	2.123466328e-01	-4.859622498e-01	9.361680856e-02	7.610624967e-01	1.978797763e-01	-2.879897078e+04	-7.519264170e+00

13	8.653823164e-02	6.349166330e-01	1.406311663e+00	7.992176846e-01	6.305344707e-01	6.025156748e-01	1.256913235e+00	5.696719837e-01	4.436417390e-02	1.275582443e+00	2.480230546e+00	-6.666208768e-01	-2.570891543e+04	-1.189984414e+01

14	1.420883070e+00	7.097136863e-01	4.968259500e+00	1.976279417e+00	8.843884343e-01	-4.248487899e-01	6.124388935e-01	5.233645450e+00	-1.027827740e+00	7.639159064e-01	1.318176246e+00	5.423630954e-01	-1.262795585e+06	-1.835406821e+01

15	6.947318404e-02	9.145804892e-01	1.065577782e+00	4.146323379e-01	6.610943128e+00	-1.247925766e+00	1.233373406e+00	4.377327915e-01	1.626725450e+00	6.937764967e-01	8.894899228e-01	-6.792122919e-01	-2.204676690e+04	-1.542439388e+01

16	3.957621503e-01	1.076535346e+00	3.789738785e-01	7.435572731e-01	6.014137921e-01	-6.435008466e-01	1.156804387e+00	5.699792905e-01	1.201252444e-01	7.208663403e-01	1.596857941e+00	-8.919025654e-01	-2.786721132e+05	-1.080290505e+01

17	1.245776386e-01	9.219286754e-01	1.312925690e+00	6.368351030e-01	1.300918394e+00	4.792928063e-01	9.138036108e-01	1.093416352e+00	-6.300024559e-01	1.684237182e+00	1.523769180e+00	-6.723717260e-01	-4.087960032e+04	-1.254943436e+01

18	1.041307512e+00	4.035954577e-01	1.618607866e+00	4.534452756e-01	3.237309204e+00	-9.986620457e-01	1.858201236e-02	2.771315880e-01	6.017541533e-02	8.971468990e-01	2.637162119e+00	1.691695556e+00	-6.406703484e+05	-1.458977947e+01

19	2.890293841e-01	9.421016133e-01	8.923827132e-01	5.511180229e-01	7.907952977e-01	8.375567431e-01	6.564042939e-01	1.038576923e+00	-1.073580379e-01	3.590468666e+00	7.948519094e-01	7.006399235e-02	-1.525568457e+05	-1.260782914e+01

20	1.558898123e+00	2.120564901e-01	3.084006562e+00	8.168294804e-01	2.831575781e-01	1.852971350e+00	5.307759244e-01	9.401774382e-01	7.873526895e-01	3.342097467e+00	5.022803883e-01	-1.097710378e+00	-5.876733017e+05	-1.593564651e+01

21	1.223929646e+00	1.430775085e+00	1.137624891e+00	1.003828085e+00	3.885760095e+00	2.167383573e-01	5.794035038e-01	2.583351722e+00	5.143447921e-01	1.092045757e+00	3.059194336e-01	2.073485000e-01	-1.282948623e+06	-1.543155625e+01

22	1.014921115e+00	1.931238111e+00	1.247878861e+00	9.659284886e-01	2.351107914e+00	-9.355594045e-01	2.037154103e-01	8.311531115e-01	-7.584837519e-01	5.148958838e-01	2.117370100e-01	2.275981887e-01	-1.609796361e+06	-1.287822531e+01

23	8.387922773e-01	5.801570026e-01	4.694794926e-01	6.175311159e-01	4.634474899e-01	-2.633960138e+00	1.487351639e+00	3.641083824e+00	-8.516474976e-01	1.315782683e+00	2.532798084e-01	6.572355203e-01	-5.503995327e+05	-1.646472061e+01

24	8.191312552e-01	7.020660471e-01	7.275214880e+00	8.496860954e-01	4.649584562e-01	1.241691169e+00	2.881194586e-01	1.109906621e+00	-2.437946158e-01	1.671360633e+00	5.567835803e-01	-6.818034124e-01	-5.533818689e+05	-1.476386003e+01
0	4.630505781e-01	8.663749325e-01	2.550700230e+00	6.780102562e-01	1.895145437e+00	6.162648824e-01	1.105408374e+00	1.794232308e+00	8.323104385e-01	4.992647715e-01	1.573656708e+00	-1.541206572e+00	-1.831106035e+05	-1.501452777e+01

1	1.138237958e-01	4.669417599e-01	2.213086293e+00	5.135095512e-01	2.649043018e+00	1.144522791e-01	1.212236889e+00	2.075493902e+00	5.021072242e-01	1.069898934e+00	2.230355360e+00	-9.115386556e-01	-1.652127282e+04	-1.482743557e+01

2	4.896550703e-01	4.692531152e-01	1.138018181e+00	4.004918515e-01	1.791208473e+00	3.029452541e-01	4.537839498e-01	2.241264984e+00	-2.018535486e-01	1.173426789e+00	6.070227461e-01	-2.225234398e-01	-1.773865206e+05	-1.131808465e+01

3	2.659484945e-02	1.509525902e-01	6.260260163e-01	4.118604576e-01	8.546108840e-01	-5.312643171e-01	3.866456717e-01	9.091928863e-01	-3.801076699e-01	1.385438519e+00	2.172361350e+00	-2.104533590e+00	-6.564927065e+03	-1.207265423e+01

4	1.768472226e-01	1.073838322e-01	7.746668036e-01	4.404612207e-01	1.958672372e+00	6.113623099e-01	2.140591528e+00	1.609782128e+00	2.418044129e-01	5.173130957e+00	1.438672365e+00	-2.806960790e-01	-2.115416557e+04	-1.673691643e+01

5	4.379052739e-01	9.624947157e-03	6.760820757e+00	1.828857468e+00	9.198913783e-01	1.345265100e+00	7.629208507e-01	6.495466716e-01	1.845271192e+00	2.298975324e+00	6.557761888e-01	-2.739834038e-01	-4.352180732e+04	-1.712033050e+01

6	1.645160401e-01	1.080386857e-01	7.866498422e-01	2.415574542e-01	2.262166040e-01	6.294713565e-01	3.248707052e+00	1.629806261e+00	1.325108872e+00	2.043047445e+00	1.454539985e+00	5.671254963e-02	-1.900735448e+04	-1.408660105e+01

7	4.021865548e-01	3.494231141e-01	2.734463590e+00	7.458246414e-01	7.890397150e-01	7.621751700e-01	1.138131316e+00	1.417310826e+00	5.257949241e-01	1.060126617e+00	5.693988054e-01	-2.927827733e-01	-1.235769955e+05	-1.158981706e+01

8	7.505582293e-01	4.705462290e-01	1.972573685e+00	3.122423847e-01	9.750404957e-01	-2.307748788e+00	1.122039378e+00	2.830569248e+00	9.574745037e-01	1.867532057e+00	4.539170504e-01	1.697400908e+00	-3.746301190e+05	-1.736206769e+01

9	5.852721075e-01	3.297041395e-01	5.556320690e-01	3.032770860e-01	1.035678321e+00	4.558433607e-01	1.464944748e+00	1.226604797e+00	1.212142108e-02	5.311801044e-01	2.103669180e+00	-2.051326899e+00	-2.158323653e+05	-1.310571209e+01

10	9.327445489e-01	3.101127206e-01	1.051133551e+00	1.448695579e+00	2.808604628e+00	-7.073255553e-01	6.446564487e-01	1.776404478e+00	2.085393967e-01	9.030969114e-01	4.730140272e-01	-1.122567316e-01	-5.051014367e+05	-1.303544727e+01

11	3.586284568e+00	2.695739299e-01	8.714932194e-01	2.831762901e-01	1.475082451e+00	1.573851049e-01	1.451006956e+00	1.026734941e-01	-8.250367930e-01	9.131400218e-01	1.213026567e+00	9.324134681e-01	-1.991271177e+06	-1.486082850e+01

12	8.397620369e-02	4.638664890e-01	9.204478497e-01	7.195464383e-01	6.828604709e-01	6.269981969e-01	1.101638883e-01	2.123466328e-01	-4.859622498e-01	9.361680856e-02	7.610624967e-01	1.978797763e-01	-2.879897078e+04	-7.519264170e+00

13	8.653823164e-02	6.349166330e-01	1.406311663e+00	7.992176846e-01	6.305344707e-01	6.025156748e-01	1.256913235e+00	5.696719837e-01	4.436417390e-02	1.275582443e+00	2.480230546e+00	-6.666208768e-01	-2.570891543e+04	-1.189984414e+01

14	9.775668653e-01	7.093426267e-01	3.660321073e+00	1.468101534e+00	2.241889033e+00	-6.296752419e-01	7.401045768e-01	3.715116030e+00	-3.405103343e-01	8.017931174e-01	1.291310177e+00	1.997270460e-02	-6.313192589e+05	-1.669509015e+01

15	5.790568633e-02	7.085728620e-01	9.469977556e-01	4.138845542e-01	5.058029269e+00	-1.054588508e+00	1.004947530e+00	5.649208835e-01	1.085332279e+00	8.803695379e-01	1.235576412e+00	-1.063728179e+00	-1.497234496e+04	-1.415941867e+01

16	3.957621503e-01	1.076535346e+00	3.789738785e-01	7.435572731e-01	6.014137921e-01	-6.435008466e-01	1.156804387e+00	5.699792905e-01	1.201252444e-01	7.208663403e-01	1.596857941e+00	-8.919025654e-01	-2.786721132e+05	-1.080290505e+01

17	1.245776386e-01	9.219286754e-01	1.312925690e+00	6.368351030e-01	1.300918394e+00	4.792928063e-01	9.138036108e-01	1.093416352e+00	-6.300024559e-01	1.684237182e+00	1.523769180e+00	-6.723717260e-01	-4.087960032e+04	-1.254943436e+01

18	1.041307512e+00	4.035954577e-01	1.618607866e+00	4.534452756e-01	3.237309204e+00	-9.986620457e-01	1.858201236e-02	2.771315880e-01	6.017541533e-02	8.971468990e-01	2.637162119e+00	1.691695556e+00	-6.406703484e+05	-1.458977947e+01

19	2.890293841e-01	9.421016133e-01	8.923827132e-01	5.511180229e-01	7.907952977e-01	8.375567431e-01	6.564042939e-01	1.038576923e+00	-1.073580379e-01	3.590468666e+00	7.948519094e-01	7.006399235e-02	-1.525568457e+05	-1.260782914e+01

20	1.558898123e+00	2.120564901e-01	3.084006562e+00	8.168294804e-01	2.831575781e-01	1.852971350e+00	5.307759244e-01	9.401774382e-01	7.873526895e-01	3.342097467e+00	5.022803883e-01	-1.097710378e+00	-5.876733017e+05	-1.593564651e+01

21	1.052416578e+00	1.431800485e+00	1.115164090e+00	9.356962044e-01	3.195473811e+00	-1.506215151e-01	4.646814599e-01	1.971716184e+00	1.018207225e-01	9.740418255e-01	4.663163784e-01	-1.588195563e-02	-9.609728265e+05	-1.386605119e+01

22	7.386993298e-01	1.433676060e+00	1.074080685e+00	8.110751109e-01	1.932860322e+00	-8.225652298e-01	2.548415668e-01	8.529640120e-01	-6.527335352e-01	7.581989800e-01	7.597009504e-01	-4.241962896e-01	-6.095941874e+05	-1.182414642e+01

23	8.387922773e-01	5.801570026e-01	4.694794926e-01	6.175311159e-01	4.634474899e-01	-2.633960138e+00	1.487351639e+00	3.641083824e+00	-8.516474976e-01	1.315782683e+00	2.532798084e-01	6.572355203e-01	-5.503995327e+05	-1.646472061e+01

24	8.191312552e-01	7.020660471e-01	7.275214880e+00	8.496860954e-01	4.649584562e-01	1.241691169e+00	2.881194586e-01	1.109906621e+00	-2.437946158e-01	1.671360633e+00	5.567835803e-01	-6.818034124e-01	-5.533818689e+05	-1.476386003e+01
0	4.630505781e-01	8.663749325e-01	2.550700230e+00	6.780102562e-01	1.895145437e+00	6.162648824e-01	1.105408374e+00	1.794232308e+00	8.323104385e-01	4.992647715e-01	1.573656708e+00	-1.541206572e+00	-1.831106035e+05	-1.501452777e+01

1	1.138237958e-01	4.669417599e-01	2.213086293e+00	5.135095512e-01	2.649043018e+00	1.144522791e-01	1.212236889e+00	2.075493902e+00	5.021072242e-01	1.069898934e+00	2.230355360e+00	-9.115386556e-01	-1.652127282e+04	-1.482743557e+01

2	4.896550703e-01	4.692531152e-01	1.138018181e+00	4.004918515e-01	1.791208473e+00	3.029452541e-01	4.537839498e-01	2.241264984e+00	-2.018535486e-01	1.173426789e+00	6.070227461e-01	-2.225234398e-01	-1.773865206e+05	-1.131808465e+01

3	2.659484945e-02	1.509525902e-01	6.260260163e-01	4.118604576e-01	8.546108840e-01	-5.312643171e-01	3.866456717e-01	9.091928863e-01	-3.801076699e-01	1.385438519e+00	2.172361350e+00	-2.104533590e+00	-6.564927065e+03	-1.207265423e+01

4	1.531220084e-01	2.427396719e-01	1.316160852e+00	4.679603171e-01	2.218562897e+00	4.243001725e-01	1.791111759e+00	1.785099659e+00	3.397955928e-01	3.628466320e+00	1.736701996e+00	-5.181772193e-01	-1.939219515e+04	-1.596111547e+01

5	4.379052739e-01	9.624947157e-03	6.760820757e+00	1.828857468e+00	9.198913783e-01	1.345265100e+00	7.629208507e-01	6.495466716e-01	1.845271192e+00	2.298975324e+00	6.557761888e-01	-2.739834038e-01	-4.352180732e+04	-1.712033050e+01

6	1.645160401e-01	1.080386857e-01	7.866498422e-01	2.415574542e-01	2.262166040e-01	6.294713565e-01	3.248707052e+00	1.629806261e+00	1.325108872e+00	2.043047445e+00	1.454539985e+00	5.671254963e-02	-1.900735448e+04	-1.408660105e+01

7	4.384159773e-01	2.220469384e-01	3.092002734e+00	7.863695285e-01	7.805777078e-01	6.610952885e-01	1.254962471e+00	1.557462646e+00	6.338461479e-01	4.982410574e-01	5.109374176e-01	-3.507243489e-01	-1.160634289e+05	-1.138639195e+01

8	7.505582293e-01	4.705462290e-01	1.972573685e+00	3.122423847e-01	9.750404957e-01	-2.307748788e+00	1.122039378e+00	2.830569248e+00	9.574745037e-01	1.867532057e+00	4.539170504e-01	1.697400908e+00	-3.746301190e+05	-1.736206769e+01

9	4.982709975e-01	3.390744730e-01	1.590999185e+00	5.135729174e-01	9.184771974e-01	6.014103212e-01	1.309645048e+00	1.317227110e+00	2.562158582e-01	7.825321799e-01	1.374593490e+00	-1.215677725e+00	-1.631668810e+05	-1.198060137e+01

10	9.327445489e-01	3.101127206e-01	1.051133551e+00	1.448695579e+00	2.808604628e+00	-7.073255553e-01	6.446564487e-01	1.776404478e+00	2.085393967e-01	9.030969114e-01	4.730140272e-01	-1.122567316e-01	-5.051014367e+05	-1.303544727e+01

11	3.586284568e+00	2.695739299e-01	8.714932194e-01	2.831762901e-01	1.475082451e+00	1.573851049e-01	1.451006956e+00	1.026734941e-01	-8.250367930e-01	9.131400218e-01	1.213026567e+00	9.324134681e-01	-1.991271177e+06	-1.486082850e+01

12	8.397620369e-02	4.638664890e-01	9.204478497e-01	7.195464383e-01	6.828604709e-01	6.269981969e-01	1.101638883e-01	2.123466328e-01	-4.859622498e-01	9.361680856e-02	7.610624967e-01	1.978797763e-01	-2.879897078e+04	-7.519264170e+00

13	8.653823164e-02	6.349166330e-01	1.406311663e+00	7.992176846e-01	6.305344707e-01	6.025156748e-01	1.256913235e+00	5.696719837e-01	4.436417390e-02	1.275582443e+00	2.480230546e+00	-6.666208768e-01	-2.570891543e+04	-1.189984414e+01

14	9.775668653e-01	7.093426267e-01	3.660321073e+00	1.468101534e+00	2.241889033e+00	-6.296752419e-01	7.401045768e-01	3.715116030e+00	-3.405103343e-01	8.017931174e-01	1.291310177e+00	1.997270460e-02	-6.313192589e+05	-1.669509015e+01

15	5.134133008e-02	7.701880492e-01	9.536828182e-01	3.369212369e-01	6.159663205e+00	-1.477999138e+00	1.230247186e+00	6.536963748e-01	1.480972186e+00	1.078467839e+00	1.355055376e+00	-1.381391382e+00	-1.342183888e+04	-1.672206280e+01

16	3.957621503e-01	1.076535346e+00	3.789738785e-01	7.435572731e-01	6.014137921e-01	-6.435008466e-01	1.156804387e+00	5.699792905e-01	1.201252444e-01	7.208663403e-01	1.596857941e+00	-8.919025654e-01	-2.786721132e+05	-1.080290505e+01

17	1.245776386e-01	9.219286754e-01	1.312925690e+00	6.368351030e-01	1.300918394e+00	4.792928063e-01	9.138036108e-01	1.093416352e+00	-6.300024559e-01	1.684237182e+00	1.523769180e+00	-6.723717260e-01	-4.087960032e+04	-1.254943436e+01

18	1.041307512e+00	4.035954577e-01	1.618607866e+00	4.534452756e-01	3.237309204e+00	-9.986620457e-01	1.858201236e-02	2.771315880e-01	6.017541533e-02	8.971468990e-01	2.637162119e+00	1.691695556e+00	-6.406703484e+05	-1.458977947e+01

19	2.208435288e-01	9.869927893e-01	9.448344486e-01	5.428809563e-01	8.313955101e-01	1.268121175e+00	5.533437634e-01	7.157938444e-01	-1.504549009e-02	3.872592853e+00	8.620218792e-01	-2.761571764e-03	-1.191775427e+05	-1.301836906e+01

20	1.558898123e+00	2.120564901e-01	3.084006562e+00	8.168294804e-01	2.831575781e-01	1.852971350e+00	5.307759244e-01	9.401774382e-01	7.873526895e-01	3.342097467e+00	5.022803883e-01	-1.097710378e+00	-5.876733017e+05	-1.593564651e+01

21	1.052416578e+00	1.431800485e+00	1.115164090e+00	9.356962044e-01	3.195473811e+00	-1.506215151e-01	4.646814599e-01	1.971716184e+00	1.018207225e-01	9.740418255e-01	4.663163784e-01	-1.588195563e-02	-9.609728265e+05	-1.386605119e+01

22	5.371598771e-01	1.135145456e+00	1.026788820e+00	7.829003942e-01	1.548080442e+00	-3.763549036e-01	2.103063137e-01	6.557666459e-01	-6.013973409e-01	5.536246771e-01	7.601200669e-01	-2.327063836e-01	-3.757336195e+05	-1.012787939e+01

23	8.387922773e-01	5.801570026e-01	4.694794926e-01	6.175311159e-01	4.634474899e-01	-2.633960138e+00	1.487351639e+00	3.641083824e+00	-8.516474976e-01	1.315782683e+00	2.532798084e-01	6.572355203e-01	-5.503995327e+05	-1.646472061e+01

24	7.114719999e-01	6.272020233e-01	6.371979752e+00	7.902112476e-01	5.178893877e-01	1.000850412e+00	3.015033974e-01	1.082641387e+00	-2.623115719e-01	1.632520573e+00	7.762459273e-01	-8.750690723e-01	-4.006774705e+05	-1.407087654e+01
0	4.630505781e-01	8.663749325e-01	2.550700230e+00	6.780102562e-01	1.895145437e+00	6.162648824e-01	1.105408374e+00	1.794232308e+00	8.323104385e-01	4.992647715e-01	1.573656708e+00	-1.541206572e+00	-1.831106035e+05	-1.501452777e+01

1	1.082581437e-01	4.986946246e-01	2.340114335e+00	5.199605110e-01	2.710010234e+00	7.056973392e-02	1.130253105e+00	2.116621302e+00	5.250947857e-01	7.075390425e-01	2.300269555e+00	-9.672488972e-01	-1.605293093e+04	-1.468259762e+01

2	4.536534473e-01	4.840482191e-01	1.161978978e+00	4.361013218e-01	1.687550814e+00	3.296993370e-01	5.255099482e-01	2.091978090e+00	-1.798642969e-01	1.182550122e+00	7.743154871e-01	-2.621849646e-01	-1.552942926e+05	-1.137743809e+01

3	2.659484945e-02	1.509525902e-01	6.260260163e-01	4.118604576e-01	8.546108840e-01	-5.312643171e-01	3.866456717e-01	9.091928863e-01	-3.801076699e-01	1.385438519e+00	2.172361350e+00	-2.104533590e+00	-6.564927065e+03	-1.207265423e+01

4	1.531220084e-01	2.427396719e-01	1.316160852e+00	4.679603171e-01	2.218562897e+00	4.243001725e-01	1.791111759e+00	1.785099659e+00	3.397955928e-01	3.628466320e+00	1.736701996e+00	-5.181772193e-01	-1.939219515e+04	-1.596111547e+01

5	4.379052739e-01	9.624947157e-03	6.760820757e+00	1.828857468e+00	9.198913783e-01	1.345265100e+00	7.629208507e-01	6.495466716e-01	1.845271192e+00	2.298975324e+00	6.557761888e-01	-2.739834038e-01	-4.352180732e+04	-1.712033050e+01

6	1.687150666e-01	7.830941354e-02	6.684928230e-01	2.190306539e-01	2.552491043e-02	6.721322959e-01	3.417395425e+00	1.592888302e+00	1.393281150e+00	2.123656944e+00	1.390276321e+00	1.369163863e-01	-1.740770779e+04	-1.769586519e+01

7	3.456698947e-01	2.853237422e-01	2.523773027e+00	7.688839631e-01	7.550080861e-01	6.521731192e-01	9.554035848e-01	1.205486795e+00	3.408264308e-01	3.923632276e-01	5.763875250e-01	-2.071713751e-01	-9.001727165e+04	-1.011156429e+01

8	7.335339702e-01	4.627582161e-01	1.995749854e+00	3.314427021e-01	9.657888368e-01	-2.183293542e+00	1.115032876e+00	2.762239731e+00	9.315464252e-01	1.805505927e+00	4.590665421e-01	1.617319737e+00	-3.583588434e+05	-1.680738830e+01

9	4.982709975e-01	3.390744730e-01	1.590999185e+00	5.135729174e-01	9.184771974e-01	6.014103212e-01	1.309645048e+00	1.317227110e+00	2.562158582e-01	7.825321799e-01	1.374593490e+00	-1.215677725e+00	-1.631668810e+05	-1.198060137e+01

10	8.766510269e-01	3.188970181e-01	8.690200706e-01	1.505300853e+00	3.034845003e+00	-9.366879301e-01	6.548583543e-01	1.851317282e+00	1.566868201e-01	6.846007838e-01	4.703922210e-01	-2.397556851e-02	-4.556861951e+05	-1.313218333e+01

11	3.586284568e+00	2.695739299e-01	8.714932194e-01	2.831762901e-01	1.475082451e+00	1.573851049e-01	1.451006956e+00	1.026734941e-01	-8.250367930e-01	9.131400218e-01	1.213026567e+00	9.324134681e-01	-1.991271177e+06	-1.486082850e+01

12	4.606307486e-02	4.537757064e-01	8.050159172e-01	6.885383755e-01	6.173763037e-01	6.795591685e-01	8.220374370e-02	6.443708995e-02	-4.930503843e-01	6.308040573e-02	7.380655627e-01	2.072368183e-01	-1.150206235e+04	-8.643901873e+00

13	8.653823164e-02	6.349166330e-01	1.406311663e+00	7.992176846e-01	6.305344707e-01	6.025156748e-01	1.256913235e+00	5.696719837e-01	4.436417390e-02	1.275582443e+00	2.480230546e+00	-6.666208768e-01	-2.570891543e+04	-1.189984414e+01

14	9.624747567e-01	6.976835919e-01	3.595162091e+00	1.438045257e+00	2.200217330e+00	-5.909107161e-01	7.580383151e-01	3.639611102e+00	-3.217205698e-01	8.011866274e-01	1.293932609e+00	-1.893556010e-02	-6.120010561e+05	-1.651064961e+01

15	5.134133008e-02	7.701880492e-01	9.536828182e-01	3.369212369e-01	6.159663205e+00	-1.477999138e+00	1.230247186e+00	6.536963748e-01	1.480972186e+00	1.078467839e+00	1.355055376e+00	-1.381391382e+00	-1.342183888e+04	-1.672206280e+01

16	4.083145219e-01	7.587550126e-01	2.279813377e+00	1.066815025e+00	6.962726608e-01	-5.114491328e-02	1.039485780e+00	5.936785148e-01	6.339616965e-01	1.190907685e+00	1.316555797e+00	-7.078547229e-01	-2.121652633e+05	-1.191897802e+01

17	1.245776386e-01	9.219286754e-01	1.312925690e+00	6.368351030e-01	1.300918394e+00	4.792928063e-01	9.138036108e-01	1.093416352e+00	-6.300024559e-01	1.684237182e+00	1.523769180e+00	-6.723717260e-01	-4.087960032e+04	-1.254943436e+01

18	9.104038059e-01	3.880421095e-01	1.611952552e+00	4.679395700e-01	2.678334448e+00	-6.129505933e-01	3.298040601e-01	5.278557194e-01	1.074326804e-01	8.695180176e-01	2.332808897e+00	9.908477731e-01	-5.050996452e+05	-1.288758247e+01

19	2.208435288e-01	9.869927893e-01	9.448344486e-01	5.428809563e-01	8.313955101e-01	1.268121175e+00	5.533437634e-01	7.157938444e-01	-1.504549009e-02	3.872592853e+00	8.620218792e-01	-2.761571764e-03	-1.191775427e+05	-1.301836906e+01

20	1.558898123e+00	2.120564901e-01	3.084006562e+00	8.168294804e-01	2.831575781e-01	1.852971350e+00	5.307759244e-01	9.401774382e-01	7.873526895e-01	3.342097467e+00	5.022803883e-01	-1.097710378e+00	-5.876733017e+05	-1.593564651e+01

21	1.052416578e+00	1.431800485e+00	1.115164090e+00	9.356962044e-01	3.195473811e+00	-1.506215151e-01	4.646814599e-01	1.971716184e+00	1.018207225e-01	9.740418255e-01	4.663163784e-01	-1.588195563e-02	-9.609728265e+05	-1.386605119e+01

22	5.371598771e-01	1.135145456e+00	1.026788820e+00	7.829003942e-01	1.548080442e+00	-3.763549036e-01	2.103063137e-01	6.557666459e-01	-6.013973409e-01	5.536246771e-01	7.601200669e-01	-2.327063836e-01	-3.757336195e+05	-1.012787939e+01

23	8.387922773e-01	5.801570026e-01	4.694794926e-01	6.175311159e-01	4.634474899e-01	-2.633960138e+00	1.487351639e+00	3.641083824e+00	-8.516474976e-01	1.315782683e+00	2.532798084e-01	6.572355203e-01	-5.503995327e+05	-1.646472061e+01

24	7.114719999e-01	6.272020233e-01	6.371979752e+00	7.902112476e-01	5.178893877e-01	1.000850412e+00	3.015033974e-01	1.082641387e+00	-2.623115719e-01	1.632520573e+00	7.762459273e-01	-8.750690723e-01	-4.006774705e+05	-1.407087654e+01
0	4.630505781e-01	8.663749325e-01	2.550700230e+00	6.780102562e-01	1.895145437e+00	6.162648824e-01	1.105408374e+00	1.794232308e+00	8.323104385e-01	4.992647715e-01	1.573656708e+00	-1.541206572e+00	-1.831106035e+05	-1.501452777e+01

1	1.082581437e-01	4.986946246e-01	2.340114335e+00	5.199605110e-01	2.710010234e+00	7.056973392e-02	1.130253105e+00	2.116621302e+00	5.250947857e-01	7.075390425e-01	2.300269555e+00	-9.672488972e-01	-1.605293093e+04	-1.468259762e+01

2	3.881441396e-01	6.255694688e-01	1.100877682e+00	4.661475500e-01	1.446641227e+00	5.937575237e-01	5.333419769e-01	1.704739961e+00	-1.334866941e-01	1.939488822e+00	7.989947837e-01	-1.891870142e-01	-1.381415942e+05	-1.177835564e+01

3	2.659484945e-02	1.509525902e-01	6.260260163e-01	4.118604576e-01	8.546108840e-01	-5.312643171e-01	3.866456717e-01	9.091928863e-01	-3.801076699e-01	1.385438519e+00	2.172361350e+00	-2.104533590e+00	-6.564927065e+03	-1.207265423e+01

4	1.531220084e-01	2.427396719e-01	1.316160852e+00	4.679603171e-01	2.218562897e+00	4.243001725e-01	1.791111759e+00	1.785099659e+00	3.397955928e-01	3.628466320e+00	1.736701996e+00	-5.181772193e-01	-1.939219515e+04	-1.596111547e+01

5	4.379052739e-01	9.624947157e-03	6.760820757e+00	1.828857468e+00	9.198913783e-01	1.345265100e+00	7.629208507e-01	6.495466716e-01	1.845271192e+00	2.298975324e+00	6.557761888e-01	-2.739834038e-01	-4.352180732e+04	-1.712033050e+01

6	1.687150666e-01	7.830941354e-02	6.684928230e-01	2.190306539e-01	2.552491043e-02	6.721322959e-01	3.417395425e+00	1.592888302e+00	1.393281150e+00	2.123656944e+00	1.390276321e+00	1.369163863e-01	-1.740770779e+04	-1.769586519e+01

7	3.456698947e-01	2.853237422e-01	2.523773027e+00	7.688839631e-01	7.550080861e-01	6.521731192e-01	9.554035848e-01	1.205486795e+00	3.408264308e-01	3.923632276e-01	5.763875250e-01	-2.071713751e-01	-9.001727165e+04	-1.011156429e+01

8	6.658430655e-01	3.872598513e-01	2.977283991e+00	1.474611800e-01	1.288841156e+00	-1.893472905e+00	8.755972009e-01	2.197061044e+00	2.078306365e+00	2.120443630e+00	5.914065974e-01	2.234743397e+00	-2.854149052e+05	-1.940434787e+01

9	4.982709975e-01	3.390744730e-01	1.590999185e+00	5.135729174e-01	9.184771974e-01	6.014103212e-01	1.309645048e+00	1.317227110e+00	2.562158582e-01	7.825321799e-01	1.374593490e+00	-1.215677725e+00	-1.631668810e+05	-1.198060137e+01

10	8.766510269e-01	3.188970181e-01	8.690200706e-01	1.505300853e+00	3.034845003e+00	-9.366879301e-01	6.548583543e-01	1.851317282e+00	1.566868201e-01	6.846007838e-01	4.703922210e-01	-2.397556851e-02	-4.556861951e+05	-1.313218333e+01

11	3.586284568e+00	2.695739299e-01	8.714932194e-01	2.831762901e-01	1.475082451e+00	1.573851049e-01	1.451006956e+00	1.026734941e-01	-8.250367930e-01	9.131400218e-01	1.213026567e+00	9.324134681e-01	-1.991271177e+06	-1.486082850e+01

12	4.606307486e-02	4.537757064e-01	8.050159172e-01	6.885383755e-01	6.173763037e-01	6.795591685e-01	8.220374370e-02	6.443708995e-02	-4.930503843e-01	6.308040573e-02	7.380655627e-01	2.072368183e-01	-1.150206235e+04	-8.643901873e+00

13	8.653823164e-02	6.349166330e-01	1.406311663e+00	7.992176846e-01	6.305344707e-01	6.025156748e-01	1.256913235e+00	5.696719837e-01	4.436417390e-02	1.275582443e+00	2.480230546e+00	-6.666208768e-01	-2.570891543e+04	-1.189984414e+01

14	9.624747567e-01	6.976835919e-01	3.595162091e+00	1.438045257e+00	2.200217330e+00	-5.909107161e-01	7.580383151e-01	3.639611102e+00	-3.217205698e-01	8.011866274e-01	1.293932609e+00	-1.893556010e-02	-6.120010561e+05	-1.651064961e+01

15	5.134133008e-02	7.701880492e-01	9.536828182e-01	3.369212369e-01	6.159663205e+00	-1.477999138e+00	1.230247186e+00	6.536963748e-01	1.480972186e+00	1.078467839e+00	1.355055376e+00	-1.381391382e+00	-1.342183888e+04	-1.672206280e+01

16	4.083145219e-01	7.587550126e-01	2.279813377e+00	1.066815025e+00	6.962726608e-01	-5.114491328e-02	1.039485780e+00	5.936785148e-01	6.339616965e-01	1.190907685e+00	1.316555797e+00	-7.078547229e-01	-2.121652633e+05	-1.191897802e+01

17	1.245776386e-01	9.219286754e-01	1.312925690e+00	6.368351030e-01	1.300918394e+00	4.792928063e-01	9.138036108e-01	1.093416352e+00	-6.300024559e-01	1.684237182e+00	1.523769180e+00	-6.723717260e-01	-4.087960032e+04	-1.254943436e+01

18	9.104038059e-01	3.880421095e-01	1.611952552e+00	4.679395700e-01	2.678334448e+00	-6.129505933e-01	3.298040601e-01	5.278557194e-01	1.074326804e-01	8.695180176e-01	2.332808897e+00	9.908477731e-01	-5.050996452e+05	-1.288758247e+01

19	2.208435288e-01	9.869927893e-01	9.448344486e-01	5.428809563e-01	8.313955101e-01	1.268121175e+00	5.533437634e-01	7.157938444e-01	-1.504549009e-02	3.872592853e+00	8.620218792e-01	-2.761571764e-03	-1.191775427e+05	-1.301836906e+01

20	1.558898123e+00	2.120564901e-01	3.084006562e+00	8.168294804e-01	2.831575781e-01	1.852971350e+00	5.307759244e-01	9.401774382e-01	7.873526895e-01	3.342097467e+00	5.022803883e-01	-1.097710378e+00	-5.876733017e+05	-1.593564651e+01

21	1.052416578e+00	1.431800485e+00	1.115164090e+00	9.356962044e-01	3.195473811e+00	-1.506215151e-01	4.646814599e-01	1.971716184e+00	1.018207225e-01	9.740418255e-01	4.663163784e-01	-1.588195563e-02	-9.609728265e+05	-1.386605119e+01

22	4.602737356e-01	9.869355554e-01	9.664378286e-01	7.270253783e-01	1.443650652e+00	-3.996827589e-01	2.368613108e-01	6.939301798e-01	-5.680732626e-01	6.788877743e-01	9.727899076e-01	-5.145854070e-01	-2.622347070e+05	-1.020554277e+01

23	8.387922773e-01	5.801570026e-01	4.694794926e-01	6.175311159e-01	4.634474899e-01	-2.633960138e+00	1.487351639e+00	3.641083824e+00	-8.516474976e-01	1.315782683e+00	2.532798084e-01	6.572355203e-01	-5.503995327e+05	-1.646472061e+01

24	7.114719999e-01	6.272020233e-01	6.371979752e+00	7.902112476e-01	5.178893877e-01	1.000850412e+00	3.015033974e-01	1.082641387e+00	-2.623115719e-01	1.632520573e+00	7.762459273e-01	-8.750690723e-01	-4.006774705e+05	-1.407087654e+01
0	4.630505781e-01	8.663749325e-01	2.550700230e+00	6.780102562e-01	1.895145437e+00	6.162648824e-01	1.105408374e+00	1.794232308e+00	8.323104385e-01	4.992647715e-01	1.573656708e+00	-1.541206572e+00	-1.831106035e+05	-1.501452777e+01

1	1.082581437e-01	4.986946246e-01	2.340114335e+00	5.199605110e-01	2.710010234e+00	7.056973392e-02	1.130253105e+00	2.116621302e+00	5.250947857e-01	7.075390425e-01	2.300269555e+00	-9.672488972e-01	-1.605293093e+04	-1.468259762e+01

2	3.881441396e-01	6.255694688e-01	1.100877682e+00	4.661475500e-01	1.446641227e+00	5.937575237e-01	5.333419769e-01	1.704739961e+00	-1.334866941e-01	1.939488822e+00	7.989947837e-01	-1.891870142e-01	-1.381415942e+05	-1.177835564e+01

3	2.659484945e-02	1.509525902e-01	6.260260163e-01	4.118604576e-01	8.546108840e-01	-5.312643171e-01	3.866456717e-01	9.091928863e-01	-3.801076699e-01	1.385438519e+00	2.172361350e+00	-2.104533590e+00	-6.564927065e+03	-1.207265423e+01

4	1.531220084e-01	2.427396719e-01	1.316160852e+00	4.679603171e-01	2.218562897e+00	4.243001725e-01	1.791111759e+00	1.785099659e+00	3.397955928e-01	3.628466320e+00	1.736701996e+00	-5.181772193e-01	-1.939219515e+04	-1.596111547e+01

5	4.379052739e-01	9.624947157e-03	6.760820757e+00	1.828857468e+00	9.198913783e-01	1.345265100e+00	7.629208507e-01	6.495466716e-01	1.845271192e+00	2.298975324e+00	6.557761888e-01	-2.739834038e-01	-4.352180732e+04	-1.712033050e+01

6	1.687150666e-01	7.830941354e-02	6.684928230e-01	2.190306539e-01	2.552491043e-02	6.721322959e-01	3.417395425e+00	1.592888302e+00	1.393281150e+00	2.123656944e+00	1.390276321e+00	1.369163863e-01	-1.740770779e+04	-1.769586519e+01

7	3.456698947e-01	2.853237422e-01	2.523773027e+00	7.688839631e-01	7.550080861e-01	6.521731192e-01	9.554035848e-01	1.205486795e+00	3.408264308e-01	3.923632276e-01	5.763875250e-01	-2.071713751e-01	-9.001727165e+04	-1.011156429e+01

8	6.658430655e-01	3.872598513e-01	2.977283991e+00	1.474611800e-01	1.288841156e+00	-1.893472905e+00	8.755972009e-01	2.197061044e+00	2.078306365e+00	2.120443630e+00	5.914065974e-01	2.234743397e+00	-2.854149052e+05	-1.940434787e+01

9	4.982709975e-01	3.390744730e-01	1.590999185e+00	5.135729174e-01	9.184771974e-01	6.014103212e-01	1.309645048e+00	1.317227110e+00	2.562158582e-01	7.825321799e-01	1.374593490e+00	-1.215677725e+00	-1.631668810e+05	-1.198060137e+01

10	8.766510269e-01	3.188970181e-01	8.690200706e-01	1.505300853e+00	3.034845003e+00	-9.366879301e-01	6.548583543e-01	1.851317282e+00	1.566868201e-01	6.846007838e-01	4.703922210e-01	-2.397556851e-02	-4.556861951e+05	-1.313218333e+01

11	3.586284568e+00	2.695739299e-01	8.714932194e-01	2.831762901e-01	1.475082451e+00	1.573851049e-01	1.451006956e+00	1.026734941e-01	-8.250367930e-01	9.131400218e-01	1.213026567e+00	9.324134681e-01	-1.991271177e+06	-1.486082850e+01

12	4.606307486e-02	4.537757064e-01	8.050159172e-01	6.885383755e-01	6.173763037e-01	6.795591685e-01	8.220374370e-02	6.443708995e-02	-4.930503843e-01	6.308040573e-02	7.380655627e-01	2.072368183e-01	-1.150206235e+04	-8.643901873e+00

13	7.366135233e-02	6.844060375e-01	1.240716206e+00	6.300853093e-01	2.653380808e+00	-1.586461594e-01	1.247157391e+00	6.004125289e-01	5.699510061e-01	1.203467545e+00	2.068582241e+00	-9.281215523e-01	-1.806085068e+04	-1.329473710e+01

14	9.033335184e-01	7.317470816e-01	3.285592812e+00	1.354312659e+00	2.111120956e+00	-5.683909327e-01	6.966623877e-01	3.292715715e+00	-3.507320666e-01	7.867842162e-01	1.256113536e+00	-7.730530550e-02	-5.488524127e+05	-1.581716078e+01

15	5.134133008e-02	7.701880492e-01	9.536828182e-01	3.369212369e-01	6.159663205e+00	-1.477999138e+00	1.230247186e+00	6.536963748e-01	1.480972186e+00	1.078467839e+00	1.355055376e+00	-1.381391382e+00	-1.342183888e+04	-1.672206280e+01

16	4.083145219e-01	7.587550126e-01	2.279813377e+00	1.066815025e+00	6.962726608e-01	-5.114491328e-02	1.039485780e+00	5.936785148e-01	6.339616965e-01	1.190907685e+00	1.316555797e+00	-7.078547229e-01	-2.121652633e+05	-1.191897802e+01

17	1.245776386e-01	9.219286754e-01	1.312925690e+00	6.368351030e-01	1.300918394e+00	4.792928063e-01	9.138036108e-01	1.093416352e+00	-6.300024559e-01	1.684237182e+00	1.523769180e+00	-6.723717260e-01	-4.087960032e+04	-1.254943436e+01

18	9.104038059e-01	3.880421095e-01	1.611952552e+00	4.679395700e-01	2.678334448e+00	-6.129505933e-01	3.298040601e-01	5.278557194e-01	1.074326804e-01	8.695180176e-01	2.332808897e+00	9.908477731e-01	-5.050996452e+05	-1.288758247e+01

19	1.475644959e-01	1.398906001e+00	1.792216313e-02	4.102064075e-01	8.762385729e-01	1.629712074e+00	3.173154637e-01	4.283207162e-01	-2.239592883e-01	5.915653704e+00	1.029702874e+00	1.172367363e-01	-8.517778334e+04	-1.506777010e+01

20	1.558898123e+00	2.120564901e-01	3.084006562e+00	8.168294804e-01	2.831575781e-01	1.852971350e+00	5.307759244e-01	9.401774382e-01	7.873526895e-01	3.342097467e+00	5.022803883e-01	-1.097710378e+00	-5.876733017e+05	-1.593564651e+01

21	9.680856244e-01	8.978379996e-01	9.970660910e-01	1.208988114e+00	3.118405350e+00	-5.277701080e-01	5.559268646e-01	1.913949721e+00	1.281450522e-01	8.351702499e-01	4.682719362e-01	-1.976520856e-02	-6.959989566e+05	-1.343714223e+01

22	4.602737356e-01	9.869355554e-01	9.664378286e-01	7.270253783e-01	1.443650652e+00	-3.996827589e-01	2.368613108e-01	6.939301798e-01	-5.680732626e-01	6.788877743e-01	9.727899076e-01	-5.145854070e-01	-2.622347070e+05	-1.020554277e+01

23	7.193849842e-01	6.711144564e-01	1.130872506e+00	6.367508364e-01	9.184280705e-01	-1.601068200e+00	1.365973545e+00	3.054171217e+00	-3.165009877e-01	1.056300720e+00	6.728835730e-01	-4.140937326e-02	-3.874299190e+05	-1.384837398e+01

24	5.740253660e-01	6.265080246e-01	4.131234906e+00	6.524518093e-01	9.127016813e-01	8.277952752e-01	4.000579492e-01	1.347095415e+00	-2.075481321e-01	1.763012738e+00	7.859164634e-01	-5.835006932e-01	-2.690663971e+05	-1.300489279e+01
0	4.643980424e-01	8.078728278e-01	3.319464380e+00	6.542256429e-01	2.114233514e+00	1.109254001e+00	1.526871285e+00	2.328154485e+00	1.511847354e+00	4.121026166e-01	1.865227633e+00	-2.039375024e+00	-1.710216746e+05	-1.870697260e+01

1	1.082581437e-01	4.986946246e-01	2.340114335e+00	5.199605110e-01	2.710010234e+00	7.056973392e-02	1.130253105e+00	2.116621302e+00	5.250947857e-01	7.075390425e-01	2.300269555e+00	-9.672488972e-01	-1.605293093e+04	-1.468259762e+01

2	3.363079410e-01	6.700531291e-01	7.506214830e-01	5.256346003e-01	1.476096710e+00	1.058032170e+00	4.694554864e-01	1.612841682e+00	-5.463472914e-01	1.905711200e+00	8.377438802e-01	-6.416458703e-01	-1.157007531e+05	-1.223000847e+01

3	2.659484945e-02	1.509525902e-01	6.260260163e-01	4.118604576e-01	8.546108840e-01	-5.312643171e-01	3.866456717e-01	9.091928863e-01	-3.801076699e-01	1.385438519e+00	2.172361350e+00	-2.104533590e+00	-6.564927065e+03	-1.207265423e+01

4	1.531220084e-01	2.427396719e-01	1.316160852e+00	4.679603171e-01	2.218562897e+00	4.243001725e-01	1.791111759e+00	1.785099659e+00	3.397955928e-01	3.628466320e+00	1.736701996e+00	-5.181772193e-01	-1.939219515e+04	-1.596111547e+01

5	4.379052739e-01	9.624947157e-03	6.760820757e+00	1.828857468e+00	9.198913783e-01	1.345265100e+00	7.629208507e-01	6.495466716e-01	1.845271192e+00	2.298975324e+00	6.557761888e-01	-2.739834038e-01	-4.352180732e+04	-1.712033050e+01

6	1.687150666e-01	7.830941354e-02	6.684928230e-01	2.190306539e-01	2.552491043e-02	6.721322959e-01	3.417395425e+00	1.592888302e+00	1.393281150e+00	2.123656944e+00	1.390276321e+00	1.369163863e-01	-1.740770779e+04	-1.769586519e+01

7	3.456698947e-01	2.853237422e-01	2.523773027e+00	7.688839631e-01	7.550080861e-01	6.521731192e-01	9.554035848e-01	1.205486795e+00	3.408264308e-01	3.923632276e-01	5.763875250e-01	-2.071713751e-01	-9.001727165e+04	-1.011156429e+01

8	6.658430655e-01	3.872598513e-01	2.977283991e+00	1.474611800e-01	1.288841156e+00	-1.893472905e+00	8.755972009e-01	2.197061044e+00	2.078306365e+00	2.120443630e+00	5.914065974e-01	2.234743397e+00	-2.854149052e+05	-1.940434787e+01

9	1.899209287e-01	3.777533551e-01	1.154797961e+00	4.253067208e-01	1.106142349e+00	2.383349650e-01	1.530587440e+00	1.429077328e+00	9.965726672e-02	4.752284553e-02	1.623926482e+00	-1.243316235e+00	-3.568364917e+04	-1.124549993e+01

10	7.173427974e-01	2.874227107e-01	8.234807832e-01	1.300380216e+00	2.626249375e+00	-8.607078718e-01	6.045928675e-01	1.674754634e+00	5.608666909e-02	8.159441251e-01	7.893566564e-01	-4.138909925e-01	-3.153736062e+05	-1.260795891e+01

11	3.586284568e+00	2.695739299e-01	8.714932194e-01	2.831762901e-01	1.475082451e+00	1.573851049e-01	1.451006956e+00	1.026734941e-01	-8.250367930e-01	9.131400218e-01	1.213026567e+00	9.324134681e-01	-1.991271177e+06	-1.486082850e+01

12	4.606307486e-02	4.537757064e-01	8.050159172e-01	6.885383755e-01	6.173763037e-01	6.795591685e-01	8.220374370e-02	6.443708995e-02	-4.930503843e-01	6.308040573e-02	7.380655627e-01	2.072368183e-01	-1.150206235e+04	-8.643901873e+00

13	7.366135233e-02	6.844060375e-01	1.240716206e+00	6.300853093e-01	2.653380808e+00	-1.586461594e-01	1.247157391e+00	6.004125289e-01	5.699510061e-01	1.203467545e+00	2.068582241e+00	-9.281215523e-01	-1.806085068e+04	-1.329473710e+01

14	8.525011946e-01	7.155022794e-01	3.416126941e+00	1.245972742e+00	1.926131802e+00	-3.528742842e-01	6.508782407e-01	2.992387891e+00	-3.286300565e-01	9.374757916e-01	1.183533463e+00	-1.554421134e-01	-4.941158917e+05	-1.528990981e+01

15	5.134133008e-02	7.701880492e-01	9.536828182e-01	3.369212369e-01	6.159663205e+00	-1.477999138e+00	1.230247186e+00	6.536963748e-01	1.480972186e+00	1.078467839e+00	1.355055376e+00	-1.381391382e+00	-1.342183888e+04	-1.672206280e+01

16	4.083145219e-01	7.587550126e-01	2.279813377e+00	1.066815025e+00	6.962726608e-01	-5.114491328e-02	1.039485780e+00	5.936785148e-01	6.339616965e-01	1.190907685e+00	1.316555797e+00	-7.078547229e-01	-2.121652633e+05	-1.191897802e+01

17	1.245776386e-01	9.219286754e-01	1.312925690e+00	6.368351030e-01	1.300918394e+00	4.792928063e-01	9.138036108e-01	1.093416352e+00	-6.300024559e-01	1.684237182e+00	1.523769180e+00	-6.723717260e-01	-4.087960032e+04	-1.254943436e+01

18	9.104038059e-01	3.880421095e-01	1.611952552e+00	4.679395700e-01	2.678334448e+00	-6.129505933e-01	3.298040601e-01	5.278557194e-01	1.074326804e-01	8.695180176e-01	2.332808897e+00	9.908477731e-01	-5.050996452e+05	-1.288758247e+01

19	1.475644959e-01	1.398906001e+00	1.792216313e-02	4.102064075e-01	8.762385729e-01	1.629712074e+00	3.173154637e-01	4.283207162e-01	-2.239592883e-01	5.915653704e+00	1.029702874e+00	1.172367363e-01	-8.517778334e+04	-1.506777010e+01

20	1.585351770e+00	2.027130017e-01	3.128816139e+00	8.247532766e-01	2.568682075e-01	1.881423782e+00	5.307179435e-01	9.229018473e-01	8.081594176e-01	3.373789961e+00	4.955760098e-01	-1.118238821e+00	-5.301852385e+05	-1.611888740e+01

21	9.680856244e-01	8.978379996e-01	9.970660910e-01	1.208988114e+00	3.118405350e+00	-5.277701080e-01	5.559268646e-01	1.913949721e+00	1.281450522e-01	8.351702499e-01	4.682719362e-01	-1.976520856e-02	-6.959989566e+05	-1.343714223e+01

22	4.609797340e-01	9.562836164e-01	1.369228668e+00	7.145635272e-01	1.558440957e+00	-1.413831219e-01	4.576850835e-01	9.736765258e-01	-2.120326687e-01	6.332195188e-01	1.125557304e+00	-7.755987344e-01	-2.271681930e+05	-1.105652323e+01

23	7.193849842e-01	6.711144564e-01	1.130872506e+00	6.367508364e-01	9.184280705e-01	-1.601068200e+00	1.365973545e+00	3.054171217e+00	-3.165009877e-01	1.056300720e+00	6.728835730e-01	-4.140937326e-02	-3.874299190e+05	-1.384837398e+01

24	5.740253660e-01	6.265080246e-01	4.131234906e+00	6.524518093e-01	9.127016813e-01	8.277952752e-01	4.000579492e-01	1.347095415e+00	-2.075481321e-01	1.763012738e+00	7.859164634e-01	-5.835006932e-01	-2.690663971e+05	-1.300489279e+01
0	4.643980424e-01	8.078728278e-01	3.319464380e+00	6.542256429e-01	2.114233514e+00	1.109254001e+00	1.526871285e+00	2.328154485e+00	1.511847354e+00	4.121026166e-01	1.865227633e+00	-2.039375024e+00	-1.710216746e+05	-1.870697260e+01

1	1.007263231e-01	4.889235240e-01	2.360846087e+00	5.158050665e-01	2.734600204e+00	7.509565724e-02	1.144614748e+00	2.141027109e+00	5.408349951e-01	7.091260203e-01	2.325353707e+00	-9.713412881e-01	-1.449730463e+04	-1.475956543e+01

2	2.469451629e-01	7.763595873e-01	9.879472957e-01	5.725678250e-01	1.402161044e+00	8.137697440e-01	6.569968179e-01	1.393613305e+00	-5.816547454e-01	1.812235994e+00	1.127287351e+00	-6.546140085e-01	-8.125347387e+04	-1.233402012e+01

3	2.659484945e-02	1.509525902e-01	6.260260163e-01	4.118604576e-01	8.546108840e-01	-5.312643171e-01	3.866456717e-01	9.091928863e-01	-3.801076699e-01	1.385438519e+00	2.172361350e+00	-2.104533590e+00	-6.564927065e+03	-1.207265423e+01

4	1.329442044e-01	1.687081619e-01	1.404640317e+00	4.913483920e-01	2.828531983e+00	5.262697270e-01	1.933964010e+00	1.980315952e+00	4.714696757e-01	5.591990657e+00	1.798539740e+00	-1.205646583e-01	-1.376637117e+04	-1.871144046e+01

5	4.379052739e-01	9.624947157e-03	6.760820757e+00	1.828857468e+00	9.198913783e-01	1.345265100e+00	7.629208507e-01	6.495466716e-01	1.845271192e+00	2.298975324e+00	6.557761888e-01	-2.739834038e-01	-4.352180732e+04	-1.712033050e+01

6	1.687150666e-01	7.830941354e-02	6.684928230e-01	2.190306539e-01	2.552491043e-02	6.721322959e-01	3.417395425e+00	1.592888302e+00	1.393281150e+00	2.123656944e+00	1.390276321e+00	1.369163863e-01	-1.740770779e+04	-1.769586519e+01

7	3.456698947e-01	2.853237422e-01	2.523773027e+00	7.688839631e-01	7.550080861e-01	6.521731192e-01	9.554035848e-01	1.205486795e+00	3.408264308e-01	3.923632276e-01	5.763875250e-01	-2.071713751e-01	-9.001727165e+04	-1.011156429e+01

8	6.658430655e-01	3.872598513e-01	2.977283991e+00	1.474611800e-01	1.288841156e+00	-1.893472905e+00	8.755972009e-01	2.197061044e+00	2.078306365e+00	2.120443630e+00	5.914065974e-01	2.234743397e+00	-2.854149052e+05	-1.940434787e+01

9	1.899209287e-01	3.777533551e-01	1.154797961e+00	4.253067208e-01	1.106142349e+00	2.383349650e-01	1.530587440e+00	1.429077328e+00	9.965726672e-02	4.752284553e-02	1.623926482e+00	-1.243316235e+00	-3.568364917e+04	-1.124549993e+01

10	7.082636389e-01	3.050235252e-01	1.203186075e+00	1.097126057e+00	2.390470648e+00	-1.042779450e+00	6.523696464e-01	1.766834777e+00	4.125944121e-01	1.045921202e+00	7.544589997e-01	5.305069057e-02	-3.097851772e+05	-1.294546908e+01

11	3.586284568e+00	2.695739299e-01	8.714932194e-01	2.831762901e-01	1.475082451e+00	1.573851049e-01	1.451006956e+00	1.026734941e-01	-8.250367930e-01	9.131400218e-01	1.213026567e+00	9.324134681e-01	-1.991271177e+06	-1.486082850e+01

12	4.606307486e-02	4.537757064e-01	8.050159172e-01	6.885383755e-01	6.173763037e-01	6.795591685e-01	8.220374370e-02	6.443708995e-02	-4.930503843e-01	6.308040573e-02	7.380655627e-01	2.072368183e-01	-1.150206235e+04	-8.643901873e+00

13	7.366135233e-02	6.844060375e-01	1.240716206e+00	6.300853093e-01	2.653380808e+00	-1.586461594e-01	1.247157391e+00	6.004125289e-01	5.699510061e-01	1.203467545e+00	2.068582241e+00	-9.281215523e-01	-1.806085068e+04	-1.329473710e+01

14	7.439937547e-01	7.822331462e-01	2.848843372e+00	1.098696387e+00	1.824228850e+00	-2.942609848e-01	5.973361057e-01	2.432916127e+00	-2.963159043e-01	8.531532894e-01	1.167465775e+00	-3.273141920e-01	-3.974662387e+05	-1.413990112e+01

15	5.134133008e-02	7.701880492e-01	9.536828182e-01	3.369212369e-01	6.159663205e+00	-1.477999138e+00	1.230247186e+00	6.536963748e-01	1.480972186e+00	1.078467839e+00	1.355055376e+00	-1.381391382e+00	-1.342183888e+04	-1.672206280e+01

16	4.083145219e-01	7.587550126e-01	2.279813377e+00	1.066815025e+00	6.962726608e-01	-5.114491328e-02	1.039485780e+00	5.936785148e-01	6.339616965e-01	1.190907685e+00	1.316555797e+00	-7.078547229e-01	-2.121652633e+05	-1.191897802e+01

17	1.245776386e-01	9.219286754e-01	1.312925690e+00	6.368351030e-01	1.300918394e+00	4.792928063e-01	9.138036108e-01	1.093416352e+00	-6.300024559e-01	1.684237182e+00	1.523769180e+00	-6.723717260e-01	-4.087960032e+04	-1.254943436e+01

18	9.104038059e-01	3.880421095e-01	1.611952552e+00	4.679395700e-01	2.678334448e+00	-6.129505933e-01	3.298040601e-01	5.278557194e-01	1.074326804e-01	8.695180176e-01	2.332808897e+00	9.908477731e-01	-5.050996452e+05	-1.288758247e+01

19	1.411949634e-01	1.337324983e+00	1.233118139e-01	4.291572363e-01	1.029406149e+00	1.475577818e+00	3.974562826e-01	4.431528919e-01	-1.555340869e-01	5.509521815e+00	1.119241365e+00	2.713984260e-02	-7.372251221e+04	-1.474103080e+01

20	1.585351770e+00	2.027130017e-01	3.128816139e+00	8.247532766e-01	2.568682075e-01	1.881423782e+00	5.307179435e-01	9.229018473e-01	8.081594176e-01	3.373789961e+00	4.955760098e-01	-1.118238821e+00	-5.301852385e+05	-1.611888740e+01

21	9.680856244e-01	8.978379996e-01	9.970660910e-01	1.208988114e+00	3.118405350e+00	-5.277701080e-01	5.559268646e-01	1.913949721e+00	1.281450522e-01	8.351702499e-01	4.682719362e-01	-1.976520856e-02	-6.959989566e+05	-1.343714223e+01

22	4.058466426e-01	8.386111366e-01	1.325613675e+00	6.557289804e-01	1.466443870e+00	-6.414884067e-02	6.759123560e-01	1.066304596e+00	-1.486352458e-01	5.140893979e-01	1.226925099e+00	-8.707320090e-01	-1.715974742e+05	-1.106515772e+01

23	7.193849842e-01	6.711144564e-01	1.130872506e+00	6.367508364e-01	9.184280705e-01	-1.601068200e+00	1.365973545e+00	3.054171217e+00	-3.165009877e-01	1.056300720e+00	6.728835730e-01	-4.140937326e-02	-3.874299190e+05	-1.384837398e+01

24	5.256662881e-01	5.822014136e-01	4.496098470e+00	5.254871633e-01	6.533557306e-01	1.147040556e+00	3.439287489e-01	1.038159801e+00	-1.822920969e-01	2.021884192e+00	6.773587897e-01	-6.563903820e-01	-2.508321016e+05	-1.289462221e+01
0	3.289234714e-01	5.955773462e-01	2.251042862e+00	5.412373782e-01	1.616666645e+00	6.793916303e-01	1.528705480e+00	1.884394018e+00	8.148280518e-01	2.321557809e-01	1.746127831e+00	-1.646461672e+00	-9.137243849e+04	-1.464247726e+01

1	1.007263231e-01	4.889235240e-01	2.360846087e+00	5.158050665e-01	2.734600204e+00	7.509565724e-02	1.144614748e+00	2.141027109e+00	5.408349951e-01	7.091260203e-01	2.325353707e+00	-9.713412881e-01	-1.449730463e+04	-1.475956543e+01

2	2.469451629e-01	7.763595873e-01	9.879472957e-01	5.725678250e-01	1.402161044e+00	8.137697440e-01	6.569968179e-01	1.393613305e+00	-5.816547454e-01	1.812235994e+00	1.127287351e+00	-6.546140085e-01	-8.125347387e+04	-1.233402012e+01

3	2.573045832e-02	1.322089862e-01	6.158145069e-01	4.092228980e-01	7.383675563e-01	-5.288152230e-01	3.723369567e-01	9.281969382e-01	-4.204220017e-01	1.413084563e+00	2.213299760e+00	-2.157081830e+00	-6.530265460e+03	-1.212453070e+01

4	1.329442044e-01	1.687081619e-01	1.404640317e+00	4.913483920e-01	2.828531983e+00	5.262697270e-01	1.933964010e+00	1.980315952e+00	4.714696757e-01	5.591990657e+00	1.798539740e+00	-1.205646583e-01	-1.376637117e+04	-1.871144046e+01

5	4.379052739e-01	9.624947157e-03	6.760820757e+00	1.828857468e+00	9.198913783e-01	1.345265100e+00	7.629208507e-01	6.495466716e-01	1.845271192e+00	2.298975324e+00	6.557761888e-01	-2.739834038e-01	-4.352180732e+04	-1.712033050e+01

6	1.687150666e-01	7.830941354e-02	6.684928230e-01	2.190306539e-01	2.552491043e-02	6.721322959e-01	3.417395425e+00	1.592888302e+00	1.393281150e+00	2.123656944e+00	1.390276321e+00	1.369163863e-01	-1.740770779e+04	-1.769586519e+01

7	3.456698947e-01	2.853237422e-01	2.523773027e+00	7.688839631e-01	7.550080861e-01	6.521731192e-01	9.554035848e-01	1.205486795e+00	3.408264308e-01	3.923632276e-01	5.763875250e-01	-2.071713751e-01	-9.001727165e+04	-1.011156429e+01

8	6.658430655e-01	3.872598513e-01	2.977283991e+00	1.474611800e-01	1.288841156e+00	-1.893472905e+00	8.755972009e-01	2.197061044e+00	2.078306365e+00	2.120443630e+00	5.914065974e-01	2.234743397e+00	-2.854149052e+05	-1.940434787e+01

9	1.899209287e-01	3.777533551e-01	1.154797961e+00	4.253067208e-01	1.106142349e+00	2.383349650e-01	1.530587440e+00	1.429077328e+00	9.965726672e-02	4.752284553e-02	1.623926482e+00	-1.243316235e+00	-3.568364917e+04	-1.124549993e+01

10	7.082636389e-01	3.050235252e-01	1.203186075e+00	1.097126057e+00	2.390470648e+00	-1.042779450e+00	6.523696464e-01	1.766834777e+00	4.125944121e-01	1.045921202e+00	7.544589997e-01	5.305069057e-02	-3.097851772e+05	-1.294546908e+01

11	3.586284568e+00	2.695739299e-01	8.714932194e-01	2.831762901e-01	1.475082451e+00	1.573851049e-01	1.451006956e+00	1.026734941e-01	-8.250367930e-01	9.131400218e-01	1.213026567e+00	9.324134681e-01	-1.991271177e+06	-1.486082850e+01

12	4.606307486e-02	4.537757064e-01	8.050159172e-01	6.885383755e-01	6.173763037e-01	6.795591685e-01	8.220374370e-02	6.443708995e-02	-4.930503843e-01	6.308040573e-02	7.380655627e-01	2.072368183e-01	-1.150206235e+04	-8.643901873e+00

13	7.332967260e-02	6.838142838e-01	1.236002981e+00	6.280623490e-01	2.670164579e+00	-1.645619554e-01	1.240564076e+00	5.978679186e-01	5.713516435e-01	1.196145078e+00	2.055494193e+00	-9.254564390e-01	-1.798015808e+04	-1.327397884e+01

14	7.439937547e-01	7.822331462e-01	2.848843372e+00	1.098696387e+00	1.824228850e+00	-2.942609848e-01	5.973361057e-01	2.432916127e+00	-2.963159043e-01	8.531532894e-01	1.167465775e+00	-3.273141920e-01	-3.974662387e+05	-1.413990112e+01

15	4.918179591e-02	6.407317726e-01	8.928575568e-01	4.807811292e-01	3.892103666e+00	-5.952602967e-01	7.605391206e-01	4.126080775e-01	6.733247677e-01	6.630343724e-01	1.102621469e+00	-7.314234009e-01	-1.192918779e+04	-1.174882601e+01

16	4.083145219e-01	7.587550126e-01	2.279813377e+00	1.066815025e+00	6.962726608e-01	-5.114491328e-02	1.039485780e+00	5.936785148e-01	6.339616965e-01	1.190907685e+00	1.316555797e+00	-7.078547229e-01	-2.121652633e+05	-1.191897802e+01

17	1.245776386e-01	9.219286754e-01	1.312925690e+00	6.368351030e-01	1.300918394e+00	4.792928063e-01	9.138036108e-01	1.093416352e+00	-6.300024559e-01	1.684237182e+00	1.523769180e+00	-6.723717260e-01	-4.087960032e+04	-1.254943436e+01

18	9.104038059e-01	3.880421095e-01	1.611952552e+00	4.679395700e-01	2.678334448e+00	-6.129505933e-01	3.298040601e-01	5.278557194e-01	1.074326804e-01	8.695180176e-01	2.332808897e+00	9.908477731e-01	-5.050996452e+05	-1.288758247e+01

19	1.411949634e-01	1.337324983e+00	1.233118139e-01	4.291572363e-01	1.029406149e+00	1.475577818e+00	3.974562826e-01	4.431528919e-01	-1.555340869e-01	5.509521815e+00	1.119241365e+00	2.713984260e-02	-7.372251221e+04	-1.474103080e+01

20	2.150623980e+00	2.810000826e-04	2.399461328e+00	9.843919808e-01	4.536830282e-02	2.273168725e+00	6.303576409e-01	8.614193418e-01	1.336499879e+00	4.094942392e+00	3.986069039e-01	-1.364604457e+00	-3.146608057e+03	-2.076206267e+01

21	9.680856244e-01	8.978379996e-01	9.970660910e-01	1.208988114e+00	3.118405350e+00	-5.277701080e-01	5.559268646e-01	1.913949721e+00	1.281450522e-01	8.351702499e-01	4.682719362e-01	-1.976520856e-02	-6.959989566e+05	-1.343714223e+01

22	4.058466426e-01	8.386111366e-01	1.325613675e+00	6.557289804e-01	1.466443870e+00	-6.414884067e-02	6.759123560e-01	1.066304596e+00	-1.486352458e-01	5.140893979e-01	1.226925099e+00	-8.707320090e-01	-1.715974742e+05	-1.106515772e+01

23	7.193849842e-01	6.711144564e-01	1.130872506e+00	6.367508364e-01	9.184280705e-01	-1.601068200e+00	1.365973545e+00	3.054171217e+00	-3.165009877e-01	1.056300720e+00	6.728835730e-01	-4.140937326e-02	-3.874299190e+05	-1.384837398e+01

24	5.256662881e-01	5.822014136e-01	4.496098470e+00	5.254871633e-01	6.533557306e-01	1.147040556e+00	3.439287489e-01	1.038159801e+00	-1.822920969e-01	2.021884192e+00	6.773587897e-01	-6.563903820e-01	-2.508321016e+05	-1.289462221e+01
0	3.289234714e-01	5.955773462e-01	2.251042862e+00	5.412373782e-01	1.616666645e+00	6.793916303e-01	1.528705480e+00	1.884394018e+00	8.148280518e-01	2.321557809e-01	1.746127831e+00	-1.646461672e+00	-9.137243849e+04	-1.464247726e+01

1	1.007263231e-01	4.889235240e-01	2.360846087e+00	5.158050665e-01	2.734600204e+00	7.509565724e-02	1.144614748e+00	2.141027109e+00	5.408349951e-01	7.091260203e-01	2.325353707e+00	-9.713412881e-01	-1.449730463e+04	-1.475956543e+01

2	2.469451629e-01	7.763595873e-01	9.879472957e-01	5.725678250e-01	1.402161044e+00	8.137697440e-01	6.569968179e-01	1.393613305e+00	-5.816547454e-01	1.812235994e+00	1.127287351e+00	-6.546140085e-01	-8.125347387e+04	-1.233402012e+01

3	2.573045832e-02	1.322089862e-01	6.158145069e-01	4.092228980e-01	7.383675563e-01	-5.288152230e-01	3.723369567e-01	9.281969382e-01	-4.204220017e-01	1.413084563e+00	2.213299760e+00	-2.157081830e+00	-6.530265460e+03	-1.212453070e+01

4	1.119982852e-01	1.615774644e-01	1.250530585e+00	4.753038639e-01	2.420184949e+00	3.201420157e-01	1.628875202e+00	1.774767684e+00	2.972243790e-01	4.775574549e+00	1.879569740e+00	-5.184308429e-01	-1.062363062e+04	-1.701872348e+01

5	4.379052739e-01	9.624947157e-03	6.760820757e+00	1.828857468e+00	9.198913783e-01	1.345265100e+00	7.629208507e-01	6.495466716e-01	1.845271192e+00	2.298975324e+00	6.557761888e-01	-2.739834038e-01	-4.352180732e+04	-1.712033050e+01

6	1.687150666e-01	7.830941354e-02	6.684928230e-01	2.190306539e-01	2.552491043e-02	6.721322959e-01	3.417395425e+00	1.592888302e+00	1.393281150e+00	2.123656944e+00	1.390276321e+00	1.369163863e-01	-1.740770779e+04	-1.769586519e+01

7	3.342590491e-01	2.990022209e-01	2.461004489e+00	7.577958386e-01	8.757445115e-01	6.041635359e-01	9.479038965e-01	1.174971518e+00	3.536231913e-01	4.027804641e-01	5.966405277e-01	-2.273481004e-01	-8.657644317e+04	-1.015272771e+01

8	6.658430655e-01	3.872598513e-01	2.977283991e+00	1.474611800e-01	1.288841156e+00	-1.893472905e+00	8.755972009e-01	2.197061044e+00	2.078306365e+00	2.120443630e+00	5.914065974e-01	2.234743397e+00	-2.854149052e+05	-1.940434787e+01

9	1.899209287e-01	3.777533551e-01	1.154797961e+00	4.253067208e-01	1.106142349e+00	2.383349650e-01	1.530587440e+00	1.429077328e+00	9.965726672e-02	4.752284553e-02	1.623926482e+00	-1.243316235e+00	-3.568364917e+04	-1.124549993e+01

10	7.002232679e-01	3.098202731e-01	1.203601646e+00	1.091186154e+00	2.394012502e+00	-1.031658302e+00	6.598181397e-01	1.752031778e+00	4.146048055e-01	1.047823535e+00	7.709344226e-01	4.065954321e-02	-3.041478730e+05	-1.293993972e+01

11	3.586284568e+00	2.695739299e-01	8.714932194e-01	2.831762901e-01	1.475082451e+00	1.573851049e-01	1.451006956e+00	1.026734941e-01	-8.250367930e-01	9.131400218e-01	1.213026567e+00	9.324134681e-01	-1.991271177e+06	-1.486082850e+01

12	4.606307486e-02	4.537757064e-01	8.050159172e-01	6.885383755e-01	6.173763037e-01	6.795591685e-01	8.220374370e-02	6.443708995e-02	-4.930503843e-01	6.308040573e-02	7.380655627e-01	2.072368183e-01	-1.150206235e+04	-8.643901873e+00

13	5.326319831e-02	7.134078139e-01	1.141795645e+00	6.180853439e-01	2.808162395e+00	-2.236799072e-01	1.263070771e+00	5.534864285e-01	5.880958002e-01	1.257157873e+00	2.167685660e+00	-9.791436597e-01	-1.259253967e+04	-1.353594717e+01

14	7.439937547e-01	7.822331462e-01	2.848843372e+00	1.098696387e+00	1.824228850e+00	-2.942609848e-01	5.973361057e-01	2.432916127e+00	-2.963159043e-01	8.531532894e-01	1.167465775e+00	-3.273141920e-01	-3.974662387e+05	-1.413990112e+01

15	4.918179591e-02	6.407317726e-01	8.928575568e-01	4.807811292e-01	3.892103666e+00	-5.952602967e-01	7.605391206e-01	4.126080775e-01	6.733247677e-01	6.630343724e-01	1.102621469e+00	-7.314234009e-01	-1.192918779e+04	-1.174882601e+01

16	4.083145219e-01	7.587550126e-01	2.279813377e+00	1.066815025e+00	6.962726608e-01	-5.114491328e-02	1.039485780e+00	5.936785148e-01	6.339616965e-01	1.190907685e+00	1.316555797e+00	-7.078547229e-01	-2.121652633e+05	-1.191897802e+01

17	1.245776386e-01	9.219286754e-01	1.312925690e+00	6.368351030e-01	1.300918394e+00	4.792928063e-01	9.138036108e-01	1.093416352e+00	-6.300024559e-01	1.684237182e+00	1.523769180e+00	-6.723717260e-01	-4.087960032e+04	-1.254943436e+01

18	7.095760067e-01	4.590027000e-01	1.521756090e+00	5.063556482e-01	2.676374362e+00	-5.053748127e-01	5.483103098e-01	5.446527930e-01	2.187344404e-01	9.478812008e-01	2.266276556e+00	5.310949960e-01	-3.298655720e+05	-1.260779100e+01

19	1.331900482e-01	1.260241430e+00	2.545570842e-01	4.526186927e-01	1.222938541e+00	1.282118398e+00	4.969033832e-01	4.614019947e-01	-6.979572837e-02	5.000746054e+00	1.229675203e+00	-8.522175445e-02	-6.456306224e+04	-1.438022062e+01

20	2.150623980e+00	2.810000826e-04	2.399461328e+00	9.843919808e-01	4.536830282e-02	2.273168725e+00	6.303576409e-01	8.614193418e-01	1.336499879e+00	4.094942392e+00	3.986069039e-01	-1.364604457e+00	-3.146608057e+03	-2.076206267e+01

21	5.523037749e-01	7.018186375e-01	1.650814737e+00	8.767002963e-01	2.934422526e+00	-2.387772506e-01	8.381233393e-01	2.022802714e+00	3.259742419e-01	7.747490348e-01	1.358492277e+00	-4.759176493e-01	-2.259373514e+05	-1.391813899e+01

22	4.058466426e-01	8.386111366e-01	1.325613675e+00	6.557289804e-01	1.466443870e+00	-6.414884067e-02	6.759123560e-01	1.066304596e+00	-1.486352458e-01	5.140893979e-01	1.226925099e+00	-8.707320090e-01	-1.715974742e+05	-1.106515772e+01

23	7.193849842e-01	6.711144564e-01	1.130872506e+00	6.367508364e-01	9.184280705e-01	-1.601068200e+00	1.365973545e+00	3.054171217e+00	-3.165009877e-01	1.056300720e+00	6.728835730e-01	-4.140937326e-02	-3.874299190e+05	-1.384837398e+01

24	4.718379370e-01	5.942934112e-01	4.108144989e+00	5.376936771e-01	8.933572937e-01	9.909590055e-01	4.506289354e-01	9.857647814e-01	-9.260800221e-02	1.923620701e+00	8.413577979e-01	-6.884094176e-01	-2.022538710e+05	-1.283004358e+01
0	3.289234714e-01	5.955773462e-01	2.251042862e+00	5.412373782e-01	1.616666645e+00	6.793916303e-01	1.528705480e+00	1.884394018e+00	8.148280518e-01	2.321557809e-01	1.746127831e+00	-1.646461672e+00	-9.137243849e+04	-1.464247726e+01

1	1.007263231e-01	4.889235240e-01	2.360846087e+00	5.158050665e-01	2.734600204e+00	7.509565724e-02	1.144614748e+00	2.141027109e+00	5.408349951e-01	7.091260203e-01	2.325353707e+00	-9.713412881e-01	-1.449730463e+04	-1.475956543e+01

2	2.469451629e-01	7.763595873e-01	9.879472957e-01	5.725678250e-01	1.402161044e+00	8.137697440e-01	6.569968179e-01	1.393613305e+00	-5.816547454e-01	1.812235994e+00	1.127287351e+00	-6.546140085e-01	-8.125347387e+04	-1.233402012e+01

3	2.516138608e-02	1.201962291e-01	6.049430403e-01	4.049059350e-01	6.955871145e-01	-5.351220431e-01	3.539264430e-01	9.359418030e-01	-4.412669842e-01	1.416307401e+00	2.214242555e+00	-2.181428550e+00	-6.415542612e+03	-1.212017507e+01

4	1.119982852e-01	1.615774644e-01	1.250530585e+00	4.753038639e-01	2.420184949e+00	3.201420157e-01	1.628875202e+00	1.774767684e+00	2.972243790e-01	4.775574549e+00	1.879569740e+00	-5.184308429e-01	-1.062363062e+04	-1.701872348e+01

5	4.379052739e-01	9.624947157e-03	6.760820757e+00	1.828857468e+00	9.198913783e-01	1.345265100e+00	7.629208507e-01	6.495466716e-01	1.845271192e+00	2.298975324e+00	6.557761888e-01	-2.739834038e-01	-4.352180732e+04	-1.712033050e+01

6	1.600837342e-01	6.361692464e-02	5.705497637e-01	2.099568203e-01	8.136447288e-04	6.630538013e-01	3.501873207e+00	1.610175961e+00	1.435591396e+00	2.129352915e+00	1.405906611e+00	1.604172900e-01	-1.579025516e+04	-3.291773663e+01

7	3.342590491e-01	2.990022209e-01	2.461004489e+00	7.577958386e-01	8.757445115e-01	6.041635359e-01	9.479038965e-01	1.174971518e+00	3.536231913e-01	4.027804641e-01	5.966405277e-01	-2.273481004e-01	-8.657644317e+04	-1.015272771e+01

8	6.658430655e-01	3.872598513e-01	2.977283991e+00	1.474611800e-01	1.288841156e+00	-1.893472905e+00	8.755972009e-01	2.197061044e+00	2.078306365e+00	2.120443630e+00	5.914065974e-01	2.234743397e+00	-2.854149052e+05	-1.940434787e+01

9	1.899209287e-01	3.777533551e-01	1.154797961e+00	4.253067208e-01	1.106142349e+00	2.383349650e-01	1.530587440e+00	1.429077328e+00	9.965726672e-02	4.752284553e-02	1.623926482e+00	-1.243316235e+00	-3.568364917e+04	-1.124549993e+01

10	7.002232679e-01	3.098202731e-01	1.203601646e+00	1.091186154e+00	2.394012502e+00	-1.031658302e+00	6.598181397e-01	1.752031778e+00	4.146048055e-01	1.047823535e+00	7.709344226e-01	4.065954321e-02	-3.041478730e+05	-1.293993972e+01

11	3.586284568e+00	2.695739299e-01	8.714932194e-01	2.831762901e-01	1.475082451e+00	1.573851049e-01	1.451006956e+00	1.026734941e-01	-8.250367930e-01	9.131400218e-01	1.213026567e+00	9.324134681e-01	-1.991271177e+06	-1.486082850e+01

12	4.606307486e-02	4.537757064e-01	8.050159172e-01	6.885383755e-01	6.173763037e-01	6.795591685e-01	8.220374370e-02	6.443708995e-02	-4.930503843e-01	6.308040573e-02	7.380655627e-01	2.072368183e-01	-1.150206235e+04	-8.643901873e+00

13	5.326319831e-02	7.134078139e-01	1.141795645e+00	6.180853439e-01	2.808162395e+00	-2.236799072e-01	1.263070771e+00	5.534864285e-01	5.880958002e-01	1.257157873e+00	2.167685660e+00	-9.791436597e-01	-1.259253967e+04	-1.353594717e+01

14	5.807806695e-01	7.659703724e-01	2.445484170e+00	9.851325521e-01	2.056723023e+00	-2.775833450e-01	7.546428988e-01	1.988824699e+00	-8.733779914e-02	9.486157443e-01	1.403808256e+00	-4.813353186e-01	-2.548472257e+05	-1.395916834e+01

15	4.918179591e-02	6.407317726e-01	8.928575568e-01	4.807811292e-01	3.892103666e+00	-5.952602967e-01	7.605391206e-01	4.126080775e-01	6.733247677e-01	6.630343724e-01	1.102621469e+00	-7.314234009e-01	-1.192918779e+04	-1.174882601e+01

16	3.553625622e-01	6.663769161e-01	2.007040856e+00	9.112741901e-01	7.956501329e-01	1.904270821e-02	1.158558849e+00	7.962302640e-01	5.044136349e-01	9.136812927e-01	1.391081243e+00	-8.376833320e-01	-1.442827861e+05	-1.168148920e+01

17	1.245776386e-01	9.219286754e-01	1.312925690e+00	6.368351030e-01	1.300918394e+00	4.792928063e-01	9.138036108e-01	1.093416352e+00	-6.300024559e-01	1.684237182e+00	1.523769180e+00	-6.723717260e-01	-4.087960032e+04	-1.254943436e+01

18	5.245034014e-01	6.054559570e-01	1.455689605e+00	5.476346909e-01	2.241229183e+00	-1.938611204e-01	6.639393460e-01	7.182619979e-01	-4.977562254e-02	1.180837953e+00	2.031373722e+00	1.503610763e-01	-2.090538003e+05	-1.227810411e+01

19	1.331900482e-01	1.260241430e+00	2.545570842e-01	4.526186927e-01	1.222938541e+00	1.282118398e+00	4.969033832e-01	4.614019947e-01	-6.979572837e-02	5.000746054e+00	1.229675203e+00	-8.522175445e-02	-6.456306224e+04	-1.438022062e+01

20	2.150623980e+00	2.810000826e-04	2.399461328e+00	9.843919808e-01	4.536830282e-02	2.273168725e+00	6.303576409e-01	8.614193418e-01	1.336499879e+00	4.094942392e+00	3.986069039e-01	-1.364604457e+00	-3.146608057e+03	-2.076206267e+01

21	5.523037749e-01	7.018186375e-01	1.650814737e+00	8.767002963e-01	2.934422526e+00	-2.387772506e-01	8.381233393e-01	2.022802714e+00	3.259742419e-01	7.747490348e-01	1.358492277e+00	-4.759176493e-01	-2.259373514e+05	-1.391813899e+01

22	4.058466426e-01	8.386111366e-01	1.325613675e+00	6.557289804e-01	1.466443870e+00	-6.414884067e-02	6.759123560e-01	1.066304596e+00	-1.486352458e-01	5.140893979e-01	1.226925099e+00	-8.707320090e-01	-1.715974742e+05	-1.106515772e+01

23	4.651837106e-01	6.595906125e-01	1.040595849e+00	5.775931079e-01	2.046313071e+00	-1.219575461e+00	1.136338407e+00	2.052253103e+00	5.892988462e-02	9.071387821e-01	8.358787994e-01	-3.031246973e-01	-1.786125038e+05	-1.299862237e+01

24	4.718379370e-01	5.942934112e-01	4.108144989e+00	5.376936771e-01	8.933572937e-01	9.909590055e-01	4.506289354e-01	9.857647814e-01	-9.260800221e-02	1.923620701e+00	8.413577979e-01	-6.884094176e-01	-2.022538710e+05	-1.283004358e+01
0	3.099005242e-01	5.657674290e-01	2.101018204e+00	5.253718931e-01	1.546799745e+00	6.190316000e-01	1.528963033e+00	1.822082458e+00	7.169546183e-01	2.068881669e-01	1.729404181e+00	-1.591289916e+00	-8.221426577e+04	-1.413128971e+01

1	1.007263231e-01	4.889235240e-01	2.360846087e+00	5.158050665e-01	2.734600204e+00	7.509565724e-02	1.144614748e+00	2.141027109e+00	5.408349951e-01	7.091260203e-01	2.325353707e+00	-9.713412881e-01	-1.449730463e+04	-1.475956543e+01

2	2.469451629e-01	7.763595873e-01	9.879472957e-01	5.725678250e-01	1.402161044e+00	8.137697440e-01	6.569968179e-01	1.393613305e+00	-5.816547454e-01	1.812235994e+00	1.127287351e+00	-6.546140085e-01	-8.125347387e+04	-1.233402012e+01

3	4.715955331e-02	1.109713600e-01	5.993354515e-01	3.731208135e-01	5.823090461e-01	-3.397676561e-01	8.671776600e-01	1.045871077e+00	-1.352580458e-01	1.532564602e+00	2.082448900e+00	-1.799606582e+00	-5.812426506e+03	-1.169800188e+01

4	1.119982852e-01	1.615774644e-01	1.250530585e+00	4.753038639e-01	2.420184949e+00	3.201420157e-01	1.628875202e+00	1.774767684e+00	2.972243790e-01	4.775574549e+00	1.879569740e+00	-5.184308429e-01	-1.062363062e+04	-1.701872348e+01

5	4.379052739e-01	9.624947157e-03	6.760820757e+00	1.828857468e+00	9.198913783e-01	1.345265100e+00	7.629208507e-01	6.495466716e-01	1.845271192e+00	2.298975324e+00	6.557761888e-01	-2.739834038e-01	-4.352180732e+04	-1.712033050e+01

6	1.600837342e-01	6.361692464e-02	5.705497637e-01	2.099568203e-01	8.136447288e-04	6.630538013e-01	3.501873207e+00	1.610175961e+00	1.435591396e+00	2.129352915e+00	1.405906611e+00	1.604172900e-01	-1.579025516e+04	-3.291773663e+01

7	3.250160564e-01	4.002279268e-01	2.324405470e+00	6.696011369e-01	1.130380565e+00	6.098053147e-01	1.168390375e+00	1.420521761e+00	4.914915454e-01	3.284479220e-01	1.026474693e+00	-7.449042467e-01	-8.629221015e+04	-1.144109724e+01

8	6.658430655e-01	3.872598513e-01	2.977283991e+00	1.474611800e-01	1.288841156e+00	-1.893472905e+00	8.755972009e-01	2.197061044e+00	2.078306365e+00	2.120443630e+00	5.914065974e-01	2.234743397e+00	-2.854149052e+05	-1.940434787e+01

9	1.899209287e-01	3.777533551e-01	1.154797961e+00	4.253067208e-01	1.106142349e+00	2.383349650e-01	1.530587440e+00	1.429077328e+00	9.965726672e-02	4.752284553e-02	1.623926482e+00	-1.243316235e+00	-3.568364917e+04	-1.124549993e+01

10	7.002232679e-01	3.098202731e-01	1.203601646e+00	1.091186154e+00	2.394012502e+00	-1.031658302e+00	6.598181397e-01	1.752031778e+00	4.146048055e-01	1.047823535e+00	7.709344226e-01	4.065954321e-02	-3.041478730e+05	-1.293993972e+01

11	3.586284568e+00	2.695739299e-01	8.714932194e-01	2.831762901e-01	1.475082451e+00	1.573851049e-01	1.451006956e+00	1.026734941e-01	-8.250367930e-01	9.131400218e-01	1.213026567e+00	9.324134681e-01	-1.991271177e+06	-1.486082850e+01

12	4.606307486e-02	4.537757064e-01	8.050159172e-01	6.885383755e-01	6.173763037e-01	6.795591685e-01	8.220374370e-02	6.443708995e-02	-4.930503843e-01	6.308040573e-02	7.380655627e-01	2.072368183e-01	-1.150206235e+04	-8.643901873e+00

13	5.326319831e-02	7.134078139e-01	1.141795645e+00	6.180853439e-01	2.808162395e+00	-2.236799072e-01	1.263070771e+00	5.534864285e-01	5.880958002e-01	1.257157873e+00	2.167685660e+00	-9.791436597e-01	-1.259253967e+04	-1.353594717e+01

14	3.977057744e-01	8.285566509e-01	1.990986916e+00	8.453603133e-01	1.753417600e+00	2.615208120e-02	8.185143084e-01	1.629496114e+00	-3.051098620e-01	1.243821625e+00	1.451948737e+00	-5.579984880e-01	-1.470390636e+05	-1.331446110e+01

15	4.918179591e-02	6.407317726e-01	8.928575568e-01	4.807811292e-01	3.892103666e+00	-5.952602967e-01	7.605391206e-01	4.126080775e-01	6.733247677e-01	6.630343724e-01	1.102621469e+00	-7.314234009e-01	-1.192918779e+04	-1.174882601e+01

16	3.553625622e-01	6.663769161e-01	2.007040856e+00	9.112741901e-01	7.956501329e-01	1.904270821e-02	1.158558849e+00	7.962302640e-01	5.044136349e-01	9.136812927e-01	1.391081243e+00	-8.376833320e-01	-1.442827861e+05	-1.168148920e+01

17	1.245776386e-01	9.219286754e-01	1.312925690e+00	6.368351030e-01	1.300918394e+00	4.792928063e-01	9.138036108e-01	1.093416352e+00	-6.300024559e-01	1.684237182e+00	1.523769180e+00	-6.723717260e-01	-4.087960032e+04	-1.254943436e+01

18	5.245034014e-01	6.054559570e-01	1.455689605e+00	5.476346909e-01	2.241229183e+00	-1.938611204e-01	6.639393460e-01	7.182619979e-01	-4.977562254e-02	1.180837953e+00	2.031373722e+00	1.503610763e-01	-2.090538003e+05	-1.227810411e+01

19	1.210348240e-01	1.311946290e+00	1.761911802e-01	4.398016111e-01	1.203787845e+00	1.332163469e+00	4.797967099e-01	3.617911996e-01	-1.510138697e-02	5.341452092e+00	1.240615786e+00	-2.437973878e-02	-5.801725662e+04	-1.471266461e+01

20	2.150623980e+00	2.810000826e-04	2.399461328e+00	9.843919808e-01	4.536830282e-02	2.273168725e+00	6.303576409e-01	8.614193418e-01	1.336499879e+00	4.094942392e+00	3.986069039e-01	-1.364604457e+00	-3.146608057e+03	-2.076206267e+01

21	5.523037749e-01	7.018186375e-01	1.650814737e+00	8.767002963e-01	2.934422526e+00	-2.387772506e-01	8.381233393e-01	2.022802714e+00	3.259742419e-01	7.747490348e-01	1.358492277e+00	-4.759176493e-01	-2.259373514e+05	-1.391813899e+01

22	2.425678812e-01	5.304775952e-01	1.016512636e+00	5.481490953e-01	1.135817626e+00	-2.661527791e-01	5.378101833e-01	1.010391017e+00	-2.741471929e-01	9.010574654e-01	1.650392960e+00	-1.432899584e+00	-6.529437928e+04	-1.129335250e+01

23	4.651837106e-01	6.595906125e-01	1.040595849e+00	5.775931079e-01	2.046313071e+00	-1.219575461e+00	1.136338407e+00	2.052253103e+00	5.892988462e-02	9.071387821e-01	8.358787994e-01	-3.031246973e-01	-1.786125038e+05	-1.299862237e+01

24	4.718379370e-01	5.942934112e-01	4.108144989e+00	5.376936771e-01	8.933572937e-01	9.909590055e-01	4.506289354e-01	9.857647814e-01	-9.260800221e-02	1.923620701e+00	8.413577979e-01	-6.884094176e-01	-2.022538710e+05	-1.283004358e+01
0	3.099005242e-01	5.657674290e-01	2.101018204e+00	5.253718931e-01	1.546799745e+00	6.190316000e-01	1.528963033e+00	1.822082458e+00	7.169546183e-01	2.068881669e-01	1.729404181e+00	-1.591289916e+00	-8.221426577e+04	-1.413128971e+01

1	1.007263231e-01	4.889235240e-01	2.360846087e+00	5.158050665e-01	2.734600204e+00	7.509565724e-02	1.144614748e+00	2.141027109e+00	5.408349951e-01	7.091260203e-01	2.325353707e+00	-9.713412881e-01	-1.449730463e+04	-1.475956543e+01

2	2.444559328e-01	7.927440182e-01	9.364351228e-01	5.699558188e-01	1.415768602e+00	8.180518386e-01	6.360317940e-01	1.393792857e+00	-6.260012879e-01	1.872502325e+00	1.133431303e+00	-6.502066008e-01	-8.115195485e+04	-1.240230334e+01

3	4.715955331e-02	1.109713600e-01	5.993354515e-01	3.731208135e-01	5.823090461e-01	-3.397676561e-01	8.671776600e-01	1.045871077e+00	-1.352580458e-01	1.532564602e+00	2.082448900e+00	-1.799606582e+00	-5.812426506e+03	-1.169800188e+01

4	1.119982852e-01	1.615774644e-01	1.250530585e+00	4.753038639e-01	2.420184949e+00	3.201420157e-01	1.628875202e+00	1.774767684e+00	2.972243790e-01	4.775574549e+00	1.879569740e+00	-5.184308429e-01	-1.062363062e+04	-1.701872348e+01

5	4.379052739e-01	9.624947157e-03	6.760820757e+00	1.828857468e+00	9.198913783e-01	1.345265100e+00	7.629208507e-01	6.495466716e-01	1.845271192e+00	2.298975324e+00	6.557761888e-01	-2.739834038e-01	-4.352180732e+04	-1.712033050e+01

6	1.600837342e-01	6.361692464e-02	5.705497637e-01	2.099568203e-01	8.136447288e-04	6.630538013e-01	3.501873207e+00	1.610175961e+00	1.435591396e+00	2.129352915e+00	1.405906611e+00	1.604172900e-01	-1.579025516e+04	-3.291773663e+01

7	3.139744243e-01	3.351644173e-01	2.375052041e+00	6.429031635e-01	1.035740691e+00	6.984627536e-01	1.221536857e+00	1.388778373e+00	6.124959991e-01	1.894018522e-01	9.618448114e-01	-7.732953956e-01	-7.698357630e+04	-1.123796160e+01

8	6.658430655e-01	3.872598513e-01	2.977283991e+00	1.474611800e-01	1.288841156e+00	-1.893472905e+00	8.755972009e-01	2.197061044e+00	2.078306365e+00	2.120443630e+00	5.914065974e-01	2.234743397e+00	-2.854149052e+05	-1.940434787e+01

9	1.899209287e-01	3.777533551e-01	1.154797961e+00	4.253067208e-01	1.106142349e+00	2.383349650e-01	1.530587440e+00	1.429077328e+00	9.965726672e-02	4.752284553e-02	1.623926482e+00	-1.243316235e+00	-3.568364917e+04	-1.124549993e+01

10	3.964212013e-01	4.993385057e-01	1.174578540e+00	8.690256057e-01	2.588490645e+00	-6.522446138e-01	9.430958949e-01	1.189214115e+00	4.960733925e-01	1.146123581e+00	1.426826389e+00	-4.382236756e-01	-1.206901002e+05	-1.304618140e+01

11	3.586284568e+00	2.695739299e-01	8.714932194e-01	2.831762901e-01	1.475082451e+00	1.573851049e-01	1.451006956e+00	1.026734941e-01	-8.250367930e-01	9.131400218e-01	1.213026567e+00	9.324134681e-01	-1.991271177e+06	-1.486082850e+01

12	4.606307486e-02	4.537757064e-01	8.050159172e-01	6.885383755e-01	6.173763037e-01	6.795591685e-01	8.220374370e-02	6.443708995e-02	-4.930503843e-01	6.308040573e-02	7.380655627e-01	2.072368183e-01	-1.150206235e+04	-8.643901873e+00

13	5.326319831e-02	7.134078139e-01	1.141795645e+00	6.180853439e-01	2.808162395e+00	-2.236799072e-01	1.263070771e+00	5.534864285e-01	5.880958002e-01	1.257157873e+00	2.167685660e+00	-9.791436597e-01	-1.259253967e+04	-1.353594717e+01

14	3.977057744e-01	8.285566509e-01	1.990986916e+00	8.453603133e-01	1.753417600e+00	2.615208120e-02	8.185143084e-01	1.629496114e+00	-3.051098620e-01	1.243821625e+00	1.451948737e+00	-5.579984880e-01	-1.470390636e+05	-1.331446110e+01

15	4.918179591e-02	6.407317726e-01	8.928575568e-01	4.807811292e-01	3.892103666e+00	-5.952602967e-01	7.605391206e-01	4.126080775e-01	6.733247677e-01	6.630343724e-01	1.102621469e+00	-7.314234009e-01	-1.192918779e+04	-1.174882601e+01

16	3.553625622e-01	6.663769161e-01	2.007040856e+00	9.112741901e-01	7.956501329e-01	1.904270821e-02	1.158558849e+00	7.962302640e-01	5.044136349e-01	9.136812927e-01	1.391081243e+00	-8.376833320e-01	-1.442827861e+05	-1.168148920e+01

17	1.529933983e-01	6.852837944e-01	1.244160871e+00	5.448480045e-01	1.216216364e+00	3.745077534e-01	1.182023669e+00	1.239384845e+00	-3.126961912e-01	9.724811453e-01	1.567324468e+00	-9.206576927e-01	-4.077126678e+04	-1.187254853e+01

18	5.245034014e-01	6.054559570e-01	1.455689605e+00	5.476346909e-01	2.241229183e+00	-1.938611204e-01	6.639393460e-01	7.182619979e-01	-4.977562254e-02	1.180837953e+00	2.031373722e+00	1.503610763e-01	-2.090538003e+05	-1.227810411e+01

19	1.210348240e-01	1.311946290e+00	1.761911802e-01	4.398016111e-01	1.203787845e+00	1.332163469e+00	4.797967099e-01	3.617911996e-01	-1.510138697e-02	5.341452092e+00	1.240615786e+00	-2.437973878e-02	-5.801725662e+04	-1.471266461e+01

20	2.150623980e+00	2.810000826e-04	2.399461328e+00	9.843919808e-01	4.536830282e-02	2.273168725e+00	6.303576409e-01	8.614193418e-01	1.336499879e+00	4.094942392e+00	3.986069039e-01	-1.364604457e+00	-3.146608057e+03	-2.076206267e+01

21	4.518027003e-01	6.454114210e-01	1.837470370e+00	7.310385449e-01	2.359110189e+00	1.168727294e-01	1.124547434e+00	1.939583527e+00	4.880758137e-01	5.393123100e-01	1.512273404e+00	-9.383541512e-01	-1.561351612e+05	-1.378850831e+01

22	2.402608973e-01	5.292684777e-01	9.793547757e-01	5.489294989e-01	1.121736356e+00	-2.964813990e-01	5.038508199e-01	9.825804476e-01	-3.081048076e-01	9.248414332e-01	1.647685839e+00	-1.427472738e+00	-6.500848541e+04	-1.122596458e+01

23	4.651837106e-01	6.595906125e-01	1.040595849e+00	5.775931079e-01	2.046313071e+00	-1.219575461e+00	1.136338407e+00	2.052253103e+00	5.892988462e-02	9.071387821e-01	8.358787994e-01	-3.031246973e-01	-1.786125038e+05	-1.299862237e+01

24	4.718379370e-01	5.942934112e-01	4.108144989e+00	5.376936771e-01	8.933572937e-01	9.909590055e-01	4.506289354e-01	9.857647814e-01	-9.260800221e-02	1.923620701e+00	8.413577979e-01	-6.884094176e-01	-2.022538710e+05	-1.283004358e+01
0	2.339260403e-01	4.342580702e-01	1.666789878e+00	4.813467943e-01	1.267906496e+00	3.417840951e-01	1.337600407e+00	1.597632274e+00	4.705278159e-01	5.902223023e-01	1.831491002e+00	-1.651527004e+00	-4.941138805e+04	-1.326891404e+01

1	4.251802748e-02	5.716663916e-01	1.601264191e+00	2.891285726e-01	3.047879273e+00	-1.441778124e-01	1.210507804e+00	2.398506213e+00	3.156459445e-01	4.346651795e-01	2.613578288e+00	-1.091728441e+00	-6.687651640e+03	-1.460963947e+01

2	2.444559328e-01	7.927440182e-01	9.364351228e-01	5.699558188e-01	1.415768602e+00	8.180518386e-01	6.360317940e-01	1.393792857e+00	-6.260012879e-01	1.872502325e+00	1.133431303e+00	-6.502066008e-01	-8.115195485e+04	-1.240230334e+01

3	4.715955331e-02	1.109713600e-01	5.993354515e-01	3.731208135e-01	5.823090461e-01	-3.397676561e-01	8.671776600e-01	1.045871077e+00	-1.352580458e-01	1.532564602e+00	2.082448900e+00	-1.799606582e+00	-5.812426506e+03	-1.169800188e+01

4	1.119982852e-01	1.615774644e-01	1.250530585e+00	4.753038639e-01	2.420184949e+00	3.201420157e-01	1.628875202e+00	1.774767684e+00	2.972243790e-01	4.775574549e+00	1.879569740e+00	-5.184308429e-01	-1.062363062e+04	-1.701872348e+01

5	4.379052739e-01	9.624947157e-03	6.760820757e+00	1.828857468e+00	9.198913783e-01	1.345265100e+00	7.629208507e-01	6.495466716e-01	1.845271192e+00	2.298975324e+00	6.557761888e-01	-2.739834038e-01	-4.352180732e+04	-1.712033050e+01

6	1.600837342e-01	6.361692464e-02	5.705497637e-01	2.099568203e-01	8.136447288e-04	6.630538013e-01	3.501873207e+00	1.610175961e+00	1.435591396e+00	2.129352915e+00	1.405906611e+00	1.604172900e-01	-1.579025516e+04	-3.291773663e+01

7	3.139744243e-01	3.351644173e-01	2.375052041e+00	6.429031635e-01	1.035740691e+00	6.984627536e-01	1.221536857e+00	1.388778373e+00	6.124959991e-01	1.894018522e-01	9.618448114e-01	-7.732953956e-01	-7.698357630e+04	-1.123796160e+01

8	6.658430655e-01	3.872598513e-01	2.977283991e+00	1.474611800e-01	1.288841156e+00	-1.893472905e+00	8.755972009e-01	2.197061044e+00	2.078306365e+00	2.120443630e+00	5.914065974e-01	2.234743397e+00	-2.854149052e+05	-1.940434787e+01

9	1.899209287e-01	3.777533551e-01	1.154797961e+00	4.253067208e-01	1.106142349e+00	2.383349650e-01	1.530587440e+00	1.429077328e+00	9.965726672e-02	4.752284553e-02	1.623926482e+00	-1.243316235e+00	-3.568364917e+04	-1.124549993e+01

10	3.964212013e-01	4.993385057e-01	1.174578540e+00	8.690256057e-01	2.588490645e+00	-6.522446138e-01	9.430958949e-01	1.189214115e+00	4.960733925e-01	1.146123581e+00	1.426826389e+00	-4.382236756e-01	-1.206901002e+05	-1.304618140e+01

11	3.586284568e+00	2.695739299e-01	8.714932194e-01	2.831762901e-01	1.475082451e+00	1.573851049e-01	1.451006956e+00	1.026734941e-01	-8.250367930e-01	9.131400218e-01	1.213026567e+00	9.324134681e-01	-1.991271177e+06	-1.486082850e+01

12	4.606307486e-02	4.537757064e-01	8.050159172e-01	6.885383755e-01	6.173763037e-01	6.795591685e-01	8.220374370e-02	6.443708995e-02	-4.930503843e-01	6.308040573e-02	7.380655627e-01	2.072368183e-01	-1.150206235e+04	-8.643901873e+00

13	5.326319831e-02	7.134078139e-01	1.141795645e+00	6.180853439e-01	2.808162395e+00	-2.236799072e-01	1.263070771e+00	5.534864285e-01	5.880958002e-01	1.257157873e+00	2.167685660e+00	-9.791436597e-01	-1.259253967e+04	-1.353594717e+01

14	3.084474913e-01	7.334251334e-01	1.689949143e+00	8.055538367e-01	1.465053600e+00	1.920079196e-01	6.316148878e-01	1.232233548e+00	-3.528152413e-01	9.441113395e-01	1.270742113e+00	-3.637570331e-01	-1.043467375e+05	-1.156339028e+01

15	4.918179591e-02	6.407317726e-01	8.928575568e-01	4.807811292e-01	3.892103666e+00	-5.952602967e-01	7.605391206e-01	4.126080775e-01	6.733247677e-01	6.630343724e-01	1.102621469e+00	-7.314234009e-01	-1.192918779e+04	-1.174882601e+01

16	3.553625622e-01	6.663769161e-01	2.007040856e+00	9.112741901e-01	7.956501329e-01	1.904270821e-02	1.158558849e+00	7.962302640e-01	5.044136349e-01	9.136812927e-01	1.391081243e+00	-8.376833320e-01	-1.442827861e+05	-1.168148920e+01

17	1.529933983e-01	6.852837944e-01	1.244160871e+00	5.448480045e-01	1.216216364e+00	3.745077534e-01	1.182023669e+00	1.239384845e+00	-3.126961912e-01	9.724811453e-01	1.567324468e+00	-9.206576927e-01	-4.077126678e+04	-1.187254853e+01

18	5.245034014e-01	6.054559570e-01	1.455689605e+00	5.476346909e-01	2.241229183e+00	-1.938611204e-01	6.639393460e-01	7.182619979e-01	-4.977562254e-02	1.180837953e+00	2.031373722e+00	1.503610763e-01	-2.090538003e+05	-1.227810411e+01

19	1.210348240e-01	1.311946290e+00	1.761911802e-01	4.398016111e-01	1.203787845e+00	1.332163469e+00	4.797967099e-01	3.617911996e-01	-1.510138697e-02	5.341452092e+00	1.240615786e+00	-2.437973878e-02	-5.801725662e+04	-1.471266461e+01

20	2.150623980e+00	2.810000826e-04	2.399461328e+00	9.843919808e-01	4.536830282e-02	2.273168725e+00	6.303576409e-01	8.614193418e-01	1.336499879e+00	4.094942392e+00	3.986069039e-01	-1.364604457e+00	-3.146608057e+03	-2.076206267e+01

21	4.226192449e-01	6.517557254e-01	1.888783577e+00	7.855791026e-01	1.885996320e+00	8.726868570e-02	1.134839524e+00	1.593596891e+00	4.930197519e-01	6.525989636e-01	1.475599815e+00	-9.078904623e-01	-1.445655820e+05	-1.321126866e+01

22	2.402608973e-01	5.292684777e-01	9.793547757e-01	5.489294989e-01	1.121736356e+00	-2.964813990e-01	5.038508199e-01	9.825804476e-01	-3.081048076e-01	9.248414332e-01	1.647685839e+00	-1.427472738e+00	-6.500848541e+04	-1.122596458e+01

23	4.651837106e-01	6.595906125e-01	1.040595849e+00	5.775931079e-01	2.046313071e+00	-1.219575461e+00	1.136338407e+00	2.052253103e+00	5.892988462e-02	9.071387821e-01	8.358787994e-01	-3.031246973e-01	-1.786125038e+05	-1.299862237e+01

24	4.718379370e-01	5.942934112e-01	4.108144989e+00	5.376936771e-01	8.933572937e-01	9.909590055e-01	4.506289354e-01	9.857647814e-01	-9.260800221e-02	1.923620701e+00	8.413577979e-01	-6.884094176e-01	-2.022538710e+05	-1.283004358e+01
0	1.920165946e-01	3.617141838e-01	1.427258557e+00	4.570614370e-01	1.114061930e+00	1.888473635e-01	1.232039945e+00	1.473819880e+00	3.345925629e-01	8.016791007e-01	1.887804672e+00	-1.684755305e+00	-3.492603005e+04	-1.284380536e+01

1	3.849383995e-02	5.672607906e-01	1.614512803e+00	2.835322905e-01	3.080403723e+00	-1.633529769e-01	1.221955873e+00	2.418527987e+00	3.344109457e-01	4.060121820e-01	2.643074429e+00	-1.100527020e+00	-6.062590460e+03	-1.466473119e+01

2	2.090521549e-01	6.161266488e-01	1.040405943e+00	5.135061925e-01	1.381913608e+00	5.085318982e-01	1.047510876e+00	1.351669964e+00	-2.446243134e-01	1.077828614e+00	1.405625277e+00	-9.171705788e-01	-5.411621888e+04	-1.183956626e+01

3	4.715955331e-02	1.109713600e-01	5.993354515e-01	3.731208135e-01	5.823090461e-01	-3.397676561e-01	8.671776600e-01	1.045871077e+00	-1.352580458e-01	1.532564602e+00	2.082448900e+00	-1.799606582e+00	-5.812426506e+03	-1.169800188e+01

4	1.119982852e-01	1.615774644e-01	1.250530585e+00	4.753038639e-01	2.420184949e+00	3.201420157e-01	1.628875202e+00	1.774767684e+00	2.972243790e-01	4.775574549e+00	1.879569740e+00	-5.184308429e-01	-1.062363062e+04	-1.701872348e+01

5	3.989714538e-01	9.837355390e-03	6.859963940e+00	1.848054004e+00	9.397711892e-01	1.324171833e+00	7.659343007e-01	6.447303451e-01	1.856836670e+00	2.258149088e+00	6.616222058e-01	-2.491912160e-01	-3.827146012e+04	-1.712625106e+01

6	1.600837342e-01	6.361692464e-02	5.705497637e-01	2.099568203e-01	8.136447288e-04	6.630538013e-01	3.501873207e+00	1.610175961e+00	1.435591396e+00	2.129352915e+00	1.405906611e+00	1.604172900e-01	-1.579025516e+04	-3.291773663e+01

7	3.139744243e-01	3.351644173e-01	2.375052041e+00	6.429031635e-01	1.035740691e+00	6.984627536e-01	1.221536857e+00	1.388778373e+00	6.124959991e-01	1.894018522e-01	9.618448114e-01	-7.732953956e-01	-7.698357630e+04	-1.123796160e+01

8	5.658542336e-01	5.229626433e-01	2.012229632e+00	3.617965099e-01	1.666290451e+00	-1.557668884e+00	1.005524901e+00	2.124903048e+00	1.072048294e+00	1.515852160e+00	7.132274311e-01	9.701202428e-01	-2.322789878e+05	-1.484896326e+01

9	1.707218096e-01	4.249096332e-01	1.152971259e+00	4.523902948e-01	1.345260074e+00	1.734262434e-01	1.493003878e+00	1.306065085e+00	1.682782629e-01	2.174651309e-01	1.700319505e+00	-1.206202486e+00	-3.204379901e+04	-1.156806818e+01

10	8.221155576e-02	5.219709002e-01	1.204433214e+00	9.267332517e-01	2.698164181e+00	-7.319951980e-01	8.930653649e-01	1.296241127e+00	6.262061021e-01	1.169073053e+00	1.447886215e+00	-5.732349164e-01	-1.528459536e+04	-1.320511611e+01

11	3.586284568e+00	2.695739299e-01	8.714932194e-01	2.831762901e-01	1.475082451e+00	1.573851049e-01	1.451006956e+00	1.026734941e-01	-8.250367930e-01	9.131400218e-01	1.213026567e+00	9.324134681e-01	-1.991271177e+06	-1.486082850e+01

12	4.609905599e-02	4.425265235e-01	7.982664778e-01	6.781878946e-01	6.162255657e-01	6.461097856e-01	1.079627961e-01	9.664301294e-02	-4.813093680e-01	1.113017792e-01	7.821817303e-01	1.413819112e-01	-1.139343084e+04	-8.070327890e+00

13	5.326319831e-02	7.134078139e-01	1.141795645e+00	6.180853439e-01	2.808162395e+00	-2.236799072e-01	1.263070771e+00	5.534864285e-01	5.880958002e-01	1.257157873e+00	2.167685660e+00	-9.791436597e-01	-1.259253967e+04	-1.353594717e+01

14	4.527688040e-02	9.883262441e-01	7.420115557e-01	1.290144747e+00	1.594808806e+00	1.727665612e+00	4.519568869e-01	5.217763961e-01	-2.142987825e+00	7.791122374e-02	1.770975344e+00	-2.277180128e+00	-1.196523256e+04	-1.661371516e+01

15	4.789970241e-02	5.582993691e-01	8.535176805e-01	5.628814480e-01	2.529685130e+00	-7.898174219e-02	4.891364452e-01	2.812000557e-01	1.931191860e-01	4.335720149e-01	9.693524563e-01	-3.684287780e-01	-1.142652865e+04	-9.615403477e+00

16	3.553625622e-01	6.663769161e-01	2.007040856e+00	9.112741901e-01	7.956501329e-01	1.904270821e-02	1.158558849e+00	7.962302640e-01	5.044136349e-01	9.136812927e-01	1.391081243e+00	-8.376833320e-01	-1.442827861e+05	-1.168148920e+01

17	1.235816775e-01	6.916036082e-01	1.227414555e+00	5.446273879e-01	1.135068103e+00	4.195044062e-01	1.223039392e+00	1.280641123e+00	-3.335110987e-01	9.559859441e-01	1.530586596e+00	-1.005448155e+00	-3.251165621e+04	-1.189662426e+01

18	5.245034014e-01	6.054559570e-01	1.455689605e+00	5.476346909e-01	2.241229183e+00	-1.938611204e-01	6.639393460e-01	7.182619979e-01	-4.977562254e-02	1.180837953e+00	2.031373722e+00	1.503610763e-01	-2.090538003e+05	-1.227810411e+01

19	1.210348240e-01	1.311946290e+00	1.761911802e-01	4.398016111e-01	1.203787845e+00	1.332163469e+00	4.797967099e-01	3.617911996e-01	-1.510138697e-02	5.341452092e+00	1.240615786e+00	-2.437973878e-02	-5.801725662e+04	-1.471266461e+01

20	2.150623980e+00	2.810000826e-04	2.399461328e+00	9.843919808e-01	4.536830282e-02	2.273168725e+00	6.303576409e-01	8.614193418e-01	1.336499879e+00	4.094942392e+00	3.986069039e-01	-1.364604457e+00	-3.146608057e+03	-2.076206267e+01

21	3.454310275e-01	7.206037552e-01	1.654202739e+00	8.887917983e-01	1.826431725e+00	4.228242090e-01	9.951507469e-01	1.374347951e+00	-4.619541478e-02	5.350422660e-01	1.536021100e+00	-1.187988957e+00	-1.118971776e+05	-1.297432763e+01

22	2.402608973e-01	5.292684777e-01	9.793547757e-01	5.489294989e-01	1.121736356e+00	-2.964813990e-01	5.038508199e-01	9.825804476e-01	-3.081048076e-01	9.248414332e-01	1.647685839e+00	-1.427472738e+00	-6.500848541e+04	-1.122596458e+01

23	4.651837106e-01	6.595906125e-01	1.040595849e+00	5.775931079e-01	2.046313071e+00	-1.219575461e+00	1.136338407e+00	2.052253103e+00	5.892988462e-02	9.071387821e-01	8.358787994e-01	-3.031246973e-01	-1.786125038e+05	-1.299862237e+01

24	2.873878367e-01	5.285408598e-01	2.674149997e+00	5.985623777e-01	7.732907992e-01	8.415541096e-01	3.021698527e-01	6.005554274e-01	-2.610117095e-01	1.138438934e+00	8.157199432e-01	-3.289047996e-01	-1.127748654e+05	-1.010304368e+01
0	1.920165946e-01	3.617141838e-01	1.427258557e+00	4.570614370e-01	1.114061930e+00	1.888473635e-01	1.232039945e+00	1.473819880e+00	3.345925629e-01	8.016791007e-01	1.887804672e+00	-1.684755305e+00	-3.492603005e+04	-1.284380536e+01

1	3.849383995e-02	5.672607906e-01	1.614512803e+00	2.835322905e-01	3.080403723e+00	-1.633529769e-01	1.221955873e+00	2.418527987e+00	3.344109457e-01	4.060121820e-01	2.643074429e+00	-1.100527020e+00	-6.062590460e+03	-1.466473119e+01

2	2.090521549e-01	6.161266488e-01	1.040405943e+00	5.135061925e-01	1.381913608e+00	5.085318982e-01	1.047510876e+00	1.351669964e+00	-2.446243134e-01	1.077828614e+00	1.405625277e+00	-9.171705788e-01	-5.411621888e+04	-1.183956626e+01

3	4.715955331e-02	1.109713600e-01	5.993354515e-01	3.731208135e-01	5.823090461e-01	-3.397676561e-01	8.671776600e-01	1.045871077e+00	-1.352580458e-01	1.532564602e+00	2.082448900e+00	-1.799606582e+00	-5.812426506e+03	-1.169800188e+01

4	1.050873258e-01	1.417657856e-01	1.265141897e+00	4.713368172e-01	2.490147080e+00	3.533665021e-01	1.689493006e+00	1.817451782e+00	3.298403174e-01	4.983057150e+00	1.892063952e+00	-4.694504614e-01	-9.316151879e+03	-1.736416580e+01

5	3.989714538e-01	9.837355390e-03	6.859963940e+00	1.848054004e+00	9.397711892e-01	1.324171833e+00	7.659343007e-01	6.447303451e-01	1.856836670e+00	2.258149088e+00	6.616222058e-01	-2.491912160e-01	-3.827146012e+04	-1.712625106e+01

6	1.600837342e-01	6.361692464e-02	5.705497637e-01	2.099568203e-01	8.136447288e-04	6.630538013e-01	3.501873207e+00	1.610175961e+00	1.435591396e+00	2.129352915e+00	1.405906611e+00	1.604172900e-01	-1.579025516e+04	-3.291773663e+01

7	2.856416572e-01	4.110342732e-01	2.014649838e+00	6.079613513e-01	1.129219766e+00	6.471746266e-01	1.174543615e+00	1.378757775e+00	3.810428453e-01	4.293088677e-01	1.081681416e+00	-8.121468432e-01	-7.146927844e+04	-1.132563827e+01

8	5.658542336e-01	5.229626433e-01	2.012229632e+00	3.617965099e-01	1.666290451e+00	-1.557668884e+00	1.005524901e+00	2.124903048e+00	1.072048294e+00	1.515852160e+00	7.132274311e-01	9.701202428e-01	-2.322789878e+05	-1.484896326e+01

9	1.336967585e-01	4.655116902e-01	1.174498499e+00	6.508144487e-01	1.911198387e+00	-2.053239432e-01	1.242041383e+00	1.301955589e+00	3.598357483e-01	6.155357550e-01	1.594723203e+00	-9.414234845e-01	-2.389186272e+04	-1.211842716e+01

10	8.221155576e-02	5.219709002e-01	1.204433214e+00	9.267332517e-01	2.698164181e+00	-7.319951980e-01	8.930653649e-01	1.296241127e+00	6.262061021e-01	1.169073053e+00	1.447886215e+00	-5.732349164e-01	-1.528459536e+04	-1.320511611e+01

11	3.586284568e+00	2.695739299e-01	8.714932194e-01	2.831762901e-01	1.475082451e+00	1.573851049e-01	1.451006956e+00	1.026734941e-01	-8.250367930e-01	9.131400218e-01	1.213026567e+00	9.324134681e-01	-1.991271177e+06	-1.486082850e+01

12	4.609905599e-02	4.425265235e-01	7.982664778e-01	6.781878946e-01	6.162255657e-01	6.461097856e-01	1.079627961e-01	9.664301294e-02	-4.813093680e-01	1.113017792e-01	7.821817303e-01	1.413819112e-01	-1.139343084e+04	-8.070327890e+00

13	5.314982316e-02	7.122859344e-01	1.145424400e+00	6.155171888e-01	2.810252222e+00	-2.232168150e-01	1.262755158e+00	5.678031893e-01	5.861484198e-01	1.250624159e+00	2.171334923e+00	-9.800754441e-01	-1.248973755e+04	-1.354225391e+01

14	4.527688040e-02	9.883262441e-01	7.420115557e-01	1.290144747e+00	1.594808806e+00	1.727665612e+00	4.519568869e-01	5.217763961e-01	-2.142987825e+00	7.791122374e-02	1.770975344e+00	-2.277180128e+00	-1.196523256e+04	-1.661371516e+01

15	4.789970241e-02	5.582993691e-01	8.535176805e-01	5.628814480e-01	2.529685130e+00	-7.898174219e-02	4.891364452e-01	2.812000557e-01	1.931191860e-01	4.335720149e-01	9.693524563e-01	-3.684287780e-01	-1.142652865e+04	-9.615403477e+00

16	3.553625622e-01	6.663769161e-01	2.007040856e+00	9.112741901e-01	7.956501329e-01	1.904270821e-02	1.158558849e+00	7.962302640e-01	5.044136349e-01	9.136812927e-01	1.391081243e+00	-8.376833320e-01	-1.442827861e+05	-1.168148920e+01

17	1.235816775e-01	6.916036082e-01	1.227414555e+00	5.446273879e-01	1.135068103e+00	4.195044062e-01	1.223039392e+00	1.280641123e+00	-3.335110987e-01	9.559859441e-01	1.530586596e+00	-1.005448155e+00	-3.251165621e+04	-1.189662426e+01

18	4.707628260e-01	6.248121776e-01	1.630868666e+00	6.631727006e-01	1.781929996e+00	-1.262158710e-01	8.210932114e-01	7.430346046e-01	1.263051496e-01	1.095955126e+00	1.827935650e+00	-1.635670989e-01	-1.807430332e+05	-1.198834207e+01

19	1.210348240e-01	1.311946290e+00	1.761911802e-01	4.398016111e-01	1.203787845e+00	1.332163469e+00	4.797967099e-01	3.617911996e-01	-1.510138697e-02	5.341452092e+00	1.240615786e+00	-2.437973878e-02	-5.801725662e+04	-1.471266461e+01

20	2.150623980e+00	2.810000826e-04	2.399461328e+00	9.843919808e-01	4.536830282e-02	2.273168725e+00	6.303576409e-01	8.614193418e-01	1.336499879e+00	4.094942392e+00	3.986069039e-01	-1.364604457e+00	-3.146608057e+03	-2.076206267e+01

21	3.454310275e-01	7.206037552e-01	1.654202739e+00	8.887917983e-01	1.826431725e+00	4.228242090e-01	9.951507469e-01	1.374347951e+00	-4.619541478e-02	5.350422660e-01	1.536021100e+00	-1.187988957e+00	-1.118971776e+05	-1.297432763e+01

22	2.402608973e-01	5.292684777e-01	9.793547757e-01	5.489294989e-01	1.121736356e+00	-2.964813990e-01	5.038508199e-01	9.825804476e-01	-3.081048076e-01	9.248414332e-01	1.647685839e+00	-1.427472738e+00	-6.500848541e+04	-1.122596458e+01

23	4.651837106e-01	6.595906125e-01	1.040595849e+00	5.775931079e-01	2.046313071e+00	-1.219575461e+00	1.136338407e+00	2.052253103e+00	5.892988462e-02	9.071387821e-01	8.358787994e-01	-3.031246973e-01	-1.786125038e+05	-1.299862237e+01

24	2.873878367e-01	5.285408598e-01	2.674149997e+00	5.985623777e-01	7.732907992e-01	8.415541096e-01	3.021698527e-01	6.005554274e-01	-2.610117095e-01	1.138438934e+00	8.157199432e-01	-3.289047996e-01	-1.127748654e+05	-1.010304368e+01
0	1.920165946e-01	3.617141838e-01	1.427258557e+00	4.570614370e-01	1.114061930e+00	1.888473635e-01	1.232039945e+00	1.473819880e+00	3.345925629e-01	8.016791007e-01	1.887804672e+00	-1.684755305e+00	-3.492603005e+04	-1.284380536e+01

1	3.849383995e-02	5.672607906e-01	1.614512803e+00	2.835322905e-01	3.080403723e+00	-1.633529769e-01	1.221955873e+00	2.418527987e+00	3.344109457e-01	4.060121820e-01	2.643074429e+00	-1.100527020e+00	-6.062590460e+03	-1.466473119e+01

2	2.090521549e-01	6.161266488e-01	1.040405943e+00	5.135061925e-01	1.381913608e+00	5.085318982e-01	1.047510876e+00	1.351669964e+00	-2.446243134e-01	1.077828614e+00	1.405625277e+00	-9.171705788e-01	-5.411621888e+04	-1.183956626e+01

3	4.715955331e-02	1.109713600e-01	5.993354515e-01	3.731208135e-01	5.823090461e-01	-3.397676561e-01	8.671776600e-01	1.045871077e+00	-1.352580458e-01	1.532564602e+00	2.082448900e+00	-1.799606582e+00	-5.812426506e+03	-1.169800188e+01

4	1.050873258e-01	1.417657856e-01	1.265141897e+00	4.713368172e-01	2.490147080e+00	3.533665021e-01	1.689493006e+00	1.817451782e+00	3.298403174e-01	4.983057150e+00	1.892063952e+00	-4.694504614e-01	-9.316151879e+03	-1.736416580e+01

5	3.989714538e-01	9.837355390e-03	6.859963940e+00	1.848054004e+00	9.397711892e-01	1.324171833e+00	7.659343007e-01	6.447303451e-01	1.856836670e+00	2.258149088e+00	6.616222058e-01	-2.491912160e-01	-3.827146012e+04	-1.712625106e+01

6	1.600837342e-01	6.361692464e-02	5.705497637e-01	2.099568203e-01	8.136447288e-04	6.630538013e-01	3.501873207e+00	1.610175961e+00	1.435591396e+00	2.129352915e+00	1.405906611e+00	1.604172900e-01	-1.579025516e+04	-3.291773663e+01

7	2.101107588e-01	5.089035542e-01	1.732259798e+00	6.104160577e-01	1.675346008e+00	3.644057806e-01	1.203201383e+00	1.115298507e+00	4.476766193e-01	6.961340752e-01	1.435683133e+00	-8.667027297e-01	-4.795755003e+04	-1.202564644e+01

8	5.658542336e-01	5.229626433e-01	2.012229632e+00	3.617965099e-01	1.666290451e+00	-1.557668884e+00	1.005524901e+00	2.124903048e+00	1.072048294e+00	1.515852160e+00	7.132274311e-01	9.701202428e-01	-2.322789878e+05	-1.484896326e+01

9	1.336967585e-01	4.655116902e-01	1.174498499e+00	6.508144487e-01	1.911198387e+00	-2.053239432e-01	1.242041383e+00	1.301955589e+00	3.598357483e-01	6.155357550e-01	1.594723203e+00	-9.414234845e-01	-2.389186272e+04	-1.211842716e+01

10	8.221155576e-02	5.219709002e-01	1.204433214e+00	9.267332517e-01	2.698164181e+00	-7.319951980e-01	8.930653649e-01	1.296241127e+00	6.262061021e-01	1.169073053e+00	1.447886215e+00	-5.732349164e-01	-1.528459536e+04	-1.320511611e+01

11	3.586284568e+00	2.695739299e-01	8.714932194e-01	2.831762901e-01	1.475082451e+00	1.573851049e-01	1.451006956e+00	1.026734941e-01	-8.250367930e-01	9.131400218e-01	1.213026567e+00	9.324134681e-01	-1.991271177e+06	-1.486082850e+01

12	4.609905599e-02	4.425265235e-01	7.982664778e-01	6.781878946e-01	6.162255657e-01	6.461097856e-01	1.079627961e-01	9.664301294e-02	-4.813093680e-01	1.113017792e-01	7.821817303e-01	1.413819112e-01	-1.139343084e+04	-8.070327890e+00

13	5.314982316e-02	7.122859344e-01	1.145424400e+00	6.155171888e-01	2.810252222e+00	-2.232168150e-01	1.262755158e+00	5.678031893e-01	5.861484198e-01	1.250624159e+00	2.171334923e+00	-9.800754441e-01	-1.248973755e+04	-1.354225391e+01

14	4.527688040e-02	9.883262441e-01	7.420115557e-01	1.290144747e+00	1.594808806e+00	1.727665612e+00	4.519568869e-01	5.217763961e-01	-2.142987825e+00	7.791122374e-02	1.770975344e+00	-2.277180128e+00	-1.196523256e+04	-1.661371516e+01

15	4.789970241e-02	5.582993691e-01	8.535176805e-01	5.628814480e-01	2.529685130e+00	-7.898174219e-02	4.891364452e-01	2.812000557e-01	1.931191860e-01	4.335720149e-01	9.693524563e-01	-3.684287780e-01	-1.142652865e+04	-9.615403477e+00

16	3.553625622e-01	6.663769161e-01	2.007040856e+00	9.112741901e-01	7.956501329e-01	1.904270821e-02	1.158558849e+00	7.962302640e-01	5.044136349e-01	9.136812927e-01	1.391081243e+00	-8.376833320e-01	-1.442827861e+05	-1.168148920e+01

17	7.154834863e-02	6.972668395e-01	1.052393427e+00	4.623175215e-01	1.211265271e+00	5.094055008e-01	1.237514862e+00	1.389388268e+00	-5.216198520e-01	9.654830682e-01	1.561904656e+00	-1.043110287e+00	-1.715878760e+04	-1.206373221e+01

18	4.707628260e-01	6.248121776e-01	1.630868666e+00	6.631727006e-01	1.781929996e+00	-1.262158710e-01	8.210932114e-01	7.430346046e-01	1.263051496e-01	1.095955126e+00	1.827935650e+00	-1.635670989e-01	-1.807430332e+05	-1.198834207e+01

19	1.210348240e-01	1.311946290e+00	1.761911802e-01	4.398016111e-01	1.203787845e+00	1.332163469e+00	4.797967099e-01	3.617911996e-01	-1.510138697e-02	5.341452092e+00	1.240615786e+00	-2.437973878e-02	-5.801725662e+04	-1.471266461e+01

20	2.150623980e+00	2.810000826e-04	2.399461328e+00	9.843919808e-01	4.536830282e-02	2.273168725e+00	6.303576409e-01	8.614193418e-01	1.336499879e+00	4.094942392e+00	3.986069039e-01	-1.364604457e+00	-3.146608057e+03	-2.076206267e+01

21	3.454310275e-01	7.206037552e-01	1.654202739e+00	8.887917983e-01	1.826431725e+00	4.228242090e-01	9.951507469e-01	1.374347951e+00	-4.619541478e-02	5.350422660e-01	1.536021100e+00	-1.187988957e+00	-1.118971776e+05	-1.297432763e+01

22	2.402608973e-01	5.292684777e-01	9.793547757e-01	5.489294989e-01	1.121736356e+00	-2.964813990e-01	5.038508199e-01	9.825804476e-01	-3.081048076e-01	9.248414332e-01	1.647685839e+00	-1.427472738e+00	-6.500848541e+04	-1.122596458e+01

23	4.651837106e-01	6.595906125e-01	1.040595849e+00	5.775931079e-01	2.046313071e+00	-1.219575461e+00	1.136338407e+00	2.052253103e+00	5.892988462e-02	9.071387821e-01	8.358787994e-01	-3.031246973e-01	-1.786125038e+05	-1.299862237e+01

24	2.873878367e-01	5.285408598e-01	2.674149997e+00	5.985623777e-01	7.732907992e-01	8.415541096e-01	3.021698527e-01	6.005554274e-01	-2.610117095e-01	1.138438934e+00	8.157199432e-01	-3.289047996e-01	-1.127748654e+05	-1.010304368e+01
0	1.920165946e-01	3.617141838e-01	1.427258557e+00	4.570614370e-01	1.114061930e+00	1.888473635e-01	1.232039945e+00	1.473819880e+00	3.345925629e-01	8.016791007e-01	1.887804672e+00	-1.684755305e+00	-3.492603005e+04	-1.284380536e+01

1	3.849383995e-02	5.672607906e-01	1.614512803e+00	2.835322905e-01	3.080403723e+00	-1.633529769e-01	1.221955873e+00	2.418527987e+00	3.344109457e-01	4.060121820e-01	2.643074429e+00	-1.100527020e+00	-6.062590460e+03	-1.466473119e+01

2	2.090521549e-01	6.161266488e-01	1.040405943e+00	5.135061925e-01	1.381913608e+00	5.085318982e-01	1.047510876e+00	1.351669964e+00	-2.446243134e-01	1.077828614e+00	1.405625277e+00	-9.171705788e-01	-5.411621888e+04	-1.183956626e+01

3	4.715955331e-02	1.109713600e-01	5.993354515e-01	3.731208135e-01	5.823090461e-01	-3.397676561e-01	8.671776600e-01	1.045871077e+00	-1.352580458e-01	1.532564602e+00	2.082448900e+00	-1.799606582e+00	-5.812426506e+03	-1.169800188e+01

4	1.050873258e-01	1.417657856e-01	1.265141897e+00	4.713368172e-01	2.490147080e+00	3.533665021e-01	1.689493006e+00	1.817451782e+00	3.298403174e-01	4.983057150e+00	1.892063952e+00	-4.694504614e-01	-9.316151879e+03	-1.736416580e+01

5	3.989714538e-01	9.837355390e-03	6.859963940e+00	1.848054004e+00	9.397711892e-01	1.324171833e+00	7.659343007e-01	6.447303451e-01	1.856836670e+00	2.258149088e+00	6.616222058e-01	-2.491912160e-01	-3.827146012e+04	-1.712625106e+01

6	1.600837342e-01	6.361692464e-02	5.705497637e-01	2.099568203e-01	8.136447288e-04	6.630538013e-01	3.501873207e+00	1.610175961e+00	1.435591396e+00	2.129352915e+00	1.405906611e+00	1.604172900e-01	-1.579025516e+04	-3.291773663e+01

7	1.980206960e-01	5.020381845e-01	1.644011976e+00	6.168078063e-01	1.712662077e+00	2.742643393e-01	1.209346566e+00	1.144830998e+00	4.337786210e-01	6.833819781e-01	1.460846119e+00	-8.785248907e-01	-4.345412402e+04	-1.201908123e+01

8	5.658542336e-01	5.229626433e-01	2.012229632e+00	3.617965099e-01	1.666290451e+00	-1.557668884e+00	1.005524901e+00	2.124903048e+00	1.072048294e+00	1.515852160e+00	7.132274311e-01	9.701202428e-01	-2.322789878e+05	-1.484896326e+01

9	1.216401648e-01	3.290786167e-01	1.212697461e+00	5.751789440e-01	2.155179078e+00	3.011951255e-02	1.430606549e+00	1.519196113e+00	3.471950670e-01	2.456097624e+00	1.720028610e+00	-7.425245047e-01	-1.636392617e+04	-1.427825010e+01

10	4.674185185e-04	4.612909563e-01	1.310142804e+00	1.193043011e+00	3.546439641e+00	-1.531469640e+00	7.935308693e-01	1.260519264e+00	1.187424525e+00	1.227876764e+00	1.475121847e+00	-3.515809335e-01	-3.868562207e+03	-1.523185868e+01

11	3.586284568e+00	2.695739299e-01	8.714932194e-01	2.831762901e-01	1.475082451e+00	1.573851049e-01	1.451006956e+00	1.026734941e-01	-8.250367930e-01	9.131400218e-01	1.213026567e+00	9.324134681e-01	-1.991271177e+06	-1.486082850e+01

12	4.592943304e-02	4.424600778e-01	7.973221894e-01	6.782564265e-01	6.150013768e-01	6.465249570e-01	1.067330835e-01	9.547269429e-02	-4.823310784e-01	1.106630425e-01	7.814239907e-01	1.425206534e-01	-1.132838874e+04	-8.083289637e+00

13	5.314982316e-02	7.122859344e-01	1.145424400e+00	6.155171888e-01	2.810252222e+00	-2.232168150e-01	1.262755158e+00	5.678031893e-01	5.861484198e-01	1.250624159e+00	2.171334923e+00	-9.800754441e-01	-1.248973755e+04	-1.354225391e+01

14	4.527688040e-02	9.883262441e-01	7.420115557e-01	1.290144747e+00	1.594808806e+00	1.727665612e+00	4.519568869e-01	5.217763961e-01	-2.142987825e+00	7.791122374e-02	1.770975344e+00	-2.277180128e+00	-1.196523256e+04	-1.661371516e+01

15	4.789970241e-02	5.582993691e-01	8.535176805e-01	5.628814480e-01	2.529685130e+00	-7.898174219e-02	4.891364452e-01	2.812000557e-01	1.931191860e-01	4.335720149e-01	9.693524563e-01	-3.684287780e-01	-1.142652865e+04	-9.615403477e+00

16	3.553625622e-01	6.663769161e-01	2.007040856e+00	9.112741901e-01	7.956501329e-01	1.904270821e-02	1.158558849e+00	7.962302640e-01	5.044136349e-01	9.136812927e-01	1.391081243e+00	-8.376833320e-01	-1.442827861e+05	-1.168148920e+01

17	7.596079504e-02	6.247291942e-01	1.115307652e+00	6.544932426e-01	1.826545615e+00	-4.287423257e-03	1.094981295e+00	1.350843882e+00	-4.664825640e-02	1.049728820e+00	1.514723705e+00	-8.486753609e-01	-1.589175663e+04	-1.220921371e+01

18	3.514742552e-01	6.208532854e-01	1.361733846e+00	5.949542219e-01	1.599601232e+00	1.631042163e-01	9.242951157e-01	1.020452571e+00	-4.276570000e-02	1.087693003e+00	1.635445215e+00	-5.070620038e-01	-1.125164933e+05	-1.179075076e+01

19	1.210348240e-01	1.311946290e+00	1.761911802e-01	4.398016111e-01	1.203787845e+00	1.332163469e+00	4.797967099e-01	3.617911996e-01	-1.510138697e-02	5.341452092e+00	1.240615786e+00	-2.437973878e-02	-5.801725662e+04	-1.471266461e+01

20	2.150623980e+00	2.810000826e-04	2.399461328e+00	9.843919808e-01	4.536830282e-02	2.273168725e+00	6.303576409e-01	8.614193418e-01	1.336499879e+00	4.094942392e+00	3.986069039e-01	-1.364604457e+00	-3.146608057e+03	-2.076206267e+01

21	3.454310275e-01	7.206037552e-01	1.654202739e+00	8.887917983e-01	1.826431725e+00	4.228242090e-01	9.951507469e-01	1.374347951e+00	-4.619541478e-02	5.350422660e-01	1.536021100e+00	-1.187988957e+00	-1.118971776e+05	-1.297432763e+01

22	2.402608973e-01	5.292684777e-01	9.793547757e-01	5.489294989e-01	1.121736356e+00	-2.964813990e-01	5.038508199e-01	9.825804476e-01	-3.081048076e-01	9.248414332e-01	1.647685839e+00	-1.427472738e+00	-6.500848541e+04	-1.122596458e+01

23	3.623331630e-01	5.246084839e-01	9.320282635e-01	5.272848014e-01	1.686109927e+00	-1.003107793e+00	1.070114171e+00	1.804643149e+00	1.115194014e-02	1.061018377e+00	1.142584561e+00	-6.713186848e-01	-1.081167503e+05	-1.245341502e+01

24	2.450153485e-01	4.544214374e-01	2.120168610e+00	5.356949261e-01	9.246920019e-01	5.515630353e-01	7.153018277e-01	9.885380832e-01	3.609307312e-03	9.888199108e-01	1.292036458e+00	-9.312956085e-01	-6.432985542e+04	-1.100872979e+01
0	1.605361962e-01	3.791141585e-01	1.291513242e+00	5.047268604e-01	1.006519112e+00	2.874725462e-01	9.895469844e-01	1.176799128e+00	1.585532626e-01	6.527716909e-01	1.649390124e+00	-1.290994659e+00	-3.002089068e+04	-1.119791041e+01

1	3.849383995e-02	5.672607906e-01	1.614512803e+00	2.835322905e-01	3.080403723e+00	-1.633529769e-01	1.221955873e+00	2.418527987e+00	3.344109457e-01	4.060121820e-01	2.643074429e+00	-1.100527020e+00	-6.062590460e+03	-1.466473119e+01

2	2.090521549e-01	6.161266488e-01	1.040405943e+00	5.135061925e-01	1.381913608e+00	5.085318982e-01	1.047510876e+00	1.351669964e+00	-2.446243134e-01	1.077828614e+00	1.405625277e+00	-9.171705788e-01	-5.411621888e+04	-1.183956626e+01

3	4.715955331e-02	1.109713600e-01	5.993354515e-01	3.731208135e-01	5.823090461e-01	-3.397676561e-01	8.671776600e-01	1.045871077e+00	-1.352580458e-01	1.532564602e+00	2.082448900e+00	-1.799606582e+00	-5.812426506e+03	-1.169800188e+01

4	8.213787115e-02	2.531211221e-01	1.144042608e+00	4.986230419e-01	2.552967727e+00	2.084454583e-01	1.335743482e+00	1.348590451e+00	3.122623524e-01	3.709000758e+00	1.619817971e+00	-4.169463180e-01	-8.816550170e+03	-1.508787896e+01

5	3.989714538e-01	9.837355390e-03	6.859963940e+00	1.848054004e+00	9.397711892e-01	1.324171833e+00	7.659343007e-01	6.447303451e-01	1.856836670e+00	2.258149088e+00	6.616222058e-01	-2.491912160e-01	-3.827146012e+04	-1.712625106e+01

6	1.600837342e-01	6.361692464e-02	5.705497637e-01	2.099568203e-01	8.136447288e-04	6.630538013e-01	3.501873207e+00	1.610175961e+00	1.435591396e+00	2.129352915e+00	1.405906611e+00	1.604172900e-01	-1.579025516e+04	-3.291773663e+01

7	1.800588843e-01	2.944612010e-01	1.135765528e+00	4.241782326e-01	9.021622989e-01	4.583424193e-01	2.294776969e+00	1.365155404e+00	9.081015904e-01	1.367998152e+00	1.434834202e+00	-3.866224588e-01	-3.035799894e+04	-1.257016959e+01

8	4.613903333e-01	4.047060292e-01	1.641075243e+00	3.227060235e-01	1.237520486e+00	-9.859532133e-01	1.648199223e+00	1.992388735e+00	1.165640929e+00	1.673795336e+00	8.915547586e-01	7.616656394e-01	-1.513426818e+05	-1.403301502e+01

9	1.105956508e-01	3.148710428e-01	1.190317748e+00	5.951837876e-01	2.481340658e+00	-4.295578784e-02	1.555845252e+00	1.616419612e+00	4.007598387e-01	2.968151368e+00	1.740086382e+00	-5.867866038e-01	-1.384595375e+04	-1.518162515e+01

10	4.674185185e-04	4.612909563e-01	1.310142804e+00	1.193043011e+00	3.546439641e+00	-1.531469640e+00	7.935308693e-01	1.260519264e+00	1.187424525e+00	1.227876764e+00	1.475121847e+00	-3.515809335e-01	-3.868562207e+03	-1.523185868e+01

11	3.586284568e+00	2.695739299e-01	8.714932194e-01	2.831762901e-01	1.475082451e+00	1.573851049e-01	1.451006956e+00	1.026734941e-01	-8.250367930e-01	9.131400218e-01	1.213026567e+00	9.324134681e-01	-1.991271177e+06	-1.486082850e+01

12	4.592943304e-02	4.424600778e-01	7.973221894e-01	6.782564265e-01	6.150013768e-01	6.465249570e-01	1.067330835e-01	9.547269429e-02	-4.823310784e-01	1.106630425e-01	7.814239907e-01	1.425206534e-01	-1.132838874e+04	-8.083289637e+00

13	4.290035731e-03	7.419443252e-01	1.179147077e+00	6.294604229e-01	2.987898772e+00	-9.997179335e-02	1.293197929e+00	3.723471937e-01	6.770142659e-01	1.280587281e+00	2.333906826e+00	-1.028867820e+00	-2.805268221e+03	-1.386601669e+01

14	4.527688040e-02	9.883262441e-01	7.420115557e-01	1.290144747e+00	1.594808806e+00	1.727665612e+00	4.519568869e-01	5.217763961e-01	-2.142987825e+00	7.791122374e-02	1.770975344e+00	-2.277180128e+00	-1.196523256e+04	-1.661371516e+01

15	2.121636589e-02	5.487244310e-01	8.225730542e-01	5.710569150e-01	2.719731098e+00	-1.762612061e-01	3.966817998e-01	1.039535518e-01	2.655999762e-01	3.268971527e-01	8.971151784e-01	-2.775690865e-01	-4.029437208e+03	-1.020326713e+01

16	3.553625622e-01	6.663769161e-01	2.007040856e+00	9.112741901e-01	7.956501329e-01	1.904270821e-02	1.158558849e+00	7.962302640e-01	5.044136349e-01	9.136812927e-01	1.391081243e+00	-8.376833320e-01	-1.442827861e+05	-1.168148920e+01

17	6.912481693e-02	5.832396444e-01	1.042925265e+00	6.599024080e-01	1.550764254e+00	1.438556807e-01	8.700283564e-01	1.065086281e+00	-1.458218547e-01	8.359711788e-01	1.347804176e+00	-6.230514197e-01	-1.475846911e+04	-1.085256228e+01

18	3.514742552e-01	6.208532854e-01	1.361733846e+00	5.949542219e-01	1.599601232e+00	1.631042163e-01	9.242951157e-01	1.020452571e+00	-4.276570000e-02	1.087693003e+00	1.635445215e+00	-5.070620038e-01	-1.125164933e+05	-1.179075076e+01

19	1.210348240e-01	1.311946290e+00	1.761911802e-01	4.398016111e-01	1.203787845e+00	1.332163469e+00	4.797967099e-01	3.617911996e-01	-1.510138697e-02	5.341452092e+00	1.240615786e+00	-2.437973878e-02	-5.801725662e+04	-1.471266461e+01

20	2.150623980e+00	2.810000826e-04	2.399461328e+00	9.843919808e-01	4.536830282e-02	2.273168725e+00	6.303576409e-01	8.614193418e-01	1.336499879e+00	4.094942392e+00	3.986069039e-01	-1.364604457e+00	-3.146608057e+03	-2.076206267e+01

21	3.454310275e-01	7.206037552e-01	1.654202739e+00	8.887917983e-01	1.826431725e+00	4.228242090e-01	9.951507469e-01	1.374347951e+00	-4.619541478e-02	5.350422660e-01	1.536021100e+00	-1.187988957e+00	-1.118971776e+05	-1.297432763e+01

22	2.402608973e-01	5.292684777e-01	9.793547757e-01	5.489294989e-01	1.121736356e+00	-2.964813990e-01	5.038508199e-01	9.825804476e-01	-3.081048076e-01	9.248414332e-01	1.647685839e+00	-1.427472738e+00	-6.500848541e+04	-1.122596458e+01

23	2.420266190e-01	9.171594263e-01	5.551829537e-01	4.836674258e-01	1.445633747e+00	1.612119284e-01	7.757936470e-01	1.085265916e+00	-1.937445666e-03	3.195157340e+00	1.191460977e+00	-3.487678165e-01	-9.317009277e+04	-1.280192416e+01

24	2.302166727e-01	4.213552258e-01	2.029741669e+00	5.288884640e-01	1.090253279e+00	5.306019285e-01	8.183315074e-01	1.076203333e+00	3.811123798e-02	1.411247246e+00	1.355494886e+00	-8.824512351e-01	-5.354372652e+04	-1.168814827e+01
0	1.605361962e-01	3.791141585e-01	1.291513242e+00	5.047268604e-01	1.006519112e+00	2.874725462e-01	9.895469844e-01	1.176799128e+00	1.585532626e-01	6.527716909e-01	1.649390124e+00	-1.290994659e+00	-3.002089068e+04	-1.119791041e+01

1	3.605266549e-02	5.848318013e-01	1.640827967e+00	2.715014575e-01	3.109905198e+00	-1.841490588e-01	1.215591305e+00	2.478373609e+00	3.356497997e-01	2.212636343e-01	2.700309003e+00	-1.138762255e+00	-5.711248976e+03	-1.464744464e+01

2	2.090521549e-01	6.161266488e-01	1.040405943e+00	5.135061925e-01	1.381913608e+00	5.085318982e-01	1.047510876e+00	1.351669964e+00	-2.446243134e-01	1.077828614e+00	1.405625277e+00	-9.171705788e-01	-5.411621888e+04	-1.183956626e+01

3	4.715955331e-02	1.109713600e-01	5.993354515e-01	3.731208135e-01	5.823090461e-01	-3.397676561e-01	8.671776600e-01	1.045871077e+00	-1.352580458e-01	1.532564602e+00	2.082448900e+00	-1.799606582e+00	-5.812426506e+03	-1.169800188e+01

4	8.213787115e-02	2.531211221e-01	1.144042608e+00	4.986230419e-01	2.552967727e+00	2.084454583e-01	1.335743482e+00	1.348590451e+00	3.122623524e-01	3.709000758e+00	1.619817971e+00	-4.169463180e-01	-8.816550170e+03	-1.508787896e+01

5	3.989714538e-01	9.837355390e-03	6.859963940e+00	1.848054004e+00	9.397711892e-01	1.324171833e+00	7.659343007e-01	6.447303451e-01	1.856836670e+00	2.258149088e+00	6.616222058e-01	-2.491912160e-01	-3.827146012e+04	-1.712625106e+01

6	1.600837342e-01	6.361692464e-02	5.705497637e-01	2.099568203e-01	8.136447288e-04	6.630538013e-01	3.501873207e+00	1.610175961e+00	1.435591396e+00	2.129352915e+00	1.405906611e+00	1.604172900e-01	-1.579025516e+04	-3.291773663e+01

7	1.107475361e-01	4.054096263e-01	9.991031733e-01	4.882691297e-01	1.695263197e+00	1.814314680e-01	1.466538179e+00	8.148266782e-01	6.277443310e-01	9.137110086e-01	1.200199100e+00	-3.390367346e-01	-2.030794657e+04	-1.098964740e+01

8	3.681596687e-01	3.720937875e-01	1.497557606e+00	3.824895248e-01	1.469203225e+00	-7.570912593e-01	1.592368904e+00	1.869069282e+00	9.438424413e-01	1.940060564e+00	1.125864555e+00	3.581742494e-01	-9.890277364e+04	-1.378823083e+01

9	9.911925586e-02	2.779830031e-01	1.083401552e+00	5.550097780e-01	2.137781744e+00	-9.665282077e-02	1.431256546e+00	1.513200143e+00	3.037874024e-01	2.708435507e+00	1.802024106e+00	-8.062011262e-01	-1.164671990e+04	-1.445722553e+01

10	7.674747876e-03	4.575908265e-01	1.309303981e+00	1.162050576e+00	3.432076027e+00	-1.449569124e+00	8.023567798e-01	1.256749643e+00	1.141098101e+00	1.201981823e+00	1.482968529e+00	-3.938794018e-01	-3.224325460e+03	-1.495654864e+01

11	3.586284568e+00	2.695739299e-01	8.714932194e-01	2.831762901e-01	1.475082451e+00	1.573851049e-01	1.451006956e+00	1.026734941e-01	-8.250367930e-01	9.131400218e-01	1.213026567e+00	9.324134681e-01	-1.991271177e+06	-1.486082850e+01

12	4.592943304e-02	4.424600778e-01	7.973221894e-01	6.782564265e-01	6.150013768e-01	6.465249570e-01	1.067330835e-01	9.547269429e-02	-4.823310784e-01	1.106630425e-01	7.814239907e-01	1.425206534e-01	-1.132838874e+04	-8.083289637e+00

13	4.290035731e-03	7.419443252e-01	1.179147077e+00	6.294604229e-01	2.987898772e+00	-9.997179335e-02	1.293197929e+00	3.723471937e-01	6.770142659e-01	1.280587281e+00	2.333906826e+00	-1.028867820e+00	-2.805268221e+03	-1.386601669e+01

14	3.834399230e-02	8.616577069e-01	7.652248520e-01	1.082944046e+00	1.918948191e+00	1.179060902e+00	4.360297132e-01	4.013833337e-01	-1.448968182e+00	1.496549756e-01	1.519177955e+00	-1.701004603e+00	-9.012938392e+03	-1.315391638e+01

15	2.121636589e-02	5.487244310e-01	8.225730542e-01	5.710569150e-01	2.719731098e+00	-1.762612061e-01	3.966817998e-01	1.039535518e-01	2.655999762e-01	3.268971527e-01	8.971151784e-01	-2.775690865e-01	-4.029437208e+03	-1.020326713e+01

16	3.122095672e-01	6.149733177e-01	1.621749016e+00	7.754268185e-01	9.179037699e-01	-9.925106473e-02	9.131009547e-01	8.660951834e-01	1.997907235e-01	9.178653632e-01	1.487285385e+00	-1.058802455e+00	-1.089148360e+05	-1.138064805e+01

17	6.912481693e-02	5.832396444e-01	1.042925265e+00	6.599024080e-01	1.550764254e+00	1.438556807e-01	8.700283564e-01	1.065086281e+00	-1.458218547e-01	8.359711788e-01	1.347804176e+00	-6.230514197e-01	-1.475846911e+04	-1.085256228e+01

18	3.490336281e-01	5.922788428e-01	9.566851297e-01	3.964053216e-01	2.104228264e+00	2.535292824e-01	7.772515797e-01	1.161193267e+00	-3.862212707e-01	1.196917324e+00	1.788828507e+00	-2.995363724e-01	-1.033029490e+05	-1.202313953e+01

19	1.257427795e-01	1.161440703e+00	2.237372618e-01	4.120902346e-01	1.058750531e+00	1.251491857e+00	8.441551943e-01	5.123034649e-01	1.598022676e-01	4.954183408e+00	1.260544174e+00	-2.099573006e-03	-5.572734498e+04	-1.438134137e+01

20	2.150623980e+00	2.810000826e-04	2.399461328e+00	9.843919808e-01	4.536830282e-02	2.273168725e+00	6.303576409e-01	8.614193418e-01	1.336499879e+00	4.094942392e+00	3.986069039e-01	-1.364604457e+00	-3.146608057e+03	-2.076206267e+01

21	3.454310275e-01	7.206037552e-01	1.654202739e+00	8.887917983e-01	1.826431725e+00	4.228242090e-01	9.951507469e-01	1.374347951e+00	-4.619541478e-02	5.350422660e-01	1.536021100e+00	-1.187988957e+00	-1.118971776e+05	-1.297432763e+01

22	2.402608973e-01	5.292684777e-01	9.793547757e-01	5.489294989e-01	1.121736356e+00	-2.964813990e-01	5.038508199e-01	9.825804476e-01	-3.081048076e-01	9.248414332e-01	1.647685839e+00	-1.427472738e+00	-6.500848541e+04	-1.122596458e+01

23	2.420266190e-01	9.171594263e-01	5.551829537e-01	4.836674258e-01	1.445633747e+00	1.612119284e-01	7.757936470e-01	1.085265916e+00	-1.937445666e-03	3.195157340e+00	1.191460977e+00	-3.487678165e-01	-9.317009277e+04	-1.280192416e+01

24	2.177745166e-01	4.138126546e-01	1.897923493e+00	5.245741645e-01	1.075301694e+00	4.871887104e-01	8.489037680e-01	1.094165733e+00	5.961738354e-02	1.275813740e+00	1.407972862e+00	-9.554008087e-01	-4.877164603e+04	-1.158418430e+01
0	1.433951540e-01	3.881670577e-01	1.190843464e+00	4.990608582e-01	1.243637191e+00	2.509651448e-01	1.153763619e+00	1.052180690e+00	3.200845009e-01	7.426068433e-01	1.494744422e+00	-9.632583639e-01	-2.609910090e+04	-1.100961222e+01

1	3.605266549e-02	5.848318013e-01	1.640827967e+00	2.715014575e-01	3.109905198e+00	-1.841490588e-01	1.215591305e+00	2.478373609e+00	3.356497997e-01	2.212636343e-01	2.700309003e+00	-1.138762255e+00	-5.711248976e+03	-1.464744464e+01

2	1.866591800e-01	5.681270630e-01	1.030997516e+00	5.077573994e-01	1.453292039e+00	4.340211398e-01	1.142961812e+00	1.229381527e+00	-4.590598918e-02	1.040443988e+00	1.358830902e+00	-7.854764958e-01	-4.487952430e+04	-1.154430862e+01

3	4.715955331e-02	1.109713600e-01	5.993354515e-01	3.731208135e-01	5.823090461e-01	-3.397676561e-01	8.671776600e-01	1.045871077e+00	-1.352580458e-01	1.532564602e+00	2.082448900e+00	-1.799606582e+00	-5.812426506e+03	-1.169800188e+01

4	5.568988835e-02	1.123391957e-01	1.278030745e+00	5.081946357e-01	3.345866027e+00	2.334183321e-01	1.214831339e+00	1.842024231e+00	2.061748449e-02	6.293084685e+00	2.007731382e+00	-4.889692280e-01	-4.048020232e+03	-1.881376211e+01

5	3.989714538e-01	9.837355390e-03	6.859963940e+00	1.848054004e+00	9.397711892e-01	1.324171833e+00	7.659343007e-01	6.447303451e-01	1.856836670e+00	2.258149088e+00	6.616222058e-01	-2.491912160e-01	-3.827146012e+04	-1.712625106e+01

6	1.600837342e-01	6.361692464e-02	5.705497637e-01	2.099568203e-01	8.136447288e-04	6.630538013e-01	3.501873207e+00	1.610175961e+00	1.435591396e+00	2.129352915e+00	1.405906611e+00	1.604172900e-01	-1.579025516e+04	-3.291773663e+01

7	1.107475361e-01	4.054096263e-01	9.991031733e-01	4.882691297e-01	1.695263197e+00	1.814314680e-01	1.466538179e+00	8.148266782e-01	6.277443310e-01	9.137110086e-01	1.200199100e+00	-3.390367346e-01	-2.030794657e+04	-1.098964740e+01

8	3.681596687e-01	3.720937875e-01	1.497557606e+00	3.824895248e-01	1.469203225e+00	-7.570912593e-01	1.592368904e+00	1.869069282e+00	9.438424413e-01	1.940060564e+00	1.125864555e+00	3.581742494e-01	-9.890277364e+04	-1.378823083e+01

9	9.911925586e-02	2.779830031e-01	1.083401552e+00	5.550097780e-01	2.137781744e+00	-9.665282077e-02	1.431256546e+00	1.513200143e+00	3.037874024e-01	2.708435507e+00	1.802024106e+00	-8.062011262e-01	-1.164671990e+04	-1.445722553e+01

10	7.674747876e-03	4.575908265e-01	1.309303981e+00	1.162050576e+00	3.432076027e+00	-1.449569124e+00	8.023567798e-01	1.256749643e+00	1.141098101e+00	1.201981823e+00	1.482968529e+00	-3.938794018e-01	-3.224325460e+03	-1.495654864e+01

11	3.586284568e+00	2.695739299e-01	8.714932194e-01	2.831762901e-01	1.475082451e+00	1.573851049e-01	1.451006956e+00	1.026734941e-01	-8.250367930e-01	9.131400218e-01	1.213026567e+00	9.324134681e-01	-1.991271177e+06	-1.486082850e+01

12	4.592943304e-02	4.424600778e-01	7.973221894e-01	6.782564265e-01	6.150013768e-01	6.465249570e-01	1.067330835e-01	9.547269429e-02	-4.823310784e-01	1.106630425e-01	7.814239907e-01	1.425206534e-01	-1.132838874e+04	-8.083289637e+00

13	4.290035731e-03	7.419443252e-01	1.179147077e+00	6.294604229e-01	2.987898772e+00	-9.997179335e-02	1.293197929e+00	3.723471937e-01	6.770142659e-01	1.280587281e+00	2.333906826e+00	-1.028867820e+00	-2.805268221e+03	-1.386601669e+01

14	3.834399230e-02	8.616577069e-01	7.652248520e-01	1.082944046e+00	1.918948191e+00	1.179060902e+00	4.360297132e-01	4.013833337e-01	-1.448968182e+00	1.496549756e-01	1.519177955e+00	-1.701004603e+00	-9.012938392e+03	-1.315391638e+01

15	2.121636589e-02	5.487244310e-01	8.225730542e-01	5.710569150e-01	2.719731098e+00	-1.762612061e-01	3.966817998e-01	1.039535518e-01	2.655999762e-01	3.268971527e-01	8.971151784e-01	-2.775690865e-01	-4.029437208e+03	-1.020326713e+01

16	2.634852176e-01	5.897927504e-01	1.571759064e+00	8.372850690e-01	1.320161247e+00	-3.152965381e-01	8.953823309e-01	9.285983301e-01	3.503961283e-01	9.633228571e-01	1.486594705e+00	-9.524174339e-01	-7.757558275e+04	-1.180724947e+01

17	6.497162331e-02	5.580326980e-01	9.989493977e-01	6.631887426e-01	1.383213485e+00	2.338599178e-01	7.333583590e-01	8.914744548e-01	-2.060747036e-01	7.061028766e-01	1.246392335e+00	-4.859737552e-01	-1.418125930e+04	-1.005702942e+01

18	2.894823507e-01	5.331696825e-01	1.024495533e+00	4.261335539e-01	1.855007889e+00	2.527867284e-01	8.862864916e-01	1.129624086e+00	-1.816806996e-01	1.065352598e+00	1.703664079e+00	-4.917450173e-01	-7.541080457e+04	-1.164839403e+01

19	1.257427795e-01	1.161440703e+00	2.237372618e-01	4.120902346e-01	1.058750531e+00	1.251491857e+00	8.441551943e-01	5.123034649e-01	1.598022676e-01	4.954183408e+00	1.260544174e+00	-2.099573006e-03	-5.572734498e+04	-1.438134137e+01

20	2.150623980e+00	2.810000826e-04	2.399461328e+00	9.843919808e-01	4.536830282e-02	2.273168725e+00	6.303576409e-01	8.614193418e-01	1.336499879e+00	4.094942392e+00	3.986069039e-01	-1.364604457e+00	-3.146608057e+03	-2.076206267e+01

21	3.466600763e-01	6.768249392e-01	1.416240409e+00	7.208111890e-01	1.921203686e+00	3.650682261e-01	9.208131349e-01	1.301628948e+00	-1.621972815e-01	7.608449248e-01	1.622267868e+00	-8.848880121e-01	-1.087171338e+05	-1.254850109e+01

22	2.402608973e-01	5.292684777e-01	9.793547757e-01	5.489294989e-01	1.121736356e+00	-2.964813990e-01	5.038508199e-01	9.825804476e-01	-3.081048076e-01	9.248414332e-01	1.647685839e+00	-1.427472738e+00	-6.500848541e+04	-1.122596458e+01

23	2.420266190e-01	9.171594263e-01	5.551829537e-01	4.836674258e-01	1.445633747e+00	1.612119284e-01	7.757936470e-01	1.085265916e+00	-1.937445666e-03	3.195157340e+00	1.191460977e+00	-3.487678165e-01	-9.317009277e+04	-1.280192416e+01

24	2.177745166e-01	4.138126546e-01	1.897923493e+00	5.245741645e-01	1.075301694e+00	4.871887104e-01	8.489037680e-01	1.094165733e+00	5.961738354e-02	1.275813740e+00	1.407972862e+00	-9.554008087e-01	-4.877164603e+04	-1.158418430e+01
0	8.341875303e-03	2.541164337e-01	1.344627190e+00	5.664799871e-01	6.784431219e-01	2.492811448e-01	1.401038287e+00	9.805865685e-01	7.839515404e-01	4.442379691e-01	1.301604397e+00	-1.399158462e+00	-2.638437635e+03	-1.080327751e+01

1	3.605266549e-02	5.848318013e-01	1.640827967e+00	2.715014575e-01	3.109905198e+00	-1.841490588e-01	1.215591305e+00	2.478373609e+00	3.356497997e-01	2.212636343e-01	2.700309003e+00	-1.138762255e+00	-5.711248976e+03	-1.464744464e+01

2	1.866591800e-01	5.681270630e-01	1.030997516e+00	5.077573994e-01	1.453292039e+00	4.340211398e-01	1.142961812e+00	1.229381527e+00	-4.590598918e-02	1.040443988e+00	1.358830902e+00	-7.854764958e-01	-4.487952430e+04	-1.154430862e+01

3	4.715955331e-02	1.109713600e-01	5.993354515e-01	3.731208135e-01	5.823090461e-01	-3.397676561e-01	8.671776600e-01	1.045871077e+00	-1.352580458e-01	1.532564602e+00	2.082448900e+00	-1.799606582e+00	-5.812426506e+03	-1.169800188e+01

4	5.568988835e-02	1.123391957e-01	1.278030745e+00	5.081946357e-01	3.345866027e+00	2.334183321e-01	1.214831339e+00	1.842024231e+00	2.061748449e-02	6.293084685e+00	2.007731382e+00	-4.889692280e-01	-4.048020232e+03	-1.881376211e+01

5	3.989714538e-01	9.837355390e-03	6.859963940e+00	1.848054004e+00	9.397711892e-01	1.324171833e+00	7.659343007e-01	6.447303451e-01	1.856836670e+00	2.258149088e+00	6.616222058e-01	-2.491912160e-01	-3.827146012e+04	-1.712625106e+01

6	1.402083592e-01	1.149943349e-01	6.668893394e-01	3.341176118e-01	4.482782466e-01	3.875505402e-01	3.149834247e+00	1.564086286e+00	1.397187068e+00	2.008416161e+00	1.415956113e+00	8.813248025e-02	-1.490118979e+04	-1.374268438e+01

7	6.315339312e-02	3.033910618e-01	9.791064533e-01	4.760506156e-01	1.846971278e+00	2.306592202e-02	1.669410085e+00	5.549142100e-01	1.050101271e+00	8.342535336e-01	1.100742097e+00	-5.913345898e-02	-9.819008517e+03	-1.102677655e+01

8	3.521193129e-01	3.664828443e-01	1.472865366e+00	3.927752890e-01	1.509064290e+00	-7.177155111e-01	1.582763286e+00	1.847852144e+00	9.056819640e-01	1.985871553e+00	1.166177606e+00	2.887534693e-01	-9.102155138e+04	-1.377132272e+01

9	9.911925586e-02	2.779830031e-01	1.083401552e+00	5.550097780e-01	2.137781744e+00	-9.665282077e-02	1.431256546e+00	1.513200143e+00	3.037874024e-01	2.708435507e+00	1.802024106e+00	-8.062011262e-01	-1.164671990e+04	-1.445722553e+01

10	7.674747876e-03	4.575908265e-01	1.309303981e+00	1.162050576e+00	3.432076027e+00	-1.449569124e+00	8.023567798e-01	1.256749643e+00	1.141098101e+00	1.201981823e+00	1.482968529e+00	-3.938794018e-01	-3.224325460e+03	-1.495654864e+01

11	3.586284568e+00	2.695739299e-01	8.714932194e-01	2.831762901e-01	1.475082451e+00	1.573851049e-01	1.451006956e+00	1.026734941e-01	-8.250367930e-01	9.131400218e-01	1.213026567e+00	9.324134681e-01	-1.991271177e+06	-1.486082850e+01

12	4.592943304e-02	4.424600778e-01	7.973221894e-01	6.782564265e-01	6.150013768e-01	6.465249570e-01	1.067330835e-01	9.547269429e-02	-4.823310784e-01	1.106630425e-01	7.814239907e-01	1.425206534e-01	-1.132838874e+04	-8.083289637e+00

13	4.290035731e-03	7.419443252e-01	1.179147077e+00	6.294604229e-01	2.987898772e+00	-9.997179335e-02	1.293197929e+00	3.723471937e-01	6.770142659e-01	1.280587281e+00	2.333906826e+00	-1.028867820e+00	-2.805268221e+03	-1.386601669e+01

14	3.834399230e-02	8.616577069e-01	7.652248520e-01	1.082944046e+00	1.918948191e+00	1.179060902e+00	4.360297132e-01	4.013833337e-01	-1.448968182e+00	1.496549756e-01	1.519177955e+00	-1.701004603e+00	-9.012938392e+03	-1.315391638e+01

15	2.121636589e-02	5.487244310e-01	8.225730542e-01	5.710569150e-01	2.719731098e+00	-1.762612061e-01	3.966817998e-01	1.039535518e-01	2.655999762e-01	3.268971527e-01	8.971151784e-01	-2.775690865e-01	-4.029437208e+03	-1.020326713e+01

16	2.147357944e-01	4.818893877e-01	1.352621448e+00	7.326847211e-01	1.153884770e+00	-3.208111537e-01	8.890263517e-01	9.550259793e-01	2.409529841e-01	1.091602628e+00	1.620871646e+00	-1.143333211e+00	-5.255353857e+04	-1.170218888e+01

17	6.497162331e-02	5.580326980e-01	9.989493977e-01	6.631887426e-01	1.383213485e+00	2.338599178e-01	7.333583590e-01	8.914744548e-01	-2.060747036e-01	7.061028766e-01	1.246392335e+00	-4.859737552e-01	-1.418125930e+04	-1.005702942e+01

18	2.894823507e-01	5.331696825e-01	1.024495533e+00	4.261335539e-01	1.855007889e+00	2.527867284e-01	8.862864916e-01	1.129624086e+00	-1.816806996e-01	1.065352598e+00	1.703664079e+00	-4.917450173e-01	-7.541080457e+04	-1.164839403e+01

19	1.257427795e-01	1.161440703e+00	2.237372618e-01	4.120902346e-01	1.058750531e+00	1.251491857e+00	8.441551943e-01	5.123034649e-01	1.598022676e-01	4.954183408e+00	1.260544174e+00	-2.099573006e-03	-5.572734498e+04	-1.438134137e+01

20	2.150623980e+00	2.810000826e-04	2.399461328e+00	9.843919808e-01	4.536830282e-02	2.273168725e+00	6.303576409e-01	8.614193418e-01	1.336499879e+00	4.094942392e+00	3.986069039e-01	-1.364604457e+00	-3.146608057e+03	-2.076206267e+01

21	2.678019016e-01	7.240997180e-01	1.249729801e+00	8.134341093e-01	1.920626797e+00	5.732635815e-01	7.968198120e-01	1.071372631e+00	-4.913153838e-01	6.045205347e-01	1.595900504e+00	-1.093626602e+00	-8.059998401e+04	-1.239566965e+01

22	2.402608973e-01	5.292684777e-01	9.793547757e-01	5.489294989e-01	1.121736356e+00	-2.964813990e-01	5.038508199e-01	9.825804476e-01	-3.081048076e-01	9.248414332e-01	1.647685839e+00	-1.427472738e+00	-6.500848541e+04	-1.122596458e+01

23	1.796814232e-01	8.131327718e-01	6.306798473e-01	5.083416189e-01	1.805371792e+00	6.592727408e-02	6.687524113e-01	8.081949436e-01	7.360104366e-02	2.385311599e+00	1.108353212e+00	-3.286650418e-01	-6.299102984e+04	-1.174182941e+01

24	2.177745166e-01	4.138126546e-01	1.897923493e+00	5.245741645e-01	1.075301694e+00	4.871887104e-01	8.489037680e-01	1.094165733e+00	5.961738354e-02	1.275813740e+00	1.407972862e+00	-9.554008087e-01	-4.877164603e+04	-1.158418430e+01
0	8.341875303e-03	2.541164337e-01	1.344627190e+00	5.664799871e-01	6.784431219e-01	2.492811448e-01	1.401038287e+00	9.805865685e-01	7.839515404e-01	4.442379691e-01	1.301604397e+00	-1.399158462e+00	-2.638437635e+03	-1.080327751e+01

1	3.605266549e-02	5.848318013e-01	1.640827967e+00	2.715014575e-01	3.109905198e+00	-1.841490588e-01	1.215591305e+00	2.478373609e+00	3.356497997e-01	2.212636343e-01	2.700309003e+00	-1.138762255e+00	-5.711248976e+03	-1.464744464e+01

2	1.866591800e-01	5.681270630e-01	1.030997516e+00	5.077573994e-01	1.453292039e+00	4.340211398e-01	1.142961812e+00	1.229381527e+00	-4.590598918e-02	1.040443988e+00	1.358830902e+00	-7.854764958e-01	-4.487952430e+04	-1.154430862e+01

3	4.715955331e-02	1.109713600e-01	5.993354515e-01	3.731208135e-01	5.823090461e-01	-3.397676561e-01	8.671776600e-01	1.045871077e+00	-1.352580458e-01	1.532564602e+00	2.082448900e+00	-1.799606582e+00	-5.812426506e+03	-1.169800188e+01

4	5.859773278e-02	7.553006542e-02	1.316448638e+00	5.028921974e-01	3.398680559e+00	2.679748346e-01	1.283842320e+00	1.988630634e+00	-4.680868858e-05	6.796333090e+00	2.101411950e+00	-5.068008472e-01	-3.879005703e+03	-1.962515354e+01

5	3.989714538e-01	9.837355390e-03	6.859963940e+00	1.848054004e+00	9.397711892e-01	1.324171833e+00	7.659343007e-01	6.447303451e-01	1.856836670e+00	2.258149088e+00	6.616222058e-01	-2.491912160e-01	-3.827146012e+04	-1.712625106e+01

6	1.402083592e-01	1.149943349e-01	6.668893394e-01	3.341176118e-01	4.482782466e-01	3.875505402e-01	3.149834247e+00	1.564086286e+00	1.397187068e+00	2.008416161e+00	1.415956113e+00	8.813248025e-02	-1.490118979e+04	-1.374268438e+01

7	6.315339312e-02	3.033910618e-01	9.791064533e-01	4.760506156e-01	1.846971278e+00	2.306592202e-02	1.669410085e+00	5.549142100e-01	1.050101271e+00	8.342535336e-01	1.100742097e+00	-5.913345898e-02	-9.819008517e+03	-1.102677655e+01

8	3.521193129e-01	3.664828443e-01	1.472865366e+00	3.927752890e-01	1.509064290e+00	-7.177155111e-01	1.582763286e+00	1.847852144e+00	9.056819640e-01	1.985871553e+00	1.166177606e+00	2.887534693e-01	-9.102155138e+04	-1.377132272e+01

9	8.390571913e-02	2.739831639e-01	1.127180805e+00	5.569320900e-01	1.893208685e+00	-3.867715483e-02	1.426192217e+00	1.423938522e+00	3.842589329e-01	2.328974763e+00	1.718157910e+00	-9.055758620e-01	-9.792698301e+03	-1.382367062e+01

10	7.674747876e-03	4.575908265e-01	1.309303981e+00	1.162050576e+00	3.432076027e+00	-1.449569124e+00	8.023567798e-01	1.256749643e+00	1.141098101e+00	1.201981823e+00	1.482968529e+00	-3.938794018e-01	-3.224325460e+03	-1.495654864e+01

11	3.586284568e+00	2.695739299e-01	8.714932194e-01	2.831762901e-01	1.475082451e+00	1.573851049e-01	1.451006956e+00	1.026734941e-01	-8.250367930e-01	9.131400218e-01	1.213026567e+00	9.324134681e-01	-1.991271177e+06	-1.486082850e+01

12	4.592943304e-02	4.424600778e-01	7.973221894e-01	6.782564265e-01	6.150013768e-01	6.465249570e-01	1.067330835e-01	9.547269429e-02	-4.823310784e-01	1.106630425e-01	7.814239907e-01	1.425206534e-01	-1.132838874e+04	-8.083289637e+00

13	4.290035731e-03	7.419443252e-01	1.179147077e+00	6.294604229e-01	2.987898772e+00	-9.997179335e-02	1.293197929e+00	3.723471937e-01	6.770142659e-01	1.280587281e+00	2.333906826e+00	-1.028867820e+00	-2.805268221e+03	-1.386601669e+01

14	3.834399230e-02	8.616577069e-01	7.652248520e-01	1.082944046e+00	1.918948191e+00	1.179060902e+00	4.360297132e-01	4.013833337e-01	-1.448968182e+00	1.496549756e-01	1.519177955e+00	-1.701004603e+00	-9.012938392e+03	-1.315391638e+01

15	2.121636589e-02	5.487244310e-01	8.225730542e-01	5.710569150e-01	2.719731098e+00	-1.762612061e-01	3.966817998e-01	1.039535518e-01	2.655999762e-01	3.268971527e-01	8.971151784e-01	-2.775690865e-01	-4.029437208e+03	-1.020326713e+01

16	1.903679678e-01	4.389132229e-01	1.295879534e+00	6.952372049e-01	1.361255023e+00	-2.735666034e-01	1.003309062e+00	1.072669107e+00	2.541962296e-01	1.432373107e+00	1.659052098e+00	-1.072277839e+00	-3.992734962e+04	-1.228604865e+01

17	7.870652096e-02	4.453908072e-01	1.032917835e+00	6.196768826e-01	1.686716745e+00	1.009207271e-01	1.014067722e+00	1.141545633e+00	-9.974166073e-04	1.511483270e+00	1.469879146e+00	-6.147759543e-01	-1.356470378e+04	-1.179387168e+01

18	1.733006556e-01	6.851349008e-01	9.045516609e-01	7.299874007e-01	1.884587968e+00	6.812999364e-01	6.779885794e-01	7.927251530e-01	-7.679535761e-01	6.417323174e-01	1.618317059e+00	-1.051173013e+00	-4.825096130e+04	-1.181246126e+01

19	1.257427795e-01	1.161440703e+00	2.237372618e-01	4.120902346e-01	1.058750531e+00	1.251491857e+00	8.441551943e-01	5.123034649e-01	1.598022676e-01	4.954183408e+00	1.260544174e+00	-2.099573006e-03	-5.572734498e+04	-1.438134137e+01

20	2.150623980e+00	2.810000826e-04	2.399461328e+00	9.843919808e-01	4.536830282e-02	2.273168725e+00	6.303576409e-01	8.614193418e-01	1.336499879e+00	4.094942392e+00	3.986069039e-01	-1.364604457e+00	-3.146608057e+03	-2.076206267e+01

21	2.678019016e-01	7.240997180e-01	1.249729801e+00	8.134341093e-01	1.920626797e+00	5.732635815e-01	7.968198120e-01	1.071372631e+00	-4.913153838e-01	6.045205347e-01	1.595900504e+00	-1.093626602e+00	-8.059998401e+04	-1.239566965e+01

22	2.402608973e-01	5.292684777e-01	9.793547757e-01	5.489294989e-01	1.121736356e+00	-2.964813990e-01	5.038508199e-01	9.825804476e-01	-3.081048076e-01	9.248414332e-01	1.647685839e+00	-1.427472738e+00	-6.500848541e+04	-1.122596458e+01

23	1.392019136e-01	7.009501503e-01	6.811134915e-01	5.597656619e-01	1.445110905e+00	2.416428613e-01	4.986594896e-01	5.924923801e-01	-9.464960937e-02	1.696898230e+00	1.009409379e+00	-1.860625589e-01	-4.796293687e+04	-1.017829394e+01

24	2.177745166e-01	4.138126546e-01	1.897923493e+00	5.245741645e-01	1.075301694e+00	4.871887104e-01	8.489037680e-01	1.094165733e+00	5.961738354e-02	1.275813740e+00	1.407972862e+00	-9.554008087e-01	-4.877164603e+04	-1.158418430e+01
0	8.341875303e-03	2.541164337e-01	1.344627190e+00	5.664799871e-01	6.784431219e-01	2.492811448e-01	1.401038287e+00	9.805865685e-01	7.839515404e-01	4.442379691e-01	1.301604397e+00	-1.399158462e+00	-2.638437635e+03	-1.080327751e+01

1	3.605266549e-02	5.848318013e-01	1.640827967e+00	2.715014575e-01	3.109905198e+00	-1.841490588e-01	1.215591305e+00	2.478373609e+00	3.356497997e-01	2.212636343e-01	2.700309003e+00	-1.138762255e+00	-5.711248976e+03	-1.464744464e+01

2	1.866591800e-01	5.681270630e-01	1.030997516e+00	5.077573994e-01	1.453292039e+00	4.340211398e-01	1.142961812e+00	1.229381527e+00	-4.590598918e-02	1.040443988e+00	1.358830902e+00	-7.854764958e-01	-4.487952430e+04	-1.154430862e+01

3	3.519609725e-02	8.357549725e-02	5.411470095e-01	3.462116035e-01	5.172368505e-01	-3.452980112e-01	8.558054089e-01	1.043632402e+00	-1.677925803e-01	1.540934477e+00	2.117818952e+00	-1.860366737e+00	-4.968615328e+03	-1.169375753e+01

4	5.859773278e-02	7.553006542e-02	1.316448638e+00	5.028921974e-01	3.398680559e+00	2.679748346e-01	1.283842320e+00	1.988630634e+00	-4.680868858e-05	6.796333090e+00	2.101411950e+00	-5.068008472e-01	-3.879005703e+03	-1.962515354e+01

5	2.233665555e-01	2.107787423e-01	4.368956316e+00	1.540191555e+00	2.058259873e+00	7.938113715e-02	7.822798657e-01	9.193904304e-01	1.535629778e+00	1.784165682e+00	1.030223412e+00	-3.141239225e-01	-3.714410223e+04	-1.524917261e+01

6	1.391255737e-01	1.154343608e-01	6.409746265e-01	3.277825958e-01	4.462216109e-01	3.836312798e-01	3.159809596e+00	1.567933301e+00	1.395263680e+00	2.007371162e+00	1.419112598e+00	8.954399994e-02	-1.475772003e+04	-1.373167058e+01

7	6.269449948e-02	2.804385247e-01	1.013087078e+00	4.787543798e-01	2.003275628e+00	4.773570319e-02	1.630571676e+00	6.993330883e-01	9.443193984e-01	1.434816398e+00	1.201540006e+00	-1.042271895e-01	-8.473365463e+03	-1.184203658e+01

8	3.521193129e-01	3.664828443e-01	1.472865366e+00	3.927752890e-01	1.509064290e+00	-7.177155111e-01	1.582763286e+00	1.847852144e+00	9.056819640e-01	1.985871553e+00	1.166177606e+00	2.887534693e-01	-9.102155138e+04	-1.377132272e+01

9	2.446575844e-02	2.118965567e-01	7.849583005e-01	5.712995443e-01	2.256372919e+00	-2.721702984e-01	1.682517838e+00	1.570363095e+00	5.284051514e-01	2.796595679e+00	1.855885202e+00	-8.834527614e-01	-3.901390638e+03	-1.489244988e+01

10	7.674747876e-03	4.575908265e-01	1.309303981e+00	1.162050576e+00	3.432076027e+00	-1.449569124e+00	8.023567798e-01	1.256749643e+00	1.141098101e+00	1.201981823e+00	1.482968529e+00	-3.938794018e-01	-3.224325460e+03	-1.495654864e+01

11	3.586284568e+00	2.695739299e-01	8.714932194e-01	2.831762901e-01	1.475082451e+00	1.573851049e-01	1.451006956e+00	1.026734941e-01	-8.250367930e-01	9.131400218e-01	1.213026567e+00	9.324134681e-01	-1.991271177e+06	-1.486082850e+01

12	4.592943304e-02	4.424600778e-01	7.973221894e-01	6.782564265e-01	6.150013768e-01	6.465249570e-01	1.067330835e-01	9.547269429e-02	-4.823310784e-01	1.106630425e-01	7.814239907e-01	1.425206534e-01	-1.132838874e+04	-8.083289637e+00

13	4.290035731e-03	7.419443252e-01	1.179147077e+00	6.294604229e-01	2.987898772e+00	-9.997179335e-02	1.293197929e+00	3.723471937e-01	6.770142659e-01	1.280587281e+00	2.333906826e+00	-1.028867820e+00	-2.805268221e+03	-1.386601669e+01

14	3.834399230e-02	8.616577069e-01	7.652248520e-01	1.082944046e+00	1.918948191e+00	1.179060902e+00	4.360297132e-01	4.013833337e-01	-1.448968182e+00	1.496549756e-01	1.519177955e+00	-1.701004603e+00	-9.012938392e+03	-1.315391638e+01

15	1.829158446e-02	5.290409727e-01	9.276994562e-01	6.987024655e-01	2.873586658e+00	-4.512761528e-01	4.843013625e-01	3.529397955e-01	4.546941197e-01	5.159019963e-01	1.023650501e+00	-3.026903275e-01	-3.577091743e+03	-1.024584474e+01

16	5.914380312e-02	4.976738838e-01	1.152296073e+00	9.406157659e-01	1.241341661e+00	8.675849571e-02	5.332146921e-01	4.437856403e-01	-2.743352106e-01	9.833359050e-01	2.058906848e+00	-2.176442980e+00	-1.534288397e+04	-1.290153185e+01

17	7.870652096e-02	4.453908072e-01	1.032917835e+00	6.196768826e-01	1.686716745e+00	1.009207271e-01	1.014067722e+00	1.141545633e+00	-9.974166073e-04	1.511483270e+00	1.469879146e+00	-6.147759543e-01	-1.356470378e+04	-1.179387168e+01

18	1.756770876e-01	6.508512909e-01	9.590396828e-01	7.251488253e-01	1.811719719e+00	5.483454691e-01	7.232858117e-01	8.317042121e-01	-6.256306679e-01	7.518201889e-01	1.623988956e+00	-1.054111623e+00	-4.696610650e+04	-1.176344005e+01

19	1.257427795e-01	1.161440703e+00	2.237372618e-01	4.120902346e-01	1.058750531e+00	1.251491857e+00	8.441551943e-01	5.123034649e-01	1.598022676e-01	4.954183408e+00	1.260544174e+00	-2.099573006e-03	-5.572734498e+04	-1.438134137e+01

20	2.150623980e+00	2.810000826e-04	2.399461328e+00	9.843919808e-01	4.536830282e-02	2.273168725e+00	6.303576409e-01	8.614193418e-01	1.336499879e+00	4.094942392e+00	3.986069039e-01	-1.364604457e+00	-3.146608057e+03	-2.076206267e+01

21	2.678019016e-01	7.240997180e-01	1.249729801e+00	8.134341093e-01	1.920626797e+00	5.732635815e-01	7.968198120e-01	1.071372631e+00	-4.913153838e-01	6.045205347e-01	1.595900504e+00	-1.093626602e+00	-8.059998401e+04	-1.239566965e+01

22	1.479528426e-01	3.286438360e-01	7.820995352e-01	4.576778820e-01	8.496264015e-01	-3.184557530e-01	6.622799772e-01	1.010062430e+00	-2.449445346e-01	1.202170113e+00	1.859311984e+00	-1.622336034e+00	-2.722402456e+04	-1.139796006e+01

23	1.392019136e-01	7.009501503e-01	6.811134915e-01	5.597656619e-01	1.445110905e+00	2.416428613e-01	4.986594896e-01	5.924923801e-01	-9.464960937e-02	1.696898230e+00	1.009409379e+00	-1.860625589e-01	-4.796293687e+04	-1.017829394e+01

24	2.177745166e-01	4.138126546e-01	1.897923493e+00	5.245741645e-01	1.075301694e+00	4.871887104e-01	8.489037680e-01	1.094165733e+00	5.961738354e-02	1.275813740e+00	1.407972862e+00	-9.554008087e-01	-4.877164603e+04	-1.158418430e+01
0	8.341875303e-03	2.541164337e-01	1.344627190e+00	5.664799871e-01	6.784431219e-01	2.492811448e-01	1.401038287e+00	9.805865685e-01	7.839515404e-01	4.442379691e-01	1.301604397e+00	-1.399158462e+00	-2.638437635e+03	-1.080327751e+01

1	3.605266549e-02	5.848318013e-01	1.640827967e+00	2.715014575e-01	3.109905198e+00	-1.841490588e-01	1.215591305e+00	2.478373609e+00	3.356497997e-01	2.212636343e-01	2.700309003e+00	-1.138762255e+00	-5.711248976e+03	-1.464744464e+01

2	1.186215389e-01	5.261087450e-01	1.136790602e+00	7.564749208e-01	2.205490391e+00	-2.819910678e-01	1.013487071e+00	1.239785013e+00	4.053117917e-01	1.101849626e+00	1.406019539e+00	-6.366180603e-01	-2.310285348e+04	-1.231058265e+01

3	2.943109013e-02	1.494901170e-02	5.613561370e-01	3.420171840e-01	4.827592733e-01	-4.469638561e-01	8.565471652e-01	1.077461528e+00	-1.886501820e-01	1.323616692e+00	2.172400689e+00	-1.978680552e+00	-2.381217960e+03	-1.173855518e+01

4	5.859773278e-02	7.553006542e-02	1.316448638e+00	5.028921974e-01	3.398680559e+00	2.679748346e-01	1.283842320e+00	1.988630634e+00	-4.680868858e-05	6.796333090e+00	2.101411950e+00	-5.068008472e-01	-3.879005703e+03	-1.962515354e+01

5	2.233665555e-01	2.107787423e-01	4.368956316e+00	1.540191555e+00	2.058259873e+00	7.938113715e-02	7.822798657e-01	9.193904304e-01	1.535629778e+00	1.784165682e+00	1.030223412e+00	-3.141239225e-01	-3.714410223e+04	-1.524917261e+01

6	1.391255737e-01	1.154343608e-01	6.409746265e-01	3.277825958e-01	4.462216109e-01	3.836312798e-01	3.159809596e+00	1.567933301e+00	1.395263680e+00	2.007371162e+00	1.419112598e+00	8.954399994e-02	-1.475772003e+04	-1.373167058e+01

7	8.985049508e-02	1.283978989e-01	1.065308557e+00	3.442382281e-01	1.471009616e+00	3.529220578e-01	2.331609245e+00	9.111807729e-01	1.243765097e+00	1.996807326e+00	1.310333912e+00	1.714916840e-02	-7.944488985e+03	-1.309408285e+01

8	3.029784826e-01	3.794809356e-01	1.449530574e+00	5.025253914e-01	1.783414368e+00	-8.221267802e-01	1.471425127e+00	1.763521397e+00	9.392680490e-01	1.874036454e+00	1.211373177e+00	1.913643698e-01	-7.083754341e+04	-1.391665449e+01

9	2.446575844e-02	2.118965567e-01	7.849583005e-01	5.712995443e-01	2.256372919e+00	-2.721702984e-01	1.682517838e+00	1.570363095e+00	5.284051514e-01	2.796595679e+00	1.855885202e+00	-8.834527614e-01	-3.901390638e+03	-1.489244988e+01

10	7.674747876e-03	4.575908265e-01	1.309303981e+00	1.162050576e+00	3.432076027e+00	-1.449569124e+00	8.023567798e-01	1.256749643e+00	1.141098101e+00	1.201981823e+00	1.482968529e+00	-3.938794018e-01	-3.224325460e+03	-1.495654864e+01

11	2.536700402e+00	3.208282692e-01	8.495042562e-01	4.003029171e-01	1.220100269e+00	3.023969537e-01	1.052479544e+00	1.005387236e-01	-7.234372421e-01	6.752353205e-01	1.085072389e+00	6.982395055e-01	-1.183101962e+06	-1.274929239e+01

12	4.592943304e-02	4.424600778e-01	7.973221894e-01	6.782564265e-01	6.150013768e-01	6.465249570e-01	1.067330835e-01	9.547269429e-02	-4.823310784e-01	1.106630425e-01	7.814239907e-01	1.425206534e-01	-1.132838874e+04	-8.083289637e+00

13	4.290035731e-03	7.419443252e-01	1.179147077e+00	6.294604229e-01	2.987898772e+00	-9.997179335e-02	1.293197929e+00	3.723471937e-01	6.770142659e-01	1.280587281e+00	2.333906826e+00	-1.028867820e+00	-2.805268221e+03	-1.386601669e+01

14	3.738809053e-02	7.461707450e-01	1.130511270e+00	7.444242852e-01	2.415794778e+00	6.103533729e-01	7.612492757e-01	1.267867618e+00	-7.044565422e-01	1.795288648e-01	2.011925323e+00	-1.466446856e+00	-7.366266806e+03	-1.318372595e+01

15	1.829158446e-02	5.290409727e-01	9.276994562e-01	6.987024655e-01	2.873586658e+00	-4.512761528e-01	4.843013625e-01	3.529397955e-01	4.546941197e-01	5.159019963e-01	1.023650501e+00	-3.026903275e-01	-3.577091743e+03	-1.024584474e+01

16	5.914380312e-02	4.976738838e-01	1.152296073e+00	9.406157659e-01	1.241341661e+00	8.675849571e-02	5.332146921e-01	4.437856403e-01	-2.743352106e-01	9.833359050e-01	2.058906848e+00	-2.176442980e+00	-1.534288397e+04	-1.290153185e+01

17	7.870652096e-02	4.453908072e-01	1.032917835e+00	6.196768826e-01	1.686716745e+00	1.009207271e-01	1.014067722e+00	1.141545633e+00	-9.974166073e-04	1.511483270e+00	1.469879146e+00	-6.147759543e-01	-1.356470378e+04	-1.179387168e+01

18	1.756770876e-01	6.508512909e-01	9.590396828e-01	7.251488253e-01	1.811719719e+00	5.483454691e-01	7.232858117e-01	8.317042121e-01	-6.256306679e-01	7.518201889e-01	1.623988956e+00	-1.054111623e+00	-4.696610650e+04	-1.176344005e+01

19	1.257427795e-01	1.161440703e+00	2.237372618e-01	4.120902346e-01	1.058750531e+00	1.251491857e+00	8.441551943e-01	5.123034649e-01	1.598022676e-01	4.954183408e+00	1.260544174e+00	-2.099573006e-03	-5.572734498e+04	-1.438134137e+01

20	2.150623980e+00	2.810000826e-04	2.399461328e+00	9.843919808e-01	4.536830282e-02	2.273168725e+00	6.303576409e-01	8.614193418e-01	1.336499879e+00	4.094942392e+00	3.986069039e-01	-1.364604457e+00	-3.146608057e+03	-2.076206267e+01

21	2.678019016e-01	7.240997180e-01	1.249729801e+00	8.134341093e-01	1.920626797e+00	5.732635815e-01	7.968198120e-01	1.071372631e+00	-4.913153838e-01	6.045205347e-01	1.595900504e+00	-1.093626602e+00	-8.059998401e+04	-1.239566965e+01

22	1.479528426e-01	3.286438360e-01	7.820995352e-01	4.576778820e-01	8.496264015e-01	-3.184557530e-01	6.622799772e-01	1.010062430e+00	-2.449445346e-01	1.202170113e+00	1.859311984e+00	-1.622336034e+00	-2.722402456e+04	-1.139796006e+01

23	1.392019136e-01	7.009501503e-01	6.811134915e-01	5.597656619e-01	1.445110905e+00	2.416428613e-01	4.986594896e-01	5.924923801e-01	-9.464960937e-02	1.696898230e+00	1.009409379e+00	-1.860625589e-01	-4.796293687e+04	-1.017829394e+01

24	2.177745166e-01	4.138126546e-01	1.897923493e+00	5.245741645e-01	1.075301694e+00	4.871887104e-01	8.489037680e-01	1.094165733e+00	5.961738354e-02	1.275813740e+00	1.407972862e+00	-9.554008087e-01	-4.877164603e+04	-1.158418430e+01
0	8.341875303e-03	2.541164337e-01	1.344627190e+00	5.664799871e-01	6.784431219e-01	2.492811448e-01	1.401038287e+00	9.805865685e-01	7.839515404e-01	4.442379691e-01	1.301604397e+00	-1.399158462e+00	-2.638437635e+03	-1.080327751e+01

1	3.605266549e-02	5.848318013e-01	1.640827967e+00	2.715014575e-01	3.109905198e+00	-1.841490588e-01	1.215591305e+00	2.478373609e+00	3.356497997e-01	2.212636343e-01	2.700309003e+00	-1.138762255e+00	-5.711248976e+03	-1.464744464e+01

2	1.186215389e-01	5.261087450e-01	1.136790602e+00	7.564749208e-01	2.205490391e+00	-2.819910678e-01	1.013487071e+00	1.239785013e+00	4.053117917e-01	1.101849626e+00	1.406019539e+00	-6.366180603e-01	-2.310285348e+04	-1.231058265e+01

3	2.943109013e-02	1.494901170e-02	5.613561370e-01	3.420171840e-01	4.827592733e-01	-4.469638561e-01	8.565471652e-01	1.077461528e+00	-1.886501820e-01	1.323616692e+00	2.172400689e+00	-1.978680552e+00	-2.381217960e+03	-1.173855518e+01

4	5.859773278e-02	7.553006542e-02	1.316448638e+00	5.028921974e-01	3.398680559e+00	2.679748346e-01	1.283842320e+00	1.988630634e+00	-4.680868858e-05	6.796333090e+00	2.101411950e+00	-5.068008472e-01	-3.879005703e+03	-1.962515354e+01

5	4.766957875e-02	2.299686110e-01	4.548503849e+00	1.590860606e+00	2.241763623e+00	-1.206138619e-01	7.961297413e-01	9.246753211e-01	1.553783306e+00	1.573505458e+00	1.087804257e+00	-2.183576529e-01	-5.609304543e+03	-1.526750914e+01

6	1.391255737e-01	1.154343608e-01	6.409746265e-01	3.277825958e-01	4.462216109e-01	3.836312798e-01	3.159809596e+00	1.567933301e+00	1.395263680e+00	2.007371162e+00	1.419112598e+00	8.954399994e-02	-1.475772003e+04	-1.373167058e+01

7	8.985049508e-02	1.283978989e-01	1.065308557e+00	3.442382281e-01	1.471009616e+00	3.529220578e-01	2.331609245e+00	9.111807729e-01	1.243765097e+00	1.996807326e+00	1.310333912e+00	1.714916840e-02	-7.944488985e+03	-1.309408285e+01

8	3.029784826e-01	3.794809356e-01	1.449530574e+00	5.025253914e-01	1.783414368e+00	-8.221267802e-01	1.471425127e+00	1.763521397e+00	9.392680490e-01	1.874036454e+00	1.211373177e+00	1.913643698e-01	-7.083754341e+04	-1.391665449e+01

9	2.446575844e-02	2.118965567e-01	7.849583005e-01	5.712995443e-01	2.256372919e+00	-2.721702984e-01	1.682517838e+00	1.570363095e+00	5.284051514e-01	2.796595679e+00	1.855885202e+00	-8.834527614e-01	-3.901390638e+03	-1.489244988e+01

10	7.674747876e-03	4.575908265e-01	1.309303981e+00	1.162050576e+00	3.432076027e+00	-1.449569124e+00	8.023567798e-01	1.256749643e+00	1.141098101e+00	1.201981823e+00	1.482968529e+00	-3.938794018e-01	-3.224325460e+03	-1.495654864e+01

11	2.536700402e+00	3.208282692e-01	8.495042562e-01	4.003029171e-01	1.220100269e+00	3.023969537e-01	1.052479544e+00	1.005387236e-01	-7.234372421e-01	6.752353205e-01	1.085072389e+00	6.982395055e-01	-1.183101962e+06	-1.274929239e+01

12	4.592943304e-02	4.424600778e-01	7.973221894e-01	6.782564265e-01	6.150013768e-01	6.465249570e-01	1.067330835e-01	9.547269429e-02	-4.823310784e-01	1.106630425e-01	7.814239907e-01	1.425206534e-01	-1.132838874e+04	-8.083289637e+00

13	4.290035731e-03	7.419443252e-01	1.179147077e+00	6.294604229e-01	2.987898772e+00	-9.997179335e-02	1.293197929e+00	3.723471937e-01	6.770142659e-01	1.280587281e+00	2.333906826e+00	-1.028867820e+00	-2.805268221e+03	-1.386601669e+01

14	2.263907792e-02	6.029263814e-01	1.219259816e+00	9.517242683e-01	2.920253167e+00	-4.121442723e-01	7.816540852e-01	1.262348914e+00	2.116338832e-01	6.870507464e-01	1.749363466e+00	-9.340493033e-01	-4.409245978e+03	-1.298642152e+01

15	1.829158446e-02	5.290409727e-01	9.276994562e-01	6.987024655e-01	2.873586658e+00	-4.512761528e-01	4.843013625e-01	3.529397955e-01	4.546941197e-01	5.159019963e-01	1.023650501e+00	-3.026903275e-01	-3.577091743e+03	-1.024584474e+01

16	5.914380312e-02	4.976738838e-01	1.152296073e+00	9.406157659e-01	1.241341661e+00	8.675849571e-02	5.332146921e-01	4.437856403e-01	-2.743352106e-01	9.833359050e-01	2.058906848e+00	-2.176442980e+00	-1.534288397e+04	-1.290153185e+01

17	7.870652096e-02	4.453908072e-01	1.032917835e+00	6.196768826e-01	1.686716745e+00	1.009207271e-01	1.014067722e+00	1.141545633e+00	-9.974166073e-04	1.511483270e+00	1.469879146e+00	-6.147759543e-01	-1.356470378e+04	-1.179387168e+01

18	1.756770876e-01	6.508512909e-01	9.590396828e-01	7.251488253e-01	1.811719719e+00	5.483454691e-01	7.232858117e-01	8.317042121e-01	-6.256306679e-01	7.518201889e-01	1.623988956e+00	-1.054111623e+00	-4.696610650e+04	-1.176344005e+01

19	1.257427795e-01	1.161440703e+00	2.237372618e-01	4.120902346e-01	1.058750531e+00	1.251491857e+00	8.441551943e-01	5.123034649e-01	1.598022676e-01	4.954183408e+00	1.260544174e+00	-2.099573006e-03	-5.572734498e+04	-1.438134137e+01

20	2.150623980e+00	2.810000826e-04	2.399461328e+00	9.843919808e-01	4.536830282e-02	2.273168725e+00	6.303576409e-01	8.614193418e-01	1.336499879e+00	4.094942392e+00	3.986069039e-01	-1.364604457e+00	-3.146608057e+03	-2.076206267e+01

21	2.678019016e-01	7.240997180e-01	1.249729801e+00	8.134341093e-01	1.920626797e+00	5.732635815e-01	7.968198120e-01	1.071372631e+00	-4.913153838e-01	6.045205347e-01	1.595900504e+00	-1.093626602e+00	-8.059998401e+04	-1.239566965e+01

22	1.086087641e-01	3.894518274e-01	8.262800004e-01	5.308137613e-01	1.463771692e+00	-3.587584333e-01	6.082746044e-01	8.106668289e-01	-3.264798209e-02	9.939306823e-01	1.605741015e+00	-1.221906138e+00	-2.017041313e+04	-1.084840110e+01

23	1.392019136e-01	7.009501503e-01	6.811134915e-01	5.597656619e-01	1.445110905e+00	2.416428613e-01	4.986594896e-01	5.924923801e-01	-9.464960937e-02	1.696898230e+00	1.009409379e+00	-1.860625589e-01	-4.796293687e+04	-1.017829394e+01

24	2.177745166e-01	4.138126546e-01	1.897923493e+00	5.245741645e-01	1.075301694e+00	4.871887104e-01	8.489037680e-01	1.094165733e+00	5.961738354e-02	1.275813740e+00	1.407972862e+00	-9.554008087e-01	-4.877164603e+04	-1.158418430e+01
0	8.341875303e-03	2.541164337e-01	1.344627190e+00	5.664799871e-01	6.784431219e-01	2.492811448e-01	1.401038287e+00	9.805865685e-01	7.839515404e-01	4.442379691e-01	1.301604397e+00	-1.399158462e+00	-2.638437635e+03	-1.080327751e+01

1	2.856112575e-02	5.612994944e-01	1.340033743e+00	4.516928164e-01	3.010227159e+00	-2.968220001e-01	9.071366761e-01	1.581875707e+00	3.858621292e-01	3.455406979e-01	1.993102400e+00	-7.861110814e-01	-4.821870922e+03	-1.276532345e+01

2	1.181938122e-01	5.251735910e-01	1.138123142e+00	7.567097622e-01	2.208442360e+00	-2.882158285e-01	1.015662615e+00	1.242844261e+00	4.130404292e-01	1.104473682e+00	1.404385493e+00	-6.334882480e-01	-2.296859884e+04	-1.232178756e+01

3	2.943109013e-02	1.494901170e-02	5.613561370e-01	3.420171840e-01	4.827592733e-01	-4.469638561e-01	8.565471652e-01	1.077461528e+00	-1.886501820e-01	1.323616692e+00	2.172400689e+00	-1.978680552e+00	-2.381217960e+03	-1.173855518e+01

4	5.859773278e-02	7.553006542e-02	1.316448638e+00	5.028921974e-01	3.398680559e+00	2.679748346e-01	1.283842320e+00	1.988630634e+00	-4.680868858e-05	6.796333090e+00	2.101411950e+00	-5.068008472e-01	-3.879005703e+03	-1.962515354e+01

5	4.766957875e-02	2.299686110e-01	4.548503849e+00	1.590860606e+00	2.241763623e+00	-1.206138619e-01	7.961297413e-01	9.246753211e-01	1.553783306e+00	1.573505458e+00	1.087804257e+00	-2.183576529e-01	-5.609304543e+03	-1.526750914e+01

6	1.207310360e-01	1.063192391e-01	7.952694895e-01	3.677819319e-01	1.120635787e+00	3.572125056e-01	2.731292571e+00	1.664030910e+00	1.076540476e+00	3.101287748e+00	1.574966537e+00	-4.667581746e-02	-1.109256431e+04	-1.492548486e+01

7	8.985049508e-02	1.283978989e-01	1.065308557e+00	3.442382281e-01	1.471009616e+00	3.529220578e-01	2.331609245e+00	9.111807729e-01	1.243765097e+00	1.996807326e+00	1.310333912e+00	1.714916840e-02	-7.944488985e+03	-1.309408285e+01

8	1.818075454e-01	2.180073625e-01	1.056103578e+00	4.314264504e-01	1.207274360e+00	-6.559440843e-01	1.199057921e+00	1.459623353e+00	4.396438049e-01	1.630221743e+00	1.637071274e+00	-7.698817773e-01	-2.640757502e+04	-1.222239807e+01

9	2.824048145e-02	1.566629655e-01	6.670821490e-01	4.384950592e-01	1.992067590e+00	-7.483761437e-03	1.880383486e+00	1.640865339e+00	3.906679875e-01	3.155074735e+00	1.939719176e+00	-9.935118801e-01	-3.834157702e+03	-1.512026306e+01

10	7.674747876e-03	4.575908265e-01	1.309303981e+00	1.162050576e+00	3.432076027e+00	-1.449569124e+00	8.023567798e-01	1.256749643e+00	1.141098101e+00	1.201981823e+00	1.482968529e+00	-3.938794018e-01	-3.224325460e+03	-1.495654864e+01

11	2.536700402e+00	3.208282692e-01	8.495042562e-01	4.003029171e-01	1.220100269e+00	3.023969537e-01	1.052479544e+00	1.005387236e-01	-7.234372421e-01	6.752353205e-01	1.085072389e+00	6.982395055e-01	-1.183101962e+06	-1.274929239e+01

12	4.577309309e-02	4.435780031e-01	7.963682740e-01	6.794453866e-01	6.119543583e-01	6.475700561e-01	9.881348825e-02	9.256912692e-02	-4.884752329e-01	1.039491860e-01	7.795413005e-01	1.429669216e-01	-1.127639637e+04	-8.111776458e+00

13	4.290035731e-03	7.419443252e-01	1.179147077e+00	6.294604229e-01	2.987898772e+00	-9.997179335e-02	1.293197929e+00	3.723471937e-01	6.770142659e-01	1.280587281e+00	2.333906826e+00	-1.028867820e+00	-2.805268221e+03	-1.386601669e+01

14	2.263907792e-02	6.029263814e-01	1.219259816e+00	9.517242683e-01	2.920253167e+00	-4.121442723e-01	7.816540852e-01	1.262348914e+00	2.116338832e-01	6.870507464e-01	1.749363466e+00	-9.340493033e-01	-4.409245978e+03	-1.298642152e+01

15	1.829158446e-02	5.290409727e-01	9.276994562e-01	6.987024655e-01	2.873586658e+00	-4.512761528e-01	4.843013625e-01	3.529397955e-01	4.546941197e-01	5.159019963e-01	1.023650501e+00	-3.026903275e-01	-3.577091743e+03	-1.024584474e+01

16	5.914380312e-02	4.976738838e-01	1.152296073e+00	9.406157659e-01	1.241341661e+00	8.675849571e-02	5.332146921e-01	4.437856403e-01	-2.743352106e-01	9.833359050e-01	2.058906848e+00	-2.176442980e+00	-1.534288397e+04	-1.290153185e+01

17	6.279186906e-02	5.737969523e-01	1.122915082e+00	7.150693090e-01	1.901091174e+00	3.863225412e-03	3.637559768e-01	9.436808555e-01	-4.090601976e-01	9.094255228e-01	1.430082631e+00	-8.299150442e-01	-1.335422710e+04	-1.098820360e+01

18	1.756770876e-01	6.508512909e-01	9.590396828e-01	7.251488253e-01	1.811719719e+00	5.483454691e-01	7.232858117e-01	8.317042121e-01	-6.256306679e-01	7.518201889e-01	1.623988956e+00	-1.054111623e+00	-4.696610650e+04	-1.176344005e+01

19	1.257427795e-01	1.161440703e+00	2.237372618e-01	4.120902346e-01	1.058750531e+00	1.251491857e+00	8.441551943e-01	5.123034649e-01	1.598022676e-01	4.954183408e+00	1.260544174e+00	-2.099573006e-03	-5.572734498e+04	-1.438134137e+01

20	2.150623980e+00	2.810000826e-04	2.399461328e+00	9.843919808e-01	4.536830282e-02	2.273168725e+00	6.303576409e-01	8.614193418e-01	1.336499879e+00	4.094942392e+00	3.986069039e-01	-1.364604457e+00	-3.146608057e+03	-2.076206267e+01

21	2.678019016e-01	7.240997180e-01	1.249729801e+00	8.134341093e-01	1.920626797e+00	5.732635815e-01	7.968198120e-01	1.071372631e+00	-4.913153838e-01	6.045205347e-01	1.595900504e+00	-1.093626602e+00	-8.059998401e+04	-1.239566965e+01

22	9.781355642e-02	3.748809785e-01	8.820877117e-01	5.346537559e-01	1.379219502e+00	-2.932940150e-01	6.936272939e-01	8.289611921e-01	5.527098669e-02	9.347481636e-01	1.572996227e+00	-1.240989962e+00	-1.755927120e+04	-1.079488420e+01

23	1.392019136e-01	7.009501503e-01	6.811134915e-01	5.597656619e-01	1.445110905e+00	2.416428613e-01	4.986594896e-01	5.924923801e-01	-9.464960937e-02	1.696898230e+00	1.009409379e+00	-1.860625589e-01	-4.796293687e+04	-1.017829394e+01

24	2.177745166e-01	4.138126546e-01	1.897923493e+00	5.245741645e-01	1.075301694e+00	4.871887104e-01	8.489037680e-01	1.094165733e+00	5.961738354e-02	1.275813740e+00	1.407972862e+00	-9.554008087e-01	-4.877164603e+04	-1.158418430e+01
0	8.341875303e-03	2.541164337e-01	1.344627190e+00	5.664799871e-01	6.784431219e-01	2.492811448e-01	1.401038287e+00	9.805865685e-01	7.839515404e-01	4.442379691e-01	1.301604397e+00	-1.399158462e+00	-2.638437635e+03	-1.080327751e+01

1	2.856112575e-02	5.612994944e-01	1.340033743e+00	4.516928164e-01	3.010227159e+00	-2.968220001e-01	9.071366761e-01	1.581875707e+00	3.858621292e-01	3.455406979e-01	1.993102400e+00	-7.861110814e-01	-4.821870922e+03	-1.276532345e+01

2	1.184789466e-01	5.166804863e-01	1.144121634e+00	7.520198631e-01	2.204810099e+00	-3.243491402e-01	1.037110429e+00	1.261919141e+00	4.692017593e-01	1.134641862e+00	1.382894783e+00	-6.037804571e-01	-2.276252484e+04	-1.237650902e+01

3	2.943109013e-02	1.494901170e-02	5.613561370e-01	3.420171840e-01	4.827592733e-01	-4.469638561e-01	8.565471652e-01	1.077461528e+00	-1.886501820e-01	1.323616692e+00	2.172400689e+00	-1.978680552e+00	-2.381217960e+03	-1.173855518e+01

4	5.859773278e-02	7.553006542e-02	1.316448638e+00	5.028921974e-01	3.398680559e+00	2.679748346e-01	1.283842320e+00	1.988630634e+00	-4.680868858e-05	6.796333090e+00	2.101411950e+00	-5.068008472e-01	-3.879005703e+03	-1.962515354e+01

5	4.766957875e-02	2.299686110e-01	4.548503849e+00	1.590860606e+00	2.241763623e+00	-1.206138619e-01	7.961297413e-01	9.246753211e-01	1.553783306e+00	1.573505458e+00	1.087804257e+00	-2.183576529e-01	-5.609304543e+03	-1.526750914e+01

6	1.207310360e-01	1.063192391e-01	7.952694895e-01	3.677819319e-01	1.120635787e+00	3.572125056e-01	2.731292571e+00	1.664030910e+00	1.076540476e+00	3.101287748e+00	1.574966537e+00	-4.667581746e-02	-1.109256431e+04	-1.492548486e+01

7	8.985049508e-02	1.283978989e-01	1.065308557e+00	3.442382281e-01	1.471009616e+00	3.529220578e-01	2.331609245e+00	9.111807729e-01	1.243765097e+00	1.996807326e+00	1.310333912e+00	1.714916840e-02	-7.944488985e+03	-1.309408285e+01

8	1.794635516e-01	2.052465884e-01	1.001241558e+00	4.253559457e-01	1.215875115e+00	-7.304428845e-01	1.221877723e+00	1.483440494e+00	4.644104047e-01	1.653318772e+00	1.652001785e+00	-7.577913664e-01	-2.532029628e+04	-1.231441453e+01

9	2.254507173e-02	9.381545285e-02	5.776583605e-01	3.459553902e-01	2.130424619e+00	-2.485238847e-02	2.128663537e+00	1.861484320e+00	5.132265177e-01	3.555321110e+00	1.917753168e+00	-7.755004520e-01	-2.875424966e+03	-1.571369695e+01

10	7.674747876e-03	4.575908265e-01	1.309303981e+00	1.162050576e+00	3.432076027e+00	-1.449569124e+00	8.023567798e-01	1.256749643e+00	1.141098101e+00	1.201981823e+00	1.482968529e+00	-3.938794018e-01	-3.224325460e+03	-1.495654864e+01

11	2.536700402e+00	3.208282692e-01	8.495042562e-01	4.003029171e-01	1.220100269e+00	3.023969537e-01	1.052479544e+00	1.005387236e-01	-7.234372421e-01	6.752353205e-01	1.085072389e+00	6.982395055e-01	-1.183101962e+06	-1.274929239e+01

12	3.783170577e-02	3.136199861e-01	7.378081910e-01	5.703070611e-01	1.237075929e+00	3.508637703e-01	9.057746920e-01	7.938690904e-01	-9.026776865e-02	1.485954916e+00	1.305043266e+00	-3.718005603e-01	-5.935260357e+03	-1.028584156e+01

13	4.290035731e-03	7.419443252e-01	1.179147077e+00	6.294604229e-01	2.987898772e+00	-9.997179335e-02	1.293197929e+00	3.723471937e-01	6.770142659e-01	1.280587281e+00	2.333906826e+00	-1.028867820e+00	-2.805268221e+03	-1.386601669e+01

14	2.263907792e-02	6.029263814e-01	1.219259816e+00	9.517242683e-01	2.920253167e+00	-4.121442723e-01	7.816540852e-01	1.262348914e+00	2.116338832e-01	6.870507464e-01	1.749363466e+00	-9.340493033e-01	-4.409245978e+03	-1.298642152e+01

15	1.829158446e-02	5.290409727e-01	9.276994562e-01	6.987024655e-01	2.873586658e+00	-4.512761528e-01	4.843013625e-01	3.529397955e-01	4.546941197e-01	5.159019963e-01	1.023650501e+00	-3.026903275e-01	-3.577091743e+03	-1.024584474e+01

16	5.914380312e-02	4.976738838e-01	1.152296073e+00	9.406157659e-01	1.241341661e+00	8.675849571e-02	5.332146921e-01	4.437856403e-01	-2.743352106e-01	9.833359050e-01	2.058906848e+00	-2.176442980e+00	-1.534288397e+04	-1.290153185e+01

17	6.279186906e-02	5.737969523e-01	1.122915082e+00	7.150693090e-01	1.901091174e+00	3.863225412e-03	3.637559768e-01	9.436808555e-01	-4.090601976e-01	9.094255228e-01	1.430082631e+00	-8.299150442e-01	-1.335422710e+04	-1.098820360e+01

18	1.146164606e-01	6.317297339e-01	1.062864899e+00	8.155501488e-01	2.254013418e+00	1.651197203e-01	7.465741659e-01	1.003527118e+00	-2.915705309e-01	7.259778326e-01	1.674012125e+00	-1.006207965e+00	-2.582067997e+04	-1.207861507e+01

19	1.309898536e-01	1.073145237e+00	3.016380194e-01	4.138999016e-01	1.072650804e+00	1.072975857e+00	8.773703675e-01	6.009626713e-01	1.859925006e-01	4.643095457e+00	1.295783162e+00	-7.395593504e-02	-5.543322034e+04	-1.397958410e+01

20	2.150623980e+00	2.810000826e-04	2.399461328e+00	9.843919808e-01	4.536830282e-02	2.273168725e+00	6.303576409e-01	8.614193418e-01	1.336499879e+00	4.094942392e+00	3.986069039e-01	-1.364604457e+00	-3.146608057e+03	-2.076206267e+01

21	2.678019016e-01	7.240997180e-01	1.249729801e+00	8.134341093e-01	1.920626797e+00	5.732635815e-01	7.968198120e-01	1.071372631e+00	-4.913153838e-01	6.045205347e-01	1.595900504e+00	-1.093626602e+00	-8.059998401e+04	-1.239566965e+01

22	2.928171374e-02	5.028763042e-01	7.401057901e-01	6.188783243e-01	1.519511892e+00	2.597129233e-03	2.812395424e-01	3.143953218e-01	-2.583440451e-01	3.673017722e-01	1.520716521e+00	-1.625373563e+00	-6.406125528e+03	-1.018519878e+01

23	1.281539345e-01	6.319069747e-01	6.690604094e-01	5.378501787e-01	1.348254196e+00	1.723374450e-01	5.346794031e-01	6.413025178e-01	-1.041103780e-01	1.659328988e+00	1.126459642e+00	-3.664821413e-01	-3.912598391e+04	-1.016951574e+01

24	2.177745166e-01	4.138126546e-01	1.897923493e+00	5.245741645e-01	1.075301694e+00	4.871887104e-01	8.489037680e-01	1.094165733e+00	5.961738354e-02	1.275813740e+00	1.407972862e+00	-9.554008087e-01	-4.877164603e+04	-1.158418430e+01
0	8.341875303e-03	2.541164337e-01	1.344627190e+00	5.664799871e-01	6.784431219e-01	2.492811448e-01	1.401038287e+00	9.805865685e-01	7.839515404e-01	4.442379691e-01	1.301604397e+00	-1.399158462e+00	-2.638437635e+03	-1.080327751e+01

1	2.856112575e-02	5.612994944e-01	1.340033743e+00	4.516928164e-01	3.010227159e+00	-2.968220001e-01	9.071366761e-01	1.581875707e+00	3.858621292e-01	3.455406979e-01	1.993102400e+00	-7.861110814e-01	-4.821870922e+03	-1.276532345e+01

2	1.145847796e-01	3.434742859e-01	1.406354570e+00	8.572636789e-01	2.557207999e+00	-7.592829846e-01	1.086831403e+00	1.467649618e+00	5.573539730e-01	4.259440493e-02	1.410009299e+00	-7.686945728e-01	-1.618774472e+04	-1.230368646e+01

3	2.943109013e-02	1.494901170e-02	5.613561370e-01	3.420171840e-01	4.827592733e-01	-4.469638561e-01	8.565471652e-01	1.077461528e+00	-1.886501820e-01	1.323616692e+00	2.172400689e+00	-1.978680552e+00	-2.381217960e+03	-1.173855518e+01

4	5.859773278e-02	7.553006542e-02	1.316448638e+00	5.028921974e-01	3.398680559e+00	2.679748346e-01	1.283842320e+00	1.988630634e+00	-4.680868858e-05	6.796333090e+00	2.101411950e+00	-5.068008472e-01	-3.879005703e+03	-1.962515354e+01

5	4.766957875e-02	2.299686110e-01	4.548503849e+00	1.590860606e+00	2.241763623e+00	-1.206138619e-01	7.961297413e-01	9.246753211e-01	1.553783306e+00	1.573505458e+00	1.087804257e+00	-2.183576529e-01	-5.609304543e+03	-1.526750914e+01

6	1.178350497e-01	1.209806601e-01	8.077870313e-01	3.850217653e-01	1.173766211e+00	3.344986487e-01	2.673733047e+00	1.652171981e+00	1.051005685e+00	3.030011800e+00	1.580115288e+00	-7.287390264e-02	-1.100506997e+04	-1.484588695e+01

7	8.197060416e-02	2.481460056e-02	1.146825837e+00	3.044078350e-01	1.496263206e+00	3.900724305e-01	2.701278689e+00	9.667008840e-01	1.521053818e+00	2.066234316e+00	1.348161043e+00	9.607087673e-02	-5.100866498e+03	-1.394496575e+01

8	1.794635516e-01	2.052465884e-01	1.001241558e+00	4.253559457e-01	1.215875115e+00	-7.304428845e-01	1.221877723e+00	1.483440494e+00	4.644104047e-01	1.653318772e+00	1.652001785e+00	-7.577913664e-01	-2.532029628e+04	-1.231441453e+01

9	2.254507173e-02	9.381545285e-02	5.776583605e-01	3.459553902e-01	2.130424619e+00	-2.485238847e-02	2.128663537e+00	1.861484320e+00	5.132265177e-01	3.555321110e+00	1.917753168e+00	-7.755004520e-01	-2.875424966e+03	-1.571369695e+01

10	7.674747876e-03	4.575908265e-01	1.309303981e+00	1.162050576e+00	3.432076027e+00	-1.449569124e+00	8.023567798e-01	1.256749643e+00	1.141098101e+00	1.201981823e+00	1.482968529e+00	-3.938794018e-01	-3.224325460e+03	-1.495654864e+01

11	2.536700402e+00	3.208282692e-01	8.495042562e-01	4.003029171e-01	1.220100269e+00	3.023969537e-01	1.052479544e+00	1.005387236e-01	-7.234372421e-01	6.752353205e-01	1.085072389e+00	6.982395055e-01	-1.183101962e+06	-1.274929239e+01

12	3.783170577e-02	3.136199861e-01	7.378081910e-01	5.703070611e-01	1.237075929e+00	3.508637703e-01	9.057746920e-01	7.938690904e-01	-9.026776865e-02	1.485954916e+00	1.305043266e+00	-3.718005603e-01	-5.935260357e+03	-1.028584156e+01

13	4.290035731e-03	7.419443252e-01	1.179147077e+00	6.294604229e-01	2.987898772e+00	-9.997179335e-02	1.293197929e+00	3.723471937e-01	6.770142659e-01	1.280587281e+00	2.333906826e+00	-1.028867820e+00	-2.805268221e+03	-1.386601669e+01

14	2.263907792e-02	6.029263814e-01	1.219259816e+00	9.517242683e-01	2.920253167e+00	-4.121442723e-01	7.816540852e-01	1.262348914e+00	2.116338832e-01	6.870507464e-01	1.749363466e+00	-9.340493033e-01	-4.409245978e+03	-1.298642152e+01

15	1.829158446e-02	5.290409727e-01	9.276994562e-01	6.987024655e-01	2.873586658e+00	-4.512761528e-01	4.843013625e-01	3.529397955e-01	4.546941197e-01	5.159019963e-01	1.023650501e+00	-3.026903275e-01	-3.577091743e+03	-1.024584474e+01

16	5.914380312e-02	4.976738838e-01	1.152296073e+00	9.406157659e-01	1.241341661e+00	8.675849571e-02	5.332146921e-01	4.437856403e-01	-2.743352106e-01	9.833359050e-01	2.058906848e+00	-2.176442980e+00	-1.534288397e+04	-1.290153185e+01

17	6.279186906e-02	5.737969523e-01	1.122915082e+00	7.150693090e-01	1.901091174e+00	3.863225412e-03	3.637559768e-01	9.436808555e-01	-4.090601976e-01	9.094255228e-01	1.430082631e+00	-8.299150442e-01	-1.335422710e+04	-1.098820360e+01

18	1.146164606e-01	6.317297339e-01	1.062864899e+00	8.155501488e-01	2.254013418e+00	1.651197203e-01	7.465741659e-01	1.003527118e+00	-2.915705309e-01	7.259778326e-01	1.674012125e+00	-1.006207965e+00	-2.582067997e+04	-1.207861507e+01

19	1.086548294e-01	8.942465148e-01	5.660849600e-01	5.776418404e-01	1.125092300e+00	7.663871368e-01	7.703815309e-01	5.521005171e-01	4.288887105e-02	3.505373650e+00	1.533017998e+00	-7.275631801e-01	-4.091360787e+04	-1.304956022e+01

20	2.150623980e+00	2.810000826e-04	2.399461328e+00	9.843919808e-01	4.536830282e-02	2.273168725e+00	6.303576409e-01	8.614193418e-01	1.336499879e+00	4.094942392e+00	3.986069039e-01	-1.364604457e+00	-3.146608057e+03	-2.076206267e+01

21	2.678019016e-01	7.240997180e-01	1.249729801e+00	8.134341093e-01	1.920626797e+00	5.732635815e-01	7.968198120e-01	1.071372631e+00	-4.913153838e-01	6.045205347e-01	1.595900504e+00	-1.093626602e+00	-8.059998401e+04	-1.239566965e+01

22	2.928171374e-02	5.028763042e-01	7.401057901e-01	6.188783243e-01	1.519511892e+00	2.597129233e-03	2.812395424e-01	3.143953218e-01	-2.583440451e-01	3.673017722e-01	1.520716521e+00	-1.625373563e+00	-6.406125528e+03	-1.018519878e+01

23	1.281539345e-01	6.319069747e-01	6.690604094e-01	5.378501787e-01	1.348254196e+00	1.723374450e-01	5.346794031e-01	6.413025178e-01	-1.041103780e-01	1.659328988e+00	1.126459642e+00	-3.664821413e-01	-3.912598391e+04	-1.016951574e+01

24	2.177745166e-01	4.138126546e-01	1.897923493e+00	5.245741645e-01	1.075301694e+00	4.871887104e-01	8.489037680e-01	1.094165733e+00	5.961738354e-02	1.275813740e+00	1.407972862e+00	-9.554008087e-01	-4.877164603e+04	-1.158418430e+01
0	8.341875303e-03	2.541164337e-01	1.344627190e+00	5.664799871e-01	6.784431219e-01	2.492811448e-01	1.401038287e+00	9.805865685e-01	7.839515404e-01	4.442379691e-01	1.301604397e+00	-1.399158462e+00	-2.638437635e+03	-1.080327751e+01

1	2.856112575e-02	5.612994944e-01	1.340033743e+00	4.516928164e-01	3.010227159e+00	-2.968220001e-01	9.071366761e-01	1.581875707e+00	3.858621292e-01	3.455406979e-01	1.993102400e+00	-7.861110814e-01	-4.821870922e+03	-1.276532345e+01

2	1.145847796e-01	3.434742859e-01	1.406354570e+00	8.572636789e-01	2.557207999e+00	-7.592829846e-01	1.086831403e+00	1.467649618e+00	5.573539730e-01	4.259440493e-02	1.410009299e+00	-7.686945728e-01	-1.618774472e+04	-1.230368646e+01

3	2.943109013e-02	1.494901170e-02	5.613561370e-01	3.420171840e-01	4.827592733e-01	-4.469638561e-01	8.565471652e-01	1.077461528e+00	-1.886501820e-01	1.323616692e+00	2.172400689e+00	-1.978680552e+00	-2.381217960e+03	-1.173855518e+01

4	5.859773278e-02	7.553006542e-02	1.316448638e+00	5.028921974e-01	3.398680559e+00	2.679748346e-01	1.283842320e+00	1.988630634e+00	-4.680868858e-05	6.796333090e+00	2.101411950e+00	-5.068008472e-01	-3.879005703e+03	-1.962515354e+01

5	4.766957875e-02	2.299686110e-01	4.548503849e+00	1.590860606e+00	2.241763623e+00	-1.206138619e-01	7.961297413e-01	9.246753211e-01	1.553783306e+00	1.573505458e+00	1.087804257e+00	-2.183576529e-01	-5.609304543e+03	-1.526750914e+01

6	8.440275129e-02	2.580302806e-01	8.480603728e-01	4.903733999e-01	1.744661591e+00	7.059124319e-02	1.938398656e+00	1.215816686e+00	8.507306983e-01	2.185632222e+00	1.393223092e+00	-1.500591933e-01	-9.653348534e+03	-1.321169797e+01

7	8.197060416e-02	2.481460056e-02	1.146825837e+00	3.044078350e-01	1.496263206e+00	3.900724305e-01	2.701278689e+00	9.667008840e-01	1.521053818e+00	2.066234316e+00	1.348161043e+00	9.607087673e-02	-5.100866498e+03	-1.394496575e+01

8	1.653374169e-01	2.353430746e-01	1.089447311e+00	5.193957463e-01	1.507925170e+00	-7.367222749e-01	1.192473922e+00	1.480002327e+00	4.846471219e-01	1.302613779e+00	1.599312464e+00	-7.601653349e-01	-2.306430112e+04	-1.233900701e+01

9	2.254507173e-02	9.381545285e-02	5.776583605e-01	3.459553902e-01	2.130424619e+00	-2.485238847e-02	2.128663537e+00	1.861484320e+00	5.132265177e-01	3.555321110e+00	1.917753168e+00	-7.755004520e-01	-2.875424966e+03	-1.571369695e+01

10	7.674747876e-03	4.575908265e-01	1.309303981e+00	1.162050576e+00	3.432076027e+00	-1.449569124e+00	8.023567798e-01	1.256749643e+00	1.141098101e+00	1.201981823e+00	1.482968529e+00	-3.938794018e-01	-3.224325460e+03	-1.495654864e+01

11	2.536700402e+00	3.208282692e-01	8.495042562e-01	4.003029171e-01	1.220100269e+00	3.023969537e-01	1.052479544e+00	1.005387236e-01	-7.234372421e-01	6.752353205e-01	1.085072389e+00	6.982395055e-01	-1.183101962e+06	-1.274929239e+01

12	3.783170577e-02	3.136199861e-01	7.378081910e-01	5.703070611e-01	1.237075929e+00	3.508637703e-01	9.057746920e-01	7.938690904e-01	-9.026776865e-02	1.485954916e+00	1.305043266e+00	-3.718005603e-01	-5.935260357e+03	-1.028584156e+01

13	5.532978610e-03	5.922981723e-01	1.229909780e+00	6.101405355e-01	2.279449830e+00	7.165087287e-03	1.326279053e+00	5.589307902e-01	7.098183594e-01	1.024028648e+00	2.017237587e+00	-1.142458229e+00	-2.748791861e+03	-1.294282037e+01

14	1.577930263e-02	6.222832740e-01	1.205301274e+00	9.587716714e-01	2.947338808e+00	-3.862453612e-01	7.588857797e-01	1.247032084e+00	1.858408110e-01	7.351315768e-01	1.774681597e+00	-9.463858919e-01	-3.424260124e+03	-1.304627080e+01

15	1.829158446e-02	5.290409727e-01	9.276994562e-01	6.987024655e-01	2.873586658e+00	-4.512761528e-01	4.843013625e-01	3.529397955e-01	4.546941197e-01	5.159019963e-01	1.023650501e+00	-3.026903275e-01	-3.577091743e+03	-1.024584474e+01

16	5.914380312e-02	4.976738838e-01	1.152296073e+00	9.406157659e-01	1.241341661e+00	8.675849571e-02	5.332146921e-01	4.437856403e-01	-2.743352106e-01	9.833359050e-01	2.058906848e+00	-2.176442980e+00	-1.534288397e+04	-1.290153185e+01

17	6.279186906e-02	5.737969523e-01	1.122915082e+00	7.150693090e-01	1.901091174e+00	3.863225412e-03	3.637559768e-01	9.436808555e-01	-4.090601976e-01	9.094255228e-01	1.430082631e+00	-8.299150442e-01	-1.335422710e+04	-1.098820360e+01

18	7.152765155e-02	6.057474174e-01	1.010302554e+00	8.161453595e-01	2.347790166e+00	5.031486165e-02	7.324408055e-01	9.844431739e-01	-2.353852449e-01	7.601419822e-01	1.695983774e+00	-9.816183893e-01	-1.504881268e+04	-1.202451130e+01

19	7.848129295e-02	7.920540849e-01	7.952127066e-01	7.088665239e-01	1.754818262e+00	3.529691316e-01	7.743358395e-01	8.012491381e-01	1.020830731e-01	2.516731834e+00	1.608910003e+00	-7.999966176e-01	-2.152154561e+04	-1.290705726e+01

20	2.150623980e+00	2.810000826e-04	2.399461328e+00	9.843919808e-01	4.536830282e-02	2.273168725e+00	6.303576409e-01	8.614193418e-01	1.336499879e+00	4.094942392e+00	3.986069039e-01	-1.364604457e+00	-3.146608057e+03	-2.076206267e+01

21	2.678019016e-01	7.240997180e-01	1.249729801e+00	8.134341093e-01	1.920626797e+00	5.732635815e-01	7.968198120e-01	1.071372631e+00	-4.913153838e-01	6.045205347e-01	1.595900504e+00	-1.093626602e+00	-8.059998401e+04	-1.239566965e+01

22	2.928171374e-02	5.028763042e-01	7.401057901e-01	6.188783243e-01	1.519511892e+00	2.597129233e-03	2.812395424e-01	3.143953218e-01	-2.583440451e-01	3.673017722e-01	1.520716521e+00	-1.625373563e+00	-6.406125528e+03	-1.018519878e+01

23	1.281539345e-01	6.319069747e-01	6.690604094e-01	5.378501787e-01	1.348254196e+00	1.723374450e-01	5.346794031e-01	6.413025178e-01	-1.041103780e-01	1.659328988e+00	1.126459642e+00	-3.664821413e-01	-3.912598391e+04	-1.016951574e+01

24	1.467894676e-01	4.548161015e-01	1.552673902e+00	5.865368891e-01	1.715212813e+00	1.532404693e-01	7.191617427e-01	8.304040218e-01	2.002035539e-01	1.005402774e+00	1.271213585e+00	-7.231369002e-01	-3.090127140e+04	-1.095376431e+01
0	6.021466588e-03	2.539970330e-01	1.359776082e+00	5.688017903e-01	6.459157208e-01	2.547324836e-01	1.384644896e+00	9.734103427e-01	7.819142915e-01	3.911128066e-01	1.298809362e+00	-1.437265055e+00	-2.601766005e+03	-1.075722144e+01

1	2.331017015e-02	5.352265384e-01	1.332308104e+00	6.302808454e-01	3.116282392e+00	-5.866292615e-01	8.807944071e-01	1.500137144e+00	5.757327991e-01	5.608549257e-01	1.864851809e+00	-6.875017797e-01	-4.158562920e+03	-1.313110024e+01

2	1.145847796e-01	3.434742859e-01	1.406354570e+00	8.572636789e-01	2.557207999e+00	-7.592829846e-01	1.086831403e+00	1.467649618e+00	5.573539730e-01	4.259440493e-02	1.410009299e+00	-7.686945728e-01	-1.618774472e+04	-1.230368646e+01

3	2.943109013e-02	1.494901170e-02	5.613561370e-01	3.420171840e-01	4.827592733e-01	-4.469638561e-01	8.565471652e-01	1.077461528e+00	-1.886501820e-01	1.323616692e+00	2.172400689e+00	-1.978680552e+00	-2.381217960e+03	-1.173855518e+01

4	5.853145489e-02	2.429343979e-02	1.336372235e+00	4.497646194e-01	3.660522047e+00	2.899695040e-01	1.374947827e+00	2.176132242e+00	3.324424415e-02	7.501870748e+00	2.106570898e+00	-3.041523062e-01	-3.520611215e+03	-2.058122792e+01

5	4.766957875e-02	2.299686110e-01	4.548503849e+00	1.590860606e+00	2.241763623e+00	-1.206138619e-01	7.961297413e-01	9.246753211e-01	1.553783306e+00	1.573505458e+00	1.087804257e+00	-2.183576529e-01	-5.609304543e+03	-1.526750914e+01

6	8.440275129e-02	2.580302806e-01	8.480603728e-01	4.903733999e-01	1.744661591e+00	7.059124319e-02	1.938398656e+00	1.215816686e+00	8.507306983e-01	2.185632222e+00	1.393223092e+00	-1.500591933e-01	-9.653348534e+03	-1.321169797e+01

7	8.197060416e-02	2.481460056e-02	1.146825837e+00	3.044078350e-01	1.496263206e+00	3.900724305e-01	2.701278689e+00	9.667008840e-01	1.521053818e+00	2.066234316e+00	1.348161043e+00	9.607087673e-02	-5.100866498e+03	-1.394496575e+01

8	1.653374169e-01	2.353430746e-01	1.089447311e+00	5.193957463e-01	1.507925170e+00	-7.367222749e-01	1.192473922e+00	1.480002327e+00	4.846471219e-01	1.302613779e+00	1.599312464e+00	-7.601653349e-01	-2.306430112e+04	-1.233900701e+01

9	3.832309076e-02	6.333393320e-02	9.103120175e-01	3.914699390e-01	2.801286879e+00	1.131794273e-01	1.798201296e+00	1.999439860e+00	3.027810997e-01	5.285662695e+00	2.000539196e+00	-5.688406168e-01	-2.723866660e+03	-1.782001936e+01

10	7.674747876e-03	4.575908265e-01	1.309303981e+00	1.162050576e+00	3.432076027e+00	-1.449569124e+00	8.023567798e-01	1.256749643e+00	1.141098101e+00	1.201981823e+00	1.482968529e+00	-3.938794018e-01	-3.224325460e+03	-1.495654864e+01

11	2.536700402e+00	3.208282692e-01	8.495042562e-01	4.003029171e-01	1.220100269e+00	3.023969537e-01	1.052479544e+00	1.005387236e-01	-7.234372421e-01	6.752353205e-01	1.085072389e+00	6.982395055e-01	-1.183101962e+06	-1.274929239e+01

12	3.783170577e-02	3.136199861e-01	7.378081910e-01	5.703070611e-01	1.237075929e+00	3.508637703e-01	9.057746920e-01	7.938690904e-01	-9.026776865e-02	1.485954916e+00	1.305043266e+00	-3.718005603e-01	-5.935260357e+03	-1.028584156e+01

13	5.532978610e-03	5.922981723e-01	1.229909780e+00	6.101405355e-01	2.279449830e+00	7.165087287e-03	1.326279053e+00	5.589307902e-01	7.098183594e-01	1.024028648e+00	2.017237587e+00	-1.142458229e+00	-2.748791861e+03	-1.294282037e+01

14	1.577930263e-02	6.222832740e-01	1.205301274e+00	9.587716714e-01	2.947338808e+00	-3.862453612e-01	7.588857797e-01	1.247032084e+00	1.858408110e-01	7.351315768e-01	1.774681597e+00	-9.463858919e-01	-3.424260124e+03	-1.304627080e+01

15	1.829158446e-02	5.290409727e-01	9.276994562e-01	6.987024655e-01	2.873586658e+00	-4.512761528e-01	4.843013625e-01	3.529397955e-01	4.546941197e-01	5.159019963e-01	1.023650501e+00	-3.026903275e-01	-3.577091743e+03	-1.024584474e+01

16	5.914380312e-02	4.976738838e-01	1.152296073e+00	9.406157659e-01	1.241341661e+00	8.675849571e-02	5.332146921e-01	4.437856403e-01	-2.743352106e-01	9.833359050e-01	2.058906848e+00	-2.176442980e+00	-1.534288397e+04	-1.290153185e+01

17	6.279186906e-02	5.737969523e-01	1.122915082e+00	7.150693090e-01	1.901091174e+00	3.863225412e-03	3.637559768e-01	9.436808555e-01	-4.090601976e-01	9.094255228e-01	1.430082631e+00	-8.299150442e-01	-1.335422710e+04	-1.098820360e+01

18	7.152765155e-02	6.057474174e-01	1.010302554e+00	8.161453595e-01	2.347790166e+00	5.031486165e-02	7.324408055e-01	9.844431739e-01	-2.353852449e-01	7.601419822e-01	1.695983774e+00	-9.816183893e-01	-1.504881268e+04	-1.202451130e+01

19	7.848129295e-02	7.920540849e-01	7.952127066e-01	7.088665239e-01	1.754818262e+00	3.529691316e-01	7.743358395e-01	8.012491381e-01	1.020830731e-01	2.516731834e+00	1.608910003e+00	-7.999966176e-01	-2.152154561e+04	-1.290705726e+01

20	2.150623980e+00	2.810000826e-04	2.399461328e+00	9.843919808e-01	4.536830282e-02	2.273168725e+00	6.303576409e-01	8.614193418e-01	1.336499879e+00	4.094942392e+00	3.986069039e-01	-1.364604457e+00	-3.146608057e+03	-2.076206267e+01

21	2.585134564e-01	6.930388952e-01	1.253575416e+00	7.972926800e-01	1.997851851e+00	5.606896058e-01	8.224799588e-01	1.120407262e+00	-4.680328638e-01	9.106586466e-01	1.618566552e+00	-1.058585875e+00	-7.369813200e+04	-1.275269155e+01

22	1.954369914e-02	5.395431605e-01	9.409467351e-01	6.152954507e-01	1.831119508e+00	4.470190766e-03	7.097512065e-01	4.146655024e-01	1.386446610e-01	6.365883624e-01	1.724311760e+00	-1.427357267e+00	-4.194109670e+03	-1.115619277e+01

23	1.365982972e-01	5.516613733e-01	1.069454257e+00	5.599117016e-01	1.514535012e+00	1.636839877e-01	6.182743169e-01	7.269905244e-01	3.378410538e-02	1.363013874e+00	1.192052334e+00	-5.280939460e-01	-3.531255092e+04	-1.049829144e+01

24	1.141297594e-01	4.866031319e-01	1.478048077e+00	5.919942540e-01	1.845669236e+00	1.194665918e-01	8.595324563e-01	7.676370893e-01	3.180308547e-01	1.009709235e+00	1.443700714e+00	-8.200875772e-01	-2.372176845e+04	-1.138234366e+01
0	6.021466588e-03	2.539970330e-01	1.359776082e+00	5.688017903e-01	6.459157208e-01	2.547324836e-01	1.384644896e+00	9.734103427e-01	7.819142915e-01	3.911128066e-01	1.298809362e+00	-1.437265055e+00	-2.601766005e+03	-1.075722144e+01

1	1.087669790e-02	5.418832276e-01	1.312355868e+00	6.355223938e-01	3.290233117e+00	-6.832958867e-01	8.837052315e-01	1.600418583e+00	6.110129628e-01	4.994054339e-01	1.922508648e+00	-6.693503892e-01	-2.743036957e+03	-1.339128305e+01

2	1.145847796e-01	3.434742859e-01	1.406354570e+00	8.572636789e-01	2.557207999e+00	-7.592829846e-01	1.086831403e+00	1.467649618e+00	5.573539730e-01	4.259440493e-02	1.410009299e+00	-7.686945728e-01	-1.618774472e+04	-1.230368646e+01

3	2.943109013e-02	1.494901170e-02	5.613561370e-01	3.420171840e-01	4.827592733e-01	-4.469638561e-01	8.565471652e-01	1.077461528e+00	-1.886501820e-01	1.323616692e+00	2.172400689e+00	-1.978680552e+00	-2.381217960e+03	-1.173855518e+01

4	5.853145489e-02	2.429343979e-02	1.336372235e+00	4.497646194e-01	3.660522047e+00	2.899695040e-01	1.374947827e+00	2.176132242e+00	3.324424415e-02	7.501870748e+00	2.106570898e+00	-3.041523062e-01	-3.520611215e+03	-2.058122792e+01

5	4.766957875e-02	2.299686110e-01	4.548503849e+00	1.590860606e+00	2.241763623e+00	-1.206138619e-01	7.961297413e-01	9.246753211e-01	1.553783306e+00	1.573505458e+00	1.087804257e+00	-2.183576529e-01	-5.609304543e+03	-1.526750914e+01

6	8.440275129e-02	2.580302806e-01	8.480603728e-01	4.903733999e-01	1.744661591e+00	7.059124319e-02	1.938398656e+00	1.215816686e+00	8.507306983e-01	2.185632222e+00	1.393223092e+00	-1.500591933e-01	-9.653348534e+03	-1.321169797e+01

7	4.880706502e-02	1.248881605e-01	1.239811538e+00	4.198566678e-01	1.124955078e+00	3.309756222e-01	2.126364506e+00	9.696305999e-01	1.198305155e+00	1.334784828e+00	1.326611405e+00	-5.734672881e-01	-4.324354022e+03	-1.219551895e+01

8	1.653374169e-01	2.353430746e-01	1.089447311e+00	5.193957463e-01	1.507925170e+00	-7.367222749e-01	1.192473922e+00	1.480002327e+00	4.846471219e-01	1.302613779e+00	1.599312464e+00	-7.601653349e-01	-2.306430112e+04	-1.233900701e+01

9	3.832309076e-02	6.333393320e-02	9.103120175e-01	3.914699390e-01	2.801286879e+00	1.131794273e-01	1.798201296e+00	1.999439860e+00	3.027810997e-01	5.285662695e+00	2.000539196e+00	-5.688406168e-01	-2.723866660e+03	-1.782001936e+01

10	7.674747876e-03	4.575908265e-01	1.309303981e+00	1.162050576e+00	3.432076027e+00	-1.449569124e+00	8.023567798e-01	1.256749643e+00	1.141098101e+00	1.201981823e+00	1.482968529e+00	-3.938794018e-01	-3.224325460e+03	-1.495654864e+01

11	2.766993629e+00	3.389655741e-01	8.133752461e-01	3.984929133e-01	1.228907437e+00	2.997515534e-01	9.530747863e-01	2.009075174e-02	-9.013243937e-01	6.141837543e-01	1.062714196e+00	8.159557507e-01	-1.049428918e+06	-1.641972889e+01

12	3.783170577e-02	3.136199861e-01	7.378081910e-01	5.703070611e-01	1.237075929e+00	3.508637703e-01	9.057746920e-01	7.938690904e-01	-9.026776865e-02	1.485954916e+00	1.305043266e+00	-3.718005603e-01	-5.935260357e+03	-1.028584156e+01

13	5.532978610e-03	5.922981723e-01	1.229909780e+00	6.101405355e-01	2.279449830e+00	7.165087287e-03	1.326279053e+00	5.589307902e-01	7.098183594e-01	1.024028648e+00	2.017237587e+00	-1.142458229e+00	-2.748791861e+03	-1.294282037e+01

14	1.577930263e-02	6.222832740e-01	1.205301274e+00	9.587716714e-01	2.947338808e+00	-3.862453612e-01	7.588857797e-01	1.247032084e+00	1.858408110e-01	7.351315768e-01	1.774681597e+00	-9.463858919e-01	-3.424260124e+03	-1.304627080e+01

15	1.829158446e-02	5.290409727e-01	9.276994562e-01	6.987024655e-01	2.873586658e+00	-4.512761528e-01	4.843013625e-01	3.529397955e-01	4.546941197e-01	5.159019963e-01	1.023650501e+00	-3.026903275e-01	-3.577091743e+03	-1.024584474e+01

16	5.914380312e-02	4.976738838e-01	1.152296073e+00	9.406157659e-01	1.241341661e+00	8.675849571e-02	5.332146921e-01	4.437856403e-01	-2.743352106e-01	9.833359050e-01	2.058906848e+00	-2.176442980e+00	-1.534288397e+04	-1.290153185e+01

17	5.858541205e-02	5.704653176e-01	1.105216252e+00	7.053649806e-01	1.894285503e+00	3.922260827e-03	3.974085928e-01	8.922271098e-01	-3.557886501e-01	8.828884974e-01	1.458700309e+00	-8.880242087e-01	-1.246083090e+04	-1.096764408e+01

18	7.152765155e-02	6.057474174e-01	1.010302554e+00	8.161453595e-01	2.347790166e+00	5.031486165e-02	7.324408055e-01	9.844431739e-01	-2.353852449e-01	7.601419822e-01	1.695983774e+00	-9.816183893e-01	-1.504881268e+04	-1.202451130e+01

19	7.848129295e-02	7.920540849e-01	7.952127066e-01	7.088665239e-01	1.754818262e+00	3.529691316e-01	7.743358395e-01	8.012491381e-01	1.020830731e-01	2.516731834e+00	1.608910003e+00	-7.999966176e-01	-2.152154561e+04	-1.290705726e+01

20	2.150623980e+00	2.810000826e-04	2.399461328e+00	9.843919808e-01	4.536830282e-02	2.273168725e+00	6.303576409e-01	8.614193418e-01	1.336499879e+00	4.094942392e+00	3.986069039e-01	-1.364604457e+00	-3.146608057e+03	-2.076206267e+01

21	2.585134564e-01	6.930388952e-01	1.253575416e+00	7.972926800e-01	1.997851851e+00	5.606896058e-01	8.224799588e-01	1.120407262e+00	-4.680328638e-01	9.106586466e-01	1.618566552e+00	-1.058585875e+00	-7.369813200e+04	-1.275269155e+01

22	1.954369914e-02	5.395431605e-01	9.409467351e-01	6.152954507e-01	1.831119508e+00	4.470190766e-03	7.097512065e-01	4.146655024e-01	1.386446610e-01	6.365883624e-01	1.724311760e+00	-1.427357267e+00	-4.194109670e+03	-1.115619277e+01

23	7.460824872e-02	5.708813864e-01	1.145345009e+00	5.836684656e-01	1.876317268e+00	8.965514221e-02	9.531397744e-01	6.475032033e-01	3.535284635e-01	1.202683813e+00	1.582340737e+00	-8.186702183e-01	-1.698435981e+04	-1.157164925e+01

24	1.141297594e-01	4.866031319e-01	1.478048077e+00	5.919942540e-01	1.845669236e+00	1.194665918e-01	8.595324563e-01	7.676370893e-01	3.180308547e-01	1.009709235e+00	1.443700714e+00	-8.200875772e-01	-2.372176845e+04	-1.138234366e+01
0	6.021466588e-03	2.539970330e-01	1.359776082e+00	5.688017903e-01	6.459157208e-01	2.547324836e-01	1.384644896e+00	9.734103427e-01	7.819142915e-01	3.911128066e-01	1.298809362e+00	-1.437265055e+00	-2.601766005e+03	-1.075722144e+01

1	1.087669790e-02	5.418832276e-01	1.312355868e+00	6.355223938e-01	3.290233117e+00	-6.832958867e-01	8.837052315e-01	1.600418583e+00	6.110129628e-01	4.994054339e-01	1.922508648e+00	-6.693503892e-01	-2.743036957e+03	-1.339128305e+01

2	1.145847796e-01	3.434742859e-01	1.406354570e+00	8.572636789e-01	2.557207999e+00	-7.592829846e-01	1.086831403e+00	1.467649618e+00	5.573539730e-01	4.259440493e-02	1.410009299e+00	-7.686945728e-01	-1.618774472e+04	-1.230368646e+01

3	2.943109013e-02	1.494901170e-02	5.613561370e-01	3.420171840e-01	4.827592733e-01	-4.469638561e-01	8.565471652e-01	1.077461528e+00	-1.886501820e-01	1.323616692e+00	2.172400689e+00	-1.978680552e+00	-2.381217960e+03	-1.173855518e+01

4	5.853145489e-02	2.429343979e-02	1.336372235e+00	4.497646194e-01	3.660522047e+00	2.899695040e-01	1.374947827e+00	2.176132242e+00	3.324424415e-02	7.501870748e+00	2.106570898e+00	-3.041523062e-01	-3.520611215e+03	-2.058122792e+01

5	4.766957875e-02	2.299686110e-01	4.548503849e+00	1.590860606e+00	2.241763623e+00	-1.206138619e-01	7.961297413e-01	9.246753211e-01	1.553783306e+00	1.573505458e+00	1.087804257e+00	-2.183576529e-01	-5.609304543e+03	-1.526750914e+01

6	8.440275129e-02	2.580302806e-01	8.480603728e-01	4.903733999e-01	1.744661591e+00	7.059124319e-02	1.938398656e+00	1.215816686e+00	8.507306983e-01	2.185632222e+00	1.393223092e+00	-1.500591933e-01	-9.653348534e+03	-1.321169797e+01

7	5.078036057e-02	1.044752484e-01	1.259405856e+00	4.259256581e-01	1.639478158e+00	3.226545664e-01	1.973885306e+00	1.214456688e+00	9.618883158e-01	2.586224084e+00	1.484882579e+00	-5.188172727e-01	-3.855130859e+03	-1.389155591e+01

8	1.653374169e-01	2.353430746e-01	1.089447311e+00	5.193957463e-01	1.507925170e+00	-7.367222749e-01	1.192473922e+00	1.480002327e+00	4.846471219e-01	1.302613779e+00	1.599312464e+00	-7.601653349e-01	-2.306430112e+04	-1.233900701e+01

9	3.832309076e-02	6.333393320e-02	9.103120175e-01	3.914699390e-01	2.801286879e+00	1.131794273e-01	1.798201296e+00	1.999439860e+00	3.027810997e-01	5.285662695e+00	2.000539196e+00	-5.688406168e-01	-2.723866660e+03	-1.782001936e+01

10	7.674747876e-03	4.575908265e-01	1.309303981e+00	1.162050576e+00	3.432076027e+00	-1.449569124e+00	8.023567798e-01	1.256749643e+00	1.141098101e+00	1.201981823e+00	1.482968529e+00	-3.938794018e-01	-3.224325460e+03	-1.495654864e+01

11	2.766993629e+00	3.389655741e-01	8.133752461e-01	3.984929133e-01	1.228907437e+00	2.997515534e-01	9.530747863e-01	2.009075174e-02	-9.013243937e-01	6.141837543e-01	1.062714196e+00	8.159557507e-01	-1.049428918e+06	-1.641972889e+01

12	4.020270802e-02	2.728483290e-01	8.462557632e-01	5.378053258e-01	1.212854508e+00	3.465673420e-01	1.169458197e+00	8.318387755e-01	1.881020992e-01	1.453297705e+00	1.309702622e+00	-4.153665389e-01	-5.702899895e+03	-1.055391742e+01

13	5.532978610e-03	5.922981723e-01	1.229909780e+00	6.101405355e-01	2.279449830e+00	7.165087287e-03	1.326279053e+00	5.589307902e-01	7.098183594e-01	1.024028648e+00	2.017237587e+00	-1.142458229e+00	-2.748791861e+03	-1.294282037e+01

14	1.577930263e-02	6.222832740e-01	1.205301274e+00	9.587716714e-01	2.947338808e+00	-3.862453612e-01	7.588857797e-01	1.247032084e+00	1.858408110e-01	7.351315768e-01	1.774681597e+00	-9.463858919e-01	-3.424260124e+03	-1.304627080e+01

15	1.829158446e-02	5.290409727e-01	9.276994562e-01	6.987024655e-01	2.873586658e+00	-4.512761528e-01	4.843013625e-01	3.529397955e-01	4.546941197e-01	5.159019963e-01	1.023650501e+00	-3.026903275e-01	-3.577091743e+03	-1.024584474e+01

16	4.901682366e-02	5.267741091e-01	1.164674460e+00	9.448557429e-01	1.639745836e+00	-2.370283296e-02	5.859160133e-01	6.313690355e-01	-1.668695863e-01	9.253723610e-01	1.992531281e+00	-1.889185829e+00	-1.127971583e+04	-1.276495215e+01

17	5.045326850e-02	4.155127052e-01	9.535149521e-01	6.040147777e-01	1.500562268e+00	-1.218453917e-01	5.254781391e-01	9.438953628e-01	-3.091679803e-01	1.005822756e+00	1.657775903e+00	-1.192245791e+00	-9.352306660e+03	-1.105849956e+01

18	5.154041005e-02	6.862607554e-01	7.360897400e-01	9.646867146e-01	2.594458307e+00	6.317411662e-02	6.825610777e-01	1.184629184e+00	-6.457846581e-01	6.356761586e-01	1.922106754e+00	-1.153509274e+00	-1.129748519e+04	-1.285883672e+01

19	7.848129295e-02	7.920540849e-01	7.952127066e-01	7.088665239e-01	1.754818262e+00	3.529691316e-01	7.743358395e-01	8.012491381e-01	1.020830731e-01	2.516731834e+00	1.608910003e+00	-7.999966176e-01	-2.152154561e+04	-1.290705726e+01

20	2.150623980e+00	2.810000826e-04	2.399461328e+00	9.843919808e-01	4.536830282e-02	2.273168725e+00	6.303576409e-01	8.614193418e-01	1.336499879e+00	4.094942392e+00	3.986069039e-01	-1.364604457e+00	-3.146608057e+03	-2.076206267e+01

21	2.585134564e-01	6.930388952e-01	1.253575416e+00	7.972926800e-01	1.997851851e+00	5.606896058e-01	8.224799588e-01	1.120407262e+00	-4.680328638e-01	9.106586466e-01	1.618566552e+00	-1.058585875e+00	-7.369813200e+04	-1.275269155e+01

22	1.601988612e-02	5.536831224e-01	9.395139087e-01	6.165814920e-01	1.868804339e+00	1.887066618e-02	7.307590641e-01	3.543312076e-01	1.896970713e-01	5.944941829e-01	1.731897110e+00	-1.454160904e+00	-3.626249646e+03	-1.122660105e+01

23	5.712570887e-02	5.412907225e-01	1.188169891e+00	7.347376338e-01	2.282670054e+00	-3.123789551e-01	9.137563613e-01	8.066339081e-01	5.592358806e-01	1.202500458e+00	1.556385445e+00	-7.077179704e-01	-1.145787099e+04	-1.217711788e+01

24	9.949634176e-02	4.930829156e-01	1.394015996e+00	6.082874047e-01	2.002620732e+00	3.232055670e-02	8.022388641e-01	7.043174496e-01	3.388978071e-01	9.343103916e-01	1.379563743e+00	-7.410868026e-01	-2.103956657e+04	-1.116340286e+01
0	6.021466588e-03	2.539970330e-01	1.359776082e+00	5.688017903e-01	6.459157208e-01	2.547324836e-01	1.384644896e+00	9.734103427e-01	7.819142915e-01	3.911128066e-01	1.298809362e+00	-1.437265055e+00	-2.601766005e+03	-1.075722144e+01

1	1.087669790e-02	5.418832276e-01	1.312355868e+00	6.355223938e-01	3.290233117e+00	-6.832958867e-01	8.837052315e-01	1.600418583e+00	6.110129628e-01	4.994054339e-01	1.922508648e+00	-6.693503892e-01	-2.743036957e+03	-1.339128305e+01

2	1.145847796e-01	3.434742859e-01	1.406354570e+00	8.572636789e-01	2.557207999e+00	-7.592829846e-01	1.086831403e+00	1.467649618e+00	5.573539730e-01	4.259440493e-02	1.410009299e+00	-7.686945728e-01	-1.618774472e+04	-1.230368646e+01

3	2.943109013e-02	1.494901170e-02	5.613561370e-01	3.420171840e-01	4.827592733e-01	-4.469638561e-01	8.565471652e-01	1.077461528e+00	-1.886501820e-01	1.323616692e+00	2.172400689e+00	-1.978680552e+00	-2.381217960e+03	-1.173855518e+01

4	5.853145489e-02	2.429343979e-02	1.336372235e+00	4.497646194e-01	3.660522047e+00	2.899695040e-01	1.374947827e+00	2.176132242e+00	3.324424415e-02	7.501870748e+00	2.106570898e+00	-3.041523062e-01	-3.520611215e+03	-2.058122792e+01

5	1.785555899e-02	1.793962389e-01	5.948486207e+00	1.917714191e+00	2.101217607e+00	1.639447078e-01	6.666078243e-01	6.827535126e-01	1.997741681e+00	2.255601780e+00	9.442460307e-01	2.684456721e-02	-2.822251568e+03	-1.713220735e+01

6	9.758135373e-02	1.579433728e-01	7.301453862e-01	3.211128345e-01	1.783734836e+00	1.057087101e-01	2.442096941e+00	1.433479575e+00	1.229710437e+00	2.654984442e+00	1.170025768e+00	4.976349629e-01	-9.095769653e+03	-1.440011733e+01

7	5.078036057e-02	1.044752484e-01	1.259405856e+00	4.259256581e-01	1.639478158e+00	3.226545664e-01	1.973885306e+00	1.214456688e+00	9.618883158e-01	2.586224084e+00	1.484882579e+00	-5.188172727e-01	-3.855130859e+03	-1.389155591e+01

8	1.266874581e-01	3.446183481e-01	1.124708040e+00	5.963093746e-01	1.784640679e+00	-5.851596378e-01	1.092924415e+00	1.239495434e+00	5.112879772e-01	1.266856320e+00	1.583980227e+00	-7.414327179e-01	-1.914850785e+04	-1.227670404e+01

9	3.832309076e-02	6.333393320e-02	9.103120175e-01	3.914699390e-01	2.801286879e+00	1.131794273e-01	1.798201296e+00	1.999439860e+00	3.027810997e-01	5.285662695e+00	2.000539196e+00	-5.688406168e-01	-2.723866660e+03	-1.782001936e+01

10	7.674747876e-03	4.575908265e-01	1.309303981e+00	1.162050576e+00	3.432076027e+00	-1.449569124e+00	8.023567798e-01	1.256749643e+00	1.141098101e+00	1.201981823e+00	1.482968529e+00	-3.938794018e-01	-3.224325460e+03	-1.495654864e+01

11	2.766993629e+00	3.389655741e-01	8.133752461e-01	3.984929133e-01	1.228907437e+00	2.997515534e-01	9.530747863e-01	2.009075174e-02	-9.013243937e-01	6.141837543e-01	1.062714196e+00	8.159557507e-01	-1.049428918e+06	-1.641972889e+01

12	4.585768913e-02	1.961615150e-01	9.974717416e-01	5.106420650e-01	1.968035088e+00	3.291051714e-01	1.232858057e+00	1.246594580e+00	1.403236968e-01	3.319468181e+00	1.555560949e+00	-3.810535338e-01	-4.561131435e+03	-1.378258791e+01

13	5.532978610e-03	5.922981723e-01	1.229909780e+00	6.101405355e-01	2.279449830e+00	7.165087287e-03	1.326279053e+00	5.589307902e-01	7.098183594e-01	1.024028648e+00	2.017237587e+00	-1.142458229e+00	-2.748791861e+03	-1.294282037e+01

14	1.575648800e-02	6.287886539e-01	1.230505996e+00	9.912217031e-01	3.049616664e+00	-4.246626762e-01	7.615530474e-01	1.331687265e+00	1.854751203e-01	7.484682771e-01	1.778738867e+00	-8.982333842e-01	-3.419193744e+03	-1.324396598e+01

15	1.829158446e-02	5.290409727e-01	9.276994562e-01	6.987024655e-01	2.873586658e+00	-4.512761528e-01	4.843013625e-01	3.529397955e-01	4.546941197e-01	5.159019963e-01	1.023650501e+00	-3.026903275e-01	-3.577091743e+03	-1.024584474e+01

16	4.901682366e-02	5.267741091e-01	1.164674460e+00	9.448557429e-01	1.639745836e+00	-2.370283296e-02	5.859160133e-01	6.313690355e-01	-1.668695863e-01	9.253723610e-01	1.992531281e+00	-1.889185829e+00	-1.127971583e+04	-1.276495215e+01

17	5.045326850e-02	4.155127052e-01	9.535149521e-01	6.040147777e-01	1.500562268e+00	-1.218453917e-01	5.254781391e-01	9.438953628e-01	-3.091679803e-01	1.005822756e+00	1.657775903e+00	-1.192245791e+00	-9.352306660e+03	-1.105849956e+01

18	5.154041005e-02	6.862607554e-01	7.360897400e-01	9.646867146e-01	2.594458307e+00	6.317411662e-02	6.825610777e-01	1.184629184e+00	-6.457846581e-01	6.356761586e-01	1.922106754e+00	-1.153509274e+00	-1.129748519e+04	-1.285883672e+01

19	8.673734931e-02	5.179579009e-01	7.670871697e-01	5.412588734e-01	1.767317534e+00	2.460901013e-01	1.495230385e+00	1.074532568e+00	5.895032530e-01	2.576491922e+00	1.419201027e+00	-2.390916248e-01	-1.615923307e+04	-1.318894183e+01

20	2.150623980e+00	2.810000826e-04	2.399461328e+00	9.843919808e-01	4.536830282e-02	2.273168725e+00	6.303576409e-01	8.614193418e-01	1.336499879e+00	4.094942392e+00	3.986069039e-01	-1.364604457e+00	-3.146608057e+03	-2.076206267e+01

21	2.585134564e-01	6.930388952e-01	1.253575416e+00	7.972926800e-01	1.997851851e+00	5.606896058e-01	8.224799588e-01	1.120407262e+00	-4.680328638e-01	9.106586466e-01	1.618566552e+00	-1.058585875e+00	-7.369813200e+04	-1.275269155e+01

22	1.601988612e-02	5.536831224e-01	9.395139087e-01	6.165814920e-01	1.868804339e+00	1.887066618e-02	7.307590641e-01	3.543312076e-01	1.896970713e-01	5.944941829e-01	1.731897110e+00	-1.454160904e+00	-3.626249646e+03	-1.122660105e+01

23	5.712570887e-02	5.412907225e-01	1.188169891e+00	7.347376338e-01	2.282670054e+00	-3.123789551e-01	9.137563613e-01	8.066339081e-01	5.592358806e-01	1.202500458e+00	1.556385445e+00	-7.077179704e-01	-1.145787099e+04	-1.217711788e+01

24	9.949634176e-02	4.930829156e-01	1.394015996e+00	6.082874047e-01	2.002620732e+00	3.232055670e-02	8.022388641e-01	7.043174496e-01	3.388978071e-01	9.343103916e-01	1.379563743e+00	-7.410868026e-01	-2.103956657e+04	-1.116340286e+01
0	6.021466588e-03	2.539970330e-01	1.359776082e+00	5.688017903e-01	6.459157208e-01	2.547324836e-01	1.384644896e+00	9.734103427e-01	7.819142915e-01	3.911128066e-01	1.298809362e+00	-1.437265055e+00	-2.601766005e+03	-1.075722144e+01

1	9.691256288e-03	5.530671933e-01	1.294066168e+00	6.298917255e-01	3.066002670e+00	-5.301251968e-01	9.818850563e-01	1.369376700e+00	6.329317841e-01	6.157869567e-01	1.943523155e+00	-7.743038290e-01	-2.666906122e+03	-1.324520495e+01

2	1.145847796e-01	3.434742859e-01	1.406354570e+00	8.572636789e-01	2.557207999e+00	-7.592829846e-01	1.086831403e+00	1.467649618e+00	5.573539730e-01	4.259440493e-02	1.410009299e+00	-7.686945728e-01	-1.618774472e+04	-1.230368646e+01

3	2.943109013e-02	1.494901170e-02	5.613561370e-01	3.420171840e-01	4.827592733e-01	-4.469638561e-01	8.565471652e-01	1.077461528e+00	-1.886501820e-01	1.323616692e+00	2.172400689e+00	-1.978680552e+00	-2.381217960e+03	-1.173855518e+01

4	5.853145489e-02	2.429343979e-02	1.336372235e+00	4.497646194e-01	3.660522047e+00	2.899695040e-01	1.374947827e+00	2.176132242e+00	3.324424415e-02	7.501870748e+00	2.106570898e+00	-3.041523062e-01	-3.520611215e+03	-2.058122792e+01

5	1.351383671e-02	2.040162226e-01	7.017220502e+00	2.241472266e+00	1.952713801e+00	1.747134098e-01	4.265659547e-01	4.034483909e-01	2.357289095e+00	1.612843135e+00	7.201774120e-01	1.532056578e-01	-2.673172003e+03	-1.745934476e+01

6	9.758135373e-02	1.579433728e-01	7.301453862e-01	3.211128345e-01	1.783734836e+00	1.057087101e-01	2.442096941e+00	1.433479575e+00	1.229710437e+00	2.654984442e+00	1.170025768e+00	4.976349629e-01	-9.095769653e+03	-1.440011733e+01

7	5.065783182e-02	5.637375890e-02	1.348772126e+00	4.347452745e-01	1.685742084e+00	4.251337312e-01	2.273786010e+00	1.227992630e+00	1.236778735e+00	2.894247479e+00	1.493951128e+00	-4.745068179e-01	-3.307324589e+03	-1.489257256e+01

8	1.266874581e-01	3.446183481e-01	1.124708040e+00	5.963093746e-01	1.784640679e+00	-5.851596378e-01	1.092924415e+00	1.239495434e+00	5.112879772e-01	1.266856320e+00	1.583980227e+00	-7.414327179e-01	-1.914850785e+04	-1.227670404e+01

9	3.832309076e-02	6.333393320e-02	9.103120175e-01	3.914699390e-01	2.801286879e+00	1.131794273e-01	1.798201296e+00	1.999439860e+00	3.027810997e-01	5.285662695e+00	2.000539196e+00	-5.688406168e-01	-2.723866660e+03	-1.782001936e+01

10	7.674747876e-03	4.575908265e-01	1.309303981e+00	1.162050576e+00	3.432076027e+00	-1.449569124e+00	8.023567798e-01	1.256749643e+00	1.141098101e+00	1.201981823e+00	1.482968529e+00	-3.938794018e-01	-3.224325460e+03	-1.495654864e+01

11	2.766993629e+00	3.389655741e-01	8.133752461e-01	3.984929133e-01	1.228907437e+00	2.997515534e-01	9.530747863e-01	2.009075174e-02	-9.013243937e-01	6.141837543e-01	1.062714196e+00	8.159557507e-01	-1.049428918e+06	-1.641972889e+01

12	4.585768913e-02	1.961615150e-01	9.974717416e-01	5.106420650e-01	1.968035088e+00	3.291051714e-01	1.232858057e+00	1.246594580e+00	1.403236968e-01	3.319468181e+00	1.555560949e+00	-3.810535338e-01	-4.561131435e+03	-1.378258791e+01

13	5.532978610e-03	5.922981723e-01	1.229909780e+00	6.101405355e-01	2.279449830e+00	7.165087287e-03	1.326279053e+00	5.589307902e-01	7.098183594e-01	1.024028648e+00	2.017237587e+00	-1.142458229e+00	-2.748791861e+03	-1.294282037e+01

14	1.575648800e-02	6.287886539e-01	1.230505996e+00	9.912217031e-01	3.049616664e+00	-4.246626762e-01	7.615530474e-01	1.331687265e+00	1.854751203e-01	7.484682771e-01	1.778738867e+00	-8.982333842e-01	-3.419193744e+03	-1.324396598e+01

15	1.829158446e-02	5.290409727e-01	9.276994562e-01	6.987024655e-01	2.873586658e+00	-4.512761528e-01	4.843013625e-01	3.529397955e-01	4.546941197e-01	5.159019963e-01	1.023650501e+00	-3.026903275e-01	-3.577091743e+03	-1.024584474e+01

16	4.924559487e-02	5.090543851e-01	1.131044755e+00	8.905726974e-01	1.617579170e+00	-3.933322228e-02	5.762905509e-01	6.811426325e-01	-1.895323263e-01	9.381850592e-01	1.939217439e+00	-1.778189700e+00	-1.097245642e+04	-1.245663625e+01

17	5.138819983e-02	3.430965780e-01	8.160786694e-01	3.821734041e-01	1.409972588e+00	-1.857229248e-01	4.861412566e-01	1.147307736e+00	-4.017849906e-01	1.058185083e+00	1.439895423e+00	-7.386320798e-01	-8.148978738e+03	-1.022092781e+01

18	5.154041005e-02	6.862607554e-01	7.360897400e-01	9.646867146e-01	2.594458307e+00	6.317411662e-02	6.825610777e-01	1.184629184e+00	-6.457846581e-01	6.356761586e-01	1.922106754e+00	-1.153509274e+00	-1.129748519e+04	-1.285883672e+01

19	8.673734931e-02	5.179579009e-01	7.670871697e-01	5.412588734e-01	1.767317534e+00	2.460901013e-01	1.495230385e+00	1.074532568e+00	5.895032530e-01	2.576491922e+00	1.419201027e+00	-2.390916248e-01	-1.615923307e+04	-1.318894183e+01

20	2.150623980e+00	2.810000826e-04	2.399461328e+00	9.843919808e-01	4.536830282e-02	2.273168725e+00	6.303576409e-01	8.614193418e-01	1.336499879e+00	4.094942392e+00	3.986069039e-01	-1.364604457e+00	-3.146608057e+03	-2.076206267e+01

21	2.585134564e-01	6.930388952e-01	1.253575416e+00	7.972926800e-01	1.997851851e+00	5.606896058e-01	8.224799588e-01	1.120407262e+00	-4.680328638e-01	9.106586466e-01	1.618566552e+00	-1.058585875e+00	-7.369813200e+04	-1.275269155e+01

22	1.601988612e-02	5.536831224e-01	9.395139087e-01	6.165814920e-01	1.868804339e+00	1.887066618e-02	7.307590641e-01	3.543312076e-01	1.896970713e-01	5.944941829e-01	1.731897110e+00	-1.454160904e+00	-3.626249646e+03	-1.122660105e+01

23	5.712570887e-02	5.412907225e-01	1.188169891e+00	7.347376338e-01	2.282670054e+00	-3.123789551e-01	9.137563613e-01	8.066339081e-01	5.592358806e-01	1.202500458e+00	1.556385445e+00	-7.077179704e-01	-1.145787099e+04	-1.217711788e+01

24	9.949634176e-02	4.930829156e-01	1.394015996e+00	6.082874047e-01	2.002620732e+00	3.232055670e-02	8.022388641e-01	7.043174496e-01	3.388978071e-01	9.343103916e-01	1.379563743e+00	-7.410868026e-01	-2.103956657e+04	-1.116340286e+01
0	6.743679656e-03	2.491792258e-01	1.905114904e+00	7.300357465e-01	7.718820887e-01	2.470191940e-01	1.292292660e+00	9.184699216e-01	9.337696126e-01	5.088792268e-01	1.243033212e+00	-1.283954592e+00	-2.548908830e+03	-1.117279318e+01

1	9.691256288e-03	5.530671933e-01	1.294066168e+00	6.298917255e-01	3.066002670e+00	-5.301251968e-01	9.818850563e-01	1.369376700e+00	6.329317841e-01	6.157869567e-01	1.943523155e+00	-7.743038290e-01	-2.666906122e+03	-1.324520495e+01

2	1.105330593e-01	3.551714832e-01	1.399145205e+00	8.627556331e-01	2.577395560e+00	-7.455643634e-01	1.073495779e+00	1.462075491e+00	5.421078418e-01	7.153352202e-02	1.425126318e+00	-7.740053500e-01	-1.580128222e+04	-1.233817478e+01

3	2.943109013e-02	1.494901170e-02	5.613561370e-01	3.420171840e-01	4.827592733e-01	-4.469638561e-01	8.565471652e-01	1.077461528e+00	-1.886501820e-01	1.323616692e+00	2.172400689e+00	-1.978680552e+00	-2.381217960e+03	-1.173855518e+01

4	5.853145489e-02	2.429343979e-02	1.336372235e+00	4.497646194e-01	3.660522047e+00	2.899695040e-01	1.374947827e+00	2.176132242e+00	3.324424415e-02	7.501870748e+00	2.106570898e+00	-3.041523062e-01	-3.520611215e+03	-2.058122792e+01

5	1.041361391e-02	2.246974817e-01	4.676260582e+00	1.549348004e+00	1.411981679e+00	2.078240213e-01	8.230036809e-01	6.392895210e-01	1.705424225e+00	1.107310686e+00	9.596060484e-01	-5.049056583e-01	-2.518639358e+03	-1.405223372e+01

6	9.758135373e-02	1.579433728e-01	7.301453862e-01	3.211128345e-01	1.783734836e+00	1.057087101e-01	2.442096941e+00	1.433479575e+00	1.229710437e+00	2.654984442e+00	1.170025768e+00	4.976349629e-01	-9.095769653e+03	-1.440011733e+01

7	5.065783182e-02	5.637375890e-02	1.348772126e+00	4.347452745e-01	1.685742084e+00	4.251337312e-01	2.273786010e+00	1.227992630e+00	1.236778735e+00	2.894247479e+00	1.493951128e+00	-4.745068179e-01	-3.307324589e+03	-1.489257256e+01

8	8.352818034e-02	1.983215991e-01	8.747104123e-01	4.834626015e-01	1.206907186e+00	-5.238327524e-01	9.880277218e-01	1.167589949e+00	2.006777205e-01	1.292044765e+00	1.845102483e+00	-1.290483891e+00	-9.289276704e+03	-1.178987428e+01

9	2.746899618e-02	8.430293422e-02	6.814712329e-01	3.601593406e-01	2.339783923e+00	1.822388314e-02	2.025534550e+00	1.904536788e+00	4.475517750e-01	4.095317368e+00	1.943588613e+00	-7.110070949e-01	-2.704124827e+03	-1.636741885e+01

10	7.674747876e-03	4.575908265e-01	1.309303981e+00	1.162050576e+00	3.432076027e+00	-1.449569124e+00	8.023567798e-01	1.256749643e+00	1.141098101e+00	1.201981823e+00	1.482968529e+00	-3.938794018e-01	-3.224325460e+03	-1.495654864e+01

11	2.766993629e+00	3.389655741e-01	8.133752461e-01	3.984929133e-01	1.228907437e+00	2.997515534e-01	9.530747863e-01	2.009075174e-02	-9.013243937e-01	6.141837543e-01	1.062714196e+00	8.159557507e-01	-1.049428918e+06	-1.641972889e+01

12	4.585768913e-02	1.961615150e-01	9.974717416e-01	5.106420650e-01	1.968035088e+00	3.291051714e-01	1.232858057e+00	1.246594580e+00	1.403236968e-01	3.319468181e+00	1.555560949e+00	-3.810535338e-01	-4.561131435e+03	-1.378258791e+01

13	5.532978610e-03	5.922981723e-01	1.229909780e+00	6.101405355e-01	2.279449830e+00	7.165087287e-03	1.326279053e+00	5.589307902e-01	7.098183594e-01	1.024028648e+00	2.017237587e+00	-1.142458229e+00	-2.748791861e+03	-1.294282037e+01

14	1.575648800e-02	6.287886539e-01	1.230505996e+00	9.912217031e-01	3.049616664e+00	-4.246626762e-01	7.615530474e-01	1.331687265e+00	1.854751203e-01	7.484682771e-01	1.778738867e+00	-8.982333842e-01	-3.419193744e+03	-1.324396598e+01

15	1.829158446e-02	5.290409727e-01	9.276994562e-01	6.987024655e-01	2.873586658e+00	-4.512761528e-01	4.843013625e-01	3.529397955e-01	4.546941197e-01	5.159019963e-01	1.023650501e+00	-3.026903275e-01	-3.577091743e+03	-1.024584474e+01

16	4.835455747e-02	4.267618797e-01	1.095914335e+00	7.906489005e-01	1.709750959e+00	5.756805413e-02	7.489713314e-01	8.298595317e-01	-1.027784206e-01	1.564475310e+00	1.838313722e+00	-1.410735384e+00	-9.384272805e+03	-1.259243596e+01

17	5.138819983e-02	3.430965780e-01	8.160786694e-01	3.821734041e-01	1.409972588e+00	-1.857229248e-01	4.861412566e-01	1.147307736e+00	-4.017849906e-01	1.058185083e+00	1.439895423e+00	-7.386320798e-01	-8.148978738e+03	-1.022092781e+01

18	5.154041005e-02	6.862607554e-01	7.360897400e-01	9.646867146e-01	2.594458307e+00	6.317411662e-02	6.825610777e-01	1.184629184e+00	-6.457846581e-01	6.356761586e-01	1.922106754e+00	-1.153509274e+00	-1.129748519e+04	-1.285883672e+01

19	6.252489575e-02	5.557636476e-01	9.251650882e-01	6.947467843e-01	2.204725697e+00	1.728799641e-02	1.244963931e+00	1.162251230e+00	4.516842378e-01	1.952930348e+00	1.541843851e+00	-4.639330672e-01	-1.152471995e+04	-1.312221242e+01

20	2.150623980e+00	2.810000826e-04	2.399461328e+00	9.843919808e-01	4.536830282e-02	2.273168725e+00	6.303576409e-01	8.614193418e-01	1.336499879e+00	4.094942392e+00	3.986069039e-01	-1.364604457e+00	-3.146608057e+03	-2.076206267e+01

21	1.589231399e-01	5.247790379e-01	1.043217490e+00	5.976943270e-01	1.715186749e+00	2.017982693e-01	6.607610146e-01	1.133341594e+00	-4.361794493e-01	9.815925575e-01	1.532657597e+00	-9.047451493e-01	-3.394420198e+04	-1.146107859e+01

22	1.601988612e-02	5.536831224e-01	9.395139087e-01	6.165814920e-01	1.868804339e+00	1.887066618e-02	7.307590641e-01	3.543312076e-01	1.896970713e-01	5.944941829e-01	1.731897110e+00	-1.454160904e+00	-3.626249646e+03	-1.122660105e+01

23	3.748406273e-02	5.461671205e-01	1.232019395e+00	6.913230666e-01	2.607032225e+00	-4.025432638e-01	9.419670741e-01	1.039654301e+00	5.897518617e-01	9.595542796e-01	1.716691330e+00	-7.352898259e-01	-6.837227705e+03	-1.262749234e+01

24	8.900565312e-02	4.578140121e-01	2.080100771e+00	8.075515906e-01	1.996531609e+00	4.969384776e-02	7.564031732e-01	6.676085445e-01	5.851608643e-01	1.017097881e+00	1.299112299e+00	-6.319745623e-01	-1.793209410e+04	-1.166278244e+01
0	6.743679656e-03	2.491792258e-01	1.905114904e+00	7.300357465e-01	7.718820887e-01	2.470191940e-01	1.292292660e+00	9.184699216e-01	9.337696126e-01	5.088792268e-01	1.243033212e+00	-1.283954592e+00	-2.548908830e+03	-1.117279318e+01

1	9.691256288e-03	5.530671933e-01	1.294066168e+00	6.298917255e-01	3.066002670e+00	-5.301251968e-01	9.818850563e-01	1.369376700e+00	6.329317841e-01	6.157869567e-01	1.943523155e+00	-7.743038290e-01	-2.666906122e+03	-1.324520495e+01

2	1.105330593e-01	3.551714832e-01	1.399145205e+00	8.627556331e-01	2.577395560e+00	-7.455643634e-01	1.073495779e+00	1.462075491e+00	5.421078418e-01	7.153352202e-02	1.425126318e+00	-7.740053500e-01	-1.580128222e+04	-1.233817478e+01

3	2.943109013e-02	1.494901170e-02	5.613561370e-01	3.420171840e-01	4.827592733e-01	-4.469638561e-01	8.565471652e-01	1.077461528e+00	-1.886501820e-01	1.323616692e+00	2.172400689e+00	-1.978680552e+00	-2.381217960e+03	-1.173855518e+01

4	5.853145489e-02	2.429343979e-02	1.336372235e+00	4.497646194e-01	3.660522047e+00	2.899695040e-01	1.374947827e+00	2.176132242e+00	3.324424415e-02	7.501870748e+00	2.106570898e+00	-3.041523062e-01	-3.520611215e+03	-2.058122792e+01

5	1.041361391e-02	2.246974817e-01	4.676260582e+00	1.549348004e+00	1.411981679e+00	2.078240213e-01	8.230036809e-01	6.392895210e-01	1.705424225e+00	1.107310686e+00	9.596060484e-01	-5.049056583e-01	-2.518639358e+03	-1.405223372e+01

6	9.758135373e-02	1.579433728e-01	7.301453862e-01	3.211128345e-01	1.783734836e+00	1.057087101e-01	2.442096941e+00	1.433479575e+00	1.229710437e+00	2.654984442e+00	1.170025768e+00	4.976349629e-01	-9.095769653e+03	-1.440011733e+01

7	5.065783182e-02	5.637375890e-02	1.348772126e+00	4.347452745e-01	1.685742084e+00	4.251337312e-01	2.273786010e+00	1.227992630e+00	1.236778735e+00	2.894247479e+00	1.493951128e+00	-4.745068179e-01	-3.307324589e+03	-1.489257256e+01

8	8.352818034e-02	1.983215991e-01	8.747104123e-01	4.834626015e-01	1.206907186e+00	-5.238327524e-01	9.880277218e-01	1.167589949e+00	2.006777205e-01	1.292044765e+00	1.845102483e+00	-1.290483891e+00	-9.289276704e+03	-1.178987428e+01

9	2.746899618e-02	8.430293422e-02	6.814712329e-01	3.601593406e-01	2.339783923e+00	1.822388314e-02	2.025534550e+00	1.904536788e+00	4.475517750e-01	4.095317368e+00	1.943588613e+00	-7.110070949e-01	-2.704124827e+03	-1.636741885e+01

10	7.674747876e-03	4.575908265e-01	1.309303981e+00	1.162050576e+00	3.432076027e+00	-1.449569124e+00	8.023567798e-01	1.256749643e+00	1.141098101e+00	1.201981823e+00	1.482968529e+00	-3.938794018e-01	-3.224325460e+03	-1.495654864e+01

11	2.766993629e+00	3.389655741e-01	8.133752461e-01	3.984929133e-01	1.228907437e+00	2.997515534e-01	9.530747863e-01	2.009075174e-02	-9.013243937e-01	6.141837543e-01	1.062714196e+00	8.159557507e-01	-1.049428918e+06	-1.641972889e+01

12	4.585768913e-02	1.961615150e-01	9.974717416e-01	5.106420650e-01	1.968035088e+00	3.291051714e-01	1.232858057e+00	1.246594580e+00	1.403236968e-01	3.319468181e+00	1.555560949e+00	-3.810535338e-01	-4.561131435e+03	-1.378258791e+01

13	5.532978610e-03	5.922981723e-01	1.229909780e+00	6.101405355e-01	2.279449830e+00	7.165087287e-03	1.326279053e+00	5.589307902e-01	7.098183594e-01	1.024028648e+00	2.017237587e+00	-1.142458229e+00	-2.748791861e+03	-1.294282037e+01

14	1.575648800e-02	6.287886539e-01	1.230505996e+00	9.912217031e-01	3.049616664e+00	-4.246626762e-01	7.615530474e-01	1.331687265e+00	1.854751203e-01	7.484682771e-01	1.778738867e+00	-8.982333842e-01	-3.419193744e+03	-1.324396598e+01

15	1.829158446e-02	5.290409727e-01	9.276994562e-01	6.987024655e-01	2.873586658e+00	-4.512761528e-01	4.843013625e-01	3.529397955e-01	4.546941197e-01	5.159019963e-01	1.023650501e+00	-3.026903275e-01	-3.577091743e+03	-1.024584474e+01

16	4.835455747e-02	4.267618797e-01	1.095914335e+00	7.906489005e-01	1.709750959e+00	5.756805413e-02	7.489713314e-01	8.298595317e-01	-1.027784206e-01	1.564475310e+00	1.838313722e+00	-1.410735384e+00	-9.384272805e+03	-1.259243596e+01

17	5.138819983e-02	3.430965780e-01	8.160786694e-01	3.821734041e-01	1.409972588e+00	-1.857229248e-01	4.861412566e-01	1.147307736e+00	-4.017849906e-01	1.058185083e+00	1.439895423e+00	-7.386320798e-01	-8.148978738e+03	-1.022092781e+01

18	4.573702207e-02	7.188315845e-01	6.708618148e-01	9.747141607e-01	2.596136851e+00	1.427335741e-01	6.441029685e-01	1.157335469e+00	-7.626433030e-01	6.911735576e-01	1.970997087e+00	-1.190842884e+00	-1.036177274e+04	-1.302639409e+01

19	5.323067684e-02	5.901420205e-01	5.198056451e-01	6.551545420e-01	2.277797679e+00	5.914187424e-03	1.416439035e+00	1.335860969e+00	4.048365980e-01	2.281388922e+00	1.627037795e+00	-4.049538462e-01	-9.745901154e+03	-1.364136101e+01

20	2.150623980e+00	2.810000826e-04	2.399461328e+00	9.843919808e-01	4.536830282e-02	2.273168725e+00	6.303576409e-01	8.614193418e-01	1.336499879e+00	4.094942392e+00	3.986069039e-01	-1.364604457e+00	-3.146608057e+03	-2.076206267e+01

21	1.589231399e-01	5.247790379e-01	1.043217490e+00	5.976943270e-01	1.715186749e+00	2.017982693e-01	6.607610146e-01	1.133341594e+00	-4.361794493e-01	9.815925575e-01	1.532657597e+00	-9.047451493e-01	-3.394420198e+04	-1.146107859e+01

22	1.601988612e-02	5.536831224e-01	9.395139087e-01	6.165814920e-01	1.868804339e+00	1.887066618e-02	7.307590641e-01	3.543312076e-01	1.896970713e-01	5.944941829e-01	1.731897110e+00	-1.454160904e+00	-3.626249646e+03	-1.122660105e+01

23	3.748406273e-02	5.461671205e-01	1.232019395e+00	6.913230666e-01	2.607032225e+00	-4.025432638e-01	9.419670741e-01	1.039654301e+00	5.897518617e-01	9.595542796e-01	1.716691330e+00	-7.352898259e-01	-6.837227705e+03	-1.262749234e+01

24	8.514036762e-02	4.721113111e-01	1.911519636e+00	7.910859444e-01	2.026920830e+00	4.496370106e-02	8.277163455e-01	7.398094703e-01	5.656778389e-01	1.153697436e+00	1.334542809e+00	-6.074462474e-01	-1.680122455e+04	-1.186976458e+01
0	6.743679656e-03	2.491792258e-01	1.905114904e+00	7.300357465e-01	7.718820887e-01	2.470191940e-01	1.292292660e+00	9.184699216e-01	9.337696126e-01	5.088792268e-01	1.243033212e+00	-1.283954592e+00	-2.548908830e+03	-1.117279318e+01

1	9.691256288e-03	5.530671933e-01	1.294066168e+00	6.298917255e-01	3.066002670e+00	-5.301251968e-01	9.818850563e-01	1.369376700e+00	6.329317841e-01	6.157869567e-01	1.943523155e+00	-7.743038290e-01	-2.666906122e+03	-1.324520495e+01

2	1.105330593e-01	3.551714832e-01	1.399145205e+00	8.627556331e-01	2.577395560e+00	-7.455643634e-01	1.073495779e+00	1.462075491e+00	5.421078418e-01	7.153352202e-02	1.425126318e+00	-7.740053500e-01	-1.580128222e+04	-1.233817478e+01

3	2.943109013e-02	1.494901170e-02	5.613561370e-01	3.420171840e-01	4.827592733e-01	-4.469638561e-01	8.565471652e-01	1.077461528e+00	-1.886501820e-01	1.323616692e+00	2.172400689e+00	-1.978680552e+00	-2.381217960e+03	-1.173855518e+01

4	5.853145489e-02	2.429343979e-02	1.336372235e+00	4.497646194e-01	3.660522047e+00	2.899695040e-01	1.374947827e+00	2.176132242e+00	3.324424415e-02	7.501870748e+00	2.106570898e+00	-3.041523062e-01	-3.520611215e+03	-2.058122792e+01

5	1.041361391e-02	2.246974817e-01	4.676260582e+00	1.549348004e+00	1.411981679e+00	2.078240213e-01	8.230036809e-01	6.392895210e-01	1.705424225e+00	1.107310686e+00	9.596060484e-01	-5.049056583e-01	-2.518639358e+03	-1.405223372e+01

6	9.758135373e-02	1.579433728e-01	7.301453862e-01	3.211128345e-01	1.783734836e+00	1.057087101e-01	2.442096941e+00	1.433479575e+00	1.229710437e+00	2.654984442e+00	1.170025768e+00	4.976349629e-01	-9.095769653e+03	-1.440011733e+01

7	5.065783182e-02	5.637375890e-02	1.348772126e+00	4.347452745e-01	1.685742084e+00	4.251337312e-01	2.273786010e+00	1.227992630e+00	1.236778735e+00	2.894247479e+00	1.493951128e+00	-4.745068179e-01	-3.307324589e+03	-1.489257256e+01

8	8.352818034e-02	1.983215991e-01	8.747104123e-01	4.834626015e-01	1.206907186e+00	-5.238327524e-01	9.880277218e-01	1.167589949e+00	2.006777205e-01	1.292044765e+00	1.845102483e+00	-1.290483891e+00	-9.289276704e+03	-1.178987428e+01

9	2.746899618e-02	8.430293422e-02	6.814712329e-01	3.601593406e-01	2.339783923e+00	1.822388314e-02	2.025534550e+00	1.904536788e+00	4.475517750e-01	4.095317368e+00	1.943588613e+00	-7.110070949e-01	-2.704124827e+03	-1.636741885e+01

10	7.674747876e-03	4.575908265e-01	1.309303981e+00	1.162050576e+00	3.432076027e+00	-1.449569124e+00	8.023567798e-01	1.256749643e+00	1.141098101e+00	1.201981823e+00	1.482968529e+00	-3.938794018e-01	-3.224325460e+03	-1.495654864e+01

11	2.766993629e+00	3.389655741e-01	8.133752461e-01	3.984929133e-01	1.228907437e+00	2.997515534e-01	9.530747863e-01	2.009075174e-02	-9.013243937e-01	6.141837543e-01	1.062714196e+00	8.159557507e-01	-1.049428918e+06	-1.641972889e+01

12	4.585768913e-02	1.961615150e-01	9.974717416e-01	5.106420650e-01	1.968035088e+00	3.291051714e-01	1.232858057e+00	1.246594580e+00	1.403236968e-01	3.319468181e+00	1.555560949e+00	-3.810535338e-01	-4.561131435e+03	-1.378258791e+01

13	5.820055139e-03	5.742423912e-01	1.240551548e+00	6.841169535e-01	2.433944496e+00	-1.880913331e-01	1.256054034e+00	6.524644014e-01	7.676258426e-01	1.047880974e+00	1.945625715e+00	-1.042120899e+00	-2.727530615e+03	-1.304699963e+01

14	1.185973058e-02	6.847944926e-01	1.260673495e+00	1.053435243e+00	3.189633038e+00	-5.222418541e-01	7.005401567e-01	1.342702957e+00	1.913202075e-01	4.156389350e-01	1.807630412e+00	-9.651850123e-01	-2.968139644e+03	-1.322317743e+01

15	1.829158446e-02	5.290409727e-01	9.276994562e-01	6.987024655e-01	2.873586658e+00	-4.512761528e-01	4.843013625e-01	3.529397955e-01	4.546941197e-01	5.159019963e-01	1.023650501e+00	-3.026903275e-01	-3.577091743e+03	-1.024584474e+01

16	4.835455747e-02	4.267618797e-01	1.095914335e+00	7.906489005e-01	1.709750959e+00	5.756805413e-02	7.489713314e-01	8.298595317e-01	-1.027784206e-01	1.564475310e+00	1.838313722e+00	-1.410735384e+00	-9.384272805e+03	-1.259243596e+01

17	5.138819983e-02	3.430965780e-01	8.160786694e-01	3.821734041e-01	1.409972588e+00	-1.857229248e-01	4.861412566e-01	1.147307736e+00	-4.017849906e-01	1.058185083e+00	1.439895423e+00	-7.386320798e-01	-8.148978738e+03	-1.022092781e+01

18	4.573702207e-02	7.188315845e-01	6.708618148e-01	9.747141607e-01	2.596136851e+00	1.427335741e-01	6.441029685e-01	1.157335469e+00	-7.626433030e-01	6.911735576e-01	1.970997087e+00	-1.190842884e+00	-1.036177274e+04	-1.302639409e+01

19	5.323067684e-02	5.901420205e-01	5.198056451e-01	6.551545420e-01	2.277797679e+00	5.914187424e-03	1.416439035e+00	1.335860969e+00	4.048365980e-01	2.281388922e+00	1.627037795e+00	-4.049538462e-01	-9.745901154e+03	-1.364136101e+01

20	2.150623980e+00	2.810000826e-04	2.399461328e+00	9.843919808e-01	4.536830282e-02	2.273168725e+00	6.303576409e-01	8.614193418e-01	1.336499879e+00	4.094942392e+00	3.986069039e-01	-1.364604457e+00	-3.146608057e+03	-2.076206267e+01

21	1.589231399e-01	5.247790379e-01	1.043217490e+00	5.976943270e-01	1.715186749e+00	2.017982693e-01	6.607610146e-01	1.133341594e+00	-4.361794493e-01	9.815925575e-01	1.532657597e+00	-9.047451493e-01	-3.394420198e+04	-1.146107859e+01

22	1.601988612e-02	5.536831224e-01	9.395139087e-01	6.165814920e-01	1.868804339e+00	1.887066618e-02	7.307590641e-01	3.543312076e-01	1.896970713e-01	5.944941829e-01	1.731897110e+00	-1.454160904e+00	-3.626249646e+03	-1.122660105e+01

23	3.748406273e-02	5.461671205e-01	1.232019395e+00	6.913230666e-01	2.607032225e+00	-4.025432638e-01	9.419670741e-01	1.039654301e+00	5.897518617e-01	9.595542796e-01	1.716691330e+00	-7.352898259e-01	-6.837227705e+03	-1.262749234e+01

24	8.514036762e-02	4.721113111e-01	1.911519636e+00	7.910859444e-01	2.026920830e+00	4.496370106e-02	8.277163455e-01	7.398094703e-01	5.656778389e-01	1.153697436e+00	1.334542809e+00	-6.074462474e-01	-1.680122455e+04	-1.186976458e+01
0	6.743679656e-03	2.491792258e-01	1.905114904e+00	7.300357465e-01	7.718820887e-01	2.470191940e-01	1.292292660e+00	9.184699216e-01	9.337696126e-01	5.088792268e-01	1.243033212e+00	-1.283954592e+00	-2.548908830e+03	-1.117279318e+01

1	9.691256288e-03	5.530671933e-01	1.294066168e+00	6.298917255e-01	3.066002670e+00	-5.301251968e-01	9.818850563e-01	1.369376700e+00	6.329317841e-01	6.157869567e-01	1.943523155e+00	-7.743038290e-01	-2.666906122e+03	-1.324520495e+01

2	8.462137292e-02	3.836621418e-01	1.277547829e+00	8.338284729e-01	2.211847185e+00	-4.109645307e-01	9.331534168e-01	1.194983860e+00	2.697311797e-01	6.870591065e-01	1.598735940e+00	-1.046947825e+00	-1.274150834e+04	-1.228136740e+01

3	2.943109013e-02	1.494901170e-02	5.613561370e-01	3.420171840e-01	4.827592733e-01	-4.469638561e-01	8.565471652e-01	1.077461528e+00	-1.886501820e-01	1.323616692e+00	2.172400689e+00	-1.978680552e+00	-2.381217960e+03	-1.173855518e+01

4	5.853145489e-02	2.429343979e-02	1.336372235e+00	4.497646194e-01	3.660522047e+00	2.899695040e-01	1.374947827e+00	2.176132242e+00	3.324424415e-02	7.501870748e+00	2.106570898e+00	-3.041523062e-01	-3.520611215e+03	-2.058122792e+01

5	8.507385300e-03	1.128367268e-01	5.946818478e+00	1.866504600e+00	1.256654147e+00	2.720713997e-01	8.543684312e-01	7.361802301e-01	2.220797428e+00	1.281677084e+00	6.970138546e-01	-1.821426098e-01	-2.450293013e+03	-1.577398208e+01

6	9.024825843e-02	2.053145886e-01	7.913842519e-01	3.662860339e-01	1.884193910e+00	4.369160249e-02	2.259050499e+00	1.385424859e+00	1.151622438e+00	2.448107380e+00	1.236730117e+00	3.471929907e-01	-9.085942590e+03	-1.407654350e+01

7	5.065783182e-02	5.637375890e-02	1.348772126e+00	4.347452745e-01	1.685742084e+00	4.251337312e-01	2.273786010e+00	1.227992630e+00	1.236778735e+00	2.894247479e+00	1.493951128e+00	-4.745068179e-01	-3.307324589e+03	-1.489257256e+01

8	8.352818034e-02	1.983215991e-01	8.747104123e-01	4.834626015e-01	1.206907186e+00	-5.238327524e-01	9.880277218e-01	1.167589949e+00	2.006777205e-01	1.292044765e+00	1.845102483e+00	-1.290483891e+00	-9.289276704e+03	-1.178987428e+01

9	2.746899618e-02	8.430293422e-02	6.814712329e-01	3.601593406e-01	2.339783923e+00	1.822388314e-02	2.025534550e+00	1.904536788e+00	4.475517750e-01	4.095317368e+00	1.943588613e+00	-7.110070949e-01	-2.704124827e+03	-1.636741885e+01

10	7.674747876e-03	4.575908265e-01	1.309303981e+00	1.162050576e+00	3.432076027e+00	-1.449569124e+00	8.023567798e-01	1.256749643e+00	1.141098101e+00	1.201981823e+00	1.482968529e+00	-3.938794018e-01	-3.224325460e+03	-1.495654864e+01

11	2.766993629e+00	3.389655741e-01	8.133752461e-01	3.984929133e-01	1.228907437e+00	2.997515534e-01	9.530747863e-01	2.009075174e-02	-9.013243937e-01	6.141837543e-01	1.062714196e+00	8.159557507e-01	-1.049428918e+06	-1.641972889e+01

12	4.585768913e-02	1.961615150e-01	9.974717416e-01	5.106420650e-01	1.968035088e+00	3.291051714e-01	1.232858057e+00	1.246594580e+00	1.403236968e-01	3.319468181e+00	1.555560949e+00	-3.810535338e-01	-4.561131435e+03	-1.378258791e+01

13	5.820055139e-03	5.742423912e-01	1.240551548e+00	6.841169535e-01	2.433944496e+00	-1.880913331e-01	1.256054034e+00	6.524644014e-01	7.676258426e-01	1.047880974e+00	1.945625715e+00	-1.042120899e+00	-2.727530615e+03	-1.304699963e+01

14	1.185973058e-02	6.847944926e-01	1.260673495e+00	1.053435243e+00	3.189633038e+00	-5.222418541e-01	7.005401567e-01	1.342702957e+00	1.913202075e-01	4.156389350e-01	1.807630412e+00	-9.651850123e-01	-2.968139644e+03	-1.322317743e+01

15	1.829158446e-02	5.290409727e-01	9.276994562e-01	6.987024655e-01	2.873586658e+00	-4.512761528e-01	4.843013625e-01	3.529397955e-01	4.546941197e-01	5.159019963e-01	1.023650501e+00	-3.026903275e-01	-3.577091743e+03	-1.024584474e+01

16	4.826141355e-02	4.236409829e-01	1.106919196e+00	7.932371215e-01	1.698900098e+00	5.855474926e-02	7.362213250e-01	8.201938632e-01	-1.124749118e-01	1.550780785e+00	1.842349526e+00	-1.429947881e+00	-9.371791579e+03	-1.258424460e+01

17	5.138819983e-02	3.430965780e-01	8.160786694e-01	3.821734041e-01	1.409972588e+00	-1.857229248e-01	4.861412566e-01	1.147307736e+00	-4.017849906e-01	1.058185083e+00	1.439895423e+00	-7.386320798e-01	-8.148978738e+03	-1.022092781e+01

18	4.573702207e-02	7.188315845e-01	6.708618148e-01	9.747141607e-01	2.596136851e+00	1.427335741e-01	6.441029685e-01	1.157335469e+00	-7.626433030e-01	6.911735576e-01	1.970997087e+00	-1.190842884e+00	-1.036177274e+04	-1.302639409e+01

19	5.191476204e-02	5.643035999e-01	5.280635745e-01	6.400860938e-01	2.280963956e+00	6.542970577e-03	1.447551827e+00	1.364909110e+00	4.070185027e-01	2.374044961e+00	1.643207311e+00	-4.205871430e-01	-9.232470770e+03	-1.378014642e+01

20	2.150623980e+00	2.810000826e-04	2.399461328e+00	9.843919808e-01	4.536830282e-02	2.273168725e+00	6.303576409e-01	8.614193418e-01	1.336499879e+00	4.094942392e+00	3.986069039e-01	-1.364604457e+00	-3.146608057e+03	-2.076206267e+01

21	1.536762424e-01	5.210336898e-01	1.104964863e+00	6.114469411e-01	1.737355024e+00	1.906453283e-01	6.726336710e-01	1.105356433e+00	-3.649346000e-01	9.938314126e-01	1.518569105e+00	-8.836034002e-01	-3.253762805e+04	-1.145390743e+01

22	1.601988612e-02	5.536831224e-01	9.395139087e-01	6.165814920e-01	1.868804339e+00	1.887066618e-02	7.307590641e-01	3.543312076e-01	1.896970713e-01	5.944941829e-01	1.731897110e+00	-1.454160904e+00	-3.626249646e+03	-1.122660105e+01

23	3.748406273e-02	5.461671205e-01	1.232019395e+00	6.913230666e-01	2.607032225e+00	-4.025432638e-01	9.419670741e-01	1.039654301e+00	5.897518617e-01	9.595542796e-01	1.716691330e+00	-7.352898259e-01	-6.837227705e+03	-1.262749234e+01

24	8.514036762e-02	4.721113111e-01	1.911519636e+00	7.910859444e-01	2.026920830e+00	4.496370106e-02	8.277163455e-01	7.398094703e-01	5.656778389e-01	1.153697436e+00	1.334542809e+00	-6.074462474e-01	-1.680122455e+04	-1.186976458e+01
0	6.743679656e-03	2.491792258e-01	1.905114904e+00	7.300357465e-01	7.718820887e-01	2.470191940e-01	1.292292660e+00	9.184699216e-01	9.337696126e-01	5.088792268e-01	1.243033212e+00	-1.283954592e+00	-2.548908830e+03	-1.117279318e+01

1	9.691256288e-03	5.530671933e-01	1.294066168e+00	6.298917255e-01	3.066002670e+00	-5.301251968e-01	9.818850563e-01	1.369376700e+00	6.329317841e-01	6.157869567e-01	1.943523155e+00	-7.743038290e-01	-2.666906122e+03	-1.324520495e+01

2	8.462137292e-02	3.836621418e-01	1.277547829e+00	8.338284729e-01	2.211847185e+00	-4.109645307e-01	9.331534168e-01	1.194983860e+00	2.697311797e-01	6.870591065e-01	1.598735940e+00	-1.046947825e+00	-1.274150834e+04	-1.228136740e+01

3	2.943109013e-02	1.494901170e-02	5.613561370e-01	3.420171840e-01	4.827592733e-01	-4.469638561e-01	8.565471652e-01	1.077461528e+00	-1.886501820e-01	1.323616692e+00	2.172400689e+00	-1.978680552e+00	-2.381217960e+03	-1.173855518e+01

4	5.853145489e-02	2.429343979e-02	1.336372235e+00	4.497646194e-01	3.660522047e+00	2.899695040e-01	1.374947827e+00	2.176132242e+00	3.324424415e-02	7.501870748e+00	2.106570898e+00	-3.041523062e-01	-3.520611215e+03	-2.058122792e+01

5	8.507385300e-03	1.128367268e-01	5.946818478e+00	1.866504600e+00	1.256654147e+00	2.720713997e-01	8.543684312e-01	7.361802301e-01	2.220797428e+00	1.281677084e+00	6.970138546e-01	-1.821426098e-01	-2.450293013e+03	-1.577398208e+01

6	7.154942710e-02	2.716130522e-01	8.032668060e-01	3.739307794e-01	1.656006284e+00	-6.669895544e-02	1.405955262e+00	1.270846753e+00	4.041479217e-01	1.779299264e+00	1.334489974e+00	-1.752884614e-01	-8.541604534e+03	-1.177333097e+01

7	5.065783182e-02	5.637375890e-02	1.348772126e+00	4.347452745e-01	1.685742084e+00	4.251337312e-01	2.273786010e+00	1.227992630e+00	1.236778735e+00	2.894247479e+00	1.493951128e+00	-4.745068179e-01	-3.307324589e+03	-1.489257256e+01

8	8.297923512e-02	1.050969740e-01	5.216797949e-01	3.787177206e-01	9.276948517e-01	-7.175063412e-01	1.042613293e+00	1.313247995e+00	7.639620920e-02	1.339151640e+00	2.018946612e+00	-1.523056283e+00	-7.249301354e+03	-1.193883692e+01

9	2.746899618e-02	8.430293422e-02	6.814712329e-01	3.601593406e-01	2.339783923e+00	1.822388314e-02	2.025534550e+00	1.904536788e+00	4.475517750e-01	4.095317368e+00	1.943588613e+00	-7.110070949e-01	-2.704124827e+03	-1.636741885e+01

10	7.327830783e-03	4.794103015e-01	1.296443957e+00	1.072653912e+00	3.245377238e+00	-1.213611869e+00	8.872200724e-01	1.143719126e+00	1.071240756e+00	1.173157523e+00	1.569507762e+00	-5.151318612e-01	-3.024151150e+03	-1.444706477e+01

11	2.766993629e+00	3.389655741e-01	8.133752461e-01	3.984929133e-01	1.228907437e+00	2.997515534e-01	9.530747863e-01	2.009075174e-02	-9.013243937e-01	6.141837543e-01	1.062714196e+00	8.159557507e-01	-1.049428918e+06	-1.641972889e+01

12	4.585768913e-02	1.961615150e-01	9.974717416e-01	5.106420650e-01	1.968035088e+00	3.291051714e-01	1.232858057e+00	1.246594580e+00	1.403236968e-01	3.319468181e+00	1.555560949e+00	-3.810535338e-01	-4.561131435e+03	-1.378258791e+01

13	6.111998562e-03	4.714949528e-01	1.450609745e+00	6.986311737e-01	1.908592279e+00	-5.055962600e-02	1.267508503e+00	7.365446316e-01	8.201413183e-01	8.775108595e-01	1.723547093e+00	-1.118560788e+00	-2.655560444e+03	-1.247842346e+01

14	6.245605438e-03	8.207459256e-01	1.551314103e+00	1.363068241e+00	3.465498124e+00	-5.841851654e-01	8.892869273e-01	2.206630270e+00	-3.856904810e-02	3.281230519e-01	2.491937209e+00	-1.543451890e+00	-2.816539281e+03	-1.618151959e+01

15	1.829158446e-02	5.290409727e-01	9.276994562e-01	6.987024655e-01	2.873586658e+00	-4.512761528e-01	4.843013625e-01	3.529397955e-01	4.546941197e-01	5.159019963e-01	1.023650501e+00	-3.026903275e-01	-3.577091743e+03	-1.024584474e+01

16	4.940051592e-02	2.490658804e-01	1.221880448e+00	6.228332661e-01	1.692645629e+00	2.328027059e-01	1.467080206e+00	1.014035042e+00	5.288730718e-01	2.189378025e+00	1.676743444e+00	-9.757929479e-01	-6.040268769e+03	-1.332673164e+01

17	5.138819983e-02	3.430965780e-01	8.160786694e-01	3.821734041e-01	1.409972588e+00	-1.857229248e-01	4.861412566e-01	1.147307736e+00	-4.017849906e-01	1.058185083e+00	1.439895423e+00	-7.386320798e-01	-8.148978738e+03	-1.022092781e+01

18	3.549971162e-02	6.619392891e-01	7.634102653e-01	8.513403835e-01	2.345576746e+00	1.000638147e-01	6.739552852e-01	8.807070641e-01	-4.345698278e-01	6.578683032e-01	1.888629099e+00	-1.281553789e+00	-7.699070049e+03	-1.225533049e+01

19	5.191476204e-02	5.643035999e-01	5.280635745e-01	6.400860938e-01	2.280963956e+00	6.542970577e-03	1.447551827e+00	1.364909110e+00	4.070185027e-01	2.374044961e+00	1.643207311e+00	-4.205871430e-01	-9.232470770e+03	-1.378014642e+01

20	2.150623980e+00	2.810000826e-04	2.399461328e+00	9.843919808e-01	4.536830282e-02	2.273168725e+00	6.303576409e-01	8.614193418e-01	1.336499879e+00	4.094942392e+00	3.986069039e-01	-1.364604457e+00	-3.146608057e+03	-2.076206267e+01

21	1.245379744e-01	3.689060649e-01	1.175833801e+00	5.619314296e-01	2.326328499e+00	2.210635418e-01	8.877186869e-01	1.433283515e+00	-2.429915888e-01	2.986930556e+00	1.698645747e+00	-7.061454256e-01	-1.819694011e+04	-1.427978127e+01

22	1.274578181e-02	5.527143893e-01	9.770438145e-01	6.144375504e-01	1.831209737e+00	1.999512086e-02	6.653777468e-01	2.621526618e-01	1.698743802e-01	4.321747787e-01	1.739986834e+00	-1.548436987e+00	-3.133510515e+03	-1.118269822e+01

23	3.748406273e-02	5.461671205e-01	1.232019395e+00	6.913230666e-01	2.607032225e+00	-4.025432638e-01	9.419670741e-01	1.039654301e+00	5.897518617e-01	9.595542796e-01	1.716691330e+00	-7.352898259e-01	-6.837227705e+03	-1.262749234e+01

24	4.713854279e-02	3.640477401e-01	1.908415021e+00	7.614926161e-01	1.418556323e+00	1.429076021e-01	1.052913968e+00	8.264129143e-01	7.441057734e-01	8.411297845e-01	1.290184664e+00	-9.353752999e-01	-7.676751759e+03	-1.147915376e+01
0	6.743679656e-03	2.491792258e-01	1.905114904e+00	7.300357465e-01	7.718820887e-01	2.470191940e-01	1.292292660e+00	9.184699216e-01	9.337696126e-01	5.088792268e-01	1.243033212e+00	-1.283954592e+00	-2.548908830e+03	-1.117279318e+01

1	9.691256288e-03	5.530671933e-01	1.294066168e+00	6.298917255e-01	3.066002670e+00	-5.301251968e-01	9.818850563e-01	1.369376700e+00	6.329317841e-01	6.157869567e-01	1.943523155e+00	-7.743038290e-01	-2.666906122e+03	-1.324520495e+01

2	8.462137292e-02	3.836621418e-01	1.277547829e+00	8.338284729e-01	2.211847185e+00	-4.109645307e-01	9.331534168e-01	1.194983860e+00	2.697311797e-01	6.870591065e-01	1.598735940e+00	-1.046947825e+00	-1.274150834e+04	-1.228136740e+01

3	2.943109013e-02	1.494901170e-02	5.613561370e-01	3.420171840e-01	4.827592733e-01	-4.469638561e-01	8.565471652e-01	1.077461528e+00	-1.886501820e-01	1.323616692e+00	2.172400689e+00	-1.978680552e+00	-2.381217960e+03	-1.173855518e+01

4	5.853145489e-02	2.429343979e-02	1.336372235e+00	4.497646194e-01	3.660522047e+00	2.899695040e-01	1.374947827e+00	2.176132242e+00	3.324424415e-02	7.501870748e+00	2.106570898e+00	-3.041523062e-01	-3.520611215e+03	-2.058122792e+01

5	8.507385300e-03	1.128367268e-01	5.946818478e+00	1.866504600e+00	1.256654147e+00	2.720713997e-01	8.543684312e-01	7.361802301e-01	2.220797428e+00	1.281677084e+00	6.970138546e-01	-1.821426098e-01	-2.450293013e+03	-1.577398208e+01

6	7.044773916e-02	2.757847233e-01	8.531432643e-01	3.914218376e-01	1.645289927e+00	-5.723919921e-02	1.390022151e+00	1.250789003e+00	4.194905639e-01	1.736958725e+00	1.332490431e+00	-2.095919503e-01	-8.526878625e+03	-1.174470007e+01

7	5.065783182e-02	5.637375890e-02	1.348772126e+00	4.347452745e-01	1.685742084e+00	4.251337312e-01	2.273786010e+00	1.227992630e+00	1.236778735e+00	2.894247479e+00	1.493951128e+00	-4.745068179e-01	-3.307324589e+03	-1.489257256e+01

8	8.297923512e-02	1.050969740e-01	5.216797949e-01	3.787177206e-01	9.276948517e-01	-7.175063412e-01	1.042613293e+00	1.313247995e+00	7.639620920e-02	1.339151640e+00	2.018946612e+00	-1.523056283e+00	-7.249301354e+03	-1.193883692e+01

9	2.746899618e-02	8.430293422e-02	6.814712329e-01	3.601593406e-01	2.339783923e+00	1.822388314e-02	2.025534550e+00	1.904536788e+00	4.475517750e-01	4.095317368e+00	1.943588613e+00	-7.110070949e-01	-2.704124827e+03	-1.636741885e+01

10	7.327830783e-03	4.794103015e-01	1.296443957e+00	1.072653912e+00	3.245377238e+00	-1.213611869e+00	8.872200724e-01	1.143719126e+00	1.071240756e+00	1.173157523e+00	1.569507762e+00	-5.151318612e-01	-3.024151150e+03	-1.444706477e+01

11	2.766993629e+00	3.389655741e-01	8.133752461e-01	3.984929133e-01	1.228907437e+00	2.997515534e-01	9.530747863e-01	2.009075174e-02	-9.013243937e-01	6.141837543e-01	1.062714196e+00	8.159557507e-01	-1.049428918e+06	-1.641972889e+01

12	4.585768913e-02	1.961615150e-01	9.974717416e-01	5.106420650e-01	1.968035088e+00	3.291051714e-01	1.232858057e+00	1.246594580e+00	1.403236968e-01	3.319468181e+00	1.555560949e+00	-3.810535338e-01	-4.561131435e+03	-1.378258791e+01

13	6.111998562e-03	4.714949528e-01	1.450609745e+00	6.986311737e-01	1.908592279e+00	-5.055962600e-02	1.267508503e+00	7.365446316e-01	8.201413183e-01	8.775108595e-01	1.723547093e+00	-1.118560788e+00	-2.655560444e+03	-1.247842346e+01

14	6.245605438e-03	8.207459256e-01	1.551314103e+00	1.363068241e+00	3.465498124e+00	-5.841851654e-01	8.892869273e-01	2.206630270e+00	-3.856904810e-02	3.281230519e-01	2.491937209e+00	-1.543451890e+00	-2.816539281e+03	-1.618151959e+01

15	1.829158446e-02	5.290409727e-01	9.276994562e-01	6.987024655e-01	2.873586658e+00	-4.512761528e-01	4.843013625e-01	3.529397955e-01	4.546941197e-01	5.159019963e-01	1.023650501e+00	-3.026903275e-01	-3.577091743e+03	-1.024584474e+01

16	4.940051592e-02	2.490658804e-01	1.221880448e+00	6.228332661e-01	1.692645629e+00	2.328027059e-01	1.467080206e+00	1.014035042e+00	5.288730718e-01	2.189378025e+00	1.676743444e+00	-9.757929479e-01	-6.040268769e+03	-1.332673164e+01

17	4.615561751e-02	4.195186762e-01	9.726107914e-01	4.985165505e-01	1.860465348e+00	-2.673195219e-01	6.576834456e-01	1.106794222e+00	-2.863718815e-02	1.021067080e+00	1.544062791e+00	-7.373742802e-01	-7.829526935e+03	-1.103652815e+01

18	3.549971162e-02	6.619392891e-01	7.634102653e-01	8.513403835e-01	2.345576746e+00	1.000638147e-01	6.739552852e-01	8.807070641e-01	-4.345698278e-01	6.578683032e-01	1.888629099e+00	-1.281553789e+00	-7.699070049e+03	-1.225533049e+01

19	3.158657420e-02	6.765779504e-01	6.223552587e-02	5.196691086e-01	2.323922204e+00	2.660370204e-01	1.767266626e+00	1.470523000e+00	4.923468940e-01	3.422559755e+00	1.670847667e+00	-3.128426914e-02	-6.642008255e+03	-1.500379957e+01

20	2.150623980e+00	2.810000826e-04	2.399461328e+00	9.843919808e-01	4.536830282e-02	2.273168725e+00	6.303576409e-01	8.614193418e-01	1.336499879e+00	4.094942392e+00	3.986069039e-01	-1.364604457e+00	-3.146608057e+03	-2.076206267e+01

21	1.245379744e-01	3.689060649e-01	1.175833801e+00	5.619314296e-01	2.326328499e+00	2.210635418e-01	8.877186869e-01	1.433283515e+00	-2.429915888e-01	2.986930556e+00	1.698645747e+00	-7.061454256e-01	-1.819694011e+04	-1.427978127e+01

22	1.274578181e-02	5.527143893e-01	9.770438145e-01	6.144375504e-01	1.831209737e+00	1.999512086e-02	6.653777468e-01	2.621526618e-01	1.698743802e-01	4.321747787e-01	1.739986834e+00	-1.548436987e+00	-3.133510515e+03	-1.118269822e+01

23	3.748406273e-02	5.461671205e-01	1.232019395e+00	6.913230666e-01	2.607032225e+00	-4.025432638e-01	9.419670741e-01	1.039654301e+00	5.897518617e-01	9.595542796e-01	1.716691330e+00	-7.352898259e-01	-6.837227705e+03	-1.262749234e+01

24	4.713854279e-02	3.640477401e-01	1.908415021e+00	7.614926161e-01	1.418556323e+00	1.429076021e-01	1.052913968e+00	8.264129143e-01	7.441057734e-01	8.411297845e-01	1.290184664e+00	-9.353752999e-01	-7.676751759e+03	-1.147915376e+01
0	6.743679656e-03	2.491792258e-01	1.905114904e+00	7.300357465e-01	7.718820887e-01	2.470191940e-01	1.292292660e+00	9.184699216e-01	9.337696126e-01	5.088792268e-01	1.243033212e+00	-1.283954592e+00	-2.548908830e+03	-1.117279318e+01

1	9.104208499e-03	5.396882173e-01	1.319741480e+00	6.411659460e-01	2.876171352e+00	-4.514698081e-01	1.028731253e+00	1.265583485e+00	6.636367379e-01	6.587132979e-01	1.907444037e+00	-8.307667333e-01	-2.637225408e+03	-1.310833626e+01

2	5.330754882e-02	4.573126296e-01	1.146628143e+00	7.382470850e-01	2.046016005e+00	-2.232096265e-01	8.164923904e-01	7.885800781e-01	2.262268661e-01	5.760144127e-01	1.660274296e+00	-1.265430111e+00	-9.944417369e+03	-1.162528143e+01

3	2.943109013e-02	1.494901170e-02	5.613561370e-01	3.420171840e-01	4.827592733e-01	-4.469638561e-01	8.565471652e-01	1.077461528e+00	-1.886501820e-01	1.323616692e+00	2.172400689e+00	-1.978680552e+00	-2.381217960e+03	-1.173855518e+01

4	5.853145489e-02	2.429343979e-02	1.336372235e+00	4.497646194e-01	3.660522047e+00	2.899695040e-01	1.374947827e+00	2.176132242e+00	3.324424415e-02	7.501870748e+00	2.106570898e+00	-3.041523062e-01	-3.520611215e+03	-2.058122792e+01

5	8.507385300e-03	1.128367268e-01	5.946818478e+00	1.866504600e+00	1.256654147e+00	2.720713997e-01	8.543684312e-01	7.361802301e-01	2.220797428e+00	1.281677084e+00	6.970138546e-01	-1.821426098e-01	-2.450293013e+03	-1.577398208e+01

6	4.703009190e-02	2.141793487e-01	2.778897349e+00	9.491029885e-01	1.498359291e+00	6.726250228e-02	1.187508780e+00	1.056232047e+00	1.100506511e+00	1.564831441e+00	1.092237262e+00	-1.992142412e-01	-5.342235563e+03	-1.287619121e+01

7	5.580391743e-02	8.417551856e-03	1.337007499e+00	4.042602812e-01	1.659997675e+00	4.800874398e-01	2.390034598e+00	1.284766368e+00	1.284910101e+00	3.127227727e+00	1.467427424e+00	-4.001035207e-01	-3.170016148e+03	-1.522216672e+01

8	8.297923512e-02	1.050969740e-01	5.216797949e-01	3.787177206e-01	9.276948517e-01	-7.175063412e-01	1.042613293e+00	1.313247995e+00	7.639620920e-02	1.339151640e+00	2.018946612e+00	-1.523056283e+00	-7.249301354e+03	-1.193883692e+01

9	2.704563865e-02	9.926730719e-02	7.073882543e-01	3.640738416e-01	2.740470841e+00	1.185966173e-01	2.277764887e+00	2.082993351e+00	5.848239440e-01	4.693362312e+00	1.894218237e+00	-4.374834392e-01	-2.603838701e+03	-1.758508267e+01

10	7.327830783e-03	4.794103015e-01	1.296443957e+00	1.072653912e+00	3.245377238e+00	-1.213611869e+00	8.872200724e-01	1.143719126e+00	1.071240756e+00	1.173157523e+00	1.569507762e+00	-5.151318612e-01	-3.024151150e+03	-1.444706477e+01

11	2.766993629e+00	3.389655741e-01	8.133752461e-01	3.984929133e-01	1.228907437e+00	2.997515534e-01	9.530747863e-01	2.009075174e-02	-9.013243937e-01	6.141837543e-01	1.062714196e+00	8.159557507e-01	-1.049428918e+06	-1.641972889e+01

12	4.585768913e-02	1.961615150e-01	9.974717416e-01	5.106420650e-01	1.968035088e+00	3.291051714e-01	1.232858057e+00	1.246594580e+00	1.403236968e-01	3.319468181e+00	1.555560949e+00	-3.810535338e-01	-4.561131435e+03	-1.378258791e+01

13	6.111998562e-03	4.714949528e-01	1.450609745e+00	6.986311737e-01	1.908592279e+00	-5.055962600e-02	1.267508503e+00	7.365446316e-01	8.201413183e-01	8.775108595e-01	1.723547093e+00	-1.118560788e+00	-2.655560444e+03	-1.247842346e+01

14	6.245605438e-03	8.207459256e-01	1.551314103e+00	1.363068241e+00	3.465498124e+00	-5.841851654e-01	8.892869273e-01	2.206630270e+00	-3.856904810e-02	3.281230519e-01	2.491937209e+00	-1.543451890e+00	-2.816539281e+03	-1.618151959e+01

15	1.829158446e-02	5.290409727e-01	9.276994562e-01	6.987024655e-01	2.873586658e+00	-4.512761528e-01	4.843013625e-01	3.529397955e-01	4.546941197e-01	5.159019963e-01	1.023650501e+00	-3.026903275e-01	-3.577091743e+03	-1.024584474e+01

16	4.940051592e-02	2.490658804e-01	1.221880448e+00	6.228332661e-01	1.692645629e+00	2.328027059e-01	1.467080206e+00	1.014035042e+00	5.288730718e-01	2.189378025e+00	1.676743444e+00	-9.757929479e-01	-6.040268769e+03	-1.332673164e+01

17	4.649116188e-02	3.407279695e-01	1.665700596e+00	6.714109703e-01	1.721521715e+00	-1.389371293e-01	8.609826044e-01	1.087393021e+00	4.046262844e-01	1.229714780e+00	1.370692920e+00	-5.308770138e-01	-6.789948852e+03	-1.155085502e+01

18	3.549971162e-02	6.619392891e-01	7.634102653e-01	8.513403835e-01	2.345576746e+00	1.000638147e-01	6.739552852e-01	8.807070641e-01	-4.345698278e-01	6.578683032e-01	1.888629099e+00	-1.281553789e+00	-7.699070049e+03	-1.225533049e+01

19	3.300137517e-02	6.712853195e-01	3.157463526e-01	6.395853782e-01	2.331751437e+00	2.060291476e-01	1.371978196e+00	1.257274123e+00	1.572186995e-01	2.422981224e+00	1.749586886e+00	-4.833211751e-01	-6.479435076e+03	-1.373283293e+01

20	2.150623980e+00	2.810000826e-04	2.399461328e+00	9.843919808e-01	4.536830282e-02	2.273168725e+00	6.303576409e-01	8.614193418e-01	1.336499879e+00	4.094942392e+00	3.986069039e-01	-1.364604457e+00	-3.146608057e+03	-2.076206267e+01

21	9.702286977e-02	3.866729623e-01	1.104495012e+00	5.396704629e-01	2.162793313e+00	4.962303368e-02	8.069678141e-01	1.318673705e+00	-1.677452707e-01	2.296839809e+00	1.644381416e+00	-7.171079079e-01	-1.439496723e+04	-1.311521110e+01

22	1.018149966e-02	5.667811437e-01	9.076019177e-01	6.034733048e-01	1.861976671e+00	1.083091676e-02	6.364835206e-01	2.200821083e-01	1.270603906e-01	4.016835942e-01	1.773523534e+00	-1.594146116e+00	-2.941850719e+03	-1.128146051e+01

23	3.748406273e-02	5.461671205e-01	1.232019395e+00	6.913230666e-01	2.607032225e+00	-4.025432638e-01	9.419670741e-01	1.039654301e+00	5.897518617e-01	9.595542796e-01	1.716691330e+00	-7.352898259e-01	-6.837227705e+03	-1.262749234e+01

24	4.713854279e-02	3.640477401e-01	1.908415021e+00	7.614926161e-01	1.418556323e+00	1.429076021e-01	1.052913968e+00	8.264129143e-01	7.441057734e-01	8.411297845e-01	1.290184664e+00	-9.353752999e-01	-7.676751759e+03	-1.147915376e+01
0	6.743679656e-03	2.491792258e-01	1.905114904e+00	7.300357465e-01	7.718820887e-01	2.470191940e-01	1.292292660e+00	9.184699216e-01	9.337696126e-01	5.088792268e-01	1.243033212e+00	-1.283954592e+00	-2.548908830e+03	-1.117279318e+01

1	9.104208499e-03	5.396882173e-01	1.319741480e+00	6.411659460e-01	2.876171352e+00	-4.514698081e-01	1.028731253e+00	1.265583485e+00	6.636367379e-01	6.587132979e-01	1.907444037e+00	-8.307667333e-01	-2.637225408e+03	-1.310833626e+01

2	5.330754882e-02	4.573126296e-01	1.146628143e+00	7.382470850e-01	2.046016005e+00	-2.232096265e-01	8.164923904e-01	7.885800781e-01	2.262268661e-01	5.760144127e-01	1.660274296e+00	-1.265430111e+00	-9.944417369e+03	-1.162528143e+01

3	3.094731712e-02	1.457350491e-02	6.059498969e-01	3.455956650e-01	5.504410814e-01	-3.936658089e-01	9.447104480e-01	1.089379901e+00	-1.039322318e-01	1.427309925e+00	2.131870356e+00	-1.887924977e+00	-2.359087984e+03	-1.177280769e+01

4	5.853145489e-02	2.429343979e-02	1.336372235e+00	4.497646194e-01	3.660522047e+00	2.899695040e-01	1.374947827e+00	2.176132242e+00	3.324424415e-02	7.501870748e+00	2.106570898e+00	-3.041523062e-01	-3.520611215e+03	-2.058122792e+01

5	8.507385300e-03	1.128367268e-01	5.946818478e+00	1.866504600e+00	1.256654147e+00	2.720713997e-01	8.543684312e-01	7.361802301e-01	2.220797428e+00	1.281677084e+00	6.970138546e-01	-1.821426098e-01	-2.450293013e+03	-1.577398208e+01

6	4.703009190e-02	2.141793487e-01	2.778897349e+00	9.491029885e-01	1.498359291e+00	6.726250228e-02	1.187508780e+00	1.056232047e+00	1.100506511e+00	1.564831441e+00	1.092237262e+00	-1.992142412e-01	-5.342235563e+03	-1.287619121e+01

7	3.222697084e-02	6.046968339e-02	3.634961754e+00	1.133177491e+00	1.458934121e+00	3.763930917e-01	1.624517179e+00	1.011300524e+00	1.751442520e+00	2.207235352e+00	1.083382363e+00	-2.914517333e-01	-2.578089084e+03	-1.538070033e+01

8	8.297923512e-02	1.050969740e-01	5.216797949e-01	3.787177206e-01	9.276948517e-01	-7.175063412e-01	1.042613293e+00	1.313247995e+00	7.639620920e-02	1.339151640e+00	2.018946612e+00	-1.523056283e+00	-7.249301354e+03	-1.193883692e+01

9	2.704563865e-02	9.926730719e-02	7.073882543e-01	3.640738416e-01	2.740470841e+00	1.185966173e-01	2.277764887e+00	2.082993351e+00	5.848239440e-01	4.693362312e+00	1.894218237e+00	-4.374834392e-01	-2.603838701e+03	-1.758508267e+01

10	7.327830783e-03	4.794103015e-01	1.296443957e+00	1.072653912e+00	3.245377238e+00	-1.213611869e+00	8.872200724e-01	1.143719126e+00	1.071240756e+00	1.173157523e+00	1.569507762e+00	-5.151318612e-01	-3.024151150e+03	-1.444706477e+01

11	2.744185201e+00	3.264327327e-01	8.720675125e-01	4.201737946e-01	1.185111205e+00	3.727767994e-01	9.411328111e-01	5.122366585e-02	-8.185149044e-01	7.429873644e-01	1.038139261e+00	7.352652875e-01	-9.589699031e+05	-1.409575530e+01

12	4.585768913e-02	1.961615150e-01	9.974717416e-01	5.106420650e-01	1.968035088e+00	3.291051714e-01	1.232858057e+00	1.246594580e+00	1.403236968e-01	3.319468181e+00	1.555560949e+00	-3.810535338e-01	-4.561131435e+03	-1.378258791e+01

13	6.111998562e-03	4.714949528e-01	1.450609745e+00	6.986311737e-01	1.908592279e+00	-5.055962600e-02	1.267508503e+00	7.365446316e-01	8.201413183e-01	8.775108595e-01	1.723547093e+00	-1.118560788e+00	-2.655560444e+03	-1.247842346e+01

14	6.245605438e-03	8.207459256e-01	1.551314103e+00	1.363068241e+00	3.465498124e+00	-5.841851654e-01	8.892869273e-01	2.206630270e+00	-3.856904810e-02	3.281230519e-01	2.491937209e+00	-1.543451890e+00	-2.816539281e+03	-1.618151959e+01

15	1.829158446e-02	5.290409727e-01	9.276994562e-01	6.987024655e-01	2.873586658e+00	-4.512761528e-01	4.843013625e-01	3.529397955e-01	4.546941197e-01	5.159019963e-01	1.023650501e+00	-3.026903275e-01	-3.577091743e+03	-1.024584474e+01

16	4.940051592e-02	2.490658804e-01	1.221880448e+00	6.228332661e-01	1.692645629e+00	2.328027059e-01	1.467080206e+00	1.014035042e+00	5.288730718e-01	2.189378025e+00	1.676743444e+00	-9.757929479e-01	-6.040268769e+03	-1.332673164e+01

17	4.649116188e-02	3.407279695e-01	1.665700596e+00	6.714109703e-01	1.721521715e+00	-1.389371293e-01	8.609826044e-01	1.087393021e+00	4.046262844e-01	1.229714780e+00	1.370692920e+00	-5.308770138e-01	-6.789948852e+03	-1.155085502e+01

18	3.549971162e-02	6.619392891e-01	7.634102653e-01	8.513403835e-01	2.345576746e+00	1.000638147e-01	6.739552852e-01	8.807070641e-01	-4.345698278e-01	6.578683032e-01	1.888629099e+00	-1.281553789e+00	-7.699070049e+03	-1.225533049e+01

19	3.300137517e-02	6.712853195e-01	3.157463526e-01	6.395853782e-01	2.331751437e+00	2.060291476e-01	1.371978196e+00	1.257274123e+00	1.572186995e-01	2.422981224e+00	1.749586886e+00	-4.833211751e-01	-6.479435076e+03	-1.373283293e+01

20	2.150623980e+00	2.810000826e-04	2.399461328e+00	9.843919808e-01	4.536830282e-02	2.273168725e+00	6.303576409e-01	8.614193418e-01	1.336499879e+00	4.094942392e+00	3.986069039e-01	-1.364604457e+00	-3.146608057e+03	-2.076206267e+01

21	9.702286977e-02	3.866729623e-01	1.104495012e+00	5.396704629e-01	2.162793313e+00	4.962303368e-02	8.069678141e-01	1.318673705e+00	-1.677452707e-01	2.296839809e+00	1.644381416e+00	-7.171079079e-01	-1.439496723e+04	-1.311521110e+01

22	1.018149966e-02	5.667811437e-01	9.076019177e-01	6.034733048e-01	1.861976671e+00	1.083091676e-02	6.364835206e-01	2.200821083e-01	1.270603906e-01	4.016835942e-01	1.773523534e+00	-1.594146116e+00	-2.941850719e+03	-1.128146051e+01

23	3.748406273e-02	5.461671205e-01	1.232019395e+00	6.913230666e-01	2.607032225e+00	-4.025432638e-01	9.419670741e-01	1.039654301e+00	5.897518617e-01	9.595542796e-01	1.716691330e+00	-7.352898259e-01	-6.837227705e+03	-1.262749234e+01

24	4.594723841e-02	3.606600974e-01	1.908317696e+00	7.605649064e-01	1.399484942e+00	1.459780072e-01	1.059973600e+00	8.291278118e-01	7.496992411e-01	8.313312232e-01	1.288794098e+00	-9.456554198e-01	-7.449943085e+03	-1.146827432e+01
0	6.743679656e-03	2.491792258e-01	1.905114904e+00	7.300357465e-01	7.718820887e-01	2.470191940e-01	1.292292660e+00	9.184699216e-01	9.337696126e-01	5.088792268e-01	1.243033212e+00	-1.283954592e+00	-2.548908830e+03	-1.117279318e+01

1	8.364766805e-03	5.210919082e-01	1.602629884e+00	6.670377916e-01	3.572304264e+00	-7.687883227e-01	1.297966107e+00	1.983204994e+00	1.031937284e+00	8.351358717e-01	1.999365708e+00	-3.067908912e-01	-2.634899028e+03	-1.513093166e+01

2	4.172855359e-02	4.628774492e-01	1.184356008e+00	8.224601951e-01	2.348049132e+00	-4.726209610e-01	8.343036239e-01	8.780141485e-01	4.390252959e-01	7.263919601e-01	1.637416712e+00	-1.076483762e+00	-7.684075991e+03	-1.214180165e+01

3	3.094731712e-02	1.457350491e-02	6.059498969e-01	3.455956650e-01	5.504410814e-01	-3.936658089e-01	9.447104480e-01	1.089379901e+00	-1.039322318e-01	1.427309925e+00	2.131870356e+00	-1.887924977e+00	-2.359087984e+03	-1.177280769e+01

4	5.853145489e-02	2.429343979e-02	1.336372235e+00	4.497646194e-01	3.660522047e+00	2.899695040e-01	1.374947827e+00	2.176132242e+00	3.324424415e-02	7.501870748e+00	2.106570898e+00	-3.041523062e-01	-3.520611215e+03	-2.058122792e+01

5	8.507385300e-03	1.128367268e-01	5.946818478e+00	1.866504600e+00	1.256654147e+00	2.720713997e-01	8.543684312e-01	7.361802301e-01	2.220797428e+00	1.281677084e+00	6.970138546e-01	-1.821426098e-01	-2.450293013e+03	-1.577398208e+01

6	4.703009190e-02	2.141793487e-01	2.778897349e+00	9.491029885e-01	1.498359291e+00	6.726250228e-02	1.187508780e+00	1.056232047e+00	1.100506511e+00	1.564831441e+00	1.092237262e+00	-1.992142412e-01	-5.342235563e+03	-1.287619121e+01

7	3.222697084e-02	6.046968339e-02	3.634961754e+00	1.133177491e+00	1.458934121e+00	3.763930917e-01	1.624517179e+00	1.011300524e+00	1.751442520e+00	2.207235352e+00	1.083382363e+00	-2.914517333e-01	-2.578089084e+03	-1.538070033e+01

8	7.298113978e-02	7.205178826e-02	8.548541208e-01	4.077728602e-01	2.045304165e+00	-3.054918571e-01	1.178523888e+00	1.666130707e+00	5.874890311e-02	3.859439889e+00	2.054781193e+00	-1.024576746e+00	-5.155133807e+03	-1.532638877e+01

9	2.704563865e-02	9.926730719e-02	7.073882543e-01	3.640738416e-01	2.740470841e+00	1.185966173e-01	2.277764887e+00	2.082993351e+00	5.848239440e-01	4.693362312e+00	1.894218237e+00	-4.374834392e-01	-2.603838701e+03	-1.758508267e+01

10	7.327830783e-03	4.794103015e-01	1.296443957e+00	1.072653912e+00	3.245377238e+00	-1.213611869e+00	8.872200724e-01	1.143719126e+00	1.071240756e+00	1.173157523e+00	1.569507762e+00	-5.151318612e-01	-3.024151150e+03	-1.444706477e+01

11	2.744185201e+00	3.264327327e-01	8.720675125e-01	4.201737946e-01	1.185111205e+00	3.727767994e-01	9.411328111e-01	5.122366585e-02	-8.185149044e-01	7.429873644e-01	1.038139261e+00	7.352652875e-01	-9.589699031e+05	-1.409575530e+01

12	3.339474578e-02	3.041709427e-01	1.198631085e+00	5.626292391e-01	2.501306826e+00	-3.584329275e-02	1.254500487e+00	1.491449696e+00	4.367030916e-01	2.493656510e+00	1.703085154e+00	-3.563680452e-01	-4.295639143e+03	-1.406240405e+01

13	6.111998562e-03	4.714949528e-01	1.450609745e+00	6.986311737e-01	1.908592279e+00	-5.055962600e-02	1.267508503e+00	7.365446316e-01	8.201413183e-01	8.775108595e-01	1.723547093e+00	-1.118560788e+00	-2.655560444e+03	-1.247842346e+01

14	6.245605438e-03	8.207459256e-01	1.551314103e+00	1.363068241e+00	3.465498124e+00	-5.841851654e-01	8.892869273e-01	2.206630270e+00	-3.856904810e-02	3.281230519e-01	2.491937209e+00	-1.543451890e+00	-2.816539281e+03	-1.618151959e+01

15	1.829158446e-02	5.290409727e-01	9.276994562e-01	6.987024655e-01	2.873586658e+00	-4.512761528e-01	4.843013625e-01	3.529397955e-01	4.546941197e-01	5.159019963e-01	1.023650501e+00	-3.026903275e-01	-3.577091743e+03	-1.024584474e+01

16	4.940051592e-02	2.490658804e-01	1.221880448e+00	6.228332661e-01	1.692645629e+00	2.328027059e-01	1.467080206e+00	1.014035042e+00	5.288730718e-01	2.189378025e+00	1.676743444e+00	-9.757929479e-01	-6.040268769e+03	-1.332673164e+01

17	4.649116188e-02	3.407279695e-01	1.665700596e+00	6.714109703e-01	1.721521715e+00	-1.389371293e-01	8.609826044e-01	1.087393021e+00	4.046262844e-01	1.229714780e+00	1.370692920e+00	-5.308770138e-01	-6.789948852e+03	-1.155085502e+01

18	3.549971162e-02	6.619392891e-01	7.634102653e-01	8.513403835e-01	2.345576746e+00	1.000638147e-01	6.739552852e-01	8.807070641e-01	-4.345698278e-01	6.578683032e-01	1.888629099e+00	-1.281553789e+00	-7.699070049e+03	-1.225533049e+01

19	3.300137517e-02	6.712853195e-01	3.157463526e-01	6.395853782e-01	2.331751437e+00	2.060291476e-01	1.371978196e+00	1.257274123e+00	1.572186995e-01	2.422981224e+00	1.749586886e+00	-4.833211751e-01	-6.479435076e+03	-1.373283293e+01

20	2.150623980e+00	2.810000826e-04	2.399461328e+00	9.843919808e-01	4.536830282e-02	2.273168725e+00	6.303576409e-01	8.614193418e-01	1.336499879e+00	4.094942392e+00	3.986069039e-01	-1.364604457e+00	-3.146608057e+03	-2.076206267e+01

21	9.702286977e-02	3.866729623e-01	1.104495012e+00	5.396704629e-01	2.162793313e+00	4.962303368e-02	8.069678141e-01	1.318673705e+00	-1.677452707e-01	2.296839809e+00	1.644381416e+00	-7.171079079e-01	-1.439496723e+04	-1.311521110e+01

22	1.018149966e-02	5.667811437e-01	9.076019177e-01	6.034733048e-01	1.861976671e+00	1.083091676e-02	6.364835206e-01	2.200821083e-01	1.270603906e-01	4.016835942e-01	1.773523534e+00	-1.594146116e+00	-2.941850719e+03	-1.128146051e+01

23	3.243298019e-02	5.499807967e-01	1.172000874e+00	6.750705120e-01	2.469193990e+00	-3.260673997e-01	8.854514042e-01	8.880301924e-01	5.041521031e-01	8.563459885e-01	1.727205513e+00	-8.941816484e-01	-6.078747384e+03	-1.222452044e+01

24	4.594723841e-02	3.606600974e-01	1.908317696e+00	7.605649064e-01	1.399484942e+00	1.459780072e-01	1.059973600e+00	8.291278118e-01	7.496992411e-01	8.313312232e-01	1.288794098e+00	-9.456554198e-01	-7.449943085e+03	-1.146827432e+01
0	6.743679656e-03	2.491792258e-01	1.905114904e+00	7.300357465e-01	7.718820887e-01	2.470191940e-01	1.292292660e+00	9.184699216e-01	9.337696126e-01	5.088792268e-01	1.243033212e+00	-1.283954592e+00	-2.548908830e+03	-1.117279318e+01

1	8.198442150e-03	5.206065777e-01	1.606965295e+00	6.670948446e-01	3.579301452e+00	-7.715371734e-01	1.301381336e+00	1.991546118e+00	1.036337780e+00	8.349379754e-01	2.000849525e+00	-3.023448114e-01	-2.630649483e+03	-1.515408963e+01

2	4.172855359e-02	4.628774492e-01	1.184356008e+00	8.224601951e-01	2.348049132e+00	-4.726209610e-01	8.343036239e-01	8.780141485e-01	4.390252959e-01	7.263919601e-01	1.637416712e+00	-1.076483762e+00	-7.684075991e+03	-1.214180165e+01

3	3.094731712e-02	1.457350491e-02	6.059498969e-01	3.455956650e-01	5.504410814e-01	-3.936658089e-01	9.447104480e-01	1.089379901e+00	-1.039322318e-01	1.427309925e+00	2.131870356e+00	-1.887924977e+00	-2.359087984e+03	-1.177280769e+01

4	5.853145489e-02	2.429343979e-02	1.336372235e+00	4.497646194e-01	3.660522047e+00	2.899695040e-01	1.374947827e+00	2.176132242e+00	3.324424415e-02	7.501870748e+00	2.106570898e+00	-3.041523062e-01	-3.520611215e+03	-2.058122792e+01

5	8.507385300e-03	1.128367268e-01	5.946818478e+00	1.866504600e+00	1.256654147e+00	2.720713997e-01	8.543684312e-01	7.361802301e-01	2.220797428e+00	1.281677084e+00	6.970138546e-01	-1.821426098e-01	-2.450293013e+03	-1.577398208e+01

6	5.159429220e-02	7.018233942e-05	4.151669865e+00	1.058132301e+00	7.668443208e-01	5.320589683e-01	1.491590160e+00	1.209663398e+00	1.669988913e+00	2.286660751e+00	6.228813747e-01	5.560446259e-01	-2.920380051e+03	-1.461813621e+01

7	3.222697084e-02	6.046968339e-02	3.634961754e+00	1.133177491e+00	1.458934121e+00	3.763930917e-01	1.624517179e+00	1.011300524e+00	1.751442520e+00	2.207235352e+00	1.083382363e+00	-2.914517333e-01	-2.578089084e+03	-1.538070033e+01

8	7.298113978e-02	7.205178826e-02	8.548541208e-01	4.077728602e-01	2.045304165e+00	-3.054918571e-01	1.178523888e+00	1.666130707e+00	5.874890311e-02	3.859439889e+00	2.054781193e+00	-1.024576746e+00	-5.155133807e+03	-1.532638877e+01

9	2.704563865e-02	9.926730719e-02	7.073882543e-01	3.640738416e-01	2.740470841e+00	1.185966173e-01	2.277764887e+00	2.082993351e+00	5.848239440e-01	4.693362312e+00	1.894218237e+00	-4.374834392e-01	-2.603838701e+03	-1.758508267e+01

10	7.327830783e-03	4.794103015e-01	1.296443957e+00	1.072653912e+00	3.245377238e+00	-1.213611869e+00	8.872200724e-01	1.143719126e+00	1.071240756e+00	1.173157523e+00	1.569507762e+00	-5.151318612e-01	-3.024151150e+03	-1.444706477e+01

11	2.744185201e+00	3.264327327e-01	8.720675125e-01	4.201737946e-01	1.185111205e+00	3.727767994e-01	9.411328111e-01	5.122366585e-02	-8.185149044e-01	7.429873644e-01	1.038139261e+00	7.352652875e-01	-9.589699031e+05	-1.409575530e+01

12	3.332723388e-02	2.900819832e-01	1.339481257e+00	5.956140142e-01	2.441044737e+00	-1.201090983e-02	1.275892047e+00	1.463691111e+00	5.127113593e-01	2.477097810e+00	1.667258636e+00	-3.526150761e-01	-4.186627114e+03	-1.409445163e+01

13	6.111998562e-03	4.714949528e-01	1.450609745e+00	6.986311737e-01	1.908592279e+00	-5.055962600e-02	1.267508503e+00	7.365446316e-01	8.201413183e-01	8.775108595e-01	1.723547093e+00	-1.118560788e+00	-2.655560444e+03	-1.247842346e+01

14	6.245605438e-03	8.207459256e-01	1.551314103e+00	1.363068241e+00	3.465498124e+00	-5.841851654e-01	8.892869273e-01	2.206630270e+00	-3.856904810e-02	3.281230519e-01	2.491937209e+00	-1.543451890e+00	-2.816539281e+03	-1.618151959e+01

15	1.829158446e-02	5.290409727e-01	9.276994562e-01	6.987024655e-01	2.873586658e+00	-4.512761528e-01	4.843013625e-01	3.529397955e-01	4.546941197e-01	5.159019963e-01	1.023650501e+00	-3.026903275e-01	-3.577091743e+03	-1.024584474e+01

16	3.556259414e-02	3.248273411e-01	1.246404768e+00	7.707815821e-01	2.203347013e+00	-2.429304610e-01	1.276361236e+00	1.056688802e+00	7.072605830e-01	1.855137894e+00	1.641473079e+00	-8.242791555e-01	-5.320389040e+03	-1.344954816e+01

17	3.788989603e-02	3.329074323e-01	1.761226329e+00	6.938352100e-01	1.646410572e+00	-1.710329392e-01	8.701767439e-01	1.048025528e+00	5.020526353e-01	1.048073857e+00	1.324106972e+00	-4.991776809e-01	-5.636043253e+03	-1.131887503e+01

18	3.332199513e-02	7.222305083e-01	7.092350899e-01	8.893105082e-01	2.221244947e+00	8.210769445e-02	6.076744569e-01	7.582209483e-01	-4.788029719e-01	1.074850759e-02	1.868022086e+00	-1.373969865e+00	-6.663569442e+03	-1.151203578e+01

19	3.300137517e-02	6.712853195e-01	3.157463526e-01	6.395853782e-01	2.331751437e+00	2.060291476e-01	1.371978196e+00	1.257274123e+00	1.572186995e-01	2.422981224e+00	1.749586886e+00	-4.833211751e-01	-6.479435076e+03	-1.373283293e+01

20	2.150623980e+00	2.810000826e-04	2.399461328e+00	9.843919808e-01	4.536830282e-02	2.273168725e+00	6.303576409e-01	8.614193418e-01	1.336499879e+00	4.094942392e+00	3.986069039e-01	-1.364604457e+00	-3.146608057e+03	-2.076206267e+01

21	9.702286977e-02	3.866729623e-01	1.104495012e+00	5.396704629e-01	2.162793313e+00	4.962303368e-02	8.069678141e-01	1.318673705e+00	-1.677452707e-01	2.296839809e+00	1.644381416e+00	-7.171079079e-01	-1.439496723e+04	-1.311521110e+01

22	1.018149966e-02	5.667811437e-01	9.076019177e-01	6.034733048e-01	1.861976671e+00	1.083091676e-02	6.364835206e-01	2.200821083e-01	1.270603906e-01	4.016835942e-01	1.773523534e+00	-1.594146116e+00	-2.941850719e+03	-1.128146051e+01

23	2.999063261e-02	5.841955456e-01	1.038930928e+00	6.596196434e-01	2.662515833e+00	-4.113772212e-01	8.539110965e-01	8.986752521e-01	4.597759007e-01	8.608667510e-01	1.806436873e+00	-8.848791148e-01	-5.773868440e+03	-1.236815380e+01

24	4.594723841e-02	3.606600974e-01	1.908317696e+00	7.605649064e-01	1.399484942e+00	1.459780072e-01	1.059973600e+00	8.291278118e-01	7.496992411e-01	8.313312232e-01	1.288794098e+00	-9.456554198e-01	-7.449943085e+03	-1.146827432e+01
0	6.743679656e-03	2.491792258e-01	1.905114904e+00	7.300357465e-01	7.718820887e-01	2.470191940e-01	1.292292660e+00	9.184699216e-01	9.337696126e-01	5.088792268e-01	1.243033212e+00	-1.283954592e+00	-2.548908830e+03	-1.117279318e+01

1	8.198442150e-03	5.206065777e-01	1.606965295e+00	6.670948446e-01	3.579301452e+00	-7.715371734e-01	1.301381336e+00	1.991546118e+00	1.036337780e+00	8.349379754e-01	2.000849525e+00	-3.023448114e-01	-2.630649483e+03	-1.515408963e+01

2	4.172855359e-02	4.628774492e-01	1.184356008e+00	8.224601951e-01	2.348049132e+00	-4.726209610e-01	8.343036239e-01	8.780141485e-01	4.390252959e-01	7.263919601e-01	1.637416712e+00	-1.076483762e+00	-7.684075991e+03	-1.214180165e+01

3	3.094731712e-02	1.457350491e-02	6.059498969e-01	3.455956650e-01	5.504410814e-01	-3.936658089e-01	9.447104480e-01	1.089379901e+00	-1.039322318e-01	1.427309925e+00	2.131870356e+00	-1.887924977e+00	-2.359087984e+03	-1.177280769e+01

4	5.853145489e-02	2.429343979e-02	1.336372235e+00	4.497646194e-01	3.660522047e+00	2.899695040e-01	1.374947827e+00	2.176132242e+00	3.324424415e-02	7.501870748e+00	2.106570898e+00	-3.041523062e-01	-3.520611215e+03	-2.058122792e+01

5	8.507385300e-03	1.128367268e-01	5.946818478e+00	1.866504600e+00	1.256654147e+00	2.720713997e-01	8.543684312e-01	7.361802301e-01	2.220797428e+00	1.281677084e+00	6.970138546e-01	-1.821426098e-01	-2.450293013e+03	-1.577398208e+01

6	5.159429220e-02	7.018233942e-05	4.151669865e+00	1.058132301e+00	7.668443208e-01	5.320589683e-01	1.491590160e+00	1.209663398e+00	1.669988913e+00	2.286660751e+00	6.228813747e-01	5.560446259e-01	-2.920380051e+03	-1.461813621e+01

7	3.224697825e-02	5.988421915e-02	3.636566304e+00	1.133000459e+00	1.457388931e+00	3.771328020e-01	1.625083356e+00	1.010380039e+00	1.752820950e+00	2.208682395e+00	1.082297680e+00	-2.904876083e-01	-2.573990006e+03	-1.538182463e+01

8	7.298113978e-02	7.205178826e-02	8.548541208e-01	4.077728602e-01	2.045304165e+00	-3.054918571e-01	1.178523888e+00	1.666130707e+00	5.874890311e-02	3.859439889e+00	2.054781193e+00	-1.024576746e+00	-5.155133807e+03	-1.532638877e+01

9	2.704563865e-02	9.926730719e-02	7.073882543e-01	3.640738416e-01	2.740470841e+00	1.185966173e-01	2.277764887e+00	2.082993351e+00	5.848239440e-01	4.693362312e+00	1.894218237e+00	-4.374834392e-01	-2.603838701e+03	-1.758508267e+01

10	7.145226532e-03	4.074406157e-01	1.486713045e+00	9.655522898e-01	2.472168547e+00	-7.570220781e-01	1.013844798e+00	1.073306761e+00	1.028267604e+00	9.655057104e-01	1.467452595e+00	-7.554640153e-01	-2.739089254e+03	-1.323055290e+01

11	2.744185201e+00	3.264327327e-01	8.720675125e-01	4.201737946e-01	1.185111205e+00	3.727767994e-01	9.411328111e-01	5.122366585e-02	-8.185149044e-01	7.429873644e-01	1.038139261e+00	7.352652875e-01	-9.589699031e+05	-1.409575530e+01

12	3.492968777e-02	1.488294383e-01	1.483825157e+00	5.648743300e-01	2.334679850e+00	1.797908805e-01	1.478554864e+00	1.735048634e+00	5.381344244e-01	3.253317540e+00	1.600416156e+00	-9.698711593e-02	-3.084120757e+03	-1.506103375e+01

13	6.111998562e-03	4.714949528e-01	1.450609745e+00	6.986311737e-01	1.908592279e+00	-5.055962600e-02	1.267508503e+00	7.365446316e-01	8.201413183e-01	8.775108595e-01	1.723547093e+00	-1.118560788e+00	-2.655560444e+03	-1.247842346e+01

14	6.245605438e-03	8.207459256e-01	1.551314103e+00	1.363068241e+00	3.465498124e+00	-5.841851654e-01	8.892869273e-01	2.206630270e+00	-3.856904810e-02	3.281230519e-01	2.491937209e+00	-1.543451890e+00	-2.816539281e+03	-1.618151959e+01

15	1.705988697e-02	5.436046502e-01	9.049707021e-01	6.935620789e-01	2.921385397e+00	-4.661345120e-01	4.278149051e-01	3.027513065e-01	4.366821167e-01	4.203931919e-01	9.795899319e-01	-2.654927543e-01	-3.399772856e+03	-1.008560479e+01

16	3.556259414e-02	3.248273411e-01	1.246404768e+00	7.707815821e-01	2.203347013e+00	-2.429304610e-01	1.276361236e+00	1.056688802e+00	7.072605830e-01	1.855137894e+00	1.641473079e+00	-8.242791555e-01	-5.320389040e+03	-1.344954816e+01

17	3.788989603e-02	3.329074323e-01	1.761226329e+00	6.938352100e-01	1.646410572e+00	-1.710329392e-01	8.701767439e-01	1.048025528e+00	5.020526353e-01	1.048073857e+00	1.324106972e+00	-4.991776809e-01	-5.636043253e+03	-1.131887503e+01

18	3.332199513e-02	7.222305083e-01	7.092350899e-01	8.893105082e-01	2.221244947e+00	8.210769445e-02	6.076744569e-01	7.582209483e-01	-4.788029719e-01	1.074850759e-02	1.868022086e+00	-1.373969865e+00	-6.663569442e+03	-1.151203578e+01

19	3.300137517e-02	6.712853195e-01	3.157463526e-01	6.395853782e-01	2.331751437e+00	2.060291476e-01	1.371978196e+00	1.257274123e+00	1.572186995e-01	2.422981224e+00	1.749586886e+00	-4.833211751e-01	-6.479435076e+03	-1.373283293e+01

20	2.017364450e+00	1.179539234e-03	2.286707107e+00	9.442322252e-01	7.712114611e-02	2.105510553e+00	6.501203283e-01	8.757507337e-01	1.245942999e+00	3.927234055e+00	5.075734630e-01	-1.397504496e+00	-2.579446845e+03	-1.903277069e+01

21	9.702286977e-02	3.866729623e-01	1.104495012e+00	5.396704629e-01	2.162793313e+00	4.962303368e-02	8.069678141e-01	1.318673705e+00	-1.677452707e-01	2.296839809e+00	1.644381416e+00	-7.171079079e-01	-1.439496723e+04	-1.311521110e+01

22	1.018149966e-02	5.667811437e-01	9.076019177e-01	6.034733048e-01	1.861976671e+00	1.083091676e-02	6.364835206e-01	2.200821083e-01	1.270603906e-01	4.016835942e-01	1.773523534e+00	-1.594146116e+00	-2.941850719e+03	-1.128146051e+01

23	2.999063261e-02	5.841955456e-01	1.038930928e+00	6.596196434e-01	2.662515833e+00	-4.113772212e-01	8.539110965e-01	8.986752521e-01	4.597759007e-01	8.608667510e-01	1.806436873e+00	-8.848791148e-01	-5.773868440e+03	-1.236815380e+01

24	4.594723841e-02	3.606600974e-01	1.908317696e+00	7.605649064e-01	1.399484942e+00	1.459780072e-01	1.059973600e+00	8.291278118e-01	7.496992411e-01	8.313312232e-01	1.288794098e+00	-9.456554198e-01	-7.449943085e+03	-1.146827432e+01
0	6.743679656e-03	2.491792258e-01	1.905114904e+00	7.300357465e-01	7.718820887e-01	2.470191940e-01	1.292292660e+00	9.184699216e-01	9.337696126e-01	5.088792268e-01	1.243033212e+00	-1.283954592e+00	-2.548908830e+03	-1.117279318e+01

1	8.198442150e-03	5.206065777e-01	1.606965295e+00	6.670948446e-01	3.579301452e+00	-7.715371734e-01	1.301381336e+00	1.991546118e+00	1.036337780e+00	8.349379754e-01	2.000849525e+00	-3.023448114e-01	-2.630649483e+03	-1.515408963e+01

2	4.172855359e-02	4.628774492e-01	1.184356008e+00	8.224601951e-01	2.348049132e+00	-4.726209610e-01	8.343036239e-01	8.780141485e-01	4.390252959e-01	7.263919601e-01	1.637416712e+00	-1.076483762e+00	-7.684075991e+03	-1.214180165e+01

3	3.094731712e-02	1.457350491e-02	6.059498969e-01	3.455956650e-01	5.504410814e-01	-3.936658089e-01	9.447104480e-01	1.089379901e+00	-1.039322318e-01	1.427309925e+00	2.131870356e+00	-1.887924977e+00	-2.359087984e+03	-1.177280769e+01

4	5.154249334e-02	3.375691862e-02	1.947986768e+00	6.314349292e-01	3.074715723e+00	3.131459571e-01	1.441458096e+00	1.866162315e+00	4.904744047e-01	6.094428234e+00	1.834219797e+00	-3.005189050e-01	-3.129974093e+03	-1.901483635e+01

5	8.507385300e-03	1.128367268e-01	5.946818478e+00	1.866504600e+00	1.256654147e+00	2.720713997e-01	8.543684312e-01	7.361802301e-01	2.220797428e+00	1.281677084e+00	6.970138546e-01	-1.821426098e-01	-2.450293013e+03	-1.577398208e+01

6	5.159429220e-02	7.018233942e-05	4.151669865e+00	1.058132301e+00	7.668443208e-01	5.320589683e-01	1.491590160e+00	1.209663398e+00	1.669988913e+00	2.286660751e+00	6.228813747e-01	5.560446259e-01	-2.920380051e+03	-1.461813621e+01

7	2.976533638e-02	7.867451697e-02	2.239008858e+00	7.661333377e-01	2.069567722e+00	2.537810755e-01	1.936488098e+00	1.522140914e+00	1.195550998e+00	3.394162710e+00	1.469677894e+00	-3.606216577e-01	-2.505862247e+03	-1.632462728e+01

8	7.298113978e-02	7.205178826e-02	8.548541208e-01	4.077728602e-01	2.045304165e+00	-3.054918571e-01	1.178523888e+00	1.666130707e+00	5.874890311e-02	3.859439889e+00	2.054781193e+00	-1.024576746e+00	-5.155133807e+03	-1.532638877e+01

9	2.704563865e-02	9.926730719e-02	7.073882543e-01	3.640738416e-01	2.740470841e+00	1.185966173e-01	2.277764887e+00	2.082993351e+00	5.848239440e-01	4.693362312e+00	1.894218237e+00	-4.374834392e-01	-2.603838701e+03	-1.758508267e+01

10	7.145226532e-03	4.074406157e-01	1.486713045e+00	9.655522898e-01	2.472168547e+00	-7.570220781e-01	1.013844798e+00	1.073306761e+00	1.028267604e+00	9.655057104e-01	1.467452595e+00	-7.554640153e-01	-2.739089254e+03	-1.323055290e+01

11	2.744185201e+00	3.264327327e-01	8.720675125e-01	4.201737946e-01	1.185111205e+00	3.727767994e-01	9.411328111e-01	5.122366585e-02	-8.185149044e-01	7.429873644e-01	1.038139261e+00	7.352652875e-01	-9.589699031e+05	-1.409575530e+01

12	3.492968777e-02	1.488294383e-01	1.483825157e+00	5.648743300e-01	2.334679850e+00	1.797908805e-01	1.478554864e+00	1.735048634e+00	5.381344244e-01	3.253317540e+00	1.600416156e+00	-9.698711593e-02	-3.084120757e+03	-1.506103375e+01

13	6.111998562e-03	4.714949528e-01	1.450609745e+00	6.986311737e-01	1.908592279e+00	-5.055962600e-02	1.267508503e+00	7.365446316e-01	8.201413183e-01	8.775108595e-01	1.723547093e+00	-1.118560788e+00	-2.655560444e+03	-1.247842346e+01

14	6.245605438e-03	8.207459256e-01	1.551314103e+00	1.363068241e+00	3.465498124e+00	-5.841851654e-01	8.892869273e-01	2.206630270e+00	-3.856904810e-02	3.281230519e-01	2.491937209e+00	-1.543451890e+00	-2.816539281e+03	-1.618151959e+01

15	1.705988697e-02	5.436046502e-01	9.049707021e-01	6.935620789e-01	2.921385397e+00	-4.661345120e-01	4.278149051e-01	3.027513065e-01	4.366821167e-01	4.203931919e-01	9.795899319e-01	-2.654927543e-01	-3.399772856e+03	-1.008560479e+01

16	3.556259414e-02	3.248273411e-01	1.246404768e+00	7.707815821e-01	2.203347013e+00	-2.429304610e-01	1.276361236e+00	1.056688802e+00	7.072605830e-01	1.855137894e+00	1.641473079e+00	-8.242791555e-01	-5.320389040e+03	-1.344954816e+01

17	3.788989603e-02	3.329074323e-01	1.761226329e+00	6.938352100e-01	1.646410572e+00	-1.710329392e-01	8.701767439e-01	1.048025528e+00	5.020526353e-01	1.048073857e+00	1.324106972e+00	-4.991776809e-01	-5.636043253e+03	-1.131887503e+01

18	3.332199513e-02	7.222305083e-01	7.092350899e-01	8.893105082e-01	2.221244947e+00	8.210769445e-02	6.076744569e-01	7.582209483e-01	-4.788029719e-01	1.074850759e-02	1.868022086e+00	-1.373969865e+00	-6.663569442e+03	-1.151203578e+01

19	3.069229212e-02	4.495097095e-01	4.675888117e-01	5.327675197e-01	2.490214970e+00	1.721309096e-01	1.723158389e+00	1.577411569e+00	3.230044123e-01	3.303224748e+00	1.805661529e+00	-4.655495462e-01	-5.071977237e+03	-1.522139363e+01

20	2.017364450e+00	1.179539234e-03	2.286707107e+00	9.442322252e-01	7.712114611e-02	2.105510553e+00	6.501203283e-01	8.757507337e-01	1.245942999e+00	3.927234055e+00	5.075734630e-01	-1.397504496e+00	-2.579446845e+03	-1.903277069e+01

21	9.702286977e-02	3.866729623e-01	1.104495012e+00	5.396704629e-01	2.162793313e+00	4.962303368e-02	8.069678141e-01	1.318673705e+00	-1.677452707e-01	2.296839809e+00	1.644381416e+00	-7.171079079e-01	-1.439496723e+04	-1.311521110e+01

22	6.149709488e-03	5.483174624e-01	1.012170299e+00	5.970930639e-01	1.778977389e+00	-2.365648912e-02	5.065371411e-01	3.683217894e-02	1.217320542e-01	4.456298157e-02	1.777752634e+00	-1.790405428e+00	-2.395547644e+03	-1.360300043e+01

23	2.999063261e-02	5.841955456e-01	1.038930928e+00	6.596196434e-01	2.662515833e+00	-4.113772212e-01	8.539110965e-01	8.986752521e-01	4.597759007e-01	8.608667510e-01	1.806436873e+00	-8.848791148e-01	-5.773868440e+03	-1.236815380e+01

24	4.594723841e-02	3.606600974e-01	1.908317696e+00	7.605649064e-01	1.399484942e+00	1.459780072e-01	1.059973600e+00	8.291278118e-01	7.496992411e-01	8.313312232e-01	1.288794098e+00	-9.456554198e-01	-7.449943085e+03	-1.146827432e+01
