{
    "n": 1000,
    "active_prop": 0.5,
    "seed": 43,
    "active_indices": [
        6,
        16,
        4,
        10,
        0,
        13,
        24,
        19,
        11,
        8,
        27,
        28,
        23,
        5,
        2
    ],
    "gp_features": [
        10,
        4,
        11
    ],
    "lengthscales": [
        1.4020060056512345,
        0.9483190876535705,
        2.6959252747091424
    ],
    "beta": [
        -1.5316603088110137,
        0.0,
        -3.572076561694816,
        0.0,
        1.6057493183502656,
        0.6685058331723734,
        -1.7930994877016984,
        0.0,
        4.837648924123796,
        0.0,
        -1.9810936102795251,
        0.23670156553198574,
        0.0,
        1.080874181791991,
        0.0,
        0.0,
        0.34905916091712097,
        0.0,
        0.0,
        0.555471164744203,
        0.0,
        0.0,
        0.0,
        3.9744266843763523,
        2.902843037812187,
        0.0,
        0.0,
        0.6429283655128479,
        0.9104768843607687,
        0.0
    ]
}