{
    "selected features": [
        0,
        1,
        2,
        3,
        4,
        5,
        6,
        7,
        8,
        9,
        10,
        11,
        12,
        14,
        15,
        16,
        17,
        18,
        19,
        21,
        23,
        24,
        25,
        26,
        27,
        28,
        29
    ],
    "precision": 0.5185185185185185,
    "recall": 0.9333333333333333,
    "training rmse": 1.4341,
    "testing rmse": 3.201,
    "beta_error": 0.6831,
    "tune time": 0.1339,
    "fit time": 24.9517,
    "prediction time (test)": 1.2982,
    "total runtime": 26.3838,
    "lambda": 0.0342
}