{
    "selected features": [
        0,
        3,
        4,
        7,
        8,
        9,
        10,
        11,
        12,
        14,
        16,
        17,
        24,
        27,
        28
    ],
    "precision": 0.7333333333333333,
    "recall": 0.7333333333333333,
    "training rmse": 2.3404,
    "testing rmse": 3.1367,
    "beta_error": 0.5164,
    "tune time": 2967.2464,
    "fit time": 55.6014,
    "prediction time (test)": 0.594,
    "total runtime": 3023.4418,
    "lambda": 6.3246
}