{
    "n": 100,
    "active_prop": 0.1,
    "noise": 0.1,
    "seed": 0,
    "active_indices": [
        11,
        10,
        13
    ],
    "gp_features": [
        13,
        11,
        10
    ],
    "lengthscales": [
        0.897413054611959,
        1.6285332190525401,
        0.9959076749855122
    ],
    "beta": [
        0.0,
        0.0,
        0.0,
        0.0,
        0.0,
        0.0,
        0.0,
        0.0,
        0.0,
        0.0,
        -0.07738833677617762,
        -2.8671799596102843,
        0.0,
        -4.4718010240000305,
        0.0,
        0.0,
        0.0,
        0.0,
        0.0,
        0.0,
        0.0,
        0.0,
        0.0,
        0.0,
        0.0,
        0.0,
        0.0,
        0.0,
        0.0,
        0.0
    ]
}