{
    "n": 1000,
    "active_prop": 0.5,
    "noise_constant": 0.1,
    "seed": 124,
    "active_indices": [
        29,
        27,
        23,
        21,
        5,
        20,
        0,
        11,
        28,
        18,
        10,
        12,
        1,
        7,
        15
    ],
    "gp_features": [
        0,
        28,
        1
    ],
    "lengthscales": [
        0.489733076462027,
        1.7996837583308238,
        1.7233193205283983
    ],
    "beta": [
        2.84967345348009,
        1.3288366745114688,
        0.0,
        0.0,
        0.0,
        4.1484831627599075,
        0.0,
        -2.2019763827633776,
        0.0,
        0.0,
        0.07206542632967583,
        2.414215985948399,
        -2.8995266122750873,
        0.0,
        0.0,
        -3.5146133370793455,
        0.0,
        0.0,
        2.552239782302788,
        0.0,
        -3.977631300675233,
        3.4722925126748994,
        0.0,
        -0.6313939649524327,
        0.0,
        0.0,
        0.0,
        -1.4242024794070076,
        -0.8789154872805618,
        -1.35443303695292
    ]
}