{
    "selected features": [
        0,
        2,
        3,
        4,
        5,
        7,
        8,
        9,
        11,
        12,
        13,
        14,
        15,
        16,
        19,
        20,
        21,
        22,
        23,
        24,
        25,
        26,
        27,
        29
    ],
    "precision": 0.5416666666666666,
    "recall": 0.8666666666666667,
    "training rmse": 0.0,
    "testing rmse": 3.6462,
    "beta_error": 0.6583,
    "tune time": 0.0085,
    "fit time": 8.7534,
    "prediction time (test)": 0.093,
    "total runtime": 8.8549,
    "lambda": 0.0639
}