{
    "n": 500,
    "active_prop": 0.5,
    "noise_constant": 1.0,
    "seed": 89,
    "active_indices": [
        26,
        12,
        25,
        6,
        2,
        13,
        9,
        4,
        29,
        3,
        5,
        8,
        0,
        1,
        23
    ],
    "gp_features": [
        29,
        3,
        25
    ],
    "lengthscales": [
        1.7536791587461806,
        0.7153082533360444,
        0.6767125862275263
    ],
    "beta": [
        1.2824854245835482,
        0.7692451515321963,
        3.9996011708723707,
        3.918397852357952,
        -3.5639519612823833,
        4.825182552362916,
        0.007254291969912785,
        0.0,
        2.1383132029004877,
        2.600505973229624,
        0.0,
        0.0,
        -0.5925080898877697,
        -3.118023047785469,
        0.0,
        0.0,
        0.0,
        0.0,
        0.0,
        0.0,
        0.0,
        0.0,
        0.0,
        1.5126230585031317,
        0.0,
        -3.9417631053238056,
        3.220949350522945,
        0.0,
        0.0,
        -3.681706660280206
    ]
}