{
    "n": 100,
    "active_prop": 0.1,
    "noise": 1.0,
    "seed": 10,
    "active_indices": [
        29,
        5,
        13
    ],
    "gp_features": [
        29,
        5,
        13
    ],
    "lengthscales": [
        1.0663796428458927,
        0.6045118493050544,
        0.8267253636651698
    ],
    "beta": [
        0.0,
        0.0,
        0.0,
        0.0,
        0.0,
        3.3550868271551,
        0.0,
        0.0,
        0.0,
        0.0,
        0.0,
        0.0,
        0.0,
        -1.591047569527444,
        0.0,
        0.0,
        0.0,
        0.0,
        0.0,
        0.0,
        0.0,
        0.0,
        0.0,
        0.0,
        0.0,
        0.0,
        0.0,
        0.0,
        0.0,
        -4.68445469012853
    ]
}