{
    "n": 100,
    "active_prop": 0.5,
    "seed": 14,
    "active_indices": [
        14,
        23,
        18,
        29,
        1,
        21,
        24,
        4,
        11,
        5,
        8,
        9,
        17,
        26,
        12
    ],
    "gp_features": [
        24,
        18,
        9
    ],
    "lengthscales": [
        0.5315289857355937,
        0.3696082285589419,
        1.276516233796029
    ],
    "beta": [
        0.0,
        -0.1269003615014217,
        0.0,
        0.0,
        0.6735380969856486,
        -4.81388767020622,
        0.0,
        0.0,
        2.2157548956447872,
        2.862794047786692,
        0.0,
        3.741211368412557,
        3.988764685906265,
        0.0,
        1.271224079692229,
        0.0,
        0.0,
        1.9000789252286143,
        3.3492394338635005,
        0.0,
        0.0,
        -4.813551172020437,
        0.0,
        -1.1338769241757305,
        -4.867986735435462,
        0.0,
        -4.976631769312991,
        0.0,
        0.0,
        -2.1127143470586915
    ]
}