{
    "n": 100,
    "active_prop": 0.3,
    "noise": 0.1,
    "seed": 33,
    "active_indices": [
        28,
        22,
        8,
        12,
        0,
        10,
        25,
        19,
        20
    ],
    "gp_features": [
        28,
        20,
        0
    ],
    "lengthscales": [
        0.946632068645681,
        1.1801543066364728,
        0.5061761472124396
    ],
    "beta": [
        3.912265659011304,
        0.0,
        0.0,
        0.0,
        0.0,
        0.0,
        0.0,
        0.0,
        -2.144463592147421,
        0.0,
        -0.8360310471750125,
        0.0,
        0.9986689000474049,
        0.0,
        0.0,
        0.0,
        0.0,
        0.0,
        0.0,
        -3.4935667998156372,
        3.375312520929505,
        0.0,
        -2.3173404735138314,
        0.0,
        0.0,
        -3.389440066817526,
        0.0,
        0.0,
        3.7690589988273953,
        0.0
    ]
}