{
    "n": 500,
    "active_prop": 0.2,
    "seed": 22,
    "active_indices": [
        29,
        22,
        26,
        23,
        20,
        16
    ],
    "gp_features": [
        23,
        29,
        20
    ],
    "lengthscales": [
        1.0000443449595466,
        0.9383758055587706,
        1.563341217789328
    ],
    "beta": [
        0.0,
        0.0,
        0.0,
        0.0,
        0.0,
        0.0,
        0.0,
        0.0,
        0.0,
        0.0,
        0.0,
        0.0,
        0.0,
        0.0,
        0.0,
        0.0,
        -1.0985354006057624,
        0.0,
        0.0,
        0.0,
        -1.6802429904936336,
        0.0,
        -2.719953990970465,
        3.7998261601456615,
        0.0,
        0.0,
        -4.651166617314704,
        0.0,
        0.0,
        2.8539306171859034
    ]
}