{
    "selected features": [
        7,
        9,
        11,
        16,
        17,
        22,
        24,
        28,
        29
    ],
    "precision": 0.5555555555555556,
    "recall": 0.8333333333333334,
    "training rmse": 0.3838,
    "testing rmse": 0.9858,
    "beta_error": 0.4082,
    "tune time": 1149.2539,
    "fit time": 11.5871,
    "prediction time (test)": 0.1063,
    "total runtime": 1160.9472,
    "lambda": 6.3246
}