{
    "n": 1000,
    "active_prop": 0.3,
    "noise": 0.5,
    "seed": 127,
    "active_indices": [
        12,
        9,
        14,
        0,
        25,
        2,
        28,
        22,
        29
    ],
    "gp_features": [
        14,
        29,
        0
    ],
    "lengthscales": [
        0.9672822126431004,
        1.097560526502872,
        0.5576869128782831
    ],
    "beta": [
        1.360942182764826,
        0.0,
        0.8597482409948878,
        0.0,
        0.0,
        0.0,
        0.0,
        0.0,
        0.0,
        1.4373851711989065,
        0.0,
        0.0,
        -0.17901106977747805,
        0.0,
        4.920969870823917,
        0.0,
        0.0,
        0.0,
        0.0,
        0.0,
        0.0,
        0.0,
        3.111207560846598,
        0.0,
        0.0,
        3.351704197772241,
        0.0,
        0.0,
        0.5737601646418078,
        4.587210184173625
    ]
}