{
    "n": 100,
    "active_prop": 0.2,
    "noise_constant": 1.0,
    "seed": 28,
    "active_indices": [
        13,
        29,
        1,
        17,
        12,
        25
    ],
    "gp_features": [
        13,
        25,
        12
    ],
    "lengthscales": [
        1.6597484974806938,
        0.5598074197032779,
        1.028685383955797
    ],
    "beta": [
        0.0,
        1.0335879492116673,
        0.0,
        0.0,
        0.0,
        0.0,
        0.0,
        0.0,
        0.0,
        0.0,
        0.0,
        0.0,
        -1.7870332426070332,
        -0.7795619196899883,
        0.0,
        0.0,
        0.0,
        -2.739472132533094,
        0.0,
        0.0,
        0.0,
        0.0,
        0.0,
        0.0,
        0.0,
        0.8018442298806061,
        0.0,
        0.0,
        0.0,
        -0.6509159008425236
    ]
}