{
    "n": 100,
    "active_prop": 0.2,
    "noise": 1.0,
    "seed": 28,
    "active_indices": [
        5,
        1,
        18,
        11,
        19,
        17
    ],
    "gp_features": [
        19,
        18,
        17
    ],
    "lengthscales": [
        1.3035647387345914,
        0.5592660063840945,
        1.2613959111843875
    ],
    "beta": [
        0.0,
        3.1596069842744257,
        0.0,
        0.0,
        0.0,
        4.0190761205686325,
        0.0,
        0.0,
        0.0,
        0.0,
        0.0,
        3.320506809584545,
        0.0,
        0.0,
        0.0,
        0.0,
        0.0,
        0.2730568645273701,
        -2.834119181185061,
        1.8643391604666988,
        0.0,
        0.0,
        0.0,
        0.0,
        0.0,
        0.0,
        0.0,
        0.0,
        0.0,
        0.0
    ]
}