{
    "n": 1000,
    "active_prop": 0.2,
    "seed": 38,
    "active_indices": [
        13,
        15,
        1,
        22,
        6,
        12
    ],
    "gp_features": [
        13,
        6,
        15
    ],
    "lengthscales": [
        1.8479367541806562,
        0.5857099036599094,
        1.23359880286464
    ],
    "beta": [
        0.0,
        3.1450391095053867,
        0.0,
        0.0,
        0.0,
        0.0,
        -4.206981452760672,
        0.0,
        0.0,
        0.0,
        0.0,
        0.0,
        -3.8757864362476067,
        -0.9028055933525554,
        0.0,
        0.27660146958666054,
        0.0,
        0.0,
        0.0,
        0.0,
        0.0,
        0.0,
        -4.777996955284921,
        0.0,
        0.0,
        0.0,
        0.0,
        0.0,
        0.0,
        0.0
    ]
}