{
    "n": 500,
    "active_prop": 0.2,
    "noise_constant": 0.5,
    "seed": 66,
    "active_indices": [
        29,
        23,
        0,
        8,
        17,
        15
    ],
    "gp_features": [
        17,
        23,
        29
    ],
    "lengthscales": [
        0.9454292050566104,
        0.4272008764885159,
        0.6897659373616185
    ],
    "beta": [
        2.6976870759334517,
        0.0,
        0.0,
        0.0,
        0.0,
        0.0,
        0.0,
        0.0,
        0.2641503830628569,
        0.0,
        0.0,
        0.0,
        0.0,
        0.0,
        0.0,
        -4.956981685293177,
        0.0,
        3.9315038460756124,
        0.0,
        0.0,
        0.0,
        0.0,
        0.0,
        -0.6170065413751615,
        0.0,
        0.0,
        0.0,
        0.0,
        0.0,
        1.3603654978058248
    ]
}