{
    "selected features": [
        1,
        2,
        7,
        9,
        12,
        14,
        20,
        23,
        24,
        25,
        27
    ],
    "precision": 0.36363636363636365,
    "recall": 0.26666666666666666,
    "training rmse": 1.8216,
    "testing rmse": 4.6748,
    "beta_error": 0.7746,
    "tune time": 0.0099,
    "fit time": 0.191,
    "prediction time (test)": 0.0188,
    "total runtime": 0.2197,
    "lambda": 0.5956
}