{
    "n": 500,
    "active_prop": 0.1,
    "noise": 0.1,
    "seed": 48,
    "active_indices": [
        6,
        7,
        11
    ],
    "gp_features": [
        7,
        11,
        6
    ],
    "lengthscales": [
        0.6193815986808845,
        1.784101175822382,
        0.7550373354596013
    ],
    "beta": [
        0.0,
        0.0,
        0.0,
        0.0,
        0.0,
        0.0,
        -4.594678859854282,
        0.5061172114993928,
        0.0,
        0.0,
        0.0,
        0.01090435885232921,
        0.0,
        0.0,
        0.0,
        0.0,
        0.0,
        0.0,
        0.0,
        0.0,
        0.0,
        0.0,
        0.0,
        0.0,
        0.0,
        0.0,
        0.0,
        0.0,
        0.0,
        0.0
    ]
}