{
    "n": 1000,
    "active_prop": 0.5,
    "noise_constant": 1.0,
    "seed": 131,
    "active_indices": [
        28,
        17,
        3,
        13,
        21,
        15,
        12,
        26,
        0,
        25,
        8,
        11,
        19,
        29,
        24
    ],
    "gp_features": [
        19,
        17,
        12
    ],
    "lengthscales": [
        2.3141281920336145,
        2.0739968259544423,
        0.40392760857497484
    ],
    "beta": [
        -0.3172791343965162,
        0.0,
        0.0,
        -3.5892042490742035,
        0.0,
        0.0,
        0.0,
        0.0,
        3.5616562318357943,
        0.0,
        0.0,
        0.9009812048931751,
        -0.7864723766423527,
        -2.3050165160992178,
        0.0,
        3.1113861830996257,
        0.0,
        3.3794895637920437,
        0.0,
        0.15993990183702156,
        0.0,
        0.8485633914717203,
        0.0,
        0.0,
        -1.850450376053665,
        -3.5264657903835026,
        -4.881815410694798,
        0.0,
        0.6480777145789229,
        -1.9882357354031455
    ]
}