{
    "n": 100,
    "active_prop": 0.2,
    "noise_constant": 0.5,
    "seed": 24,
    "active_indices": [
        24,
        11,
        19,
        28,
        16,
        29
    ],
    "gp_features": [
        28,
        11,
        19
    ],
    "lengthscales": [
        3.2339223418698215,
        0.8972822926324069,
        0.3966669705459158
    ],
    "beta": [
        0.0,
        0.0,
        0.0,
        0.0,
        0.0,
        0.0,
        0.0,
        0.0,
        0.0,
        0.0,
        0.0,
        2.370646140340148,
        0.0,
        0.0,
        0.0,
        0.0,
        0.5777435452962232,
        0.0,
        0.0,
        -0.7208226947876764,
        0.0,
        0.0,
        0.0,
        0.0,
        1.4894446475572813,
        0.0,
        0.0,
        0.0,
        -0.8461656530735704,
        1.9622935359678753
    ]
}