{
    "n": 100,
    "active_prop": 0.2,
    "noise": 0.5,
    "seed": 23,
    "active_indices": [
        19,
        22,
        26,
        28,
        15,
        4
    ],
    "gp_features": [
        22,
        4,
        26
    ],
    "lengthscales": [
        0.9791814915781132,
        4.104023132680299,
        0.38021076117245173
    ],
    "beta": [
        0.0,
        0.0,
        0.0,
        0.0,
        -0.8457448733280168,
        0.0,
        0.0,
        0.0,
        0.0,
        0.0,
        0.0,
        0.0,
        0.0,
        0.0,
        0.0,
        1.839059658483448,
        0.0,
        0.0,
        0.0,
        3.0815448151527907,
        0.0,
        0.0,
        -2.867621417708591,
        0.0,
        0.0,
        0.0,
        -4.777504754198086,
        0.0,
        0.5945949691630528,
        0.0
    ]
}