{
    "n": 1000,
    "active_prop": 0.3,
    "seed": 44,
    "active_indices": [
        4,
        12,
        23,
        9,
        1,
        18,
        13,
        5,
        2
    ],
    "gp_features": [
        12,
        23,
        1
    ],
    "lengthscales": [
        0.7760157111357738,
        1.359499929621279,
        1.0647192969043449
    ],
    "beta": [
        0.0,
        -3.9706677806782897,
        3.361067222885561,
        0.0,
        3.7453047782962727,
        2.9643660179644113,
        0.0,
        0.0,
        0.0,
        2.4648665155003613,
        0.0,
        0.0,
        -0.9770695030574394,
        1.4731677569617654,
        0.0,
        0.0,
        0.0,
        0.0,
        2.4233525947181747,
        0.0,
        0.0,
        0.0,
        0.0,
        3.3534126576288834,
        0.0,
        0.0,
        0.0,
        0.0,
        0.0,
        0.0
    ]
}