{
    "selected features": [
        1,
        2,
        3,
        4,
        5,
        6,
        7,
        8,
        9,
        10,
        11,
        13,
        16,
        18,
        19,
        20,
        24,
        25,
        29
    ],
    "precision": 0.6842105263157895,
    "recall": 0.8666666666666667,
    "training rmse": 0.0,
    "testing rmse": 4.4209,
    "beta_error": 0.5164,
    "tune time": 0.008,
    "fit time": 0.4592,
    "prediction time (test)": 0.0331,
    "total runtime": 0.5002,
    "lambda": 0.2377
}