{
    "selected features": [
        1,
        2,
        4,
        5,
        6,
        7,
        8,
        9,
        10,
        11,
        13,
        14,
        15,
        16,
        17,
        18,
        19,
        22,
        23,
        25,
        27,
        28
    ],
    "precision": 0.6363636363636364,
    "recall": 0.9333333333333333,
    "training rmse": 0.0,
    "testing rmse": 2.9133,
    "beta_error": 0.5477,
    "tune time": 0.1877,
    "fit time": 46.5681,
    "prediction time (test)": 0.2817,
    "total runtime": 47.0375,
    "lambda": 0.0926
}