{
    "selected features": [
        1,
        2,
        4,
        5,
        6,
        7,
        8,
        9,
        10,
        11,
        13,
        14,
        15,
        16,
        17,
        18,
        19,
        22,
        23,
        25,
        27,
        28
    ],
    "precision": 0.6363636363636364,
    "recall": 0.9333333333333333,
    "training rmse": 1.2004,
    "testing rmse": 2.8348,
    "beta_error": 0.5477,
    "tune time": 0.1295,
    "fit time": 10.289,
    "prediction time (test)": 0.3777,
    "total runtime": 10.7963,
    "lambda": 0.0926
}