{
    "selected features": [
        2,
        4,
        7,
        10,
        12,
        13,
        16,
        17,
        19,
        20,
        24,
        27,
        28,
        29
    ],
    "precision": 0.9285714285714286,
    "recall": 0.8666666666666667,
    "training rmse": 0.3214,
    "testing rmse": 1.3113,
    "beta_error": 0.3162,
    "tune time": 415.628,
    "fit time": 2.339,
    "prediction time (test)": 0.0394,
    "total runtime": 418.0064,
    "lambda": 6.3246
}