{
    "n": 1000,
    "active_prop": 0.2,
    "noise_constant": 0.5,
    "seed": 110,
    "active_indices": [
        19,
        6,
        11,
        22,
        24,
        13
    ],
    "gp_features": [
        13,
        6,
        22
    ],
    "lengthscales": [
        2.2071229635107628,
        1.1185686894622635,
        0.8296376876162948
    ],
    "beta": [
        0.0,
        0.0,
        0.0,
        0.0,
        0.0,
        0.0,
        -3.7888492584315934,
        0.0,
        0.0,
        0.0,
        0.0,
        -4.0058585891496055,
        0.0,
        -4.72779596277306,
        0.0,
        0.0,
        0.0,
        0.0,
        0.0,
        0.6731659758686481,
        0.0,
        0.0,
        0.4328524148928974,
        0.0,
        0.5022397883901206,
        0.0,
        0.0,
        0.0,
        0.0,
        0.0
    ]
}