{
    "n": 1000,
    "active_prop": 0.1,
    "noise_constant": 0.5,
    "seed": 95,
    "active_indices": [
        10,
        2,
        4
    ],
    "gp_features": [
        4,
        10,
        2
    ],
    "lengthscales": [
        1.4817615968907683,
        0.8499328205743512,
        1.1219571278243528
    ],
    "beta": [
        0.0,
        0.0,
        -4.048623059377153,
        0.0,
        0.8039151118818744,
        0.0,
        0.0,
        0.0,
        0.0,
        0.0,
        2.7105407668649217,
        0.0,
        0.0,
        0.0,
        0.0,
        0.0,
        0.0,
        0.0,
        0.0,
        0.0,
        0.0,
        0.0,
        0.0,
        0.0,
        0.0,
        0.0,
        0.0,
        0.0,
        0.0,
        0.0
    ]
}