{
    "n": 100,
    "active_prop": 0.2,
    "noise_constant": 0.1,
    "seed": 15,
    "active_indices": [
        9,
        24,
        10,
        23,
        21,
        25
    ],
    "gp_features": [
        23,
        25,
        24
    ],
    "lengthscales": [
        1.366164346490527,
        1.3139305033549398,
        0.8110004285040021
    ],
    "beta": [
        0.0,
        0.0,
        0.0,
        0.0,
        0.0,
        0.0,
        0.0,
        0.0,
        0.0,
        -1.3262721840571254,
        -1.6674338803571507,
        0.0,
        0.0,
        0.0,
        0.0,
        0.0,
        0.0,
        0.0,
        0.0,
        0.0,
        0.0,
        -3.9750351843007525,
        0.0,
        2.2013546395241432,
        -4.267257248354667,
        2.814550909136547,
        0.0,
        0.0,
        0.0,
        0.0
    ]
}