{
    "n": 500,
    "active_prop": 0.2,
    "seed": 23,
    "active_indices": [
        16,
        9,
        15,
        27,
        25,
        8
    ],
    "gp_features": [
        9,
        25,
        16
    ],
    "lengthscales": [
        0.5481676810920154,
        0.7438028585792485,
        2.084785597664741
    ],
    "beta": [
        0.0,
        0.0,
        0.0,
        0.0,
        0.0,
        0.0,
        0.0,
        0.0,
        1.995871550684888,
        -4.018916379084963,
        0.0,
        0.0,
        0.0,
        0.0,
        0.0,
        -1.7048592629197543,
        0.969174413094116,
        0.0,
        0.0,
        0.0,
        0.0,
        0.0,
        0.0,
        0.0,
        0.0,
        1.9841981224778973,
        0.0,
        -1.0439074497941379,
        0.0,
        0.0
    ]
}