{
    "n": 100,
    "active_prop": 0.1,
    "noise_constant": 0.1,
    "seed": 3,
    "active_indices": [
        19,
        15,
        18
    ],
    "gp_features": [
        18,
        19,
        15
    ],
    "lengthscales": [
        0.8035130251326131,
        2.4078676942486883,
        1.3687704512916632
    ],
    "beta": [
        0.0,
        0.0,
        0.0,
        0.0,
        0.0,
        0.0,
        0.0,
        0.0,
        0.0,
        0.0,
        0.0,
        0.0,
        0.0,
        0.0,
        0.0,
        -0.42243161257616,
        0.0,
        0.0,
        -2.7711675360702417,
        0.6090974347768636,
        0.0,
        0.0,
        0.0,
        0.0,
        0.0,
        0.0,
        0.0,
        0.0,
        0.0,
        0.0
    ]
}