{
    "n": 1000,
    "active_prop": 0.2,
    "noise": 1.0,
    "seed": 116,
    "active_indices": [
        17,
        13,
        5,
        26,
        11,
        22
    ],
    "gp_features": [
        13,
        5,
        11
    ],
    "lengthscales": [
        1.711862619333977,
        1.249201167796645,
        0.6953726541258127
    ],
    "beta": [
        0.0,
        0.0,
        0.0,
        0.0,
        0.0,
        2.3579683931832127,
        0.0,
        0.0,
        0.0,
        0.0,
        0.0,
        -4.798462511567866,
        0.0,
        1.8159714369336957,
        0.0,
        0.0,
        0.0,
        -0.5096061626519868,
        0.0,
        0.0,
        0.0,
        0.0,
        -1.9880953499427068,
        0.0,
        0.0,
        0.0,
        2.313750023309514,
        0.0,
        0.0,
        0.0
    ]
}