{
    "selected features": [
        0,
        1,
        3,
        4,
        5,
        7,
        8,
        9,
        10,
        11,
        12,
        13,
        15,
        16,
        20,
        21,
        22,
        23,
        25,
        27,
        28,
        29
    ],
    "precision": 0.5909090909090909,
    "recall": 0.8666666666666667,
    "training rmse": 1.1403,
    "testing rmse": 2.3584,
    "beta_error": 0.6055,
    "tune time": 0.0078,
    "fit time": 0.2564,
    "prediction time (test)": 0.0755,
    "total runtime": 0.3397,
    "lambda": 0.179
}