{
    "n": 500,
    "active_prop": 0.2,
    "noise_constant": 0.5,
    "seed": 65,
    "active_indices": [
        24,
        13,
        5,
        27,
        0,
        9
    ],
    "gp_features": [
        24,
        9,
        13
    ],
    "lengthscales": [
        0.7396897530994165,
        2.084920684723537,
        1.013653849759283
    ],
    "beta": [
        -3.6028290686817446,
        0.0,
        0.0,
        0.0,
        0.0,
        4.239115315025012,
        0.0,
        0.0,
        0.0,
        1.2483728503259472,
        0.0,
        0.0,
        0.0,
        3.5364648380431305,
        0.0,
        0.0,
        0.0,
        0.0,
        0.0,
        0.0,
        0.0,
        0.0,
        0.0,
        0.0,
        2.7444199755720478,
        0.0,
        0.0,
        -1.9684967746509696,
        0.0,
        0.0
    ]
}