{
    "n": 100,
    "active_prop": 0.2,
    "noise": 0.5,
    "seed": 20,
    "active_indices": [
        7,
        12,
        24,
        23,
        8,
        3
    ],
    "gp_features": [
        7,
        12,
        8
    ],
    "lengthscales": [
        1.5218188955669487,
        0.5720798684542108,
        0.4824529435836121
    ],
    "beta": [
        0.0,
        0.0,
        0.0,
        3.7017666398469746,
        0.0,
        0.0,
        0.0,
        -0.5484774777771504,
        -3.9846799521780363,
        0.0,
        0.0,
        0.0,
        2.9239961983921345,
        0.0,
        0.0,
        0.0,
        0.0,
        0.0,
        0.0,
        0.0,
        0.0,
        0.0,
        0.0,
        -2.196309162915963,
        0.9464851910239567,
        0.0,
        0.0,
        0.0,
        0.0,
        0.0
    ]
}