{
    "n": 1000,
    "active_prop": 0.1,
    "noise_constant": 0.5,
    "seed": 97,
    "active_indices": [
        25,
        11,
        7
    ],
    "gp_features": [
        11,
        7,
        25
    ],
    "lengthscales": [
        1.0015624499321882,
        1.1024550954315553,
        1.9664635521929708
    ],
    "beta": [
        0.0,
        0.0,
        0.0,
        0.0,
        0.0,
        0.0,
        0.0,
        -1.1187982642352203,
        0.0,
        0.0,
        0.0,
        -2.749374560738614,
        0.0,
        0.0,
        0.0,
        0.0,
        0.0,
        0.0,
        0.0,
        0.0,
        0.0,
        0.0,
        0.0,
        0.0,
        0.0,
        1.104235581115657,
        0.0,
        0.0,
        0.0,
        0.0
    ]
}