{
    "n": 500,
    "active_prop": 0.2,
    "noise": 0.5,
    "seed": 65,
    "active_indices": [
        15,
        0,
        16,
        25,
        3,
        11
    ],
    "gp_features": [
        16,
        11,
        25
    ],
    "lengthscales": [
        1.693472231560709,
        1.5579065929435263,
        0.767084652290839
    ],
    "beta": [
        3.5213354285303193,
        0.0,
        0.0,
        0.23190665090290885,
        0.0,
        0.0,
        0.0,
        0.0,
        0.0,
        0.0,
        0.0,
        3.5456806284323488,
        0.0,
        0.0,
        0.0,
        -4.54546805820116,
        4.152039982087583,
        0.0,
        0.0,
        0.0,
        0.0,
        0.0,
        0.0,
        0.0,
        0.0,
        1.4473158758639038,
        0.0,
        0.0,
        0.0,
        0.0
    ]
}