{
    "n": 100,
    "active_prop": 0.5,
    "noise_constant": 1.0,
    "seed": 43,
    "active_indices": [
        19,
        11,
        9,
        24,
        23,
        20,
        0,
        10,
        16,
        4,
        15,
        17,
        7,
        3,
        12
    ],
    "gp_features": [
        3,
        12,
        9
    ],
    "lengthscales": [
        0.8369454285761735,
        1.355916638331165,
        0.8528039991006434
    ],
    "beta": [
        -1.2977275631322693,
        0.0,
        0.0,
        -2.680394203335169,
        2.2172368535728744,
        0.0,
        0.0,
        0.20297669694268805,
        0.0,
        3.008481208042358,
        1.9799962050783932,
        2.7153808658099656,
        -0.8857599926043216,
        0.0,
        0.0,
        -0.9460308399840862,
        -4.09097019768963,
        -2.673056839651239,
        0.0,
        4.889243468036385,
        -1.5637565687843278,
        0.0,
        0.0,
        1.5759295417875796,
        -1.03388875062722,
        0.0,
        0.0,
        0.0,
        0.0,
        0.0
    ]
}