{
    "n": 1000,
    "active_prop": 0.2,
    "noise": 1.0,
    "seed": 119,
    "active_indices": [
        1,
        9,
        0,
        2,
        25,
        22
    ],
    "gp_features": [
        22,
        9,
        1
    ],
    "lengthscales": [
        0.9992194608296971,
        1.078999997627786,
        0.9881095264189051
    ],
    "beta": [
        1.0680512063045633,
        4.817336493644568,
        -3.454711838852096,
        0.0,
        0.0,
        0.0,
        0.0,
        0.0,
        0.0,
        3.2234728746222903,
        0.0,
        0.0,
        0.0,
        0.0,
        0.0,
        0.0,
        0.0,
        0.0,
        0.0,
        0.0,
        0.0,
        0.0,
        -4.956385966291736,
        0.0,
        0.0,
        2.3425951695175318,
        0.0,
        0.0,
        0.0,
        0.0
    ]
}