sigma_noise,sigma_gp,lambda,beta0,ell0,beta1,ell1,beta2,ell2
63.15993310608191,110.42813739916366,1.3321227933612418,5.3241350975739484e-08,4.118136543266698,4.845368397476905e-07,5.81999397897189,-7.279714006898311e-08,2.821082043398073
62.57436725799957,95.7293883295342,1.6348461172880373,1.674096279983694e-08,5.156622529052126,-7.27563047102144e-08,4.593678063658566,3.89963874468686e-07,7.935223046466933
63.08720559923035,92.79232028630425,1.821438936654668,5.5697658276722974e-08,4.849642898817846,5.659932284526246e-07,4.368629282156426,4.5769355797189297e-07,6.3689636576314586
61.89614774620375,71.15301820061633,1.7278845268231986,8.021359611924513e-07,4.458797117683332,-4.1635442053032964e-07,5.662749265023118,8.962642181782667e-07,4.63653397504624
61.09084531478993,178.67812096524563,1.6014251972720657,-7.20112581775701e-07,4.118707344680938,9.773190490274696e-08,8.792411074493634,-1.1190396501790937e-06,5.313130070422352
60.8793024695666,107.21371309387217,1.3091032050115616,-5.950618999476951e-07,3.6639818347467537,-7.082785884699427e-07,8.12247936090223,2.432282023012626e-07,4.139426094257454
60.8793024695666,107.21371309387217,1.3091032050115616,-5.950618999476951e-07,3.6639818347467537,-7.082785884699427e-07,8.12247936090223,2.432282023012626e-07,4.139426094257454
57.35288998252053,91.39074430443307,2.0739184589741746,6.126411490754671e-07,3.0423463246831486,1.5807501303574542e-06,4.247409336053918,-1.1440320665896798e-06,4.185763705712233
57.35288998252053,91.39074430443307,2.0739184589741746,6.126411490754671e-07,3.0423463246831486,1.5807501303574542e-06,4.247409336053918,-1.1440320665896798e-06,4.185763705712233
57.35288998252053,91.39074430443307,2.0739184589741746,6.126411490754671e-07,3.0423463246831486,1.5807501303574542e-06,4.247409336053918,-1.1440320665896798e-06,4.185763705712233
57.386641763138215,83.25459616011135,1.8840058790286434,8.189373681283723e-07,3.1643020270146334,1.2860488960062051e-06,3.1876313106633436,-5.006564003377795e-07,3.5786955315223183
58.85427648223198,86.22242554099904,1.5686337078823251,1.0708065937803148e-06,3.9497207799288025,4.40664082721062e-07,3.4116114407702196,6.310650147185496e-07,4.646574717261306
61.84429879268744,127.63903988304304,1.5400870920227863,-7.838011997953701e-07,3.5329387511671104,-4.375772284176213e-07,12.773090902078609,-8.192456804840793e-07,5.80450436457447
59.40266384896734,120.60320395145106,1.5436371539091123,-9.555448445364751e-07,3.148379607400729,-2.2950301295964183e-07,11.470103659655564,-9.293613031039097e-07,2.9138392633384225
59.2583036578807,83.57911006294036,2.3143922366349643,-6.003430004247873e-07,2.2774292545961785,3.881135851581217e-07,4.522203931546852,-4.988361857422487e-07,7.634003223724621
59.34470985649345,83.18908694219661,2.0840428368142967,-6.977077196488648e-07,2.0434699575877815,5.458781974720978e-07,4.586330465493882,-2.3772591913135236e-07,8.399508372386002
59.63936691690398,116.07508913037292,1.8137244310652159,-9.581396239829945e-07,2.224825606485912,6.7362222472482e-08,5.625740674927839,1.2600416913033305e-06,4.366254731043629
58.73124325074295,100.15295803651745,1.0419658093974973,1.0966584957338017e-06,3.1320902758994893,1.6080229901387788e-06,5.460090229738632,-1.9032526518258412e-06,9.829134409623876
58.23381065072104,109.74442434212057,1.1826621499097136,-1.093940481216558e-06,4.221242151492766,-1.5153539487643038e-06,7.8929549039998745,1.903295300664356e-06,7.257376013828048
56.83295561153987,154.2491613135669,1.6288676251901866,6.312704634094574e-07,2.909249557159457,3.0844525713535326e-07,9.439222967998075,-1.5204833975709052e-06,2.8314838451562023
62.57387966967079,84.2115149739239,1.6209197766198709,-6.968773939626626e-07,3.6981814948310774,-1.0151871877198842e-07,11.36879127657858,1.3186107006302186e-06,7.2470256290624
59.112684665906734,192.96687557777003,1.4287997461682989,8.043850312275217e-07,3.680959562961675,3.477435443548463e-07,3.8729103372307634,-1.4564222683229294e-06,4.074978010997678
59.02295149729602,196.10359408711116,1.403793347850511,1.138086611760439e-06,4.201603710608187,5.386569921467955e-07,4.341656036142692,-1.4208274824279553e-06,3.502005502831388
57.666434784584155,126.26953861678581,1.5552215478197096,-7.293759465701977e-07,6.487196313964998,-4.838327411976882e-07,7.980634560010861,2.2925844416907892e-07,15.514212264639408
58.444276072365376,124.5399365802736,1.5895484691154163,-7.365348084902414e-07,6.337686820981854,-4.2480209441170906e-07,7.199543865484311,-1.7725252098130552e-07,14.835250803604382
60.26563798937818,95.59353715163302,1.6331978474708653,-9.133570117784472e-07,3.1074854954193087,-7.322584010160724e-07,3.76243794511714,-5.1725900741644e-07,2.612273104002227
60.472423038670954,111.89526385805422,1.417479275634444,6.547878516104853e-07,4.11425641970381,8.445573541006016e-07,7.2840130440161195,3.922293041019837e-07,13.422779170724489
60.208409540577485,91.91336749885032,1.6123804269248976,3.533235711925237e-07,3.619242075949692,-8.247080024725589e-08,5.710796976115664,7.346013188592266e-07,14.940963401038523
59.51267866076616,86.87530112475486,1.637992596660853,4.650511638157611e-09,3.937271966819175,-1.3550652715146058e-07,6.028449147530887,-6.675130234726712e-07,37.480166563553574
56.70216735634712,89.93988084110174,2.260126333184749,4.774076025733651e-07,4.052825251398217,5.815794223310893e-09,5.365436397458166,-5.061619979111634e-07,27.495641784338147
60.855380079850164,110.57322476117368,1.61702429066771,6.136708315520323e-07,2.7750678288466015,-7.590999643576278e-08,4.546974673356561,-3.1808060195044917e-07,25.36579975398667
60.188146062456305,95.73430965479152,1.2889132000891739,-1.253219515440182e-07,3.5786507444409072,2.208281840845554e-07,6.807948649693738,4.2000586390229787e-07,18.338217650960207
59.77189767688255,93.38430207069536,1.1508871099684927,-4.0434609347918206e-07,3.9915550647762483,3.39011093584729e-07,6.699716727695464,-2.2055732425079593e-08,17.610987157884882
60.81180877873737,104.53832647725177,1.2070723884133747,3.6865696808074906e-07,4.012337119817928,-5.470799260367389e-07,6.972904642216109,-3.3409027297525885e-08,25.460662386732483
58.15634109260927,220.75136199097005,1.7356414428897808,-5.694713038243745e-07,7.143789766508774,1.059026811563801e-08,7.823443065360289,-2.482056497735377e-07,3.239950691818475
57.915961233706234,181.52892284108017,1.6197814149904282,-9.541106754638801e-07,10.740287301053344,-5.8032149798923386e-08,8.367178663719908,7.882198613034619e-07,4.906828393677106
61.541445968416916,122.21301826241618,1.1295484312978736,6.55742960881853e-07,2.780682137334246,3.0303205676871144e-07,5.7321598718647175,-8.131268423390776e-07,6.355369815014381
57.77297256423341,90.14374075238004,2.2200802366761416,-5.057360993699989e-07,1.551651848969299,-4.1002615832512503e-07,6.429226777890539,5.332966301432567e-07,8.412289997130003
60.22003350612649,86.63402385782743,0.8552937278630223,1.2888690198982926e-06,2.0400615222486835,8.678238564199332e-07,3.2012272175281717,-1.70526086183013e-07,9.363582986741736
59.13428927689196,89.93609902320507,1.1122627337861988,6.197198976237779e-07,3.907251155662234,-3.808485951426782e-07,2.812117332810313,1.0146519004129409e-06,5.320243273664135
59.46740433212174,79.80799570108779,1.1110358455867926,8.245700031762963e-07,3.826940388032695,-3.445179880696953e-07,3.2766380825023074,1.130999986795894e-06,4.818942185915451
59.235494998007816,74.07262160656872,1.2093529111690782,6.446880215251573e-07,3.4291330163415625,-3.3251784139623753e-07,3.1010632856479914,7.474017930302032e-07,4.587703571809465
57.055300496807156,73.7683964820914,1.0460414525545645,-1.5256056519753618e-07,2.808438812477761,1.4483453313226836e-07,3.486613070584137,-1.9189422941420443e-07,6.908614561156913
57.97020798676978,87.82043177645104,1.7077454962834695,1.7194123121800534e-06,5.104554530555473,6.666720275426613e-07,10.89454541568462,-6.301560556495974e-07,6.528422459707551
60.19844859291138,119.3421054643326,1.4248334065661208,-2.9709741036334543e-07,5.8411554201727425,6.825592455126155e-07,6.483322439763875,-1.3050951269767724e-07,5.031970472601447
60.38309406549189,114.90765739211794,1.4700797365684597,-9.295168706257018e-07,6.523678289948528,6.661926283615814e-07,4.518834652331782,1.760885273615385e-07,5.5012128783763625
61.148384499316336,118.25476625955395,1.444418247336384,7.051868826046736e-08,6.0257724448800785,7.131311612935094e-07,3.4083814344244447,-3.7509354485427107e-08,6.413346245254712
57.37473915926987,111.34998874033188,1.624212949766756,4.0296675685060216e-08,3.390351673705661,-6.784430012982486e-07,6.194728998255469,-1.7415714789643675e-07,6.1410717379360165
61.17634872765816,97.29306713909031,1.3983188462668954,-6.486989155470806e-07,5.342062532703411,8.57081330011012e-07,2.7872473386433803,-3.174247716494756e-07,7.366194151306118
60.861191144940314,91.64772736276737,1.2965760463507772,-1.1535774247532062e-07,6.698825457222527,3.537444556588485e-07,2.9541600749499133,-4.3789583300103973e-07,7.7104372719710685
62.01869422336491,115.2875008971514,1.2583367538330168,-8.82291198842288e-09,4.053831524268399,-1.6046144888166455e-06,2.6270283166649278,-5.008412211295521e-07,9.415082150015145
56.767547449640695,119.91793833057876,1.304127245543378,-9.202250376884775e-07,3.4965996719107224,-1.5337719711619276e-06,2.4787513603271196,-1.3217446992624602e-06,8.042076395717011
66.49848122557415,78.58831996084815,1.4317490787478877,7.587626861397168e-07,4.069619414256437,1.2465309473223722e-06,5.137543610793334,1.4111928424446673e-06,9.702910011026795
65.72248845722433,80.80974241483514,1.4890906666109947,1.369809365430929e-06,3.7174893390707853,1.32886063821864e-06,5.313590168084242,1.4457747993412058e-06,9.541622583358748
66.10237689185459,75.39890289158464,1.360616883609803,1.3365085358535104e-06,2.9574562889829186,1.1631243343030634e-06,6.211152438496461,1.0728786934287834e-06,11.36649110276362
65.93746908880335,80.6766654527713,1.3404930529204273,1.1657622442305179e-06,3.263507370052299,4.084424248676278e-07,7.05137270222654,9.726108034028816e-07,13.59897519445255
64.8735309006124,96.45249724682373,1.2442654632663828,9.003976654515063e-07,3.366281641524787,-5.96055864893612e-07,7.729326631108182,1.3332244216454192e-06,12.342917051408241
63.63597080075432,112.8451474632781,1.1464394512796583,1.1716640507121196e-06,2.891861588723148,2.4031888079173407e-07,4.905504990505586,-1.1469561490541549e-06,4.819727491223674
62.2442235131592,104.14384678791959,1.1951584274577012,1.0719067503650862e-06,2.84841286775022,3.679554129256912e-07,4.02784789461774,-9.061269468646155e-07,4.746245078543372
60.68776034144285,94.25946491230644,1.469367627229836,-3.4418696750185804e-07,4.20546840830962,-9.994903814999558e-07,4.397183502960854,1.0152809514298365e-06,13.064955279928355
60.23768087598856,118.44977159902466,1.6719659315712756,1.5029341334138908e-07,3.9072752890931786,7.944279583616024e-07,4.268120836799417,-1.1353850546421e-06,3.844104024770444
60.14644438524885,129.30970289615462,1.8339810942046788,3.0479808431431367e-07,3.715767827691537,5.563514960009967e-07,3.9649635827219494,-8.981178872578042e-07,4.141678390655521
58.14917095162808,192.22665089824702,1.4609536647997683,-7.459381377257297e-07,4.5558912217088725,-7.752730544928609e-07,8.043728037403945,6.125192952091528e-07,7.532366086646332
59.04089159821034,198.02012515421086,1.5772801881231922,-8.123716379509931e-07,4.566209095873429,-9.830362797274736e-07,9.140736455522847,1.549872428816022e-07,5.860698325100005
60.25832708250809,72.22380981020382,1.515775614923267,8.094594173464894e-07,5.5178586485861425,1.5594369817566027e-06,7.5046610089437,1.017863897518574e-07,1.812674431441918
59.06828809390972,105.47919120187527,1.3986517581891384,1.2016884707422234e-06,5.414542643888589,-9.489233392159464e-08,8.672543136750669,1.7828409378579824e-07,3.92091774511611
58.28574414046659,104.00519020386123,1.6644961218954513,-1.313009117674918e-06,2.3493908563208183,-8.285239104982034e-08,2.706684508910932,-4.6663875503249794e-07,6.52381639830957
59.02344861263013,104.48173104700939,1.8479803498542118,-6.973993272789618e-07,2.32628761959205,4.2354671789976033e-07,3.13481636377388,-3.191682411475745e-07,6.282851328440995
60.35087704374076,105.31197776621948,1.9358598615620537,-6.127427527054044e-07,2.397842430263302,-7.49903592277455e-07,8.665223960011323,-3.473943537042705e-07,9.396291567632948
61.12416558738089,90.46372253441034,2.421529173776872,-1.252069421320786e-06,1.9378293187957654,-3.5244246515073067e-07,8.880900207792664,3.8161223050981446e-08,13.329414808243005
62.25804343843448,116.6269394462061,1.2381275178982551,8.829669272234159e-08,3.1150766982471665,3.4509899849903757e-07,6.417677816969025,4.383399715785615e-07,16.397927694275605
63.197622022171764,105.92500925403294,2.2277437421919637,-1.119385019512493e-08,5.344931465604774,-4.6676234411621586e-08,9.125762084883338,-5.8192969385187767e-08,7.792914345564412
62.03874234288792,90.10200359200385,1.563984570400274,-3.222560441941425e-07,4.452335607829984,1.0561616902486326e-06,7.295186876060928,-5.6813860740959286e-08,5.24552174642797
60.104377979969506,111.46055644457117,1.5776778146492332,3.643739263601196e-07,3.541821203603474,-1.1268876214632943e-06,2.7893799317889703,3.47936688122577e-07,5.465978083007392
59.73786235452209,97.5613956813473,1.6116821274865365,1.5312292479477936e-06,4.620064478570494,1.1597328682035218e-06,5.017490328900037,5.983687484158854e-08,6.971642593654946
61.34778924254932,142.78729590311997,1.3200255256167601,-1.7283493041378175e-07,2.3450255205947426,-3.6222197557585687e-07,4.716615536294461,1.7627038136382244e-07,8.035718596178597
64.7140428004445,115.11177383309636,1.5286405497990931,-1.037795171656486e-06,3.6243083519821218,-1.4297819846189796e-06,4.628693370617192,-9.485760176897892e-08,9.175280048344462
60.58395728258387,120.91414588458701,0.9448334916204979,7.78875289053432e-07,2.466676099772072,4.187250345527754e-07,7.8329809330434115,2.6400889105698466e-08,22.757872277638526
58.32582391151079,94.35001991649354,1.1804082808269443,-4.5144470266376306e-07,2.6065010885201003,4.799213899418533e-07,6.632644219434327,6.119922871080285e-08,12.54049925913303
59.39558342701077,86.96620815091462,1.5566360643888923,-1.7638543543414323e-07,4.653890416072801,-4.799891907450263e-07,5.790796590330192,-3.335135156688041e-07,16.292296395304398
59.38857817740857,118.87983015015766,1.3136035159260224,4.260009609487633e-07,3.3713388517066836,8.640522338106203e-07,5.466539623844882,7.554154070697531e-08,3.220843492316508
59.167311273355494,103.37217537522787,1.7383352446801634,-1.9319673495442015e-07,5.696559444549105,-3.76549535472587e-07,7.225222721953173,7.333975785183994e-08,5.1162274467142375
60.26770820591517,132.59026825532078,1.3366957126355314,9.266051744267983e-08,4.544591232571809,2.761711369158203e-07,4.829050429450391,4.518017597701149e-07,6.3763174703918075
60.26770820591517,132.59026825532078,1.3366957126355314,9.266051744267983e-08,4.544591232571809,2.761711369158203e-07,4.829050429450391,4.518017597701149e-07,6.3763174703918075
62.638828605960505,127.3377916774072,0.6326347998656885,1.1740197310050966e-07,5.6369101319718276,-3.0594770087198503e-07,4.350333001279761,-5.699293638481436e-07,4.720238833168043
61.39476688180908,115.79608679765147,1.3824241896539446,-9.611975267479812e-08,3.460165043744693,4.842899479547387e-07,8.980021969836654,6.331930723520109e-07,3.9869138640354524
55.173890268040296,155.38184590966992,1.1913410829890854,3.568624574081287e-07,5.454055817447778,-6.899064941876685e-07,7.631793471507781,-5.408761252796139e-07,45.629212538874604
58.28826430405162,158.37136967022275,1.6180017980346981,-5.322882203836519e-07,4.925800437245717,9.622886006390505e-08,18.32110638379819,1.9714412664137498e-07,53.62232050256099
58.134787308500705,147.3936218674067,1.5593495837496971,-3.345767310178609e-08,5.366259801685731,3.6763380908464767e-07,16.76127881652714,-2.0693062991230292e-07,40.24667289890265
56.291615405846876,161.791258023212,1.2942120468481915,2.2145838941476086e-07,5.614324459515322,3.6076327242689107e-07,11.829172188372095,-1.1675033903949082e-07,29.41039276676926
61.49601028332164,111.97807149183737,1.0090030958337,-1.8051032011284545e-07,4.71283487338707,-2.595971957292964e-07,2.6227051595879174,-2.308221651333407e-07,6.246356266095763
57.67426620451041,97.73020662722877,1.9425910577439542,1.2435287359885872e-07,3.667112904687293,4.5806064113855983e-07,4.919918230731876,6.396164430756665e-07,30.434248387712522
56.949312278214094,159.82874064256404,1.176120551389028,-8.58419312489557e-08,4.708130708003656,-1.0583006199800422e-06,4.68854365907051,1.452697633186457e-07,20.186577239824608
56.949312278214094,159.82874064256404,1.176120551389028,-8.58419312489557e-08,4.708130708003656,-1.0583006199800422e-06,4.68854365907051,1.452697633186457e-07,20.186577239824608
57.07599689815642,101.18869258531058,1.7419224881226292,-4.002561149167177e-08,7.542318058806034,1.6607951931475907e-06,3.428468037227054,-5.126495627854024e-09,15.823146773752278
53.9387117376345,104.20751112511067,1.5950571947956405,-3.648039883963565e-07,4.222595720013732,3.7219113790288423e-07,2.1424280037745507,4.3538806834350025e-07,11.33882748868597
63.72178100131975,119.57793630512518,1.3693972258218623,4.460777277275294e-07,5.370513689776204,-2.062015931534029e-07,6.969853077724216,-2.741142944722835e-07,11.043435861154125
55.51445737537785,106.8441963915307,1.600884308719459,1.6106620938299872e-07,3.204521096808167,1.122688960681277e-06,4.389766126326079,6.94140941100408e-07,5.231018101194495
58.311296521629345,75.82638869366653,1.603514117749214,7.70259776796869e-07,4.222082171080217,-9.381038438603852e-07,4.091051458412812,-1.2999827149367041e-06,7.270992378496274
56.403251521945876,147.25590171328002,1.2553581812419212,-4.967705454760497e-07,3.543816119121055,9.825418878068484e-07,7.967024795579622,1.2743797132288692e-06,2.829161145965386
63.647406378064,83.8085615030955,1.4655201441647598,-6.674693494021284e-07,3.8600853629515637,1.0093132652447696e-06,3.1698870501021053,-4.930047129347033e-07,14.070300115979798
64.20426908232378,70.68290636974614,1.8200338192907082,1.1299810252726394e-06,4.081630287069711,8.342198202473974e-07,5.841562383309947,9.123954182053296e-07,6.728195084555974
63.652578952005015,73.084145729663,1.8989961637912516,1.1690627699169906e-06,3.517213484843125,1.1542199016222081e-06,5.574108032939933,4.019749364030165e-07,5.780899615607427
61.137513418506146,70.3624763013562,2.1735007685980445,3.787167182379933e-07,3.4387688622297343,9.67377421909353e-07,5.1627387055191445,8.618730402472274e-07,7.73218631609703
60.5141153085093,81.57397392350711,2.0698817109987764,3.6964669802383473e-07,3.3636687355204633,6.943012904150363e-07,5.703209500397263,9.932378999937086e-07,8.276304228462033
61.70444397741374,60.00741142964356,2.2774146776414828,2.1262459560764765e-07,4.1119498335078175,1.2417186924328448e-06,5.409947390886605,9.416362987041238e-09,11.138822919583923
59.64699810601381,95.9374863289489,1.299008797450707,7.651265452340288e-07,2.5054115110122237,-1.9051388674352683e-06,3.765174927001554,1.697606259315233e-06,7.067847726779873
62.9946312246871,104.33349113257384,1.6382024368871604,7.34619786944048e-09,4.886934405336322,2.16242766604232e-06,4.092131407178825,-7.863138884074442e-07,6.1522251197660545
58.186040171212795,101.92583673033492,1.3416607087662173,7.048634496650302e-07,3.033685715046536,-6.964311564796408e-07,3.179629630561771,-1.5170480688226072e-06,9.007642761576005
59.31306941833887,174.7204387386117,1.8281053401306877,-3.145854916695827e-07,7.949364065238051,-6.658314243172971e-08,4.566240526520743,8.922095848240448e-08,13.322163115712632
60.88966203061159,139.13497065969383,1.1148112593508859,-1.0554309901979667e-06,8.706861529101209,1.3355950365862071e-06,6.519252831977233,-2.2785944270962516e-07,8.928555801377165
61.10289202209606,90.69883265152062,1.1817290517091505,4.663525140545792e-07,2.234229111831853,3.860744672859249e-08,3.2923783759894882,-3.3565872089332334e-07,12.837638281104612
61.10289202209606,90.69883265152062,1.1817290517091505,4.663525140545792e-07,2.234229111831853,3.860744672859249e-08,3.2923783759894882,-3.3565872089332334e-07,12.837638281104612
61.320348894448074,85.79224455693411,1.4518304590785305,3.465846928491388e-07,2.3887033237958204,6.089249684070837e-07,2.794016776588496,-3.797753161784936e-07,11.846940669801821
57.5993056672088,113.66884701616566,1.5400913352463717,8.10112234723622e-08,3.237755039312436,-2.880383090343712e-07,9.964010273253448,-3.4091968082722146e-08,3.9189462465024993
57.21719445074607,118.46948929002734,1.5539764020895375,-9.641860068312894e-08,2.9028660089773424,6.94515847123424e-07,10.30025677917239,-8.698693920721959e-09,4.3490925661871636
62.97672056986264,96.67617502858421,0.8265101382074712,-7.859582766438226e-08,2.952610080820638,-5.953968779444401e-07,2.9941987994253063,-5.281286714319212e-07,8.206713427541798
63.083239479713555,92.45163870286743,0.8686239400675201,-6.193186869250899e-07,2.6443626736490864,-3.523488702382695e-07,3.267733332442174,-1.579211520135285e-07,6.902009485949529
62.222130661632434,87.1108375245935,0.8932247971396942,-5.705096376975501e-07,2.3927777946601987,-7.518981653888708e-07,3.639902091386659,6.830007557722151e-08,8.114064232063557
62.179212464416395,101.3164529973061,1.0510544324385502,1.562906215405356e-07,4.267667222364911,4.840029224101063e-07,4.307104378088326,5.790753774865646e-07,3.1461041740388977
62.154601072516925,76.11665662000489,1.277657899546423,-4.2282905946070255e-07,4.009599927301488,-1.2203412363782935e-06,4.29087465261359,3.6378424256903083e-07,3.306054792397471
62.154601072516925,76.11665662000489,1.277657899546423,-4.2282905946070255e-07,4.009599927301488,-1.2203412363782935e-06,4.29087465261359,3.6378424256903083e-07,3.306054792397471
62.11307601724609,86.25039514342745,1.180491547179466,2.3081522675318195e-07,4.38472455095058,-1.082278022907219e-07,7.0841830981000715,-4.814253101358023e-07,6.377894130847571
60.78693869348316,73.54107992662195,1.0312020683751777,-2.4087906801957353e-07,3.66662003045584,1.573356407783918e-07,4.294041822261255,1.6781798653909394e-06,10.091862778235228
61.99953244629425,93.06661038660557,1.2698842849159917,1.2568291929985383e-06,2.90159112373528,-1.0401129009042962e-07,5.983206462896091,6.826051925587345e-07,11.36206772218937
61.43478581818362,141.49654257759755,0.8691301955354113,1.3827635395025227e-06,2.7178673544901972,-9.00704850527105e-07,7.080703442158539,-3.846565837010866e-07,5.860864349861783
61.190743548850165,137.745143788088,0.869025419386811,1.4788312970349065e-06,2.861532377799081,-1.0212532060351253e-06,6.639684132801704,-3.3763596515133935e-07,8.005911550129603
59.24753570363617,98.16452697029635,1.0764789602963927,-3.676288618014199e-07,5.487549460349569,4.6534365995159593e-07,5.285915766002236,4.39250902761024e-07,7.741196673125799
59.24753570363617,98.16452697029635,1.0764789602963927,-3.676288618014199e-07,5.487549460349569,4.6534365995159593e-07,5.285915766002236,4.39250902761024e-07,7.741196673125799
59.58167412743985,115.45751916110473,1.3478770859255562,-9.189843164098151e-07,6.129421945104636,-1.2871082378414481e-07,5.335669257565537,6.637868428981554e-07,6.504773507528957
59.710003032950176,114.82357049827041,2.347330920042897,-4.134538302656399e-07,2.7626979140744257,1.0960354583273141e-06,3.1793599636768146,-4.286253036251353e-07,11.270167236481786
61.40741790211962,133.05731383348726,1.6071778773229541,1.477926881044191e-07,2.151900135060907,3.7632706696441883e-07,9.838266317844388,-1.3870352343856988e-07,3.8116914230838854
60.117007314235444,145.81863629515615,1.528884092768572,2.2733774562899502e-07,3.0217047099413894,-4.581996008311897e-07,9.328066386150669,-2.366138230992712e-07,3.527843678165154
57.310308097513484,126.6220193153237,1.4474466548585063,-7.952313087403198e-07,8.471845910486051,8.589413859646886e-07,3.5635570108439283,-5.047015255376266e-07,15.874932611045859
62.20652208416826,115.46341116739558,1.0727027928830382,9.158362965384966e-07,2.9579726473406693,-8.915788098933566e-07,5.632385200103594,4.086944728756535e-07,7.935165046805213
59.65791333588507,98.16057559332077,1.807949697993363,-1.9507203193571065e-06,2.737361356419379,7.443975471726762e-07,4.811295967867926,-9.011986152987352e-07,4.917972159813252
60.36262334229214,92.18741255974098,2.2533395047040847,-1.4773352237375518e-06,2.8672556855646616,2.498879861370271e-07,4.201090604217952,-5.358295435512951e-07,3.3121884801746155
60.36262334229214,92.18741255974098,2.2533395047040847,-1.4773352237375518e-06,2.8672556855646616,2.498879861370271e-07,4.201090604217952,-5.358295435512951e-07,3.3121884801746155
60.2123414972054,87.13340163764144,2.270526832780137,-1.6965740495724026e-06,3.283732819799153,3.5048162301983683e-07,3.4690870943373024,-6.827549228123003e-07,2.766531099975989
56.80914523653682,127.06442482760457,0.5740663812780905,-1.9376318473837554e-06,3.642462997739103,6.359574243141898e-07,8.895772350843464,-7.549954896443542e-07,17.595100543751123
59.759366576889676,143.56521834278078,1.8914985143073233,1.4909097938718663e-06,3.3680546500530886,9.967155506359957e-08,10.711149933195646,-7.073909380703994e-07,5.746824087743213
56.916083330749004,151.1830886552544,1.58333762290887,8.117596847641998e-07,2.8507602103814356,1.8604411944356548e-07,10.13772011682315,-1.0069620329085633e-06,5.991230034373354
62.46027292659841,89.71112372516558,1.5388472480312527,-6.559863142844241e-07,4.794415389261826,-2.397392241843383e-07,3.9387289697488925,-1.227706643586792e-07,9.634066763085109
61.26775362928408,89.89500138052978,1.5136926785367675,-2.9450360326604446e-07,5.451825065957614,-6.366658577151604e-08,3.5542386070964196,-6.184303093144829e-07,10.681066513289027
61.77292160742425,105.66495659994611,1.4412545222449158,2.1068214327448592e-07,3.7027272110012137,-6.049149596775905e-08,5.034320866277738,5.454867983723952e-07,23.38672545134736
61.57518092807859,89.71679678755604,1.2862528777704463,1.754310412427008e-07,3.885257008773299,-1.4472145561860428e-07,3.917719643523425,4.907729653251072e-07,26.152213110474147
61.157527844881585,85.04958615012818,1.2527385123041137,-2.0516980637948398e-07,2.9862163319808803,1.053074877677573e-07,2.9266063264201536,-5.76015839927468e-07,18.962178409314287
60.215212806335124,105.71179168842797,1.4843726215626285,-6.18463716233604e-07,4.0209772984752306,1.8675854502859972e-09,3.0693533830915656,4.6148230822379895e-07,21.83155434296696
60.215212806335124,105.71179168842797,1.4843726215626285,-6.18463716233604e-07,4.0209772984752306,1.8675854502859972e-09,3.0693533830915656,4.6148230822379895e-07,21.83155434296696
58.90823145034934,107.52364389430356,1.0257073547188549,6.937620850670381e-07,3.815639565278676,1.1708743184701559e-07,8.931814015569854,-3.279119808566066e-07,2.8333488609339876
60.57651128549255,116.63046657533734,1.126396380123342,3.612473538297415e-08,5.442203288708253,-7.965583918276688e-07,4.742619001986283,-1.948166783059447e-07,3.6623608933285574
60.99237160638529,92.35046743145797,1.549821325020574,2.2273040728394096e-07,4.671456195853293,5.617788584232247e-07,6.190611376824245,-2.331085638854632e-07,8.206352181015015
59.296363333959675,97.55868014564224,1.5894179268188584,-6.419936913819854e-07,3.17834634609219,-5.831390036077387e-07,2.4520363114173986,3.788395125239418e-07,4.904630214085378
57.508563530928214,73.18215107777307,1.2848860538294646,7.862411181907044e-07,4.669020988900562,1.72380480257705e-06,4.575284589106706,-2.9815398613663283e-07,9.316794810632617
59.08641624985688,121.15428588599195,1.7671967414376695,-1.231761302427198e-06,3.073083044661278,-1.386213221166106e-06,2.6678148838402818,3.309977180446669e-07,14.777798108688813
56.53994320683039,64.36760193627906,1.7537829989886544,2.861474171114776e-07,3.5633688656948266,8.612812508021311e-07,4.066566618436064,-5.991166342616601e-07,3.9040617418375683
62.52913029524286,142.505238220657,1.1615897032977318,-5.692566824510696e-07,3.5423416709332374,-1.0246416513179627e-06,4.663846829685617,7.520693588141544e-07,11.169168275165756
62.52913029524286,142.505238220657,1.1615897032977318,-5.692566824510696e-07,3.5423416709332374,-1.0246416513179627e-06,4.663846829685617,7.520693588141544e-07,11.169168275165756
56.44484003727533,105.18293614201994,1.7679315172821715,5.488066101129077e-07,5.6652645277027,1.1769069987197051e-06,8.093980383535992,-7.167841731123052e-07,8.242165972281462
58.14059461571943,131.84013865685833,1.7772723975365565,-1.1766254687330614e-06,8.97595493019875,-2.6949634372546153e-07,4.747415305408827,7.197608032718587e-08,8.571856795372456
62.25913707735311,199.46969327215763,1.116238792130586,1.0194704675988149e-06,2.7746579109792493,4.1172006030940985e-07,5.327016015493151,-3.635993153250653e-08,5.209423238998242
60.31248835880169,111.58020821839695,1.2190995489481542,1.2984887065639084e-06,3.200626836942593,9.466012999406486e-07,4.869486486735817,5.260934890176702e-08,4.617250129744555
56.883664563667566,156.76909173521437,1.959685873361988,-7.507891648179701e-07,4.79491301024847,-1.284084687967249e-06,4.805310886629653,9.046966821169478e-08,21.700026753151324
56.8800327575425,162.61190846498846,1.856509682007527,-1.1235093275682066e-06,4.612611946525749,-6.553773931895418e-07,4.371176818251273,6.673011807468787e-07,12.916255490243232
60.64321001589665,93.20358396977764,1.1238581840285424,7.411662290771293e-07,4.863125524225015,2.238672096478593e-07,8.294629915019554,8.860885580208547e-08,2.6607545312901357
59.792871477647566,104.34912726263461,1.8676551631814136,-6.155660652220098e-07,3.4140124204578335,-1.4337901002967684e-07,4.775127874032473,-8.791158586259097e-08,4.753893070974967
59.606018234003194,99.3546636955035,0.9684166259317647,-3.990690014090615e-07,4.7856907798296815,-4.955812123188838e-07,5.163310431971091,-1.2957914298224293e-06,10.125093009537807
59.67794758999586,95.65850197611199,1.1660556438703167,-4.811276712073798e-08,5.346517749044715,-2.612523194206063e-07,5.171773954957824,-1.4237090610890039e-06,10.70549673863544
58.86560373046488,92.35827145978966,1.1811014104580204,-5.486691772837394e-07,4.049287694358908,-1.5737797074312495e-07,5.444264835790903,-8.222372159860311e-07,10.438226373827
56.95461792203147,86.18785746338997,1.2413172046105745,-1.5518433458502855e-07,4.761175089819827,-5.152063034974092e-07,3.9952534562913713,-6.458449320840398e-07,6.11932074962608
56.26896881844087,91.05457559515958,1.3084891474219777,9.038171700648571e-07,4.5185320295769085,-8.527724273417502e-07,3.661080391987534,1.6895094502616788e-08,4.632033539602096
58.14833597808675,91.99225541388101,1.6536512110737513,9.902185689958951e-08,2.793133895641903,1.678141683270294e-07,6.676626433047492,2.169831278285473e-07,8.282505635031518
60.1827848984885,126.82801985732458,1.4094855840721154,-1.3524412377139093e-07,3.7074021115533724,1.0335174453898315e-06,9.75231973199724,4.951676696984215e-07,7.60829150998689
59.40364057090802,133.52421356009535,1.2409684498140863,-1.8931684883134315e-07,4.226978788101038,4.6025982518991397e-07,9.208711933196613,7.288794305401109e-07,8.020650148603245
59.893604303804935,118.9337221790462,1.1726415144626487,-1.4704852590952336e-07,4.596169184726298,1.6601236398317164e-07,8.74514133379978,7.753172141763749e-07,7.28376141685552
59.14911715277293,136.69768871514358,0.9333502157603929,1.8256643287498316e-07,2.104412136871506,1.371874136675376e-07,11.34959085754351,-9.969550130088055e-07,3.5634257129879563
57.83764552534694,107.55349585590558,1.242044468175857,1.7772583707735944e-07,2.0386444847204515,-2.261188049910857e-07,4.84239215587108,1.1351003186712724e-06,15.232535842137738
59.41169788113192,95.5597603437805,1.3842908701658332,-3.5245625966611917e-08,3.0120269503447967,1.2207504791057354e-06,3.0864961566237636,-6.99890705189367e-07,13.799462389647838
60.67276945373289,118.72715799618153,1.260056968908582,8.163958261201539e-08,2.807921201523976,-4.222686562108506e-07,12.86716911106401,4.871408427196155e-07,14.840309985612397
62.36480953487594,113.39298504981743,1.0678248292863968,-3.2128476603556575e-07,3.513446332719699,-8.584897249442306e-07,12.156602578779278,-1.3809964866849904e-07,12.797047922885612
59.9080803630478,92.97415950625957,0.921180060393223,1.731356566567342e-07,4.398466098084459,-4.003274592869468e-07,10.02692869263632,9.522347301431105e-08,7.693078916134315
60.54356195390397,81.81158294811767,1.8763574524065223,-5.311229653593451e-08,3.681439826847992,-1.0101340882928492e-07,4.794126700909544,-6.673630535444231e-07,3.922981649817928
59.50645426712856,83.16441098361248,1.8931596015276464,1.387046463221389e-06,3.3967591939620583,3.622104304158243e-07,6.71647538687053,1.3475215853100006e-07,2.8497509602692386
58.40250435944225,115.96834558350949,1.0510275343144015,-1.1157168078718646e-06,2.9101793757133896,7.221714956753947e-08,5.804679329418738,2.0000333109487182e-07,5.415452149232851
58.40250435944225,115.96834558350949,1.0510275343144015,-1.1157168078718646e-06,2.9101793757133896,7.221714956753947e-08,5.804679329418738,2.0000333109487182e-07,5.415452149232851
58.240436355917964,124.57686525836846,1.031500570208968,-1.0347915066165812e-06,2.7670653340702036,1.574679887907434e-07,4.861471864374128,1.671930670483163e-07,4.931189066872542
58.240436355917964,124.57686525836846,1.031500570208968,-1.0347915066165812e-06,2.7670653340702036,1.574679887907434e-07,4.861471864374128,1.671930670483163e-07,4.931189066872542
59.15025774055193,109.15687678106411,0.9748966605655788,-3.862989246805678e-07,2.728105940350075,7.788209064951208e-08,4.902508629442289,-3.766715875496554e-07,4.416429754809616
59.93560619110657,104.80816012969618,1.1072845214792502,-1.4377164155028514e-07,4.1332545479327445,-5.8491026792970685e-08,4.809137229596023,-2.9711845783433583e-07,4.49562305991187
59.60379702853057,104.90392351082606,2.092330056084335,6.111902753442825e-08,3.6103385441260367,-1.1892284507029123e-07,5.780410987905968,5.044052605864279e-08,15.13257991887556
58.53461853138469,94.01916102614521,1.0189583237851536,4.1446310146639534e-07,4.529780237529137,-5.21421764220548e-08,4.0985008232836835,6.538454809713413e-08,3.575229516087527
58.61327912157541,116.99680919961997,1.3130618866041273,1.2223746988104333e-06,4.292602642048302,1.0743094590272638e-06,5.989526423091516,-5.803017687708051e-07,3.5470050138198053
58.328149961842264,154.97403915947655,1.4703248897259615,1.113201304504357e-06,4.175881333889632,6.525625414946755e-07,4.781743342652578,-7.178580104969008e-07,4.0198088706731
58.03739677148344,141.5295583784687,1.8051168767301518,1.1095610905739178e-06,2.911276262541039,1.1507797789750776e-06,6.873074236377439,-5.969033550349073e-07,4.084815014583946
57.80856977548381,157.6896874885746,1.4533299514575029,6.850203055195535e-07,3.082756930355886,1.2078674750345147e-06,7.311772037440019,-5.694416443116313e-07,4.9840242391928316
61.143323394112386,69.50572904125636,1.5669142075553268,-5.382744420161044e-07,3.373066698531911,-9.684804883658505e-07,5.3439539299843295,4.2248046522249825e-07,5.629915909285042
61.05118280935159,167.97566172549685,0.8120728499687271,4.3442816631210705e-07,2.522310973752577,1.6421174669263662e-06,3.5801697626705797,-6.128119799562838e-07,4.8636506275506
61.086969980492896,103.36155582901509,0.9786671486763313,-4.62175354729716e-07,3.0683343636193,-4.667919763845388e-07,10.34371467074563,1.0730886952132695e-06,12.644697316843594
61.7562654223482,114.67066220048804,1.0825581707500134,-3.691644304590966e-08,3.6249883849128484,-2.8352576289274893e-07,11.75263925507206,1.0456203842875338e-06,13.718595870249326
57.481765461865514,100.94139821652229,0.8694933331554008,-9.286309368428465e-09,4.4152539213846325,7.518044196805585e-07,2.881818539549451,7.907801650800381e-07,4.814801321231757
58.295757181654324,102.07021859374294,1.093976658877857,6.542812001328187e-08,3.679269686961254,1.1987960635607273e-07,6.300986829757829,-1.4744210127405602e-08,2.2872657734757165
56.58230940788458,101.24882510802843,0.8181388720475646,-1.0124599788580064e-06,3.8012248113348663,-6.518372152846327e-07,7.899905851852011,5.769000745914175e-07,3.610955555882994
62.49703682393188,92.81474194471093,2.269993385468565,9.662992195193337e-07,4.267481279420451,6.318301200518215e-07,2.5509690393970126,-6.370395772305467e-07,7.648647298201591
62.26671311291617,112.88440932954869,2.061515032270851,-1.0306900401692874e-06,4.384148905243952,-1.8478128800295727e-08,2.936781733236347,-1.0076236616416718e-06,4.677149008900115
62.000479054402284,104.10991764393101,1.477520847845345,-3.243839791008078e-08,3.5608191496071493,5.518102117231855e-07,3.020094154903158,-1.3541363451992381e-06,11.539127905778551
58.52361125945379,102.49969646418883,1.4134523496814713,-1.0718340986622014e-07,5.66774382976057,-1.1768816342719146e-07,9.60831855188596,-9.479420056861196e-07,3.047696017066735
58.699448857779075,108.4756729800339,1.2782533441175392,-3.390306073195305e-07,5.309872839948173,-1.384730326927059e-07,11.11174949239924,-9.008549242718529e-07,2.6480984885808776
60.68452347140959,111.99170369674131,1.80329751001816,2.823243068550253e-07,2.998200156919721,5.622160262699304e-07,4.561693698527562,2.9063396370245997e-07,5.262690616838147
59.5926454440983,109.99573547251462,2.045545329922664,4.1068835031366724e-07,3.878524245032263,1.8718375755722936e-06,4.683696937788628,3.0019478832162343e-07,3.31269320161985
59.5926454440983,109.99573547251462,2.045545329922664,4.1068835031366724e-07,3.878524245032263,1.8718375755722936e-06,4.683696937788628,3.0019478832162343e-07,3.31269320161985
59.627436801404215,146.57223652867887,1.707002289928084,-6.947074598318281e-09,3.4136620901864565,1.2808746219273315e-06,4.437951576167397,-7.692511600018303e-07,2.760939891977613
59.80990461866986,136.0206141029216,2.09056970202489,5.330428596264474e-07,4.020141799786795,1.1445726673715348e-06,4.689974802110737,-5.814648842180556e-07,3.0845511448904728
59.45478071660053,78.96563691427843,1.121432995595781,-2.4062667114658403e-07,4.011936385022635,-1.1388433475203298e-06,4.321781906407585,5.012090134769762e-07,17.439496303790406
63.57565751726701,124.51296514098149,1.6551938613590056,2.584865870394924e-07,2.8536370302297174,9.762121298280682e-07,4.2512060277309125,-1.1497339206127705e-07,9.603064880289917
56.36982099959653,123.50742304708349,1.4445604856131464,-4.5867817646504675e-08,3.213302589080799,5.951542420351145e-07,5.3769725700309134,3.1524250003483304e-07,3.460391442655124
62.71521065749139,96.01910518355331,1.5336966364372788,4.2602008357976714e-07,4.955766669685064,-1.2153176471068309e-07,6.1521434674728575,2.877683465387045e-08,13.450237288364809
63.24012323822737,86.0237966424777,1.4618541231343247,5.935002018921302e-09,4.338456326148341,4.225911499107374e-07,5.797085970529599,-4.800104749494443e-07,11.385934549661858
59.251684124100784,117.52909183472788,1.6986051972864165,-5.1618733381404164e-08,2.6551131077424417,-1.6074657745135077e-07,5.044503340823281,8.553878781574558e-07,4.049410101891714
61.394005702837475,122.328935277409,1.5833824524879774,1.3578654482464278e-07,5.168067544340525,-2.1398158861573854e-08,5.535279031222433,-7.41518169006889e-07,10.00347940091866
57.31640771253604,142.36364654332817,1.4309339613735979,-6.074671315202649e-07,4.257761569535083,-5.086397865168571e-07,7.306839088697451,-1.9141515186881063e-07,2.8325233413968647
56.80010627889455,170.91620736284756,1.3260218588883423,2.6049331450399803e-07,6.021384118358562,-2.477792700806514e-07,8.342864647243472,4.439316784367003e-07,6.002090840880361
55.24825447579144,112.68403207626396,1.8669446609901752,8.041512657100636e-07,5.2800435572473186,-1.0358389573721713e-06,8.875231033642269,5.398200902266459e-07,5.8976680498664775
63.66249753434961,111.80829166457555,1.1451894967632539,1.2748717370235212e-06,3.257760337907819,7.636779297374715e-07,3.7675913545848285,2.417376444435037e-07,12.973661908895483
62.38364106321652,119.7036413973033,1.144426912141923,1.2636238543077847e-06,2.62794428895232,8.283369098938408e-07,3.907333156958916,4.265609498308447e-07,14.281275300994922
59.5196070810633,78.69014626717137,0.8122042675268395,8.148420582432438e-08,2.5297898738961493,5.741896941730004e-07,3.1195450367466475,-2.503634906067448e-07,23.203891525359307
59.18446102377254,95.6360241911587,1.0580305688276512,3.0611995175819097e-07,3.030701602357099,-4.7016736050869944e-07,4.746818407943552,1.8074436621069703e-06,11.823366085349065
60.136263203962656,91.2237097087685,1.0330498927046987,1.4630174066894318e-07,2.6366064638223223,-6.251975349722034e-07,4.346124275763884,9.374244193685243e-07,11.1219675343947
61.62159833560514,104.64707515108819,1.140423709745149,6.525545746569708e-07,3.1768105446949266,-8.593492042325857e-07,3.937310905186105,1.337486393902972e-06,11.10489071272328
64.88917282609005,102.47382612751976,0.8825022847545988,-5.857760592877727e-07,4.922810115170822,-5.665580451409105e-07,4.337571702152645,-5.690673945946282e-07,13.496111385503058
64.8206506083423,108.2123703924596,0.8325762551342216,1.9624298234901964e-07,4.49876686599753,-8.371933058987039e-07,3.8797659473986403,-3.995134271109142e-07,12.002939557076862
64.10237394105603,153.73373167659827,1.037514873364934,-4.821084193146444e-07,5.709192635918954,5.481219205352715e-07,5.653439348619065,-8.752910867439069e-07,13.3902228036982
60.53094645814912,110.06681091719854,1.4459468319804027,4.7234192478063345e-07,4.6469484611622685,-8.935816179699322e-08,5.140420676369275,3.9541513949614724e-07,16.581245489751165
56.93272153860399,84.43072452721574,1.2502156981316668,-5.331637831494973e-07,2.7070997797693153,1.921223882873833e-07,4.520483169119477,-4.382154112602467e-07,3.7074905698278293
62.64566264053114,148.28489156070248,1.4830042763859423,4.871674635994504e-07,5.846614767874967,-1.191271363613335e-06,5.20177281659716,1.9144883784899143e-09,12.350213487218374
62.317276791344746,134.14021328506757,1.6818256902676352,2.0403298440950923e-07,6.619610147719458,-9.424067890229471e-07,4.842831331893771,-3.639048951403674e-07,8.383652751753417
61.07803084950485,115.22130532152192,2.048943516465442,3.0013661932585255e-08,4.228375966118274,2.863569056429446e-07,5.505961045609007,-1.6641883637970104e-07,9.767934408423201
61.07803084950485,115.22130532152192,2.048943516465442,3.0013661932585255e-08,4.228375966118274,2.863569056429446e-07,5.505961045609007,-1.6641883637970104e-07,9.767934408423201
60.790455803466976,110.92595863135651,1.2723480624251702,-2.990701048276381e-07,4.347462820754273,5.714257129209065e-09,5.405862859756304,4.81099557188672e-07,5.814189504434477
60.030732511447034,84.58900993686821,1.6041414476246578,2.312392731099365e-07,6.007556906921104,1.371494488266061e-07,6.6789541616348975,5.711469864643397e-07,2.6694689938577834
59.952554938668726,86.14910989981284,1.6353371941849753,-1.1099900262374542e-07,7.612324478243412,-5.608742805782831e-07,8.10111651881965,5.032926322958075e-07,3.028248319604683
59.952554938668726,86.14910989981284,1.6353371941849753,-1.1099900262374542e-07,7.612324478243412,-5.608742805782831e-07,8.10111651881965,5.032926322958075e-07,3.028248319604683
59.952554938668726,86.14910989981284,1.6353371941849753,-1.1099900262374542e-07,7.612324478243412,-5.608742805782831e-07,8.10111651881965,5.032926322958075e-07,3.028248319604683
59.952554938668726,86.14910989981284,1.6353371941849753,-1.1099900262374542e-07,7.612324478243412,-5.608742805782831e-07,8.10111651881965,5.032926322958075e-07,3.028248319604683
61.08447596763705,98.95890032868053,1.57462044708313,-5.000184447765358e-07,7.39005814457107,-1.6611052410467466e-07,8.494021751164109,3.939069451623163e-07,3.468865405539882
61.62642882721748,143.33943475344302,1.216275366737451,-7.315832572351899e-07,4.9631230552509,-2.2752725411968507e-06,7.018971180399722,1.188744533696479e-06,5.148647488060284
60.19888035961022,182.11814206206762,1.7683441677421832,4.77321736858407e-07,4.138491400616797,2.040149955209546e-06,14.429290236389965,-9.867285793980754e-07,6.0065560001071105
60.01131997343301,127.43988125253708,1.6080765393758534,-4.4020527385379587e-07,7.3296725910725185,2.772222175133236e-07,14.273060273751959,5.721704762078334e-07,2.9892635158916847
60.527681443785454,126.26416773500901,1.1908934276964038,-2.012466908508575e-07,2.5552187300976246,9.505123979024495e-08,3.4075916659809597,-7.336169030086105e-07,23.64825419158576
59.94404567029734,111.84928521353953,1.3317573966668268,2.6707795869448838e-08,2.5817494854016942,-1.0639070865933522e-08,3.802355616371145,1.2529089423957868e-07,18.109829860834804
58.52583565993163,158.76069221827737,1.4667792428345074,5.892094635629174e-07,3.0126956492889048,3.2267729316764106e-07,4.603042878085408,-3.408036596716188e-07,15.51706834302715
59.69838233584013,123.03541492531427,1.4291779268481986,-3.702585337447412e-07,3.590352913202539,7.380557222968017e-07,4.197005351070714,1.5709423591238177e-07,28.877382838584918
59.69838233584013,123.03541492531427,1.4291779268481986,-3.702585337447412e-07,3.590352913202539,7.380557222968017e-07,4.197005351070714,1.5709423591238177e-07,28.877382838584918
59.69838233584013,123.03541492531427,1.4291779268481986,-3.702585337447412e-07,3.590352913202539,7.380557222968017e-07,4.197005351070714,1.5709423591238177e-07,28.877382838584918
58.62426107842945,88.16400643500845,1.2960894903895848,1.6645657204065086e-07,2.969510351559466,-4.785541362651903e-07,5.576293972036737,2.426696970625609e-07,1.3011793135840766
59.379656889024076,88.38622921093864,1.159505738343536,-1.5329380668776544e-06,6.8529065937951765,5.951400359888864e-07,6.192427541165139,9.030086115618505e-07,6.068205573822072
59.84965558908349,93.00934059507826,1.2742634846547976,-1.1598224709609215e-06,6.661501061827911,2.811359184930712e-07,6.16038330526671,4.94430453838547e-07,6.236597169196183
57.167266328557105,189.4183791557909,1.9461787066260854,4.470424606515492e-07,4.89642992481104,-1.81999939112424e-07,3.727862518637483,-6.346205623714931e-07,14.30767839092296
58.53932338024847,122.17726651810382,1.6740755357677835,-1.499863142901424e-07,5.885665404059063,-1.7385283575619644e-06,7.0936330291713885,1.531052590668179e-06,15.657045477475966
57.390988718171826,128.67440412129156,2.077477099621703,-2.8233939553546596e-07,6.315143449567517,-1.6281869968495852e-06,5.283332236349609,1.2893948328740802e-06,18.313535409396145
58.43379901301797,114.85179303023816,1.7171849149553777,-3.30008084559211e-07,3.5813825265113093,6.635265583486945e-08,4.983474380017732,1.9879032048588594e-07,6.9086308115691555
58.442785817579065,109.25046167338516,1.868739870490308,-4.6867224746285615e-07,3.3653525547796255,-3.3106930516651337e-07,4.773523346481292,4.3105039709998996e-07,6.46013619983699
58.306812008245146,130.79538281521477,1.9037874161945152,2.812971508590382e-07,3.3458254889406844,-4.129207064976839e-08,2.780035552077478,2.3303154179584123e-07,9.0499301980426
60.13498309592198,84.67794793282829,0.8659715240608745,9.342396583037472e-08,4.700043966760263,1.1464898749195377e-07,6.280932544128374,-1.4126891860874973e-07,3.287656435181391
64.9607634493388,96.23569731589903,0.7149130758096012,2.2187471874916787e-07,2.3153824546096504,-1.3266939828628796e-06,4.5102189433855076,5.701300706047301e-07,4.929056209321609
56.25629408372193,102.60895809721656,1.8852122839675942,7.840082371261349e-07,5.927362621818069,9.693087774089773e-07,3.391388158418776,-3.90986091059506e-07,14.409833312402064
55.247018424126644,108.66446172822762,1.9616573492700493,3.3341384777960605e-07,7.133329937630286,1.181401949864435e-06,3.1709508244548297,-1.1644511682018678e-06,12.175532026888128
55.68382579580411,100.18537571771348,2.067545463601413,2.3652645983050448e-07,5.815135426210084,1.0818620235791606e-06,2.814420064654604,-1.2403997083025568e-06,6.9796218941872015
57.34055342338061,180.9461645116058,1.4522965429341148,-6.887937545315468e-07,4.030729320794242,-6.736880630476745e-07,3.457437460846628,6.370045692542594e-07,25.472929311860135
56.82247486566681,132.65779247831293,1.1497469642804383,-5.132320557323988e-07,6.933446286438576,-7.119307548796449e-07,3.0606233137235317,-1.6244231665833512e-06,44.73721118825415
62.81051494095419,91.98663392651711,1.3970587833981782,-3.4262021488403163e-07,2.478571044376023,-1.8726454904324133e-07,7.474527140928003,-7.255096109615435e-07,2.3070450042386064
62.27193228581536,107.42535502576946,1.5447430749169597,1.5285944782718956e-06,3.890126182171135,-4.3187990665866653e-07,6.383485017207107,-3.3846160912625305e-07,3.1067268192476876
58.313430100153965,86.55885859471888,1.2950560876797554,-1.327812903342956e-06,1.7404179416886258,-2.3985269883214614e-07,4.142939035042931,7.367673056334145e-07,7.394026727949205
60.41918644016243,114.63172690633594,1.0573932411046754,-1.1821581972384982e-06,1.481760794357854,-7.949461156342052e-07,4.229990598371683,1.0075742654043517e-06,3.916810089313671
60.53055637628804,109.86778229759791,0.986251761600454,-5.514345392616636e-07,1.770460349711397,-4.507974752619794e-07,4.231549374484898,6.31986266666648e-07,4.139234387699731
61.02257230682699,110.23154148128879,0.8847630029618146,-1.0086297777695526e-06,2.0141875510290266,-5.869785827029908e-07,4.287943121162972,-1.7850972043673923e-07,3.2119635676790654
63.0510200945497,134.59106936738442,1.732792856526602,1.1551633377770429e-06,8.958997602744775,8.321226065190176e-07,11.076483536564103,1.706314605219446e-07,15.459162298984067
62.57354003550115,149.2291222875986,1.7126048364456061,4.790116772563032e-07,10.234379671332915,4.4948482371526606e-07,10.71929082967672,1.2656996084288766e-07,16.211305255612128
61.64044040669618,98.17284779256032,1.2031815547835418,5.58003405205932e-07,6.375687983869216,5.277098373671095e-07,10.444505150345634,-6.958098096121164e-07,23.108216654027874
60.28081040123886,100.73616404098465,1.7069190844418434,-6.48366580008178e-08,4.182570125720042,-6.161271856222959e-07,6.614327839307582,5.846905690653787e-07,11.037838213392732
60.00897311335274,92.90983406338225,1.6095083699440629,1.0652233530855349e-07,3.918625542766749,1.8047571150104566e-07,8.155531549065957,7.217697598244173e-07,9.860206959387076
60.75337593726669,118.19113676399232,1.1256767618976393,-6.851254935805896e-08,3.018146488650369,4.9136835488535e-07,2.5959985507245054,-1.0218892516324465e-06,6.029836960438527
62.86407037816122,141.80877673972842,1.2540870944198235,1.0113452683104105e-06,3.498409681875483,6.081765926339587e-07,2.891025170791685,2.168594379711791e-07,4.559049540348567
63.07052228725265,109.924357001535,1.3705300590074427,-4.5126402042559356e-07,3.6663700097800684,1.6411021891758648e-07,3.0072438165705515,-3.943258438367107e-07,4.062071647702133
56.71274967641994,91.74853597349711,0.8638622574040655,2.9662234058152606e-07,4.659118341591664,-7.998496580273121e-08,5.816778966033065,7.113638411990023e-07,4.540522382282565
56.02092111957497,85.49597512959105,1.1440685068591485,-9.504768825298337e-08,3.528044999634321,6.167746794013425e-07,4.776691513977065,7.346256106683576e-07,4.624218686788119
60.219313319274704,137.24244341092006,1.9849204116776722,2.0252363395628658e-07,4.242393705666122,-4.881805798385579e-07,5.346569381468656,-6.482995787877354e-07,9.20709221167044
60.93088858276967,138.0294206939232,1.756963855016711,-1.7573005777016036e-07,2.517605564713727,4.6841081802613075e-08,9.789881803179213,-2.3167720778396634e-07,8.820382257495758
58.91169385597037,102.53748488413814,1.4584109588526344,-2.814029879924287e-07,2.326994220792989,-1.8529396127673483e-07,7.793637578683055,3.4967465571589105e-07,2.9614688333910983
59.915127889395265,120.80132221675105,1.1939107887443599,-2.9417052992069025e-07,5.373914259053708,-2.0017576153960518e-07,6.852329018584313,2.1651159169699098e-08,3.8382111089699404
55.90969311150611,93.79089589550075,1.2616960371048722,2.470108936818283e-07,3.6343897683269044,1.350697185997979e-07,9.20226042554665,5.138104397537836e-07,4.263832097340133
62.06443343497592,118.29364529498244,1.3750004324259808,-2.571299413674702e-07,3.4951995855056976,-1.1461646635430559e-07,3.8939301368219637,-5.04162148376437e-07,4.069838900339991
62.06443343497592,118.29364529498244,1.3750004324259808,-2.571299413674702e-07,3.4951995855056976,-1.1461646635430559e-07,3.8939301368219637,-5.04162148376437e-07,4.069838900339991
64.46466624744377,99.6533153909288,1.6708680166455394,2.611432241764274e-07,8.642970576116658,-1.3337027992741295e-07,6.464266217719473,-5.7219056117404744e-08,4.659589118491801
56.68995609369913,100.08152910756108,1.1989412671539041,6.145491413996466e-07,1.7219711365303079,-3.382814426562499e-07,7.1767702677038985,-4.7346790392589196e-07,7.620652268270796
61.73075061311259,118.53052405697736,1.7295929712936218,-1.5777560670661066e-07,7.493117446475399,2.0502546541274795e-07,3.772773231955449,-1.0238592816861124e-06,4.88846263975489
60.244977069604474,120.46502896490426,1.8435547433060968,7.070240435121871e-07,6.949283210250076,-2.4839925242386106e-08,2.7945666525311648,-9.133515737911821e-07,4.055702091053259
61.2916729785626,111.1727459985559,1.3235417549918145,-6.581242675765137e-07,2.5391042883889137,-1.6242964946116708e-08,9.013306150141775,7.560774023522208e-07,16.09413394904225
58.41304937638745,132.6111030496984,1.5987290686051954,-2.436167566163678e-07,5.529615702222183,-9.753033146821138e-08,2.5476029790360513,-9.631869276129959e-08,3.2019635951329857
62.28020195876575,191.1105999931239,1.690711252438479,3.417369397368015e-07,3.4819603872578213,1.4621597870576732e-07,3.556284466771223,-1.2969649761169072e-07,6.807192880825015
57.409261282571435,95.85504490212557,1.2896797427547126,2.6699221848402854e-07,4.941729542056989,7.535247687634568e-07,7.804474631658095,1.7460319798333552e-07,5.337612272941252
56.932015204300775,98.91052984257557,1.4007895437382352,-3.0716987140689946e-07,5.089942162346356,6.926430214158284e-07,6.5622716049271315,-3.5804026570294144e-08,6.456104241307838
56.932015204300775,98.91052984257557,1.4007895437382352,-3.0716987140689946e-07,5.089942162346356,6.926430214158284e-07,6.5622716049271315,-3.5804026570294144e-08,6.456104241307838
59.275802000926895,107.6533858703267,1.5609868962017783,-4.0647875570258244e-07,7.346336651185987,9.317658542429889e-07,8.116389295033251,6.109764548261832e-07,3.8339122468981643
56.08409599575277,116.77512809487816,1.349972552676887,-9.657772778064459e-08,3.0795587246577214,-5.56265254286776e-07,7.168381428858271,-5.329462562390364e-07,15.574179015671442
55.65948105616307,92.19610786166395,1.43491748649198,-5.15496456125272e-07,3.1826407084202706,-9.97718762495631e-07,8.178014900682712,-4.925358350691378e-08,13.81181519711735
55.415602500361345,104.96972931259702,1.4231094590949616,-1.1462392214562261e-06,2.5657109097653668,-7.321246967260611e-07,7.390116755068425,-2.6880577236563516e-07,15.052625881672107
59.9666259834501,93.14244155388185,1.6751714707265293,1.1519037488170755e-06,3.0866909803142875,4.1829986772864567e-07,2.261658776635521,-1.1222346054638942e-06,14.538792855672167
59.9666259834501,93.14244155388185,1.6751714707265293,1.1519037488170755e-06,3.0866909803142875,4.1829986772864567e-07,2.261658776635521,-1.1222346054638942e-06,14.538792855672167
59.805512609517464,109.76671479756322,1.4955795121766984,1.0706637209320974e-06,2.732582492776929,7.787268453168332e-07,2.2087226432302134,-1.1713710709533684e-06,10.378606307542162
58.067102977646414,86.43867204123808,2.278624534614983,7.127268148445964e-07,2.3792085596843027,-9.724716314951854e-08,2.085212443907831,-2.1567632313369508e-07,3.055423198222049
57.44528746171484,113.78497690279535,1.8538830906498749,-1.2976741594773047e-07,2.1952235998798035,3.650293426012969e-07,2.0745119161932553,-3.8147311343732984e-07,5.166734935024138
60.172412410439314,146.74367030491968,1.446206593234621,-3.179155808191801e-07,3.6674810456071167,-9.807196054043702e-07,5.484963448016184,1.4370347735662498e-06,9.152366809212033
61.69369955064088,75.82501742841654,1.428843281580356,-6.216117960766826e-07,3.5938196154920066,1.39602032095776e-06,3.1481177932690954,-1.012446726956193e-06,7.325531626324432
61.69369955064088,75.82501742841654,1.428843281580356,-6.216117960766826e-07,3.5938196154920066,1.39602032095776e-06,3.1481177932690954,-1.012446726956193e-06,7.325531626324432
61.158066480968884,169.7964887914759,1.261472467359181,1.0229476186222005e-06,4.3105677502782,-1.1974191606981553e-06,5.107582386684531,1.1791005607139088e-07,3.4013297649729575
60.99235278724298,123.82389734313213,1.3769869189988764,-9.770494585353161e-07,4.019701792446171,3.4458733731699834e-07,7.834914579276199,-4.651056389451183e-07,6.624998217638416
59.38034301545755,168.11321066008276,1.8055239029009196,-3.5648790376450536e-07,8.303211966275112,5.104923161269085e-07,9.065245509504607,4.4048749616956754e-07,4.8193095557619445
56.26312632931578,154.68159260778108,1.4164204209164002,-6.10223946059661e-07,4.9566418706464095,6.211125564760001e-08,6.232524701955237,-8.387043805255198e-07,4.182773174166318
56.93555894982514,111.53768856925083,1.4088574949471389,4.858704511446866e-07,6.109318319685978,-7.622300140476784e-07,7.2735222906717905,-2.9394537002747896e-07,4.23867933050832
56.93555894982514,111.53768856925083,1.4088574949471389,4.858704511446866e-07,6.109318319685978,-7.622300140476784e-07,7.2735222906717905,-2.9394537002747896e-07,4.23867933050832
57.199295213392176,107.18212152337868,1.3085242091078484,8.674443179512527e-07,5.361766898275485,-7.552269242867699e-07,8.160822878533281,-1.1641013517582187e-07,3.982120263739698
58.58463487795272,87.6262627240748,1.2992073141519314,2.1133768494589903e-07,4.458308588355403,3.1535633335127624e-07,12.905703530556018,3.404822855935992e-08,7.240718488894711
59.04787892389883,125.01874979530719,1.99617478684557,-3.8389350634506687e-07,2.934884793110837,-3.78515000461743e-07,4.004662829444235,-1.7550705067202467e-07,3.110338760217435
60.22347525426913,175.4526958156238,0.973295089919546,6.513878375094371e-07,2.5898877430878873,-1.0855714612826665e-06,7.266936585166839,-1.2957763428452284e-06,15.917074450252118
59.03451823422802,75.76726924923481,1.0525524199120087,-2.731710701427865e-07,3.610879693004274,1.1978360673636241e-06,6.446691935544922,1.053929118552253e-06,11.737375828412057
59.71560984845693,93.54465820879912,0.9189026240925416,-1.9710795918735715e-07,3.118329186734687,-2.4756645414770453e-07,3.3738905584344483,6.232017707675813e-07,9.256479971638505
59.14570333338179,85.18445365945047,1.076185939759254,-5.384504175003639e-07,3.5578516158140623,-2.8323143019436873e-07,4.5497986976513785,-4.61834529000174e-08,11.454790573029092
62.20890150369358,153.55393838194485,0.9598433792933639,1.0977436565402254e-07,3.6245547915209624,-5.143009688581204e-07,7.622644154430496,-2.7401280956535974e-07,8.88114906999845
62.86670129379757,136.16251380315694,1.0494293095074554,-3.264378003273505e-07,3.760947039412328,-2.4899618523122395e-07,7.420349106222433,7.990497234448694e-07,8.511057043202387
62.077396575493495,138.35280113475824,1.1143191480156838,-8.080607928953421e-07,4.257915395697601,-3.336950291553052e-08,7.88668174637247,4.977081042789267e-07,11.643557395888141
61.6089679512179,131.99867998442377,1.2211332686538074,-3.9922777835806147e-07,4.471047888539563,6.394249896770261e-07,6.253119529752156,8.092327566878266e-07,12.490097310246647
61.331424722142366,128.20461527289547,1.1221996040477997,-8.564391774254443e-07,4.716484035197076,4.7169357677348895e-07,6.232959630154288,1.9855095361882158e-07,10.179379163444507
63.18382166379797,131.95434415898114,1.4428078982090844,4.4810582986257824e-07,4.157136360085211,-4.4518459318930075e-07,8.407393432247382,-2.991754167694935e-07,6.096031644756252
57.55086740508959,117.8044505047477,1.0867721069706788,-5.142225177259696e-07,3.147001612971808,5.34682191644921e-07,3.6515460422306925,3.0508119986190715e-07,5.968898921405225
60.94022404692808,113.46402189208082,1.6699605808668132,1.202479356424988e-06,3.481146660624214,-9.820796274041895e-07,4.245180733105895,-1.2317639181932674e-07,15.72715849755491
59.130843654239065,122.17465060547563,1.3881876982934274,1.2229025275238952e-07,3.6224233570885747,-1.9246899238798498e-07,5.279604786155522,-2.766264143002203e-07,2.724982087538837
60.08318124147455,91.78353262292555,1.5833710269974854,-1.088300957743608e-08,5.365707196629601,-1.498132338354194e-07,3.0106615995090396,-1.256826964160963e-06,4.708103616246791
57.74453242746152,89.9402141473263,1.8119426322037322,2.80204791011707e-07,2.8967544296573293,-2.6567577103687134e-07,5.603880346915578,9.169935531479548e-07,3.567428906083837
57.74453242746152,89.9402141473263,1.8119426322037322,2.80204791011707e-07,2.8967544296573293,-2.6567577103687134e-07,5.603880346915578,9.169935531479548e-07,3.567428906083837
59.101363815477654,115.15021005206542,1.329348032096362,-3.146452817286592e-07,4.140694884833912,8.721936571476607e-07,8.206573484138218,-9.116879974654192e-07,3.6814537308756425
60.77833282795896,154.09262014978947,1.386851612151389,-6.157264351029043e-07,4.530250307592946,-2.2239998177469487e-07,6.792309564690968,-5.560352084768909e-08,5.383526072315289
60.77833282795896,154.09262014978947,1.386851612151389,-6.157264351029043e-07,4.530250307592946,-2.2239998177469487e-07,6.792309564690968,-5.560352084768909e-08,5.383526072315289
58.52524696484301,80.15518264378841,1.0245552989163793,9.612551227451172e-07,3.3126192577106015,-4.6481748926799535e-07,3.660681752480739,-7.229605347480168e-07,5.985572494338633
59.01709670302433,118.98901526491626,2.050601858983073,-6.878153768817796e-07,5.432966624225032,9.798174597423437e-07,4.2792817843937545,4.31943764761628e-08,9.175467124566163
59.13636344368671,70.35969271058686,2.1692558057637665,5.751635639958626e-07,5.753673015804365,-6.304456729417683e-07,7.186242094546711,1.0651491873899731e-06,4.696836686006259
58.03841511120026,102.3125006750677,1.7338071489057156,2.2938197760215522e-07,1.965253502880368,-2.4627206319538145e-07,5.441412402759745,9.331002983424703e-08,4.584977263975466
61.77968557833726,119.98156124995349,2.0256177453483906,1.117741229936996e-06,1.4498537730724321,1.3668254492263262e-07,3.157401977376366,7.01548021877671e-07,6.410740848206201
61.59921650478873,107.4335718649993,1.8053246075953826,4.520690147114818e-07,1.4458930036231785,-3.876426810548206e-07,7.200752441662507,-7.339911851116349e-07,22.08287223284151
57.753135785146085,117.19998792943029,1.2115223060291855,-1.627140005706429e-07,7.706213578736469,1.4114539071110381e-06,4.629709377572216,1.5918054636699105e-07,2.2682998059778807
57.450596046618145,112.54043666470571,1.4827676800239578,1.4662282438420688e-06,3.9041511780095854,6.486195739886138e-07,3.405636465839733,3.8312930001511013e-07,5.764108020465719
58.68131347221805,122.97466553110691,1.4248434990301937,2.151578233500402e-06,3.653145007645224,3.4952981994142186e-07,3.1410872361096045,7.91128903733851e-07,6.2359428541477655
58.29802295534419,110.19978797931573,1.6132121103969954,1.7849229297402395e-07,2.4825249420486615,-5.759972135571158e-07,4.212956587246135,1.1492172299450916e-07,3.8853346614545314
58.68372380689057,103.93135381234433,1.7914967766803056,-6.673112069099684e-07,1.9429828910772724,-9.036146891503778e-07,6.544271554168997,6.685833289297091e-07,5.891482166600801
55.461631450703905,72.81127937583527,1.0606683556258492,2.820835938154846e-07,4.39623887849086,-8.160229637363192e-08,6.6021082202682235,-5.98850702457076e-07,11.056055846273356
63.34388264913037,96.46297730254146,0.9767259911871732,3.2940592350004597e-07,6.7338747464093505,-2.9048177894462898e-08,10.088847818011404,-3.299245765987897e-07,7.950527278686359
61.03483741621309,118.25451081177286,1.4678282072011128,-9.069917480709663e-09,3.7653281703536683,-9.724815944485935e-08,4.123582263791905,-3.448049318192195e-07,2.4296014580113963
61.74045859455525,184.89334772822662,0.9157481819019911,-1.0988566674692901e-07,5.764088652040086,6.546023582861927e-08,3.0222492809686607,-4.2903766718043415e-07,22.350918702374344
60.978025271068155,136.94462932194187,0.9248466097203676,-1.1617667711040913e-06,9.091820885981052,-6.401546866293306e-07,2.326255652531747,-3.602658175046595e-07,24.333979277425048
60.61868819358099,144.56974644612126,1.0210468104322377,6.354450094673215e-07,6.284709737361551,-2.388039432985614e-07,1.9998775919950114,6.785493426934618e-07,19.08874599794912
60.61868819358099,144.56974644612126,1.0210468104322377,6.354450094673215e-07,6.284709737361551,-2.388039432985614e-07,1.9998775919950114,6.785493426934618e-07,19.08874599794912
60.61868819358099,144.56974644612126,1.0210468104322377,6.354450094673215e-07,6.284709737361551,-2.388039432985614e-07,1.9998775919950114,6.785493426934618e-07,19.08874599794912
58.02425862705849,94.73165563329007,0.8400564048608649,1.1411071663133612e-06,5.387606825244175,7.77683460564933e-07,2.9904156676943776,8.013193749582787e-07,20.309573514777213
60.30617318449459,122.93907633910604,1.0933386198966695,1.8554323193477865e-07,3.380184329905172,-3.8675812196375585e-07,7.947350279753136,1.446739033074052e-07,2.7037642257477366
58.68857139282917,120.58530709674072,1.3157958800757827,-1.7991504884284508e-07,5.832420392485776,3.4721993333704593e-07,6.719270437546746,-1.9514095869848337e-07,8.90135508418878
56.93897619662491,107.5585330919739,1.065915536494184,1.2589761237703032e-06,5.425438033464673,-1.1259415925134493e-06,6.09591619119892,7.19749724512223e-08,8.647204871210258
61.85045519740967,121.23890176363486,1.1480281478111973,1.7208566869997742e-07,2.1216692723206756,3.577738568311779e-07,5.836028465138512,3.611804653131549e-07,11.652398172227686
58.37845335596788,118.85402865974045,0.882141669849441,5.897298297612989e-07,3.8734787726083293,5.717126506503861e-07,2.8157661928695035,6.737693833237925e-07,6.5480049159148175
58.896577860457676,142.35151662530538,1.294645434689723,3.910321332196531e-07,4.088371370783521,1.4313778137822305e-06,2.6655089769576925,9.829347080892968e-07,6.806475881745783
61.57554043324662,114.90922445520694,2.0281794200445065,-3.5639397757062297e-07,4.242317114461642,-4.819160391957893e-07,6.8888185401970405,-6.503219194490209e-07,7.647202966940457
57.21664013163723,103.32242196805691,1.0415064794845448,-6.261969997651378e-07,3.0583645466669367,-9.125339941707878e-07,3.458154277491071,4.22804746884735e-07,5.623214291848597
60.003208922265884,108.62657518883658,0.863879347052207,-1.4106373680357405e-06,3.1806578669913446,-3.5662419142762864e-07,3.479446326206704,-4.3856206621930796e-07,3.8644416688955987
60.761008106336156,90.58307429084124,1.2178927540057756,2.094511800400501e-07,5.34882174902717,2.7295716802855795e-07,4.783470494952507,7.138450178305322e-07,2.91534402082616
61.551913678534596,156.24970300712252,2.006993892889602,-1.3569138987987292e-07,5.2762389162761885,5.455116012833871e-07,5.096550270040152,4.86071667332271e-08,2.9245675185735487
58.740082946280125,152.25801762315433,1.2546598043177584,8.567299904897879e-07,6.0528945391264894,3.182322467345448e-07,7.517438944636862,-1.9216949019670896e-07,5.239415028414058
59.23696351804556,158.36584923193053,1.1161651411681635,2.5087325696381897e-07,5.5309016388895715,-8.77895480785877e-08,7.931967915654803,-4.325258914443347e-08,5.078018839490812
57.69219151231173,166.0575626576841,0.8632880573746159,5.37807202090115e-08,3.5493599448825983,-1.5607775163771828e-06,4.138365825611325,-9.77107863783213e-08,3.0639475112586605
58.0097299927388,113.08672672498125,1.5331458987267934,-4.920756193767322e-07,8.984638439510979,1.1082004584604295e-06,7.181804976008284,3.7546350186970584e-07,11.017211073325164
58.1217568181778,143.05596359239448,1.260534921774653,-1.3212350579939535e-06,8.98799990271773,7.73026317825759e-07,8.794580664674418,6.250743771502132e-07,19.553748120582103
59.80177734760984,233.55834728440107,0.8952040424079679,5.208092030814242e-07,4.597106716073399,-3.3668897388745724e-07,6.467000005534691,-6.379450186772206e-07,4.037490525979023
60.0010091368621,234.16365708255506,0.883077876206393,-3.6625732901527184e-07,5.198212901185531,4.31983981820627e-07,5.503476484116069,4.2288507998549715e-07,5.20726574809879
60.04012643680105,174.52181988108165,0.903865422593976,3.793827253816325e-08,5.335607596366532,1.0671290650245652e-06,4.525549896631939,1.3367729712834396e-06,8.56840847630408
58.725110893667114,172.89043625448346,1.0219750737310027,2.217531947383427e-07,4.992987007527118,3.953689773770617e-07,4.658781454626719,1.3261238255902962e-06,9.980258487633838
60.50706959854814,121.0704093761086,1.2059628946632874,-5.965106169158391e-07,5.360414116317716,2.8989555417425775e-08,3.569795529889905,-2.799995188271671e-07,12.551389707755623
61.757581747101916,100.23319168485946,1.4973862617621425,-1.27392317310468e-06,4.417392238819913,-3.294094163415196e-07,5.016661485798704,3.835501866859499e-07,10.153009500164051
60.96218752940311,108.24913547239211,1.465180241729203,-1.1127127423849595e-06,4.659388994830263,-8.291704385275356e-07,5.676248548618116,3.904278181335163e-07,11.180029286806121
60.96218752940311,108.24913547239211,1.465180241729203,-1.1127127423849595e-06,4.659388994830263,-8.291704385275356e-07,5.676248548618116,3.904278181335163e-07,11.180029286806121
60.96218752940311,108.24913547239211,1.465180241729203,-1.1127127423849595e-06,4.659388994830263,-8.291704385275356e-07,5.676248548618116,3.904278181335163e-07,11.180029286806121
60.96218752940311,108.24913547239211,1.465180241729203,-1.1127127423849595e-06,4.659388994830263,-8.291704385275356e-07,5.676248548618116,3.904278181335163e-07,11.180029286806121
60.96218752940311,108.24913547239211,1.465180241729203,-1.1127127423849595e-06,4.659388994830263,-8.291704385275356e-07,5.676248548618116,3.904278181335163e-07,11.180029286806121
59.41985091257466,79.75784932816916,1.4824357489514663,-4.5559463620273495e-07,5.276286347028976,-4.357363296819942e-07,6.452146361664235,3.627259578331879e-07,4.374984497957726
57.87529774608224,82.6302515633337,1.7758252685832208,-6.356934087901219e-07,5.891510768858772,-5.5321475143532776e-08,3.838365430170367,2.144329430243735e-07,6.125352697092199
60.63563554224141,135.89345838832122,1.3839670200581076,4.748203322140844e-07,2.3824346856449474,1.1248693240815194e-07,6.266102295630059,7.950913205184828e-08,9.956263032341981
60.63563554224141,135.89345838832122,1.3839670200581076,4.748203322140844e-07,2.3824346856449474,1.1248693240815194e-07,6.266102295630059,7.950913205184828e-08,9.956263032341981
60.63563554224141,135.89345838832122,1.3839670200581076,4.748203322140844e-07,2.3824346856449474,1.1248693240815194e-07,6.266102295630059,7.950913205184828e-08,9.956263032341981
61.084335057895665,80.38645563483824,1.319899468287119,5.840761828605568e-07,2.3447043809348576,3.425912196235921e-07,2.8408155354224283,-4.866189845135063e-07,8.725141229123
60.98690655729509,91.6471876636308,1.2599733434366787,8.205513941830236e-07,2.5110556180010013,-5.3737438462312486e-09,2.827621744955492,-2.4138112636787564e-07,7.580202645796921
60.473883615510815,115.82949042423003,1.3282168812946085,-2.640351782406529e-07,4.853292434870573,1.8128397887934002e-07,4.865122812189713,1.793049321390286e-07,9.611434637304376
58.487597985325316,143.56383136559478,1.9116928497116874,7.965120251699165e-08,3.0046857008821313,-2.2928923799231153e-07,6.988250662264308,6.408892034724432e-08,14.57497661063706
60.695649065482534,94.70946557087842,1.2566652384483292,2.2653266339771927e-07,5.693884587970783,-5.777999928788792e-07,3.8709961048013555,1.0903621026235218e-07,2.0472087378567503
55.949593715482735,121.99425821490776,1.4248003687544846,-4.259375751672718e-07,2.2843889315488255,5.871829304085732e-07,4.410955264447295,3.102600533727637e-07,20.948173597116554
64.00584477591806,142.44411015116987,1.5187742695630972,4.3127165739428346e-07,4.4446266169410755,2.054921069564257e-07,4.669633410644866,4.3304517521808774e-07,3.5336994033581894
62.837932939201814,165.67003168663646,2.347121585556662,-1.4390748092177335e-07,4.878614264119945,1.1451264896841139e-08,4.789708560732638,3.7069141570007563e-07,8.306709840561613
62.837932939201814,165.67003168663646,2.347121585556662,-1.4390748092177335e-07,4.878614264119945,1.1451264896841139e-08,4.789708560732638,3.7069141570007563e-07,8.306709840561613
62.837932939201814,165.67003168663646,2.347121585556662,-1.4390748092177335e-07,4.878614264119945,1.1451264896841139e-08,4.789708560732638,3.7069141570007563e-07,8.306709840561613
61.7324594293451,166.94562040247212,2.357134868431202,6.302799657657637e-08,3.9686305989721116,-3.7195481297151257e-07,4.818412660377944,-9.840814577394659e-08,9.300522117130406
62.82521009950717,159.26686141146786,2.039550250821638,-4.307412306874932e-07,4.1630479982898345,-3.635171857676916e-07,5.587701544059862,-9.228329721097664e-08,10.453109957252838
57.77669044152369,73.90193641672289,0.7653823999202962,4.255526491736416e-07,2.866574943257264,-6.792185327788796e-07,5.708372934853305,1.7860658415542092e-07,9.19000124407145
58.38809566319272,79.34359198521305,1.0755421251954154,1.0389128358212827e-07,3.6620192244956677,-6.490506666525987e-07,4.735617906777693,1.9026632598361814e-06,4.782424316499683
57.751831854581965,73.79965914238836,1.1221623631449305,5.138731849354082e-07,3.5137657707170042,-3.7393378015182834e-07,4.94739479019624,1.2179567336623043e-06,6.196013292321544
58.91804385239907,128.01100189046952,1.152963614488148,-5.431209690899587e-07,2.95771998634544,-4.68360738421185e-07,7.4370859371677405,-8.133448223292679e-08,7.490787149779485
62.92563609736754,115.07453402424534,1.0461220171346388,2.3288627974733758e-07,5.429366993150157,1.294018659650584e-06,3.046089073762651,3.852862762876651e-07,6.0245298051757015
63.204058262414904,98.50448879323194,1.4164510206857361,3.2646000929600906e-07,5.620539940703211,1.488149510718435e-06,3.440659521764755,1.3690059788722854e-06,4.952086484052576
59.903521805425115,89.25506588832465,1.9696040848759317,1.7504500256577472e-06,3.7081829802712543,1.3185572388663193e-06,3.6416605284235106,4.321356598557162e-07,5.166152958053767
59.165427354729964,94.36829927419795,1.8105642467976446,1.668538043635046e-06,3.474518529302843,1.6151304153796456e-06,4.3007907503821565,-2.486512222810076e-07,5.855469522282209
57.84578283481191,87.02358075295675,1.8905562480907425,2.589775763998001e-07,3.6880319928283014,1.3012667237820128e-06,3.2903047912552443,1.9470898136670434e-07,9.689720169397804
60.689082348100186,86.4107456555402,1.3719716211343014,7.917118453860396e-08,4.255516665575501,-8.709962735193993e-07,3.4579221276766225,1.3333862658931848e-07,5.951895805478555
61.468621031837785,85.35084264068252,1.2888720004172787,9.023821781473725e-08,3.7790984036960604,-1.4266131254082145e-06,3.475918185287255,3.395060767519713e-07,6.868612915921692
61.26370124003355,77.20746928258977,1.2035705371059444,-5.413385041334514e-08,3.549672432746212,-3.018953589015226e-08,2.7867211177573195,1.5472099212915808e-06,9.511429522360185
60.56707106905535,107.3038812432622,1.2538890054722573,8.914915238358233e-07,4.793980028563772,5.322442788613067e-07,1.8070220659661251,9.522017671991585e-07,9.10729440802522
58.31940665036114,133.43764237665107,1.7544655484839409,-6.267340002654003e-07,2.9021795078305397,-1.0968001579658508e-06,18.72115988572909,-1.4489620044539754e-06,10.413059295546217
60.939871712508946,168.51044235287753,1.3013033555061462,1.084224986443916e-07,2.222328349322586,2.471269612120459e-07,14.443765129316663,-2.778505997011669e-06,6.935652109414512
62.375819649189246,139.3024498796549,1.2938179452280072,-2.8042715842148883e-07,2.9314079176670846,4.02547034766187e-07,5.050506498280497,6.879939859300701e-07,11.510706009994458
58.04980796228676,121.2033194328195,1.8177531907100444,4.5022691776057043e-07,8.210647603588402,6.721007451442669e-07,6.455620517172758,8.353737233688074e-07,7.513747360746655
58.9589189268421,117.43001915972515,1.6560506170661822,-6.85454415647548e-08,8.900431686784884,2.98998618404058e-07,6.98211222515628,1.404864050511862e-06,5.596028429444473
62.613947878676896,184.12151584408065,1.937201095102955,1.467926281866856e-07,3.0934205764138993,-3.2824406020377844e-07,6.3079187058866735,-1.6415950593740846e-07,3.751386723771905
64.2822755249638,131.91612575833312,1.6885830257763779,7.042480041375308e-07,6.58856076455047,-1.9508539729386908e-08,5.8475833563226685,1.980907548338495e-06,6.515701458642717
64.48627982391078,133.78355316870358,1.6828006526686634,-1.0079881107340845e-06,3.6404561174387964,-6.05788604249286e-07,9.735468914101498,-1.782316251902635e-07,2.344046136190651
64.03383136489335,130.80455673779912,1.7324291357299397,-1.2628754752070852e-06,2.7985573612946273,-7.89940266245934e-07,9.66469205888626,2.2231095644278032e-07,2.8874252347522757
61.230662852164215,138.43826596033958,1.422290151849074,-8.166531895837392e-07,5.189580134161616,8.995448347213909e-07,10.59054909752316,-1.1515210871487943e-06,5.263400932124559
60.40879021631596,133.31270922564244,1.402399953869353,-1.125037570423244e-06,5.120109806642602,9.855183209915297e-07,9.678896692978048,-1.7820867990946254e-07,6.990865415931542
59.81028857416223,171.6825690018219,1.735053432953653,-1.3391386202560641e-06,5.183591672228943,4.6271521308274236e-07,13.38894623076229,6.069248600354046e-07,8.017130588689593
60.099127483234746,183.9383514176699,2.065349123487576,-1.0815715224611038e-06,6.430930951202443,-8.194360520646613e-08,13.50762725299708,7.721069922016726e-07,8.690420105968663
59.46203870665848,108.39418125873954,0.6707123978797968,1.3701998653079666e-06,3.6362367000987015,9.295088473348072e-08,5.498892996986454,-8.677254458026007e-07,15.242352525528299
59.24399860615213,89.4310496277715,0.6335428902618279,1.0236640774032822e-06,3.6629808658180427,4.4668643315494463e-07,4.91515243195309,-9.956392826483307e-07,15.785089727883223
56.364790142219825,105.6184050404443,1.0824578969254552,1.79048440392101e-07,1.7100007323261164,-6.255662284457249e-07,6.968843303229921,7.099621591398214e-07,18.515712330340147
64.00950990193296,96.51266255864205,0.9369863500950323,8.308628787865574e-07,8.807606057326897,-1.829920301948073e-07,5.7178063423515,1.2485282923295672e-07,2.9318790706023403
60.987015505708705,136.5736740894896,1.341733573614436,-5.896422369418247e-07,3.2824192007848194,4.743933072703826e-07,2.349792812206003,-1.5906105422727038e-07,6.190054074548807
61.00611525100524,115.54979423327191,1.598603761574798,-3.278809035375006e-08,3.9598034314176953,-6.057269402598466e-07,2.954873743947366,1.3597536906741155e-07,10.786103377601076
62.20326445746706,101.76537959948861,1.4231754903957212,2.7576919070224296e-08,4.85693694993182,-3.952562585388599e-07,2.5170748191568335,1.2975763001611416e-07,10.741000411860691
61.3058997236869,122.61464848724995,1.7841281543027607,2.32869838572558e-07,5.700960458824201,-5.278175799428102e-07,2.9486692919993804,3.5022745063537534e-07,8.33790803872957
58.002100010293375,128.8875782117049,1.2304080396328994,7.118020967166958e-07,2.334235627042374,2.4415504275185125e-08,9.985475319127792,-7.746665736967685e-07,5.792600115074124
61.426288781850715,110.98221999220065,1.439518871974838,-4.0749324582957165e-07,5.500161066401245,-2.99133868989974e-07,5.874067803730463,9.693047274368342e-07,3.674129922979165
61.426288781850715,110.98221999220065,1.439518871974838,-4.0749324582957165e-07,5.500161066401245,-2.99133868989974e-07,5.874067803730463,9.693047274368342e-07,3.674129922979165
58.46140426888237,104.19121914737312,1.4435850696243686,3.032391140529447e-07,3.178375054204897,4.950382004650133e-07,5.831488678885478,-5.238448819600648e-07,5.628754832732878
58.43882107249203,73.05324345250914,1.7635821191792875,-4.753584091668146e-07,3.722754855385462,5.166487514516252e-07,4.2520937609602685,4.904961009541697e-07,6.913237384940673
61.041277588916394,195.94329450459298,1.1570169350681014,3.8996810987169967e-07,4.501267306956945,-4.5985250062725177e-07,11.391940841167983,-2.966803897564818e-07,3.733420362742184
56.453431423606425,105.37053563204701,1.0194747658309113,1.0045893735372971e-06,4.635157258779448,3.5636251446454734e-07,11.265764006249938,-4.870389133008316e-07,3.325677449418318
59.05689887357897,146.51836663411407,1.6816877158604295,1.5046397886882622e-07,6.04294497548674,-8.153719777582881e-07,11.564719562237181,9.211203810593712e-07,7.194417273645977
56.62946674805948,153.24622774813662,1.91626724247662,-7.242724059115016e-08,6.505351297619362,1.3078358222869082e-06,5.517155532775931,6.656347001079343e-08,4.2683065119373715
58.26756807381009,107.7988852865522,2.319959662589266,-3.7628256456566416e-08,8.585061888966868,1.0780535003225467e-06,8.157258048509819,-4.677825541310469e-07,6.0259905416088255
56.76133006611673,130.56397300671608,0.8703100504558096,4.64245927270273e-07,1.7165560080686413,-1.0744203570738836e-06,6.383951028634447,5.037829144120185e-07,4.084081980494863
56.31314653175829,122.22335055039913,0.8563355915602029,2.0551001921952525e-07,2.2833711631617377,-8.727706100315667e-07,7.578828908534466,4.4813240265149487e-07,3.5728998689522626
63.16293257906682,110.92272400464205,1.7052574810742511,6.278449304560867e-07,4.6844676022189535,-8.629002221735492e-08,3.2027883919730353,4.119327360451664e-07,26.72013880559447
61.89345576598094,161.74457285506614,2.038557847913846,7.027100526996227e-07,3.712506175169534,6.510565572509416e-07,2.19600444931744,-2.6036416607625775e-07,12.494678248484732
64.11006732849138,123.65457890632887,1.5361207627758215,6.593981399143006e-07,3.4235717934841547,-8.586338779373751e-07,2.7412413658299286,-2.2000086770412312e-07,12.749578498604057
56.87198234864188,80.14859129409236,1.5588235111813673,-4.965775893954718e-07,2.977429158452965,1.1934558960712037e-06,6.725146025619067,3.705726071642801e-07,12.246116327561394
56.695873690695585,67.50864769550314,1.713676151281023,8.603209812257277e-07,3.288236999414407,8.011951844926787e-07,9.547045950539331,-4.230972234931286e-07,18.356299267802594
57.86848193582685,70.47853419975748,1.5111787085582353,5.38770967062541e-07,3.179699740475737,5.525258185127763e-07,6.647388517147038,-9.177764185936545e-07,10.123402722052301
60.62301427094594,173.5549694766456,1.336007747920044,-5.426029545877511e-07,5.069801459972684,-8.53586632933062e-07,4.603834480168181,8.368652272884099e-07,9.831842541228076
58.31029254514379,223.45556019080067,1.370268954324356,8.847402841103907e-07,4.012454120637692,-2.0048554182409956e-06,7.766837963004144,1.0712572671534825e-06,3.2062315952409195
60.983975124655885,72.83139649591448,1.32543445617561,-7.273116100147468e-07,4.500716418953522,1.7451994431310428e-06,4.252555858875695,-9.955685089077535e-07,30.281389999734106
61.19458824263737,193.20850141631433,1.3708301888061134,6.622751755465887e-07,4.430195748955317,-1.7013710456358977e-06,4.099646027213501,8.959393898611106e-07,10.424586733537692
61.12414759565085,181.86416274683052,1.6086342878574607,1.1482575802672894e-06,5.258367828546983,-5.24269285661771e-07,4.367626407173938,2.362356623444929e-07,9.320989315011428
62.12610890965408,218.84219346300873,2.3570282706917816,5.668200207540066e-07,5.244862181628972,-3.1588812105484365e-07,4.4719114390783465,4.4481709598043866e-07,6.61739584357355
63.07886495238553,102.8048732836732,1.242537965516851,-5.169685192441357e-07,4.339625823509676,8.974816204671108e-08,10.739543528594462,-7.050953473883216e-07,6.372482604454518
62.34177905559255,103.10483154690294,1.0264314562930765,-4.7353447443103364e-07,4.034425614537446,4.183271539660572e-07,7.709841374064682,-1.718302302688923e-06,4.550117932802379
61.03956485349281,101.0115801211684,0.9398476095917818,-3.321538501316501e-07,3.06389915176348,-2.4096936463285896e-07,10.107034610918609,-1.0003235445556102e-06,8.339758373318364
63.99421577396839,124.41379460887862,1.4148901613294318,2.98350288399882e-07,2.1356533897808143,-7.05648288487925e-07,4.233235302593698,7.457152642763987e-07,4.285878032572733
63.18777919591713,118.66742314195636,1.2491155089285944,-1.2727513168778194e-07,2.056781124574388,-7.620122104405847e-07,3.6343199731842875,7.076230532915406e-07,4.011431529409355
55.884636780845526,117.91575805426726,1.7050703902074489,-1.538790721672222e-08,7.26643371556359,-1.1565091110246543e-07,5.702544607925551,1.140523787938073e-06,8.458227610174418
63.55792688302216,130.33254190672767,1.3710118131355953,-6.91956116019159e-08,2.7554576108519675,-3.567223164648325e-07,6.361522038628375,7.950344314206349e-07,5.88383457934407
63.12455507455686,147.90686074963267,1.3905234601697765,-1.1654222440733986e-07,2.5124526711445783,5.585796748969647e-07,4.703368492972274,-2.044504247502781e-07,3.665694932762769
58.58036705229283,82.83178772288376,1.970807752658712,-2.825172456400481e-07,5.704156209831433,-5.306504387413695e-07,6.384296535165451,1.4804211589802909e-08,8.427288205280274
58.58036705229283,82.83178772288376,1.970807752658712,-2.825172456400481e-07,5.704156209831433,-5.306504387413695e-07,6.384296535165451,1.4804211589802909e-08,8.427288205280274
58.58036705229283,82.83178772288376,1.970807752658712,-2.825172456400481e-07,5.704156209831433,-5.306504387413695e-07,6.384296535165451,1.4804211589802909e-08,8.427288205280274
60.51353616085897,123.19168584086464,0.9720569429777547,-7.382105248841197e-07,2.5578009260280195,4.117950089906264e-07,3.322233835844174,5.917026894279533e-07,8.299744651087837
60.08352664161258,139.43374735526368,0.9321657328003953,-8.049649370451692e-07,2.812562001563634,8.528934668715084e-07,4.278132730843843,2.9535783473806067e-07,6.693868173927091
60.81722752658713,137.346893060769,1.0602263854689282,-1.485603717320488e-07,2.3310752209355523,5.515292733953907e-07,4.067497440657348,-5.065910036394275e-08,6.447368695746898
58.65642208826897,93.07606845567562,1.4213111098010096,6.713182986558388e-07,5.158563626520689,6.861724058099226e-07,6.2708127738406745,-8.675267982788759e-07,5.279550239712959
57.609749039898325,103.62720369293005,1.3037895130994857,2.421662522355085e-07,4.8608806564448654,6.005346922667324e-08,4.883119210483924,1.3716548647122803e-07,5.252418025596109
59.51784334215071,91.5302912515122,1.5697931276715467,-4.174959413813665e-07,2.0244887621405545,-3.116611930510081e-07,7.03887758800628,-6.110859701687959e-07,5.586720889896883
62.327231722824266,91.46708240367667,1.7828898769638024,4.931445694875916e-07,5.397803748498235,9.069633755856939e-07,3.6105918124964873,4.4090951634463456e-07,10.750844115216356
63.0754730356694,99.84375468619687,1.9574907170170737,6.26359798817731e-07,6.419738469572394,1.0713384350501753e-06,3.411500499169586,3.8488771700791365e-07,8.707850734013034
60.99906661007885,138.2121388588649,1.2621481332679407,4.805670818950899e-07,2.876326259315071,8.609678659091488e-07,8.660449600857872,-8.509211679914499e-08,5.060939209677363
59.242191964078735,121.08839599924526,1.7800389109628127,2.099108973239556e-07,1.976246836456573,1.115096441058663e-06,5.425834571675461,-1.53249400333002e-07,5.857511906478989
59.577723927818546,110.68594808852174,1.8140616248344659,-4.433451028025829e-07,2.4587280909331333,7.545071412381298e-07,4.051533488224705,-4.006887690124666e-07,6.658155602391144
59.41014464456867,142.02929157513347,1.53723170901797,-1.1003139546044926e-07,2.6623733039016333,2.7045667481401376e-07,6.179155252365395,-1.377558254182324e-07,7.348622152602201
59.881237505487896,131.0068649542741,1.4626764441785085,5.152094184536594e-08,2.501857435771264,4.5265135905734977e-07,5.905852373645719,2.924080013873625e-07,7.777990981710171
56.453645309441015,66.63660680073995,1.5557855362910133,3.510530649581143e-07,3.693401200693308,-5.003493118888399e-07,4.533557639985046,-8.521971236863454e-07,8.265831941095367
62.522109698139865,121.35576323258012,1.2742839941514057,1.467274451678601e-07,2.977100917208111,5.268584898408057e-07,3.634967504143151,7.260603989714216e-07,13.26124370134287
57.65063879554785,104.3987291805287,1.40102621522256,-1.6064145111655037e-07,4.517180175072361,-9.872011610249862e-08,4.234469827630195,-1.1961838172036601e-06,14.62475323061053
57.65063879554785,104.3987291805287,1.40102621522256,-1.6064145111655037e-07,4.517180175072361,-9.872011610249862e-08,4.234469827630195,-1.1961838172036601e-06,14.62475323061053
57.87858056237988,112.46970082072234,1.2289503062842204,4.589990563464224e-07,4.116007214589416,-6.858290389876422e-07,3.6997835748348407,-1.3375594836698375e-06,18.865954675939218
55.7012318509172,86.65966454172069,1.8289256874507134,-5.460418493252562e-07,4.383222353903494,1.0412019334621448e-07,3.764471190710813,4.3428643880293133e-07,15.785640122746615
56.96718526994231,90.6227433141124,2.0169271197360277,-5.09384270339985e-07,5.262798976539522,-6.475947308535436e-07,3.771507997232216,2.455370890780321e-07,15.602402811341534
62.63770893885076,106.43688549091121,1.0567898834180904,-2.540465409150118e-07,3.1610888955864747,-1.3446364470111202e-07,6.321081028215873,-5.185826421327466e-07,3.1867659680860863
63.622529476245816,110.67004638926839,1.0047077297239655,3.152125510718904e-07,2.8548139335530993,-1.1788306963132249e-07,6.396723532696864,-6.429379595444291e-07,4.13018215037044
65.09875961741973,85.63778097428482,1.1216896625871828,-9.682470151158566e-07,6.257340349038351,-1.2706976714711591e-08,7.018841406394526,5.637273649838488e-07,11.0431023028094
64.13099646325,73.72885854738432,1.1802888646133793,-2.097706324280351e-06,4.917322147525435,-3.7731067168205076e-07,7.30935584072871,-3.1647629745729726e-07,12.290138252093158
57.88032987258702,103.94881544833702,0.9655044576292955,4.2605262687764106e-08,4.273054321937828,6.373331645951675e-07,6.952205276278023,-4.381416355809222e-07,7.066892108643237
59.10257939070279,119.63489374278129,1.106479313056445,-6.239021824886189e-07,3.619990468802991,-6.399791608724442e-07,5.2794819056126965,6.233687471399729e-07,4.983468462206117
58.48136929166083,144.19442055210757,1.1858575754273346,-4.4620318168549324e-07,3.7078556040631456,-3.246502417961004e-07,4.709852149756101,7.164952122814773e-07,4.604202363127484
56.31624919215363,91.25345119965361,0.7493942764034293,1.8862765244252418e-07,4.114207379549983,4.972284675897371e-07,2.640639960668663,-3.3782396631554204e-07,6.409083172002365
56.31624919215363,91.25345119965361,0.7493942764034293,1.8862765244252418e-07,4.114207379549983,4.972284675897371e-07,2.640639960668663,-3.3782396631554204e-07,6.409083172002365
56.39890755222378,91.47221248053931,0.8678691330184971,2.4557458454776647e-07,4.722617180797205,-1.905504058419651e-07,4.102188829881627,-1.053450573580452e-06,4.824117990249297
62.70406444617225,110.88565119618782,1.1511804966386598,3.1811210160999076e-07,4.087855616410875,-1.4310256207170823e-07,6.6309687803972635,-1.0218136444969725e-06,7.646629268850605
57.98538125609304,138.4007573265065,1.7966022073012118,-3.619114120037908e-07,6.470499366153256,1.4030927717353973e-07,4.899363976722048,1.0564003756858798e-06,10.21402105779459
62.66379626670258,111.3162068386475,1.1262728218310247,1.304701259839928e-06,2.4859411913667184,4.70784788276289e-07,8.448482781536457,-1.9969076514676564e-07,6.2273834816661235
60.97109414155501,91.02977309230353,1.5463838075940395,-1.2807420021237178e-06,2.751868615568301,-4.575961479098323e-07,5.290497265410165,3.4785267038156254e-07,5.189161967617161
66.06445709198697,78.7007299857728,1.5672676276772222,-8.531511446459164e-07,4.559328593342419,4.746740562831733e-07,6.104977274568522,-9.956969824548162e-07,3.9836964064347065
65.74624944151905,83.09139913151836,1.6005153377890529,-6.15883561246032e-07,4.7502637173582505,-1.0566793675937387e-07,5.32047330871217,-1.0970442886335942e-06,3.265951395945469
62.97794071529551,88.09211877478089,1.356684742548447,-1.8535920336115646e-08,2.5257223337408092,-6.53373043085085e-07,5.301350714605767,7.541252342530574e-07,4.920888468281863
62.382038706580644,85.54436496600722,1.3608090937835624,6.161154545013577e-07,3.04626789246914,-6.039869033151006e-07,5.831781394253896,2.5516873215391106e-07,6.77204776691975
60.9628031215139,92.41823397391117,1.5037702075455277,4.918574759851948e-07,2.974813982908704,-5.383142470826701e-07,5.216303869871777,-7.9413190660287e-07,8.578024400976041
62.369896295175515,80.62948407995424,1.6438365478327244,-9.759148545585928e-08,2.86725417136905,-2.2131613004156263e-07,3.6484757939144212,-1.4767597415323881e-06,9.58268008875991
60.90190769638992,77.09028470255599,2.101282616529833,4.6254323617863967e-07,2.644418170427366,-1.9511945395101682e-07,5.134189840122982,-1.5023795672463535e-06,7.136853732887537
60.90190769638992,77.09028470255599,2.101282616529833,4.6254323617863967e-07,2.644418170427366,-1.9511945395101682e-07,5.134189840122982,-1.5023795672463535e-06,7.136853732887537
60.48672978581294,72.92948723269814,2.2491103903590117,3.5673306870554065e-07,2.4212257489586486,3.118919337750149e-07,4.926962765135396,-1.7822188006029334e-06,6.995664766401989
60.48672978581294,72.92948723269814,2.2491103903590117,3.5673306870554065e-07,2.4212257489586486,3.118919337750149e-07,4.926962765135396,-1.7822188006029334e-06,6.995664766401989
60.97526626091191,83.7386932072847,2.0969089762354653,3.1442619657565503e-07,2.8996527601742215,-8.743297767956785e-08,4.678816906447663,-1.0026275785434801e-07,11.144958687162509
60.654508960960094,87.20501564048999,2.5953649963059777,-2.1012356120016308e-07,3.496160562375776,3.985206890250177e-07,3.8872687868856315,6.914037783888691e-07,11.138367724921183
59.00082667116208,104.45458272258044,1.1096167610996979,7.881912041738799e-07,5.474290769846181,-1.1985008154227606e-06,3.654268659668896,-7.418198391292319e-07,13.79792865598481
56.94944875352144,87.00801318429772,2.1116321598172094,-1.9252810401996964e-07,2.6607341325049085,1.1304820864196144e-06,3.582527478181812,1.008782949167623e-06,8.258173379683235
62.014264480103805,151.61514427188152,1.0208201770028658,-7.840564053996208e-08,4.710628172442424,1.7848596035783667e-06,6.248279716971684,3.4521460239176774e-07,4.081852163960846
65.67485295145805,200.70976743998608,1.156524946610108,-1.7693584201605636e-07,5.256952241104962,1.5085027717046207e-06,7.92732302136188,8.748062353596457e-07,4.317164476111809
59.328742520344804,129.16854703543086,2.259309174912975,-2.783795471947939e-07,2.2023222153793856,1.6011580915883621e-06,2.0683115562883847,6.656291416389291e-07,5.8819287401321185
58.88923455092204,107.12142975070633,1.8105751573795885,3.192549113932669e-07,1.5321330250463903,7.720601021333728e-07,3.2218019906490367,1.5265217332389769e-06,6.190749197478023
60.13987942283489,97.97413477525649,1.7004275965801467,4.0283090118889867e-07,1.9469356417673742,5.986872823385765e-07,3.2511073457889883,1.6275470282930065e-06,6.458807737106228
60.86729885159918,92.20499120717845,2.1512497818045793,-1.8866070782861924e-07,2.930280881440978,-8.626494223212227e-07,5.135027871564405,6.778422207477942e-08,3.991252967463295
57.10434850878429,133.258651685319,0.7976802489560394,1.1890231625239645e-06,5.338134858277094,1.0402347577037812e-06,7.113987599833729,3.8580555803373125e-07,6.135794975566493
58.700878599958834,161.74255756910637,1.4651281401968625,-1.5580889188101165e-06,3.5338456569680194,-7.172403053455608e-07,5.609538100488542,-7.40040302556172e-07,5.313934116044872
59.838959763564695,147.47294985336976,1.6278128597938728,-5.70672063524262e-07,3.390734516702508,-1.9336395827522881e-07,7.785888284350627,-6.486805329384354e-07,3.8625075818948402
60.02334703357333,137.0309761686743,1.581577661699862,5.535722916300637e-08,2.848647107339496,-1.0470423288947922e-06,6.634124022448468,6.202783492580837e-07,5.781959592926985
61.23919066331278,112.74813883700538,1.4213153358537052,1.3124493630882476e-07,5.564799870527833,6.884338674379628e-07,6.086508602087861,-3.722874054730282e-08,4.428990985476028
57.38462984807953,94.12396434276354,1.5150550526896083,-1.0193360541777417e-06,3.220998411663548,-1.6014036403772735e-06,3.44315278079993,-6.482852836768889e-07,9.809365131676604
65.59385160059888,92.1277682914348,0.9766683579266598,1.0748387001403803e-06,4.0331923106911605,1.4906221535065706e-06,3.047709813586788,5.35709400072003e-07,10.581168880429116
63.593256261679564,142.53697702791948,1.1522515511393547,5.68428555819065e-08,4.844158008270978,1.6277098392907453e-07,4.313449035177356,1.0463053359487684e-06,7.238068795022045
62.43636132574429,173.06400892068726,1.4735700429104777,-1.779186622307542e-07,8.064783459578402,5.5522427660672e-07,6.063235670098555,-4.905672336198124e-07,3.2987732350667494
63.918459817100384,119.11288050080472,1.290420479900503,-4.406411906830766e-07,5.038398312243044,4.543107259719262e-07,6.751425571815442,-1.4108367368207876e-07,3.8867129156804316
63.81216778727664,115.98888579969203,1.4449319900741115,-5.4411539081097945e-08,4.551015116545579,-1.8811596342141502e-07,8.77315567157874,-8.454338259927338e-07,3.426061433034985
64.85689086112504,129.07572319934724,1.5540352693463426,-5.821672832119385e-07,4.6009304460063145,-9.929814289646655e-07,7.872533881426845,7.117469888046446e-07,3.097371379418658
65.28641159616234,126.61608283351754,1.7111521513531602,-9.082154068429379e-07,4.225678944813914,-1.3790045066496007e-06,6.440029993995202,1.0344344911203095e-06,2.7791885474902314
55.681828107545336,91.85467080400865,1.4104111030722184,8.175861243215827e-07,2.5925875227838904,1.4208861245795294e-06,2.871754973164626,-8.527279239871087e-07,15.115205119412302
59.38220884902844,81.38978466796192,1.0892258807333834,3.106901562101482e-08,5.399412162608489,-1.3125112231036005e-06,2.885935054019057,-4.5842272890489096e-07,17.435818911077597
59.38220884902844,81.38978466796192,1.0892258807333834,3.106901562101482e-08,5.399412162608489,-1.3125112231036005e-06,2.885935054019057,-4.5842272890489096e-07,17.435818911077597
57.21758171787316,117.25070217467149,1.0883235890428924,-1.4029787852201423e-06,2.853385886705344,-1.0153829836319119e-07,4.902542960957817,-8.45591094246337e-07,7.073474638609728
59.993602006158206,79.38318599982587,1.4713574085458099,1.3512415816858157e-06,4.075910065082578,-5.471162239754007e-08,3.8421971185233694,9.047353059751597e-07,4.921322210638148
62.91236891558495,121.97064852503411,1.3714864188517593,-9.222155567771392e-07,3.299739733038488,-4.6766675889418134e-07,3.4412589531592506,-7.820184799058495e-07,6.80934057683318
62.89460953892042,111.11075122998096,1.2607448451128218,-5.211377802013288e-07,2.9043901587640075,-7.287326014336182e-07,4.109882028296382,-1.1032085577432085e-07,5.245058460374693
59.021233476236254,86.43823592826921,1.3845815925019953,5.653671343199754e-07,5.063869263356722,7.128279521354177e-07,5.21621004186551,1.1444131381966408e-07,3.462109760906027
57.13971991710264,147.11762502907501,1.7769541114392255,4.001886673324694e-07,4.519052189465925,-3.649726081908619e-07,5.052048898052871,-4.692468777409298e-07,3.4891246585459865
57.13971991710264,147.11762502907501,1.7769541114392255,4.001886673324694e-07,4.519052189465925,-3.649726081908619e-07,5.052048898052871,-4.692468777409298e-07,3.4891246585459865
57.04760810570079,162.29988856949512,1.6353165069287907,8.851882455904073e-07,4.450038062227062,1.4738302883986735e-07,7.224035785000202,-4.1897742888179523e-07,4.550790477460665
61.00413448147855,138.1289827981104,1.2834463120227086,-1.1582468584902897e-06,4.959741887290401,-9.950210170537343e-08,11.474762752877156,-1.65092968752383e-07,4.469299250406818
62.34404308777772,139.4868935567893,1.4280821881531467,-8.535501430109173e-07,4.178681079765312,-4.4400435141382897e-07,9.87243778707332,2.0274631116714493e-07,3.758742336192618
57.45604476699401,86.9153677604834,1.5664096031876766,4.6433203234729647e-07,3.4659361430659463,-7.817597669424525e-07,2.153582315788043,1.0177173349482837e-06,13.051920709489329
57.44429996362772,84.07560272822852,1.4193571132820404,2.4651863240682524e-07,3.3111352550476263,2.669950383413408e-07,1.733395717997802,1.1246188381843075e-07,15.571680652132034
57.36180477798176,85.2644272430013,1.686625448222821,1.5034074805998382e-07,3.526891569154098,4.0988689985891767e-07,1.9005368349200178,3.6961957174639006e-07,13.808703718119604
58.2189137988318,118.13466905699252,1.8723775912754195,-1.1547246700704372e-06,1.499710632046714,1.3301569987745738e-06,5.643947198071354,6.706977088979542e-07,5.524094429982028
56.668371941309466,128.73966698724104,2.2163047349470837,6.100769290826461e-07,1.267152341876126,6.748748805260463e-07,5.711441933177284,1.2935426328142719e-06,5.503684396602329
58.92316554590408,83.67316380474941,1.8057871666088978,-6.973496944546154e-07,2.5306374839774213,4.994099228006892e-07,8.604560605566745,1.9187945332968867e-07,15.331755220287333
58.92316554590408,83.67316380474941,1.8057871666088978,-6.973496944546154e-07,2.5306374839774213,4.994099228006892e-07,8.604560605566745,1.9187945332968867e-07,15.331755220287333
59.772495432624595,99.79520275658767,1.4802879357360337,3.1164298567054646e-07,3.5513217195361078,-8.831411913077553e-07,7.527596002302163,-1.3543615885604443e-06,4.235983089790391
56.83435274182339,77.81045332450763,1.6699160690258694,2.89727597454087e-07,3.374556859559945,8.597409847681775e-07,4.744947098666265,7.594191328319415e-07,11.600185290766696
56.83435274182339,77.81045332450763,1.6699160690258694,2.89727597454087e-07,3.374556859559945,8.597409847681775e-07,4.744947098666265,7.594191328319415e-07,11.600185290766696
56.83435274182339,77.81045332450763,1.6699160690258694,2.89727597454087e-07,3.374556859559945,8.597409847681775e-07,4.744947098666265,7.594191328319415e-07,11.600185290766696
58.54826163240706,73.72182922138515,1.5039168322000172,6.448201614106175e-07,3.017226489680522,1.2156217024925545e-06,4.145547731627919,1.0758105486935792e-06,14.466716050052973
59.127448036812574,96.67648923829124,2.807759501747127,1.6864119465717864e-06,4.172851630380817,4.0060994543435426e-07,3.613633655031069,-7.072124066945977e-07,8.377269834553212
61.50244635020038,84.82635911062128,1.4422056961868372,-3.1894071988996585e-07,3.133053785613704,-9.415535647489391e-08,3.314734907013006,5.918047836880683e-07,5.461329352230943
62.268908532341285,75.13270365378014,1.6423940693504477,-1.8838653163071714e-07,3.456744274697476,7.691229410023898e-07,3.5406762664644686,4.652082552467776e-07,5.388619913998299
62.925815092776496,71.4966890575723,1.5150845870699068,-3.8092340800244276e-07,3.519937272946803,4.473993877042521e-07,3.742575550111768,3.313510449793627e-07,5.901089233914093
63.5219112614743,70.6041762622085,1.6525910639678485,-5.135714539973915e-08,3.702062309789254,3.28300043346776e-07,3.4150054055166006,2.3117263799839904e-07,5.859162082091459
58.27402502333416,117.42850044305432,1.156751565277054,2.768284185405779e-07,3.651911151764415,-3.2966256829424125e-07,4.847557420918288,-5.352478138856732e-08,4.134615446880578
59.50080884513133,105.23242318861475,1.278861387587974,-7.796036383424647e-07,3.698356254933614,-6.570851495408196e-08,5.050329433396254,-8.644403095709542e-07,2.9881761537551608
60.28790638563747,98.88887048679322,1.8539475810440846,6.592708391320763e-07,1.7595249657098246,1.1016322053032719e-08,6.437549868654512,8.937622815718158e-07,11.992138673358566
58.58249207407823,140.69975801188875,0.779696865049466,-1.6480598544456805e-07,5.344886193192843,-7.712982216391291e-07,3.8232363265491855,2.9620811944520526e-07,3.6996621185789453
59.39129129801279,85.59118643920246,2.156991117357575,5.658280816145391e-07,3.1770109996201388,3.8903743405828953e-07,5.497764398142907,-7.808776313547325e-07,8.583083255661881
57.845272167456855,80.06753374271801,1.927919461036517,5.475355791844421e-07,3.92398466234752,5.167259704366792e-07,2.623588985288218,-1.3722223306995337e-06,4.664373140996972
58.27427246066939,77.76905777869177,1.6698935673104236,6.40491271259643e-07,3.151485317311549,5.706342580569536e-07,2.7298732914389103,-1.045463652197461e-06,3.867076993950953
60.10044097140604,123.14500587549318,1.2194618135445665,-1.0547371695486703e-06,4.48398021467185,-1.8222388414932027e-07,8.27152354711724,1.0864993425669188e-06,5.589753953802886
57.825751858762,141.44128960654422,1.5432239078413927,3.489198924789602e-07,6.578563733788491,-2.012314012484831e-08,7.097114099747608,-8.39744889103702e-07,2.8370307696698043
58.43032157789025,147.09674036065812,1.2901219820758956,-2.6205142355405163e-07,5.949345109412015,1.6554009735624688e-07,6.517065029055733,-6.442567207993691e-07,2.6776316917958827
63.99963565846173,114.68104470672034,1.5802254494172823,-1.277421812227036e-06,4.106565498967369,-4.036429201968593e-07,10.813792811642111,1.313532126036984e-06,3.612027018760174
64.43546170950749,112.00572549681215,1.8657067775101857,-1.3502439472992899e-06,4.575460418722696,-6.501897524265801e-07,12.374390678965492,8.792864444410861e-07,4.005758877814725
55.16883266677288,192.50774812922694,1.3047095814474379,1.08057051321472e-06,5.547535171314831,5.801633979850976e-07,4.112024121693358,-1.1155876071354397e-06,6.758605946898489
60.60073055292727,88.5587970997974,1.4788193648348082,-7.592202707720514e-07,6.375841148557871,-2.985441087746365e-07,6.824561764922796,1.520753998158727e-06,5.533015952904935
61.80524282342352,152.43899750865754,1.9083540891352333,2.229785531917954e-08,3.119670816976969,-5.617449237256519e-07,5.561260754531112,7.780238327345396e-07,7.708775454324364
59.199425434344306,88.98034241032667,1.4541854729047803,-2.408371223526509e-08,6.491731526915792,7.734124924150847e-07,4.034262628740594,-9.273251742996896e-07,11.127976667697261
59.54576514621357,112.46023832216792,1.5433746676449414,-1.1935484165681717e-07,1.5996537959428452,-7.379132622745527e-07,6.60974617616539,1.7279714745923656e-06,11.579252548608885
60.167670191008895,102.4067943526085,1.5342732187038841,4.089748327557907e-08,3.174893749704249,-6.480326713525176e-07,7.284868382562289,1.2888236358043649e-06,9.245528100971109
63.242814881034626,88.36973903732917,1.9804010958858902,1.0060439117151746e-06,4.431950658170807,1.1281933326288081e-07,6.796136847135655,1.6442388068538473e-06,7.987957283716348
61.96130900769075,95.12791521040963,1.8799292669764653,8.105268639665244e-07,4.1457755132172025,3.9306882324711205e-07,5.201412483299941,1.3673031295429128e-06,8.371540920188858
58.88370183726749,125.71100801777827,0.8321553740104658,-7.822949156324228e-07,4.605098825491477,-6.807245705114146e-07,4.038388729978597,-1.0258298321668513e-06,4.650984241458461
60.70672227268912,178.5475596860307,0.7188108922256641,-3.2664979275672607e-07,4.801020602226084,-3.5230703658659547e-07,6.455094516438851,-7.545503517919315e-07,5.288435534096481
63.132370552466206,146.69572611949155,1.001733943747056,5.70315649402647e-07,8.483217100169098,-7.368874777534602e-08,10.517603276878425,4.2420273681684207e-07,4.156105886661988
64.76338329740847,155.1991544634491,1.178231066689149,6.434481994277447e-07,7.278231252927729,-1.0516304263079344e-07,9.341387509511843,3.2270187570786943e-07,3.7362590590988365
64.43069113535283,110.34380176971044,1.121739473039901,-5.255843408310346e-07,7.864075239234913,-1.3428219723518204e-07,11.304317271104699,8.503310288163975e-08,3.0776767668857294
60.49575166944442,117.7289784674076,1.0105794005948254,-2.3211674090522358e-07,4.09348762668336,5.103504901694517e-07,6.930237071331167,-1.336931936388945e-06,6.607519474518233
59.90942454902908,119.09757724750122,1.0762943858191862,-2.5628259084563226e-07,3.494934869687045,6.686152406526187e-07,5.953265769806606,-1.6024068600100177e-06,6.304293399978639
60.944101557692235,155.2770354560727,1.0739237345808825,1.0298652790357668e-06,2.514200305345744,-6.940672451777068e-07,4.0866248659254785,1.1682993424012037e-07,8.71329135787256
57.79074468206021,82.18918987267489,1.3249527212104357,-1.083158491357385e-06,2.5649644745176343,8.343805428222353e-07,9.80454996907404,-2.995154452403319e-07,4.552045622415306
57.79074468206021,82.18918987267489,1.3249527212104357,-1.083158491357385e-06,2.5649644745176343,8.343805428222353e-07,9.80454996907404,-2.995154452403319e-07,4.552045622415306
60.32661626692745,109.28896701751216,1.3538235119527493,-9.80796432243261e-07,6.391763101461353,8.637939039894449e-07,3.826896434116852,-3.0157654531347185e-07,11.931040901722023
59.83744030767485,106.5918777103484,1.2370678107422497,-9.922137288409593e-07,5.364850568418147,1.073874284238651e-06,2.9460364208891896,-1.296773219242022e-07,13.605681990095688
60.687631952108745,105.55553130568187,1.2962504542738944,-3.5881371845997564e-07,4.758936393595817,7.023421098769324e-07,2.9774161366307292,-4.892891367435364e-07,12.401388259481653
60.53773679718678,117.06852989913577,1.0523183190148642,-6.067684971549282e-07,3.1504704430351356,1.92446474380957e-07,8.599947422681389,-2.0585783011484746e-07,4.370525100745478
59.2827236959975,112.04871511271678,1.0988778542250497,-3.1099930639770996e-07,3.619681807399183,1.0955722734182721e-08,9.80274958297995,-3.993516826916854e-08,5.416143654800189
58.96506970605051,113.60800074965391,1.2633325020746133,4.074150652270181e-08,3.496442721549086,-8.41280211818429e-07,9.805840093640068,-6.436013938308736e-08,6.562096754002891
58.54746263634558,112.80926977897043,1.281692791415067,5.987461313386542e-08,6.098805884526899,-1.4497373528818181e-07,6.637844746879304,3.2092517090198395e-07,5.4255383053039505
58.587571334351864,139.81974493676313,1.2661562078055824,3.554364525184632e-07,6.50084547635825,-8.066931295935771e-07,5.1826867430040044,3.737117842104846e-07,6.651964241586568
60.023317220048376,107.12412955554326,1.0358566416790074,1.288013330078072e-07,7.112571331321466,-7.217473273069986e-07,10.139462044032346,-1.5113744862105967e-07,3.176169654610476
58.816621978987826,155.8411859475561,0.9505314084736044,-6.561538714027618e-08,6.059589323666715,7.184271569602434e-07,7.1793705159183805,-5.066710443342422e-08,3.5302391715502353
60.069901041272495,212.59810631713225,0.9287447361466191,6.839877005808987e-07,4.566115166835273,-7.495220100900642e-08,15.121854307146236,-8.237944753548668e-07,3.1826884564283318
59.270421642937755,175.11657926312066,2.1214670431154143,-1.0083605142024158e-06,6.3592773318487845,-3.601123516834648e-07,5.958578398499423,7.573138143335612e-07,12.65659361282584
59.43208122651909,173.72213335917516,1.8830484906271932,-1.2251058249854804e-06,7.063644552573984,-8.816955917437748e-07,6.846749246656447,7.53316506379251e-07,15.664941179557923
58.116069641621635,159.97883871389445,1.630097994669146,-2.601201848084501e-07,6.2557107397376654,-4.740801756353754e-07,5.3030232140664175,1.3129465910896704e-06,16.539409631006727
59.48468321243698,119.00192920496373,1.9078183670443933,-6.908034322661892e-08,5.79916848033778,4.410666104083837e-07,4.034992758176023,4.9965156044892833e-08,6.245349995351928
59.528156146093735,123.50939600548786,2.0347577842905595,3.9525042519188134e-07,4.802816702343622,4.454452168676344e-07,3.074122237346473,1.8507480106180694e-07,7.4562782729636154
68.18821677933605,76.40166997691477,0.9087825355517843,-5.776631119418187e-07,3.480867839222151,-6.21887678902194e-07,4.510442093198865,-4.756268786695117e-07,10.048311913524902
67.88821932479952,78.0453552632028,1.0294769530970327,-2.9015873091033055e-07,3.3652093317100555,-9.631245917365822e-08,4.541115386293228,-1.5111269065554876e-07,12.147224251201436
54.81122133896874,149.83393460049737,2.0022858980865026,3.938594769708019e-08,4.469771263083579,-6.057055456586039e-07,6.821216711556706,7.77143443236297e-07,5.497895021558078
57.626156008515686,119.15829424887555,1.745546659438251,4.945726032846956e-07,4.483814790590379,-1.3601555966822602e-06,15.782779562653891,-1.0955072002140738e-07,3.04495326233655
59.71206691315367,117.07218244176738,1.7167064823125207,-6.231461971195326e-07,4.232439999773515,2.389790976316576e-07,4.217588965080742,-1.3497339467100592e-07,4.556276231156199
61.45248684838965,120.88197760519752,1.5299756494387147,4.370591504578471e-07,5.082123012007294,1.528063474210948e-08,8.662684848340094,2.4410659273858563e-07,3.836818404076364
58.968832577124104,121.19875275836142,1.4610448457388316,8.030785579703375e-07,4.764959015068069,2.975363215784171e-07,2.402228971089666,-6.697418086345009e-08,18.354219492026736
58.59425811935368,119.47376390656055,1.6356785658238648,1.2977767767162743e-06,7.693802635286581,-1.93667038793097e-08,2.5809325981181224,6.508757429099803e-07,22.131534090751895
58.144161242813574,124.64152917166325,1.2870868351251907,6.959685278110175e-07,8.08480139664355,3.666178000976129e-08,2.8543657729845684,4.3027117619347384e-07,13.792620649722645
61.23236761079715,107.60718307596639,1.3968504984298793,-4.1447996319853157e-07,2.0022690763297435,-9.154294676497201e-07,9.417838715020473,1.2638195473225632e-07,6.001341929635741
61.23236761079715,107.60718307596639,1.3968504984298793,-4.1447996319853157e-07,2.0022690763297435,-9.154294676497201e-07,9.417838715020473,1.2638195473225632e-07,6.001341929635741
56.42901731930772,172.18524382997978,1.4611417199902421,3.4905921676061e-07,10.210843168765516,8.390687855006741e-07,3.9705490529053558,3.736127839514571e-08,9.589917816533983
62.45826901779052,81.3903605470153,1.4946337070442195,-2.1775507458088856e-08,1.2923350472753297,-4.840090645073964e-07,5.077033894367371,-1.5047134344660572e-07,6.161846848864073
65.3980289067188,101.58517713059753,1.241645139746565,-1.3575281508449355e-07,7.8576554884490815,4.234232192527588e-07,2.9490187820676663,-1.454270698493848e-07,7.872419345141773
63.15026152929539,96.60051167816934,1.6300834815858998,1.2313780571657786e-06,5.601776972767592,-1.2089029993141254e-07,2.867694132216087,-6.423714402085671e-07,6.666840098783636
66.98488868207744,98.18931535716987,1.6350754871065452,-1.239076617087958e-07,5.549420058694181,-5.032374506734977e-07,3.4821745574783893,5.521608910077393e-07,6.722722133768589
62.39669713238267,72.56707787416141,2.1063111570038826,3.5740773022926847e-07,3.4923329191804653,4.516472871824298e-07,4.043899282591068,-4.84188312601451e-07,7.827442427930173
62.39669713238267,72.56707787416141,2.1063111570038826,3.5740773022926847e-07,3.4923329191804653,4.516472871824298e-07,4.043899282591068,-4.84188312601451e-07,7.827442427930173
57.4829311939589,132.87173590084905,0.9913596172937635,1.5577392105007906e-07,4.756021896458966,-1.0080922922587143e-07,5.163243788906625,-1.79904726950054e-07,8.582953951748513
60.189067429551386,208.73362252450553,1.333652500332528,-3.592995380198155e-08,6.665625401017066,1.9832206897198137e-07,9.451263705285369,3.706169493004252e-07,8.09005495193276
58.5279643830192,105.81352005642005,1.4107185441403873,5.150647458711114e-08,4.951545863039034,-6.158208149496057e-07,4.125273773139606,-3.3025697780714515e-07,3.5168176076784983
59.78173728475424,104.68421356746572,0.9877456370721709,9.91127687490223e-08,3.5452995431260232,-7.578626412480933e-07,7.107403366514808,-5.495844541775834e-07,12.353238172924124
59.08730325544824,100.08944050005324,1.0924111632940479,4.868318184376953e-07,2.730340030763025,8.87415958097418e-07,1.9857670334481374,-3.459812281018146e-07,6.366700958039319
62.88677894414796,120.47950987203387,1.7265023561110895,-1.5060290140117196e-06,8.06501987758321,-5.38260090217379e-08,3.2959569723524615,-4.622540406934675e-08,10.539405994449552
63.37371171412715,125.67885142077745,1.7353841206770253,-1.2217665996306774e-06,7.188591483798678,-1.1159030372560565e-07,3.0009597928514937,-3.647297770226941e-07,10.869590910858195
59.80085923096195,145.7978380136817,1.292807186022504,9.426030308840061e-07,5.1038070754960945,-2.1170139069545397e-08,4.473661736288081,4.6856039629913034e-07,4.931483867801898
59.686165844215395,150.34104342459173,1.4447051307378005,1.1348873820034962e-06,4.279830917486114,1.8898929346572217e-07,3.5088015692097425,2.8783660711633705e-07,4.582719205887621
58.95063043323465,174.35102242625155,1.6915523819327447,4.038684224510172e-07,4.669524464625888,1.9833501117796583e-07,3.8193158830369223,1.2979363279481607e-06,3.601172975621691
58.353596499366425,106.30315404174559,1.8862857556264303,3.427718168995778e-07,3.7932751796003914,1.2488947047980905e-07,2.5987573564055113,1.1813509772577858e-06,4.287313722423616
60.58681527883155,121.17900490773114,1.0888517653748078,2.756288952706347e-07,5.183072821205087,-9.955593250519102e-08,8.002511783251038,6.619795989252723e-07,17.285712024608113
61.918442610901934,147.42252047659653,1.7904886549059913,1.9243458692601318e-07,3.6774963112014465,-2.103008012226285e-07,3.5555993980977805,-7.689564686505852e-07,16.06301964771692
57.45299434058695,137.28252142886066,1.0829330378041535,1.078655003986642e-06,3.8000831713310776,3.189983859599375e-07,6.238089156912435,-1.0234977308118411e-06,3.582773286645821
58.8646645498848,99.0265162640875,1.0152419638731944,1.3405696271391543e-06,3.197038506812428,-2.581541529880786e-08,6.451636010797493,-9.317676886537003e-07,4.482203893060969
58.04750028612208,76.13283591963993,2.456418334031823,-1.262776466652667e-07,3.3086796198963238,6.401067795719122e-07,3.874919812730935,7.431025855649166e-07,6.581283729861428
58.624700427133476,75.78864412296832,2.29362055064684,-6.697081459890858e-07,3.2167247035757205,9.542022580260643e-07,3.5474506460955375,-6.732380829289485e-08,7.176501742978638
60.115817469621426,130.25338200257454,0.9245445058558217,7.736293248637449e-07,4.196786909632692,-8.83299160157949e-07,7.482814209264529,-3.907928625067402e-08,3.9242739630771064
59.83397687024202,131.36945555186884,1.3583734006056214,-1.942548312194057e-06,3.813639572344899,4.115582555786753e-07,6.89843287866708,-1.3430999803535507e-06,7.5628231953167395
62.62946248422858,109.37886678595963,1.1077419554227335,-1.8038052945245482e-06,8.609776652377867,-6.211634973663705e-07,6.649915049146325,-5.170601318151229e-07,11.177558029132387
57.701815160057855,157.6184382628579,1.194749096282643,1.961946825689959e-06,3.588744718110431,7.462418076209876e-07,6.364817915719867,9.827268326581298e-07,7.685600182621167
61.84543576186067,126.11993927684375,0.9875403317839828,-1.841098533142147e-07,4.108836837694642,8.712218611391196e-08,8.768752008392621,-6.592993988603629e-07,6.387931143819495
62.165321481844984,130.67762413198705,1.0562571150071065,-9.599710766978972e-07,4.633781777231493,9.862158263391645e-07,8.470612411762877,-2.862009194854978e-07,11.463943606287648
62.92642496173461,132.34142445881173,1.0319414875936515,-3.0447332358755744e-07,3.712695164640438,9.066563815004104e-07,8.52449044038149,-9.350977425689693e-07,13.009490528131577
62.521031246596486,162.53708741641302,1.1112513151167605,3.769618471692723e-07,2.461345685910564,1.3164235223317377e-06,5.178296247613095,5.698144876669554e-07,8.882709535488056
62.424918602691356,86.69060335422635,1.2119605587666127,-5.209279014112719e-07,6.739651723822114,-6.543916564472904e-07,6.734150699447269,-3.679474495335872e-07,2.3628189780189137
57.12891507814291,117.38908066051775,0.5770108741055671,-1.9836892112519287e-07,2.2578906567487267,-6.918705748060907e-07,5.614339009535603,-1.3730401807823295e-07,20.321052861807672
59.19238132949149,122.81851116164455,0.7554895656018865,2.3832654912917977e-07,3.030327826414576,-1.00800492103198e-06,5.3915483633204015,1.1977888663948165e-06,7.229561886217011
61.08625676046548,109.48038275338315,0.834577176978719,3.572951408345494e-07,3.9026287758711016,-1.6113253123895444e-06,7.942986017155556,6.788632061761142e-07,6.455477934857643
62.034365587249766,90.13575208906938,1.325873060060321,-1.7820164962767987e-06,3.43195105304844,-5.9109027175397914e-08,8.786722424007351,-8.964681033807924e-07,13.34368855083047
62.034365587249766,90.13575208906938,1.325873060060321,-1.7820164962767987e-06,3.43195105304844,-5.9109027175397914e-08,8.786722424007351,-8.964681033807924e-07,13.34368855083047
60.680481634260325,71.25566375112335,1.2190587104300687,-1.605308559724483e-06,4.792535507446226,7.971630499539714e-08,8.463329274066396,-2.578323725864786e-07,13.39064650512218
62.70835844140411,102.67050426788346,1.547103023815381,1.4279787505752609e-06,2.247226353059127,5.40054852248276e-07,3.593774496404943,1.3742656491035204e-08,7.868596572865373
57.09540463478608,93.10201111713653,1.1637423487100993,-1.3163075481638554e-06,5.585487252595151,-5.305332936330064e-07,6.737143213061119,2.2068477720303176e-08,6.5117721148281325
57.54598739118525,109.06772374013026,1.2602400685376411,-1.2223742009923626e-06,4.906028703216707,-3.967224800508102e-07,5.375186696028733,-2.2454243905219873e-07,8.511524994580155
59.42469460652275,83.37960823625185,1.2419424391474019,9.680424136189931e-07,4.6353929368418605,-8.26842664623319e-07,2.623223411739848,1.2155534217727716e-06,14.032734228401408
60.614140452808975,85.27655021981519,1.2348589245450186,8.248500122955941e-07,5.145523170281213,-1.0387659705833365e-06,2.1623018003703027,1.0563055837601161e-06,10.095154392018664
59.16791222034594,119.37628739418851,1.6263848630594668,4.143959959144366e-07,3.2833559026530796,-6.568287482367886e-07,19.88217879270373,3.843396594397121e-07,11.573984539849546
57.66100010319732,123.39868038205634,1.2036447403291102,-1.7337867776710168e-07,3.780538356926066,5.23115299000732e-07,7.490228205045856,-3.067909397075845e-07,6.535537971189967
58.737265474179885,107.32418318711333,0.9919007497202248,4.0621606079336044e-07,4.516728802124423,-8.577074070672701e-07,4.880293472786896,-9.214831743647644e-07,8.09644092286907
58.737265474179885,107.32418318711333,0.9919007497202248,4.0621606079336044e-07,4.516728802124423,-8.577074070672701e-07,4.880293472786896,-9.214831743647644e-07,8.09644092286907
58.737265474179885,107.32418318711333,0.9919007497202248,4.0621606079336044e-07,4.516728802124423,-8.577074070672701e-07,4.880293472786896,-9.214831743647644e-07,8.09644092286907
62.12656870449683,111.75875052954315,1.7363016890544856,-1.3910179717264077e-07,2.93490563866229,-1.5145138956969363e-06,4.855126333516603,8.642153171794144e-07,7.2136708971259305
62.12656870449683,111.75875052954315,1.7363016890544856,-1.3910179717264077e-07,2.93490563866229,-1.5145138956969363e-06,4.855126333516603,8.642153171794144e-07,7.2136708971259305
59.051948907360504,114.07530127053649,1.51937761195405,8.290156258735422e-07,2.402412795158073,-1.3016774509085357e-06,5.0308197526059875,-5.801274297396711e-08,7.087058919173994
58.453269325412684,95.77900713453374,1.6076933869838217,7.878734776150853e-07,2.061481862451556,-1.2242893371947357e-06,4.289682314326938,2.3273635070031006e-07,8.59136766276372
60.61913533398444,128.59967050849954,1.704656120264271,-9.009605041220669e-07,2.978680135207777,8.165179726595027e-07,5.9097203274270695,8.074636001403049e-08,3.1301659414859246
55.041142152595036,77.98540901310119,1.5667733394781371,5.345499580569081e-07,4.142905135632076,-8.668622564478243e-07,4.0231200311082125,-9.336866364127574e-08,7.668286549605225
56.64640718389652,82.20813870996804,1.5725629403071504,3.6550083779502645e-07,3.087878474308219,-5.641045450582041e-07,3.243955960158148,9.836815868000746e-07,6.455426528305167
62.63235362288734,195.85005903819814,1.4501161310215218,6.283281397341807e-08,4.1590631407062695,-7.688628675106479e-07,10.215365988753303,4.942235443664821e-07,10.70627625670745
62.63235362288734,195.85005903819814,1.4501161310215218,6.283281397341807e-08,4.1590631407062695,-7.688628675106479e-07,10.215365988753303,4.942235443664821e-07,10.70627625670745
64.0816114048652,133.8022822653702,1.492234233525112,-1.0104891849392228e-06,5.237887978745793,-3.437721166388797e-07,7.0653894108101865,-2.3373499198299596e-07,17.526695760487698
63.17392402963001,107.38166407091914,1.2694178433920587,3.793802443867812e-08,8.04697152889191,1.4217276435969265e-08,8.106993517534873,-6.403434020548555e-07,25.64773006183393
63.67444802882173,105.59696931263633,1.4292482996722375,-1.2087516555685263e-07,7.471249891768414,-3.604471488134351e-07,7.476952690832571,-1.172140449871163e-06,19.91805754172301
60.45801218199535,93.88644859460905,1.3985734682313462,-1.0138223586504856e-07,8.636334513716864,-1.0722963628878996e-08,6.487712351835086,-2.4678333568548695e-07,20.850852520491443
62.81960679333342,127.2750156815469,1.5607216341943533,2.1279126787584126e-07,1.8498927338792124,-1.6354159189903007e-07,3.9694997691927534,2.480170299977946e-07,2.55970513734488
61.02013720944587,79.50912740722211,1.1156148109053927,-5.159944757248458e-07,3.8746570388838246,-1.5222304202261784e-06,4.080349854675037,8.163508115912148e-08,6.547493933296504
59.9077148214108,138.2693037701298,2.2691748761555535,1.164315323945817e-06,4.083528400311652,1.4933448805528748e-06,11.06726523446611,-6.572325399112167e-08,2.6502512173846764
58.81588533787208,112.72657559393475,1.9363959815330858,7.622545480214468e-07,2.7149065113772535,-7.29531817128503e-07,10.54267813756752,-4.825553382281163e-07,5.177767457376603
59.18093316429753,170.51786950643915,1.354588221130895,1.7633693264426654e-07,6.346267951201235,-1.22032677433004e-06,5.98828460384516,5.375246034778293e-07,3.6182770694624544
58.16464063670353,103.92582039775704,1.6613639683372925,-4.7156725250450443e-07,3.1879289509842827,1.2479798908617498e-07,9.439904756491753,-1.927482005878781e-07,6.409576738831187
59.191933809484674,124.93161209465212,1.387369249994907,6.184740236447399e-07,5.732355642478862,-3.1222385624501115e-07,4.4367756840392625,-1.5247029680166025e-07,4.6290848186539915
60.73153195485012,145.29703020745563,1.6974800368905592,1.4405530108176518e-07,6.375116824553738,-7.425618651182291e-07,4.346827578362663,-6.076550217422169e-07,3.767235833999296
57.82843145490489,177.1700299445835,1.5210102972056734,-2.7724671575263787e-07,6.0006286496205075,3.1468517308786313e-07,10.84683245322645,1.0228132234939477e-06,8.128059005455503
58.525036911274974,188.28164079681653,1.6479107378921685,-1.749895204676386e-07,6.925717776324942,2.6433753242552806e-07,12.23485949404748,1.0828701323354097e-06,7.019792119182254
61.504788324248885,108.31129829209861,1.212551452021432,2.875584965373401e-07,3.8481163067804847,-2.25551221860422e-07,5.869442947035457,-8.996102492445821e-07,35.554554043786275
61.969556809088964,117.3141042974877,1.2593008317403789,-8.807314122808705e-08,3.6285642146768513,-3.71713975252919e-07,5.61564054234428,9.807097109196115e-09,42.588453541402686
59.62215492712969,83.59378864970111,1.0413733402348326,-6.698192907329586e-07,4.35310109655762,7.52391059823561e-07,6.1809922182734205,-6.123969080975617e-07,29.717649026017476
59.409462843952795,74.52640355494675,1.106004294118313,-7.038022480734833e-07,3.344601205957031,1.0255471773378091e-07,7.10210280590695,-5.243482864270084e-07,29.951039330048648
59.7916008937341,125.87781477066784,1.898531568778797,2.4239371968555854e-07,5.673766039273634,1.7207347714631292e-07,4.048307584470232,8.049921616239532e-07,2.7562540981398804
62.029900136833085,88.9496722414222,1.3901925923095386,3.0503443263527546e-07,4.1579800493995505,1.7973209448083004e-07,4.416402330121203,7.863370376983927e-07,9.55969811656194
57.238069397717865,122.5630578577666,1.5918771699094239,1.4718997339787559e-07,3.6617012158151043,-2.441265504705418e-07,6.184928600689806,1.711522478220183e-07,3.3610844346420428
59.00628500147948,101.94692141998712,1.185414031471583,-1.7742132097618091e-07,2.0161284233160393,-4.226658589622022e-07,4.56245745399265,-5.810100641701628e-07,4.5021966520565115
61.18425621445149,102.64196613614418,1.27302461624724,7.050384643331607e-07,3.259555165570195,8.091965493187887e-07,4.051467464167196,-1.1591912657279296e-06,3.915019216190092
60.89197947948288,79.13208211103263,1.228794425094975,-6.52297454392582e-07,2.134914427971153,4.229451794574379e-07,3.3426615637238855,6.77966367131877e-07,2.56886817598407
62.316376270889585,103.33207819533621,1.6013282396637185,8.926966989362881e-07,3.7775346563800607,-5.762108975904055e-07,10.417581308494157,2.5098684233440075e-07,7.059590008247709
62.35304351262883,100.72961814460442,1.72875672675005,7.979137174980392e-07,3.8248283492133437,-3.6346637022276466e-07,9.28415859680135,-3.376764857947656e-07,8.724347632394016
60.14485575030075,67.90385753179832,0.9392307507332877,-6.209967457508008e-07,3.239445252908639,1.2256937049962337e-07,2.991205611754421,4.4184946559257305e-07,4.093016451499938
57.9111274253494,202.72685858253766,2.080080289795345,4.4783267188305303e-07,4.849461098677253,1.0696756503284872e-07,11.892907916077544,-4.0853006502519583e-07,6.158095436749447
57.9111274253494,202.72685858253766,2.080080289795345,4.4783267188305303e-07,4.849461098677253,1.0696756503284872e-07,11.892907916077544,-4.0853006502519583e-07,6.158095436749447
57.13372729340004,177.58817149683787,1.932158771483165,-8.33069157276948e-07,4.0927238095433855,6.577857494964784e-08,15.226798759782922,-8.089946625225596e-07,4.634812236332851
57.62822407953517,155.288467810693,1.742243804246426,-8.397621963549963e-08,2.3752677144281074,-1.030278006005378e-06,5.523361792564077,7.873113556128322e-07,11.045165828548903
57.552213383006894,141.86217691030234,1.4988443410790626,-1.70326572498785e-07,2.650175552665736,-9.540244144635828e-07,6.469344341073882,4.80148340624799e-07,8.326359442730515
58.902013247531826,104.6934035793131,1.080923501246465,1.7540113144058573e-06,4.771603137671519,1.973450525530259e-07,2.816204908159172,-2.838643621697466e-07,12.837452936636744
56.28294130173665,117.23581066723965,1.0966522094053754,1.1205554846218458e-06,3.8422089299021382,-7.575935740244185e-07,2.8140451595944653,-2.671737079024682e-07,7.383721801751158
55.40636988202402,92.71923834337835,1.34279139796122,-7.279650322106774e-07,5.727806929558878,-8.796678562480578e-07,2.349010709829536,-5.379460801486844e-07,14.794678478745395
56.08979425515091,97.67892058660723,1.5516494691604856,-5.995651407422341e-07,4.25872790109824,-5.027701564492085e-07,2.6891293961388256,1.463741127366234e-07,12.205290293454265
56.42336830386857,102.84495837606904,0.7846617623042502,-7.583271277243207e-07,4.708502705315199,-1.7595935342424463e-07,2.682052799117807,-4.34833327265962e-07,19.452425636310476
62.83684844238038,114.25368340866262,0.5532797785913768,1.0374506426765213e-06,4.2990784992933335,9.057806336496898e-08,8.051189812204504,5.129512497805018e-07,2.4098974081530438
62.03644391560118,111.68240617542594,0.6053089824120589,-5.629712466645636e-07,4.007459931120524,-4.165911177128483e-07,8.647455577350197,-3.480815539484193e-07,2.183504322504537
61.3516262889379,104.64604312005733,0.6756799780216987,-1.0043460007334435e-07,3.678522862332313,-2.266605290747062e-07,9.295602331486352,-5.473568907345197e-07,2.0135635033254844
61.5443101292489,99.39666506703612,0.7288724161722399,7.683840438059366e-07,2.69831275718707,4.103038717578542e-07,7.747064934545682,-7.793613273905707e-08,6.3554311273397595
61.17545931322075,136.21034084468286,0.8734770558342615,1.322184469649261e-06,2.6423670300699063,-1.3188825894292454e-09,6.559925316226373,3.437753145350368e-07,7.949562257928649
60.58655845468276,154.4670084835208,0.8865790503750972,2.0512948412814402e-06,2.414307734047402,-4.3519713716555187e-07,5.09416512927091,-1.2354075975532435e-07,8.243698911248806
57.37907451739962,91.69940659676462,0.9315560401195242,-1.0048304826344253e-06,4.377037786159166,-5.765963003241085e-07,3.7433523889266658,4.213259215759454e-08,2.8109684538031154
61.44390408407304,200.8919459439743,1.6045994667120156,1.1835482086709072e-06,5.109964360783951,2.2100264199600667e-07,9.003366712560378,-1.3090134973153414e-07,13.364727181195402
61.11003122651407,155.90297642858962,1.6539984486791088,9.160118615138041e-07,5.4800733644998125,3.0172957571702317e-07,9.248463301253881,3.3372206121334474e-07,16.01617159437539
62.65514217346326,166.33603396448476,1.178600113070301,-1.0899210004458222e-07,5.529500214670327,-1.0247171244821394e-07,12.117807132758859,-3.340084693211528e-07,5.169726194299377
57.63723451382331,89.3047868926338,1.3267859716877677,-2.623072969891778e-07,3.9585179689258196,-7.653579553349724e-07,2.4374706453693253,1.9089929395932152e-08,8.164419342806328
60.57159881931475,102.11510936235699,1.355674259302759,-4.100194364280707e-07,4.196351540067393,-1.4127571766849863e-07,2.8174529629665024,2.594313554413744e-07,8.062457215842796
61.76440659217767,71.39657438359947,1.2347765484223678,7.053264244986524e-07,2.574854067549517,-4.5617016362513746e-08,4.397244169343049,-6.416419668082355e-07,11.062023914112794
58.44626926202276,107.5340391239351,1.6224770638536115,-2.700920504625998e-07,3.809048296925403,-7.526724233379325e-07,7.623991113219775,-3.911523165388669e-07,8.374286855325078
57.92898372630139,109.38557276551327,1.5691531306369155,3.276833057104693e-08,3.804776446241463,-4.974369355703062e-07,7.596075834062746,-4.283257912459039e-07,7.697892666324631
59.16555551249169,81.9508717632706,1.1551566628572723,-1.6999207282871957e-07,3.315318483198328,4.3217348172111585e-07,5.164977543425341,3.4922569708265064e-07,9.02634581776353
59.16555551249169,81.9508717632706,1.1551566628572723,-1.6999207282871957e-07,3.315318483198328,4.3217348172111585e-07,5.164977543425341,3.4922569708265064e-07,9.02634581776353
63.82870681614283,118.27286624367964,1.8043026390056518,3.72155435425869e-07,4.422780805158426,-3.362208694615675e-07,4.046537161389744,-1.5340946875731813e-07,6.604276494134281
59.35057627733806,100.929467236308,1.6483719892311732,-5.830255871948547e-07,2.7066217573252067,-6.000377722646543e-08,5.748416117670485,9.617796569298305e-08,7.738340993668197
61.31467228727397,109.20592751675221,1.4793494837543821,-9.4741195523067e-07,6.510276484771575,3.663549901814304e-07,5.203817378278658,3.7407087884640257e-07,5.348756270107657
55.474972563344586,123.80663739753898,1.6338538636685374,-5.898339573525545e-07,6.315126423778468,-9.654890489524483e-08,6.011486360353313,4.3917774563246814e-07,4.615862420294838
54.73399467601537,124.20719987003784,1.6021999012068793,-8.418004452609837e-07,7.107811754878991,-4.457764473702369e-07,7.683186015016037,6.130563940704784e-07,1.2650048252823873
54.30099676568293,128.4834823668457,1.5855407719840897,-8.127744090634237e-07,6.169328769535845,-2.6650922432538904e-07,6.303738285324535,6.860470748732581e-07,1.348688488555199
60.52794007749413,145.7859042668396,1.0966584957699135,-3.588920226677183e-08,4.133735157849144,1.2032779907915872e-06,5.469856588959825,-1.4294421874551232e-06,8.85978913903141
55.89723087485127,75.29085550957846,2.053934292935442,9.517388828320525e-08,4.0098693059632655,-1.3281213217223687e-06,2.8965722737119965,1.604929733380499e-06,5.095267814627867
55.89723087485127,75.29085550957846,2.053934292935442,9.517388828320525e-08,4.0098693059632655,-1.3281213217223687e-06,2.8965722737119965,1.604929733380499e-06,5.095267814627867
55.75229982223453,78.59679385268005,2.3890090895860117,-3.369313767747444e-08,3.5295530562142563,-9.335993975341976e-07,3.0551840540938073,1.2565498480731203e-06,4.88559155553251
61.33101543152715,107.08257721725221,1.3104667146653055,6.588290165519524e-07,5.007083276116897,7.782590729838544e-07,7.330390658411679,-8.425357563755626e-07,12.417642313415778
56.22677361652561,126.81508853452735,1.1420805501544358,-8.148463157962364e-08,7.764955285755436,-1.0786880580279074e-06,3.9771031016259655,2.6958677992633734e-07,5.294636725924944
56.715067526330465,145.18964038378925,1.1438683897024373,3.345122280975164e-07,8.332128633868773,-5.372376119994397e-07,4.437002058175012,-6.12074682328155e-08,5.650871680400419
58.05504747509667,205.5570373125619,1.7623211998480608,-6.14026605191349e-07,6.7140137006103835,8.928152930588496e-07,6.099961394096441,-1.1047718308430604e-06,4.47548348077879
57.372992853177095,165.94128259263863,1.308327163194572,2.516122315707819e-07,5.322164187470302,-1.073985520847852e-06,4.428564504108151,-1.2694057649219092e-06,6.17959271759872
58.18205606963652,183.59028232230546,1.0392421379382408,3.6427598662284294e-07,6.3162112133578345,-6.691170711485277e-07,4.418254619428641,-8.614049380398496e-07,5.327936562857684
58.401341256422434,190.42218226593755,1.1644523037899643,6.734639593184501e-07,5.347935919762336,-7.536791002520866e-07,4.390823669575169,-6.276411972362111e-07,5.771101947843724
58.49872380759087,219.37641934772972,1.1387440321142832,7.748582921858889e-07,5.01507926258106,-8.312800347358631e-07,3.975694352614018,-7.555414726360036e-07,6.561144879348966
58.464805285365394,202.65214253037632,1.35080049994282,3.992599784279537e-07,6.01666815096567,-4.829450975445683e-07,4.7034297230201565,-4.373059689523638e-07,7.657919269271023
62.193276339173536,66.58229469644353,1.6872525644714862,2.5819389079211386e-07,3.780948825549538,7.525533274629582e-07,5.930397333482576,-1.8267314618224458e-07,6.046125627353868
61.63690810982668,63.305920674078635,1.546767393058327,-1.3091191781830463e-07,3.7275381460181074,1.0624533582456226e-06,5.04382721463074,-3.4624159886905e-07,9.25358407181501
62.03986675553742,61.763587286222304,1.3322209243766532,-3.140153608978352e-07,3.756282223118024,6.868409473697515e-07,5.262494986405453,-8.947379570223004e-07,11.081750665005728
62.13238882331294,60.21242702683671,1.3125990713355826,-6.843684531512308e-07,3.5153555609952383,3.873627103014822e-07,5.2508954937074055,-8.162188762060844e-07,11.932948511734164
64.90694791584811,96.8897550536368,0.8993623068519118,-1.392243234841494e-07,3.6121463050593565,6.539631870611683e-07,2.9687383299810635,1.3606725378715932e-08,11.441262759642807
55.03749075581851,143.81939962020758,1.3722923982164392,-9.38379307673895e-08,3.790038226339638,7.846586622458936e-07,13.95297501118359,1.4215833805464236e-07,4.382521711170156
55.03749075581851,143.81939962020758,1.3722923982164392,-9.38379307673895e-08,3.790038226339638,7.846586622458936e-07,13.95297501118359,1.4215833805464236e-07,4.382521711170156
55.03749075581851,143.81939962020758,1.3722923982164392,-9.38379307673895e-08,3.790038226339638,7.846586622458936e-07,13.95297501118359,1.4215833805464236e-07,4.382521711170156
55.03749075581851,143.81939962020758,1.3722923982164392,-9.38379307673895e-08,3.790038226339638,7.846586622458936e-07,13.95297501118359,1.4215833805464236e-07,4.382521711170156
55.152524521495465,210.76589568575076,1.2549265674603587,-3.1305012619673176e-07,3.603008126376357,7.0230031328191e-07,7.67538880757068,3.3789841245344224e-07,4.9462604535276835
58.10592799347055,154.4686269809357,1.548202750215099,-5.287915999736526e-07,3.0449560927681922,2.878484816696352e-07,8.024942745624648,-4.216041300035664e-07,4.543812259910622
57.57265489353247,95.05760395818946,1.330570075289178,5.733906226606682e-07,3.818066624559256,-2.399007554068748e-07,7.43053230233775,3.0355392139342994e-07,3.979231347644273
64.30242009238927,118.90942195755066,1.9468711750872125,-5.661138724844712e-07,4.440234538165761,2.468885068011091e-07,4.011128700991015,-4.948078881602705e-07,5.159757170482243
57.3118101158026,148.2971956279256,1.1512970500629325,3.292105639181645e-07,6.827612700210843,2.1985522253517851e-07,4.85831830433576,4.074089837613379e-07,33.027078837492006
58.50820673853326,117.28387341324212,1.213429693576091,1.175450337695405e-07,4.248879040001132,-8.592205675921995e-07,5.762918380483932,1.664619365707767e-07,20.080105363623225
58.18887019644919,127.51788717954922,1.071482951533109,2.0345527659813828e-07,3.9571686810409936,-2.2431773458839009e-07,5.709516166656809,1.522435732609391e-07,22.28137364969772
57.80406831793685,144.7796641632276,1.1546419024582173,-8.917976267499823e-08,3.818685581514226,-1.3210068913328138e-07,4.948571221268527,-1.018572014933386e-07,18.84247967612178
57.3690387819279,142.2674400343768,1.1589507717397882,2.2944837002425928e-07,4.201059649575492,-3.764314483138236e-07,5.676498176710758,-3.2059748977657415e-07,18.060897074836863
61.37523112181695,92.8172301482276,1.9069431716566394,5.987672248341973e-07,2.5279765772636735,5.772501766765296e-07,2.920553827463804,1.7172711981059967e-07,3.1796976403097372
60.94650719322086,81.80081535198445,1.1091563843642982,-6.465506432492369e-09,2.436333340034796,1.0005990366290034e-06,4.64780176375973,3.4082420662300916e-07,4.898882860697184
61.20465252632171,106.91075586270885,1.2891468434720073,4.976233559978586e-07,5.105307468034137,-2.8273515073504914e-07,4.343116436772734,4.450335542145316e-07,11.197802142936359
59.871541788276296,110.18973296350117,1.5082514980993116,3.516811062792351e-07,6.596988867974401,3.1307471702072017e-07,3.1762110109226915,6.18187768710311e-07,8.517913235105647
59.86554983450172,203.2643416068689,1.3661663445870484,7.261495192307158e-07,8.27755493878576,1.4325363621402208e-06,5.50098752350212,-8.946090389204315e-08,6.8279437799942695
59.86554983450172,203.2643416068689,1.3661663445870484,7.261495192307158e-07,8.27755493878576,1.4325363621402208e-06,5.50098752350212,-8.946090389204315e-08,6.8279437799942695
57.69200095832044,167.93375574602305,1.8899289762086888,-5.611672069783939e-07,5.33001307855705,-2.839423708045168e-07,6.622663714948193,-4.7351884251594503e-07,3.56336829204087
57.40296784577494,179.3301186818383,1.889733925287587,-5.351432390131217e-07,4.9687514069521495,-1.8605462040630337e-07,6.120000687955337,-1.1693402965330285e-07,3.8130839438645525
59.40692739556963,103.77652381752769,1.5285504424713399,-4.3395169052401554e-07,2.2576461662756317,-2.4255000196886356e-07,2.5691556187127227,-9.62834065117325e-08,6.201695727003734
62.15699610158144,80.87503083221326,2.0348418215361948,4.0216871470711205e-07,5.680531633808746,7.255416040805973e-07,4.742168610339148,7.983662879178757e-07,5.957489564660932
56.71714199941814,223.60838770279125,1.0097784188651975,-7.388763792926581e-07,4.469726567785001,-4.250019741082837e-07,4.877912265538658,-1.5794953577183283e-06,17.809390227797422
57.94489891658424,161.9591422012535,1.3369172491184418,-1.8062809495480822e-07,6.574878032523878,-5.079789790474929e-09,7.412138839051181,-4.891819556321309e-07,8.436650390130858
60.66990978706612,101.30612104207137,1.4426922454155253,5.060785929590937e-07,4.322557293240474,1.181995125109765e-07,3.376548864072497,4.5891225973866267e-07,7.105324773054626
58.39610582504107,96.00856432679632,2.109918254143504,9.863473513016603e-07,6.909683473447818,-2.368989112959686e-07,4.939835211199736,-8.08469597732588e-08,9.29234168646896
59.416144526071925,150.80126326863748,1.625520972712301,4.620166162881799e-08,5.024634734944123,-1.305764532604033e-08,5.455430538858987,1.555745381640286e-07,12.063471801245818
60.0318352377458,88.79322188859771,1.1571488986208849,-8.659756142730113e-07,2.5961486631126482,-5.144463191244848e-07,3.8074334997351786,-3.225797764362465e-07,4.351019425691995
58.51568570200048,109.4474136491645,1.436786917909967,2.636042348579902e-07,4.437768314518228,1.108941058470662e-06,5.1093313971124905,1.3832548073862536e-06,9.522160631782214
62.29907799134026,76.79642782076493,2.0792603840175614,-1.219763377855299e-07,2.649435151772638,-1.2434215286172985e-06,7.937462096141355,-4.117942170719917e-07,2.452646790570538
61.624567639564454,73.6850735781547,2.555204939266988,-8.384622705752467e-07,2.9429300133530556,-7.880896025427967e-07,6.364385493804082,5.286478131557023e-07,5.584444233473713
62.07794832555066,116.4594359212615,1.8782660984856425,-6.358634348659499e-07,2.3815369253691334,-1.3284065888151316e-06,4.891232963756945,4.6592754406179685e-07,6.689397428743743
61.77243355287323,106.18997440745231,1.9783282650555534,2.821331879418554e-07,3.305473142822913,-6.413257186779005e-07,4.169306315072184,1.7081972637553317e-07,5.4308834269476245
61.77243355287323,106.18997440745231,1.9783282650555534,2.821331879418554e-07,3.305473142822913,-6.413257186779005e-07,4.169306315072184,1.7081972637553317e-07,5.4308834269476245
62.04271135915544,97.31994846033066,1.9573955351292185,6.244234459365954e-07,3.3794303167546498,3.243007462619781e-08,4.321265565400021,1.4582920509971998e-08,4.203689783439574
59.73506954468102,101.27702232606521,1.4820397878406038,-9.73498690383447e-07,4.672234160383346,8.939246754558418e-07,4.085382117079249,4.019565382450081e-07,3.6368104704174677
62.22458022603859,110.08873216406697,1.4616938991498651,5.778860413269076e-07,2.4097269150628793,-1.1681346084448497e-06,6.110909177003544,-2.1301043839814434e-07,20.639557534320122
61.83800915448765,125.5630190683618,1.5539157186238948,5.200639380838527e-07,2.6147916858207276,-1.3627313789868597e-06,6.391689217336556,-4.6368374240797834e-07,27.451518286677036
54.164405291078225,112.15800239941439,1.0290323915560151,-7.757048642745539e-07,3.4156377606624373,5.7968158642201e-07,4.31622251292162,3.6178043053758966e-09,10.746493416646892
59.67343262451065,108.0363750929365,1.4499776939801292,8.917653676830379e-07,5.504382030150475,4.4696586998241357e-07,4.395556312822449,5.825178963678479e-07,7.640560648488754
61.820844803085166,153.3917056101537,1.587047133448961,3.266458103255416e-08,4.203382562138537,2.812481391452163e-08,2.8853736394744893,-7.593020959985507e-07,11.696911720891219
61.08879170988225,141.80284388602837,1.480352482460121,-3.370914453943674e-07,3.5691800180360236,2.8909581206926e-07,2.8811822937444007,-5.729986680269453e-07,11.55304477276023
56.509947548649365,75.6249352379111,1.325971990879512,2.9082862012018724e-07,4.610842753454451,-2.2068403848412141e-07,6.124081520866559,5.343051432142661e-07,2.19900920199355
62.43193308487393,178.66452911572887,1.7988539939541583,-2.258128377840727e-07,2.824714992199001,1.524213543479016e-07,4.805431734622909,-6.32872003549153e-07,18.609793216634127
66.87161844695106,78.32446647815406,2.1755266020518538,-9.639743877879307e-07,4.436688089192649,5.316882063121556e-07,6.379773264691895,-4.227227249716829e-07,13.532915739390697
60.61922541260927,98.12857733327078,1.9102611869429367,1.0505551470105631e-06,3.7095085551126163,5.670054971277528e-07,6.571610558506334,-2.558902285082629e-07,13.305574165889215
57.82841405689051,94.7121886576242,2.1739802773615224,-6.328130017609874e-07,3.999356965929969,8.514485960559148e-07,5.153095254706277,2.7887911471687483e-07,11.092493682302548
58.63632264307748,76.0054339781667,1.6295590509053042,-5.7026919679629984e-08,4.125341327348773,-3.71528844441909e-07,3.1433892317218475,6.261830189351749e-08,3.8666554662569887
58.89401508802295,65.47699272919183,1.5448559020816217,-1.5337090626501886e-07,2.9350451279771486,6.93853305228356e-07,2.4826754109031555,3.4871555504417116e-07,6.329117160798608
60.84372788407656,96.0096652220062,1.0473827815072407,-4.5829014920891227e-08,4.144504828222939,6.064479664340016e-07,3.1693749610279482,-8.527937659429987e-07,10.552022390205325
63.78613907352026,120.70253204995241,0.9513750966177745,-5.575026694351465e-07,4.349378124338814,8.998033708629279e-07,2.668385222105945,-1.9926145128800455e-06,11.290060713439862
60.248329171534465,104.21234386452224,1.133491432922588,3.7551797023869167e-07,3.9891022083624494,-3.299087127481633e-07,4.388889656945649,-3.518124398568363e-07,17.03100796938777
60.2819177431992,107.88465346012765,1.0483917888226846,2.5640987692935415e-07,3.8562052931056363,4.6162125261175334e-08,4.752477504422359,1.3043132660840254e-07,14.359682067703933
60.54387623774111,87.12558374073413,1.40044857497424,-6.700781772297181e-07,3.0702757440910218,-6.904137644636907e-07,6.087371137582038,-1.1616597731643455e-06,16.82326744063854
60.29770974142895,93.50618729763137,1.6856868610350118,1.3804570837122554e-06,5.5300579942654915,-8.659894520731338e-07,7.214436979997529,6.700659280418847e-07,15.860632219960934
60.083710460137496,86.63510586719858,1.6585377355662885,6.458060661231256e-07,6.319216114598613,-4.128871310272681e-07,5.430167909344716,1.9550479571805e-07,12.221150073360251
59.51804225781352,109.3310317026877,1.5939536785460002,1.2369900181960573e-07,4.060419662735626,-8.404160727878615e-08,3.146328082949172,-2.879731279121011e-07,7.473393440061553
59.51804225781352,109.3310317026877,1.5939536785460002,1.2369900181960573e-07,4.060419662735626,-8.404160727878615e-08,3.146328082949172,-2.879731279121011e-07,7.473393440061553
59.41147485799619,116.71421408504922,1.6539284648543273,3.022272525758754e-07,4.021818733236159,7.87055922317968e-07,3.0846567927929147,-1.1171564050094633e-06,4.401149031847404
57.3944592232099,82.00790100309678,0.6515357907383051,-6.776932791938286e-07,3.0348168121706767,-1.0936667667581865e-06,10.163147959459252,1.2108050159353217e-06,3.6408658897403896
57.48190756390247,94.42358509751077,0.6821639154730073,2.7192989989024376e-08,3.092494502163132,4.010619661009168e-07,8.7311660336624,8.672344871254131e-07,3.734857740554373
61.71493673821804,106.89776020626151,1.4751482611867786,-3.443971133629502e-07,4.304605548348026,-7.181154424624181e-07,3.3674803882702284,-8.926831907685434e-07,4.440396994586355
58.83281179762263,163.00890927603723,0.731827467773726,-8.671605980633248e-09,5.153370479972361,1.1075657405692123e-06,3.9594961150109613,8.0958392989105e-08,5.421998382320139
58.38715673174054,143.98511953539665,0.7808573746063171,1.0750932112429031e-06,5.920477411757142,1.2504902691200317e-06,3.4087686117782434,-1.28122533344099e-08,6.220520925013129
60.866686294557695,117.51214067585121,0.8947923977073383,8.936896690993643e-07,5.6817964680759685,8.238767559856254e-08,3.619037655088838,-2.0208500960046272e-07,8.386348966804531
57.26955436987525,98.98266194253526,0.8920199553813394,1.2834317634405465e-06,5.505314904457445,5.816522165466095e-07,4.227413471079545,-2.5772338541508093e-07,2.3855014825043583
56.31974578506944,116.46972249987472,1.8979178450465346,-1.3197804715353776e-06,1.7929441249899414,-1.5581694205300548e-06,8.833169913589158,6.656554385619774e-07,13.670281183090028
56.23059283663509,98.43567569176449,1.6670514418807931,-1.4716331398703747e-06,1.7437564186140804,-5.031976354258246e-07,7.923008246627759,3.5311136269330915e-07,11.186350465391358
56.847277631661505,123.95425952298152,1.5647197303544307,-4.727478964042119e-07,2.040409415753721,5.679392035591312e-07,8.635633082652317,2.729526438815903e-07,8.804568910968625
58.42966914940112,120.43343550257214,1.6836832073728256,4.820920987493286e-07,2.6787884683640213,-6.835082884560522e-07,6.767434090651248,-3.796471549496362e-08,14.512298084358497
58.68441639875985,117.30187702493305,1.5092664087814716,1.9598200355177923e-07,2.5918095639125234,-7.912041719775195e-07,6.243801728492345,-3.971052777293227e-07,11.315674796849706
57.433465661903575,109.3771636023794,1.501416137994765,-1.2427180217806894e-07,2.4553622953846745,-1.0766626436267128e-07,5.675832382647324,-4.3362610469211327e-07,17.331673469868914
58.566951940934764,145.72290976323902,1.3744879923204072,1.5376644419147264e-07,2.556267650793441,-8.610777663347012e-08,4.4245508760585235,5.793852362027567e-07,24.42034814350667
60.336932847461405,111.78165503464662,1.5602284600723624,-1.0246146334530842e-06,4.950000984688185,6.695002256375859e-07,4.769330629310793,-3.111799262880433e-07,3.0232407650063515
57.08394046677834,128.48116597589467,1.4019769608156378,-4.2141345339171583e-07,3.5650687800829113,-6.083330787816093e-08,4.010641020619545,-2.8086064777234953e-07,3.643641331266145
55.3127572136358,92.51865373321483,1.2799736245057216,3.26354937507985e-07,4.719694176222623,-2.7231796018056e-07,4.624874477267245,-1.0069773506900653e-06,2.6411083937322015
64.91960281387112,105.47007416220838,1.7131562217805858,-9.665055224572257e-07,2.8726643192176664,4.4380357233818995e-07,5.6088941480903705,4.4214008497703657e-07,19.96944596595209
64.10057106825316,102.11133809516072,1.3576938826455098,1.3027717250484936e-06,3.735003699910783,6.715845438050019e-07,7.184236002627382,-1.607940200432894e-07,4.079746635987549
63.11416767159506,100.49912754418557,1.2687666922926064,7.100846095151265e-07,3.777260105163521,7.527533003210816e-08,6.639067072090132,-6.558814694098463e-07,4.254152978702429
56.00721105150553,121.46316874621006,1.6481060310277114,-4.883997767267192e-07,3.8770541787510773,1.0371140145878383e-06,4.650763489865365,9.168913958360606e-07,7.814944495270579
58.02823217243534,72.43482768018708,1.9569857706048106,1.125661680299196e-06,5.14884552344823,9.653167047791105e-08,3.0001559308302896,-5.09279722344373e-07,8.11051521027594
58.073410816275285,88.41590812364153,1.9803984301429243,5.575557607756238e-07,5.658347321572181,-8.821977563287665e-07,3.6200366852238908,1.7995420897782067e-07,10.17646992339488
58.67272344560894,144.80497669795938,0.9200742526798062,-2.8669906931979126e-07,2.981624649602301,-1.200987685999921e-07,5.588687103689804,4.5712074312659755e-07,8.668069904498372
58.67272344560894,144.80497669795938,0.9200742526798062,-2.8669906931979126e-07,2.981624649602301,-1.200987685999921e-07,5.588687103689804,4.5712074312659755e-07,8.668069904498372
58.48553082699408,76.28729895936155,2.229827622693485,-3.305105927445729e-07,4.9293076463714645,-5.127448389403097e-07,3.0004576343511284,-4.230185869295922e-07,5.22028673268392
58.80793834492457,111.55447793280965,1.468693983255894,1.7339562855450197e-07,2.8840489603713704,6.602260007541782e-07,6.638245772183658,-5.12832669938099e-07,2.9809563204740486
58.80793834492457,111.55447793280965,1.468693983255894,1.7339562855450197e-07,2.8840489603713704,6.602260007541782e-07,6.638245772183658,-5.12832669938099e-07,2.9809563204740486
57.97854970478691,94.8470483124817,1.4011349924019039,-2.407095344021299e-07,2.9468444813962136,4.402873078370078e-07,7.96866506368291,-3.7453235361867145e-07,2.905587369389056
60.000777934015986,119.45300840287634,1.0677169316427735,2.356871570984739e-07,5.577738091559018,8.446065468037158e-08,2.9079085678862526,5.852996959086882e-07,20.45318029002795
61.78978030930008,122.1703908711119,1.287710042172567,-2.187177036754915e-07,4.751699333997571,8.070347381901655e-07,3.8475258123460745,-3.439036504240991e-07,3.1080708516352122
59.09451116044098,80.23579435698743,1.6543007209757072,1.5711923992087578e-08,3.525663444585713,3.6873728391293343e-07,5.407508649887041,-3.9170396772417096e-07,17.6640495142926
59.925722237280986,78.37261436148079,1.3779001937825373,-1.8279777432251716e-07,3.0940640189848403,-1.1769808324674214e-06,5.475708403323677,-1.0025794267487861e-07,23.78555359261479
59.766193414871886,132.02037011785092,1.7415933035405569,-5.455821431294168e-07,3.78153204773269,5.476499146242135e-07,3.087472201940891,-1.6450449018952347e-07,8.884676491877004
57.981473623933226,79.1793120453984,1.330518225381755,1.108897423265422e-06,3.673073727648127,3.1343464057974563e-07,4.53421363617692,-1.1927693209350646e-06,7.192192599995741
56.7682476889374,127.20917424490084,2.2412372203106012,7.006266227482169e-07,4.669845839454479,-1.7880469922006857e-07,7.5814893260391285,-3.842424614261825e-07,5.669446233172561
64.73269826976042,73.69476043486348,1.0178930466410459,-9.677444696233556e-07,3.1099632757216775,2.3701981512009628e-07,2.6971859279601187,2.404136102368476e-07,4.768530545205068
63.62364434464869,79.24505116106972,0.9621645301560056,-8.07621482201499e-07,4.525858595444508,-4.737419561259517e-07,4.953182519878051,-1.0414156193637055e-07,4.098642407252346
62.816092130010695,98.9060612497633,0.9454655114123237,-4.999142467313716e-10,4.405677928945678,-7.36438286863427e-07,4.280492310215312,1.956758987131781e-07,5.279691523099859
59.077159746846,124.85873537060928,1.0539539756705278,1.315762629187489e-07,4.554681778585406,8.236730741859873e-07,4.714691108238876,1.7041969948399683e-07,9.939534494349047
59.7822494851945,113.55708337200868,1.2974292241403178,-2.884411033390331e-07,4.279462746720188,3.632319717705507e-07,4.574811547954884,1.664326463709855e-07,14.391650662687043
59.7822494851945,113.55708337200868,1.2974292241403178,-2.884411033390331e-07,4.279462746720188,3.632319717705507e-07,4.574811547954884,1.664326463709855e-07,14.391650662687043
61.353822701588975,117.19069382492529,2.2137682011600504,-2.343193190484402e-06,4.309061465270297,4.321135446400483e-07,3.945196854876788,1.6704296872430021e-07,20.529530327394255
61.832250098779205,124.7667012506947,0.9066988261361505,1.5987171439250187e-06,3.3969705502566407,-1.0620653879825408e-07,9.458169229356084,3.8271075422620777e-07,2.2221942160193673
59.91328879749771,89.06086100946665,0.8414362150977939,5.023711746972015e-07,2.980739744628689,-1.4601643742598973e-07,6.958038781816944,-4.5863079988682297e-07,2.8174134505851347
62.765066350582174,98.90577170039688,1.2411779823678577,-1.168570728943638e-07,3.9461891910173463,-7.994225323228052e-07,4.800029890138398,-9.15605241820578e-09,10.090633163927937
62.75020770943348,84.84501846581809,1.262458270080342,5.157259180812857e-07,3.5698903853943373,-4.079480368384464e-07,6.263392584658504,-7.084119133903201e-09,8.68613720184324
61.021522742104196,96.27161780626614,1.1551780988157878,1.7168209642167298e-07,2.0881787050816634,-3.800291370401062e-07,3.561396346118402,-2.76791265704682e-07,9.295757504819749
59.15826367383995,91.8447467330817,1.419463170403243,8.717130544362363e-07,2.2631149259424705,-7.397826348304368e-08,4.0097169698209845,2.164939048470084e-07,5.434196604133627
60.10130467855225,114.51540453197183,1.2127331834810382,-4.998860242202136e-07,7.093519847938997,-6.661109506979954e-08,5.1232475038275,9.090005930591596e-08,5.065261237074742
59.804075848453394,90.15957030992809,1.5119034189108012,1.1335434584321917e-06,2.895185316773146,2.5257732230948633e-07,5.331377092676288,3.8333017043047026e-07,10.567816290973086
56.58992578975484,71.4300048116035,1.7214783537025737,-1.5976008059567608e-06,3.028799552512662,-1.873359837114014e-06,5.196545426818524,-3.569763496727057e-08,8.610560769833384
56.89648408088513,200.44878380577435,1.5421288810541742,1.299142571379633e-06,7.495510368753577,1.5508460465613056e-06,6.855534604029475,9.028535928854527e-09,3.35706493804451
61.53118156210352,122.95746196884318,1.6160071538440852,4.555456453904914e-07,6.296394778147685,2.476132822600558e-07,6.51985261653492,2.785267046038525e-07,5.163975912722138
57.80904220616233,103.19710748967002,1.2939008681548356,-4.966712007150288e-07,2.7968003219299864,-4.824860336932021e-07,6.020556863958257,-1.8006370112868286e-08,4.3350225123089885
60.034447233404606,113.59819864686433,1.6260127533061435,-7.977987205085113e-07,3.9002100742857264,-4.83720560200939e-08,4.2075414763172,3.2670875273432147e-07,5.3115138609298445
58.23211743916351,98.49673970160529,1.72311478150046,9.550731890080786e-07,4.855739932819624,4.897288594557813e-07,7.302087738374426,1.342143944666219e-07,4.70511569164041
57.570629585502296,144.45434317153294,1.5479025637334385,-1.0553861759000392e-06,4.100230959060535,2.6889633310444176e-08,8.00761103538883,-2.0139501082119116e-07,4.270152028177631
62.62490534907463,112.71546433051859,1.555513476588944,1.1137251965377102e-06,4.303164838174635,1.698329284917224e-07,5.264536796158153,1.549988323835404e-07,8.471003546099547
61.989158009997745,104.55914899146265,1.6513015642929783,1.0322251239946753e-06,4.806141759465877,3.0287356408474456e-07,6.416064232358623,5.448457209978657e-07,8.355102486938305
65.34486157751897,124.28508950350627,2.015531191837029,-4.1389974113735495e-07,4.821028206195382,-1.074624858550742e-06,4.104105414520579,-2.5831807399775753e-07,14.482736790374476
65.34486157751897,124.28508950350627,2.015531191837029,-4.1389974113735495e-07,4.821028206195382,-1.074624858550742e-06,4.104105414520579,-2.5831807399775753e-07,14.482736790374476
60.67366196650126,95.60239847137939,1.620965001195725,-6.683462462164205e-07,3.531409591890938,-3.5187195944370026e-07,3.936816210435737,-7.6548018319408e-08,8.325092425597141
63.04230642504616,86.44557805563944,1.6060779958117906,1.0105010777257369e-06,2.4801643008485423,-7.604225025550363e-07,6.2086216325045225,-3.863293861680358e-07,7.602308441969847
57.608932160532554,144.28718216289028,1.549289638219521,1.0985890558625544e-06,8.224616286112278,-8.310326156820045e-07,3.2185079204870295,-3.927352887276429e-07,3.4432044405149314
55.80191020489594,126.99069529835978,1.6657941873368156,-5.245017580902809e-07,8.371419785678999,-7.254773186249438e-07,4.407878958034614,-1.0352179469830437e-06,4.621992329393238
57.35365681847787,139.68012889310634,1.917188871499504,-2.9739729431403395e-07,5.78042644671461,-2.588993625580128e-07,5.919170702695664,-7.044093802747806e-07,3.550372121029295
62.627880908916815,85.86576240977887,1.2602357194177416,2.3268302726202079e-07,2.5332204517110632,1.395468912811976e-07,2.6875883824107256,5.292189824154182e-07,8.80862794146281
62.11610176551212,91.9558491815786,1.180593592181679,6.777190929322753e-07,2.4327768507429384,-5.209390610612813e-07,2.8531873363704676,7.904304397575405e-07,10.594176587208345
63.324340979809904,96.27303928119768,1.102224511187613,5.392479983302542e-07,2.3364396227632085,-7.35577393392216e-07,2.865605855470548,7.458468965961093e-07,10.29758584114597
66.03459449056488,117.4723548896911,1.7621377852910143,-2.3572753829903902e-07,3.27877512063438,1.8980450643328783e-07,3.3930551747460154,-7.463543663085843e-07,12.455221306864294
60.83114471009355,90.65763971880207,0.9799031053276672,-5.675061572079563e-07,5.317537220333708,-1.2944788689731663e-07,2.702528354386884,9.85369598673132e-07,4.381639481653471
59.65336346744814,86.54216125212787,1.0571085673512883,-1.011546979851112e-06,5.429076746861968,3.5068159979197347e-07,2.714889288774269,1.1179907257137877e-06,7.8251632367967305
59.483307847593004,82.9623238888758,1.032425757477737,-5.502499842310229e-07,5.078253803385794,5.769061162490833e-07,3.3402686669840356,9.841724417405377e-07,7.383039426851623
59.34137433369696,97.80868786474335,1.3054096109356605,-7.439423028409935e-07,3.74726487905486,-9.160123169492591e-07,3.2009393126405543,3.0475893266035e-08,3.109821473474995
59.599076093835095,100.65291645406528,1.6421709095822554,5.394323414179687e-07,5.030074363776716,-5.028276667708623e-07,5.833812443226907,5.555946277770157e-07,3.8406591360112796
60.3960563504133,96.82858964440156,0.8024435822019478,-5.169383333336033e-07,3.6790699105706683,-2.167086061783621e-07,4.9429828222723025,1.2470089036218224e-06,10.992406103074012
59.131857980024066,71.83265228411322,0.6375022762686064,-7.711271054208841e-07,4.142353049583411,-1.6230560223038199e-07,3.8828483241706366,8.132301341523534e-07,11.318805633832486
59.40466778100822,104.0629358527593,1.7839417076667234,-1.0687856592764892e-07,3.4978818911150955,1.390730453675804e-07,2.5726545372861933,7.406053961107847e-07,7.747905851800758
58.29142793964279,77.96387641213981,2.0852189836153676,-9.006575832261439e-07,4.148607606250538,9.087238616675383e-07,2.4332771126049035,-1.2846302998552558e-06,6.322294653785513
60.639677533339565,123.83381728997612,1.1163901205829945,8.754395572737277e-07,1.873007082347492,-8.789594205755376e-07,9.400732966918547,1.2674453038729264e-06,14.803893464423068
60.83540783378062,127.21954788198525,2.3135335145665645,-4.1951682583172347e-07,1.871625672335574,1.0575107043310437e-06,10.003516794109121,-3.4869502303919533e-07,9.006579360509143
60.54206303609107,127.56902787719741,0.9681317481667122,3.6167648575012153e-07,5.387000769619636,-6.653307110782575e-07,5.625913111521658,4.787662157216616e-07,14.22153580488533
58.379280023494694,86.898705114625,1.5009997287228964,-6.784590704997377e-08,4.01475690737982,-7.062477674664195e-07,4.357949231309708,-4.322757049337724e-08,4.022132581689854
61.54112435889563,102.96093039377243,1.0073453580009992,5.016539436685719e-07,3.5199462399742214,4.6944688834224223e-07,5.92739290518563,1.0905903476354451e-07,5.098831998829457
60.29809885696544,112.53535961815523,1.0087254929607725,-7.916293944129942e-07,5.301258087624682,-7.07926971686339e-08,5.437922414632,-5.717130151243291e-07,3.6145325181139656
57.474385148464755,91.54302384310702,2.1744132072685987,-8.06784108852787e-07,3.2815553952904897,-4.097579276465282e-08,4.298771877489927,-5.85782909951422e-07,7.542525971028349
61.941634745418725,128.14115442942204,1.1249641549917,6.89275347567404e-07,5.232548623165147,-1.0964611818207298e-07,5.688744638713331,7.131307659202434e-07,3.0022720604646964
59.112387121326854,107.45261600551429,1.944557340273894,-3.678283706102066e-07,3.5455380087238995,2.351745802257492e-07,5.261598198390968,-1.1766115499856867e-06,9.400761648221298
60.22590394361124,124.24357336172021,0.9820906172925026,-2.853584232437945e-07,5.698696871547731,1.639735579113389e-07,7.478970300132734,-2.3181781767389067e-07,3.050496107056793
58.83448548853038,145.50277431256123,2.053759419750226,1.9645201919545614e-07,3.789257539743966,-3.4089796557227406e-07,6.654424729312068,5.514149779294229e-07,8.603759060938739
58.61598878972957,137.92324955885314,2.159765245128995,7.053642747629549e-07,3.817995901882202,-7.195342308051654e-09,7.323834031176383,6.762949523460433e-07,8.758300788459536
59.01275461595136,115.71810035012462,1.7873791163207344,-8.627390384711744e-07,4.062239748324868,5.810541278225432e-07,5.229502149209665,4.589490393173574e-07,8.10318218654677
61.28961256964257,108.00076197343766,1.396709106077879,2.845683758633107e-07,2.4333843674022306,-6.560632338819308e-07,7.012656336814492,-1.0614610430951211e-06,3.796442755321065
62.30352153675584,109.4639902070187,1.542188326475457,-4.9400803163989496e-08,2.8468433156014488,-4.3384643585316416e-07,7.631444723098351,-1.5297906379129139e-06,3.404100661325969
58.64499935025374,106.86892415248874,1.348231226855169,1.6356110739790933e-07,5.581424365028145,8.231633581835625e-07,3.4376840275418017,1.605523960414363e-06,11.515212086061526
64.31751382751968,69.05410123509365,1.2475791910111351,5.762573334010743e-07,3.5441629384541384,-6.619946791321177e-07,3.314082874936011,2.411863552471047e-07,13.391761759284151
63.989034949774144,79.46055917587427,1.2843203930607696,3.2424457710934367e-07,3.0221421489291704,-8.728974121260683e-07,3.5138798031520144,5.172773154482511e-07,22.065737258444685
62.92302859617688,75.57881175898048,1.5317248019563103,1.0004128185023906e-06,4.272597506594828,3.7879416926619064e-07,4.88612519290421,-1.6660627748357892e-07,16.4066875766823
59.57939985276526,72.71343059766902,1.5893699868151472,-7.617670959763689e-08,3.656007001474279,4.973273723966003e-07,9.296840531566595,3.693837843187867e-07,12.150154567917374
62.242036754295064,139.20986917774542,0.6253209558672352,-2.912740783036847e-07,1.8938836713934915,-1.2565463935949168e-06,6.43416530564315,-3.749637526332117e-07,57.78016788114669
59.01129930751129,75.51817352890195,1.6308392369582845,-1.1092471273816516e-07,4.947998194118031,1.0752014559392757e-06,4.052531995127854,2.579475337179669e-07,3.6356396994205027
60.098874043142914,119.34817865834258,1.2292581183582392,8.05633458782513e-08,3.9069493945060874,4.3232345686745797e-07,8.468404765080217,-1.0029537957428523e-06,12.439340950490399
60.34591606530209,103.33073378579711,1.2908452416043792,-2.229505190054864e-07,3.9302451495032207,5.86659128283085e-07,10.207507620119154,-6.498448440374097e-07,13.337536823087358
58.7801883650217,112.2038622632897,1.3245654841272685,4.3744944114862863e-07,5.375435504094886,-9.240808381021395e-07,3.6420936450863097,-7.018307369962104e-07,3.3170230693174543
60.02321221022874,96.95327812304944,1.9277173746314984,-6.118404717253456e-07,4.327897163466073,1.3871906654401913e-06,5.540909809890658,4.192707076899958e-07,4.785329912366633
58.92393424020753,82.3719082564726,1.2461960085816253,-1.3211631477692645e-06,2.9847340641513456,-1.3893690966414825e-07,4.785292455455256,1.2773509057877859e-06,5.435836419611548
61.49631096029148,134.1121233796531,1.3660035970047577,1.5594245335227159e-06,6.593741045001305,1.8981928430015593e-07,3.9343459381977977,-9.199957611476837e-07,3.77759870087928
60.41106210731066,115.8994044775818,1.379891291404404,1.2676330330629341e-06,5.148504880440732,5.232631583799493e-07,3.76415307524129,-7.42799047401765e-07,4.238555851644396
60.68153581385793,85.79847597847653,1.0254087705999804,1.1862701258330155e-06,3.7438858809305846,-2.38127977934716e-07,8.120673730591736,-5.648215919195312e-07,8.621868983240587
61.17951971273711,89.59395937195431,1.6778534590127356,1.1772435533988185e-06,3.939006736096458,-6.297497771093421e-07,3.4546828429466254,4.586404711817285e-07,5.525657968402478
58.28461372497607,100.12416763881862,1.231931250829714,2.1957517807561414e-07,4.885207102989974,-3.5361036698373195e-07,9.408967692326726,4.072388668060998e-07,11.287268735296601
60.071846261175615,102.22580076534997,1.202870457895916,-2.4462615503981676e-07,1.4341789488034191,2.9579374135382546e-07,2.633022976820937,-3.8012888508057023e-07,8.620798921603178
54.49598505055985,91.46058046733002,1.928206341548631,2.0485233413775602e-07,3.923298692529461,-1.7347115237292762e-07,9.182125756293614,4.591751634324504e-07,4.779713307914145
55.17232915981298,92.33455020964617,1.6092680362146157,-3.253122193262091e-07,5.029803210748822,3.9741891049290086e-08,8.863415820086859,2.812907255356346e-07,2.3312157968925225
54.98754423741946,108.58362692032706,1.5689174137279325,-2.1073953670256063e-07,3.949658538549843,2.4674965626509736e-07,7.9719351372209655,-3.126934556619551e-07,3.17940919977931
56.33464601761655,90.18665004696321,1.1040868490999172,-8.74902603536134e-09,3.81773661921618,-1.09816440620857e-06,9.21133734264023,2.001328736149357e-07,3.0813087302355315
59.91207368319508,102.5501347178769,2.070197369696829,-4.7646066838193405e-07,4.021177037348854,1.4552963973193386e-06,3.520419067428693,-4.680347835694423e-07,4.039411659774456
59.651259857353814,89.04671202446706,2.4183010707405086,-4.937941505725595e-07,3.973081886753728,7.553312636424684e-07,3.200092326668076,-3.612412217864548e-07,4.798233561407538
59.651259857353814,89.04671202446706,2.4183010707405086,-4.937941505725595e-07,3.973081886753728,7.553312636424684e-07,3.200092326668076,-3.612412217864548e-07,4.798233561407538
59.55499597459145,79.27528604152927,2.2098762264088077,-8.541926574905061e-07,3.402304690358248,5.761626012343941e-07,2.9900819168561408,-9.274559807126176e-07,4.214988178606235
59.3318870605723,89.23415676539437,2.14224025922016,-6.616176494203503e-07,3.6141799541679536,7.91599669027779e-07,3.3172005159424285,-1.2793544417729555e-06,4.9407409183050035
62.029309582545565,81.96269727753513,1.5477230800399906,3.1441187177063643e-07,2.9015675722917447,-1.1877847215182379e-06,5.7713985608590725,3.8983696689398055e-07,7.170586676677431
60.351721808930186,76.50952381773241,1.2248888630432249,4.345645348472677e-07,4.00579511861614,9.197619133159554e-07,2.4515464174840953,2.5450842050711207e-07,5.2220611730338025
60.202814407676456,121.76807072929584,1.8026333933798544,6.032982234392799e-08,2.8751770311330818,-1.2247082648417644e-06,10.063790642596734,-4.075659514845259e-07,12.239160269875336
56.88550643222155,84.34535623954307,1.3972521587593976,-1.2377246527509785e-07,2.913107451456815,-5.162953376453095e-07,3.08110819291419,1.5366873527634567e-06,6.645604736024143
59.91499207714069,154.0351191248349,1.9121384811226008,-6.971786169582129e-08,4.215476814313627,-5.267372074566382e-07,7.548440837538162,1.5210492647125003e-06,3.3519235324349657
60.943204337070796,164.56093976090344,1.6878042367003014,1.3142866323048778e-07,4.938306090608302,-1.044261223326667e-07,4.802806817594084,9.047959160768686e-07,4.122396162558728
58.61911198908244,190.67329125032694,1.8604680174588513,2.9604760577892726e-07,7.940882973445404,4.296897571524496e-07,5.046738806068793,1.1275177728117018e-06,5.74164529404694
60.93796357431539,210.22509020031882,1.7180572127561122,1.658400927412005e-07,8.104515216287897,4.993048117210785e-07,6.482143247103222,7.681517082036171e-07,6.174031493514659
59.061632660592096,73.54588945689038,1.3981709264981328,-2.3530060578272853e-07,3.0459399367945914,-4.2255212352316694e-07,4.600077196139328,-9.672768746432417e-07,3.603320437986333
59.57009487587948,80.09960267651263,1.411294446812277,-5.472666970980741e-07,2.5257960581004872,-7.045306123976561e-07,4.8410353602484255,-8.842546449887336e-07,3.8386099761232813
59.96648827480995,92.42389346116238,1.5431100499447772,5.0036560166501086e-08,2.6850741072640028,5.3800284309685936e-08,5.890682993528797,9.000092019035247e-08,4.386257214519835
59.35332016594687,124.8865913086654,0.951477054852625,-1.2594936267551775e-07,6.016904235090689,-1.055730991244453e-06,4.224435393374293,8.666812043391289e-07,10.11785187991954
62.7489215443934,80.91707467958035,1.9259927965909514,3.305369926472255e-07,2.347109913346875,1.0363371828250634e-06,5.847442309732047,-8.721829652373412e-07,4.8988158698579385
62.7489215443934,80.91707467958035,1.9259927965909514,3.305369926472255e-07,2.347109913346875,1.0363371828250634e-06,5.847442309732047,-8.721829652373412e-07,4.8988158698579385
61.96392849903666,71.15724529228577,1.9301654168819695,-2.3149538247650847e-07,2.408070145362152,5.842525247458611e-07,6.521801992242282,-6.491192645114941e-07,5.8149453810125955
59.73371300336502,95.15388852739082,2.296601274629934,4.28101161442236e-07,2.586804624941191,1.03883547528374e-06,11.510717635797773,3.864076273589313e-08,4.1002480949226445
60.05762311026207,78.71856023174034,2.005067441810845,3.763639581019491e-08,2.5722557699794284,-5.979575996165178e-07,10.863494432207448,4.3508628886737063e-07,4.961966180429139
61.23060366650945,79.06566252731689,1.6585062978926814,1.0157678201991074e-06,3.61611702983119,-5.334235706865767e-07,7.739148734691484,2.553006970662336e-07,8.262822960509729
60.41793914655597,104.26127265468901,1.6371050340043032,-1.307236206444525e-06,1.5379734925397153,1.5962933098901779e-06,4.3078128153399255,-8.734643517318604e-07,9.797987440314616
58.28645532666023,83.92699090289818,1.4996273569200909,8.70022296937077e-07,3.845662850612789,-1.6070279852818725e-06,7.1955840922777305,1.1320764288038103e-06,4.535403010832095
62.76223584158976,120.03824597428319,1.5839972211452342,-7.874753013868486e-07,3.070819776352691,1.7818283280805834e-06,4.426959843052007,-8.344988192364695e-07,8.229651653683565
60.23810969960144,106.62252981741125,0.8700547479497923,-8.337855080752404e-07,3.4133789973394006,1.7581197710240665e-06,4.290419740857043,-5.765721379100382e-07,3.164000867893438
60.799781690021,117.0917363558072,0.8849421324218463,-5.436148130795398e-07,2.828458027907022,1.0081277677891687e-06,5.205513896173288,-5.753530868056391e-07,2.909471591896593
62.356388496756246,99.77226893108123,2.349627890187567,3.673949493608639e-07,5.339961435323466,-7.02169338210123e-07,6.402596867274932,7.722688924568629e-07,8.107329778009683
60.46209434863295,118.90845525524772,1.6175194364221481,-3.308243079739167e-07,4.876036219148198,1.634471518463175e-08,7.1804040538994265,1.1754193335249747e-06,5.724212647429486
60.46209434863295,118.90845525524772,1.6175194364221481,-3.308243079739167e-07,4.876036219148198,1.634471518463175e-08,7.1804040538994265,1.1754193335249747e-06,5.724212647429486
60.44099844457347,125.94225084032726,1.8907342518265855,-7.540088774051026e-07,5.042985928241663,-9.328141303179368e-08,5.879424246775781,9.137770105585577e-07,5.065136265184032
56.69001408481501,168.1774437465368,1.7990738270146973,-5.631340024560642e-07,7.803469726056279,-2.0494853211043066e-07,6.507428525108156,9.382571366131903e-07,8.984203419601618
58.75267067519874,87.11731147357409,1.0865891860917465,6.897996577669574e-07,3.338654850591114,-1.5264663888701744e-08,4.027206760864278,-1.177309110386309e-06,2.477737042203232
59.819763941138554,80.1316581480457,0.8695660609487339,2.0341170832252574e-07,2.842958909779216,-3.838937683099315e-07,4.092695194182339,1.4745460943635151e-07,1.9442991957895883
58.47646487940353,102.80925825283452,1.2314423715655984,-1.6804776836448147e-06,2.249439291922409,-2.428525911927362e-07,4.374812635399989,3.65311950605732e-07,6.728361555128562
59.896358838697715,139.4902472428147,0.8126017672899618,1.6715157437052107e-06,2.8299153180184438,3.369054796707762e-07,5.148628715230915,-3.027517242233134e-07,19.488971488212744
61.33807057859036,185.72969553069012,0.7271077701788348,1.847237774226222e-06,4.8785756584933235,-1.2162301668456708e-06,5.452694986856734,9.788209962399482e-09,12.430414259856354
59.89642497779215,311.364925489658,1.0329600763641933,2.392849677916464e-06,4.396507159164198,-8.832688851980369e-07,7.245637410773331,-1.580974544427928e-07,8.199005698793627
58.783168727634845,304.272165337317,1.1787868636958718,1.6283115453985656e-06,5.010809908098133,-1.567881166949081e-07,13.385238003021357,-9.419123669450592e-07,6.186520160264351
60.02888718779618,318.00318755663477,1.3191963423049657,4.3210296311201207e-07,5.09624677499481,-1.1313625903080057e-06,10.657829705923511,-1.032115321168003e-06,5.105382805573423
58.02649325299064,355.3543276482797,1.4860982543776315,-1.6790040030025392e-08,5.946238273724798,-8.373616534203301e-07,8.1264304386096,-9.164793884720249e-07,7.4038472137551175
62.12043662238276,184.66960368928,1.4807757123311196,4.5928484531122147e-07,5.355992109271857,7.424522912283712e-07,10.560672677918793,-4.3932928732040383e-07,3.3958316667226485
60.80347395756997,126.08280139646469,1.4308119107366077,8.493210819139594e-07,4.448957259647992,1.248004906127931e-07,14.337674691261562,7.481979117964606e-07,3.258791384516432
61.25986895985807,106.72414894790498,1.3666446438667057,9.089438145724997e-07,6.1481265189313685,7.084545621607919e-07,12.941617499972853,-2.6298584363080328e-08,3.985525616604135
57.92421982134878,131.93463855358803,1.439020343679714,-2.0995730180550505e-07,3.4822511182164293,3.666491120651912e-07,9.01234529699277,1.5849969060381512e-07,5.724306034599948
57.31022223084869,106.02111119420307,1.6710544594173091,2.705097648273342e-07,6.3376056651837285,-1.0403397221299168e-06,4.330597346046549,1.210260560388492e-07,3.801841731034361
61.58655799864963,102.89852624876853,0.9420388781281211,-4.4465533950308346e-07,2.1511863547014136,-4.38046577695094e-07,6.240267452042657,-4.601478908195511e-07,8.584012563820524
63.032470853094814,94.25374565392762,2.010573123198035,-1.1079290944642872e-06,2.0716001935884014,-1.2367431893011257e-07,7.737082221553048,7.202334461763978e-07,14.098060921817172
64.12461891576066,100.68774080224738,1.760856479934005,-1.7585994215924774e-07,1.411309209716385,7.703225228991681e-07,6.158708739952346,-1.419307620924242e-06,13.505790484654176
58.56726158187016,84.29101066671994,1.5431309880942923,-6.810716661821697e-08,6.930887012591553,-7.813155368552296e-07,4.299164013763845,1.447170352953084e-06,5.959477954025205
59.09851849216323,97.48750671483783,1.256838923006895,9.480781706733537e-08,3.9177548656015633,2.053606769853277e-07,6.23541477258739,-2.471867620318717e-07,3.026391146395429
64.10891677614443,111.68898172557586,1.7911882488077027,2.7631799355865703e-07,5.518406983029208,-2.7642252711259486e-07,1.6493043741135314,-4.1017504630886544e-07,4.632808536772795
64.24483532975451,98.44629998864755,1.909798861672878,3.749633794985198e-07,6.927684572369756,-2.6275437963749563e-08,1.6424170120757529,-7.742194011426522e-08,7.3121858872385745
62.434376830244155,111.267720053021,2.0345211107504153,3.10966225611036e-07,5.6238946268949705,-6.265315991492088e-07,1.5733977199843447,1.715743547801873e-07,7.933815714377159
62.4630363920629,107.96644990820866,1.6383788885919628,1.793714413914373e-07,4.619473538495205,-8.084763354739844e-07,1.4554262809727145,-1.3116945829798997e-07,6.2562816153261895
62.79238976478042,82.12300513041939,1.687538355574452,-1.6477176261470735e-08,3.414387163857117,3.3281599499093195e-07,4.978185667411604,1.1224541967134958e-06,14.52556263470203
55.95923837426107,136.321999580717,1.314833928030868,-1.2220074323876937e-06,4.44467320977603,7.355655988881863e-07,4.147416215153722,-2.651766123377088e-07,3.4961625730062544
54.965151001141784,130.23358248472212,1.1427324423007073,-4.778710839763864e-07,4.410409845959037,1.0104759369217896e-07,5.803335715791865,-9.388518429002171e-07,6.774325229252813
63.33638280579588,81.47777596977213,1.8941478488497003,-3.043806305819034e-07,3.7866289424373685,-7.32383209273903e-08,7.11455108719672,1.5634593335208403e-07,6.469597538487595
63.09376690909576,92.07101443022508,1.856769043226582,1.5538215637033137e-07,4.029942589850307,-3.865267927401064e-07,6.853684044197207,7.21535431324234e-08,5.772309260436041
62.33757301544211,95.82234542798723,1.5926737753882718,5.502426331590135e-08,3.366395586483036,-5.344179150521627e-07,6.553981596469501,-3.155447637848015e-07,4.81239702362645
62.85892591265509,102.12691925168102,1.7108135797651078,-3.7210147540899807e-07,3.1430087544969476,-6.026170911122037e-07,7.506148938061409,-3.4342470234303685e-07,6.416780119748499
62.933235942397246,134.21771221256876,1.1445075116336199,-7.849400030101602e-07,4.994893296986757,-3.438357715948642e-07,4.625896266253946,3.4230372089814814e-07,5.754953033536118
62.130527698512466,104.22579370826156,1.5921658793710824,5.092647070013536e-07,3.930810997616436,1.0474912030296221e-06,3.9019778536923675,2.7067099066883423e-07,6.011916318379723
59.40518657825321,80.09861594129988,1.7694610461041185,9.353899331661379e-07,3.10359262827024,4.421247501628902e-07,6.772434534734767,-4.1232120565350064e-07,3.8275714883494585
61.64424552375338,135.93766827123744,1.1360768290925927,-7.732654707009784e-07,4.437606143131704,2.5022707161546245e-07,4.316959808366669,4.6241494120460584e-07,4.530331212939627
57.083862524933274,94.11104141511144,1.739885607848466,1.0494962129144564e-06,3.7769878494438887,8.543531343117997e-08,10.123174411749613,-4.1813694758296127e-07,4.197076428115717
62.34189057238459,140.34150914842752,1.5018468402777505,-9.92712990408154e-07,2.3726140235426016,-7.095358553978677e-08,2.8444871494175996,1.0750166323785679e-06,5.042215967105527
60.94954289461097,175.35720471337922,1.7831111566762756,6.576907445987212e-07,6.753422707022394,2.603487618394886e-07,7.008437311958145,-1.2946634683604565e-06,8.158626601503158
59.477941519519064,176.37431443144376,2.144570159897362,1.971386938973163e-07,5.901639314655281,8.79199338373777e-07,7.819682869210813,-1.1563417932823357e-06,10.177217960501409
60.45696531044881,188.4096383939067,2.345661828425274,-1.728890575889267e-07,5.385572128251622,7.727466375798788e-07,7.796640755613706,-1.101980343772605e-06,10.809524728767743
60.658739232364624,190.6757892434,2.854712776970412,9.167523551415414e-08,5.419433083291768,8.040311422508797e-07,6.961104831433987,-8.117589955352037e-07,11.277148922305889
59.38608776314451,119.47472409535375,0.8364140749594189,-7.456633472034202e-08,6.802885293859511,-1.0130708022321224e-06,6.014329820230583,8.343026000213187e-07,3.0553061862796
59.58752863702606,124.7498851011139,0.828263282583515,-1.2825675385519343e-06,4.342743259654874,-1.8895939364529735e-07,5.3994172230206745,-1.0556921407159465e-07,3.81885522955093
58.25216612617995,113.49805702351843,1.6345480037097457,1.02242526679148e-06,5.861977311613317,1.9381492424852689e-07,3.0505244650281527,1.973355563388606e-07,7.631820018933653
56.7051888035156,119.96036518407826,0.7832805551974603,-2.2473582179950081e-07,5.032749857701438,-6.296820929095058e-07,4.845685471418361,6.418762293077363e-08,8.683986648560843
56.807671128933954,126.37527167307191,0.7690244812470458,8.109690244805552e-08,5.076917152284786,-7.164357661575374e-07,6.182816149095876,4.2084864564627806e-07,12.22102359250233
55.1130757152528,151.17873583046926,0.8731701577063892,-2.06019185679012e-07,5.901600031419903,-5.08932066579378e-07,13.678947558387991,-3.42434679778526e-07,10.430573395684888
58.80788523992744,141.34133563882017,1.1344272246318114,-3.13851604988234e-07,3.988011963897201,-4.797661571455254e-07,10.85026092861541,-1.0354297932687285e-07,12.638142320686578
59.70241848542958,152.25279291156198,1.7481983815781916,2.295422408506201e-07,4.788972066557443,4.1184366617484933e-07,5.938563542178972,6.332707253207142e-07,3.9482418109773496
59.15448032131841,104.17481626747666,1.5798798194702937,-8.313824929893986e-07,4.55023015014813,1.2728863375692117e-06,7.751404243292786,2.0917058213031936e-07,5.782930592676824
59.94466151273665,107.29570352238206,1.6115890675547837,-8.034647460473389e-07,4.794216887055574,8.238405730884065e-07,7.5823285615181595,3.5312015326525255e-07,5.920104874873532
60.143559494918534,96.71962164485578,1.59926374282344,-4.4959251427364284e-07,6.091854457591493,6.237138488294177e-07,6.658212383815809,4.703690947426928e-07,5.538809787935095
59.479103194004004,110.37656986295195,1.4245336083652311,-1.1437840390772627e-07,3.897816324662122,-7.126748929807564e-07,5.00022503143663,-6.570523783513128e-07,3.2244654729079554
58.83500965820877,104.23646066449413,1.6604419322545179,-9.892276384898087e-07,3.3460082394379023,-3.0721000944677424e-07,6.93554458355111,1.8935492934166596e-07,4.036378009334854
57.47387090438185,71.51676560902679,1.6467984751062374,2.6147139558847266e-08,3.4963525283892722,5.964246798929928e-07,2.883046994750999,1.611874100358778e-07,3.749606792425635
56.955970459150706,141.4829691614992,1.4766377577862866,4.964364373300396e-07,5.612713572274902,3.260243568345398e-07,5.416200276257774,-2.316189172690771e-08,4.254589979862343
57.74965344507052,116.73194334515956,1.7620640609961558,-1.2513455571018092e-07,8.09106618023986,-2.933180628158658e-07,3.5044984630485123,-1.4660855592371364e-07,9.64991973399588
60.43293506404208,190.21834798696918,1.814553002344488,1.2251487861197242e-06,7.999395357279193,4.509969725338515e-07,2.2812662397538803,-7.887444449674809e-07,12.234875189160459
62.16950225366714,185.64496749134443,1.51015128717747,-7.255872538904938e-07,2.795524626813824,2.5811401273239426e-07,5.066978727272994,-2.0362396403319916e-07,9.642365724950459
61.895422056896706,180.72150938928135,1.4765025204464317,-6.23715425313162e-07,2.3930956693659566,5.708536549437845e-07,5.597563721738613,5.927315083165667e-07,8.06135095316384
59.71389361070563,136.99933699238002,1.564772174982866,7.321037727298118e-07,2.587036650787815,3.676617519420863e-07,3.0728894161131084,1.1238407861270103e-07,5.803697084339675
59.35111562373189,67.14461831121525,1.2185918959946096,-4.2690542276295097e-07,4.162804942173622,-1.774167614245427e-07,5.773435067000602,-3.778187668253164e-07,4.891174708610411
61.250239376192326,138.94648086827502,2.0149566866453923,3.192438106162372e-07,2.0819907960005826,2.928255703692129e-07,2.8126887632210718,3.0758676180150103e-07,7.854305110519796
61.766169431398225,127.06537790549534,1.5404872505747023,-8.095943779860787e-07,3.3638625178670396,-4.741095913174329e-07,3.8544297209194442,-1.8794132100341151e-06,3.5021722884903155
63.3670319709573,130.52468263424117,1.416583512511529,-4.6628037678463406e-08,6.097946087151469,5.629815060792435e-08,4.872571940821898,1.731876575069451e-07,4.500251635851626
62.82062659539446,133.83163312146453,1.6180875023983115,-1.3295069485759557e-07,5.009886878420405,1.3213313983409882e-07,5.5977245776157165,3.634878123555237e-07,8.062900867513696
62.23041255440383,112.40123211584869,1.4747609492006695,-6.753236290985381e-08,4.5170795627592275,-1.1138593995181928e-07,6.086266704175617,-1.926349730081051e-07,13.49452060470481
61.449266680416024,122.60896684467626,1.3825459846681276,1.797089400639854e-08,3.760410369971427,-8.120867307517663e-07,6.522425436790623,-1.1226152096638784e-06,11.005584766307047
61.066406200944385,121.77249374158023,1.375583964085507,4.259774851527279e-07,3.5533089489642324,-3.491053748219964e-07,5.84389183937659,-1.0414945908695e-06,12.006342395721765
59.98676319504896,118.4190063197788,1.6627452620451129,6.199089063489494e-07,3.4423743075778748,4.7012340879405115e-07,8.11818565658657,-1.5540499998099283e-06,11.073143139970606
63.35629190277357,118.36278297522595,1.7057294549322108,-5.886199841658361e-07,2.487444571664533,-3.625300093424341e-07,8.246605468419354,1.1856872281034742e-06,6.508028960552763
59.878636978253674,110.55282807665837,1.4673069257583655,-3.184843814018248e-07,2.5390537831655196,-2.008373537637442e-07,10.045499052707138,-7.185297368293884e-07,7.350413364013178
57.551874783671956,170.4002030983189,1.4055668454351335,4.892355436257495e-07,9.884986435354316,1.341094518818334e-07,6.851194124738604,6.482468250473271e-07,2.9457424509739467
61.33681929192015,90.26769845555238,1.7296103782090657,-3.1538356217506187e-07,3.286216610362165,8.36183987441001e-08,3.865003397300319,5.982954085310278e-07,7.031149276170559
60.22730198956227,96.92578387364411,1.553921772259806,7.943751854562387e-08,3.0514985919724316,1.7826583948095003e-07,3.3250542319967757,9.681730921573494e-07,9.477955402300367
58.44860150614434,70.21349289895133,1.713878599170385,-5.370052697846198e-07,5.281318265717859,-6.781281340420956e-08,5.708226040837229,-2.0508587186990696e-07,7.659243130455836
60.2531527835535,126.6658703430718,0.8102337312166088,6.483179125459787e-07,1.5169105666955363,-3.3653661010928526e-07,5.642374506963149,2.720225204806385e-07,5.2404275538245475
59.20334670121537,87.38295426523443,1.623692749870788,-1.5457067550455635e-07,9.083922234881962,1.5564801338242307e-06,6.232931725162818,-9.817584840020858e-07,10.669502736640199
58.92299895517116,122.28635436323675,1.731878201430828,-9.625797548496307e-07,5.562268862382666,-7.417463071904274e-07,11.123860010279133,6.36923235167513e-07,19.73092271459138
65.27080609275028,115.1045574442411,0.8311140814459409,9.761797990343304e-07,2.3568181453477304,7.740754340402462e-07,4.475828124249896,-1.9084103946850643e-07,3.5306865170138546
62.16847490240972,98.47601873049555,1.0715207419545263,-2.536186790504513e-10,2.6546155751687075,4.4695767416364836e-07,5.1966967265745305,1.3783553499468836e-07,4.129179240094447
62.48488856809673,94.31472973433563,1.202166724453848,-1.0551486695691243e-06,2.8494818480224744,-2.990487448782399e-08,6.18252943236296,-1.782858371295153e-07,6.346818416191368
56.519802192216396,111.34399241667901,1.224704083722119,-1.1057267390958856e-06,3.858672885952822,-2.0874477005928078e-08,4.77996414765356,-1.924094249253499e-07,4.743450165690309
62.9975991285156,128.77849774531137,1.662071534562317,6.493961614553132e-07,3.4355790408933635,3.255011436680441e-07,5.374034813568421,7.400006843248278e-07,4.635670115383112
61.0187890950607,82.0621477581176,1.2620986820238078,7.678810894370875e-07,3.3598243117824733,5.120604705265999e-07,11.703273563187436,6.431000176236664e-07,4.40540034946791
57.84979611667297,177.9017307784331,1.0062171344355917,-2.2026303411514225e-07,8.777843071600742,8.821024116914097e-07,9.201958767989893,-8.43029075591579e-08,6.886910194774893
58.1446620310509,221.8323193394066,1.2287835211046123,2.368183727705694e-07,8.083775567210422,-1.0364009759745847e-06,2.962222792898416,1.4895451431217162e-07,7.986397220534561
58.14207741017233,230.24499535803088,1.243476679221719,8.145420440920937e-08,7.484879336172993,-6.071747492305975e-07,2.776469575928806,4.3141698129183736e-07,8.288946491803793
59.28220074254597,212.48911424597532,1.2095691919206715,3.7451279507210014e-07,6.024642821555267,-5.59746888629093e-07,3.0620903203814662,3.146998067756915e-08,6.735516115663739
59.310382600611185,200.10015639019107,1.095430418932474,6.467444845354777e-07,5.69087787136982,-5.430149420252038e-07,3.9922474742128506,4.974099196405535e-07,6.323941505656609
59.66018614049805,203.37245836503442,1.1913927869834957,5.748558581678778e-07,6.1436084802110305,2.647539047476711e-07,3.9785201396469776,2.2759945750446073e-07,6.263063644331148
59.66018614049805,203.37245836503442,1.1913927869834957,5.748558581678778e-07,6.1436084802110305,2.647539047476711e-07,3.9785201396469776,2.2759945750446073e-07,6.263063644331148
59.66018614049805,203.37245836503442,1.1913927869834957,5.748558581678778e-07,6.1436084802110305,2.647539047476711e-07,3.9785201396469776,2.2759945750446073e-07,6.263063644331148
58.64083032590027,117.40191225318117,1.9222867567111572,-5.131598853689444e-07,5.178265171675925,-4.815376891299456e-08,6.020135007685979,-2.0470327980595374e-07,20.593128123669775
58.092605200520225,132.52349156898305,1.8491969217738466,-4.966692316685277e-07,5.343359455696938,-1.6638624638041198e-07,5.635372263207284,-1.9681753029585513e-07,18.019251051879454
59.329615087137235,181.9926441306897,1.6872793209775316,-8.445932004743916e-07,4.1813854827201835,-6.711939130318907e-07,5.928783311918266,-7.717695905651381e-07,12.084177821699928
59.999504295700355,81.56469000400534,1.1970702526861992,-5.619904371031738e-07,3.9967394561825147,-9.508275921298042e-08,5.6583020768669625,3.024198827132055e-07,5.46663962579431
61.15822228174498,77.69163793651425,1.5455340551720496,1.1522215918644731e-07,3.2815137358316435,-1.8642658115630367e-07,6.240818005239051,5.28097928161142e-07,4.121889961175161
58.26666959339758,155.6161156958204,1.6923407537369586,-7.731441061008217e-08,5.572968083946451,-2.4547261789644165e-07,3.8305766994125277,4.23448808692993e-07,9.751968148405691
60.579765987011974,98.6366562343792,1.14014734906125,7.13286130799832e-07,3.163303827493389,-4.802610375587167e-07,8.2619444649406,-5.24962170649777e-07,2.944214570166058
57.865651357413626,88.56095055334588,1.318989423456203,4.957664646238391e-07,3.0888391838751126,1.9170930556340588e-07,4.733773288547303,6.628242190422095e-07,5.093827336123435
61.067345955185985,117.46699014684916,1.5993392451149804,7.810381411061303e-07,5.29056417518987,-5.603135099160847e-07,5.188988294703503,5.652623295708863e-07,8.836945234749393
59.43998249087419,105.77541229030665,1.3199231549662243,-5.216523450210838e-07,3.7165088676820255,4.6084053424353703e-07,5.592767232986523,-4.6113829507462156e-07,3.7756789977302536
58.79866677141511,115.01036052659585,1.3376359305752878,-5.635581629825694e-07,3.4632705952318545,-3.870234773462108e-08,5.305638668475231,-9.742645896352873e-07,4.835492557692049
58.24988518459403,107.73307846309326,1.3412561934709482,9.156334790774753e-08,4.105845427755981,1.4255820314898136e-07,4.829716485998632,-1.1536897071785278e-06,6.831345928244665
59.45545812556599,61.732222438983946,1.4348498083926178,1.082378489227123e-06,2.739758017330539,-3.508505363219546e-07,5.4645160319169825,-3.481247177852458e-07,10.007219267132042
57.155608057715874,122.06058923310975,1.9234945486929724,-1.1223896507246434e-06,2.928613088651941,3.8202895129904296e-07,4.5481160492359605,-5.005490512130589e-07,2.2152341749307727
57.650367742485926,170.3492170557758,1.5479018141281555,-6.462935732371512e-07,4.723248112254848,1.0044369890268438e-06,5.262697701308062,-2.9446995415100732e-08,3.0795590472754277
59.91506384427353,133.75116576484768,1.57341158448851,1.0546929577284867e-08,1.9988982117522105,6.067704973838979e-07,11.137799278564383,-4.6507360737798456e-07,5.058429372578472
59.41861759356797,115.63652874504828,2.02266959052747,5.444601522728559e-07,3.282443594751518,-1.4910761848170762e-06,8.349047111197834,1.7750964750453165e-07,4.206713445319368
59.95386675447287,127.82276758445722,2.2566667360482318,3.0626173485635956e-07,3.170813032411611,-1.177695552592226e-06,8.64326896737924,2.547251180185593e-08,4.587356938278512
61.80470026967097,98.97042321124978,0.9887553173664316,-1.247072227497381e-07,5.242613357740671,8.501941032387163e-07,4.318697963552188,-1.472251083639497e-07,3.79049293433841
58.880993101767565,111.58406828024613,1.6162686301581093,-8.461250794491421e-08,3.3092155678209627,-1.157592067923214e-06,5.059930076730173,4.1567092878964263e-08,4.981315741851488
58.880993101767565,111.58406828024613,1.6162686301581093,-8.461250794491421e-08,3.3092155678209627,-1.157592067923214e-06,5.059930076730173,4.1567092878964263e-08,4.981315741851488
58.3164401953318,102.0623322686842,1.8051335176594907,-1.930234027247532e-07,3.2431171977066375,-9.435510186428736e-07,4.540685193279328,-6.00784222165656e-07,4.871814650940315
61.10059987151231,152.07979817433298,1.2099014065351663,-2.485703406849974e-07,3.9511379553141084,-1.1953909906224404e-06,5.706859069258738,5.75843845254078e-07,8.621078004978143
60.90954300549314,135.54604086731146,1.700926514906127,-2.912722893868537e-07,3.3588931317072146,1.3141975996805963e-07,5.272766318199498,-1.424592424319459e-06,5.790579748327573
60.27731122068759,137.93999172924973,1.7875013011799443,-1.809028251265848e-07,3.828115274198709,1.6899932189109526e-08,5.76648645182887,-1.4900269832394408e-06,5.883480550405734
60.177871233988945,136.6499122487093,1.9516135275977362,3.220914525033451e-07,3.659117152647771,8.842210053332322e-07,5.7561180904328895,-9.714545732984364e-07,6.600726081542568
60.34008158021396,123.95064439821023,1.8963176969121673,6.037594297203321e-07,3.2610822390564707,8.708754775180766e-07,5.556837756238521,-1.0754237144019577e-06,7.190492070685793
57.00308250605532,146.70633989282052,1.4081717813339656,-6.451884697127254e-07,4.394944989767799,-7.184761873461822e-07,18.084439951090424,7.559581425563744e-07,3.3435436875696016
57.81221791995192,164.19859243423286,1.2829744181939335,3.057189662942278e-07,3.595743135740713,-6.685778475829589e-07,13.866729415740862,6.290709483706417e-09,4.007923454145397
60.05428024236149,83.23551971440475,1.4503154473424555,-2.9333298575159454e-07,4.759853605972123,-6.302650842025979e-08,1.8988292556652888,1.8291481118249579e-07,6.783366466146655
58.095882521013365,87.28346295184082,1.3903357643780232,-1.6176332932751523e-07,3.213859640727429,1.3815963170727077e-06,2.632071870023613,-6.294568915030856e-07,9.74960820421718
56.995215963553676,92.04990421585123,1.2415930111358828,-4.623035296840286e-07,2.991090308446112,1.3389106322207165e-06,3.095101682325518,-4.253652557168501e-07,8.700339199432385
55.740135533756494,89.81072891962982,1.3022730031194585,1.4798015682389644e-07,2.264691159372356,1.274759874265094e-06,1.9703598350823004,-7.089705442399663e-07,6.554341206969007
58.025673264752506,142.43902899575096,1.4310233006081559,7.811256440121166e-07,5.771295405407142,-1.487445536255292e-06,5.653109086702365,1.3099644433947843e-07,8.28470237731475
58.74722800682178,109.97562170348728,1.1565000324945915,3.83414055594443e-07,5.1555730063782494,-1.4450092694201556e-06,3.7895128880810764,-6.098540387909621e-07,12.657807892093606
57.75033733765496,106.00856671096254,1.139027488909796,1.5952692117996176e-07,4.767102822638645,-1.3469899546401987e-06,3.6122506987421796,-8.76274992844994e-07,9.948752674095259
57.569655395831475,154.34614116419053,1.2267522425620658,-5.57495157155694e-07,6.562622224858484,8.364889143122718e-07,2.9965476408022647,8.046408703872949e-08,2.954911144920621
62.98610047152721,98.35760929051631,1.7161784251445114,2.2597895045679335e-07,2.6154530364548068,-2.628572160387743e-07,12.580616479213555,-5.19109590537996e-07,22.452477059792056
63.39422530132478,99.20565442429029,1.772095976821442,6.076064222505245e-07,3.0332899582665056,-2.6046106743616873e-08,10.72314441209942,-5.609028233257395e-07,17.295389903474675
55.912852245860385,110.19095036901052,1.13086836509007,1.913216614333828e-07,3.3826375465130423,-7.96024862864893e-07,3.0960623766157642,2.931241503551899e-07,3.425405606746349
55.31825217677734,104.92431298052306,1.083347153301688,-2.19795849328715e-07,3.2694294977335665,-8.130435754543368e-07,3.0021741650587237,6.09041653447196e-07,2.819233231029315
64.76500393012597,101.82567562528082,1.4000069089644964,-8.906326013833054e-07,4.31271252089923,5.848944896538986e-07,7.261690020354652,-2.0620248430187142e-07,19.116742451306955
56.1304946388505,100.71891988852047,1.6072631345822395,2.1654945926513123e-07,2.9531884744709793,-1.7616996663849476e-07,3.987773569626581,9.24225608668381e-07,3.1121045001799454
55.284322511180854,99.3483823401876,1.3967509490847947,4.928088961891164e-07,3.3176563616888277,1.8725850777216996e-07,3.3995594660747455,1.068198886617064e-06,3.1086030716315434
65.86825164915992,113.41707619626224,1.5358735033001591,3.867057193354713e-09,4.071610042290166,8.505342274997369e-07,6.952095823975788,-1.5631722919819423e-06,12.764447586054759
65.73864681611452,96.76335192039407,1.919211780924704,-2.9368010393038535e-07,3.81943472240453,3.3062066394124477e-07,3.3203627064384773,-7.726298300090914e-07,17.563891568543045
63.26102533386058,105.54546480170784,1.7132980197532457,-6.141751146913694e-08,4.137271910755631,1.8332614153917453e-07,6.155383536217401,7.083061184564881e-07,7.810320185518176
57.305865101664736,97.54966287621255,1.6685891010870106,1.553151615985379e-07,4.038899136963877,-1.174887980359034e-07,3.885165444636979,-1.3671413490071536e-06,3.0279148063753443
57.95504581596487,102.81365152051698,1.7981887649028259,3.3143414351396296e-07,3.4149601977222535,2.655461343139404e-07,6.632462702805603,-1.362120700480639e-06,5.113697768826808
58.87284915878036,119.1789382495361,1.3910634132589759,-3.3146152310071984e-07,2.260217542818404,-3.189364387148626e-09,6.900637888226935,9.631469759289656e-07,4.522570902933352
58.980517879695036,131.1287913941288,1.1977963871177886,-6.407380756920557e-07,3.31268359608764,-1.2915839236782164e-07,8.038765342471661,1.2920363388366682e-06,5.038499000829121
53.892804487575745,95.36329641793192,1.613932382940294,4.964697586178619e-07,4.428899834391573,-5.380227917657751e-07,5.199379060978564,5.329584278319559e-08,11.32300162864352
54.78917440731885,101.0345325801766,1.6213268834642571,1.0332076586470552e-06,4.829116833576421,-5.133957559810359e-07,5.716123157607963,1.3686040639142506e-07,11.744503793264828
56.93469069567262,99.1816603040075,1.9593501639417255,-6.079486624263164e-07,3.804911370103071,1.3144451776421619e-06,10.770074052991522,1.0839121384643861e-06,9.51880607980739
57.08928490654899,92.39061042666772,2.0767672125949432,-6.65523266422998e-07,4.347670914683813,1.2046864664673751e-06,11.120172657059895,9.021159781315178e-07,7.8368814961251
58.88682283288357,139.77253408429718,1.3375197100810026,9.353336805883632e-07,3.895928548700615,-1.1662778194401588e-06,4.855394540988954,-1.154367641527084e-06,14.40211011331548
59.307977871360094,174.67294900559475,1.1891612198554533,1.8837604306437672e-07,3.562043984783207,-1.4789847067195123e-06,5.922396445442175,5.070320822195496e-07,6.345201243468152
59.08306803177142,152.89163070906605,1.152543544638674,5.500269784997032e-08,3.136772628461169,-1.3548093141478028e-06,5.5711648494366,6.156768697491527e-08,5.409345284580608
54.89946111925286,87.068307808524,1.4459657033358402,-8.704013304414376e-07,4.30373245119983,1.6087309954250926e-06,5.131038757576108,-5.040760002836838e-07,11.82206299036905
55.6931688593325,90.78841080067062,1.5590579111976377,-9.737215059783172e-07,4.0293228684559335,1.7045175956225514e-06,6.1857902913936975,-4.287297899144489e-07,9.37694842969727
57.92881024198518,96.96599079245533,1.9620112929276523,1.046967236897233e-06,3.046850092972167,-8.182693965327329e-07,4.741230499657906,1.2395408680846388e-07,8.742508733324794
57.65120520136552,105.58353084765247,1.8617280373280674,1.0846235196364098e-06,3.4397361182871076,-7.434860717158209e-07,5.65389572175154,-2.0890656406012903e-07,13.708872855799019
57.65120520136552,105.58353084765247,1.8617280373280674,1.0846235196364098e-06,3.4397361182871076,-7.434860717158209e-07,5.65389572175154,-2.0890656406012903e-07,13.708872855799019
60.02195956647323,127.7562833194633,2.4694244970161567,-8.942889527361534e-07,5.160811328509667,-1.3733411254015225e-06,3.116507732980484,3.287096742321806e-08,2.6538986888763234
60.02195956647323,127.7562833194633,2.4694244970161567,-8.942889527361534e-07,5.160811328509667,-1.3733411254015225e-06,3.116507732980484,3.287096742321806e-08,2.6538986888763234
60.36650756667627,95.80663771521077,1.8534519926286448,4.359784835305177e-07,4.7706452924347715,-2.2938950820686642e-07,2.576254318718611,-8.377738380752171e-07,2.89319934069068
62.496996871542656,159.19336493409878,1.4005049520437538,-3.145249355792664e-07,4.608218166669775,1.3602252558841998e-06,4.351577251585894,-4.6601768159345573e-07,6.744618774947947
61.3660486541231,132.74829248758522,1.5292828412220665,8.293091020307843e-07,5.983779284540861,8.293277370848569e-07,4.38454490552285,8.881887356904057e-09,8.587683539383766
61.9217986200269,165.35010556289996,1.8767533927243245,4.4533952466943037e-07,5.531706662358256,1.5156981653479245e-06,4.554771689024258,-5.26144028912068e-08,8.995524234388037
61.9217986200269,165.35010556289996,1.8767533927243245,4.4533952466943037e-07,5.531706662358256,1.5156981653479245e-06,4.554771689024258,-5.26144028912068e-08,8.995524234388037
62.35024363598862,146.9756018636764,1.9479445515505236,7.44658799704925e-07,7.532099661834609,8.979429802703688e-07,4.971885236624899,-1.3468462805720476e-07,6.841442597789467
63.19054883719697,151.7081119805462,1.6265755511957134,8.691954647675615e-07,7.914920670661482,5.854892793669595e-07,4.952652843877685,1.1202661570935246e-07,10.483149227240222
63.19054883719697,151.7081119805462,1.6265755511957134,8.691954647675615e-07,7.914920670661482,5.854892793669595e-07,4.952652843877685,1.1202661570935246e-07,10.483149227240222
57.80568572525234,132.83881291404563,1.306798275591268,-4.805423536106799e-07,4.826458611458675,5.241073740542664e-07,3.905532456905816,-5.264164690983003e-07,6.131893275704494
58.13446347219313,126.67314820998635,1.34121741575481,-7.219502587161783e-08,4.71565893174566,5.701742823951178e-07,6.538088970829901,-7.746659530229775e-08,13.269003633904898
57.65259683815734,108.9090030943057,1.5974689632268229,1.1550004857800362e-06,4.156686535874992,-2.236421545802212e-07,10.027835237470086,2.462998805413888e-07,2.0137091528278397
62.52981674763439,124.11704521318548,1.6264693738872524,-6.111045376693694e-07,6.218578145788949,6.828352783751024e-07,12.569379109524503,2.8764971847556257e-07,12.378780410178674
61.630351126931814,170.22764402185447,1.2369312526187557,5.935276124992624e-07,3.7234811001372825,4.0462005702416964e-07,12.449477716854455,-3.107207131494827e-07,8.193329223984922
61.807036000425434,174.30577320955697,1.289818112059038,4.2031142889878076e-07,4.1178411320669595,6.2283801597131e-07,12.282328672670145,-1.9017513846215366e-07,7.008321892242906
61.60468409555746,150.13945023225034,2.04200243026043,-5.313883968404178e-07,7.591844427687502,-1.3325853565559518e-06,5.225565526047619,6.620415967368153e-07,18.64060172263758
61.769287583631765,117.51507973277762,2.0796874080973042,-8.939911491791714e-07,8.406766346387656,-1.3186086897813405e-06,5.315582108451767,4.840368834694706e-07,15.059146561661244
61.769287583631765,117.51507973277762,2.0796874080973042,-8.939911491791714e-07,8.406766346387656,-1.3186086897813405e-06,5.315582108451767,4.840368834694706e-07,15.059146561661244
62.39097436305009,119.21749689654919,1.7121567663099504,-1.1799252246368654e-06,7.046308565988971,-5.70349518104889e-07,5.05624232501267,-3.3811210348462827e-07,14.914307774647034
64.80659923105989,139.86593008483447,1.6081445732323636,-1.0183512664579616e-06,5.596478606486732,-1.026147453203958e-06,3.434643803111287,-9.153801208539742e-07,10.505765831341854
62.89885775085459,108.23230710711528,1.711070921004349,7.646841843571345e-07,6.376614402729411,-7.873674196882211e-07,5.015983454873435,-1.8989311527270677e-06,6.543146121796726
60.25889435915778,90.6618988076815,1.6109762978724949,-6.492053762437133e-07,4.198387176671844,-8.624576084669909e-07,6.26450640605056,1.0350920505102507e-08,14.732146534482968
59.07376334221022,99.11807055569187,1.8384176168164492,2.81520480440232e-09,2.998109801119423,1.6644773818372833e-06,5.549497482229502,-8.741887468730244e-07,16.499704111237183
60.36220287089259,98.35465043901299,1.3726499645924328,-4.871675198721294e-07,3.6888783163663312,-7.51404131789249e-07,6.3429057672722795,-7.696687182489239e-10,6.069759817277025
60.02542905122688,100.48911577301348,2.2828269826716605,5.047968911199721e-07,4.127580727620454,7.672381195391229e-07,6.612094920608223,-6.6705287267219e-08,5.103010671798205
60.256966385808596,110.80916744447337,2.4833756435763017,5.5389922029148736e-08,3.8217692020417084,4.2525595664446807e-07,5.683939791688582,-6.776009769636837e-07,4.857398738724345
60.10374004120612,120.1849748816736,1.7033775080342128,1.1002368020422663e-06,4.778613842486928,-2.3786643297964442e-07,7.9825528264885595,6.784546070610499e-07,6.786097615323293
61.440458031126255,120.55522655275314,1.744162761474099,1.1366802102231212e-06,5.955364367158381,-1.2195169529185548e-07,7.139497778568893,-3.701833108927737e-08,8.319334361047396
60.730678795573816,118.46243281374801,1.7583270451853399,4.367912205280386e-07,6.079633887092112,-3.0621057881366315e-07,7.543372149098765,3.184820408248211e-07,10.125405515011916
59.73781523243157,141.6219372493293,0.9090064493833754,-3.115184485772571e-07,4.57822363040129,2.743306537262555e-07,6.690255194121064,3.398201348093883e-07,5.525852402364902
54.61706848316169,84.04668318612465,0.8870627317775389,6.58200510488963e-07,3.2175236928910165,-3.048498709364472e-07,3.0056021240885658,-6.820304932837744e-07,9.475617264640816
62.60867945293929,143.86120550230027,2.3312424861785344,5.214206243500682e-07,7.6940031686680515,-2.226028615988884e-07,8.632258050069028,-1.7263016865533218e-08,4.754237259060615
62.39620015809744,151.35448543129192,2.276485232205681,-1.7702838353839908e-07,7.605772520297654,-1.9178082265942884e-07,9.176910946743774,1.2838293947883806e-07,3.621994841850087
56.554669365398304,84.89033180866136,0.8407992508848269,6.666538071792177e-07,2.0086593729396856,7.314922356243951e-07,4.857546773297477,2.7476234086412467e-07,7.217652588322172
58.23582003109571,74.58496366506618,0.9135960115834474,4.849591754737558e-07,1.6098552123221572,1.2465601899564465e-06,4.357253147902514,1.19648424736837e-06,7.840181666043252
61.1249907845091,227.44408210498463,2.2213845949372875,4.853696292371774e-07,4.90014927640203,-7.648620323816033e-07,11.548509230933824,-9.215487415218873e-07,5.329383846933171
61.404371345989254,163.98007169127908,2.0016560423541887,9.071898245776903e-07,5.317057888449413,2.408856983192251e-07,8.996700663456533,-3.574486572272455e-07,7.097318858930809
62.598350033353285,176.81185229288883,1.9431930607161545,7.208519933307102e-07,5.404162491907698,4.692391217864847e-08,9.116723885563557,-2.5101239182452894e-07,7.1173869668519165
57.6543521678951,72.5609474404297,1.024876202060726,-2.8173386631612005e-08,2.8129959177841872,5.704437199637503e-07,2.9754630917861777,-2.860114631524085e-07,6.070537901346901
57.44830623265114,69.96816194908628,1.4337879917200398,-4.7508609057996765e-07,2.5040883870588466,6.796823735601675e-07,3.5554341359808146,-5.166956640148813e-07,7.023127676837492
61.02033623815558,148.8653605192184,1.5625295353453776,-1.122283512623889e-07,4.312467633128701,4.08345455407195e-07,12.732446662302193,-2.0149875418481455e-07,7.111308509240455
60.84544607055306,140.6011693196378,1.4863984444350924,4.4873335980538825e-08,3.922796867440299,-5.9178726354757914e-08,12.083920013905098,2.8669238320034422e-08,7.873740423141458
60.84544607055306,140.6011693196378,1.4863984444350924,4.4873335980538825e-08,3.922796867440299,-5.9178726354757914e-08,12.083920013905098,2.8669238320034422e-08,7.873740423141458
60.0706645545556,118.10929098323513,1.4198028377492768,1.3803180692788268e-07,5.964816915757575,1.1286947725414834e-06,9.264937242682114,3.126219932882868e-07,11.360012531076254
63.55561295886884,144.00351317213745,1.8833251077594384,-4.6357961139236196e-07,3.86631645708827,-1.0429895454099177e-06,6.065335450420305,-3.698113870938365e-07,8.950074881698956
63.17517054242604,147.05010081409046,1.789562654229264,-3.480381705924102e-08,3.963827622823357,-9.352582780527925e-07,6.991869615074867,3.829419472439905e-08,7.962249630839173
57.52027994029668,101.06549005831285,1.1253244910435687,-4.073965823493247e-07,4.392300740492965,6.522543491784785e-07,6.018643698731335,-3.626405004686159e-07,8.476808596393452
61.5098743251794,87.21366091227608,1.3706229779332306,1.5679967002604898e-07,3.5401429747511113,-6.74309555067248e-07,4.041001130489649,-1.2559828874187304e-07,5.334615059892562
62.21814994025985,87.72766838163734,2.2052191993557244,7.374262644002669e-07,2.1832138041108475,1.7219972165618487e-06,4.643142755626141,-2.927006705782444e-07,17.83959526848508
57.319786004605184,110.60698736449639,1.4441340126644542,-5.810535603319897e-07,1.9617250832901367,1.4727685945525587e-06,4.969538263401683,3.23350803276126e-07,15.230895463610135
59.49121380928393,128.93226981879587,2.1567445176609716,-2.8711580717739737e-07,2.6415411088613228,-1.8238652649580963e-06,2.756878377666076,1.8929091062211377e-08,5.982981221855274
60.351386400120475,63.59440406645534,1.3879253392396025,-1.3887283191385825e-06,3.872732699269099,3.745391914776619e-07,7.939647709594967,4.363583137519733e-07,14.489760965842567
60.53617976290494,87.13245039184115,1.502358087437946,-7.830046493131864e-07,3.3916464637937738,5.457507721211876e-07,4.360598872004428,-4.814043012250588e-07,21.201220148378543
59.537406563771256,149.28993246345962,1.4570208619817582,6.995539933293091e-07,4.311723867036146,-7.902075991029119e-07,5.416812483188927,-3.1904264378534357e-07,2.243604508478634
59.879565044926586,87.89858109107354,1.4605339412509943,3.8093182722473046e-07,3.659289599914263,-6.86797924249073e-07,5.050711800312398,-2.188129621949882e-07,28.96841117274556
59.879565044926586,87.89858109107354,1.4605339412509943,3.8093182722473046e-07,3.659289599914263,-6.86797924249073e-07,5.050711800312398,-2.188129621949882e-07,28.96841117274556
59.5910563760882,99.86514733758837,1.359325807609613,9.753066678057691e-08,3.461437941384779,-4.3869419848296633e-07,5.066447607106798,-6.780703087754084e-07,21.765762437085122
58.591916334015686,107.78742718433638,1.4057430545092802,2.4404438340339465e-07,3.7311591976646987,-3.047351531648048e-07,5.660405477543115,3.197736038698813e-08,24.587317894090422
58.47251883072419,120.65111848962047,1.8022946927312748,2.395193190401741e-07,8.420179535022388,8.572203554258912e-07,3.2721527569384965,-1.8110326096988326e-06,27.278674467278694
60.393487130274615,150.47277212383779,1.543396516277004,-1.8986000296107123e-07,5.102578364775884,2.0620640892177e-08,1.8792539688238985,5.590639771825971e-07,6.978830584089137
61.22376782329639,146.8837528918618,1.8242232209870428,-2.691355905455858e-07,5.413342703685549,-2.6806855294263965e-07,3.687084643479542,5.940548755204794e-07,8.640032330052051
59.95259221363629,103.83520067963389,1.9241188922513301,6.693313035131804e-07,4.794476518031229,-3.5470165558277135e-08,4.532815408014275,-8.444845202017328e-07,7.595048920023802
58.83187464420814,157.65378851325386,1.072542772435635,-2.351248573540267e-07,4.618654183690421,5.028538697705292e-07,7.911406303346725,7.834961922153068e-07,4.721343718583318
58.75009247799796,114.03390660342005,1.6476125097552021,5.0832852320476075e-08,6.942330130157464,-4.214992552882366e-07,4.953420124110514,-5.596562011433947e-07,3.752518265958307
59.77635412166383,116.98636574441646,1.262699800668028,5.78049296693397e-07,1.7861273467945644,9.617737055175988e-07,6.499946184169534,-1.932974594840674e-07,7.006895133170102
60.18373239149868,100.98339664012244,1.7199891183295777,7.046324009566462e-07,1.398286852582938,2.0562848821094248e-07,9.045809675523772,6.878382476377513e-07,63.80351381814387
58.50330597358706,88.41905532294538,1.1513379963765136,1.9880739458777357e-08,2.0027285861083577,5.28331822434806e-07,7.227592060001774,2.61818966237449e-07,49.7598105780679
58.74434339752206,92.5540226848414,1.0327278937650273,1.1864078439042195e-07,2.05822964522356,-5.9466789902820795e-08,5.106121906989851,-6.009366515768451e-07,54.04024731917265
59.43079306779384,131.15869889563257,0.9961048952171339,7.735897182966555e-07,2.7523506252010397,-3.898820977447759e-07,6.550378678363437,6.708428324073022e-07,66.62385644156772
58.98478730345003,118.29177899801539,1.6155946307382614,-1.3273753035189308e-06,1.9688612076792071,1.0445810836469958e-06,4.561486285460111,-6.309144883068881e-07,5.065069452398366
56.56591654293616,87.05628609502352,1.1331625760004576,2.9229664648125606e-07,2.474485389041712,3.9504539072642905e-07,7.344968590066285,1.761236712909027e-06,5.808820402812459
63.141996775281775,127.78592890162766,1.8000420266722752,-4.0797408849298257e-07,3.2095533144326414,-3.0000631766069987e-07,4.348479385743232,1.2502052496760053e-07,8.832391588129818
57.194005581287676,120.91695015811939,1.3101966831390897,-3.048349267617726e-07,3.453094176869953,-3.7370760353198763e-08,4.30033974549107,1.5193605027837369e-07,4.382844902371965
57.887880500408,125.70940644684471,1.4955312588656418,-4.4855506803449657e-07,3.889480808048548,-7.301915833136299e-07,5.760738317199592,-9.054786481670392e-07,6.923828667392043
59.66320458677999,112.50631731870286,1.259863129920471,-5.776702165775136e-07,3.679272730519014,-7.945052275435844e-07,7.39158140640625,-7.819672178768904e-07,8.652346288512176
60.468799905533515,114.7115138393315,1.319037890156872,-3.658822493281609e-07,3.474810101203067,-2.3275251970155652e-07,7.253973180429378,-6.522253318775683e-07,6.820594267755249
57.84562539458546,148.21076046063928,1.1714114849913162,4.139522263652816e-07,4.205550768170066,7.469390874741108e-08,3.6086070186526316,-1.3213042542824267e-07,32.639985022260596
57.84562539458546,148.21076046063928,1.1714114849913162,4.139522263652816e-07,4.205550768170066,7.469390874741108e-08,3.6086070186526316,-1.3213042542824267e-07,32.639985022260596
62.820813792517676,86.29772956309965,1.1470710362131313,2.2250189900147553e-07,4.813211308626916,1.7301817086554917e-07,3.3403153491635744,-4.3724627228453383e-07,8.587002597348269
58.66894190695927,117.06608895891445,1.5086620033329943,2.724544446946977e-07,2.821126368182327,-5.332592439961949e-07,7.639903985699297,-4.7126060547614864e-07,6.063805027887781
59.39290007408449,113.79805568322556,1.5009607565175707,5.143203282086423e-07,4.499395339272904,-5.106246348900801e-07,3.3529282232154842,-7.328681459705352e-07,5.556733197185274
57.998469331276624,114.35355761410847,1.5701026387059762,4.253823731051841e-07,4.187466305515178,-8.826709516830749e-07,3.7583986676231635,3.339283445659518e-07,10.337594611191413
57.0161348173315,125.14711626791008,1.3446428432953674,7.667377433642529e-07,4.172388344033599,-7.937656225559998e-07,4.1927647296222865,-1.9025601166389687e-07,10.34731880368289
55.92664710258605,127.92966466877303,1.3273165891869947,3.481571998032971e-07,4.626137042172721,-3.9938878385597667e-07,3.7492346637127856,-7.745640592706328e-08,13.257954432363029
55.92664710258605,127.92966466877303,1.3273165891869947,3.481571998032971e-07,4.626137042172721,-3.9938878385597667e-07,3.7492346637127856,-7.745640592706328e-08,13.257954432363029
62.948743564195986,77.47818306882328,1.833223462394909,-3.4550918079700667e-07,3.246016377937748,5.654854018377709e-07,4.94898200860878,2.510766038816432e-07,9.84576001144393
61.31113081737247,106.10240590100223,1.1842625751059979,3.432678927620359e-07,3.8496650678273996,-7.00961578696982e-07,3.3591191667047346,-3.4422888203730525e-09,4.287659623634627
61.92035127271502,97.42724199224308,1.2723343959992508,-9.419570540833842e-08,4.124871489055336,-6.156582766292082e-07,3.5384187581076505,-3.741156584627502e-07,3.607752358772987
57.361612738498906,121.65512285568028,1.7718638550503938,-1.3313019885418244e-07,3.006204549962024,1.6180708949760805e-07,6.335200232747704,4.016506320107947e-07,7.444212466596104
57.361612738498906,121.65512285568028,1.7718638550503938,-1.3313019885418244e-07,3.006204549962024,1.6180708949760805e-07,6.335200232747704,4.016506320107947e-07,7.444212466596104
58.61619837185518,106.26806479936228,1.3347094110754851,-3.979454876506978e-07,3.578857071933384,-5.051179956109909e-07,7.355129622440998,2.558388907469118e-07,5.005457163964564
59.9712687738229,118.16753035025167,1.5091466529801731,-4.0880521935015647e-07,2.4762627850371555,-6.41073389273421e-08,8.048690171484003,2.215351597616488e-07,3.7467524618426413
59.9712687738229,118.16753035025167,1.5091466529801731,-4.0880521935015647e-07,2.4762627850371555,-6.41073389273421e-08,8.048690171484003,2.215351597616488e-07,3.7467524618426413
60.680033881664905,99.46765882151509,1.4508808141608607,5.388178617894352e-07,3.030097987162946,-8.787248690727536e-08,5.001297702770956,-2.692530329392837e-07,10.13021706754183
58.612571919300144,115.62077318954215,1.494835259853328,-3.5994111305435436e-07,4.558426795506483,1.7364499965267743e-06,5.142585600636524,2.0147887306908707e-08,3.148665089275868
60.69405159641371,125.4409586414788,1.6601113621805799,4.873384057331893e-07,5.35229380446245,9.412732515051258e-07,6.282032623578688,6.744756521171067e-07,3.9852713932053825
58.58086629627459,121.07145568339119,1.3050797996316752,4.647135698525543e-07,4.780727874343576,7.39841926255948e-07,5.766916730784343,6.577209061046276e-07,13.101617603003316
60.70293421588853,64.70754460494547,0.9741845527285381,-7.506762713813826e-07,1.7335958186920841,-3.084727602984451e-07,3.9352571525508995,-1.447747691875689e-06,6.078367377854815
62.05702267132092,71.02225761732794,0.9058822729978993,-6.553567336419347e-07,1.6614087987858197,-4.105675963817367e-07,3.926669423702655,-8.635252558076645e-07,5.980786316036976
59.782229550249205,100.66698400800055,0.8354792485116803,1.844405716163593e-07,1.1177633992333,2.7739665573602475e-07,4.347118440846359,-2.0789570813113814e-07,4.920112621633312
63.57942334125886,71.24157782729402,1.3737810768160283,-3.318082328224827e-07,3.5850001392353703,4.264937358440843e-07,3.1609949343663226,-8.980877717626419e-08,13.273377573852956
63.53130425636519,74.26136337537483,1.2605052353500061,-7.372647048849668e-07,4.4173495226846615,5.423899653184862e-07,3.73229287904426,1.2090055345673027e-07,17.473255123759934
62.24697827611808,75.77116019540479,0.9195592394336922,4.911633948751925e-08,3.6310242952864296,-8.006133187502244e-08,4.085899588938791,2.86477191947568e-07,18.259251232312995
60.89110460696307,134.6708774852851,1.6737694751460703,-1.7260335514575974e-06,4.382439416391419,-4.886952443607151e-07,8.203098195357468,-2.1362873929127157e-07,8.181460898175326
58.7039000082052,137.96103335669056,1.7440516532425676,-2.0476922609041354e-06,5.4236747223115245,-9.941899517968986e-07,7.560399737864741,-8.008223191462332e-08,11.729785207785667
62.60565872445021,153.1488774050669,1.3705705904682006,1.012348621675607e-06,2.215373741103688,1.3488442198320344e-06,14.117718720252054,3.136951779170758e-07,4.1399961762866075
63.029345255767026,120.4352797214383,1.3643101292606332,-8.992812603815134e-07,7.537763379080529,-1.3959241613143468e-06,6.161144829035238,-3.681541919746729e-07,36.001898140333694
61.485611727110495,92.75484371640009,1.249237405555767,-4.903371933165251e-07,6.5384692009837755,-7.544364269276139e-07,4.666500031141688,6.634143409670691e-07,23.214793569446623
60.94724120466965,82.48496003091549,1.144065004651192,-7.110630520571906e-07,6.5775775763133995,-6.08743273320547e-07,3.434213623711701,3.856860733287105e-08,25.34039325226958
57.12633714119958,164.02672991094715,1.667890367984417,1.2900396767738767e-07,4.222205882797198,-6.44538732578221e-09,3.7342185544952837,-5.848460146099259e-07,9.971290179016686
61.57793207443356,102.77370908906542,1.164149076153357,-3.035000913904483e-07,5.324591126256182,1.9887328109622215e-07,3.1867627600989232,7.351289428127069e-07,11.151126091516469
60.60436838990093,115.07780243226377,1.6036075814940407,5.636038731721665e-08,3.7584502193710434,-2.8962769424605167e-07,5.162276713634205,-7.02469989415518e-07,5.66932155067595
60.06718079328293,91.2460600573257,1.3952958964206472,-1.3880577154217316e-07,4.232004248258977,4.962175565975499e-07,4.218216648409161,6.474189407788478e-07,3.6286221902160234
59.66505937768778,86.34540872037591,1.4831830095189653,1.1471563978381851e-07,4.719008992705696,-1.062639471691271e-07,3.284800150651977,5.304508905239591e-07,3.931981164899904
58.267371496793594,86.18482837041141,1.198149022307841,-2.577082526489126e-07,4.26814601752843,2.060060480345338e-07,2.831887908685251,3.667398050814182e-07,3.7311857462640723
60.748574259048304,152.87786961111703,1.5529509508301695,-1.9390254271783318e-08,1.800343331173718,6.88319063677098e-07,12.382490816839503,-1.3864895649661093e-06,17.124111204795856
60.13697265434413,133.61080391163725,1.435381812605308,1.9475507209517058e-07,1.5378695693902078,4.97827636354736e-07,13.32909881206773,-1.498360394641927e-06,14.200422545747587
59.71443391326807,139.86381880779678,1.7937263231885519,6.561701434343044e-07,2.165382225977145,-8.919561558754279e-07,8.710484867241203,5.401751211307234e-07,7.283808948701656
57.546808285780216,158.11014311327366,1.7181814850191446,8.029731603403387e-07,2.7302690111461936,1.3870334356830578e-06,6.865851588305259,-5.955336308807045e-07,7.680141197431514
56.428376080294655,194.63521458487878,1.5017241374484884,1.1359054823803392e-06,2.589640130761393,1.142084991004438e-06,6.15809709623071,7.913843533152192e-07,8.283607102345965
61.95072554881072,97.18696590709644,1.4448220747072884,6.77078113526822e-07,2.413711359172521,-1.3325661348523554e-06,7.253161412465803,-3.3797573259305207e-07,7.836763863601876
60.59009791470957,119.85360330093414,1.2253413873110894,9.072543636107645e-07,2.6437629028929797,-1.15674978473702e-06,8.68516138183718,-6.221737229417055e-07,2.927162233895925
60.19601012579876,113.18255517434703,1.2307367415974457,7.486202549723678e-07,2.4911315383647055,-7.935970052116151e-07,8.399311669584993,-1.4417169399129478e-06,3.2872670228986522
58.84595338335779,96.59861280297287,0.9884676060754648,-6.281195283561615e-07,2.6326260048795724,8.99858239097127e-07,4.289143640062931,1.2475696937887325e-06,12.617289284416765
58.84595338335779,96.59861280297287,0.9884676060754648,-6.281195283561615e-07,2.6326260048795724,8.99858239097127e-07,4.289143640062931,1.2475696937887325e-06,12.617289284416765
60.88819909237088,96.54328120230242,1.1732685053142513,-2.9713281526940434e-07,5.137145822273999,3.8289352917132194e-07,3.6293113604548433,-1.347840896187298e-06,5.463565718923763
60.48095027016546,132.81448176544512,2.0001981459898204,-5.499332782981574e-07,4.672531919385717,8.687038585325519e-07,3.3957224849153977,9.61914251690257e-07,6.186374357864916
59.63550719585619,77.74681761814352,0.9352690020941928,2.0760933333403325e-06,3.466479691951303,-2.2772488803660291e-07,6.987544643466599,4.2863212972094636e-07,6.95829678469546
59.63550719585619,77.74681761814352,0.9352690020941928,2.0760933333403325e-06,3.466479691951303,-2.2772488803660291e-07,6.987544643466599,4.2863212972094636e-07,6.95829678469546
61.89295613848906,105.42827134958709,1.0709679332326054,3.7064550771217313e-07,1.866288810795563,6.675801419831079e-07,6.567022915099745,-1.4162091528746882e-06,8.286887841034435
63.87711581686789,105.67799704699364,1.5444794998335392,3.9164000011618193e-07,2.4822863624650147,1.731474844804049e-07,3.185781603223407,2.763725599523897e-06,4.2198434641611735
60.875429874658174,83.3510179883189,1.3228416035313333,-7.203851421580797e-07,3.4911690196950653,-2.75018518205508e-07,2.8810447807315263,1.479285204884615e-06,4.231995934412654
60.99876877235309,86.36845983012587,1.3324108917971256,-3.9833083665947403e-07,3.4960789036952638,2.1898860250698698e-07,2.765615168118409,4.914919345459539e-07,3.382441300176169
60.749101635553814,110.55469019362216,1.8956642233424355,6.288791943269557e-07,4.456385088762034,3.8107203749818215e-08,7.44510847856531,-5.579845035878989e-07,10.725652366194506
56.220854482704155,154.71789580959103,1.2662030044669088,-8.852460949393464e-07,4.629710158232709,-1.440690932059248e-07,9.499769134077365,8.174191109361853e-07,2.470972342428819
57.29662144992549,135.7219367734881,1.3556551214933306,-4.926092915544467e-07,4.319491588158256,5.0258113322614195e-08,7.894252606965642,1.6922278279695367e-07,3.163954865535313
57.31493105901941,168.07057981083025,1.3768163889920784,-1.400882522497074e-06,3.9387575630030778,2.888199772789895e-07,9.508624363026586,-3.0885008746728083e-07,6.435255491600401
59.568170276379206,103.77090341214645,0.9243777699878093,2.6268742113633503e-07,3.0878636219458997,5.567835006181301e-07,6.667101889554397,2.8654583975959964e-07,3.5643690879831853
59.94670912904765,141.6494471693651,1.5759012212491292,-1.964456736515132e-07,4.6265469219689885,-6.39008637807934e-07,8.135710281487997,-4.289772725538824e-07,9.373975132543908
60.78363897927521,124.11508992711717,1.3841686539256584,-1.4038982196752247e-07,3.4866307163477965,-1.487551468615473e-07,11.092056809425214,-1.2178934696977723e-06,10.28647146227363
60.719860313987645,168.65949848835626,1.3152082192458938,-1.3295512188587324e-06,4.0011492139927824,-4.480645857445914e-08,9.470917967002901,4.097415659229426e-07,11.382310964525562
58.83375635235604,131.57482056234454,1.1244255279832216,8.540975102087477e-07,4.2670150759869,1.5183125466098102e-07,7.382285277972396,3.8950881302455303e-07,16.7658120739258
60.17627448803729,143.60469498745522,1.0239429137426375,5.791134088106322e-07,5.022007624537781,-1.1440542047448258e-07,6.804442921311428,1.1420933359212456e-06,14.706828145254073
60.61349932379404,129.5457200403416,1.0192783478190464,2.9700710982499435e-07,5.337980297462539,-6.118504935488947e-07,5.934550681811988,1.1618092706282073e-06,13.101435820225582
59.12890820059349,134.57618240318374,1.0122109228799734,6.563191783031931e-07,4.781089708096156,5.740827127432802e-07,6.345921498510993,5.849441852450037e-08,13.799583898399943
60.40930167262459,140.27176357571034,1.0459908125186077,5.054968811684149e-07,4.819531762183412,8.030992927556426e-07,7.080838721612094,5.862831206706965e-07,8.7721169886595
57.162997474150195,82.35236299265954,1.3452760829342822,-2.8009835900856864e-07,3.4329540449241014,1.2962535782975352e-07,3.9682856309317294,-4.166414268971078e-07,10.927797260716956
57.52670970640932,72.22158385315116,1.2043777958966062,-1.0057946935465875e-06,2.2166592011856427,-8.640007932563851e-07,3.4176718738241125,9.665731441679103e-07,3.7419536169802265
61.38674615319812,177.28089312209394,1.71759964827437,1.110178421238493e-06,7.628484483888612,1.0519973124697018e-06,7.566489308070985,-7.122884980323282e-08,9.374236809616189
59.4943876517307,171.77899299341976,2.68886240887462,7.508825512941929e-07,8.131375378119253,1.406187892079911e-07,3.924960172630577,-6.869451438286138e-07,7.510148390747785
57.63518798579703,147.06801673256504,1.4715970696148806,1.5265034442168626e-07,5.146524454623057,4.260064395657773e-08,3.1773249420256064,-4.811632120585029e-07,8.913672689779093
58.36676064370665,151.55221550386054,1.4224415872216154,7.47098557569277e-08,5.284244846113495,4.2429811503110776e-07,2.959923415585453,-4.924930101664842e-07,6.531041807540797
58.252577905411165,143.55322515843054,1.5407464921153347,5.1260695446267484e-08,5.3956895563376674,5.79812619011273e-07,3.2651916986440024,-5.796397575406589e-07,7.062074826858543
58.252577905411165,143.55322515843054,1.5407464921153347,5.1260695446267484e-08,5.3956895563376674,5.79812619011273e-07,3.2651916986440024,-5.796397575406589e-07,7.062074826858543
58.30775921845446,132.15833813424678,1.4587287199003378,1.9727841618489745e-08,4.007167603357686,6.005388116355162e-07,2.9791338031141015,4.541663130835665e-07,7.711251915491961
59.536342762098265,93.77232653888638,1.3174372564794148,-3.8740757737146444e-07,5.479982196483903,-8.656311970238646e-07,4.467497232232778,-7.774891789862351e-08,9.686731583596062
60.521692244447266,100.46630104659917,1.2206652579531085,7.038779556468215e-07,3.5669944622938052,3.385910510317002e-07,4.506499195297839,-2.2118111719932546e-07,4.7880038039223445
60.518546213654254,123.62342230027187,1.5172463922002817,2.1388287790378657e-08,1.9489594643818913,-1.4237557357569525e-07,3.586611460406319,-1.0314964521891581e-07,5.871667614338193
58.32898121576842,92.40625079934982,1.158158658400345,-1.5966659617021925e-08,6.815407749644947,4.6342173781749945e-08,6.205035556353531,1.2135057598877838e-07,5.852120647923427
63.169211895163095,106.50876634988687,1.824994218214543,1.9192544579512057e-07,2.3338616118737034,5.333269707182128e-07,10.259034238767281,3.9887351315185904e-07,7.043759695712391
57.361284617509526,132.4297014306103,1.1508136266921458,8.658714287829124e-07,5.4537554719540635,-8.856151473751709e-07,2.7342966266318616,-2.2494328143745646e-07,3.9750604147726087
56.979263706874974,149.0142183073394,1.003581719046916,7.428026924771699e-07,6.55419773695192,-5.975644213456588e-07,2.4151421366951236,-6.861316446313772e-07,3.461018031961546
57.77246048398887,145.1692211395333,1.1310463663138288,9.050403516427103e-07,6.623854676520208,-3.80036453166195e-07,2.4749702446421384,-5.552075493480668e-07,4.324085941396135
57.81459256231186,162.77357015111573,1.087640883019908,4.1602656366967603e-07,8.484480340620767,-3.299369562562156e-07,2.6371656020532814,-1.6752098856469603e-07,5.071287179509343
57.660344630042395,127.78281480769255,1.101346015735224,3.6765860546791955e-07,5.324363587597517,1.2202296356314182e-06,3.460207797163002,1.0726868688286408e-06,5.585888821105913
54.87082203325708,163.60299243764996,1.688652732002764,-2.856705967831004e-07,5.46634401704695,-3.746564029791203e-08,4.620240397486398,-4.4012278388084654e-07,6.704782012189224
54.24152690198545,179.68703406643652,1.738707264799289,-9.987884253674657e-07,7.533286908352127,1.2774734562820026e-06,4.447250520961337,4.148475578446151e-08,3.808869191482813
62.412614361389615,101.31785837353583,1.1446767626379093,1.156153958370512e-06,3.252209182676512,-1.2784416298753645e-06,5.437487892653639,3.1824395206824953e-07,19.9115229488538
62.29646437034626,115.49964582281733,1.3430537813554995,-6.154642685103964e-07,2.5604183953547364,-6.828056085273093e-08,6.305655646219535,-6.939268127949332e-07,13.695442627647829
61.77448137318589,170.14863346502315,2.252322042741976,-9.364380155112256e-07,2.1504604423868074,9.247035927849533e-07,9.186864214368029,1.5327938273813716e-07,7.883195373208844
61.48062463859975,165.73165510275842,1.0750564429644522,8.990489072949411e-07,2.831573507593712,-1.216167384206085e-06,7.186861524714905,7.816259965810338e-07,15.902692512741035
61.48062463859975,165.73165510275842,1.0750564429644522,8.990489072949411e-07,2.831573507593712,-1.216167384206085e-06,7.186861524714905,7.816259965810338e-07,15.902692512741035
60.665480081400425,135.5593507484972,0.9063825163733649,3.881735240076022e-07,2.8532729149647285,-3.737561944329524e-07,7.023727951979963,-9.938537655989639e-08,10.01225066162576
61.60646388164909,178.9987448606905,1.1211422463597884,-1.557734340978983e-07,2.6166208550989043,-1.1163319208510049e-06,10.196586325450072,-9.066982916418441e-08,7.588130701318861
62.65694548602395,194.53174668508578,1.0518824086477752,-3.8458178077216034e-07,3.639215347137468,-1.2698141740126105e-06,9.319321948317306,1.319368552811524e-07,8.62631586573735
61.934098776590744,64.49135927613999,1.32763624423289,2.643873052446157e-07,3.1792888279282274,1.3220700751087597e-06,5.865236896228861,-1.518869494768258e-07,3.808022997820918
60.006672111188536,132.43695039943438,1.8079134617749442,-3.100303912730575e-07,3.519457471540666,-1.2457375974785644e-06,3.178202026750008,4.903078961612945e-08,5.915128037912215
60.54131597614814,131.7068638566973,1.6830441216618603,-6.675625573190596e-07,2.701903711377945,-9.330619580399529e-07,3.074566302072949,2.0463272563365639e-07,7.08432495423362
59.604854422854864,65.53895311648206,1.7880223243176054,2.3259384191113077e-07,4.933310900688581,9.605719831429818e-07,3.5537271617510284,-4.720099908064017e-07,5.013672286345453
58.964811833625234,96.74777388325265,1.733559488315039,-4.6440936068551575e-07,3.65167122767079,1.4861722539959067e-06,4.7128147552422535,-4.526655321329752e-07,4.667158118700613
60.257054038156404,103.45791757175802,1.8112561264939766,1.5105663122022792e-07,3.643874218066784,1.371752771306075e-07,4.844262948293761,9.52778694155513e-08,5.659019462411573
59.2934574514015,100.61041781039646,1.1851742917397146,-4.115451872998233e-07,2.9168373232103013,2.656387519449743e-07,6.537860707290499,-3.2837463963978613e-07,4.945618554130606
59.99734047422817,204.751766914284,1.7853229832430735,3.0144014825010685e-07,5.140926543050438,-1.5161760496340357e-07,16.189047566061834,2.886624508104356e-07,4.16478472647603
58.10804056057276,108.06864438110819,1.2693862230493376,-3.2440932895924737e-07,3.4256892200015647,6.252831902479107e-09,5.941381351979117,-4.0557362711896337e-07,6.956137840671309
60.919806928528445,79.08335769639162,1.2464671071917433,1.519927572431096e-07,4.043257193726072,7.047893068599293e-08,2.5015812491565073,5.75838274225297e-07,11.940230067760487
58.22027668083852,120.32934029599662,1.7719390199198979,4.641210635390524e-07,5.430748497975596,-7.438560855964145e-07,8.457692170885352,-1.3878257027453585e-07,3.6460947476586405
59.589355430906444,200.79329821057505,1.9652942855526774,8.320371174457561e-07,4.449878317354727,-3.5731374535040514e-07,10.34540496136731,5.043148632562323e-08,4.5177220884619596
57.43944411927825,106.11876056004479,1.227545176034853,-4.463116786896673e-07,5.784703671611078,1.8800808767159045e-07,4.394099284024468,6.021990037488486e-08,5.314358689707646
57.73821913221644,113.35732592991553,1.4527133659091125,-2.07775827878641e-08,5.584987677867575,-3.890021175916771e-08,5.744901998726405,-3.6629908398850497e-07,7.484947212273542
57.725845190023094,109.38865372108667,1.4997407089801937,-5.81436879061392e-07,6.080537215191384,4.5256041322610114e-07,6.033023396347409,2.8992365660835296e-08,6.215326718160994
55.81901171311945,140.6403855291021,1.093956586936389,8.692220686702262e-07,3.021027983157656,-1.4110366436249502e-06,6.0860254209569895,-8.54087441377612e-07,6.130244498839366
59.541982377801915,81.80606550250046,1.9089956894227356,-7.721424812013549e-07,4.590336795288522,1.4973039462598987e-06,5.755777981475989,8.341299322930196e-07,3.0801389694403634
60.50039821289383,105.45330227541487,1.926850586576683,-3.798716566621055e-07,4.336272619637474,-6.75883472329929e-07,4.183716257450487,8.301704125864594e-07,2.52143604318795
58.33552168981891,106.14458309262045,1.577390000619586,-1.223010291861159e-06,7.2134297241219425,-3.729579344667381e-07,8.690556743859915,-8.388543209192194e-08,25.50981661545069
60.908969061902226,107.14706516232697,1.1157680997877328,-1.1141012169181956e-06,2.3790627586416595,-1.26306213263043e-09,4.6616740940949155,-7.327505064577556e-07,4.91235090070435
57.22818759190938,192.32657215256617,1.8335567777832247,-1.0223228605461567e-06,2.893142704308787,-3.41943385890749e-08,8.593802987741396,-9.159836014256527e-07,12.638081257598992
57.326860430310475,167.14951144120246,1.5929551853014021,-1.0158884828928873e-06,3.658940234510909,-4.295331560608032e-07,7.512930662773864,4.2937257590329617e-07,10.054613206033242
57.59583631393425,101.91241714740585,1.6946662954245688,6.764766797632271e-07,5.025393966985521,1.447477195131308e-06,5.606304807102864,-1.7183195740381115e-07,6.7149498913337755
60.24156491706228,102.35643512903756,1.569470544644319,-1.612249808503131e-06,5.610728975009285,4.510924007281234e-07,6.719696085560753,-4.977664017947961e-07,3.8410498683256504
59.35985535874022,142.93135594938013,1.6550940169745891,-3.058374188686359e-07,5.952445654776904,-1.478736990318233e-08,6.2343931995315165,-6.811376584775656e-07,4.284285386577883
62.02500567323113,91.52274825537525,1.5158855213324298,1.8714109354848564e-07,2.728801511504903,3.0313867964389447e-10,7.74272351042532,5.095654742980495e-07,5.471836775017103
61.41210280471128,107.02907490873847,1.6203234273799034,2.422340704700383e-07,2.2439755093564706,-1.8614730048341553e-07,7.013470293705346,3.851287687290454e-07,3.7503490919675095
59.77182107509442,115.51169778077835,1.9497171839212701,5.302355603133611e-07,3.24027433089748,9.00134765833233e-09,3.5049909138008064,3.977568461590672e-07,7.761290822427686
60.7102241224605,123.35103405442237,1.8138495582959493,6.731188329674123e-07,2.9858537072971,-7.622480285121232e-07,3.8512956916667673,4.4986299762317934e-07,9.991017389524124
57.678911345207005,113.15023499667716,1.1793871939503593,1.0814931905530308e-06,5.150959662477152,-3.0793358112961954e-07,5.623002730202969,-2.2054776917659724e-07,3.02535927443704
57.678911345207005,113.15023499667716,1.1793871939503593,1.0814931905530308e-06,5.150959662477152,-3.0793358112961954e-07,5.623002730202969,-2.2054776917659724e-07,3.02535927443704
61.99748735014796,83.0314092248682,1.791090135382816,-8.21815212515558e-07,2.3053588191689975,4.5796436208638635e-07,4.312090519752907,1.2663999735502167e-07,10.267459516703967
58.80175573807046,95.58450399461235,1.5381728193503057,7.988005447130919e-07,4.75722040066058,-3.382749515856591e-07,4.62319153588582,1.83203505938212e-07,2.4183923873972772
61.661531451030044,118.4604182494598,1.2172043224643174,2.0720156054782115e-07,4.304146994481949,-1.2444227271915244e-06,4.333275124007214,8.886497493867202e-07,3.9236469632577244
60.44125354202834,119.83776854560718,1.6423350243695785,9.062103202021668e-08,5.344995792159644,-4.5187051034453153e-07,3.846682045578501,4.016123897981489e-07,3.963531063574263
58.28353562901645,96.36005246695076,1.444697956174536,6.927835321849462e-07,2.8753169020445677,-2.8689794140679774e-07,5.751153642516197,4.3911647461215865e-07,11.030509677016008
62.24937183044311,90.61683166835171,0.9622823418136308,-6.098372442217825e-07,4.690502799349937,3.765614481763538e-07,2.6270269096849406,-3.396231748833899e-07,14.492771490908083
60.90380626467614,96.15007529656664,0.8183402219317328,9.595483412236163e-07,2.906576180895981,6.21162754192328e-07,5.464955253713391,1.8352329149950715e-07,8.778326718880875
57.514497629460465,118.89298774611186,1.628361324918007,-1.1421733178909191e-06,5.424775367721699,-4.698195674714178e-07,6.01843376410692,-7.874285044273309e-07,7.168246528119392
59.26480985583176,91.28439468803401,1.5625284878463366,-1.0247850283283902e-06,3.9964652245581163,3.2661946472071864e-07,4.794256112955696,-3.5355302790276386e-07,5.449940590489026
60.38584488538861,83.23969853864934,1.2423098653836155,9.024638832273261e-07,4.590500399457281,1.7773062697945597e-07,6.0297700953362,6.979533408320298e-07,5.8332946191853345
59.90724662075622,141.90395294818205,1.755759416247776,-1.039170595170678e-06,2.80992258269219,3.5777288552355e-07,8.693018998302767,-4.0136978060841995e-07,6.533474384590101
59.125847907491384,142.93491299752554,1.457633928262501,3.2474403570847006e-07,1.918613247393064,-3.9095420449483516e-07,6.9237660368823155,6.069079913363347e-07,7.563373141504757
59.125847907491384,142.93491299752554,1.457633928262501,3.2474403570847006e-07,1.918613247393064,-3.9095420449483516e-07,6.9237660368823155,6.069079913363347e-07,7.563373141504757
61.390679012695195,71.17495575594722,1.9693780874906404,1.3045180037086475e-07,1.848388831469366,5.818952691794993e-07,5.686106296061656,2.09343004594118e-07,6.6105352365221375
58.28432313665751,200.45754633548626,1.0594542348952871,-4.499330072219848e-07,6.963152272478984,-6.956428875583087e-07,7.092917516931018,5.274229858555325e-07,10.625567228143375
59.03639689259198,97.30969035225188,0.9999447599355159,-1.6029842598001863e-07,3.244047594467921,-1.040467764979495e-06,2.4317430622515284,4.701695722009286e-07,20.065068448245825
54.528605537571536,133.78859945601653,1.1235324940228153,3.056979172473676e-07,5.811171210100299,3.4315343121287924e-07,4.047275548535803,5.781681272267359e-07,11.577265143661233
63.699434839319736,112.05828355758385,1.984680248512079,-1.9804606360452439e-07,5.12121939852329,2.0063782723446842e-07,4.22529990276708,5.238202286683264e-07,7.274504410048189
62.2254753747473,101.10309228376882,2.0664620779502734,-3.857274381338143e-07,4.5407877267008825,-3.8288075402595333e-07,4.34741952644194,4.006359804157901e-08,8.771119087039944
63.26229646586105,94.43983901610491,0.7160605677709494,5.334998745529383e-07,3.7654254413306156,3.554454947206172e-07,2.6068208028904585,1.389676338538579e-07,13.675442876274154
63.09991286097992,79.83174324777988,0.7968130347889579,1.2860249972425635e-06,4.336943290907312,-7.774009318422031e-07,3.0895722836653294,7.973807948368046e-08,19.111618527383158
60.09504432969515,145.3600748941055,1.6461744986807711,1.38029719742958e-07,4.5891240820233925,4.154861719665575e-07,4.681731082979883,6.435871302710498e-07,30.760201636604933
58.9546854177457,87.43643278664034,1.2009884784036406,-6.038527226298159e-07,4.294103148323877,-5.126445553635723e-07,3.9401348606422903,-5.911499289912185e-07,3.88506401424232
63.7062358195866,105.03989371240391,1.0837912502544955,1.3894521481158526e-06,4.486466036715989,1.668899110951341e-06,5.464096547449448,-1.1022354898108453e-06,2.912345818825154
64.47340239561149,108.04022322636742,1.5614017471377912,1.5540879056511832e-07,5.116899428128795,-5.992186696642724e-07,4.536833698743157,-1.0569274144617809e-07,4.008896128777623
58.1597526961642,203.0737462632413,1.1193060002784536,-1.1735106169156577e-06,3.187779537819805,3.866709482905109e-07,11.392124969295352,1.611698367290988e-07,5.276347064750048
61.907501768038,87.7745607482358,1.3666933809497808,-6.176361639101081e-07,3.01046255417367,9.052605367372165e-07,2.282385027582644,8.22704190243505e-08,6.563903862466869
57.62158795677365,81.94213657188196,1.4379779605165808,-7.766226937911718e-09,3.366027820794029,-6.460038759876545e-07,3.635134649645002,1.3796064470659198e-06,6.159453826142691
62.982230835879044,244.2538903417729,1.3314010323017247,4.529744678308447e-07,9.612151082252426,1.955034162807839e-07,7.045734893274214,-1.0887317052639858e-06,14.783847875682753
63.91404310432731,194.4651542422822,1.291142066919479,-5.952691416541162e-07,12.459878795388954,-4.626399115104879e-08,7.021191316622741,-1.2453322933781334e-06,9.951718439204939
63.4103467871386,254.81312698362652,1.017032520925775,4.5205767887268283e-07,4.764339431602405,-2.141953391712927e-07,6.630530543266629,-8.245147292657064e-08,10.88752275856506
56.790060790847406,94.44973507703301,2.136085815879546,-4.471343277995499e-07,1.4361772984415264,-7.713739156802051e-07,4.708397919880389,-1.897289679550069e-07,6.162065642864178
60.81849306664639,167.43477206526285,1.274282514023036,-3.904183221201223e-07,9.919662705473314,-8.39293357179885e-07,4.1933365838566,-2.225738897471137e-07,6.624187108886699
60.086442486512816,167.63098864540558,1.3608962956596113,-3.1130689350038715e-07,9.994490346380292,-8.960178470451141e-07,3.9927012374337782,-3.2280376226944213e-07,9.238942810549826
60.07049143501492,147.39702501997954,1.437932748777421,-4.252183330647757e-07,8.949489367176911,-7.795857107528533e-07,3.5024951716439996,-3.5624676893088927e-07,8.777750483877558
60.94907577755935,94.99126850070044,1.6055648998460903,1.1488289748840813e-06,5.629158378389597,-3.5271998323845104e-07,2.5205673038419842,-3.3756627328768633e-07,9.856000503712297
58.85607933204774,120.06670358800287,1.4049507381032516,7.530342046575015e-07,2.659349505423246,-3.68657129588785e-07,9.376404349755404,-6.581368921408307e-07,4.083529497887542
59.77244145876825,122.40098169274327,1.5269261686283346,7.299504705305297e-07,2.7725177310110105,-3.0629541379963343e-07,9.846163774677105,-1.1538077917529884e-06,4.071575100073144
59.605443552022464,98.37441738110948,1.4251965423822273,7.904577264154518e-07,4.4608906235064385,-2.6948281191275067e-07,3.0779943722983103,-7.298743897516468e-07,12.566470354418477
58.64939373205492,110.33942982413868,1.9639358188363327,-4.850928757219443e-07,3.085592976295086,-8.143175703722779e-08,3.558414854295906,-3.463660600359922e-07,7.376327226792959
59.629498661582964,105.06673343562323,1.4338343600388808,1.3556603824184354e-07,2.9033778771436998,3.00811733332162e-07,3.847225649686315,-2.2146691104519768e-07,5.0652901711250005
59.386881339596364,111.20713898772969,1.5790919025780228,-2.2779606007980542e-07,8.05708313375889,2.5669609354930995e-07,3.4640929137745737,2.219412920551427e-07,17.154016566403193
61.665498929197064,118.08134746856918,1.1456832675256796,-2.9719474458016133e-07,5.231745389548798,-6.909905719625957e-07,4.048657142756003,-9.854390385480662e-07,9.333433043832498
62.15078032952227,116.35036589823464,0.9404804339435698,8.383527800606384e-08,4.78743437057664,5.238521128881773e-07,6.147092819251089,1.2716865755456704e-06,3.689086413009417
61.62591881648297,120.33220301735756,1.0625604896398475,1.1860835679636708e-07,3.822089145491072,9.877662224004412e-08,5.743930485152684,7.643822926079144e-07,3.4692336732248488
60.943793909652726,125.54694062015494,1.0910367561520158,-4.5814273164081743e-07,3.6547281926369517,-1.7749860011368344e-07,7.744182333896372,1.2783967277695786e-06,2.9229131074377777
58.37542372175333,157.7364942104825,1.7072407777215202,-6.783845265850549e-07,3.2220244115269345,6.930776377468935e-07,7.8866583262804415,1.1905738665494147e-06,6.180359654397945
59.45165867478571,132.26772238850543,1.6827087609040041,5.748723363476e-08,3.218453659398106,1.4693529410745124e-08,9.271959418189539,1.4599719796817771e-06,4.5548590044806865
58.90551345967764,128.4925567543026,1.7998043258684633,6.929892242057452e-08,3.3880640324754765,-1.5989939217160772e-08,8.627043945017641,1.2112998687658174e-06,5.3195809273143375
60.22256521910807,133.39242469425116,1.2777551030390644,7.164090355395078e-07,3.180735270489419,-1.4108124310072346e-08,13.240093530572135,3.889053217351805e-08,4.866002259398651
60.566860022153506,193.49763399798707,1.5272933662977544,-1.4105373215289634e-06,3.2716805707444134,9.76535835310079e-07,8.066505238816191,-1.2078454308429462e-06,7.697556137862725
61.958778950847154,212.63629989366507,1.5607435866945345,-1.5361789024873748e-06,3.196429419278407,1.0871764480313746e-06,8.725093673958492,-6.603858618683944e-07,8.093114449808207
59.628850159558176,103.18241096788061,1.1856717899688713,1.4445472932176087e-06,4.782481084436475,-8.455964830547527e-07,10.572737768491526,7.948010662645517e-07,13.161372805027783
60.29751094025585,150.59040980166455,1.5149794760888853,-3.691409122367482e-07,4.0939294160703925,-1.4462296647082373e-06,7.389258501766016,4.290832493176718e-07,8.9931663186003
62.74864557525413,138.97779961851325,1.7883636850485316,4.900001062006386e-07,3.887477453932841,5.725751314422265e-07,3.985903821819473,-4.203648417880613e-07,10.099065796135433
64.32892912118206,117.94839481963366,1.4260627336123124,5.535774583974719e-07,3.347347903505854,-4.0419555980819666e-07,5.225809175958922,-3.531729088843381e-08,16.89877531059156
61.91410032685072,84.65042618968276,1.5604498882106248,-4.118694531922214e-07,3.079002808569823,6.613432530024473e-07,4.512246336607757,-4.750482942223451e-07,11.374991355960203
61.56203636990995,103.52308247210159,1.7212485944709701,3.0217448515753614e-07,3.864819595397915,-4.644402941019126e-07,6.596353930696746,1.3817839739187966e-06,17.060503727004075
60.182929468173235,158.38912272473416,1.7948154501070586,1.540145447164072e-08,3.5799278214293015,-1.0007077475823308e-06,4.78678163681525,-5.498808795308694e-07,9.73152901660791
58.70125839846389,125.6605836289535,1.611946067547018,-1.1472476171235424e-07,5.403850103094006,-9.565911288656436e-07,3.720702225276113,-6.709061855684031e-07,4.182092469551955
59.29547835488022,103.23299061134546,1.026530896315547,6.541708421662295e-07,5.880577536427425,3.3098095933046064e-07,3.7154899999222293,-1.3807635899201794e-07,9.948507517493312
58.77550936705316,120.07591429080641,1.2100883690922375,1.279479796109904e-06,3.683783136080258,9.304966114909817e-07,5.02505106291838,4.636051703685406e-07,6.5736622296400595
56.53342943654607,164.45460591478923,1.2015388905778694,-1.1033184209536138e-06,9.907678304980454,-1.2790059249438046e-06,10.701093719304362,1.649551166037092e-07,6.0847300320483875
59.895186084067625,180.3660541768959,1.3111180924402381,8.416755263279039e-07,5.772525008000488,2.467000821224726e-07,8.378316312684666,-7.496047211883678e-07,6.050092269266968
57.4088487457586,187.46331106680714,1.773258549037173,-9.483198580700489e-07,3.5669475821066,4.994195928092056e-07,5.557375330416197,-3.576807962883368e-07,4.8903140878870195
59.05103286480607,94.0610275580989,1.048286848972151,1.1209883565623113e-06,3.0261242104614907,-1.0093358168097482e-06,5.037534074165047,4.5529858417813617e-07,13.964782052686058
59.77812030885925,172.02232367540358,1.8263116203258536,7.472367297266406e-07,7.333608287312896,-1.0780939730268102e-07,3.8743539518617327,1.53490331108442e-06,4.062100833390491
60.5314496228063,140.7880133083376,1.7623868135427725,2.777237754224842e-07,6.573729556359368,-5.298831925637039e-07,4.167216485901693,7.028744480083646e-07,3.8793730579423644
60.949049936545364,109.40946314318028,1.706552352890006,4.3372590258972966e-07,5.642160871955175,-1.4425026187220964e-06,4.469919107991024,5.961555247818174e-07,6.449216393830553
59.695331196342714,86.07931434275812,1.9305790137167422,-4.7365085816505263e-07,2.7275554305433367,1.9075467654770024e-06,5.314783446997537,-3.861203348194759e-07,23.488389868736853
60.613702931291726,130.8812653922179,1.2598691779684064,-7.461006489837336e-08,3.500143597109952,-5.61015401765284e-07,4.090610427872628,-5.982492036438657e-07,31.268849537856454
60.980812270721714,130.08350602094228,1.1952991859343012,-6.616294021182413e-09,4.816472371724597,-5.914818415480616e-07,5.705270139939875,-8.307426363312793e-07,34.24056941443317
60.19445096472794,145.19634493704123,1.018267348702637,3.4124758071220454e-08,6.7202847321308505,1.4787578476564576e-07,6.564562396107964,-1.107665098950614e-06,16.763569032006753
60.09773737331174,142.95800564063697,1.1849245560633264,-4.093119530227452e-07,6.531751291745923,-4.768888625044134e-08,7.344554677153503,-1.3282433070478823e-06,15.111449994192622
59.55676140591664,118.07293352393961,1.2509303530603832,3.588636764904606e-07,5.175017791695364,1.3262899682213726e-06,6.270307514992324,4.522117780586227e-07,10.25971813718364
61.28110373886486,82.57632229899572,1.085951241918128,4.5245951172750775e-07,4.324557002692929,1.3951561993592496e-07,10.929604545458615,-8.416805047959479e-07,6.076156804948878
59.05206146691814,97.67080682241493,1.2074085419655158,-1.8732151463412423e-07,4.034655393506837,-8.930571096623627e-07,4.933954295581578,2.7746337529227926e-08,7.288906657546354
59.967889403682875,66.33691269664918,2.0267873748697722,1.662167926493273e-07,3.469768659896099,9.095749928363141e-07,4.890024598647555,1.2656350261935932e-06,12.388343747399876
59.2895581720179,67.83511806964403,2.239006380985069,-3.6739952492044475e-07,2.930458953869631,-5.506671067287266e-08,5.084527050577589,8.152213267199638e-07,9.937925302715373
61.20127473653526,81.05715155166469,2.033097196385835,-1.5062059114605255e-07,3.080146730288416,1.0323845052976819e-07,5.206866235712587,9.102419940107576e-07,9.568951371890066
62.36866017460325,83.99947318575609,2.143031776832876,2.481330064287288e-07,3.3765873526822268,-1.2590473715023404e-07,6.347152218539721,2.7131400362274543e-07,10.152315574210336
62.70763616337771,94.22055971089613,2.5524607940019535,3.386130955883854e-07,3.053683524773954,-9.489976352464196e-07,6.624874613042938,5.939682066766613e-07,7.607239026392419
60.93581629909769,88.83365465338517,2.0086529467788603,1.2858520474620822e-06,3.771440766164243,-1.1200816266879154e-06,6.039557447359479,1.460810890645271e-07,7.499287073892793
56.681319757699946,125.71700339720311,1.8233337000709544,-8.720335932352475e-07,4.155071380327966,8.035329200000919e-07,4.7259474114921565,-1.6118409260690788e-08,13.370253763662454
55.979074063558194,98.23766293624777,1.9080755989111804,4.459422971812673e-07,2.7322513221202973,-1.022385077542136e-06,3.8466371329703994,6.379272678430175e-07,7.197993769571182
64.48013008999759,122.72703504304266,1.1247814161996952,-1.1126487198407327e-06,4.490244922468129,-4.145318082487224e-07,5.533908067075067,-2.1900849648471148e-07,8.073670679548863
64.6032551579525,157.84474538387968,1.236588589137668,-7.086980451213881e-07,3.795154721329049,7.835399444792685e-07,5.587873036913482,-1.1468249396194153e-07,7.986203017621529
65.50291953155211,149.64272350781815,1.374254066771149,-8.703601852100923e-07,2.6953264694279016,2.403395664435854e-07,5.440528935737453,-1.0198213287063852e-07,10.878647213002253
65.50291953155211,149.64272350781815,1.374254066771149,-8.703601852100923e-07,2.6953264694279016,2.403395664435854e-07,5.440528935737453,-1.0198213287063852e-07,10.878647213002253
65.50291953155211,149.64272350781815,1.374254066771149,-8.703601852100923e-07,2.6953264694279016,2.403395664435854e-07,5.440528935737453,-1.0198213287063852e-07,10.878647213002253
63.82202132544939,139.05444290228147,1.4422444266683168,7.486197586131599e-07,3.627173968577725,3.018452640843049e-07,2.6576290983999797,1.2038149568957894e-07,20.875257970053863
63.82202132544939,139.05444290228147,1.4422444266683168,7.486197586131599e-07,3.627173968577725,3.018452640843049e-07,2.6576290983999797,1.2038149568957894e-07,20.875257970053863
61.02205483739409,73.22459072159715,1.4801702056450743,-1.1519184193084032e-06,3.5263950699309397,-7.363346750153796e-07,6.813846849201458,-5.075443634381013e-07,32.66021613191383
61.01226881794665,68.03461810298516,1.449084379710316,-1.6027574682063159e-06,3.3756337793882416,-8.810380488774876e-07,7.090434556533936,-6.227299385576293e-07,22.870173712363606
60.076152890808466,76.39835123760994,1.6730286670130672,-7.122586030449495e-07,3.004243272860748,5.243890214284141e-07,6.8873596803819215,-8.51834068871313e-07,12.28783942400061
59.932788478261244,103.28330392272211,1.3774341495505267,4.464456866303818e-07,4.927969227517955,-1.460489440390606e-07,6.425932353847284,6.944694706609678e-07,52.974795492751525
57.75592564741789,109.95969426494524,1.5478036102725439,3.7780172533389236e-07,5.252080228278482,3.008941226116212e-07,7.48141595311038,3.598927165399984e-07,38.6446170908855
60.41010629937077,98.42883233683135,1.410882263833323,-4.0899331693939863e-07,3.572467439201372,5.39659034501164e-07,4.9682312173327565,-8.593322285768984e-07,2.0529443930290223
58.32165928354283,113.01668489005485,1.5499535586737612,9.36331352646044e-07,5.156538891373375,-7.972837605118898e-07,4.548889285884925,5.263360578062784e-07,45.620189262292186
57.682549710831,98.03223635826171,1.3600213601438806,4.948178022503278e-07,4.8124030328059035,-6.651885046083065e-07,3.7389500103975117,4.5291872818500364e-07,41.15560549380645
59.70040382181495,100.1304868008422,1.5283619489209108,-4.805889467637903e-07,5.778226362850611,-5.637170399486019e-07,4.728676652294636,-1.394779354280256e-06,16.11177506832791
58.76425163071724,98.10432707337617,1.6615648220959578,-6.58127176949878e-07,5.052184250526038,-6.443653347846284e-07,4.739871456650786,-1.1897259160452369e-06,13.81685733595051
58.962065568311964,100.74676769847922,1.600505775847148,-1.0057628820752955e-06,4.929126616815274,-4.335160736832597e-07,5.212674979865447,-8.599886135655951e-07,12.724363098611231
58.60630219894504,101.23944010016525,1.402739586485975,-5.969452315123411e-07,3.726018335446341,-1.0112149516021416e-06,5.137939547945785,-7.055963187054544e-07,10.49410996064434
61.62250498784812,111.71821655944342,1.4889577436071963,-2.1626700888643945e-07,3.6624986794678582,-2.499216712066059e-06,3.863598922724739,-1.1553091940725691e-07,9.639488301234428
59.66569272992914,107.34037375857132,1.5344887811993313,-1.8265192022877557e-07,4.505067550895178,-2.0121661439797263e-06,4.1023475075189975,4.5302700277873886e-07,11.162144241520116
56.74356266945142,117.10452481555782,1.9957042483277572,1.7830683489785546e-06,3.32659976698783,-6.811403208679125e-07,4.078410136015103,-5.037820370087778e-07,6.252887534228231
61.26184838764637,134.37890739344095,0.800497975349766,-2.099577734708889e-06,7.308829314542747,6.06609346711504e-07,5.3422804034656,6.211556106804147e-07,4.887527695192854
61.45597394344439,109.0017396118931,0.7302427180770642,-2.3924264778437147e-06,6.711417118713179,2.3650520917179877e-07,4.251090155806812,9.048401640234898e-07,4.698780266842348
62.19984583399527,127.82528227159443,0.7455781106240734,-1.796775924675489e-06,8.023220965960972,-1.7864241900794822e-07,3.975702160949289,5.839213494621076e-07,5.633337151454734
59.98321028399214,120.9370624875631,1.0278778331651155,1.212052584621462e-06,3.5274303658819104,2.832070949599357e-07,6.162602055946839,-1.2852008030860165e-06,13.573153019574697
56.074054723291795,122.33708248836719,1.597571897512543,-1.110702119182056e-06,3.546516280414751,-3.1002811848201636e-07,4.830034510213102,-4.117961279960184e-07,8.874900923084851
61.20954790730923,140.9678512603317,1.2132577304205407,1.2947657815013282e-06,4.612634334787665,2.243539341002942e-07,6.25248565329762,2.903184826683784e-07,3.9130333535689785
60.716337851065454,164.19586754168049,1.3554613181183326,2.8628951547871194e-07,3.925114140345307,-5.509927448873159e-07,5.931887828729664,4.3396853549621985e-07,2.331530460493999
59.57308037514525,127.59853457169977,1.5228723926964958,-1.5690713834522228e-06,4.4864051710603245,4.413055228194782e-07,9.261981387562866,-1.3166157011277718e-07,7.382076159786496
60.542122396355055,107.1466433850591,1.7731162282446449,-1.117052464096726e-06,5.414291911873114,1.6198163681150834e-07,10.297815483182895,-5.421493476914326e-07,5.0817896706654215
57.248511211878515,98.97630420450477,0.7219231023988004,-6.641722990357992e-07,7.74988193504124,-1.4613874088358392e-07,4.501768997338972,-2.878655150636077e-08,21.077387906758982
56.711323431642036,102.55895514977422,0.7402253596565925,2.8288277175267665e-07,8.120871128835653,1.3270256134783968e-07,4.481924860905687,-1.5913122038829256e-07,14.070809466782531
58.94168755103132,123.46702132184897,1.2683427901799864,-3.621190265852389e-07,6.249005912255364,2.8626803535454925e-07,2.0634974115732665,-3.147023573023283e-07,9.10631864028821
61.93210136010454,146.3211189733776,1.2729714401949501,-7.749690189486418e-07,6.5839754476813,1.844775285415007e-07,3.212938909715389,-5.876740527343299e-07,12.98414445881573
60.95936325610655,136.78840816764193,1.3338244899107965,-1.0328141642443284e-06,6.944531838654897,-1.3253927563713763e-08,3.7967609390696677,-7.27221567041754e-07,12.896388429981377
60.58698884677972,111.48461148049249,1.4244092950698235,-8.174528214927825e-07,6.59992780349345,1.908932369069875e-08,3.3818261098445594,-4.981701385425411e-08,11.946878156396377
57.33183718275534,125.27737734420016,1.4909929547328784,-4.5833252953475606e-08,9.200931470332112,6.827168314646283e-07,4.1829687749935776,9.504867237044251e-07,7.755795929571366
61.86596285760854,76.59165323628724,1.1310058110187855,-4.7341594720968886e-07,2.127927006410465,-7.02416999843547e-08,7.670494684293988,9.019771000589497e-07,5.759422454561224
58.79307785379063,133.9906984942272,1.767702237249277,3.7552231333056577e-07,6.416575572458952,-4.249501238414975e-08,2.8447390349992148,-7.520198210659332e-07,9.54088830283195
59.29827466857177,106.20296406770828,1.2795497599305847,-2.56234156340456e-07,2.6511259486586285,2.0052967674667583e-08,10.769721166735593,6.508325976912147e-07,7.4983092862359895
59.29166832475032,117.21708606381563,1.2736664516759582,-2.1611628048887402e-07,2.697734030704804,3.618924248997091e-07,9.93583473096932,9.66732226544668e-07,6.840253995775439
57.48960427417866,309.9518118551318,1.6529981251614805,4.0277191058666534e-07,3.54147709444637,-1.3492698986084902e-07,17.883306357541123,-1.0979488153139638e-06,5.747632065162756
61.12979747864408,81.17384957453342,1.3642252537836528,2.9513925871299612e-08,2.173670589231032,4.0416282933463564e-07,2.184344126579268,-2.4733601105311995e-07,8.621641464867945
61.2124030417577,97.61621082126854,1.1639917250339844,4.6303757938607905e-07,1.9186305642877037,-2.6686648492075873e-06,3.1209261602926808,-2.752431374715502e-07,11.371403390279383
60.85340353523124,88.99025435626737,1.1137759595839154,-4.950664679840219e-07,2.4842317777585263,-1.640127164930453e-06,4.963457207166654,-3.68389553836743e-07,16.590943923612183
59.2666466877728,80.15457829999686,1.1920759328479678,4.0109380915146987e-07,3.299461294831713,1.6925099684561809e-06,3.451978755422573,1.5069725838627082e-07,12.167206488098689
59.21345375797348,90.41001309419198,1.0682152524537463,2.6358080718389175e-07,3.6584128485025285,9.744622217764412e-07,3.683930302074896,8.040624164707054e-07,7.996773257275468
58.833143019706945,134.4239584472999,1.1990720037191365,1.573755897426412e-06,5.08993344320578,3.546006023268038e-07,4.392668351509653,9.159827741682164e-07,18.06908814904514
58.833143019706945,134.4239584472999,1.1990720037191365,1.573755897426412e-06,5.08993344320578,3.546006023268038e-07,4.392668351509653,9.159827741682164e-07,18.06908814904514
58.833143019706945,134.4239584472999,1.1990720037191365,1.573755897426412e-06,5.08993344320578,3.546006023268038e-07,4.392668351509653,9.159827741682164e-07,18.06908814904514
58.45212060159897,130.7411433366549,1.2181339716420112,1.136830838109995e-06,5.080786275387074,2.2562734762431898e-07,4.133101579390887,3.1956899365279426e-07,11.603416678407367
58.21015937181679,74.39085568153745,1.8290388156046715,-4.966640261093832e-07,3.1372873316805974,-5.536870953924444e-07,4.264367787000139,4.3725585454495774e-07,8.900624109698812
60.726408353801375,134.93561453168454,1.3846143895658238,-5.157160688066109e-07,6.847377251039337,-5.569973894344693e-07,8.67648439455044,3.396543857280248e-07,6.964810860479365
64.19406785450322,107.57299965351972,2.078134275115776,5.907307372961693e-07,4.755329089003282,3.4863123048405543e-07,8.65932116139945,1.0163677365858818e-07,4.883472209278373
63.66466988367411,111.28878820442789,1.6436132543892308,6.47904560463226e-08,4.250864460984425,5.50273313323271e-07,7.167490612748563,4.8080871005443994e-08,5.007975629919423
63.682884106750706,123.051330982509,1.2849027690444752,6.05460635980188e-08,3.1051731074123237,-3.171717734384497e-07,6.9444410143148305,-3.0129823074803726e-07,5.244732501545867
58.2890490280956,138.01885218936863,1.625946741275123,1.2370304387757508e-07,4.255522993003873,-3.7337730507592437e-07,7.557380000158197,-4.5884030823957274e-07,4.429740388461827
59.5544701634131,105.9307485512418,1.6734980924280405,-3.2262577484482023e-07,7.116958831366752,-2.2220064538280947e-07,6.657283673832899,3.315023392047502e-07,5.865577230464235
58.46862644853405,101.25799525990882,1.5447655108744154,-6.454520956252667e-07,7.467157662138275,-5.312071110029505e-07,7.318939599378393,-1.6176373522030155e-07,5.4005080225727555
62.16993230364176,105.71553033573954,1.5135333498676753,-8.245201931416795e-07,1.5397204264011404,2.947997475042022e-07,4.313371453768796,1.848171641756203e-07,7.61856755318404
62.779756684293645,77.28009974608202,1.381264998603586,-3.454263812053636e-07,1.9880749867955363,3.0293470944438684e-07,3.965397342399647,5.287353029194758e-07,6.449978954133822
62.31641419340752,79.43768502384536,1.3984732265125857,-3.8976331137602377e-07,1.8700756043077027,1.848720833379415e-07,3.503008165105145,1.863433124202409e-07,8.335845079793378
58.28295491796259,183.63031970629345,1.4529990961109704,-5.531442783767785e-07,7.354817682047219,-1.035410167765015e-06,7.4663814698490425,2.048970409907249e-07,3.916642953520304
58.775117498829324,144.01121292723317,1.8113342632395493,3.104465999269098e-07,4.542487050503846,9.593037564875853e-07,6.313698408773719,-1.643368006037721e-07,7.165351107541432
60.34094697994132,160.38411096271884,1.802666931052256,7.224015863748936e-07,5.202100631415325,8.490954049231352e-07,7.027581104342986,-3.737376039181261e-07,5.793326748897986
58.88421093943528,63.05757027025147,0.9641146361463396,-5.688337408467843e-07,3.6254040144727933,1.0772596021526098e-08,4.40752478301395,-7.309086900654217e-07,7.444442682842783
60.11497143575894,91.45507671656686,0.9625397029626291,-9.486283263471516e-07,4.06733452877364,5.114677085092601e-07,3.0875824792601274,-3.39707243156634e-07,9.217012951165554
58.761754220368104,108.53973336956685,0.785207387553055,-9.68181263897373e-07,4.311136858848322,2.921855428121333e-08,2.888210150733559,-8.429470463589511e-07,9.905154017066971
60.05604724996529,119.03807213465717,1.618225757278653,-9.05370546954822e-07,3.546879426426647,2.4502363485368693e-07,5.562419420377441,-4.875383316565985e-07,3.0299451312463965
56.142052968555525,82.37846340860925,1.0598232013947555,7.214527643942337e-07,5.933567554226462,6.419783001292035e-07,5.304290121232814,-4.904576179057646e-07,8.415261878912741
57.70311205009877,73.71208284477366,0.8196455731648683,-3.7995114524226247e-07,4.642322798789987,-1.5392070202113275e-07,6.2247051652196985,3.742238643852711e-08,5.144477579860865
61.464812538783505,154.55259499097488,1.2894237728747031,2.8174505513393677e-07,4.381698911753817,-3.340045217640045e-07,5.169677386639737,-4.054340784994744e-08,19.434908933579177
61.010816472957636,187.16405342429127,1.1233955716622066,-6.657933062638822e-07,4.2204701968440075,-5.609358757674923e-07,6.1424171009115325,-2.1971253275853209e-07,13.114937001109807
59.68889525135847,232.00354621248002,1.2159334882110122,-5.069545238946399e-07,3.867059860014987,-6.216621903112272e-07,6.578893058375067,-3.610873112354572e-09,12.449809459540898
58.353159446394486,189.03806698653167,0.9344251120911329,-5.782067542086923e-07,4.268968168742117,-1.012742147322795e-06,7.997416045617791,-2.1822210949307917e-07,11.593829971029324
56.86913636624259,120.67222590547324,2.0769424265278236,-1.890130104924864e-07,4.21919199749489,2.752441972049166e-08,11.610435965076235,-4.0043669009086844e-07,3.8161321004995545
56.86913636624259,120.67222590547324,2.0769424265278236,-1.890130104924864e-07,4.21919199749489,2.752441972049166e-08,11.610435965076235,-4.0043669009086844e-07,3.8161321004995545
59.643187152051034,74.0459035307061,0.6202482462045791,-1.979292723734553e-07,3.238788810887638,3.161812367991278e-08,3.2235752794547237,-4.139302221009642e-07,15.804763864081048
61.701846474568285,75.1802073876569,0.5442218343495525,4.0946600874752786e-07,3.6319689312636503,1.0742658833466834e-07,2.898230626414713,6.848204716481119e-07,9.433893670447445
61.701846474568285,75.1802073876569,0.5442218343495525,4.0946600874752786e-07,3.6319689312636503,1.0742658833466834e-07,2.898230626414713,6.848204716481119e-07,9.433893670447445
61.701846474568285,75.1802073876569,0.5442218343495525,4.0946600874752786e-07,3.6319689312636503,1.0742658833466834e-07,2.898230626414713,6.848204716481119e-07,9.433893670447445
61.701846474568285,75.1802073876569,0.5442218343495525,4.0946600874752786e-07,3.6319689312636503,1.0742658833466834e-07,2.898230626414713,6.848204716481119e-07,9.433893670447445
63.45026141275574,78.81003678825793,0.5929734556251307,2.5986501935766257e-07,3.309951586193202,-1.8598655652154564e-08,3.1010611473948875,7.805289919702665e-07,8.085326393932668
62.80092707936772,87.67336010210403,0.5818211835272611,4.729716247346044e-08,3.8836934158279783,2.600499745816445e-08,3.3130523496616417,9.01117757271387e-07,10.542240976174542
60.740551804600464,95.417363237058,1.4258024997017844,-2.908542247606063e-07,3.347564246203666,-3.2029149357627615e-07,4.986030631598404,-1.10863700596042e-06,14.54859091599957
59.95021640197185,120.016944518306,1.4131573280788985,-1.935702400469013e-07,2.7939495063208435,-3.3002275704066066e-08,6.897950202330625,1.2999405962130213e-06,8.65047205847064
57.6705460515964,174.3179597519153,1.4356930073904957,-1.51600349591233e-07,3.9516056840607896,-4.923756857088425e-07,5.808960831842413,5.655568043602925e-07,5.188514819908185
57.6705460515964,174.3179597519153,1.4356930073904957,-1.51600349591233e-07,3.9516056840607896,-4.923756857088425e-07,5.808960831842413,5.655568043602925e-07,5.188514819908185
58.000315894971024,137.89589760015426,1.5055292235934659,-2.71106314931356e-07,3.819075961219066,-9.74283127709945e-07,7.947693833685993,4.053997238742174e-07,4.871080894740408
58.000315894971024,137.89589760015426,1.5055292235934659,-2.71106314931356e-07,3.819075961219066,-9.74283127709945e-07,7.947693833685993,4.053997238742174e-07,4.871080894740408
61.19079430266188,146.02730219201334,1.2187057427230632,1.7958013375589517e-07,6.485201304826685,7.460317634799648e-07,6.1286115265158445,-7.433421377526074e-07,9.272362319113451
58.568362208470205,106.9305565324315,1.7931923971703685,-2.95903737124973e-07,2.577425981032072,-5.478886064725591e-07,2.44686175368197,1.1070426023646154e-06,9.728671717337523
64.25188028935592,139.53715268778626,0.9721576082458105,2.3589731603000524e-07,3.466384705223426,6.513473180300367e-07,9.602334051749137,-1.098512288381565e-06,13.692474359108187
55.328503571380374,154.0314420635931,1.571623069458972,-5.235720264247656e-07,3.515081272182659,-2.7157338401017264e-07,2.7738472619270325,-2.2292402293242315e-07,3.0297838419396315
57.510910678714055,83.84934205640542,1.5280808157854617,-7.457936648768141e-07,4.53381257813565,-2.87165939173262e-07,5.2931189883727034,-8.504443255093385e-07,7.059959901598947
58.31507397320989,100.76057425964805,1.5425229048848705,-3.2993261255421063e-07,4.826262051707704,2.8670947665968463e-08,4.891091457175907,-2.839632105649992e-07,7.742336462575519
58.41219495448814,114.30346572946246,1.2682895971164645,-5.191945896388081e-07,3.9059442242912312,2.7793879292233505e-07,4.418589954487579,2.999771634444623e-08,15.23766709733255
58.174930467173354,99.89223795562533,1.5073605537855137,5.50072097708748e-07,4.540147083423806,9.324612832061976e-07,3.771090914257496,-3.632066683895399e-07,9.918413879788341
61.20904589827603,100.0462180570361,1.527531540329733,-9.760472941752358e-07,5.4268598218782245,-1.4580624702634767e-06,3.7914256951239715,1.2110905157877897e-06,4.551373231824754
61.702056556970845,93.6739847005433,1.420085422167959,-2.0521486022283573e-06,6.901978869691882,-1.4149130685808276e-06,3.346237695750117,1.0341024382817606e-06,6.161145732046906
57.96123937780201,90.9222778211541,0.9306247252295229,6.995183497037718e-07,2.453128471871924,5.289933291861012e-07,3.668639076749195,-4.5683650135008895e-07,8.584007291786742
58.14391013200488,89.33629018302062,0.9860956197703312,7.82815535096912e-07,2.305972195685599,9.608038967506782e-07,3.4605465000685545,-3.034760408919313e-07,8.325866814834095
58.9417273552325,118.50522886458515,1.6521241344846893,4.6812001667676174e-07,5.094772831591022,7.149595224408938e-07,4.793618486356855,-3.091891427600486e-07,3.7478970907181672
58.88530978557375,74.61580653745548,1.3444601956682252,-4.4297046049289125e-07,2.4319647196306056,-5.79060568455769e-07,5.83754763844551,2.3652066762439819e-07,8.345482116418879
57.99233805051308,98.40541925335134,1.2941241161452908,-6.546520099970195e-08,2.39756146116656,4.634001838217266e-07,4.266447820351744,-2.9918185274209584e-07,9.646201083816754
59.27267135447486,96.75608221863902,1.0723185130371018,-5.35001501580281e-08,4.326390441999148,2.3941881453447245e-08,8.246890527634495,5.438121334873594e-07,5.806288893263681
59.10234356785557,108.56215949443086,1.0645284310774756,3.075377137137906e-07,4.244797137283408,-3.9027094480866135e-07,7.257534825222136,3.439582454548547e-07,5.993300159603953
58.64441038523419,132.28570867651473,1.9812573781500649,-7.536503409759704e-07,5.364664906595821,-5.5275086538095915e-08,3.5759129642060885,-3.2499098471248343e-07,4.082531767208428
60.08269039916882,124.84448616936638,1.8227617474598763,-8.042921975716698e-07,5.546751283676492,-5.776236329513491e-07,3.865580550692179,1.7105149398421798e-07,4.458284537780793
61.30287779240386,142.6208637970607,1.3617344454330373,2.7326096638114297e-07,6.508458037089094,-8.282757980336684e-08,2.4966500769565085,9.79679177730418e-08,2.770199359601365
59.673619402665075,164.88775309057854,1.4103495373386161,-1.0476930986071998e-07,3.539275845771593,1.4797537701717245e-06,15.1836948802506,3.9319252506509437e-07,31.663466418839498
60.81990398136521,139.97828658832222,1.4550810852762266,-2.0952486535545436e-07,3.533912275305243,1.3210905599889805e-06,13.379009117236278,3.8435900594006895e-07,31.767657447289885
59.73115641340351,79.58499240867452,2.036118975025778,-4.506038277575804e-07,3.4314550406624633,9.996737240164218e-07,8.570840236020238,2.13545438931309e-07,18.366312965504672
57.82569935472474,253.61366018925224,0.8095152107990164,4.3583124600330684e-07,6.373391238903078,-1.3831415183275436e-06,9.26159739725213,-1.4938342923354049e-07,6.8573611575038536
58.12970165427684,193.9895962374784,0.5464218507068914,4.4607878600965694e-07,6.338986010733992,-1.0291934192549084e-06,6.9373598553316995,8.400235143150719e-07,4.0921910815231275
62.1853545448464,94.13825357741204,1.977383233682759,4.295910229460696e-07,2.701454562350919,-1.136664174664796e-06,2.5449877373174163,8.583614057997465e-07,12.174196225638251
59.72316941039916,107.37265010913598,0.7128129026560552,-3.2114448302169917e-07,3.9464734984299885,1.2315573962376114e-06,5.850799964273763,-6.681881409508377e-07,8.52356068905971
58.378500584738774,86.42441479010255,0.7538755762306683,-8.588369241421279e-07,2.616965732247377,-3.407127626039207e-08,3.502116451797149,1.1063444493249797e-07,5.863327034066873
63.18340353618618,99.00454182955235,2.6279923004378896,8.901010868371221e-07,4.670759074964328,5.04343043173187e-07,5.767069052837474,-1.1413129719293277e-07,8.627353995401945
62.841360809144554,114.92689879647968,1.629144312053419,4.890164755543558e-07,4.259284066214878,-9.5399428083672e-07,3.966450355828301,-2.2041908098368955e-07,6.015096234141677
61.906095077066496,110.56231261927769,1.6757018342309065,6.132281470401648e-07,4.591658118540188,-6.700007422818284e-07,3.2601925205766027,2.481041943612684e-07,7.5914494095673275
59.50370509805966,96.38513059786501,1.4367997882167192,3.692803375843039e-07,5.2717659271626385,-1.0265172424756028e-06,4.562351722087792,-4.156503966669434e-07,6.415543283505538
58.81841224794514,88.95737233065073,1.0971478945093351,5.944213201002827e-07,5.687714334596177,-1.0665319463632178e-06,4.191644766320018,-4.4308754706591624e-07,9.007416733638394
62.03904794590115,108.90700404317988,1.6437951837458549,1.6506503144129308e-07,4.22903457053111,-9.496246467289729e-07,3.8497674353009366,-5.220033960756395e-07,15.346567461084057
58.2435690232913,91.53002854740738,1.1342466111533034,9.772740849999387e-07,4.049270453887479,-1.857124041498897e-08,8.070968735182719,-7.504125006177806e-07,8.001302338816142
57.86674387347271,82.74816104119319,1.116822051058197,6.783361312669037e-07,4.217019611601901,5.053619757399907e-09,7.870958223424632,-1.063071098369459e-07,9.198385887460445
61.25731010106073,125.35971257211695,1.7321923186233779,-7.311672347726178e-07,2.9000735057040132,1.2132269017246742e-07,5.81023898419392,-2.096166275081078e-07,4.383411837762015
55.97950771618243,112.78662157456672,0.8690719974001209,1.0030843731687327e-06,7.38174628314179,-2.1250919323202985e-07,3.109276680867052,5.827088554278689e-07,16.968295765520086
58.534368782939964,139.9101606899836,0.7140740218884185,3.6926360167102575e-07,5.791244979930756,-3.1303461774513987e-07,6.29242935318395,6.449098799295588e-07,8.959579798922233
57.69493882397746,70.22192343261327,0.887165547021955,1.94822536195307e-07,2.41568386329106,-2.21889769647247e-08,6.29085325160899,6.205195303669408e-07,5.3019675581447485
58.233557861696056,84.8662905445038,0.9166245460534772,3.5819243999765066e-07,2.038795265952991,2.4007633589606685e-07,5.0684097229499985,6.72501867502052e-07,3.966493233526267
60.091185335763015,152.05535820111322,1.2477961030328406,6.789352144490408e-07,8.356865901090657,1.3965446052888855e-07,9.078482272726761,1.5711189679040758e-07,10.849136082084273
59.7112961313612,85.27894519377125,1.7964212249769982,-5.56957653116092e-07,1.9252140082675488,-4.529575681104323e-07,3.465523062486354,3.267609010168479e-07,11.512554396057853
60.61531406934298,94.72658108398637,1.7776923048292235,-3.546844510821482e-07,1.9542650415951701,-1.2649694379887616e-06,4.921813511798541,6.547375679521533e-07,8.549968457922095
58.40705300293793,127.22748659081738,1.8671466229654115,-9.265114907766673e-07,2.4096743139201964,-3.595263487534467e-07,6.06074602312628,2.77378175336118e-07,8.257789007662938
54.69399782296847,71.86117521030062,1.3828266152117308,5.992945128553415e-07,3.322009577305663,-3.85185301992778e-07,3.9186464743187828,-6.690694404381961e-07,16.186855101829583
60.937633805931455,183.37192997322055,1.7348491671016208,4.819248483302893e-07,4.576645700169497,1.3522761888407663e-07,4.282784544001177,6.209920006738341e-07,5.849712687572431
60.937633805931455,183.37192997322055,1.7348491671016208,4.819248483302893e-07,4.576645700169497,1.3522761888407663e-07,4.282784544001177,6.209920006738341e-07,5.849712687572431
60.937633805931455,183.37192997322055,1.7348491671016208,4.819248483302893e-07,4.576645700169497,1.3522761888407663e-07,4.282784544001177,6.209920006738341e-07,5.849712687572431
60.937633805931455,183.37192997322055,1.7348491671016208,4.819248483302893e-07,4.576645700169497,1.3522761888407663e-07,4.282784544001177,6.209920006738341e-07,5.849712687572431
58.941377679992044,100.49037071279518,1.4127555539701446,1.3646707227316215e-06,3.6285238448949158,-1.5631683114439923e-06,3.8825051552281433,2.077945212708624e-07,2.9112745900257453
58.941377679992044,100.49037071279518,1.4127555539701446,1.3646707227316215e-06,3.6285238448949158,-1.5631683114439923e-06,3.8825051552281433,2.077945212708624e-07,2.9112745900257453
58.362190101081715,72.7775871136732,1.8984785102359756,-1.6772072823730701e-06,3.6170331411374272,1.560595653368498e-06,4.112765993472667,1.3023023436911409e-07,23.036505715212265
58.47693259787124,69.65613841388122,1.8424291846529135,-1.3589998958712146e-06,4.332434963531482,1.7495332454524724e-06,4.428959346970494,1.123802427981646e-07,14.312027320882605
59.009606205363895,115.85666423023076,1.2886557418234788,1.8205120933122982e-06,3.671451801223154,-1.0702141735292486e-06,3.9543062417226853,7.175579843824045e-07,8.94169773914582
59.71927496785174,65.83362887042065,2.032694335464604,-1.1895195476145771e-06,2.3234218058598524,3.027062824016893e-08,6.810300483602699,3.086200218421431e-07,4.9947581993514065
59.56956580871301,75.2882842195348,1.8345340161424293,-1.0490923729838772e-06,2.385724250583862,-3.8166064990417247e-10,5.573100641535287,6.0016112218713e-07,4.339207216748419
57.745235655053264,116.01745967594812,1.3972106627138436,6.618048481823368e-07,2.086546150094403,1.758170953460654e-07,3.4109261563358686,-3.4973570463511747e-07,4.383973024481504
57.16405299422062,120.69969863547186,1.2556476753662338,5.717603941029654e-07,2.231484158467255,3.2114754258942123e-07,3.882540602043225,-4.89289455233878e-07,4.196558227101667
57.37092486452933,112.5977538387711,1.0584026779942164,8.492836539992497e-07,2.2813210960598598,-4.531669147054119e-07,3.8876142589877105,-4.6603838346331434e-07,3.108738645662056
57.10946667498497,91.056383267869,1.536939527259366,7.538149749684867e-07,1.9758598673518288,-1.8307164730192913e-07,5.405462269742149,4.827559416439726e-09,5.200240326568339
60.0023214638773,129.32438230138132,1.9067144368143516,-4.2250111553782055e-07,4.150074629510123,-8.825317738027082e-08,5.067923958710982,-3.403350864817698e-07,6.48211186601464
60.52358446613107,121.11973209790442,1.7458315053965903,-6.758983594569834e-08,3.9698376657430976,-8.694277854891013e-08,3.6045719876830336,-5.687932218643209e-08,5.7877627178755615
60.427670194696994,121.39565768737525,1.6996186266679891,3.498789195456468e-07,4.274713734569897,-1.7547788661379648e-07,3.5738631126486857,5.532682962405656e-07,5.925463069436452
60.17836739939144,113.76883498576271,1.4867829794773926,8.839465363556876e-07,3.8292703670067323,-2.4656327778574577e-08,5.088904486197471,1.1956762097197775e-06,3.3115940577431546
58.244616051054734,87.6322497140596,1.214719526271254,2.4881215490090397e-08,1.8430544391389545,3.5148588583807864e-08,6.153040963164642,1.982334387971734e-07,4.5629213363188565
61.36316688292924,133.95070812039884,1.3153458122482569,4.346770744760852e-07,3.558415512815149,-3.86029914611789e-10,8.580433461902217,-4.009235043379225e-07,13.041047432650688
62.64113622862652,112.95939626416744,1.409795070233919,-1.0396810061294336e-07,3.6405155268149505,-8.52860123019968e-08,10.318547421903364,-8.84557327053757e-07,16.651813818949044
55.01783143661306,111.97085780554555,1.6389637257900138,-2.2648685537607115e-07,3.4293704383367256,-5.021419117613864e-07,6.277194959856857,2.7274938464935414e-07,9.621149259963031
61.58177487075523,83.37206272322682,1.713853027246392,-4.906435263697584e-07,3.2063430428703477,1.1538154530861951e-07,5.816142935372305,4.0555568235957707e-07,9.849044802772442
65.20226925146788,110.93026444330738,1.8850058008773156,-2.1000915280808707e-07,3.678282698005244,-7.86607774250898e-07,9.232413327922124,4.0699452203739027e-07,14.183066797010769
60.81434843277035,159.86273769946112,1.0239870951346381,1.0206219553557487e-06,2.4893873564824203,-1.2824382337667322e-06,4.873072240464913,-1.3373797446262764e-06,8.220009830466697
61.94304509909469,93.54897142307807,1.1011526785706427,6.050507239783054e-07,3.971077366443637,-6.89871544510458e-07,6.186936722991806,-2.370587190117709e-06,7.178527660220627
61.16542719519631,92.45508982775833,1.1806276258355801,-1.1833670378935845e-08,4.822024876817395,-1.532543402554588e-06,4.979210198337768,-8.090014699188222e-07,6.060282548014974
60.64112059248253,83.71025868057394,1.1820104925646886,-7.345460242237156e-07,5.051305888489562,-1.2082020046853746e-06,5.3638151716985325,-3.908844504402038e-07,5.840856380251101
59.77237782332016,120.1109769621356,1.0887947174140904,-1.0327067397497693e-06,5.6055444088573845,-7.514165174590195e-07,5.635787616071847,-7.984903288037715e-07,4.3963138893004405
60.47716567268021,89.26933697661505,1.4821357626710985,-7.424798211140215e-09,2.46412518216925,1.011568937051175e-06,5.8951914708221285,5.176919432394875e-07,2.538974130009086
59.69374223487272,107.54023942803582,1.3094097748766975,8.874347482655229e-07,4.001782481341085,1.4992486702455448e-06,4.875787567708979,1.0108485813273006e-06,5.465195179680133
58.77584211331929,99.02761809858639,1.4951815373301014,5.307976573129439e-07,3.8483260388172735,5.234461177450985e-07,3.78287464702842,8.784993950435021e-07,5.982413652407381
57.598837615336066,107.13564542858501,1.2862793962087575,3.2675799983119993e-07,4.554995279366087,-7.866463673779029e-07,4.037796796522427,4.91177359781842e-07,6.056818210752515
55.98086799456122,88.41142129041927,1.1380063156868518,-1.8551229047217946e-08,4.673005388111055,9.024305314478542e-07,7.728805001396226,2.3216108183663902e-07,2.8826397055227555
65.1184891356304,106.72452200870181,1.9926131321339413,-7.773871905030666e-07,4.208120310379096,6.930138799617237e-07,4.224160001560212,-5.96178620052083e-07,11.033805167664557
64.95764076618998,100.50369236199892,1.7671291718684279,-5.791831702607298e-07,3.302259932762365,4.0435378004658384e-07,5.064891227934086,2.668552957048726e-07,9.362986326481877
59.11857609304572,112.91177997238488,1.301715430836176,-5.729410255623877e-07,4.291238381323824,2.3795323571058888e-07,4.754255074842783,3.679748930510315e-07,3.7941381784274215
61.931448728917054,99.23526645118248,1.7893648003894582,-5.280122842846928e-07,3.6143598188141084,1.760921295960897e-07,5.968849638525643,3.965056869995255e-07,9.296245070312498
61.931448728917054,99.23526645118248,1.7893648003894582,-5.280122842846928e-07,3.6143598188141084,1.760921295960897e-07,5.968849638525643,3.965056869995255e-07,9.296245070312498
54.995924893411996,88.57922248675185,1.7918443752978626,-5.05638278802192e-08,2.0297490378299408,1.181957567350897e-06,6.028185837998946,6.717734000031932e-07,3.4600290773441333
52.465446930885236,80.47850833593901,1.402424242543347,1.0502405080618212e-06,1.7508381385536846,4.740630271033382e-07,6.847476751373697,8.505728589703034e-07,3.5415303526255957
54.50538185717224,87.97107773049603,1.696695676795704,6.538328679122189e-07,2.7334154400980677,7.258318748803992e-08,7.797158793466724,-5.056328941255041e-07,5.080065942592004
53.74918789601183,104.02244274029567,1.6460545274361444,8.568586150648504e-07,2.826362195674962,6.058272896843974e-08,6.346932338454387,-1.269878596199606e-07,5.248220529016069
54.37145041135614,111.69447261790641,1.9052835274513624,1.0726471148658908e-06,2.4648196950960735,9.570292609549476e-08,5.8678281394903005,-8.518042958604501e-07,4.356162240959633
61.3707234326725,97.75250845411341,1.2397469473605467,-8.268462960151397e-07,2.400703866279034,-2.292014468594485e-07,6.002667487581181,8.073174883877262e-07,7.037444288791814
62.946402171225124,81.73854459363524,1.092679027338522,-1.4417243782372995e-06,2.6306091046426747,-2.985635013215837e-07,6.32019744729512,3.966180649071015e-07,6.312768634269432
62.946402171225124,81.73854459363524,1.092679027338522,-1.4417243782372995e-06,2.6306091046426747,-2.985635013215837e-07,6.32019744729512,3.966180649071015e-07,6.312768634269432
58.29989647034527,116.00944603366486,1.6885144311137708,1.0983643608185341e-06,3.352673528584792,4.115903260714815e-07,7.334655728933256,-2.856576991159654e-07,9.236815348323617
60.98801135017444,117.75021316218236,1.9153646312374515,-1.354235164054222e-07,4.168162593239671,1.1113283238141141e-07,4.256346726231202,-4.220988102371912e-07,10.15811643239904
59.171833629013385,97.44501903187364,1.9274278504679114,-3.5276954833224153e-07,4.404879787624333,7.366504636078243e-07,5.980376756999656,-2.0908876718090035e-07,12.781969947613977
60.72386538095897,98.25011628975106,1.8407344709693734,-2.1373163184435414e-07,3.542312438278117,-3.015866216706901e-07,6.144736524954268,-4.520093867441495e-07,8.231673595420288
57.30378507280535,79.04977847196106,1.603866105365958,-7.633170553309055e-07,3.2587293618684043,7.544164386737014e-07,3.957498251491333,4.795307626792703e-07,4.328936468481076
61.51453677746326,142.23446253564137,1.766237023237053,4.988736132496135e-07,5.384297506364507,-6.672543452388202e-07,6.701664455527255,-4.833910356067707e-07,4.1612570147180445
61.810357843956666,122.87921356431279,2.0163889914299733,-3.032704525209773e-07,5.113146797643279,-1.5845341988603734e-07,6.968385385279598,9.832383871860796e-08,4.812882218994379
63.54840765518338,128.55980799944314,1.7719607823620276,4.221963271679569e-07,3.63153879436531,1.4114825088612993e-08,7.594344321657958,2.898758603654326e-07,7.497448883762035
64.24730019063226,112.58605891651042,1.6389944237441216,-1.471033225746562e-07,5.364367775457302,-3.023667910402664e-07,7.287569333473114,6.491114282702821e-07,9.11833360161378
62.16418208028359,118.62639620079969,1.6761896027790175,-3.1171637977670246e-07,3.6058827407404985,3.7249849761215424e-07,10.990510788890559,1.6158963740320315e-07,11.658101414907765
62.290748484486365,128.98281032828365,1.4839374125148366,4.0141045407975096e-07,3.525445425559408,3.575282081059444e-07,9.062217075781744,2.839986190418677e-07,12.432104617450992
60.74884089590944,74.78403977192889,1.2369562755773398,9.359165380849152e-07,4.473932684445639,-3.6819303894663934e-07,6.491436026764837,-6.367121150095122e-07,5.411641640076132
59.011344940873755,97.9755399483893,1.6036405764771309,-1.9759762936023194e-07,4.0536266232982445,-1.1426425004158477e-06,4.136490395730816,-1.3224204096102265e-06,4.06894511885313
59.23679280273867,91.43707556472998,1.5532118824871615,5.0987072276745895e-08,4.910469870453459,-3.810781232519167e-07,3.6998982571395103,-9.756245504511413e-07,5.087971444231956
59.28804226677524,101.9489601659837,1.3004706549878402,-7.3514385227384e-08,4.391471678817859,-9.764680976593176e-07,5.074004708294761,-2.906781311391388e-08,7.468477161854295
60.150554740659445,106.11272866407148,1.2680872843405495,4.007521173490828e-07,5.608446561201328,7.948564087181368e-08,3.367336834953988,-1.2313946580691616e-07,5.126950082162643
59.7206322298703,109.59121299661098,1.1780640190181166,-6.310099618397537e-08,5.767400688360347,3.929029143368027e-07,2.8411582042796204,6.452775601444086e-07,4.784353165518388
60.309143391871075,85.32841139053684,0.9597942020598969,2.5360964670799735e-07,5.871790640056332,-4.4586121496868834e-08,2.348363106885299,-4.6957139678268827e-07,5.64967073503264
57.40702372422205,125.95512455231004,1.9397518176699022,-1.106961897705836e-06,2.4304545867689034,-7.213541661196097e-07,13.637589741025378,-3.28481614989743e-07,5.058666626680093
58.19730370424201,144.92959835437244,1.633826489404363,3.3046133662091495e-07,1.8925179906985445,-7.78752890765522e-09,22.900683019094515,-6.330829152766331e-07,3.250487494764071
57.71247793825532,146.05380234114003,1.7480100830149077,3.966804379851975e-07,2.3521327522746165,5.703209323559718e-07,21.837477363395998,-3.0884108300068704e-09,3.200477692948494
54.047890852029155,173.66613367656362,1.6513133175795722,8.984737237484513e-07,3.1552435330257382,-5.286890095676512e-07,11.46154231155957,-3.3637708916229885e-07,4.117937410498507
61.930607115623616,69.40870370984138,1.3064931710597298,-8.277739708833318e-07,4.091862915542703,4.465358752527397e-08,5.157454924315799,8.234399832318718e-07,3.698444217313772
62.20362775241868,79.0307983254054,1.2883694716398555,-4.4868685435971287e-07,3.7533947823920593,-1.5797053440861013e-07,4.65361227714981,5.86633770938065e-07,3.6911336777369663
57.765638100368015,97.52708372727098,1.493865090548021,7.81850046726444e-07,4.725383311805942,-1.0601324755984014e-06,6.839844978616312,-1.1145829558274978e-06,5.157832125491533
59.548621196972434,116.00644870025538,0.896132369231558,-1.248591281394538e-06,5.544215785576932,6.209072543964181e-07,7.069649140974324,-4.075021632168647e-07,13.514413819049572
59.77810289608786,91.72509115806687,1.9801379497195206,-4.437498659876217e-07,2.8432497050887826,7.302237180931762e-07,3.522681692172274,7.529284923688967e-07,3.552897265030269
61.34292270222246,79.1870766097977,1.8014270447133964,-9.91491231127284e-07,5.884720025997331,-8.957561108338188e-07,3.5145725787974036,1.4399594917787292e-06,3.1753993527447544
57.65939860244025,99.78852020842211,1.3619522180270935,1.05543949597055e-06,4.255434820752347,3.482683478696832e-07,2.7127788170030978,-2.95277093974243e-07,3.2146921995493996
57.76658596830013,103.81468603524795,1.4094956664733584,1.3134435899951985e-06,3.7596145282428526,4.5791732555134047e-07,2.779187352400724,-6.225758099924654e-07,2.857739098861914
60.29081276267633,78.6363525081369,1.6528598767501337,-5.535333908846129e-07,4.103555980066029,-3.985507922654423e-07,8.681897788515318,-4.3715621926847543e-07,4.8702905313126115
61.34225343755124,133.994186110131,1.169147015363168,-5.928900842479288e-07,5.810495878338066,-2.7015744436135667e-07,3.1221744123781177,-5.616967019974919e-07,7.18542454835819
56.74274932664756,134.9494300715525,1.1063269239902915,3.452704684781204e-07,4.373889078918648,4.5035456931875407e-07,9.441923560206577,5.952801012904259e-07,3.41345499471689
62.42339682159515,151.17477191225905,1.6791150501428467,-6.818129954337662e-07,3.806689279605027,3.598203729157461e-07,9.664878135311387,-1.1013688098604273e-06,4.944138566108223
60.7479515964106,175.67549878208445,2.147353443990835,1.7497163132480132e-07,3.610322517041327,4.916844118525166e-07,6.464026013939039,-1.7552571787208427e-06,3.1129904837259126
61.009043473364876,183.39758374223356,1.952775935308166,-1.5749040301424812e-07,3.466532153542885,3.250720824219777e-07,6.960118327470374,-1.4333419742777524e-06,3.188706295745189
58.6704985026785,110.73297441015086,1.4231753209694589,-4.2109307249580327e-07,10.135323478397144,1.8595829237124287e-07,4.309815391170671,-1.19933553662398e-06,4.8238907182498565
59.14032855154182,107.69601839028705,1.4101162451208413,-6.687750512281399e-07,11.75394664685639,-2.8648840802092183e-07,4.267258863501721,-1.1604343192295879e-06,6.024220031493427
60.515756270381885,254.04778204735905,1.1392708719203117,6.871350057320444e-07,3.31657586792634,3.831298196276296e-07,8.155856865837402,1.0203811785289216e-06,4.325936310330102
60.567775602163444,245.81784529767734,1.3041092037567266,1.1715225608502375e-06,3.788134173471761,2.3975554092624465e-07,8.602195165384359,1.1986608870690052e-06,3.7397202296765992
58.684655233628504,113.19269901807023,1.1136904505400242,5.87964753350281e-07,4.109024415190153,2.698966041012384e-07,4.451447149009476,4.5760818929586207e-07,15.88082339346727
59.59543559741027,104.38290048359349,1.377208920796823,3.2902805059268245e-07,4.285612279281928,2.067404595744645e-07,4.860148378761427,4.5718344589608984e-07,12.874952882000521
59.04959033017128,101.03258801441497,1.5453671253449066,3.767087043531758e-07,4.087621803407132,4.1715130755763914e-07,5.776033185064651,7.737103062230853e-08,15.087116359054518
59.197803582027625,84.98702626987577,1.5439091136862753,-9.278775528915451e-07,3.855691972860829,3.958076423112908e-07,4.393845632131013,8.132080613413098e-07,19.723783499063938
59.967942706143425,105.56056728382993,1.7020664289498881,-5.56774376448095e-07,3.47121575617973,2.7351039183697624e-07,4.284630552288333,6.610642779093743e-07,19.26490817984177
59.73345100946899,99.30871142274178,1.9137341786541855,-6.221165959932339e-07,3.627522691325198,4.997056963339662e-07,3.398514638149483,7.409170021120927e-07,18.044291727436125
59.718433583821685,103.65881409033325,1.1442719465884108,-3.7700120853944054e-07,4.77148515191327,6.651544891837188e-07,9.942828912385526,1.072050337882584e-07,2.591060458348148
60.91592640986606,106.64072742034527,1.2842349077236417,-3.142471615386562e-07,4.357549307441451,8.086041358690384e-07,11.27165707750542,9.151682127053897e-08,2.948474697477831
62.70677225959819,176.0729711278351,1.1508902393180176,3.0986064974092944e-07,5.610347668529726,-8.925596214174528e-07,5.660237697366407,4.703610905284609e-07,3.0157153874603124
58.05052295592075,70.57830173817035,1.6702615018753901,5.17872650281531e-07,2.4574747121907774,8.829227323680733e-07,3.750138573601253,-3.946912613087822e-07,15.359949102380664
58.05052295592075,70.57830173817035,1.6702615018753901,5.17872650281531e-07,2.4574747121907774,8.829227323680733e-07,3.750138573601253,-3.946912613087822e-07,15.359949102380664
57.40651410539057,175.32518650620506,1.6274464412052592,-2.1907603130942892e-07,6.2542911756782456,-9.839170599673999e-07,4.1643801988816636,2.1924565060268623e-07,3.0498828393844595
56.20572433328533,126.72506079529163,1.65175677476306,5.88649673156885e-07,8.521136814718647,-2.942172653746378e-07,10.486462786456434,-2.0091110669271344e-06,3.812408982960422
56.56416746185066,143.07082716672625,1.6837123124034326,2.669386812417616e-07,9.01800264669504,-2.809887171971066e-07,9.173293192169135,-2.1115747483308114e-06,3.334532535665272
59.265216163243515,187.79951173965003,1.9517915127947876,-1.5337414746097035e-07,3.7474070821792984,2.2912298331848415e-07,5.810877882601585,1.4457896088838715e-06,8.712836094722476
57.38502295673586,167.83826628269918,1.6958448547056342,5.706317847811057e-07,3.9872418857701017,6.798658729888117e-07,6.239172888792449,6.476178917335217e-07,9.199039777925803
57.38502295673586,167.83826628269918,1.6958448547056342,5.706317847811057e-07,3.9872418857701017,6.798658729888117e-07,6.239172888792449,6.476178917335217e-07,9.199039777925803
57.38502295673586,167.83826628269918,1.6958448547056342,5.706317847811057e-07,3.9872418857701017,6.798658729888117e-07,6.239172888792449,6.476178917335217e-07,9.199039777925803
57.12988641586262,157.20790887612782,2.0328054265564393,3.641497258927392e-07,3.9592782274741416,7.887324517821354e-07,6.095173069462149,7.412526260357325e-07,9.50796443374518
58.308876193451766,173.98161632655513,1.8009691364317564,3.0726327838051303e-07,4.332801963973159,-5.7007984620955704e-09,9.422544045136972,5.802467161977888e-08,8.357866023014122
58.84586156708222,162.20111469152013,1.452448506771949,-1.2282086655086515e-06,5.676166084604939,-5.331925365065851e-07,6.155891137870335,-1.3179962496665053e-07,10.023642890567785
58.261580708153694,170.47689528775078,1.5100701411236295,-1.5007451890837298e-06,5.3511888556381555,-6.623795041199983e-07,5.0230538178689415,-1.4657763472060963e-07,11.722111727595161
57.115757209471006,229.74122469339702,1.4528858843482493,-1.6223212945152754e-06,7.995082878545683,1.9592585255813716e-07,4.914080324132402,4.6369907148301066e-07,15.390744542962574
60.35209718572784,159.70952547166593,2.435721702781983,-1.2299336220322297e-06,7.2542614831045995,6.852938970943551e-07,4.216790104877519,-8.06565010419821e-07,10.726780615979438
60.26442327048916,149.83678184076237,2.326815329866022,-1.2068235295488623e-06,7.403187172376097,1.703331275490621e-07,4.259755352707489,-8.677940398083868e-07,9.940378241467677
61.319048928844666,107.15762390527853,1.6864476522625875,-7.614037345126426e-07,3.9566431076530466,3.986427196762541e-07,4.224820874361857,-3.785043828262665e-07,6.976270692697142
58.153655617635884,118.93964562742907,1.3419751177107617,4.1397406496742044e-07,3.4668947442154376,-3.3188190314765955e-07,6.097541560419026,-6.004544225198372e-07,5.781481603467658
58.669443447502466,84.56486554120232,1.4314784134509948,-9.116041308383329e-08,4.186662729899639,-3.8203043549845997e-07,9.4159365621919,-1.4898779848951166e-07,5.828648990559147
60.34648558767607,165.46702732792917,1.0779287070262047,7.355731875055874e-07,3.281029091454738,5.13749368658903e-07,8.822261754816791,5.833754719830336e-07,4.268504174579936
58.84597661095011,181.3758618282265,1.231843416906925,-5.987994684454587e-07,3.4316787636407984,1.1350685906716562e-08,10.41093749787519,-4.813730528533544e-07,5.306112617151718
59.10326872480311,179.53342804690985,1.3227863561141866,-4.128587754969911e-07,3.6054598373321065,-7.600000257839606e-07,9.858547057020244,-2.93980833791574e-07,5.258072193501185
59.10326872480311,179.53342804690985,1.3227863561141866,-4.128587754969911e-07,3.6054598373321065,-7.600000257839606e-07,9.858547057020244,-2.93980833791574e-07,5.258072193501185
59.10326872480311,179.53342804690985,1.3227863561141866,-4.128587754969911e-07,3.6054598373321065,-7.600000257839606e-07,9.858547057020244,-2.93980833791574e-07,5.258072193501185
60.16133752625356,76.84436200777927,1.9445993314978647,-1.3560587227957368e-06,3.1365944763389058,6.283221051310776e-07,7.752278125610595,-5.702718571065486e-07,3.5974350268854196
60.08176583657616,148.84187100653475,1.0418307844921157,-1.59910501481614e-06,5.222010231039346,1.1959047693076332e-06,4.093817900076079,6.037859738351015e-09,10.072571392801981
61.28421060998534,118.20348927038012,0.7931209884632406,-7.741356087192144e-08,4.737870913170279,-5.382177908144812e-08,5.131794566259445,-3.4518925755924454e-07,10.152286234161947
61.98214889211006,119.3581810320439,0.8068132085332431,1.782491161922105e-07,4.608537679353207,-1.791764452905236e-07,4.369247133004571,-7.39654373982413e-07,9.612910945449897
62.382783661879984,88.71119854929991,0.9313083508253834,1.4314061181993455e-07,5.837623892355818,6.683988125335334e-07,8.81925550012967,-3.359812936885854e-07,6.341590003708802
61.35377879541867,87.025635468511,0.8576374373265667,3.3041974532404653e-07,5.883100283275849,4.3149737197648193e-07,7.96650453781263,-7.025150566495109e-07,4.798019527110276
62.238462047781795,131.87183356759095,1.6431067444939087,-4.915016365758577e-07,2.364570075172345,-6.242761789457731e-07,3.8972531920790066,1.0403075116778123e-06,4.2214304467307056
61.87824449310396,88.91024509321306,1.4279371566680907,-2.313780241009005e-06,3.115899608617642,-7.260907041199074e-07,4.428946255829275,7.356172206987536e-07,4.720698435095405
61.29008651138045,98.69993388635345,1.164920766514499,4.1467960732704557e-07,4.353949741114245,1.1066939643173147e-07,5.517856963998165,7.660358707350193e-07,6.204683361926462
63.56150109008904,153.55434446698155,2.1651260754224597,2.3871908184093635e-08,3.981252314919996,1.6891350336026984e-07,5.4092678190280985,-8.168773194588769e-09,5.56353228334627
56.105909679113395,78.56548729706572,0.8779970722011742,-4.867014051309342e-07,3.304033875010588,-5.43086250150481e-07,4.737791967620412,7.015829241271975e-08,9.391557446471866
56.87928014833294,79.50062939692762,1.0139785536474548,-6.021139038739764e-07,3.31424076249488,-5.486555090974976e-07,4.129820469922062,-1.1431207572713009e-07,8.253369910681805
61.589466025881016,120.86087544037821,1.2398270852128546,9.12847216120481e-08,3.621437564488761,2.115656718699763e-07,4.800665946601293,6.210520600234415e-07,4.0985510746432805
62.43081021391242,133.65762085597729,1.4011031895856743,3.6920629258251854e-07,3.305952868155453,-9.245801142886769e-08,4.651014988783787,3.7134099369019145e-07,3.586654112777367
60.57551230939515,198.39884764474363,1.7908833362311298,1.3664874740142196e-06,10.092235066816356,4.237441526995432e-07,10.704713889495446,-5.409986870475076e-07,7.340840167785191
60.57551230939515,198.39884764474363,1.7908833362311298,1.3664874740142196e-06,10.092235066816356,4.237441526995432e-07,10.704713889495446,-5.409986870475076e-07,7.340840167785191
60.57551230939515,198.39884764474363,1.7908833362311298,1.3664874740142196e-06,10.092235066816356,4.237441526995432e-07,10.704713889495446,-5.409986870475076e-07,7.340840167785191
59.31467700600788,138.27150618124548,1.3999850580816278,3.953383218831952e-07,3.603651993799748,3.18391215181013e-07,4.579875905154711,1.6731060886673455e-07,4.978623703704728
57.48152798529044,139.85262564006254,1.4645048867865418,5.951543674356577e-07,4.190977384419144,-2.1067422050213834e-07,4.632540553698227,-7.001970958025503e-07,5.618380039673001
58.79997431895577,120.12791357144317,1.2672942531112872,4.998870865174626e-07,2.950387406236356,2.009936017738963e-09,2.7545053092507397,-7.003994535566741e-08,8.151793591597144
58.01800441062924,79.69878821304962,1.2696091736474813,1.0283583492959897e-07,2.6211330691424903,7.063166517267302e-08,4.081805560057901,-8.77390976703518e-07,8.859196082108209
61.63823686430718,133.60247920088932,1.975771481363039,-3.252009814136215e-07,2.295932400690561,-1.0669997869864538e-07,7.334478486414421,1.6429913141086568e-06,7.694118502150324
61.63823686430718,133.60247920088932,1.975771481363039,-3.252009814136215e-07,2.295932400690561,-1.0669997869864538e-07,7.334478486414421,1.6429913141086568e-06,7.694118502150324
58.3052836522806,159.58971674113172,1.7245472874420944,1.5285717094535664e-08,3.2144707816569023,2.7668157339999924e-07,9.596016678585396,2.566032981923064e-07,5.259419723837492
58.83414847520901,160.73321554884149,1.5202444447664352,5.115145409714586e-07,3.88578513548923,3.9406021780594366e-07,8.556017384268491,2.841562361514277e-07,6.067696184662774
57.81968081913267,163.4499573111307,1.6655468462845986,-1.1933650353523705e-07,5.122158708529363,8.140399279305663e-07,8.07226409156292,2.900261695161565e-07,5.8425389886132235
58.275874778349966,176.07920559585153,1.5624740696955008,6.738659651133568e-08,5.116137040128623,1.0793850781364884e-06,7.895207727296339,2.259874284533583e-08,7.084887397379532
57.60918077684396,201.93063862594917,1.3101250920158782,-1.0120514518523566e-07,5.334902687772016,-9.820195236768849e-07,12.175430183024899,1.6174348523048508e-07,3.728505791275626
61.25406474442653,90.51480613240078,1.6826976592243017,1.8694150429011693e-08,4.1428820271184446,9.049221975740664e-07,5.745620733811316,-1.7267639872952252e-07,5.421215272873558
61.1791934487945,70.01085390536359,1.766967000607773,6.781550073428833e-07,4.454290336867653,-6.47064312786765e-07,4.290655591562898,8.879868048531824e-07,9.295816879104665
63.62843473246289,111.8609336796335,1.6255134931159814,2.5120513473279236e-07,3.3231112244639225,3.7651154035725224e-07,4.864771330445063,-2.7374459689044165e-07,11.767818010671853
61.55146580607692,109.37704182468785,1.7439277657465921,-2.3163614539904404e-07,6.598589513759124,-3.4436293331341065e-07,8.826836885623095,-8.666174022488976e-07,1.9328028471738123
57.27198027388582,141.99121854612048,1.074601750347978,-2.905968208049158e-07,2.7677594080700043,6.672095507432425e-07,4.900096961291719,5.528046681971692e-07,21.014640490810873
63.813741135039386,77.73148913405763,0.773046875437072,1.8888002293648358e-07,3.648198193830385,-6.507719796597657e-07,3.924768786763122,-8.385983172795318e-07,3.018528657445883
60.89174784707577,70.39560271582245,0.8678935938656853,3.3349377306501087e-07,3.792029926698037,9.859778219827101e-07,3.512765064290023,-5.781289346718634e-07,6.214017195459103
58.00479833469477,56.34812576505395,0.9507517123355226,5.077886430537896e-07,3.6781812019468663,1.131256105977804e-06,2.62519961867345,6.281457626735918e-07,3.558860164369366
56.33007566233774,79.16852389430026,0.9566696296796259,-3.519606837458964e-07,3.815598051011366,-9.907994880369653e-08,4.876319836513626,3.1251564359059496e-07,6.792638869754742
56.35886621281634,75.71614254184664,1.029863252409566,-5.50784006721819e-07,3.7663303496529843,-3.1115573753972345e-07,4.360556156594702,2.041795725007987e-07,6.579231726472554
58.53823615478827,97.38947515803147,1.0111116626744545,1.9349754823307166e-07,2.99970634395991,8.018223068715376e-07,4.948219791187756,-4.5491177848505456e-07,8.833211795487044
60.446787872020344,133.18480441641597,1.5257590357779267,3.6918831186507077e-08,5.428550973482728,6.295162456851991e-07,5.69974600145905,-4.123899378905577e-07,4.7260940165552645
57.26203630276097,92.36449611497578,1.5685200998818103,-1.859250007616191e-08,1.540024037852553,-1.0724402072338676e-06,3.7895856064362015,3.1168180182625985e-07,9.177318442517477
62.550123384491904,102.76740248400172,1.563060003890927,1.6358339252565029e-07,4.160299171012601,1.092780377965583e-06,5.194513132990582,-3.402013187644293e-07,5.072877408982221
62.32773412460937,109.5499820664784,1.2644690384750583,3.127894697356624e-07,4.18117111757342,7.218299918359918e-07,4.6194813942054385,-7.565058056793634e-07,7.214557373057911
59.53859044577955,75.92029615958941,1.0305515225949515,1.11600182950807e-06,3.722802454767334,5.982494293573073e-07,3.5772251106919444,-1.2471212440569597e-06,5.6699750175441315
60.3929921830333,79.05905230134368,0.9876969915406352,-5.352516758045989e-07,2.5262614945392103,1.300013491050313e-06,3.833509834897753,-1.1583566708829742e-06,8.15317814387291
58.6485234566599,91.02906586542403,0.7784209940079697,-6.698750654450779e-07,2.4769244867125315,-6.708589034122652e-07,4.9670327013433075,1.0842526171519909e-07,5.58054742536827
59.00551799278777,90.9968937552887,0.8903414430929399,-5.86387107854883e-07,2.7560385098675204,-2.948345788602828e-07,4.683263671324034,5.2727156962449825e-08,5.255335024592112
59.62590167556738,108.05577075149044,1.0341908854444668,1.4227390696740456e-06,2.9446142087004383,-5.219847667025533e-07,3.6545658432455608,2.8890261398470758e-08,8.392244889826673
59.36669437356952,92.47956610774895,1.960078603026457,-1.2079972442046172e-06,5.094134540269685,1.2134643629449152e-06,7.45317247879045,-1.4035724171626556e-07,3.1670633180275973
60.554041989216536,98.43693461049548,2.077469950899551,-1.3874054474974794e-06,4.294475422444771,8.138675312029569e-07,7.764821572946539,1.1993389206954612e-07,2.8481199974030744
59.66052245730067,184.37392087189144,0.6644557953082082,7.042540030672092e-07,6.847626032178598,-8.572778038770572e-07,4.129685062004134,4.077871409433008e-07,14.850245858982657
58.678519829707426,139.50121597175482,1.1177908715628235,1.997431383016918e-07,6.9094412093655535,6.244599022900836e-07,5.961945769165072,-9.151395031198846e-08,33.266230601952174
57.66159243879986,206.96776445970352,1.4371088083998198,2.783467229782167e-07,6.204830385690397,-1.3240537328516303e-06,4.616401983151155,-6.672535481356573e-07,20.925493226847472
57.97996522897893,163.51826663842806,1.342228235468697,-1.01260186862868e-06,8.292916835239266,4.094880491710867e-07,3.6252450948234687,1.8437527240017844e-08,16.365475178665577
57.97996522897893,163.51826663842806,1.342228235468697,-1.01260186862868e-06,8.292916835239266,4.094880491710867e-07,3.6252450948234687,1.8437527240017844e-08,16.365475178665577
57.95501293154101,178.40677079133977,1.5105077538328333,-8.637910867810287e-07,8.553748656415403,-1.57449081295801e-07,3.4480323527678336,1.0444986012170365e-07,14.655010710833755
58.9238936298173,134.58900477296393,1.1621315182536591,-1.198781929043428e-06,9.185856227463951,-8.35697701638595e-07,2.7940298417470926,1.0031850554935118e-06,20.907537845462297
59.97118263944151,135.29167985201968,1.1434258135373925,-8.723835277508636e-07,9.364792402156365,-9.38346263633023e-07,2.5882295525962955,7.06307293538624e-07,17.656968775434272
58.423586873374525,154.27144569369344,1.1653222328721098,-1.9289577326257103e-07,4.809245638795018,1.5589968830901737e-06,3.6498027924636913,-4.3352189952207706e-08,20.74539309119614
59.68959730343359,105.53945592659969,1.0115620104541798,7.179378189481582e-07,2.5588292624032816,-1.4478108517736894e-06,11.121720289305038,-8.07713268301802e-08,9.148335098375258
59.56279391364781,109.09328256007586,0.939503595740653,1.258581925483357e-06,2.512364101868844,-8.441263132757208e-07,12.764564274042183,5.9230247306867375e-08,9.679810022620785
60.20686967136278,91.28300451412977,1.1666224588482694,-3.078024598751811e-07,2.53014135060045,-1.4292499022936468e-06,7.909783176036757,-1.8577114949236456e-06,4.409812562847512
58.6767274049869,119.97730630574416,1.563806971819437,3.714603778067094e-07,5.455536047531392,1.2150833854556783e-06,4.953214819372748,1.8925138300110234e-06,5.666570145920008
58.40112400443675,105.89086787744807,1.5396746063242324,-2.339469042406332e-07,5.820826909720043,-6.925124552298227e-07,3.538067766656677,-1.7554533467320272e-06,2.225583232513328
57.16299862492938,98.09725630214378,2.134844665058938,-6.38501732236155e-07,6.260101035476609,1.3965267760238242e-07,4.169252981392276,-1.1633876326637053e-06,2.05814496546825
58.8474783263337,104.1776531091993,1.4842337295362982,2.4039250585504723e-07,1.9921279553066398,1.562594387220593e-07,4.108940976513514,4.457165791514994e-07,8.022105680075422
61.05731591565562,97.34182823311636,1.3748274000811658,-2.351641235843249e-07,5.894750289393413,-8.527774009394965e-08,6.844055060776883,-2.8960938418375024e-07,15.145069222528432
60.07095649799634,133.68450987521413,1.9999769643311829,-1.8130138437516593e-07,3.00612574806949,-9.460060561599246e-07,5.577155724916303,2.9638165042700883e-08,12.187937587408442
60.07095649799634,133.68450987521413,1.9999769643311829,-1.8130138437516593e-07,3.00612574806949,-9.460060561599246e-07,5.577155724916303,2.9638165042700883e-08,12.187937587408442
59.85746735616204,132.55493089142283,2.018718605371102,-7.815076849762774e-07,2.795856716937095,-7.232058835479928e-07,5.514403349033451,6.039033173014422e-08,12.477877710689956
60.91404113360709,190.54145122978755,1.3825663480965986,1.6771905776791703e-06,4.440114205381808,-7.201591645905176e-08,11.344259543053331,-5.022219881407731e-07,5.0727789340533445
60.63117891806785,203.0358401081653,1.1623484625865845,1.4566078868461234e-06,3.7281925687566067,-9.019587349611429e-07,14.574076205244511,-4.932288219167561e-07,8.062535712599116
61.500291196691414,90.38824438532771,1.3500803922448794,-1.129137315117249e-06,4.037038923197855,6.975017216557328e-07,7.458556460861188,5.84151783339331e-08,2.8863144718415823
59.97896220966966,105.56744810670362,1.4735471000483795,-5.956690016600346e-07,4.111467034428284,9.73564347264322e-07,4.938548910430952,-4.5226800109368546e-07,3.6092197525219403
59.1193901194793,95.53084784312637,1.2016194073334694,-3.700406090150185e-07,4.081758332560881,3.6648950663719414e-07,5.738068715267615,-2.3595669053263757e-07,3.3893018838527222
58.83075651907284,83.80564025752277,1.6061036959400443,3.8358122471502534e-07,2.4528024402209176,-3.8230239863228865e-07,3.5765731068702302,3.9725111543701766e-07,6.748077312917422
59.99739385475145,90.71808556753287,1.772126543555806,-7.642975238340313e-07,4.622571753045214,1.015107117164583e-06,4.688353393527599,4.900794319311756e-07,4.368049129309595
63.14365680920114,128.67900106554504,1.1294614753623957,5.812725370541944e-07,2.617820720079342,-5.128742504404512e-07,4.518642623788664,6.924096348644295e-07,10.955935027218814
63.47926723839925,113.50003389397376,1.4158135245124646,1.2613273042838586e-06,4.096076541722325,-3.5807476192095467e-07,3.1213352832488,-7.520956866254088e-07,3.799798346495556
54.89655656158229,119.78182447085169,1.4022713186839497,-8.138256071228223e-08,3.0731083151763707,2.453750069722693e-07,3.645597186652552,-5.04715142287515e-07,12.94243648487991
54.503511564530264,97.14076154072968,1.2880972847583103,3.201618063873474e-07,4.872630705972744,3.290166529899129e-08,7.22121365146943,-5.807719150874231e-07,10.431434692849873
56.191759085719475,134.14240685761612,1.3398203145228276,3.76463451234841e-07,2.523069802524403,-1.5172311026993433e-07,3.823758925188945,3.073761729822873e-07,25.793035886071515
55.448833334614356,107.19174316318883,1.317487985387738,1.1018506519021255e-06,2.5512746395629926,1.4663676109057204e-07,5.559961196422977,2.577846410742734e-07,25.623453765476096
59.30790415309912,93.1367449180967,1.5941785758763676,-1.2510093903999332e-07,3.6416728996931917,5.957911494178424e-07,5.219916125877028,1.3595893394259529e-07,40.48550997043002
59.92050970177278,95.28496933014151,1.6587794827935423,7.962408989676234e-08,4.267045732697762,7.686300605398336e-07,5.274052511000559,-6.039684225396692e-07,33.226301904762195
60.39459728807138,84.46263091882453,1.86523300018264,-3.7251686939857276e-07,4.603462118218825,1.3518332774605382e-06,5.937838668825476,-3.919659512446857e-07,27.944492961197444
58.775785418958655,123.37819054880924,1.1560142633272008,-1.6766835089762597e-08,4.879535735822373,1.9953984313965515e-06,6.431958737503261,1.1490633324561784e-07,2.8413518871910783
59.03269058188061,141.02491053085848,1.104521064591075,2.4061900069518166e-07,4.4222026969714765,1.2886042017071822e-06,7.016377368658128,-2.481953826747034e-07,6.969716010825423
59.793235479139994,99.96025867127287,1.096337901053831,2.469943725327018e-07,4.142904482797231,1.1191308330417468e-06,5.469188754667321,-5.910219278492546e-07,4.480868986599572
59.793235479139994,99.96025867127287,1.096337901053831,2.469943725327018e-07,4.142904482797231,1.1191308330417468e-06,5.469188754667321,-5.910219278492546e-07,4.480868986599572
60.41888889884583,111.47678217738402,1.1557083056423154,-1.6669233496655458e-07,3.633191477574363,8.062887931876838e-07,6.532055820490596,-3.821836711443646e-07,4.910130551321516
55.734586766746574,130.505107840915,1.9563618724267207,3.01140506526442e-07,4.725534411444438,-1.0796493063772352e-06,8.224773990488442,4.5765825575758754e-07,3.3228711122106924
54.705230571291494,181.8977128304365,1.6012547019540517,1.8388411453597584e-07,4.74099591288564,9.965725568841464e-07,3.830763046991154,8.159205753707841e-07,7.657759175797844
61.580993808094185,60.564122759843265,1.71312377782918,-1.8272803260026367e-07,2.89352051463334,-8.663654800395031e-07,5.686152344744943,-6.143491220840332e-07,3.4281975612753386
61.539442509896425,92.91342413690786,1.8800670970117757,7.754185596206351e-08,3.413133839667282,-1.9661859209284852e-07,5.38909556417421,1.1118921033678418e-06,4.66581120947147
60.60261131659917,102.18117792884767,2.0276361296289207,1.8034753901416887e-07,5.426439844986493,-6.991326844897997e-07,3.5651200788207693,-5.959897288767548e-07,3.541194461137638
57.978972175047154,111.97401674883757,0.8508854959751582,1.3321959580143492e-07,3.5638113367508026,1.0088783791480103e-06,4.936793174333079,3.4220372462174266e-07,20.415588461759217
56.81631799965135,126.5865428800831,1.0443228376890867,3.116220115973314e-07,3.9817881737868266,2.447193298932668e-07,5.669886297561853,1.1638101431393185e-06,21.779943319601667
56.81631799965135,126.5865428800831,1.0443228376890867,3.116220115973314e-07,3.9817881737868266,2.447193298932668e-07,5.669886297561853,1.1638101431393185e-06,21.779943319601667
58.154626082752344,129.64014373369096,1.9175947767588344,1.9047688552132376e-07,5.391554631847663,-3.202767379830247e-07,5.9943457560005,-9.253574279882034e-07,7.341656978784583
60.61553352121398,92.74996009608964,1.174532278516894,3.779003158158106e-08,3.383834426058599,-5.254098556689549e-07,3.244915416862324,9.261547087199178e-07,13.752442197158125
60.84054967425298,114.65916923233561,1.587533671120198,-1.4234095060909601e-07,6.041745258273265,-1.0139643405738144e-06,8.544186891127724,6.444819330099408e-07,2.4020688284675504
57.95048973456338,104.53239664721188,2.451959300279408,-4.188942674630117e-07,5.109768446780843,-2.1545471375293977e-07,7.097918893468099,2.4435275018904924e-07,9.91955623288422
62.72913068314331,82.33079853324104,1.063455125669936,7.608789798514102e-07,2.593141310166075,2.629839466082255e-07,3.3311285597927514,-6.833956655829984e-07,6.431431242662437
57.00544135506158,183.65805679382728,1.5827165380996864,2.3640974301974474e-07,7.0546278489692495,2.9063457405261295e-07,11.027699244327568,5.16511595782559e-07,11.935263768169815
57.48127702452319,176.18064674473194,2.2039628526594077,-3.569869816359169e-07,4.372622399679256,-4.426850951496111e-08,8.810610089196295,-8.512528920807755e-07,11.329882835345858
60.097111124234765,170.05458258725432,1.3502099554862936,4.239574524300123e-08,10.266990253939694,-1.0743979711655545e-06,8.336004381842601,-6.881190354930324e-07,11.014902531018812
60.78059303260741,207.60815382672104,1.3095945749918356,1.4813578153005148e-07,7.710165406351092,-5.861231401963607e-07,7.974544982197286,-2.6736829662213215e-07,13.207298332154341
61.76931227482618,175.61623064381396,1.4797885391338093,-2.6640706898546166e-07,7.519304471513595,1.1095665724102778e-06,9.40785337952093,-7.652747605610922e-07,12.339692500711019
57.12312464696067,66.1716381361406,1.345232974149311,-4.649202097538768e-07,2.9818947230487205,1.2886470023457113e-06,4.112970403605362,-6.489053279123982e-07,3.4929550060540246
55.54774134803803,116.8646844362989,0.9475721057986064,-5.703770430784238e-07,4.495988135751282,-6.139595062540795e-07,5.177922013806291,1.5004091996809458e-06,3.8451765738569246
59.20054890301103,111.41415946363642,1.1506024368964212,-2.3843905032926956e-07,3.6610672204462706,-6.31819831669454e-07,7.431364603347734,-8.255575759116925e-07,2.0894512438907564
59.34008998012157,106.61241975145089,0.7601156792826794,-4.962128160575575e-07,2.8084216733849354,-9.628536894506024e-07,4.381727883634346,9.610681298821267e-07,8.141138872980349
63.13691610368159,115.17376793282371,1.4580338006784497,-4.3847313977412134e-07,6.397531995999147,-9.852409637373241e-07,3.9984254554577596,9.608173105155312e-07,3.221752671004506
62.12457622341253,109.38867861516425,1.4569358367628527,-6.426611404172198e-07,5.031243851468175,-1.5882074192509013e-06,5.175745485494583,1.3042195030047763e-06,3.1187625419499767
60.260724533884876,97.42126096640322,1.4888671119924832,7.200436721483346e-07,3.0672626423946037,1.7247173115688794e-06,4.290508448398234,-1.476405761503931e-06,8.791437858541643
59.931649920419865,98.01539099269166,1.3897776987570414,-7.700209662425311e-09,3.0231174151368507,1.274210170825173e-06,4.383187407883872,-1.6633611558694772e-06,6.958175731038872
59.50402218061581,88.79432383002067,1.3977888162569858,3.4983819709609566e-07,3.0343039079128973,1.3080859970812077e-06,3.913338526387289,-1.314813194565364e-06,5.448294663285073
59.909327441129655,89.46632102630792,1.7970297841210883,-4.4375173890771337e-07,2.3766101591629645,-1.3940537600192856e-06,4.255946008146906,1.1494500833891268e-06,9.418987121775233
62.54230079833556,70.88445574377782,1.9826317198454966,-3.742602514673477e-07,3.6344467713370183,-7.859292007700457e-07,3.2501780373292304,9.761084488503702e-08,8.985844784686039
59.213545012096006,151.47807210467178,1.2656218876489473,7.22918893027132e-07,4.046337408863982,4.880512396216618e-07,7.4410013964649115,-4.479597033231601e-07,7.424406029120628
60.845119235841565,105.28688336390591,0.9437164838003768,-2.4539984436621854e-07,2.8414256579113193,8.380983674952426e-07,9.827103681219617,4.920448472626352e-07,5.929732905155704
60.65417171514138,97.29656560185887,1.2683968013057836,-9.390014492539545e-08,4.305974310051213,-2.1691575599498196e-07,8.263934575910518,5.501087043801414e-07,8.588241685998135
61.07316344308648,102.86521030594776,1.7500480113723353,-2.4315650756182885e-07,3.323245507923404,-1.1090082227286491e-06,6.134105189260819,3.8486269112231716e-07,2.19266300841909
57.963696122337225,70.28354004887031,1.2273792735852713,9.652810939474654e-08,3.169315962809499,-4.1162538351900416e-07,2.88567595804067,8.467591160789329e-07,15.174496985070355
64.44938804035077,139.173474026256,1.7784308897723602,2.5918958659078337e-07,3.8929150349750468,2.221956909652113e-07,8.16601072165831,-7.231950690844598e-07,4.228671183532152
61.34957429756649,119.39154242494006,1.0438845900282054,-8.103078246875247e-07,6.851310615215529,-2.946913226930122e-07,7.0208618860302225,6.367308029276818e-07,8.203465802227072
59.193519177691314,127.88871944743894,1.435484748297337,6.679519045269227e-07,5.558945365812712,-1.4594033229653023e-07,6.1834757947127,-1.918339164757001e-07,10.250340374875101
60.49384911818088,90.4430093208607,1.6358593330881672,1.4444643057869465e-07,3.7170424789877217,-3.2744300477372925e-07,4.562279176345633,-9.588500181263824e-08,3.2157580578106852
59.027980652556174,90.64204967332527,1.418080590449135,-3.2793008032025323e-07,3.7281880752739096,-6.097281503647697e-07,8.496667321164374,-1.5678242988697456e-06,3.094607956785365
59.027980652556174,90.64204967332527,1.418080590449135,-3.2793008032025323e-07,3.7281880752739096,-6.097281503647697e-07,8.496667321164374,-1.5678242988697456e-06,3.094607956785365
59.027980652556174,90.64204967332527,1.418080590449135,-3.2793008032025323e-07,3.7281880752739096,-6.097281503647697e-07,8.496667321164374,-1.5678242988697456e-06,3.094607956785365
58.21294734521181,88.25358036946402,1.4383888637679472,-2.305147731619537e-07,2.84901382081228,-8.391371243915011e-07,10.056847431606867,-1.756609012452229e-06,4.171329450281918
60.92420233983428,120.35617794233585,1.7162543836110709,-1.0824345753879992e-07,5.542252799594823,-5.728167137371644e-07,3.6168657085397937,-1.446448467608745e-06,12.401529783760319
59.39237309733616,108.01419939467706,1.7524575766747863,-4.529348980322365e-07,5.876536324782668,-4.119353697647026e-07,5.093265389668949,4.397860039618199e-07,16.152268350807546
63.378585300455114,136.80226612821778,1.2283279817199468,1.4374822970569153e-07,3.3189586596140424,4.5607588994185813e-07,5.248605001418671,-3.6049127475520847e-07,10.752985786157176
61.85235619665821,88.57464944469965,1.930493495368557,3.5677435821261625e-08,4.251177357412704,-5.211025895893898e-07,4.363936692970194,3.9599460077023014e-07,9.493630803912957
60.58497813782628,87.86966461934873,2.103122657164166,-1.9383681230460765e-08,5.284395517395028,-3.955596643958255e-07,3.7640713775844405,5.927659404511765e-07,7.523957270270976
61.936093122930124,187.75398323337464,1.4317922684127662,-1.2671603033379185e-08,6.106329597958174,-1.1051385385033601e-07,1.9515417312567482,-1.1357359530108974e-07,11.16134052388516
60.160618954085294,129.37983198009073,2.1326842469550837,1.702620467153498e-08,8.301378745234212,9.838584954359589e-07,4.115178738373725,1.343747474768343e-07,14.185775541544935
59.739814575030096,117.83494849602667,1.8569372459265834,-1.084187048013917e-07,7.527542601674216,9.214876381845568e-07,4.0700145401642915,4.622823203220078e-07,16.881645171927918
60.6550252683646,123.99706605186164,1.361743803622447,-9.26978803646446e-07,5.452371956013459,1.2614275887339164e-06,4.377008301237892,-3.680467808672887e-07,11.866518435670965
62.123261033088774,168.17582286133,1.2682169396739162,-8.287441986748042e-07,4.270771203897451,4.284002815737594e-07,4.537601929295808,1.2955708430984985e-07,28.302808666754682
56.674886839049755,75.48749570999931,1.6134390782734331,1.0436211804803687e-06,3.6815483443929646,-4.458092018365007e-07,6.498732271027746,-9.940519865190673e-08,2.1843972100501374
56.674886839049755,75.48749570999931,1.6134390782734331,1.0436211804803687e-06,3.6815483443929646,-4.458092018365007e-07,6.498732271027746,-9.940519865190673e-08,2.1843972100501374
60.78923491544305,149.782325455476,1.210608517619177,-5.595369629040543e-07,3.4963468072641875,-2.4826954373429627e-07,4.935016984632268,6.307225557965368e-08,17.360975496637963
61.89300337804788,158.26022345729754,1.1315344828560563,-3.552491068224207e-08,4.076696128182369,-6.403166206327977e-07,5.981025950381903,-5.374200959683262e-07,12.810660802941976
58.47187153159222,97.8180966175373,1.3852214726469416,7.580622523177292e-07,3.1241674753572384,3.5379425229189614e-08,3.4041981760181432,4.074084484352652e-07,3.4445847756243175
58.03212622886074,86.70543566044067,1.3293455106457044,1.005476996438386e-06,2.937393756643602,1.6578294902410812e-07,2.617836144843467,5.222993892607071e-07,3.814438399469287
55.00224652453681,77.13911783265388,1.2638125775814302,7.811170329744544e-07,2.046246072372814,7.968905642209915e-07,3.6362393950852754,4.940902975915549e-07,4.839668708678646
53.76692280389304,77.94205013857948,1.3617049408364814,4.999760339729724e-07,1.3983841263096985,1.517969898472956e-06,3.9700526183418456,4.833057052026622e-07,9.319603847434857
53.929752657992886,80.98965407808045,1.3372000020069204,5.90982141352666e-07,1.8346390585475802,7.350781453162908e-07,3.2012242476408614,7.421722312394119e-07,7.651578233104368
59.71761178784514,105.15772785204975,1.1548900399506576,-6.12489570899719e-07,7.731901161317788,-5.133638515822218e-07,5.5785077746284015,-2.1007388569710106e-07,3.620155139691492
61.01882249106743,301.76795652278696,0.8102444781987359,5.696300083686564e-07,5.935736571212864,-2.90370860066154e-07,5.079103561945428,2.009683612877422e-07,5.478301496392805
58.24747095248499,72.32933300864089,1.655618819117779,4.2230793203805543e-07,4.088448851948859,1.5693326799397954e-07,7.655321697811557,2.8174164006649754e-07,11.033166578289313
57.50604276751389,133.75008244406317,1.8960886455199761,1.4114410610669671e-07,3.196910594569308,-1.0548519649210866e-07,5.069436833220502,-1.4179143166384893e-06,2.1637910771845483
60.7325798697675,146.55111050020292,1.0613735283050232,1.1687302267774827e-06,5.108194673555744,3.5304426989222064e-07,5.073582625990463,-1.0118056731492732e-07,34.490619965751826
58.23259205716423,102.2775691128458,0.760977037974282,-1.7040294369602373e-07,4.4408682059379325,-2.3736846028111098e-07,2.348448317866865,5.569980848656469e-07,7.415290592584132
59.52606905603053,116.56737735490019,0.743239684989389,-9.616586845964737e-07,4.24532842837135,-9.060404168646197e-07,2.074851566171301,4.7405123658536025e-07,10.856763780791573
60.17319259375817,98.77938904511693,1.185665627090306,1.7612943657681235e-06,4.874550457537134,-1.0547904400567613e-07,2.4321223678179194,-1.0905460210595934e-06,20.32916984041393
60.295747252740334,111.89336539023473,1.1075283654673256,5.007057954306476e-07,5.75584498857242,-7.856126402714866e-07,3.146447766589512,-2.5858490085283943e-07,11.525608327892762
60.17590650852661,135.95081354723018,1.0335728579174333,-1.0317465858998494e-06,4.551369665335339,4.698458110065917e-07,3.6787223378591865,-3.6492185746024607e-07,25.836854540539584
60.21086283060786,177.966703811991,1.1859285727666584,3.815980657279957e-07,5.533586472771545,-4.1729652396315836e-07,3.699327938901497,-5.990696233710153e-07,21.463031204713655
63.070383443833855,184.02133126607384,1.289066168174562,8.438977549345129e-07,7.924016327684431,5.461635889035724e-07,3.540650461140191,-8.807292828040935e-07,22.828991097817322
55.20563281471961,95.44803641002267,1.668757511055347,4.1394585931239966e-07,1.3636372656374498,5.482085707450335e-07,5.000753114314292,-2.8272814275351143e-07,18.24469831247287
61.725788066606135,110.27046143031154,1.3642790972465564,-3.155924060683561e-07,5.935201941802461,-1.0957807107287665e-06,5.020839300555693,3.4936422060925307e-07,43.36058899938725
60.39472560991633,109.44053228846697,1.594621562222086,-6.32505789280404e-07,4.218596114297216,4.7499475322928645e-07,3.263145242693316,1.5250649241215894e-07,68.87565277839707
64.46539693778824,101.97304777816797,1.1672179773256806,1.2238399016972277e-09,6.327592410839972,9.770116757033082e-07,2.6205962062255344,-1.484987435539137e-07,88.904244286382
63.133791362821974,114.08063935569189,1.5168182572525224,-1.9038404657884734e-08,3.247252236056974,9.699695867775909e-07,4.942844543448229,1.4737360879500733e-06,66.04034272136231
56.15742951842483,122.17359797701495,1.8144637162184012,1.2102475329353477e-06,4.1936831868146065,-5.070767976230057e-07,3.4562676134146,-6.394046675406756e-07,18.952950003291477
58.539843538743085,146.6039362305662,2.2739305614788434,-5.344476489150268e-07,4.302821509766378,5.355367182492091e-07,7.073668575359958,4.199150985499637e-07,15.480735797903547
55.98614192987451,207.83162896514122,1.6310442948277355,5.563367692617524e-07,3.7843203992988514,4.0690957083385545e-07,5.300122294612221,5.148366923667626e-07,16.235895073962585
55.98614192987451,207.83162896514122,1.6310442948277355,5.563367692617524e-07,3.7843203992988514,4.0690957083385545e-07,5.300122294612221,5.148366923667626e-07,16.235895073962585
57.316244267627596,158.07125729337938,1.0317140608031568,-2.145474801895008e-07,5.469096108166963,-1.4961196785319498e-06,6.058769356720287,-4.227630838396578e-07,5.571383860190788
57.82462028072171,133.89558506038412,1.1254993756007468,-2.7308601174993497e-07,6.13447513112106,-1.620674744719378e-06,6.927009582109892,-8.222552060671091e-08,6.7748212101554275
57.72653851533498,136.3011891593409,1.254168199609255,2.7568230536828703e-08,7.443324726537601,-1.6776128398554356e-06,5.507716809592203,-2.1484976977629945e-07,5.835531470493649
56.56285181683373,116.21573527062863,1.5289113485108967,4.852238061012052e-07,6.162542202032787,-1.2761967199788806e-06,5.336537141464409,-1.9421705663129582e-07,5.383503740934054
59.336557868720895,114.97853675517995,1.270007588327224,3.4683550800999267e-07,4.274901834045826,1.5318357087301365e-07,7.800217725573278,-2.807002490920946e-08,2.41940031694422
59.26625907989306,108.06441581025629,1.3015621277484448,3.7514804158662755e-07,3.3370549770810563,4.4617822719495317e-07,2.994122823474428,1.447483196869362e-07,16.30804683056398
60.053334521537785,152.56233443559375,1.7313740689711181,2.0636904827951434e-07,3.9444093280977444,1.5593294809225763e-06,9.386144590696066,2.2593963641437347e-07,3.2705873167548454
59.30786097720325,79.134750557215,1.2444720351155796,4.133084136343701e-07,3.870401063203422,9.502007148619126e-07,2.6721726558251007,2.5466687806083173e-07,12.73833239471617
58.2023834045344,99.12221577347225,1.7520035136258174,-7.526008888291858e-07,3.6252247433930602,1.9819630552241096e-07,2.848071295635502,2.68688581000648e-07,6.767283806241406
57.38327080526043,67.1956739236783,2.1052611034289876,6.555109414151232e-08,4.215431042861256,4.2241210125062454e-07,2.4322756857527703,2.329417489151491e-07,8.392223298876605
56.96189382299984,152.0994645576573,1.4234055109941166,4.95694386922682e-07,3.017244588691152,-4.3736161264555347e-07,3.801597965710536,2.2855669736726762e-07,8.082324835012955
55.91061380154581,136.19365811690486,0.9467982275545506,-1.6574365864218638e-07,4.018989659475451,9.92192153310568e-07,4.428523492998723,-9.999994393618164e-07,9.393073795024192
56.10633738678076,125.31131996210321,0.900861987389295,5.504066420377848e-07,4.46580715081566,3.539579367346416e-07,4.815571236840066,-4.554006199734969e-07,11.080941423211742
64.95601739507286,104.96317045871413,1.7541606117379476,-8.083476667324147e-07,3.182659439867371,-1.3016057138133543e-06,5.9539669560292445,1.0307417234714484e-06,4.481894113384414
61.632427423718596,96.47097749195464,1.0208860120103638,6.40256530702862e-07,3.390939902020579,9.746132802640298e-07,6.454555944909208,7.452846852769985e-07,4.080657186729282
60.955681648059496,109.68486342278563,1.0253425762099027,9.899967452798017e-08,3.3955240463440313,-4.659936685917441e-07,6.317279834118083,9.910252831397507e-07,5.3588659187065675
56.2790011130277,69.34287090150602,1.2502404510311087,-1.5738332989930908e-06,3.599045480483325,6.73192847547655e-07,5.316421972918817,-5.95800180291751e-07,2.976348562624416
58.4168045955944,100.8664512823157,2.329402505703302,1.15261143911755e-06,2.795756140164872,-1.2283458513469396e-06,3.3600426533093573,-6.683477975948788e-07,11.58418250041672
59.61971234102876,93.08414075068015,2.079382826481861,9.444779734933865e-07,2.6728351956681244,-6.397903354352941e-07,3.2477420774191685,-8.734423607496742e-07,9.859640827672495
61.73556605545471,81.14928906664657,1.1782894083435633,5.500921932980518e-07,4.694984081155009,7.524274996298478e-08,5.050369247375235,1.2872741910244278e-06,4.8325893690670085
61.87008950297394,109.58964229535074,1.6379018772904295,8.232709471795734e-07,3.8394385311160226,5.1430437986022744e-08,2.8462591520047402,-5.54809170651012e-07,3.1149768399042803
61.171647936943835,107.67588610860547,1.508166940830302,7.117320367688116e-07,3.348586088211033,-2.1994719270012658e-07,2.745497535497287,-1.7146925204761095e-07,2.938988629689607
57.08612700031389,77.94314068163763,1.773196862445642,-5.223721608542223e-07,3.9687851230872004,-1.187694167416302e-07,6.371718002762083,2.5866925987123727e-07,13.573630395239977
59.586774639214745,91.43616892637597,1.6109360882093082,1.641258608621695e-07,4.919744501577073,6.994344552904343e-07,3.2916156847213367,-2.761685599188603e-07,12.364575468316088
60.228645334994994,123.04913358393253,1.400035542373429,5.715097582386061e-07,4.751028604748528,1.2147046884184009e-06,9.399031846947038,1.187324144943035e-07,3.464081814161432
61.34195895768152,109.70539128487084,1.5353612435574826,1.0628324952750174e-07,4.693918527414132,8.861850670734602e-07,10.009139908635152,2.2609490327996676e-07,3.9031160201206814
53.9567544928272,160.5968128290098,1.3647053123647959,-9.519306729049405e-08,5.102706649983769,-4.415544092033085e-07,7.620063316686397,6.45747113270868e-08,4.143264732588714
56.81453779919982,68.54078140506209,1.8285377517558608,1.1706027976330482e-07,4.380018930350073,3.200143021438191e-07,3.9047507550334353,2.260826654124562e-07,3.3455242799856024
56.134566525798796,134.3531707980337,1.4412094068510983,-1.7546388251982672e-07,2.115440120408177,-7.648749115855866e-07,6.573325135851702,-6.011119596011398e-08,5.301660803607142
56.03180643952887,112.59009041504295,1.5960959712792127,-4.997871368419819e-07,2.2384938886425827,-1.6162841992105375e-06,7.6215936162453,2.829738999780586e-07,5.228043104772365
61.030611990938596,72.86010715972492,1.7980829869327326,-6.777302118302271e-09,3.5612137370990573,2.251669097326501e-06,6.6525867774793195,-6.495339585190115e-08,6.248599122108165
61.030611990938596,72.86010715972492,1.7980829869327326,-6.777302118302271e-09,3.5612137370990573,2.251669097326501e-06,6.6525867774793195,-6.495339585190115e-08,6.248599122108165
60.89677969875768,130.65175386178305,1.2390447659889743,-1.0393559928436996e-06,3.2084715981070713,5.067704881134848e-07,7.55317849259806,-1.0595044500130698e-07,7.885936594982656
60.819517265165366,140.28463284841803,1.447740228890565,-1.6566308200404144e-06,3.307662318571653,9.750349875849882e-07,7.7519025993467245,2.3834549667130673e-07,7.369970281577538
56.90445041976461,104.76810592402563,1.9349589964091591,1.7285778101497423e-06,5.757744351956418,-7.688450831308992e-08,6.021033461165592,-3.885824461799108e-07,3.8508003367336223
56.6007946810806,115.01275462010571,1.9614688301752985,-4.7180569508195323e-07,3.688687324598519,2.571705449887987e-07,7.048211021711226,2.6980792444937765e-07,3.6461471676853066
57.268368518311995,102.6193209047988,2.3123287682695017,-2.7343493774776343e-07,3.6020938605846493,7.952623897326002e-08,7.849557282400367,2.895744508984398e-07,3.4116054601115824
61.129874861235336,104.14899364695786,1.1561269391005446,4.2517217206017166e-07,3.870501234847359,-2.7521780523243773e-07,2.811316214218506,-4.551897829405393e-07,6.503126353924478
62.74280350978909,122.01935712185194,1.294859289476416,-3.6491026918987046e-07,3.3144461514394763,5.484287663543068e-07,2.72456894536121,-3.40661654951414e-07,9.538475556769788
55.68336364382495,123.1099456435277,0.8818788150507939,2.755281667725858e-07,2.8561534749284716,-2.497318284770613e-07,8.725213509576013,5.366811769532607e-07,4.305727142931493
63.33132330625403,139.128412928304,1.9000780438069227,-1.7932374074433442e-07,5.384273083867927,1.684828622883503e-07,4.1240546266239875,2.9174499359143e-07,4.384159818643036
57.48820485719474,122.79111006429825,1.0494342605633284,-1.3898286956907802e-07,4.131358988244522,-4.3978284035852625e-07,6.567535025775201,-7.58776092336088e-08,3.59229746036881
62.24315269136939,128.49319425078687,2.1994444756131144,9.304504856633366e-07,5.503335853613785,5.448567369700451e-07,4.197353608611875,3.1805556300674506e-07,4.686833716503429
57.938686921983816,92.90796307989292,1.067135068617614,-9.035714458361487e-07,3.4193056064671854,-2.2629933090730235e-07,10.591853131701289,-5.420559772072227e-07,6.351403968913874
58.770629368190264,96.66006239214653,1.2145674854495996,-2.559314029113983e-07,3.746701070571048,6.895510729437686e-07,6.382998724672348,1.4708184900175386e-06,4.063025218692478
58.606547538617626,93.48898373714061,1.1442351328746243,2.0271957017564896e-07,4.3106774713506075,5.573838860827677e-07,5.723231762273478,1.3491082801583192e-06,4.3485746124038736
57.98056648422431,98.76279050963747,1.1543622571431489,2.2907996065968358e-07,4.080140282372887,1.6455174692492444e-07,6.476910254860214,1.305222492354898e-06,5.651404483267342
62.53484198866348,129.93707645175346,1.9078081131210904,-2.8908285370736757e-08,4.469213851994802,4.933239133073815e-07,4.0094272331765675,-1.3320275616380954e-06,10.416170446454872
59.81606951992571,67.47618687518793,1.4925193791690656,-3.6302114470343614e-07,4.584192422169302,1.5459381944069467e-07,5.53517236443954,1.129417933396344e-06,6.997854262742204
61.99333834813713,88.63109022289387,1.5876732972456764,5.6142691109129e-08,3.5497516340317703,-8.09770908356612e-07,4.0007825813362,6.126889834438245e-07,8.560053012792057
60.49220713232643,80.18157684002855,1.7708505970841157,2.1230734838299602e-07,3.3898158969559993,-1.77118260117539e-07,5.13544158692297,-3.1493116477802964e-07,6.518714869392689
60.675535517820165,80.01853323294449,1.7575338912175618,1.9192063577211136e-07,3.1924390016168234,-5.481226837752122e-07,4.195266908105451,1.5414748436862746e-07,7.446991005257343
59.46269709403285,103.56766369932579,1.0335279290763295,7.195307772541397e-08,5.081274691333623,3.171833300749118e-07,5.634350241461787,-1.1937622647701033e-07,2.2717499648940787
59.46269709403285,103.56766369932579,1.0335279290763295,7.195307772541397e-08,5.081274691333623,3.171833300749118e-07,5.634350241461787,-1.1937622647701033e-07,2.2717499648940787
59.7409377578437,101.79232943205925,1.120198548187736,-1.2623743796953553e-07,4.181542998144131,-5.822513446521614e-07,5.866689370273809,4.1676651851601916e-07,3.7085751428850506
60.94732754713173,105.89455632285872,1.293499817434656,-7.116934933693851e-08,3.412744954043229,3.236457985285958e-07,6.499326065671192,-4.4838580589552917e-07,3.2832759690686166
59.02247536945326,123.43991274119088,1.6374419887180138,-4.5447852147832015e-07,4.443058137558637,-4.2380802009528363e-08,3.0997739106826065,-2.4085496951152866e-07,9.993616297311357
60.252028484935394,91.6471846344952,1.3931624000263387,-5.828085300784828e-07,4.655556923081904,-1.1901880519757103e-07,8.767560561724741,5.232965405924596e-07,5.713723390972229
60.17526754336057,106.34532766021556,1.528804684703807,-3.542777772613601e-08,4.428747797594337,-2.271629533248733e-07,8.810445401084083,5.865578281541272e-07,5.266794265185342
58.552279185953616,123.04169061501815,1.50425383854574,2.498921021500897e-07,4.450652657754918,-4.369595598310646e-07,3.4112104335343787,1.9109752111477094e-06,21.07079168411115
58.552279185953616,123.04169061501815,1.50425383854574,2.498921021500897e-07,4.450652657754918,-4.369595598310646e-07,3.4112104335343787,1.9109752111477094e-06,21.07079168411115
57.99225835645911,103.78106284428813,1.4887203698060547,1.5858472812437674e-07,4.941858185669792,-6.201644558798214e-07,3.9671866693854128,1.7033912149414978e-06,28.573777664497793
62.04410654239634,103.48672515333226,1.8272781685061326,-4.522331047785726e-08,2.1502927856468967,5.6916179522547e-07,14.825890201871058,-1.6177935457895092e-06,8.052841929521934
59.49388741185307,85.46931045639579,1.4772021321199145,-1.0398438004942001e-07,3.3723048460372764,-1.2337591278115546e-06,7.070201886001568,2.3484297215057687e-07,9.635853707110233
59.42336490447748,80.21493373408656,1.4578855058693534,1.2281496829597552e-08,4.4375613311358,-1.2867459453738886e-06,7.64156490866321,5.075178299001088e-07,10.705344519182848
60.67462067887384,111.6033133543313,1.5562861302010247,-1.0673878650657959e-07,2.292952916298772,1.4023458134271305e-06,2.5812956451285096,-8.645890687791339e-07,7.082796786527085
60.437043693929525,99.68035860765416,2.1047726769593043,1.0419543146206914e-06,2.1056198730214595,1.1739898631632663e-06,3.4338965846249594,-1.1250384757592678e-06,4.827960664965082
57.830197389153575,121.26243947778315,1.8199532952112176,-7.541614911181565e-07,3.1337152703266424,1.9999255796782386e-07,5.4533891984429355,-8.631573762657821e-07,7.499516346150398
56.77880477352022,132.50791766513825,1.7437565132069681,-4.520497173912399e-07,2.846109224987197,-8.144534992030347e-07,3.2392311866837487,-7.458367520504749e-07,4.351327055974647
56.77880477352022,132.50791766513825,1.7437565132069681,-4.520497173912399e-07,2.846109224987197,-8.144534992030347e-07,3.2392311866837487,-7.458367520504749e-07,4.351327055974647
59.22180704845147,121.05215892570719,1.4049124468348255,1.3031436949054198e-07,5.279671227619182,8.602045602275033e-07,10.563666957275503,8.620974471983679e-07,10.537359952229371
61.32249887489876,93.95441398825294,1.6337521958910675,-2.8005760919137205e-07,2.606345103986205,1.2937593869283305e-07,12.777537768213284,-6.055362652253032e-07,7.099523690668241
61.32249887489876,93.95441398825294,1.6337521958910675,-2.8005760919137205e-07,2.606345103986205,1.2937593869283305e-07,12.777537768213284,-6.055362652253032e-07,7.099523690668241
59.99466478512974,150.97786859017526,1.4947398014285767,2.610709991095497e-07,2.6885678294094637,7.055028117718516e-08,8.987141008694291,-1.007929530197298e-07,4.925876855330773
60.2306738696296,145.97203836365537,1.6537060933630574,4.235460965301147e-07,3.090948017580114,1.1380360808347631e-07,12.214063465228572,-1.9156962256312552e-07,5.0876707434491495
59.621892096870766,108.1137026716465,2.3922485749477573,1.4911987904002025e-07,3.226348856575049,9.660517800034112e-07,11.200216966424188,1.25665357013552e-07,4.394771023251292
59.80592254505147,106.3626139701132,1.7650556106896491,-4.8700782808175136e-08,3.1068226580808957,-1.2600090931056779e-07,4.588251382269961,-1.73220366919118e-06,5.199506750575703
63.41886334625366,120.4557206091159,1.4860332352302477,-5.649131819564933e-08,5.787767486149239,2.4764141703974017e-08,6.774309697394351,8.524895198753689e-07,2.963022035283432
59.84540002809779,104.14556613394231,1.8721501668048288,1.1786164959042214e-07,5.220362602438356,-7.769261422564164e-09,4.6202054838134945,8.07654475160555e-07,10.91454534888008
59.661164093931426,98.49435511498409,1.6807624774981473,2.5995503105489963e-07,5.952735919542269,-1.6612727305931192e-07,3.7849204239387766,1.1389020803524034e-07,7.708496449337805
61.27920790108635,75.50847274263788,1.4748445105289565,7.924763353397052e-07,4.4279895990349925,1.046183850719866e-07,3.64563744855473,-4.96754867541769e-07,7.656965845023371
65.5029684494113,107.48135064946588,1.2550936475531558,9.289503721909155e-07,4.352301189229004,2.0967312798689065e-07,5.249725686078687,2.7239174702139113e-07,4.263133533960771
62.999611551373995,85.22407724355311,1.1752724773394767,-4.7156816296752683e-08,4.198456877865906,-2.7664042940913564e-07,3.9665791627702705,9.613315554674605e-08,5.705610019007545
55.6965992173985,106.28959817077958,1.3232749694764687,-6.691284973002536e-07,4.911113481551747,2.525435774004744e-07,2.587585718968903,-2.3193202324782272e-07,9.37073395731188
64.10548536169924,111.89041721302655,1.7012680169885017,-8.806589217212344e-07,2.895826020470937,-1.456091624664677e-06,8.97668852808764,-1.1945105212315132e-07,7.10592599165856
60.818463017122816,146.46487556457083,1.4365315693558163,-7.667952465859259e-07,4.405042578349821,9.383401083615314e-07,6.602367105755882,-1.0150754619727054e-06,5.092023580322188
58.71996060387818,67.2762650993069,1.3250317002266818,9.150680913129692e-07,2.494425099049041,-9.3686572216391e-07,3.8626786483576283,8.345445659226188e-07,6.7816266803383245
58.480775015300246,71.41038863905217,1.2714847799588638,7.412454146289014e-07,2.5861426987094336,-1.4776742553828616e-06,3.8612914782464745,5.622657392408194e-07,6.187636466945446
58.2703404785301,105.3003653577894,2.2053747506325756,-6.220920434679496e-07,4.892192091542034,7.009407907996019e-07,4.26268635994086,-9.519174788351826e-07,6.6942442752782245
61.018252030331546,94.83150027091156,1.6794388502361695,-1.9588357098761375e-06,4.191024164705373,7.449523845915163e-07,5.038503891120653,6.283050013031474e-07,6.622514189168295
56.81826220809868,105.96600651842478,1.4219758003089997,1.4376177731972272e-06,3.7754760830015504,-6.205730515459106e-07,3.3697166880684875,-5.30318136448837e-07,19.886731798228666
55.898997142869526,115.79657472082013,1.5086223421415266,1.7143021952601988e-06,4.4547758485615505,1.7279505072499907e-08,3.742031008088611,-5.981359123806877e-07,21.457672065490993
57.376025649207534,107.36602379724022,1.4385298360921406,-7.080061391794823e-07,4.674607957346652,8.934445133388701e-08,4.554902631952855,4.038420907299604e-07,28.143201492681303
58.942578819387506,146.4345775982217,1.0235123509838921,3.0780296850903526e-07,5.47649130622627,1.2283794384583642e-07,4.215838696485286,-5.913179984651114e-07,6.86732314104661
59.765790870275744,107.89110261943364,0.9100150293230435,-1.6828138482217588e-07,5.255716687361505,7.2548990155409e-07,4.872424910768528,4.372406155270538e-08,11.565586208350094
59.570491939055096,92.15655224709,0.8487205623140297,-2.8632702216376376e-07,5.970983392858123,1.7912162372158757e-06,4.480309557950755,-2.1330737444949675e-07,10.708292112796343
60.65911019028958,98.19035967180226,0.7103806869389716,2.892182340169147e-07,5.012641871791121,1.2952284976187339e-06,5.453047007764052,-2.779852393528571e-07,7.643229235831692
59.76438383892381,77.24700513537643,0.9111578094561779,-7.093799455793294e-07,2.499464139674344,-8.627721940177948e-07,5.261122707482687,-2.4358304814664566e-07,11.945203250534735
59.34427996074965,119.54921125759095,1.4534214703444635,1.4381806835929442e-06,5.39210038178447,5.386667633221912e-07,3.3307479327649947,1.149735840709669e-06,7.798326125720997
59.817575388505006,93.81217985515342,1.1833094726636584,2.023727292338643e-07,3.0739755325726623,1.0612748631551342e-06,8.139788100045303,-9.963213810971238e-07,3.538303623742629
59.88891062665723,133.31628862021495,1.6698831677795176,1.8469021273687589e-07,6.733629718986811,-1.0669407281329234e-06,4.0790644484821605,8.881513076599495e-07,3.968979021430054
59.87273674933281,137.23721454190098,1.4141711607194776,-2.8948053266741415e-07,7.217563112629011,-3.2709252400835524e-07,3.7453184859193973,8.064279874417802e-07,3.8914517625801146
60.700888527377494,121.7013745921947,1.3758184482004092,-2.4592656916438906e-07,5.723893096574465,4.454539968035073e-08,4.010278683495714,2.6451956028565957e-07,5.5742132701133755
60.50146288640268,120.24402928462578,1.3744503218380668,-9.546419768455684e-07,6.180490491705757,1.2135292378491969e-06,4.565910639579191,2.6021567430774265e-07,7.9856374912302135
61.0104527275809,100.20104582350798,1.3385939171037327,-1.046957877559861e-06,5.836275937500918,1.2150439595840217e-06,4.072855639841419,8.285280110683497e-07,6.838935226437261
60.87028964731542,108.23018920225921,1.6256472428138795,1.4937929157954883e-06,2.783035691965619,-5.78884401567512e-07,3.1701169921023924,-5.974025403002475e-07,4.25334748891447
58.32213934813412,62.081596862268015,1.9043570506426806,1.179943977124482e-06,4.893595761239361,1.20219389887647e-06,2.930576461642395,3.218124653360991e-07,5.859468246359703
56.84672539263629,143.47677923622723,1.2389119329912661,-1.0587663376653667e-06,2.5437184727207165,-9.913916116807256e-07,4.918421287121614,-5.153152439060462e-07,8.865031780240116
55.615136966004,131.24674438375013,1.083571546416899,-6.393820300618564e-08,3.0783236931474502,9.209405734962355e-07,5.88061842415247,-8.721987393007548e-07,7.360297789271122
53.56745364235105,122.57814386063382,1.2659745863283514,-5.198882274915158e-07,3.1051818523300194,-2.92908210688581e-07,12.43852794975081,-3.505055830798621e-07,17.366791600218566
56.20639062997183,87.86401934358301,1.52808429966845,9.504369089791607e-07,5.076102105318418,1.9231792490733468e-07,5.243396482864622,4.134303406887434e-07,3.7354790894390186
56.94925723661378,94.050912632108,1.902350319291536,9.387314083588666e-07,5.200998236583366,2.1072476408801847e-09,3.4644205394447236,2.7954555733282663e-07,6.53452493031773
57.18418796683369,99.77701625595618,1.6353396105867848,1.317237152529703e-06,4.441228716545293,-3.426091651864805e-07,2.761018072148084,-6.2991660339063e-07,4.514011621205946
56.97962790604748,80.35840706368484,1.5132635907296907,-1.6899322148282247e-06,1.5108464237923211,-7.129337312736603e-08,7.342102167786205,-3.7268087914874066e-07,6.357709959764077
66.75578897922391,131.95513346510018,1.8556085519928294,7.483796086172142e-07,4.035981754113731,-2.1482927170330707e-08,2.2642741903063905,3.711402854797612e-07,6.7358594208532345
62.69858127200981,100.60898785639976,1.4128874807065563,-1.1300997041872207e-06,6.625268863678768,6.6403485804637e-07,4.544395941849224,1.1018134280231469e-07,3.888574058876488
58.5254983042707,106.98906318727241,1.473855710494712,9.893871000394281e-07,1.8527442510446326,-8.045147865356751e-07,3.5699426986719325,-1.3928555579074445e-07,7.055249353949729
58.49016150573741,86.08932641905302,1.4914656857719943,1.0311388032612737e-06,1.3334297930370131,-4.6314127935655993e-07,3.2134162020294834,8.586604278921177e-07,10.93343672314067
63.34448276151751,105.62356093815202,1.4467180892374347,5.829493957200538e-09,2.2882708053084544,6.946145992608246e-07,4.79022747769158,-8.181779540579944e-07,5.14193411896249
57.52986724303415,129.5629457331534,1.5293676863792025,6.950985658757301e-07,5.8568861957560365,-1.082754040445223e-06,5.998731980442933,-4.936152321670738e-07,13.273173433099032
61.93066215858064,129.705555539597,1.3961621308345242,1.8410166656938052e-07,5.078003183189575,-4.676501918734104e-07,4.700399321899282,-3.5430579536882876e-08,9.916734533070724
61.93066215858064,129.705555539597,1.3961621308345242,1.8410166656938052e-07,5.078003183189575,-4.676501918734104e-07,4.700399321899282,-3.5430579536882876e-08,9.916734533070724
60.77117355644711,104.01812019662235,1.676646625075531,3.8354639528983865e-07,8.352202517516954,7.596152036483399e-07,4.472723604504138,-1.4825493170641533e-06,15.688680118052766
58.94402591954431,134.7446267027426,1.3603255793546218,-4.5379064859837807e-07,2.144374655659918,-8.332185704903439e-07,6.2443641248306845,1.3915269642158658e-06,10.690255871657927
58.20304167323448,138.20220966276233,1.5942372272538958,-7.713049872419475e-07,1.8039058555157774,-1.0124682850145364e-06,5.920565827628494,7.754100458285109e-07,7.032648833782951
61.62667938957152,102.5014644016476,1.4405989909093504,5.191219394144892e-07,8.463762652577246,1.250607054955611e-06,4.7141799036080405,-8.382359379916986e-07,8.616290730728917
60.385342010427216,101.07303889378578,1.5149176885405133,-4.170328495506791e-07,2.0596725047881566,-1.2495998261580666e-06,5.974744155073364,9.790260467218268e-07,5.541548847959177
60.731243129702044,101.48939149466472,1.3204947968488854,-7.769415655190019e-07,2.2269934891020973,-1.0502294937024436e-06,5.707175002582941,5.356250294142882e-07,7.807122677772736
59.06308360421926,223.3434387508238,1.7453501874005286,7.35017789160218e-07,8.20916763136447,1.3083108899886785e-06,7.276884709808356,-6.895551219465102e-07,3.9032210609511906
57.23754755806043,129.45738198118147,1.3777271245148541,-6.581622891770372e-07,6.235385490637707,-5.086361955051375e-07,9.591353460085799,-2.9488224012730273e-07,14.14513760051241
56.43338238268107,228.8206025110131,2.0262237691767697,8.755466007706632e-07,8.198235411997873,1.2998802578347522e-07,4.214596031317778,3.95096077380687e-07,5.870464415039732
55.20924639818464,90.32946227022781,1.562988526261593,5.059907614470655e-08,2.7410487063621747,-4.4459280323937304e-07,12.158305896724825,9.083370446535654e-07,3.325519661749067
56.85758646137768,96.34256753089859,1.442079240073399,-1.03958148662845e-06,7.091908825462648,-2.3212635311867856e-07,8.279594105760953,9.987845043582625e-07,2.5516300683376945
58.08043046762701,94.08422720117456,1.4896665845596015,6.500027890840819e-08,5.0883735013478875,8.809953668883359e-07,6.16676284094844,1.2387448945825292e-06,3.8741512921559735
59.84625599594063,188.3571515215347,1.6339897000181935,-5.5562419003564e-07,6.2732433391232725,-5.497277387601483e-07,7.131674677480428,-9.215077592843749e-07,3.8574664768703744
59.88973349552987,198.37149946593442,1.6351031846325446,4.650346097534405e-07,5.249500880896047,-7.411039779943039e-07,6.5706241009554605,-6.861803953457761e-07,4.480403832549565
59.96631414748851,147.51433984982262,1.9843660640870069,5.975131700606184e-07,3.3643964759299005,-2.7857390471962586e-07,8.945718132186538,-1.1304967743403175e-06,4.269431644230777
59.71787892908776,88.09984730594815,1.0915913425470989,-9.841570448352057e-07,4.615358109915698,2.3533791228810037e-07,3.4910418014864395,1.1875147352331567e-06,5.007265725848846
61.63103981125393,112.57943318875462,1.2163205278025682,-3.243145838300555e-07,3.919257222959128,-3.1722421093034303e-07,5.141857249417539,7.049906364729311e-08,5.377788341094891
62.24648839778464,84.12658379257986,1.1791503407529327,1.9715126350675458e-07,3.30801313909294,-6.7210953230254e-07,5.471908300850167,5.042591633392919e-07,4.158853461963383
57.97622255663429,84.50166750229408,1.4551826669536534,-1.5922608060443824e-07,3.174400920525663,3.352614546817705e-09,9.489637000421968,7.297226673991133e-07,3.9638850195808537
60.76266411726986,106.55283264516918,0.9611238708895464,-1.1320013093019944e-07,5.967025608440367,1.2313009682711658e-07,3.5270537941912163,5.722293305989575e-07,32.86597811975408
60.8262703095246,95.90993823778336,0.9752847042311195,-1.70154704350817e-07,5.704379718758958,-2.983811767136639e-07,3.662760925629254,8.80200100077916e-07,31.205206875336366
58.39618444233195,154.75791467984965,2.208322170912033,2.455190966236415e-07,2.8089910151230555,3.871115074657613e-07,10.103607066876181,-1.1157395640769698e-06,5.294290642523988
58.09340179949823,117.92220849226193,1.3969919451500663,-7.522870598387226e-08,2.773687965121019,-1.5517148801748408e-06,5.14926452132433,1.3522931531572803e-06,8.55192426808658
57.84794923745879,103.45187800309587,0.9286899281759852,2.0559245824649474e-07,3.385630731405178,8.018424109135871e-07,7.08915913958526,-1.5830587493752167e-07,4.8262704826109415
59.125772046973694,105.15187166254925,0.9457875809920543,6.956763928634721e-07,4.568467201066323,1.2348833730412276e-06,8.19458371078131,-6.159061538064373e-07,9.950406936940949
