{
    "n": 500,
    "active_prop": 0.2,
    "seed": 20,
    "active_indices": [
        14,
        6,
        3,
        29,
        8,
        19
    ],
    "gp_features": [
        14,
        19,
        3
    ],
    "lengthscales": [
        2.709927593320288,
        1.091473654236245,
        1.1809301750402401
    ],
    "beta": [
        0.0,
        0.0,
        0.0,
        2.8497909163755075,
        0.0,
        0.0,
        3.1817666960013913,
        0.0,
        -0.878555562654828,
        0.0,
        0.0,
        0.0,
        0.0,
        0.0,
        -4.737736260594002,
        0.0,
        0.0,
        0.0,
        0.0,
        1.02040922518536,
        0.0,
        0.0,
        0.0,
        0.0,
        0.0,
        0.0,
        0.0,
        0.0,
        0.0,
        -0.24730101241432578
    ]
}