{
    "selected features": [
        2,
        5,
        6,
        8,
        9,
        15,
        18,
        21,
        28
    ],
    "precision": 0.8888888888888888,
    "recall": 0.5333333333333333,
    "training rmse": 1.516,
    "testing rmse": 4.3759,
    "beta_error": 0.5164,
    "tune time": 0.0223,
    "fit time": 4.0307,
    "prediction time (test)": 0.0668,
    "total runtime": 4.1198,
    "lambda": 0.3846
}