{
    "n": 500,
    "active_prop": 0.1,
    "noise": 0.1,
    "seed": 47,
    "active_indices": [
        24,
        23,
        15
    ],
    "gp_features": [
        24,
        15,
        23
    ],
    "lengthscales": [
        1.296832281875384,
        1.218467239425815,
        1.1512845642244027
    ],
    "beta": [
        0.0,
        0.0,
        0.0,
        0.0,
        0.0,
        0.0,
        0.0,
        0.0,
        0.0,
        0.0,
        0.0,
        0.0,
        0.0,
        0.0,
        0.0,
        -0.004592737414865766,
        0.0,
        0.0,
        0.0,
        0.0,
        0.0,
        0.0,
        0.0,
        -3.3692478467383005,
        -0.6081181664873245,
        0.0,
        0.0,
        0.0,
        0.0,
        0.0
    ]
}