{
    "selected features": [
        0,
        1,
        3,
        4,
        10,
        12,
        14,
        17,
        19,
        25,
        26,
        29
    ],
    "precision": 0.16666666666666666,
    "recall": 0.6666666666666666,
    "training rmse": 0.0001,
    "testing rmse": 0.9289,
    "beta_error": 0.6055,
    "tune time": 0.0075,
    "fit time": 4.1542,
    "prediction time (test)": 0.1534,
    "total runtime": 4.3151,
    "lambda": 0.0487
}