{
    "selected features": [
        0,
        1,
        3,
        4,
        10,
        12,
        14,
        17,
        19,
        25,
        26,
        29
    ],
    "precision": 0.16666666666666666,
    "recall": 0.6666666666666666,
    "training rmse": 0.0,
    "testing rmse": 0.9683,
    "beta_error": 0.6055,
    "tune time": 0.0237,
    "fit time": 72.0258,
    "prediction time (test)": 0.1307,
    "total runtime": 72.1802,
    "lambda": 0.0487
}