{
    "n": 500,
    "active_prop": 0.2,
    "noise_constant": 0.1,
    "seed": 64,
    "active_indices": [
        22,
        15,
        13,
        14,
        10,
        28
    ],
    "gp_features": [
        10,
        14,
        13
    ],
    "lengthscales": [
        0.35020899983763626,
        3.0420405760551734,
        0.9417248903815439
    ],
    "beta": [
        0.0,
        0.0,
        0.0,
        0.0,
        0.0,
        0.0,
        0.0,
        0.0,
        0.0,
        0.0,
        -1.9577409268908808,
        0.0,
        0.0,
        4.379664932177391,
        2.0921290609746137,
        2.24019441716906,
        0.0,
        0.0,
        0.0,
        0.0,
        0.0,
        0.0,
        1.9849479500458864,
        0.0,
        0.0,
        0.0,
        0.0,
        0.0,
        -1.3539433358432795,
        0.0
    ]
}