{
    "n": 500,
    "active_prop": 0.2,
    "noise": 0.1,
    "seed": 64,
    "active_indices": [
        25,
        9,
        15,
        7,
        3,
        2
    ],
    "gp_features": [
        2,
        25,
        9
    ],
    "lengthscales": [
        1.1146438005224848,
        0.8386925686682908,
        1.4879238279138884
    ],
    "beta": [
        0.0,
        0.0,
        1.676288230346609,
        4.874797607319742,
        0.0,
        0.0,
        0.0,
        -2.1457519887764267,
        0.0,
        -1.7775566955455768,
        0.0,
        0.0,
        0.0,
        0.0,
        0.0,
        -0.7320506864193117,
        0.0,
        0.0,
        0.0,
        0.0,
        0.0,
        0.0,
        0.0,
        0.0,
        0.0,
        -2.568410992602652,
        0.0,
        0.0,
        0.0,
        0.0
    ]
}