{
    "selected features": [
        0,
        2,
        3,
        4,
        6,
        8,
        9,
        11,
        14,
        16,
        19,
        20,
        21,
        22,
        24,
        26,
        27,
        28
    ],
    "precision": 0.7777777777777778,
    "recall": 0.9333333333333333,
    "training rmse": 2.1302,
    "testing rmse": 2.7298,
    "beta_error": 0.4082,
    "tune time": 384.7453,
    "fit time": 4.164,
    "prediction time (test)": 0.1546,
    "total runtime": 389.0638,
    "lambda": 6.3246
}