{
    "n": 1000,
    "active_prop": 0.1,
    "noise": 1.0,
    "seed": 104,
    "active_indices": [
        10,
        21,
        7
    ],
    "gp_features": [
        10,
        21,
        7
    ],
    "lengthscales": [
        1.3152165742763855,
        1.3346070239584416,
        0.8633578725486806
    ],
    "beta": [
        0.0,
        0.0,
        0.0,
        0.0,
        0.0,
        0.0,
        0.0,
        -1.0568882533461377,
        0.0,
        0.0,
        2.014725628087489,
        0.0,
        0.0,
        0.0,
        0.0,
        0.0,
        0.0,
        0.0,
        0.0,
        0.0,
        0.0,
        1.4208245106954056,
        0.0,
        0.0,
        0.0,
        0.0,
        0.0,
        0.0,
        0.0,
        0.0
    ]
}