{
    "n": 1000,
    "active_prop": 0.1,
    "noise_constant": 1.0,
    "seed": 104,
    "active_indices": [
        16,
        28,
        8
    ],
    "gp_features": [
        16,
        28,
        8
    ],
    "lengthscales": [
        0.9546659007956614,
        1.5124760980803926,
        1.286296391367566
    ],
    "beta": [
        0.0,
        0.0,
        0.0,
        0.0,
        0.0,
        0.0,
        0.0,
        0.0,
        -3.835901543839145,
        0.0,
        0.0,
        0.0,
        0.0,
        0.0,
        0.0,
        0.0,
        2.0751631449747094,
        0.0,
        0.0,
        0.0,
        0.0,
        0.0,
        0.0,
        0.0,
        0.0,
        0.0,
        0.0,
        0.0,
        -4.705791479655458,
        0.0
    ]
}