{
    "n": 500,
    "active_prop": 0.5,
    "noise_constant": 0.5,
    "seed": 83,
    "active_indices": [
        13,
        18,
        22,
        10,
        5,
        7,
        16,
        6,
        12,
        14,
        21,
        9,
        25,
        20,
        23
    ],
    "gp_features": [
        18,
        25,
        13
    ],
    "lengthscales": [
        1.3207036190644907,
        0.9086807455434588,
        1.3529446478289742
    ],
    "beta": [
        0.0,
        0.0,
        0.0,
        0.0,
        0.0,
        -0.7092614684700518,
        -0.9658558421166505,
        4.686785597319421,
        0.0,
        -1.3380224870854276,
        -4.117119239330673,
        0.0,
        2.3830544293518807,
        0.029215081278024968,
        -4.6951359826676615,
        0.0,
        4.824493629454192,
        0.0,
        4.18602116512103,
        0.0,
        -3.3500463512224785,
        4.947429805281699,
        -4.657642986102212,
        -3.842190559575588,
        0.0,
        -0.5503449420434494,
        0.0,
        0.0,
        0.0,
        0.0
    ]
}