{
    "selected features": [
        0,
        1,
        3,
        5,
        6,
        7,
        8,
        9,
        10,
        11,
        12,
        13,
        14,
        15,
        16,
        17,
        18,
        19,
        20,
        21,
        22,
        24,
        25,
        26,
        27,
        28,
        29
    ],
    "precision": 0.5185185185185185,
    "recall": 0.9333333333333333,
    "training rmse": 0.3867,
    "testing rmse": 0.9777,
    "beta_error": 0.6831,
    "tune time": 0.0131,
    "fit time": 0.8806,
    "prediction time (test)": 0.1349,
    "total runtime": 1.0286,
    "lambda": 0.0149
}