{
    "n": 500,
    "active_prop": 0.1,
    "noise_constant": 0.1,
    "seed": 48,
    "active_indices": [
        13,
        5,
        18
    ],
    "gp_features": [
        18,
        5,
        13
    ],
    "lengthscales": [
        1.093834456804739,
        0.8689569776284304,
        1.2578269766763308
    ],
    "beta": [
        0.0,
        0.0,
        0.0,
        0.0,
        0.0,
        0.05251724011537284,
        0.0,
        0.0,
        0.0,
        0.0,
        0.0,
        0.0,
        0.0,
        0.3542378639939958,
        0.0,
        0.0,
        0.0,
        0.0,
        4.153558969988245,
        0.0,
        0.0,
        0.0,
        0.0,
        0.0,
        0.0,
        0.0,
        0.0,
        0.0,
        0.0,
        0.0
    ]
}