{
    "selected features": [
        0,
        2,
        3,
        4,
        6,
        7,
        10,
        11,
        12,
        14,
        17,
        18,
        21,
        22,
        23,
        24,
        25,
        28,
        29
    ],
    "precision": 0.7368421052631579,
    "recall": 0.9333333333333333,
    "training rmse": 0.5276,
    "testing rmse": 0.9793,
    "beta_error": 0.4472,
    "tune time": 0.0244,
    "fit time": 1.076,
    "prediction time (test)": 0.0972,
    "total runtime": 1.1976,
    "lambda": 0.0352
}