{
    "n": 500,
    "active_prop": 0.5,
    "noise_constant": 0.1,
    "seed": 79,
    "active_indices": [
        23,
        10,
        14,
        13,
        17,
        4,
        18,
        25,
        21,
        11,
        3,
        28,
        6,
        24,
        22
    ],
    "gp_features": [
        22,
        23,
        13
    ],
    "lengthscales": [
        1.3630289949409398,
        0.7471499899598457,
        1.111490212687299
    ],
    "beta": [
        0.0,
        0.0,
        0.0,
        1.0269060462763075,
        -2.613874471082185,
        0.0,
        -1.9680371826691214,
        0.0,
        0.0,
        0.0,
        3.0707265485247905,
        -1.7149889111109493,
        0.0,
        -0.22037782058026956,
        4.484871378573736,
        0.0,
        0.0,
        3.2492929134407014,
        -4.346333180281546,
        0.0,
        0.0,
        -3.209670187457921,
        4.354290001031197,
        -2.1749802665865126,
        2.003156770204387,
        1.0746818368090514,
        0.0,
        0.0,
        -4.970298411386155,
        0.0
    ]
}