{
    "n": 500,
    "active_prop": 0.1,
    "seed": 15,
    "active_indices": [
        16,
        7,
        9
    ],
    "gp_features": [
        7,
        9,
        16
    ],
    "lengthscales": [
        0.6692164697333397,
        0.2586891727232318,
        0.9166174022993867
    ],
    "beta": [
        0.0,
        0.0,
        0.0,
        0.0,
        0.0,
        0.0,
        0.0,
        3.875706553124372,
        0.0,
        1.8225435049043863,
        0.0,
        0.0,
        0.0,
        0.0,
        0.0,
        0.0,
        0.23743865627541716,
        0.0,
        0.0,
        0.0,
        0.0,
        0.0,
        0.0,
        0.0,
        0.0,
        0.0,
        0.0,
        0.0,
        0.0,
        0.0
    ]
}