{
    "selected features": [
        0,
        1,
        2,
        3,
        4,
        5,
        6,
        9,
        13,
        15,
        16,
        18,
        24,
        25,
        26,
        27,
        28,
        29
    ],
    "precision": 0.7777777777777778,
    "recall": 0.9333333333333333,
    "training rmse": 1.7281,
    "testing rmse": 2.454,
    "beta_error": 0.4082,
    "tune time": 137.7587,
    "fit time": 2.8161,
    "prediction time (test)": 0.1118,
    "total runtime": 140.6866,
    "lambda": 6.3246
}