{
    "n": 500,
    "active_prop": 0.5,
    "seed": 25,
    "active_indices": [
        28,
        4,
        3,
        27,
        2,
        19,
        11,
        13,
        14,
        21,
        12,
        18,
        29,
        25,
        26
    ],
    "gp_features": [
        18,
        4,
        27
    ],
    "lengthscales": [
        0.9241679201183216,
        1.4310238971759106,
        1.9274532525989185
    ],
    "beta": [
        0.0,
        0.0,
        -4.8007842121816875,
        3.396534680303013,
        -3.029744688507926,
        0.0,
        0.0,
        0.0,
        0.0,
        0.0,
        0.0,
        -3.550236328368208,
        4.0429366050945355,
        4.779092830489391,
        2.476401268010929,
        0.0,
        0.0,
        0.0,
        -0.7450933111091329,
        -3.2567118397343298,
        0.0,
        -0.5894816311721893,
        0.0,
        0.0,
        0.0,
        2.95834389152398,
        1.0464633939432613,
        2.889829043621397,
        2.3443741777683202,
        4.245623572960879
    ]
}