{
    "n": 1000,
    "active_prop": 0.3,
    "noise": 1.0,
    "seed": 133,
    "active_indices": [
        26,
        19,
        13,
        8,
        9,
        10,
        7,
        28,
        3
    ],
    "gp_features": [
        9,
        3,
        8
    ],
    "lengthscales": [
        0.4058501133713611,
        0.9245775294592805,
        1.2059479563093694
    ],
    "beta": [
        0.0,
        0.0,
        0.0,
        -0.1749444869781538,
        0.0,
        0.0,
        0.0,
        -2.9139738831686888,
        1.8250067304592301,
        1.5344803841261703,
        -2.462353560948314,
        0.0,
        0.0,
        -4.772573380711901,
        0.0,
        0.0,
        0.0,
        0.0,
        0.0,
        1.9017021075300544,
        0.0,
        0.0,
        0.0,
        0.0,
        0.0,
        0.0,
        4.354961980388339,
        0.0,
        4.8216379445596615,
        0.0
    ]
}