{
    "n": 100,
    "active_prop": 0.3,
    "noise": 0.5,
    "seed": 37,
    "active_indices": [
        3,
        15,
        5,
        24,
        1,
        11,
        22,
        8,
        12
    ],
    "gp_features": [
        15,
        3,
        12
    ],
    "lengthscales": [
        1.2932743225476835,
        1.5627881122577036,
        1.7661886836035925
    ],
    "beta": [
        0.0,
        -2.2371923224023127,
        0.0,
        -1.8056623494051562,
        0.0,
        -2.7608261615405416,
        0.0,
        0.0,
        -3.37642895062796,
        0.0,
        0.0,
        1.8823668582946045,
        -3.290890641598038,
        0.0,
        0.0,
        3.5928599240863672,
        0.0,
        0.0,
        0.0,
        0.0,
        0.0,
        0.0,
        -0.5212354992882409,
        0.0,
        -3.961948330805095,
        0.0,
        0.0,
        0.0,
        0.0,
        0.0
    ]
}