{
    "n": 100,
    "active_prop": 0.2,
    "seed": 8,
    "active_indices": [
        7,
        15,
        4,
        18,
        23,
        10
    ],
    "gp_features": [
        10,
        4,
        18
    ],
    "lengthscales": [
        0.618764643303661,
        0.3394054874797184,
        0.5891696325977037
    ],
    "beta": [
        0.0,
        0.0,
        0.0,
        0.0,
        -3.7123241543923715,
        0.0,
        0.0,
        4.126454687934878,
        0.0,
        0.0,
        -3.950606046772828,
        0.0,
        0.0,
        0.0,
        0.0,
        -1.9716141785941343,
        0.0,
        0.0,
        1.151541849028015,
        0.0,
        0.0,
        0.0,
        0.0,
        -0.33841992921917097,
        0.0,
        0.0,
        0.0,
        0.0,
        0.0,
        0.0
    ]
}