walker	inv_sigma_noise	inv_sigma_gp	lambda2	zeta0	ell0	nu0	zeta1	ell1	nu1	zeta2	ell2	nu2	log_l	log_p
0	8.062171391e-01	1.147743260e+00	2.746915088e+00	7.813735054e-01	1.427726361e+00	9.428037740e-01	1.031500585e+00	1.539117280e+00	1.053971670e+00	7.624589718e-02	1.047537403e+00	-1.934073858e+00	-5.432958731e+05	-1.533790518e+01

1	1.641510505e-01	2.892061257e-02	3.580860386e+00	4.000869235e-01	1.054422131e+00	7.969430208e-01	1.167630669e+00	4.258345829e+00	-2.556114536e-02	1.212132051e+00	3.052130652e+00	-1.241573278e+00	-1.697913528e+04	-1.645481789e+01

2	6.346050246e-01	9.210899332e-02	1.449107017e+00	3.759354516e-01	2.708805743e+00	-7.934056848e-02	1.778061275e-01	3.134629144e+00	-1.869102616e-01	1.990809989e-02	5.396776693e-01	-2.973506141e-01	-2.248803539e+05	-1.113116297e+01

3	2.659484945e-02	1.509525902e-01	6.260260163e-01	4.118604576e-01	8.546108840e-01	-5.312643171e-01	3.866456717e-01	9.091928863e-01	-3.801076699e-01	1.385438519e+00	2.172361350e+00	-2.104533590e+00	-6.564927065e+03	-1.207265423e+01

4	1.768472226e-01	1.073838322e-01	7.746668036e-01	4.404612207e-01	1.958672372e+00	6.113623099e-01	2.140591528e+00	1.609782128e+00	2.418044129e-01	5.173130957e+00	1.438672365e+00	-2.806960790e-01	-2.115416557e+04	-1.673691643e+01

5	3.635084464e-01	3.640606731e-02	5.135082405e+00	1.396908910e+00	7.311231457e-01	1.150477679e+00	1.439372533e+00	9.163026169e-01	1.703720532e+00	2.229330218e+00	8.731420720e-01	-1.839918213e-01	-5.418318125e+04	-1.609652761e+01

6	1.645160401e-01	1.080386857e-01	7.866498422e-01	2.415574542e-01	2.262166040e-01	6.294713565e-01	3.248707052e+00	1.629806261e+00	1.325108872e+00	2.043047445e+00	1.454539985e+00	5.671254963e-02	-1.900735448e+04	-1.408660105e+01

7	4.430133928e-01	6.831496737e-01	6.897594035e-01	1.888226560e-01	9.883546097e-01	4.156242439e-01	8.802363726e-01	1.890133758e+00	-4.234862525e-01	9.604517219e-05	4.505765580e-01	-5.542748647e-01	-2.079975668e+05	-9.350941304e+00

8	8.054313137e-01	4.933975706e-01	1.908134346e+00	2.535292030e-01	9.228811230e-01	-2.841350630e+00	1.159319432e+00	3.018368513e+00	1.074307783e+00	2.076911937e+00	4.250625950e-01	2.084030173e+00	-4.297260618e+05	-1.988443446e+01

9	8.015569082e-01	2.052788183e-01	1.699359970e-01	7.362035876e-02	1.419584584e+00	3.281157989e-01	1.545326742e+00	1.504838850e+00	4.865682068e-02	1.777181437e-01	1.870864200e+00	-2.646974056e+00	-3.742431464e+05	-1.427399370e+01

10	1.079708985e+00	1.806956481e-01	3.078344381e-01	2.365439511e+00	4.287687797e+00	5.836895915e-01	2.595654423e-01	9.260402375e-01	-3.956048994e-01	1.251149653e-01	4.884190061e-01	-1.572055225e+00	-5.808304164e+05	-1.373961259e+01

11	3.586284568e+00	2.695739299e-01	8.714932194e-01	2.831762901e-01	1.475082451e+00	1.573851049e-01	1.451006956e+00	1.026734941e-01	-8.250367930e-01	9.131400218e-01	1.213026567e+00	9.324134681e-01	-1.991271177e+06	-1.486082850e+01

12	8.397620369e-02	4.638664890e-01	9.204478497e-01	7.195464383e-01	6.828604709e-01	6.269981969e-01	1.101638883e-01	2.123466328e-01	-4.859622498e-01	9.361680856e-02	7.610624967e-01	1.978797763e-01	-2.879897078e+04	-7.519264170e+00

13	8.794595931e-02	6.158082280e-01	1.442503182e+00	8.313506962e-01	1.529227010e-01	7.495406344e-01	1.280114065e+00	5.868322862e-01	-7.188822498e-02	1.343931971e+00	2.638981895e+00	-6.816934091e-01	-3.373207475e+04	-1.251118098e+01

14	1.473300340e+00	5.519920692e-01	5.448630124e+00	2.106734592e+00	6.950075562e-01	-3.589065113e-01	6.652127287e-01	5.802089435e+00	-1.062605080e+00	7.960690422e-01	1.461038216e+00	5.830051235e-01	-1.310556412e+06	-1.900076237e+01

15	6.947318404e-02	9.145804892e-01	1.065577782e+00	4.146323379e-01	6.610943128e+00	-1.247925766e+00	1.233373406e+00	4.377327915e-01	1.626725450e+00	6.937764967e-01	8.894899228e-01	-6.792122919e-01	-2.204676690e+04	-1.542439388e+01

16	7.668406030e-01	1.992130813e+00	1.388659652e-01	1.073416838e+00	3.778023478e-01	-7.442550003e-01	1.916404895e+00	2.545639363e-01	6.224806185e-01	6.839072038e-02	1.019751395e+00	3.137162556e-01	-1.611303113e+06	-1.159324194e+01

17	1.544693662e-01	1.569836795e+00	4.507705224e-01	6.376679717e-01	5.062384670e-01	6.751962538e-01	2.925349590e-01	5.420622163e-01	-2.187551552e+00	2.269674998e+00	2.291124444e-01	-5.383098345e-01	-1.210206355e+05	-1.277140420e+01

18	1.041307512e+00	4.035954577e-01	1.618607866e+00	4.534452756e-01	3.237309204e+00	-9.986620457e-01	1.858201236e-02	2.771315880e-01	6.017541533e-02	8.971468990e-01	2.637162119e+00	1.691695556e+00	-6.406703484e+05	-1.458977947e+01

19	5.130020319e-01	1.735540819e+00	9.246729813e-01	4.630788989e-01	3.283270540e-01	1.120048176e+00	4.096346844e-01	1.457033256e+00	4.304075995e-02	5.756400308e+00	5.184743991e-01	1.294485812e-01	-6.834903118e+05	-1.563652082e+01

20	1.643728288e+00	1.139850656e-01	2.329481365e+00	7.972363065e-01	2.691264987e-01	1.904940210e+00	5.564034444e-01	9.162490946e-01	9.271383466e-01	3.590087872e+00	5.388367026e-01	-1.208613251e+00	-3.908510593e+05	-1.611298783e+01

21	1.187659396e+00	1.386198890e+00	7.814576072e-01	1.052039117e+00	3.561647394e+00	4.836194427e-01	1.159568694e+00	2.739955329e+00	1.140192972e+00	1.057048359e+00	5.183993878e-01	2.023505309e-01	-1.104169653e+06	-1.631090964e+01

22	9.346250037e-01	2.114735405e+00	1.292538961e+00	9.482711365e-01	1.765677226e+00	-1.379493700e+00	5.799246668e-02	1.533582322e-01	-1.243534525e+00	2.950211326e-01	1.900058052e-01	2.441594727e-01	-2.728313310e+06	-1.325273910e+01

23	8.493079760e-01	6.075044153e-01	1.600155857e-02	7.322680419e-01	3.186295621e-01	-2.568588647e+00	1.590750566e+00	3.837369718e+00	-1.458727243e+00	1.075867375e+00	1.991322114e-01	2.074960361e-01	-7.670318322e+05	-1.678693511e+01

24	7.584309314e-01	7.806203836e-01	6.451400379e+00	8.941806607e-01	4.537985252e-01	1.283424930e+00	2.950821923e-01	8.851047845e-01	-2.475671964e-01	1.263104927e+00	3.769349023e-01	-2.065583697e-01	-6.128199499e+05	-1.348933663e+01
0	8.062171391e-01	1.147743260e+00	2.746915088e+00	7.813735054e-01	1.427726361e+00	9.428037740e-01	1.031500585e+00	1.539117280e+00	1.053971670e+00	7.624589718e-02	1.047537403e+00	-1.934073858e+00	-5.432958731e+05	-1.533790518e+01

1	1.641510505e-01	2.892061257e-02	3.580860386e+00	4.000869235e-01	1.054422131e+00	7.969430208e-01	1.167630669e+00	4.258345829e+00	-2.556114536e-02	1.212132051e+00	3.052130652e+00	-1.241573278e+00	-1.697913528e+04	-1.645481789e+01

2	5.122891212e-01	2.092875953e-01	1.447629397e+00	4.778353937e-01	2.136922528e+00	1.061230223e-01	4.244494192e-01	2.564555227e+00	-1.611738836e-01	3.161607119e-01	1.009400590e+00	-3.833479737e-01	-1.636328567e+05	-1.137798984e+01

3	2.659484945e-02	1.509525902e-01	6.260260163e-01	4.118604576e-01	8.546108840e-01	-5.312643171e-01	3.866456717e-01	9.091928863e-01	-3.801076699e-01	1.385438519e+00	2.172361350e+00	-2.104533590e+00	-6.564927065e+03	-1.207265423e+01

4	1.768472226e-01	1.073838322e-01	7.746668036e-01	4.404612207e-01	1.958672372e+00	6.113623099e-01	2.140591528e+00	1.609782128e+00	2.418044129e-01	5.173130957e+00	1.438672365e+00	-2.806960790e-01	-2.115416557e+04	-1.673691643e+01

5	3.635084464e-01	3.640606731e-02	5.135082405e+00	1.396908910e+00	7.311231457e-01	1.150477679e+00	1.439372533e+00	9.163026169e-01	1.703720532e+00	2.229330218e+00	8.731420720e-01	-1.839918213e-01	-5.418318125e+04	-1.609652761e+01

6	1.645160401e-01	1.080386857e-01	7.866498422e-01	2.415574542e-01	2.262166040e-01	6.294713565e-01	3.248707052e+00	1.629806261e+00	1.325108872e+00	2.043047445e+00	1.454539985e+00	5.671254963e-02	-1.900735448e+04	-1.408660105e+01

7	4.430133928e-01	6.831496737e-01	6.897594035e-01	1.888226560e-01	9.883546097e-01	4.156242439e-01	8.802363726e-01	1.890133758e+00	-4.234862525e-01	9.604517219e-05	4.505765580e-01	-5.542748647e-01	-2.079975668e+05	-9.350941304e+00

8	8.054313137e-01	4.933975706e-01	1.908134346e+00	2.535292030e-01	9.228811230e-01	-2.841350630e+00	1.159319432e+00	3.018368513e+00	1.074307783e+00	2.076911937e+00	4.250625950e-01	2.084030173e+00	-4.297260618e+05	-1.988443446e+01

9	8.015569082e-01	2.052788183e-01	1.699359970e-01	7.362035876e-02	1.419584584e+00	3.281157989e-01	1.545326742e+00	1.504838850e+00	4.865682068e-02	1.777181437e-01	1.870864200e+00	-2.646974056e+00	-3.742431464e+05	-1.427399370e+01

10	7.507832902e-01	1.144285231e-01	2.524819495e+00	1.920627501e+00	2.654282855e+00	8.439954076e-01	8.014093061e-01	9.215680912e-01	5.685413687e-01	1.091506956e+00	6.651087669e-01	-9.345665675e-01	-2.820223266e+05	-1.419156673e+01

11	3.586284568e+00	2.695739299e-01	8.714932194e-01	2.831762901e-01	1.475082451e+00	1.573851049e-01	1.451006956e+00	1.026734941e-01	-8.250367930e-01	9.131400218e-01	1.213026567e+00	9.324134681e-01	-1.991271177e+06	-1.486082850e+01

12	8.397620369e-02	4.638664890e-01	9.204478497e-01	7.195464383e-01	6.828604709e-01	6.269981969e-01	1.101638883e-01	2.123466328e-01	-4.859622498e-01	9.361680856e-02	7.610624967e-01	1.978797763e-01	-2.879897078e+04	-7.519264170e+00

13	8.794595931e-02	6.158082280e-01	1.442503182e+00	8.313506962e-01	1.529227010e-01	7.495406344e-01	1.280114065e+00	5.868322862e-01	-7.188822498e-02	1.343931971e+00	2.638981895e+00	-6.816934091e-01	-3.373207475e+04	-1.251118098e+01

14	1.473300340e+00	5.519920692e-01	5.448630124e+00	2.106734592e+00	6.950075562e-01	-3.589065113e-01	6.652127287e-01	5.802089435e+00	-1.062605080e+00	7.960690422e-01	1.461038216e+00	5.830051235e-01	-1.310556412e+06	-1.900076237e+01

15	6.947318404e-02	9.145804892e-01	1.065577782e+00	4.146323379e-01	6.610943128e+00	-1.247925766e+00	1.233373406e+00	4.377327915e-01	1.626725450e+00	6.937764967e-01	8.894899228e-01	-6.792122919e-01	-2.204676690e+04	-1.542439388e+01

16	7.668406030e-01	1.992130813e+00	1.388659652e-01	1.073416838e+00	3.778023478e-01	-7.442550003e-01	1.916404895e+00	2.545639363e-01	6.224806185e-01	6.839072038e-02	1.019751395e+00	3.137162556e-01	-1.611303113e+06	-1.159324194e+01

17	1.544693662e-01	1.569836795e+00	4.507705224e-01	6.376679717e-01	5.062384670e-01	6.751962538e-01	2.925349590e-01	5.420622163e-01	-2.187551552e+00	2.269674998e+00	2.291124444e-01	-5.383098345e-01	-1.210206355e+05	-1.277140420e+01

18	1.041307512e+00	4.035954577e-01	1.618607866e+00	4.534452756e-01	3.237309204e+00	-9.986620457e-01	1.858201236e-02	2.771315880e-01	6.017541533e-02	8.971468990e-01	2.637162119e+00	1.691695556e+00	-6.406703484e+05	-1.458977947e+01

19	5.130020319e-01	1.735540819e+00	9.246729813e-01	4.630788989e-01	3.283270540e-01	1.120048176e+00	4.096346844e-01	1.457033256e+00	4.304075995e-02	5.756400308e+00	5.184743991e-01	1.294485812e-01	-6.834903118e+05	-1.563652082e+01

20	1.643728288e+00	1.139850656e-01	2.329481365e+00	7.972363065e-01	2.691264987e-01	1.904940210e+00	5.564034444e-01	9.162490946e-01	9.271383466e-01	3.590087872e+00	5.388367026e-01	-1.208613251e+00	-3.908510593e+05	-1.611298783e+01

21	1.098786773e+00	1.181664149e+00	5.804001193e-01	9.680468761e-01	2.709824458e+00	-3.180847077e-01	1.272824503e+00	3.028206209e+00	4.575510746e-01	1.061991431e+00	4.345395025e-01	2.037020681e-01	-9.376967980e+05	-1.490504711e+01

22	9.346250037e-01	2.114735405e+00	1.292538961e+00	9.482711365e-01	1.765677226e+00	-1.379493700e+00	5.799246668e-02	1.533582322e-01	-1.243534525e+00	2.950211326e-01	1.900058052e-01	2.441594727e-01	-2.728313310e+06	-1.325273910e+01

23	6.892658365e-01	1.144317286e+00	4.484224572e-01	6.041656187e-01	3.232444295e-01	-8.132306486e-01	1.028678096e+00	2.704609067e+00	-7.440620150e-01	3.303251451e+00	3.511015948e-01	1.703546121e-01	-7.574092240e+05	-1.423322434e+01

24	7.584309314e-01	7.806203836e-01	6.451400379e+00	8.941806607e-01	4.537985252e-01	1.283424930e+00	2.950821923e-01	8.851047845e-01	-2.475671964e-01	1.263104927e+00	3.769349023e-01	-2.065583697e-01	-6.128199499e+05	-1.348933663e+01
0	8.062171391e-01	1.147743260e+00	2.746915088e+00	7.813735054e-01	1.427726361e+00	9.428037740e-01	1.031500585e+00	1.539117280e+00	1.053971670e+00	7.624589718e-02	1.047537403e+00	-1.934073858e+00	-5.432958731e+05	-1.533790518e+01

1	1.641510505e-01	2.892061257e-02	3.580860386e+00	4.000869235e-01	1.054422131e+00	7.969430208e-01	1.167630669e+00	4.258345829e+00	-2.556114536e-02	1.212132051e+00	3.052130652e+00	-1.241573278e+00	-1.697913528e+04	-1.645481789e+01

2	5.122891212e-01	2.092875953e-01	1.447629397e+00	4.778353937e-01	2.136922528e+00	1.061230223e-01	4.244494192e-01	2.564555227e+00	-1.611738836e-01	3.161607119e-01	1.009400590e+00	-3.833479737e-01	-1.636328567e+05	-1.137798984e+01

3	2.659484945e-02	1.509525902e-01	6.260260163e-01	4.118604576e-01	8.546108840e-01	-5.312643171e-01	3.866456717e-01	9.091928863e-01	-3.801076699e-01	1.385438519e+00	2.172361350e+00	-2.104533590e+00	-6.564927065e+03	-1.207265423e+01

4	1.768472226e-01	1.073838322e-01	7.746668036e-01	4.404612207e-01	1.958672372e+00	6.113623099e-01	2.140591528e+00	1.609782128e+00	2.418044129e-01	5.173130957e+00	1.438672365e+00	-2.806960790e-01	-2.115416557e+04	-1.673691643e+01

5	3.421276723e-01	3.209858250e-02	5.279190504e+00	1.367995313e+00	6.249488251e-01	1.167398035e+00	1.474593379e+00	9.160119192e-01	1.766391810e+00	2.292147472e+00	8.846272309e-01	-1.425538880e-01	-4.571785104e+04	-1.625813604e+01

6	1.645160401e-01	1.080386857e-01	7.866498422e-01	2.415574542e-01	2.262166040e-01	6.294713565e-01	3.248707052e+00	1.629806261e+00	1.325108872e+00	2.043047445e+00	1.454539985e+00	5.671254963e-02	-1.900735448e+04	-1.408660105e+01

7	4.430133928e-01	6.831496737e-01	6.897594035e-01	1.888226560e-01	9.883546097e-01	4.156242439e-01	8.802363726e-01	1.890133758e+00	-4.234862525e-01	9.604517219e-05	4.505765580e-01	-5.542748647e-01	-2.079975668e+05	-9.350941304e+00

8	8.054313137e-01	4.933975706e-01	1.908134346e+00	2.535292030e-01	9.228811230e-01	-2.841350630e+00	1.159319432e+00	3.018368513e+00	1.074307783e+00	2.076911937e+00	4.250625950e-01	2.084030173e+00	-4.297260618e+05	-1.988443446e+01

9	8.015569082e-01	2.052788183e-01	1.699359970e-01	7.362035876e-02	1.419584584e+00	3.281157989e-01	1.545326742e+00	1.504838850e+00	4.865682068e-02	1.777181437e-01	1.870864200e+00	-2.646974056e+00	-3.742431464e+05	-1.427399370e+01

10	6.590812075e-01	1.509022638e-01	2.110635049e+00	1.365867434e+00	2.455355478e+00	5.602801504e-01	6.564665309e-01	1.553304048e+00	2.879625659e-01	7.933828312e-01	7.974905245e-01	-7.226205343e-01	-2.473767835e+05	-1.299959133e+01

11	3.586284568e+00	2.695739299e-01	8.714932194e-01	2.831762901e-01	1.475082451e+00	1.573851049e-01	1.451006956e+00	1.026734941e-01	-8.250367930e-01	9.131400218e-01	1.213026567e+00	9.324134681e-01	-1.991271177e+06	-1.486082850e+01

12	1.193048844e-01	2.722095717e-01	2.092746503e+00	5.787780597e-01	8.465874225e-01	7.018836087e-01	5.761318034e-01	1.995197730e+00	-2.830886023e-01	5.864854501e-01	1.770611233e+00	-4.364086488e-01	-1.574771260e+04	-1.129163408e+01

13	8.794595931e-02	6.158082280e-01	1.442503182e+00	8.313506962e-01	1.529227010e-01	7.495406344e-01	1.280114065e+00	5.868322862e-01	-7.188822498e-02	1.343931971e+00	2.638981895e+00	-6.816934091e-01	-3.373207475e+04	-1.251118098e+01

14	1.176709995e+00	4.462255222e-01	4.213828528e+00	1.604018530e+00	1.140015951e+00	-2.153876145e-01	5.909075888e-01	4.802911309e+00	-7.844025110e-01	6.479582037e-01	1.321652372e+00	2.847661507e-01	-8.455111556e+05	-1.655261958e+01

15	6.947318404e-02	9.145804892e-01	1.065577782e+00	4.146323379e-01	6.610943128e+00	-1.247925766e+00	1.233373406e+00	4.377327915e-01	1.626725450e+00	6.937764967e-01	8.894899228e-01	-6.792122919e-01	-2.204676690e+04	-1.542439388e+01

16	7.668406030e-01	1.992130813e+00	1.388659652e-01	1.073416838e+00	3.778023478e-01	-7.442550003e-01	1.916404895e+00	2.545639363e-01	6.224806185e-01	6.839072038e-02	1.019751395e+00	3.137162556e-01	-1.611303113e+06	-1.159324194e+01

17	1.544693662e-01	1.569836795e+00	4.507705224e-01	6.376679717e-01	5.062384670e-01	6.751962538e-01	2.925349590e-01	5.420622163e-01	-2.187551552e+00	2.269674998e+00	2.291124444e-01	-5.383098345e-01	-1.210206355e+05	-1.277140420e+01

18	6.002114357e-01	9.836612569e-01	1.037748244e+00	5.450740680e-01	1.878927642e+00	-1.661174246e-01	1.548408893e-01	4.089029391e-01	-1.057800340e+00	1.579815729e+00	1.439444962e+00	5.825341692e-01	-3.728214548e+05	-1.204557512e+01

19	5.130020319e-01	1.735540819e+00	9.246729813e-01	4.630788989e-01	3.283270540e-01	1.120048176e+00	4.096346844e-01	1.457033256e+00	4.304075995e-02	5.756400308e+00	5.184743991e-01	1.294485812e-01	-6.834903118e+05	-1.563652082e+01

20	1.680863613e+00	7.768276383e-02	2.376327844e+00	8.012152130e-01	2.632140077e-01	1.935604415e+00	5.629831209e-01	9.255796086e-01	1.004804506e+00	3.623012946e+00	5.465598129e-01	-1.225327561e+00	-2.879600355e+05	-1.635989048e+01

21	1.098786773e+00	1.181664149e+00	5.804001193e-01	9.680468761e-01	2.709824458e+00	-3.180847077e-01	1.272824503e+00	3.028206209e+00	4.575510746e-01	1.061991431e+00	4.345395025e-01	2.037020681e-01	-9.376967980e+05	-1.490504711e+01

22	9.346250037e-01	2.114735405e+00	1.292538961e+00	9.482711365e-01	1.765677226e+00	-1.379493700e+00	5.799246668e-02	1.533582322e-01	-1.243534525e+00	2.950211326e-01	1.900058052e-01	2.441594727e-01	-2.728313310e+06	-1.325273910e+01

23	6.391428286e-01	1.312439731e+00	5.838507649e-01	5.640456929e-01	3.246897429e-01	-2.634765459e-01	8.526446904e-01	2.349843934e+00	-5.202386460e-01	4.000837661e+00	3.986963259e-01	1.587224264e-01	-7.469955753e+05	-1.420033047e+01

24	6.133971848e-01	7.358018796e-01	3.802110866e+00	5.698464003e-01	6.995954839e-01	8.843970722e-01	5.641449194e-01	1.347232281e+00	-3.284574345e-01	6.823543733e-01	4.107964475e-01	-3.664436641e-01	-3.810242268e+05	-1.145908789e+01
0	8.062171391e-01	1.147743260e+00	2.746915088e+00	7.813735054e-01	1.427726361e+00	9.428037740e-01	1.031500585e+00	1.539117280e+00	1.053971670e+00	7.624589718e-02	1.047537403e+00	-1.934073858e+00	-5.432958731e+05	-1.533790518e+01

1	1.641510505e-01	2.892061257e-02	3.580860386e+00	4.000869235e-01	1.054422131e+00	7.969430208e-01	1.167630669e+00	4.258345829e+00	-2.556114536e-02	1.212132051e+00	3.052130652e+00	-1.241573278e+00	-1.697913528e+04	-1.645481789e+01

2	5.122891212e-01	2.092875953e-01	1.447629397e+00	4.778353937e-01	2.136922528e+00	1.061230223e-01	4.244494192e-01	2.564555227e+00	-1.611738836e-01	3.161607119e-01	1.009400590e+00	-3.833479737e-01	-1.636328567e+05	-1.137798984e+01

3	2.659484945e-02	1.509525902e-01	6.260260163e-01	4.118604576e-01	8.546108840e-01	-5.312643171e-01	3.866456717e-01	9.091928863e-01	-3.801076699e-01	1.385438519e+00	2.172361350e+00	-2.104533590e+00	-6.564927065e+03	-1.207265423e+01

4	1.768472226e-01	1.073838322e-01	7.746668036e-01	4.404612207e-01	1.958672372e+00	6.113623099e-01	2.140591528e+00	1.609782128e+00	2.418044129e-01	5.173130957e+00	1.438672365e+00	-2.806960790e-01	-2.115416557e+04	-1.673691643e+01

5	3.421276723e-01	3.209858250e-02	5.279190504e+00	1.367995313e+00	6.249488251e-01	1.167398035e+00	1.474593379e+00	9.160119192e-01	1.766391810e+00	2.292147472e+00	8.846272309e-01	-1.425538880e-01	-4.571785104e+04	-1.625813604e+01

6	1.645160401e-01	1.080386857e-01	7.866498422e-01	2.415574542e-01	2.262166040e-01	6.294713565e-01	3.248707052e+00	1.629806261e+00	1.325108872e+00	2.043047445e+00	1.454539985e+00	5.671254963e-02	-1.900735448e+04	-1.408660105e+01

7	4.430133928e-01	6.831496737e-01	6.897594035e-01	1.888226560e-01	9.883546097e-01	4.156242439e-01	8.802363726e-01	1.890133758e+00	-4.234862525e-01	9.604517219e-05	4.505765580e-01	-5.542748647e-01	-2.079975668e+05	-9.350941304e+00

8	8.054313137e-01	4.933975706e-01	1.908134346e+00	2.535292030e-01	9.228811230e-01	-2.841350630e+00	1.159319432e+00	3.018368513e+00	1.074307783e+00	2.076911937e+00	4.250625950e-01	2.084030173e+00	-4.297260618e+05	-1.988443446e+01

9	8.015569082e-01	2.052788183e-01	1.699359970e-01	7.362035876e-02	1.419584584e+00	3.281157989e-01	1.545326742e+00	1.504838850e+00	4.865682068e-02	1.777181437e-01	1.870864200e+00	-2.646974056e+00	-3.742431464e+05	-1.427399370e+01

10	3.839664877e-01	5.072392074e-01	1.623004919e+00	9.220153045e-01	4.394378162e+00	-2.834398200e-01	9.256548168e-01	1.032771658e+00	9.126375382e-01	7.469059047e-01	8.404180080e-01	-7.023659822e-01	-1.248091082e+05	-1.364114018e+01

11	3.595774291e+00	2.660943353e-01	8.726037301e-01	2.805635310e-01	1.470371950e+00	1.591990067e-01	1.451686717e+00	9.151268180e-02	-8.299298240e-01	9.125721585e-01	1.215996470e+00	9.351934784e-01	-1.806122765e+06	-1.502385955e+01

12	1.193048844e-01	2.722095717e-01	2.092746503e+00	5.787780597e-01	8.465874225e-01	7.018836087e-01	5.761318034e-01	1.995197730e+00	-2.830886023e-01	5.864854501e-01	1.770611233e+00	-4.364086488e-01	-1.574771260e+04	-1.129163408e+01

13	8.794595931e-02	6.158082280e-01	1.442503182e+00	8.313506962e-01	1.529227010e-01	7.495406344e-01	1.280114065e+00	5.868322862e-01	-7.188822498e-02	1.343931971e+00	2.638981895e+00	-6.816934091e-01	-3.373207475e+04	-1.251118098e+01

14	1.007776077e+00	3.859823030e-01	3.510501953e+00	1.317678143e+00	1.393486816e+00	-1.336411587e-01	5.485843688e-01	4.233792731e+00	-6.259420260e-01	5.635962390e-01	1.242260049e+00	1.148931963e-01	-6.235943291e+05	-1.520917008e+01

15	6.947318404e-02	9.145804892e-01	1.065577782e+00	4.146323379e-01	6.610943128e+00	-1.247925766e+00	1.233373406e+00	4.377327915e-01	1.626725450e+00	6.937764967e-01	8.894899228e-01	-6.792122919e-01	-2.204676690e+04	-1.542439388e+01

16	7.668406030e-01	1.992130813e+00	1.388659652e-01	1.073416838e+00	3.778023478e-01	-7.442550003e-01	1.916404895e+00	2.545639363e-01	6.224806185e-01	6.839072038e-02	1.019751395e+00	3.137162556e-01	-1.611303113e+06	-1.159324194e+01

17	1.544693662e-01	1.569836795e+00	4.507705224e-01	6.376679717e-01	5.062384670e-01	6.751962538e-01	2.925349590e-01	5.420622163e-01	-2.187551552e+00	2.269674998e+00	2.291124444e-01	-5.383098345e-01	-1.210206355e+05	-1.277140420e+01

18	6.002114357e-01	9.836612569e-01	1.037748244e+00	5.450740680e-01	1.878927642e+00	-1.661174246e-01	1.548408893e-01	4.089029391e-01	-1.057800340e+00	1.579815729e+00	1.439444962e+00	5.825341692e-01	-3.728214548e+05	-1.204557512e+01

19	5.130020319e-01	1.735540819e+00	9.246729813e-01	4.630788989e-01	3.283270540e-01	1.120048176e+00	4.096346844e-01	1.457033256e+00	4.304075995e-02	5.756400308e+00	5.184743991e-01	1.294485812e-01	-6.834903118e+05	-1.563652082e+01

20	1.680863613e+00	7.768276383e-02	2.376327844e+00	8.012152130e-01	2.632140077e-01	1.935604415e+00	5.629831209e-01	9.255796086e-01	1.004804506e+00	3.623012946e+00	5.465598129e-01	-1.225327561e+00	-2.879600355e+05	-1.635989048e+01

21	7.651946200e-01	8.669236848e-01	1.066962668e+00	9.465648737e-01	3.495971562e+00	-3.019166401e-01	1.110807440e+00	2.096977309e+00	6.699307123e-01	9.149473958e-01	6.239547825e-01	-2.191415444e-01	-4.510612831e+05	-1.427719568e+01

22	9.346250037e-01	2.114735405e+00	1.292538961e+00	9.482711365e-01	1.765677226e+00	-1.379493700e+00	5.799246668e-02	1.533582322e-01	-1.243534525e+00	2.950211326e-01	1.900058052e-01	2.441594727e-01	-2.728313310e+06	-1.325273910e+01

23	7.886803127e-01	9.366187397e-01	1.771057989e+00	8.697595726e-01	7.582513547e-01	-2.108083256e-01	7.293014605e-01	3.114074953e+00	-5.631176255e-01	2.606507560e+00	7.408911695e-01	1.409429319e-01	-5.189571136e+05	-1.449451612e+01

24	6.007426616e-01	6.699041955e-01	3.507427738e+00	5.583304501e-01	8.794890335e-01	7.869895393e-01	5.466608545e-01	1.499590470e+00	-3.075204934e-01	6.365221615e-01	4.857167827e-01	-3.685593804e-01	-3.195685861e+05	-1.140346786e+01
0	8.062171391e-01	1.147743260e+00	2.746915088e+00	7.813735054e-01	1.427726361e+00	9.428037740e-01	1.031500585e+00	1.539117280e+00	1.053971670e+00	7.624589718e-02	1.047537403e+00	-1.934073858e+00	-5.432958731e+05	-1.533790518e+01

1	1.641510505e-01	2.892061257e-02	3.580860386e+00	4.000869235e-01	1.054422131e+00	7.969430208e-01	1.167630669e+00	4.258345829e+00	-2.556114536e-02	1.212132051e+00	3.052130652e+00	-1.241573278e+00	-1.697913528e+04	-1.645481789e+01

2	4.443858099e-01	1.385799187e-01	2.976622529e+00	8.330557240e-01	1.533566000e+00	5.296272182e-01	8.435117430e-01	1.906700289e+00	6.080255689e-01	1.104682700e+00	9.596094990e-01	-2.872585488e-01	-1.163527097e+05	-1.282534300e+01

3	2.659484945e-02	1.509525902e-01	6.260260163e-01	4.118604576e-01	8.546108840e-01	-5.312643171e-01	3.866456717e-01	9.091928863e-01	-3.801076699e-01	1.385438519e+00	2.172361350e+00	-2.104533590e+00	-6.564927065e+03	-1.207265423e+01

4	1.768472226e-01	1.073838322e-01	7.746668036e-01	4.404612207e-01	1.958672372e+00	6.113623099e-01	2.140591528e+00	1.609782128e+00	2.418044129e-01	5.173130957e+00	1.438672365e+00	-2.806960790e-01	-2.115416557e+04	-1.673691643e+01

5	3.352695576e-01	2.495723192e-02	5.433616113e+00	1.403871939e+00	5.640108802e-01	1.210171212e+00	1.516917934e+00	8.495697311e-01	1.844079598e+00	2.371786801e+00	8.795984185e-01	-1.328490256e-01	-3.948386070e+04	-1.655854087e+01

6	1.645160401e-01	1.080386857e-01	7.866498422e-01	2.415574542e-01	2.262166040e-01	6.294713565e-01	3.248707052e+00	1.629806261e+00	1.325108872e+00	2.043047445e+00	1.454539985e+00	5.671254963e-02	-1.900735448e+04	-1.408660105e+01

7	4.430133928e-01	6.831496737e-01	6.897594035e-01	1.888226560e-01	9.883546097e-01	4.156242439e-01	8.802363726e-01	1.890133758e+00	-4.234862525e-01	9.604517219e-05	4.505765580e-01	-5.542748647e-01	-2.079975668e+05	-9.350941304e+00

8	6.028144931e-01	3.466429457e-01	2.436643410e+00	2.998351024e-01	9.644423911e-01	-1.691807233e+00	1.161945423e+00	3.410147702e+00	7.267967830e-01	1.803678904e+00	1.255102451e+00	1.033283352e+00	-2.312949576e+05	-1.609982363e+01

9	7.354537749e-01	2.433069347e-01	2.878163046e-01	1.438103545e-01	1.302251296e+00	3.671531793e-01	1.520759589e+00	1.419802164e+00	3.749050488e-02	2.857467385e-01	1.942016396e+00	-2.464926389e+00	-3.203904639e+05	-1.388196082e+01

10	3.839664877e-01	5.072392074e-01	1.623004919e+00	9.220153045e-01	4.394378162e+00	-2.834398200e-01	9.256548168e-01	1.032771658e+00	9.126375382e-01	7.469059047e-01	8.404180080e-01	-7.023659822e-01	-1.248091082e+05	-1.364114018e+01

11	3.595774291e+00	2.660943353e-01	8.726037301e-01	2.805635310e-01	1.470371950e+00	1.591990067e-01	1.451686717e+00	9.151268180e-02	-8.299298240e-01	9.125721585e-01	1.215996470e+00	9.351934784e-01	-1.806122765e+06	-1.502385955e+01

12	1.193048844e-01	2.722095717e-01	2.092746503e+00	5.787780597e-01	8.465874225e-01	7.018836087e-01	5.761318034e-01	1.995197730e+00	-2.830886023e-01	5.864854501e-01	1.770611233e+00	-4.364086488e-01	-1.574771260e+04	-1.129163408e+01

13	8.794595931e-02	6.158082280e-01	1.442503182e+00	8.313506962e-01	1.529227010e-01	7.495406344e-01	1.280114065e+00	5.868322862e-01	-7.188822498e-02	1.343931971e+00	2.638981895e+00	-6.816934091e-01	-3.373207475e+04	-1.251118098e+01

14	1.007776077e+00	3.859823030e-01	3.510501953e+00	1.317678143e+00	1.393486816e+00	-1.336411587e-01	5.485843688e-01	4.233792731e+00	-6.259420260e-01	5.635962390e-01	1.242260049e+00	1.148931963e-01	-6.235943291e+05	-1.520917008e+01

15	6.302217613e-02	9.125388914e-01	1.050855815e+00	4.114211135e-01	6.656327922e+00	-1.267108026e+00	1.235141025e+00	4.280889526e-01	1.631740543e+00	6.991836599e-01	8.881060423e-01	-6.682245915e-01	-1.909814621e+04	-1.545127289e+01

16	4.574470252e-01	1.364897452e+00	7.329743240e-01	9.630997065e-01	2.753176410e-01	-6.348548734e-02	1.626427211e+00	4.059890426e-01	3.060349626e-01	6.496948664e-01	1.757685509e+00	-1.399231425e-01	-5.495338739e+05	-1.139213077e+01

17	7.958497434e-02	1.799954280e+00	3.887469303e-01	7.541545574e-01	3.811172694e-01	7.425616827e-01	1.400117428e-01	1.922039339e-01	-2.645370620e+00	2.858687502e+00	1.716369677e-01	-5.341665098e-01	-3.645823228e+04	-1.486035441e+01

18	6.002114357e-01	9.836612569e-01	1.037748244e+00	5.450740680e-01	1.878927642e+00	-1.661174246e-01	1.548408893e-01	4.089029391e-01	-1.057800340e+00	1.579815729e+00	1.439444962e+00	5.825341692e-01	-3.728214548e+05	-1.204557512e+01

19	4.235903431e-01	1.500002055e+00	1.033599958e+00	5.405458626e-01	2.914302763e-01	1.042110918e+00	5.927423649e-01	1.273984140e+00	1.886513866e-02	4.828225718e+00	9.645288578e-01	-4.117731951e-02	-4.335721382e+05	-1.486318609e+01

20	1.680863613e+00	7.768276383e-02	2.376327844e+00	8.012152130e-01	2.632140077e-01	1.935604415e+00	5.629831209e-01	9.255796086e-01	1.004804506e+00	3.623012946e+00	5.465598129e-01	-1.225327561e+00	-2.879600355e+05	-1.635989048e+01

21	7.624840491e-01	8.100874589e-01	9.959515241e-01	8.734020904e-01	3.296036617e+00	-2.409378365e-01	1.148170345e+00	2.035259789e+00	6.122903194e-01	8.576022544e-01	7.440824852e-01	-4.238216378e-01	-4.310847926e+05	-1.402301743e+01

22	9.346250037e-01	2.114735405e+00	1.292538961e+00	9.482711365e-01	1.765677226e+00	-1.379493700e+00	5.799246668e-02	1.533582322e-01	-1.243534525e+00	2.950211326e-01	1.900058052e-01	2.441594727e-01	-2.728313310e+06	-1.325273910e+01

23	7.886803127e-01	9.366187397e-01	1.771057989e+00	8.697595726e-01	7.582513547e-01	-2.108083256e-01	7.293014605e-01	3.114074953e+00	-5.631176255e-01	2.606507560e+00	7.408911695e-01	1.409429319e-01	-5.189571136e+05	-1.449451612e+01

24	6.007426616e-01	6.699041955e-01	3.507427738e+00	5.583304501e-01	8.794890335e-01	7.869895393e-01	5.466608545e-01	1.499590470e+00	-3.075204934e-01	6.365221615e-01	4.857167827e-01	-3.685593804e-01	-3.195685861e+05	-1.140346786e+01
0	8.062171391e-01	1.147743260e+00	2.746915088e+00	7.813735054e-01	1.427726361e+00	9.428037740e-01	1.031500585e+00	1.539117280e+00	1.053971670e+00	7.624589718e-02	1.047537403e+00	-1.934073858e+00	-5.432958731e+05	-1.533790518e+01

1	1.241051315e-01	3.788237064e-01	2.579006476e+00	4.045751377e-01	3.272715047e+00	-2.039843123e-02	1.194364025e+00	2.741606346e+00	6.307120463e-01	1.009010145e+00	2.195200771e+00	-1.014533521e+00	-1.607657334e+04	-1.586472705e+01

2	4.443858099e-01	1.385799187e-01	2.976622529e+00	8.330557240e-01	1.533566000e+00	5.296272182e-01	8.435117430e-01	1.906700289e+00	6.080255689e-01	1.104682700e+00	9.596094990e-01	-2.872585488e-01	-1.163527097e+05	-1.282534300e+01

3	2.659484945e-02	1.509525902e-01	6.260260163e-01	4.118604576e-01	8.546108840e-01	-5.312643171e-01	3.866456717e-01	9.091928863e-01	-3.801076699e-01	1.385438519e+00	2.172361350e+00	-2.104533590e+00	-6.564927065e+03	-1.207265423e+01

4	1.768472226e-01	1.073838322e-01	7.746668036e-01	4.404612207e-01	1.958672372e+00	6.113623099e-01	2.140591528e+00	1.609782128e+00	2.418044129e-01	5.173130957e+00	1.438672365e+00	-2.806960790e-01	-2.115416557e+04	-1.673691643e+01

5	3.352695576e-01	2.495723192e-02	5.433616113e+00	1.403871939e+00	5.640108802e-01	1.210171212e+00	1.516917934e+00	8.495697311e-01	1.844079598e+00	2.371786801e+00	8.795984185e-01	-1.328490256e-01	-3.948386070e+04	-1.655854087e+01

6	1.645160401e-01	1.080386857e-01	7.866498422e-01	2.415574542e-01	2.262166040e-01	6.294713565e-01	3.248707052e+00	1.629806261e+00	1.325108872e+00	2.043047445e+00	1.454539985e+00	5.671254963e-02	-1.900735448e+04	-1.408660105e+01

7	4.430133928e-01	6.831496737e-01	6.897594035e-01	1.888226560e-01	9.883546097e-01	4.156242439e-01	8.802363726e-01	1.890133758e+00	-4.234862525e-01	9.604517219e-05	4.505765580e-01	-5.542748647e-01	-2.079975668e+05	-9.350941304e+00

8	5.328389317e-01	4.011591891e-01	3.570284823e+00	3.821479675e-01	7.862269528e-01	-2.778038316e+00	9.726483888e-01	4.460180123e+00	1.090449187e+00	2.604483567e+00	8.927121526e-01	2.878808953e+00	-1.947011215e+05	-2.388070542e+01

9	7.354537749e-01	2.433069347e-01	2.878163046e-01	1.438103545e-01	1.302251296e+00	3.671531793e-01	1.520759589e+00	1.419802164e+00	3.749050488e-02	2.857467385e-01	1.942016396e+00	-2.464926389e+00	-3.203904639e+05	-1.388196082e+01

10	3.839664877e-01	5.072392074e-01	1.623004919e+00	9.220153045e-01	4.394378162e+00	-2.834398200e-01	9.256548168e-01	1.032771658e+00	9.126375382e-01	7.469059047e-01	8.404180080e-01	-7.023659822e-01	-1.248091082e+05	-1.364114018e+01

11	3.595774291e+00	2.660943353e-01	8.726037301e-01	2.805635310e-01	1.470371950e+00	1.591990067e-01	1.451686717e+00	9.151268180e-02	-8.299298240e-01	9.125721585e-01	1.215996470e+00	9.351934784e-01	-1.806122765e+06	-1.502385955e+01

12	1.193048844e-01	2.722095717e-01	2.092746503e+00	5.787780597e-01	8.465874225e-01	7.018836087e-01	5.761318034e-01	1.995197730e+00	-2.830886023e-01	5.864854501e-01	1.770611233e+00	-4.364086488e-01	-1.574771260e+04	-1.129163408e+01

13	8.794595931e-02	6.158082280e-01	1.442503182e+00	8.313506962e-01	1.529227010e-01	7.495406344e-01	1.280114065e+00	5.868322862e-01	-7.188822498e-02	1.343931971e+00	2.638981895e+00	-6.816934091e-01	-3.373207475e+04	-1.251118098e+01

14	1.007776077e+00	3.859823030e-01	3.510501953e+00	1.317678143e+00	1.393486816e+00	-1.336411587e-01	5.485843688e-01	4.233792731e+00	-6.259420260e-01	5.635962390e-01	1.242260049e+00	1.148931963e-01	-6.235943291e+05	-1.520917008e+01

15	6.302217613e-02	9.125388914e-01	1.050855815e+00	4.114211135e-01	6.656327922e+00	-1.267108026e+00	1.235141025e+00	4.280889526e-01	1.631740543e+00	6.991836599e-01	8.881060423e-01	-6.682245915e-01	-1.909814621e+04	-1.545127289e+01

16	4.756287386e-01	1.276714947e+00	1.085004003e+00	9.117415577e-01	3.519764381e-01	4.442493895e-02	1.489423720e+00	5.447479627e-01	2.281854918e-01	6.480234802e-01	1.596294894e+00	-1.689330877e-01	-4.689960475e+05	-1.119770133e+01

17	7.292122322e-02	1.810402412e+00	3.804400470e-01	7.568306802e-01	3.619460665e-01	7.541923082e-01	1.398219373e-01	1.894302980e-01	-2.665690703e+00	2.875056404e+00	1.554096770e-01	-5.484597046e-01	-3.136621027e+04	-1.503842711e+01

18	4.088490027e-01	7.058639263e-01	9.003948813e-01	5.006330926e-01	1.537208536e+00	-2.879329359e-01	2.321725569e-01	5.758031016e-01	-8.317174105e-01	1.514970156e+00	1.683950903e+00	-3.138900910e-01	-1.676023221e+05	-1.117486500e+01

19	3.241524465e-01	9.657386874e-01	9.388155666e-01	4.257881345e-01	2.663999652e-01	8.837316050e-01	1.612154707e+00	1.410555783e+00	5.202275963e-01	3.759218619e+00	1.152604924e+00	-3.605230852e-03	-2.134378289e+05	-1.433787940e+01

20	1.680863613e+00	7.768276383e-02	2.376327844e+00	8.012152130e-01	2.632140077e-01	1.935604415e+00	5.629831209e-01	9.255796086e-01	1.004804506e+00	3.623012946e+00	5.465598129e-01	-1.225327561e+00	-2.879600355e+05	-1.635989048e+01

21	7.624840491e-01	8.100874589e-01	9.959515241e-01	8.734020904e-01	3.296036617e+00	-2.409378365e-01	1.148170345e+00	2.035259789e+00	6.122903194e-01	8.576022544e-01	7.440824852e-01	-4.238216378e-01	-4.310847926e+05	-1.402301743e+01

22	9.346250037e-01	2.114735405e+00	1.292538961e+00	9.482711365e-01	1.765677226e+00	-1.379493700e+00	5.799246668e-02	1.533582322e-01	-1.243534525e+00	2.950211326e-01	1.900058052e-01	2.441594727e-01	-2.728313310e+06	-1.325273910e+01

23	7.886803127e-01	9.366187397e-01	1.771057989e+00	8.697595726e-01	7.582513547e-01	-2.108083256e-01	7.293014605e-01	3.114074953e+00	-5.631176255e-01	2.606507560e+00	7.408911695e-01	1.409429319e-01	-5.189571136e+05	-1.449451612e+01

24	5.928619090e-01	6.431242039e-01	3.480673909e+00	5.721772492e-01	9.124560489e-01	7.740178738e-01	5.616228365e-01	1.520109761e+00	-2.613748214e-01	6.601185523e-01	5.096020887e-01	-3.644616275e-01	-3.018044375e+05	-1.144786098e+01
0	8.002107662e-01	1.075432993e+00	2.412683484e+00	8.116457830e-01	1.198430796e+00	5.476909828e-01	9.279972151e-01	2.078541166e+00	5.001176790e-01	9.428619361e-01	9.425108961e-01	-1.223379444e+00	-5.264801858e+05	-1.416647854e+01

1	1.241051315e-01	3.788237064e-01	2.579006476e+00	4.045751377e-01	3.272715047e+00	-2.039843123e-02	1.194364025e+00	2.741606346e+00	6.307120463e-01	1.009010145e+00	2.195200771e+00	-1.014533521e+00	-1.607657334e+04	-1.586472705e+01

2	2.281029565e-01	8.189808686e-03	3.125136839e+00	6.581896827e-01	1.728902051e+00	1.065037571e+00	1.078897565e+00	8.816623010e-01	1.425897290e+00	1.334192507e+00	5.938955679e-01	-1.669511388e-01	-2.015194459e+04	-1.294523039e+01

3	2.659484945e-02	1.509525902e-01	6.260260163e-01	4.118604576e-01	8.546108840e-01	-5.312643171e-01	3.866456717e-01	9.091928863e-01	-3.801076699e-01	1.385438519e+00	2.172361350e+00	-2.104533590e+00	-6.564927065e+03	-1.207265423e+01

4	1.569184955e-01	1.644681858e-01	1.231159387e+00	4.883647057e-01	1.573522269e+00	6.427126914e-01	1.598769769e+00	1.743263710e+00	6.001740220e-02	3.584630917e+00	1.553633267e+00	-3.346242544e-01	-1.860250248e+04	-1.484330318e+01

5	3.352695576e-01	2.495723192e-02	5.433616113e+00	1.403871939e+00	5.640108802e-01	1.210171212e+00	1.516917934e+00	8.495697311e-01	1.844079598e+00	2.371786801e+00	8.795984185e-01	-1.328490256e-01	-3.948386070e+04	-1.655854087e+01

6	1.645160401e-01	1.080386857e-01	7.866498422e-01	2.415574542e-01	2.262166040e-01	6.294713565e-01	3.248707052e+00	1.629806261e+00	1.325108872e+00	2.043047445e+00	1.454539985e+00	5.671254963e-02	-1.900735448e+04	-1.408660105e+01

7	2.535238611e-01	4.409755973e-01	6.607577899e-01	2.903150829e-01	9.274950818e-01	-1.525347008e-02	6.556299706e-01	1.443760681e+00	-4.037470083e-01	6.304903942e-01	1.234067589e+00	-1.259713671e+00	-6.366262571e+04	-1.020213806e+01

8	5.328389317e-01	4.011591891e-01	3.570284823e+00	3.821479675e-01	7.862269528e-01	-2.778038316e+00	9.726483888e-01	4.460180123e+00	1.090449187e+00	2.604483567e+00	8.927121526e-01	2.878808953e+00	-1.947011215e+05	-2.388070542e+01

9	7.110256588e-01	3.118016041e-01	8.348004963e-01	2.171960011e-01	1.235473549e+00	4.368551778e-01	1.356445139e+00	1.436986353e+00	-1.370958895e-02	3.498822213e-01	1.696622433e+00	-2.105085406e+00	-3.077440909e+05	-1.314724051e+01

10	3.839664877e-01	5.072392074e-01	1.623004919e+00	9.220153045e-01	4.394378162e+00	-2.834398200e-01	9.256548168e-01	1.032771658e+00	9.126375382e-01	7.469059047e-01	8.404180080e-01	-7.023659822e-01	-1.248091082e+05	-1.364114018e+01

11	3.595774291e+00	2.660943353e-01	8.726037301e-01	2.805635310e-01	1.470371950e+00	1.591990067e-01	1.451686717e+00	9.151268180e-02	-8.299298240e-01	9.125721585e-01	1.215996470e+00	9.351934784e-01	-1.806122765e+06	-1.502385955e+01

12	1.193048844e-01	2.722095717e-01	2.092746503e+00	5.787780597e-01	8.465874225e-01	7.018836087e-01	5.761318034e-01	1.995197730e+00	-2.830886023e-01	5.864854501e-01	1.770611233e+00	-4.364086488e-01	-1.574771260e+04	-1.129163408e+01

13	8.794595931e-02	6.158082280e-01	1.442503182e+00	8.313506962e-01	1.529227010e-01	7.495406344e-01	1.280114065e+00	5.868322862e-01	-7.188822498e-02	1.343931971e+00	2.638981895e+00	-6.816934091e-01	-3.373207475e+04	-1.251118098e+01

14	7.538812776e-01	3.251649738e-01	2.764102187e+00	1.083284748e+00	1.254044894e+00	-2.365318879e-01	5.066803945e-01	3.373504553e+00	-5.623288394e-01	7.762597865e-01	1.482937180e+00	-4.594155070e-01	-3.512810346e+05	-1.405886522e+01

15	6.302217613e-02	9.125388914e-01	1.050855815e+00	4.114211135e-01	6.656327922e+00	-1.267108026e+00	1.235141025e+00	4.280889526e-01	1.631740543e+00	6.991836599e-01	8.881060423e-01	-6.682245915e-01	-1.909814621e+04	-1.545127289e+01

16	4.756287386e-01	1.276714947e+00	1.085004003e+00	9.117415577e-01	3.519764381e-01	4.442493895e-02	1.489423720e+00	5.447479627e-01	2.281854918e-01	6.480234802e-01	1.596294894e+00	-1.689330877e-01	-4.689960475e+05	-1.119770133e+01

17	7.292122322e-02	1.810402412e+00	3.804400470e-01	7.568306802e-01	3.619460665e-01	7.541923082e-01	1.398219373e-01	1.894302980e-01	-2.665690703e+00	2.875056404e+00	1.554096770e-01	-5.484597046e-01	-3.136621027e+04	-1.503842711e+01

18	4.048370464e-01	7.072318142e-01	8.441381384e-01	4.990732453e-01	1.550829753e+00	-3.110862046e-01	2.249896904e-01	5.552147790e-01	-8.441523511e-01	1.533608128e+00	1.709554738e+00	-3.127875010e-01	-1.663473322e+05	-1.118759282e+01

19	3.282950807e-01	6.151697841e-01	2.613739417e+00	7.902572307e-01	3.773004634e-01	1.005374707e+00	1.576666070e+00	1.201512265e+00	1.013542321e+00	3.242211776e+00	1.050872911e+00	-5.176610299e-02	-1.434038956e+05	-1.488320444e+01

20	1.680863613e+00	7.768276383e-02	2.376327844e+00	8.012152130e-01	2.632140077e-01	1.935604415e+00	5.629831209e-01	9.255796086e-01	1.004804506e+00	3.623012946e+00	5.465598129e-01	-1.225327561e+00	-2.879600355e+05	-1.635989048e+01

21	7.624840491e-01	8.100874589e-01	9.959515241e-01	8.734020904e-01	3.296036617e+00	-2.409378365e-01	1.148170345e+00	2.035259789e+00	6.122903194e-01	8.576022544e-01	7.440824852e-01	-4.238216378e-01	-4.310847926e+05	-1.402301743e+01

22	8.650365399e-01	1.991538734e+00	1.304864505e+00	9.386614575e-01	1.633125097e+00	-1.204508586e+00	1.584385154e-01	1.889854202e-01	-1.147237035e+00	3.812310067e-01	3.912868986e-01	1.680637194e-01	-1.864046117e+06	-1.239036609e+01

23	7.468226068e-01	9.073929633e-01	1.847673633e+00	8.625313093e-01	7.236157295e-01	-1.002343364e-01	8.063428948e-01	2.940186911e+00	-4.197694821e-01	2.664305070e+00	7.690743597e-01	1.234220439e-01	-4.716714109e+05	-1.437715971e+01

24	5.928619090e-01	6.431242039e-01	3.480673909e+00	5.721772492e-01	9.124560489e-01	7.740178738e-01	5.616228365e-01	1.520109761e+00	-2.613748214e-01	6.601185523e-01	5.096020887e-01	-3.644616275e-01	-3.018044375e+05	-1.144786098e+01
0	8.002107662e-01	1.075432993e+00	2.412683484e+00	8.116457830e-01	1.198430796e+00	5.476909828e-01	9.279972151e-01	2.078541166e+00	5.001176790e-01	9.428619361e-01	9.425108961e-01	-1.223379444e+00	-5.264801858e+05	-1.416647854e+01

1	1.241051315e-01	3.788237064e-01	2.579006476e+00	4.045751377e-01	3.272715047e+00	-2.039843123e-02	1.194364025e+00	2.741606346e+00	6.307120463e-01	1.009010145e+00	2.195200771e+00	-1.014533521e+00	-1.607657334e+04	-1.586472705e+01

2	2.281029565e-01	8.189808686e-03	3.125136839e+00	6.581896827e-01	1.728902051e+00	1.065037571e+00	1.078897565e+00	8.816623010e-01	1.425897290e+00	1.334192507e+00	5.938955679e-01	-1.669511388e-01	-2.015194459e+04	-1.294523039e+01

3	2.659484945e-02	1.509525902e-01	6.260260163e-01	4.118604576e-01	8.546108840e-01	-5.312643171e-01	3.866456717e-01	9.091928863e-01	-3.801076699e-01	1.385438519e+00	2.172361350e+00	-2.104533590e+00	-6.564927065e+03	-1.207265423e+01

4	1.569184955e-01	1.644681858e-01	1.231159387e+00	4.883647057e-01	1.573522269e+00	6.427126914e-01	1.598769769e+00	1.743263710e+00	6.001740220e-02	3.584630917e+00	1.553633267e+00	-3.346242544e-01	-1.860250248e+04	-1.484330318e+01

5	3.384617136e-01	2.545668071e-02	5.502378449e+00	1.426083468e+00	5.293124365e-01	1.214494287e+00	1.529965183e+00	8.486137944e-01	1.856535933e+00	2.402693471e+00	8.881086078e-01	-1.318332309e-01	-3.936909554e+04	-1.667756446e+01

6	1.645160401e-01	1.080386857e-01	7.866498422e-01	2.415574542e-01	2.262166040e-01	6.294713565e-01	3.248707052e+00	1.629806261e+00	1.325108872e+00	2.043047445e+00	1.454539985e+00	5.671254963e-02	-1.900735448e+04	-1.408660105e+01

7	2.204692567e-01	4.758777393e-01	8.168189816e-01	3.983229630e-01	7.728658508e-01	1.374237067e-01	7.802968161e-01	1.272690576e+00	-3.374974624e-01	7.729159765e-01	1.514533075e+00	-1.144322481e+00	-5.627597808e+04	-1.046515820e+01

8	4.565665882e-01	3.600913357e-02	4.090423778e+00	2.543728509e-01	5.917797183e-01	-3.139319665e+00	1.159590419e+00	5.440843504e+00	1.604220413e+00	3.114940833e+00	1.007839048e+00	3.501194204e+00	-1.042161175e+05	-2.850279338e+01

9	7.062014971e-01	2.650879099e-01	8.196927830e-01	1.556774765e-01	1.042298262e+00	5.003974503e-01	1.375970649e+00	1.380898945e+00	-7.239632067e-02	3.022840843e-01	1.785921897e+00	-2.262701844e+00	-2.945565120e+05	-1.320889371e+01

10	3.839664877e-01	5.072392074e-01	1.623004919e+00	9.220153045e-01	4.394378162e+00	-2.834398200e-01	9.256548168e-01	1.032771658e+00	9.126375382e-01	7.469059047e-01	8.404180080e-01	-7.023659822e-01	-1.248091082e+05	-1.364114018e+01

11	3.595774291e+00	2.660943353e-01	8.726037301e-01	2.805635310e-01	1.470371950e+00	1.591990067e-01	1.451686717e+00	9.151268180e-02	-8.299298240e-01	9.125721585e-01	1.215996470e+00	9.351934784e-01	-1.806122765e+06	-1.502385955e+01

12	1.193048844e-01	2.722095717e-01	2.092746503e+00	5.787780597e-01	8.465874225e-01	7.018836087e-01	5.761318034e-01	1.995197730e+00	-2.830886023e-01	5.864854501e-01	1.770611233e+00	-4.364086488e-01	-1.574771260e+04	-1.129163408e+01

13	8.794595931e-02	6.158082280e-01	1.442503182e+00	8.313506962e-01	1.529227010e-01	7.495406344e-01	1.280114065e+00	5.868322862e-01	-7.188822498e-02	1.343931971e+00	2.638981895e+00	-6.816934091e-01	-3.373207475e+04	-1.251118098e+01

14	7.538812776e-01	3.251649738e-01	2.764102187e+00	1.083284748e+00	1.254044894e+00	-2.365318879e-01	5.066803945e-01	3.373504553e+00	-5.623288394e-01	7.762597865e-01	1.482937180e+00	-4.594155070e-01	-3.512810346e+05	-1.405886522e+01

15	6.302217613e-02	9.125388914e-01	1.050855815e+00	4.114211135e-01	6.656327922e+00	-1.267108026e+00	1.235141025e+00	4.280889526e-01	1.631740543e+00	6.991836599e-01	8.881060423e-01	-6.682245915e-01	-1.909814621e+04	-1.545127289e+01

16	3.740270516e-01	8.944066933e-01	8.909329342e-01	6.274705461e-01	6.152469515e-01	1.712510157e-02	1.108005479e+00	9.560005649e-01	-6.089149214e-02	6.400029849e-01	1.430594322e+00	-6.679097363e-01	-1.944317443e+05	-1.047018945e+01

17	7.292122322e-02	1.810402412e+00	3.804400470e-01	7.568306802e-01	3.619460665e-01	7.541923082e-01	1.398219373e-01	1.894302980e-01	-2.665690703e+00	2.875056404e+00	1.554096770e-01	-5.484597046e-01	-3.136621027e+04	-1.503842711e+01

18	3.769197105e-01	6.736538077e-01	1.489569085e+00	6.052774833e-01	1.122805582e+00	1.690697619e-01	7.179898795e-01	7.909404214e-01	-1.665908889e-01	2.156791261e+00	1.469312125e+00	-2.175845364e-01	-1.454534416e+05	-1.188389007e+01

19	3.695093478e-01	4.290826148e-01	3.088205375e+00	6.180749403e-01	4.462137043e-01	-3.263360066e-01	1.442657609e+00	2.563630271e+00	1.203330101e+00	3.201318995e+00	1.037045919e+00	1.089817542e+00	-1.169425502e+05	-1.619717009e+01

20	1.680863613e+00	7.768276383e-02	2.376327844e+00	8.012152130e-01	2.632140077e-01	1.935604415e+00	5.629831209e-01	9.255796086e-01	1.004804506e+00	3.623012946e+00	5.465598129e-01	-1.225327561e+00	-2.879600355e+05	-1.635989048e+01

21	7.577290131e-01	7.766435853e-01	8.173881094e-01	8.811857908e-01	3.560416661e+00	-3.403357882e-01	1.175920736e+00	2.029804649e+00	6.264284417e-01	8.468562133e-01	7.190727758e-01	-3.230462080e-01	-4.233252024e+05	-1.405337643e+01

22	8.650365399e-01	1.991538734e+00	1.304864505e+00	9.386614575e-01	1.633125097e+00	-1.204508586e+00	1.584385154e-01	1.889854202e-01	-1.147237035e+00	3.812310067e-01	3.912868986e-01	1.680637194e-01	-1.864046117e+06	-1.239036609e+01

23	7.468226068e-01	9.073929633e-01	1.847673633e+00	8.625313093e-01	7.236157295e-01	-1.002343364e-01	8.063428948e-01	2.940186911e+00	-4.197694821e-01	2.664305070e+00	7.690743597e-01	1.234220439e-01	-4.716714109e+05	-1.437715971e+01

24	5.928619090e-01	6.431242039e-01	3.480673909e+00	5.721772492e-01	9.124560489e-01	7.740178738e-01	5.616228365e-01	1.520109761e+00	-2.613748214e-01	6.601185523e-01	5.096020887e-01	-3.644616275e-01	-3.018044375e+05	-1.144786098e+01
0	6.295449305e-01	5.592183941e-01	3.245908569e+00	5.348843631e-01	8.971464450e-01	-1.283408723e+00	1.043014579e+00	3.748379257e+00	1.048454092e+00	2.021593030e+00	9.749551635e-01	1.123010693e+00	-2.805906256e+05	-1.677240073e+01

1	8.314908601e-02	3.375744409e-01	3.327959794e+00	4.072323958e-01	4.335184479e+00	-8.747495631e-02	1.370348142e+00	3.365915247e+00	1.042214072e+00	1.109353332e+00	2.484493671e+00	-9.593714727e-01	-8.890809511e+03	-1.809154808e+01

2	2.281029565e-01	8.189808686e-03	3.125136839e+00	6.581896827e-01	1.728902051e+00	1.065037571e+00	1.078897565e+00	8.816623010e-01	1.425897290e+00	1.334192507e+00	5.938955679e-01	-1.669511388e-01	-2.015194459e+04	-1.294523039e+01

3	2.659484945e-02	1.509525902e-01	6.260260163e-01	4.118604576e-01	8.546108840e-01	-5.312643171e-01	3.866456717e-01	9.091928863e-01	-3.801076699e-01	1.385438519e+00	2.172361350e+00	-2.104533590e+00	-6.564927065e+03	-1.207265423e+01

4	1.569184955e-01	1.644681858e-01	1.231159387e+00	4.883647057e-01	1.573522269e+00	6.427126914e-01	1.598769769e+00	1.743263710e+00	6.001740220e-02	3.584630917e+00	1.553633267e+00	-3.346242544e-01	-1.860250248e+04	-1.484330318e+01

5	3.384617136e-01	2.545668071e-02	5.502378449e+00	1.426083468e+00	5.293124365e-01	1.214494287e+00	1.529965183e+00	8.486137944e-01	1.856535933e+00	2.402693471e+00	8.881086078e-01	-1.318332309e-01	-3.936909554e+04	-1.667756446e+01

6	1.645160401e-01	1.080386857e-01	7.866498422e-01	2.415574542e-01	2.262166040e-01	6.294713565e-01	3.248707052e+00	1.629806261e+00	1.325108872e+00	2.043047445e+00	1.454539985e+00	5.671254963e-02	-1.900735448e+04	-1.408660105e+01

7	2.204692567e-01	4.758777393e-01	8.168189816e-01	3.983229630e-01	7.728658508e-01	1.374237067e-01	7.802968161e-01	1.272690576e+00	-3.374974624e-01	7.729159765e-01	1.514533075e+00	-1.144322481e+00	-5.627597808e+04	-1.046515820e+01

8	3.024432209e-01	7.721061496e-02	2.848610420e+00	3.108242826e-01	6.859915481e-01	-2.204462240e+00	8.825283785e-01	3.816473366e+00	8.929380231e-01	2.495000738e+00	1.425262061e+00	1.491821108e+00	-5.328212639e+04	-1.804735354e+01

9	7.062014971e-01	2.650879099e-01	8.196927830e-01	1.556774765e-01	1.042298262e+00	5.003974503e-01	1.375970649e+00	1.380898945e+00	-7.239632067e-02	3.022840843e-01	1.785921897e+00	-2.262701844e+00	-2.945565120e+05	-1.320889371e+01

10	3.839664877e-01	5.072392074e-01	1.623004919e+00	9.220153045e-01	4.394378162e+00	-2.834398200e-01	9.256548168e-01	1.032771658e+00	9.126375382e-01	7.469059047e-01	8.404180080e-01	-7.023659822e-01	-1.248091082e+05	-1.364114018e+01

11	3.595774291e+00	2.660943353e-01	8.726037301e-01	2.805635310e-01	1.470371950e+00	1.591990067e-01	1.451686717e+00	9.151268180e-02	-8.299298240e-01	9.125721585e-01	1.215996470e+00	9.351934784e-01	-1.806122765e+06	-1.502385955e+01

12	1.193048844e-01	2.722095717e-01	2.092746503e+00	5.787780597e-01	8.465874225e-01	7.018836087e-01	5.761318034e-01	1.995197730e+00	-2.830886023e-01	5.864854501e-01	1.770611233e+00	-4.364086488e-01	-1.574771260e+04	-1.129163408e+01

13	8.794595931e-02	6.158082280e-01	1.442503182e+00	8.313506962e-01	1.529227010e-01	7.495406344e-01	1.280114065e+00	5.868322862e-01	-7.188822498e-02	1.343931971e+00	2.638981895e+00	-6.816934091e-01	-3.373207475e+04	-1.251118098e+01

14	7.538812776e-01	3.251649738e-01	2.764102187e+00	1.083284748e+00	1.254044894e+00	-2.365318879e-01	5.066803945e-01	3.373504553e+00	-5.623288394e-01	7.762597865e-01	1.482937180e+00	-4.594155070e-01	-3.512810346e+05	-1.405886522e+01

15	6.302217613e-02	9.125388914e-01	1.050855815e+00	4.114211135e-01	6.656327922e+00	-1.267108026e+00	1.235141025e+00	4.280889526e-01	1.631740543e+00	6.991836599e-01	8.881060423e-01	-6.682245915e-01	-1.909814621e+04	-1.545127289e+01

16	3.740270516e-01	8.944066933e-01	8.909329342e-01	6.274705461e-01	6.152469515e-01	1.712510157e-02	1.108005479e+00	9.560005649e-01	-6.089149214e-02	6.400029849e-01	1.430594322e+00	-6.679097363e-01	-1.944317443e+05	-1.047018945e+01

17	7.292122322e-02	1.810402412e+00	3.804400470e-01	7.568306802e-01	3.619460665e-01	7.541923082e-01	1.398219373e-01	1.894302980e-01	-2.665690703e+00	2.875056404e+00	1.554096770e-01	-5.484597046e-01	-3.136621027e+04	-1.503842711e+01

18	3.715647373e-01	5.833974631e-01	2.048321183e+00	7.195682519e-01	1.040166336e+00	3.146368931e-01	8.310510453e-01	7.989709844e-01	1.151135867e-01	2.191031207e+00	1.388384113e+00	-2.056443425e-01	-1.332041548e+05	-1.223775670e+01

19	3.695093478e-01	4.290826148e-01	3.088205375e+00	6.180749403e-01	4.462137043e-01	-3.263360066e-01	1.442657609e+00	2.563630271e+00	1.203330101e+00	3.201318995e+00	1.037045919e+00	1.089817542e+00	-1.169425502e+05	-1.619717009e+01

20	1.680863613e+00	7.768276383e-02	2.376327844e+00	8.012152130e-01	2.632140077e-01	1.935604415e+00	5.629831209e-01	9.255796086e-01	1.004804506e+00	3.623012946e+00	5.465598129e-01	-1.225327561e+00	-2.879600355e+05	-1.635989048e+01

21	6.787911750e-01	7.324530324e-01	8.173044893e-01	8.102403174e-01	3.150850837e+00	-2.701401310e-01	1.117792993e+00	1.918564327e+00	4.848019266e-01	8.359924135e-01	8.359471845e-01	-4.437136742e-01	-3.407433055e+05	-1.348408638e+01

22	7.265880483e-01	1.672337414e+00	1.451138401e+00	8.718474592e-01	1.487100781e+00	-8.505781586e-01	2.359851842e-01	5.243169943e-01	-9.868039276e-01	4.193374326e-01	6.473647681e-01	5.584066032e-02	-8.259135289e+05	-1.137982164e+01

23	5.687124496e-01	9.011885262e-01	1.390572593e+00	7.502265651e-01	6.718404875e-01	-4.416363584e-02	9.504679242e-01	1.992204198e+00	-2.483087061e-01	1.697156301e+00	1.085128086e+00	-2.546517441e-01	-3.099190676e+05	-1.249661044e+01

24	5.928619090e-01	6.431242039e-01	3.480673909e+00	5.721772492e-01	9.124560489e-01	7.740178738e-01	5.616228365e-01	1.520109761e+00	-2.613748214e-01	6.601185523e-01	5.096020887e-01	-3.644616275e-01	-3.018044375e+05	-1.144786098e+01
0	6.295449305e-01	5.592183941e-01	3.245908569e+00	5.348843631e-01	8.971464450e-01	-1.283408723e+00	1.043014579e+00	3.748379257e+00	1.048454092e+00	2.021593030e+00	9.749551635e-01	1.123010693e+00	-2.805906256e+05	-1.677240073e+01

1	8.314908601e-02	3.375744409e-01	3.327959794e+00	4.072323958e-01	4.335184479e+00	-8.747495631e-02	1.370348142e+00	3.365915247e+00	1.042214072e+00	1.109353332e+00	2.484493671e+00	-9.593714727e-01	-8.890809511e+03	-1.809154808e+01

2	2.281029565e-01	8.189808686e-03	3.125136839e+00	6.581896827e-01	1.728902051e+00	1.065037571e+00	1.078897565e+00	8.816623010e-01	1.425897290e+00	1.334192507e+00	5.938955679e-01	-1.669511388e-01	-2.015194459e+04	-1.294523039e+01

3	2.659484945e-02	1.509525902e-01	6.260260163e-01	4.118604576e-01	8.546108840e-01	-5.312643171e-01	3.866456717e-01	9.091928863e-01	-3.801076699e-01	1.385438519e+00	2.172361350e+00	-2.104533590e+00	-6.564927065e+03	-1.207265423e+01

4	1.548881184e-01	1.795484749e-01	1.349950665e+00	5.543217798e-01	1.933577896e+00	6.462513221e-01	1.157838496e+00	1.773584219e+00	-2.780672016e-01	3.996605585e+00	1.580115078e+00	-4.392055843e-01	-1.845127272e+04	-1.541185417e+01

5	3.384617136e-01	2.545668071e-02	5.502378449e+00	1.426083468e+00	5.293124365e-01	1.214494287e+00	1.529965183e+00	8.486137944e-01	1.856535933e+00	2.402693471e+00	8.881086078e-01	-1.318332309e-01	-3.936909554e+04	-1.667756446e+01

6	1.548786877e-01	8.591248970e-02	7.279236996e-01	2.193078165e-01	1.883302492e-01	6.441257383e-01	3.361240013e+00	1.668478576e+00	1.381429685e+00	2.036159347e+00	1.457619296e+00	6.892429428e-02	-1.588306912e+04	-1.433557568e+01

7	2.204692567e-01	4.758777393e-01	8.168189816e-01	3.983229630e-01	7.728658508e-01	1.374237067e-01	7.802968161e-01	1.272690576e+00	-3.374974624e-01	7.729159765e-01	1.514533075e+00	-1.144322481e+00	-5.627597808e+04	-1.046515820e+01

8	3.024432209e-01	7.721061496e-02	2.848610420e+00	3.108242826e-01	6.859915481e-01	-2.204462240e+00	8.825283785e-01	3.816473366e+00	8.929380231e-01	2.495000738e+00	1.425262061e+00	1.491821108e+00	-5.328212639e+04	-1.804735354e+01

9	7.062014971e-01	2.650879099e-01	8.196927830e-01	1.556774765e-01	1.042298262e+00	5.003974503e-01	1.375970649e+00	1.380898945e+00	-7.239632067e-02	3.022840843e-01	1.785921897e+00	-2.262701844e+00	-2.945565120e+05	-1.320889371e+01

10	3.839664877e-01	5.072392074e-01	1.623004919e+00	9.220153045e-01	4.394378162e+00	-2.834398200e-01	9.256548168e-01	1.032771658e+00	9.126375382e-01	7.469059047e-01	8.404180080e-01	-7.023659822e-01	-1.248091082e+05	-1.364114018e+01

11	3.595774291e+00	2.660943353e-01	8.726037301e-01	2.805635310e-01	1.470371950e+00	1.591990067e-01	1.451686717e+00	9.151268180e-02	-8.299298240e-01	9.125721585e-01	1.215996470e+00	9.351934784e-01	-1.806122765e+06	-1.502385955e+01

12	1.193048844e-01	2.722095717e-01	2.092746503e+00	5.787780597e-01	8.465874225e-01	7.018836087e-01	5.761318034e-01	1.995197730e+00	-2.830886023e-01	5.864854501e-01	1.770611233e+00	-4.364086488e-01	-1.574771260e+04	-1.129163408e+01

13	8.794595931e-02	6.158082280e-01	1.442503182e+00	8.313506962e-01	1.529227010e-01	7.495406344e-01	1.280114065e+00	5.868322862e-01	-7.188822498e-02	1.343931971e+00	2.638981895e+00	-6.816934091e-01	-3.373207475e+04	-1.251118098e+01

14	7.538812776e-01	3.251649738e-01	2.764102187e+00	1.083284748e+00	1.254044894e+00	-2.365318879e-01	5.066803945e-01	3.373504553e+00	-5.623288394e-01	7.762597865e-01	1.482937180e+00	-4.594155070e-01	-3.512810346e+05	-1.405886522e+01

15	6.302217613e-02	9.125388914e-01	1.050855815e+00	4.114211135e-01	6.656327922e+00	-1.267108026e+00	1.235141025e+00	4.280889526e-01	1.631740543e+00	6.991836599e-01	8.881060423e-01	-6.682245915e-01	-1.909814621e+04	-1.545127289e+01

16	3.631113465e-01	7.697937564e-01	1.189456076e+00	5.791856584e-01	6.260346831e-01	-3.216412370e-01	1.073622833e+00	1.392189536e+00	8.455646139e-02	9.228686572e-01	1.429781214e+00	-3.385757972e-01	-1.549624551e+05	-1.102805488e+01

17	7.292122322e-02	1.810402412e+00	3.804400470e-01	7.568306802e-01	3.619460665e-01	7.541923082e-01	1.398219373e-01	1.894302980e-01	-2.665690703e+00	2.875056404e+00	1.554096770e-01	-5.484597046e-01	-3.136621027e+04	-1.503842711e+01

18	3.715647373e-01	5.833974631e-01	2.048321183e+00	7.195682519e-01	1.040166336e+00	3.146368931e-01	8.310510453e-01	7.989709844e-01	1.151135867e-01	2.191031207e+00	1.388384113e+00	-2.056443425e-01	-1.332041548e+05	-1.223775670e+01

19	3.695093478e-01	4.290826148e-01	3.088205375e+00	6.180749403e-01	4.462137043e-01	-3.263360066e-01	1.442657609e+00	2.563630271e+00	1.203330101e+00	3.201318995e+00	1.037045919e+00	1.089817542e+00	-1.169425502e+05	-1.619717009e+01

20	1.680863613e+00	7.768276383e-02	2.376327844e+00	8.012152130e-01	2.632140077e-01	1.935604415e+00	5.629831209e-01	9.255796086e-01	1.004804506e+00	3.623012946e+00	5.465598129e-01	-1.225327561e+00	-2.879600355e+05	-1.635989048e+01

21	6.787911750e-01	7.324530324e-01	8.173044893e-01	8.102403174e-01	3.150850837e+00	-2.701401310e-01	1.117792993e+00	1.918564327e+00	4.848019266e-01	8.359924135e-01	8.359471845e-01	-4.437136742e-01	-3.407433055e+05	-1.348408638e+01

22	5.421540444e-01	1.236337305e+00	1.219986995e+00	6.992910945e-01	1.226827482e+00	-4.905418532e-01	4.343369848e-01	7.970307095e-01	-7.501911144e-01	5.481844693e-01	9.633682943e-01	-3.815090233e-01	-3.796800065e+05	-1.069799368e+01

23	4.479483506e-01	5.274804919e-01	2.051853002e+00	5.509394714e-01	6.782585783e-01	-1.023948329e+00	9.196545325e-01	2.819585655e+00	2.692938485e-01	2.059011725e+00	1.239392900e+00	5.374458687e-01	-1.591715931e+05	-1.395155974e+01

24	4.913726126e-01	4.453608563e-01	3.259793913e+00	4.808452180e-01	8.333160907e-01	-2.668374964e-01	6.737660249e-01	2.322593679e+00	1.420096825e-01	1.301333838e+00	8.295873035e-01	2.842322633e-01	-1.769213193e+05	-1.226299695e+01
0	5.204012446e-01	5.361170177e-01	2.524633182e+00	7.069389514e-01	2.451439060e+00	-8.389874187e-01	9.908557787e-01	2.541467855e+00	9.880924447e-01	1.455077298e+00	9.151621260e-01	3.117491822e-01	-1.949760435e+05	-1.518838479e+01

1	8.314908601e-02	3.375744409e-01	3.327959794e+00	4.072323958e-01	4.335184479e+00	-8.747495631e-02	1.370348142e+00	3.365915247e+00	1.042214072e+00	1.109353332e+00	2.484493671e+00	-9.593714727e-01	-8.890809511e+03	-1.809154808e+01

2	2.281029565e-01	8.189808686e-03	3.125136839e+00	6.581896827e-01	1.728902051e+00	1.065037571e+00	1.078897565e+00	8.816623010e-01	1.425897290e+00	1.334192507e+00	5.938955679e-01	-1.669511388e-01	-2.015194459e+04	-1.294523039e+01

3	2.659484945e-02	1.509525902e-01	6.260260163e-01	4.118604576e-01	8.546108840e-01	-5.312643171e-01	3.866456717e-01	9.091928863e-01	-3.801076699e-01	1.385438519e+00	2.172361350e+00	-2.104533590e+00	-6.564927065e+03	-1.207265423e+01

4	1.548881184e-01	1.795484749e-01	1.349950665e+00	5.543217798e-01	1.933577896e+00	6.462513221e-01	1.157838496e+00	1.773584219e+00	-2.780672016e-01	3.996605585e+00	1.580115078e+00	-4.392055843e-01	-1.845127272e+04	-1.541185417e+01

5	3.384617136e-01	2.545668071e-02	5.502378449e+00	1.426083468e+00	5.293124365e-01	1.214494287e+00	1.529965183e+00	8.486137944e-01	1.856535933e+00	2.402693471e+00	8.881086078e-01	-1.318332309e-01	-3.936909554e+04	-1.667756446e+01

6	1.548786877e-01	8.591248970e-02	7.279236996e-01	2.193078165e-01	1.883302492e-01	6.441257383e-01	3.361240013e+00	1.668478576e+00	1.381429685e+00	2.036159347e+00	1.457619296e+00	6.892429428e-02	-1.588306912e+04	-1.433557568e+01

7	2.310069936e-01	4.246291590e-01	1.078005371e+00	3.870750249e-01	7.616981763e-01	-1.636252706e-01	7.934386633e-01	1.599693352e+00	-1.793252231e-01	9.942896335e-01	1.503057304e+00	-8.054467417e-01	-5.405761025e+04	-1.071568896e+01

8	3.179691864e-01	5.490180250e-02	3.992531441e+00	7.915627691e-01	6.184541721e-01	-7.307025912e-01	1.161609505e+00	2.537161492e+00	1.308302099e+00	2.455211193e+00	1.193719168e+00	7.919361490e-01	-5.321706083e+04	-1.574300992e+01

9	7.062014971e-01	2.650879099e-01	8.196927830e-01	1.556774765e-01	1.042298262e+00	5.003974503e-01	1.375970649e+00	1.380898945e+00	-7.239632067e-02	3.022840843e-01	1.785921897e+00	-2.262701844e+00	-2.945565120e+05	-1.320889371e+01

10	3.839664877e-01	5.072392074e-01	1.623004919e+00	9.220153045e-01	4.394378162e+00	-2.834398200e-01	9.256548168e-01	1.032771658e+00	9.126375382e-01	7.469059047e-01	8.404180080e-01	-7.023659822e-01	-1.248091082e+05	-1.364114018e+01

11	3.595774291e+00	2.660943353e-01	8.726037301e-01	2.805635310e-01	1.470371950e+00	1.591990067e-01	1.451686717e+00	9.151268180e-02	-8.299298240e-01	9.125721585e-01	1.215996470e+00	9.351934784e-01	-1.806122765e+06	-1.502385955e+01

12	1.193048844e-01	2.722095717e-01	2.092746503e+00	5.787780597e-01	8.465874225e-01	7.018836087e-01	5.761318034e-01	1.995197730e+00	-2.830886023e-01	5.864854501e-01	1.770611233e+00	-4.364086488e-01	-1.574771260e+04	-1.129163408e+01

13	8.794595931e-02	6.158082280e-01	1.442503182e+00	8.313506962e-01	1.529227010e-01	7.495406344e-01	1.280114065e+00	5.868322862e-01	-7.188822498e-02	1.343931971e+00	2.638981895e+00	-6.816934091e-01	-3.373207475e+04	-1.251118098e+01

14	7.413545258e-01	3.093811244e-01	2.253253902e+00	8.395775415e-01	1.198413398e+00	-4.292086753e-02	7.350661627e-01	2.849993838e+00	-4.336104808e-01	6.517337098e-01	1.562539358e+00	-9.331869929e-01	-3.375959766e+05	-1.350262119e+01

15	6.302217613e-02	9.125388914e-01	1.050855815e+00	4.114211135e-01	6.656327922e+00	-1.267108026e+00	1.235141025e+00	4.280889526e-01	1.631740543e+00	6.991836599e-01	8.881060423e-01	-6.682245915e-01	-1.909814621e+04	-1.545127289e+01

16	4.505890364e-01	4.561027173e-01	1.433333616e+00	5.256346417e-01	7.056440849e-01	-6.459508042e-01	1.355116718e+00	1.754760800e+00	9.136173062e-01	3.343824865e-01	1.813939975e+00	-2.753063821e-01	-1.499197410e+05	-1.188657085e+01

17	7.292122322e-02	1.810402412e+00	3.804400470e-01	7.568306802e-01	3.619460665e-01	7.541923082e-01	1.398219373e-01	1.894302980e-01	-2.665690703e+00	2.875056404e+00	1.554096770e-01	-5.484597046e-01	-3.136621027e+04	-1.503842711e+01

18	3.715647373e-01	5.833974631e-01	2.048321183e+00	7.195682519e-01	1.040166336e+00	3.146368931e-01	8.310510453e-01	7.989709844e-01	1.151135867e-01	2.191031207e+00	1.388384113e+00	-2.056443425e-01	-1.332041548e+05	-1.223775670e+01

19	3.651945800e-01	4.089075583e-01	3.134896230e+00	6.160451714e-01	4.267044623e-01	-3.222321441e-01	1.467857742e+00	2.607781449e+00	1.252152859e+00	3.267626617e+00	1.038887283e+00	1.126589204e+00	-1.127068742e+05	-1.641525627e+01

20	1.680863613e+00	7.768276383e-02	2.376327844e+00	8.012152130e-01	2.632140077e-01	1.935604415e+00	5.629831209e-01	9.255796086e-01	1.004804506e+00	3.623012946e+00	5.465598129e-01	-1.225327561e+00	-2.879600355e+05	-1.635989048e+01

21	6.787911750e-01	7.324530324e-01	8.173044893e-01	8.102403174e-01	3.150850837e+00	-2.701401310e-01	1.117792993e+00	1.918564327e+00	4.848019266e-01	8.359924135e-01	8.359471845e-01	-4.437136742e-01	-3.407433055e+05	-1.348408638e+01

22	5.421540444e-01	1.236337305e+00	1.219986995e+00	6.992910945e-01	1.226827482e+00	-4.905418532e-01	4.343369848e-01	7.970307095e-01	-7.501911144e-01	5.481844693e-01	9.633682943e-01	-3.815090233e-01	-3.796800065e+05	-1.069799368e+01

23	3.056391234e-01	6.720707362e-01	2.730829312e+00	7.687468041e-01	4.776561590e-01	-1.863932169e+00	6.682036027e-01	3.612367453e+00	4.575806693e-01	3.027048538e+00	9.382305706e-01	2.080454588e+00	-1.212343005e+05	-1.865361143e+01

24	4.332793867e-01	3.563722822e-01	4.016880553e+00	3.787442112e-01	1.149610472e-01	-2.658137947e-01	5.361331319e-01	2.447828704e+00	3.575602747e-02	1.445573470e+00	8.276159619e-01	5.098701470e-01	-1.732183151e+05	-1.296403343e+01
0	4.826119705e-01	5.051444229e-01	2.673218281e+00	6.848083942e-01	1.958462480e+00	-7.131693247e-01	1.106994850e+00	2.557613699e+00	1.052385118e+00	1.896391615e+00	9.452863729e-01	5.101440965e-01	-1.690618075e+05	-1.542956981e+01

1	8.314908601e-02	3.375744409e-01	3.327959794e+00	4.072323958e-01	4.335184479e+00	-8.747495631e-02	1.370348142e+00	3.365915247e+00	1.042214072e+00	1.109353332e+00	2.484493671e+00	-9.593714727e-01	-8.890809511e+03	-1.809154808e+01

2	2.281029565e-01	8.189808686e-03	3.125136839e+00	6.581896827e-01	1.728902051e+00	1.065037571e+00	1.078897565e+00	8.816623010e-01	1.425897290e+00	1.334192507e+00	5.938955679e-01	-1.669511388e-01	-2.015194459e+04	-1.294523039e+01

3	2.659484945e-02	1.509525902e-01	6.260260163e-01	4.118604576e-01	8.546108840e-01	-5.312643171e-01	3.866456717e-01	9.091928863e-01	-3.801076699e-01	1.385438519e+00	2.172361350e+00	-2.104533590e+00	-6.564927065e+03	-1.207265423e+01

4	1.548881184e-01	1.795484749e-01	1.349950665e+00	5.543217798e-01	1.933577896e+00	6.462513221e-01	1.157838496e+00	1.773584219e+00	-2.780672016e-01	3.996605585e+00	1.580115078e+00	-4.392055843e-01	-1.845127272e+04	-1.541185417e+01

5	3.384617136e-01	2.545668071e-02	5.502378449e+00	1.426083468e+00	5.293124365e-01	1.214494287e+00	1.529965183e+00	8.486137944e-01	1.856535933e+00	2.402693471e+00	8.881086078e-01	-1.318332309e-01	-3.936909554e+04	-1.667756446e+01

6	1.548786877e-01	8.591248970e-02	7.279236996e-01	2.193078165e-01	1.883302492e-01	6.441257383e-01	3.361240013e+00	1.668478576e+00	1.381429685e+00	2.036159347e+00	1.457619296e+00	6.892429428e-02	-1.588306912e+04	-1.433557568e+01

7	2.310069936e-01	4.246291590e-01	1.078005371e+00	3.870750249e-01	7.616981763e-01	-1.636252706e-01	7.934386633e-01	1.599693352e+00	-1.793252231e-01	9.942896335e-01	1.503057304e+00	-8.054467417e-01	-5.405761025e+04	-1.071568896e+01

8	3.179691864e-01	5.490180250e-02	3.992531441e+00	7.915627691e-01	6.184541721e-01	-7.307025912e-01	1.161609505e+00	2.537161492e+00	1.308302099e+00	2.455211193e+00	1.193719168e+00	7.919361490e-01	-5.321706083e+04	-1.574300992e+01

9	7.062014971e-01	2.650879099e-01	8.196927830e-01	1.556774765e-01	1.042298262e+00	5.003974503e-01	1.375970649e+00	1.380898945e+00	-7.239632067e-02	3.022840843e-01	1.785921897e+00	-2.262701844e+00	-2.945565120e+05	-1.320889371e+01

10	3.839664877e-01	5.072392074e-01	1.623004919e+00	9.220153045e-01	4.394378162e+00	-2.834398200e-01	9.256548168e-01	1.032771658e+00	9.126375382e-01	7.469059047e-01	8.404180080e-01	-7.023659822e-01	-1.248091082e+05	-1.364114018e+01

11	3.595774291e+00	2.660943353e-01	8.726037301e-01	2.805635310e-01	1.470371950e+00	1.591990067e-01	1.451686717e+00	9.151268180e-02	-8.299298240e-01	9.125721585e-01	1.215996470e+00	9.351934784e-01	-1.806122765e+06	-1.502385955e+01

12	1.193048844e-01	2.722095717e-01	2.092746503e+00	5.787780597e-01	8.465874225e-01	7.018836087e-01	5.761318034e-01	1.995197730e+00	-2.830886023e-01	5.864854501e-01	1.770611233e+00	-4.364086488e-01	-1.574771260e+04	-1.129163408e+01

13	8.794595931e-02	6.158082280e-01	1.442503182e+00	8.313506962e-01	1.529227010e-01	7.495406344e-01	1.280114065e+00	5.868322862e-01	-7.188822498e-02	1.343931971e+00	2.638981895e+00	-6.816934091e-01	-3.373207475e+04	-1.251118098e+01

14	7.413545258e-01	3.093811244e-01	2.253253902e+00	8.395775415e-01	1.198413398e+00	-4.292086753e-02	7.350661627e-01	2.849993838e+00	-4.336104808e-01	6.517337098e-01	1.562539358e+00	-9.331869929e-01	-3.375959766e+05	-1.350262119e+01

15	6.302217613e-02	9.125388914e-01	1.050855815e+00	4.114211135e-01	6.656327922e+00	-1.267108026e+00	1.235141025e+00	4.280889526e-01	1.631740543e+00	6.991836599e-01	8.881060423e-01	-6.682245915e-01	-1.909814621e+04	-1.545127289e+01

16	4.505890364e-01	4.561027173e-01	1.433333616e+00	5.256346417e-01	7.056440849e-01	-6.459508042e-01	1.355116718e+00	1.754760800e+00	9.136173062e-01	3.343824865e-01	1.813939975e+00	-2.753063821e-01	-1.499197410e+05	-1.188657085e+01

17	7.292122322e-02	1.810402412e+00	3.804400470e-01	7.568306802e-01	3.619460665e-01	7.541923082e-01	1.398219373e-01	1.894302980e-01	-2.665690703e+00	2.875056404e+00	1.554096770e-01	-5.484597046e-01	-3.136621027e+04	-1.503842711e+01

18	3.715647373e-01	5.833974631e-01	2.048321183e+00	7.195682519e-01	1.040166336e+00	3.146368931e-01	8.310510453e-01	7.989709844e-01	1.151135867e-01	2.191031207e+00	1.388384113e+00	-2.056443425e-01	-1.332041548e+05	-1.223775670e+01

19	3.651945800e-01	4.089075583e-01	3.134896230e+00	6.160451714e-01	4.267044623e-01	-3.222321441e-01	1.467857742e+00	2.607781449e+00	1.252152859e+00	3.267626617e+00	1.038887283e+00	1.126589204e+00	-1.127068742e+05	-1.641525627e+01

20	1.947808285e+00	8.806823385e-02	1.754693923e+00	6.769564108e-01	2.102987384e-01	2.079001492e+00	3.706929353e-01	9.408847226e-01	8.354326007e-01	3.865680796e+00	4.786407855e-01	-1.442775470e+00	-2.472336460e+05	-1.670805694e+01

21	6.787911750e-01	7.324530324e-01	8.173044893e-01	8.102403174e-01	3.150850837e+00	-2.701401310e-01	1.117792993e+00	1.918564327e+00	4.848019266e-01	8.359924135e-01	8.359471845e-01	-4.437136742e-01	-3.407433055e+05	-1.348408638e+01

22	5.421540444e-01	1.236337305e+00	1.219986995e+00	6.992910945e-01	1.226827482e+00	-4.905418532e-01	4.343369848e-01	7.970307095e-01	-7.501911144e-01	5.481844693e-01	9.633682943e-01	-3.815090233e-01	-3.796800065e+05	-1.069799368e+01

23	3.056391234e-01	6.720707362e-01	2.730829312e+00	7.687468041e-01	4.776561590e-01	-1.863932169e+00	6.682036027e-01	3.612367453e+00	4.575806693e-01	3.027048538e+00	9.382305706e-01	2.080454588e+00	-1.212343005e+05	-1.865361143e+01

24	3.870243971e-01	3.719810416e-01	3.344828185e+00	3.806492744e-01	2.628547794e-01	-2.424456571e-01	5.949729196e-01	2.253879884e+00	-1.342804973e-02	1.342375358e+00	9.820736796e-01	2.090877811e-01	-1.285989438e+05	-1.177913341e+01
0	4.826119705e-01	5.051444229e-01	2.673218281e+00	6.848083942e-01	1.958462480e+00	-7.131693247e-01	1.106994850e+00	2.557613699e+00	1.052385118e+00	1.896391615e+00	9.452863729e-01	5.101440965e-01	-1.690618075e+05	-1.542956981e+01

1	8.314908601e-02	3.375744409e-01	3.327959794e+00	4.072323958e-01	4.335184479e+00	-8.747495631e-02	1.370348142e+00	3.365915247e+00	1.042214072e+00	1.109353332e+00	2.484493671e+00	-9.593714727e-01	-8.890809511e+03	-1.809154808e+01

2	2.281029565e-01	8.189808686e-03	3.125136839e+00	6.581896827e-01	1.728902051e+00	1.065037571e+00	1.078897565e+00	8.816623010e-01	1.425897290e+00	1.334192507e+00	5.938955679e-01	-1.669511388e-01	-2.015194459e+04	-1.294523039e+01

3	2.659484945e-02	1.509525902e-01	6.260260163e-01	4.118604576e-01	8.546108840e-01	-5.312643171e-01	3.866456717e-01	9.091928863e-01	-3.801076699e-01	1.385438519e+00	2.172361350e+00	-2.104533590e+00	-6.564927065e+03	-1.207265423e+01

4	1.021275905e-01	9.674889364e-03	1.538445007e+00	6.702460765e-01	2.745846764e+00	1.207603765e+00	1.410416158e+00	1.894113771e+00	-3.465085560e-01	6.077610775e+00	1.633526388e+00	-1.853516389e-01	-7.240096029e+03	-1.900511708e+01

5	3.384617136e-01	2.545668071e-02	5.502378449e+00	1.426083468e+00	5.293124365e-01	1.214494287e+00	1.529965183e+00	8.486137944e-01	1.856535933e+00	2.402693471e+00	8.881086078e-01	-1.318332309e-01	-3.936909554e+04	-1.667756446e+01

6	1.548786877e-01	8.591248970e-02	7.279236996e-01	2.193078165e-01	1.883302492e-01	6.441257383e-01	3.361240013e+00	1.668478576e+00	1.381429685e+00	2.036159347e+00	1.457619296e+00	6.892429428e-02	-1.588306912e+04	-1.433557568e+01

7	1.713953971e-01	5.042908893e-01	1.229886675e+00	5.721986835e-01	5.080296759e-01	2.168786017e-01	9.962297157e-01	1.177647856e+00	-1.345576802e-01	1.139980863e+00	1.976381705e+00	-7.538804031e-01	-4.634386438e+04	-1.112434049e+01

8	2.619944336e-01	4.317299152e-02	3.356106933e+00	7.601014011e-01	1.170156330e+00	-2.280366498e-01	1.226133170e+00	2.370398283e+00	8.791558222e-01	3.394617335e+00	1.307775498e+00	5.384936091e-01	-3.912207996e+04	-1.592846617e+01

9	7.062014971e-01	2.650879099e-01	8.196927830e-01	1.556774765e-01	1.042298262e+00	5.003974503e-01	1.375970649e+00	1.380898945e+00	-7.239632067e-02	3.022840843e-01	1.785921897e+00	-2.262701844e+00	-2.945565120e+05	-1.320889371e+01

10	3.839664877e-01	5.072392074e-01	1.623004919e+00	9.220153045e-01	4.394378162e+00	-2.834398200e-01	9.256548168e-01	1.032771658e+00	9.126375382e-01	7.469059047e-01	8.404180080e-01	-7.023659822e-01	-1.248091082e+05	-1.364114018e+01

11	3.595774291e+00	2.660943353e-01	8.726037301e-01	2.805635310e-01	1.470371950e+00	1.591990067e-01	1.451686717e+00	9.151268180e-02	-8.299298240e-01	9.125721585e-01	1.215996470e+00	9.351934784e-01	-1.806122765e+06	-1.502385955e+01

12	1.193048844e-01	2.722095717e-01	2.092746503e+00	5.787780597e-01	8.465874225e-01	7.018836087e-01	5.761318034e-01	1.995197730e+00	-2.830886023e-01	5.864854501e-01	1.770611233e+00	-4.364086488e-01	-1.574771260e+04	-1.129163408e+01

13	8.794595931e-02	6.158082280e-01	1.442503182e+00	8.313506962e-01	1.529227010e-01	7.495406344e-01	1.280114065e+00	5.868322862e-01	-7.188822498e-02	1.343931971e+00	2.638981895e+00	-6.816934091e-01	-3.373207475e+04	-1.251118098e+01

14	7.413545258e-01	3.093811244e-01	2.253253902e+00	8.395775415e-01	1.198413398e+00	-4.292086753e-02	7.350661627e-01	2.849993838e+00	-4.336104808e-01	6.517337098e-01	1.562539358e+00	-9.331869929e-01	-3.375959766e+05	-1.350262119e+01

15	6.302217613e-02	9.125388914e-01	1.050855815e+00	4.114211135e-01	6.656327922e+00	-1.267108026e+00	1.235141025e+00	4.280889526e-01	1.631740543e+00	6.991836599e-01	8.881060423e-01	-6.682245915e-01	-1.909814621e+04	-1.545127289e+01

16	4.503690910e-01	4.558116407e-01	1.439947742e+00	5.251329655e-01	7.041119519e-01	-6.445546017e-01	1.352486480e+00	1.756487844e+00	9.104095576e-01	3.378703286e-01	1.811061564e+00	-2.736302885e-01	-1.498003416e+05	-1.188343652e+01

17	7.292122322e-02	1.810402412e+00	3.804400470e-01	7.568306802e-01	3.619460665e-01	7.541923082e-01	1.398219373e-01	1.894302980e-01	-2.665690703e+00	2.875056404e+00	1.554096770e-01	-5.484597046e-01	-3.136621027e+04	-1.503842711e+01

18	3.715647373e-01	5.833974631e-01	2.048321183e+00	7.195682519e-01	1.040166336e+00	3.146368931e-01	8.310510453e-01	7.989709844e-01	1.151135867e-01	2.191031207e+00	1.388384113e+00	-2.056443425e-01	-1.332041548e+05	-1.223775670e+01

19	3.651945800e-01	4.089075583e-01	3.134896230e+00	6.160451714e-01	4.267044623e-01	-3.222321441e-01	1.467857742e+00	2.607781449e+00	1.252152859e+00	3.267626617e+00	1.038887283e+00	1.126589204e+00	-1.127068742e+05	-1.641525627e+01

20	1.947808285e+00	8.806823385e-02	1.754693923e+00	6.769564108e-01	2.102987384e-01	2.079001492e+00	3.706929353e-01	9.408847226e-01	8.354326007e-01	3.865680796e+00	4.786407855e-01	-1.442775470e+00	-2.472336460e+05	-1.670805694e+01

21	3.865551202e-01	4.718943810e-01	7.315964531e-01	6.317343155e-01	2.121951902e+00	-3.871446263e-01	7.901805850e-01	1.466285288e+00	9.725333382e-02	1.082188161e+00	1.434767491e+00	-1.187893672e+00	-1.131215541e+05	-1.256650150e+01

22	3.606719962e-01	1.458364637e+00	8.952810221e-01	7.215452963e-01	8.923230659e-01	-9.124324653e-03	3.204293644e-01	5.620331514e-01	-1.491036113e+00	1.448133206e+00	6.508795294e-01	-4.460794247e-01	-3.490721077e+05	-1.125862821e+01

23	3.056391234e-01	6.720707362e-01	2.730829312e+00	7.687468041e-01	4.776561590e-01	-1.863932169e+00	6.682036027e-01	3.612367453e+00	4.575806693e-01	3.027048538e+00	9.382305706e-01	2.080454588e+00	-1.212343005e+05	-1.865361143e+01

24	3.870243971e-01	3.719810416e-01	3.344828185e+00	3.806492744e-01	2.628547794e-01	-2.424456571e-01	5.949729196e-01	2.253879884e+00	-1.342804973e-02	1.342375358e+00	9.820736796e-01	2.090877811e-01	-1.285989438e+05	-1.177913341e+01
0	3.266519834e-01	1.002026572e+00	1.800409544e+00	7.122256470e-01	1.350704846e+00	-1.545779901e-01	7.388140311e-01	1.656099923e+00	-3.630021243e-01	2.268947131e+00	6.445982073e-01	1.071576092e-01	-1.585664118e+05	-1.286876123e+01

1	8.314908601e-02	3.375744409e-01	3.327959794e+00	4.072323958e-01	4.335184479e+00	-8.747495631e-02	1.370348142e+00	3.365915247e+00	1.042214072e+00	1.109353332e+00	2.484493671e+00	-9.593714727e-01	-8.890809511e+03	-1.809154808e+01

2	2.281029565e-01	8.189808686e-03	3.125136839e+00	6.581896827e-01	1.728902051e+00	1.065037571e+00	1.078897565e+00	8.816623010e-01	1.425897290e+00	1.334192507e+00	5.938955679e-01	-1.669511388e-01	-2.015194459e+04	-1.294523039e+01

3	2.659484945e-02	1.509525902e-01	6.260260163e-01	4.118604576e-01	8.546108840e-01	-5.312643171e-01	3.866456717e-01	9.091928863e-01	-3.801076699e-01	1.385438519e+00	2.172361350e+00	-2.104533590e+00	-6.564927065e+03	-1.207265423e+01

4	1.021275905e-01	9.674889364e-03	1.538445007e+00	6.702460765e-01	2.745846764e+00	1.207603765e+00	1.410416158e+00	1.894113771e+00	-3.465085560e-01	6.077610775e+00	1.633526388e+00	-1.853516389e-01	-7.240096029e+03	-1.900511708e+01

5	3.384617136e-01	2.545668071e-02	5.502378449e+00	1.426083468e+00	5.293124365e-01	1.214494287e+00	1.529965183e+00	8.486137944e-01	1.856535933e+00	2.402693471e+00	8.881086078e-01	-1.318332309e-01	-3.936909554e+04	-1.667756446e+01

6	1.548786877e-01	8.591248970e-02	7.279236996e-01	2.193078165e-01	1.883302492e-01	6.441257383e-01	3.361240013e+00	1.668478576e+00	1.381429685e+00	2.036159347e+00	1.457619296e+00	6.892429428e-02	-1.588306912e+04	-1.433557568e+01

7	1.713953971e-01	5.042908893e-01	1.229886675e+00	5.721986835e-01	5.080296759e-01	2.168786017e-01	9.962297157e-01	1.177647856e+00	-1.345576802e-01	1.139980863e+00	1.976381705e+00	-7.538804031e-01	-4.634386438e+04	-1.112434049e+01

8	2.619944336e-01	4.317299152e-02	3.356106933e+00	7.601014011e-01	1.170156330e+00	-2.280366498e-01	1.226133170e+00	2.370398283e+00	8.791558222e-01	3.394617335e+00	1.307775498e+00	5.384936091e-01	-3.912207996e+04	-1.592846617e+01

9	6.354150615e-01	2.270520253e-01	1.161032807e+00	2.300785569e-01	1.143955621e+00	5.839970813e-01	1.331986526e+00	1.306982839e+00	1.494384167e-01	4.550666446e-01	1.609432559e+00	-1.952408652e+00	-2.364974207e+05	-1.274595915e+01

10	3.839664877e-01	5.072392074e-01	1.623004919e+00	9.220153045e-01	4.394378162e+00	-2.834398200e-01	9.256548168e-01	1.032771658e+00	9.126375382e-01	7.469059047e-01	8.404180080e-01	-7.023659822e-01	-1.248091082e+05	-1.364114018e+01

11	3.595774291e+00	2.660943353e-01	8.726037301e-01	2.805635310e-01	1.470371950e+00	1.591990067e-01	1.451686717e+00	9.151268180e-02	-8.299298240e-01	9.125721585e-01	1.215996470e+00	9.351934784e-01	-1.806122765e+06	-1.502385955e+01

12	1.193048844e-01	2.722095717e-01	2.092746503e+00	5.787780597e-01	8.465874225e-01	7.018836087e-01	5.761318034e-01	1.995197730e+00	-2.830886023e-01	5.864854501e-01	1.770611233e+00	-4.364086488e-01	-1.574771260e+04	-1.129163408e+01

13	8.446287324e-02	6.174868916e-01	1.450795457e+00	8.336790944e-01	1.299552268e-01	7.627993455e-01	1.285828828e+00	5.765740259e-01	-7.386115376e-02	1.346985046e+00	2.653028291e+00	-6.757889048e-01	-3.227442081e+04	-1.268978917e+01

14	7.413545258e-01	3.093811244e-01	2.253253902e+00	8.395775415e-01	1.198413398e+00	-4.292086753e-02	7.350661627e-01	2.849993838e+00	-4.336104808e-01	6.517337098e-01	1.562539358e+00	-9.331869929e-01	-3.375959766e+05	-1.350262119e+01

15	6.302217613e-02	9.125388914e-01	1.050855815e+00	4.114211135e-01	6.656327922e+00	-1.267108026e+00	1.235141025e+00	4.280889526e-01	1.631740543e+00	6.991836599e-01	8.881060423e-01	-6.682245915e-01	-1.909814621e+04	-1.545127289e+01

16	3.964054880e-01	2.482873046e-01	3.398919553e+00	9.595863176e-01	6.198207115e-01	2.519097644e-01	1.438069669e+00	1.318695842e+00	1.366647469e+00	1.333562471e+00	1.365998262e+00	-2.052533835e-01	-1.014899891e+05	-1.367382073e+01

17	7.292122322e-02	1.810402412e+00	3.804400470e-01	7.568306802e-01	3.619460665e-01	7.541923082e-01	1.398219373e-01	1.894302980e-01	-2.665690703e+00	2.875056404e+00	1.554096770e-01	-5.484597046e-01	-3.136621027e+04	-1.503842711e+01

18	3.715647373e-01	5.833974631e-01	2.048321183e+00	7.195682519e-01	1.040166336e+00	3.146368931e-01	8.310510453e-01	7.989709844e-01	1.151135867e-01	2.191031207e+00	1.388384113e+00	-2.056443425e-01	-1.332041548e+05	-1.223775670e+01

19	4.218681335e-02	4.231866612e-01	3.361090323e+00	6.495881219e-01	3.223539325e-01	-3.703677776e-01	1.469474594e+00	2.859369222e+00	1.460328771e+00	3.503095465e+00	1.021179117e+00	1.145725802e+00	-8.525689008e+03	-1.698962501e+01

20	1.947808285e+00	8.806823385e-02	1.754693923e+00	6.769564108e-01	2.102987384e-01	2.079001492e+00	3.706929353e-01	9.408847226e-01	8.354326007e-01	3.865680796e+00	4.786407855e-01	-1.442775470e+00	-2.472336460e+05	-1.670805694e+01

21	3.865551202e-01	4.718943810e-01	7.315964531e-01	6.317343155e-01	2.121951902e+00	-3.871446263e-01	7.901805850e-01	1.466285288e+00	9.725333382e-02	1.082188161e+00	1.434767491e+00	-1.187893672e+00	-1.131215541e+05	-1.256650150e+01

22	3.606719962e-01	1.458364637e+00	8.952810221e-01	7.215452963e-01	8.923230659e-01	-9.124324653e-03	3.204293644e-01	5.620331514e-01	-1.491036113e+00	1.448133206e+00	6.508795294e-01	-4.460794247e-01	-3.490721077e+05	-1.125862821e+01

23	3.056391234e-01	6.720707362e-01	2.730829312e+00	7.687468041e-01	4.776561590e-01	-1.863932169e+00	6.682036027e-01	3.612367453e+00	4.575806693e-01	3.027048538e+00	9.382305706e-01	2.080454588e+00	-1.212343005e+05	-1.865361143e+01

24	3.870243971e-01	3.719810416e-01	3.344828185e+00	3.806492744e-01	2.628547794e-01	-2.424456571e-01	5.949729196e-01	2.253879884e+00	-1.342804973e-02	1.342375358e+00	9.820736796e-01	2.090877811e-01	-1.285989438e+05	-1.177913341e+01
0	2.681396038e-01	8.360636328e-01	1.571399909e+00	6.536531953e-01	1.253964476e+00	-2.280333786e-01	6.701397474e-01	1.510449968e+00	-3.663377763e-01	2.096659305e+00	9.425183261e-01	-3.241313036e-01	-1.013142098e+05	-1.233525909e+01

1	8.314908601e-02	3.375744409e-01	3.327959794e+00	4.072323958e-01	4.335184479e+00	-8.747495631e-02	1.370348142e+00	3.365915247e+00	1.042214072e+00	1.109353332e+00	2.484493671e+00	-9.593714727e-01	-8.890809511e+03	-1.809154808e+01

2	2.281029565e-01	8.189808686e-03	3.125136839e+00	6.581896827e-01	1.728902051e+00	1.065037571e+00	1.078897565e+00	8.816623010e-01	1.425897290e+00	1.334192507e+00	5.938955679e-01	-1.669511388e-01	-2.015194459e+04	-1.294523039e+01

3	2.659484945e-02	1.509525902e-01	6.260260163e-01	4.118604576e-01	8.546108840e-01	-5.312643171e-01	3.866456717e-01	9.091928863e-01	-3.801076699e-01	1.385438519e+00	2.172361350e+00	-2.104533590e+00	-6.564927065e+03	-1.207265423e+01

4	1.021275905e-01	9.674889364e-03	1.538445007e+00	6.702460765e-01	2.745846764e+00	1.207603765e+00	1.410416158e+00	1.894113771e+00	-3.465085560e-01	6.077610775e+00	1.633526388e+00	-1.853516389e-01	-7.240096029e+03	-1.900511708e+01

5	3.384617136e-01	2.545668071e-02	5.502378449e+00	1.426083468e+00	5.293124365e-01	1.214494287e+00	1.529965183e+00	8.486137944e-01	1.856535933e+00	2.402693471e+00	8.881086078e-01	-1.318332309e-01	-3.936909554e+04	-1.667756446e+01

6	1.548786877e-01	8.591248970e-02	7.279236996e-01	2.193078165e-01	1.883302492e-01	6.441257383e-01	3.361240013e+00	1.668478576e+00	1.381429685e+00	2.036159347e+00	1.457619296e+00	6.892429428e-02	-1.588306912e+04	-1.433557568e+01

7	1.510967822e-01	5.307219873e-01	1.281468547e+00	6.332539701e-01	4.197498551e-01	3.443502824e-01	1.063850677e+00	1.037298012e+00	-1.203851317e-01	1.188316031e+00	2.134377675e+00	-7.356461545e-01	-4.495513070e+04	-1.130611155e+01

8	2.619944336e-01	4.317299152e-02	3.356106933e+00	7.601014011e-01	1.170156330e+00	-2.280366498e-01	1.226133170e+00	2.370398283e+00	8.791558222e-01	3.394617335e+00	1.307775498e+00	5.384936091e-01	-3.912207996e+04	-1.592846617e+01

9	6.354150615e-01	2.270520253e-01	1.161032807e+00	2.300785569e-01	1.143955621e+00	5.839970813e-01	1.331986526e+00	1.306982839e+00	1.494384167e-01	4.550666446e-01	1.609432559e+00	-1.952408652e+00	-2.364974207e+05	-1.274595915e+01

10	2.931669735e-01	5.575078675e-01	1.462881200e+00	9.429597907e-01	5.206358465e+00	-3.445470808e-01	9.740765751e-01	5.710805174e-01	1.254670995e+00	7.710857544e-01	6.569528084e-01	-6.437226215e-01	-1.062909939e+05	-1.378028207e+01

11	1.941563088e+00	1.394107861e-01	1.979055380e+00	4.660547350e-01	1.597362784e+00	6.041498799e-01	1.268571463e+00	4.796367658e-01	2.781398516e-01	1.119673456e+00	9.104184668e-01	3.938164283e-01	-1.435979262e+06	-1.245984198e+01

12	1.193048844e-01	2.722095717e-01	2.092746503e+00	5.787780597e-01	8.465874225e-01	7.018836087e-01	5.761318034e-01	1.995197730e+00	-2.830886023e-01	5.864854501e-01	1.770611233e+00	-4.364086488e-01	-1.574771260e+04	-1.129163408e+01

13	1.510614626e-02	6.353414983e-01	1.431066646e+00	8.474086832e-01	7.515226873e-02	7.687243934e-01	1.286473335e+00	5.801943212e-01	-8.700726049e-02	1.355474403e+00	2.718109169e+00	-7.157352278e-01	-3.117819285e+03	-1.345432456e+01

14	7.413545258e-01	3.093811244e-01	2.253253902e+00	8.395775415e-01	1.198413398e+00	-4.292086753e-02	7.350661627e-01	2.849993838e+00	-4.336104808e-01	6.517337098e-01	1.562539358e+00	-9.331869929e-01	-3.375959766e+05	-1.350262119e+01

15	6.302217613e-02	9.125388914e-01	1.050855815e+00	4.114211135e-01	6.656327922e+00	-1.267108026e+00	1.235141025e+00	4.280889526e-01	1.631740543e+00	6.991836599e-01	8.881060423e-01	-6.682245915e-01	-1.909814621e+04	-1.545127289e+01

16	3.964054880e-01	2.482873046e-01	3.398919553e+00	9.595863176e-01	6.198207115e-01	2.519097644e-01	1.438069669e+00	1.318695842e+00	1.366647469e+00	1.333562471e+00	1.365998262e+00	-2.052533835e-01	-1.014899891e+05	-1.367382073e+01

17	6.373385288e-02	1.855342120e+00	2.876500356e-01	7.563602487e-01	3.573779973e-01	8.575521235e-01	1.189621838e-01	5.429762764e-02	-2.788992996e+00	2.869055971e+00	1.245050261e-01	-6.522454863e-01	-2.594193243e+04	-1.730256820e+01

18	3.715647373e-01	5.833974631e-01	2.048321183e+00	7.195682519e-01	1.040166336e+00	3.146368931e-01	8.310510453e-01	7.989709844e-01	1.151135867e-01	2.191031207e+00	1.388384113e+00	-2.056443425e-01	-1.332041548e+05	-1.223775670e+01

19	6.686628362e-02	2.529310861e-01	2.610650922e+00	6.580936402e-01	1.320180824e+00	2.793318700e-01	1.445158411e+00	2.461943724e+00	7.163980076e-01	4.563102977e+00	1.273301412e+00	5.976800856e-01	-7.031222539e+03	-1.691124734e+01

20	1.947808285e+00	8.806823385e-02	1.754693923e+00	6.769564108e-01	2.102987384e-01	2.079001492e+00	3.706929353e-01	9.408847226e-01	8.354326007e-01	3.865680796e+00	4.786407855e-01	-1.442775470e+00	-2.472336460e+05	-1.670805694e+01

21	3.865551202e-01	4.718943810e-01	7.315964531e-01	6.317343155e-01	2.121951902e+00	-3.871446263e-01	7.901805850e-01	1.466285288e+00	9.725333382e-02	1.082188161e+00	1.434767491e+00	-1.187893672e+00	-1.131215541e+05	-1.256650150e+01

22	3.606719962e-01	1.458364637e+00	8.952810221e-01	7.215452963e-01	8.923230659e-01	-9.124324653e-03	3.204293644e-01	5.620331514e-01	-1.491036113e+00	1.448133206e+00	6.508795294e-01	-4.460794247e-01	-3.490721077e+05	-1.125862821e+01

23	3.056391234e-01	6.720707362e-01	2.730829312e+00	7.687468041e-01	4.776561590e-01	-1.863932169e+00	6.682036027e-01	3.612367453e+00	4.575806693e-01	3.027048538e+00	9.382305706e-01	2.080454588e+00	-1.212343005e+05	-1.865361143e+01

24	3.883897820e-01	3.156927453e-01	3.471745452e+00	3.629865848e-01	2.302404270e-01	-2.545346286e-01	6.091977193e-01	2.341538765e+00	6.313058104e-02	1.336895775e+00	9.992336907e-01	2.430336599e-01	-1.187130283e+05	-1.193953229e+01
0	2.681396038e-01	8.360636328e-01	1.571399909e+00	6.536531953e-01	1.253964476e+00	-2.280333786e-01	6.701397474e-01	1.510449968e+00	-3.663377763e-01	2.096659305e+00	9.425183261e-01	-3.241313036e-01	-1.013142098e+05	-1.233525909e+01

1	8.314908601e-02	3.375744409e-01	3.327959794e+00	4.072323958e-01	4.335184479e+00	-8.747495631e-02	1.370348142e+00	3.365915247e+00	1.042214072e+00	1.109353332e+00	2.484493671e+00	-9.593714727e-01	-8.890809511e+03	-1.809154808e+01

2	2.281029565e-01	8.189808686e-03	3.125136839e+00	6.581896827e-01	1.728902051e+00	1.065037571e+00	1.078897565e+00	8.816623010e-01	1.425897290e+00	1.334192507e+00	5.938955679e-01	-1.669511388e-01	-2.015194459e+04	-1.294523039e+01

3	2.659484945e-02	1.509525902e-01	6.260260163e-01	4.118604576e-01	8.546108840e-01	-5.312643171e-01	3.866456717e-01	9.091928863e-01	-3.801076699e-01	1.385438519e+00	2.172361350e+00	-2.104533590e+00	-6.564927065e+03	-1.207265423e+01

4	9.385668639e-02	6.673314530e-02	1.789941990e+00	6.673955969e-01	2.411442078e+00	9.898679946e-01	1.418565313e+00	2.027304157e+00	-9.719283226e-02	5.722367313e+00	1.549031895e+00	-1.683452241e-03	-6.952888511e+03	-1.831682935e+01

5	3.384617136e-01	2.545668071e-02	5.502378449e+00	1.426083468e+00	5.293124365e-01	1.214494287e+00	1.529965183e+00	8.486137944e-01	1.856535933e+00	2.402693471e+00	8.881086078e-01	-1.318332309e-01	-3.936909554e+04	-1.667756446e+01

6	1.484174326e-01	8.918835585e-02	7.227914324e-01	2.290060899e-01	2.218887179e-01	5.849250227e-01	3.211419013e+00	1.630235734e+00	1.292706566e+00	2.003384577e+00	1.493618615e+00	-4.054597174e-02	-1.510829218e+04	-1.390279732e+01

7	1.510967822e-01	5.307219873e-01	1.281468547e+00	6.332539701e-01	4.197498551e-01	3.443502824e-01	1.063850677e+00	1.037298012e+00	-1.203851317e-01	1.188316031e+00	2.134377675e+00	-7.356461545e-01	-4.495513070e+04	-1.130611155e+01

8	2.619944336e-01	4.317299152e-02	3.356106933e+00	7.601014011e-01	1.170156330e+00	-2.280366498e-01	1.226133170e+00	2.370398283e+00	8.791558222e-01	3.394617335e+00	1.307775498e+00	5.384936091e-01	-3.912207996e+04	-1.592846617e+01

9	6.354150615e-01	2.270520253e-01	1.161032807e+00	2.300785569e-01	1.143955621e+00	5.839970813e-01	1.331986526e+00	1.306982839e+00	1.494384167e-01	4.550666446e-01	1.609432559e+00	-1.952408652e+00	-2.364974207e+05	-1.274595915e+01

10	3.626825777e-01	1.642789737e-01	1.818962765e+00	9.994973118e-01	6.675543935e+00	-7.087693528e-01	1.233166428e+00	7.276598061e-01	2.479854808e+00	1.354248402e-01	8.182783797e-01	-6.411402912e-01	-8.349068503e+04	-1.679141291e+01

11	1.561679634e+00	1.103183799e-01	2.233147888e+00	5.086521006e-01	1.626525756e+00	7.063311941e-01	1.226519726e+00	5.687680190e-01	5.326039341e-01	1.167233499e+00	8.402436142e-01	2.694912010e-01	-9.660359141e+05	-1.238759522e+01

12	7.542159423e-02	4.251425533e-01	1.814080085e+00	6.919118251e-01	5.216975698e-01	7.300335998e-01	8.752920820e-01	1.399269159e+00	-2.005089611e-01	9.103450857e-01	2.169649912e+00	-5.540470150e-01	-1.457849639e+04	-1.155550424e+01

13	1.510614626e-02	6.353414983e-01	1.431066646e+00	8.474086832e-01	7.515226873e-02	7.687243934e-01	1.286473335e+00	5.801943212e-01	-8.700726049e-02	1.355474403e+00	2.718109169e+00	-7.157352278e-01	-3.117819285e+03	-1.345432456e+01

14	7.413545258e-01	3.093811244e-01	2.253253902e+00	8.395775415e-01	1.198413398e+00	-4.292086753e-02	7.350661627e-01	2.849993838e+00	-4.336104808e-01	6.517337098e-01	1.562539358e+00	-9.331869929e-01	-3.375959766e+05	-1.350262119e+01

15	6.302217613e-02	9.125388914e-01	1.050855815e+00	4.114211135e-01	6.656327922e+00	-1.267108026e+00	1.235141025e+00	4.280889526e-01	1.631740543e+00	6.991836599e-01	8.881060423e-01	-6.682245915e-01	-1.909814621e+04	-1.545127289e+01

16	3.964054880e-01	2.482873046e-01	3.398919553e+00	9.595863176e-01	6.198207115e-01	2.519097644e-01	1.438069669e+00	1.318695842e+00	1.366647469e+00	1.333562471e+00	1.365998262e+00	-2.052533835e-01	-1.014899891e+05	-1.367382073e+01

17	6.373385288e-02	1.855342120e+00	2.876500356e-01	7.563602487e-01	3.573779973e-01	8.575521235e-01	1.189621838e-01	5.429762764e-02	-2.788992996e+00	2.869055971e+00	1.245050261e-01	-6.522454863e-01	-2.594193243e+04	-1.730256820e+01

18	1.922092227e-01	6.397593298e-01	2.081732053e+00	7.244169117e-01	1.134594212e+00	1.138757093e-01	8.834336646e-01	7.828230918e-01	3.315088008e-02	2.000478396e+00	1.491900783e+00	-6.487530317e-02	-5.840212571e+04	-1.210863823e+01

19	6.686628362e-02	2.529310861e-01	2.610650922e+00	6.580936402e-01	1.320180824e+00	2.793318700e-01	1.445158411e+00	2.461943724e+00	7.163980076e-01	4.563102977e+00	1.273301412e+00	5.976800856e-01	-7.031222539e+03	-1.691124734e+01

20	1.947808285e+00	8.806823385e-02	1.754693923e+00	6.769564108e-01	2.102987384e-01	2.079001492e+00	3.706929353e-01	9.408847226e-01	8.354326007e-01	3.865680796e+00	4.786407855e-01	-1.442775470e+00	-2.472336460e+05	-1.670805694e+01

21	3.865551202e-01	4.718943810e-01	7.315964531e-01	6.317343155e-01	2.121951902e+00	-3.871446263e-01	7.901805850e-01	1.466285288e+00	9.725333382e-02	1.082188161e+00	1.434767491e+00	-1.187893672e+00	-1.131215541e+05	-1.256650150e+01

22	3.557886105e-01	1.143310465e+00	1.908245784e+00	8.764524483e-01	8.125077414e-01	2.599132972e-01	5.863705958e-01	6.250437774e-01	-7.550038117e-01	1.658012838e+00	7.030392028e-01	-3.769859605e-01	-2.756221840e+05	-1.133622024e+01

23	3.056391234e-01	6.720707362e-01	2.730829312e+00	7.687468041e-01	4.776561590e-01	-1.863932169e+00	6.682036027e-01	3.612367453e+00	4.575806693e-01	3.027048538e+00	9.382305706e-01	2.080454588e+00	-1.212343005e+05	-1.865361143e+01

24	3.883897820e-01	3.156927453e-01	3.471745452e+00	3.629865848e-01	2.302404270e-01	-2.545346286e-01	6.091977193e-01	2.341538765e+00	6.313058104e-02	1.336895775e+00	9.992336907e-01	2.430336599e-01	-1.187130283e+05	-1.193953229e+01
0	2.372089571e-01	7.560980255e-01	1.779286436e+00	6.824791735e-01	1.205338360e+00	-8.875488373e-02	7.570261649e-01	1.214047270e+00	-2.036039364e-01	2.057479497e+00	1.166312207e+00	-2.185219858e-01	-8.049075584e+04	-1.221132849e+01

1	8.314908601e-02	3.375744409e-01	3.327959794e+00	4.072323958e-01	4.335184479e+00	-8.747495631e-02	1.370348142e+00	3.365915247e+00	1.042214072e+00	1.109353332e+00	2.484493671e+00	-9.593714727e-01	-8.890809511e+03	-1.809154808e+01

2	2.281029565e-01	8.189808686e-03	3.125136839e+00	6.581896827e-01	1.728902051e+00	1.065037571e+00	1.078897565e+00	8.816623010e-01	1.425897290e+00	1.334192507e+00	5.938955679e-01	-1.669511388e-01	-2.015194459e+04	-1.294523039e+01

3	3.884236336e-02	2.197293518e-01	9.240329548e-01	4.821074715e-01	7.711041816e-01	-2.148851718e-01	5.092158683e-01	1.032121744e+00	-3.350578167e-01	1.266267899e+00	2.171681224e+00	-1.715615468e+00	-6.552701288e+03	-1.155858498e+01

4	7.501899906e-02	6.937275965e-02	1.614473209e+00	6.570090955e-01	2.550512294e+00	1.126318656e+00	1.440124877e+00	1.988864842e+00	-2.065802303e-01	5.983161970e+00	1.576061593e+00	-6.220339348e-02	-5.071145596e+03	-1.873647207e+01

5	3.384617136e-01	2.545668071e-02	5.502378449e+00	1.426083468e+00	5.293124365e-01	1.214494287e+00	1.529965183e+00	8.486137944e-01	1.856535933e+00	2.402693471e+00	8.881086078e-01	-1.318332309e-01	-3.936909554e+04	-1.667756446e+01

6	1.484174326e-01	8.918835585e-02	7.227914324e-01	2.290060899e-01	2.218887179e-01	5.849250227e-01	3.211419013e+00	1.630235734e+00	1.292706566e+00	2.003384577e+00	1.493618615e+00	-4.054597174e-02	-1.510829218e+04	-1.390279732e+01

7	7.416260816e-02	3.004783624e-01	1.045892024e+00	5.418469305e-01	2.721303637e-01	3.760862328e-01	1.243313316e+00	1.192245277e+00	1.181386256e-01	1.011778765e+00	2.672351487e+00	-8.704499033e-01	-1.427942712e+04	-1.150874861e+01

8	2.619944336e-01	4.317299152e-02	3.356106933e+00	7.601014011e-01	1.170156330e+00	-2.280366498e-01	1.226133170e+00	2.370398283e+00	8.791558222e-01	3.394617335e+00	1.307775498e+00	5.384936091e-01	-3.912207996e+04	-1.592846617e+01

9	6.354150615e-01	2.270520253e-01	1.161032807e+00	2.300785569e-01	1.143955621e+00	5.839970813e-01	1.331986526e+00	1.306982839e+00	1.494384167e-01	4.550666446e-01	1.609432559e+00	-1.952408652e+00	-2.364974207e+05	-1.274595915e+01

10	3.626825777e-01	1.642789737e-01	1.818962765e+00	9.994973118e-01	6.675543935e+00	-7.087693528e-01	1.233166428e+00	7.276598061e-01	2.479854808e+00	1.354248402e-01	8.182783797e-01	-6.411402912e-01	-8.349068503e+04	-1.679141291e+01

11	1.476174336e+00	1.212491361e-01	2.164902171e+00	5.105602023e-01	1.548672542e+00	6.873480878e-01	1.227485053e+00	6.046066734e-01	5.087796826e-01	1.158297667e+00	9.455566469e-01	2.039652260e-01	-9.225033057e+05	-1.228875978e+01

12	7.542159423e-02	4.251425533e-01	1.814080085e+00	6.919118251e-01	5.216975698e-01	7.300335998e-01	8.752920820e-01	1.399269159e+00	-2.005089611e-01	9.103450857e-01	2.169649912e+00	-5.540470150e-01	-1.457849639e+04	-1.155550424e+01

13	1.510614626e-02	6.353414983e-01	1.431066646e+00	8.474086832e-01	7.515226873e-02	7.687243934e-01	1.286473335e+00	5.801943212e-01	-8.700726049e-02	1.355474403e+00	2.718109169e+00	-7.157352278e-01	-3.117819285e+03	-1.345432456e+01

14	7.413545258e-01	3.093811244e-01	2.253253902e+00	8.395775415e-01	1.198413398e+00	-4.292086753e-02	7.350661627e-01	2.849993838e+00	-4.336104808e-01	6.517337098e-01	1.562539358e+00	-9.331869929e-01	-3.375959766e+05	-1.350262119e+01

15	6.302217613e-02	9.125388914e-01	1.050855815e+00	4.114211135e-01	6.656327922e+00	-1.267108026e+00	1.235141025e+00	4.280889526e-01	1.631740543e+00	6.991836599e-01	8.881060423e-01	-6.682245915e-01	-1.909814621e+04	-1.545127289e+01

16	3.979850825e-01	2.350042249e-01	3.384568305e+00	1.077153708e+00	6.965923473e-01	3.517109248e-01	1.601409186e+00	1.117131935e+00	1.623521668e+00	1.332905602e+00	1.438273778e+00	-2.935939156e-01	-1.000664279e+05	-1.430919988e+01

17	6.373385288e-02	1.855342120e+00	2.876500356e-01	7.563602487e-01	3.573779973e-01	8.575521235e-01	1.189621838e-01	5.429762764e-02	-2.788992996e+00	2.869055971e+00	1.245050261e-01	-6.522454863e-01	-2.594193243e+04	-1.730256820e+01

18	1.922092227e-01	6.397593298e-01	2.081732053e+00	7.244169117e-01	1.134594212e+00	1.138757093e-01	8.834336646e-01	7.828230918e-01	3.315088008e-02	2.000478396e+00	1.491900783e+00	-6.487530317e-02	-5.840212571e+04	-1.210863823e+01

19	6.686628362e-02	2.529310861e-01	2.610650922e+00	6.580936402e-01	1.320180824e+00	2.793318700e-01	1.445158411e+00	2.461943724e+00	7.163980076e-01	4.563102977e+00	1.273301412e+00	5.976800856e-01	-7.031222539e+03	-1.691124734e+01

20	1.947808285e+00	8.806823385e-02	1.754693923e+00	6.769564108e-01	2.102987384e-01	2.079001492e+00	3.706929353e-01	9.408847226e-01	8.354326007e-01	3.865680796e+00	4.786407855e-01	-1.442775470e+00	-2.472336460e+05	-1.670805694e+01

21	3.865551202e-01	4.718943810e-01	7.315964531e-01	6.317343155e-01	2.121951902e+00	-3.871446263e-01	7.901805850e-01	1.466285288e+00	9.725333382e-02	1.082188161e+00	1.434767491e+00	-1.187893672e+00	-1.131215541e+05	-1.256650150e+01

22	3.557886105e-01	1.143310465e+00	1.908245784e+00	8.764524483e-01	8.125077414e-01	2.599132972e-01	5.863705958e-01	6.250437774e-01	-7.550038117e-01	1.658012838e+00	7.030392028e-01	-3.769859605e-01	-2.756221840e+05	-1.133622024e+01

23	2.292447028e-01	5.379686719e-01	2.692378714e+00	7.333437643e-01	7.472185751e-01	-1.178203363e+00	9.167872039e-01	3.244293956e+00	5.403882475e-01	3.518503048e+00	1.045435154e+00	1.606046782e+00	-6.153774970e+04	-1.733436971e+01

24	3.883897820e-01	3.156927453e-01	3.471745452e+00	3.629865848e-01	2.302404270e-01	-2.545346286e-01	6.091977193e-01	2.341538765e+00	6.313058104e-02	1.336895775e+00	9.992336907e-01	2.430336599e-01	-1.187130283e+05	-1.193953229e+01
0	2.372089571e-01	7.560980255e-01	1.779286436e+00	6.824791735e-01	1.205338360e+00	-8.875488373e-02	7.570261649e-01	1.214047270e+00	-2.036039364e-01	2.057479497e+00	1.166312207e+00	-2.185219858e-01	-8.049075584e+04	-1.221132849e+01

1	8.314908601e-02	3.375744409e-01	3.327959794e+00	4.072323958e-01	4.335184479e+00	-8.747495631e-02	1.370348142e+00	3.365915247e+00	1.042214072e+00	1.109353332e+00	2.484493671e+00	-9.593714727e-01	-8.890809511e+03	-1.809154808e+01

2	2.281029565e-01	8.189808686e-03	3.125136839e+00	6.581896827e-01	1.728902051e+00	1.065037571e+00	1.078897565e+00	8.816623010e-01	1.425897290e+00	1.334192507e+00	5.938955679e-01	-1.669511388e-01	-2.015194459e+04	-1.294523039e+01

3	4.679174933e-02	2.408727820e-01	1.355338661e+00	4.686735987e-01	1.410561317e+00	-1.920255939e-01	6.637177680e-01	1.450844327e+00	-8.795161747e-02	1.238114734e+00	2.227805142e+00	-1.579932324e+00	-5.784719909e+03	-1.274661339e+01

4	7.501899906e-02	6.937275965e-02	1.614473209e+00	6.570090955e-01	2.550512294e+00	1.126318656e+00	1.440124877e+00	1.988864842e+00	-2.065802303e-01	5.983161970e+00	1.576061593e+00	-6.220339348e-02	-5.071145596e+03	-1.873647207e+01

5	3.384617136e-01	2.545668071e-02	5.502378449e+00	1.426083468e+00	5.293124365e-01	1.214494287e+00	1.529965183e+00	8.486137944e-01	1.856535933e+00	2.402693471e+00	8.881086078e-01	-1.318332309e-01	-3.936909554e+04	-1.667756446e+01

6	1.484174326e-01	8.918835585e-02	7.227914324e-01	2.290060899e-01	2.218887179e-01	5.849250227e-01	3.211419013e+00	1.630235734e+00	1.292706566e+00	2.003384577e+00	1.493618615e+00	-4.054597174e-02	-1.510829218e+04	-1.390279732e+01

7	7.416260816e-02	3.004783624e-01	1.045892024e+00	5.418469305e-01	2.721303637e-01	3.760862328e-01	1.243313316e+00	1.192245277e+00	1.181386256e-01	1.011778765e+00	2.672351487e+00	-8.704499033e-01	-1.427942712e+04	-1.150874861e+01

8	2.619944336e-01	4.317299152e-02	3.356106933e+00	7.601014011e-01	1.170156330e+00	-2.280366498e-01	1.226133170e+00	2.370398283e+00	8.791558222e-01	3.394617335e+00	1.307775498e+00	5.384936091e-01	-3.912207996e+04	-1.592846617e+01

9	6.354150615e-01	2.270520253e-01	1.161032807e+00	2.300785569e-01	1.143955621e+00	5.839970813e-01	1.331986526e+00	1.306982839e+00	1.494384167e-01	4.550666446e-01	1.609432559e+00	-1.952408652e+00	-2.364974207e+05	-1.274595915e+01

10	3.626825777e-01	1.642789737e-01	1.818962765e+00	9.994973118e-01	6.675543935e+00	-7.087693528e-01	1.233166428e+00	7.276598061e-01	2.479854808e+00	1.354248402e-01	8.182783797e-01	-6.411402912e-01	-8.349068503e+04	-1.679141291e+01

11	1.768547936e+00	1.099506344e-01	2.255736745e+00	3.821781988e-01	2.024911868e-01	1.053931746e+00	1.225993274e+00	5.722961627e-01	-8.772715441e-03	1.426877122e+00	9.789765666e-01	4.258676697e-01	-3.520096273e+05	-1.217202197e+01

12	7.542159423e-02	4.251425533e-01	1.814080085e+00	6.919118251e-01	5.216975698e-01	7.300335998e-01	8.752920820e-01	1.399269159e+00	-2.005089611e-01	9.103450857e-01	2.169649912e+00	-5.540470150e-01	-1.457849639e+04	-1.155550424e+01

13	1.510614626e-02	6.353414983e-01	1.431066646e+00	8.474086832e-01	7.515226873e-02	7.687243934e-01	1.286473335e+00	5.801943212e-01	-8.700726049e-02	1.355474403e+00	2.718109169e+00	-7.157352278e-01	-3.117819285e+03	-1.345432456e+01

14	7.413545258e-01	3.093811244e-01	2.253253902e+00	8.395775415e-01	1.198413398e+00	-4.292086753e-02	7.350661627e-01	2.849993838e+00	-4.336104808e-01	6.517337098e-01	1.562539358e+00	-9.331869929e-01	-3.375959766e+05	-1.350262119e+01

15	6.302217613e-02	9.125388914e-01	1.050855815e+00	4.114211135e-01	6.656327922e+00	-1.267108026e+00	1.235141025e+00	4.280889526e-01	1.631740543e+00	6.991836599e-01	8.881060423e-01	-6.682245915e-01	-1.909814621e+04	-1.545127289e+01

16	3.979850825e-01	2.350042249e-01	3.384568305e+00	1.077153708e+00	6.965923473e-01	3.517109248e-01	1.601409186e+00	1.117131935e+00	1.623521668e+00	1.332905602e+00	1.438273778e+00	-2.935939156e-01	-1.000664279e+05	-1.430919988e+01

17	6.373385288e-02	1.855342120e+00	2.876500356e-01	7.563602487e-01	3.573779973e-01	8.575521235e-01	1.189621838e-01	5.429762764e-02	-2.788992996e+00	2.869055971e+00	1.245050261e-01	-6.522454863e-01	-2.594193243e+04	-1.730256820e+01

18	1.922092227e-01	6.397593298e-01	2.081732053e+00	7.244169117e-01	1.134594212e+00	1.138757093e-01	8.834336646e-01	7.828230918e-01	3.315088008e-02	2.000478396e+00	1.491900783e+00	-6.487530317e-02	-5.840212571e+04	-1.210863823e+01

19	6.813526298e-02	2.243600254e-01	2.455594736e+00	6.579248296e-01	1.511683306e+00	4.111663193e-01	1.444374936e+00	2.388308462e+00	5.727354031e-01	4.784136763e+00	1.320426376e+00	4.949684773e-01	-6.544320364e+03	-1.708449233e+01

20	1.947808285e+00	8.806823385e-02	1.754693923e+00	6.769564108e-01	2.102987384e-01	2.079001492e+00	3.706929353e-01	9.408847226e-01	8.354326007e-01	3.865680796e+00	4.786407855e-01	-1.442775470e+00	-2.472336460e+05	-1.670805694e+01

21	3.865551202e-01	4.718943810e-01	7.315964531e-01	6.317343155e-01	2.121951902e+00	-3.871446263e-01	7.901805850e-01	1.466285288e+00	9.725333382e-02	1.082188161e+00	1.434767491e+00	-1.187893672e+00	-1.131215541e+05	-1.256650150e+01

22	3.571630343e-01	9.481247163e-01	1.890445771e+00	9.009834302e-01	1.981398749e+00	6.679075763e-02	7.153197968e-01	6.455019409e-01	-1.100824727e-01	1.354460316e+00	7.260139949e-01	-4.296493949e-01	-1.933418702e+05	-1.183567823e+01

23	2.326096746e-01	5.285451459e-01	2.670353333e+00	7.400554957e-01	8.967162163e-01	-1.166365403e+00	9.247655022e-01	3.180830693e+00	5.892967770e-01	3.433190218e+00	1.039706824e+00	1.549378306e+00	-5.948435296e+04	-1.726699006e+01

24	3.883897820e-01	3.156927453e-01	3.471745452e+00	3.629865848e-01	2.302404270e-01	-2.545346286e-01	6.091977193e-01	2.341538765e+00	6.313058104e-02	1.336895775e+00	9.992336907e-01	2.430336599e-01	-1.187130283e+05	-1.193953229e+01
0	2.372089571e-01	7.560980255e-01	1.779286436e+00	6.824791735e-01	1.205338360e+00	-8.875488373e-02	7.570261649e-01	1.214047270e+00	-2.036039364e-01	2.057479497e+00	1.166312207e+00	-2.185219858e-01	-8.049075584e+04	-1.221132849e+01

1	8.314908601e-02	3.375744409e-01	3.327959794e+00	4.072323958e-01	4.335184479e+00	-8.747495631e-02	1.370348142e+00	3.365915247e+00	1.042214072e+00	1.109353332e+00	2.484493671e+00	-9.593714727e-01	-8.890809511e+03	-1.809154808e+01

2	2.281029565e-01	8.189808686e-03	3.125136839e+00	6.581896827e-01	1.728902051e+00	1.065037571e+00	1.078897565e+00	8.816623010e-01	1.425897290e+00	1.334192507e+00	5.938955679e-01	-1.669511388e-01	-2.015194459e+04	-1.294523039e+01

3	4.679174933e-02	2.408727820e-01	1.355338661e+00	4.686735987e-01	1.410561317e+00	-1.920255939e-01	6.637177680e-01	1.450844327e+00	-8.795161747e-02	1.238114734e+00	2.227805142e+00	-1.579932324e+00	-5.784719909e+03	-1.274661339e+01

4	7.501899906e-02	6.937275965e-02	1.614473209e+00	6.570090955e-01	2.550512294e+00	1.126318656e+00	1.440124877e+00	1.988864842e+00	-2.065802303e-01	5.983161970e+00	1.576061593e+00	-6.220339348e-02	-5.071145596e+03	-1.873647207e+01

5	3.384617136e-01	2.545668071e-02	5.502378449e+00	1.426083468e+00	5.293124365e-01	1.214494287e+00	1.529965183e+00	8.486137944e-01	1.856535933e+00	2.402693471e+00	8.881086078e-01	-1.318332309e-01	-3.936909554e+04	-1.667756446e+01

6	1.619254291e-01	2.701949494e-02	5.208467240e-01	1.433446442e-01	1.664086109e-01	5.580724487e-01	3.643723033e+00	1.672976467e+00	1.569028485e+00	2.205653281e+00	1.368517943e+00	5.447821661e-02	-1.161522387e+04	-1.477727639e+01

7	7.416260816e-02	3.004783624e-01	1.045892024e+00	5.418469305e-01	2.721303637e-01	3.760862328e-01	1.243313316e+00	1.192245277e+00	1.181386256e-01	1.011778765e+00	2.672351487e+00	-8.704499033e-01	-1.427942712e+04	-1.150874861e+01

8	2.619944336e-01	4.317299152e-02	3.356106933e+00	7.601014011e-01	1.170156330e+00	-2.280366498e-01	1.226133170e+00	2.370398283e+00	8.791558222e-01	3.394617335e+00	1.307775498e+00	5.384936091e-01	-3.912207996e+04	-1.592846617e+01

9	6.354150615e-01	2.270520253e-01	1.161032807e+00	2.300785569e-01	1.143955621e+00	5.839970813e-01	1.331986526e+00	1.306982839e+00	1.494384167e-01	4.550666446e-01	1.609432559e+00	-1.952408652e+00	-2.364974207e+05	-1.274595915e+01

10	3.626825777e-01	1.642789737e-01	1.818962765e+00	9.994973118e-01	6.675543935e+00	-7.087693528e-01	1.233166428e+00	7.276598061e-01	2.479854808e+00	1.354248402e-01	8.182783797e-01	-6.411402912e-01	-8.349068503e+04	-1.679141291e+01

11	1.768547936e+00	1.099506344e-01	2.255736745e+00	3.821781988e-01	2.024911868e-01	1.053931746e+00	1.225993274e+00	5.722961627e-01	-8.772715441e-03	1.426877122e+00	9.789765666e-01	4.258676697e-01	-3.520096273e+05	-1.217202197e+01

12	7.542159423e-02	4.251425533e-01	1.814080085e+00	6.919118251e-01	5.216975698e-01	7.300335998e-01	8.752920820e-01	1.399269159e+00	-2.005089611e-01	9.103450857e-01	2.169649912e+00	-5.540470150e-01	-1.457849639e+04	-1.155550424e+01

13	1.510614626e-02	6.353414983e-01	1.431066646e+00	8.474086832e-01	7.515226873e-02	7.687243934e-01	1.286473335e+00	5.801943212e-01	-8.700726049e-02	1.355474403e+00	2.718109169e+00	-7.157352278e-01	-3.117819285e+03	-1.345432456e+01

14	5.893421971e-01	2.201757600e-01	2.511483907e+00	7.858549764e-01	1.355530921e+00	2.852288205e-01	8.369004586e-01	2.267023072e+00	1.171293969e-01	8.538610041e-01	1.275651198e+00	-7.062470214e-01	-2.104846295e+05	-1.286121925e+01

15	6.302217613e-02	9.125388914e-01	1.050855815e+00	4.114211135e-01	6.656327922e+00	-1.267108026e+00	1.235141025e+00	4.280889526e-01	1.631740543e+00	6.991836599e-01	8.881060423e-01	-6.682245915e-01	-1.909814621e+04	-1.545127289e+01

16	3.979850825e-01	2.350042249e-01	3.384568305e+00	1.077153708e+00	6.965923473e-01	3.517109248e-01	1.601409186e+00	1.117131935e+00	1.623521668e+00	1.332905602e+00	1.438273778e+00	-2.935939156e-01	-1.000664279e+05	-1.430919988e+01

17	4.305911576e-02	1.336642105e+00	7.737893064e-01	7.950707407e-01	2.373858539e-01	8.197857945e-01	6.153455794e-01	2.778898274e-01	-1.640206663e+00	2.225535986e+00	1.227211437e+00	-6.792390216e-01	-1.281516783e+04	-1.281346260e+01

18	1.922092227e-01	6.397593298e-01	2.081732053e+00	7.244169117e-01	1.134594212e+00	1.138757093e-01	8.834336646e-01	7.828230918e-01	3.315088008e-02	2.000478396e+00	1.491900783e+00	-6.487530317e-02	-5.840212571e+04	-1.210863823e+01

19	6.750278568e-02	2.231902983e-01	2.454768894e+00	6.576090006e-01	1.514048128e+00	4.172326308e-01	1.446373065e+00	2.385260861e+00	5.726717172e-01	4.789331753e+00	1.321505867e+00	4.909138023e-01	-6.459266041e+03	-1.709044823e+01

20	2.004797638e+00	7.015952152e-02	1.744077780e+00	6.754157725e-01	1.802947346e-01	2.142792393e+00	3.540486098e-01	9.460156379e-01	8.614758569e-01	3.926228036e+00	4.457488611e-01	-1.487504156e+00	-1.438613055e+05	-1.709267346e+01

21	3.653493431e-01	4.574755443e-01	7.705263065e-01	6.215571466e-01	2.077551618e+00	-3.749665899e-01	7.822876144e-01	1.465321565e+00	8.569406859e-02	1.091920064e+00	1.484263643e+00	-1.212362125e+00	-1.017821511e+05	-1.257707094e+01

22	3.571630343e-01	9.481247163e-01	1.890445771e+00	9.009834302e-01	1.981398749e+00	6.679075763e-02	7.153197968e-01	6.455019409e-01	-1.100824727e-01	1.354460316e+00	7.260139949e-01	-4.296493949e-01	-1.933418702e+05	-1.183567823e+01

23	2.326096746e-01	5.285451459e-01	2.670353333e+00	7.400554957e-01	8.967162163e-01	-1.166365403e+00	9.247655022e-01	3.180830693e+00	5.892967770e-01	3.433190218e+00	1.039706824e+00	1.549378306e+00	-5.948435296e+04	-1.726699006e+01

24	4.564710463e-01	1.144145793e-01	4.003642220e+00	2.778020400e-01	2.288317201e-01	-4.663347950e-01	6.079856807e-01	2.748383110e+00	3.989401813e-01	1.161702098e+00	9.542883246e-01	4.248579121e-01	-9.906411447e+04	-1.232551395e+01
0	1.635501470e-01	5.567941978e-01	1.615291338e+00	5.997730755e-01	1.284724457e+00	-1.287029416e-01	7.209318141e-01	1.305647129e+00	-1.588663189e-01	1.740525824e+00	1.576927967e+00	-7.451543569e-01	-3.738768565e+04	-1.222121808e+01

1	8.314908601e-02	3.375744409e-01	3.327959794e+00	4.072323958e-01	4.335184479e+00	-8.747495631e-02	1.370348142e+00	3.365915247e+00	1.042214072e+00	1.109353332e+00	2.484493671e+00	-9.593714727e-01	-8.890809511e+03	-1.809154808e+01

2	2.281029565e-01	8.189808686e-03	3.125136839e+00	6.581896827e-01	1.728902051e+00	1.065037571e+00	1.078897565e+00	8.816623010e-01	1.425897290e+00	1.334192507e+00	5.938955679e-01	-1.669511388e-01	-2.015194459e+04	-1.294523039e+01

3	4.679174933e-02	2.408727820e-01	1.355338661e+00	4.686735987e-01	1.410561317e+00	-1.920255939e-01	6.637177680e-01	1.450844327e+00	-8.795161747e-02	1.238114734e+00	2.227805142e+00	-1.579932324e+00	-5.784719909e+03	-1.274661339e+01

4	6.264966284e-02	7.540087254e-02	1.770128363e+00	7.301186261e-01	2.889840236e+00	1.207196773e+00	1.126488170e+00	2.033825030e+00	-4.593014752e-01	6.520812349e+00	1.605601147e+00	-7.881061191e-02	-4.099321831e+03	-1.960919889e+01

5	3.384617136e-01	2.545668071e-02	5.502378449e+00	1.426083468e+00	5.293124365e-01	1.214494287e+00	1.529965183e+00	8.486137944e-01	1.856535933e+00	2.402693471e+00	8.881086078e-01	-1.318332309e-01	-3.936909554e+04	-1.667756446e+01

6	1.619254291e-01	2.701949494e-02	5.208467240e-01	1.433446442e-01	1.664086109e-01	5.580724487e-01	3.643723033e+00	1.672976467e+00	1.569028485e+00	2.205653281e+00	1.368517943e+00	5.447821661e-02	-1.161522387e+04	-1.477727639e+01

7	7.582696108e-02	2.450330728e-01	1.060452285e+00	5.282968834e-01	2.739895481e-01	3.523437974e-01	1.276915971e+00	1.241172585e+00	2.122279667e-01	9.468304192e-01	2.749681165e+00	-8.806816285e-01	-1.242730921e+04	-1.153714757e+01

8	2.619944336e-01	4.317299152e-02	3.356106933e+00	7.601014011e-01	1.170156330e+00	-2.280366498e-01	1.226133170e+00	2.370398283e+00	8.791558222e-01	3.394617335e+00	1.307775498e+00	5.384936091e-01	-3.912207996e+04	-1.592846617e+01

9	6.354150615e-01	2.270520253e-01	1.161032807e+00	2.300785569e-01	1.143955621e+00	5.839970813e-01	1.331986526e+00	1.306982839e+00	1.494384167e-01	4.550666446e-01	1.609432559e+00	-1.952408652e+00	-2.364974207e+05	-1.274595915e+01

10	3.626825777e-01	1.642789737e-01	1.818962765e+00	9.994973118e-01	6.675543935e+00	-7.087693528e-01	1.233166428e+00	7.276598061e-01	2.479854808e+00	1.354248402e-01	8.182783797e-01	-6.411402912e-01	-8.349068503e+04	-1.679141291e+01

11	1.915281399e+00	9.623486467e-02	2.223913065e+00	3.319470223e-01	5.901366819e-02	1.149584640e+00	1.274409707e+00	3.614142613e-01	-2.443923770e-02	1.498179896e+00	9.420601112e-01	5.667413984e-01	-4.593567994e+04	-1.389403274e+01

12	8.462957469e-02	1.657968402e-01	2.110070306e+00	6.625603872e-01	6.025917672e-01	7.044967283e-01	9.492537323e-01	1.718331216e+00	2.091230856e-01	5.361385145e-01	2.437798567e+00	-5.184265803e-01	-8.244659568e+03	-1.167623342e+01

13	1.510614626e-02	6.353414983e-01	1.431066646e+00	8.474086832e-01	7.515226873e-02	7.687243934e-01	1.286473335e+00	5.801943212e-01	-8.700726049e-02	1.355474403e+00	2.718109169e+00	-7.157352278e-01	-3.117819285e+03	-1.345432456e+01

14	5.893421971e-01	2.201757600e-01	2.511483907e+00	7.858549764e-01	1.355530921e+00	2.852288205e-01	8.369004586e-01	2.267023072e+00	1.171293969e-01	8.538610041e-01	1.275651198e+00	-7.062470214e-01	-2.104846295e+05	-1.286121925e+01

15	6.302217613e-02	9.125388914e-01	1.050855815e+00	4.114211135e-01	6.656327922e+00	-1.267108026e+00	1.235141025e+00	4.280889526e-01	1.631740543e+00	6.991836599e-01	8.881060423e-01	-6.682245915e-01	-1.909814621e+04	-1.545127289e+01

16	3.979850825e-01	2.350042249e-01	3.384568305e+00	1.077153708e+00	6.965923473e-01	3.517109248e-01	1.601409186e+00	1.117131935e+00	1.623521668e+00	1.332905602e+00	1.438273778e+00	-2.935939156e-01	-1.000664279e+05	-1.430919988e+01

17	4.305911576e-02	1.336642105e+00	7.737893064e-01	7.950707407e-01	2.373858539e-01	8.197857945e-01	6.153455794e-01	2.778898274e-01	-1.640206663e+00	2.225535986e+00	1.227211437e+00	-6.792390216e-01	-1.281516783e+04	-1.281346260e+01

18	1.922092227e-01	6.397593298e-01	2.081732053e+00	7.244169117e-01	1.134594212e+00	1.138757093e-01	8.834336646e-01	7.828230918e-01	3.315088008e-02	2.000478396e+00	1.491900783e+00	-6.487530317e-02	-5.840212571e+04	-1.210863823e+01

19	6.750278568e-02	2.231902983e-01	2.454768894e+00	6.576090006e-01	1.514048128e+00	4.172326308e-01	1.446373065e+00	2.385260861e+00	5.726717172e-01	4.789331753e+00	1.321505867e+00	4.909138023e-01	-6.459266041e+03	-1.709044823e+01

20	2.004797638e+00	7.015952152e-02	1.744077780e+00	6.754157725e-01	1.802947346e-01	2.142792393e+00	3.540486098e-01	9.460156379e-01	8.614758569e-01	3.926228036e+00	4.457488611e-01	-1.487504156e+00	-1.438613055e+05	-1.709267346e+01

21	3.317769511e-01	4.150996798e-01	8.813920731e-01	6.335976897e-01	2.167642470e+00	-1.994890056e-01	8.204628645e-01	1.528374229e+00	2.524866599e-02	1.694037978e+00	1.497721174e+00	-1.086640038e+00	-8.356375696e+04	-1.316360323e+01

22	3.571630343e-01	9.481247163e-01	1.890445771e+00	9.009834302e-01	1.981398749e+00	6.679075763e-02	7.153197968e-01	6.455019409e-01	-1.100824727e-01	1.354460316e+00	7.260139949e-01	-4.296493949e-01	-1.933418702e+05	-1.183567823e+01

23	1.677924666e-01	5.603710268e-01	2.301039311e+00	7.720473164e-01	6.518857913e-01	-5.896983540e-01	1.032556360e+00	2.405827226e+00	3.877545776e-01	2.814019857e+00	1.539879648e+00	8.743624283e-01	-4.152572520e+04	-1.481284240e+01

24	4.564710463e-01	1.144145793e-01	4.003642220e+00	2.778020400e-01	2.288317201e-01	-4.663347950e-01	6.079856807e-01	2.748383110e+00	3.989401813e-01	1.161702098e+00	9.542883246e-01	4.248579121e-01	-9.906411447e+04	-1.232551395e+01
0	1.432214650e-01	5.728654447e-01	1.572504222e+00	5.908889270e-01	1.281343928e+00	-1.484653753e-01	7.153950980e-01	1.259747949e+00	-1.720432421e-01	1.782858054e+00	1.591311889e+00	-7.470119183e-01	-3.276936389e+04	-1.219241368e+01

1	8.314908601e-02	3.375744409e-01	3.327959794e+00	4.072323958e-01	4.335184479e+00	-8.747495631e-02	1.370348142e+00	3.365915247e+00	1.042214072e+00	1.109353332e+00	2.484493671e+00	-9.593714727e-01	-8.890809511e+03	-1.809154808e+01

2	2.281029565e-01	8.189808686e-03	3.125136839e+00	6.581896827e-01	1.728902051e+00	1.065037571e+00	1.078897565e+00	8.816623010e-01	1.425897290e+00	1.334192507e+00	5.938955679e-01	-1.669511388e-01	-2.015194459e+04	-1.294523039e+01

3	4.679174933e-02	2.408727820e-01	1.355338661e+00	4.686735987e-01	1.410561317e+00	-1.920255939e-01	6.637177680e-01	1.450844327e+00	-8.795161747e-02	1.238114734e+00	2.227805142e+00	-1.579932324e+00	-5.784719909e+03	-1.274661339e+01

4	6.264966284e-02	7.540087254e-02	1.770128363e+00	7.301186261e-01	2.889840236e+00	1.207196773e+00	1.126488170e+00	2.033825030e+00	-4.593014752e-01	6.520812349e+00	1.605601147e+00	-7.881061191e-02	-4.099321831e+03	-1.960919889e+01

5	3.384617136e-01	2.545668071e-02	5.502378449e+00	1.426083468e+00	5.293124365e-01	1.214494287e+00	1.529965183e+00	8.486137944e-01	1.856535933e+00	2.402693471e+00	8.881086078e-01	-1.318332309e-01	-3.936909554e+04	-1.667756446e+01

6	1.619254291e-01	2.701949494e-02	5.208467240e-01	1.433446442e-01	1.664086109e-01	5.580724487e-01	3.643723033e+00	1.672976467e+00	1.569028485e+00	2.205653281e+00	1.368517943e+00	5.447821661e-02	-1.161522387e+04	-1.477727639e+01

7	7.582696108e-02	2.450330728e-01	1.060452285e+00	5.282968834e-01	2.739895481e-01	3.523437974e-01	1.276915971e+00	1.241172585e+00	2.122279667e-01	9.468304192e-01	2.749681165e+00	-8.806816285e-01	-1.242730921e+04	-1.153714757e+01

8	2.490832885e-01	5.503404568e-02	3.236070282e+00	7.426171087e-01	1.184579495e+00	-2.258761565e-01	1.192390901e+00	2.315229387e+00	8.211339412e-01	3.265237359e+00	1.362972934e+00	4.113980535e-01	-3.637621631e+04	-1.559313471e+01

9	5.476296144e-01	1.838248922e-01	1.677060978e+00	3.546787768e-01	1.150115005e+00	3.931004386e-01	1.307102030e+00	1.556975456e+00	3.209837571e-01	1.146109807e+00	1.538517623e+00	-1.366835835e+00	-1.760998572e+05	-1.284867955e+01

10	3.363823438e-01	1.716828786e-01	1.749419057e+00	9.562955030e-01	6.088620171e+00	-6.114816496e-01	1.237177586e+00	7.747410046e-01	2.271948415e+00	2.098182121e-01	9.953582142e-01	-6.631025358e-01	-7.361489872e+04	-1.618280576e+01

11	1.915281399e+00	9.623486467e-02	2.223913065e+00	3.319470223e-01	5.901366819e-02	1.149584640e+00	1.274409707e+00	3.614142613e-01	-2.443923770e-02	1.498179896e+00	9.420601112e-01	5.667413984e-01	-4.593567994e+04	-1.389403274e+01

12	8.462957469e-02	1.657968402e-01	2.110070306e+00	6.625603872e-01	6.025917672e-01	7.044967283e-01	9.492537323e-01	1.718331216e+00	2.091230856e-01	5.361385145e-01	2.437798567e+00	-5.184265803e-01	-8.244659568e+03	-1.167623342e+01

13	1.510614626e-02	6.353414983e-01	1.431066646e+00	8.474086832e-01	7.515226873e-02	7.687243934e-01	1.286473335e+00	5.801943212e-01	-8.700726049e-02	1.355474403e+00	2.718109169e+00	-7.157352278e-01	-3.117819285e+03	-1.345432456e+01

14	5.893421971e-01	2.201757600e-01	2.511483907e+00	7.858549764e-01	1.355530921e+00	2.852288205e-01	8.369004586e-01	2.267023072e+00	1.171293969e-01	8.538610041e-01	1.275651198e+00	-7.062470214e-01	-2.104846295e+05	-1.286121925e+01

15	6.314715899e-02	8.933100881e-01	1.090016797e+00	4.182883190e-01	6.512888322e+00	-1.220124750e+00	1.241033167e+00	4.826826284e-01	1.602198702e+00	8.132749249e-01	9.001953685e-01	-6.358913941e-01	-1.870074550e+04	-1.542830164e+01

16	3.979850825e-01	2.350042249e-01	3.384568305e+00	1.077153708e+00	6.965923473e-01	3.517109248e-01	1.601409186e+00	1.117131935e+00	1.623521668e+00	1.332905602e+00	1.438273778e+00	-2.935939156e-01	-1.000664279e+05	-1.430919988e+01

17	4.305911576e-02	1.336642105e+00	7.737893064e-01	7.950707407e-01	2.373858539e-01	8.197857945e-01	6.153455794e-01	2.778898274e-01	-1.640206663e+00	2.225535986e+00	1.227211437e+00	-6.792390216e-01	-1.281516783e+04	-1.281346260e+01

18	1.922092227e-01	6.397593298e-01	2.081732053e+00	7.244169117e-01	1.134594212e+00	1.138757093e-01	8.834336646e-01	7.828230918e-01	3.315088008e-02	2.000478396e+00	1.491900783e+00	-6.487530317e-02	-5.840212571e+04	-1.210863823e+01

19	6.750278568e-02	2.231902983e-01	2.454768894e+00	6.576090006e-01	1.514048128e+00	4.172326308e-01	1.446373065e+00	2.385260861e+00	5.726717172e-01	4.789331753e+00	1.321505867e+00	4.909138023e-01	-6.459266041e+03	-1.709044823e+01

20	2.004797638e+00	7.015952152e-02	1.744077780e+00	6.754157725e-01	1.802947346e-01	2.142792393e+00	3.540486098e-01	9.460156379e-01	8.614758569e-01	3.926228036e+00	4.457488611e-01	-1.487504156e+00	-1.438613055e+05	-1.709267346e+01

21	3.037345433e-01	4.385629691e-01	9.841758696e-01	6.272459438e-01	2.035830101e+00	-1.919006534e-01	8.048369433e-01	1.488423508e+00	-4.093042694e-03	1.707247505e+00	1.511640202e+00	-1.036129759e+00	-7.383148291e+04	-1.301894723e+01

22	3.550788269e-01	8.702511823e-01	1.876301443e+00	9.065309759e-01	2.393334108e+00	-1.236835406e-03	7.676597254e-01	6.584640227e-01	1.288242351e-01	1.239657995e+00	7.530279774e-01	-4.530636678e-01	-1.735053919e+05	-1.207396481e+01

23	1.677924666e-01	5.603710268e-01	2.301039311e+00	7.720473164e-01	6.518857913e-01	-5.896983540e-01	1.032556360e+00	2.405827226e+00	3.877545776e-01	2.814019857e+00	1.539879648e+00	8.743624283e-01	-4.152572520e+04	-1.481284240e+01

24	4.564710463e-01	1.144145793e-01	4.003642220e+00	2.778020400e-01	2.288317201e-01	-4.663347950e-01	6.079856807e-01	2.748383110e+00	3.989401813e-01	1.161702098e+00	9.542883246e-01	4.248579121e-01	-9.906411447e+04	-1.232551395e+01
0	1.432214650e-01	5.728654447e-01	1.572504222e+00	5.908889270e-01	1.281343928e+00	-1.484653753e-01	7.153950980e-01	1.259747949e+00	-1.720432421e-01	1.782858054e+00	1.591311889e+00	-7.470119183e-01	-3.276936389e+04	-1.219241368e+01

1	3.149941130e-02	1.352734164e-01	4.837284226e+00	2.493262123e-01	6.960848283e+00	-3.503595929e-02	1.933470700e+00	5.176778371e+00	2.086221257e+00	5.302802143e-01	3.252443089e+00	-1.141956250e+00	-2.765302859e+03	-2.320991917e+01

2	2.281029565e-01	8.189808686e-03	3.125136839e+00	6.581896827e-01	1.728902051e+00	1.065037571e+00	1.078897565e+00	8.816623010e-01	1.425897290e+00	1.334192507e+00	5.938955679e-01	-1.669511388e-01	-2.015194459e+04	-1.294523039e+01

3	4.679174933e-02	2.408727820e-01	1.355338661e+00	4.686735987e-01	1.410561317e+00	-1.920255939e-01	6.637177680e-01	1.450844327e+00	-8.795161747e-02	1.238114734e+00	2.227805142e+00	-1.579932324e+00	-5.784719909e+03	-1.274661339e+01

4	6.264966284e-02	7.540087254e-02	1.770128363e+00	7.301186261e-01	2.889840236e+00	1.207196773e+00	1.126488170e+00	2.033825030e+00	-4.593014752e-01	6.520812349e+00	1.605601147e+00	-7.881061191e-02	-4.099321831e+03	-1.960919889e+01

5	3.384617136e-01	2.545668071e-02	5.502378449e+00	1.426083468e+00	5.293124365e-01	1.214494287e+00	1.529965183e+00	8.486137944e-01	1.856535933e+00	2.402693471e+00	8.881086078e-01	-1.318332309e-01	-3.936909554e+04	-1.667756446e+01

6	1.619254291e-01	2.701949494e-02	5.208467240e-01	1.433446442e-01	1.664086109e-01	5.580724487e-01	3.643723033e+00	1.672976467e+00	1.569028485e+00	2.205653281e+00	1.368517943e+00	5.447821661e-02	-1.161522387e+04	-1.477727639e+01

7	7.704045702e-02	2.603699560e-01	1.436246359e+00	5.082328629e-01	9.470514832e-01	2.794526246e-01	1.292400487e+00	1.593306238e+00	3.497815842e-01	9.737653455e-01	2.705731635e+00	-8.937228983e-01	-8.793603614e+03	-1.252065910e+01

8	2.490832885e-01	5.503404568e-02	3.236070282e+00	7.426171087e-01	1.184579495e+00	-2.258761565e-01	1.192390901e+00	2.315229387e+00	8.211339412e-01	3.265237359e+00	1.362972934e+00	4.113980535e-01	-3.637621631e+04	-1.559313471e+01

9	5.476296144e-01	1.838248922e-01	1.677060978e+00	3.546787768e-01	1.150115005e+00	3.931004386e-01	1.307102030e+00	1.556975456e+00	3.209837571e-01	1.146109807e+00	1.538517623e+00	-1.366835835e+00	-1.760998572e+05	-1.284867955e+01

10	3.363823438e-01	1.716828786e-01	1.749419057e+00	9.562955030e-01	6.088620171e+00	-6.114816496e-01	1.237177586e+00	7.747410046e-01	2.271948415e+00	2.098182121e-01	9.953582142e-01	-6.631025358e-01	-7.361489872e+04	-1.618280576e+01

11	1.915281399e+00	9.623486467e-02	2.223913065e+00	3.319470223e-01	5.901366819e-02	1.149584640e+00	1.274409707e+00	3.614142613e-01	-2.443923770e-02	1.498179896e+00	9.420601112e-01	5.667413984e-01	-4.593567994e+04	-1.389403274e+01

12	8.462957469e-02	1.657968402e-01	2.110070306e+00	6.625603872e-01	6.025917672e-01	7.044967283e-01	9.492537323e-01	1.718331216e+00	2.091230856e-01	5.361385145e-01	2.437798567e+00	-5.184265803e-01	-8.244659568e+03	-1.167623342e+01

13	1.510614626e-02	6.353414983e-01	1.431066646e+00	8.474086832e-01	7.515226873e-02	7.687243934e-01	1.286473335e+00	5.801943212e-01	-8.700726049e-02	1.355474403e+00	2.718109169e+00	-7.157352278e-01	-3.117819285e+03	-1.345432456e+01

14	5.893421971e-01	2.201757600e-01	2.511483907e+00	7.858549764e-01	1.355530921e+00	2.852288205e-01	8.369004586e-01	2.267023072e+00	1.171293969e-01	8.538610041e-01	1.275651198e+00	-7.062470214e-01	-2.104846295e+05	-1.286121925e+01

15	6.314715899e-02	8.933100881e-01	1.090016797e+00	4.182883190e-01	6.512888322e+00	-1.220124750e+00	1.241033167e+00	4.826826284e-01	1.602198702e+00	8.132749249e-01	9.001953685e-01	-6.358913941e-01	-1.870074550e+04	-1.542830164e+01

16	3.979850825e-01	2.350042249e-01	3.384568305e+00	1.077153708e+00	6.965923473e-01	3.517109248e-01	1.601409186e+00	1.117131935e+00	1.623521668e+00	1.332905602e+00	1.438273778e+00	-2.935939156e-01	-1.000664279e+05	-1.430919988e+01

17	4.305911576e-02	1.336642105e+00	7.737893064e-01	7.950707407e-01	2.373858539e-01	8.197857945e-01	6.153455794e-01	2.778898274e-01	-1.640206663e+00	2.225535986e+00	1.227211437e+00	-6.792390216e-01	-1.281516783e+04	-1.281346260e+01

18	1.922092227e-01	6.397593298e-01	2.081732053e+00	7.244169117e-01	1.134594212e+00	1.138757093e-01	8.834336646e-01	7.828230918e-01	3.315088008e-02	2.000478396e+00	1.491900783e+00	-6.487530317e-02	-5.840212571e+04	-1.210863823e+01

19	6.750278568e-02	2.231902983e-01	2.454768894e+00	6.576090006e-01	1.514048128e+00	4.172326308e-01	1.446373065e+00	2.385260861e+00	5.726717172e-01	4.789331753e+00	1.321505867e+00	4.909138023e-01	-6.459266041e+03	-1.709044823e+01

20	2.004797638e+00	7.015952152e-02	1.744077780e+00	6.754157725e-01	1.802947346e-01	2.142792393e+00	3.540486098e-01	9.460156379e-01	8.614758569e-01	3.926228036e+00	4.457488611e-01	-1.487504156e+00	-1.438613055e+05	-1.709267346e+01

21	3.037345433e-01	4.385629691e-01	9.841758696e-01	6.272459438e-01	2.035830101e+00	-1.919006534e-01	8.048369433e-01	1.488423508e+00	-4.093042694e-03	1.707247505e+00	1.511640202e+00	-1.036129759e+00	-7.383148291e+04	-1.301894723e+01

22	3.550788269e-01	8.702511823e-01	1.876301443e+00	9.065309759e-01	2.393334108e+00	-1.236835406e-03	7.676597254e-01	6.584640227e-01	1.288242351e-01	1.239657995e+00	7.530279774e-01	-4.530636678e-01	-1.735053919e+05	-1.207396481e+01

23	1.859518151e-01	4.473573301e-01	2.523384537e+00	7.686954432e-01	7.122309097e-01	-7.948985970e-01	1.093296137e+00	2.715623736e+00	6.829960245e-01	2.899694487e+00	1.585399559e+00	1.100544039e+00	-3.909010646e+04	-1.584093635e+01

24	4.564710463e-01	1.144145793e-01	4.003642220e+00	2.778020400e-01	2.288317201e-01	-4.663347950e-01	6.079856807e-01	2.748383110e+00	3.989401813e-01	1.161702098e+00	9.542883246e-01	4.248579121e-01	-9.906411447e+04	-1.232551395e+01
0	7.284920362e-02	4.740833837e-01	1.471592471e+00	4.860427015e-01	9.119762422e-01	-1.973700024e-01	6.980344551e-01	1.459475300e+00	-2.719818260e-01	1.963291796e+00	1.869763079e+00	-8.446521556e-01	-1.411986197e+04	-1.220775025e+01

1	3.149941130e-02	1.352734164e-01	4.837284226e+00	2.493262123e-01	6.960848283e+00	-3.503595929e-02	1.933470700e+00	5.176778371e+00	2.086221257e+00	5.302802143e-01	3.252443089e+00	-1.141956250e+00	-2.765302859e+03	-2.320991917e+01

2	1.804601422e-01	6.052594548e-02	2.788066466e+00	6.596410506e-01	1.354891269e+00	9.453137573e-01	1.035847091e+00	1.159492664e+00	1.021846401e+00	1.069184896e+00	1.206195404e+00	-2.836646294e-01	-1.968110069e+04	-1.238518034e+01

3	4.679174933e-02	2.408727820e-01	1.355338661e+00	4.686735987e-01	1.410561317e+00	-1.920255939e-01	6.637177680e-01	1.450844327e+00	-8.795161747e-02	1.238114734e+00	2.227805142e+00	-1.579932324e+00	-5.784719909e+03	-1.274661339e+01

4	6.264966284e-02	7.540087254e-02	1.770128363e+00	7.301186261e-01	2.889840236e+00	1.207196773e+00	1.126488170e+00	2.033825030e+00	-4.593014752e-01	6.520812349e+00	1.605601147e+00	-7.881061191e-02	-4.099321831e+03	-1.960919889e+01

5	3.384617136e-01	2.545668071e-02	5.502378449e+00	1.426083468e+00	5.293124365e-01	1.214494287e+00	1.529965183e+00	8.486137944e-01	1.856535933e+00	2.402693471e+00	8.881086078e-01	-1.318332309e-01	-3.936909554e+04	-1.667756446e+01

6	1.619254291e-01	2.701949494e-02	5.208467240e-01	1.433446442e-01	1.664086109e-01	5.580724487e-01	3.643723033e+00	1.672976467e+00	1.569028485e+00	2.205653281e+00	1.368517943e+00	5.447821661e-02	-1.161522387e+04	-1.477727639e+01

7	7.704045702e-02	2.603699560e-01	1.436246359e+00	5.082328629e-01	9.470514832e-01	2.794526246e-01	1.292400487e+00	1.593306238e+00	3.497815842e-01	9.737653455e-01	2.705731635e+00	-8.937228983e-01	-8.793603614e+03	-1.252065910e+01

8	2.490832885e-01	5.503404568e-02	3.236070282e+00	7.426171087e-01	1.184579495e+00	-2.258761565e-01	1.192390901e+00	2.315229387e+00	8.211339412e-01	3.265237359e+00	1.362972934e+00	4.113980535e-01	-3.637621631e+04	-1.559313471e+01

9	5.476296144e-01	1.838248922e-01	1.677060978e+00	3.546787768e-01	1.150115005e+00	3.931004386e-01	1.307102030e+00	1.556975456e+00	3.209837571e-01	1.146109807e+00	1.538517623e+00	-1.366835835e+00	-1.760998572e+05	-1.284867955e+01

10	3.363823438e-01	1.716828786e-01	1.749419057e+00	9.562955030e-01	6.088620171e+00	-6.114816496e-01	1.237177586e+00	7.747410046e-01	2.271948415e+00	2.098182121e-01	9.953582142e-01	-6.631025358e-01	-7.361489872e+04	-1.618280576e+01

11	1.915281399e+00	9.623486467e-02	2.223913065e+00	3.319470223e-01	5.901366819e-02	1.149584640e+00	1.274409707e+00	3.614142613e-01	-2.443923770e-02	1.498179896e+00	9.420601112e-01	5.667413984e-01	-4.593567994e+04	-1.389403274e+01

12	8.462957469e-02	1.657968402e-01	2.110070306e+00	6.625603872e-01	6.025917672e-01	7.044967283e-01	9.492537323e-01	1.718331216e+00	2.091230856e-01	5.361385145e-01	2.437798567e+00	-5.184265803e-01	-8.244659568e+03	-1.167623342e+01

13	1.510614626e-02	6.353414983e-01	1.431066646e+00	8.474086832e-01	7.515226873e-02	7.687243934e-01	1.286473335e+00	5.801943212e-01	-8.700726049e-02	1.355474403e+00	2.718109169e+00	-7.157352278e-01	-3.117819285e+03	-1.345432456e+01

14	5.893421971e-01	2.201757600e-01	2.511483907e+00	7.858549764e-01	1.355530921e+00	2.852288205e-01	8.369004586e-01	2.267023072e+00	1.171293969e-01	8.538610041e-01	1.275651198e+00	-7.062470214e-01	-2.104846295e+05	-1.286121925e+01

15	6.314715899e-02	8.933100881e-01	1.090016797e+00	4.182883190e-01	6.512888322e+00	-1.220124750e+00	1.241033167e+00	4.826826284e-01	1.602198702e+00	8.132749249e-01	9.001953685e-01	-6.358913941e-01	-1.870074550e+04	-1.542830164e+01

16	2.245099857e-01	4.163893592e-01	2.499474200e+00	9.730606471e-01	4.150297760e-01	5.406517231e-01	1.458717797e+00	8.738558085e-01	8.485138436e-01	1.343131093e+00	2.018142628e+00	-4.848580413e-01	-6.203556226e+04	-1.286416297e+01

17	4.095687547e-02	1.118161982e+00	1.512773833e+00	6.958219979e-01	1.460110332e+00	6.643284697e-01	8.550589512e-01	1.168798492e+00	-9.625209199e-01	1.917237881e+00	1.595518740e+00	-7.633884739e-01	-9.937221707e+03	-1.373725018e+01

18	1.922092227e-01	6.397593298e-01	2.081732053e+00	7.244169117e-01	1.134594212e+00	1.138757093e-01	8.834336646e-01	7.828230918e-01	3.315088008e-02	2.000478396e+00	1.491900783e+00	-6.487530317e-02	-5.840212571e+04	-1.210863823e+01

19	6.750278568e-02	2.231902983e-01	2.454768894e+00	6.576090006e-01	1.514048128e+00	4.172326308e-01	1.446373065e+00	2.385260861e+00	5.726717172e-01	4.789331753e+00	1.321505867e+00	4.909138023e-01	-6.459266041e+03	-1.709044823e+01

20	2.004797638e+00	7.015952152e-02	1.744077780e+00	6.754157725e-01	1.802947346e-01	2.142792393e+00	3.540486098e-01	9.460156379e-01	8.614758569e-01	3.926228036e+00	4.457488611e-01	-1.487504156e+00	-1.438613055e+05	-1.709267346e+01

21	3.037345433e-01	4.385629691e-01	9.841758696e-01	6.272459438e-01	2.035830101e+00	-1.919006534e-01	8.048369433e-01	1.488423508e+00	-4.093042694e-03	1.707247505e+00	1.511640202e+00	-1.036129759e+00	-7.383148291e+04	-1.301894723e+01

22	3.550788269e-01	8.702511823e-01	1.876301443e+00	9.065309759e-01	2.393334108e+00	-1.236835406e-03	7.676597254e-01	6.584640227e-01	1.288242351e-01	1.239657995e+00	7.530279774e-01	-4.530636678e-01	-1.735053919e+05	-1.207396481e+01

23	1.859518151e-01	4.473573301e-01	2.523384537e+00	7.686954432e-01	7.122309097e-01	-7.948985970e-01	1.093296137e+00	2.715623736e+00	6.829960245e-01	2.899694487e+00	1.585399559e+00	1.100544039e+00	-3.909010646e+04	-1.584093635e+01

24	3.878474856e-01	1.988733328e-01	3.628140070e+00	4.023286886e-01	3.514572853e-01	-5.496827253e-01	7.310960836e-01	2.740072925e+00	4.709976218e-01	1.602584714e+00	1.114384521e+00	5.962615780e-01	-9.246486362e+04	-1.302222530e+01
0	6.795489329e-02	4.986473950e-01	1.523831379e+00	5.048723121e-01	9.529415990e-01	-2.388779331e-01	5.361830299e-01	1.447744438e+00	-3.731364915e-01	1.949975198e+00	1.897304089e+00	-8.940550468e-01	-1.354816333e+04	-1.223870756e+01

1	3.149941130e-02	1.352734164e-01	4.837284226e+00	2.493262123e-01	6.960848283e+00	-3.503595929e-02	1.933470700e+00	5.176778371e+00	2.086221257e+00	5.302802143e-01	3.252443089e+00	-1.141956250e+00	-2.765302859e+03	-2.320991917e+01

2	1.804601422e-01	6.052594548e-02	2.788066466e+00	6.596410506e-01	1.354891269e+00	9.453137573e-01	1.035847091e+00	1.159492664e+00	1.021846401e+00	1.069184896e+00	1.206195404e+00	-2.836646294e-01	-1.968110069e+04	-1.238518034e+01

3	4.679174933e-02	2.408727820e-01	1.355338661e+00	4.686735987e-01	1.410561317e+00	-1.920255939e-01	6.637177680e-01	1.450844327e+00	-8.795161747e-02	1.238114734e+00	2.227805142e+00	-1.579932324e+00	-5.784719909e+03	-1.274661339e+01

4	6.264966284e-02	7.540087254e-02	1.770128363e+00	7.301186261e-01	2.889840236e+00	1.207196773e+00	1.126488170e+00	2.033825030e+00	-4.593014752e-01	6.520812349e+00	1.605601147e+00	-7.881061191e-02	-4.099321831e+03	-1.960919889e+01

5	3.384617136e-01	2.545668071e-02	5.502378449e+00	1.426083468e+00	5.293124365e-01	1.214494287e+00	1.529965183e+00	8.486137944e-01	1.856535933e+00	2.402693471e+00	8.881086078e-01	-1.318332309e-01	-3.936909554e+04	-1.667756446e+01

6	1.619254291e-01	2.701949494e-02	5.208467240e-01	1.433446442e-01	1.664086109e-01	5.580724487e-01	3.643723033e+00	1.672976467e+00	1.569028485e+00	2.205653281e+00	1.368517943e+00	5.447821661e-02	-1.161522387e+04	-1.477727639e+01

7	7.704045702e-02	2.603699560e-01	1.436246359e+00	5.082328629e-01	9.470514832e-01	2.794526246e-01	1.292400487e+00	1.593306238e+00	3.497815842e-01	9.737653455e-01	2.705731635e+00	-8.937228983e-01	-8.793603614e+03	-1.252065910e+01

8	2.490832885e-01	5.503404568e-02	3.236070282e+00	7.426171087e-01	1.184579495e+00	-2.258761565e-01	1.192390901e+00	2.315229387e+00	8.211339412e-01	3.265237359e+00	1.362972934e+00	4.113980535e-01	-3.637621631e+04	-1.559313471e+01

9	5.476296144e-01	1.838248922e-01	1.677060978e+00	3.546787768e-01	1.150115005e+00	3.931004386e-01	1.307102030e+00	1.556975456e+00	3.209837571e-01	1.146109807e+00	1.538517623e+00	-1.366835835e+00	-1.760998572e+05	-1.284867955e+01

10	3.363823438e-01	1.716828786e-01	1.749419057e+00	9.562955030e-01	6.088620171e+00	-6.114816496e-01	1.237177586e+00	7.747410046e-01	2.271948415e+00	2.098182121e-01	9.953582142e-01	-6.631025358e-01	-7.361489872e+04	-1.618280576e+01

11	1.915281399e+00	9.623486467e-02	2.223913065e+00	3.319470223e-01	5.901366819e-02	1.149584640e+00	1.274409707e+00	3.614142613e-01	-2.443923770e-02	1.498179896e+00	9.420601112e-01	5.667413984e-01	-4.593567994e+04	-1.389403274e+01

12	8.462957469e-02	1.657968402e-01	2.110070306e+00	6.625603872e-01	6.025917672e-01	7.044967283e-01	9.492537323e-01	1.718331216e+00	2.091230856e-01	5.361385145e-01	2.437798567e+00	-5.184265803e-01	-8.244659568e+03	-1.167623342e+01

13	1.510614626e-02	6.353414983e-01	1.431066646e+00	8.474086832e-01	7.515226873e-02	7.687243934e-01	1.286473335e+00	5.801943212e-01	-8.700726049e-02	1.355474403e+00	2.718109169e+00	-7.157352278e-01	-3.117819285e+03	-1.345432456e+01

14	5.893421971e-01	2.201757600e-01	2.511483907e+00	7.858549764e-01	1.355530921e+00	2.852288205e-01	8.369004586e-01	2.267023072e+00	1.171293969e-01	8.538610041e-01	1.275651198e+00	-7.062470214e-01	-2.104846295e+05	-1.286121925e+01

15	7.083289512e-02	6.330286129e-01	1.454960024e+00	5.056812214e-01	4.398369155e+00	-5.315554089e-01	1.136643615e+00	9.247590281e-01	1.103799838e+00	7.141241893e-01	1.450301679e+00	-5.938661594e-01	-1.480690440e+04	-1.383872605e+01

16	1.956528621e-01	3.878897316e-01	2.313694388e+00	8.911604456e-01	5.766799096e-01	4.216827287e-01	1.329629109e+00	9.675447247e-01	6.964546061e-01	1.326078988e+00	2.052186726e+00	-6.626714977e-01	-4.450033237e+04	-1.261739243e+01

17	4.095687547e-02	1.118161982e+00	1.512773833e+00	6.958219979e-01	1.460110332e+00	6.643284697e-01	8.550589512e-01	1.168798492e+00	-9.625209199e-01	1.917237881e+00	1.595518740e+00	-7.633884739e-01	-9.937221707e+03	-1.373725018e+01

18	1.922092227e-01	6.397593298e-01	2.081732053e+00	7.244169117e-01	1.134594212e+00	1.138757093e-01	8.834336646e-01	7.828230918e-01	3.315088008e-02	2.000478396e+00	1.491900783e+00	-6.487530317e-02	-5.840212571e+04	-1.210863823e+01

19	6.750278568e-02	2.231902983e-01	2.454768894e+00	6.576090006e-01	1.514048128e+00	4.172326308e-01	1.446373065e+00	2.385260861e+00	5.726717172e-01	4.789331753e+00	1.321505867e+00	4.909138023e-01	-6.459266041e+03	-1.709044823e+01

20	2.004797638e+00	7.015952152e-02	1.744077780e+00	6.754157725e-01	1.802947346e-01	2.142792393e+00	3.540486098e-01	9.460156379e-01	8.614758569e-01	3.926228036e+00	4.457488611e-01	-1.487504156e+00	-1.438613055e+05	-1.709267346e+01

21	3.037345433e-01	4.385629691e-01	9.841758696e-01	6.272459438e-01	2.035830101e+00	-1.919006534e-01	8.048369433e-01	1.488423508e+00	-4.093042694e-03	1.707247505e+00	1.511640202e+00	-1.036129759e+00	-7.383148291e+04	-1.301894723e+01

22	3.550788269e-01	8.702511823e-01	1.876301443e+00	9.065309759e-01	2.393334108e+00	-1.236835406e-03	7.676597254e-01	6.584640227e-01	1.288242351e-01	1.239657995e+00	7.530279774e-01	-4.530636678e-01	-1.735053919e+05	-1.207396481e+01

23	1.613481271e-01	4.051158312e-01	2.277793911e+00	7.098554821e-01	7.652781973e-01	-5.521966168e-01	1.138274929e+00	2.462085905e+00	6.077210093e-01	2.464616268e+00	1.838488872e+00	6.500279275e-01	-2.949155158e+04	-1.466704013e+01

24	3.878474856e-01	1.988733328e-01	3.628140070e+00	4.023286886e-01	3.514572853e-01	-5.496827253e-01	7.310960836e-01	2.740072925e+00	4.709976218e-01	1.602584714e+00	1.114384521e+00	5.962615780e-01	-9.246486362e+04	-1.302222530e+01
0	6.868597424e-02	5.327834225e-01	1.506336416e+00	5.050777943e-01	1.828162195e+00	-3.132249773e-01	6.887143088e-01	1.314893697e+00	2.040485473e-03	1.636039630e+00	1.783754839e+00	-8.177999252e-01	-1.273719053e+04	-1.259396721e+01

1	3.149941130e-02	1.352734164e-01	4.837284226e+00	2.493262123e-01	6.960848283e+00	-3.503595929e-02	1.933470700e+00	5.176778371e+00	2.086221257e+00	5.302802143e-01	3.252443089e+00	-1.141956250e+00	-2.765302859e+03	-2.320991917e+01

2	1.804601422e-01	6.052594548e-02	2.788066466e+00	6.596410506e-01	1.354891269e+00	9.453137573e-01	1.035847091e+00	1.159492664e+00	1.021846401e+00	1.069184896e+00	1.206195404e+00	-2.836646294e-01	-1.968110069e+04	-1.238518034e+01

3	4.679174933e-02	2.408727820e-01	1.355338661e+00	4.686735987e-01	1.410561317e+00	-1.920255939e-01	6.637177680e-01	1.450844327e+00	-8.795161747e-02	1.238114734e+00	2.227805142e+00	-1.579932324e+00	-5.784719909e+03	-1.274661339e+01

4	6.264966284e-02	7.540087254e-02	1.770128363e+00	7.301186261e-01	2.889840236e+00	1.207196773e+00	1.126488170e+00	2.033825030e+00	-4.593014752e-01	6.520812349e+00	1.605601147e+00	-7.881061191e-02	-4.099321831e+03	-1.960919889e+01

5	1.901581003e-01	2.147813550e-02	5.836866568e+00	1.492892765e+00	5.603749525e-01	1.131875913e+00	1.634621558e+00	8.399450470e-01	1.945096110e+00	2.267099155e+00	9.274785498e-01	-1.117874974e-02	-1.492857292e+04	-1.686486448e+01

6	1.619254291e-01	2.701949494e-02	5.208467240e-01	1.433446442e-01	1.664086109e-01	5.580724487e-01	3.643723033e+00	1.672976467e+00	1.569028485e+00	2.205653281e+00	1.368517943e+00	5.447821661e-02	-1.161522387e+04	-1.477727639e+01

7	7.704045702e-02	2.603699560e-01	1.436246359e+00	5.082328629e-01	9.470514832e-01	2.794526246e-01	1.292400487e+00	1.593306238e+00	3.497815842e-01	9.737653455e-01	2.705731635e+00	-8.937228983e-01	-8.793603614e+03	-1.252065910e+01

8	2.267818848e-01	4.786585903e-02	2.541315994e+00	5.892790480e-01	9.240563471e-01	-2.528432902e-02	1.819622315e+00	2.150893758e+00	1.012500483e+00	2.994117665e+00	1.364391756e+00	3.200716555e-01	-2.948297453e+04	-1.510202589e+01

9	4.295201957e-01	1.972781344e-01	1.601191243e+00	3.815614530e-01	1.211534407e+00	2.551138757e-01	1.155376798e+00	1.531947225e+00	2.245471201e-01	1.167806746e+00	1.701067929e+00	-1.417089030e+00	-1.136940681e+05	-1.278333503e+01

10	3.363823438e-01	1.716828786e-01	1.749419057e+00	9.562955030e-01	6.088620171e+00	-6.114816496e-01	1.237177586e+00	7.747410046e-01	2.271948415e+00	2.098182121e-01	9.953582142e-01	-6.631025358e-01	-7.361489872e+04	-1.618280576e+01

11	1.915281399e+00	9.623486467e-02	2.223913065e+00	3.319470223e-01	5.901366819e-02	1.149584640e+00	1.274409707e+00	3.614142613e-01	-2.443923770e-02	1.498179896e+00	9.420601112e-01	5.667413984e-01	-4.593567994e+04	-1.389403274e+01

12	8.462957469e-02	1.657968402e-01	2.110070306e+00	6.625603872e-01	6.025917672e-01	7.044967283e-01	9.492537323e-01	1.718331216e+00	2.091230856e-01	5.361385145e-01	2.437798567e+00	-5.184265803e-01	-8.244659568e+03	-1.167623342e+01

13	6.301371200e-03	6.718226627e-01	1.485652675e+00	8.896315124e-01	6.967961180e-02	7.813572230e-01	1.145108706e+00	5.146600071e-01	-1.863199799e-01	1.304489045e+00	2.799044364e+00	-7.619250470e-01	-2.541132346e+03	-1.355465965e+01

14	5.893421971e-01	2.201757600e-01	2.511483907e+00	7.858549764e-01	1.355530921e+00	2.852288205e-01	8.369004586e-01	2.267023072e+00	1.171293969e-01	8.538610041e-01	1.275651198e+00	-7.062470214e-01	-2.104846295e+05	-1.286121925e+01

15	7.644955760e-02	4.428173989e-01	1.721657045e+00	5.695471190e-01	2.853098762e+00	-2.835551693e-02	1.060356729e+00	1.247824235e+00	7.395747121e-01	6.416657795e-01	1.852314112e+00	-5.631545196e-01	-1.125835486e+04	-1.293108899e+01

16	1.956528621e-01	3.878897316e-01	2.313694388e+00	8.911604456e-01	5.766799096e-01	4.216827287e-01	1.329629109e+00	9.675447247e-01	6.964546061e-01	1.326078988e+00	2.052186726e+00	-6.626714977e-01	-4.450033237e+04	-1.261739243e+01

17	4.095687547e-02	1.118161982e+00	1.512773833e+00	6.958219979e-01	1.460110332e+00	6.643284697e-01	8.550589512e-01	1.168798492e+00	-9.625209199e-01	1.917237881e+00	1.595518740e+00	-7.633884739e-01	-9.937221707e+03	-1.373725018e+01

18	1.922092227e-01	6.397593298e-01	2.081732053e+00	7.244169117e-01	1.134594212e+00	1.138757093e-01	8.834336646e-01	7.828230918e-01	3.315088008e-02	2.000478396e+00	1.491900783e+00	-6.487530317e-02	-5.840212571e+04	-1.210863823e+01

19	8.197117776e-03	3.085934839e-01	2.279778652e+00	6.565421194e-01	1.597609784e+00	1.399757536e-01	1.661910307e+00	3.028822324e+00	3.368428571e-01	6.742509491e+00	1.382046980e+00	8.975884330e-01	-3.145469274e+03	-1.989450270e+01

20	2.155760496e+00	5.213154249e-02	1.703573466e+00	6.768428084e-01	7.313162015e-02	2.294225251e+00	2.551612574e-01	7.885347367e-01	9.011433297e-01	3.713289147e+00	3.749554109e-01	-1.667840878e+00	-1.523032117e+04	-1.842484022e+01

21	2.547003881e-01	4.760564751e-01	7.219621009e-01	6.000153713e-01	2.152626326e+00	-2.738159674e-01	7.993321630e-01	1.354750718e+00	-2.490494963e-02	1.853759987e+00	1.552155647e+00	-1.092765220e+00	-5.842595885e+04	-1.306116334e+01

22	3.550788269e-01	8.702511823e-01	1.876301443e+00	9.065309759e-01	2.393334108e+00	-1.236835406e-03	7.676597254e-01	6.584640227e-01	1.288242351e-01	1.239657995e+00	7.530279774e-01	-4.530636678e-01	-1.735053919e+05	-1.207396481e+01

23	1.561533204e-01	4.018418408e-01	2.277861233e+00	7.080471192e-01	7.935104741e-01	-5.287184714e-01	1.156036383e+00	2.481309324e+00	5.985329560e-01	2.609720296e+00	1.823006589e+00	6.584250577e-01	-2.786612401e+04	-1.483536594e+01

24	3.878474856e-01	1.988733328e-01	3.628140070e+00	4.023286886e-01	3.514572853e-01	-5.496827253e-01	7.310960836e-01	2.740072925e+00	4.709976218e-01	1.602584714e+00	1.114384521e+00	5.962615780e-01	-9.246486362e+04	-1.302222530e+01
