{
    "n": 100,
    "active_prop": 0.5,
    "seed": 13,
    "active_indices": [
        2,
        3,
        18,
        7,
        20,
        4,
        24,
        0,
        28,
        25,
        9,
        23,
        19,
        11,
        13
    ],
    "gp_features": [
        13,
        20,
        11
    ],
    "lengthscales": [
        0.9717520517411267,
        1.1614978908273417,
        0.7611479454391638
    ],
    "beta": [
        2.994147776313927,
        0.0,
        0.1985108844203518,
        -3.6314736577663362,
        0.0780278069243634,
        0.0,
        0.0,
        -4.569690011363735,
        0.0,
        4.788959228939781,
        0.0,
        1.7541232518932777,
        0.0,
        3.7583350785704575,
        0.0,
        0.0,
        0.0,
        0.0,
        4.890775231453903,
        0.49208275203293717,
        4.454864265732091,
        0.0,
        0.0,
        -3.2140323713804007,
        -4.811921484286029,
        -1.1674041789723857,
        0.0,
        0.0,
        2.0954216284018523,
        0.0
    ]
}