{
    "n": 100,
    "active_prop": 0.2,
    "noise_constant": 1.0,
    "seed": 26,
    "active_indices": [
        2,
        3,
        24,
        18,
        21,
        7
    ],
    "gp_features": [
        21,
        18,
        7
    ],
    "lengthscales": [
        0.4130784475459868,
        0.4646213465252501,
        1.6411595454169736
    ],
    "beta": [
        0.0,
        0.0,
        4.267224821570872,
        0.886663589786628,
        0.0,
        0.0,
        0.0,
        3.722416834041354,
        0.0,
        0.0,
        0.0,
        0.0,
        0.0,
        0.0,
        0.0,
        0.0,
        0.0,
        0.0,
        -2.240388079763105,
        0.0,
        0.0,
        4.584427140520255,
        0.0,
        0.0,
        -1.0894054389050223,
        0.0,
        0.0,
        0.0,
        0.0,
        0.0
    ]
}