{
    "n": 100,
    "active_prop": 0.2,
    "noise_constant": 0.5,
    "seed": 23,
    "active_indices": [
        13,
        25,
        26,
        1,
        12,
        18
    ],
    "gp_features": [
        12,
        26,
        1
    ],
    "lengthscales": [
        1.4550150150517227,
        1.4023742801305934,
        0.7191046999013915
    ],
    "beta": [
        0.0,
        -3.1319942642592435,
        0.0,
        0.0,
        0.0,
        0.0,
        0.0,
        0.0,
        0.0,
        0.0,
        0.0,
        0.0,
        0.5092197239106069,
        1.7708822292440392,
        0.0,
        0.0,
        0.0,
        0.0,
        1.1859078292926037,
        0.0,
        0.0,
        0.0,
        0.0,
        0.0,
        0.0,
        0.09715378226272886,
        -1.3827167091074264,
        0.0,
        0.0,
        0.0
    ]
}