{
    "selected features": [
        9,
        22,
        28
    ],
    "precision": 0.3333333333333333,
    "recall": 0.3333333333333333,
    "training rmse": 0.9272,
    "testing rmse": 0.9812,
    "beta_error": 0.3651,
    "tune time": 0.0146,
    "fit time": 1.1104,
    "prediction time (test)": 0.2134,
    "total runtime": 1.3384,
    "lambda": 0.0764
}