{
    "n": 1000,
    "active_prop": 0.5,
    "noise_constant": 0.5,
    "seed": 127,
    "active_indices": [
        3,
        20,
        12,
        0,
        1,
        8,
        21,
        10,
        5,
        15,
        27,
        11,
        17,
        16,
        6
    ],
    "gp_features": [
        11,
        6,
        1
    ],
    "lengthscales": [
        1.6853286674088896,
        1.650863868694979,
        1.1483014387483945
    ],
    "beta": [
        1.6308343755600152,
        4.616137490441133,
        0.0,
        -4.422615590900493,
        0.0,
        -2.475816549935633,
        -1.4401058512303222,
        0.0,
        -1.7462208388091782,
        0.0,
        -0.9199063451184664,
        -0.07690854807499825,
        3.6267928750937983,
        0.0,
        0.0,
        2.198530841713973,
        -0.5565348273427064,
        0.7360166640898926,
        0.0,
        0.0,
        0.7709034180839636,
        -4.595567423971724,
        0.0,
        0.0,
        0.0,
        0.0,
        0.0,
        3.7031308536820813,
        0.0,
        0.0
    ]
}