{
    "selected features": [
        0,
        1,
        2,
        3,
        4,
        5,
        6,
        8,
        9,
        10,
        11,
        12,
        15,
        16,
        18,
        20,
        21,
        27,
        29
    ],
    "precision": 0.7368421052631579,
    "recall": 0.9333333333333333,
    "training rmse": 1.4431,
    "testing rmse": 2.168,
    "beta_error": 0.4472,
    "tune time": 258.6451,
    "fit time": 3.7876,
    "prediction time (test)": 0.0702,
    "total runtime": 262.5029,
    "lambda": 6.3246
}