{
    "n": 500,
    "active_prop": 0.1,
    "noise_constant": 0.5,
    "seed": 50,
    "active_indices": [
        19,
        4,
        20
    ],
    "gp_features": [
        19,
        20,
        4
    ],
    "lengthscales": [
        1.51142283743976,
        0.7491067365487188,
        0.5945205954833477
    ],
    "beta": [
        0.0,
        0.0,
        0.0,
        0.0,
        4.640321908503918,
        0.0,
        0.0,
        0.0,
        0.0,
        0.0,
        0.0,
        0.0,
        0.0,
        0.0,
        0.0,
        0.0,
        0.0,
        0.0,
        0.0,
        -0.06388132876793495,
        3.3628067849268994,
        0.0,
        0.0,
        0.0,
        0.0,
        0.0,
        0.0,
        0.0,
        0.0,
        0.0
    ]
}