{
    "n": 500,
    "active_prop": 0.2,
    "noise_constant": 0.1,
    "seed": 62,
    "active_indices": [
        5,
        6,
        14,
        24,
        13,
        18
    ],
    "gp_features": [
        14,
        6,
        5
    ],
    "lengthscales": [
        0.6377020008082772,
        0.9845785565944573,
        1.347430836594358
    ],
    "beta": [
        0.0,
        0.0,
        0.0,
        0.0,
        0.0,
        1.0506975190036973,
        -3.055049193904197,
        0.0,
        0.0,
        0.0,
        0.0,
        0.0,
        0.0,
        4.773848396636215,
        -1.7269457856555959,
        0.0,
        0.0,
        0.0,
        2.049537025242879,
        0.0,
        0.0,
        0.0,
        0.0,
        0.0,
        -0.2940166748752846,
        0.0,
        0.0,
        0.0,
        0.0,
        0.0
    ]
}