{
    "n": 500,
    "active_prop": 0.2,
    "noise": 0.1,
    "seed": 62,
    "active_indices": [
        22,
        28,
        26,
        2,
        14,
        24
    ],
    "gp_features": [
        14,
        24,
        22
    ],
    "lengthscales": [
        0.6864759440706386,
        0.7288092924723071,
        1.0703304556982651
    ],
    "beta": [
        0.0,
        0.0,
        3.062400052003804,
        0.0,
        0.0,
        0.0,
        0.0,
        0.0,
        0.0,
        0.0,
        0.0,
        0.0,
        0.0,
        0.0,
        -3.1593359780723205,
        0.0,
        0.0,
        0.0,
        0.0,
        0.0,
        0.0,
        0.0,
        -2.93332917091755,
        0.0,
        2.4440134067231165,
        0.0,
        -0.11766066499296368,
        0.0,
        3.147200262035076,
        0.0
    ]
}