{
    "n": 500,
    "active_prop": 0.3,
    "noise": 0.5,
    "seed": 83,
    "active_indices": [
        6,
        25,
        18,
        21,
        1,
        23,
        17,
        27,
        12
    ],
    "gp_features": [
        18,
        17,
        23
    ],
    "lengthscales": [
        4.928104348830353,
        0.4783528388200774,
        1.7593072472756137
    ],
    "beta": [
        0.0,
        0.09774382050224872,
        0.0,
        0.0,
        0.0,
        0.0,
        -3.223238702964223,
        0.0,
        0.0,
        0.0,
        0.0,
        0.0,
        -3.326609818705993,
        0.0,
        0.0,
        0.0,
        0.0,
        -0.4392861271524371,
        2.3645435403370954,
        0.0,
        0.0,
        -0.7751970456260269,
        0.0,
        4.217091030796841,
        0.0,
        -2.322282032529598,
        0.0,
        -3.6334453451863813,
        0.0,
        0.0
    ]
}