{
    "n": 100,
    "active_prop": 0.5,
    "noise_constant": 0.5,
    "seed": 38,
    "active_indices": [
        21,
        25,
        12,
        28,
        22,
        6,
        23,
        8,
        19,
        29,
        11,
        10,
        18,
        9,
        17
    ],
    "gp_features": [
        19,
        17,
        21
    ],
    "lengthscales": [
        1.0220814865947818,
        1.7668677641863608,
        1.1742750360015906
    ],
    "beta": [
        0.0,
        0.0,
        0.0,
        0.0,
        0.0,
        0.0,
        3.5599534120448837,
        0.0,
        -2.6522671468326795,
        4.852493012417138,
        1.6905183455374218,
        -0.8096808729582561,
        -3.1328214001636456,
        0.0,
        0.0,
        0.0,
        0.0,
        -1.889571642201088,
        -1.8566340161565345,
        2.2502018285750713,
        0.0,
        3.9523805851306566,
        -0.28595034338018266,
        2.79126728249166,
        0.0,
        4.3570598972547145,
        0.0,
        0.0,
        1.6280973465414208,
        0.6075273723721208
    ]
}