{
    "n": 500,
    "active_prop": 0.2,
    "noise": 1.0,
    "seed": 73,
    "active_indices": [
        14,
        0,
        9,
        26,
        13,
        21
    ],
    "gp_features": [
        9,
        0,
        14
    ],
    "lengthscales": [
        0.9431174694787242,
        1.2038438186689695,
        1.0160958198964924
    ],
    "beta": [
        -0.7638824276152629,
        0.0,
        0.0,
        0.0,
        0.0,
        0.0,
        0.0,
        0.0,
        0.0,
        -3.0151070633802366,
        0.0,
        0.0,
        0.0,
        -4.329370491584733,
        0.8163525287495812,
        0.0,
        0.0,
        0.0,
        0.0,
        0.0,
        0.0,
        -4.3205719866097905,
        0.0,
        0.0,
        0.0,
        0.0,
        -4.41323353428521,
        0.0,
        0.0,
        0.0
    ]
}