{
    "n": 500,
    "active_prop": 0.2,
    "noise_constant": 1.0,
    "seed": 70,
    "active_indices": [
        10,
        9,
        15,
        17,
        14,
        19
    ],
    "gp_features": [
        14,
        9,
        19
    ],
    "lengthscales": [
        1.0493815015118877,
        0.6257756500179263,
        2.051702956597747
    ],
    "beta": [
        0.0,
        0.0,
        0.0,
        0.0,
        0.0,
        0.0,
        0.0,
        0.0,
        0.0,
        1.7546080659534162,
        4.341478366549188,
        0.0,
        0.0,
        0.0,
        0.7885290169478774,
        -1.0049312664985832,
        0.0,
        2.893799351092058,
        0.0,
        2.7245232408296385,
        0.0,
        0.0,
        0.0,
        0.0,
        0.0,
        0.0,
        0.0,
        0.0,
        0.0,
        0.0
    ]
}