{
    "n": 500,
    "active_prop": 0.2,
    "noise": 1.0,
    "seed": 70,
    "active_indices": [
        17,
        11,
        24,
        6,
        25,
        0
    ],
    "gp_features": [
        6,
        0,
        25
    ],
    "lengthscales": [
        0.9884748086178109,
        0.9622272568141259,
        1.0541215420209733
    ],
    "beta": [
        1.8920328762016139,
        0.0,
        0.0,
        0.0,
        0.0,
        0.0,
        3.8631147727651562,
        0.0,
        0.0,
        0.0,
        0.0,
        -4.281426726086339,
        0.0,
        0.0,
        0.0,
        0.0,
        0.0,
        3.6387277370300115,
        0.0,
        0.0,
        0.0,
        0.0,
        0.0,
        0.0,
        1.1944067751986918,
        -2.0318533747070533,
        0.0,
        0.0,
        0.0,
        0.0
    ]
}