{
    "selected features": [
        1,
        2,
        3,
        7,
        10,
        11,
        18,
        20,
        21
    ],
    "precision": 0.5555555555555556,
    "recall": 0.8333333333333334,
    "training rmse": 1.706,
    "testing rmse": 2.2701,
    "beta_error": 0.4082,
    "tune time": 1446.7289,
    "fit time": 11.064,
    "prediction time (test)": 0.6262,
    "total runtime": 1458.419,
    "lambda": 6.3246
}