{
    "n": 1000,
    "active_prop": 0.5,
    "noise_constant": 1.0,
    "seed": 134,
    "active_indices": [
        13,
        7,
        25,
        10,
        29,
        18,
        21,
        17,
        23,
        9,
        14,
        11,
        5,
        16,
        2
    ],
    "gp_features": [
        7,
        9,
        13
    ],
    "lengthscales": [
        0.7679581293945462,
        1.2570369702423094,
        0.8972447211800557
    ],
    "beta": [
        0.0,
        0.0,
        -2.079872518953353,
        0.0,
        0.0,
        3.6775208014819487,
        0.0,
        2.0515807124025818,
        0.0,
        1.59918957905753,
        -4.5447638547721745,
        -2.009329840533037,
        0.0,
        -3.6807212270167944,
        3.1295067644787693,
        0.0,
        1.6698798600293854,
        2.2920153622359294,
        -3.063777222048879,
        0.0,
        0.0,
        -0.3533927324397377,
        0.0,
        0.9862804613072118,
        0.0,
        3.8092757129820516,
        0.0,
        0.0,
        0.0,
        4.681031602397873
    ]
}