{
    "n": 500,
    "active_prop": 0.5,
    "noise_constant": 0.1,
    "seed": 78,
    "active_indices": [
        24,
        5,
        20,
        26,
        25,
        3,
        12,
        17,
        29,
        22,
        13,
        23,
        10,
        11,
        6
    ],
    "gp_features": [
        25,
        26,
        23
    ],
    "lengthscales": [
        1.1854863025562228,
        0.7089280614822301,
        0.40332886567576287
    ],
    "beta": [
        0.0,
        0.0,
        0.0,
        -4.998001527174685,
        0.0,
        -2.9015432859388355,
        -2.6356760391506926,
        0.0,
        0.0,
        0.0,
        3.130926465458616,
        0.30977597302850324,
        2.7700678011050526,
        0.536294224897274,
        0.0,
        0.0,
        0.0,
        4.295577824106571,
        0.0,
        0.0,
        0.06308062661553926,
        0.0,
        -3.4697624231853155,
        -0.6366584969573417,
        -1.525025292362654,
        -1.9242018382413404,
        -2.3294987820831867,
        0.0,
        0.0,
        2.88852615087926
    ]
}