{
    "n": 1000,
    "active_prop": 0.1,
    "noise": 1.0,
    "seed": 100,
    "active_indices": [
        23,
        22,
        6
    ],
    "gp_features": [
        6,
        23,
        22
    ],
    "lengthscales": [
        0.6168287954857469,
        1.0718448116261292,
        0.49107201244806825
    ],
    "beta": [
        0.0,
        0.0,
        0.0,
        0.0,
        0.0,
        0.0,
        -1.7280040480565653,
        0.0,
        0.0,
        0.0,
        0.0,
        0.0,
        0.0,
        0.0,
        0.0,
        0.0,
        0.0,
        0.0,
        0.0,
        0.0,
        0.0,
        0.0,
        3.66480401053059,
        0.2649901904433527,
        0.0,
        0.0,
        0.0,
        0.0,
        0.0,
        0.0
    ]
}