{
    "n": 500,
    "active_prop": 0.2,
    "seed": 24,
    "active_indices": [
        10,
        21,
        14,
        25,
        16,
        12
    ],
    "gp_features": [
        21,
        10,
        16
    ],
    "lengthscales": [
        2.9056590137799736,
        0.9050085943726727,
        0.6907859291330154
    ],
    "beta": [
        0.0,
        0.0,
        0.0,
        0.0,
        0.0,
        0.0,
        0.0,
        0.0,
        0.0,
        0.0,
        -0.8472094284304186,
        0.0,
        1.809410663867875,
        0.0,
        3.2474530957800507,
        0.0,
        1.8073208239395662,
        0.0,
        0.0,
        0.0,
        0.0,
        2.626646032111159,
        0.0,
        0.0,
        0.0,
        2.8544134599833093,
        0.0,
        0.0,
        0.0,
        0.0
    ]
}