{
    "n": 500,
    "active_prop": 0.5,
    "noise_constant": 1.0,
    "seed": 85,
    "active_indices": [
        27,
        24,
        1,
        3,
        9,
        13,
        14,
        22,
        6,
        11,
        29,
        16,
        18,
        15,
        26
    ],
    "gp_features": [
        29,
        11,
        27
    ],
    "lengthscales": [
        0.6488638773003405,
        0.995072562105022,
        0.6311783008147865
    ],
    "beta": [
        0.0,
        -1.6666729592811649,
        0.0,
        -3.512506597110383,
        0.0,
        0.0,
        -0.19985179029998434,
        0.0,
        0.0,
        0.8983240740718124,
        0.0,
        -4.229772646175549,
        0.0,
        -1.9517971365297306,
        -4.48959639411898,
        1.334346399612202,
        -4.390984756238627,
        0.0,
        -4.571460641384283,
        0.0,
        0.0,
        0.0,
        0.5449971183598521,
        0.0,
        -4.141450172854103,
        0.0,
        3.1454516664635417,
        0.5670069453017623,
        0.0,
        -4.5551466740521915
    ]
}