{
    "selected features": [
        1,
        2,
        3,
        4,
        5,
        10,
        11,
        12,
        13,
        14,
        15,
        16,
        18,
        19,
        22,
        23,
        24,
        25,
        26,
        27,
        28,
        29
    ],
    "precision": 0.5909090909090909,
    "recall": 0.8666666666666667,
    "training rmse": 0.0,
    "testing rmse": 3.4655,
    "beta_error": 0.6055,
    "tune time": 0.7867,
    "fit time": 52.6517,
    "prediction time (test)": 0.6069,
    "total runtime": 54.0453,
    "lambda": 0.108
}