{
    "selected features": [
        1,
        2,
        3,
        4,
        5,
        10,
        11,
        12,
        13,
        14,
        15,
        16,
        18,
        19,
        22,
        23,
        24,
        25,
        26,
        27,
        28,
        29
    ],
    "precision": 0.5909090909090909,
    "recall": 0.8666666666666667,
    "training rmse": 3.3317,
    "testing rmse": 3.4504,
    "beta_error": 0.6055,
    "tune time": 0.8025,
    "fit time": 17.7905,
    "prediction time (test)": 1.7587,
    "total runtime": 20.3517,
    "lambda": 0.108
}