{
    "n": 100,
    "active_prop": 0.3,
    "noise": 0.1,
    "seed": 30,
    "active_indices": [
        12,
        16,
        8,
        13,
        29,
        1,
        22,
        23,
        19
    ],
    "gp_features": [
        8,
        29,
        1
    ],
    "lengthscales": [
        1.967853482343849,
        0.7006271593287454,
        1.0429969129950578
    ],
    "beta": [
        0.0,
        -4.7764383253807985,
        0.0,
        0.0,
        0.0,
        0.0,
        0.0,
        0.0,
        4.225647142219266,
        0.0,
        0.0,
        0.0,
        -4.011930422023815,
        0.11429180770543557,
        0.0,
        0.0,
        -2.5268691805896646,
        0.0,
        0.0,
        3.23362973490665,
        0.0,
        0.0,
        -0.3664126915885628,
        0.6288370770787965,
        0.0,
        0.0,
        0.0,
        0.0,
        0.0,
        0.354700264614336
    ]
}