{
    "n": 100,
    "active_prop": 0.2,
    "noise_constant": 0.1,
    "seed": 17,
    "active_indices": [
        5,
        23,
        22,
        18,
        4,
        19
    ],
    "gp_features": [
        4,
        5,
        18
    ],
    "lengthscales": [
        0.95188949582262,
        0.766917739077252,
        1.4684048627932489
    ],
    "beta": [
        0.0,
        0.0,
        0.0,
        0.0,
        -1.685181146303063,
        -1.2541475659911883,
        0.0,
        0.0,
        0.0,
        0.0,
        0.0,
        0.0,
        0.0,
        0.0,
        0.0,
        0.0,
        0.0,
        0.0,
        -1.905669110115935,
        2.2650443021072553,
        0.0,
        0.0,
        1.2721251826955795,
        -1.0803554671351048,
        0.0,
        0.0,
        0.0,
        0.0,
        0.0,
        0.0
    ]
}