{
    "selected features": [
        3,
        4,
        6,
        7,
        10,
        11,
        14,
        17,
        18,
        21,
        22,
        23,
        24,
        25,
        28
    ],
    "precision": 0.9333333333333333,
    "recall": 0.9333333333333333,
    "training rmse": 0.3394,
    "testing rmse": 0.9846,
    "beta_error": 0.2582,
    "tune time": 96.6747,
    "fit time": 2.5008,
    "prediction time (test)": 0.0627,
    "total runtime": 99.2382,
    "lambda": 6.3246
}