{
    "selected features": [
        0,
        1,
        2,
        6,
        7,
        9,
        11,
        12,
        14,
        15,
        16,
        17,
        21,
        23,
        25,
        28,
        29
    ],
    "precision": 0.8235294117647058,
    "recall": 0.9333333333333333,
    "training rmse": 0.4376,
    "testing rmse": 1.2117,
    "beta_error": 0.3651,
    "tune time": 2331.6137,
    "fit time": 91.3055,
    "prediction time (test)": 1.5204,
    "total runtime": 2424.4396,
    "lambda": 6.3246
}