{
    "n": 500,
    "active_prop": 0.5,
    "seed": 26,
    "active_indices": [
        13,
        28,
        16,
        12,
        1,
        4,
        22,
        17,
        18,
        27,
        2,
        6,
        24,
        15,
        7
    ],
    "gp_features": [
        7,
        18,
        17
    ],
    "lengthscales": [
        1.3760903790941406,
        1.6948728401003486,
        1.966118022159675
    ],
    "beta": [
        0.0,
        4.534207181443261,
        3.5749348454025274,
        0.0,
        -1.096943614897199,
        0.0,
        -2.6442635944781556,
        2.875351840191626,
        0.0,
        0.0,
        0.0,
        0.0,
        -2.3815019095574543,
        -2.78891745296711,
        0.0,
        -0.6132728690378979,
        -2.263570938722661,
        -0.8875356051271392,
        -1.5700740925318635,
        0.0,
        0.0,
        0.0,
        -2.896143668120672,
        0.0,
        -4.0447782280572,
        0.0,
        0.0,
        -0.15081582513324676,
        -4.034740922539369,
        0.0
    ]
}