{
    "n": 1000,
    "active_prop": 0.2,
    "noise_constant": 0.1,
    "seed": 109,
    "active_indices": [
        1,
        19,
        16,
        13,
        7,
        23
    ],
    "gp_features": [
        7,
        13,
        19
    ],
    "lengthscales": [
        2.8228205234713846,
        2.156895033174761,
        0.7457681653832133
    ],
    "beta": [
        0.0,
        3.360460989361174,
        0.0,
        0.0,
        0.0,
        0.0,
        0.0,
        3.4300785908845217,
        0.0,
        0.0,
        0.0,
        0.0,
        0.0,
        -4.753428417066912,
        0.0,
        0.0,
        -1.866593535041786,
        0.0,
        0.0,
        1.3111730145358322,
        0.0,
        0.0,
        0.0,
        -0.4767552063656586,
        0.0,
        0.0,
        0.0,
        0.0,
        0.0,
        0.0
    ]
}