{
    "n": 1000,
    "active_prop": 0.2,
    "noise": 0.1,
    "seed": 109,
    "active_indices": [
        5,
        15,
        21,
        6,
        12,
        19
    ],
    "gp_features": [
        19,
        15,
        12
    ],
    "lengthscales": [
        0.7453257621319592,
        1.4197154165809152,
        0.5327486855606857
    ],
    "beta": [
        0.0,
        0.0,
        0.0,
        0.0,
        0.0,
        -3.869905852900748,
        1.9061882391977791,
        0.0,
        0.0,
        0.0,
        0.0,
        0.0,
        3.7622533483230196,
        0.0,
        0.0,
        1.102133482446293,
        0.0,
        0.0,
        0.0,
        -2.3038377378047348,
        0.0,
        4.923892073123051,
        0.0,
        0.0,
        0.0,
        0.0,
        0.0,
        0.0,
        0.0,
        0.0
    ]
}