{
    "selected features": [
        1,
        2,
        5,
        6,
        7,
        8,
        9,
        10,
        14,
        18,
        19,
        21,
        27,
        29
    ],
    "precision": 0.9285714285714286,
    "recall": 0.8666666666666667,
    "training rmse": 2.8511,
    "testing rmse": 3.1284,
    "beta_error": 0.3162,
    "tune time": 182.3656,
    "fit time": 10.0913,
    "prediction time (test)": 0.0579,
    "total runtime": 192.5147,
    "lambda": 6.3246
}