{
    "n": 1000,
    "active_prop": 0.5,
    "noise_constant": 1.0,
    "seed": 133,
    "active_indices": [
        1,
        16,
        27,
        8,
        28,
        23,
        24,
        22,
        13,
        29,
        6,
        10,
        0,
        21,
        9
    ],
    "gp_features": [
        24,
        22,
        28
    ],
    "lengthscales": [
        0.7082712934941737,
        0.3683567536079926,
        1.0152969428670873
    ],
    "beta": [
        -4.042025423253566,
        -1.252162835625609,
        0.0,
        0.0,
        0.0,
        0.0,
        2.7217265968501803,
        0.0,
        2.457767654586114,
        1.9476709757282649,
        -4.0175459294192075,
        0.0,
        0.0,
        -4.4273091084761775,
        0.0,
        0.0,
        1.6242411032387372,
        0.0,
        0.0,
        0.0,
        0.0,
        1.2926416702176642,
        -1.7563071717428427,
        -1.1335878741681684,
        2.5465949433210033,
        0.0,
        0.0,
        2.43644262439771,
        2.3556442909410533,
        -3.427269341973196
    ]
}