{
    "n": 100,
    "active_prop": 0.2,
    "noise": 0.5,
    "seed": 21,
    "active_indices": [
        23,
        29,
        17,
        2,
        26,
        28
    ],
    "gp_features": [
        2,
        26,
        23
    ],
    "lengthscales": [
        2.81498004692479,
        1.1048186255110761,
        0.8437564632255599
    ],
    "beta": [
        0.0,
        0.0,
        -2.554689533581583,
        0.0,
        0.0,
        0.0,
        0.0,
        0.0,
        0.0,
        0.0,
        0.0,
        0.0,
        0.0,
        0.0,
        0.0,
        0.0,
        0.0,
        -1.4072014371530974,
        0.0,
        0.0,
        0.0,
        0.0,
        0.0,
        -2.6556072983590226,
        0.0,
        0.0,
        4.255388930231856,
        0.0,
        3.672829631157553,
        -2.3982207911900044
    ]
}