{
    "n": 100,
    "active_prop": 0.2,
    "noise_constant": 0.5,
    "seed": 21,
    "active_indices": [
        13,
        2,
        22,
        3,
        25,
        28
    ],
    "gp_features": [
        13,
        28,
        2
    ],
    "lengthscales": [
        2.2691871371764494,
        1.3926049097973883,
        1.1529418654014842
    ],
    "beta": [
        0.0,
        0.0,
        -0.37616527861956506,
        -0.39614507143098,
        0.0,
        0.0,
        0.0,
        0.0,
        0.0,
        0.0,
        0.0,
        0.0,
        0.0,
        3.9964404787380285,
        0.0,
        0.0,
        0.0,
        0.0,
        0.0,
        0.0,
        0.0,
        0.0,
        4.146301186193227,
        0.0,
        0.0,
        1.053158915453193,
        0.0,
        0.0,
        4.073235127805219,
        0.0
    ]
}