{
    "n": 1000,
    "active_prop": 0.1,
    "noise": 1.0,
    "seed": 101,
    "active_indices": [
        4,
        2,
        16
    ],
    "gp_features": [
        16,
        2,
        4
    ],
    "lengthscales": [
        0.8357197111107949,
        1.0466748690946972,
        1.0727251992657716
    ],
    "beta": [
        0.0,
        0.0,
        -3.5267958348079578,
        0.0,
        1.1644156474244918,
        0.0,
        0.0,
        0.0,
        0.0,
        0.0,
        0.0,
        0.0,
        0.0,
        0.0,
        0.0,
        0.0,
        1.6482920338364675,
        0.0,
        0.0,
        0.0,
        0.0,
        0.0,
        0.0,
        0.0,
        0.0,
        0.0,
        0.0,
        0.0,
        0.0,
        0.0
    ]
}