{
    "n": 11000,
    "active_prop": 0.1,
    "noise_constant": 0.1,
    "seed": 0,
    "active_indices": [
        1,
        6,
        23
    ],
    "gp_features": [
        6,
        23,
        1
    ],
    "lengthscales": [
        2.331912560664108,
        1.8271044999248414,
        0.41598501983780306
    ],
    "beta": [
        0.0,
        1.573201370305398,
        0.0,
        0.0,
        0.0,
        0.0,
        -1.8392522645555265,
        0.0,
        0.0,
        0.0,
        0.0,
        0.0,
        0.0,
        0.0,
        0.0,
        0.0,
        0.0,
        0.0,
        0.0,
        0.0,
        0.0,
        0.0,
        0.0,
        1.4839336354584942,
        0.0,
        0.0,
        0.0,
        0.0,
        0.0,
        0.0
    ]
}