{
    "n": 1000,
    "active_prop": 0.1,
    "seed": 31,
    "active_indices": [
        0,
        29,
        5
    ],
    "gp_features": [
        5,
        29,
        0
    ],
    "lengthscales": [
        0.9454063428710553,
        0.9390655224900452,
        0.5015395102561208
    ],
    "beta": [
        3.258758145333511,
        0.0,
        0.0,
        0.0,
        0.0,
        2.4476035594313927,
        0.0,
        0.0,
        0.0,
        0.0,
        0.0,
        0.0,
        0.0,
        0.0,
        0.0,
        0.0,
        0.0,
        0.0,
        0.0,
        0.0,
        0.0,
        0.0,
        0.0,
        0.0,
        0.0,
        0.0,
        0.0,
        0.0,
        0.0,
        2.2655825786314026
    ]
}