{
    "n": 11000,
    "active_prop": 0.2,
    "noise_constant": 1.0,
    "seed": 5,
    "active_indices": [
        13,
        2,
        29,
        22,
        7,
        26
    ],
    "gp_features": [
        13,
        29,
        7
    ],
    "lengthscales": [
        1.3326428823962073,
        2.031285563391565,
        1.7223191999548146
    ],
    "beta": [
        0.0,
        0.0,
        3.4786454355095167,
        0.0,
        0.0,
        0.0,
        0.0,
        4.2888247435289575,
        0.0,
        0.0,
        0.0,
        0.0,
        0.0,
        3.596735464971454,
        0.0,
        0.0,
        0.0,
        0.0,
        0.0,
        0.0,
        0.0,
        0.0,
        3.7241601958418933,
        0.0,
        0.0,
        0.0,
        -1.2492363257622419,
        0.0,
        0.0,
        -4.851368250470901
    ]
}