{
    "n": 100,
    "active_prop": 0.1,
    "noise": 0.1,
    "seed": 4,
    "active_indices": [
        1,
        10,
        21
    ],
    "gp_features": [
        10,
        1,
        21
    ],
    "lengthscales": [
        0.4475515134279381,
        0.6448508129920143,
        0.5048996601705715
    ],
    "beta": [
        0.0,
        -1.9500528673252262,
        0.0,
        0.0,
        0.0,
        0.0,
        0.0,
        0.0,
        0.0,
        0.0,
        -3.073051988653428,
        0.0,
        0.0,
        0.0,
        0.0,
        0.0,
        0.0,
        0.0,
        0.0,
        0.0,
        0.0,
        -0.46450686779607864,
        0.0,
        0.0,
        0.0,
        0.0,
        0.0,
        0.0,
        0.0,
        0.0
    ]
}