{
    "n": 1000,
    "active_prop": 0.3,
    "noise": 0.1,
    "seed": 122,
    "active_indices": [
        19,
        17,
        18,
        27,
        9,
        11,
        15,
        26,
        6
    ],
    "gp_features": [
        15,
        6,
        27
    ],
    "lengthscales": [
        0.455987412001763,
        1.7255879865652697,
        0.7418757856190958
    ],
    "beta": [
        0.0,
        0.0,
        0.0,
        0.0,
        0.0,
        0.0,
        1.1984039008600273,
        0.0,
        0.0,
        -3.9963368959628376,
        0.0,
        4.1482117448521,
        0.0,
        0.0,
        0.0,
        -1.712050069833416,
        0.0,
        -1.6085235555021349,
        0.5030845442853824,
        -1.5263039552470268,
        0.0,
        0.0,
        0.0,
        0.0,
        0.0,
        0.0,
        -0.8977845199409797,
        -4.296094660838097,
        0.0,
        0.0
    ]
}