{
    "n": 100,
    "active_prop": 0.5,
    "noise_constant": 0.1,
    "seed": 31,
    "active_indices": [
        1,
        29,
        24,
        23,
        3,
        12,
        17,
        14,
        22,
        25,
        8,
        16,
        21,
        19,
        0
    ],
    "gp_features": [
        19,
        3,
        22
    ],
    "lengthscales": [
        0.31079365689882105,
        1.4006461464271789,
        1.303176862414294
    ],
    "beta": [
        -3.299508632496412,
        2.779303562592129,
        0.0,
        -3.7870569222747674,
        0.0,
        0.0,
        0.0,
        0.0,
        2.3151290471611876,
        0.0,
        0.0,
        0.0,
        0.912739715378831,
        0.0,
        4.0926707072240305,
        0.0,
        -2.611011888674536,
        -2.565323998218884,
        0.0,
        3.343424292074447,
        0.0,
        -4.44292907107486,
        -1.5584676435121168,
        1.2483687572734663,
        4.264499148460686,
        3.044775846424768,
        0.0,
        0.0,
        0.0,
        -4.8779742211601915
    ]
}