{
    "selected features": [
        0,
        2,
        3,
        4,
        5,
        6,
        7,
        9,
        10,
        11,
        12,
        13,
        14,
        16,
        17,
        18,
        19,
        20,
        22,
        23,
        24,
        25,
        26,
        27,
        28,
        29
    ],
    "precision": 0.5384615384615384,
    "recall": 0.9333333333333333,
    "training rmse": 0.9571,
    "testing rmse": 2.0631,
    "beta_error": 0.6583,
    "tune time": 0.0097,
    "fit time": 0.7177,
    "prediction time (test)": 0.3277,
    "total runtime": 1.0551,
    "lambda": 0.05
}