{
    "selected features": [
        0,
        1,
        2,
        3,
        5,
        6,
        7,
        9,
        10,
        11,
        12,
        13,
        14,
        15,
        16,
        17,
        18,
        19,
        20,
        22,
        23,
        24,
        25,
        26,
        27,
        28,
        29
    ],
    "precision": 0.5185185185185185,
    "recall": 0.9333333333333333,
    "training rmse": 0.9772,
    "testing rmse": 2.0359,
    "beta_error": 0.6831,
    "tune time": 0.0332,
    "fit time": 1.4137,
    "prediction time (test)": 0.3103,
    "total runtime": 1.7572,
    "lambda": 0.0425
}