{
    "n": 100,
    "active_prop": 0.2,
    "noise": 0.1,
    "seed": 16,
    "active_indices": [
        5,
        11,
        24,
        18,
        21,
        15
    ],
    "gp_features": [
        5,
        11,
        21
    ],
    "lengthscales": [
        0.8279883094869576,
        1.2778992580539004,
        1.0554821822781748
    ],
    "beta": [
        0.0,
        0.0,
        0.0,
        0.0,
        0.0,
        0.2016314091112399,
        0.0,
        0.0,
        0.0,
        0.0,
        0.0,
        -4.183405844966731,
        0.0,
        0.0,
        0.0,
        1.9517363479745775,
        0.0,
        0.0,
        1.716604569277119,
        0.0,
        0.0,
        1.4009313841063955,
        0.0,
        0.0,
        -1.358357598394131,
        0.0,
        0.0,
        0.0,
        0.0,
        0.0
    ]
}