sigma_noise,sigma_gp,lambda,beta0,ell0,beta1,ell1,beta2,ell2
5.369947410765224,373.16838453488896,0.4247131760330625,10.513110282424726,0.6697674068686644,-28.79983097126682,2.0465621546071864,1.253548907690473,0.5550769899478771
3.522055423487317,318.8976362019701,0.48626313133157345,9.30955546567198,0.6697674068686644,-33.28923272960945,0.38209269139577173,-1.1053601051109037,0.5550769899478771
3.522055423487317,441.6770521461589,0.48626313133157345,3.6373605922670356,1.7132804566620823,-33.28923272960945,0.6926009339287962,0.8047416582505913,0.5550769899478771
3.522055423487317,92.8301422595192,0.32027538501730457,3.6373605922670356,1.7132804566620823,-31.678992699271692,0.6926009339287962,3.5277013155844337,1.6949054186848065
3.522055423487317,92.8301422595192,0.30180550986819227,3.6373605922670356,2.527961460353976,-31.094637567293773,1.1768948088850406,2.915126554691022,1.6132517920292324
3.522055423487317,6.141672581250656,0.30180550986819227,1.543490557643152,2.527961460353976,-35.00991155812626,1.1768948088850406,5.2851790582421945,0.1707370456779507
3.4861503636063227,6.141672581250656,0.30180550986819227,7.703153628256986,2.527961460353976,-36.57494434079416,5.471576470948507,5.999020636080946,0.08481474180313377
3.4861503636063227,6.141672581250656,0.30180550986819227,7.661969208001552,0.3653806580492537,-36.57494434079416,5.471576470948507,5.999020636080946,0.2318914377516084
3.4861503636063227,6.141672581250656,0.29698976589091397,4.625556234417141,0.3653806580492537,-36.57494434079416,5.471576470948507,9.931896813767402,1.6812970770457574
3.4861503636063227,6.235082509910901,0.29698976589091397,-3.0933295919590345,0.3653806580492537,-31.9954154201868,5.471576470948507,9.931896813767402,1.6812970770457574
3.4861503636063227,6.235082509910901,0.29698976589091397,-7.775506458214042,3.4144688650467923,-34.89549816659893,5.471576470948507,9.223039580966976,1.6812970770457574
3.4861503636063227,1.2279613054564218,0.29698976589091397,-6.049046869305281,3.4144688650467923,-42.80269064114386,4.715309647039982,10.761809161153456,1.2201119067143342
3.4861503636063227,2.5938181426237428,0.29698976589091397,-5.620574416580324,3.4144688650467923,-43.19644363213643,4.715309647039982,13.807329824834518,1.2201119067143342
2.906784103699617,2.5938181426237428,0.29698976589091397,-6.663787568992626,0.3442818054935903,-43.0255477668805,4.715309647039982,10.366531018515584,0.7555146896908337
2.906784103699617,0.3881414017130039,0.29698976589091397,-6.663787568992626,0.3442818054935903,-39.86397013556518,1.8265200385077893,10.366531018515584,0.7555146896908337
2.906784103699617,0.3881414017130039,0.29698976589091397,-10.113871989233322,0.3442818054935903,-33.74348558648678,1.8265200385077893,8.678474740402335,0.7555146896908337
2.906784103699617,4.002860472906215,0.29698976589091397,-2.020420998638082,2.802113507799352,-27.85561370008261,1.8265200385077893,12.100691170234672,0.7555146896908337
1.3445796872324003,2.0500254722020146,0.3517736944129782,-2.020420998638082,2.802113507799352,-27.85561370008261,4.432291433119734,12.100691170234672,1.3063274428959195
7.317773894092725,2.4103589311935125,0.19693749855014386,0.5524155404915567,2.802113507799352,-30.740511948272506,2.5123673740548442,13.207569167840143,1.3063274428959195
18.114527755483813,2.3098517063802033,0.23095289064721014,4.667075799064939,2.802113507799352,-36.90126614771312,2.5123673740548442,17.996029482476935,1.3063274428959195
17.50207166651029,2.3098517063802033,0.23095289064721014,11.895018518583964,2.802113507799352,-36.81659694709607,0.7652087448844875,11.433782251045113,1.3063274428959195
17.91056034674226,1.4197545291437836,0.2258899240956648,3.862412735204721,2.802113507799352,-41.238838334256855,0.7652087448844875,11.643323829626064,1.3063274428959195
11.998719212246435,1.4197545291437836,0.2258899240956648,2.8038686966987103,2.802113507799352,-37.92881185376859,0.7652087448844875,9.73926624072358,1.3063274428959195
5.208129313811851,1.4197545291437836,0.2258899240956648,2.8038686966987103,2.802113507799352,-36.78682552213537,0.7652087448844875,1.8870759971886066,1.3063274428959195
5.208129313811851,1.4197545291437836,0.2258899240956648,0.216314473055911,6.5630845399490845,-29.187083428620642,1.2139175436290137,1.732665803262798,1.3063274428959195
5.0039590704401435,1.4197545291437836,0.2258899240956648,6.529715757466835,0.28046850760678677,-31.144022348314,1.2139175436290137,1.5507794214438428,1.3063274428959195
6.759139073656688,3.776043892217507,0.2258899240956648,1.4086216420697086,0.28046850760678677,-24.102408645822194,0.37785550327683703,-1.5099094187345625,1.3063274428959195
6.759139073656688,0.7847677710399045,0.2258899240956648,2.5872459304476507,0.28046850760678677,-24.102408645822194,0.37785550327683703,0.9028082459658151,2.9033346198501846
6.759139073656688,0.7847677710399045,0.28389302172820957,11.272190857826141,0.25648077642089134,-28.08136476891556,2.262658944720108,-1.0851309024530305,0.3933790780472681
7.6288424370166155,1.6814663261925928,0.39207957492770984,24.857528897437952,0.3176501178212681,-30.21235769412266,2.262658944720108,3.4164621697091566,0.3450543952016923
7.6288424370166155,2.7441127834231587,0.38996693059790066,12.286045440179914,0.3176501178212681,-36.039777405669454,0.5526398274283837,5.268675580485841,0.3450543952016923
7.6288424370166155,1.1101318677978027,0.38996693059790066,12.286045440179914,0.3176501178212681,-30.653329335882958,0.5526398274283837,10.22489433189797,0.3450543952016923
7.6288424370166155,0.4625623477624005,0.7442656214855691,11.787155586493602,0.3176501178212681,-30.648185477220657,3.310757211709743,9.258706287301639,0.36769533317106806
7.6288424370166155,0.4625623477624005,0.7442656214855691,8.075996288440738,2.0129042034549434,-33.09054106362291,3.310757211709743,13.793961120967767,0.36769533317106806
7.6288424370166155,0.4625623477624005,0.5558361201445239,1.1847381865396152,3.706436370346875,-31.39131722649071,0.6316804771188683,6.205444760058477,0.36769533317106806
7.6288424370166155,4.153453269006004,0.4879293021550496,-5.179413181930106,3.706436370346875,-39.1238446120214,0.27446762798929114,-0.7988773614714626,0.36769533317106806
7.6288424370166155,4.153453269006004,0.4879293021550496,-5.539677986190163,3.706436370346875,-39.587437307649566,0.27446762798929114,-7.329019240871515,0.46094328591244493
7.6288424370166155,4.153453269006004,0.4879293021550496,1.3774538762640898,0.8441972766468482,-38.10049814282036,0.27204576267148683,-14.219243303799985,0.46094328591244493
7.6288424370166155,25.657432255426116,0.4879293021550496,3.5796921581852317,0.8441972766468482,-39.00221789022325,0.11026550090336946,-11.980762274600602,0.14675402832120804
5.753736078224618,25.657432255426116,0.4879293021550496,1.8161319648709453,0.1820377651041107,-40.401116318563695,0.12363590728336066,-14.321537839983316,0.14675402832120804
5.753736078224618,25.657432255426116,0.4879293021550496,4.046281516763079,0.1820377651041107,-40.04952434904144,0.12363590728336066,-16.434766466965883,2.94053511784982
5.753736078224618,30.988536208850558,0.2857378369028318,4.89681305159142,0.1820377651041107,-37.42625014879549,0.3229785138130471,-13.373326366914155,1.6847276348112123
5.753736078224618,5.549370239688258,0.2857378369028318,1.0317467063943546,0.4388276227755061,-37.99417362058997,0.3229785138130471,-15.807859258478349,1.047881883201124
7.280722738308304,0.4794340660896873,0.3962971928232736,2.475641291157698,2.6584314587894142,-37.99417362058997,0.3229785138130471,-13.77236717511976,1.7386250837301584
7.280722738308304,0.8604415065616332,0.4456958818160983,3.34654754349996,0.1468054731871209,-42.15858200449318,0.3229785138130471,-1.5302946482764703,2.8956587134381118
9.47060806882726,0.8604415065616332,0.4456958818160983,-0.6257974590088251,0.9956640975819961,-42.52865790820876,5.6515060756455044,-1.1609374861066541,1.5431082670316796
11.338888542137235,2.58032064200333,0.624279882644658,9.753211380237339,0.9956640975819961,-42.52865790820876,5.6515060756455044,-2.9380130524514625,1.5431082670316796
11.338888542137235,2.58032064200333,0.624279882644658,6.481903815454477,5.35707447497755,-42.78608432695457,0.21875187328164472,-5.508775345349637,3.501820525728177
11.338888542137235,0.770635048416437,0.624279882644658,9.579442594322645,1.5728700186275688,-39.097938401979995,0.7509819230614027,-14.029070647895203,3.501820525728177
11.338888542137235,0.770635048416437,0.33249874556238124,11.156142728561184,1.5728700186275688,-40.36590527360071,0.44950162271785005,-15.936330036159603,6.751462710513257
11.338888542137235,0.770635048416437,0.4330653576420124,12.41747257483935,0.6172187319834813,-39.617667969051695,0.44950162271785005,-12.135617601458971,6.751462710513257
4.6069548970162515,0.770635048416437,0.41072147000841175,19.9163731908177,0.6172187319834813,-33.08239638105714,0.44950162271785005,-12.135617601458971,6.751462710513257
8.411075738940008,5.886160579987933,0.4210648122116607,22.62563499257672,0.6172187319834813,-36.02522140045403,2.097356384642657,-6.7910991009045185,0.8893386513977863
8.411075738940008,0.3823680019770809,0.4210648122116607,22.60178028662213,2.9633430173897763,-36.14990443985588,2.097356384642657,-9.4484928302802,0.8893386513977863
8.411075738940008,0.7055245388732659,0.4210648122116607,20.51043606165338,2.9633430173897763,-36.87291199640529,2.097356384642657,-10.118548121931358,2.3448662693056157
8.411075738940008,0.7055245388732659,0.21120232477448161,33.859579344539966,0.9207111283129908,-41.497683616781444,2.097356384642657,-10.118548121931358,2.3448662693056157
8.411075738940008,0.7055245388732659,0.17698196664199572,36.022207566993195,1.5267024653866896,-43.33727710648038,0.6034869193650676,-12.06515141670546,1.7682311343729835
22.071476710378867,1.7016182944058007,0.17255175372618003,29.865352586040366,1.5267024653866896,-46.891739009553106,0.5148666031536254,-7.3053581148701925,4.3234888453688765
27.68653643132508,1.7016182944058007,0.336065790019064,25.030644205708185,1.273196775219047,-40.224366276800566,1.1730033463854428,-9.824551287102711,0.6868456685721606
27.68653643132508,1.7016182944058007,0.7996307222615396,33.75086618424957,2.480842267797471,-43.03402497874045,0.3361459245931871,-0.3305769617590535,0.6868456685721606
10.465178454276861,1.780257606430974,0.6743681657623173,32.119601738307466,2.480842267797471,-46.99487506672551,0.3361459245931871,2.9112490246741363,1.1163501047378515
6.368283845830466,0.9918756888122119,0.4610091739895831,35.38566975838794,2.480842267797471,-49.73280757951774,0.3361459245931871,5.813163880479445,1.1163501047378515
6.368283845830466,2.69255154145799,0.5246947863095998,38.11087748292548,2.480842267797471,-50.85637945460792,0.3361459245931871,3.6559272670629843,1.1163501047378515
6.368283845830466,2.69255154145799,0.49011278596458224,33.827684150183224,2.480842267797471,-50.85637945460792,0.10376336408483669,4.6081909000514125,1.1163501047378515
6.368283845830466,55.781130734653146,0.2628741925767635,32.099081224264765,2.480842267797471,-53.86263903112928,0.5042727005588341,8.366086294275021,2.8443803271083667
6.368283845830466,53.095206801824055,0.2628741925767635,34.681932343426794,2.480842267797471,-53.007402283627336,0.5042727005588341,4.678282295728222,0.6687670908470603
6.368283845830466,65.54774454437543,0.2628741925767635,31.703315844984864,0.6220640691061636,-51.4877781024022,0.5042727005588341,7.63854504900849,0.6687670908470603
6.368283845830466,6.569197431453801,0.32366190143669005,34.646929985861334,0.6220640691061636,-49.77417288866672,0.5042727005588341,14.547543598075997,0.6687670908470603
6.368283845830466,0.9885870598261272,0.32366190143669005,37.781757793647756,0.6220640691061636,-45.915870070612606,0.2607515549091586,5.982899857197083,1.203352463125691
7.37906693244742,0.9885870598261272,0.5656447576861489,36.466746727357744,0.6220640691061636,-45.071836854104454,0.2607515549091586,5.371098433682783,0.22066193081202298
7.37906693244742,0.9885870598261272,0.5656447576861489,32.46668765359095,0.757968712539263,-46.146129051230716,0.9781994781868912,3.448686218083422,0.08426753366887327
7.37906693244742,0.9885870598261272,0.3939327270106957,30.743304791159094,0.757968712539263,-41.618288346965585,0.9781994781868912,3.773535318403538,0.18676525499305144
6.545722210868579,2.190719035220826,0.3939327270106957,33.61335760265178,0.757968712539263,-39.183123557983066,0.9781994781868912,-4.014815154071175,0.18676525499305144
6.545722210868579,2.190719035220826,0.3939327270106957,21.395122772484363,0.757968712539263,-36.5556238694551,0.4281971695649655,-5.042299062201856,9.976865231582531
8.224420524073976,2.190719035220826,0.3939327270106957,24.10309734887414,0.9798906984806489,-37.60335935098179,0.4281971695649655,-1.4010974629311015,9.976865231582531
8.224420524073976,0.3021252884123064,0.5025137548589745,18.579951200004256,0.9798906984806489,-37.12953382737779,0.4281971695649655,3.506277070958914,0.11500903380706405
8.224420524073976,0.3021252884123064,0.4873768560202253,20.138640398245425,0.9798906984806489,-33.536083971536996,0.4281971695649655,5.224330900613495,0.6893881145458448
8.224420524073976,0.3021252884123064,0.3435634979166204,21.565837994465646,0.9798906984806489,-36.55123635335621,4.547821182029189,-3.8743716040456295,0.6274782178853768
10.216275863895518,0.7064568055192703,0.4030609469838903,15.620098330946572,0.9798906984806489,-33.67441193613816,0.5204830215052964,-0.6881051152172599,0.6274782178853768
10.216275863895518,0.7963284269707996,0.40268547165024615,23.844452216802598,0.9798906984806489,-31.10627968269191,3.1265783704184287,1.8599060626013992,1.1396508476458296
10.216275863895518,0.7963284269707996,0.47825823809415025,26.63028162884413,0.9798906984806489,-30.304454094088168,0.25146267475369666,-5.032292581910846,1.1396508476458296
10.216275863895518,0.5362602518026119,0.47825823809415025,16.717993272066906,0.9798906984806489,-20.599068408811195,0.5426952956968027,-8.983371093796189,1.1396508476458296
10.216275863895518,0.5362602518026119,0.47825823809415025,13.580627583810578,0.9798906984806489,-20.10652835980515,0.5426952956968027,-12.751105321108593,1.1396508476458296
4.023874710966314,0.5362602518026119,0.47825823809415025,13.580627583810578,0.9798906984806489,-21.147907714268086,0.5426952956968027,-6.987106040335977,3.1975922997054904
7.027490527363049,0.5362602518026119,0.5085796940602099,8.998981573333594,0.6597595806226361,-19.820709735172812,0.5426952956968027,0.699332583080694,0.17730032988341513
6.107727915063039,0.5362602518026119,0.5085796940602099,9.016433178473154,0.6597595806226361,-20.84406695730453,0.5426952956968027,-4.317740880996411,0.3963529393068513
4.905100152001019,0.9437212225310612,0.5085796940602099,9.967411199054947,0.4258086850089408,-22.737050317621993,1.540768525514403,-3.739524005570226,0.5690763271672801
2.698488464349692,0.9437212225310612,0.5085796940602099,16.675144570623235,0.4258086850089408,-21.012669538493885,1.540768525514403,-0.025593951111401836,0.5690763271672801
2.698488464349692,2.12623466237481,0.433072411964117,20.80395388839845,0.4258086850089408,-15.901137357379032,1.540768525514403,-0.7080939423528227,0.5690763271672801
4.1169606959796985,2.12623466237481,0.433072411964117,17.247962599078907,0.4258086850089408,-17.575489973983885,1.4999931389941772,-0.5590942295703847,3.3689429858810835
4.1169606959796985,6.188460294018002,0.22832560616106706,13.001372133737211,3.1999289724124997,-20.303025683574592,1.4999931389941772,3.412377031270556,3.3689429858810835
4.1169606959796985,6.188460294018002,0.31141091436610974,16.088461373016596,1.7533422949240232,-20.900407663993605,3.6434253568487516,0.8922739000441013,0.9440895521007109
4.1169606959796985,0.4350461328434318,0.31141091436610974,10.903667306178544,1.7533422949240232,-16.34160198440778,3.6434253568487516,7.78677907776094,0.9440895521007109
4.1169606959796985,0.6697668375158226,0.2982433016287961,5.58805437831915,1.483627491776086,-17.958972455976593,1.2261634120028595,3.579251948302418,0.372212752355747
4.1169606959796985,0.38479285493857907,0.3419881547944827,2.0267713131391774,0.32132683432987297,-17.958972455976593,0.8029544848201741,3.9600246239210515,3.038407689387738
4.1169606959796985,0.38479285493857907,0.3419881547944827,2.0267713131391774,0.32132683432987297,-19.618480287499104,0.1247659229669862,2.1977484473293307,3.038407689387738
4.1169606959796985,0.38479285493857907,0.3316404736832154,-7.348013079893336,0.32132683432987297,-21.18884733972455,0.1247659229669862,3.369492595657971,3.038407689387738
4.1169606959796985,0.5915180640083947,0.3316404736832154,-11.714180386889957,0.32132683432987297,-27.427825465309986,0.1247659229669862,9.834987480183546,0.23068875684309512
4.1169606959796985,0.9912264036401349,0.3316404736832154,-10.263604690408352,0.060758341099434746,-31.79208949904463,0.16397006146581042,6.9705359535898275,0.23068875684309512
4.1169606959796985,1.1958748861841646,0.3345428169212767,-10.263604690408352,0.060758341099434746,-34.648372224276166,0.22462622379342448,7.954971160638959,0.2707153780425685
4.1169606959796985,14.60597056622881,0.3345428169212767,-9.294219981818399,0.060758341099434746,-37.04693323088127,1.2897328276456175,11.347272159172924,5.931689616430388
4.1169606959796985,52.65115572992617,0.35091179464425193,-9.294219981818399,0.9014164128915164,-36.304963941395435,2.3599325150587775,8.18822643522573,5.931689616430388
4.1169606959796985,2.5767188760469386,0.3261465630147366,-5.8892191386933215,0.9014164128915164,-43.022437016803835,1.5184649781734871,7.918134119019448,5.931689616430388
2.141290581282606,0.882183421441395,0.3261465630147366,-5.8892191386933215,0.9014164128915164,-40.90360114908002,1.5184649781734871,7.026015177988571,5.931689616430388
5.267439903076172,0.882183421441395,0.3261465630147366,-7.7879051236210435,0.9014164128915164,-48.71363077522755,1.5184649781734871,8.502062986387614,0.2672022178147426
5.267439903076172,0.882183421441395,0.35124331440668694,-7.739312441404699,0.9014164128915164,-49.661489425761935,0.7974636473984323,8.502062986387614,1.4402707059895405
5.267439903076172,2.2664594264170237,0.2942228599523735,-7.147793398515356,0.9014164128915164,-45.24292755778382,0.7974636473984323,2.785427425467873,1.4402707059895405
10.198123250188319,2.2664594264170237,0.15427792256830167,-5.72003710585033,0.9014164128915164,-43.73438576851123,1.3441157939082962,3.6875698231565224,1.4402707059895405
10.198123250188319,70.61196677506972,0.16132993275089533,-17.577737343114034,0.9014164128915164,-43.92194589117091,1.3441157939082962,4.488975153695101,1.4402707059895405
10.198123250188319,34.09136814537375,0.20882187396765814,-15.106172554854584,2.8143140614421056,-45.991797346114524,1.3441157939082962,5.3471183091433465,0.956666710463511
8.418511691558884,34.617195864477544,0.20882187396765814,-8.898897076227303,2.8143140614421056,-44.55839912840836,1.3441157939082962,8.477800451556298,0.956666710463511
24.37484298861339,34.617195864477544,0.1855209054709204,-2.356731934522358,2.8143140614421056,-48.84047349192026,1.3534818546409413,4.170922933460438,0.278846597751536
15.19604753580756,34.617195864477544,0.5239928873379563,-1.9273562677042195,2.8143140614421056,-46.77290604152683,1.3534818546409413,1.121966813513751,0.278846597751536
12.44659879099374,34.617195864477544,0.4440736507186836,-4.43432124405688,0.5407211506414835,-51.16667975983819,1.3534818546409413,6.4544431392994825,0.278846597751536
12.44659879099374,12.059251827384006,0.6276273698894035,-4.43432124405688,0.5407211506414835,-48.082407792597365,1.8485784814734894,5.426083849677916,0.5158161004960521
12.44659879099374,8.270720470429946,0.6911536953802012,2.2997925056210686,0.5407211506414835,-46.03091252404742,1.8485784814734894,5.568860683480071,0.5158161004960521
12.44659879099374,8.270720470429946,0.6965960629269935,3.594874928369083,0.23035679525630734,-48.45858107979324,1.8206128192558106,4.215119852294454,0.29359212942262647
14.682541635136536,1.1939651115097547,1.0573041011271311,-1.61306745137529,0.23035679525630734,-46.53497813058929,1.8206128192558106,6.149737943967803,1.8200903710988356
14.682541635136536,0.5215790631209114,0.3993986748206241,-10.119189738753711,0.23035679525630734,-45.170165448030296,0.32342527373160973,6.14353932264705,1.8200903710988356
14.682541635136536,4.64828054427214,0.3993986748206241,-10.519191845363373,0.23035679525630734,-44.41508289678905,4.449800578062344,5.390560795864753,1.8200903710988356
14.682541635136536,3.6187649902246446,0.3993986748206241,-10.865053568876615,0.32844202494789426,-39.75163458342639,1.1552284217916802,0.012440022091341874,1.007964468021107
7.3671111212708,6.332493889293444,0.3993986748206241,-22.4029299461494,1.931027144013111,-39.00487719590539,1.1552284217916802,-4.917951886206462,1.007964468021107
8.87821522435414,6.332493889293444,0.5138145198270697,-23.22321364944005,1.931027144013111,-34.804593590210274,1.1552284217916802,-8.116627506596227,2.5816689423428802
8.87821522435414,1.0556037440231547,0.5138145198270697,-23.53546222174599,1.931027144013111,-31.23825290654877,0.1331849615647666,-6.586406969939041,1.7309433936833978
8.87821522435414,1.2674706284473483,0.5138145198270697,-30.241110499793734,0.5222312481856612,-32.722936823452294,0.1331849615647666,-1.474579981611691,5.1016868849544945
6.061209132582053,1.2674706284473483,0.5138145198270697,-28.157902441065833,4.879607484302833,-33.031373044917906,1.8795572653258212,-5.669171955236666,8.884407910337819
6.061209132582053,0.9503430041388997,0.5138145198270697,-28.9891921159836,1.0259759569979752,-34.42841983881098,4.726391744787268,-1.9728646749337928,8.884407910337819
6.061209132582053,1.30091779836479,0.5138145198270697,-31.148020745435772,1.0259759569979752,-35.75695144471776,1.0136903873956196,5.53054799131314,8.884407910337819
6.061209132582053,0.9833461875146253,0.5138145198270697,-25.971534843622017,1.9905123600372507,-39.24725144422328,1.0212738557626793,9.466767186766084,8.884407910337819
6.061209132582053,0.9833461875146253,0.5138145198270697,-22.084661809202288,1.9905123600372507,-36.01933417429491,0.4387305659502863,15.871130919539002,8.884407910337819
6.061209132582053,0.9833461875146253,0.5138145198270697,-22.084661809202288,1.9905123600372507,-32.69030440023919,0.48774980224548703,16.993620556880177,7.841599590673068
6.061209132582053,0.9833461875146253,0.5138145198270697,-21.984032042376327,1.9905123600372507,-32.69030440023919,1.509028871998128,9.986259321799917,2.2940672602954053
5.773813841940921,0.9833461875146253,0.5839176332245217,-21.53332218983206,1.605510494256304,-36.306910695364316,1.1078313108903206,14.769552864459742,2.0206599429717893
5.773813841940921,0.9833461875146253,0.7141492488251405,-21.53332218983206,1.605510494256304,-38.66064534932538,1.1078313108903206,14.769552864459742,2.0206599429717893
5.773813841940921,0.899175830349696,0.7141492488251405,-18.496541520382767,1.183007867876872,-38.408474856440264,0.332631555242967,14.769552864459742,2.0206599429717893
7.04691169805015,0.899175830349696,0.7141492488251405,-9.111072619602304,0.5509421704656451,-35.57269113703719,1.1715522894603694,9.786676413644408,0.5039277070557032
10.745063588492078,0.899175830349696,0.6994573615638568,-14.492607470980705,0.5509421704656451,-32.69252701371624,1.1715522894603694,10.14207000481726,1.7784360367799192
10.745063588492078,0.899175830349696,0.6994573615638568,-12.902367541316675,0.5509421704656451,-33.49315238941414,1.1715522894603694,2.3222357888383662,0.6904112500454658
9.861125439704969,0.7986453012835989,0.7057994919575657,-12.902367541316675,0.5509421704656451,-35.052836971263375,1.1715522894603694,4.449828630042477,0.6904112500454658
14.186601326695635,0.7986453012835989,0.7057994919575657,-6.984427395676248,1.469038960978854,-41.64501475823901,1.1715522894603694,6.472212583567296,1.8091184578146353
15.844703702281823,0.7986453012835989,0.7057994919575657,-6.497961423152703,1.469038960978854,-42.26418016395114,1.1715522894603694,8.516354133476828,1.8091184578146353
6.678796221760846,0.7986453012835989,1.0217139407385107,-2.1527348196671605,9.16105007082249,-42.14707755051942,1.1715522894603694,8.516354133476828,1.8091184578146353
6.678796221760846,0.7986453012835989,1.0217139407385107,-5.179210100014279,6.11719792143494,-42.14707755051942,1.1715522894603694,2.163541581905581,1.8091184578146353
6.388000658584955,0.7986453012835989,1.0217139407385107,-4.498376849547544,10.482018418116414,-42.14707755051942,1.1715522894603694,2.6916160598723495,1.3216637590804126
6.388000658584955,2.1381033718813782,1.0217139407385107,-4.498376849547544,1.2830543539189612,-43.867228075368885,1.7382963667483369,-0.4389977278589323,1.3216637590804126
6.388000658584955,2.1381033718813782,0.9613683706183563,10.881095480516993,1.2830543539189612,-43.867228075368885,0.43558214313660154,-0.4389977278589323,0.22226755779659188
16.921523980565745,3.5406610632066067,0.5379950872892938,10.10209704880584,1.1558966770136783,-46.66184049585238,1.149109857526012,-3.7136339145758654,0.2883565506845826
16.921523980565745,3.5406610632066067,0.7612332148663074,11.211246212614212,0.3381743633695815,-57.20166157289538,0.4637615516098554,-7.9240759492394055,0.2883565506845826
16.921523980565745,0.7003079626116769,0.5627617598360107,10.103473570105225,0.21358605356283936,-58.34012037068026,0.4908857320924459,-7.063987786445826,0.2883565506845826
15.429198309425521,0.9442838930762685,0.620008027714906,9.616907255251403,0.7349175195558809,-61.00404183083096,0.4908857320924459,-5.27014773120921,0.2883565506845826
15.429198309425521,0.7629209396833949,0.620008027714906,7.721723868794989,0.7349175195558809,-61.34249489087726,1.034699934590287,3.3294019017883905,0.2883565506845826
37.73592955267102,0.7629209396833949,0.620008027714906,7.721723868794989,0.6580096929182885,-61.34989261296086,1.034699934590287,3.3294019017883905,0.2883565506845826
7.694711643853218,2.4076606424126625,0.6003958999693788,0.2610344639974036,0.6580096929182885,-59.29601078211709,2.0817608792200892,2.0627030083029614,0.5588927889700985
7.694711643853218,2.4076606424126625,0.6003958999693788,0.2610344639974036,0.3333922860436307,-60.744191043917745,0.2908094083496054,6.882532442544827,0.4096246942518249
9.088379943645066,2.576919322237238,0.508156325454507,-0.07049800117564103,0.3333922860436307,-55.83005237978117,0.23758276778947893,5.343428384573697,0.4096246942518249
9.088379943645066,2.576919322237238,0.508156325454507,1.445349641110897,1.1255985240067545,-58.11524229467289,0.23758276778947893,4.745763065607623,0.4096246942518249
9.088379943645066,2.9347204033895555,0.508156325454507,0.26291718435718336,1.1255985240067545,-58.55844544114217,0.23758276778947893,8.819372502248235,3.9731752336019457
9.088379943645066,6.280638408312728,0.508156325454507,1.1061140715646616,1.1255985240067545,-58.01693469834224,0.8429572920347299,15.969379896375848,5.9393663238512495
9.088379943645066,25.377628852039095,0.508156325454507,3.508004437797894,1.1255985240067545,-54.74275194734181,0.8429572920347299,19.624688024836093,23.9550472486261
9.088379943645066,68.21567430585746,0.3933382740872267,-2.1162964325330313,1.1255985240067545,-57.37598368182587,0.31530509237063964,16.489762181196337,0.2984138700121849
6.447171601856497,61.72693826461215,0.3388429893181085,-7.02911565306742,1.1255985240067545,-58.114655522951665,0.31530509237063964,14.643856054121995,0.13931800620701862
5.594732329037598,0.21758970311314801,0.3388429893181085,-10.315876014919823,1.1255985240067545,-55.63562741850329,0.31530509237063964,11.753442212993027,0.14726350254195814
5.594732329037598,0.21758970311314801,0.1346239410505868,-0.8575046531944235,0.6576219869335834,-55.271044581759874,0.34060318304429643,13.980773772869156,0.5879164832167152
4.274258651797849,1.5822801985612183,0.21000831743813347,1.5383890990827003,0.6576219869335834,-57.831285021029124,1.403754395083661,13.782922754829272,1.004633532663488
4.274258651797849,2.072925637718667,0.21000831743813347,7.920028915030077,0.713779523771603,-47.42721212499572,1.403754395083661,13.782922754829272,1.004633532663488
4.274258651797849,13.571382198367404,0.1839149450520266,12.080654893918664,0.9689290329636321,-47.67513741494304,1.179593456822534,12.993141112169207,4.145942189514475
4.274258651797849,13.571382198367404,0.22567856458921082,4.0282607783179,1.4254759718141687,-45.79423345625193,1.1974754286063725,12.993141112169207,0.5373427238223053
4.274258651797849,24.79534656135383,0.2602957880651349,4.0282607783179,1.4254759718141687,-40.06329718345643,1.1974754286063725,10.81346969776298,0.5373427238223053
4.82408473828496,26.9025567453685,0.2602957880651349,8.478627627429741,1.115311035432511,-39.79650700810493,1.1974754286063725,8.543259516157207,0.23785787676116749
4.82408473828496,26.9025567453685,0.2602957880651349,9.445972968182026,1.115311035432511,-35.15261244398566,1.1974754286063725,8.991289366409386,0.6255696231925308
4.82408473828496,26.9025567453685,0.23693060464703775,6.0992877198646855,1.115311035432511,-36.81367894684548,0.8312706968295641,5.742201979091195,0.6255696231925308
2.9076208705552657,26.9025567453685,0.6302350067530476,-4.27871423111014,1.115311035432511,-36.81367894684548,0.8312706968295641,3.1179781607109605,0.6150920646133797
2.9076208705552657,26.9025567453685,0.3139145994452364,-6.027507154507672,1.115311035432511,-34.555804472578245,0.8312706968295641,3.1179781607109605,0.6150920646133797
2.9076208705552657,26.9025567453685,0.3139145994452364,-3.0674083812959183,3.06189368583218,-36.824161718602426,0.8312706968295641,-4.672074099605309,0.6912809372478671
2.9076208705552657,11.23380881816247,0.3139145994452364,0.134487498368701,3.06189368583218,-40.32093982146157,0.32364848935438456,-5.7921127123923615,0.6912809372478671
4.024416254619828,11.23380881816247,0.3139145994452364,-6.189649607706207,3.06189368583218,-40.83969693951693,0.32364848935438456,-7.614997359092338,0.5121342037968616
4.024416254619828,11.23380881816247,0.3139145994452364,-6.642514811324682,0.39094918383429594,-40.669562268519755,0.3668563189172608,-5.279120377967098,0.5121342037968616
4.024416254619828,2.1534835045591576,0.25950187556703,-6.4326598200513505,0.39094918383429594,-39.99262998104734,0.18382014088046883,-5.279120377967098,0.5121342037968616
2.631481264279266,2.1534835045591576,0.23089591724525876,-11.203613419421778,0.39094918383429594,-38.09520317587179,0.24256102230613164,-9.284701795016925,0.5121342037968616
5.636436656463369,7.611008506166948,0.3052581616474824,-11.203613419421778,0.39094918383429594,-42.87483508931308,0.2544588046004399,-8.854678136927344,2.2813383650975663
5.636436656463369,7.611008506166948,0.3052581616474824,-0.17436210793239226,0.15885308906768747,-43.0122912079237,0.2544588046004399,-8.854678136927344,3.397599725044424
5.636436656463369,5.052826305891416,0.306416507124863,-0.17436210793239226,0.15885308906768747,-43.044510535852616,0.2544588046004399,-6.064577133107143,4.074496167822075
5.961641306010114,0.4428400606586571,0.30418795234463325,3.178044602727567,0.15885308906768747,-47.80958677193825,4.018747152790231,-10.692921120131317,0.38867558789359974
5.961641306010114,0.4428400606586571,0.30418795234463325,-0.4886898849653849,0.15885308906768747,-45.71292058042666,4.018747152790231,-10.692921120131317,4.168328784730911
5.961641306010114,1.100325741253514,0.62018283266758,-0.4886898849653849,0.15885308906768747,-41.460163245581285,4.300873892063378,-4.763151449494399,4.168328784730911
5.961641306010114,1.100325741253514,0.46690078393300444,-5.688663591812164,0.15885308906768747,-40.842363427585504,0.11387665434776092,-4.069954384165103,4.168328784730911
9.455507391248664,1.100325741253514,0.46690078393300444,-2.3067868997294165,1.632360669521656,-39.482920456517135,0.11387665434776092,-12.434515951355486,4.168328784730911
9.455507391248664,1.100325741253514,0.46690078393300444,-4.440689371627828,1.632360669521656,-45.28000941776476,0.11387665434776092,-12.434515951355486,4.168328784730911
5.191205066365916,1.1095768786443538,0.46690078393300444,5.2228582505480965,1.632360669521656,-48.41773298192532,0.23471333246714393,-10.205920043380011,0.8779875947176361
11.32967794069771,0.7989061695762008,0.46690078393300444,12.671342293459244,1.632360669521656,-45.72413498782735,1.6788036609617005,-11.103191511714595,0.8779875947176361
6.731451431060138,0.9278478144253115,0.6407610502624148,27.68226470270416,1.632360669521656,-47.14113847566271,0.6549964932587933,-3.4785144589856225,0.8779875947176361
8.80169148010948,0.6028569938711057,0.6407610502624148,24.45521761747029,1.632360669521656,-53.182080647827206,0.6705898334282805,-1.0038184202271272,1.0031736677721748
8.80169148010948,0.6028569938711057,0.790388489376033,26.93973233442957,1.632360669521656,-57.67616411059098,0.6705898334282805,-2.529757276761363,1.0031736677721748
28.553139883973717,0.6028569938711057,0.790388489376033,23.46661112740081,1.632360669521656,-58.06954757349537,0.6705898334282805,1.3648322917672533,1.0031736677721748
18.15252011131595,0.7206825099311304,0.790388489376033,26.21818615362832,1.1822313913513267,-54.41021226208291,0.6705898334282805,1.9246511317272255,0.26982868173150815
18.15252011131595,0.7206825099311304,0.46857598396749345,25.63745753033543,1.1822313913513267,-59.09921154845598,0.1867430911163688,8.062307809942709,0.26982868173150815
18.15252011131595,0.7206825099311304,0.5581281237790005,32.947555390219364,1.1822313913513267,-57.66628784836729,0.33817037591892424,2.4489521004826145,0.16727082664462273
18.15252011131595,1.870219930372344,0.5581281237790005,34.76981687693802,1.1822313913513267,-60.9717763057117,0.6519739632942331,-0.8898688215640553,0.16727082664462273
18.15252011131595,1.870219930372344,0.4554792138404263,30.397027739700103,1.1822313913513267,-67.42293435250015,0.5366221227303785,1.127679677594446,0.16727082664462273
18.15252011131595,0.48262229108839255,0.9947915670595937,29.9764742012851,1.1822313913513267,-70.88648345225509,0.5366221227303785,4.888742221250713,0.16727082664462273
18.15252011131595,0.48262229108839255,0.9947915670595937,29.9764742012851,1.1822313913513267,-70.88648345225509,0.5366221227303785,6.8614742721382855,0.16727082664462273
14.139345863755857,0.3365590635681972,0.8832538801770926,26.784864498562126,0.8793298532772723,-70.35315349118906,1.0219514904895313,5.347231263060743,0.16727082664462273
14.139345863755857,0.3365590635681972,0.8527760021231587,11.56979638054873,0.8793298532772723,-67.32283828822705,1.0219514904895313,-1.5799465623756284,0.5077572946620394
14.139345863755857,0.22780708601607813,0.8201503923490545,9.101041764239179,0.8793298532772723,-66.95758441438434,0.8392651834290775,-1.9545796281622283,2.6352781740024067
14.139345863755857,2.3107407349290123,0.8710931137469458,-4.820896890334826,0.8793298532772723,-70.8953928213499,0.8392651834290775,-7.2446710221678,2.2873801600165766
74.34555234299455,2.3107407349290123,0.8710931137469458,-4.353236981265456,0.8793298532772723,-63.51164295178486,0.8392651834290775,-0.35577181865845997,4.0009064904619835
35.50284962924084,2.3107407349290123,0.8710931137469458,-9.177689029547459,1.263715969050124,-57.19996768962429,0.8392651834290775,4.197166849809849,2.7302822062071255
38.075517268793924,2.3107407349290123,0.8710931137469458,-11.255570924924289,2.132241809266995,-62.74831583776961,0.25082311470450647,4.008162920432055,2.7302822062071255
14.529628917187095,2.3107407349290123,0.5358462037112651,-8.812265924259847,2.132241809266995,-66.35447857585325,0.25082311470450647,3.1173602708097503,2.7302822062071255
14.529628917187095,2.3107407349290123,0.3824808800980393,-16.979077532734202,5.180349213325064,-64.13145932070168,0.3357351790085917,5.160035154756604,2.7302822062071255
14.529628917187095,1.6773436906238464,0.3824808800980393,-14.097923893978853,5.180349213325064,-61.73577972357708,0.3357351790085917,6.074325812358673,2.7302822062071255
14.529628917187095,1.6773436906238464,0.3824808800980393,-14.226429250087458,5.180349213325064,-57.120317707127874,2.8605670993670818,2.117262726133384,2.7302822062071255
14.529628917187095,1.6773436906238464,0.6842361319508183,-9.145240456920565,5.180349213325064,-53.092330425844885,1.7954864774252968,0.6418183199273682,2.7302822062071255
17.863234938804577,7.2159210654607495,0.6842361319508183,-9.145240456920565,2.2755003668947675,-48.579933339112614,1.7954864774252968,3.8511431273747565,1.5624601093765984
17.863234938804577,2.2948235539425514,0.6842361319508183,4.915795149749091,2.2755003668947675,-48.579933339112614,1.7954864774252968,7.717743449710483,1.5624601093765984
17.863234938804577,1.950779527650303,1.1510380921000996,9.231003673459435,2.2755003668947675,-47.687859358063676,1.7954864774252968,2.7989085521834998,1.5624601093765984
17.863234938804577,1.950779527650303,0.5040298029265275,9.231003673459435,2.2755003668947675,-44.88961592622356,1.0500567140813017,3.5969172533770353,1.5624601093765984
19.212495985720956,1.950779527650303,0.6496365158602875,12.493120447909229,2.2755003668947675,-42.771853347868806,16.13878809463341,5.581570428125977,1.5624601093765984
22.832653540479452,1.5622869183459265,0.6496365158602875,17.350037291466265,0.36045028013649355,-47.2960133433024,13.688048986124151,2.5100022656994367,1.5624601093765984
22.832653540479452,1.5622869183459265,0.8152924978432503,12.971351769477568,7.365859366747386,-44.55591990519925,17.975041480908693,1.471449429411305,1.5624601093765984
8.587042990058416,3.1488512599568823,0.8152924978432503,16.11602601504624,3.7392892748345665,-41.2930778293374,1.6291613228292703,0.9833413744717461,0.24119178051684048
10.712953118330557,0.3346311370404126,0.8152924978432503,11.504659289577507,3.7392892748345665,-42.96940604487004,1.6172967592419605,-4.765605523460797,0.7643754097639642
16.83807617250673,0.3346311370404126,0.8152924978432503,11.504659289577507,3.7392892748345665,-38.547399922733774,1.6172967592419605,1.405174107097774,0.7643754097639642
16.83807617250673,0.7696339351233848,0.8152924978432503,8.00103426941867,3.7392892748345665,-34.91373687373824,1.6172967592419605,8.644365679809216,0.7643754097639642
16.83807617250673,0.7696339351233848,0.9424242804590534,8.526593958688618,4.3440349372447375,-37.06220507867667,5.008161926684597,7.4963455117911,0.7643754097639642
16.83807617250673,2.4877312685327015,0.9424242804590534,4.3371915501133955,0.2985154662627851,-34.7319727352991,0.7833634767694121,7.4963455117911,0.7643754097639642
16.83807617250673,1.6848652135613595,0.9424242804590534,-1.5772638546999653,0.2985154662627851,-36.35337759158351,0.7833634767694121,5.706075989738014,2.7725016752309513
16.83807617250673,5.863534904200569,0.9560297609213254,8.096205132368617,0.2985154662627851,-32.39818420268838,0.7833634767694121,5.706075989738014,2.7725016752309513
16.83807617250673,9.851464949524821,0.7465946148441752,-0.011249926073903183,0.2985154662627851,-33.76459247743202,0.7833634767694121,2.6139648573274887,0.9706648953508581
16.83807617250673,2.585019458107486,0.7465946148441752,-4.781495801615529,0.2985154662627851,-32.45548244385072,0.7833634767694121,-1.7722633596308417,0.7252928899305021
13.627641510960164,2.585019458107486,0.4667536792217335,-5.26854201075255,0.05769773221181418,-37.1586130070771,0.7833634767694121,0.4398109226242335,0.22005029163830256
13.627641510960164,2.2396685904697278,0.30168726737633583,8.3968895701761,0.0429063704577679,-42.51261489150321,2.065415590925272,-0.26186895858288084,0.22005029163830256
10.326438256741978,2.2396685904697278,0.30168726737633583,11.01759204739285,9.314415345913282,-46.50464410926045,0.7141698521583759,-0.7879758167350394,0.29483909874180964
9.043490552537202,0.8349684491062119,0.4143177552202838,12.887039461537103,4.440921386845633,-45.15893508252573,0.7141698521583759,-3.323828472947932,0.25677139848423797
10.272890585863427,0.8349684491062119,0.4143177552202838,10.771312402242645,4.440921386845633,-45.15893508252573,0.7141698521583759,-8.28058253831936,1.9421589480819668
10.272890585863427,3.7451534894533003,0.4143177552202838,15.794022331455102,4.440921386845633,-40.22503631404271,1.0527082223087323,-3.202360801047311,3.9362417945327524
10.272890585863427,1.1119256762749639,0.4143177552202838,3.7147436160748217,5.204036559824211,-46.627214586066486,1.0527082223087323,-1.9377223995537143,3.9362417945327524
10.272890585863427,1.1119256762749639,0.4143177552202838,-6.523935857534173,5.204036559824211,-47.15781840731377,1.0527082223087323,6.020311350904345,0.7745883328514594
10.272890585863427,1.1119256762749639,0.4143177552202838,0.4353164402632306,1.4347616911091803,-47.15781840731377,1.0527082223087323,1.8292450246542984,0.7745883328514594
7.5197519031248525,1.1119256762749639,0.4143177552202838,-0.48239596948876595,1.4347616911091803,-44.47324012012861,1.0527082223087323,1.8292450246542984,0.7745883328514594
9.993625666837275,2.123281071354602,0.4143177552202838,-3.436923534489024,1.4347616911091803,-44.866523421476955,1.0527082223087323,-2.7551959155036974,2.100786539758302
9.993625666837275,2.123281071354602,0.4143177552202838,-3.436923534489024,0.8254110919678025,-46.14166432201237,0.45418196143071243,-6.005451230712422,2.100786539758302
9.993625666837275,0.5782562518727715,0.48442490023390167,11.387094080746634,5.260172609243572,-48.2862747099202,0.7901991495719551,-5.872017791985915,2.100786539758302
7.430509530963572,0.5782562518727715,0.5287324277612165,-6.561720956816215,5.260172609243572,-44.394474782221074,0.7901991495719551,-4.539238413522678,2.100786539758302
7.430509530963572,0.6430390161237922,0.5287324277612165,-12.572866640327772,0.539375104270076,-44.444385326595125,2.8635842993179623,-1.7951362987526198,2.100786539758302
6.944909873890652,11.01779328407921,0.5486037332219438,-12.572866640327772,0.6976951678328627,-42.544353869835895,0.8726444300731354,-0.694383864547018,0.585726186419941
6.944909873890652,11.196938756624657,0.5486037332219438,-4.503994348292549,0.6976951678328627,-39.340530083249455,0.8726444300731354,-0.694383864547018,0.585726186419941
6.944909873890652,0.9853092897385156,0.5486037332219438,-9.47380117037316,0.6976951678328627,-38.073869107657444,0.5283063676449379,2.1137318285855127,0.585726186419941
6.971598539160312,0.9853092897385156,1.1519062406994018,2.0789012174332697,0.6976951678328627,-35.00470411582748,0.5283063676449379,2.1137318285855127,0.585726186419941
8.82270010868496,0.9853092897385156,0.46635119332154634,-4.329293737476083,0.6976951678328627,-37.5193560130605,0.5283063676449379,0.9331174821808457,0.5151797440960745
8.82270010868496,0.9853092897385156,0.582325630606533,-6.619908091207966,0.6976951678328627,-39.74652212269238,0.5283063676449379,5.544636074032472,4.75414623823371
8.82270010868496,1.8301004625766073,0.5819469637699324,-17.291790089520497,0.6976951678328627,-40.75164298881893,1.9672560939469197,6.432220347392539,4.75414623823371
8.82270010868496,1.8301004625766073,0.5819469637699324,-21.62320472920964,0.6976951678328627,-39.90945280681361,1.8137468305534266,6.808235147054773,4.75414623823371
8.82270010868496,0.5352563211734607,0.5819469637699324,-30.604900198170597,0.6976951678328627,-42.617900714694294,1.8137468305534266,6.4976071487757805,4.75414623823371
8.82270010868496,0.5352563211734607,0.5819469637699324,-32.396149950853754,0.6976951678328627,-42.517792684338346,1.8137468305534266,4.337741581136725,4.75414623823371
12.764780935558012,0.549141529677536,0.3153223770004125,-22.688481812910695,1.8587807970897028,-46.94005118925511,1.8137468305534266,8.80174617934794,1.988169924310228
12.764780935558012,0.549141529677536,0.3153223770004125,-11.256138374119539,0.48936110593915694,-46.346988798942675,0.4039333378198897,11.313179041109892,1.0683378752008148
4.0121101784032716,0.5166928558815714,0.2616704195000899,-8.275126714068596,0.48936110593915694,-43.389890144060864,0.3785867066296344,11.313179041109892,1.0683378752008148
4.8600065945174515,6.457258650171144,0.2616704195000899,-12.808480849741095,0.9412533238879868,-43.98699831139043,2.0570576977334163,15.03128638178324,1.0683378752008148
4.8600065945174515,21.073166941748074,0.2254471957931762,-12.808480849741095,0.9412533238879868,-46.32253057898888,2.0570576977334163,16.657929175434553,1.0683378752008148
2.8369553832565635,235.43076493796025,0.2254471957931762,-8.465800685955216,0.9412533238879868,-49.4400762310208,2.0570576977334163,13.364880219850937,1.4567330779113403
2.7737351816454683,426.71485421610043,0.2254471957931762,-12.41883345742302,0.36209392672637564,-47.51575102303033,0.2893860894108716,13.049501839489713,7.738459959991789
4.210067201759385,426.71485421610043,0.2254471957931762,-23.158968687307606,1.7385805552483244,-47.98746126520982,2.185806811906039,14.476324851788366,7.738459959991789
3.72547686968361,426.71485421610043,0.2254471957931762,-26.64415855320969,1.7385805552483244,-45.76121244776589,0.32146315474625914,14.659164317390614,7.738459959991789
3.72547686968361,426.71485421610043,0.2254471957931762,-20.562196958532937,0.856670151279907,-50.178958379705904,0.3491026079217123,18.847320341472482,5.2309220827942315
5.610370118507322,263.3577409700689,0.39206729712665556,-12.546555327159457,0.856670151279907,-50.850737710420695,0.06025745252099469,23.110361448931727,5.2309220827942315
5.5419232563304694,28.71679681742921,0.39206729712665556,-15.046413396793126,0.856670151279907,-43.73212431533969,0.06025745252099469,24.60739448500212,0.48391664717694494
5.5419232563304694,28.71679681742921,0.39206729712665556,-12.25223667730468,1.645531878231622,-38.06728711978141,0.06025745252099469,25.152954633625477,0.48391664717694494
5.5419232563304694,11.63325072597548,0.5183328242979892,-12.25223667730468,1.2145130731668243,-34.500881919378564,0.2160115448444812,29.314076263656688,1.1736830330871366
10.006583380444706,11.63325072597548,0.5183328242979892,-11.728006038432207,1.2145130731668243,-36.28327592198324,0.3198921893730681,26.212124113306256,1.1736830330871366
10.006583380444706,0.2984773590704698,0.6506679992400153,-14.506363353854043,1.2145130731668243,-35.24751268826124,1.1306520157875641,26.480506976899797,0.5974496930537511
10.006583380444706,0.16758141191830425,0.6506679992400153,-7.662766402253779,1.2145130731668243,-38.5326104698995,1.1306520157875641,25.99317548202761,0.8837610400551705
10.006583380444706,0.876161813834508,0.5827547058215067,-9.31398695691232,1.2145130731668243,-31.321945433959044,1.1306520157875641,24.516808831342406,1.4176965586606878
5.478342084597802,0.876161813834508,0.43761206740035247,2.6307564534941292,1.2145130731668243,-30.460874751104374,0.33256491283511624,29.33218787720379,1.4176965586606878
5.478342084597802,1.9725361543369324,0.3299876645276925,-12.790158622871827,1.2145130731668243,-30.460874751104374,0.45404474469377054,25.663228213994717,0.7840012589943387
5.478342084597802,1.9725361543369324,0.40286601656857823,-3.8823378850930528,1.2145130731668243,-34.52001988791236,0.45404474469377054,26.387651605629827,1.3746683795066628
10.335610210391627,1.9725361543369324,0.3057482405483039,-10.242905527742732,1.2145130731668243,-30.809199435991367,0.45404474469377054,27.180547975906013,1.3746683795066628
10.335610210391627,0.5491322481705273,0.3057482405483039,-3.2891918837048095,2.5955150370670625,-33.42692358729405,1.2459514780685315,25.95753339541464,3.4757092239431286
10.335610210391627,0.7006484132248068,0.5902439082971777,-8.401948062456142,0.46692109384605984,-32.58507133516972,1.2459514780685315,23.275402694369685,3.4757092239431286
10.335610210391627,2.223557122741629,0.5902439082971777,-12.193596427712999,0.5123545639057531,-34.18035263214369,1.2459514780685315,13.965439130199568,3.4757092239431286
4.646806812051826,0.6584483906123546,0.7636694088173344,-14.797588041961628,0.5123545639057531,-27.48726135771883,1.1552351360261346,10.400395039500093,3.4757092239431286
4.646806812051826,0.7398854517487005,0.7636694088173344,-12.624841736280194,1.499596781044434,-31.362322140846363,0.41138118281741326,7.710463333217659,3.4757092239431286
4.646806812051826,0.7398854517487005,0.5687251609149204,-8.223667441645217,1.499596781044434,-30.23403839530788,0.41138118281741326,4.4744226977618204,3.4757092239431286
3.440455442263521,0.7398854517487005,0.2494856343683161,-8.223667441645217,1.499596781044434,-27.923961651454803,0.41138118281741326,12.362413935480461,3.4757092239431286
3.440455442263521,2.8151000667156647,0.42996459724274355,-6.589546497623886,1.499596781044434,-27.923961651454803,3.378670821497612,9.810905211789203,3.4757092239431286
3.440455442263521,2.8151000667156647,0.2678100875900999,-0.8342001770296559,1.499596781044434,-25.607514075204122,2.7376625338974376,10.703224443410482,3.4757092239431286
3.6400741357147837,3.4473214898586515,0.3911951974429788,-0.9745150200225019,1.499596781044434,-27.39403495096938,2.7376625338974376,12.036267283111481,3.4757092239431286
3.6400741357147837,1.8563008340285252,0.3911951974429788,-1.4597803893655186,1.499596781044434,-25.40223002528511,2.7376625338974376,15.322251431996417,3.4757092239431286
3.6400741357147837,12.33691882558487,0.45914303504322945,-4.936897399780817,0.3947501674313879,-24.855629655329064,0.3383673336580088,14.977725221030903,3.4757092239431286
4.070484738361592,12.33691882558487,0.45914303504322945,4.146664563183291,0.3947501674313879,-28.074976090450846,1.182495243479707,16.91993958303946,3.4757092239431286
3.773055461607744,0.7520663767470311,0.45914303504322945,4.146664563183291,0.7961351234962281,-28.176679949888857,0.5810390801127344,16.83580549747521,3.4757092239431286
3.773055461607744,0.7520663767470311,0.45914303504322945,4.842488828659679,0.48262677796723225,-22.538724162142927,0.48225580847874183,15.355122402685476,1.3213703651154765
3.773055461607744,1.916849447398778,0.45914303504322945,4.842488828659679,0.23531402981858776,-23.337828954593654,0.48225580847874183,13.42987511257699,5.413884442410499
3.773055461607744,1.3911569729917848,0.45914303504322945,-6.189344715054419,0.28903991923128763,-26.18165315244549,0.48225580847874183,8.052235189838818,5.413884442410499
2.711227605988525,2.1569804709024716,0.21359858307684618,0.8805614193396201,0.4487453543019857,-23.397872977330707,0.48225580847874183,5.724880598168795,0.7116926656422063
3.1224412144857236,0.5101383179430204,0.21359858307684618,0.8805614193396201,0.4487453543019857,-21.086118225452307,0.48225580847874183,10.439831618515356,2.6354605773364184
2.37659313951136,2.730695192568987,0.21359858307684618,-1.816164327688314,0.4487453543019857,-21.75928166184432,0.6178702762381717,14.513607042499926,0.20457120504402312
3.7098640840424757,0.3685158204935423,0.22735352311540638,4.038283356041033,0.4487453543019857,-21.862751520017877,0.6178702762381717,11.570222870339249,0.20457120504402312
3.7098640840424757,0.3685158204935423,0.22735352311540638,-6.016606775760964,0.4487453543019857,-26.014027574644558,0.6178702762381717,9.946497865469423,0.5089126285938151
8.271932478323833,6.302596719762444,0.22735352311540638,-4.310210264476789,0.4487453543019857,-27.927054147126356,0.8747513886147784,9.946497865469423,0.5089126285938151
8.955305469132913,0.5028655600246956,0.22735352311540638,-7.0670874196700435,0.4487453543019857,-29.05502492973358,0.8747513886147784,7.886293584425337,0.36497325138026404
8.955305469132913,0.5028655600246956,0.22735352311540638,-6.0681994920468325,3.7753015438328887,-25.74797342555231,1.2679759247306486,10.62059390832125,0.36497325138026404
2.9799670145909367,0.5028655600246956,0.3038376362868615,-1.7477018000966638,3.7753015438328887,-29.73331669551118,2.8656507099506134,7.4833965777397164,0.36497325138026404
3.9718416654687103,0.3537337973217902,0.4128556660783479,-2.6604888714268,1.3382153052209604,-30.257564829701,2.8656507099506134,7.4833965777397164,0.36497325138026404
3.5634978362182217,1.5610824957440843,0.4128556660783479,1.0491429553250304,1.3382153052209604,-28.94730440348822,0.24556298896843934,8.852855232741465,0.8980983454669327
3.5634978362182217,1.5610824957440843,0.31387191179015494,1.572576332595427,4.300025022184922,-30.485975116597228,1.5652290225412475,4.137189460115082,0.8980983454669327
3.5634978362182217,2.431584857875623,0.31387191179015494,-1.0785654969785288,1.4356414096468473,-27.151302663150187,1.5652290225412475,3.1262010364018753,0.8980983454669327
2.5030912370005103,6.629047738715682,0.26445190893002907,-1.0785654969785288,1.4356414096468473,-27.095898381490745,0.38490105738977254,-1.2661962564884544,0.06086767021814921
2.7737060522273613,0.41497789190663525,0.26445190893002907,-1.0785654969785288,1.4356414096468473,-29.461763389251818,0.38490105738977254,-1.9987689341629373,2.4563741910651697
2.7737060522273613,2.785010277673066,0.4751891781572924,-1.0785654969785288,1.4356414096468473,-28.488095588002995,2.55764002494429,0.8481727068338127,2.4563741910651697
1.750814482814105,2.785010277673066,0.4953619064328579,-1.788870134754994,2.0671143014568574,-28.488095588002995,2.55764002494429,0.7537142803100804,2.4563741910651697
3.4338141070077683,2.785010277673066,0.2882080326827383,-2.16517866059231,2.0671143014568574,-28.488095588002995,2.55764002494429,-1.341076368619095,0.297835401305612
3.4338141070077683,2.785010277673066,0.2882080326827383,-5.3014960863856295,2.0671143014568574,-28.776565825490106,2.297769680203521,-0.9876702376486182,0.297835401305612
2.4083240573381497,1.1504157153872814,0.26282334097793464,-8.012895998671551,2.0671143014568574,-27.305599946232185,2.297769680203521,-2.4120659884002587,0.297835401305612
3.786551654214957,1.1504157153872814,0.41247439556862303,-6.808447358700299,2.0671143014568574,-29.436755422446105,1.1978370779181946,0.5149829267402071,2.205166260047494
3.786551654214957,1.1504157153872814,0.3357576837725549,-4.648127430888268,2.0671143014568574,-29.446908397107936,1.1978370779181946,0.5149829267402071,1.1850604076448727
3.786551654214957,1.1504157153872814,0.3357576837725549,2.469815359345196,2.0671143014568574,-29.210735058408876,1.1978370779181946,1.3723886505617964,1.1850604076448727
3.786551654214957,1.2026717043360249,0.2880597840466105,7.629368832499093,2.0671143014568574,-27.697911965943828,1.1978370779181946,1.3723886505617964,4.550382284014569
3.9238012940685456,1.2026717043360249,0.2880597840466105,13.129846022236588,2.0671143014568574,-25.900710598770115,3.564781714750716,1.3723886505617964,6.732208655382156
3.9238012940685456,1.2026717043360249,0.40125199707076353,18.523488776026205,2.0671143014568574,-27.77484255380889,1.0069434610592136,3.2407028275163405,6.732208655382156
3.9238012940685456,2.4823785307661814,0.40125199707076353,20.88913408240148,0.36995592492951224,-26.722674369789775,9.15128087075715,7.649257905553249,18.976209877980825
11.12624666239744,5.134414398797208,0.3062909866510026,19.120174405748244,0.39257729277513675,-30.80100360049367,6.402433059441262,8.817476047788833,18.976209877980825
11.12624666239744,5.134414398797208,0.3062909866510026,26.39676043049442,0.39257729277513675,-35.64556746953686,8.532504817647833,11.07972649311992,18.976209877980825
11.12624666239744,5.134414398797208,0.3062909866510026,25.532284323852426,0.39257729277513675,-33.08625030713727,6.366700597740326,10.313258481525288,0.87321018519924
13.54448902781977,1.1697266492208807,0.3062909866510026,29.870863725838326,0.39257729277513675,-36.24506442923355,6.366700597740326,11.778577921952238,2.3924094298625844
13.54448902781977,1.1697266492208807,0.3062909866510026,25.921926992993754,0.4316686908955668,-34.23535063756836,6.366700597740326,16.202786510129265,2.3924094298625844
13.54448902781977,0.6130039428445234,0.37190877914296205,15.614626299497308,0.4316686908955668,-33.22010064779383,3.6078529318279444,15.933782104033467,0.37539519408276156
7.210618423354512,0.6130039428445234,0.37190877914296205,9.268512437008955,0.4316686908955668,-32.786766679306446,3.6078529318279444,13.44687963126292,0.5872725733840992
7.210618423354512,0.6130039428445234,0.37190877914296205,7.25060961344718,0.4316686908955668,-26.97157985873758,3.6078529318279444,11.635794666488586,0.5872725733840992
7.210618423354512,1.385609418104662,0.37190877914296205,8.585821154351466,0.4316686908955668,-25.13751765985825,3.444278051997442,12.673768605258473,0.5872725733840992
7.210618423354512,1.385609418104662,0.37666341137764336,15.467134817619366,1.4837544270740073,-25.142686094255936,6.261071279698496,10.352482693475714,0.5872725733840992
6.9172341190822575,1.385609418104662,0.37666341137764336,9.070338303544624,1.4837544270740073,-26.9949041712371,2.6315271488449477,11.718281476723707,0.5872725733840992
4.374664598204067,1.2453852349510992,0.37666341137764336,2.502417813292272,1.4837544270740073,-25.509829609889852,2.6315271488449477,13.514946706931395,0.5872725733840992
3.489223932179069,1.6372208021570134,0.2849824281478076,-9.330404753339325,1.4837544270740073,-25.55669737740082,2.6315271488449477,9.11879047149747,0.4371618300289368
3.489223932179069,5.4673917274267945,0.2849824281478076,-9.330404753339325,1.4837544270740073,-25.55669737740082,2.4857838108141523,8.344119787681699,1.244133801735579
3.9871272051781026,2.1243522277214337,0.2849824281478076,-9.330404753339325,0.19082599178688253,-37.089710013750306,2.4857838108141523,8.344119787681699,1.244133801735579
2.645057343221835,2.1243522277214337,0.2849824281478076,-14.53251628530996,0.19082599178688253,-37.089710013750306,5.190194122557219,2.679840628699848,0.6221624148518636
1.9534749796128255,2.1243522277214337,0.26525838566180904,-11.552807692171042,0.19082599178688253,-41.64783334197297,5.190194122557219,2.624635182796991,1.5023020854533373
1.9534749796128255,2.1243522277214337,0.26525838566180904,-9.333218580941677,0.19082599178688253,-43.69915509055266,6.550985703575595,-4.1442802603668145,1.5023020854533373
1.9534749796128255,1.0345655320200586,0.26525838566180904,-7.773614457354777,0.19082599178688253,-40.027072654541215,6.550985703575595,-7.420089011426385,1.5023020854533373
2.1157799619582565,1.0345655320200586,0.2511736309297841,-12.206066261255373,0.19082599178688253,-40.027072654541215,6.550985703575595,-3.1807772909141487,2.3715923430059482
2.086249076690652,2.0191892293180658,0.2511736309297841,-12.206066261255373,1.3040501282596169,-39.76558645666292,6.550985703575595,5.659997030577699,4.480147699227082
2.086249076690652,2.0191892293180658,0.2511736309297841,-9.217385844019436,1.3040501282596169,-43.34304430859814,2.212476940705072,9.036217936905395,4.480147699227082
1.9369430792233933,9.393850197149074,0.2511736309297841,-8.307886221535645,1.3040501282596169,-41.02645457139082,2.5451971372431816,4.928134935799864,3.513917008742188
1.9369430792233933,7.115824520572798,0.2511736309297841,-4.8219611256557435,1.3001880657459002,-45.94296718417843,0.06302659232335917,3.2281366864069456,3.513917008742188
1.9369430792233933,26.311594618946412,0.23282913051160967,-1.7192730460989734,0.6592383873725024,-45.66014206246627,0.08211995483172906,1.7910218216893403,0.68226351576418
1.9369430792233933,26.533981577346655,0.23282913051160967,-1.7192730460989734,0.6409559391231906,-49.49055184419121,0.30056302014653896,5.971607513497763,0.68226351576418
3.561157376438795,26.533981577346655,0.23282913051160967,4.484526810242924,0.170798402458195,-52.04224145043146,0.30056302014653896,4.965379902490724,0.68226351576418
3.561157376438795,23.289839883219503,0.24425499858097047,1.4783991522217899,0.170798402458195,-49.090796962697006,0.30056302014653896,-0.6135924377268775,1.2147724188016058
3.561157376438795,23.289839883219503,0.2350673028201806,1.4783991522217899,0.24660083310297518,-50.531582730166036,0.2575793747137217,-6.743670583867578,1.2147724188016058
4.831872096893231,52.951856196341375,0.2350673028201806,-3.1790718466582857,1.283189198534729,-50.22167508964586,0.9178943047405342,-12.09888450340586,0.9932811340438001
4.831872096893231,2.6275480496286687,0.2350673028201806,0.15145604859371975,0.47243234105843845,-42.6993470316914,0.7983722063054504,-9.678741886139727,0.9932811340438001
2.8412947083158206,3.205351770560128,0.2350673028201806,-2.5396614295560833,0.47243234105843845,-37.76380771200753,0.3341854359636883,-6.150467575616185,0.9932811340438001
2.8412947083158206,3.205351770560128,0.19027707544349742,-2.3652618563429773,0.47243234105843845,-36.44710393905059,12.62841498228668,-0.2467569276132595,0.9932811340438001
2.8412947083158206,3.205351770560128,0.22638781468758026,-2.3652618563429773,0.47243234105843845,-38.1448388079784,12.62841498228668,-4.055499371997769,0.24500639721437806
3.654025965049526,3.013707134118092,0.22638781468758026,1.7396846832948096,0.47243234105843845,-37.21767161398893,16.404444526897485,-3.5414078685472328,0.5289783863763694
3.654025965049526,0.6446526971875408,0.16482418385611042,-1.0590160607408174,0.32490746670832504,-36.068471329002,16.404444526897485,-11.137631541699566,0.24711049652660474
2.8633063640521894,0.6446526971875408,0.21223895448181343,-1.0590160607408174,0.22275403782237083,-34.6018606357094,16.404444526897485,-7.6543363834665925,0.4689452108013441
1.7993042816087783,10.018259523024655,0.21223895448181343,-5.420034076871451,0.22275403782237083,-27.51312463750203,16.26835896561074,-1.9324334264381378,0.4689452108013441
0.6807780459201281,1.7507712712314525,0.13022594787491723,1.400128568997724,1.9402157683680152,-24.210403437622702,16.26835896561074,-1.9324334264381378,0.4689452108013441
0.6807780459201281,1.7507712712314525,0.13022594787491723,1.400128568997724,0.1749802741360153,-22.522742152504666,9.625769759328085,-0.7938139406592739,0.6880285935934003
0.8644404360970427,1.7507712712314525,0.17625257413648418,1.400128568997724,0.17653527548665487,-23.550861856937072,9.625769759328085,-1.536515452938819,0.6880285935934003
0.8644404360970427,1.7507712712314525,0.17625257413648418,1.9741567085769107,0.17653527548665487,-23.550861856937072,9.625769759328085,-6.1542619229132,0.6880285935934003
0.8644404360970427,1.7507712712314525,0.17625257413648418,1.9741567085769107,0.155427317119442,-25.0203065755425,2.0538871751442156,-7.011160029889332,0.6270902683863476
0.8644404360970427,0.8257492206561605,0.17625257413648418,1.9741567085769107,0.155427317119442,-19.91636805588626,2.8940497660924094,-7.011160029889332,0.6270902683863476
2.262982771397035,0.8257492206561605,0.17625257413648418,3.674311575460254,0.155427317119442,-17.691128436482487,2.8940497660924094,-4.8680458480753295,0.6270902683863476
2.7562917627550205,3.343850330362269,0.1547598979424618,2.5825153942617,0.155427317119442,-16.71593774301223,2.8940497660924094,-9.216634258469995,0.6270902683863476
2.7562917627550205,1.0552701516958325,0.1547598979424618,-1.4187045662002151,0.155427317119442,-16.71593774301223,5.876763534635995,-6.255076310774432,0.6270902683863476
2.7562917627550205,1.0552701516958325,0.25822328466398786,0.8811076512013045,0.155427317119442,-15.487919364945213,2.5905916292485567,-6.203359874286932,0.31212309169484714
1.2231532669115774,1.0552701516958325,0.25822328466398786,-1.8032196433148835,0.155427317119442,-15.340666954585702,0.7242042709347204,-11.628053770944565,2.944927623186891
1.2231532669115774,1.0552701516958325,0.25822328466398786,1.63743808605037,0.155427317119442,-15.340666954585702,0.7242042709347204,-11.628053770944565,0.6413532081723006
1.0032166985691269,0.5451153399079562,0.21642572841063076,1.63743808605037,0.155427317119442,-8.310685759894522,0.7242042709347204,-14.426845951355114,4.576490133981499
0.7865786966546285,0.5451153399079562,0.21642572841063076,4.667575845579435,0.14780702471179583,-8.310685759894522,0.7242042709347204,-16.520166869696084,4.576490133981499
0.7865786966546285,0.5451153399079562,0.21642572841063076,4.046997371973599,0.3592141265976029,-8.901992448917332,0.822993637567013,-9.491586510157074,4.576490133981499
0.7865786966546285,3.32350699869821,0.21642572841063076,4.046997371973599,0.3592141265976029,-9.20417451931953,0.40573266050733164,-9.491586510157074,0.549606048176907
0.7865786966546285,3.32350699869821,0.2053462303321717,1.725236453649992,0.3592141265976029,-9.20417451931953,0.40573266050733164,-10.455967997273097,0.549606048176907
2.3567114850219797,3.32350699869821,0.26712038642674607,2.5887379632475884,0.3592141265976029,-9.20417451931953,0.3107666149923122,-16.502500861297843,0.549606048176907
1.541645434706196,0.9242637316896012,0.21311253671078834,2.473138243609867,5.9880643663063395,-8.265675589527422,0.3630804709510893,-20.183726083943014,1.7588082881475053
1.8870538688084455,0.9242637316896012,0.30794969579513953,-5.719032108253808,5.9880643663063395,-10.095126028826622,0.3630804709510893,-20.183726083943014,3.662402700309667
1.8870538688084455,27.065480442301975,0.30794969579513953,-6.848033415923447,0.584025823966215,-7.400074979631938,0.3630804709510893,-20.183726083943014,3.662402700309667
1.8870538688084455,6.174357879705769,0.30794969579513953,-6.848033415923447,1.0115085130412884,-7.400074979631938,0.3630804709510893,-15.50455083006144,0.35651152481953624
2.5156263228881093,6.174357879705769,0.30794969579513953,-3.311066208050037,1.0115085130412884,-7.400074979631938,1.053175257776894,-16.756491716678134,2.0977827694136004
2.5156263228881093,1.2913782848987447,0.31685904450263197,-10.63427111881792,1.0115085130412884,-8.571281852577085,2.2117820726671615,-10.110547890926984,0.8340359211470508
2.5531834042683976,0.5810001431071882,0.31685904450263197,-5.341240631259623,5.747160060592441,-6.652459286378167,1.4033639817967183,-10.110547890926984,0.8468240073621705
2.5531834042683976,0.2043994336769436,0.31685904450263197,-1.5060821985799846,5.747160060592441,-5.053509851865803,1.4033639817967183,-15.683051609017536,0.8468240073621705
2.5531834042683976,0.6531728401925936,0.31685904450263197,1.7489865820940684,3.0349923436958277,-3.8585445953594677,1.4033639817967183,-13.474491172428484,0.8468240073621705
2.5531834042683976,0.2776194947813147,0.5855635903078069,7.204078315834046,3.0349923436958277,-1.92206700262445,1.4033639817967183,-13.167498153639677,4.5367798804393855
2.5531834042683976,0.2776194947813147,0.5855635903078069,4.965311862492435,3.0349923436958277,-4.136630918040966,1.4033639817967183,-9.016876414207758,4.5367798804393855
2.5531834042683976,0.7935772299203494,0.5855635903078069,1.7227484410163725,3.0349923436958277,-1.6580478719719975,0.8454213372651815,-7.866014432208556,3.074262088055768
2.6117514922055283,0.7935772299203494,0.6314024811532644,7.789984611473317,0.6370447187807602,2.929864707211891,0.8454213372651815,-6.839714918365554,0.7847674498533117
2.427479550504304,0.3421778612153775,0.6314024811532644,8.265962892830784,0.6370447187807602,1.3922737733964918,0.7777506454945885,-6.839714918365554,0.7847674498533117
2.427479550504304,0.331339403635669,0.8086452846791031,3.537674469041674,0.6370447187807602,4.763932160159816,1.375350442764135,-4.713952145101077,0.5297632824037634
2.238641559111877,0.39653312846019145,0.6572268107348066,3.537674469041674,1.3234053411740068,4.763932160159816,1.375350442764135,-1.1045349811868923,0.5297632824037634
2.238641559111877,0.39653312846019145,0.6572268107348066,-4.2480748754003335,1.3234053411740068,6.332233356767072,0.4383802379455307,-1.1045349811868923,0.5297632824037634
6.2633046180367815,0.47028455200630004,0.6572268107348066,-2.468457425616065,1.3234053411740068,8.918802394808889,0.20670048486037074,4.700155843323662,1.6723424219139225
6.2633046180367815,0.47028455200630004,1.004251242451824,-2.7080645231009237,0.9294150053439931,11.920619331701394,0.20670048486037074,7.774609513454413,1.6723424219139225
7.043912138522495,0.5747555782867358,1.258031845626047,0.3344457343931966,0.9294150053439931,5.101174972879599,0.20670048486037074,5.274757960864939,0.3152932505798616
1.838838770285814,0.2792224235807426,1.258031845626047,0.3344457343931966,1.7807638323879544,5.101174972879599,3.583970706483135,5.192102971057135,0.3637124315847641
1.3442021823236516,2.3650475885691873,1.1418418156552845,0.3344457343931966,1.7807638323879544,5.101174972879599,1.520949265373442,4.158443101752643,0.3637124315847641
2.784869145841889,2.3650475885691873,1.1418418156552845,0.3344457343931966,1.7807638323879544,-0.8725105304693015,1.520949265373442,4.288283050007471,0.3637124315847641
2.784869145841889,10.360868781617947,1.1418418156552845,0.5196047810996315,1.7807638323879544,-1.481770519216615,11.475328957276108,4.365915806751059,0.6224745542722692
2.784869145841889,1.304341075417571,1.1418418156552845,-3.3653510340878494,1.7807638323879544,-1.481770519216615,11.475328957276108,3.5288602568127603,0.6224745542722692
2.784869145841889,1.304341075417571,0.7902420282666678,2.1416428127439,0.3449109030031243,-1.1180647666244903,11.475328957276108,2.8890465731256945,0.6543559570148002
2.784869145841889,1.2680502547865278,0.8103298360190737,2.1416428127439,0.3449109030031243,-0.5940439280226153,11.475328957276108,4.6232243497864705,0.4436469580960609
2.784869145841889,6.853409989854047,0.8103298360190737,2.1416428127439,0.32226164091260673,2.696557843166123,11.786716874608503,4.6232243497864705,0.4436469580960609
2.784869145841889,12.805825639989429,0.8732289637921442,2.1416428127439,0.32226164091260673,-2.2363230801729976,11.786716874608503,-0.5146400562511992,0.6488091927762811
2.784869145841889,36.247983377944564,0.8732289637921442,2.1416428127439,0.5975303401377579,-2.2363230801729976,11.786716874608503,2.9349775042085917,0.6488091927762811
2.592682194954185,20.62498973497235,0.8732289637921442,-3.3299688141929495,0.9880124850634453,1.4220634676122699,1.7278126679782815,2.9349775042085917,0.6488091927762811
2.8884201523543704,1.7468538933577773,0.8732289637921442,-5.918254195427721,0.30416752021374655,-0.06219551930631284,0.8663290442128236,-1.0620076309043007,0.6488091927762811
2.8884201523543704,1.7468538933577773,0.9346926069146146,-1.898937385631788,0.30416752021374655,-0.06219551930631284,0.8663290442128236,-1.0620076309043007,3.090067089323643
2.8884201523543704,1.7468538933577773,0.9586447192720403,-1.898937385631788,0.5917809193235438,-0.06219551930631284,0.32039992840740655,-1.0620076309043007,3.090067089323643
2.8884201523543704,1.7468538933577773,0.6598117287406977,1.4594077353931127,0.5917809193235438,2.2911640894176877,0.32039992840740655,-1.0620076309043007,3.090067089323643
2.074713220711517,1.885715252136742,0.6054307748064007,10.02795252748224,0.5917809193235438,2.2911640894176877,0.6431659196105715,-1.0620076309043007,0.8508822179340587
2.074713220711517,1.885715252136742,0.6054307748064007,10.02795252748224,0.5917809193235438,2.2422139964220253,0.8343987341560335,-0.9424938073699223,0.8508822179340587
2.074713220711517,1.885715252136742,0.6054307748064007,2.1117632187942528,1.6285511152130556,-0.5830907016872588,0.8343987341560335,1.7101549646117205,0.557656831276664
2.074713220711517,1.885715252136742,0.6126113621703121,6.126229454145263,1.6285511152130556,1.9372838552912115,1.1373298447661315,1.0342220143691478,1.5026087880192807
2.074713220711517,1.885715252136742,0.6444860104029664,6.126229454145263,0.6625188959270901,0.8656986899650838,1.8736565885932517,-2.2510904250839165,1.308519623182121
0.916795354391132,1.0567487579732306,0.6505523198559215,6.126229454145263,0.2720482418243611,0.764649685721626,1.8736565885932517,-2.2510904250839165,1.308519623182121
0.916795354391132,1.1961788831279074,0.6505523198559215,6.126229454145263,0.2640906744754247,1.3553188496117476,1.7037519206810199,-2.2510904250839165,2.8345957785586133
1.962818880605944,1.1961788831279074,0.6505523198559215,1.246095472356628,1.7803113889871716,0.6268847880531007,1.7037519206810199,0.18423793948975398,0.4031425417363501
1.7184715284526841,1.1961788831279074,0.6505523198559215,2.3699230683698715,1.7803113889871716,0.6268847880531007,1.7037519206810199,0.18423793948975398,0.9365333912986403
1.612076276985279,1.1961788831279074,0.6663301124031417,1.0498604147442443,1.7803113889871716,0.6268847880531007,1.7037519206810199,0.18423793948975398,0.9365333912986403
0.6290060625422493,1.1961788831279074,0.6663301124031417,1.0498604147442443,1.7803113889871716,0.6268847880531007,2.0328077257520256,0.18423793948975398,0.9365333912986403
0.6290060625422493,7.577406647208519,0.6663301124031417,-2.945294127525277,1.7803113889871716,0.6268847880531007,2.0328077257520256,0.18423793948975398,0.9365333912986403
0.34351479308618443,7.577406647208519,0.6663301124031417,-2.945294127525277,0.2187537331289572,0.6268847880531007,2.0328077257520256,0.18423793948975398,0.9365333912986403
0.34351479308618443,14.452092420380144,0.6663301124031417,-2.945294127525277,0.7326292179575055,0.6268847880531007,2.0328077257520256,0.18423793948975398,0.9365333912986403
0.5648559056592181,14.452092420380144,0.6663301124031417,-2.945294127525277,0.7326292179575055,0.6268847880531007,0.267553986256716,0.18423793948975398,0.9365333912986403
2.857958022846356,141.7745873232123,0.6663301124031417,2.038979687917542,0.7326292179575055,1.5865913217836125,0.267553986256716,0.18423793948975398,0.9365333912986403
1.901911397953054,23.555547080249752,0.6663301124031417,-2.3530644434655663,0.7326292179575055,1.5865913217836125,0.267553986256716,0.18423793948975398,1.3013288471627835
1.8560076408063897,0.7374800101208868,0.40343687728407623,-0.48745698894936695,0.31217409771218474,1.1076107058787592,0.267553986256716,0.18423793948975398,1.4493002907511794
0.44307176859460107,2.326940609373312,0.40343687728407623,-0.48745698894936695,4.713098424447169,-0.3555753851383374,0.267553986256716,0.18423793948975398,1.4493002907511794
0.404486152333112,2.326940609373312,0.40343687728407623,-0.48745698894936695,1.3714895256643709,-0.08865967610541559,1.5726946222486131,0.18423793948975398,1.4493002907511794
0.23415175513162273,3.3279591126573065,0.40343687728407623,-0.48745698894936695,1.3714895256643709,0.2588560684603697,1.5726946222486131,0.18423793948975398,1.4493002907511794
0.21544023854394245,3.3279591126573065,0.40343687728407623,-0.48745698894936695,1.2334266613719502,0.22215656880044216,1.5726946222486131,0.18423793948975398,1.4493002907511794
0.21544023854394245,3.3279591126573065,0.40333692021907813,-0.48745698894936695,1.5074397585122035,0.22215656880044216,1.5726946222486131,0.18423793948975398,1.4493002907511794
0.21544023854394245,3.3279591126573065,0.43743252137128585,-0.48745698894936695,1.5074397585122035,0.22215656880044216,1.595667144780355,0.18423793948975398,1.419386983527051
0.17320090629256402,3.3279591126573065,0.43743252137128585,-0.48745698894936695,0.3263767468393871,0.22215656880044216,1.595667144780355,0.18423793948975398,1.419386983527051
0.35520686777473126,3.241212876245734,0.43743252137128585,-0.48745698894936695,0.43042406912945497,0.22215656880044216,1.595667144780355,0.18423793948975398,1.419386983527051
0.27993906309994315,2.509794303346281,0.4198112656753736,-0.48745698894936695,0.43042406912945497,-0.43926270706511833,0.5592082803094243,0.18423793948975398,1.419386983527051
0.37401381032858855,2.509794303346281,0.4501446459700548,-0.48745698894936695,3.7853570328893458,-0.43926270706511833,0.5592082803094243,0.4985814934742211,1.419386983527051
0.5040736496222756,4.979414980255138,0.4501446459700548,-0.48745698894936695,3.7853570328893458,2.1865341617016183,0.5592082803094243,0.4985814934742211,1.419386983527051
0.9200201178138736,0.3226055388747266,0.4501446459700548,-0.48745698894936695,3.7853570328893458,0.009600926277054,0.5592082803094243,0.4985814934742211,1.419386983527051
0.9200201178138736,0.25499996988025914,0.4501446459700548,-0.48745698894936695,3.7853570328893458,1.6962210367474788,0.26002779265028003,0.4985814934742211,1.5540489956576171
0.9200201178138736,0.311412060706394,0.4501446459700548,-0.48745698894936695,3.7853570328893458,1.6962210367474788,0.26002779265028003,0.4985814934742211,1.5540489956576171
0.41809689117920273,1.998532321931064,0.4904355993433466,-0.48745698894936695,3.7853570328893458,3.4085616203220592,0.26002779265028003,0.4985814934742211,0.5745688007405307
0.41809689117920273,0.7710740590421489,0.7993904282009353,-0.48745698894936695,0.4239235480609318,-2.9960565180603256,0.5842969535452688,0.4985814934742211,0.5745688007405307
0.7774645037865888,5.082047159492666,0.6046287272117723,-0.48745698894936695,0.5262458776961422,1.3919584473546367,0.5842969535452688,0.4985814934742211,0.17031954984328115
0.7774645037865888,5.082047159492666,0.6759712944009604,-0.26331348418949085,0.5262458776961422,-0.30319713302864826,0.8019278452541992,0.4985814934742211,0.14673478458669262
0.7774645037865888,5.082047159492666,0.6527108679109895,-0.26331348418949085,1.577202159055052,0.30286538062732105,0.8019278452541992,0.4985814934742211,0.14673478458669262
0.4302421421014114,108.126422299844,0.6527108679109895,0.7846874263978203,0.5921855479879536,0.30286538062732105,1.1178800446499235,-0.9825122665440832,0.14673478458669262
0.4302421421014114,108.126422299844,0.6527108679109895,0.7846874263978203,0.5921855479879536,0.30286538062732105,1.1178800446499235,-0.9825122665440832,0.17490869705910034
0.4302421421014114,190.94903020789027,0.6527108679109895,0.7846874263978203,3.9070656924983185,0.30286538062732105,2.9773542948761733,-0.8785938514711308,0.17490869705910034
0.6511274581074493,190.94903020789027,0.5048863955673089,0.7846874263978203,5.547108757135368,0.30286538062732105,2.9773542948761733,-0.8785938514711308,1.9353679526878629
1.233225637043539,190.94903020789027,0.624397991643091,0.7846874263978203,5.547108757135368,-0.5544995269311881,1.8886059002983993,-0.8785938514711308,1.9353679526878629
1.1168787410477548,12.232453996415014,0.8514013221202482,0.7846874263978203,5.547108757135368,-0.5544995269311881,1.8886059002983993,1.2277392932758504,0.7354709646943508
1.2076150127589018,1.2797623939739349,0.5412717085927841,0.7846874263978203,5.547108757135368,-1.21207537560384,0.3911798212568062,-2.3239426133816887,0.4319248213220388
1.2076150127589018,1.2797623939739349,0.5412717085927841,0.7846874263978203,0.5654054110479906,-3.278304238941807,0.3911798212568062,-2.3239426133816887,1.24034584464734
2.1195027263508583,1.2797623939739349,0.5412717085927841,0.7846874263978203,0.5654054110479906,-0.5231741239382997,0.915986693398074,-2.3239426133816887,1.24034584464734
0.8549584530209912,1.2797623939739349,0.7911797652931875,0.7846874263978203,0.5654054110479906,-0.5231741239382997,0.915986693398074,1.1010484577119466,1.24034584464734
1.372896148743372,1.2797623939739349,0.6245899565588273,-6.388622447993262,0.5654054110479906,-0.5231741239382997,0.915986693398074,0.00029672590228857487,1.24034584464734
1.372896148743372,1.2797623939739349,0.6245899565588273,-5.510709010659621,0.15929314972137407,-1.2374989623803994,0.6822528780914504,-3.0943333421843726,0.6240667718820917
1.372896148743372,17.430814507022827,0.6245899565588273,1.9062300429036805,0.2604718042331138,2.482185961996464,0.6822528780914504,-2.6431213635240836,0.6240667718820917
1.372896148743372,17.430814507022827,0.6245899565588273,1.9062300429036805,0.2604718042331138,4.250001578490041,0.6822528780914504,-3.7372467723816083,0.6240667718820917
1.372896148743372,12.076724734265296,0.6245899565588273,1.9062300429036805,0.2604718042331138,7.118069490790246,0.6822528780914504,-3.7372467723816083,1.3905510417656584
1.372896148743372,0.7359217108264552,0.6245899565588273,1.9062300429036805,0.12751749249271277,7.118069490790246,0.6822528780914504,-6.663552265792286,0.38076149090241074
1.806334863430431,0.7110634642466654,0.6126098460311223,1.9062300429036805,0.3584313979877346,6.593596894232712,0.2578920357152178,-1.9669215502567372,0.38076149090241074
1.8384138500663931,0.7110634642466654,0.6126098460311223,1.9062300429036805,1.0901872331340772,7.00978380031882,0.2578920357152178,-1.7458760107220113,0.38076149090241074
1.8384138500663931,0.7110634642466654,0.6126098460311223,3.311818568289108,1.0901872331340772,3.519240079738421,0.2578920357152178,-1.7458760107220113,0.5077835099611877
2.1294329597477404,0.7110634642466654,0.6126098460311223,3.311818568289108,1.0901872331340772,1.4967062244317701,0.26349116399273387,-1.7458760107220113,7.6323853095217435
2.1294329597477404,0.7110634642466654,0.6126098460311223,-6.245383652593623,0.47369664319873817,0.4243898488349309,0.8526405568834348,-2.071860099070468,7.6323853095217435
2.1294329597477404,5.649615806711977,0.7379985132662743,-1.4115509523419112,6.300232893505749,0.005404261052336601,0.44272858340704196,-1.4976044728790863,0.8832705349594755
2.1294329597477404,13.894060561818613,0.7379985132662743,-1.4115509523419112,0.1737344430925867,0.005404261052336601,0.44272858340704196,-1.4976044728790863,0.8832705349594755
1.9177175472303334,7.404643178600883,0.7094469285831666,-1.4115509523419112,1.2301066206471778,0.31223293012493253,0.44272858340704196,-1.4976044728790863,0.8832705349594755
1.9177175472303334,7.404643178600883,0.7094469285831666,-1.4115509523419112,0.22812904933056077,-3.305763859733205,2.4282940089534497,-1.4976044728790863,0.8832705349594755
1.9177175472303334,7.404643178600883,0.8018381805498697,3.7938079521957953,0.22812904933056077,2.36684171144987,0.17226856103005306,-1.4976044728790863,0.8832705349594755
1.9177175472303334,7.404643178600883,0.8018381805498697,2.1540919699158687,0.22812904933056077,2.36684171144987,3.0329257581470266,1.676318968873028,0.8161750603485146
1.9177175472303334,7.404643178600883,0.8018381805498697,2.1540919699158687,2.7852798078293715,-1.7117846233923584,0.6749133563029566,1.5089585823444578,0.8161750603485146
1.9152758664671934,7.404643178600883,0.8018381805498697,0.07317841288563409,2.7852798078293715,-2.3336917687908914,1.0567722207948187,1.5089585823444578,2.7235731334527222
1.9152758664671934,0.6947694416740128,0.8018381805498697,0.07317841288563409,0.3401935280017572,-2.3336917687908914,1.0567722207948187,0.6020302580549122,3.1028632025574563
1.9152758664671934,0.6947694416740128,0.5810947031387337,0.8250873819252743,0.5261269916595094,0.476115988181522,1.0567722207948187,0.6020302580549122,3.1028632025574563
1.9152758664671934,0.6947694416740128,0.7421725254005958,0.8250873819252743,0.5261269916595094,0.7940130180845575,1.0567722207948187,0.6020302580549122,0.6530469527281112
1.9152758664671934,0.6947694416740128,0.9659246555894435,0.8250873819252743,0.5261269916595094,2.4432812857369743,1.0567722207948187,1.358329631431149,0.6530469527281112
1.5720674923426872,0.5770671889144722,0.9659246555894435,0.8250873819252743,0.18465735537356423,1.8632466189117776,1.0567722207948187,1.358329631431149,0.6530469527281112
1.5720674923426872,0.7978461341576608,0.9659246555894435,0.8250873819252743,0.18465735537356423,0.6263788580176599,1.0567722207948187,1.358329631431149,0.4839858166120646
1.5720674923426872,0.7978461341576608,0.9659246555894435,0.8250873819252743,0.21726044090671132,0.19396116597578428,1.0567722207948187,1.358329631431149,0.304622285963864
1.8676477211952187,0.569962926238078,0.9659246555894435,0.8250873819252743,0.21726044090671132,0.19396116597578428,2.10685426382513,1.358329631431149,0.304622285963864
1.225037668228366,0.569962926238078,1.0937528665527958,0.8250873819252743,0.21726044090671132,0.6031735225406347,2.10685426382513,1.358329631431149,0.304622285963864
1.225037668228366,4.426099691488371,1.0937528665527958,0.8250873819252743,0.21726044090671132,0.6031735225406347,2.10685426382513,1.358329631431149,0.304622285963864
1.225037668228366,4.426099691488371,0.7877109450446468,0.8250873819252743,0.43973641149550663,-0.03148876601294115,2.10685426382513,1.358329631431149,0.304622285963864
0.6125679843375011,1.882325778703317,0.6837868152528493,0.8250873819252743,0.43973641149550663,-0.3275981187492057,1.3438182386042532,-0.0957048477589919,2.844065273605153
0.9165840804873374,1.882325778703317,0.6688380900865953,0.8250873819252743,0.43973641149550663,-0.3275981187492057,0.3828206270407015,-0.0957048477589919,0.5989968552224694
0.3375522940040566,0.32009613499780815,0.6688380900865953,0.8250873819252743,0.43973641149550663,-0.3275981187492057,0.3828206270407015,-0.15239907922197093,0.9844022049211922
1.8100267004993769,0.32009613499780815,0.6688380900865953,0.8250873819252743,5.129449970774875,-0.3275981187492057,1.2756339055787378,1.1482736385223702,0.9844022049211922
1.39780673627707,0.6676499111087988,0.9662027748868941,0.8250873819252743,4.1795434124534,-0.3275981187492057,1.2756339055787378,1.1482736385223702,6.825493790330494
1.39780673627707,0.6676499111087988,0.9662027748868941,0.1841174474658981,4.1795434124534,-0.3275981187492057,1.141632731417497,1.1482736385223702,1.1706565744858817
1.39780673627707,0.6676499111087988,0.9662027748868941,0.1841174474658981,5.651035071362325,-0.3275981187492057,1.141632731417497,1.1482736385223702,1.1706565744858817
1.39780673627707,0.6676499111087988,0.9062038596549573,0.1841174474658981,5.651035071362325,-0.3275981187492057,1.141632731417497,-0.20393556324842965,0.8442211400080258
1.39780673627707,1.0958244264855663,0.8710848965212271,0.1841174474658981,5.651035071362325,-0.430655058791071,1.141632731417497,0.6732400203769864,1.0265591946353878
0.4763118118351929,1.0958244264855663,0.8710848965212271,0.1841174474658981,5.651035071362325,-0.430655058791071,1.141632731417497,0.6732400203769864,1.0265591946353878
0.8964794011797138,4.981454606945331,0.8710848965212271,0.1841174474658981,0.20437123218288633,-0.430655058791071,1.4075260459549765,0.6732400203769864,1.0265591946353878
0.8964794011797138,4.3723092850768355,1.1975757854308835,0.1841174474658981,0.20437123218288633,-0.430655058791071,1.4075260459549765,0.6732400203769864,1.0265591946353878
0.8964794011797138,2.839836469479745,1.1975757854308835,0.9124422651994659,0.20437123218288633,-0.430655058791071,1.4075260459549765,0.6732400203769864,1.0265591946353878
0.8964794011797138,2.839836469479745,1.157650903391335,0.9124422651994659,0.2614369236023842,0.38130519029881993,1.4075260459549765,0.6732400203769864,1.0265591946353878
0.8964794011797138,1.8010745801923302,1.157650903391335,0.9124422651994659,0.2614369236023842,0.38130519029881993,0.3016273378306752,-0.42686452108442396,0.8826040726783967
0.8964794011797138,1.8010745801923302,1.5215432333057852,0.9124422651994659,0.18099309206032596,0.38130519029881993,0.8742341946847603,0.08999263011186209,0.42477638881050883
0.8964794011797138,1.6650319807176512,1.1229103471124535,1.7672656067255632,0.18099309206032596,0.38130519029881993,0.8742341946847603,0.08999263011186209,5.093218265293879
0.7592443856173907,1.6650319807176512,1.1229103471124535,1.7672656067255632,1.0028984794090514,0.38130519029881993,0.8742341946847603,0.08999263011186209,5.328796077558677
0.7592443856173907,1.305614640150819,1.1395107103960371,-1.7862920090326626,1.0028984794090514,0.38130519029881993,0.8742341946847603,0.08999263011186209,5.328796077558677
0.7592443856173907,3.558060947546209,1.1395107103960371,-0.5464185932195813,1.0028984794090514,0.9103621002261075,0.8742341946847603,0.08999263011186209,1.059959820485941
0.9498075332595434,5.773120127765756,0.5931741797748272,-0.5464185932195813,1.0028984794090514,0.9103621002261075,0.8742341946847603,0.08999263011186209,1.059959820485941
0.768965856752477,0.6221437581516178,0.5931741797748272,-0.5464185932195813,3.9661487965290383,0.9103621002261075,0.6657644578202291,0.08999263011186209,2.1654074796133393
0.768965856752477,0.5404601685226081,0.5424474896253099,-0.5464185932195813,9.265440567285655,0.9103621002261075,0.6713535267568246,0.08999263011186209,2.1654074796133393
0.768965856752477,0.6412856176439692,0.6417989384591585,-0.5464185932195813,9.265440567285655,0.9103621002261075,0.5438626509113167,0.08999263011186209,0.22135050950567173
0.4649245691477329,0.6412856176439692,0.6417989384591585,-0.5464185932195813,9.265440567285655,-0.3097515465710001,2.6559423116961876,0.08999263011186209,2.320440218112397
0.3900129574473902,0.7348596265663665,0.6417989384591585,-0.5464185932195813,9.265440567285655,0.9527143164312342,0.5098962845624359,0.08999263011186209,0.46605941515891736
1.033265454726692,1.7121094511634174,0.7718464792607378,-0.23557606709241208,9.265440567285655,-2.3895507757121877,0.5098962845624359,0.08999263011186209,0.311568451120569
1.7624931818302767,1.7121094511634174,0.7718464792607378,-0.23557606709241208,2.3106949613718877,-2.3895507757121877,0.2747416516955585,0.13947907144238605,0.37827778757561265
0.962898446184581,1.7121094511634174,0.7718464792607378,-0.23557606709241208,0.9755723850364665,-2.3895507757121877,0.2747416516955585,0.13947907144238605,0.37827778757561265
0.962898446184581,1.7121094511634174,0.7718464792607378,-0.23557606709241208,1.0876937421628985,-2.3895507757121877,0.2747416516955585,0.13947907144238605,0.5922590411792038
0.962898446184581,1.7121094511634174,0.7718464792607378,-0.23557606709241208,1.196890589856888,1.3751051246402408,0.593651221268537,0.13947907144238605,0.5922590411792038
0.7151503097698182,1.7121094511634174,0.7853729493160054,-0.23557606709241208,1.196890589856888,-1.2752351192625189,2.371334518959671,0.13947907144238605,0.5922590411792038
0.9297182724443335,0.8222014846494711,0.86652573178383,0.8819593066916931,1.196890589856888,-1.2752351192625189,2.371334518959671,0.13947907144238605,0.504426223950459
1.0530360340534577,0.4190020816582085,0.86652573178383,0.8819593066916931,1.7440684189127846,-1.2752351192625189,2.8021537722784164,0.13947907144238605,0.5767392567786852
1.0530360340534577,0.4190020816582085,0.86652573178383,0.8819593066916931,1.7440684189127846,-0.5968785888814567,2.8021537722784164,-0.9456530972505871,0.5107866216499694
1.0530360340534577,0.4190020816582085,1.1450043442017475,0.8819593066916931,0.4827193248787479,0.9801143860300625,0.8736200937078483,-0.9456530972505871,0.5107866216499694
1.0530360340534577,1.5298718082101226,1.1450043442017475,0.8819593066916931,0.18674256722860322,-0.950338181174158,0.8736200937078483,-0.9456530972505871,1.067870640825989
0.7292878897239047,0.4681488745675538,1.1450043442017475,0.8819593066916931,0.31981138993025165,-0.950338181174158,0.8736200937078483,-0.9456530972505871,1.067870640825989
0.7302876899468314,0.4681488745675538,1.1450043442017475,-0.36047545596845065,0.5016672374437473,-0.8013193142167341,0.8736200937078483,-0.9456530972505871,0.5079937085891784
0.7302876899468314,0.4681488745675538,0.6648641768268692,-0.36047545596845065,0.5016672374437473,0.8472137066742713,2.583548260304278,-0.9456530972505871,1.2408212894717998
0.7302876899468314,0.4681488745675538,0.6648641768268692,-0.36047545596845065,0.5016672374437473,0.8472137066742713,2.583548260304278,0.9108083968135755,1.2408212894717998
0.7302876899468314,0.4681488745675538,0.6648641768268692,-0.36047545596845065,2.124306836999887,-2.0850388034830933,2.583548260304278,0.9674640295141976,1.2408212894717998
0.594272956615359,0.4681488745675538,0.49075536865733366,-0.36047545596845065,0.2699000531023111,-1.601014018573483,2.583548260304278,0.9674640295141976,1.5677228335729363
0.594272956615359,0.4681488745675538,0.6821721347000929,-0.36047545596845065,0.43994227605591196,0.445247164666251,2.583548260304278,0.9674640295141976,1.5677228335729363
1.3751834342226879,0.4681488745675538,0.6821721347000929,-0.36047545596845065,1.0693271515766203,0.445247164666251,2.583548260304278,0.9674640295141976,6.828304997250187
1.3751834342226879,0.4681488745675538,0.6821721347000929,-0.36047545596845065,0.927497461344431,4.9655919783487175,2.239292800383386,-1.2547320462579588,0.4696542623996619
1.3751834342226879,0.4681488745675538,0.6821721347000929,-0.36047545596845065,0.927497461344431,4.459203648057659,0.7918907135521381,-1.2547320462579588,0.4696542623996619
1.3751834342226879,7.260434400096663,0.6625022743974304,-0.36047545596845065,0.927497461344431,1.3281718724148321,0.7918907135521381,-1.2547320462579588,0.598640727618998
1.3751834342226879,7.260434400096663,0.6283861860529579,-0.36047545596845065,0.927497461344431,-1.5946173169217959,0.7918907135521381,5.238589907143051,0.7148827842324307
1.3751834342226879,1.9967666420564918,0.6286706444145137,-0.36047545596845065,1.9782801434618795,-0.20533588515123768,0.7918907135521381,5.238589907143051,0.2735936353244855
0.9252571911140697,3.3905231597292484,0.6286706444145137,-0.36047545596845065,1.7652647169061981,1.7663401510724814,0.7918907135521381,5.0933650688539425,0.2735936353244855
0.7101441172967456,3.3905231597292484,0.383912300263688,1.5221824371044523,1.7652647169061981,2.561822126372366,0.7918907135521381,-2.037545424399812,4.988229453722537
0.8388549526342571,3.3905231597292484,0.4698238528828475,-3.1879027833994327,1.7652647169061981,2.561822126372366,2.2903323027945586,0.490250648108395,2.090841834685073
0.8388549526342571,3.3905231597292484,0.4698238528828475,5.152095378134875,1.7652647169061981,0.6848071524693315,0.3562874733899103,0.490250648108395,0.26208197538237793
0.3932932062658701,2.6685049688298657,0.38734154391471404,5.152095378134875,0.45532998958623766,0.6848071524693315,4.820517104442913,0.490250648108395,0.26208197538237793
0.3932932062658701,5.067148667827851,0.3352556220258623,1.9200315502248482,0.45532998958623766,0.6848071524693315,4.820517104442913,0.490250648108395,0.26208197538237793
0.4077009638042097,5.067148667827851,0.455355938197221,1.9200315502248482,0.45532998958623766,0.6848071524693315,4.820517104442913,0.490250648108395,0.13499859396817046
0.4077009638042097,5.067148667827851,0.41615635747755264,1.9200315502248482,0.45532998958623766,0.6848071524693315,4.820517104442913,0.490250648108395,0.16758114231639806
0.4077009638042097,1.496987540421264,0.5510202933511796,1.9200315502248482,0.45532998958623766,0.6848071524693315,4.820517104442913,0.13532071143812763,0.16758114231639806
0.4077009638042097,1.496987540421264,0.5510202933511796,1.9200315502248482,0.9119880071733965,0.6848071524693315,4.820517104442913,2.2428034323008355,0.16758114231639806
0.662863096199237,1.496987540421264,0.5510202933511796,1.9200315502248482,3.7608973193909288,1.0892554553256821,1.0315057705946848,2.1859703709265257,0.0959694817352987
0.662863096199237,1.496987540421264,0.672702006734782,1.3208117847327177,3.7608973193909288,-1.224054294839147,3.1812420501518592,2.1859703709265257,0.10461595785770726
0.5647302225666417,1.496987540421264,0.672702006734782,1.3208117847327177,3.7608973193909288,-1.224054294839147,3.1812420501518592,1.2483749263448292,0.10461595785770726
0.5647302225666417,7.235343399056413,0.5041880474255617,-1.6725911815860808,0.8979421675910411,0.5845394454767683,0.12561659807078684,1.6213255889616833,0.32699305027667935
0.47596669237316647,7.235343399056413,0.5041880474255617,-1.6725911815860808,0.8979421675910411,0.5845394454767683,0.12561659807078684,1.6213255889616833,0.6198640597806523
0.48367113949370405,7.235343399056413,0.5456048493535843,-0.5558285003796806,0.8979421675910411,0.5845394454767683,0.12561659807078684,1.6213255889616833,0.6198640597806523
0.45058471628357377,2.116608402142867,0.900175080572549,-0.5558285003796806,0.8979421675910411,0.5845394454767683,0.6736462166081371,-1.0597776427000458,0.6198640597806523
0.45058471628357377,2.116608402142867,0.6742449116816868,-0.5558285003796806,0.8979421675910411,0.6506129700975548,0.5645753492586334,-1.0597776427000458,0.6198640597806523
0.45058471628357377,0.8716610111045165,0.6742449116816868,-0.5558285003796806,3.669050321423221,0.6506129700975548,0.5645753492586334,0.18522754676338615,1.2955692543440105
0.45058471628357377,0.5180649840589217,0.6742449116816868,0.8101619770202539,3.669050321423221,0.6506129700975548,0.47712903703626675,0.18522754676338615,1.2955692543440105
0.45058471628357377,0.9044210524660325,0.6742449116816868,0.8101619770202539,3.669050321423221,0.6506129700975548,0.47712903703626675,0.18522754676338615,1.2955692543440105
0.45058471628357377,0.9044210524660325,0.7289329331757287,0.4266885492097447,1.1431785986990208,0.6506129700975548,0.47712903703626675,0.18522754676338615,1.2955692543440105
0.4203968677615648,3.7797436600702765,1.151498519899132,0.4266885492097447,0.6796578059827333,0.6506129700975548,0.6398363900255285,0.18522754676338615,0.5597278757389373
0.4203968677615648,3.7797436600702765,0.9028134590370711,0.4266885492097447,0.6796578059827333,0.6506129700975548,0.6398363900255285,0.18522754676338615,0.5597278757389373
0.4203968677615648,3.7797436600702765,0.9028134590370711,-0.4591877900226177,0.6796578059827333,0.63304073092833,0.6398363900255285,0.18522754676338615,2.409687749888509
0.2732899689840253,3.7797436600702765,0.9028134590370711,-0.4591877900226177,0.8091085729966222,0.63304073092833,0.6398363900255285,0.18522754676338615,2.409687749888509
0.2732899689840253,0.44036137274006343,0.8237283711322885,-0.4591877900226177,0.8091085729966222,0.63304073092833,0.17127057212701788,0.18522754676338615,1.4228612482492846
0.6478229643808406,1.198479333893862,0.8237283711322885,1.45532889403624,0.8091085729966222,2.4238686355828154,0.15297543553433238,0.18522754676338615,1.4228612482492846
1.3236727721028765,1.198479333893862,0.44615785928233026,-4.52932494022572,0.9535136567459347,1.117324221027433,3.4738225855478895,0.18522754676338615,1.4228612482492846
1.3236727721028765,11.215512058882611,0.6069484382245149,-4.52932494022572,1.0956341368251288,-0.531179009198326,3.821087018655704,0.18522754676338615,3.1585732429499522
1.3236727721028765,0.6010119189089252,0.6069484382245149,-4.52932494022572,0.4122263470624775,1.8448668138544302,0.5218715565157539,0.776160360506411,3.1585732429499522
1.3236727721028765,1.198567211548313,0.595342386772318,1.6659903224787458,1.0440106884227665,-1.328809938046362,0.5218715565157539,0.776160360506411,3.089718962154093
1.3236727721028765,1.198567211548313,0.5549144666803402,1.6659903224787458,1.0440106884227665,-1.328809938046362,0.5218715565157539,0.2731855548256057,1.8782746635152927
1.29922569151514,4.124310251543612,0.8461266074529653,-2.7527129043567617,0.23580505350821082,-1.328809938046362,0.5218715565157539,-0.07454764150462717,1.8782746635152927
1.29922569151514,1.8354417197589181,0.8461266074529653,-2.7527129043567617,1.2490017098022554,-1.328809938046362,0.5962181031851428,1.9752014816317303,1.8782746635152927
1.29922569151514,0.456177759824568,0.8461266074529653,-2.7527129043567617,0.2906684275494383,-1.328809938046362,1.4801542735350655,1.9752014816317303,1.8782746635152927
1.29922569151514,3.36452318599142,0.8461266074529653,-2.7527129043567617,0.2906684275494383,-1.328809938046362,1.4801542735350655,1.9752014816317303,1.4403488445269341
0.9074331541124601,3.36452318599142,0.8461266074529653,-2.7527129043567617,0.2906684275494383,-2.011274505586681,1.4801542735350655,1.9752014816317303,3.635847796802934
0.9074331541124601,3.36452318599142,0.4786260035543265,-2.50570509336858,0.2906684275494383,-2.011274505586681,1.4801542735350655,1.9752014816317303,0.31164476008834857
0.5940506145772588,3.36452318599142,0.347974188008747,-2.50570509336858,0.2906684275494383,-2.011274505586681,0.39941805455594376,0.15875741071626237,0.7929516335804808
0.5940506145772588,10.146360484448312,0.347974188008747,-2.50570509336858,0.2906684275494383,-1.7794511079345576,0.39941805455594376,0.15875741071626237,0.7929516335804808
0.5940506145772588,10.146360484448312,0.347974188008747,-2.50570509336858,0.2906684275494383,-1.7794511079345576,1.0510639499982046,0.15875741071626237,0.7929516335804808
0.5940506145772588,10.146360484448312,0.347974188008747,0.6631109348446467,5.172024007838358,-3.668379302896194,1.5722468372411933,0.15875741071626237,0.26841388993299004
1.411270151664578,2.982214476910918,0.7418486055169119,2.937640899062342,0.542791467766477,-1.7199835632704206,1.5722468372411933,0.15875741071626237,0.26841388993299004
1.411270151664578,2.982214476910918,0.7418486055169119,2.937640899062342,0.542791467766477,2.9252048158052792,1.5722468372411933,0.15875741071626237,0.26841388993299004
0.5974051736197313,4.527072557885012,0.435294344841051,2.741736614000498,0.542791467766477,2.9252048158052792,1.5722468372411933,-0.04786826617296508,0.26841388993299004
0.5974051736197313,1.074684332000839,0.8051650560216157,-2.3880399100181418,0.542791467766477,2.9252048158052792,1.5722468372411933,-0.04786826617296508,0.04904332760810384
0.5974051736197313,1.074684332000839,1.0286435162404186,-2.3880399100181418,0.542791467766477,1.637003442188529,2.666814599201467,-0.04786826617296508,0.04904332760810384
2.3959558234724714,0.7826341963556269,0.5629812869341257,-2.3880399100181418,0.542791467766477,-1.073663353950686,2.666814599201467,-0.04786826617296508,0.04904332760810384
1.0100607908433072,6.135225470253412,0.870526979711128,-1.7504404570412666,0.542791467766477,0.33387672286605397,2.666814599201467,-0.04786826617296508,0.0937660586521718
1.0100607908433072,6.135225470253412,0.7458473091491493,-1.7504404570412666,0.542791467766477,0.33387672286605397,4.575561730882719,-0.04786826617296508,0.22990682122108969
0.5238275226988529,0.9711710398269112,0.7458473091491493,-1.7504404570412666,0.36404771143339476,0.33387672286605397,0.30101405385155955,-0.04786826617296508,0.35007787959016345
0.8352466741328167,0.9711710398269112,0.7458473091491493,0.957283624589657,0.36404771143339476,0.33387672286605397,0.30101405385155955,-0.04786826617296508,0.35007787959016345
0.8352466741328167,0.9711710398269112,0.7458473091491493,0.957283624589657,0.36404771143339476,0.33387672286605397,1.007480200655058,-0.04786826617296508,0.35007787959016345
1.2909730800974408,0.9711710398269112,0.778928691032186,7.578833642288645,0.36404771143339476,0.33387672286605397,1.007480200655058,-0.04786826617296508,0.6034339075243734
1.2909730800974408,0.9711710398269112,0.778928691032186,10.076530434970497,0.1909859603598262,0.33387672286605397,1.007480200655058,-0.04786826617296508,2.136958847529693
0.8509958706095857,0.9711710398269112,0.778928691032186,10.076530434970497,2.712002763453717,0.33387672286605397,0.3342469967453791,-0.04786826617296508,0.7415519715065718
1.4667893464085962,0.7939585745436266,0.778928691032186,10.076530434970497,2.712002763453717,0.33387672286605397,0.3342469967453791,-0.04786826617296508,0.7415519715065718
1.4667893464085962,0.7939585745436266,0.778928691032186,10.076530434970497,0.4022012090381314,0.33387672286605397,2.5048130977924044,1.6694681873538164,9.909307401099555
1.4667893464085962,0.6070327669655122,0.5286952770867186,7.046745584440057,0.4022012090381314,0.33387672286605397,2.5048130977924044,1.6694681873538164,3.5080499519401016
0.7353155715173317,0.42252179289142056,0.5286952770867186,2.7051639198114463,0.9812097130501105,0.33387672286605397,0.12825952129739435,-2.309873236880499,0.27952151113195095
0.7353155715173317,4.303981765301157,0.6527251284443896,2.053280446268807,2.1948464180405836,0.33387672286605397,0.4019172112010406,-2.309873236880499,0.2698669972021448
0.8435320286532256,2.7052271876870377,0.6239337875659372,-2.2830318454114096,2.1948464180405836,0.33387672286605397,0.26284378502680955,-2.309873236880499,0.25458704420151634
0.8435320286532256,4.1684605556492835,0.6239337875659372,-2.713273149447606,2.1948464180405836,0.33387672286605397,0.4392027070302611,-2.309873236880499,0.8941660086785085
0.8435320286532256,4.1684605556492835,0.6239337875659372,-2.713273149447606,0.15448506179577287,0.33387672286605397,0.4392027070302611,-2.309873236880499,0.8941660086785085
1.4635010810498688,4.1684605556492835,0.6239337875659372,-2.713273149447606,0.15448506179577287,0.33387672286605397,0.4392027070302611,-6.461102487950696,0.8941660086785085
1.4635010810498688,4.1684605556492835,0.6239337875659372,2.0403274648936374,0.15448506179577287,-0.495708365997213,3.1935899819588958,-6.030390934044399,7.286914599549028
1.4635010810498688,4.1684605556492835,0.6239337875659372,4.699723331516978,0.15448506179577287,-0.495708365997213,3.1935899819588958,-6.030390934044399,7.286914599549028
1.4635010810498688,4.1684605556492835,0.6239337875659372,3.723015840263226,0.15448506179577287,-2.431297428875808,1.4608896756180303,-6.030390934044399,7.286914599549028
1.4635010810498688,4.1684605556492835,0.6239337875659372,-5.116422834475088,7.995984917157003,-1.7656735003820065,1.4608896756180303,-3.8960554436097183,7.286914599549028
1.4635010810498688,4.1684605556492835,0.34964167077606634,-3.4187423738431635,4.480713808036724,2.0715462785445156,1.4608896756180303,-1.2540669030667257,6.46084486810076
1.4635010810498688,4.1684605556492835,0.34964167077606634,-3.933562695672667,4.480713808036724,2.268196114232622,1.3854156442011494,-2.7205635402592603,4.614155972841234
1.4635010810498688,3.5214919965708646,0.36164877376976906,5.328132387060691,4.480713808036724,2.268196114232622,0.7068861219746349,-0.8205206210359326,4.614155972841234
1.4635010810498688,1.7277508478095627,0.36164877376976906,-2.635099969290513,4.480713808036724,8.106290008616291,0.7068861219746349,4.337758286913457,2.3433886837184126
1.6195447409155572,0.6626301791348812,0.36164877376976906,-2.635099969290513,6.97654164780475,8.106290008616291,0.7068861219746349,1.4157339815111745,3.2462171780117335
1.6195447409155572,1.705978141577514,0.36164877376976906,-2.56404216454597,6.97654164780475,3.280680679733573,0.9965090682819318,8.61235227406167,0.46069216013391123
0.9062106573370017,50.92461362495647,0.36164877376976906,-0.006942967805411371,4.122897278363057,0.9592700945449746,0.9965090682819318,7.894828869590067,0.46069216013391123
0.9062106573370017,50.92461362495647,0.36164877376976906,-1.9684807754724658,2.6546993381159596,2.8953105389514544,0.9965090682819318,7.894828869590067,4.183756621176987
0.9062106573370017,119.98756192535011,0.2058570117660087,-4.247672722463227,0.5058862858852682,0.5962000624525037,2.0441611133533852,8.060070577607672,0.4442631548983025
0.9062106573370017,52.62982768238104,0.2058570117660087,0.1259699627395463,0.1985734414300193,-3.4199452553154237,2.965378227858394,5.6167318406307665,0.4442631548983025
0.9062106573370017,2.409353662080158,0.2058570117660087,-1.3877819784088425,0.1985734414300193,-1.225817605083082,2.6587814241077696,6.310909664244181,0.4442631548983025
0.9062106573370017,2.409353662080158,0.19384478032668986,9.367059874705127,0.1985734414300193,-6.081833821379233,2.6587814241077696,6.310909664244181,2.1374514798154434
1.3353731418113202,0.8795327180647323,0.19384478032668986,9.367059874705127,1.2137548978249788,-6.791899338189985,0.6382790747461655,6.310909664244181,2.1374514798154434
1.3353731418113202,0.9833419748825214,0.19384478032668986,1.604718961664827,1.2137548978249788,-2.242971687278417,2.3414630030987245,4.437376958807082,2.1374514798154434
1.2518220616095395,0.9833419748825214,0.1657785611680301,1.604718961664827,1.2137548978249788,-0.9809245537566924,2.3414630030987245,-0.9678638239664998,2.1374514798154434
0.6779426109091164,0.9833419748825214,0.2869745281299295,1.604718961664827,1.2137548978249788,-0.9809245537566924,2.3414630030987245,-0.9678638239664998,2.1374514798154434
0.6779426109091164,0.9833419748825214,0.14370014455916225,1.604718961664827,2.6378705829874507,-0.1944726651937443,7.199098043610418,-2.2608278314660004,4.506923475566147
0.5886252424874348,0.9833419748825214,0.14370014455916225,-0.6532999243767534,0.3051464580571636,-3.507410137923053,4.077906666393581,2.7328996227434064,4.506923475566147
0.275547129803322,0.9833419748825214,0.14370014455916225,-0.6532999243767534,0.3051464580571636,-2.718282241069568,4.077906666393581,2.6468492819662246,4.506923475566147
0.13415886747434003,2.9787360875081994,0.14370014455916225,-0.6532999243767534,1.7070005737475318,-2.718282241069568,2.313878299005602,-1.8491651396804785,4.506923475566147
0.28631846997021804,2.9787360875081994,0.10912623957158543,-0.6532999243767534,1.3026117663786756,-8.238641756518792,0.4419410408799199,-1.8491651396804785,1.1476615053845314
0.28631846997021804,0.6971594134797189,0.10912623957158543,-0.6532999243767534,0.7423170439818406,-8.238641756518792,0.15384366826872134,-5.141193088662151,1.1476615053845314
0.28631846997021804,0.8988201085606748,0.10912623957158543,2.9524758407898677,0.7423170439818406,-4.029991118335481,0.15384366826872134,-1.0167841503466528,0.6243239474373556
0.28631846997021804,0.806428290214183,0.05081930039716605,2.9524758407898677,0.7423170439818406,-3.8974728175817384,0.31486950599090663,-3.5484049575819583,0.1564736926167542
0.28631846997021804,0.806428290214183,0.06842189397596037,2.9524758407898677,1.0238191528176293,2.6654811511343017,2.264694060925968,-0.7475625563934227,0.1564736926167542
0.23941588080607518,2.1593670414648867,0.06842189397596037,1.6061487987520269,2.3780750672305273,0.5301363768869121,2.264694060925968,-8.30917959158544,0.22263370791018278
0.23941588080607518,1.7353701636624903,0.06842189397596037,1.6061487987520269,2.3780750672305273,0.5301363768869121,2.264694060925968,-8.30917959158544,0.5220583056872936
0.7938416595527094,1.0159621157210705,0.06842189397596037,1.6061487987520269,2.5786610027295906,-0.33155482920443125,0.19788624112512,-8.342042781180313,0.5220583056872936
0.7938416595527094,1.0159621157210705,0.04483571512715748,1.6061487987520269,0.742772884741806,1.0248576917119856,0.19788624112512,-8.342042781180313,0.40860883416780214
0.7938416595527094,1.0159621157210705,0.04483571512715748,5.781186882819135,0.742772884741806,3.4928498357872506,0.19788624112512,-7.718353447271609,0.40860883416780214
1.0483104427353729,1.0159621157210705,0.056062195663495455,3.4597356032907807,0.742772884741806,-1.3718523847724287,0.5660647700307506,-11.72101445213564,0.40860883416780214
1.1030703655465104,2.535662057296948,0.056062195663495455,1.7014125061492122,0.742772884741806,-3.3403027205754388,0.5660647700307506,-7.37170021595937,0.40860883416780214
1.1030703655465104,2.535662057296948,0.062158879931142004,3.2861262696381357,0.30033925700613184,4.398422663320134,0.7737433439480051,-6.995174402675905,1.9639955409184016
1.1030703655465104,1.9295657485915845,0.06009350625207252,-1.0053729516387961,0.30033925700613184,4.195810670462781,0.7737433439480051,-6.814772368246115,1.9639955409184016
0.17861879317812718,1.9295657485915845,0.06009350625207252,-4.1693520126003545,0.7480739629630915,1.0028707912758121,0.7737433439480051,-6.814772368246115,1.9639955409184016
0.7690967577844482,1.522849454932681,0.06009350625207252,-7.854622169987765,0.7480739629630915,9.258846546081982,0.7737433439480051,-7.990086930928161,3.626396804472153
0.7690967577844482,1.522849454932681,0.06009350625207252,-17.955718498897397,1.4084046694408892,7.655158502200287,0.3680928404306943,-16.494345416208354,1.477628117913029
0.5687858720164819,0.761909482648061,0.059858174521266336,-17.500949348960958,2.006761691759017,7.655158502200287,0.3680928404306943,-12.446257847548432,0.36971007003434525
0.5687858720164819,0.9235771644741906,0.059858174521266336,-17.500949348960958,0.2809809116058879,-0.30311786115318906,0.25682452490562063,-12.264028578723797,3.337066797010335
0.6488546130430025,0.4852454388907588,0.059858174521266336,-12.95412343575861,2.3070656946584536,-0.3762312982976787,0.25682452490562063,-11.329841624760153,3.337066797010335
0.5175353653310949,0.4852454388907588,0.07613777259009076,-5.985617201905134,2.3070656946584536,-7.001208893608429,0.25682452490562063,-14.815651878212535,3.337066797010335
0.5175353653310949,0.4852454388907588,0.07613777259009076,1.1136180145844703,2.3070656946584536,-5.421540561734422,0.25682452490562063,-16.315174887986878,3.337066797010335
0.5175353653310949,0.4852454388907588,0.061251819062859106,5.688294992132853,2.9074016034995713,-5.421540561734422,0.25682452490562063,-15.516355064077059,4.543390161064952
0.8288534588660985,0.4852454388907588,0.061251819062859106,1.0865191420856686,4.3215752449800995,-9.213920480531893,1.642280870220089,-8.90781981771937,1.8888583861828523
0.4184903521916786,1.5988402074928372,0.05714597250839616,2.3110635727160487,2.8388843176384846,-7.68809253418871,1.642280870220089,-8.995690643034315,1.8888583861828523
0.4184903521916786,1.5626925532776308,0.08631450467208984,0.999054641717072,2.3232821018340073,-3.8864255303794413,1.642280870220089,-8.995690643034315,6.863002504516459
0.4184903521916786,0.37269604007715995,0.08631450467208984,0.999054641717072,2.3232821018340073,-3.0095529890932604,1.642280870220089,-7.784561298845901,6.863002504516459
0.4184903521916786,3.3088738971198306,0.08631450467208984,0.999054641717072,1.821501850917003,-0.6636599323235113,1.642280870220089,-7.784561298845901,0.8927095230293942
0.4184903521916786,0.9975673435940713,0.07270314967610762,0.999054641717072,1.0784134647405077,3.8507828997011706,1.642280870220089,-7.784561298845901,2.5943282633946874
0.4184903521916786,0.4998881963101529,0.08288752603019572,0.999054641717072,1.0784134647405077,3.972732126563687,1.642280870220089,-1.0576685314740724,1.1689034794231596
0.33917456579572214,0.7637885039156791,0.08288752603019572,2.925145655575565,1.0784134647405077,5.076800984926087,1.1445188666307615,-1.5222234480331656,0.584921131823479
0.33917456579572214,1.0722195941314807,0.15489812312045112,-0.4551801867639851,2.487785796000227,5.076800984926087,0.7042204260677195,-2.634398242805709,3.476790906652598
0.33917456579572214,1.0722195941314807,0.15489812312045112,-0.4551801867639851,2.487785796000227,4.886956889069011,0.7212076423794749,-2.634398242805709,1.1567602127864878
0.3734430927006857,1.0722195941314807,0.15944814546885921,-0.4551801867639851,0.6135769489344236,8.666250863489292,0.7212076423794749,7.256160141954716,1.53108528467093
0.3734430927006857,1.0722195941314807,0.15944814546885921,-0.4551801867639851,0.6135769489344236,3.45403346254425,0.7212076423794749,7.574944662664677,1.731229314873384
0.4039846910223354,1.0722195941314807,0.12468180180019836,-0.4551801867639851,2.4102513153786402,3.9034031510551355,0.7212076423794749,8.413328867988556,0.7774972742769345
0.4039846910223354,1.0722195941314807,0.12468180180019836,-0.4551801867639851,2.0796173009136814,-3.418823241420415,0.7212076423794749,6.293384324614472,0.7774972742769345
0.4039846910223354,1.0722195941314807,0.12468180180019836,-0.4551801867639851,2.158419338559004,-2.6765576829949542,0.2966751124013902,0.8013391791680675,0.7774972742769345
0.4039846910223354,1.0722195941314807,0.15453499944909674,-0.4551801867639851,2.158419338559004,-2.6765576829949542,0.5946961479763815,0.8013391791680675,0.7774972742769345
0.4039846910223354,2.900299388762069,0.15453499944909674,-0.4551801867639851,2.158419338559004,-2.6765576829949542,0.590024622697744,0.8013391791680675,0.7774972742769345
0.37406492694383453,2.900299388762069,0.16729908502009422,-0.4551801867639851,0.49304455447766404,2.3630616752653553,0.590024622697744,3.180203804646511,0.2430304941324602
0.37406492694383453,1.171842082227702,0.16729908502009422,-0.4551801867639851,0.49304455447766404,2.4596753804011606,0.590024622697744,3.180203804646511,2.2124708442264343
0.37406492694383453,2.5560323938960727,0.19395470981150123,-0.4551801867639851,3.2625960408776504,2.4596753804011606,0.20781529594428483,3.180203804646511,0.7198768431884063
0.37406492694383453,5.024233165584177,0.19395470981150123,-0.4551801867639851,3.2625960408776504,2.4596753804011606,0.23239316435607235,3.180203804646511,0.7198768431884063
0.37406492694383453,0.8024745039641502,0.19395470981150123,0.8553323369005186,3.2625960408776504,1.7500532000362905,0.23239316435607235,-0.013619634682574322,2.2973590573574656
0.37406492694383453,0.9264123908595788,0.27331799570058374,0.8553323369005186,3.2625960408776504,4.631629426145659,1.1584967242868351,0.6143659453542427,2.2973590573574656
0.5335479275846037,0.8146913930265829,0.27331799570058374,0.8553323369005186,1.6357634000505277,6.889932695929433,1.1584967242868351,-2.1711121990381987,2.2973590573574656
0.5335479275846037,5.668954008514967,0.27331799570058374,0.867602312984975,1.6357634000505277,2.5829133767073698,1.1584967242868351,2.571709595858852,2.2973590573574656
0.5335479275846037,5.668954008514967,0.1936912403447507,1.5150851903447595,1.6357634000505277,-1.426205037516544,0.21460315261701124,2.571709595858852,0.3427693967436427
0.5335479275846037,4.09608078886252,0.1936912403447507,-0.012668852843774614,1.6357634000505277,-1.426205037516544,0.4193362365047895,4.517972685601893,0.14709003396992792
0.5335479275846037,4.09608078886252,0.1936912403447507,-0.012668852843774614,2.4672857406427395,-1.221332613254633,0.4193362365047895,4.517972685601893,0.7703456853483852
0.5335479275846037,4.09608078886252,0.1936912403447507,-0.012668852843774614,0.39383561617663354,-0.7865399500253045,0.4193362365047895,-2.0020527302725464,6.922309154878598
0.5335479275846037,0.48819833365271875,0.1936912403447507,-0.012668852843774614,0.39383561617663354,0.6965244032049918,0.4855131716583544,-3.3491384618527515,0.13669236927361045
0.5335479275846037,0.48819833365271875,0.18182752458556306,-0.012668852843774614,0.6167582677740063,0.6965244032049918,1.0844212478740163,-1.5027729154552494,0.13669236927361045
0.33009067706167,0.48819833365271875,0.2078750930569958,-0.012668852843774614,0.6167582677740063,-0.48925878689027824,1.0724429088639615,-1.5027729154552494,0.13669236927361045
0.33009067706167,1.5081824636871928,0.3030583058616071,-0.012668852843774614,0.6167582677740063,-2.2446568223614323,1.0724429088639615,-1.5027729154552494,0.13669236927361045
0.33009067706167,1.5081824636871928,0.3369809504134263,-0.012668852843774614,0.3974804046827952,-2.2446568223614323,1.0240429572540055,-1.2646874828610724,4.148471221415511
0.7189250328778045,1.5081824636871928,0.19627860405248448,0.7330308515452388,0.38176262864354604,-1.4397776467890078,0.9222090987343633,-0.2192515269581694,2.3526156682602353
0.4721771165181254,1.5081824636871928,0.19627860405248448,-2.1705152979858857,1.7635848331258177,2.1660111383018323,0.9222090987343633,-0.2192515269581694,0.3721460573239557
0.5797746521947943,1.5081824636871928,0.19627860405248448,-2.1705152979858857,5.733713494361819,-1.106274756878343,1.4664002223165034,-0.2192515269581694,0.9732902448899899
0.4783010415016711,0.9369259695083902,0.18738128297962134,-2.1705152979858857,2.473422492393544,-2.8343957103534567,1.4664002223165034,0.5442105871576777,0.15923401015362337
0.4783010415016711,0.9369259695083902,0.18738128297962134,-2.1705152979858857,0.6576813771938961,0.45409748973602637,1.4664002223165034,-0.06151325529506435,3.409431107716028
0.4783010415016711,0.9369259695083902,0.18738128297962134,1.1612615008375609,0.5600963542541645,0.45409748973602637,0.4191407320397197,-0.06151325529506435,3.409431107716028
0.4783010415016711,0.3107833398096733,0.18738128297962134,1.1612615008375609,1.9956057627104966,0.45409748973602637,0.9547815591141431,-0.06151325529506435,1.2011237679916398
0.2911109351572322,1.4085140506880527,0.19301265054295447,-1.4170652082077688,1.9956057627104966,0.45409748973602637,0.6994918405886662,-0.06151325529506435,1.2011237679916398
0.2911109351572322,1.4085140506880527,0.19301265054295447,-1.4170652082077688,0.11402118009976174,0.45409748973602637,1.0659186358898052,-0.06151325529506435,1.2011237679916398
0.2911109351572322,0.5093122513496208,0.2419579273752431,-2.0634332137237723,0.11402118009976174,0.11966116305581065,1.0659186358898052,-0.06151325529506435,0.7998887199706545
0.2911109351572322,3.2276105071559056,0.2419579273752431,-2.0634332137237723,1.220431321262688,-1.2353808885950865,4.774482689302874,-0.06151325529506435,0.7998887199706545
0.2911109351572322,1.441385439369908,0.2419579273752431,-2.0634332137237723,1.220431321262688,-1.2353808885950865,4.774482689302874,-0.06151325529506435,0.7998887199706545
0.2911109351572322,1.441385439369908,0.25943013312024965,-1.448154724775021,1.3870294987189704,-1.2353808885950865,4.774482689302874,-0.06151325529506435,0.7998887199706545
0.2911109351572322,1.441385439369908,0.25943013312024965,-6.7675844165074235,1.3870294987189704,-1.2353808885950865,4.774482689302874,-0.06151325529506435,0.7998887199706545
1.1950464971774868,1.441385439369908,0.2877465114185502,-6.48288991699407,1.3870294987189704,0.847225835761225,4.774482689302874,-1.2547252848289794,0.7998887199706545
0.8537739459936436,0.50111807194643,0.2678728789320751,-6.48288991699407,1.3870294987189704,2.1778848096062955,15.68074773321077,-1.2547252848289794,0.7998887199706545
0.8537739459936436,8.634579290632022,0.2678728789320751,-6.48288991699407,1.3870294987189704,-0.8751829016996835,2.8886579306063633,-0.5643676351835052,0.7998887199706545
0.8537739459936436,15.553288382800037,0.2678728789320751,-10.550384826841377,0.8509041372052966,-0.8751829016996835,3.978379794630322,-0.5643676351835052,2.709325238599293
1.3712011751168387,15.553288382800037,0.2678728789320751,-12.420123233262139,0.3825268103563126,-4.178793162492493,3.978379794630322,-6.216421544786957,1.4600236540612612
1.9103477684095738,3.8955247688083654,0.3100519878164455,-20.56649873636517,0.3825268103563126,-1.5467268285055926,3.978379794630322,-1.2773310928347792,1.4600236540612612
1.9103477684095738,3.8955247688083654,0.3100519878164455,-20.56649873636517,0.5431171670556322,-0.7442711478970631,2.1816644280537076,-1.2773310928347792,1.4600236540612612
1.4824251580104728,3.8955247688083654,0.3975057644950901,-28.131420971365483,0.5431171670556322,-1.0569512486696278,2.1816644280537076,-1.2773310928347792,1.4600236540612612
1.0865824745146504,2.683974842622264,0.3975057644950901,-22.117259545537365,0.31367072618759595,-1.0569512486696278,0.5650082439138767,-1.2773310928347792,1.4600236540612612
1.897499652446309,2.683974842622264,0.3975057644950901,-22.117259545537365,3.98524440223436,-0.4265546635198473,1.8058524376110439,-3.1105491486866184,1.4600236540612612
1.897499652446309,1.800597416387542,0.3975057644950901,-25.722579435154277,3.98524440223436,-0.4265546635198473,0.6566917465750507,-0.9103381268057982,1.8069361128421242
1.897499652446309,3.653710660374848,0.3975057644950901,-25.722579435154277,3.98524440223436,4.062807066331285,0.6566917465750507,-5.219804851659491,4.942588579519507
5.036697728365549,0.6614231033258647,0.3975057644950901,-28.111628081646504,3.98524440223436,3.743509537553959,0.6566917465750507,-5.219804851659491,4.942588579519507
7.36909080880316,2.858216798293659,0.3975057644950901,-23.017218151898142,0.8464633141815864,2.374432275673559,0.6566917465750507,-5.219804851659491,4.052777177272619
6.008191865370264,2.129112024155974,0.3975057644950901,-15.31779685738223,0.2945322077618511,2.374432275673559,0.6566917465750507,-3.793267758748695,4.052777177272619
6.008191865370264,2.129112024155974,0.3975057644950901,-13.138137655306178,0.2945322077618511,2.374432275673559,4.424857419532494,-8.347590768404414,4.052777177272619
6.008191865370264,2.188435053234326,0.3975057644950901,-8.327979721101661,0.26375869017162873,-0.9653062772425818,6.134508444584996,-13.2224881139587,1.6732715289981366
3.5530090625455606,0.39792770233039826,0.3975057644950901,-0.73935990464103,0.26375869017162873,-1.9764084549489465,1.0133963978899123,-11.424327136023285,0.055693217521825794
2.1696544641560407,0.39792770233039826,0.3975057644950901,-0.73935990464103,0.26375869017162873,-1.8804422253780875,1.0133963978899123,-11.424327136023285,0.055693217521825794
2.1696544641560407,2.619722854766243,0.3975057644950901,3.8756361210185055,0.7478687806687011,-3.20400912119337,1.0133963978899123,-11.424327136023285,0.33026015243174117
2.1696544641560407,0.8363845226129653,0.3056250812880913,19.954865042534507,0.7478687806687011,-4.204833622155587,1.0133963978899123,-5.226837279281449,0.4438903914916552
2.1696544641560407,4.120295933270147,0.2852910635950222,12.9795408260287,0.7478687806687011,-3.851000015838947,1.0133963978899123,-5.226837279281449,0.4438903914916552
1.3664205153360762,3.9438293245739326,0.2852910635950222,15.48797215387704,0.7478687806687011,-1.0089313709466716,1.0133963978899123,-5.226837279281449,0.4438903914916552
1.3664205153360762,5.430772891227513,0.2852910635950222,17.32241721701545,0.6711936904988665,-3.2183377636468675,1.0133963978899123,-5.226837279281449,1.3703396036855613
1.3664205153360762,5.430772891227513,0.3149248063630155,17.32241721701545,0.6711936904988665,0.21707181701715017,0.6616156304042888,-4.507684996991323,1.3703396036855613
1.5406482312084326,5.430772891227513,0.37454786377484084,8.142145654358767,0.6711936904988665,1.8925800561268655,0.6616156304042888,-1.0892255234637225,1.3703396036855613
1.5406482312084326,5.430772891227513,0.37454786377484084,8.142145654358767,1.6838907435117036,-2.1949316039446867,0.6616156304042888,0.13565833564982377,3.0314544152914653
1.1169039604750284,5.430772891227513,0.37454786377484084,0.84028029596187,2.8739755765342347,-4.807949244780101,0.6616156304042888,1.8053197764941953,0.6375546862405073
0.42291157924888434,5.430772891227513,0.37454786377484084,-2.2471445226305566,2.8739755765342347,-0.775690763347952,0.6616156304042888,1.8053197764941953,0.6375546862405073
0.3857385533846132,5.430772891227513,0.3313466874226621,-2.2471445226305566,2.624519511934774,-1.7327650872329916,0.6616156304042888,1.7065604910196368,0.3535222290856089
0.3857385533846132,5.430772891227513,0.3313466874226621,-2.2471445226305566,0.6031819066984958,-1.7327650872329916,0.6616156304042888,1.7065604910196368,0.3535222290856089
0.3857385533846132,3.336156481225983,0.30833522387323326,-2.2471445226305566,0.6031819066984958,0.49104095040994933,1.3133553478461606,-0.6964588940938785,0.3535222290856089
0.5441656085445298,2.721091756927502,0.4917583517299522,-2.2471445226305566,0.3336499458870606,3.586883910602047,1.3133553478461606,0.5675711434990709,0.3535222290856089
0.5441656085445298,1.1024069763969178,0.4917583517299522,-2.2471445226305566,0.08813797977423297,2.298063766464421,1.3133553478461606,-0.38604190938382343,0.3535222290856089
0.5441656085445298,7.710529893789309,0.4917583517299522,-2.2471445226305566,0.08813797977423297,2.306395059579451,1.4111434296921448,-0.38604190938382343,1.2072085005980384
1.036476800424101,7.710529893789309,0.5769463668855433,-2.8677482482463335,0.08813797977423297,2.306395059579451,0.715984649658316,-0.38604190938382343,0.9693152430595444
1.036476800424101,6.876937797126746,0.5184018713692355,3.343425404510058,2.3375885047962077,1.6760190360331713,0.715984649658316,-0.38604190938382343,0.9693152430595444
0.7174028185839108,6.876937797126746,0.4601069351768002,4.036459790030851,0.8454954764012649,-4.4287039995476265,0.715984649658316,-0.38604190938382343,0.9693152430595444
0.7174028185839108,6.876937797126746,0.4002996783630967,1.8142048386268392,0.47163590737026745,-3.3702199433619207,0.715984649658316,1.8105339947881656,0.9693152430595444
0.7174028185839108,0.6983697611392853,0.4002996783630967,3.04012505980055,0.47163590737026745,-3.3702199433619207,0.715984649658316,1.8105339947881656,0.9693152430595444
1.0141997621046575,1.7530985829946668,0.4002996783630967,3.04012505980055,2.7208806934190766,-3.5785166349357094,1.058900870500371,1.8105339947881656,0.9693152430595444
1.1200278582249925,1.7530985829946668,0.5380960677084329,2.3009364244341075,2.7208806934190766,-3.8768500443584353,1.058900870500371,1.8105339947881656,0.9693152430595444
1.1200278582249925,1.6389653732530531,0.4946574042606018,-0.5774566845277613,2.7208806934190766,-1.4673115584501866,0.9998762550246504,1.8105339947881656,0.9693152430595444
1.1200278582249925,0.7310629042918538,0.5451363100179906,-0.5774566845277613,0.9594128524225288,-1.4673115584501866,0.9998762550246504,-1.601396155493633,0.9693152430595444
1.1200278582249925,0.5604662275304804,0.6191891558378563,-0.5774566845277613,3.4281816286853255,-1.4673115584501866,2.0887442165218455,-0.3268348924010889,1.0060054064507806
1.1200278582249925,0.5604662275304804,0.6191891558378563,-0.5774566845277613,3.4281816286853255,1.8245079046915809,0.258055937850821,-0.3268348924010889,0.14140247883321327
0.8929349073877644,0.5604662275304804,0.7034419896554973,-0.5774566845277613,3.4281816286853255,-0.2597437031319645,0.258055937850821,-0.30279723394538427,0.14140247883321327
0.8929349073877644,0.5604662275304804,0.7034419896554973,-0.5774566845277613,3.4281816286853255,-3.692935446917837,1.9324544004920807,-0.30279723394538427,0.14140247883321327
0.9467387025549391,0.5604662275304804,0.7034419896554973,-0.4780753356080958,3.4281816286853255,-2.678937329894867,1.9324544004920807,-0.30279723394538427,0.06418259624980265
0.9467387025549391,0.754545563635019,0.7034419896554973,-0.4780753356080958,0.19861163945739652,1.7759005952407576,0.8259062270724924,-0.30279723394538427,0.23437394051119076
0.9467387025549391,0.754545563635019,0.7034419896554973,-0.4780753356080958,0.1825121439503168,0.7278048980595155,0.8259062270724924,-0.30279723394538427,0.23437394051119076
1.0383484237741787,0.754545563635019,0.7034419896554973,-0.4780753356080958,5.143703506888523,0.7278048980595155,0.7930440989860579,0.25157452774372646,0.23437394051119076
1.4430947788764772,0.754545563635019,0.8838346031140608,-0.4780753356080958,0.5897915865297566,0.7278048980595155,0.7930440989860579,-2.9802541137283693,0.18357534497062955
1.2552177223356074,1.0810832600358533,0.8838346031140608,1.6533451073879937,0.5897915865297566,-2.200793687211153,0.7930440989860579,1.5608352869577988,0.18357534497062955
1.2552177223356074,2.56875769854289,0.8838346031140608,1.6533451073879937,2.6922087351056474,-2.200793687211153,0.4504995775244751,1.5608352869577988,0.18357534497062955
1.2552177223356074,2.56875769854289,0.8838346031140608,1.6533451073879937,2.04091361828214,0.9448011823368612,0.4504995775244751,1.5608352869577988,0.18357534497062955
1.2552177223356074,0.367595811717678,0.8838346031140608,1.6533451073879937,0.6648678722879371,0.9448011823368612,0.7990954802179246,1.5608352869577988,0.2912299232268045
1.2552177223356074,0.367595811717678,1.296622374316153,-0.4321126321750508,0.6648678722879371,0.9448011823368612,0.7990954802179246,1.5608352869577988,0.8612719890633688
0.9538640647630527,1.8443266473918565,1.296622374316153,-0.4321126321750508,3.226356996337783,0.9448011823368612,0.7990954802179246,1.5608352869577988,0.8612719890633688
0.9538640647630527,1.8443266473918565,0.9164855671856285,-0.4321126321750508,3.226356996337783,-0.35513895907896065,0.8095505226255769,1.5608352869577988,0.8612719890633688
0.9538640647630527,1.8443266473918565,0.9610189695250869,-0.4321126321750508,3.226356996337783,0.13032379586927362,0.8095505226255769,-2.1875784525782045,0.9595300310624556
0.9538640647630527,1.8443266473918565,1.0091704779175799,-0.4321126321750508,3.432521364676347,0.13032379586927362,0.8095505226255769,-2.1875784525782045,2.5182478874558085
1.788476590459304,1.8443266473918565,0.5192230505724689,-1.526204136071879,0.24390720469223684,0.13032379586927362,3.008980808214378,3.7083665427923087,1.9531308943176324
1.788476590459304,1.8443266473918565,0.5192230505724689,-1.0585109005561586,0.24390720469223684,0.13032379586927362,0.34773159450797037,3.7083665427923087,1.9531308943176324
0.7900468127300988,6.519320168638716,0.5192230505724689,-1.0585109005561586,1.7420109537738295,0.13032379586927362,0.34773159450797037,3.7083665427923087,1.9531308943176324
0.7900468127300988,16.12175584781604,0.5192230505724689,1.3694237113480336,0.6797613163180916,0.13032379586927362,0.4462288494394689,3.7083665427923087,1.9531308943176324
1.3286223013185012,0.7575697314239378,0.5192230505724689,1.3694237113480336,0.6797613163180916,0.5807100549292946,0.2771037443321937,4.908020878952527,1.9531308943176324
1.3286223013185012,1.984305840872535,0.7164277502348285,1.3694237113480336,1.4761793708935427,0.5807100549292946,0.2771037443321937,4.154487424996026,1.9531308943176324
1.3286223013185012,5.355382625311058,0.7164277502348285,1.3694237113480336,0.6288194120358199,0.12251014473909283,0.2771037443321937,4.154487424996026,0.5492650029041989
1.03424414783325,7.460525061846659,0.7164277502348285,1.3694237113480336,0.6288194120358199,0.12251014473909283,0.2771037443321937,4.154487424996026,0.5492650029041989
0.6818150839339363,0.9353188610267289,0.8450584939614068,1.3694237113480336,0.6288194120358199,0.12251014473909283,0.2771037443321937,4.859254095066833,0.23418268406383724
0.7488829263787815,0.9353188610267289,0.8450584939614068,1.3694237113480336,0.6288194120358199,0.12251014473909283,0.2771037443321937,4.859254095066833,0.1600710150837026
0.7488829263787815,0.9353188610267289,0.8450584939614068,1.3694237113480336,0.6288194120358199,-0.821402381120932,1.0405296592775581,3.881198237952389,0.1600710150837026
1.656620760625785,0.9353188610267289,0.8450584939614068,1.3694237113480336,0.6288194120358199,-0.821402381120932,1.0405296592775581,4.562888312449723,0.1106839403844449
2.7066031323359527,0.9353188610267289,0.46665550205447587,1.3694237113480336,0.6288194120358199,-3.7277081692154397,1.9624800283168704,3.2419274137509073,0.24713892225918635
2.7066031323359527,2.6683449033920716,0.46665550205447587,1.3694237113480336,0.6288194120358199,-3.7277081692154397,1.9624800283168704,2.1086064822525667,2.821882101844176
1.6700652854744424,2.6683449033920716,0.46665550205447587,1.3694237113480336,0.6288194120358199,-3.7277081692154397,2.96181766745497,0.6345300705723333,0.39395542226196417
1.6700652854744424,2.6683449033920716,0.46665550205447587,1.3694237113480336,0.6288194120358199,-2.644850376896365,1.7777195597713278,0.6345300705723333,0.39395542226196417
1.6700652854744424,3.2409049162462757,0.4170079794722458,1.3694237113480336,0.6288194120358199,-2.644850376896365,1.6054407068648688,4.758300275457552,0.8296352982086433
1.827243319762654,8.609834961653847,0.4170079794722458,1.3694237113480336,0.6288194120358199,-2.644850376896365,1.6054407068648688,-0.448345604407713,0.6844368517975657
1.5902389812591973,40.82756305999475,0.4170079794722458,-3.1992958908306517,0.8141186260722021,-3.1133628553785604,1.6054407068648688,1.439817392954216,0.8404887289749379
1.5902389812591973,0.3900732587069796,0.4170079794722458,3.4865898381040856,2.9446818128459493,-4.223853011576015,0.34408382725855496,5.058472206988128,1.6345523381020126
1.5902389812591973,0.3900732587069796,0.32347183078208014,2.0540332763893243,2.9446818128459493,1.2665011299644213,0.15068712973491522,6.19531857784517,1.6345523381020126
1.5902389812591973,0.7536345429343176,0.30948379467244974,1.3789305123221411,0.32661332468794413,1.2665011299644213,0.15068712973491522,6.980767989602564,1.7287471295990482
3.3818346205987178,2.2044361542388504,0.3982962334742183,4.744720498008769,0.32661332468794413,-3.087075543291606,0.9762733397620771,-2.750192970396405,1.7287471295990482
1.5288766353892307,2.2044361542388504,0.4008785257847254,4.744720498008769,0.44653026601202433,-3.843495899085319,3.1532640973434463,-3.559597126960352,1.7287471295990482
1.5288766353892307,9.814651030792223,0.5160498833917289,4.744720498008769,0.44653026601202433,0.9904438813748957,3.1532640973434463,-0.8994777489135428,0.2362821958615889
0.6582532211623919,230.3049382803044,0.30708122376635916,-2.0626149879832143,0.44653026601202433,0.9904438813748957,0.49722463930717153,-0.8994777489135428,0.2362821958615889
0.7385119647339928,61.6189551666243,0.30708122376635916,2.717116549062376,0.44653026601202433,-0.8012809038429656,0.49722463930717153,-0.8994777489135428,0.2362821958615889
0.7385119647339928,61.6189551666243,0.30708122376635916,-3.0901880743154333,0.44653026601202433,0.9114669443012273,0.49042315860911684,-3.215281447472921,0.8562010804462542
2.236274756348466,43.24295947216603,0.40886679066552223,-10.04373473076048,0.44653026601202433,0.9114669443012273,0.49042315860911684,-3.215281447472921,0.8562010804462542
2.236274756348466,55.693886065684886,0.4267843370970199,-5.058539809070731,0.44653026601202433,-3.5048764513824766,0.49042315860911684,-3.215281447472921,1.5360926646036661
2.236274756348466,186.01000422830626,0.4267843370970199,-4.037248174407864,0.44653026601202433,2.4046900625192276,0.49042315860911684,-2.332738905091312,1.5360926646036661
2.236274756348466,297.522998863442,0.4267843370970199,-1.0370740899692894,0.2931133275518541,2.4046900625192276,0.6783596363658709,-0.7713470547356955,0.9862006042361728
2.1436585654834768,297.522998863442,0.4267843370970199,-7.260904098370606,0.2931133275518541,2.4046900625192276,0.8717735476036581,-0.7713470547356955,0.9862006042361728
2.1436585654834768,134.27027345203174,0.4267843370970199,-12.615968167341327,6.207901273133389,1.034162041860685,0.8717735476036581,0.1320282547649746,0.5717814610524297
0.8603207768959856,134.27027345203174,0.4267843370970199,-12.615968167341327,6.207901273133389,1.034162041860685,0.8717735476036581,-4.623206749333704,1.2534704558208083
0.8603207768959856,14.189011908550013,0.4267843370970199,-12.615968167341327,6.207901273133389,1.034162041860685,0.8717735476036581,-4.623206749333704,1.2534704558208083
0.7933614123504619,14.189011908550013,0.46732566018394844,-12.615968167341327,6.207901273133389,3.8558443379283363,0.5013503289193189,-4.623206749333704,1.2534704558208083
1.186934035733707,0.6694613797666865,0.4173559473652385,-12.55937034599534,3.0274312686073808,3.8558443379283363,0.5013503289193189,2.1362181619051066,1.2534704558208083
1.186934035733707,0.6694613797666865,0.4173559473652385,-13.015451701720826,2.5427144835806423,4.085034625514448,0.5013503289193189,1.9895931304181578,1.2534704558208083
1.186934035733707,0.6694613797666865,0.3170116652651664,-14.0945543091037,2.528416796772706,4.51647893757785,0.6620497449218141,-0.5786832987986656,1.1336779435636541
1.186934035733707,0.6694613797666865,0.20466449957391294,-14.0945543091037,2.528416796772706,4.032025369875162,0.6620497449218141,-0.5786832987986656,1.9757154560905832
1.186934035733707,1.279490290471858,0.2905460437847881,-14.0945543091037,2.528416796772706,5.085956076249424,0.6620497449218141,-0.5786832987986656,0.2843907779086411
1.2221928825057233,0.7230996839435225,0.33737860118696356,-11.986537755938926,1.131868935660494,5.598973675203012,0.9106867004312648,5.97341663746713,0.2843907779086411
1.514468116575115,0.7230996839435225,0.33737860118696356,-11.986537755938926,1.131868935660494,-5.385782322020812,0.41390113572513876,5.97341663746713,0.23380081587017323
1.1393386673919568,0.7230996839435225,0.25054467858276364,-0.013251253432654764,1.131868935660494,-5.385782322020812,2.3559598559003057,-1.1926981669928578,0.23380081587017323
1.1393386673919568,0.7888891300881733,0.25054467858276364,-0.013251253432654764,1.131868935660494,-10.752652830618917,0.3367396053424914,-1.2817543742352486,0.23380081587017323
1.6308481597578537,1.4146889611197504,0.25054467858276364,7.393066591633152,1.131868935660494,-10.531215358992238,0.3367396053424914,6.23078807719258,0.32217887142698937
1.3039433542102263,2.6188498629435535,0.25054467858276364,7.393066591633152,1.131868935660494,-11.26704711870539,0.7460340057994027,1.3461438537679022,0.32217887142698937
1.3039433542102263,2.6188498629435535,0.25054467858276364,1.376451292083157,1.497379843339034,-11.26704711870539,0.7460340057994027,-3.2252484406779365,0.6142766622638811
0.5197709867092921,2.6188498629435535,0.25054467858276364,1.376451292083157,0.44209059521008987,-11.26704711870539,0.7460340057994027,-0.7385338798992946,0.6142766622638811
0.7757960728358579,3.4346705599723455,0.25054467858276364,1.376451292083157,0.44209059521008987,-11.26704711870539,0.7460340057994027,-0.7385338798992946,0.25415484729584925
0.7757960728358579,3.4346705599723455,0.1703958814488359,1.376451292083157,0.44209059521008987,-11.26704711870539,0.7460340057994027,4.847566791960869,0.25415484729584925
0.8177716108388667,6.979140039731576,0.1703958814488359,2.4816252082728205,0.44209059521008987,-6.775617394817894,0.7460340057994027,8.789697497235,0.6019117652189401
0.8177716108388667,9.628756416871859,0.24793534780556603,0.3556491743501078,1.7358953805348634,-6.775617394817894,3.4812482156388023,14.80231873353334,0.6019117652189401
0.739763927305437,9.628756416871859,0.24793534780556603,0.3556491743501078,1.7358953805348634,-6.775617394817894,3.4812482156388023,14.419173264921513,3.587100293683778
0.739763927305437,9.628756416871859,0.0836776700412432,3.8923712932723813,1.7358953805348634,-8.417658690760483,1.1827648566205529,13.752207083560904,5.097614375075166
0.739763927305437,9.628756416871859,0.10757444178132965,3.8923712932723813,1.7358953805348634,-6.674317695611758,6.327206085889244,12.832704306804207,5.097614375075166
0.739763927305437,6.304760075349121,0.13913242919813515,3.9516834367926075,0.4670685711328701,-8.13036842081788,1.1434150658413735,14.216185103092133,5.097614375075166
0.739763927305437,6.304760075349121,0.07957495083717088,-0.9821741335864109,0.4670685711328701,-8.13036842081788,0.23200584819214284,14.715998950630855,5.097614375075166
0.739763927305437,6.304760075349121,0.13380147213305751,-2.4651926381887073,0.8245464733500764,-8.13036842081788,0.6516079777217025,22.67568841905109,5.097614375075166
0.7578132302093853,6.304760075349121,0.18609943306164003,-2.4651926381887073,1.270246254433659,-2.1268951828012055,0.6516079777217025,22.67568841905109,5.097614375075166
2.028830976772613,9.275515517182074,0.0914781882334897,-2.4651926381887073,1.270246254433659,-7.622482257883074,0.6516079777217025,23.2333317743544,5.097614375075166
2.339594579677153,0.2854432774495329,0.26037707024884066,-2.4651926381887073,0.3432838626916771,-12.552425515825115,0.5434183665654103,26.104541735481167,5.097614375075166
2.339594579677153,2.6916987809717754,0.11441977470832226,-2.4651926381887073,0.3432838626916771,-14.781724437588153,0.587808498830784,21.200840330569072,5.097614375075166
2.339594579677153,0.8825444855875341,0.18951995507537409,-3.2992281264471033,0.3432838626916771,-9.658911733648491,0.587808498830784,21.200840330569072,5.097614375075166
2.931234916575361,0.8825444855875341,0.36950333847318545,3.9132538161360224,0.3432838626916771,-9.424129885004719,0.587808498830784,27.879426179817184,5.097614375075166
2.931234916575361,0.8825444855875341,0.36950333847318545,9.456113351629387,0.3432838626916771,-8.736428179259974,0.587808498830784,28.623636359494924,3.574039907144138
2.931234916575361,0.8825444855875341,0.35368329113911773,0.7604910507474081,0.3432838626916771,-7.931418019413417,1.2132379143895244,27.001387494855923,3.574039907144138
2.931234916575361,0.8825444855875341,0.35368329113911773,0.7604910507474081,0.3432838626916771,-10.154155087165725,1.1718114168545826,27.001387494855923,3.0839339065788556
2.931234916575361,0.8825444855875341,0.5061605718297717,6.671214236915949,0.636815096755208,-14.551892375483272,0.7820183568829165,27.001387494855923,0.32628121978181523
5.238710380896382,0.8825444855875341,0.5061605718297717,11.465628913638636,0.636815096755208,-14.551892375483272,0.7820183568829165,25.25584162617887,0.32628121978181523
4.429382656895679,0.8825444855875341,0.5061605718297717,10.5377014537391,0.636815096755208,-14.551892375483272,0.7820183568829165,23.422417604617866,0.5661629870604628
4.429382656895679,0.24593685549871025,0.5061605718297717,11.522162996086207,0.636815096755208,-18.0236524577495,1.5842442693017287,20.487794151422598,0.5661629870604628
5.234772964368042,0.7819990746552983,0.5061605718297717,11.522162996086207,0.3754714541523372,-18.094393490278915,1.5842442693017287,8.532709303380162,0.10648420066623719
5.234772964368042,1.0119699559968105,0.4134333305292084,13.808196085083585,1.1570931202122352,-19.791366098592217,0.20825701684439268,6.627535774375588,7.3152641284412745
5.234772964368042,1.0119699559968105,0.4689522754458331,12.497121427260552,1.1570931202122352,-19.94420493920724,0.20825701684439268,4.6822376901765566,7.3152641284412745
4.430059559305013,1.0119699559968105,0.4689522754458331,2.8154191891750617,1.1570931202122352,-19.94420493920724,2.8998506273535245,2.3782516257721107,7.3152641284412745
4.430059559305013,0.5889240713960839,0.7019440219310561,3.0061361713151666,1.1570931202122352,-17.935005503193644,2.394525712476256,0.0359647911462031,0.2840076954516979
4.430059559305013,3.2443359086580825,1.0113357439121893,5.058804738650442,1.1570931202122352,-16.15211662295652,2.394525712476256,0.0359647911462031,1.6995714065247158
4.430059559305013,3.2443359086580825,1.0113357439121893,8.481884010856813,1.1570931202122352,-15.20257059780963,2.394525712476256,6.7964214213457,0.6550203373983287
6.4949333465503045,0.7438245127471355,0.8459202813053556,6.1075399762037055,3.8514157978583734,-15.20257059780963,2.394525712476256,6.7964214213457,3.7119761927370916
6.4949333465503045,2.5544171937031037,0.8153316150944069,6.1075399762037055,2.3396694814689094,-15.45799905985926,2.394525712476256,6.7964214213457,3.7119761927370916
6.4949333465503045,2.2089953101271047,0.8130340224731464,3.927200978249169,2.3396694814689094,-8.783475457765512,2.394525712476256,6.7964214213457,1.3000473104866106
6.4949333465503045,2.2089953101271047,0.8130340224731464,1.1235157696780944,0.789230646086281,-8.783475457765512,7.2567237945009815,2.865614146329022,1.3000473104866106
6.4949333465503045,2.2089953101271047,1.3983032310931696,1.1371366030142775,0.789230646086281,-8.783475457765512,1.026370113983673,2.8525698879178156,1.8753051216208396
6.4949333465503045,3.6750027366192586,1.3507825621324951,1.7735782604342079,0.789230646086281,-6.618419854805811,1.321093213533174,4.397357224358537,2.5908170308293967
6.4949333465503045,2.172380780055688,0.975554204850752,2.959454815467175,0.17385885178570115,-6.9087228898142685,1.321093213533174,4.843713112160695,2.5908170308293967
6.4949333465503045,0.4047478972632316,0.975554204850752,2.959454815467175,0.17385885178570115,-6.9087228898142685,1.321093213533174,1.7632382417945385,12.989809476094996
6.4949333465503045,0.4047478972632316,0.975554204850752,3.58983964896374,0.3063352896906301,-9.589275623962166,0.3725796006326879,4.526577230567119,12.989809476094996
6.4949333465503045,4.789987594598398,0.975554204850752,3.58983964896374,0.3063352896906301,-7.732540266508415,0.3725796006326879,-0.4929681487386386,12.989809476094996
12.359491428530966,4.789987594598398,1.1074177321681848,3.863879117784203,2.776074922282858,-7.636908955877427,0.3725796006326879,2.108709566474211,12.989809476094996
4.1082219609793516,3.1069514861733616,0.6157399104165834,3.863879117784203,2.776074922282858,-4.301281553981413,0.3725796006326879,2.8353876370901694,12.989809476094996
2.908002137047035,3.1069514861733616,0.6157399104165834,3.8412555268839847,2.776074922282858,-1.814714651734834,1.167755714657397,2.8353876370901694,12.989809476094996
2.908002137047035,3.1069514861733616,0.6157399104165834,-0.5304861439687949,2.776074922282858,-1.306698065537934,1.167755714657397,0.5750532584701129,14.096644026568018
1.206610135634373,3.1069514861733616,0.6157399104165834,-0.5304861439687949,1.0050341904743494,0.9125236212637846,1.8655235588192425,2.9143296462480732,0.9686866752775537
1.206610135634373,17.034138262124007,0.6157399104165834,-0.5304861439687949,1.0050341904743494,0.9125236212637846,2.0519697722119883,-1.0536225932784915,0.9686866752775537
0.6031053596567475,3.4880284990608006,0.6157399104165834,-0.5304861439687949,1.0050341904743494,0.9125236212637846,2.0519697722119883,-1.0536225932784915,0.9686866752775537
0.5789189656667607,6.892977997979292,0.6157399104165834,-0.5304861439687949,1.0050341904743494,2.996414257920932,2.0519697722119883,-1.0536225932784915,0.9686866752775537
0.5789189656667607,8.442768194522607,0.6157399104165834,-1.1416041482652464,0.640149625612629,0.9990968411833148,2.6862887806977787,-1.0536225932784915,0.9686866752775537
0.5789189656667607,11.444142679133806,0.6157399104165834,-1.1416041482652464,2.229057638361292,1.0265088503980055,0.4815463132364556,-3.413946331244175,0.9686866752775537
0.5789189656667607,0.7739924191714779,0.6157399104165834,-1.1416041482652464,2.229057638361292,0.8779399151646147,0.6286379905893212,-1.2198766164026478,0.9686866752775537
0.5789189656667607,0.951522009113413,0.6157399104165834,-1.1416041482652464,0.5198441740728086,-0.15380703275136243,1.6277221262090076,-1.2198766164026478,1.098544747640309
0.5789189656667607,0.951522009113413,0.6157399104165834,-1.8153809685628017,0.5198441740728086,0.05780458782378711,1.748293427487877,-1.2198766164026478,0.7811100344659467
0.5789189656667607,1.5085101734416628,0.6485365433605156,-1.584235742299676,0.2471323797165822,0.05780458782378711,0.73191892712333,1.6429090703774327,0.4597555746055814
0.5789189656667607,1.5085101734416628,0.7822725495708909,-1.584235742299676,0.2471323797165822,0.05780458782378711,0.73191892712333,1.6429090703774327,0.4597555746055814
0.5789189656667607,1.5085101734416628,0.7822725495708909,-0.44350932091621686,0.2471323797165822,-1.5173962356220696,0.6044149831174356,1.6429090703774327,1.4565018872045994
0.5789189656667607,0.9520426228138932,1.0283172241927603,-0.44350932091621686,0.2471323797165822,-1.5173962356220696,0.6044149831174356,1.6429090703774327,0.5064852373842731
0.5789189656667607,0.7504457066208856,0.5867293290274671,-0.44350932091621686,0.12792463103092316,0.2094556811306485,0.9285615948009637,1.6429090703774327,0.5064852373842731
1.1799112239700205,0.7504457066208856,0.5867293290274671,-0.44350932091621686,0.12792463103092316,4.462166933567811,0.8516985837562413,1.6429090703774327,0.5064852373842731
1.1799112239700205,0.7504457066208856,0.5867293290274671,-0.44350932091621686,0.12792463103092316,0.310531203795124,0.8516985837562413,1.6429090703774327,0.45002620647476727
0.5430009737330431,1.8368886941088989,0.5867293290274671,-0.44350932091621686,0.12792463103092316,0.310531203795124,0.8516985837562413,0.55667913563093,0.45002620647476727
0.3036735830643969,1.2751818657116727,0.5867293290274671,-0.44350932091621686,0.700746682610573,-0.2532277632541372,0.8516985837562413,0.55667913563093,0.05327683272236712
0.3036735830643969,2.858151958494853,0.6465509470482718,-0.44350932091621686,0.700746682610573,-0.2532277632541372,2.174171679612069,0.55667913563093,0.05327683272236712
0.41887482900451345,2.858151958494853,0.6465509470482718,-0.44350932091621686,1.8362437523892645,-0.2532277632541372,0.2628695273004946,0.55667913563093,0.05327683272236712
0.41887482900451345,0.752405235432409,0.6465509470482718,-0.44350932091621686,1.8362437523892645,-0.2532277632541372,0.2628695273004946,0.55667913563093,0.05327683272236712
0.41887482900451345,6.4654514958767075,0.6465509470482718,-0.44350932091621686,1.8362437523892645,0.25778877069882444,0.6362016626185831,0.55667913563093,0.05327683272236712
0.41887482900451345,2.0685769595314114,0.6465509470482718,-0.9102044262660292,1.8362437523892645,-0.8493450466721271,0.6362016626185831,0.55667913563093,0.05327683272236712
0.41887482900451345,1.77999040251793,0.6070189342395614,-0.9102044262660292,1.8362437523892645,0.28745303839525715,2.070348417618819,0.55667913563093,0.09628988485260422
0.41887482900451345,0.4526205898674294,0.6070189342395614,-0.9102044262660292,1.8362437523892645,0.28745303839525715,2.070348417618819,0.55667913563093,0.09628988485260422
0.41887482900451345,0.5719450061752687,0.6070189342395614,-0.9102044262660292,1.8362437523892645,0.28745303839525715,0.16465981713857752,0.55667913563093,0.09628988485260422
0.9239638768835202,0.5719450061752687,0.5651246546892073,-0.9102044262660292,1.8362437523892645,-1.2264441486895197,0.5045575033102291,-2.5893412483395557,0.09628988485260422
0.9239638768835202,0.5719450061752687,0.5651246546892073,-0.9102044262660292,1.8362437523892645,-1.2996170213932796,0.2106087443603695,-2.5893412483395557,0.09628988485260422
0.9239638768835202,0.893124663875313,0.5651246546892073,-0.9102044262660292,1.8362437523892645,-1.2996170213932796,0.22551164105472096,-4.627584625689472,0.09628988485260422
0.9239638768835202,0.893124663875313,0.5651246546892073,-0.9102044262660292,1.8362437523892645,-0.15345740797861618,1.9604642169469455,-2.7344196665538254,0.04506405326264531
0.8577123178777646,0.893124663875313,0.4276041896983324,-0.9102044262660292,1.8362437523892645,1.4692761774671392,1.9604642169469455,-2.5477167201372803,0.08419884859529234
0.8577123178777646,5.364398535512851,0.5440445302179642,-0.9102044262660292,1.8362437523892645,1.9319101025117418,1.9350265974670404,-2.5477167201372803,0.08884065228590732
0.8577123178777646,5.364398535512851,0.5440445302179642,-0.9102044262660292,1.8362437523892645,5.097442455689932,0.44248813245919666,-2.5477167201372803,0.08884065228590732
1.140196436353167,5.364398535512851,0.5384064172272435,-0.9102044262660292,1.8362437523892645,5.042187536716504,0.44248813245919666,-5.8017896060677305,0.08884065228590732
1.140196436353167,5.364398535512851,0.4859478546926105,-0.9102044262660292,0.5126516755261558,6.12631543442106,0.44248813245919666,-5.8017896060677305,3.707813653969155
1.140196436353167,5.364398535512851,0.4859478546926105,-0.9102044262660292,0.21414501937708763,4.533824189997684,0.44248813245919666,-1.1614446447909597,0.6226705500056122
1.140196436353167,5.364398535512851,0.5267758075071283,-0.3950638228775254,0.21414501937708763,5.786359816739823,0.18566645375979512,-1.544552445752741,0.6226705500056122
1.6088801967694872,0.5128023794940247,0.5267758075071283,5.542058172630608,0.36911835171990454,5.786359816739823,0.18566645375979512,2.819821943053771,0.6226705500056122
1.6088801967694872,1.9560413163774122,0.5267758075071283,-5.024835379678765,0.36911835171990454,5.786359816739823,0.5343548766303887,-0.7766277247072968,0.6226705500056122
1.6088801967694872,6.2580894965673854,0.5267758075071283,-0.9706451404668384,0.36911835171990454,3.812379377103123,0.5343548766303887,-0.7766277247072968,0.4842894956725144
1.6088801967694872,0.5387148189150206,0.5267758075071283,7.135423350426099,0.36911835171990454,7.341725495350348,0.5343548766303887,-2.6771952325061887,0.4842894956725144
3.7982766023119265,0.9764400885268322,0.7861689851605629,11.31943490528818,0.36911835171990454,3.776618347468074,0.5343548766303887,1.0151521958803422,0.4842894956725144
3.7982766023119265,0.7380356532990922,0.7433476301966518,5.920502048392641,0.36911835171990454,5.55072259523463,0.5343548766303887,-0.2937108965274351,1.2165538798642568
3.7982766023119265,0.5121285022011679,0.5963597874485393,12.538457250479592,0.4143955380307994,4.158200568798487,0.2634856410353516,-2.934077766461625,1.2165538798642568
3.7982766023119265,2.391448419247559,0.6429279050817653,0.9705599770098186,0.4143955380307994,1.7545142297714378,0.4743914101060169,-2.3571326748400927,0.6544835382322293
3.7982766023119265,5.618800823322006,0.6429279050817653,6.433869614299115,2.907176557419296,-4.486318789518793,0.4743914101060169,-1.4231882098577702,1.86748191414241
3.822585347868227,1.7067261932521454,0.6429279050817653,0.7443036092819426,2.907176557419296,-2.256461902841862,0.4743914101060169,-8.691582596556158,0.23567623599281634
2.228594848067578,2.357099564340089,0.6429279050817653,0.7443036092819426,0.46803727063387074,-5.0955093499855355,0.4743914101060169,-5.295200490462442,0.23567623599281634
2.228594848067578,3.395913863688285,0.6429279050817653,0.7443036092819426,0.46803727063387074,-9.049791513909085,0.4743914101060169,-5.601158725140263,0.30368610248233735
2.228594848067578,1.3244085102803498,0.6429279050817653,0.7443036092819426,0.46803727063387074,-9.173335559634042,2.8476650439668694,-2.5933084296375513,0.20779518523724075
2.228594848067578,1.3244085102803498,0.6429279050817653,-1.7086821549487605,0.46803727063387074,-9.173335559634042,3.7393652087610363,-4.825231797962709,0.12620826296798937
2.946737592313952,2.041214039685715,0.4925791013184537,2.535459186936649,1.3041018124258428,-12.199874501430267,2.3624305966629784,-3.6778221210475035,0.12620826296798937
2.544654482277679,0.636849936026164,0.4925791013184537,2.7181654172168956,0.2348007763038338,-12.199874501430267,2.3624305966629784,-3.327581415850421,0.12620826296798937
2.544654482277679,1.4848400980661693,0.4925791013184537,-4.696520302201976,0.2348007763038338,-12.692281157858858,2.3624305966629784,-4.026290840231582,0.283773319719788
1.9844520424967498,1.4848400980661693,0.4925791013184537,-5.622974893592233,1.2528937144408874,-14.40933967605125,2.3624305966629784,-2.4991015805100933,0.6029515754775532
3.1326654999170036,1.4848400980661693,0.4925791013184537,-4.0386267993655265,1.2528937144408874,-17.621712540635514,2.3624305966629784,1.9913629519145402,0.6029515754775532
3.1326654999170036,1.4848400980661693,0.4925791013184537,-0.515540995147115,3.915431662305195,-19.39479550300983,2.3624305966629784,3.486012691407924,0.6029515754775532
3.1326654999170036,1.4848400980661693,0.4925791013184537,-4.4484034679371485,3.915431662305195,-19.39479550300983,2.3624305966629784,0.4466990563804334,0.6926970681688086
3.1326654999170036,0.7260022183970081,0.7847572877318288,-1.597811055693144,5.198153913729168,-19.714947636005256,0.8246550069757412,-2.5135160462379305,0.6926970681688086
3.1326654999170036,0.6599456885202228,0.7847572877318288,-3.642448061049904,1.1000437949436885,-14.169844883458492,0.8246550069757412,-2.5135160462379305,0.6926970681688086
2.1391407001728076,0.6599456885202228,0.7153587330012754,-3.642448061049904,1.7172386221958993,-14.275413343819464,2.1342597197662503,-2.5135160462379305,0.6926970681688086
2.893603208054392,0.6599456885202228,0.7007558414890965,-0.03244710091631475,0.7329669819496316,-15.473146093600313,4.886155544506093,-5.5090217171736855,1.7444633444479383
1.647319507194382,2.809766062586921,0.7007558414890965,-0.03244710091631475,0.7329669819496316,-15.473146093600313,4.886155544506093,4.373919895222232,1.7444633444479383
1.647319507194382,2.809766062586921,0.7007558414890965,-0.03244710091631475,0.7329669819496316,-12.65095575288114,3.865418947880128,4.373919895222232,1.7444633444479383
1.647319507194382,2.809766062586921,0.32779059380080533,2.124287570413069,0.7329669819496316,-12.65095575288114,3.865418947880128,-2.8116889068571815,1.7444633444479383
1.647319507194382,2.316463138135437,0.4378658896095096,2.124287570413069,0.7329669819496316,-7.118795944239035,0.7158522066555595,-2.8116889068571815,1.7444633444479383
1.647319507194382,3.4251950931182598,0.4378658896095096,-0.6066017121485299,0.7329669819496316,-6.418232655179379,5.376739908224968,1.3130979284343844,3.171421596985723
1.647319507194382,1.1208424625657363,0.5825985936275263,3.9996310306988407,0.7329669819496316,-6.418232655179379,0.4456901723911905,1.3130979284343844,3.171421596985723
1.0586174431750444,2.8910669139639475,0.5825985936275263,2.4843144793946683,0.7329669819496316,-6.418232655179379,0.13366015619769017,-4.610138528813287,3.171421596985723
1.0586174431750444,2.8910669139639475,0.5825985936275263,-1.2911078834045027,0.7329669819496316,0.5398272128650206,1.322539279338342,-4.610138528813287,1.5329404667631032
1.750525090797776,1.2176377882460505,0.26185522443916653,-1.2911078834045027,1.9441323554926608,2.2181921942470684,1.3206946908989863,0.542903169018337,1.5329404667631032
1.750525090797776,3.3047170834006545,0.26185522443916653,-1.2911078834045027,0.2871684722432622,-0.8716178905907417,0.363006208944171,-2.0690579741178485,0.49510560261774667
2.474012275946302,8.337574353493707,0.330040928246964,-7.459743942566803,0.13901261876176232,-5.145395785036293,0.363006208944171,4.393752549277155,0.49510560261774667
3.3867095635029543,8.337574353493707,0.330040928246964,-7.272987115115658,0.13901261876176232,-3.5782161292492907,0.3330670958176497,-2.4839061673967198,0.49510560261774667
5.034668845090406,5.336607181454302,0.330040928246964,-8.905443975672235,0.13901261876176232,0.8005252931887012,0.3330670958176497,-6.21146205542203,0.49510560261774667
5.034668845090406,5.336607181454302,0.330040928246964,-4.546219484198832,0.13901261876176232,2.1953521637223936,0.15815941948503676,-11.758286433387394,0.49510560261774667
1.2084019054751436,0.25077086234138674,0.330040928246964,4.475474247000117,0.13901261876176232,2.77034101086147,0.40842896022910635,-11.758286433387394,0.49510560261774667
1.2084019054751436,1.756313408028261,0.330040928246964,8.805084353613578,0.16660193337584106,5.077714950489803,0.37925174000361284,-8.86240764199274,0.3027607338481528
1.446865900738075,1.604428028996458,0.32926631385184085,9.456554577672147,0.16660193337584106,-2.4594586199030326,0.37925174000361284,-5.135724474482216,0.4534900631394475
1.446865900738075,1.604428028996458,0.32926631385184085,9.40126626724379,12.434455535952532,-0.9623883897430723,0.37925174000361284,1.3658774468672927,0.6545428192360463
1.446865900738075,1.604428028996458,0.35532695106651896,5.392529698201102,7.301482138010011,1.256334698307552,1.7276941952706273,-2.440498730686988,1.1625152852483482
1.0753856312958807,0.46692502531407387,0.21829164336074885,5.392529698201102,0.2782315872635517,3.4070403382773913,1.7276941952706273,1.9113065505046913,1.1625152852483482
1.0753856312958807,0.41997458895537454,0.21829164336074885,4.026001775375402,0.2782315872635517,0.937718789169506,1.7276941952706273,1.9113065505046913,1.5832735110688196
0.8972982976905007,0.41997458895537454,0.2639178273793571,-0.4690271466987861,0.2840362201476752,0.937718789169506,1.7276941952706273,1.6726430248954212,0.4690288816899983
0.8972982976905007,0.41997458895537454,0.2639178273793571,0.6070315835017062,0.2840362201476752,0.937718789169506,1.7276941952706273,1.6726430248954212,0.2898276645224938
0.8972982976905007,2.4549610108289315,0.3175492895898908,2.2572749057025656,1.187296480523437,0.937718789169506,0.5894673696690854,1.6726430248954212,0.2898276645224938
0.8972982976905007,3.2933425916702213,0.3175492895898908,-0.10053168440728522,1.187296480523437,1.8085536350016782,0.6595227290863525,1.3278981244854844,0.7886871988847032
0.8972982976905007,3.2933425916702213,0.4164128310671053,0.05164492003147311,1.187296480523437,-3.244632660262974,0.6595227290863525,-0.9535324495490713,0.7886871988847032
0.9547563362193606,0.8895490641390822,0.541674036093134,-1.5174033162383032,1.108180854708779,-3.244632660262974,0.6595227290863525,-0.9535324495490713,0.41468991634136787
0.9547563362193606,28.658411634054026,0.34311501919859166,-1.5174033162383032,1.108180854708779,-3.244632660262974,1.1180744369818119,0.975177404717493,0.41468991634136787
0.9547563362193606,5.86723040431967,0.34311501919859166,-1.5174033162383032,1.108180854708779,-0.44969796634133763,0.3186989055040728,0.975177404717493,2.833952414351249
0.7959783120250575,5.86723040431967,0.34311501919859166,-1.5174033162383032,0.701618584316448,1.7829337813664408,0.3186989055040728,0.975177404717493,2.833952414351249
0.7959783120250575,5.86723040431967,0.34311501919859166,0.9825261901336495,1.6518974818344867,0.8673050543535153,0.3186989055040728,-1.881929580464693,5.145679276221699
0.7959783120250575,0.2183374675398239,0.3631194263483517,-0.7210896994697145,1.1798573442695834,0.8673050543535153,0.19687816291181787,-1.881929580464693,0.3680060143194562
0.7959783120250575,0.7474700377455918,0.21751693508713688,-0.7210896994697145,1.1798573442695834,0.8673050543535153,0.19687816291181787,3.1147728893932403,0.36845237985572443
0.7959783120250575,0.3977251831074974,0.23343949018622887,-1.0954358998038625,1.1798573442695834,0.8673050543535153,1.561264128523162,-3.56971587236158,0.36845237985572443
0.7959783120250575,1.287804835703693,0.23343949018622887,3.3283183562813417,1.1798573442695834,0.8673050543535153,0.7075111567189207,-3.071617809749342,3.1949467891182546
1.5333228469864109,1.287804835703693,0.630180580798435,-0.7194923877728474,1.1798573442695834,-0.7497227251805559,0.2658268092938698,-3.071617809749342,3.081930872757813
0.475654939595852,0.49919224623112735,0.630180580798435,-0.7194923877728474,0.22183802054784785,-0.7497227251805559,0.2658268092938698,-3.071617809749342,3.081930872757813
0.475654939595852,1.758412632626545,0.5216067052515054,-0.7194923877728474,0.22183802054784785,-0.7497227251805559,2.9832843885834848,-3.071617809749342,3.081930872757813
0.475654939595852,1.758412632626545,0.38914006993049133,-0.7194923877728474,0.22183802054784785,-0.7497227251805559,2.6607068961789384,-3.071617809749342,3.081930872757813
0.7777222955536719,1.758412632626545,0.5006050823752128,-0.7194923877728474,0.22183802054784785,1.5147578966042423,2.6607068961789384,-0.31204328785360724,0.1549025206647627
0.7777222955536719,0.5085017388465627,0.49678910884269945,-0.7194923877728474,0.1304996524285317,-2.727849945103378,2.150543883831254,0.652430885424668,1.0306476813673058
0.7777222955536719,15.76326539593873,0.49678910884269945,-0.7194923877728474,0.1304996524285317,-2.727849945103378,0.6242752962450703,0.652430885424668,4.990928487334681
0.7777222955536719,15.76326539593873,0.49678910884269945,2.2092197657825596,0.1304996524285317,-2.727849945103378,0.6242752962450703,0.652430885424668,4.990928487334681
0.7777222955536719,3.4946428025561658,0.49678910884269945,2.2092197657825596,0.1304996524285317,-1.6531407554410686,0.43267299091842903,-1.345526350171633,4.990928487334681
0.7777222955536719,3.4946428025561658,0.3982997502148487,-1.4992030459090477,0.15387887154035865,-1.6531407554410686,0.5051407257236068,-1.345526350171633,4.990928487334681
0.7777222955536719,13.761394945396058,0.3982997502148487,-1.4992030459090477,1.8672818836642433,-4.505358029787835,0.23128373569504343,0.3977196627095203,1.0706188461793709
0.7777222955536719,15.155305854916797,0.3982997502148487,2.2167026942513424,1.7938443524559304,3.1958671095777493,0.8108176558020626,0.3977196627095203,1.3346419257885278
0.7777222955536719,15.155305854916797,0.3982997502148487,2.2167026942513424,1.7938443524559304,-2.883820748675509,0.8108176558020626,-4.485112262782409,1.3346419257885278
0.7777222955536719,1.309124955065569,0.3982997502148487,2.2167026942513424,0.564885533165299,-3.441522332894186,0.8108176558020626,-4.485112262782409,1.3346419257885278
0.7777222955536719,0.5999716575080459,0.3982997502148487,-1.0716980909768736,0.564885533165299,-0.8072283299129692,0.8108176558020626,-0.5360942533400435,3.784910074994479
0.5566929296440886,11.140191145576944,0.3982997502148487,0.9663020514001359,0.38057471502376256,0.3236372651115573,2.2067377458267696,-0.5360942533400435,3.784910074994479
0.5566929296440886,11.140191145576944,0.3982997502148487,0.9663020514001359,0.38057471502376256,1.7796470924958336,0.39113516462145925,-0.5360942533400435,3.784910074994479
0.30751556396142726,11.140191145576944,0.3982997502148487,0.9663020514001359,0.2726555379051116,-0.7351435930319166,0.39113516462145925,-0.5360942533400435,3.784910074994479
0.356584966190731,11.140191145576944,0.3982997502148487,0.9663020514001359,0.2726555379051116,-0.7351435930319166,1.5396447078415594,-0.5360942533400435,0.9536618194233972
0.356584966190731,11.140191145576944,0.3982997502148487,0.9663020514001359,0.2726555379051116,0.35610648399530387,1.5396447078415594,0.023680958993721357,0.9536618194233972
0.4446872428634553,3.925221119625839,0.3982997502148487,-1.7057220993201923,0.2726555379051116,2.2009638223433696,1.5396447078415594,0.023680958993721357,0.8862858441797178
0.34625794288410244,5.69328835594217,0.3982997502148487,-1.7057220993201923,0.4967419202268759,0.6418904978681421,7.11751365621725,0.023680958993721357,0.9618495951000334
0.312150411259551,10.235778686448937,0.31245718775723663,-1.7057220993201923,0.4967419202268759,0.6418904978681421,7.11751365621725,0.023680958993721357,0.9618495951000334
0.4587325491738382,3.4412156726995824,0.31245718775723663,0.7297590342920013,0.4967419202268759,0.6418904978681421,7.11751365621725,-0.44386301694176666,0.9618495951000334
0.35964087289039526,1.0035410217624814,0.5782136381340766,0.7297590342920013,0.6504395383328532,0.6418904978681421,7.11751365621725,-0.44386301694176666,0.9618495951000334
0.5643970672462879,1.6744051502816981,0.5782136381340766,-0.7426122714342676,0.4034541935931441,0.6418904978681421,7.11751365621725,-0.44386301694176666,0.9618495951000334
0.5643970672462879,1.6744051502816981,0.5782136381340766,2.2607114664475043,0.4034541935931441,0.6418904978681421,6.573957093462301,1.7592497042541377,0.9618495951000334
0.5643970672462879,0.48487019476176185,0.5536882865633925,2.2607114664475043,0.4034541935931441,0.6418904978681421,6.573957093462301,1.7592497042541377,0.7027771551604448
0.5643970672462879,8.904741864108557,0.5536882865633925,2.2607114664475043,0.4034541935931441,0.6418904978681421,1.6749975186517072,0.40425823993713483,0.7027771551604448
0.7333097810259351,4.229019899846518,0.5536882865633925,2.2607114664475043,0.3621651638584253,0.6418904978681421,1.6749975186517072,0.40425823993713483,0.7027771551604448
0.7333097810259351,3.4872714420361293,0.50460165156537,-0.48239246755392307,0.3621651638584253,0.6418904978681421,0.4926717379146957,0.40425823993713483,0.7027771551604448
0.7333097810259351,3.4872714420361293,0.50460165156537,-0.48239246755392307,0.3621651638584253,-0.0026678949452911827,1.3972485894087205,0.40425823993713483,0.434455607547304
0.48179055770138335,4.076694797545438,0.50460165156537,-0.48239246755392307,3.301052114113523,-0.0026678949452911827,0.27106027685397666,0.40425823993713483,0.434455607547304
0.5856367309642975,2.7848472238837507,0.50460165156537,-0.48239246755392307,3.301052114113523,1.8944945596701426,0.27106027685397666,0.40425823993713483,0.434455607547304
0.7780268449391397,0.3333643780645518,0.6579077144350082,-0.48239246755392307,3.301052114113523,-0.8923297942588513,0.27106027685397666,0.40425823993713483,0.516668399280756
0.7780268449391397,2.2579967013018525,0.6579077144350082,-0.48239246755392307,3.301052114113523,-0.8923297942588513,0.27106027685397666,0.40425823993713483,0.7235470969528636
0.7763579226072702,0.7111078642446286,1.067236007349009,-0.48239246755392307,3.301052114113523,0.9207144225796398,0.33119387363752956,0.40425823993713483,0.7235470969528636
0.7763579226072702,1.011468582598589,1.6469318277097467,-0.48239246755392307,3.301052114113523,0.9207144225796398,0.4521260783410342,1.749066417543334,0.18974403865730416
2.3199680162916,1.262492776440988,0.9876255578017258,-0.48239246755392307,3.301052114113523,1.5335586739807854,0.4521260783410342,0.6914451034335767,0.17671654982927038
2.3199680162916,1.262492776440988,0.9028265900955783,-0.48239246755392307,3.301052114113523,1.5335586739807854,0.4521260783410342,-1.4089176567150026,0.17671654982927038
2.3199680162916,2.5245626967511883,0.9028265900955783,-0.5135620432990753,0.48321030147362404,2.508858801214066,0.3519067313278031,1.9401030913296582,3.3752348028710246
2.3199680162916,2.5245626967511883,0.7869383368879963,-2.60097507830255,0.48321030147362404,2.508858801214066,0.3519067313278031,1.9401030913296582,5.186977947079863
2.3199680162916,1.5440266016938524,0.7869383368879963,-2.60097507830255,1.5496690089640726,-1.2450914128184483,0.3519067313278031,-0.2060988917613389,5.186977947079863
2.3199680162916,0.47112508199686914,0.9767832659217411,0.30157143390888974,1.5496690089640726,-1.2641404783982835,0.6805727521513062,3.058845321265998,1.9488398023450992
2.095672471594481,0.6069653571878678,0.9767832659217411,0.1409914691581813,0.381835158016404,-0.5639544920939094,2.047384138828166,-3.1562118388723017,1.9488398023450992
0.7670006313470836,3.4043729229530224,0.6767979987684154,0.1409914691581813,0.26913679534655394,-0.5639544920939094,2.047384138828166,1.0015515269210966,4.362891763810056
0.7670006313470836,3.4043729229530224,0.6767979987684154,1.1756004252358918,2.7327322126387568,-0.11746695106475014,2.047384138828166,1.0015515269210966,0.5095419928218028
12.807879188840856,1.7160260787150885,0.4854808108694092,-2.4076983121757896,0.871854011221859,15.07578530779573,2.943339899435741,-4.869466462098061,1.6758072373834292
11.04662857222209,1.7160260787150885,0.7027079225535341,-1.8687270102303088,1.1719786733819488,4.535463458264061,2.943339899435741,-5.624292560513408,1.6758072373834292
11.04662857222209,2.30226784574925,0.5864133966364398,-2.9807113389104494,1.1719786733819488,5.479945079030042,2.1206318697397175,-7.0918521750295564,1.6758072373834292
10.29159010104681,2.30226784574925,0.5864133966364398,3.1990313160355175,0.5947079309559452,5.24712805666248,2.7835764957867797,-11.814245933120429,0.5024403966011465
9.098297350759939,2.30226784574925,0.3830108729177173,3.4400207438717483,0.5947079309559452,-3.5682511718382353,1.0272956208019974,-19.124366023977323,0.14397750201566362
9.098297350759939,2.30226784574925,0.3830108729177173,13.034637412412874,1.3940513557594179,2.563724052307089,1.4551512633442854,-18.536593831266877,0.47318318128799736
9.098297350759939,2.30226784574925,0.3334880510881382,12.900274592676162,1.4054227961557695,6.2923989411064785,1.4551512633442854,-12.86163015912711,0.7859537837496857
9.098297350759939,2.30226784574925,0.3967638520486166,19.52636523513551,0.6663108155196449,6.2923989411064785,0.8355833035721303,-6.386386132076657,0.7859537837496857
4.798983764574499,2.30226784574925,0.8845004032888065,14.2372174225927,1.450609711649806,6.2923989411064785,2.0351763886179404,-7.590857120591655,4.7223213163982605
4.798983764574499,2.30226784574925,0.8845004032888065,11.710266295595652,2.5538417367991753,6.171545005213711,2.0351763886179404,-7.4436537157996545,4.7223213163982605
4.798983764574499,2.30226784574925,0.9398907386018238,12.286356845607367,2.5538417367991753,6.171545005213711,2.0351763886179404,-6.125625281805056,0.6616639996878929
4.798983764574499,2.30226784574925,0.9398907386018238,6.735788209099731,2.5538417367991753,3.3555710467268205,0.9362999069922674,2.6537341292934107,0.6616639996878929
4.798983764574499,7.711718329997962,0.9398907386018238,6.735788209099731,0.27284724231839624,-0.4167634355851759,4.283274606731352,-0.8940347588450392,0.6616639996878929
4.798983764574499,0.47617705337364497,0.9398907386018238,6.04943826450054,0.1200432775671144,1.5481456113708083,0.4449257347817065,-0.8940347588450392,0.6458353993054783
4.798983764574499,7.821779677641045,0.9398907386018238,-2.375396423069856,0.1200432775671144,7.18664589968083,0.2090218361068013,-1.715396578982625,0.8114919389231594
4.798983764574499,1.0707849478208293,0.9398907386018238,-2.375396423069856,0.1200432775671144,7.526534597122289,0.6010260958419041,-1.715396578982625,0.8114919389231594
4.798983764574499,1.0707849478208293,1.4356776672758609,-2.375396423069856,0.1200432775671144,8.493943740591419,2.58919092084816,-6.311709898257735,0.8114919389231594
4.798983764574499,1.0707849478208293,1.4356776672758609,1.7709095930422354,0.8837600411129776,8.493943740591419,3.138612015016855,-6.510395100502491,0.8114919389231594
6.611376462392769,1.0707849478208293,1.4356776672758609,-1.5772535673733366,0.8837600411129776,9.813708966025851,3.138612015016855,3.0718754245912354,0.8114919389231594
6.611376462392769,1.0707849478208293,1.4356776672758609,0.3852711580402284,0.8837600411129776,12.207017648445918,0.16333009971259288,1.3325767138255222,0.20935189118804626
11.962165570323638,1.0707849478208293,1.4356776672758609,0.3852711580402284,0.5546365888070127,12.207017648445918,0.16333009971259288,-2.765776637739655,0.20935189118804626
11.962165570323638,1.0707849478208293,1.4356776672758609,5.274408503600075,0.5651419264341471,12.207017648445918,1.551308775778385,-2.765776637739655,0.20935189118804626
11.962165570323638,1.0707849478208293,1.4132981560459958,5.274408503600075,0.33148811256858146,12.207017648445918,2.063013723069956,-17.136773703670187,0.40547380785812837
11.962165570323638,1.0707849478208293,0.8271947895812674,4.512885588050972,1.8215358786691154,7.969577993564042,1.1280995760722874,-9.247695125760817,0.40547380785812837
11.962165570323638,0.35701168035824254,0.8271947895812674,11.22858110384782,0.3610371119268872,7.954977021516512,0.1854129473757674,3.2374273607189252,1.0693496002639296
6.992133321167326,3.7533366839600557,1.078329431141793,11.22858110384782,1.5778443784556102,6.066344835557594,1.2702617514112398,3.2374273607189252,1.0693496002639296
6.992133321167326,4.208139725076348,1.078329431141793,11.22858110384782,0.7613067084029953,-3.678657179805395,2.5132142506555626,3.2374273607189252,1.0693496002639296
14.219567305051443,4.208139725076348,1.078329431141793,10.97386504071628,0.7613067084029953,-5.762847625631947,2.5132142506555626,10.83894000304289,3.4298769457881604
14.219567305051443,2.386002548660479,1.0701732154059922,7.469697971511135,0.7613067084029953,-5.762847625631947,1.729646588477362,7.366388171524967,3.4298769457881604
4.237490614437886,2.386002548660479,0.9771231314895876,3.0863433483839557,4.702225809274371,-4.370626228477201,0.2907119478844227,3.911120844669036,1.4077921205760955
4.237490614437886,2.386002548660479,0.9771231314895876,5.052636803613921,2.668736603096499,-4.370626228477201,0.2672434841615883,-1.5025738615952,1.4077921205760955
4.026714231576115,2.386002548660479,0.9771231314895876,5.052636803613921,1.402036013367365,-3.102187075957218,0.48775674308971023,4.8158368570401855,1.6687847772829678
4.026714231576115,2.572414288193938,0.8618748971016899,5.052636803613921,0.32406758381110745,-0.8743851017928588,0.23709519983288574,4.8158368570401855,1.6687847772829678
4.026714231576115,2.572414288193938,0.8982971313809084,2.8974644913282828,1.626749098418391,-1.509232590745233,0.5359445523657829,4.8158368570401855,1.6687847772829678
4.9428085061150036,2.572414288193938,0.8982971313809084,3.750162194858051,0.5527943633070067,-1.749240020026847,1.5242807391454292,-0.4519254610409922,1.6687847772829678
4.9428085061150036,2.4637542586985473,0.586535272605156,3.750162194858051,0.3780558157974462,-1.749240020026847,1.5242807391454292,-3.9311828058692897,1.6687847772829678
4.855636811579701,2.4637542586985473,0.586535272605156,3.750162194858051,0.3780558157974462,-12.708953286893102,1.5242807391454292,-1.3401875152432905,0.6235268733334243
4.855636811579701,2.4637542586985473,0.7805335180651115,3.750162194858051,0.3780558157974462,-7.6769273575236,1.5242807391454292,-1.0708458360563435,0.6235268733334243
1.8560900798674242,2.4637542586985473,0.7805335180651115,-3.3759293753416983,0.5797585136744648,-9.232923950454504,2.567523467860207,-1.0708458360563435,0.6235268733334243
1.8560900798674242,5.640620700292476,0.7805335180651115,-3.3759293753416983,0.5797585136744648,3.342704970547416,0.819187211016403,-2.004315291932535,1.410230054820003
0.9539682176495705,5.640620700292476,0.7805335180651115,-3.3759293753416983,0.5797585136744648,-0.6234581814844828,0.1330616614299419,-2.004315291932535,1.410230054820003
0.8088163498289781,5.640620700292476,0.7959733761755845,2.2043158044177336,0.5797585136744648,-0.6234581814844828,0.11517604276410767,-3.244694385294656,1.410230054820003
0.3655133479651924,0.8543434060172073,0.3196833970947162,2.2043158044177336,1.9413815306529527,-0.6234581814844828,0.11517604276410767,-3.244694385294656,0.8123478388342918
0.3655133479651924,0.8543434060172073,0.3196833970947162,-1.4543808082422078,1.9413815306529527,-0.6234581814844828,0.11517604276410767,-3.244694385294656,0.2148463497035357
0.3655133479651924,0.8543434060172073,0.3196833970947162,-1.4543808082422078,0.5174049388219195,-0.6234581814844828,0.7259782371918286,-3.244694385294656,0.119096541969277
0.3655133479651924,7.40128935549739,0.49784231383000765,-1.4543808082422078,0.5174049388219195,-0.6234581814844828,0.8355400500286067,-1.8778003071214298,0.38723551993243777
0.3655133479651924,7.40128935549739,0.49784231383000765,-1.4543808082422078,1.0925260896776274,-0.6234581814844828,0.7897124839984012,-0.13371419542092444,1.6513912157911277
0.5294980323481302,3.7038608167778304,0.49784231383000765,-1.4543808082422078,1.0925260896776274,-0.6234581814844828,6.392775519212198,-0.33633742431660196,2.739945727185634
0.734864725426172,3.7038608167778304,0.49784231383000765,-1.4543808082422078,1.0925260896776274,3.042772033216719,6.392775519212198,-0.33633742431660196,2.739945727185634
0.47867293023952967,1.8846686485772541,0.49784231383000765,-1.4543808082422078,1.0925260896776274,-2.601944845217521,1.7814406835334469,0.21044281723408365,2.9246534564901037
0.47867293023952967,1.8846686485772541,0.7767553794252889,-1.4543808082422078,1.0925260896776274,-2.601944845217521,1.7814406835334469,0.21044281723408365,1.4752485647665337
0.47867293023952967,0.6363868038295771,0.7767553794252889,-1.4543808082422078,1.0925260896776274,-2.601944845217521,1.7814406835334469,0.21044281723408365,2.7069490949410873
0.47867293023952967,1.8020645078052393,0.6584264445689407,-1.4543808082422078,0.5250879225755213,-2.601944845217521,1.7814406835334469,0.21044281723408365,3.717902797201314
0.47867293023952967,1.8020645078052393,0.6584264445689407,-1.4543808082422078,0.692245785385121,-2.601944845217521,1.4357862097607108,0.21044281723408365,3.0540527207007715
0.36066470339960277,2.911544172112124,0.6584264445689407,-1.4543808082422078,0.4499744990612322,-2.601944845217521,1.4357862097607108,0.21044281723408365,3.0540527207007715
0.8649013085554083,2.911544172112124,0.44532315371323833,-1.4543808082422078,0.36744276342703625,-5.374850200812629,1.4357862097607108,0.21044281723408365,3.0540527207007715
0.8649013085554083,2.911544172112124,0.34855351855057626,0.6513812915780237,0.36744276342703625,-6.690319893250278,1.4357862097607108,0.21044281723408365,1.6423142357087626
1.0175005133202817,2.911544172112124,0.34855351855057626,1.8899553135369012,0.36744276342703625,-6.690319893250278,2.559163500095704,0.562799948954253,1.6423142357087626
0.8623573386533949,2.911544172112124,0.34855351855057626,-1.4353681608631372,0.36744276342703625,-6.690319893250278,2.559163500095704,1.0848645017783896,0.8583934485001532
0.8623573386533949,2.911544172112124,0.22347707145285794,-1.4353681608631372,0.31989519347490014,-6.690319893250278,0.3666080112492757,1.0848645017783896,0.8583934485001532
0.8623573386533949,0.9639884367132249,0.22347707145285794,-0.44109756741739803,0.5223578377766184,-2.4602489825150444,0.3666080112492757,0.10265747390685731,0.8583934485001532
0.8623573386533949,2.0311444861127597,0.22347707145285794,-0.44109756741739803,1.842845316205246,6.022338834727397,2.0984644117348172,0.10265747390685731,0.7087734954884156
0.8556885888086699,2.0311444861127597,0.36987943430903103,-0.44109756741739803,1.842845316205246,6.022338834727397,2.0984644117348172,0.10265747390685731,2.7534916383159076
0.8556885888086699,2.7236318803796826,0.36987943430903103,-6.987891058436324,1.9844220022019095,6.022338834727397,2.132715719531408,-6.1842282480576,2.7534916383159076
0.8556885888086699,0.6554040959990098,0.36987943430903103,-6.987891058436324,1.1622035385799603,6.022338834727397,0.4745723439874862,2.286647240314137,2.7534916383159076
0.8556885888086699,0.6554040959990098,0.36987943430903103,-6.049912185379326,1.1622035385799603,2.7887422844947563,0.4745723439874862,-0.10875540726819244,2.7534916383159076
0.8556885888086699,0.3874997545420734,0.36987943430903103,-7.930403556779586,1.1622035385799603,2.7887422844947563,0.18637580272970733,-0.10875540726819244,2.7534916383159076
0.8556885888086699,0.3874997545420734,0.36987943430903103,-7.930403556779586,1.1622035385799603,-1.6931393953535792,0.18637580272970733,-0.10875540726819244,1.5012379406747072
0.8556885888086699,0.38173878099435865,0.36987943430903103,-7.930403556779586,1.1622035385799603,-1.6931393953535792,0.32278607276540483,-0.10875540726819244,2.1951458491020355
0.8556885888086699,0.5263569993481534,0.36987943430903103,-6.307859325077121,2.8683803488810153,-1.6931393953535792,0.4774571625237565,2.139866477662749,0.4645998356063034
0.8556885888086699,0.5263569993481534,0.4758500013068346,-6.307859325077121,2.5386595677904293,-1.6931393953535792,8.30750480242795,2.139866477662749,0.4645998356063034
3.4721854862503694,0.5263569993481534,0.4758500013068346,-6.307859325077121,2.5386595677904293,1.8585593005653345,8.30750480242795,-1.7085073825338184,0.6563086100606995
3.4721854862503694,0.5263569993481534,0.4758500013068346,-2.2975975721176063,2.5386595677904293,2.205990130260698,2.809349033460747,-3.1390255412535213,0.3130585611535148
1.9934807522354738,0.29883765367701853,0.5387622510204724,2.6225713951036527,2.5386595677904293,2.233993715077365,2.809349033460747,-0.06275582559357273,0.3130585611535148
1.9934807522354738,6.16234625923449,0.5151180253498053,2.6225713951036527,2.5386595677904293,-1.775574580396584,6.9750442881942,-0.06275582559357273,0.8542465293839823
0.8066653684902726,6.16234625923449,0.5151180253498053,2.6225713951036527,0.31092684883736904,-1.775574580396584,6.9750442881942,-0.06275582559357273,2.334899198568694
0.8066653684902726,2.1153949665597502,0.5151180253498053,-2.583047751429982,0.161655466104757,-0.7427874294873178,0.08149259603131088,-0.06275582559357273,2.334899198568694
0.8066653684902726,2.9897127603266482,0.5151180253498053,0.7332995960835049,0.1709883225405043,-2.438559823943801,0.08149259603131088,-0.06275582559357273,2.1630239497022257
0.8066653684902726,2.9897127603266482,0.5441102497106822,1.4230578352489573,0.1709883225405043,1.7153083044852764,0.08149259603131088,-0.06275582559357273,2.4435282934355533
1.0242418526806725,2.9897127603266482,0.5826454498210127,1.4230578352489573,0.37840120257982623,1.7153083044852764,0.08149259603131088,-0.06275582559357273,2.4435282934355533
1.0242418526806725,2.9897127603266482,0.5826454498210127,-0.11573403955995554,0.37840120257982623,1.7153083044852764,0.15483771949162953,-0.06275582559357273,2.4435282934355533
1.2600409001726758,2.9897127603266482,0.5826454498210127,-0.11573403955995554,0.37840120257982623,1.983585170577078,0.15483771949162953,-0.06275582559357273,2.4435282934355533
0.7726418061827578,2.9897127603266482,0.6544605635879318,-0.11573403955995554,0.37840120257982623,1.983585170577078,0.15483771949162953,-0.06275582559357273,2.4435282934355533
0.7726418061827578,3.684940777298026,0.6544605635879318,-0.11573403955995554,0.40564833205758233,1.983585170577078,0.27028207186587105,3.762931962018052,2.4435282934355533
0.7726418061827578,8.099280055899479,0.6544605635879318,-0.11573403955995554,0.40564833205758233,1.983585170577078,0.27028207186587105,3.762931962018052,1.7784220991957453
0.7726418061827578,8.099280055899479,0.6544605635879318,-0.11573403955995554,2.726128657203109,-1.6202867876623381,3.343446861050681,3.762931962018052,2.4154405615629293
0.7726418061827578,16.987152086619496,0.6544605635879318,-0.11573403955995554,2.8419561720784667,1.8567031693783136,1.945852905239895,3.2105520478856873,0.6010860042555537
0.75267971388672,0.9319165013048556,0.996004623548332,-0.11573403955995554,0.5843070737808876,1.8567031693783136,1.5644237650302448,1.5175291546916778,0.6010860042555537
0.75267971388672,0.9319165013048556,0.7516738592639324,-0.11573403955995554,0.5843070737808876,1.8567031693783136,1.5644237650302448,1.5175291546916778,10.390225343110808
0.9953899286605596,0.9319165013048556,0.689024200471239,3.6456133992128903,0.5946823679346481,1.8567031693783136,1.5644237650302448,1.5175291546916778,10.390225343110808
1.2521436886775619,0.9511082753283392,0.689024200471239,3.6456133992128903,3.4819539089443032,1.8567031693783136,1.5644237650302448,1.5175291546916778,10.390225343110808
1.2521436886775619,0.9511082753283392,0.689024200471239,3.6456133992128903,3.6432282624708594,1.8567031693783136,0.4919260719904433,1.5175291546916778,10.390225343110808
1.2521436886775619,0.9511082753283392,0.7628576749993645,3.6456133992128903,3.6432282624708594,1.8567031693783136,0.5768284227989675,-0.6067803608890805,10.390225343110808
1.2521436886775619,0.9511082753283392,0.7628576749993645,3.6456133992128903,3.6432282624708594,-1.278068516762668,0.5768284227989675,-1.4757277845312982,7.558106457483654
1.2521436886775619,0.9921928320489598,0.7230163316726685,3.6456133992128903,3.6432282624708594,6.447753945245193,2.9353604374189213,-1.4757277845312982,7.558106457483654
1.2521436886775619,0.9921928320489598,0.4851453065274611,-3.7529603237762847,1.0806883374984158,5.14798131336698,2.9353604374189213,2.86892369602051,7.558106457483654
1.2521436886775619,0.7281466605561097,0.4851453065274611,-3.7529603237762847,1.0806883374984158,0.7695730630733584,2.9353604374189213,0.6531834313623324,7.558106457483654
0.6988667418451716,0.7281466605561097,0.4851453065274611,0.06143848552749809,4.013512693693541,-1.0139901714835389,1.112184231951411,0.6531834313623324,7.558106457483654
0.6988667418451716,0.7281466605561097,0.4851453065274611,0.7627198242090079,4.013512693693541,-2.8973257408225206,1.112184231951411,0.6531834313623324,7.558106457483654
0.6988667418451716,0.7281466605561097,0.4851453065274611,1.994003974505692,1.924391280292686,-2.8973257408225206,0.3030700278067062,0.6531834313623324,7.144663476419277
0.6988667418451716,1.4494074833274189,0.4851453065274611,-2.622271831805716,0.7327185172104854,-2.8973257408225206,1.489685469463028,0.6531834313623324,7.144663476419277
0.6988667418451716,1.4494074833274189,0.4851453065274611,-2.622271831805716,0.7327185172104854,-2.8973257408225206,5.568765863337406,-0.228103184152479,3.4949416826766484
0.6988667418451716,1.4494074833274189,0.5016747418353769,-2.622271831805716,0.7327185172104854,-2.8973257408225206,3.437413191356011,1.1664680449733527,0.8216392319080104
0.6988667418451716,1.626204393980971,0.5016747418353769,-0.23372642293639156,3.5507376399723416,-2.8973257408225206,1.3486718745122852,1.1664680449733527,0.8216392319080104
0.6988667418451716,57.96129062886148,0.43391063578130296,2.4332219801658943,1.7264978041968904,1.8531589057310227,0.7048458888878897,1.1664680449733527,0.8216392319080104
0.6988667418451716,112.18117799968395,0.38740100114977377,2.4332219801658943,1.7264978041968904,-1.9587972984552566,0.7048458888878897,1.1664680449733527,0.8216392319080104
0.7773216000839162,0.3866072946112591,0.38740100114977377,2.4332219801658943,1.7264978041968904,-6.425778071613944,0.6745955156921334,0.8196756182990378,0.8216392319080104
0.7773216000839162,0.3866072946112591,0.38740100114977377,1.573783553602642,1.7765217381245013,-6.425778071613944,0.6805311063100863,0.6118542310364539,0.8216392319080104
0.872077402978022,18.964971898704217,0.28412903550842217,2.034676060914363,1.7765217381245013,-6.425778071613944,0.6805311063100863,1.6648633964429438,1.3560547686769662
0.6755831262186275,18.964971898704217,0.2550018736907178,-1.1498252873261796,1.665460291984523,-9.031764585340891,0.6805311063100863,1.6648633964429438,2.1088206796714726
0.6755831262186275,2.8656541028211997,0.39129450249584846,-1.1498252873261796,1.665460291984523,-8.111831984284379,9.914555061799193,1.6648633964429438,2.1088206796714726
0.7685214776051386,13.092749796204236,0.43593052062410514,-2.057306437449829,2.0725293280759733,-8.111831984284379,1.6717485884652992,-1.7071796771963457,2.1088206796714726
0.7685214776051386,0.6599761663359086,0.18766166710908924,-2.057306437449829,2.0725293280759733,-8.111831984284379,1.6717485884652992,2.201351132902369,2.1088206796714726
0.7685214776051386,0.6599761663359086,0.18849445968951611,-2.057306437449829,0.6227324584983133,-5.395733964970571,1.6717485884652992,2.201351132902369,2.1088206796714726
0.7685214776051386,0.8796984228467453,0.17480897835770154,0.2542241862996635,0.6227324584983133,-5.395733964970571,1.6717485884652992,-5.488023666919664,2.1088206796714726
0.7685214776051386,0.7746312823703245,0.22152230611936505,-1.4855195824696186,0.6227324584983133,-4.725292970023638,1.6717485884652992,-5.488023666919664,3.24738224615187
1.1761089833066094,0.7746312823703245,0.22152230611936505,-2.510991389143803,0.6227324584983133,-4.1326143599694,1.6717485884652992,-7.916335348373587,3.886720347163757
1.5783336147742857,0.7746312823703245,0.307112228141639,6.930713305025031,0.48893653223695294,-7.135709256690458,1.6717485884652992,-7.916335348373587,0.37543218064134826
1.5783336147742857,0.7746312823703245,0.307112228141639,10.059824604499337,1.1596230041788225,3.457158982515594,1.6717485884652992,-6.4929089036730545,0.474319964205803
1.5783336147742857,0.7746312823703245,0.35190993068427096,10.357208839546324,1.1596230041788225,3.3286819914615204,1.6717485884652992,-6.4929089036730545,2.079695876236019
1.597544485798128,0.7746312823703245,0.35190993068427096,6.413364092866183,1.1596230041788225,3.7914641736836048,1.1970924565267207,-5.976457808011799,2.6391385681174278
1.597544485798128,0.7746312823703245,0.35190993068427096,11.862843623774612,1.1596230041788225,-4.093138021773254,0.18202155410207987,-5.976457808011799,0.8515965039713458
3.302119321965905,0.7746312823703245,0.35190993068427096,15.274584950800032,1.1596230041788225,-2.6065211314649974,0.9926881921599663,-8.685753738993817,0.8515965039713458
3.302119321965905,0.7746312823703245,0.35190993068427096,15.274584950800032,1.1596230041788225,-0.3917035346811337,7.304426115235009,-5.007382902691205,0.6589140099810932
1.3057606998323106,0.7746312823703245,0.3644192443982039,15.274584950800032,1.1596230041788225,-4.222704416107703,8.068745436561816,-5.007382902691205,0.6589140099810932
2.09228073186169,0.7746312823703245,0.3644192443982039,16.828764699132602,1.1596230041788225,-11.99494258294752,8.068745436561816,-6.277439475661103,1.7809519399785403
2.09228073186169,4.358174608659816,0.3644192443982039,16.828764699132602,1.1596230041788225,-13.934648556794578,1.8922936513688122,-10.151677029275675,0.5856877238254532
2.09228073186169,41.19326646284459,0.3644192443982039,14.668363874224271,1.1596230041788225,-14.154320415375663,1.8922936513688122,-10.151677029275675,0.5856877238254532
2.09228073186169,7.647908962497635,0.3644192443982039,18.299827206955094,1.1596230041788225,-14.154320415375663,1.3674039295115796,-18.01880410663474,2.221654304754881
3.501067518720914,4.997863536386042,0.3844387377481947,24.42353382303716,1.1596230041788225,-12.170928895265154,4.312795516095267,-23.96941897959576,2.221654304754881
3.501067518720914,4.997863536386042,0.3308196716169137,29.008318019048623,1.1596230041788225,-7.337346330249931,2.3293053136165,-23.34839597432428,2.221654304754881
3.501067518720914,5.192462305154848,0.3308196716169137,28.9274301638672,1.1596230041788225,-3.7648465265348596,0.9725372453691817,-19.042170172807023,2.4465072178602605
6.238931081385724,5.192462305154848,0.3308196716169137,16.47867948803852,1.1596230041788225,-11.217205913968364,0.9725372453691817,-11.748112736179557,2.4465072178602605
6.238931081385724,7.159096722170711,0.3308196716169137,10.96585878395978,0.31831002000788977,-9.275076888372942,0.23109193883439946,-13.657913066851817,0.603279270080463
6.238931081385724,7.159096722170711,0.3308196716169137,17.928981917835195,1.418746220869893,-4.478007927819093,2.7468209248832713,-16.8102543635345,4.326928665760662
6.238931081385724,0.35108694484647973,0.36738107678102133,10.859772606731283,1.418746220869893,2.2099429179951873,1.88098583905607,-14.080032009912964,4.326928665760662
5.918185902309466,0.5193175896970124,0.4794667712137151,12.571817272141395,0.823397921833808,7.192686916672586,1.88098583905607,-12.27781136652923,4.326928665760662
2.9394812736989424,0.5193175896970124,0.5003810090646414,11.088530503649494,0.823397921833808,6.381095177865302,0.361819651826661,-11.599099298592854,0.9794265456785838
3.865047536711146,6.513547501516909,0.5003810090646414,11.088530503649494,0.823397921833808,13.728397542649432,3.954959481046068,-11.599099298592854,0.9794265456785838
3.865047536711146,6.513547501516909,0.4352625533483472,11.422710859087692,0.4584425125161961,0.665453957876295,3.954959481046068,-9.167596850816487,0.9794265456785838
3.865047536711146,0.9090264800858217,0.4352625533483472,11.422710859087692,1.6609797795077863,-7.7190207775297885,3.954959481046068,-8.791094654962079,0.9794265456785838
3.865047536711146,0.9090264800858217,0.4352625533483472,11.422710859087692,1.9312644730454136,-7.7190207775297885,0.46130613647221064,-9.339656118372897,1.5187323501162147
3.865047536711146,0.9090264800858217,0.4352625533483472,1.580628205446052,1.9312644730454136,-12.097445788917756,0.46130613647221064,-4.370986851663959,0.9699827687439114
3.865047536711146,2.0318575901709464,0.4352625533483472,-1.2476145799336353,0.3684994624938842,-12.097445788917756,0.1355726860697656,4.089808729484943,0.6169587217153876
3.865047536711146,2.250312718897785,0.4829147537026896,-0.4466825675830577,0.3684994624938842,-7.921156606826036,0.1355726860697656,1.611691746962682,0.6169587217153876
1.2420930758744537,3.70719805931348,0.4829147537026896,-0.4466825675830577,0.3684994624938842,-0.6568023174403379,0.1355726860697656,4.377988005779731,2.2501173302905335
1.2420930758744537,1.0279629259161334,0.24834860960557176,-0.4466825675830577,0.3684994624938842,-0.6568023174403379,0.5299403357319837,2.2857271138154753,1.052835796150452
1.2420930758744537,0.26709414119931857,0.4802620502437973,-0.4466825675830577,2.949741247877093,-0.508858433566929,0.5299403357319837,-4.396039958491025,1.052835796150452
1.2420930758744537,0.26709414119931857,0.4802620502437973,-0.4466825675830577,2.949741247877093,-2.5701086167878286,0.14816738437200655,-2.458503433331592,1.052835796150452
1.2420930758744537,1.117958967874961,0.4802620502437973,-0.4466825675830577,0.24344116830818488,-2.956341112071942,0.14816738437200655,-2.458503433331592,1.2302115898117985
1.2901290209637044,0.5691990831459469,0.4802620502437973,-0.4466825675830577,0.15849898552306818,-0.881707066385153,0.14816738437200655,-0.7310022147987276,1.2302115898117985
0.5905241726595817,0.5691990831459469,0.4802620502437973,-0.4466825675830577,0.15849898552306818,-0.881707066385153,0.09568106480283799,-0.7310022147987276,1.196788299537152
0.9761867568361258,0.5691990831459469,0.4802620502437973,1.280981447186811,0.15849898552306818,-1.006062594116341,0.09568106480283799,1.0739468439391686,1.196788299537152
0.9761867568361258,1.0856744928214233,0.4802620502437973,1.280981447186811,4.188621414843461,-1.006062594116341,0.38706287840576337,1.0739468439391686,1.6792935662818085
0.9761867568361258,1.0856744928214233,0.4802620502437973,1.280981447186811,4.171055514300405,-1.006062594116341,0.5172677274817217,1.0739468439391686,1.6792935662818085
0.9761867568361258,1.0856744928214233,0.4802620502437973,1.280981447186811,0.5508173659900402,-1.006062594116341,0.5172677274817217,1.0739468439391686,1.6792935662818085
0.9761867568361258,1.0856744928214233,0.756476930488851,1.280981447186811,0.5508173659900402,-1.006062594116341,1.0525069170151775,1.5041487585120745,1.6792935662818085
0.9761867568361258,1.252987352317623,0.756476930488851,-1.9937585612010686,3.3119012906417185,-1.006062594116341,0.4169729052168208,0.9174430084079029,1.7843005031453751
1.6452724081875223,1.252987352317623,0.6627478808735003,2.6141085779194766,0.6821056989029549,-0.010345062249206172,0.853768973852977,0.9174430084079029,1.7843005031453751
1.6452724081875223,0.23232138431863034,0.6627478808735003,2.6141085779194766,0.7766839437610488,-1.7402518957936572,0.6956130136091596,-1.330163654600689,0.33869949833084645
0.72230143712766,0.23232138431863034,0.6627478808735003,0.47359348703669113,0.7766839437610488,1.5223821501011163,0.6605521507575333,-1.330163654600689,0.33869949833084645
0.72230143712766,0.23232138431863034,0.6627478808735003,0.47359348703669113,0.7766839437610488,2.040403549283961,0.6605521507575333,-1.330163654600689,1.0405752250998777
0.5546477202742914,0.23232138431863034,0.6627478808735003,0.47359348703669113,0.7766839437610488,2.040403549283961,0.6605521507575333,-0.09880975805564662,1.0405752250998777
0.5546477202742914,1.4107635789500488,0.49723026859410624,-0.34995422690910194,1.7880898161848562,2.040403549283961,0.6605521507575333,0.16298550275448576,1.0405752250998777
0.5546477202742914,0.5415498820993571,0.49723026859410624,-0.34995422690910194,1.7880898161848562,2.040403549283961,0.6605521507575333,0.16298550275448576,0.5616408506996327
0.5546477202742914,0.5415498820993571,0.49723026859410624,-0.34995422690910194,1.7880898161848562,2.040403549283961,0.7441446158613679,0.16298550275448576,0.1917702820459116
0.42644500264744156,0.6181942489095014,0.541904177261474,-0.8062667089252747,1.7880898161848562,2.040403549283961,0.7441446158613679,0.16298550275448576,1.4942381333071768
0.42644500264744156,0.6181942489095014,0.6731687941602894,0.2952143205480263,0.8303606515946931,2.040403549283961,4.515992394143659,0.16298550275448576,1.4942381333071768
0.42644500264744156,0.6181942489095014,0.4367371410502221,0.2952143205480263,0.2919553410867367,2.244432994027075,4.515992394143659,0.16298550275448576,0.28801259094010967
1.019114490023867,5.9453327163547245,0.4367371410502221,0.2952143205480263,0.6430728247221511,2.244432994027075,4.515992394143659,-1.2358321986797882,0.49331886837649225
0.8740845038028845,5.9453327163547245,0.4367371410502221,0.2952143205480263,0.6430728247221511,2.244432994027075,4.515992394143659,-1.2358321986797882,0.49331886837649225
0.5188057295764263,0.29094866747125697,0.6260834637427041,0.2952143205480263,0.6430728247221511,2.244432994027075,3.5526922844554822,-1.2358321986797882,7.953041234777947
0.6418865636831897,4.215115014631512,0.6260834637427041,0.2952143205480263,0.6430728247221511,1.112195418215209,0.6154673532126139,-1.2358321986797882,2.7993235326948422
0.5711350860337885,1.1191510283352875,0.6260834637427041,1.830619028249533,0.6430728247221511,-0.44648662138130457,1.834504918011734,-2.7506603322053538,2.7993235326948422
0.5711350860337885,1.1191510283352875,0.6260834637427041,1.830619028249533,0.6430728247221511,-0.44648662138130457,13.058854139734413,-2.7506603322053538,2.7993235326948422
0.46835491602643736,1.1191510283352875,0.6260834637427041,1.830619028249533,0.3373929146159539,-0.44648662138130457,13.058854139734413,0.5889145563532274,2.7993235326948422
0.46835491602643736,0.6343966719187414,0.6757822720626007,1.830619028249533,4.322634831857841,-0.44648662138130457,13.058854139734413,0.5889145563532274,2.6137867923497313
0.46835491602643736,11.476112964989298,0.6757822720626007,1.830619028249533,0.6649573642396611,-0.44648662138130457,13.058854139734413,-0.37462090871719056,0.3984839429769267
0.46835491602643736,11.476112964989298,0.6757822720626007,1.830619028249533,1.1403477590674176,-0.44648662138130457,0.9245506424101784,-0.37462090871719056,0.346675706085769
0.46835491602643736,2.4437029238030163,0.6757822720626007,1.830619028249533,1.1133323044497812,-0.44648662138130457,1.5071687944431835,-0.37462090871719056,0.346675706085769
0.46835491602643736,2.4437029238030163,0.6757822720626007,1.830619028249533,1.1133323044497812,-0.44648662138130457,0.41660557172194357,-0.37462090871719056,0.26962360263193247
0.46835491602643736,0.5408794254471299,0.6757822720626007,1.830619028249533,2.1888071207217106,-0.44648662138130457,0.41660557172194357,-0.37462090871719056,0.5728254094784103
0.46835491602643736,0.5408794254471299,0.6757822720626007,1.830619028249533,0.2073823324761801,-0.44648662138130457,0.41660557172194357,-0.37462090871719056,0.5728254094784103
0.46835491602643736,0.5408794254471299,0.6757822720626007,1.830619028249533,1.4585882927336207,-0.44648662138130457,0.7372249987209949,-0.37462090871719056,5.0695951658879475
0.46835491602643736,3.0401129489527965,0.6757822720626007,1.830619028249533,1.4585882927336207,-0.44648662138130457,0.7372249987209949,-1.1864126967259432,5.0695951658879475
0.46835491602643736,8.484461099741537,0.6757822720626007,1.830619028249533,1.4585882927336207,-0.44648662138130457,0.1437114177571204,-1.1864126967259432,2.5283696367862927
0.46835491602643736,11.525932404428113,0.6757822720626007,1.830619028249533,1.4585882927336207,-0.44648662138130457,0.1437114177571204,-1.1864126967259432,2.5283696367862927
0.765252449206744,1.331734216477989,0.7114066551865751,1.830619028249533,1.4585882927336207,-0.44648662138130457,0.8920964864243199,-1.1864126967259432,2.5283696367862927
0.765252449206744,2.296091130502474,0.7114066551865751,1.830619028249533,1.4585882927336207,-0.44648662138130457,0.8920964864243199,-1.1864126967259432,0.21636568398304137
0.765252449206744,2.2814620893756903,0.7114066551865751,1.830619028249533,1.4585882927336207,-0.44648662138130457,0.8920964864243199,0.6219462718568114,0.21636568398304137
0.37850365700060185,2.2814620893756903,0.7114066551865751,1.830619028249533,1.9950033788474997,-0.44648662138130457,0.8920964864243199,-1.5702722510351796,0.21636568398304137
1.0964711399471936,2.2814620893756903,0.7114066551865751,-1.5114361101695644,1.9950033788474997,0.05140338273745132,0.9362197651299223,-1.5702722510351796,0.21636568398304137
1.0964711399471936,8.900890347760575,0.6968447764992634,5.062762757716515,1.9950033788474997,0.05140338273745132,0.9362197651299223,-1.5702722510351796,0.21636568398304137
1.0964711399471936,2.636688444118437,0.6968447764992634,5.062762757716515,1.9950033788474997,0.05140338273745132,0.4257335882569544,0.42163231535409107,0.1620419132592704
1.2814384230361637,2.636688444118437,0.6968447764992634,4.125947407281917,0.4182243859813235,0.05140338273745132,0.5926450826985683,2.056059234320933,0.1620419132592704
1.2814384230361637,2.636688444118437,0.6968447764992634,2.602039252551291,0.4182243859813235,0.05140338273745132,5.339310650614003,2.056059234320933,1.0505823246680255
1.2814384230361637,2.636688444118437,1.0667560135617224,0.6925135838741585,0.4182243859813235,0.05140338273745132,5.339310650614003,2.056059234320933,1.0505823246680255
1.2814384230361637,2.636688444118437,1.0667560135617224,0.6925135838741585,0.4182243859813235,0.05140338273745132,5.339310650614003,2.768086501474193,1.0505823246680255
1.8743542061879106,3.5839822215741104,1.0667560135617224,0.6925135838741585,0.4182243859813235,0.05140338273745132,4.50606101881599,2.768086501474193,0.8293018466530233
1.2905925266164502,5.259662990121829,0.7778771674067362,0.6925135838741585,2.3854352207602507,0.05140338273745132,1.3144846400778565,2.768086501474193,0.6709752351710209
1.2905925266164502,125.14042979689901,0.7778771674067362,0.6925135838741585,1.4664902453178574,0.05140338273745132,1.3144846400778565,2.768086501474193,0.6709752351710209
1.2905925266164502,125.14042979689901,0.7778771674067362,0.6925135838741585,1.4664902453178574,-0.6881004517096798,0.6756413736550719,2.768086501474193,0.42956304982513066
1.9372854178925396,27.181712861995216,0.7778771674067362,0.26747408327822403,1.4664902453178574,-0.6881004517096798,0.6756413736550719,6.981241640766011,0.42956304982513066
1.9334726717583668,27.181712861995216,0.7664963021699377,0.26747408327822403,1.4664902453178574,-0.6881004517096798,0.6756413736550719,11.805189826214285,0.42956304982513066
1.9334726717583668,12.239737210564755,0.5759161650454936,0.26747408327822403,0.521949145931196,-0.6881004517096798,3.2800881361633443,9.0858682284594,0.2857391456401068
1.9334726717583668,35.484624252741604,0.5759161650454936,0.26747408327822403,1.0023865853513931,-0.6881004517096798,3.2800881361633443,8.832200467550049,0.34797959283540447
1.666546441836846,35.484624252741604,0.5759161650454936,0.26747408327822403,0.5867522604387534,-0.6881004517096798,0.9317012240954166,6.286754178607382,0.9053696084771817
0.8535833411583457,8.499914690261045,0.5759161650454936,0.26747408327822403,0.5867522604387534,-0.5534104048379678,0.9317012240954166,4.61941062059172,0.9053696084771817
0.8535833411583457,8.499914690261045,0.5759161650454936,0.26747408327822403,0.5867522604387534,-0.5534104048379678,0.9098087020769945,-2.523132913570274,0.9053696084771817
0.8535833411583457,2.9167747772120016,0.8139515726749382,0.26747408327822403,0.5867522604387534,-0.5534104048379678,1.2591182426857663,-4.464797012289105,0.9053696084771817
0.724254945418457,7.266877037318498,0.7654712550789743,0.26747408327822403,0.5867522604387534,-0.5534104048379678,0.48404094889875615,-4.464797012289105,0.9053696084771817
1.0229808691910904,0.3340847689515734,0.3265970007550738,0.26747408327822403,0.5867522604387534,-4.593595129488177,0.48404094889875615,-3.57788220672788,2.1388160576643327
1.0229808691910904,0.5688460031486382,0.3265970007550738,0.26747408327822403,0.491226097391603,-7.375074819961491,0.48404094889875615,-3.57788220672788,4.7745851408937705
1.0229808691910904,3.1997812400318675,0.3265970007550738,0.4896902718608716,0.491226097391603,-0.22698896730563511,0.7292404302218796,0.10820055823077324,4.7745851408937705
0.704005314046053,0.19408174345127785,0.3265970007550738,0.4896902718608716,4.180180031927159,-0.713745905657811,0.15685407056269365,0.10820055823077324,1.7527739063616734
0.8535396996507482,21.54831039539264,0.4204110643530567,0.4896902718608716,4.180180031927159,-0.713745905657811,0.15685407056269365,6.350842965240224,1.7527739063616734
0.9924482940612356,21.54831039539264,0.4204110643530567,-6.892448207667936,0.5404555567096168,-0.713745905657811,1.7634355430391058,6.350842965240224,0.45273588533795
2.6150066948716333,127.76242969911775,0.4093294295120056,-14.89959945169816,0.5404555567096168,-0.713745905657811,1.5454384908758385,3.1811241448420504,0.45273588533795
2.6150066948716333,34.89554139417375,0.4093294295120056,-14.89959945169816,0.44856509984925386,2.603025546512293,1.5454384908758385,5.527678702708187,0.45273588533795
2.6150066948716333,34.89554139417375,0.4093294295120056,-14.89959945169816,0.44856509984925386,0.3242724310333718,0.6461250544142146,4.914607310835796,0.45273588533795
2.6150066948716333,13.050745103868257,0.4093294295120056,-18.67234790990177,3.0291197233530953,0.10401624169060722,0.6461250544142146,6.191918565148683,0.45273588533795
2.6150066948716333,13.050745103868257,0.47112465754055627,-9.327110717249582,1.1024784533846363,2.8121445539787704,1.5871921247401783,-3.5897156979618927,0.29170301893135125
2.6150066948716333,13.050745103868257,0.47112465754055627,-9.610458684645256,1.2098086223536397,0.7410305721557071,0.8826432303680198,-5.445222788568093,0.29170301893135125
2.6150066948716333,13.050745103868257,0.47112465754055627,-6.6442610642325555,0.7812270888220759,3.029792198207907,0.8826432303680198,-2.528493609993753,0.29170301893135125
2.6150066948716333,0.21614132341324202,0.6684236599509006,-3.3579107571863878,0.7812270888220759,-0.44377861645133976,0.23875346188730923,-4.183704894207546,0.6033274007948957
2.6150066948716333,0.21614132341324202,0.48241504050589384,-4.171573107431775,2.2643863299704066,-0.44377861645133976,0.23875346188730923,-1.4936500009392009,2.3483503544916435
2.6150066948716333,0.21614132341324202,0.48241504050589384,-1.6182116593067382,1.1719649244892352,1.927313764773377,1.0471016882430269,-1.4936500009392009,0.3609582019009168
2.6150066948716333,0.21614132341324202,0.7241247416582379,-1.6182116593067382,1.1719649244892352,-1.60379668401408,1.0471016882430269,-1.4936500009392009,0.3353064179759609
2.1129320093768227,2.042726396087187,0.7877725969310874,-1.6182116593067382,1.1719649244892352,-1.9822934829249825,1.0471016882430269,-1.4936500009392009,0.3616298484511502
2.1129320093768227,2.042726396087187,0.7877725969310874,1.5237638143011183,1.1719649244892352,-1.9822934829249825,0.5637612667618201,-1.4936500009392009,0.4156286947078249
0.7435065179454152,2.042726396087187,0.525950330706327,1.5237638143011183,0.14871356097967967,-1.9822934829249825,1.052357186965853,-1.4833538210601576,0.37355158311100717
0.7276741011345096,2.042726396087187,0.525950330706327,1.5237638143011183,0.14871356097967967,0.774225732324823,2.1320370567652964,-0.9729188561766606,1.81149763883068
0.7276741011345096,2.042726396087187,0.525950330706327,1.5237638143011183,0.415359722623105,1.931565489652623,2.1320370567652964,-0.9729188561766606,1.81149763883068
0.7276741011345096,9.479668496576263,0.5357005112563126,1.5237638143011183,1.164826162091489,1.7975402891408556,2.1320370567652964,-0.9729188561766606,0.9563477412625996
0.7276741011345096,0.319421209300785,0.5233729998130191,0.7377567034282105,1.164826162091489,1.7975402891408556,2.1320370567652964,-0.9729188561766606,0.11958902729449807
0.7276741011345096,0.319421209300785,0.5233729998130191,0.7377567034282105,1.164826162091489,2.2468488292938,0.6038375801910959,0.5808553648497008,0.15255241112563622
0.721326234604639,3.72743845931963,0.38754342035652656,0.7377567034282105,0.3000551572831602,2.2468488292938,1.4581790386122608,0.5808553648497008,0.15255241112563622
0.721326234604639,3.72743845931963,0.38754342035652656,0.7377567034282105,0.584807379951593,-0.9178355393519033,1.4581790386122608,0.5808553648497008,0.10893505967400177
0.721326234604639,2.356346141507305,0.38754342035652656,1.9788743071464192,0.42054355514520336,-0.9178355393519033,1.4581790386122608,0.5808553648497008,2.0556942780213996
1.070681295272284,16.153135653758365,0.5135106306867249,-1.3258339011709186,1.5592945959394964,-0.9178355393519033,0.6415698627131757,0.5808553648497008,2.0556942780213996
1.070681295272284,10.097451952942409,0.3802697754432006,-4.188708315946297,1.5592945959394964,-0.9178355393519033,1.067820667980583,0.5808553648497008,2.0556942780213996
1.070681295272284,19.808954720557935,0.38582549097010865,-0.41491816367152845,2.1943901197644355,-0.9178355393519033,1.067820667980583,-3.859403327380115,2.0556942780213996
1.070681295272284,27.20200209233955,0.5148526385920977,-0.41491816367152845,1.9915296683187238,-0.9178355393519033,1.067820667980583,-3.859403327380115,0.7545967535200045
1.070681295272284,27.20200209233955,0.5148526385920977,-1.1748520356928127,2.5517265628510843,-0.7430989231995949,1.067820667980583,-4.070745370627873,0.1212557590716366
0.8255025444926335,13.74344542805212,0.5148526385920977,-0.2871044477794482,2.5517265628510843,1.0071269909429095,2.4570578591044914,-2.266793356873407,0.11893704521541404
0.8255025444926335,13.74344542805212,0.5148526385920977,-0.2871044477794482,2.5517265628510843,1.0071269909429095,2.4570578591044914,-2.266793356873407,0.12852104560006367
0.8255025444926335,4.428664339065083,0.5148526385920977,-0.2871044477794482,2.5517265628510843,1.0071269909429095,0.8469189885549215,2.9121024759968748,0.12852104560006367
0.8255025444926335,0.6018286619284547,0.5148526385920977,-0.2871044477794482,0.8351657255480318,1.0071269909429095,0.8469189885549215,2.9121024759968748,0.10951842883421431
0.7222470299623824,1.4746349871562228,1.0931105252798492,-0.2871044477794482,0.6806915543556545,1.0071269909429095,2.6163427964351595,2.9121024759968748,0.10951842883421431
0.7222470299623824,3.4583286349570654,0.9481827276966723,-0.2871044477794482,0.6806915543556545,-2.1949972146039647,2.6163427964351595,2.9121024759968748,0.10951842883421431
0.7222470299623824,0.5740371958807878,1.087785953560454,-0.2871044477794482,0.6806915543556545,-0.7639025674586368,1.504673149504204,2.9121024759968748,0.10951842883421431
2.056718004357623,0.5740371958807878,1.0289610994008693,-0.2871044477794482,0.39692925954515,-0.7639025674586368,1.778368466326209,0.6136784914714131,0.08292556729986718
1.723098989624859,0.5740371958807878,1.0289610994008693,-0.2871044477794482,1.0860068590773049,-0.7639025674586368,1.778368466326209,0.6136784914714131,5.6739146309759425
0.6356482998198872,0.5740371958807878,1.0289610994008693,-0.2871044477794482,0.8583858242392151,-0.9140249028152637,2.553996935913631,0.6136784914714131,4.126377122641877
0.8728921158468982,0.5740371958807878,1.0135989798952354,-0.2871044477794482,0.8583858242392151,-0.9140249028152637,0.7981814188050506,0.6136784914714131,2.842381840147581
0.8728921158468982,0.508075126772067,1.5353740651624377,-0.2871044477794482,0.6733579416939145,-0.9140249028152637,0.7981814188050506,-0.8219016963008465,1.7378422955493407
0.5746329957497556,0.508075126772067,1.3104241020102436,-0.2871044477794482,1.5594462487841882,-0.9140249028152637,0.7089745128576879,-0.8219016963008465,1.7378422955493407
1.1513916902964796,2.07230656010329,1.3104241020102436,-0.2871044477794482,1.5594462487841882,-0.035737027486016704,0.7089745128576879,-0.8219016963008465,0.2354634000183573
1.3176893486757684,31.423702255664214,1.3104241020102436,-0.2871044477794482,0.44927142537932935,-0.035737027486016704,0.7089745128576879,-0.8219016963008465,1.4055040008366002
0.8158352410854713,31.423702255664214,1.3104241020102436,-0.2871044477794482,0.44927142537932935,-0.035737027486016704,0.7089745128576879,-0.8219016963008465,1.4055040008366002
0.7791424169131054,237.4941732233112,1.3104241020102436,-0.2871044477794482,0.44927142537932935,-0.035737027486016704,0.7089745128576879,-0.8219016963008465,0.5973835726447018
0.6635304005544045,237.4941732233112,1.3104241020102436,-0.2871044477794482,0.2952097065250012,-0.035737027486016704,6.807385147635046,-0.8219016963008465,0.26513127922121893
0.6635304005544045,237.4941732233112,0.9469968042270726,-0.2871044477794482,0.2952097065250012,-0.035737027486016704,7.253721207499995,1.0012488985719903,0.2854057055959771
0.6635304005544045,197.62891874871613,0.9469968042270726,-0.2871044477794482,0.31673779212512515,-0.035737027486016704,0.37548668846666666,1.0012488985719903,1.2501245128922007
0.6635304005544045,8.848081492362565,0.9469968042270726,0.4857210098620137,0.31673779212512515,-0.035737027486016704,3.942717967751981,-0.49352920304737546,1.2501245128922007
0.6635304005544045,1.3884109671284584,0.7695690743315391,0.4857210098620137,0.31673779212512515,-0.035737027486016704,1.7267688018350014,-0.49352920304737546,0.5479899109121907
0.6635304005544045,2.3006974155864395,0.7695690743315391,0.4857210098620137,0.31673779212512515,-0.035737027486016704,1.7267688018350014,-0.49352920304737546,0.33056762361420594
0.5268957764018728,2.5077466722535426,0.7695690743315391,0.4857210098620137,0.31673779212512515,-0.035737027486016704,1.7267688018350014,-0.49352920304737546,0.33056762361420594
0.6012911698314793,2.5077466722535426,0.7695690743315391,0.4857210098620137,0.31673779212512515,-0.035737027486016704,1.7267688018350014,2.4787838363319366,0.33056762361420594
0.6012911698314793,1.037006175686022,0.7695690743315391,0.4857210098620137,0.31673779212512515,-0.035737027486016704,1.7267688018350014,2.4787838363319366,0.3432775109312982
0.6012911698314793,1.037006175686022,0.7695690743315391,0.4857210098620137,0.31673779212512515,-0.035737027486016704,1.044824389786248,2.4787838363319366,0.3432775109312982
1.4722692789204597,1.037006175686022,0.8394377505236594,0.4857210098620137,3.833765965593737,-0.035737027486016704,3.039026469660168,-1.1787738243495842,0.2651236184593507
0.9952956819975738,4.4989441192418465,0.8394377505236594,0.4857210098620137,3.833765965593737,-0.035737027486016704,0.7371974726614173,1.0884149782864299,0.439528851898559
0.9952956819975738,0.8226880840374763,0.8394377505236594,0.4857210098620137,3.833765965593737,-0.035737027486016704,0.7371974726614173,1.0884149782864299,0.439528851898559
0.9952956819975738,0.8226880840374763,0.8394377505236594,0.4857210098620137,1.6327277888797214,-0.035737027486016704,0.7371974726614173,-0.7921543297591607,0.40204128494403557
0.9952956819975738,6.139857721999578,0.9951209828327249,0.4857210098620137,0.346432345917845,-0.035737027486016704,0.7371974726614173,-0.7921543297591607,0.40204128494403557
0.9952956819975738,6.139857721999578,0.9951209828327249,0.4857210098620137,1.8841767779750764,-0.035737027486016704,2.4642207856678504,0.3833284567507258,0.40204128494403557
0.574845121521123,6.139857721999578,0.8160190552413199,0.4857210098620137,1.8841767779750764,-0.035737027486016704,1.1281178225310935,0.3833284567507258,2.274667684083029
0.574845121521123,6.139857721999578,0.8160190552413199,-0.07970128550893063,4.348090920205105,-0.035737027486016704,1.1281178225310935,0.3833284567507258,2.903816839465666
0.7543741821362963,6.139857721999578,0.8160190552413199,-0.07970128550893063,4.348090920205105,-0.37196358582167005,1.1281178225310935,0.3833284567507258,2.903816839465666
0.7543741821362963,1.7688003133808472,0.5981238360086111,-0.07970128550893063,4.348090920205105,-0.37196358582167005,1.1281178225310935,0.3833284567507258,2.903816839465666
0.7671343442276981,1.7688003133808472,0.5981238360086111,-0.07970128550893063,4.348090920205105,-0.37196358582167005,0.945974206171358,0.26490838186718607,2.4681033717911474
0.7671343442276981,1.7688003133808472,0.5981238360086111,-0.07970128550893063,4.348090920205105,1.2336860219993055,0.945974206171358,0.26490838186718607,1.4500768625184783
0.7667531910746892,1.7688003133808472,0.5981238360086111,-0.07970128550893063,1.6373022648262334,1.2336860219993055,0.945974206171358,0.26490838186718607,1.4500768625184783
0.7667531910746892,1.6592001314793923,0.5981238360086111,-0.07970128550893063,0.772471359415056,1.2336860219993055,0.945974206171358,0.26490838186718607,1.4500768625184783
0.6822120529687378,1.6592001314793923,0.5981238360086111,-0.07970128550893063,2.1674241872770867,1.2336860219993055,0.5121024952057875,0.26490838186718607,1.4500768625184783
0.6822120529687378,1.6592001314793923,0.5981238360086111,-0.07970128550893063,2.1674241872770867,-2.014295445308647,0.46807626293723714,0.26490838186718607,1.4500768625184783
0.6822120529687378,1.6592001314793923,0.5981238360086111,-0.07970128550893063,2.1674241872770867,-2.355539861976722,0.46807626293723714,0.26490838186718607,1.4500768625184783
1.711335003182207,1.6592001314793923,0.5981238360086111,-5.126664729628391,2.1674241872770867,-2.355539861976722,0.7346424220230272,0.26490838186718607,0.3203307005511461
1.711335003182207,1.7860406703948133,0.5981238360086111,0.9835238152745926,2.1674241872770867,-2.355539861976722,0.31988152279617155,0.26490838186718607,0.3203307005511461
1.4254539108602575,9.089734473815312,0.531825437333737,-0.6422256103513626,0.8622865717875441,1.833914919328946,0.31988152279617155,0.26490838186718607,0.2939407550434012
0.8311238244983837,10.210860508204961,1.0309897271449278,0.6249837526923316,0.8622865717875441,1.833914919328946,0.40970707790774946,0.26490838186718607,0.9278560680768185
0.8311238244983837,3.9055356800987786,1.0309897271449278,-1.4913665503516984,0.8622865717875441,1.833914919328946,0.40970707790774946,0.26490838186718607,2.361074196507931
0.8311238244983837,3.9055356800987786,1.0309897271449278,-1.5402723601488706,0.8622865717875441,1.833914919328946,8.718449998189183,0.26490838186718607,2.7342535363421017
0.8311238244983837,3.9055356800987786,0.5616055947428427,-1.5402723601488706,0.19613049421184722,-0.7282477776813447,8.718449998189183,0.26490838186718607,2.7342535363421017
0.8844758364053633,0.4208701895785263,0.5616055947428427,1.6181841798800134,0.19613049421184722,-0.7282477776813447,4.350376330695019,0.26490838186718607,2.7342535363421017
1.3117859455248881,1.0480213227414652,0.5616055947428427,1.6181841798800134,0.6435544990378831,-0.7282477776813447,2.8241714972276855,0.26490838186718607,3.201683664630273
1.3117859455248881,1.0480213227414652,0.40946188812279827,1.6181841798800134,0.6435544990378831,-0.04981556403673204,0.3581710075410612,0.26490838186718607,3.8063272769308703
1.7253175152322229,0.3055248447645806,0.3311953520227972,1.6181841798800134,0.6435544990378831,2.2811461969891593,0.3581710075410612,-8.6362507876804,3.5740464283324984
1.7253175152322229,0.3055248447645806,0.23842393896815967,9.62895008395823,2.1747361833408094,4.274577676811911,2.2604048222285327,-7.186651078310684,0.4638518779774064
1.4295230178768115,0.3055248447645806,0.32139422043154,9.473161797199246,2.1747361833408094,1.2389330839034733,0.2290544075904727,2.3039936303695967,0.4638518779774064
1.4295230178768115,0.3055248447645806,0.32139422043154,15.20797605049685,1.37952691505915,-3.3040838511836896,0.993256222302104,2.3039936303695967,2.243459177686156
1.4295230178768115,0.3055248447645806,0.32139422043154,15.20797605049685,1.644267654585095,-5.863587042227511,0.993256222302104,2.3039936303695967,2.243459177686156
1.4295230178768115,0.3055248447645806,0.32139422043154,15.739366532803123,0.18036210959250995,2.7744190489705023,0.993256222302104,-3.5789103880034467,1.211197549729666
1.4415079493222915,0.44581808565624287,0.4856363014318724,8.03471116636533,0.18036210959250995,0.7722280508269388,0.993256222302104,-3.3091027370062225,1.211197549729666
1.4415079493222915,4.224455835194219,0.4856363014318724,8.03471116636533,0.18036210959250995,0.7722280508269388,0.993256222302104,-3.3091027370062225,3.1371145039134523
1.4624712232935468,4.224455835194219,0.4856363014318724,8.03471116636533,0.2644206224188361,-0.9316671166600321,0.5454020970045925,-3.3091027370062225,0.8573677489892719
1.69976445795012,4.3440829877339375,0.5561509069685561,7.905941230639691,1.3346811388941189,-0.9316671166600321,0.8264949690340709,-3.3091027370062225,0.7981552241032895
1.69976445795012,4.3440829877339375,0.4571338388047877,6.36871655171543,1.3346811388941189,2.390858866699749,0.2515234980176081,-2.0318871807504815,0.6793108344878958
1.69976445795012,4.3440829877339375,0.4571338388047877,6.36871655171543,1.3346811388941189,1.0214773667781056,0.18347381423538808,-2.0318871807504815,0.6793108344878958
1.69976445795012,4.3440829877339375,0.4571338388047877,7.755741695148078,1.5942926414324912,1.0214773667781056,0.23602651284636253,0.47596708986596736,0.42012961079817623
1.2961875408595802,4.3440829877339375,0.4571338388047877,7.755741695148078,1.5942926414324912,8.569837513169057,0.08522647753349563,0.47596708986596736,0.46462717026248646
1.2961875408595802,4.3440829877339375,0.4571338388047877,7.435824275336969,1.5942926414324912,3.770230074085977,0.09616169097701119,0.47596708986596736,0.46462717026248646
1.2961875408595802,0.2997525301296584,0.46731323207908443,0.6910632448382286,0.9647509465260985,8.732851028638674,0.268320724045949,0.47596708986596736,0.46462717026248646
1.2756614663572838,0.45733510569256436,0.35163417876842573,0.6478134207678613,2.3874144364014924,8.732851028638674,0.5134843313007726,0.47596708986596736,0.8489410826014602
1.2756614663572838,0.45733510569256436,0.35163417876842573,2.317783163921598,2.3874144364014924,8.732851028638674,1.4918084708364636,0.47596708986596736,0.8489410826014602
1.2756614663572838,0.45733510569256436,0.32630475798515185,2.317783163921598,2.3874144364014924,-5.300483866888936,1.4450164393275713,0.47596708986596736,0.8489410826014602
1.2970093667393652,0.45733510569256436,0.5002453972909351,2.317783163921598,2.3874144364014924,-1.883144051249035,1.2537263588721943,0.47596708986596736,1.3493093061323087
1.2970093667393652,7.780742065611994,0.8029794407332128,-2.9077094209484877,2.3874144364014924,3.605046940474198,1.9725323222721904,2.068903309388247,1.3493093061323087
1.2970093667393652,0.29969525740872205,0.4324357180409323,-1.1556853077553353,1.4706502604039664,6.270135373107494,1.9725323222721904,2.068903309388247,1.3493093061323087
1.2970093667393652,0.25211383474912974,0.4324357180409323,-1.1556853077553353,1.4706502604039664,4.431678308467832,1.9725323222721904,2.635996581304904,1.3493093061323087
1.4846094684188105,0.25211383474912974,0.3986734683979008,1.9683796484753648,1.042401061309022,4.431678308467832,1.9725323222721904,-2.5777383120137713,1.9457644803407992
1.4846094684188105,0.25211383474912974,0.4336591107451704,1.9683796484753648,1.042401061309022,-0.46828229059878446,2.9629527333408685,-2.5777383120137713,1.9457644803407992
1.4846094684188105,0.25211383474912974,0.5035674158112452,1.9683796484753648,0.7355904369539734,-0.46828229059878446,0.23239197370862713,-3.7456764227401305,1.6683267609685226
1.9889324118467993,0.25211383474912974,0.5035674158112452,1.918253731179841,0.7355904369539734,-7.50856161321574,0.9591617429918196,4.393287600568232,3.6572463176672674
1.9889324118467993,0.1978913223694581,0.5035674158112452,1.918253731179841,0.7355904369539734,-2.359740979891531,0.9591617429918196,4.393287600568232,3.857922649435561
1.9889324118467993,0.1978913223694581,0.5035674158112452,1.918253731179841,0.8770770806808763,-7.339731503957,0.9591617429918196,1.2280316866642083,0.8805924336817327
0.8236880430105751,4.169487166600056,0.5035674158112452,-0.5232526585958981,0.8770770806808763,-7.339731503957,1.331469354398066,1.2280316866642083,0.8805924336817327
0.6900515304847278,4.169487166600056,0.5035674158112452,1.1818226190991135,0.8770770806808763,-3.7079239360904888,0.9029090845719929,0.42072999741104156,0.46698814645175224
0.5405662174193606,0.4877347961837608,0.7152961664310468,1.1818226190991135,0.8770770806808763,-3.7079239360904888,0.5327394506678416,0.42072999741104156,0.46698814645175224
0.5405662174193606,0.4877347961837608,0.7152961664310468,-1.4587096870858824,0.5302033694840751,-0.7171332770978345,0.5327394506678416,0.42072999741104156,0.46698814645175224
0.5405662174193606,6.092407112047957,0.8649794098978604,-1.4752740566414342,0.5302033694840751,-0.16169043227931523,0.22666502798275587,0.42072999741104156,0.46698814645175224
0.5405662174193606,33.2867365860222,0.6767134799629468,-1.4752740566414342,0.5302033694840751,-0.16169043227931523,0.22666502798275587,-1.4971733497681252,0.46698814645175224
1.2421859421728108,13.963156513342556,0.4701513051614055,-1.4752740566414342,0.3963850764897023,-0.16169043227931523,2.3950552878177427,1.7584202309867694,1.1631680182051485
1.2421859421728108,0.32046542928419997,0.4701513051614055,-1.4752740566414342,0.3963850764897023,-0.16169043227931523,1.0108628215898443,1.7584202309867694,1.1631680182051485
1.2421859421728108,0.32046542928419997,0.40627437113842374,-2.228883149496279,3.9744909871023517,-2.5253141915743678,0.2648902089263698,1.7584202309867694,1.3898070052362763
1.2421859421728108,0.32046542928419997,0.4025604552376468,-0.5077110622610845,3.9744909871023517,1.4103212022238205,1.3782608547551825,1.7584202309867694,1.3898070052362763
1.2421859421728108,0.32046542928419997,0.4025604552376468,2.7298930081315804,3.9744909871023517,-1.039871560543434,1.3782608547551825,1.7584202309867694,1.3898070052362763
1.2421859421728108,0.32046542928419997,0.4025604552376468,2.7298930081315804,4.6031619735154035,-2.3163179718450833,1.3782608547551825,1.7584202309867694,1.267757115558586
1.1667728214488622,0.32046542928419997,0.680418893688753,3.1407492676338085,1.3103149241610024,-2.3163179718450833,1.3782608547551825,1.7584202309867694,3.648283966903329
1.0854845210801765,0.24954036685307357,0.680418893688753,3.1407492676338085,1.1949508676179497,-3.076988646701303,0.5887003705564811,1.7584202309867694,0.6735153846307446
1.0854845210801765,1.5099010503412296,0.680418893688753,-0.38643752901958406,1.1949508676179497,0.2623255130481046,0.37508316073297837,-0.11825831001153464,0.6548179654359986
0.686585718128929,1.5099010503412296,0.680418893688753,-1.5071414871635977,1.1949508676179497,0.2623255130481046,0.37508316073297837,0.5628233859966644,0.6548179654359986
0.806951677507147,1.5099010503412296,0.680418893688753,-2.3378916739708875,1.1949508676179497,0.2623255130481046,0.37508316073297837,0.5628233859966644,0.9944313509387095
0.806951677507147,1.5845531924369936,0.8649451572169102,-2.3378916739708875,0.5836280187318476,0.2623255130481046,0.8265569495731572,0.5628233859966644,0.4711321021788214
0.806951677507147,1.5845531924369936,0.8649451572169102,-2.0894091061828193,0.5836280187318476,0.2623255130481046,0.8265569495731572,0.5628233859966644,0.4711321021788214
1.1981036951117152,1.5845531924369936,0.5098309640615618,-2.0894091061828193,0.5836280187318476,0.4627609091068382,0.8265569495731572,0.5628233859966644,0.4711321021788214
1.1981036951117152,1.5845531924369936,0.6773339444749789,-0.43603484100935974,0.5537500258869721,1.8061578858908502,0.8265569495731572,0.5628233859966644,0.3960471016380145
0.7548959297764145,1.5845531924369936,0.6773339444749789,-0.43603484100935974,0.5537500258869721,1.8061578858908502,0.8265569495731572,2.948240531806281,0.5567474391308812
0.7548959297764145,1.5845531924369936,0.6773339444749789,-0.43603484100935974,1.0944109640062132,1.8061578858908502,1.8198690899296097,2.948240531806281,1.8270669539242637
0.7548959297764145,0.47325222060312955,0.6663181550570162,-1.8951036849262357,1.0944109640062132,1.8061578858908502,0.5716053735186772,2.948240531806281,1.8270669539242637
1.1007800072096965,0.47325222060312955,0.5751497923576797,-7.496773500896386,1.0944109640062132,1.8061578858908502,0.5716053735186772,2.948240531806281,1.511623254601764
1.1007800072096965,0.47325222060312955,0.5767277330409198,-3.296500172740319,1.0944109640062132,1.8061578858908502,2.0016273101813593,2.948240531806281,0.911336635983373
2.23615818995973,0.47325222060312955,0.5767277330409198,2.184186004792857,1.1771882589239624,-3.7364976525422566,0.23946882729915936,2.948240531806281,0.911336635983373
2.23615818995973,1.2432146208509345,0.5144961958149892,1.265536776678355,1.1771882589239624,-5.692126886223942,0.9626301252015812,1.2612824318672886,1.0534362112485254
2.23615818995973,1.2432146208509345,1.0309091335358536,1.265536776678355,1.1771882589239624,2.5714519392731283,0.9626301252015812,1.2612824318672886,0.8388784627991795
2.23615818995973,1.2151758958866763,1.0309091335358536,-2.1180752967692937,1.1771882589239624,2.5714519392731283,0.38688210566660003,1.6417754657526462,0.8388784627991795
2.23615818995973,1.0441235084035148,1.0435935194456734,-5.438036331782431,1.1771882589239624,1.5763572145869498,2.5040309367596008,2.504718746758493,0.8388784627991795
3.820730254121504,0.9085585455460455,1.0435935194456734,-4.1516335373466,1.1771882589239624,7.33204035490563,2.5040309367596008,5.219132494488302,0.4558165372695736
3.820730254121504,0.5938139618365423,1.0435935194456734,-4.1516335373466,1.1771882589239624,4.703019786009898,0.9023126131782248,8.584049537466456,2.479669537968075
3.820730254121504,0.24794970052891419,1.0435935194456734,-4.1516335373466,1.1771882589239624,8.175654177173561,0.9023126131782248,7.385944903067219,5.615988273072254
3.6155413969242387,0.24794970052891419,1.0435935194456734,-4.1516335373466,0.36912250935852703,8.175654177173561,1.86309146153408,7.385944903067219,4.944968388869356
4.27520348495123,0.2343409948429827,1.0435935194456734,-3.3478028034735723,0.36912250935852703,1.0532037229966456,4.468354864086197,12.18445440753188,4.944968388869356
4.27520348495123,0.2343409948429827,1.06927315000182,-3.3478028034735723,0.36912250935852703,3.455677024187609,3.5698408078958486,17.27337856557442,2.6373100873079163
4.27520348495123,0.5373787958740818,1.06927315000182,-3.3478028034735723,1.2984209203892403,3.455677024187609,0.7621147548054993,6.197407515555508,2.6373100873079163
4.27520348495123,1.100599246069631,1.0292834528978398,-3.3478028034735723,1.229898763125728,4.017920342085337,0.7621147548054993,5.908377379733906,1.0748094744474845
4.339262443589808,1.100599246069631,1.0292834528978398,5.4343446045136545,0.39229037330014194,4.017920342085337,0.7621147548054993,5.908377379733906,1.0748094744474845
4.339262443589808,1.100599246069631,0.967673620141938,5.901644254395352,0.6649730846169045,-1.0614750691435129,0.7621147548054993,5.908377379733906,1.0748094744474845
7.068168167100082,1.100599246069631,0.8829367402575626,5.901644254395352,0.3230159469601171,-4.678391967889496,0.7621147548054993,5.392414718930273,1.0748094744474845
11.791313754232227,1.100599246069631,0.8829367402575626,5.901644254395352,0.8964008035159922,-4.678391967889496,0.4368880454194533,5.392414718930273,1.0748094744474845
8.874372990367444,0.4393624078310151,0.8829367402575626,5.901644254395352,0.4094231214837658,-2.321384832746896,0.8395385214933364,11.176605827976083,1.370045057272753
8.874372990367444,2.66723073863591,0.8829367402575626,5.901644254395352,0.4094231214837658,-2.316361186677454,0.8395385214933364,11.176605827976083,1.370045057272753
10.756749759533216,0.6676531071441912,0.8829367402575626,10.238715067284758,2.284132437020536,-2.316361186677454,0.8395385214933364,18.296190713979648,0.4748256264350258
10.756749759533216,0.6676531071441912,0.8829367402575626,16.987204253752232,1.2326243032023922,1.6734904815368319,0.6449310760607896,19.920536200021004,0.31304194828769966
10.756749759533216,0.6676531071441912,0.8829367402575626,19.30842562917403,1.2326243032023922,-2.9999698183809835,2.1208076544225314,19.794456204359108,0.31304194828769966
10.756749759533216,0.463288732111405,0.8829367402575626,22.037189029343395,0.9845746384173819,-7.002816694891721,2.1208076544225314,18.398992726667164,0.32540383185527005
10.756749759533216,0.463288732111405,0.509912070753524,22.037189029343395,1.3883988585035387,-5.956842379870035,0.9029101152998189,21.50180124607533,0.60640098320683
10.756749759533216,2.3642339548477325,0.7435586494902714,22.037189029343395,1.3883988585035387,0.24132796294323278,0.23925643459378612,15.69041239899611,0.60640098320683
10.53212057256276,2.3642339548477325,0.7435586494902714,12.163811407938153,1.3883988585035387,-0.4316731834040993,0.23925643459378612,15.69041239899611,0.60640098320683
23.215254747827785,2.3642339548477325,0.7435586494902714,7.905677395156396,1.446190938573561,1.3380592201626365,0.5431820322349027,17.415071222646624,0.60640098320683
23.215254747827785,2.3642339548477325,0.7435586494902714,5.2645983869156625,1.446190938573561,-4.524494966241965,2.503524008307721,11.188845099565945,0.60640098320683
18.651280520019174,2.3642339548477325,0.7435586494902714,5.2645983869156625,1.446190938573561,4.304125684194592,1.8904773281985816,11.188845099565945,0.60640098320683
9.788887256168547,1.0925766896377072,0.8475940605861076,5.2645983869156625,1.446190938573561,1.9130710830899353,1.8904773281985816,11.188845099565945,0.60640098320683
9.788887256168547,1.0925766896377072,0.8475940605861076,5.2645983869156625,4.30404139951139,-2.4229957554034574,4.178355013378124,12.969923365878955,1.8699008851090984
9.788887256168547,1.0925766896377072,0.8475940605861076,5.303468048408124,4.30404139951139,-3.899346884662261,6.135398612673531,12.969923365878955,4.564355748257332
9.788887256168547,1.0925766896377072,0.8475940605861076,-2.8501360802051536,4.30404139951139,-7.650942438048359,0.21012364497952266,9.996211796770085,4.564355748257332
9.788887256168547,1.0925766896377072,0.8475940605861076,-3.021373865645289,1.3985231813545564,0.6376830055965641,0.21012364497952266,14.036405495896396,4.564355748257332
9.788887256168547,1.0925766896377072,0.8652114612940651,-0.2941254976583507,1.0838865202868129,0.7444947080092089,0.09457647979251213,14.036405495896396,2.139827519473025
7.405537415643598,0.946831308196053,0.8652114612940651,-0.2941254976583507,1.0838865202868129,0.7444947080092089,0.20691675506149299,5.843325706611424,2.139827519473025
9.791226793692628,3.483069970305083,0.598640620872561,-2.6904328395327526,1.0838865202868129,4.0259904775547,0.20691675506149299,7.696938036124131,1.140112951744165
9.791226793692628,3.483069970305083,0.598640620872561,-0.4154974982751076,0.46476936147619397,-7.225412707322301,0.6441411054681562,10.154892020113817,3.1869914145508087
10.462682493159013,6.084887457168299,0.5306771871576839,-9.374196738043157,2.8479981181896687,-14.38466497124666,0.9446969806167655,7.962789089782559,3.1869914145508087
12.624755632867384,2.4531894729365566,0.5306771871576839,-9.360433610889146,3.7091146501357213,-13.82350921920522,0.9446969806167655,-2.2224626021923637,0.6762129516834217
24.089981881243848,2.4531894729365566,0.8074079414687225,-9.360433610889146,0.4446902741352043,-12.348850919370927,0.9446969806167655,5.843217354747887,0.4407107240695107
24.089981881243848,3.0328747532116056,0.3787807756534346,-5.062372173324253,0.2394499662028718,-8.036533214982779,0.9446969806167655,0.3422554559718378,0.5345848081226776
24.089981881243848,3.0328747532116056,0.5407281664058807,-5.062372173324253,1.0675967133609825,-12.056566606925744,0.9446969806167655,-5.587564002391045,0.5345848081226776
7.425799468498843,0.7400809709296321,0.4404040287868383,2.082962465293922,0.5716148157429555,-6.9998489422578665,0.9446969806167655,4.254832338251336,0.2271630621872434
9.305818233720352,0.7400809709296321,0.4404040287868383,3.1860063730754193,0.2615234813121616,-5.6034288638547345,0.9446969806167655,-0.11989968754494829,0.1638627964458353
9.305818233720352,0.7400809709296321,0.4404040287868383,-8.739885650917532,0.9749461286214336,-6.253607737536841,0.9446969806167655,-0.11989968754494829,0.7748952107019786
4.475467775184749,1.7389174711414397,0.58696708271768,-8.739885650917532,1.4990531719653084,-6.253607737536841,0.9446969806167655,0.66339757549375,0.7748952107019786
4.475467775184749,1.7389174711414397,0.58696708271768,-8.739885650917532,0.4458796512008466,-9.045324949056731,0.9446969806167655,10.66327103929758,0.3813454818614956
3.2982787292079627,1.6826516525685702,0.501153773531459,-1.7789595369421578,0.4458796512008466,-9.045324949056731,0.8763512559639672,7.150380799563637,0.6381733542172832
3.2982787292079627,0.47094128820570014,0.3596232308450269,4.044963263185214,0.14199569961735697,-5.758577969002057,0.744380314881559,5.251809395050163,0.7270428104595551
1.843427109596253,0.47094128820570014,0.3976048546685868,-2.3033694616365903,0.3576409497215925,-5.758577969002057,5.901738490390302,3.181686580087006,0.8504527377112884
2.0908267323088783,0.47094128820570014,0.3976048546685868,6.704808915315043,0.3576409497215925,-5.758577969002057,0.2859277864519023,5.008191342453582,0.8504527377112884
2.0908267323088783,0.47094128820570014,0.8360027525981372,3.9985029614349523,0.39126848548213455,-4.143150380693606,0.2859277864519023,1.5823262300549583,0.8504527377112884
1.2033048560015498,0.47094128820570014,0.8360027525981372,3.9985029614349523,3.417674871611692,-6.908365591009373,0.48529646058445797,1.5823262300549583,0.8504527377112884
1.5107841074352544,2.5559797562138646,0.6477023788969466,3.9985029614349523,3.417674871611692,3.442662905722628,1.489446594927527,1.5823262300549583,0.8504527377112884
1.5107841074352544,2.5559797562138646,0.6477023788969466,3.9985029614349523,0.2691130328340726,3.442662905722628,1.489446594927527,1.5823262300549583,0.8504527377112884
1.5107841074352544,2.5559797562138646,0.5235294161758484,3.9985029614349523,0.2691130328340726,3.442662905722628,1.489446594927527,1.5823262300549583,0.8504527377112884
1.5107841074352544,2.5559797562138646,0.5235294161758484,3.9985029614349523,2.1806141725498023,3.442662905722628,5.733163862072984,-1.8150352243573278,0.8504527377112884
1.5107841074352544,0.7707839183414144,0.5235294161758484,-0.9326288571970771,2.1806141725498023,3.442662905722628,8.10037341129937,-1.8150352243573278,0.8504527377112884
1.0860438611597556,0.7707839183414144,0.5235294161758484,-0.9326288571970771,2.857553832591537,2.0706838402701457,1.2113813311989368,-3.9416199583427627,0.8504527377112884
1.1205015155376379,1.135651249981507,0.40450289710071774,-0.9326288571970771,2.857553832591537,4.77751974543995,0.36295718447544,-3.9416199583427627,0.8504527377112884
1.1205015155376379,1.090053136240654,0.40450289710071774,-0.9326288571970771,2.857553832591537,0.3422220452834859,0.36295718447544,-3.9416199583427627,0.8504527377112884
1.1205015155376379,2.0494355274250364,0.40450289710071774,2.9962989015668553,2.857553832591537,-4.15046069053198,0.2168747034867831,-7.200762752999038,0.8504527377112884
1.4748067369054958,2.929269006400161,0.5227184645914716,2.9962989015668553,0.28762111445455146,-4.15046069053198,0.21464092786600866,-9.798330431808468,0.8504527377112884
1.5560670026092525,5.32255938828159,0.5227184645914716,2.9962989015668553,0.30284253028106345,-3.1573644600060664,0.21464092786600866,-9.798330431808468,0.6368944111309899
1.5560670026092525,1.330920210674855,0.5887866915888311,3.056180223197132,0.30284253028106345,5.506829548932295,0.3216089501893859,-8.720419073022663,0.6368944111309899
1.6580596965006287,1.330920210674855,0.5887866915888311,3.056180223197132,0.2367858656062864,8.037250886282852,0.3216089501893859,-8.720419073022663,0.7145240784732799
1.6580596965006287,1.330920210674855,0.5186121902486905,2.1769642730099017,0.24706799741660235,2.736324695319426,0.3193286361767982,-8.720419073022663,0.7145240784732799
1.6580596965006287,3.759151525286596,0.56948071825698,2.1769642730099017,0.3178556352685754,2.736324695319426,0.3193286361767982,-2.2433676258443693,0.8029141133479216
1.6580596965006287,3.759151525286596,0.56948071825698,0.4975967332484743,0.9420557206723897,2.4088379216587117,0.281156055727856,-2.7816557236436843,0.8029141133479216
2.1569119313037,3.759151525286596,0.56948071825698,0.4975967332484743,0.3572773237525558,2.48265352728223,0.281156055727856,-2.7816557236436843,0.4646712439495275
5.508804393922358,3.759151525286596,0.7738028123494661,2.0736484701594406,0.5346501508715097,-0.5133063308517478,0.281156055727856,1.7817654690042009,1.094985695755644
4.871881821187674,1.7352986094360765,0.7738028123494661,5.126201798094378,0.41076286866479883,-1.187178278390302,0.281156055727856,-0.4836464746238782,0.4647920557518614
7.895242696908067,0.7402303349749001,0.9735356583677605,7.8953418534833055,0.41076286866479883,1.4654311805319866,0.31145030790354794,1.8790212885922917,0.29719120762882656
2.606088210395724,0.7402303349749001,0.9735356583677605,7.638666198233816,0.41076286866479883,-3.3125751782433754,0.31145030790354794,9.267675004724378,0.7950561686575004
2.606088210395724,3.473804792726012,0.7269335249897036,7.293851380653972,0.8426162886894693,-3.3125751782433754,2.6359718903581926,7.616738589758486,0.5937597954453402
2.606088210395724,2.5985399155573807,1.2391897203758822,5.96241152727622,0.8426162886894693,-3.3125751782433754,2.1256010776512926,5.077035964353559,0.6726648674988134
2.606088210395724,8.342217488388787,1.2391897203758822,4.458344289798,0.8426162886894693,-3.3125751782433754,2.572904930514184,5.077035964353559,0.6726648674988134
2.606088210395724,8.342217488388787,1.2391897203758822,5.083044584891455,0.5431037561834463,-3.3125751782433754,3.924761058743401,5.077035964353559,0.3133979588829924
2.606088210395724,0.5857095315558742,1.070414958018505,-4.576932816255436,1.5373559587871195,-5.4161096721773845,2.0497023537892782,5.077035964353559,0.3133979588829924
6.845042867315955,2.3001717244158266,1.070414958018505,-9.236411720132352,1.5373559587871195,-7.00571923615342,0.669765173698398,9.766037390461417,0.3133979588829924
6.845042867315955,4.375965720277107,1.0753530674070289,-9.667075005231501,0.837127901558293,-7.00571923615342,0.669765173698398,3.9407416270436375,9.139291619254989
5.122718746442072,1.892582849675721,0.6350817695730773,-3.664147404782831,2.5860739689729706,-5.415649630191174,2.486631271824708,3.9407416270436375,9.139291619254989
5.122718746442072,1.892582849675721,0.6350817695730773,-0.15658838292950783,0.2513723398830195,-5.0508185572611985,1.8199820110833766,3.9407416270436375,4.662396250205659
5.122718746442072,1.892582849675721,0.6350817695730773,-0.15658838292950783,0.2513723398830195,-4.184377672705581,0.7917735039668099,3.9407416270436375,1.4786068854703946
5.122718746442072,1.892582849675721,0.6350817695730773,-0.15658838292950783,0.2513723398830195,-6.050399483914201,0.7917735039668099,2.1543509631824254,1.5520575367068798
5.122718746442072,1.5825889015497268,0.6350817695730773,-1.3457589302846626,0.39516867080873214,-2.173158502260762,0.43231681219556867,0.27019007748347246,0.814554189528526
5.122718746442072,1.5825889015497268,0.6389244387458374,-1.3457589302846626,0.9349928455859797,-4.6343078930185095,0.35260342451482707,0.27019007748347246,0.814554189528526
2.4913220340047357,1.5825889015497268,1.2501394193864956,-1.3457589302846626,0.9349928455859797,-4.6343078930185095,0.19882263987663953,5.7764406807122715,0.4565802507076852
2.4913220340047357,0.31099138228249484,1.2501394193864956,-1.3457589302846626,0.9349928455859797,-4.6343078930185095,0.336395767064537,3.696946590867438,0.4565802507076852
2.4913220340047357,0.31099138228249484,1.0503246727535913,-1.3457589302846626,0.9480883691181822,-4.6343078930185095,0.336395767064537,5.676879785823834,1.9666996251969582
2.4913220340047357,0.36741995925724835,1.0503246727535913,-1.3457589302846626,3.7138266865337766,-4.6343078930185095,0.336395767064537,6.3450255854705055,1.9666996251969582
2.4913220340047357,0.6036288989931253,0.8220003387233328,1.0585568437404334,3.7138266865337766,-3.886210571647517,0.336395767064537,5.698476853547286,0.3888036171487909
1.551648129250529,0.4609739761394826,0.8220003387233328,1.0585568437404334,0.33565890012963995,-3.886210571647517,0.336395767064537,9.46159764808862,0.3888036171487909
1.6196233441681733,0.4609739761394826,0.8220003387233328,1.0585568437404334,0.20476885073023401,-0.989877411025406,0.336395767064537,9.46159764808862,0.3888036171487909
1.2850451608403712,0.4609739761394826,0.584301895533328,0.8651980996477912,0.20476885073023401,-0.989877411025406,0.336395767064537,9.46159764808862,3.29033664984714
1.2850451608403712,0.4609739761394826,0.3471116277814742,-3.2630370865434766,0.4374653941745125,-0.989877411025406,2.431844407766534,9.46159764808862,3.29033664984714
1.2850451608403712,1.0816938732785037,0.39416156813334713,-3.2630370865434766,2.2394640979794365,2.88267115254736,4.3159548288247525,-0.5612081718377304,3.29033664984714
0.6741092423334006,1.0816938732785037,0.3799399298292247,-3.2630370865434766,2.074724873388115,2.88267115254736,2.673763858453115,-0.5612081718377304,0.1416103146755621
1.268107705988446,1.0816938732785037,0.3799399298292247,3.042373076464052,0.46098515584505745,2.9850982980982694,0.5767349503648203,-0.5612081718377304,0.09837283563267549
1.268107705988446,0.9736169308726069,0.3799399298292247,3.042373076464052,0.4378592713571657,2.9850982980982694,0.5767349503648203,-6.011220122391765,0.1332908152187064
1.268107705988446,6.034244422459066,0.3799399298292247,-1.0311584372792786,0.4378592713571657,-3.24616640307699,4.464404445116947,-6.023331026185987,0.1332908152187064
0.8423679477587996,0.6099155031547543,0.26802682399119404,-1.0311584372792786,0.4378592713571657,-3.24616640307699,4.464404445116947,-2.080541278289394,0.1332908152187064
0.8423679477587996,1.4255175929971375,0.316909988727965,-1.0311584372792786,0.7001485582572378,0.644661508323777,4.464404445116947,1.9013524992440103,0.2147137481058894
0.8423679477587996,10.502705945143845,0.449304486633112,1.6104616669812355,0.7001485582572378,0.644661508323777,4.464404445116947,-2.0975562418947966,0.2147137481058894
0.9267452559244072,0.44898545689149183,0.6249180279440967,-1.558009759225477,0.7001485582572378,0.644661508323777,4.464404445116947,2.0129173660142543,0.2147137481058894
0.9267452559244072,0.44898545689149183,0.6249180279440967,-1.558009759225477,1.3159031220949078,0.644661508323777,0.5567790506695008,2.0129173660142543,0.2147137481058894
0.9267452559244072,0.44898545689149183,0.7415924903478017,-1.558009759225477,1.3159031220949078,0.644661508323777,0.5440683521740166,-2.0950974574724883,0.2147137481058894
1.578044018390694,0.44898545689149183,1.2346890503488288,2.4760853327635695,1.3159031220949078,0.644661508323777,0.5440683521740166,-5.024311433695326,0.2147137481058894
1.578044018390694,0.44898545689149183,1.3576853786184122,2.2673444690702205,1.3159031220949078,0.644661508323777,0.811369476071735,-1.6503721953052364,0.2147137481058894
1.578044018390694,2.8982397830262334,0.5365659741661444,5.3331991532348155,1.3159031220949078,0.644661508323777,0.7073474516918291,1.3382873692367294,0.2147137481058894
1.578044018390694,2.8982397830262334,0.6994420933981547,5.059828858750914,1.3159031220949078,1.1807496271547429,0.7073474516918291,-1.9084421949480719,0.2147137481058894
1.578044018390694,0.5685201814275122,0.6994420933981547,7.346834707280962,1.5774154330371604,1.1807496271547429,0.7073474516918291,-2.291484747712599,1.791197173518232
1.578044018390694,4.275182993021272,0.6722311385731593,6.52386739528704,0.7456737656192842,1.1807496271547429,0.40947806422085165,-2.291484747712599,1.640885451906077
2.4598137142337317,7.808532504903916,0.6722311385731593,5.568814340593056,0.7456737656192842,-0.5422527295991797,0.40947806422085165,-5.974077209005802,1.640885451906077
1.4060716918597986,0.35893290769758457,0.6722311385731593,5.951949008593029,0.7456737656192842,-0.5422527295991797,0.40947806422085165,-0.36918500721481706,1.135788489258543
1.9348496301823375,0.2678886582388469,0.6954204155607396,1.3244968896975475,0.7456737656192842,-0.5422527295991797,0.40947806422085165,-4.310037217057953,0.2001737871290444
2.0396811008041698,0.8146794062538526,0.6954204155607396,1.3244968896975475,8.36540218729837,-3.179309525804029,0.21932103800869007,3.2035288479446082,1.1843328571216603
2.0396811008041698,0.8146794062538526,0.6950025109381438,1.3244968896975475,0.8866858705408749,-0.7431751145792163,0.2239626790300183,3.2035288479446082,1.1843328571216603
2.0396811008041698,0.6938539603748574,0.6950025109381438,2.7961432391727206,0.8866858705408749,-0.7431751145792163,0.968627243258703,1.7488279133529356,1.1843328571216603
2.0396811008041698,0.6938539603748574,0.6950025109381438,2.7961432391727206,0.8866858705408749,-0.7431751145792163,0.968627243258703,-9.636980329928477,1.1843328571216603
1.3581197914414196,0.30775249788519,0.6950025109381438,2.7961432391727206,0.8866858705408749,-0.7685335816151814,1.3577574948727884,-9.636980329928477,1.1843328571216603
1.3581197914414196,0.30775249788519,0.5550270243986656,0.7401646463412361,2.7326716406919895,-0.33267057858260496,1.3577574948727884,-3.5909359790036133,0.36576990257914804
1.3581197914414196,2.648198268479664,0.5328094348344016,0.7401646463412361,2.7326716406919895,-0.33267057858260496,0.16768165654893524,-2.2086536294686887,0.36576990257914804
0.5640942987500392,0.7769520189257896,0.5736864830584236,0.7401646463412361,2.7326716406919895,-0.33267057858260496,0.23179431659472668,-2.2086536294686887,0.19789870555692327
0.7942686986765768,0.5066191169542102,0.6316336345491794,0.7401646463412361,6.752999321438054,-0.33267057858260496,0.23179431659472668,2.45937731148162,0.19789870555692327
0.8456775945303832,0.20478999059909428,1.049939725439268,2.037339446830511,0.34077121322704595,-0.33267057858260496,0.33502973155767835,2.45937731148162,0.19789870555692327
0.8456775945303832,0.7111596841887181,1.0303168475889986,1.6208098082815896,0.19588232684043153,-0.33267057858260496,4.32802401733203,2.45937731148162,0.19789870555692327
1.933494234492197,2.931276478248948,1.0303168475889986,0.23385823582871623,0.21326856979788375,-0.33267057858260496,4.32802401733203,2.45937731148162,2.5845819244432047
2.089615345177269,2.931276478248948,0.8239711782763062,0.671904927542692,0.6045101560675131,-0.33267057858260496,0.8673903876279785,1.8405805055100322,0.3713232132292174
2.089615345177269,10.257582862910636,0.8239711782763062,0.671904927542692,0.6045101560675131,1.3964352175133856,0.8673903876279785,1.8405805055100322,0.3713232132292174
0.8833687474918797,10.257582862910636,0.7912147444849286,0.671904927542692,0.6045101560675131,1.7700621074506244,1.8429121150660772,1.8405805055100322,0.3713232132292174
0.9170335540019419,3.7674614516356777,0.7912147444849286,0.671904927542692,0.6045101560675131,1.7700621074506244,0.4358968082195912,-1.8847158917622893,0.3713232132292174
1.6514651827180098,3.7674614516356777,0.7912147444849286,2.37961837153639,0.6045101560675131,-3.589537553717526,0.5625205411223763,3.865886735315651,0.3713232132292174
3.2865488313545916,1.5159215744011447,0.7912147444849286,0.6103725650569924,0.3864086124333061,5.207771838085013,1.1607816306365477,3.865886735315651,1.6559062535587359
2.5213023032196467,1.5159215744011447,1.2292925106240207,-3.433041533314534,0.3864086124333061,0.14019588213597078,1.1607816306365477,3.865886735315651,1.6559062535587359
2.9504154489633834,2.0337422956590347,0.7704094032535351,-3.433041533314534,8.57194860628185,0.14019588213597078,0.511947516556463,3.865886735315651,0.5262561426653259
2.9504154489633834,2.0337422956590347,0.7704094032535351,-3.433041533314534,2.7894946550959157,1.65860847261247,0.511947516556463,3.865886735315651,0.820233784852199
2.894473967137206,0.4118708494520063,0.7704094032535351,-3.433041533314534,3.685075079267212,1.0237785101601318,0.511947516556463,3.865886735315651,0.4672725065465197
1.1203856304035271,13.467010025767685,0.6364083937741617,-1.6197031485079727,3.685075079267212,1.0237785101601318,0.511947516556463,3.865886735315651,0.7014917520211161
1.0307537668951747,2.142338504286132,0.7585883383115412,-1.6197031485079727,3.685075079267212,1.0237785101601318,0.511947516556463,2.490794209666035,1.8679345530913518
1.0307537668951747,2.142338504286132,0.7585883383115412,-1.6197031485079727,6.977945434557931,1.0237785101601318,2.6544591420533443,3.4724820091131448,0.9403975427317885
1.0307537668951747,2.142338504286132,0.7585883383115412,-1.6197031485079727,0.23036275167634573,1.0237785101601318,2.6544591420533443,3.4724820091131448,0.9403975427317885
1.0307537668951747,2.142338504286132,0.7585883383115412,-1.6197031485079727,0.23036275167634573,1.0237785101601318,2.458400351570413,3.4724820091131448,1.2324513243543425
1.0307537668951747,2.142338504286132,0.7585883383115412,-1.6197031485079727,0.2500761493568904,5.702443998355209,4.749244020785997,-2.240743809160603,6.892669882498763
1.1242449722632972,2.142338504286132,0.7585883383115412,-2.8212337549560838,0.2500761493568904,5.7075058665286456,4.884970241903828,-0.3328669838265339,1.4412902363369418
1.1242449722632972,3.442899003752124,0.7585883383115412,-0.9935295226107785,0.2500761493568904,5.7075058665286456,3.0333668004716006,-0.3328669838265339,1.4412902363369418
1.1242449722632972,3.442899003752124,0.7585883383115412,-0.9935295226107785,0.2500761493568904,5.7075058665286456,2.4262687430263425,2.291522533676683,1.4412902363369418
3.0285713209020515,1.176208349097635,0.8042652212216376,-0.9935295226107785,1.1260687437350243,7.052621375511183,0.6468935481411566,5.957064789053202,1.0975112238424984
2.8683586809608705,1.176208349097635,0.8042652212216376,-0.9935295226107785,0.35771210595354785,-2.2767012192249485,0.6468935481411566,2.7621780386048997,1.0975112238424984
2.8683586809608705,1.176208349097635,0.8042652212216376,-0.9935295226107785,1.9309170310728445,-4.575443355676294,0.6468935481411566,1.1179444168117696,0.9167525328195403
4.309089576138621,3.698905215752343,0.8042652212216376,-0.9935295226107785,1.9309170310728445,-6.445376020415458,1.683357869002019,1.6054861985834077,0.9167525328195403
2.3153094131254908,3.698905215752343,0.8042652212216376,-0.9935295226107785,1.9309170310728445,-1.4858385432684615,0.7522249108443844,-2.4685899390905996,0.186478983535541
2.582317554730856,3.698905215752343,0.700430647264938,-0.9935295226107785,1.9309170310728445,-5.49213454521157,0.39882893275346876,-2.4685899390905996,0.08257967859035073
3.6534924853872806,3.698905215752343,1.005223451580224,-0.9935295226107785,1.9309170310728445,-5.49213454521157,0.39882893275346876,3.4239270416802468,0.0956613004036983
3.914127732852691,3.698905215752343,0.5627673143452341,-0.9935295226107785,1.9309170310728445,0.7942737058690144,1.329149284933009,3.319774629385197,0.1729244081454841
3.914127732852691,3.698905215752343,0.5627673143452341,-2.929467042878999,1.9309170310728445,1.8092336304008796,1.329149284933009,3.319774629385197,0.1729244081454841
3.914127732852691,3.698905215752343,0.5222498667304168,-2.929467042878999,1.9309170310728445,-1.5907171863973522,0.30752709487586877,10.948839021203199,0.08904385073871199
3.914127732852691,0.8401604228078277,0.6647732310865024,-2.929467042878999,1.9309170310728445,1.4794005632586387,0.4694711708601107,10.948839021203199,0.08904385073871199
3.914127732852691,0.4274466361624565,0.8410241573300054,-4.373041810571226,1.3608586259211917,-2.881372766960518,0.4694711708601107,10.948839021203199,0.08904385073871199
3.914127732852691,0.4274466361624565,0.8410241573300054,3.9644288050790175,1.3608586259211917,4.240195401103015,0.4694711708601107,10.130366286566439,0.08904385073871199
3.914127732852691,1.6416553990569953,0.7159028061406358,9.913235295603542,1.3608586259211917,6.8864011897652855,0.4694711708601107,8.235310265493675,0.08904385073871199
3.914127732852691,18.042348900028294,0.7159028061406358,3.040284760134015,1.3608586259211917,8.584855361832219,0.4694711708601107,8.235310265493675,3.676776438929393
5.705731935525221,2.3855565163634913,0.7159028061406358,1.7927956239587959,1.3608586259211917,7.093292894538349,0.4694711708601107,0.28095260713015335,7.307931834077574
5.705731935525221,2.3855565163634913,0.7159028061406358,3.3130499763900687,1.085124471846288,2.974184650346249,2.3970878656077743,-1.2464452350689461,7.307931834077574
5.705731935525221,2.3855565163634913,0.7159028061406358,4.700217151871026,1.085124471846288,2.974184650346249,1.7988583386956576,-1.2464452350689461,5.517368112480918
3.8793116601213162,57.790425010031406,0.7159028061406358,6.451491266367691,1.085124471846288,2.974184650346249,1.208992955067994,-5.41892100836644,5.517368112480918
3.8793116601213162,57.790425010031406,0.893749014875282,6.451491266367691,1.085124471846288,-0.07673926543188969,4.0559311913231255,3.461295667899546,3.9485736585629674
1.4334621479143792,360.82084109663214,0.8600305606554423,6.451491266367691,1.085124471846288,-0.07673926543188969,0.3438232338685989,-0.17184768957016372,3.9485736585629674
1.4334621479143792,27.19360159942823,0.8600305606554423,-2.227729589711636,1.085124471846288,-0.07673926543188969,0.2338934403828734,-3.161333327060318,3.9485736585629674
1.4334621479143792,17.704075160872936,0.8600305606554423,-2.227729589711636,1.085124471846288,-0.0004611004246850986,0.24505352228760735,-3.161333327060318,3.9485736585629674
2.9636125132557853,10.414877392126817,0.8600305606554423,1.8490536695206643,1.3708458536153887,-5.782602283793956,0.24505352228760735,-3.161333327060318,0.640148076157318
1.1343148415719906,10.414877392126817,0.8600305606554423,1.8490536695206643,1.3708458536153887,-5.782602283793956,0.24505352228760735,-3.161333327060318,1.6669789197591747
1.1343148415719906,10.414877392126817,0.6260105856869533,1.8490536695206643,1.3708458536153887,-3.748429036329685,0.24505352228760735,-4.182890845022643,16.33495760368165
1.1343148415719906,10.414877392126817,0.6260105856869533,1.8490536695206643,2.0849393369892466,-4.29063730889449,1.8781172799035533,-4.182890845022643,0.8902419534405641
1.1343148415719906,29.291148762217368,0.33291077263992097,1.8490536695206643,2.0849393369892466,-4.29063730889449,1.8781172799035533,-2.9933978876362355,0.8902419534405641
1.1343148415719906,1.7392158330262282,0.33291077263992097,1.8490536695206643,2.0849393369892466,-4.29063730889449,2.359125359523216,-0.2721333709351166,2.4360757548045946
1.9123414059597792,12.374968565190498,0.33291077263992097,1.8490536695206643,0.34680968935404904,-4.29063730889449,9.303579928478158,2.88023553407707,2.4360757548045946
0.44042169539601134,12.374968565190498,0.33291077263992097,2.136001320607138,1.6021393496139802,-4.29063730889449,9.303579928478158,2.88023553407707,0.45419821180185355
0.44042169539601134,1.075269170448012,0.12666763457097419,7.545166333240504,1.6021393496139802,-3.871024367451942,12.061157954676347,2.88023553407707,3.1170401096510076
0.44042169539601134,2.5273306264838196,0.1701303881729623,11.354523700363476,1.6021393496139802,2.7935402771606386,12.061157954676347,2.88023553407707,3.147104718364191
0.3571124607312565,0.39967396670594535,0.11682261480625628,-1.5625593159134592,1.6021393496139802,2.7935402771606386,8.688248205438722,3.847818082633821,3.147104718364191
0.5918519053401401,0.39967396670594535,0.23323863176127818,-6.485673206954887,1.6021393496139802,-1.5033521528655536,8.688248205438722,-0.14732034285804207,2.922600109892467
0.5918519053401401,0.39967396670594535,0.11110283050073619,-5.268993791490779,1.6021393496139802,0.4112585556106614,8.688248205438722,-0.14732034285804207,2.922600109892467
0.5918519053401401,2.4361147042888143,0.12219255488271419,-5.268993791490779,1.4535732845931368,-2.5129330120223,8.688248205438722,-0.14732034285804207,0.2313184876529296
0.5918519053401401,2.4361147042888143,0.18330925600644757,-3.356785590061196,0.8000625964902118,-9.269902903233119,8.688248205438722,-0.14732034285804207,0.19783171430763832
0.5918519053401401,1.2258534861733634,0.18330925600644757,4.1113028832323,0.8000625964902118,-9.04435945106521,8.688248205438722,-0.14732034285804207,0.19783171430763832
0.5918519053401401,1.2258534861733634,0.18330925600644757,4.1113028832323,0.8000625964902118,-9.04435945106521,0.25396701411591344,-0.14732034285804207,0.38585784022338704
0.7152505102148423,4.730112354044438,0.18330925600644757,3.2548094192637946,0.8000625964902118,-9.722512151822574,1.3690580704162572,-0.14732034285804207,0.38585784022338704
1.5479709792694305,4.730112354044438,0.18330925600644757,2.098822603919695,0.6655364788864956,-7.523318738640214,1.3690580704162572,-0.14732034285804207,0.38585784022338704
1.5479709792694305,4.730112354044438,0.18969349028821886,-2.815916236737092,0.6655364788864956,-8.944147760641982,1.7719254514194913,1.126015408313782,1.4264359449918984
2.186017800583141,5.084718824428621,0.18969349028821886,-8.917939897171856,5.613434654274544,-3.0989900620975277,0.24698462425173504,1.126015408313782,9.913679327639452
2.186017800583141,5.084718824428621,0.23087149136786395,-3.8436292693939444,4.092435823137496,-1.3314085450803421,0.24698462425173504,1.1337341247302544,26.294472460918705
1.343987518315301,4.832589164744568,0.23087149136786395,2.943045031007812,4.739566936150245,-1.3314085450803421,0.14100140577199669,1.1337341247302544,6.799867774493099
1.343987518315301,4.832589164744568,0.23087149136786395,2.943045031007812,0.37684430111503286,3.450004644645369,0.14100140577199669,1.1337341247302544,6.799867774493099
1.343987518315301,2.426441629290366,0.23087149136786395,2.943045031007812,0.18681327794085642,7.506244725258295,0.14100140577199669,1.1337341247302544,1.7332382594187512
1.4906694565837935,1.2454446513870394,0.23087149136786395,-0.3671273252580751,0.2544825093098385,7.506244725258295,0.14100140577199669,4.884496806726909,1.7332382594187512
1.4906694565837935,1.2454446513870394,0.23087149136786395,4.8229030929314245,0.24524699572882872,6.571399278881115,0.15156898853539083,4.884496806726909,4.690043263449487
1.4906694565837935,1.2454446513870394,0.23087149136786395,-2.565807079129833,0.20726364060228755,10.271810521178088,0.15156898853539083,-3.1754183329678556,4.690043263449487
3.0571395505877295,0.60387564665774,0.23087149136786395,-8.17764695601763,3.466014086392436,11.17775631848086,0.8758214967258504,-7.76380328558152,1.058959791585087
6.328435768359409,0.5733704750242404,0.23087149136786395,-11.483195238233849,3.466014086392436,14.751387813238228,1.1893697736781816,-7.76380328558152,0.5850397747864359
6.328435768359409,15.225429207994786,0.23087149136786395,-6.713177118141652,0.45845119536385165,15.534809450826522,1.1893697736781816,-3.438938276182305,0.5850397747864359
6.328435768359409,15.225429207994786,0.23087149136786395,-8.601527174427801,0.4423807562139738,16.410031168326377,1.1893697736781816,2.1228640435399324,0.5872876163140093
3.4663014449774834,20.984661458550327,0.23087149136786395,-17.640458859869124,0.6452192388413204,18.654525965683106,1.1893697736781816,2.1228640435399324,0.48330620969835003
3.4663014449774834,2.5708019748288224,0.21748074598610082,-14.533779002880252,0.6452192388413204,16.069133419826894,1.1893697736781816,6.12540410835662,0.48330620969835003
3.4663014449774834,0.8691748283740705,0.21748074598610082,-11.743440840139673,2.355525474176973,7.6556845017694055,1.1893697736781816,3.045129770227119,0.17027649839935743
3.8917674905616972,0.8691748283740705,0.21748074598610082,-3.41641062376857,2.355525474176973,11.513091643012803,1.1893697736781816,0.4644919646518595,3.954890209083411
4.196811148047658,4.208739808241388,0.21748074598610082,1.6090126778455671,2.355525474176973,11.212264201787605,2.7570474188973004,0.6247746357018386,0.7744161831265896
3.404647996288373,1.390139080293811,0.297284013918551,5.019059969431854,2.355525474176973,8.001378635995572,2.7570474188973004,7.075818008471563,0.7744161831265896
3.404647996288373,1.390139080293811,0.268824582840636,5.019059969431854,0.8026140736186648,13.61571362436823,3.3530841390359822,12.966855246229109,0.4852908158922148
3.404647996288373,1.390139080293811,0.268824582840636,11.597298584858706,1.1310172851324178,6.3138588636262405,0.7116348053094653,12.43056747778263,0.36230972154214247
3.404647996288373,1.390139080293811,0.268824582840636,14.818945056384415,1.0476195263583514,1.5689798066273903,1.3042026860543001,12.990130473570128,0.36230972154214247
3.404647996288373,1.390139080293811,0.43960187467785616,11.156578055279805,8.453722687719205,-1.2278212894828706,1.3042026860543001,12.990130473570128,0.36230972154214247
3.404647996288373,1.390139080293811,0.6445174772131483,9.26053513083004,1.5526761739771453,-1.2278212894828706,1.3042026860543001,15.870208524036581,0.36230972154214247
3.404647996288373,1.5228123608015878,0.35881354022492573,9.26053513083004,0.3351482226275001,-0.11368118305867037,2.111422953851787,16.526956786372747,0.36230972154214247
1.807862814795092,1.5228123608015878,0.49674603165600295,10.18663043162712,0.3351482226275001,0.2062096904445772,0.7281393385106301,7.766097654720156,0.36230972154214247
2.617456293843793,1.5228123608015878,0.48398007991278064,10.18663043162712,0.16451029232575382,0.2062096904445772,0.7281393385106301,8.924465366875223,0.7338049368893708
2.617456293843793,1.8819798695019445,0.48398007991278064,10.776588072538017,0.32097944859752886,0.2062096904445772,0.4606492567858639,8.924465366875223,0.7338049368893708
2.617456293843793,2.83012346431393,0.48398007991278064,8.772804259240557,0.32097944859752886,0.2062096904445772,0.9710080174549425,5.969232920333906,1.9150723019535056
2.617456293843793,2.83012346431393,0.48398007991278064,15.546542352636877,0.14975811916930545,0.2062096904445772,0.8653507131285373,-5.634983173577237,0.3934759685552029
2.617456293843793,2.418905452132182,0.48398007991278064,15.546542352636877,0.14975811916930545,1.3860416659487096,0.8653507131285373,-6.1050136706664695,0.3934759685552029
5.231524392477026,2.418905452132182,0.5995315234907745,21.326485067711502,0.14975811916930545,4.376448971092997,0.36369602727737793,-6.747959263869289,0.3934759685552029
5.231524392477026,1.2606698934245835,0.5995315234907745,17.419359274030842,0.14975811916930545,-3.870336828377064,0.40474113347540414,-5.682535002220798,0.3934759685552029
4.998598317603169,4.954264142489569,0.5995315234907745,19.032766846577477,0.5910848559701596,-3.870336828377064,0.40474113347540414,-6.531412762401827,1.2042068957582799
4.998598317603169,4.954264142489569,0.5995315234907745,18.333653314697823,0.4466561718738927,-4.699722357112495,0.25160916041483355,-6.531412762401827,8.876908823116596
6.495144368730437,1.7271103270922588,0.5995315234907745,18.333653314697823,3.3342480419449676,-4.699722357112495,0.8835638157223462,-15.047191532781799,9.424270759225593
6.495144368730437,1.7271103270922588,0.5995315234907745,21.7864890716834,5.0316415167229565,-3.26280918364126,0.8835638157223462,-14.500272339992188,3.7250803251420646
6.495144368730437,4.3847766929660175,0.6656687562960713,17.465571500774686,5.0316415167229565,0.5194021802019013,3.8546791036742682,-11.117559940179714,2.1168029792387184
6.495144368730437,4.3847766929660175,0.5769885757317295,9.192860443739852,0.4808398381327079,-0.4805978750200326,3.8546791036742682,-3.7573856866932447,2.1168029792387184
7.879531467067984,56.655879068551386,0.5769885757317295,9.232141367982436,0.7826544068720981,3.1943681681582996,3.8546791036742682,-5.4669916193185495,2.1168029792387184
7.879531467067984,56.655879068551386,0.6851748777380062,22.498858175303177,1.4340158765361894,3.1943681681582996,3.8546791036742682,5.159283059502228,0.25963477302076315
7.879531467067984,56.655879068551386,0.5493071797390449,22.33000496176028,1.4340158765361894,-3.434402922536864,0.7866599552170163,5.016170171257527,0.25963477302076315
7.879531467067984,56.655879068551386,0.5493071797390449,26.55398304819737,1.6782468945124227,7.795921020517405,1.1539567743169195,8.882640846448597,0.2491343595686784
7.879531467067984,56.655879068551386,0.48336201203688617,25.57828363851428,1.6782468945124227,7.8719574270944594,1.1539567743169195,-3.2314470524005046,0.2491343595686784
7.879531467067984,41.83936141691332,0.48336201203688617,22.77384626852797,2.4796865166771727,11.711593247850569,4.8274788676088916,-5.83989290496849,0.13447362855364378
7.879531467067984,0.691431034545102,0.37543499886506376,26.22126025073652,2.914368047793313,14.527339621861756,4.8274788676088916,-5.453614897450491,2.4833132862369354
4.154516033865698,0.691431034545102,0.37543499886506376,24.328300106827808,2.914368047793313,20.776252644038593,4.8274788676088916,-5.269926037751192,2.4833132862369354
4.154516033865698,1.9506864304002476,0.32593494904960835,14.18979749560838,2.914368047793313,17.338921156775744,0.20107783966542314,-6.107986376918571,2.4833132862369354
4.154516033865698,1.9506864304002476,0.4518287866538992,14.17948002953813,1.6957453638272315,6.118613348918023,0.20107783966542314,-7.343531820327512,2.4833132862369354
4.154516033865698,1.9506864304002476,0.35278883826899726,11.450916428213901,0.8475455779087967,3.8400499542085686,0.20107783966542314,-9.274323252599961,0.37599717249213166
2.965370178013188,0.666283936949099,0.35278883826899726,9.488397369562648,0.8475455779087967,3.8400499542085686,0.9058974955468797,-9.912473440799188,0.17901228651811224
3.268359344364423,0.666283936949099,0.35278883826899726,12.753576596813431,2.4042376796727294,8.511044622946926,1.2582205797725212,-3.640948155470711,0.17901228651811224
6.203906524796829,0.666283936949099,0.35278883826899726,8.418420478667038,2.4042376796727294,0.25584855674894413,0.4561042400660171,-3.640948155470711,2.954228240853839
6.203906524796829,0.666283936949099,0.262691001319846,2.867751894171965,2.4042376796727294,-7.311644796590989,0.4561042400660171,0.7571521680867894,2.954228240853839
1.8987613034613937,4.255081451489306,0.3512947117807389,0.7300313549420379,2.4042376796727294,-6.220260656417783,0.556159344466683,0.7571521680867894,2.954228240853839
1.8987613034613937,0.4883061013951315,0.24116360188060984,0.7300313549420379,2.4042376796727294,-3.7507424471548614,1.2724089675578538,-1.5731138401639448,2.954228240853839
1.4238949983102618,0.9318703029273899,0.315644367340569,-1.722904868623648,8.875039883392933,-3.7507424471548614,1.2724089675578538,-1.5731138401639448,0.3734917473484328
1.4238949983102618,0.9318703029273899,0.33979445262391983,0.6169795600264565,6.679492604725696,-7.11134854716629,1.2724089675578538,-1.5731138401639448,2.626603369172069
1.4238949983102618,0.9318703029273899,0.318378845266341,0.6169795600264565,6.679492604725696,-9.086283422393201,0.12834601919273195,-4.4073550497037,2.626603369172069
1.7706171472050263,0.9318703029273899,0.28656407365695663,0.3266422068951647,3.864120552784016,-9.086283422393201,0.12834601919273195,-4.4073550497037,2.626603369172069
0.7961615389731058,0.9318703029273899,0.28656407365695663,0.3266422068951647,3.864120552784016,-9.086283422393201,0.056798973447068406,-4.4073550497037,1.17069222207558
1.9301259688645027,0.9318703029273899,0.22598690375788905,0.3266422068951647,3.864120552784016,-8.72938687386974,0.056798973447068406,6.384227783662267,0.6528090839215935
1.9301259688645027,0.9318703029273899,0.22598690375788905,0.3266422068951647,3.864120552784016,-0.7366983761871344,0.044086449069423994,1.6667217415317044,0.6528090839215935
1.9301259688645027,0.9318703029273899,0.22598690375788905,0.3266422068951647,3.864120552784016,-5.194476577455148,0.044086449069423994,1.6667217415317044,0.8384336900072564
1.9301259688645027,0.9318703029273899,0.22598690375788905,0.3266422068951647,0.25215586874863555,-7.177639336526324,0.044086449069423994,-6.222443851733219,0.8384336900072564
1.9301259688645027,0.9318703029273899,0.39021499198520243,0.3266422068951647,0.25215586874863555,-6.181941298512494,0.10776506110614992,-7.095526046698923,0.975547407774834
1.9301259688645027,0.9318703029273899,0.39021499198520243,2.604342929359352,0.33343332022488736,-6.181941298512494,0.10776506110614992,-7.095526046698923,5.064430527522648
2.7380503054701104,1.1031100384440353,0.5339126863053422,2.604342929359352,0.33343332022488736,-6.304836036672702,0.10776506110614992,-7.095526046698923,1.4491300218372862
2.7380503054701104,1.1031100384440353,0.5339126863053422,2.604342929359352,0.33343332022488736,1.171420948181252,0.580292697292707,0.36855822723414544,1.4491300218372862
3.622531749916659,2.291794599625661,0.5339126863053422,3.0034370564142847,0.33343332022488736,-1.1896788344106177,0.7226621163018294,-0.44609200069000055,3.4478974086982426
3.622531749916659,0.9204938366107561,0.5339126863053422,-2.407192355854165,0.3892347149462832,2.682432197266021,1.368724869725731,-0.44609200069000055,3.7564852868732865
2.9781764278813188,0.9204938366107561,0.5339126863053422,-2.821180085263828,0.5030283839622021,2.7554948371728583,1.368724869725731,-0.44609200069000055,3.7564852868732865
0.8848867132997603,0.7990760292563636,0.5108596646405931,-2.4169657943012104,1.8322860338035971,2.7554948371728583,1.368724869725731,-0.44609200069000055,3.7564852868732865
0.8848867132997603,0.7990760292563636,0.5108596646405931,-2.4169657943012104,3.8970423473825795,2.7554948371728583,0.572849454036643,0.1946704188821703,0.8706800633628125
0.8848867132997603,0.7990760292563636,0.5081052427874291,-2.4169657943012104,0.6765862507046339,2.7554948371728583,0.3183068758698724,-3.0051898344264343,0.8706800633628125
1.200702303129411,0.9032569640602488,0.5081052427874291,-4.339758180026319,2.38640949800406,5.840809018128367,4.646584220655244,-3.0051898344264343,0.9727809361766253
1.732748206160177,0.9032569640602488,0.5081052427874291,-6.741838958858522,2.38640949800406,5.840809018128367,5.042304713407776,-3.0051898344264343,0.9727809361766253
1.732748206160177,0.9032569640602488,0.6082630566465452,-2.263188242572073,1.1574056468793434,5.840809018128367,0.6570801296959806,4.450938064850035,0.9727809361766253
2.8682642440351622,0.9032569640602488,0.7975958224166075,-2.263188242572073,1.1574056468793434,5.840809018128367,0.7090071327747973,5.767934270794096,0.9164282617227174
3.1012505779664377,5.499514071245713,0.7975958224166075,5.511998568063204,1.1574056468793434,5.840809018128367,1.0637212639020428,4.306266006371563,0.9164282617227174
3.23747907526581,0.1583434853840126,0.7360490214150721,11.021423003670407,1.1574056468793434,5.17539117857044,1.0637212639020428,-2.3379129199941007,1.9441719678226972
9.895843495127876,0.36425177088520455,0.6164071030220116,3.303645708137581,1.1574056468793434,3.9348665795226996,1.9033882328137128,2.0569768792327014,1.9441719678226972
9.895843495127876,2.3241132120072763,0.6164071030220116,4.416628009711649,0.2792213315818869,5.976310633093613,1.9033882328137128,-4.138944141769527,0.9737982474395362
2.857761954830505,2.3241132120072763,0.6164071030220116,4.08867177504752,2.548718962619987,5.976310633093613,1.2458677322376106,1.997456509925958,0.7611415835200132
2.857761954830505,0.3630428489251105,0.7198232048438644,4.08867177504752,1.379590103234489,1.4330235946838448,1.2458677322376106,1.997456509925958,0.7611415835200132
2.0233359486455265,0.3630428489251105,0.7198232048438644,-3.2670796429918942,0.4156861242942979,1.4330235946838448,1.2458677322376106,0.9289330268426839,0.7611415835200132
2.0233359486455265,0.9450311412492327,0.7198232048438644,-3.2670796429918942,0.4156861242942979,-0.8033756296443366,1.2458677322376106,-3.302650535402331,0.7611415835200132
3.1138050583718875,0.9450311412492327,0.7198232048438644,-3.2670796429918942,0.4156861242942979,1.4699699716023704,0.1431413862813058,-3.7495094245579326,0.7611415835200132
1.7895286111373483,1.0780733703039003,0.7198232048438644,3.5339355695534156,0.4156861242942979,6.118486599494753,0.1431413862813058,-2.960721754205665,0.7611415835200132
1.7895286111373483,0.487019495905147,0.7198232048438644,2.1586050042872555,2.870077956245076,1.9043081809899167,0.4082090548627211,-5.732168282295003,0.12587255548906606
1.7895286111373483,2.5985620040679485,0.7198232048438644,-4.24594927270907,2.870077956245076,-2.985452129557407,0.4082090548627211,-5.732168282295003,0.19020010943881316
1.678713963040572,2.5985620040679485,0.7198232048438644,-3.601342574214253,2.870077956245076,-2.985452129557407,0.38404469928009655,4.653068074567507,0.19020010943881316
1.5115283027652524,0.2562110602935311,0.7198232048438644,-0.15794732902859376,4.133825132616535,-2.815976373682105,0.4002037189844354,4.653068074567507,0.7637922478372124
1.74451159006805,2.015106968850261,0.7262116360450734,1.2784257867630708,1.5876250831308514,-2.738498505581738,0.4002037189844354,4.23342615637531,0.7637922478372124
1.74451159006805,2.015106968850261,0.6281114495487644,1.2784257867630708,1.5876250831308514,-2.738498505581738,0.4002037189844354,-5.303569143951772,0.7714868078327627
1.74451159006805,2.015106968850261,0.5073960808296829,-3.9955996036205415,1.5876250831308514,-2.738498505581738,0.4002037189844354,-5.303569143951772,0.7714868078327627
1.74451159006805,2.015106968850261,0.5073960808296829,-3.9955996036205415,1.5876250831308514,-2.5294682326364355,2.5862575365657565,-5.184123344509001,0.7714868078327627
1.74451159006805,2.015106968850261,0.45260663741438456,-3.9955996036205415,1.1376589987635712,-2.4568993767607252,0.6337361733007943,-5.184123344509001,0.7714868078327627
4.369603411300181,2.015106968850261,0.45260663741438456,-4.831771972306678,1.1376589987635712,0.7738204632185304,0.6337361733007943,-3.893576333487217,0.5790521141836005
1.2826887182546836,2.015106968850261,0.8000494657778627,-5.2186195757712905,1.47471378396256,0.7738204632185304,2.0358031485862806,-2.9768838770610406,0.5797805511200113
1.2826887182546836,5.230444825964485,0.8000494657778627,-2.3852878983559695,1.291521751053793,0.7738204632185304,1.656982058753133,-2.9768838770610406,0.5797805511200113
1.2826887182546836,5.230444825964485,0.8000494657778627,-2.3852878983559695,1.6325894876537648,0.7738204632185304,1.656982058753133,-2.9768838770610406,0.5797805511200113
1.2826887182546836,7.1521206667072805,0.8000494657778627,-2.3852878983559695,1.6325894876537648,0.7738204632185304,1.9323722806228922,-2.9768838770610406,0.5797805511200113
1.2826887182546836,0.7813782122048946,0.7783116100256472,-2.3852878983559695,1.6325894876537648,0.7738204632185304,3.419959839452072,-2.9768838770610406,0.5797805511200113
1.8534396112675713,0.7813782122048946,1.31209582936538,-2.3852878983559695,1.6325894876537648,0.7738204632185304,3.419959839452072,-2.9768838770610406,0.8723822405522438
1.8534396112675713,1.325180639580734,1.31209582936538,-2.9499694095621183,0.7109334015031257,2.787381546951103,3.419959839452072,0.18083914612751695,0.671446108946247
1.8534396112675713,2.0224053380626583,0.9564900438533817,0.47903754651310493,1.892621679318579,2.787381546951103,5.220051206874569,0.18083914612751695,0.671446108946247
1.4765779075171386,2.0224053380626583,0.8520328764194536,0.47903754651310493,1.1127993084860437,-1.102479956924458,3.0607767782816415,0.18083914612751695,0.671446108946247
1.4765779075171386,2.0224053380626583,0.6541782706446219,0.47903754651310493,1.1127993084860437,-1.102479956924458,3.0607767782816415,0.18083914612751695,0.671446108946247
0.7216293519301668,2.0224053380626583,0.6787932971569087,0.47903754651310493,0.9375851840443362,-1.102479956924458,8.512618169443721,0.18083914612751695,1.3430428947203437
0.8312462140948292,2.0224053380626583,1.2057902560215503,0.47903754651310493,1.5929916444954995,-1.102479956924458,0.338076633555652,0.7185055784714728,1.6233339217048506
0.8312462140948292,30.09276881770948,1.2057902560215503,0.47903754651310493,1.5929916444954995,-1.102479956924458,0.338076633555652,0.7185055784714728,1.6233339217048506
0.8312462140948292,15.084524259496307,1.0481844473537911,0.47903754651310493,1.8910209916953522,-1.102479956924458,0.21517693416586878,0.7185055784714728,0.6603164868896564
0.8312462140948292,5.074769050762901,1.0481844473537911,0.47903754651310493,1.8910209916953522,0.8262397198661589,0.21517693416586878,0.7185055784714728,0.6025918741289812
0.8312462140948292,2.0862807903895013,1.0481844473537911,0.47903754651310493,1.8910209916953522,0.8262397198661589,1.5110984933169316,0.7185055784714728,0.27674524333582917
0.6507787927070685,2.0862807903895013,0.7215758872093749,0.47903754651310493,2.1146303218021836,0.8262397198661589,0.3449985780145251,0.7185055784714728,0.27674524333582917
1.793213243987615,0.251041802418582,1.3529591545076989,-0.04314399148935599,0.8778902849145498,0.8262397198661589,0.26520193466606273,0.7185055784714728,0.27674524333582917
1.5361880500435767,0.8673424704001946,0.8405826799880333,-0.04314399148935599,0.8778902849145498,0.8262397198661589,0.26520193466606273,0.7185055784714728,0.27674524333582917
1.587851122395103,0.8673424704001946,0.8745400028033842,-0.6897476391250055,0.3219956080171153,0.8262397198661589,0.26520193466606273,0.7185055784714728,0.27674524333582917
2.3740879819282323,0.8673424704001946,0.8745400028033842,-0.6897476391250055,0.3219956080171153,-1.6791032144631837,0.26520193466606273,0.7185055784714728,0.27674524333582917
1.6163285815567665,0.8673424704001946,0.8356195060025632,-0.6897476391250055,0.3219956080171153,-1.6791032144631837,0.26520193466606273,0.7185055784714728,0.3041389434822712
1.6163285815567665,0.8673424704001946,0.554900421053244,-0.6897476391250055,0.8450948384408098,-1.6791032144631837,0.33355543262460347,0.7185055784714728,0.3041389434822712
1.6163285815567665,1.448654474573758,0.6295555917715623,-0.6897476391250055,0.5989314869380236,1.5155044436168637,0.33355543262460347,1.7509866939384144,0.9324963517594221
1.1800380127094912,1.448654474573758,0.7133096516283123,-0.6897476391250055,1.087067402498215,1.5155044436168637,0.33355543262460347,1.7509866939384144,1.5110828162052752
1.1800380127094912,1.448654474573758,0.6991144706252603,-0.6897476391250055,1.087067402498215,1.5155044436168637,1.2178572357330886,1.7509866939384144,0.682429081764866
1.1800380127094912,1.448654474573758,0.6991144706252603,0.17461084864286647,0.6729907283196431,1.5155044436168637,1.005693554929823,1.4663256396895914,1.709937995955412
1.1800380127094912,1.448654474573758,0.5778721487382241,0.17461084864286647,0.6729907283196431,0.23014274302981708,1.005693554929823,1.505614901286467,3.343872710630916
1.1800380127094912,1.448654474573758,0.5778721487382241,0.17461084864286647,0.16247249165383001,1.1547794989203006,2.3066906073678926,3.382868102331992,0.39876831197005946
0.8526209031752635,1.448654474573758,0.5356228965507607,-0.007637846429639578,0.8174834936066504,1.1547794989203006,2.3066906073678926,3.382868102331992,3.5224068479633037
0.8526209031752635,1.448654474573758,0.5379320090947654,-0.007637846429639578,0.8174834936066504,1.279947031853607,2.3066906073678926,3.382868102331992,3.5224068479633037
1.6171372151266774,1.448654474573758,0.5379320090947654,-0.007637846429639578,0.8174834936066504,-0.18981075977701467,2.3066906073678926,-2.397489304758386,3.5224068479633037
0.3471906562837354,1.448654474573758,0.5379320090947654,-0.007637846429639578,0.8174834936066504,-0.18981075977701467,2.3066906073678926,-2.397489304758386,3.5224068479633037
0.3471906562837354,1.448654474573758,0.49638386983363064,-0.007637846429639578,0.8174834936066504,-0.18981075977701467,0.8752137373920618,-2.397489304758386,3.5224068479633037
0.3471906562837354,0.41650013304010086,0.49638386983363064,-0.11905473977325326,0.8174834936066504,-0.18981075977701467,0.8752137373920618,-2.397489304758386,0.36750899877766646
0.3471906562837354,39.4770096731259,0.49638386983363064,-0.11905473977325326,0.48576635709617577,-0.18981075977701467,1.2791857781900857,-1.2403633771386255,1.6897109186559827
0.3471906562837354,277.7596585571422,0.49638386983363064,-0.11905473977325326,0.48576635709617577,-0.18981075977701467,1.64264959664388,-1.2403633771386255,1.6897109186559827
0.389524627398569,277.7596585571422,0.49638386983363064,-0.11905473977325326,0.48576635709617577,-0.18981075977701467,1.64264959664388,-1.2403633771386255,2.750495298510322
0.389524627398569,277.7596585571422,0.675828456208389,-0.11905473977325326,0.48576635709617577,-0.18981075977701467,1.8640234004372798,-1.2403633771386255,2.750495298510322
0.4779612434472411,277.7596585571422,0.675828456208389,-0.11905473977325326,0.48576635709617577,-0.18981075977701467,1.8032420024963647,-1.2403633771386255,0.9888006525317925
0.4779612434472411,231.54012282804544,0.8972639830877667,-0.11905473977325326,0.48576635709617577,-0.18981075977701467,1.8032420024963647,0.24204484445894425,1.5235853543323152
0.4779612434472411,54.24713432668319,0.8972639830877667,-0.11905473977325326,1.1281440521497001,-0.18981075977701467,2.388612780601785,0.24204484445894425,1.4765004903695962
0.4779612434472411,100.99403478330291,0.8977053950771082,-0.11905473977325326,1.1281440521497001,-0.18981075977701467,2.388612780601785,0.24204484445894425,0.6876101521492423
0.4779612434472411,62.769331180673106,0.8977053950771082,-0.11905473977325326,1.1281440521497001,-0.18981075977701467,2.388612780601785,0.24204484445894425,0.7485852234102172
0.6462730158796597,40.436893556097324,0.907528543381516,-0.11905473977325326,1.1281440521497001,-0.18981075977701467,2.388612780601785,0.24204484445894425,1.544377148286109
0.80988196684776,40.436893556097324,0.907528543381516,-0.11905473977325326,1.1281440521497001,1.1165761931874765,2.388612780601785,2.463998135169226,1.1939272516900346
0.80988196684776,32.927663007861874,0.8634152462557461,-0.11905473977325326,1.1281440521497001,1.1165761931874765,2.388612780601785,0.8097744233877913,1.425868553380491
0.5698462632701826,32.927663007861874,0.8634152462557461,-0.11905473977325326,1.1281440521497001,1.1165761931874765,1.6848100260169876,1.0876475396306762,1.425868553380491
1.2018375182879775,1.4997109159598931,0.8634152462557461,-0.11905473977325326,0.5273996391018949,1.1165761931874765,0.4858493075148159,1.0876475396306762,0.9772215664484766
1.2018375182879775,1.4997109159598931,0.787804364697558,-0.11905473977325326,0.673450795347225,0.8143440835377262,0.4858493075148159,1.0876475396306762,0.9772215664484766
1.1588574507693898,1.4997109159598931,0.7199236201729836,0.41856563882614656,0.7842628678218491,0.5722884386980731,0.4858493075148159,1.0876475396306762,0.6671943293693353
0.5157770341856107,1.4997109159598931,0.5295435546219894,0.41856563882614656,1.8698304405222739,0.5722884386980731,0.4858493075148159,0.3883574950112877,0.6671943293693353
0.5157770341856107,7.113608140924165,0.5295435546219894,0.41856563882614656,1.8698304405222739,0.5722884386980731,1.4904486048757613,-1.1374108865779746,1.8136762643592592
0.33926104554179953,0.3564302591135481,0.5295435546219894,0.41856563882614656,0.8103301270456121,0.5722884386980731,1.4904486048757613,-1.1374108865779746,1.8136762643592592
0.33926104554179953,0.3564302591135481,0.6936634028262622,0.41856563882614656,4.43598554110646,0.5722884386980731,0.4178616218056566,-1.1374108865779746,1.8136762643592592
0.33926104554179953,0.3564302591135481,0.7132102408501658,-0.9041729049082721,4.43598554110646,0.5722884386980731,1.3631910202077082,-1.1374108865779746,1.6871853369313163
0.33926104554179953,0.3564302591135481,0.4211588237808885,-0.9439848902695291,0.5770970149077872,0.5722884386980731,1.0509760222382154,-1.1374108865779746,1.6871853369313163
0.4517231773480491,0.969929276273246,0.4211588237808885,-0.9439848902695291,0.5636495896303323,0.5722884386980731,1.0509760222382154,-1.1374108865779746,1.6871853369313163
0.4517231773480491,0.969929276273246,0.4211588237808885,-1.7049761424900067,0.5636495896303323,0.5722884386980731,1.0509760222382154,-1.264174918237976,1.6871853369313163
0.4517231773480491,11.773582351438677,0.30360326604535404,1.2786610887948218,0.5636495896303323,0.5722884386980731,1.0509760222382154,-1.264174918237976,1.5566997302786572
0.4517231773480491,4.9086792888026425,0.44875531384461353,-0.6624540998579582,3.026230966898607,0.5722884386980731,3.492059920010731,-1.264174918237976,0.29990087287492084
1.3248248752379774,2.7098443621929422,0.44875531384461353,1.1200235076628953,1.4043200463798107,0.2821474322064595,3.32903410990741,2.860838312075675,0.9993506754354455
0.9748863240367042,2.7098443621929422,0.44875531384461353,1.8311870565492858,1.4043200463798107,0.2821474322064595,3.32903410990741,4.230169778932276,0.9993506754354455
0.7569808154063234,2.7098443621929422,0.44875531384461353,1.8311870565492858,0.22781248203147123,0.2821474322064595,3.1223571292966796,3.3244054101754754,0.9993506754354455
0.7569808154063234,2.7098443621929422,0.5259856247072401,-0.03400826181286409,1.3141853196735689,0.2821474322064595,3.1223571292966796,3.3244054101754754,0.26098728657070525
0.7569808154063234,2.7098443621929422,0.5259856247072401,-0.03400826181286409,0.9489121744777858,0.2821474322064595,0.9655914071768876,3.3244054101754754,0.26098728657070525
0.6083835183568457,2.7098443621929422,0.3426171583489857,-0.03400826181286409,0.9489121744777858,0.2821474322064595,1.0197485935395816,3.866192903731259,0.26098728657070525
0.6083835183568457,67.85000494491497,0.3426171583489857,-0.03400826181286409,0.9489121744777858,0.2821474322064595,1.0197485935395816,3.866192903731259,0.26098728657070525
0.6083835183568457,1.6930559606187392,0.7287487522888121,-0.03400826181286409,0.9489121744777858,0.2821474322064595,1.0197485935395816,3.866192903731259,0.26098728657070525
0.5963074158185685,0.8760363085946868,0.5645614278629314,-0.03400826181286409,0.848553088866593,0.2821474322064595,1.0197485935395816,-3.234096035176256,0.6990713132103016
0.3966527083877948,0.8760363085946868,0.41567771639864176,-0.03400826181286409,1.9649460585616196,0.2821474322064595,1.0197485935395816,-3.234096035176256,0.9134277438096602
0.6342062000017856,0.8760363085946868,0.45847591212263583,-0.03400826181286409,2.6753468344040185,0.2821474322064595,1.335636093839758,-5.341999127247857,0.9134277438096602
0.9214754864719622,0.47105062406646436,0.45847591212263583,2.638250538856161,1.9174748412905491,0.2821474322064595,2.381884498511467,-5.341999127247857,0.9134277438096602
1.5258294826360468,0.47105062406646436,0.3021535505406941,-2.0262832204681898,1.9174748412905491,6.824315539685967,0.4847414962087842,3.3455038493860654,0.9134277438096602
1.8354677398083163,0.47105062406646436,0.6089718023224913,-4.494836921205126,2.7369543226560182,8.254179276870312,0.5069760356980604,4.736625117435642,0.21717992483987208
1.8354677398083163,0.47105062406646436,0.6089718023224913,-1.912949148856903,1.0233891442507452,7.896389976250991,1.073586303037449,4.736625117435642,0.21717992483987208
1.8354677398083163,1.5007238708692314,0.6089718023224913,-1.912949148856903,1.0233891442507452,9.544283881824404,1.073586303037449,1.9957397280963272,0.46983158488571725
1.8354677398083163,1.5007238708692314,0.545325838817401,-1.576137831493624,1.0233891442507452,8.48273520817902,0.9209296762686081,1.9957397280963272,1.1383576785393914
1.8354677398083163,0.7669438935156199,0.5307380687018597,-1.576137831493624,1.398833781365951,2.6345619644753437,0.9209296762686081,1.9957397280963272,1.1383576785393914
1.8354677398083163,0.7669438935156199,0.5962781575666634,-1.576137831493624,1.398833781365951,2.992334828800129,0.9209296762686081,1.8893527692279706,1.1383576785393914
2.0760089693832664,0.5995685033415878,0.5962781575666634,-1.576137831493624,1.398833781365951,2.992334828800129,0.9209296762686081,1.8893527692279706,1.1383576785393914
2.0760089693832664,0.5995685033415878,0.5962781575666634,-1.576137831493624,1.398833781365951,-0.8010946695636219,1.7168796230022743,1.8893527692279706,0.4719968759333989
2.0760089693832664,1.2255596796173698,0.5962781575666634,-1.576137831493624,1.398833781365951,11.226109106692686,1.5936738294727812,1.8893527692279706,0.4719968759333989
2.0760089693832664,1.2255596796173698,0.5962781575666634,-1.576137831493624,3.3469933407813497,11.226109106692686,2.4794058208101197,1.8893527692279706,0.4719968759333989
2.0760089693832664,1.2255596796173698,0.45838521254450587,-0.6621145543513332,3.3469933407813497,9.041457926952123,0.9402755123093397,1.436810204172145,0.4719968759333989
2.0760089693832664,1.2255596796173698,0.41638287709202393,7.054888486277946,5.738557778959871,0.23444722475456814,0.9402755123093397,-3.7399223206774788,0.4719968759333989
2.0760089693832664,1.2255596796173698,0.41638287709202393,4.024792566229909,0.5994915725791904,-1.2519326004533864,0.574036088634719,4.990143584857831,2.331519280911758
2.0760089693832664,0.3958430290153581,0.5163819863776802,-4.312947473993791,1.4101259130130444,-1.2519326004533864,0.574036088634719,-4.445906908152475,0.11532923567675679
2.0760089693832664,0.3958430290153581,0.5163819863776802,-6.532020401313735,1.4101259130130444,-1.7928111375984432,0.3877413426987789,-1.0817865869284806,0.10364183657886084
2.0760089693832664,2.686808055152496,0.5132232522343496,-6.532020401313735,1.4101259130130444,-1.7928111375984432,0.3877413426987789,-0.581864647490103,0.14190912226136612
2.0760089693832664,2.686808055152496,0.6593181114315625,-6.532020401313735,1.4101259130130444,-1.7928111375984432,0.3877413426987789,-0.581864647490103,0.14190912226136612
2.0760089693832664,2.686808055152496,0.6593181114315625,-6.532020401313735,1.132728933506642,-4.135257804605447,0.3468782344288345,-0.581864647490103,0.14190912226136612
2.0760089693832664,2.686808055152496,0.6593181114315625,-3.62139796479594,0.6070111550502686,-3.8681789584251245,0.6044127848242927,1.1826852030913955,0.14190912226136612
2.0760089693832664,0.52676089327092,0.6593181114315625,3.509115266980486,0.6070111550502686,-1.8895023965734041,0.1931925982478275,1.1826852030913955,0.14190912226136612
2.884824863431612,0.52676089327092,0.8253542778286918,3.509115266980486,0.6070111550502686,-1.8895023965734041,0.1001939718473188,1.1826852030913955,0.562633385335449
2.884824863431612,0.52676089327092,0.9101102163282238,3.509115266980486,0.42448552017908364,-2.6950204341954533,0.2583072985679237,1.2125042807253688,0.6140549724316737
3.121079647671586,0.52676089327092,0.9101102163282238,3.509115266980486,0.8495000724497715,-1.1449292026937785,0.2583072985679237,0.15397763180040225,0.6140549724316737
2.8671241515047194,0.52676089327092,0.9101102163282238,3.509115266980486,0.8495000724497715,-1.1449292026937785,0.41260496968625626,0.15397763180040225,0.6140549724316737
2.8671241515047194,0.9570025385562339,0.9101102163282238,3.509115266980486,1.2138545146689976,-1.1449292026937785,0.41260496968625626,0.15397763180040225,0.6140549724316737
2.8671241515047194,0.38742750012946375,1.2320031068511914,5.082426913272298,6.7703453434514795,-1.1449292026937785,2.484997972107806,0.15397763180040225,0.6140549724316737
3.5450265422591767,0.9491825608089118,0.6738742414670643,-2.399115471994694,1.2498824366368066,-1.1449292026937785,0.12569428069450608,0.15397763180040225,1.4272157813078188
2.587941382791965,1.5800662166422355,0.6133081538793522,-0.21454709089126967,1.2498824366368066,-1.1449292026937785,1.575736527933946,0.15397763180040225,1.4272157813078188
2.587941382791965,1.5800662166422355,0.6133081538793522,-3.045407570014985,1.2498824366368066,-1.1449292026937785,1.575736527933946,0.4102332273986057,1.4272157813078188
2.587941382791965,1.5800662166422355,0.6133081538793522,-3.045407570014985,0.2037416660771981,1.4211906275737283,1.7965238613539087,0.4102332273986057,1.6980440352491013
2.829654363024391,1.5800662166422355,0.6133081538793522,-3.045407570014985,4.684310885488611,-7.552438939897793,1.2062344158451797,1.7433212828711695,0.8647898573858487
2.446842345164804,10.493101949692178,0.6133081538793522,-9.602616732075656,0.4158740672702748,-0.07015028495947995,1.2062344158451797,7.27828705341631,0.2548347495623643
2.3870146941966635,7.912573514706091,0.6133081538793522,-3.8338832232629585,1.4120533563286823,-2.3629359513086285,1.2062344158451797,11.0998579921922,0.45541838313328764
2.3870146941966635,7.912573514706091,0.4054251958452278,0.608547245415533,1.4120533563286823,-9.51114907261799,0.5950046506540432,3.1912008680461454,3.923186131833488
0.9097781939349237,7.912573514706091,0.34752033974351926,5.3951352405993465,1.0859794116368755,-9.51114907261799,0.5950046506540432,-2.384055062928626,3.8623301765016262
2.2333212588714377,1.6095360019852305,0.34752033974351926,6.4026458453298725,2.319822439028834,-15.38331195845774,1.8567981951665786,-3.1134804971173224,1.1289626756566586
2.2333212588714377,1.364863739696298,0.34752033974351926,9.41421040009781,2.319822439028834,-15.38331195845774,0.9034567528020816,1.5721972832355675,1.0693605816398235
3.13601886497151,1.364863739696298,0.34752033974351926,10.545481017093318,2.319822439028834,-15.134241262259193,1.413212112729266,1.5721972832355675,0.24060811014451564
3.5640767859609976,1.364863739696298,0.8714172911808906,-1.4690902157505636,0.16662793688332295,-15.134241262259193,1.413212112729266,-4.56745490519506,0.24060811014451564
5.9140263427700575,1.364863739696298,0.4298590385223391,-5.652070340140185,0.16662793688332295,-13.595480671270142,3.487878211591848,-2.8582879105368884,0.26786235125378827
6.459200235798209,0.6026999499552158,0.4298590385223391,1.4070265842984178,0.22220890828649706,-11.289796671273848,8.898713535636965,1.487335080790495,0.5289485355707203
6.459200235798209,1.1883876082927314,0.4298590385223391,6.596944940873675,0.22220890828649706,-4.259106238554597,8.898713535636965,-4.172562951011518,0.5289485355707203
6.459200235798209,38.164893468023834,0.7116912878141798,3.302240515305269,0.22220890828649706,-12.131514434126856,8.898713535636965,-12.217564329517476,1.2307787979336078
6.459200235798209,0.20047102639000264,0.6292647557846145,6.687183853113498,0.3208502525799932,-12.131514434126856,7.59322974945508,-7.872412184234236,1.2307787979336078
6.459200235798209,0.6024840854866553,0.7530224485016772,6.687183853113498,0.050621743581030144,-13.771794328665315,7.59322974945508,-7.27078316620239,0.3518372021507615
6.459200235798209,0.828146339873791,1.0131752164795595,6.919840766413458,0.050621743581030144,-14.207209591298023,7.59322974945508,3.21025942513646,0.3754968741656284
6.459200235798209,0.828146339873791,0.5467607238389878,6.919840766413458,1.1610839093033418,-14.207209591298023,7.59322974945508,12.0440835459086,0.3754968741656284
6.459200235798209,6.124637386402816,0.5467607238389878,6.919840766413458,1.1610839093033418,-15.413821299516712,1.9768597976864686,11.329589768603835,2.503555868210157
12.999687930664406,6.124637386402816,0.6146964824176676,7.935582974675148,1.1610839093033418,-8.625553102809427,0.6866840509499177,9.783343407244288,2.503555868210157
12.999687930664406,6.124637386402816,0.7117575848551729,4.020666107911458,1.1610839093033418,-10.078784367665468,0.7389172758798802,9.783343407244288,2.503555868210157
12.999687930664406,2.9255012555239057,0.7117575848551729,-2.192929286721861,1.1610839093033418,-7.739855757221255,0.7389172758798802,3.760011047741731,0.9990847825653503
6.776897467158637,8.210312479520303,0.7117575848551729,-2.192929286721861,1.1610839093033418,-2.289163389115024,1.7503799197752103,12.915258085295381,0.9990847825653503
6.776897467158637,9.562718035617559,0.671255712109943,-1.6708307561365834,1.0610859551501075,-3.3961530264076476,0.48516030661605897,12.445677305298249,0.9990847825653503
5.331804505541265,9.562718035617559,0.671255712109943,-5.875182774254275,1.0610859551501075,-10.687393778343319,0.35045591796579556,9.771711929773277,0.9990847825653503
3.273304829841946,1.0123026810062807,0.671255712109943,-6.116349761474761,1.0610859551501075,-10.687393778343319,0.35045591796579556,13.784252245884328,0.9990847825653503
3.273304829841946,1.0123026810062807,0.671255712109943,-2.8972043791347057,1.0610859551501075,-10.687393778343319,0.35045591796579556,13.887445951489676,0.9990847825653503
3.273304829841946,0.5098907187066123,0.540005546357005,0.3994421611121566,0.3312173032707012,-9.545413669037078,0.35045591796579556,13.887445951489676,1.927715827301912
3.273304829841946,0.5098907187066123,0.540005546357005,2.835459454080993,4.568123701083088,-6.701089274379227,0.35045591796579556,13.887445951489676,0.266806386492591
3.273304829841946,0.4939128628743263,0.540005546357005,4.210611992484974,1.9775963154508112,-12.768991693529692,2.6481987733800216,6.481870098245086,0.9978663417376298
3.273304829841946,0.4939128628743263,0.540005546357005,0.5063242666395924,1.9775963154508112,-11.33272074240852,2.6481987733800216,-2.957882644861918,0.9978663417376298
3.273304829841946,1.6338343086530855,0.509097255357678,0.7855437849387557,1.9775963154508112,-14.726109076376332,3.176003044561371,-2.957882644861918,0.9978663417376298
2.667853221521554,4.872089065478777,0.4605819366434317,3.9753612078385077,1.9775963154508112,-19.097346129157962,3.176003044561371,-2.957882644861918,0.9978663417376298
7.222745038884676,1.1022842574816527,0.4605819366434317,3.3865225106557584,1.9775963154508112,-20.887917105810363,3.176003044561371,-9.06308164750763,0.8219780644543905
6.316186384825318,2.411590136852733,0.4605819366434317,6.349991575762537,1.9775963154508112,-10.04901907655141,1.6134448487989836,-8.028351103871257,0.8219780644543905
1.8424628639041893,2.411590136852733,0.4605819366434317,6.349991575762537,3.4642335138674096,-6.948263181367655,1.1722465696012003,9.506505383829522,0.8219780644543905
1.8424628639041893,2.411590136852733,0.2720072241724659,1.5769741315051693,1.8649068519439893,-6.948263181367655,1.1722465696012003,8.921627920825554,0.8219780644543905
2.030654626499726,3.116018641438997,0.2720072241724659,0.5684433894984411,1.8649068519439893,-3.782867608679032,0.6391947432025998,-0.1304357110054024,0.533637636779544
1.5600383755484706,3.116018641438997,0.2720072241724659,1.9573904421513741,3.034414101029636,-1.130631250289317,1.265891978024673,-7.7737462705379095,0.533637636779544
1.3886751862228186,3.976196280646256,0.2399071313091228,1.9573904421513741,0.2419920029779569,-0.664492662924914,1.265891978024673,-5.184100592920812,0.533637636779544
1.3886751862228186,3.976196280646256,0.2399071313091228,1.9573904421513741,0.8646553937873009,-0.664492662924914,1.265891978024673,-3.719716753354036,0.533637636779544
1.438117127592263,0.8167176580111365,0.2399071313091228,1.9573904421513741,0.8646553937873009,-0.664492662924914,0.7408408915385586,2.377387564468746,5.280180274687017
1.438117127592263,0.8167176580111365,0.3238802382204712,5.614610814676368,0.8646553937873009,-0.664492662924914,3.8068960050828626,-7.965451332434625,0.2778462726697215
1.5719615227504535,0.8167176580111365,0.3238802382204712,5.614610814676368,1.0874747398699525,-5.019608469568693,1.784075056899551,-7.965451332434625,0.2778462726697215
1.5719615227504535,0.8167176580111365,0.2996728647983301,-1.1760561666160863,6.929107497536968,-9.113807312596187,1.8694172602288004,-10.348807417272578,0.2726007877161362
4.313814477353708,0.9374871317394443,0.2996728647983301,-2.3672183093132757,6.929107497536968,-4.803979865434103,1.8694172602288004,-12.14273046496284,0.7934810133766181
4.147518095175209,2.3624905410804433,0.2996728647983301,-1.7863487226113008,14.202392706044355,-12.031187499999199,0.8150145030302594,-15.133276737508215,0.7934810133766181
2.566635188758185,2.3624905410804433,0.2996728647983301,-3.797354883454826,14.202392706044355,-3.0328369130901756,0.8150145030302594,-16.263363304043942,0.7934810133766181
2.2305314130024874,0.9948943369798122,0.2996728647983301,-3.797354883454826,14.202392706044355,4.653966202879236,3.8949055275560878,-18.69186436984561,0.5733193928864839
2.2305314130024874,0.5398321086711136,0.23046495828199318,-8.789325407675314,3.9254227310314684,9.727256313541211,0.7253084244821588,-17.859169227557473,0.5733193928864839
2.2305314130024874,0.5398321086711136,0.23046495828199318,-11.021613841717054,3.9254227310314684,5.228837119820709,0.7253084244821588,-25.513927179791544,0.989216016910995
3.1650330753719227,4.029981250224932,0.302465705636085,-7.164410684620162,3.9254227310314684,0.27346531919909545,0.7253084244821588,-28.782461535836532,0.989216016910995
3.1650330753719227,0.46632313258273694,0.302465705636085,-6.114259147905149,3.9254227310314684,-2.8295427147778134,0.7253084244821588,-25.785455230147754,0.989216016910995
3.1650330753719227,2.6409739995491397,0.15797916644717805,-5.9720147406802395,0.7223581923586126,0.36675772924204386,0.7253084244821588,-41.72471901689379,0.989216016910995
5.011743636615508,1.4984374062974344,0.09869252358677272,4.0736247196989455,0.7223581923586126,-9.834308272617564,0.7253084244821588,-39.33967948239565,1.0419252769553655
5.011743636615508,1.4984374062974344,0.09869252358677272,-4.901205669002077,0.1783513873380114,-8.835778568303112,0.7253084244821588,-34.03941708712248,1.0419252769553655
5.452123584521394,1.4984374062974344,0.09869252358677272,-4.654300669055132,0.1783513873380114,1.1853920848974049,0.7253084244821588,-42.10571180234375,1.0419252769553655
5.452123584521394,1.4984374062974344,0.10490901543356639,-5.609324590991854,3.4795658467155435,0.598418435772479,0.7253084244821588,-42.10571180234375,1.6576658871968202
3.122882747990274,1.0799993046178507,0.10094418323507343,-9.886864071251551,1.6617187261052104,9.521268545073676,0.09963916723120148,-49.19102364199911,1.6576658871968202
3.122882747990274,1.0799993046178507,0.10094418323507343,-1.7279313827278031,1.6617187261052104,8.770940166127389,0.09963916723120148,-40.04083647681912,1.6576658871968202
3.122882747990274,1.0799993046178507,0.10094418323507343,2.4241398843100574,1.6617187261052104,13.347630629470418,0.09963916723120148,-39.06779927918617,0.7048762276977524
3.122882747990274,0.42394666833993827,0.10094418323507343,-1.4340594702131182,1.6617187261052104,16.178904175396543,0.2705275968237357,-38.619338399334865,0.7048762276977524
5.429678849118983,0.42394666833993827,0.10094418323507343,7.0589216451713845,1.6617187261052104,18.933575840379874,0.1640316315409068,-42.46178217467334,0.7048762276977524
0.9263651249536118,0.42394666833993827,0.10094418323507343,7.0589216451713845,1.6617187261052104,14.90839775137578,0.1640316315409068,-42.46178217467334,0.16498109999356686
2.5957779631084663,0.5306671797211805,0.0918477838421436,11.3586783446612,1.3227787612914919,15.363336875749706,0.15171069517763916,-49.55426319349835,0.6041327787435854
2.060812841655665,0.5306671797211805,0.0918477838421436,9.01313982228837,1.3227787612914919,26.20039658724608,0.15171069517763916,-43.45060561895942,1.4935252140130688
2.239357579485168,0.5306671797211805,0.0918477838421436,7.592244874872115,1.3227787612914919,21.053303593603,0.15171069517763916,-46.15226914945795,1.4935252140130688
2.239357579485168,0.5306671797211805,0.0918477838421436,-2.525466728421259,1.3227787612914919,19.961619749202214,9.621784609272474,-53.384349964656714,0.39771854757537367
2.239357579485168,0.5306671797211805,0.08802853877284099,-4.383287135361834,2.07953916516796,16.88518716283383,12.110882841824367,-53.37173419734245,0.2332648934326082
2.0220489730330766,0.5306671797211805,0.1317355786715954,-5.65811025028011,0.41404277827516,15.361967225800568,12.110882841824367,-51.55709281609765,0.3236523784160827
2.0220489730330766,3.6590124175481273,0.11792723384127764,-5.65811025028011,0.41404277827516,9.389123782089682,20.834085794007965,-50.62623981295735,0.3236523784160827
3.61365742001772,1.703796229959559,0.11792723384127764,-1.536625723484386,0.41404277827516,4.290265164675755,20.834085794007965,-48.57798920091356,0.3236523784160827
2.5730534882311993,5.418763392778421,0.11792723384127764,-1.536625723484386,0.8093335803143825,5.874154674818373,2.764013590135471,-53.1599290918379,0.17594691854460728
2.5730534882311993,5.418763392778421,0.11792723384127764,-5.755656943762954,0.2598655600909705,3.7758444286776496,2.764013590135471,-52.67740021226681,0.17594691854460728
2.5730534882311993,5.418763392778421,0.11792723384127764,-5.041264236032567,0.2598655600909705,4.123598398035956,0.6312057807975703,-54.898918927212165,0.17594691854460728
2.5730534882311993,5.418763392778421,0.11578237721613928,1.7028049817992628,0.2598655600909705,6.092419091241958,1.7785729249742552,-52.007066674042505,0.17594691854460728
2.5730534882311993,19.67398850206366,0.11578237721613928,-6.695982116173122,0.2598655600909705,11.886871379316608,0.8809649334400552,-44.399389991403396,0.19588789409055246
3.11772766342414,19.67398850206366,0.11578237721613928,-7.630532233330674,0.4146249944990882,12.019958419586178,0.8809649334400552,-44.91021735511016,0.19588789409055246
3.11772766342414,107.54083215738973,0.14709447963328479,-0.786216462403865,4.749189858617877,18.136436987551207,0.7468492242359774,-45.85452916150371,0.19588789409055246
1.4988003491904076,122.86506685815927,0.14709447963328479,9.010647683590655,0.8453642877228387,16.74032055133126,0.7468492242359774,-46.38178269588054,0.4335415693548702
1.4988003491904076,1.7432912340885462,0.14709447963328479,0.5935239823062268,0.9450235752010943,9.580732260774193,0.7996892355697477,-53.3067379245896,1.7550508687660997
1.4988003491904076,0.30430178433523397,0.14709447963328479,-6.784488417243214,0.9450235752010943,9.580732260774193,0.31018591472600643,-49.382746147483736,1.1063811955193128
1.4988003491904076,0.30430178433523397,0.14709447963328479,-14.952845129923777,0.2529640242238087,9.580732260774193,0.31018591472600643,-56.97948499556049,1.1063811955193128
1.4988003491904076,0.45685936101163666,0.10630564643715815,-14.952845129923777,0.2529640242238087,12.463604017656678,0.31018591472600643,-56.97948499556049,1.1063811955193128
1.4988003491904076,0.45685936101163666,0.18132135441242406,-23.499128947392144,0.42393438744682566,12.463604017656678,2.507594004971443,-63.44425439418587,1.1063811955193128
1.4988003491904076,0.45685936101163666,0.18132135441242406,-29.073558702255923,1.6779357650184485,5.936215815215499,0.9427859264924731,-67.7524140362934,1.1063811955193128
1.4988003491904076,0.6570187353024938,0.18132135441242406,-22.931075267362544,1.835808528428355,5.936215815215499,0.24950716687159236,-64.74895840140202,1.1063811955193128
5.15757321537326,0.4290996803945335,0.17071321658356914,-16.83259783627865,1.835808528428355,12.382387672336097,0.24950716687159236,-70.24807253857071,1.1063811955193128
3.813597093448346,2.93842408411805,0.23089508576219497,-19.331060678682114,1.835808528428355,11.741967154015006,0.17118774679988627,-77.15351133563765,2.13820202791931
3.813597093448346,2.93842408411805,0.23089508576219497,-15.797635451303329,0.59975855495569,4.3616291381745596,0.24983360783267522,-71.86409304046205,1.0795988024456311
6.353014830478562,2.93842408411805,0.23089508576219497,-12.84742010736459,0.59975855495569,12.843440723519297,0.24983360783267522,-79.13857944975787,0.1623571572837436
6.353014830478562,1.0882257799381632,0.16050390348510374,-1.8595822772133879,0.3339817529849611,11.758297910465485,0.9372620120592182,-71.90692185460381,0.19667862779758497
6.353014830478562,0.5363703355771852,0.13879129877931928,-0.13039693913744776,3.505946586462487,6.802946267274728,0.06055612013808051,-59.47977871292329,0.23359817036595637
8.799896099751964,0.43858209195101505,0.13094775916252416,0.32374907886243004,3.0144530909608194,1.991928552323932,0.07325524611224361,-59.47977871292329,0.23359817036595637
4.233828171049486,0.2758347263801914,0.13094775916252416,2.790691471408371,0.23933624263929218,7.472600794205896,0.09892721123589822,-59.47977871292329,2.01114345342572
6.2041816205145395,0.2758347263801914,0.13094775916252416,0.43856500534852616,0.23933624263929218,-2.7400252175744555,3.2623808662385065,-63.44484645095986,2.01114345342572
6.2041816205145395,13.146472324169856,0.10696568270401624,6.0274685672342425,0.23933624263929218,-6.457981240351785,3.2623808662385065,-58.30478038634377,2.01114345342572
6.2041816205145395,6.696261818976546,0.13947057896192044,5.7918051229430825,0.23933624263929218,5.363567164329364,3.2802489893120876,-58.30478038634377,0.08100606136900736
6.2041816205145395,1.6715344542122104,0.19085680376840636,7.244154864649323,0.23933624263929218,3.3516180882602455,3.2802489893120876,-62.06315552039001,0.08100606136900736
6.2041816205145395,4.039977206885306,0.19085680376840636,4.21067853687066,0.23933624263929218,8.107589416025565,3.2802489893120876,-67.21005472462002,0.08100606136900736
6.2041816205145395,9.771807491293123,0.19085680376840636,3.9872940722035675,0.23933624263929218,7.1851936589838745,3.2802489893120876,-64.63765332314759,2.232390153919163
4.07972000080451,6.989723290649296,0.19085680376840636,-0.570718078636316,0.23933624263929218,15.59062145764716,1.8389267392748128,-64.63765332314759,5.2206353920175115
5.344120561874015,3.6313709856380654,0.19085680376840636,1.1564042304234796,0.23933624263929218,18.94855646944111,1.8389267392748128,-59.65048086088615,5.2206353920175115
5.344120561874015,3.6313709856380654,0.16453307900690398,3.7280753583807704,0.6687363676949689,15.550687931352567,0.1858579989275289,-56.56754782531021,2.2074961631175425
9.200020450456265,3.6313709856380654,0.16453307900690398,2.54264844812064,0.6687363676949689,-3.215144909916372,0.1858579989275289,-58.31373080541568,0.564256177725217
9.200020450456265,4.114904058774064,0.1949443857222416,-6.468689444215497,0.6687363676949689,1.1676540427135205,0.1858579989275289,-61.24874047325858,0.4347083927863451
5.331176141125363,4.114904058774064,0.48115131934739136,-11.97437379269293,0.6687363676949689,10.082784909944765,0.1858579989275289,-57.18137195101072,3.1410118244588627
6.546215795691482,4.114904058774064,0.47477327934087127,-23.435955462053627,1.7891071669526282,14.033866058471919,0.25172741312809677,-67.89984143429004,1.696940723150402
6.546215795691482,4.114904058774064,0.47477327934087127,-17.089609669023016,0.5181544914575926,14.2845229647401,1.8864812152583894,-67.89984143429004,1.696940723150402
6.546215795691482,1.8791150673249986,0.47477327934087127,-18.74310816857689,0.5181544914575926,14.2845229647401,1.8864812152583894,-60.38238989473687,1.9284777953074836
6.546215795691482,1.8791150673249986,0.47477327934087127,-7.232705075989703,0.5121163779154786,16.283631848602056,3.062282243459474,-62.02789821650082,1.9284777953074836
5.853942204018368,1.8791150673249986,0.47477327934087127,-13.568267557314435,0.5121163779154786,12.52751905166263,0.24166563673505825,-63.788285995256565,1.9284777953074836
4.348859271652731,1.8791150673249986,0.4573968582794003,-14.727719618494863,0.7199445584235362,13.489141624415543,0.3348828835045833,-65.30049229941982,1.9284777953074836
4.348859271652731,0.6109517776644697,0.46446118033326866,-3.665138734433871,0.7199445584235362,21.745627458653395,0.3112213723848081,-58.497663362438914,1.7266083375518448
3.8549825774732502,0.6320621946395464,0.4260418462370599,1.7410558271399754,0.7199445584235362,19.237828640652914,0.3112213723848081,-58.497663362438914,1.2740947466262997
3.8549825774732502,0.6320621946395464,0.25049123821316566,-1.6764445169133557,0.7199445584235362,20.661961080788352,0.5551113315986682,-58.497663362438914,1.2740947466262997
3.8549825774732502,0.5456133430508315,0.2454479877093966,-7.85079720070265,0.7199445584235362,19.944658382747416,0.5551113315986682,-69.83933240117884,1.2740947466262997
3.8549825774732502,0.5456133430508315,0.2454479877093966,-13.283085181020901,0.7199445584235362,12.237125882452567,0.5551113315986682,-72.33863370506694,0.7455784291855466
5.433983312525853,0.5456133430508315,0.19127836249914118,-19.359021180815876,0.7199445584235362,13.374273225949347,0.5551113315986682,-67.16648888144196,0.7455784291855466
5.433983312525853,0.5456133430508315,0.19127836249914118,-18.223800418725535,0.7199445584235362,10.378237325990542,0.5551113315986682,-62.932756358214995,1.1882443879191649
5.433983312525853,0.5456133430508315,0.28893112368565893,-23.205046673535506,0.7199445584235362,10.378237325990542,0.5551113315986682,-58.593089033062185,0.31132694189561055
5.433983312525853,0.5456133430508315,0.26379267836504217,-29.19588264176334,0.7417344729822093,8.506061453228904,0.5551113315986682,-58.593089033062185,0.18361870770485905
5.433983312525853,0.5456133430508315,0.2394704610739313,-24.621793801358557,0.7417344729822093,-0.24312038939897107,0.5551113315986682,-52.03325470465926,1.04252868348615
5.433983312525853,0.5456133430508315,0.2394704610739313,-28.26207627773507,0.7417344729822093,-0.3570550992153012,0.5551113315986682,-54.415138314942446,1.04252868348615
5.433983312525853,0.5456133430508315,0.2394704610739313,-28.458713669009523,2.9445284387319375,-11.983155979410167,0.2495989683594061,-46.94835948420312,1.04252868348615
5.433983312525853,3.366300209375457,0.2729934704625456,-26.231662262177196,2.9445284387319375,-4.88529598887474,0.2495989683594061,-46.94835948420312,1.4266144995301622
9.755574409165785,3.366300209375457,0.2729934704625456,-21.90724856297074,0.10470199970540829,-6.224673345419368,0.2495989683594061,-43.351709926644006,0.29536572008266926
10.59266853489061,3.366300209375457,0.30992523107330733,-21.90724856297074,1.1822334605865183,-5.6142680215739755,0.17339241003166403,-46.10088484126989,0.6793223824592766
10.59266853489061,3.5927609889527337,0.261015159835125,-10.742327134314875,1.1822334605865183,4.174561124654179,0.17339241003166403,-46.316880153444835,0.6793223824592766
5.5799850499104835,1.7775357199599946,0.31784409438399513,5.004804987136353,1.1822334605865183,0.16684580936423998,0.17339241003166403,-39.9596710169455,0.6793223824592766
5.5799850499104835,1.7775357199599946,0.31784409438399513,5.004804987136353,1.5371632984981292,0.16684580936423998,0.28477269714246994,-38.41531275401086,0.31375779984771923
2.7277571625449992,0.3655996595437118,0.31784409438399513,-0.7782817665771891,0.36281412265715546,0.16684580936423998,0.2564841220988662,-38.41531275401086,4.550423883531178
2.7277571625449992,0.30787247773891335,0.31784409438399513,2.4411092667090095,0.36281412265715546,0.16684580936423998,0.2564841220988662,-45.6119329204833,0.49946570626847614
5.358244991337039,0.30787247773891335,0.33156403767249804,-2.609204960608552,2.583683391665468,9.68451380948493,0.2564841220988662,-52.321977452488056,1.0893725277976836
5.358244991337039,0.3990963635560699,0.297931559043837,-0.7706214373551492,0.13670873498770483,14.150683114382637,0.2564841220988662,-54.326410195071674,0.5868641061886631
4.1589812534049155,0.5328111995797684,0.297931559043837,8.926459528790241,0.5649300523441247,16.127658478885174,0.2564841220988662,-55.53377946640849,0.5868641061886631
6.14711802922722,0.5328111995797684,0.297931559043837,11.103728460438717,0.5619151896598371,8.722864514245888,0.2564841220988662,-51.85383001403085,0.5868641061886631
4.570528548379535,2.042310823317362,0.2530518170762427,14.40099869727665,0.5619151896598371,10.66509892035301,0.2564841220988662,-51.85383001403085,0.5868641061886631
5.710341320492962,2.042310823317362,0.2530518170762427,20.589284586093754,0.5619151896598371,10.886386957021356,3.1940995637454765,-48.41450554188435,0.27592682598560925
5.710341320492962,2.042310823317362,0.2530518170762427,19.333550161967217,0.5619151896598371,2.3571226683675786,3.1940995637454765,-48.22727434004592,1.046760503258001
5.710341320492962,2.042310823317362,0.2522989393986275,17.554254633791327,1.768418132617211,-2.8532227396108425,3.1940995637454765,-37.75259216488297,0.22266625980848104
5.710341320492962,2.042310823317362,0.2522989393986275,21.636814413970978,1.505461646778317,-0.9419895395357352,0.8919188735543951,-31.309466033241968,0.2500401460554736
5.710341320492962,2.042310823317362,0.19586190828722147,16.84480755776132,1.505461646778317,0.7834409209060027,2.41125969577008,-23.83024674402762,0.48348795164230923
1.8560562545456696,2.042310823317362,0.19586190828722147,16.84480755776132,1.505461646778317,13.488238245860995,3.15413084977443,-16.51056713502154,0.7733320597260778
1.8560562545456696,1.6661926685027104,0.19586190828722147,8.930911380982963,1.505461646778317,13.488238245860995,3.15413084977443,-12.475990502357483,0.2958274051192199
3.3040358890770207,1.6661926685027104,0.28835319914193075,11.129600897694159,2.4641807598557905,11.399762387790636,1.7209013621042544,-12.62457403388763,0.2958274051192199
2.5087408063047274,1.4158408871138166,0.28835319914193075,8.922260546362489,2.2958403126113978,8.11251375919325,1.7209013621042544,-12.194845691376653,0.2958274051192199
1.306269266140724,3.7093780997626964,0.49152235221531604,16.308920393376194,2.2958403126113978,8.11251375919325,1.0883863582863411,-11.437137704542705,0.39229141650530747
1.306269266140724,3.7093780997626964,0.2641430059761214,11.25802651465208,0.5171667194686734,14.181490668653705,1.051904941015988,-5.407952599326387,2.1942497644020365
1.306269266140724,0.91652848929241,0.2641430059761214,11.32502790513708,0.5171667194686734,0.32193353749108944,1.051904941015988,-6.911806842608024,1.6318861541078382
1.306269266140724,0.91652848929241,0.32629698887996306,4.748678510361008,0.5171667194686734,0.32193353749108944,0.32950619726545066,-6.911806842608024,1.6318861541078382
1.2653560651327336,0.5982350154199221,0.2849665908843909,11.699313248951913,0.47426270523568587,-3.009942869673466,0.32950619726545066,-6.911806842608024,1.6318861541078382
1.2653560651327336,0.7923161479856308,0.2849665908843909,1.7612838277620178,0.47426270523568587,-10.170829739696703,0.5479512463567288,-7.207928124731676,1.6318861541078382
1.2653560651327336,0.7923161479856308,0.2849665908843909,1.7612838277620178,0.47426270523568587,2.732566402500405,0.5479512463567288,-4.3181949091718135,0.4275076132948154
0.7196452029497628,1.2510748898083612,0.2849665908843909,1.8454556527861545,0.47426270523568587,4.0768412731597605,0.36045095414878425,-4.3181949091718135,0.4275076132948154
0.7196452029497628,1.2510748898083612,0.2849665908843909,1.9783915636722658,0.7386431207556048,-3.587819974458484,0.36045095414878425,-4.3181949091718135,0.4275076132948154
0.46670451497780346,1.2510748898083612,0.2849665908843909,1.9783915636722658,0.7386431207556048,-3.587819974458484,0.36045095414878425,-4.3181949091718135,2.2833869193219014
0.4390504378051318,1.12078599838558,0.2852136517737498,1.9783915636722658,0.7386431207556048,3.4842560937077875,0.36045095414878425,-4.3181949091718135,4.02919724356733
0.4390504378051318,0.5110792832402941,0.2852136517737498,-1.6909686790188572,0.2660947062450814,2.788498846570878,0.5882720456274044,-4.3181949091718135,4.02919724356733
0.4390504378051318,0.5110792832402941,0.2852136517737498,-1.6909686790188572,1.303289910320548,2.788498846570878,2.1001261672793947,2.6739392327429767,4.02919724356733
0.4390504378051318,3.2813609799424697,0.2852136517737498,-1.6909686790188572,1.303289910320548,0.14609731354648314,2.2397506179623106,-1.5995564075969657,0.3225754976693697
0.4390504378051318,3.2813609799424697,0.25905067488809574,-0.9700070935204532,1.303289910320548,0.14609731354648314,0.7631499888011559,-1.5995564075969657,0.7619032248896807
0.4390504378051318,0.33424975611816665,0.25905067488809574,-0.9700070935204532,1.303289910320548,0.14609731354648314,0.7631499888011559,-1.5995564075969657,0.7619032248896807
0.571030404011223,0.33424975611816665,0.3668985086663118,-4.054235618849311,1.303289910320548,0.14609731354648314,1.0301537984708729,-2.447083251265533,0.7619032248896807
0.571030404011223,0.33424975611816665,0.3668985086663118,-2.7681410008628364,1.303289910320548,0.14609731354648314,2.96460817332241,-2.447083251265533,2.388484949973055
0.571030404011223,1.8596555786688262,0.3668985086663118,-2.7681410008628364,1.303289910320548,0.14609731354648314,0.3095811972072311,0.5220293205978135,3.0117468558961935
0.571030404011223,7.60392776469279,0.3668985086663118,-2.7681410008628364,1.303289910320548,0.14609731354648314,0.3095811972072311,-0.08990912220904113,3.0117468558961935
0.4401704310195237,7.60392776469279,0.3466464130450073,-2.7681410008628364,1.5552712687269652,0.14609731354648314,0.6264573661654772,-0.08990912220904113,3.0117468558961935
0.4401704310195237,7.60392776469279,0.3466464130450073,-2.7681410008628364,1.1162675317098107,0.14609731354648314,0.5174443259102504,-0.08990912220904113,0.2665160362858656
0.4401704310195237,4.677335354483375,0.3466464130450073,-2.7681410008628364,1.1162675317098107,0.14609731354648314,0.43498391215696747,-0.08990912220904113,0.2665160362858656
0.4401704310195237,4.677335354483375,0.4730445046750411,-2.7681410008628364,0.2216103655529911,0.14609731354648314,0.3773193708489895,-0.08990912220904113,0.2665160362858656
0.4401704310195237,4.677335354483375,0.4730445046750411,-2.7681410008628364,0.6634234230389228,0.14609731354648314,0.8315912036516606,-0.08990912220904113,0.2665160362858656
0.4401704310195237,4.677335354483375,0.7316869733920905,-2.7681410008628364,0.34599451283107246,0.14609731354648314,0.8315912036516606,-0.08990912220904113,0.2665160362858656
0.4401704310195237,9.188753686486738,0.4205910258067941,-2.7681410008628364,0.6800060080650555,0.14609731354648314,0.8315912036516606,-0.08990912220904113,0.2665160362858656
0.3384707608877538,9.455830798439512,0.36351637638939194,-2.7681410008628364,0.8928872683748602,0.14609731354648314,0.8315912036516606,-0.08990912220904113,0.31191649222086437
0.3384707608877538,9.455830798439512,0.6292591809872004,-2.7681410008628364,0.8928872683748602,0.14609731354648314,0.5364099271156237,0.19489100076370647,0.31191649222086437
0.3384707608877538,9.455830798439512,0.6292591809872004,-2.7681410008628364,0.8928872683748602,0.14609731354648314,1.2429903743043824,0.19489100076370647,3.168211104881871
2.7551105168123553,9.455830798439512,0.6292591809872004,-2.102817835376553,1.1182394401880447,0.14609731354648314,0.29484632428341173,0.19489100076370647,0.7657313500331339
2.7551105168123553,250.80403513622696,0.5047862859989876,-2.4113320314613285,2.2345168597277647,-1.810506060738572,0.08565122824703092,1.061415199852076,0.7657313500331339
4.576209497187228,14.706426174137224,0.5047862859989876,-4.435341318787838,2.2345168597277647,-1.810506060738572,0.08565122824703092,1.061415199852076,1.231026889394272
4.637632671454905,14.706426174137224,0.8651541459721009,-2.7942435828795036,2.2345168597277647,-1.096545692718892,0.08565122824703092,2.9548353502258826,0.6509959584125262
4.637632671454905,19.18883752973605,0.8651541459721009,1.8211340696895473,2.2345168597277647,2.621078910808656,0.08565122824703092,2.9548353502258826,0.10849932087689067
4.735633006851861,9.88416346758767,0.8651541459721009,1.8211340696895473,2.2857101461880855,5.643220542774612,1.5658169779907345,-0.3153155652356485,0.08893370248511782
4.735633006851861,9.88416346758767,0.8651541459721009,-3.3874225609543096,0.5031495696082595,5.643220542774612,2.745381254307478,-0.3153155652356485,0.08893370248511782
1.9104284633403754,9.88416346758767,0.8651541459721009,-0.8043408336638715,1.1422510867604811,9.75188546803712,1.4805929335707086,-0.3153155652356485,0.08893370248511782
1.9104284633403754,1.58763702097428,0.8651541459721009,-0.8043408336638715,1.1422510867604811,9.182563163826181,1.4805929335707086,-0.3153155652356485,0.5314993525720444
8.227645075601218,1.58763702097428,0.8651541459721009,3.7924531521695495,1.1422510867604811,9.182563163826181,1.4805929335707086,4.881157200297094,0.21623588469358687
8.227645075601218,1.58763702097428,0.8651541459721009,12.12767440278457,0.6565312494305663,16.109915235434,2.3434963882151436,15.027647792908379,0.2537153272474536
6.5918925419921095,1.58763702097428,0.8651541459721009,13.158549029240618,0.6565312494305663,11.211672621435843,2.3434963882151436,10.65925911039156,0.4958144949685272
6.5918925419921095,1.58763702097428,0.8651541459721009,12.157322869049255,0.6565312494305663,12.884465236691033,1.3021830494762612,1.7421136456360227,0.37634992829951586
6.5918925419921095,0.8439673860960698,0.8651541459721009,14.437449598638265,0.6565312494305663,10.1217908981369,1.3021830494762612,-1.696140392216523,0.3881594514195371
5.8784865451558135,1.1634186200498473,0.8254905455334027,25.55399552633657,0.6565312494305663,6.074287371819031,0.11703893030025003,-1.696140392216523,4.240705337674817
5.8784865451558135,1.1634186200498473,0.8254905455334027,24.364596741037506,0.17888805361411542,10.129132876137339,0.15531893367148353,1.3941438450914125,4.240705337674817
5.8784865451558135,2.6373827294455823,0.5355698200726509,24.364596741037506,0.17888805361411542,18.397966284230613,0.7042109317446791,1.3941438450914125,2.992416328406903
5.053751293808287,2.6373827294455823,0.9635207878965382,16.43613063741035,0.17888805361411542,18.397966284230613,0.6794328062309125,1.3941438450914125,2.992416328406903
5.053751293808287,2.6373827294455823,0.9635207878965382,19.307351656452283,0.17888805361411542,18.397966284230613,1.7379002546924462,1.3941438450914125,1.970636439823252
5.053751293808287,8.382522155197648,0.8320731279039261,24.978915635306176,0.17888805361411542,15.571726641204087,1.7046783724467744,-3.311835976233298,1.970636439823252
7.6028667523658235,6.558489972735846,0.8320731279039261,19.488952849256,0.386049423440469,17.298796317162793,1.9136823816365767,-2.4894588618190294,1.970636439823252
12.802468432159433,6.558489972735846,0.8320731279039261,17.976788155245508,0.449043432951707,11.701103797613047,1.9136823816365767,-5.2999950865519665,1.970636439823252
12.802468432159433,21.920599730104154,0.8320731279039261,19.050391460950387,2.4178247081032183,11.701103797613047,1.9136823816365767,-12.279905832961173,1.970636439823252
5.702524661696732,34.656254938436305,0.8320731279039261,11.224484506573107,3.0489932991118716,11.701103797613047,1.4945965521523292,-20.365225373980806,3.3677318312636633
7.146107917853989,6.343019082539511,0.726944619503902,14.063897046473807,3.0489932991118716,11.701103797613047,0.9990874202840841,-22.262868892827342,8.135590329845286
7.146107917853989,6.343019082539511,0.726944619503902,17.078130928273108,3.0489932991118716,11.701103797613047,0.9990874202840841,-14.778684558325587,4.5346635803887505
15.382650782914862,6.343019082539511,0.726944619503902,26.32942079678445,3.0754293211070856,16.792116840058878,1.1361220549744366,-21.529973147361112,4.5346635803887505
15.594708196887355,6.343019082539511,0.726944619503902,21.452065500868265,3.0754293211070856,16.792116840058878,0.7560873335095124,-28.323921424750342,4.5346635803887505
15.594708196887355,334.725833635507,0.808620782762157,23.7173398205644,9.269827957918194,16.792116840058878,1.9715455295645388,-20.50062150599988,4.5346635803887505
15.594708196887355,433.2830076590244,0.808620782762157,22.313307866021944,9.269827957918194,20.223375643693473,0.9513387087494768,-15.636838558760957,8.542610960897722
16.021021313877803,120.4938347889844,0.808620782762157,21.028375316804873,9.269827957918194,16.734429762958243,0.9513387087494768,-15.450954885181657,0.7571491817721343
19.150587589595705,69.10721190406994,1.1687040254089183,19.633851655104095,9.269827957918194,11.461610709156275,0.24451835174769593,-22.38608768436012,1.5604103416867106
19.150587589595705,17.11660194582473,1.271711000494541,26.26830879899388,11.467305936245369,6.455140848078522,0.24451835174769593,-13.897872946816001,4.561968225640343
12.30234008847039,25.29674749155645,1.1083771822279993,26.26830879899388,4.528828701124781,3.2717487649101766,0.5200345952964759,-14.02288272902985,4.561968225640343
12.30234008847039,31.215436531818053,1.1083771822279993,15.970758886795416,4.528828701124781,4.351002441957207,1.015231243739847,-6.732683143562872,0.8501022826041844
12.30234008847039,3.606004639736043,1.1083771822279993,10.828763225412322,4.528828701124781,4.351002441957207,0.9235765026112975,3.4622061200040175,0.8501022826041844
7.222244641732797,1.2653023727980082,0.860061399914371,5.041040176833154,4.528828701124781,4.351002441957207,0.9235765026112975,3.539230637613638,1.1147089974886613
9.691021760677343,1.2653023727980082,0.860061399914371,-0.3907965996165226,4.528828701124781,1.6445451676901652,0.482607639716506,-1.172058414583856,1.1147089974886613
3.60520943775614,3.5687894160309397,0.860061399914371,-0.3907965996165226,1.5035495130419223,1.6445451676901652,0.2480016897016218,-1.172058414583856,0.3098379681890722
3.60520943775614,3.5687894160309397,0.860061399914371,-0.3907965996165226,1.5035495130419223,1.6445451676901652,0.14040863007431548,-1.172058414583856,0.3098379681890722
3.60520943775614,3.5687894160309397,0.7671896329141522,1.8940119946498495,1.5035495130419223,3.4710752734031454,2.8674278502877724,-0.6088899900044756,0.2909690208948592
3.1032499062303742,0.376802810678312,0.7671896329141522,2.216496791334639,1.5035495130419223,3.4710752734031454,2.8674278502877724,3.236032752023645,2.2754153473595133
3.1032499062303742,4.069521515397557,0.7671896329141522,-2.6665544789021407,6.862905032341542,4.801061114291564,0.6892656574105237,-1.3375284272329475,0.2817635669454056
2.4361791550643734,5.277797883156614,0.7446316472298093,-2.6665544789021407,4.16931974682572,3.672796266349818,0.6892656574105237,0.08232120404708687,0.2817635669454056
2.643980475439138,5.277797883156614,1.0585895947750565,-2.6665544789021407,4.6792067286608665,-2.725980154854198,0.6892656574105237,4.184903648360967,0.2817635669454056
2.643980475439138,17.394575860460385,0.692894269691548,-1.274294273174362,2.3113306247761174,1.3329395330254257,11.618211046827785,2.167557894775515,1.3577610482606202
2.643980475439138,1.9212802884408764,0.692894269691548,-1.274294273174362,2.3113306247761174,1.3329395330254257,3.6979436964099404,2.167557894775515,1.3577610482606202
2.0858143410375454,1.2061627208321486,1.4497399709138659,-4.136209377691129,2.3113306247761174,1.3329395330254257,3.6979436964099404,5.556739997423287,2.5555338886284646
2.447881498400786,1.2061627208321486,0.7913956522703958,1.5468458434245864,2.3113306247761174,1.3329395330254257,2.2263257215687293,5.556739997423287,0.7030299882532391
2.447881498400786,1.2061627208321486,0.7913956522703958,1.5468458434245864,2.3113306247761174,1.3329395330254257,11.15607030419082,3.616275004288017,0.2181448571208652
1.9014019424564066,1.2061627208321486,0.7913956522703958,1.5468458434245864,2.3113306247761174,1.3329395330254257,11.15607030419082,-0.5879150865960243,0.2181448571208652
1.9014019424564066,1.2061627208321486,0.5684398413228041,1.5468458434245864,2.3113306247761174,1.9570215647008338,1.5543468369086466,-0.42047387813746695,0.2181448571208652
1.2558836357540781,0.5298187440018606,0.5684398413228041,1.5468458434245864,2.3113306247761174,1.9570215647008338,1.5543468369086466,-0.42047387813746695,4.040901012288434
1.2558836357540781,0.5298187440018606,0.582041448621008,1.5468458434245864,1.5365236012718264,1.9570215647008338,1.5543468369086466,-0.42047387813746695,1.2333619921256305
1.2558836357540781,0.7167771987906404,1.6723657714151443,1.5468458434245864,1.5248589712730989,1.9570215647008338,1.557367591568964,-0.42047387813746695,5.352229825438379
1.2558836357540781,0.7167771987906404,0.6518527821431984,1.5468458434245864,1.4511964963824786,1.9570215647008338,7.46036350879185,-0.42047387813746695,3.1926560893157987
1.2558836357540781,0.3593450898378328,0.6518527821431984,1.3982586261648706,1.0602539580211883,1.9570215647008338,6.763756551729979,-0.42047387813746695,3.5451160141934084
1.2558836357540781,0.3593450898378328,0.4650878041077398,1.3982586261648706,1.0602539580211883,1.9570215647008338,6.763756551729979,-2.5923051710984235,3.735910554169096
1.2558836357540781,0.3593450898378328,0.6572610352290081,1.3982586261648706,1.039724744746334,1.0096164012168383,7.830209921366303,-2.5923051710984235,5.131364520908189
1.1360523667536946,0.7089211209451689,0.5137212033075849,3.148704391622772,1.039724744746334,-1.5073701100062014,1.3984406798213962,-2.5923051710984235,1.1349900829486037
1.13351429601745,0.7089211209451689,0.5137212033075849,2.216910004031078,0.18414492632323462,1.3964675372861732,1.3984406798213962,-2.5923051710984235,0.36826640287535867
1.13351429601745,0.7089211209451689,0.8297130231214808,2.216910004031078,0.18414492632323462,-2.2534713854573365,0.9392611615618086,-2.5923051710984235,0.10408413486769859
1.13351429601745,69.13451415756302,0.47237802219667047,-0.6348846671498944,0.18414492632323462,1.4274630095946508,0.9392611615618086,-2.5923051710984235,0.10408413486769859
0.999446596664563,66.09026360881916,0.47237802219667047,-0.6348846671498944,0.06495308075809765,0.07136857311508904,0.31958046002841056,-3.7562006225872557,0.10354925302295645
0.999446596664563,66.09026360881916,0.47237802219667047,-0.6348846671498944,0.06495308075809765,0.07136857311508904,0.31958046002841056,-3.7562006225872557,0.7528663001194502
1.0092524143585637,66.09026360881916,0.47237802219667047,-2.772642568051713,0.16110029394974834,1.7112125523068225,0.31958046002841056,-3.7562006225872557,0.6181897001562269
1.2224984959867709,19.243975593602826,0.47237802219667047,-2.772642568051713,0.15201163902976725,1.7112125523068225,0.9331635385398284,-4.094993255957321,0.6181897001562269
1.2224984959867709,2.835820382367124,0.6668419049574138,-0.47020152586589603,0.15201163902976725,1.0847914972442088,0.9331635385398284,-4.094993255957321,0.6181897001562269
1.058350781114963,2.835820382367124,0.6668419049574138,-0.47020152586589603,6.678761099798339,1.0847914972442088,0.9331635385398284,-4.094993255957321,0.6507181559733471
1.058350781114963,0.9272363239563118,0.6668419049574138,-0.47020152586589603,6.678761099798339,1.0847914972442088,0.9331635385398284,2.670383125066964,4.283442564145224
1.058350781114963,1.2443817223632,0.8037359003683304,-0.47020152586589603,6.678761099798339,1.5366311439196905,5.339032358624729,2.670383125066964,4.283442564145224
1.058350781114963,1.2443817223632,0.8037359003683304,-0.47020152586589603,5.302391633115948,-1.0614404182336339,0.8896828990488227,0.6444177839272291,4.283442564145224
1.058350781114963,5.029387483130735,1.1320587352665366,-0.47020152586589603,5.302391633115948,-1.0614404182336339,0.8896828990488227,0.6444177839272291,4.305112512752589
1.058350781114963,1.745877797245573,1.1320587352665366,-0.47020152586589603,5.302391633115948,-1.0614404182336339,0.8896828990488227,0.6444177839272291,2.738013599304656
1.058350781114963,0.1826407989579459,1.2112996043632795,0.4211451778870563,5.302391633115948,-1.0614404182336339,0.6554761059913987,0.6444177839272291,1.3346871311237958
1.058350781114963,0.1826407989579459,1.2112996043632795,0.4211451778870563,5.302391633115948,-1.0614404182336339,1.7117227472780558,0.6444177839272291,1.3346871311237958
1.2647577351739405,0.1826407989579459,1.2112996043632795,0.4211451778870563,7.102442586782342,-1.0614404182336339,1.7117227472780558,0.6444177839272291,1.3346871311237958
1.2647577351739405,0.1826407989579459,1.3762115117022986,1.1301793478878859,7.102442586782342,-0.116731899939158,0.6463508984948007,0.6444177839272291,0.30687711234558906
