{
    "n": 500,
    "active_prop": 0.1,
    "noise": 0.5,
    "seed": 52,
    "active_indices": [
        8,
        27,
        28
    ],
    "gp_features": [
        28,
        27,
        8
    ],
    "lengthscales": [
        2.2163772649441214,
        1.1406811062403976,
        1.2994629944261613
    ],
    "beta": [
        0.0,
        0.0,
        0.0,
        0.0,
        0.0,
        0.0,
        0.0,
        0.0,
        -3.1887078925444747,
        0.0,
        0.0,
        0.0,
        0.0,
        0.0,
        0.0,
        0.0,
        0.0,
        0.0,
        0.0,
        0.0,
        0.0,
        0.0,
        0.0,
        0.0,
        0.0,
        0.0,
        0.0,
        -2.1846966947132196,
        -0.10726644090685866,
        0.0
    ]
}