{
    "n": 500,
    "active_prop": 0.1,
    "seed": 16,
    "active_indices": [
        7,
        23,
        19
    ],
    "gp_features": [
        23,
        7,
        19
    ],
    "lengthscales": [
        1.818331615095122,
        0.6162812058423476,
        0.9783701533989347
    ],
    "beta": [
        0.0,
        0.0,
        0.0,
        0.0,
        0.0,
        0.0,
        0.0,
        -3.5424840343472397,
        0.0,
        0.0,
        0.0,
        0.0,
        0.0,
        0.0,
        0.0,
        0.0,
        0.0,
        0.0,
        0.0,
        0.4174509161049498,
        0.0,
        0.0,
        0.0,
        -2.538781083750327,
        0.0,
        0.0,
        0.0,
        0.0,
        0.0,
        0.0
    ]
}