{
    "n": 100,
    "active_prop": 0.1,
    "noise_constant": 1.0,
    "seed": 11,
    "active_indices": [
        11,
        1,
        27
    ],
    "gp_features": [
        1,
        27,
        11
    ],
    "lengthscales": [
        1.2843550841750726,
        0.6610652701391778,
        1.8914401123923656
    ],
    "beta": [
        0.0,
        3.793008909809682,
        0.0,
        0.0,
        0.0,
        0.0,
        0.0,
        0.0,
        0.0,
        0.0,
        0.0,
        -2.6448540911556706,
        0.0,
        0.0,
        0.0,
        0.0,
        0.0,
        0.0,
        0.0,
        0.0,
        0.0,
        0.0,
        0.0,
        0.0,
        0.0,
        0.0,
        0.0,
        -0.42365886847737855,
        0.0,
        0.0
    ]
}