walker	inv_sigma_noise	inv_sigma_gp	lambda2	zeta0	ell0	nu0	zeta1	ell1	nu1	zeta2	ell2	nu2	log_l	log_p
0	8.062171391e-01	1.147743260e+00	2.746915088e+00	7.813735054e-01	1.427726361e+00	9.428037740e-01	1.031500585e+00	1.539117280e+00	1.053971670e+00	7.624589718e-02	1.047537403e+00	-1.934073858e+00	-5.432958731e+05	-1.533790518e+01

1	1.641510505e-01	2.892061257e-02	3.580860386e+00	4.000869235e-01	1.054422131e+00	7.969430208e-01	1.167630669e+00	4.258345829e+00	-2.556114536e-02	1.212132051e+00	3.052130652e+00	-1.241573278e+00	-1.697913528e+04	-1.645481789e+01

2	6.346050246e-01	9.210899332e-02	1.449107017e+00	3.759354516e-01	2.708805743e+00	-7.934056848e-02	1.778061275e-01	3.134629144e+00	-1.869102616e-01	1.990809989e-02	5.396776693e-01	-2.973506141e-01	-2.248803539e+05	-1.113116297e+01

3	2.659484945e-02	1.509525902e-01	6.260260163e-01	4.118604576e-01	8.546108840e-01	-5.312643171e-01	3.866456717e-01	9.091928863e-01	-3.801076699e-01	1.385438519e+00	2.172361350e+00	-2.104533590e+00	-6.564927065e+03	-1.207265423e+01

4	1.768472226e-01	1.073838322e-01	7.746668036e-01	4.404612207e-01	1.958672372e+00	6.113623099e-01	2.140591528e+00	1.609782128e+00	2.418044129e-01	5.173130957e+00	1.438672365e+00	-2.806960790e-01	-2.115416557e+04	-1.673691643e+01

5	3.635084464e-01	3.640606731e-02	5.135082405e+00	1.396908910e+00	7.311231457e-01	1.150477679e+00	1.439372533e+00	9.163026169e-01	1.703720532e+00	2.229330218e+00	8.731420720e-01	-1.839918213e-01	-5.418318125e+04	-1.609652761e+01

6	1.645160401e-01	1.080386857e-01	7.866498422e-01	2.415574542e-01	2.262166040e-01	6.294713565e-01	3.248707052e+00	1.629806261e+00	1.325108872e+00	2.043047445e+00	1.454539985e+00	5.671254963e-02	-1.900735448e+04	-1.408660105e+01

7	3.667463320e-01	5.042222245e-01	1.480456966e+00	2.466020772e-01	1.006423653e+00	5.199124820e-01	9.588368680e-01	2.537824559e+00	-3.146562896e-01	3.315801136e-01	1.162084905e+00	-7.422465695e-01	-1.099805007e+05	-1.132296889e+01

8	8.054313137e-01	4.933975706e-01	1.908134346e+00	2.535292030e-01	9.228811230e-01	-2.841350630e+00	1.159319432e+00	3.018368513e+00	1.074307783e+00	2.076911937e+00	4.250625950e-01	2.084030173e+00	-4.297260618e+05	-1.988443446e+01

9	8.015569082e-01	2.052788183e-01	1.699359970e-01	7.362035876e-02	1.419584584e+00	3.281157989e-01	1.545326742e+00	1.504838850e+00	4.865682068e-02	1.777181437e-01	1.870864200e+00	-2.646974056e+00	-3.742431464e+05	-1.427399370e+01

10	1.079708985e+00	1.806956481e-01	3.078344381e-01	2.365439511e+00	4.287687797e+00	5.836895915e-01	2.595654423e-01	9.260402375e-01	-3.956048994e-01	1.251149653e-01	4.884190061e-01	-1.572055225e+00	-5.808304164e+05	-1.373961259e+01

11	3.586284568e+00	2.695739299e-01	8.714932194e-01	2.831762901e-01	1.475082451e+00	1.573851049e-01	1.451006956e+00	1.026734941e-01	-8.250367930e-01	9.131400218e-01	1.213026567e+00	9.324134681e-01	-1.991271177e+06	-1.486082850e+01

12	8.397620369e-02	4.638664890e-01	9.204478497e-01	7.195464383e-01	6.828604709e-01	6.269981969e-01	1.101638883e-01	2.123466328e-01	-4.859622498e-01	9.361680856e-02	7.610624967e-01	1.978797763e-01	-2.879897078e+04	-7.519264170e+00

13	8.794595931e-02	6.158082280e-01	1.442503182e+00	8.313506962e-01	1.529227010e-01	7.495406344e-01	1.280114065e+00	5.868322862e-01	-7.188822498e-02	1.343931971e+00	2.638981895e+00	-6.816934091e-01	-3.373207475e+04	-1.251118098e+01

14	1.473300340e+00	5.519920692e-01	5.448630124e+00	2.106734592e+00	6.950075562e-01	-3.589065113e-01	6.652127287e-01	5.802089435e+00	-1.062605080e+00	7.960690422e-01	1.461038216e+00	5.830051235e-01	-1.310556412e+06	-1.900076237e+01

15	6.947318404e-02	9.145804892e-01	1.065577782e+00	4.146323379e-01	6.610943128e+00	-1.247925766e+00	1.233373406e+00	4.377327915e-01	1.626725450e+00	6.937764967e-01	8.894899228e-01	-6.792122919e-01	-2.204676690e+04	-1.542439388e+01

16	7.597183976e-01	1.986859246e+00	1.368363656e-01	1.068911564e+00	3.487783761e-01	-7.473660989e-01	1.930619421e+00	2.403357237e-01	6.218653692e-01	7.078726643e-02	1.026640653e+00	3.132512029e-01	-1.646970575e+06	-1.162439144e+01

17	1.589940160e-01	1.620041904e+00	4.445693672e-01	6.456578350e-01	4.939118266e-01	7.178850685e-01	2.892049912e-01	5.290718431e-01	-2.251505268e+00	2.300962392e+00	1.603534692e-01	-4.828913340e-01	-1.295832557e+05	-1.321794794e+01

18	5.970428085e-01	5.024862124e-01	1.536543412e+00	6.295484959e-01	1.799990853e+00	-1.840028611e-01	6.064535933e-01	4.214515351e-01	-1.365994455e-03	1.105347908e+00	2.638010131e+00	5.857007301e-01	-2.550069323e+05	-1.229306771e+01

19	6.262450063e-01	1.508526786e+00	1.628443392e+00	5.860078583e-01	7.529274400e-01	1.051594393e+00	6.498062941e-01	1.488735030e+00	4.334736551e-01	3.562660746e+00	7.228044857e-01	-6.675070095e-01	-5.513629678e+05	-1.476965701e+01

20	1.558898123e+00	2.120564901e-01	3.084006562e+00	8.168294804e-01	2.831575781e-01	1.852971350e+00	5.307759244e-01	9.401774382e-01	7.873526895e-01	3.342097467e+00	5.022803883e-01	-1.097710378e+00	-5.876733017e+05	-1.593564651e+01

21	1.365436978e+00	1.130219086e+00	1.052924544e+00	1.043007963e+00	4.906683035e+00	1.002342830e+00	8.398384158e-01	3.789924770e+00	1.358903857e+00	1.474713083e+00	3.066000356e-01	1.553033704e-01	-1.391775236e+06	-1.856482492e+01

22	9.346250037e-01	2.114735405e+00	1.292538961e+00	9.482711365e-01	1.765677226e+00	-1.379493700e+00	5.799246668e-02	1.533582322e-01	-1.243534525e+00	2.950211326e-01	1.900058052e-01	2.441594727e-01	-2.728313310e+06	-1.325273910e+01

23	8.493079760e-01	6.075044153e-01	1.600155857e-02	7.322680419e-01	3.186295621e-01	-2.568588647e+00	1.590750566e+00	3.837369718e+00	-1.458727243e+00	1.075867375e+00	1.991322114e-01	2.074960361e-01	-7.670318322e+05	-1.678693511e+01

24	9.039760380e-01	7.131910035e-01	6.786164853e+00	8.271384860e-01	8.810548617e-01	1.157489520e+00	3.170378542e-01	1.541454685e+00	-1.736284075e-01	1.293932829e+00	3.139061645e-01	-3.293866933e-01	-6.211428648e+05	-1.461750742e+01
0	8.062171391e-01	1.147743260e+00	2.746915088e+00	7.813735054e-01	1.427726361e+00	9.428037740e-01	1.031500585e+00	1.539117280e+00	1.053971670e+00	7.624589718e-02	1.047537403e+00	-1.934073858e+00	-5.432958731e+05	-1.533790518e+01

1	1.641510505e-01	2.892061257e-02	3.580860386e+00	4.000869235e-01	1.054422131e+00	7.969430208e-01	1.167630669e+00	4.258345829e+00	-2.556114536e-02	1.212132051e+00	3.052130652e+00	-1.241573278e+00	-1.697913528e+04	-1.645481789e+01

2	6.346050246e-01	9.210899332e-02	1.449107017e+00	3.759354516e-01	2.708805743e+00	-7.934056848e-02	1.778061275e-01	3.134629144e+00	-1.869102616e-01	1.990809989e-02	5.396776693e-01	-2.973506141e-01	-2.248803539e+05	-1.113116297e+01

3	2.659484945e-02	1.509525902e-01	6.260260163e-01	4.118604576e-01	8.546108840e-01	-5.312643171e-01	3.866456717e-01	9.091928863e-01	-3.801076699e-01	1.385438519e+00	2.172361350e+00	-2.104533590e+00	-6.564927065e+03	-1.207265423e+01

4	1.768472226e-01	1.073838322e-01	7.746668036e-01	4.404612207e-01	1.958672372e+00	6.113623099e-01	2.140591528e+00	1.609782128e+00	2.418044129e-01	5.173130957e+00	1.438672365e+00	-2.806960790e-01	-2.115416557e+04	-1.673691643e+01

5	3.635084464e-01	3.640606731e-02	5.135082405e+00	1.396908910e+00	7.311231457e-01	1.150477679e+00	1.439372533e+00	9.163026169e-01	1.703720532e+00	2.229330218e+00	8.731420720e-01	-1.839918213e-01	-5.418318125e+04	-1.609652761e+01

6	1.645160401e-01	1.080386857e-01	7.866498422e-01	2.415574542e-01	2.262166040e-01	6.294713565e-01	3.248707052e+00	1.629806261e+00	1.325108872e+00	2.043047445e+00	1.454539985e+00	5.671254963e-02	-1.900735448e+04	-1.408660105e+01

7	2.426808450e-01	4.865161323e-01	1.234752782e+00	4.541065716e-01	8.644602001e-01	5.668963747e-01	5.864813184e-01	1.517520352e+00	-3.898168361e-01	2.271736350e-01	9.861361913e-01	-3.297658253e-01	-6.565211411e+04	-9.427069621e+00

8	8.190159928e-01	4.957995013e-02	2.434517625e+00	1.121896151e-02	1.093489395e+00	-3.463627885e+00	9.301093147e-01	3.843926960e+00	1.208761796e+00	2.673079546e+00	2.462893820e-01	2.610259217e+00	-2.321011421e+05	-2.400347897e+01

9	8.015569082e-01	2.052788183e-01	1.699359970e-01	7.362035876e-02	1.419584584e+00	3.281157989e-01	1.545326742e+00	1.504838850e+00	4.865682068e-02	1.777181437e-01	1.870864200e+00	-2.646974056e+00	-3.742431464e+05	-1.427399370e+01

10	7.775798248e-01	6.530117180e-01	3.527034917e-01	1.801099611e+00	3.042774456e+00	6.277253335e-01	2.692915490e-01	7.957765493e-01	-1.004611637e+00	8.391111291e-01	3.807655319e-01	-1.214650183e+00	-4.525103214e+05	-1.309796129e+01

11	3.586284568e+00	2.695739299e-01	8.714932194e-01	2.831762901e-01	1.475082451e+00	1.573851049e-01	1.451006956e+00	1.026734941e-01	-8.250367930e-01	9.131400218e-01	1.213026567e+00	9.324134681e-01	-1.991271177e+06	-1.486082850e+01

12	8.031869716e-02	5.775317422e-01	9.570480672e-01	6.426503614e-01	2.177859552e+00	1.541624145e-01	3.934253226e-01	2.691866129e-01	4.683500552e-02	2.449706668e-01	7.934505208e-01	-2.331346802e-02	-2.526916722e+04	-9.005493406e+00

13	8.794595931e-02	6.158082280e-01	1.442503182e+00	8.313506962e-01	1.529227010e-01	7.495406344e-01	1.280114065e+00	5.868322862e-01	-7.188822498e-02	1.343931971e+00	2.638981895e+00	-6.816934091e-01	-3.373207475e+04	-1.251118098e+01

14	1.473300340e+00	5.519920692e-01	5.448630124e+00	2.106734592e+00	6.950075562e-01	-3.589065113e-01	6.652127287e-01	5.802089435e+00	-1.062605080e+00	7.960690422e-01	1.461038216e+00	5.830051235e-01	-1.310556412e+06	-1.900076237e+01

15	6.947318404e-02	9.145804892e-01	1.065577782e+00	4.146323379e-01	6.610943128e+00	-1.247925766e+00	1.233373406e+00	4.377327915e-01	1.626725450e+00	6.937764967e-01	8.894899228e-01	-6.792122919e-01	-2.204676690e+04	-1.542439388e+01

16	7.597183976e-01	1.986859246e+00	1.368363656e-01	1.068911564e+00	3.487783761e-01	-7.473660989e-01	1.930619421e+00	2.403357237e-01	6.218653692e-01	7.078726643e-02	1.026640653e+00	3.132512029e-01	-1.646970575e+06	-1.162439144e+01

17	1.589940160e-01	1.620041904e+00	4.445693672e-01	6.456578350e-01	4.939118266e-01	7.178850685e-01	2.892049912e-01	5.290718431e-01	-2.251505268e+00	2.300962392e+00	1.603534692e-01	-4.828913340e-01	-1.295832557e+05	-1.321794794e+01

18	3.483504136e-01	5.578437019e-01	1.490605021e+00	7.281283095e-01	9.954026414e-01	2.720305401e-01	9.355348602e-01	5.022395721e-01	-3.581590793e-02	1.221895559e+00	2.638484835e+00	-3.341778212e-02	-1.218624791e+05	-1.174233290e+01

19	5.389149941e-01	1.415365934e+00	1.540157565e+00	5.591274996e-01	1.671760904e+00	6.909132026e-01	7.413391644e-01	1.323884664e+00	6.206359534e-01	3.112674438e+00	7.489492019e-01	-6.693429905e-01	-3.675234316e+05	-1.469675214e+01

20	1.558898123e+00	2.120564901e-01	3.084006562e+00	8.168294804e-01	2.831575781e-01	1.852971350e+00	5.307759244e-01	9.401774382e-01	7.873526895e-01	3.342097467e+00	5.022803883e-01	-1.097710378e+00	-5.876733017e+05	-1.593564651e+01

21	1.365436978e+00	1.130219086e+00	1.052924544e+00	1.043007963e+00	4.906683035e+00	1.002342830e+00	8.398384158e-01	3.789924770e+00	1.358903857e+00	1.474713083e+00	3.066000356e-01	1.553033704e-01	-1.391775236e+06	-1.856482492e+01

22	9.346250037e-01	2.114735405e+00	1.292538961e+00	9.482711365e-01	1.765677226e+00	-1.379493700e+00	5.799246668e-02	1.533582322e-01	-1.243534525e+00	2.950211326e-01	1.900058052e-01	2.441594727e-01	-2.728313310e+06	-1.325273910e+01

23	8.493079760e-01	6.075044153e-01	1.600155857e-02	7.322680419e-01	3.186295621e-01	-2.568588647e+00	1.590750566e+00	3.837369718e+00	-1.458727243e+00	1.075867375e+00	1.991322114e-01	2.074960361e-01	-7.670318322e+05	-1.678693511e+01

24	9.039760380e-01	7.131910035e-01	6.786164853e+00	8.271384860e-01	8.810548617e-01	1.157489520e+00	3.170378542e-01	1.541454685e+00	-1.736284075e-01	1.293932829e+00	3.139061645e-01	-3.293866933e-01	-6.211428648e+05	-1.461750742e+01
0	8.062171391e-01	1.147743260e+00	2.746915088e+00	7.813735054e-01	1.427726361e+00	9.428037740e-01	1.031500585e+00	1.539117280e+00	1.053971670e+00	7.624589718e-02	1.047537403e+00	-1.934073858e+00	-5.432958731e+05	-1.533790518e+01

1	1.641510505e-01	2.892061257e-02	3.580860386e+00	4.000869235e-01	1.054422131e+00	7.969430208e-01	1.167630669e+00	4.258345829e+00	-2.556114536e-02	1.212132051e+00	3.052130652e+00	-1.241573278e+00	-1.697913528e+04	-1.645481789e+01

2	6.346050246e-01	9.210899332e-02	1.449107017e+00	3.759354516e-01	2.708805743e+00	-7.934056848e-02	1.778061275e-01	3.134629144e+00	-1.869102616e-01	1.990809989e-02	5.396776693e-01	-2.973506141e-01	-2.248803539e+05	-1.113116297e+01

3	2.659484945e-02	1.509525902e-01	6.260260163e-01	4.118604576e-01	8.546108840e-01	-5.312643171e-01	3.866456717e-01	9.091928863e-01	-3.801076699e-01	1.385438519e+00	2.172361350e+00	-2.104533590e+00	-6.564927065e+03	-1.207265423e+01

4	1.768472226e-01	1.073838322e-01	7.746668036e-01	4.404612207e-01	1.958672372e+00	6.113623099e-01	2.140591528e+00	1.609782128e+00	2.418044129e-01	5.173130957e+00	1.438672365e+00	-2.806960790e-01	-2.115416557e+04	-1.673691643e+01

5	3.635084464e-01	3.640606731e-02	5.135082405e+00	1.396908910e+00	7.311231457e-01	1.150477679e+00	1.439372533e+00	9.163026169e-01	1.703720532e+00	2.229330218e+00	8.731420720e-01	-1.839918213e-01	-5.418318125e+04	-1.609652761e+01

6	1.645160401e-01	1.080386857e-01	7.866498422e-01	2.415574542e-01	2.262166040e-01	6.294713565e-01	3.248707052e+00	1.629806261e+00	1.325108872e+00	2.043047445e+00	1.454539985e+00	5.671254963e-02	-1.900735448e+04	-1.408660105e+01

7	2.426808450e-01	4.865161323e-01	1.234752782e+00	4.541065716e-01	8.644602001e-01	5.668963747e-01	5.864813184e-01	1.517520352e+00	-3.898168361e-01	2.271736350e-01	9.861361913e-01	-3.297658253e-01	-6.565211411e+04	-9.427069621e+00

8	8.190159928e-01	4.957995013e-02	2.434517625e+00	1.121896151e-02	1.093489395e+00	-3.463627885e+00	9.301093147e-01	3.843926960e+00	1.208761796e+00	2.673079546e+00	2.462893820e-01	2.610259217e+00	-2.321011421e+05	-2.400347897e+01

9	8.015569082e-01	2.052788183e-01	1.699359970e-01	7.362035876e-02	1.419584584e+00	3.281157989e-01	1.545326742e+00	1.504838850e+00	4.865682068e-02	1.777181437e-01	1.870864200e+00	-2.646974056e+00	-3.742431464e+05	-1.427399370e+01

10	7.775798248e-01	6.530117180e-01	3.527034917e-01	1.801099611e+00	3.042774456e+00	6.277253335e-01	2.692915490e-01	7.957765493e-01	-1.004611637e+00	8.391111291e-01	3.807655319e-01	-1.214650183e+00	-4.525103214e+05	-1.309796129e+01

11	3.586284568e+00	2.695739299e-01	8.714932194e-01	2.831762901e-01	1.475082451e+00	1.573851049e-01	1.451006956e+00	1.026734941e-01	-8.250367930e-01	9.131400218e-01	1.213026567e+00	9.324134681e-01	-1.991271177e+06	-1.486082850e+01

12	8.031869716e-02	5.775317422e-01	9.570480672e-01	6.426503614e-01	2.177859552e+00	1.541624145e-01	3.934253226e-01	2.691866129e-01	4.683500552e-02	2.449706668e-01	7.934505208e-01	-2.331346802e-02	-2.526916722e+04	-9.005493406e+00

13	8.794595931e-02	6.158082280e-01	1.442503182e+00	8.313506962e-01	1.529227010e-01	7.495406344e-01	1.280114065e+00	5.868322862e-01	-7.188822498e-02	1.343931971e+00	2.638981895e+00	-6.816934091e-01	-3.373207475e+04	-1.251118098e+01

14	1.473300340e+00	5.519920692e-01	5.448630124e+00	2.106734592e+00	6.950075562e-01	-3.589065113e-01	6.652127287e-01	5.802089435e+00	-1.062605080e+00	7.960690422e-01	1.461038216e+00	5.830051235e-01	-1.310556412e+06	-1.900076237e+01

15	6.947318404e-02	9.145804892e-01	1.065577782e+00	4.146323379e-01	6.610943128e+00	-1.247925766e+00	1.233373406e+00	4.377327915e-01	1.626725450e+00	6.937764967e-01	8.894899228e-01	-6.792122919e-01	-2.204676690e+04	-1.542439388e+01

16	8.150287534e-01	1.498517391e+00	2.686280013e+00	9.762124532e-01	5.528604736e-01	-1.701835521e-02	1.311950140e+00	7.392025606e-01	3.168621558e-01	5.397580341e-01	7.533684846e-01	6.685502841e-02	-9.604251861e+05	-1.187677961e+01

17	1.589940160e-01	1.620041904e+00	4.445693672e-01	6.456578350e-01	4.939118266e-01	7.178850685e-01	2.892049912e-01	5.290718431e-01	-2.251505268e+00	2.300962392e+00	1.603534692e-01	-4.828913340e-01	-1.295832557e+05	-1.321794794e+01

18	3.483504136e-01	5.578437019e-01	1.490605021e+00	7.281283095e-01	9.954026414e-01	2.720305401e-01	9.355348602e-01	5.022395721e-01	-3.581590793e-02	1.221895559e+00	2.638484835e+00	-3.341778212e-02	-1.218624791e+05	-1.174233290e+01

19	5.389149941e-01	1.415365934e+00	1.540157565e+00	5.591274996e-01	1.671760904e+00	6.909132026e-01	7.413391644e-01	1.323884664e+00	6.206359534e-01	3.112674438e+00	7.489492019e-01	-6.693429905e-01	-3.675234316e+05	-1.469675214e+01

20	1.558898123e+00	2.120564901e-01	3.084006562e+00	8.168294804e-01	2.831575781e-01	1.852971350e+00	5.307759244e-01	9.401774382e-01	7.873526895e-01	3.342097467e+00	5.022803883e-01	-1.097710378e+00	-5.876733017e+05	-1.593564651e+01

21	1.305558206e+00	1.154530214e+00	1.022730360e+00	1.023286486e+00	4.687666200e+00	9.882244827e-01	8.125091063e-01	3.628080510e+00	1.179710252e+00	1.515721896e+00	2.993414540e-01	1.236281763e-01	-1.301480253e+06	-1.804689417e+01

22	9.346250037e-01	2.114735405e+00	1.292538961e+00	9.482711365e-01	1.765677226e+00	-1.379493700e+00	5.799246668e-02	1.533582322e-01	-1.243534525e+00	2.950211326e-01	1.900058052e-01	2.441594727e-01	-2.728313310e+06	-1.325273910e+01

23	8.416221399e-01	4.659449809e-01	6.296397621e-01	5.493198000e-01	5.152309418e-01	-2.795682557e+00	1.423129306e+00	3.839033455e+00	-7.819183499e-01	1.481120175e+00	2.110971687e-01	8.171373372e-01	-4.736894899e+05	-1.721360872e+01

24	6.446724520e-01	6.243084476e-01	4.609374408e+00	6.808671776e-01	8.745478504e-01	9.259092487e-01	4.226906054e-01	1.532069681e+00	-2.583990748e-01	8.756408361e-01	5.774974599e-01	-3.295353566e-01	-3.303488624e+05	-1.243853132e+01
0	8.062171391e-01	1.147743260e+00	2.746915088e+00	7.813735054e-01	1.427726361e+00	9.428037740e-01	1.031500585e+00	1.539117280e+00	1.053971670e+00	7.624589718e-02	1.047537403e+00	-1.934073858e+00	-5.432958731e+05	-1.533790518e+01

1	1.641510505e-01	2.892061257e-02	3.580860386e+00	4.000869235e-01	1.054422131e+00	7.969430208e-01	1.167630669e+00	4.258345829e+00	-2.556114536e-02	1.212132051e+00	3.052130652e+00	-1.241573278e+00	-1.697913528e+04	-1.645481789e+01

2	6.346050246e-01	9.210899332e-02	1.449107017e+00	3.759354516e-01	2.708805743e+00	-7.934056848e-02	1.778061275e-01	3.134629144e+00	-1.869102616e-01	1.990809989e-02	5.396776693e-01	-2.973506141e-01	-2.248803539e+05	-1.113116297e+01

3	2.659484945e-02	1.509525902e-01	6.260260163e-01	4.118604576e-01	8.546108840e-01	-5.312643171e-01	3.866456717e-01	9.091928863e-01	-3.801076699e-01	1.385438519e+00	2.172361350e+00	-2.104533590e+00	-6.564927065e+03	-1.207265423e+01

4	1.381416399e-01	7.147525020e-02	7.661602465e-01	4.204750668e-01	1.865090137e+00	5.984390104e-01	2.186133926e+00	1.540570952e+00	2.096418907e-01	5.298550264e+00	1.477742124e+00	-2.945611039e-01	-1.311053178e+04	-1.668973479e+01

5	3.635084464e-01	3.640606731e-02	5.135082405e+00	1.396908910e+00	7.311231457e-01	1.150477679e+00	1.439372533e+00	9.163026169e-01	1.703720532e+00	2.229330218e+00	8.731420720e-01	-1.839918213e-01	-5.418318125e+04	-1.609652761e+01

6	1.645160401e-01	1.080386857e-01	7.866498422e-01	2.415574542e-01	2.262166040e-01	6.294713565e-01	3.248707052e+00	1.629806261e+00	1.325108872e+00	2.043047445e+00	1.454539985e+00	5.671254963e-02	-1.900735448e+04	-1.408660105e+01

7	2.426808450e-01	4.865161323e-01	1.234752782e+00	4.541065716e-01	8.644602001e-01	5.668963747e-01	5.864813184e-01	1.517520352e+00	-3.898168361e-01	2.271736350e-01	9.861361913e-01	-3.297658253e-01	-6.565211411e+04	-9.427069621e+00

8	8.190159928e-01	4.957995013e-02	2.434517625e+00	1.121896151e-02	1.093489395e+00	-3.463627885e+00	9.301093147e-01	3.843926960e+00	1.208761796e+00	2.673079546e+00	2.462893820e-01	2.610259217e+00	-2.321011421e+05	-2.400347897e+01

9	8.015569082e-01	2.052788183e-01	1.699359970e-01	7.362035876e-02	1.419584584e+00	3.281157989e-01	1.545326742e+00	1.504838850e+00	4.865682068e-02	1.777181437e-01	1.870864200e+00	-2.646974056e+00	-3.742431464e+05	-1.427399370e+01

10	7.775798248e-01	6.530117180e-01	3.527034917e-01	1.801099611e+00	3.042774456e+00	6.277253335e-01	2.692915490e-01	7.957765493e-01	-1.004611637e+00	8.391111291e-01	3.807655319e-01	-1.214650183e+00	-4.525103214e+05	-1.309796129e+01

11	3.586284568e+00	2.695739299e-01	8.714932194e-01	2.831762901e-01	1.475082451e+00	1.573851049e-01	1.451006956e+00	1.026734941e-01	-8.250367930e-01	9.131400218e-01	1.213026567e+00	9.324134681e-01	-1.991271177e+06	-1.486082850e+01

12	8.031869716e-02	5.775317422e-01	9.570480672e-01	6.426503614e-01	2.177859552e+00	1.541624145e-01	3.934253226e-01	2.691866129e-01	4.683500552e-02	2.449706668e-01	7.934505208e-01	-2.331346802e-02	-2.526916722e+04	-9.005493406e+00

13	8.794595931e-02	6.158082280e-01	1.442503182e+00	8.313506962e-01	1.529227010e-01	7.495406344e-01	1.280114065e+00	5.868322862e-01	-7.188822498e-02	1.343931971e+00	2.638981895e+00	-6.816934091e-01	-3.373207475e+04	-1.251118098e+01

14	9.591924735e-01	5.546662953e-01	3.639792420e+00	1.476704474e+00	8.322896456e-01	-7.056505365e-02	7.887513246e-01	3.380030956e+00	-5.933571797e-01	9.906739371e-01	1.999137339e+00	3.012967047e-01	-5.828751839e+05	-1.585440125e+01

15	6.947318404e-02	9.145804892e-01	1.065577782e+00	4.146323379e-01	6.610943128e+00	-1.247925766e+00	1.233373406e+00	4.377327915e-01	1.626725450e+00	6.937764967e-01	8.894899228e-01	-6.792122919e-01	-2.204676690e+04	-1.542439388e+01

16	8.150287534e-01	1.498517391e+00	2.686280013e+00	9.762124532e-01	5.528604736e-01	-1.701835521e-02	1.311950140e+00	7.392025606e-01	3.168621558e-01	5.397580341e-01	7.533684846e-01	6.685502841e-02	-9.604251861e+05	-1.187677961e+01

17	1.589940160e-01	1.620041904e+00	4.445693672e-01	6.456578350e-01	4.939118266e-01	7.178850685e-01	2.892049912e-01	5.290718431e-01	-2.251505268e+00	2.300962392e+00	1.603534692e-01	-4.828913340e-01	-1.295832557e+05	-1.321794794e+01

18	3.483504136e-01	5.578437019e-01	1.490605021e+00	7.281283095e-01	9.954026414e-01	2.720305401e-01	9.355348602e-01	5.022395721e-01	-3.581590793e-02	1.221895559e+00	2.638484835e+00	-3.341778212e-02	-1.218624791e+05	-1.174233290e+01

19	5.389149941e-01	1.415365934e+00	1.540157565e+00	5.591274996e-01	1.671760904e+00	6.909132026e-01	7.413391644e-01	1.323884664e+00	6.206359534e-01	3.112674438e+00	7.489492019e-01	-6.693429905e-01	-3.675234316e+05	-1.469675214e+01

20	1.558898123e+00	2.120564901e-01	3.084006562e+00	8.168294804e-01	2.831575781e-01	1.852971350e+00	5.307759244e-01	9.401774382e-01	7.873526895e-01	3.342097467e+00	5.022803883e-01	-1.097710378e+00	-5.876733017e+05	-1.593564651e+01

21	1.305558206e+00	1.154530214e+00	1.022730360e+00	1.023286486e+00	4.687666200e+00	9.882244827e-01	8.125091063e-01	3.628080510e+00	1.179710252e+00	1.515721896e+00	2.993414540e-01	1.236281763e-01	-1.301480253e+06	-1.804689417e+01

22	9.346250037e-01	2.114735405e+00	1.292538961e+00	9.482711365e-01	1.765677226e+00	-1.379493700e+00	5.799246668e-02	1.533582322e-01	-1.243534525e+00	2.950211326e-01	1.900058052e-01	2.441594727e-01	-2.728313310e+06	-1.325273910e+01

23	8.416221399e-01	4.659449809e-01	6.296397621e-01	5.493198000e-01	5.152309418e-01	-2.795682557e+00	1.423129306e+00	3.839033455e+00	-7.819183499e-01	1.481120175e+00	2.110971687e-01	8.171373372e-01	-4.736894899e+05	-1.721360872e+01

24	6.446724520e-01	6.243084476e-01	4.609374408e+00	6.808671776e-01	8.745478504e-01	9.259092487e-01	4.226906054e-01	1.532069681e+00	-2.583990748e-01	8.756408361e-01	5.774974599e-01	-3.295353566e-01	-3.303488624e+05	-1.243853132e+01
0	8.062171391e-01	1.147743260e+00	2.746915088e+00	7.813735054e-01	1.427726361e+00	9.428037740e-01	1.031500585e+00	1.539117280e+00	1.053971670e+00	7.624589718e-02	1.047537403e+00	-1.934073858e+00	-5.432958731e+05	-1.533790518e+01

1	1.543359986e-01	1.207350774e-01	3.320106419e+00	4.015948155e-01	1.630454777e+00	5.849558479e-01	1.174446078e+00	3.862271048e+00	1.457278715e-01	1.158395239e+00	2.827934314e+00	-1.183274518e+00	-1.670810549e+04	-1.629918080e+01

2	6.346050246e-01	9.210899332e-02	1.449107017e+00	3.759354516e-01	2.708805743e+00	-7.934056848e-02	1.778061275e-01	3.134629144e+00	-1.869102616e-01	1.990809989e-02	5.396776693e-01	-2.973506141e-01	-2.248803539e+05	-1.113116297e+01

3	2.659484945e-02	1.509525902e-01	6.260260163e-01	4.118604576e-01	8.546108840e-01	-5.312643171e-01	3.866456717e-01	9.091928863e-01	-3.801076699e-01	1.385438519e+00	2.172361350e+00	-2.104533590e+00	-6.564927065e+03	-1.207265423e+01

4	1.381416399e-01	7.147525020e-02	7.661602465e-01	4.204750668e-01	1.865090137e+00	5.984390104e-01	2.186133926e+00	1.540570952e+00	2.096418907e-01	5.298550264e+00	1.477742124e+00	-2.945611039e-01	-1.311053178e+04	-1.668973479e+01

5	3.635084464e-01	3.640606731e-02	5.135082405e+00	1.396908910e+00	7.311231457e-01	1.150477679e+00	1.439372533e+00	9.163026169e-01	1.703720532e+00	2.229330218e+00	8.731420720e-01	-1.839918213e-01	-5.418318125e+04	-1.609652761e+01

6	1.645160401e-01	1.080386857e-01	7.866498422e-01	2.415574542e-01	2.262166040e-01	6.294713565e-01	3.248707052e+00	1.629806261e+00	1.325108872e+00	2.043047445e+00	1.454539985e+00	5.671254963e-02	-1.900735448e+04	-1.408660105e+01

7	2.426808450e-01	4.865161323e-01	1.234752782e+00	4.541065716e-01	8.644602001e-01	5.668963747e-01	5.864813184e-01	1.517520352e+00	-3.898168361e-01	2.271736350e-01	9.861361913e-01	-3.297658253e-01	-6.565211411e+04	-9.427069621e+00

8	8.190159928e-01	4.957995013e-02	2.434517625e+00	1.121896151e-02	1.093489395e+00	-3.463627885e+00	9.301093147e-01	3.843926960e+00	1.208761796e+00	2.673079546e+00	2.462893820e-01	2.610259217e+00	-2.321011421e+05	-2.400347897e+01

9	7.111968114e-01	1.802778799e-01	6.534763569e-01	1.199009977e-01	1.367818329e+00	3.945778068e-01	1.491783692e+00	1.895182230e+00	3.813551387e-02	3.243590000e-01	2.038323205e+00	-2.447741262e+00	-2.987803653e+05	-1.453081271e+01

10	7.775798248e-01	6.530117180e-01	3.527034917e-01	1.801099611e+00	3.042774456e+00	6.277253335e-01	2.692915490e-01	7.957765493e-01	-1.004611637e+00	8.391111291e-01	3.807655319e-01	-1.214650183e+00	-4.525103214e+05	-1.309796129e+01

11	3.586284568e+00	2.695739299e-01	8.714932194e-01	2.831762901e-01	1.475082451e+00	1.573851049e-01	1.451006956e+00	1.026734941e-01	-8.250367930e-01	9.131400218e-01	1.213026567e+00	9.324134681e-01	-1.991271177e+06	-1.486082850e+01

12	8.031869716e-02	5.775317422e-01	9.570480672e-01	6.426503614e-01	2.177859552e+00	1.541624145e-01	3.934253226e-01	2.691866129e-01	4.683500552e-02	2.449706668e-01	7.934505208e-01	-2.331346802e-02	-2.526916722e+04	-9.005493406e+00

13	8.794595931e-02	6.158082280e-01	1.442503182e+00	8.313506962e-01	1.529227010e-01	7.495406344e-01	1.280114065e+00	5.868322862e-01	-7.188822498e-02	1.343931971e+00	2.638981895e+00	-6.816934091e-01	-3.373207475e+04	-1.251118098e+01

14	8.510929416e-01	4.939117120e-01	3.251680524e+00	1.308687896e+00	7.498457611e-01	2.466063199e-02	1.123378163e+00	3.141948559e+00	-3.323889750e-01	1.133827904e+00	1.925055969e+00	2.680260154e-01	-4.590971763e+05	-1.534256039e+01

15	6.947318404e-02	9.145804892e-01	1.065577782e+00	4.146323379e-01	6.610943128e+00	-1.247925766e+00	1.233373406e+00	4.377327915e-01	1.626725450e+00	6.937764967e-01	8.894899228e-01	-6.792122919e-01	-2.204676690e+04	-1.542439388e+01

16	8.150287534e-01	1.498517391e+00	2.686280013e+00	9.762124532e-01	5.528604736e-01	-1.701835521e-02	1.311950140e+00	7.392025606e-01	3.168621558e-01	5.397580341e-01	7.533684846e-01	6.685502841e-02	-9.604251861e+05	-1.187677961e+01

17	1.589940160e-01	1.620041904e+00	4.445693672e-01	6.456578350e-01	4.939118266e-01	7.178850685e-01	2.892049912e-01	5.290718431e-01	-2.251505268e+00	2.300962392e+00	1.603534692e-01	-4.828913340e-01	-1.295832557e+05	-1.321794794e+01

18	3.483504136e-01	5.578437019e-01	1.490605021e+00	7.281283095e-01	9.954026414e-01	2.720305401e-01	9.355348602e-01	5.022395721e-01	-3.581590793e-02	1.221895559e+00	2.638484835e+00	-3.341778212e-02	-1.218624791e+05	-1.174233290e+01

19	5.389149941e-01	1.415365934e+00	1.540157565e+00	5.591274996e-01	1.671760904e+00	6.909132026e-01	7.413391644e-01	1.323884664e+00	6.206359534e-01	3.112674438e+00	7.489492019e-01	-6.693429905e-01	-3.675234316e+05	-1.469675214e+01

20	1.558898123e+00	2.120564901e-01	3.084006562e+00	8.168294804e-01	2.831575781e-01	1.852971350e+00	5.307759244e-01	9.401774382e-01	7.873526895e-01	3.342097467e+00	5.022803883e-01	-1.097710378e+00	-5.876733017e+05	-1.593564651e+01

21	1.305558206e+00	1.154530214e+00	1.022730360e+00	1.023286486e+00	4.687666200e+00	9.882244827e-01	8.125091063e-01	3.628080510e+00	1.179710252e+00	1.515721896e+00	2.993414540e-01	1.236281763e-01	-1.301480253e+06	-1.804689417e+01

22	8.838436747e-01	1.732319995e+00	1.867699624e+00	8.822682983e-01	1.632028137e+00	-4.610970554e-01	4.429847422e-01	7.013829679e-01	-3.349420625e-01	2.085023105e-01	5.291329630e-01	-6.172642703e-01	-1.029998314e+06	-1.152639173e+01

23	8.416221399e-01	4.659449809e-01	6.296397621e-01	5.493198000e-01	5.152309418e-01	-2.795682557e+00	1.423129306e+00	3.839033455e+00	-7.819183499e-01	1.481120175e+00	2.110971687e-01	8.171373372e-01	-4.736894899e+05	-1.721360872e+01

24	6.053829971e-01	5.421558121e-01	4.682836090e+00	7.809258225e-01	8.545058879e-01	9.572901191e-01	5.647602799e-01	1.446023274e+00	1.578470530e-02	1.064803449e+00	6.188104140e-01	-3.091973117e-01	-2.790834367e+05	-1.271239001e+01
0	8.062171391e-01	1.147743260e+00	2.746915088e+00	7.813735054e-01	1.427726361e+00	9.428037740e-01	1.031500585e+00	1.539117280e+00	1.053971670e+00	7.624589718e-02	1.047537403e+00	-1.934073858e+00	-5.432958731e+05	-1.533790518e+01

1	1.543359986e-01	1.207350774e-01	3.320106419e+00	4.015948155e-01	1.630454777e+00	5.849558479e-01	1.174446078e+00	3.862271048e+00	1.457278715e-01	1.158395239e+00	2.827934314e+00	-1.183274518e+00	-1.670810549e+04	-1.629918080e+01

2	6.346050246e-01	9.210899332e-02	1.449107017e+00	3.759354516e-01	2.708805743e+00	-7.934056848e-02	1.778061275e-01	3.134629144e+00	-1.869102616e-01	1.990809989e-02	5.396776693e-01	-2.973506141e-01	-2.248803539e+05	-1.113116297e+01

3	2.659484945e-02	1.509525902e-01	6.260260163e-01	4.118604576e-01	8.546108840e-01	-5.312643171e-01	3.866456717e-01	9.091928863e-01	-3.801076699e-01	1.385438519e+00	2.172361350e+00	-2.104533590e+00	-6.564927065e+03	-1.207265423e+01

4	4.700877340e-02	7.440586648e-02	5.428559178e-01	4.752526947e-01	1.968366442e+00	1.142133745e+00	2.354248825e+00	1.232274076e+00	7.591286925e-02	5.649961169e+00	1.642568157e+00	-6.833620647e-01	-3.409979228e+03	-1.764128297e+01

5	4.503726976e-01	2.288917742e-02	6.819017841e+00	1.773260672e+00	2.940525982e-01	1.363252694e+00	1.151544568e+00	6.756877622e-01	2.279590707e+00	1.046345443e+00	6.401080615e-01	-1.413745518e-01	-2.253466958e+04	-1.676635227e+01

6	1.645160401e-01	1.080386857e-01	7.866498422e-01	2.415574542e-01	2.262166040e-01	6.294713565e-01	3.248707052e+00	1.629806261e+00	1.325108872e+00	2.043047445e+00	1.454539985e+00	5.671254963e-02	-1.900735448e+04	-1.408660105e+01

7	2.426808450e-01	4.865161323e-01	1.234752782e+00	4.541065716e-01	8.644602001e-01	5.668963747e-01	5.864813184e-01	1.517520352e+00	-3.898168361e-01	2.271736350e-01	9.861361913e-01	-3.297658253e-01	-6.565211411e+04	-9.427069621e+00

8	8.190159928e-01	4.957995013e-02	2.434517625e+00	1.121896151e-02	1.093489395e+00	-3.463627885e+00	9.301093147e-01	3.843926960e+00	1.208761796e+00	2.673079546e+00	2.462893820e-01	2.610259217e+00	-2.321011421e+05	-2.400347897e+01

9	5.683247005e-01	5.527898031e-01	5.994255936e-01	2.559307132e-01	1.141711421e+00	4.782274937e-01	1.180639020e+00	1.541726804e+00	-5.542660719e-01	8.357680354e-01	1.552433777e+00	-1.939373215e+00	-2.323688087e+05	-1.317345553e+01

10	7.775798248e-01	6.530117180e-01	3.527034917e-01	1.801099611e+00	3.042774456e+00	6.277253335e-01	2.692915490e-01	7.957765493e-01	-1.004611637e+00	8.391111291e-01	3.807655319e-01	-1.214650183e+00	-4.525103214e+05	-1.309796129e+01

11	3.586284568e+00	2.695739299e-01	8.714932194e-01	2.831762901e-01	1.475082451e+00	1.573851049e-01	1.451006956e+00	1.026734941e-01	-8.250367930e-01	9.131400218e-01	1.213026567e+00	9.324134681e-01	-1.991271177e+06	-1.486082850e+01

12	8.031869716e-02	5.775317422e-01	9.570480672e-01	6.426503614e-01	2.177859552e+00	1.541624145e-01	3.934253226e-01	2.691866129e-01	4.683500552e-02	2.449706668e-01	7.934505208e-01	-2.331346802e-02	-2.526916722e+04	-9.005493406e+00

13	8.794595931e-02	6.158082280e-01	1.442503182e+00	8.313506962e-01	1.529227010e-01	7.495406344e-01	1.280114065e+00	5.868322862e-01	-7.188822498e-02	1.343931971e+00	2.638981895e+00	-6.816934091e-01	-3.373207475e+04	-1.251118098e+01

14	8.510929416e-01	4.939117120e-01	3.251680524e+00	1.308687896e+00	7.498457611e-01	2.466063199e-02	1.123378163e+00	3.141948559e+00	-3.323889750e-01	1.133827904e+00	1.925055969e+00	2.680260154e-01	-4.590971763e+05	-1.534256039e+01

15	6.947318404e-02	9.145804892e-01	1.065577782e+00	4.146323379e-01	6.610943128e+00	-1.247925766e+00	1.233373406e+00	4.377327915e-01	1.626725450e+00	6.937764967e-01	8.894899228e-01	-6.792122919e-01	-2.204676690e+04	-1.542439388e+01

16	8.150287534e-01	1.498517391e+00	2.686280013e+00	9.762124532e-01	5.528604736e-01	-1.701835521e-02	1.311950140e+00	7.392025606e-01	3.168621558e-01	5.397580341e-01	7.533684846e-01	6.685502841e-02	-9.604251861e+05	-1.187677961e+01

17	1.589940160e-01	1.620041904e+00	4.445693672e-01	6.456578350e-01	4.939118266e-01	7.178850685e-01	2.892049912e-01	5.290718431e-01	-2.251505268e+00	2.300962392e+00	1.603534692e-01	-4.828913340e-01	-1.295832557e+05	-1.321794794e+01

18	3.483504136e-01	5.578437019e-01	1.490605021e+00	7.281283095e-01	9.954026414e-01	2.720305401e-01	9.355348602e-01	5.022395721e-01	-3.581590793e-02	1.221895559e+00	2.638484835e+00	-3.341778212e-02	-1.218624791e+05	-1.174233290e+01

19	5.130399213e-01	1.369490026e+00	1.534554488e+00	5.747467428e-01	1.584615122e+00	6.942770456e-01	7.722522398e-01	1.281595100e+00	5.809012662e-01	3.011189998e+00	8.573928636e-01	-6.700516156e-01	-3.299575071e+05	-1.453045040e+01

20	1.558898123e+00	2.120564901e-01	3.084006562e+00	8.168294804e-01	2.831575781e-01	1.852971350e+00	5.307759244e-01	9.401774382e-01	7.873526895e-01	3.342097467e+00	5.022803883e-01	-1.097710378e+00	-5.876733017e+05	-1.593564651e+01

21	1.305558206e+00	1.154530214e+00	1.022730360e+00	1.023286486e+00	4.687666200e+00	9.882244827e-01	8.125091063e-01	3.628080510e+00	1.179710252e+00	1.515721896e+00	2.993414540e-01	1.236281763e-01	-1.301480253e+06	-1.804689417e+01

22	8.569213602e-01	1.033494194e+00	2.103093703e+00	5.205298631e-01	1.408378163e+00	-1.708019311e+00	6.452829051e-01	2.006451347e+00	3.061433438e-01	1.232017598e+00	4.116707366e-01	7.230952783e-01	-6.448589065e+05	-1.417319123e+01

23	8.416221399e-01	4.659449809e-01	6.296397621e-01	5.493198000e-01	5.152309418e-01	-2.795682557e+00	1.423129306e+00	3.839033455e+00	-7.819183499e-01	1.481120175e+00	2.110971687e-01	8.171373372e-01	-4.736894899e+05	-1.721360872e+01

24	4.437272883e-01	3.911181868e-01	4.194432372e+00	6.449731989e-01	1.132606769e+00	8.238451329e-01	7.832722977e-01	2.312008965e+00	6.235646990e-02	1.098346843e+00	1.410562695e+00	-6.224674825e-01	-1.363163558e+05	-1.406790675e+01
0	8.088543005e-01	1.096959131e+00	2.589208641e+00	7.640888543e-01	1.359758625e+00	6.643405120e-01	1.060671271e+00	1.710427833e+00	9.172243666e-01	1.808887498e-01	9.852346806e-01	-1.729148342e+00	-5.381316058e+05	-1.461317152e+01

1	1.543359986e-01	1.207350774e-01	3.320106419e+00	4.015948155e-01	1.630454777e+00	5.849558479e-01	1.174446078e+00	3.862271048e+00	1.457278715e-01	1.158395239e+00	2.827934314e+00	-1.183274518e+00	-1.670810549e+04	-1.629918080e+01

2	6.346050246e-01	9.210899332e-02	1.449107017e+00	3.759354516e-01	2.708805743e+00	-7.934056848e-02	1.778061275e-01	3.134629144e+00	-1.869102616e-01	1.990809989e-02	5.396776693e-01	-2.973506141e-01	-2.248803539e+05	-1.113116297e+01

3	2.659484945e-02	1.509525902e-01	6.260260163e-01	4.118604576e-01	8.546108840e-01	-5.312643171e-01	3.866456717e-01	9.091928863e-01	-3.801076699e-01	1.385438519e+00	2.172361350e+00	-2.104533590e+00	-6.564927065e+03	-1.207265423e+01

4	4.700877340e-02	7.440586648e-02	5.428559178e-01	4.752526947e-01	1.968366442e+00	1.142133745e+00	2.354248825e+00	1.232274076e+00	7.591286925e-02	5.649961169e+00	1.642568157e+00	-6.833620647e-01	-3.409979228e+03	-1.764128297e+01

5	4.503726976e-01	2.288917742e-02	6.819017841e+00	1.773260672e+00	2.940525982e-01	1.363252694e+00	1.151544568e+00	6.756877622e-01	2.279590707e+00	1.046345443e+00	6.401080615e-01	-1.413745518e-01	-2.253466958e+04	-1.676635227e+01

6	1.645160401e-01	1.080386857e-01	7.866498422e-01	2.415574542e-01	2.262166040e-01	6.294713565e-01	3.248707052e+00	1.629806261e+00	1.325108872e+00	2.043047445e+00	1.454539985e+00	5.671254963e-02	-1.900735448e+04	-1.408660105e+01

7	2.397527199e-01	4.769530800e-01	1.231505778e+00	4.527999777e-01	8.566605593e-01	5.655167778e-01	5.844693257e-01	1.520075542e+00	-4.003302024e-01	1.970213347e-01	9.875305464e-01	-3.260803587e-01	-6.387692598e+04	-9.377524636e+00

8	8.190159928e-01	4.957995013e-02	2.434517625e+00	1.121896151e-02	1.093489395e+00	-3.463627885e+00	9.301093147e-01	3.843926960e+00	1.208761796e+00	2.673079546e+00	2.462893820e-01	2.610259217e+00	-2.321011421e+05	-2.400347897e+01

9	5.683247005e-01	5.527898031e-01	5.994255936e-01	2.559307132e-01	1.141711421e+00	4.782274937e-01	1.180639020e+00	1.541726804e+00	-5.542660719e-01	8.357680354e-01	1.552433777e+00	-1.939373215e+00	-2.323688087e+05	-1.317345553e+01

10	7.775798248e-01	6.530117180e-01	3.527034917e-01	1.801099611e+00	3.042774456e+00	6.277253335e-01	2.692915490e-01	7.957765493e-01	-1.004611637e+00	8.391111291e-01	3.807655319e-01	-1.214650183e+00	-4.525103214e+05	-1.309796129e+01

11	3.586284568e+00	2.695739299e-01	8.714932194e-01	2.831762901e-01	1.475082451e+00	1.573851049e-01	1.451006956e+00	1.026734941e-01	-8.250367930e-01	9.131400218e-01	1.213026567e+00	9.324134681e-01	-1.991271177e+06	-1.486082850e+01

12	8.031869716e-02	5.775317422e-01	9.570480672e-01	6.426503614e-01	2.177859552e+00	1.541624145e-01	3.934253226e-01	2.691866129e-01	4.683500552e-02	2.449706668e-01	7.934505208e-01	-2.331346802e-02	-2.526916722e+04	-9.005493406e+00

13	8.567333478e-02	6.178869603e-01	1.445661920e+00	8.370177933e-01	1.423873868e-01	7.522955653e-01	1.290528221e+00	5.728611594e-01	-6.697128129e-02	1.361101807e+00	2.663704963e+00	-6.870171176e-01	-3.273016801e+04	-1.262404604e+01

14	6.594706213e-01	5.147005024e-01	2.681211546e+00	1.143104188e+00	1.104864521e+00	5.685609289e-02	9.419044592e-01	2.427750707e+00	-2.381100345e-01	9.128489498e-01	1.643727340e+00	1.955960553e-01	-2.907676062e+05	-1.382313342e+01

15	6.947318404e-02	9.145804892e-01	1.065577782e+00	4.146323379e-01	6.610943128e+00	-1.247925766e+00	1.233373406e+00	4.377327915e-01	1.626725450e+00	6.937764967e-01	8.894899228e-01	-6.792122919e-01	-2.204676690e+04	-1.542439388e+01

16	5.071134360e-01	8.564030717e-01	2.981674290e+00	7.084123736e-01	1.055072416e+00	2.635312293e-01	1.247866484e+00	2.194706072e+00	2.371051627e-01	8.280733971e-01	1.720218191e+00	-5.157668230e-01	-2.194134210e+05	-1.394866084e+01

17	1.589940160e-01	1.620041904e+00	4.445693672e-01	6.456578350e-01	4.939118266e-01	7.178850685e-01	2.892049912e-01	5.290718431e-01	-2.251505268e+00	2.300962392e+00	1.603534692e-01	-4.828913340e-01	-1.295832557e+05	-1.321794794e+01

18	3.483504136e-01	5.578437019e-01	1.490605021e+00	7.281283095e-01	9.954026414e-01	2.720305401e-01	9.355348602e-01	5.022395721e-01	-3.581590793e-02	1.221895559e+00	2.638484835e+00	-3.341778212e-02	-1.218624791e+05	-1.174233290e+01

19	5.130399213e-01	1.369490026e+00	1.534554488e+00	5.747467428e-01	1.584615122e+00	6.942770456e-01	7.722522398e-01	1.281595100e+00	5.809012662e-01	3.011189998e+00	8.573928636e-01	-6.700516156e-01	-3.299575071e+05	-1.453045040e+01

20	1.558898123e+00	2.120564901e-01	3.084006562e+00	8.168294804e-01	2.831575781e-01	1.852971350e+00	5.307759244e-01	9.401774382e-01	7.873526895e-01	3.342097467e+00	5.022803883e-01	-1.097710378e+00	-5.876733017e+05	-1.593564651e+01

21	1.217986044e+00	9.556515111e-01	1.276836295e+00	8.411256386e-01	4.040754530e+00	1.869407945e-01	8.336758299e-01	3.666930460e+00	1.184939206e+00	1.724033342e+00	2.897926737e-01	5.711939819e-01	-1.082927010e+06	-1.730610670e+01

22	8.390830133e-01	5.704620481e-01	2.259062509e+00	2.808470645e-01	1.260190836e+00	-2.534212458e+00	7.793228221e-01	2.871171297e+00	7.309175160e-01	1.910184431e+00	3.338419178e-01	1.611198660e+00	-4.867760522e+05	-1.788915212e+01

23	8.416221399e-01	4.659449809e-01	6.296397621e-01	5.493198000e-01	5.152309418e-01	-2.795682557e+00	1.423129306e+00	3.839033455e+00	-7.819183499e-01	1.481120175e+00	2.110971687e-01	8.171373372e-01	-4.736894899e+05	-1.721360872e+01

24	4.437272883e-01	3.911181868e-01	4.194432372e+00	6.449731989e-01	1.132606769e+00	8.238451329e-01	7.832722977e-01	2.312008965e+00	6.235646990e-02	1.098346843e+00	1.410562695e+00	-6.224674825e-01	-1.363163558e+05	-1.406790675e+01
0	8.088543005e-01	1.096959131e+00	2.589208641e+00	7.640888543e-01	1.359758625e+00	6.643405120e-01	1.060671271e+00	1.710427833e+00	9.172243666e-01	1.808887498e-01	9.852346806e-01	-1.729148342e+00	-5.381316058e+05	-1.461317152e+01

1	1.543359986e-01	1.207350774e-01	3.320106419e+00	4.015948155e-01	1.630454777e+00	5.849558479e-01	1.174446078e+00	3.862271048e+00	1.457278715e-01	1.158395239e+00	2.827934314e+00	-1.183274518e+00	-1.670810549e+04	-1.629918080e+01

2	6.346050246e-01	9.210899332e-02	1.449107017e+00	3.759354516e-01	2.708805743e+00	-7.934056848e-02	1.778061275e-01	3.134629144e+00	-1.869102616e-01	1.990809989e-02	5.396776693e-01	-2.973506141e-01	-2.248803539e+05	-1.113116297e+01

3	2.659484945e-02	1.509525902e-01	6.260260163e-01	4.118604576e-01	8.546108840e-01	-5.312643171e-01	3.866456717e-01	9.091928863e-01	-3.801076699e-01	1.385438519e+00	2.172361350e+00	-2.104533590e+00	-6.564927065e+03	-1.207265423e+01

4	4.700877340e-02	7.440586648e-02	5.428559178e-01	4.752526947e-01	1.968366442e+00	1.142133745e+00	2.354248825e+00	1.232274076e+00	7.591286925e-02	5.649961169e+00	1.642568157e+00	-6.833620647e-01	-3.409979228e+03	-1.764128297e+01

5	4.503726976e-01	2.288917742e-02	6.819017841e+00	1.773260672e+00	2.940525982e-01	1.363252694e+00	1.151544568e+00	6.756877622e-01	2.279590707e+00	1.046345443e+00	6.401080615e-01	-1.413745518e-01	-2.253466958e+04	-1.676635227e+01

6	1.550205506e-01	9.218682898e-02	6.188895333e-01	2.152491977e-01	1.587362745e-01	6.591283070e-01	3.471524712e+00	1.619673118e+00	1.447384011e+00	2.113470381e+00	1.432324611e+00	1.648558974e-01	-1.658400934e+04	-1.463923150e+01

7	2.040932425e-01	3.021009397e-01	1.020660081e+00	3.526786273e-01	5.578528234e-01	5.958289454e-01	1.847222083e+00	1.572083952e+00	4.174657952e-01	1.071971246e+00	1.208876206e+00	-1.446503025e-01	-4.039547506e+04	-1.106590993e+01

8	8.190159928e-01	4.957995013e-02	2.434517625e+00	1.121896151e-02	1.093489395e+00	-3.463627885e+00	9.301093147e-01	3.843926960e+00	1.208761796e+00	2.673079546e+00	2.462893820e-01	2.610259217e+00	-2.321011421e+05	-2.400347897e+01

9	5.073312017e-01	4.147993386e-01	9.485638475e-02	1.270719658e-01	1.086419008e+00	4.310329523e-01	1.211060444e+00	1.498947595e+00	-9.274066348e-01	1.001832332e+00	1.696264131e+00	-1.992682040e+00	-1.788725512e+05	-1.315500552e+01

10	7.775798248e-01	6.530117180e-01	3.527034917e-01	1.801099611e+00	3.042774456e+00	6.277253335e-01	2.692915490e-01	7.957765493e-01	-1.004611637e+00	8.391111291e-01	3.807655319e-01	-1.214650183e+00	-4.525103214e+05	-1.309796129e+01

11	2.117056848e+00	2.002144578e-01	8.350634490e-01	2.653061312e-01	9.388485397e-01	3.600879474e-01	2.222897513e+00	7.583887406e-01	9.818568338e-02	1.398295956e+00	1.316726804e+00	5.564078869e-01	-1.981803875e+06	-1.300117450e+01

12	8.031869716e-02	5.775317422e-01	9.570480672e-01	6.426503614e-01	2.177859552e+00	1.541624145e-01	3.934253226e-01	2.691866129e-01	4.683500552e-02	2.449706668e-01	7.934505208e-01	-2.331346802e-02	-2.526916722e+04	-9.005493406e+00

13	8.567333478e-02	6.178869603e-01	1.445661920e+00	8.370177933e-01	1.423873868e-01	7.522955653e-01	1.290528221e+00	5.728611594e-01	-6.697128129e-02	1.361101807e+00	2.663704963e+00	-6.870171176e-01	-3.273016801e+04	-1.262404604e+01

14	6.594706213e-01	5.147005024e-01	2.681211546e+00	1.143104188e+00	1.104864521e+00	5.685609289e-02	9.419044592e-01	2.427750707e+00	-2.381100345e-01	9.128489498e-01	1.643727340e+00	1.955960553e-01	-2.907676062e+05	-1.382313342e+01

15	2.557339148e-02	1.114310942e+00	1.080225508e+00	4.348355310e-01	8.584864487e+00	-1.849176801e+00	1.033196479e+00	6.781926459e-02	2.021066743e+00	5.704466512e-01	7.853376016e-01	-8.535337171e-01	-6.306853769e+03	-1.917021111e+01

16	4.577556440e-01	7.661149328e-01	2.662252240e+00	6.504682740e-01	9.740822324e-01	3.176579242e-01	1.345493209e+00	2.093289554e+00	2.664834114e-01	8.678009780e-01	1.636927665e+00	-4.553170826e-01	-1.816783647e+05	-1.346308719e+01

17	1.589940160e-01	1.620041904e+00	4.445693672e-01	6.456578350e-01	4.939118266e-01	7.178850685e-01	2.892049912e-01	5.290718431e-01	-2.251505268e+00	2.300962392e+00	1.603534692e-01	-4.828913340e-01	-1.295832557e+05	-1.321794794e+01

18	3.483504136e-01	5.578437019e-01	1.490605021e+00	7.281283095e-01	9.954026414e-01	2.720305401e-01	9.355348602e-01	5.022395721e-01	-3.581590793e-02	1.221895559e+00	2.638484835e+00	-3.341778212e-02	-1.218624791e+05	-1.174233290e+01

19	3.050192348e-01	1.561137451e+00	7.929073725e-01	4.415988000e-01	1.742737262e+00	7.153288224e-01	5.694320625e-01	9.800341024e-01	3.443942972e-01	5.001496251e+00	7.674927627e-01	7.471957711e-02	-2.036870568e+05	-1.519247085e+01

20	1.558898123e+00	2.120564901e-01	3.084006562e+00	8.168294804e-01	2.831575781e-01	1.852971350e+00	5.307759244e-01	9.401774382e-01	7.873526895e-01	3.342097467e+00	5.022803883e-01	-1.097710378e+00	-5.876733017e+05	-1.593564651e+01

21	1.217986044e+00	9.556515111e-01	1.276836295e+00	8.411256386e-01	4.040754530e+00	1.869407945e-01	8.336758299e-01	3.666930460e+00	1.184939206e+00	1.724033342e+00	2.897926737e-01	5.711939819e-01	-1.082927010e+06	-1.730610670e+01

22	8.390830133e-01	5.704620481e-01	2.259062509e+00	2.808470645e-01	1.260190836e+00	-2.534212458e+00	7.793228221e-01	2.871171297e+00	7.309175160e-01	1.910184431e+00	3.338419178e-01	1.611198660e+00	-4.867760522e+05	-1.788915212e+01

23	8.416221399e-01	4.659449809e-01	6.296397621e-01	5.493198000e-01	5.152309418e-01	-2.795682557e+00	1.423129306e+00	3.839033455e+00	-7.819183499e-01	1.481120175e+00	2.110971687e-01	8.171373372e-01	-4.736894899e+05	-1.721360872e+01

24	2.763634914e-01	2.947578408e-01	2.762699951e+00	5.514426320e-01	1.021067981e+00	2.801418828e-01	6.241359374e-01	1.749164642e+00	-1.151710286e-01	1.213535086e+00	1.716215057e+00	-1.217108867e+00	-5.668290429e+04	-1.281161655e+01
0	5.940384003e-01	8.454725104e-01	2.076731912e+00	7.473139757e-01	1.189793809e+00	4.813357163e-01	1.002297625e+00	1.146832050e+00	4.726500421e-01	6.664977124e-01	1.756442981e+00	-9.381237772e-01	-2.926649337e+05	-1.283735438e+01

1	1.543359986e-01	1.207350774e-01	3.320106419e+00	4.015948155e-01	1.630454777e+00	5.849558479e-01	1.174446078e+00	3.862271048e+00	1.457278715e-01	1.158395239e+00	2.827934314e+00	-1.183274518e+00	-1.670810549e+04	-1.629918080e+01

2	6.346050246e-01	9.210899332e-02	1.449107017e+00	3.759354516e-01	2.708805743e+00	-7.934056848e-02	1.778061275e-01	3.134629144e+00	-1.869102616e-01	1.990809989e-02	5.396776693e-01	-2.973506141e-01	-2.248803539e+05	-1.113116297e+01

3	2.659484945e-02	1.509525902e-01	6.260260163e-01	4.118604576e-01	8.546108840e-01	-5.312643171e-01	3.866456717e-01	9.091928863e-01	-3.801076699e-01	1.385438519e+00	2.172361350e+00	-2.104533590e+00	-6.564927065e+03	-1.207265423e+01

4	4.700877340e-02	7.440586648e-02	5.428559178e-01	4.752526947e-01	1.968366442e+00	1.142133745e+00	2.354248825e+00	1.232274076e+00	7.591286925e-02	5.649961169e+00	1.642568157e+00	-6.833620647e-01	-3.409979228e+03	-1.764128297e+01

5	4.503726976e-01	2.288917742e-02	6.819017841e+00	1.773260672e+00	2.940525982e-01	1.363252694e+00	1.151544568e+00	6.756877622e-01	2.279590707e+00	1.046345443e+00	6.401080615e-01	-1.413745518e-01	-2.253466958e+04	-1.676635227e+01

6	1.550205506e-01	9.218682898e-02	6.188895333e-01	2.152491977e-01	1.587362745e-01	6.591283070e-01	3.471524712e+00	1.619673118e+00	1.447384011e+00	2.113470381e+00	1.432324611e+00	1.648558974e-01	-1.658400934e+04	-1.463923150e+01

7	2.040932425e-01	3.021009397e-01	1.020660081e+00	3.526786273e-01	5.578528234e-01	5.958289454e-01	1.847222083e+00	1.572083952e+00	4.174657952e-01	1.071971246e+00	1.208876206e+00	-1.446503025e-01	-4.039547506e+04	-1.106590993e+01

8	8.190159928e-01	4.957995013e-02	2.434517625e+00	1.121896151e-02	1.093489395e+00	-3.463627885e+00	9.301093147e-01	3.843926960e+00	1.208761796e+00	2.673079546e+00	2.462893820e-01	2.610259217e+00	-2.321011421e+05	-2.400347897e+01

9	5.073312017e-01	4.147993386e-01	9.485638475e-02	1.270719658e-01	1.086419008e+00	4.310329523e-01	1.211060444e+00	1.498947595e+00	-9.274066348e-01	1.001832332e+00	1.696264131e+00	-1.992682040e+00	-1.788725512e+05	-1.315500552e+01

10	6.369669040e-01	5.329223244e-01	1.022192984e+00	1.485350864e+00	2.724134484e+00	6.180759121e-01	4.735076466e-01	1.487622549e+00	-7.450782229e-01	9.111462932e-01	9.328825938e-01	-1.207571374e+00	-2.813746593e+05	-1.381539460e+01

11	2.117056848e+00	2.002144578e-01	8.350634490e-01	2.653061312e-01	9.388485397e-01	3.600879474e-01	2.222897513e+00	7.583887406e-01	9.818568338e-02	1.398295956e+00	1.316726804e+00	5.564078869e-01	-1.981803875e+06	-1.300117450e+01

12	8.031869716e-02	5.775317422e-01	9.570480672e-01	6.426503614e-01	2.177859552e+00	1.541624145e-01	3.934253226e-01	2.691866129e-01	4.683500552e-02	2.449706668e-01	7.934505208e-01	-2.331346802e-02	-2.526916722e+04	-9.005493406e+00

13	8.567333478e-02	6.178869603e-01	1.445661920e+00	8.370177933e-01	1.423873868e-01	7.522955653e-01	1.290528221e+00	5.728611594e-01	-6.697128129e-02	1.361101807e+00	2.663704963e+00	-6.870171176e-01	-3.273016801e+04	-1.262404604e+01

14	5.381169515e-01	4.169554183e-02	2.755951237e+00	1.451001957e+00	8.977981582e-01	-4.366413493e-01	8.454227786e-01	3.010476770e+00	-1.176660150e+00	1.507465824e+00	2.178661953e+00	1.759185848e+00	-1.587396332e+05	-1.704651135e+01

15	2.557339148e-02	1.114310942e+00	1.080225508e+00	4.348355310e-01	8.584864487e+00	-1.849176801e+00	1.033196479e+00	6.781926459e-02	2.021066743e+00	5.704466512e-01	7.853376016e-01	-8.535337171e-01	-6.306853769e+03	-1.917021111e+01

16	4.315915855e-01	8.180095380e-01	2.678745780e+00	6.967655122e-01	9.654342421e-01	5.915152223e-01	1.375577132e+00	1.966500717e+00	1.982394792e-01	7.370547885e-01	1.737643787e+00	-6.773395599e-01	-1.713933781e+05	-1.365367825e+01

17	1.589940160e-01	1.620041904e+00	4.445693672e-01	6.456578350e-01	4.939118266e-01	7.178850685e-01	2.892049912e-01	5.290718431e-01	-2.251505268e+00	2.300962392e+00	1.603534692e-01	-4.828913340e-01	-1.295832557e+05	-1.321794794e+01

18	3.483504136e-01	5.578437019e-01	1.490605021e+00	7.281283095e-01	9.954026414e-01	2.720305401e-01	9.355348602e-01	5.022395721e-01	-3.581590793e-02	1.221895559e+00	2.638484835e+00	-3.341778212e-02	-1.218624791e+05	-1.174233290e+01

19	3.050192348e-01	1.561137451e+00	7.929073725e-01	4.415988000e-01	1.742737262e+00	7.153288224e-01	5.694320625e-01	9.800341024e-01	3.443942972e-01	5.001496251e+00	7.674927627e-01	7.471957711e-02	-2.036870568e+05	-1.519247085e+01

20	1.558898123e+00	2.120564901e-01	3.084006562e+00	8.168294804e-01	2.831575781e-01	1.852971350e+00	5.307759244e-01	9.401774382e-01	7.873526895e-01	3.342097467e+00	5.022803883e-01	-1.097710378e+00	-5.876733017e+05	-1.593564651e+01

21	1.186990097e+00	9.663570199e-01	1.376262028e+00	8.352893081e-01	3.837641454e+00	2.231087443e-01	8.508730745e-01	3.518705218e+00	1.164657047e+00	1.607124232e+00	3.424795746e-01	3.969193383e-01	-1.023737752e+06	-1.689316433e+01

22	5.409125320e-01	5.892309985e-01	1.937149940e+00	5.009579797e-01	8.178073596e-01	-1.233539388e+00	9.816381948e-01	1.961588822e+00	4.151439156e-01	1.692878714e+00	1.255911816e+00	7.016535294e-01	-2.234904916e+05	-1.355093799e+01

23	8.416221399e-01	4.659449809e-01	6.296397621e-01	5.493198000e-01	5.152309418e-01	-2.795682557e+00	1.423129306e+00	3.839033455e+00	-7.819183499e-01	1.481120175e+00	2.110971687e-01	8.171373372e-01	-4.736894899e+05	-1.721360872e+01

24	2.195562337e-01	3.910191241e-01	2.370349763e+00	6.365164611e-01	7.593059900e-01	4.207980992e-01	8.226565055e-01	1.398739762e+00	-1.008121570e-01	1.257495723e+00	1.998475580e+00	-1.059192700e+00	-4.681186627e+04	-1.249022472e+01
0	5.940384003e-01	8.454725104e-01	2.076731912e+00	7.473139757e-01	1.189793809e+00	4.813357163e-01	1.002297625e+00	1.146832050e+00	4.726500421e-01	6.664977124e-01	1.756442981e+00	-9.381237772e-01	-2.926649337e+05	-1.283735438e+01

1	1.544552290e-01	1.157627486e-01	2.849627866e+00	3.691384745e-01	1.374121421e+00	5.978746740e-01	1.574534732e+00	3.471671451e+00	3.724409871e-01	1.324743366e+00	2.584857041e+00	-9.484668466e-01	-1.664823263e+04	-1.571579185e+01

2	6.346050246e-01	9.210899332e-02	1.449107017e+00	3.759354516e-01	2.708805743e+00	-7.934056848e-02	1.778061275e-01	3.134629144e+00	-1.869102616e-01	1.990809989e-02	5.396776693e-01	-2.973506141e-01	-2.248803539e+05	-1.113116297e+01

3	2.659484945e-02	1.509525902e-01	6.260260163e-01	4.118604576e-01	8.546108840e-01	-5.312643171e-01	3.866456717e-01	9.091928863e-01	-3.801076699e-01	1.385438519e+00	2.172361350e+00	-2.104533590e+00	-6.564927065e+03	-1.207265423e+01

4	4.700877340e-02	7.440586648e-02	5.428559178e-01	4.752526947e-01	1.968366442e+00	1.142133745e+00	2.354248825e+00	1.232274076e+00	7.591286925e-02	5.649961169e+00	1.642568157e+00	-6.833620647e-01	-3.409979228e+03	-1.764128297e+01

5	4.503726976e-01	2.288917742e-02	6.819017841e+00	1.773260672e+00	2.940525982e-01	1.363252694e+00	1.151544568e+00	6.756877622e-01	2.279590707e+00	1.046345443e+00	6.401080615e-01	-1.413745518e-01	-2.253466958e+04	-1.676635227e+01

6	1.547683856e-01	1.027030045e-01	1.613923285e+00	2.838924008e-01	7.008658570e-01	6.318057693e-01	2.625361347e+00	2.445767699e+00	9.678994503e-01	1.761654128e+00	1.946418376e+00	-3.317481596e-01	-1.647723958e+04	-1.453814531e+01

7	2.040932425e-01	3.021009397e-01	1.020660081e+00	3.526786273e-01	5.578528234e-01	5.958289454e-01	1.847222083e+00	1.572083952e+00	4.174657952e-01	1.071971246e+00	1.208876206e+00	-1.446503025e-01	-4.039547506e+04	-1.106590993e+01

8	8.190159928e-01	4.957995013e-02	2.434517625e+00	1.121896151e-02	1.093489395e+00	-3.463627885e+00	9.301093147e-01	3.843926960e+00	1.208761796e+00	2.673079546e+00	2.462893820e-01	2.610259217e+00	-2.321011421e+05	-2.400347897e+01

9	5.073312017e-01	4.147993386e-01	9.485638475e-02	1.270719658e-01	1.086419008e+00	4.310329523e-01	1.211060444e+00	1.498947595e+00	-9.274066348e-01	1.001832332e+00	1.696264131e+00	-1.992682040e+00	-1.788725512e+05	-1.315500552e+01

10	5.930597287e-01	4.129072649e-01	2.386234291e+00	1.553098447e+00	2.152315919e+00	7.934222330e-01	6.330553976e-01	1.296567512e+00	-3.334835999e-02	9.429597823e-01	8.639903009e-01	-9.566863565e-01	-2.353847345e+05	-1.355712604e+01

11	1.836801644e+00	2.521333225e-01	8.518485345e-01	3.172287036e-01	1.109336476e+00	3.317525906e-01	1.971162109e+00	6.910745196e-01	9.111982925e-02	1.239598377e+00	1.244723979e+00	4.766382188e-01	-1.581860030e+06	-1.240928971e+01

12	8.031869716e-02	5.775317422e-01	9.570480672e-01	6.426503614e-01	2.177859552e+00	1.541624145e-01	3.934253226e-01	2.691866129e-01	4.683500552e-02	2.449706668e-01	7.934505208e-01	-2.331346802e-02	-2.526916722e+04	-9.005493406e+00

13	1.023365269e-01	4.962416882e-01	1.785788557e+00	7.236687340e-01	4.407888942e-01	7.148853570e-01	1.359332012e+00	1.275130754e+00	3.948131290e-02	1.352293563e+00	2.644603162e+00	-7.503562729e-01	-2.436871555e+04	-1.289954720e+01

14	5.381169515e-01	4.169554183e-02	2.755951237e+00	1.451001957e+00	8.977981582e-01	-4.366413493e-01	8.454227786e-01	3.010476770e+00	-1.176660150e+00	1.507465824e+00	2.178661953e+00	1.759185848e+00	-1.587396332e+05	-1.704651135e+01

15	2.557339148e-02	1.114310942e+00	1.080225508e+00	4.348355310e-01	8.584864487e+00	-1.849176801e+00	1.033196479e+00	6.781926459e-02	2.021066743e+00	5.704466512e-01	7.853376016e-01	-8.535337171e-01	-6.306853769e+03	-1.917021111e+01

16	4.315915855e-01	8.180095380e-01	2.678745780e+00	6.967655122e-01	9.654342421e-01	5.915152223e-01	1.375577132e+00	1.966500717e+00	1.982394792e-01	7.370547885e-01	1.737643787e+00	-6.773395599e-01	-1.713933781e+05	-1.365367825e+01

17	1.589940160e-01	1.620041904e+00	4.445693672e-01	6.456578350e-01	4.939118266e-01	7.178850685e-01	2.892049912e-01	5.290718431e-01	-2.251505268e+00	2.300962392e+00	1.603534692e-01	-4.828913340e-01	-1.295832557e+05	-1.321794794e+01

18	3.483504136e-01	5.578437019e-01	1.490605021e+00	7.281283095e-01	9.954026414e-01	2.720305401e-01	9.355348602e-01	5.022395721e-01	-3.581590793e-02	1.221895559e+00	2.638484835e+00	-3.341778212e-02	-1.218624791e+05	-1.174233290e+01

19	3.050192348e-01	1.561137451e+00	7.929073725e-01	4.415988000e-01	1.742737262e+00	7.153288224e-01	5.694320625e-01	9.800341024e-01	3.443942972e-01	5.001496251e+00	7.674927627e-01	7.471957711e-02	-2.036870568e+05	-1.519247085e+01

20	1.558898123e+00	2.120564901e-01	3.084006562e+00	8.168294804e-01	2.831575781e-01	1.852971350e+00	5.307759244e-01	9.401774382e-01	7.873526895e-01	3.342097467e+00	5.022803883e-01	-1.097710378e+00	-5.876733017e+05	-1.593564651e+01

21	1.186990097e+00	9.663570199e-01	1.376262028e+00	8.352893081e-01	3.837641454e+00	2.231087443e-01	8.508730745e-01	3.518705218e+00	1.164657047e+00	1.607124232e+00	3.424795746e-01	3.969193383e-01	-1.023737752e+06	-1.689316433e+01

22	5.409125320e-01	5.892309985e-01	1.937149940e+00	5.009579797e-01	8.178073596e-01	-1.233539388e+00	9.816381948e-01	1.961588822e+00	4.151439156e-01	1.692878714e+00	1.255911816e+00	7.016535294e-01	-2.234904916e+05	-1.355093799e+01

23	8.416221399e-01	4.659449809e-01	6.296397621e-01	5.493198000e-01	5.152309418e-01	-2.795682557e+00	1.423129306e+00	3.839033455e+00	-7.819183499e-01	1.481120175e+00	2.110971687e-01	8.171373372e-01	-4.736894899e+05	-1.721360872e+01

24	2.195562337e-01	3.910191241e-01	2.370349763e+00	6.365164611e-01	7.593059900e-01	4.207980992e-01	8.226565055e-01	1.398739762e+00	-1.008121570e-01	1.257495723e+00	1.998475580e+00	-1.059192700e+00	-4.681186627e+04	-1.249022472e+01
0	5.940384003e-01	8.454725104e-01	2.076731912e+00	7.473139757e-01	1.189793809e+00	4.813357163e-01	1.002297625e+00	1.146832050e+00	4.726500421e-01	6.664977124e-01	1.756442981e+00	-9.381237772e-01	-2.926649337e+05	-1.283735438e+01

1	1.544552290e-01	1.157627486e-01	2.849627866e+00	3.691384745e-01	1.374121421e+00	5.978746740e-01	1.574534732e+00	3.471671451e+00	3.724409871e-01	1.324743366e+00	2.584857041e+00	-9.484668466e-01	-1.664823263e+04	-1.571579185e+01

2	6.346050246e-01	9.210899332e-02	1.449107017e+00	3.759354516e-01	2.708805743e+00	-7.934056848e-02	1.778061275e-01	3.134629144e+00	-1.869102616e-01	1.990809989e-02	5.396776693e-01	-2.973506141e-01	-2.248803539e+05	-1.113116297e+01

3	2.659484945e-02	1.509525902e-01	6.260260163e-01	4.118604576e-01	8.546108840e-01	-5.312643171e-01	3.866456717e-01	9.091928863e-01	-3.801076699e-01	1.385438519e+00	2.172361350e+00	-2.104533590e+00	-6.564927065e+03	-1.207265423e+01

4	4.700877340e-02	7.440586648e-02	5.428559178e-01	4.752526947e-01	1.968366442e+00	1.142133745e+00	2.354248825e+00	1.232274076e+00	7.591286925e-02	5.649961169e+00	1.642568157e+00	-6.833620647e-01	-3.409979228e+03	-1.764128297e+01

5	4.503726976e-01	2.288917742e-02	6.819017841e+00	1.773260672e+00	2.940525982e-01	1.363252694e+00	1.151544568e+00	6.756877622e-01	2.279590707e+00	1.046345443e+00	6.401080615e-01	-1.413745518e-01	-2.253466958e+04	-1.676635227e+01

6	1.547683856e-01	1.027030045e-01	1.613923285e+00	2.838924008e-01	7.008658570e-01	6.318057693e-01	2.625361347e+00	2.445767699e+00	9.678994503e-01	1.761654128e+00	1.946418376e+00	-3.317481596e-01	-1.647723958e+04	-1.453814531e+01

7	2.040932425e-01	3.021009397e-01	1.020660081e+00	3.526786273e-01	5.578528234e-01	5.958289454e-01	1.847222083e+00	1.572083952e+00	4.174657952e-01	1.071971246e+00	1.208876206e+00	-1.446503025e-01	-4.039547506e+04	-1.106590993e+01

8	7.811891143e-01	4.684118170e-02	2.884415831e+00	1.920239255e-01	1.011458339e+00	-2.968336563e+00	9.528310204e-01	3.518830584e+00	1.318640683e+00	2.506158639e+00	2.866995334e-01	2.327911165e+00	-2.181366570e+05	-2.176636067e+01

9	5.073312017e-01	4.147993386e-01	9.485638475e-02	1.270719658e-01	1.086419008e+00	4.310329523e-01	1.211060444e+00	1.498947595e+00	-9.274066348e-01	1.001832332e+00	1.696264131e+00	-1.992682040e+00	-1.788725512e+05	-1.315500552e+01

10	5.930597287e-01	4.129072649e-01	2.386234291e+00	1.553098447e+00	2.152315919e+00	7.934222330e-01	6.330553976e-01	1.296567512e+00	-3.334835999e-02	9.429597823e-01	8.639903009e-01	-9.566863565e-01	-2.353847345e+05	-1.355712604e+01

11	9.816510259e-01	2.043350455e-01	7.451688631e-01	3.619332109e-01	9.890028498e-01	-7.594085316e-02	1.222628729e+00	7.941147118e-01	-1.314903655e-01	1.308493979e+00	1.682944448e+00	-7.427200747e-01	-4.996049567e+05	-1.131634122e+01

12	8.031869716e-02	5.775317422e-01	9.570480672e-01	6.426503614e-01	2.177859552e+00	1.541624145e-01	3.934253226e-01	2.691866129e-01	4.683500552e-02	2.449706668e-01	7.934505208e-01	-2.331346802e-02	-2.526916722e+04	-9.005493406e+00

13	1.023365269e-01	4.962416882e-01	1.785788557e+00	7.236687340e-01	4.407888942e-01	7.148853570e-01	1.359332012e+00	1.275130754e+00	3.948131290e-02	1.352293563e+00	2.644603162e+00	-7.503562729e-01	-2.436871555e+04	-1.289954720e+01

14	5.381169515e-01	4.169554183e-02	2.755951237e+00	1.451001957e+00	8.977981582e-01	-4.366413493e-01	8.454227786e-01	3.010476770e+00	-1.176660150e+00	1.507465824e+00	2.178661953e+00	1.759185848e+00	-1.587396332e+05	-1.704651135e+01

15	2.557339148e-02	1.114310942e+00	1.080225508e+00	4.348355310e-01	8.584864487e+00	-1.849176801e+00	1.033196479e+00	6.781926459e-02	2.021066743e+00	5.704466512e-01	7.853376016e-01	-8.535337171e-01	-6.306853769e+03	-1.917021111e+01

16	4.315915855e-01	8.180095380e-01	2.678745780e+00	6.967655122e-01	9.654342421e-01	5.915152223e-01	1.375577132e+00	1.966500717e+00	1.982394792e-01	7.370547885e-01	1.737643787e+00	-6.773395599e-01	-1.713933781e+05	-1.365367825e+01

17	1.589940160e-01	1.620041904e+00	4.445693672e-01	6.456578350e-01	4.939118266e-01	7.178850685e-01	2.892049912e-01	5.290718431e-01	-2.251505268e+00	2.300962392e+00	1.603534692e-01	-4.828913340e-01	-1.295832557e+05	-1.321794794e+01

18	3.483504136e-01	5.578437019e-01	1.490605021e+00	7.281283095e-01	9.954026414e-01	2.720305401e-01	9.355348602e-01	5.022395721e-01	-3.581590793e-02	1.221895559e+00	2.638484835e+00	-3.341778212e-02	-1.218624791e+05	-1.174233290e+01

19	2.620773051e-01	1.578459602e+00	6.904709149e-01	5.016068507e-01	1.375492656e+00	7.160805428e-01	4.870251242e-01	8.474187241e-01	-4.189871072e-01	4.207344829e+00	5.889500900e-01	-8.925818463e-02	-1.994205682e+05	-1.369131050e+01

20	1.558898123e+00	2.120564901e-01	3.084006562e+00	8.168294804e-01	2.831575781e-01	1.852971350e+00	5.307759244e-01	9.401774382e-01	7.873526895e-01	3.342097467e+00	5.022803883e-01	-1.097710378e+00	-5.876733017e+05	-1.593564651e+01

21	1.186990097e+00	9.663570199e-01	1.376262028e+00	8.352893081e-01	3.837641454e+00	2.231087443e-01	8.508730745e-01	3.518705218e+00	1.164657047e+00	1.607124232e+00	3.424795746e-01	3.969193383e-01	-1.023737752e+06	-1.689316433e+01

22	5.227403609e-01	6.272603323e-01	2.060423722e+00	5.335066183e-01	8.423470389e-01	-9.301647315e-01	1.047121764e+00	1.962405315e+00	3.790883869e-01	1.533994287e+00	1.335989020e+00	4.724266599e-01	-2.149220832e+05	-1.320466470e+01

23	5.696009643e-01	4.770926967e-01	1.055046329e+00	6.134717342e-01	4.878398862e-01	-1.503964182e+00	1.399655002e+00	2.895641869e+00	-4.796831949e-01	1.433718243e+00	1.106509103e+00	2.403758705e-01	-2.357106399e+05	-1.372596870e+01

24	2.195562337e-01	3.910191241e-01	2.370349763e+00	6.365164611e-01	7.593059900e-01	4.207980992e-01	8.226565055e-01	1.398739762e+00	-1.008121570e-01	1.257495723e+00	1.998475580e+00	-1.059192700e+00	-4.681186627e+04	-1.249022472e+01
0	5.736258082e-01	8.818158577e-01	2.000149684e+00	7.425441972e-01	1.157142531e+00	4.924347803e-01	9.688388112e-01	1.117846301e+00	3.448307359e-01	7.431879586e-01	1.681553325e+00	-9.167639469e-01	-2.856640170e+05	-1.265385050e+01

1	2.438055451e-02	2.549793821e-03	3.411911396e+00	2.925832638e-01	1.651813740e+00	1.256428964e+00	1.629328560e+00	3.652154722e+00	6.394310248e-01	1.290599040e+00	3.048057336e+00	-1.320958519e+00	-2.064149561e+03	-1.761031651e+01

2	6.346050246e-01	9.210899332e-02	1.449107017e+00	3.759354516e-01	2.708805743e+00	-7.934056848e-02	1.778061275e-01	3.134629144e+00	-1.869102616e-01	1.990809989e-02	5.396776693e-01	-2.973506141e-01	-2.248803539e+05	-1.113116297e+01

3	2.659484945e-02	1.509525902e-01	6.260260163e-01	4.118604576e-01	8.546108840e-01	-5.312643171e-01	3.866456717e-01	9.091928863e-01	-3.801076699e-01	1.385438519e+00	2.172361350e+00	-2.104533590e+00	-6.564927065e+03	-1.207265423e+01

4	4.700877340e-02	7.440586648e-02	5.428559178e-01	4.752526947e-01	1.968366442e+00	1.142133745e+00	2.354248825e+00	1.232274076e+00	7.591286925e-02	5.649961169e+00	1.642568157e+00	-6.833620647e-01	-3.409979228e+03	-1.764128297e+01

5	4.503726976e-01	2.288917742e-02	6.819017841e+00	1.773260672e+00	2.940525982e-01	1.363252694e+00	1.151544568e+00	6.756877622e-01	2.279590707e+00	1.046345443e+00	6.401080615e-01	-1.413745518e-01	-2.253466958e+04	-1.676635227e+01

6	1.547683856e-01	1.027030045e-01	1.613923285e+00	2.838924008e-01	7.008658570e-01	6.318057693e-01	2.625361347e+00	2.445767699e+00	9.678994503e-01	1.761654128e+00	1.946418376e+00	-3.317481596e-01	-1.647723958e+04	-1.453814531e+01

7	2.040932425e-01	3.021009397e-01	1.020660081e+00	3.526786273e-01	5.578528234e-01	5.958289454e-01	1.847222083e+00	1.572083952e+00	4.174657952e-01	1.071971246e+00	1.208876206e+00	-1.446503025e-01	-4.039547506e+04	-1.106590993e+01

8	7.811891143e-01	4.684118170e-02	2.884415831e+00	1.920239255e-01	1.011458339e+00	-2.968336563e+00	9.528310204e-01	3.518830584e+00	1.318640683e+00	2.506158639e+00	2.866995334e-01	2.327911165e+00	-2.181366570e+05	-2.176636067e+01

9	5.073312017e-01	4.147993386e-01	9.485638475e-02	1.270719658e-01	1.086419008e+00	4.310329523e-01	1.211060444e+00	1.498947595e+00	-9.274066348e-01	1.001832332e+00	1.696264131e+00	-1.992682040e+00	-1.788725512e+05	-1.315500552e+01

10	5.930597287e-01	4.129072649e-01	2.386234291e+00	1.553098447e+00	2.152315919e+00	7.934222330e-01	6.330553976e-01	1.296567512e+00	-3.334835999e-02	9.429597823e-01	8.639903009e-01	-9.566863565e-01	-2.353847345e+05	-1.355712604e+01

11	9.816510259e-01	2.043350455e-01	7.451688631e-01	3.619332109e-01	9.890028498e-01	-7.594085316e-02	1.222628729e+00	7.941147118e-01	-1.314903655e-01	1.308493979e+00	1.682944448e+00	-7.427200747e-01	-4.996049567e+05	-1.131634122e+01

12	8.031869716e-02	5.775317422e-01	9.570480672e-01	6.426503614e-01	2.177859552e+00	1.541624145e-01	3.934253226e-01	2.691866129e-01	4.683500552e-02	2.449706668e-01	7.934505208e-01	-2.331346802e-02	-2.526916722e+04	-9.005493406e+00

13	1.023365269e-01	4.962416882e-01	1.785788557e+00	7.236687340e-01	4.407888942e-01	7.148853570e-01	1.359332012e+00	1.275130754e+00	3.948131290e-02	1.352293563e+00	2.644603162e+00	-7.503562729e-01	-2.436871555e+04	-1.289954720e+01

14	5.381169515e-01	4.169554183e-02	2.755951237e+00	1.451001957e+00	8.977981582e-01	-4.366413493e-01	8.454227786e-01	3.010476770e+00	-1.176660150e+00	1.507465824e+00	2.178661953e+00	1.759185848e+00	-1.587396332e+05	-1.704651135e+01

15	2.557339148e-02	1.114310942e+00	1.080225508e+00	4.348355310e-01	8.584864487e+00	-1.849176801e+00	1.033196479e+00	6.781926459e-02	2.021066743e+00	5.704466512e-01	7.853376016e-01	-8.535337171e-01	-6.306853769e+03	-1.917021111e+01

16	4.315915855e-01	8.180095380e-01	2.678745780e+00	6.967655122e-01	9.654342421e-01	5.915152223e-01	1.375577132e+00	1.966500717e+00	1.982394792e-01	7.370547885e-01	1.737643787e+00	-6.773395599e-01	-1.713933781e+05	-1.365367825e+01

17	1.589940160e-01	1.620041904e+00	4.445693672e-01	6.456578350e-01	4.939118266e-01	7.178850685e-01	2.892049912e-01	5.290718431e-01	-2.251505268e+00	2.300962392e+00	1.603534692e-01	-4.828913340e-01	-1.295832557e+05	-1.321794794e+01

18	3.483504136e-01	5.578437019e-01	1.490605021e+00	7.281283095e-01	9.954026414e-01	2.720305401e-01	9.355348602e-01	5.022395721e-01	-3.581590793e-02	1.221895559e+00	2.638484835e+00	-3.341778212e-02	-1.218624791e+05	-1.174233290e+01

19	2.620773051e-01	1.578459602e+00	6.904709149e-01	5.016068507e-01	1.375492656e+00	7.160805428e-01	4.870251242e-01	8.474187241e-01	-4.189871072e-01	4.207344829e+00	5.889500900e-01	-8.925818463e-02	-1.994205682e+05	-1.369131050e+01

20	1.558898123e+00	2.120564901e-01	3.084006562e+00	8.168294804e-01	2.831575781e-01	1.852971350e+00	5.307759244e-01	9.401774382e-01	7.873526895e-01	3.342097467e+00	5.022803883e-01	-1.097710378e+00	-5.876733017e+05	-1.593564651e+01

21	1.186990097e+00	9.663570199e-01	1.376262028e+00	8.352893081e-01	3.837641454e+00	2.231087443e-01	8.508730745e-01	3.518705218e+00	1.164657047e+00	1.607124232e+00	3.424795746e-01	3.969193383e-01	-1.023737752e+06	-1.689316433e+01

22	5.258791760e-01	5.077293101e-01	2.202401375e+00	7.207944427e-01	8.536662457e-01	-8.294220720e-01	1.005949060e+00	2.176347571e+00	6.151428430e-02	1.528579047e+00	1.508003388e+00	7.350921129e-01	-1.982952827e+05	-1.366199904e+01

23	5.696009643e-01	4.770926967e-01	1.055046329e+00	6.134717342e-01	4.878398862e-01	-1.503964182e+00	1.399655002e+00	2.895641869e+00	-4.796831949e-01	1.433718243e+00	1.106509103e+00	2.403758705e-01	-2.357106399e+05	-1.372596870e+01

24	2.195562337e-01	3.910191241e-01	2.370349763e+00	6.365164611e-01	7.593059900e-01	4.207980992e-01	8.226565055e-01	1.398739762e+00	-1.008121570e-01	1.257495723e+00	1.998475580e+00	-1.059192700e+00	-4.681186627e+04	-1.249022472e+01
0	3.370830624e-01	9.821621455e-01	1.603104832e+00	6.097352713e-01	4.362992360e+00	-5.182189748e-01	9.966159707e-01	6.646482659e-01	1.068304360e+00	6.686317630e-01	1.294741185e+00	-8.894733964e-01	-1.525673818e+05	-1.421045386e+01

1	2.438055451e-02	2.549793821e-03	3.411911396e+00	2.925832638e-01	1.651813740e+00	1.256428964e+00	1.629328560e+00	3.652154722e+00	6.394310248e-01	1.290599040e+00	3.048057336e+00	-1.320958519e+00	-2.064149561e+03	-1.761031651e+01

2	5.524513885e-01	4.198942846e-01	1.281804797e+00	4.036497983e-01	2.414769856e+00	9.607385874e-02	2.459982743e-01	2.630230027e+00	-2.380902295e-01	9.433646249e-01	5.505437292e-01	-2.514599358e-01	-2.105993847e+05	-1.172645956e+01

3	2.659484945e-02	1.509525902e-01	6.260260163e-01	4.118604576e-01	8.546108840e-01	-5.312643171e-01	3.866456717e-01	9.091928863e-01	-3.801076699e-01	1.385438519e+00	2.172361350e+00	-2.104533590e+00	-6.564927065e+03	-1.207265423e+01

4	4.700877340e-02	7.440586648e-02	5.428559178e-01	4.752526947e-01	1.968366442e+00	1.142133745e+00	2.354248825e+00	1.232274076e+00	7.591286925e-02	5.649961169e+00	1.642568157e+00	-6.833620647e-01	-3.409979228e+03	-1.764128297e+01

5	4.503726976e-01	2.288917742e-02	6.819017841e+00	1.773260672e+00	2.940525982e-01	1.363252694e+00	1.151544568e+00	6.756877622e-01	2.279590707e+00	1.046345443e+00	6.401080615e-01	-1.413745518e-01	-2.253466958e+04	-1.676635227e+01

6	1.547683856e-01	1.027030045e-01	1.613923285e+00	2.838924008e-01	7.008658570e-01	6.318057693e-01	2.625361347e+00	2.445767699e+00	9.678994503e-01	1.761654128e+00	1.946418376e+00	-3.317481596e-01	-1.647723958e+04	-1.453814531e+01

7	2.040932425e-01	3.021009397e-01	1.020660081e+00	3.526786273e-01	5.578528234e-01	5.958289454e-01	1.847222083e+00	1.572083952e+00	4.174657952e-01	1.071971246e+00	1.208876206e+00	-1.446503025e-01	-4.039547506e+04	-1.106590993e+01

8	7.811891143e-01	4.684118170e-02	2.884415831e+00	1.920239255e-01	1.011458339e+00	-2.968336563e+00	9.528310204e-01	3.518830584e+00	1.318640683e+00	2.506158639e+00	2.866995334e-01	2.327911165e+00	-2.181366570e+05	-2.176636067e+01

9	5.073312017e-01	4.147993386e-01	9.485638475e-02	1.270719658e-01	1.086419008e+00	4.310329523e-01	1.211060444e+00	1.498947595e+00	-9.274066348e-01	1.001832332e+00	1.696264131e+00	-1.992682040e+00	-1.788725512e+05	-1.315500552e+01

10	5.930597287e-01	4.129072649e-01	2.386234291e+00	1.553098447e+00	2.152315919e+00	7.934222330e-01	6.330553976e-01	1.296567512e+00	-3.334835999e-02	9.429597823e-01	8.639903009e-01	-9.566863565e-01	-2.353847345e+05	-1.355712604e+01

11	5.996283513e-01	1.573806867e-01	1.146536447e+00	3.258780834e-01	8.558825504e-01	2.510405641e-01	1.870696109e+00	1.557184174e+00	3.764315782e-01	1.517855555e+00	1.804670325e+00	-5.528496112e-01	-2.026001637e+05	-1.262307548e+01

12	7.817344641e-02	5.554809483e-01	1.051193084e+00	6.292251444e-01	2.157685479e+00	1.964347893e-01	4.408227193e-01	3.989248293e-01	6.956130625e-02	2.850709443e-01	8.799156181e-01	-7.307868869e-02	-2.147519582e+04	-9.142238625e+00

13	1.023365269e-01	4.962416882e-01	1.785788557e+00	7.236687340e-01	4.407888942e-01	7.148853570e-01	1.359332012e+00	1.275130754e+00	3.948131290e-02	1.352293563e+00	2.644603162e+00	-7.503562729e-01	-2.436871555e+04	-1.289954720e+01

14	5.381169515e-01	4.169554183e-02	2.755951237e+00	1.451001957e+00	8.977981582e-01	-4.366413493e-01	8.454227786e-01	3.010476770e+00	-1.176660150e+00	1.507465824e+00	2.178661953e+00	1.759185848e+00	-1.587396332e+05	-1.704651135e+01

15	2.557339148e-02	1.114310942e+00	1.080225508e+00	4.348355310e-01	8.584864487e+00	-1.849176801e+00	1.033196479e+00	6.781926459e-02	2.021066743e+00	5.704466512e-01	7.853376016e-01	-8.535337171e-01	-6.306853769e+03	-1.917021111e+01

16	4.315915855e-01	8.180095380e-01	2.678745780e+00	6.967655122e-01	9.654342421e-01	5.915152223e-01	1.375577132e+00	1.966500717e+00	1.982394792e-01	7.370547885e-01	1.737643787e+00	-6.773395599e-01	-1.713933781e+05	-1.365367825e+01

17	1.589940160e-01	1.620041904e+00	4.445693672e-01	6.456578350e-01	4.939118266e-01	7.178850685e-01	2.892049912e-01	5.290718431e-01	-2.251505268e+00	2.300962392e+00	1.603534692e-01	-4.828913340e-01	-1.295832557e+05	-1.321794794e+01

18	3.483504136e-01	5.578437019e-01	1.490605021e+00	7.281283095e-01	9.954026414e-01	2.720305401e-01	9.355348602e-01	5.022395721e-01	-3.581590793e-02	1.221895559e+00	2.638484835e+00	-3.341778212e-02	-1.218624791e+05	-1.174233290e+01

19	2.620773051e-01	1.578459602e+00	6.904709149e-01	5.016068507e-01	1.375492656e+00	7.160805428e-01	4.870251242e-01	8.474187241e-01	-4.189871072e-01	4.207344829e+00	5.889500900e-01	-8.925818463e-02	-1.994205682e+05	-1.369131050e+01

20	1.232354988e+00	2.337595392e-01	2.586686514e+00	7.049570795e-01	3.493662610e-01	1.549967406e+00	8.480736123e-01	1.092483307e+00	6.982003489e-01	2.794938134e+00	6.725883174e-01	-8.679981665e-01	-5.795121186e+05	-1.445490536e+01

21	1.189303467e+00	9.289984074e-01	1.437987301e+00	8.286430510e-01	3.659757794e+00	2.907715468e-01	8.507303167e-01	3.394980680e+00	1.140870212e+00	1.667696484e+00	3.593133816e-01	3.324152085e-01	-1.009044574e+06	-1.672038904e+01

22	5.258791760e-01	5.077293101e-01	2.202401375e+00	7.207944427e-01	8.536662457e-01	-8.294220720e-01	1.005949060e+00	2.176347571e+00	6.151428430e-02	1.528579047e+00	1.508003388e+00	7.350921129e-01	-1.982952827e+05	-1.366199904e+01

23	4.951163812e-01	4.801451538e-01	1.171530756e+00	6.310377566e-01	4.803396931e-01	-1.150267068e+00	1.393227290e+00	2.637323270e+00	-3.969254482e-01	1.420738691e+00	1.351689959e+00	8.244758661e-02	-1.867045265e+05	-1.323472802e+01

24	1.654867301e-01	4.395547497e-01	2.100711363e+00	6.767168699e-01	6.123847793e-01	5.564506483e-01	1.070206845e+00	1.341723089e+00	-3.609950350e-02	1.301222775e+00	2.296512476e+00	-9.167368557e-01	-3.589251388e+04	-1.264328689e+01
0	3.370830624e-01	9.821621455e-01	1.603104832e+00	6.097352713e-01	4.362992360e+00	-5.182189748e-01	9.966159707e-01	6.646482659e-01	1.068304360e+00	6.686317630e-01	1.294741185e+00	-8.894733964e-01	-1.525673818e+05	-1.421045386e+01

1	2.438055451e-02	2.549793821e-03	3.411911396e+00	2.925832638e-01	1.651813740e+00	1.256428964e+00	1.629328560e+00	3.652154722e+00	6.394310248e-01	1.290599040e+00	3.048057336e+00	-1.320958519e+00	-2.064149561e+03	-1.761031651e+01

2	5.524513885e-01	4.198942846e-01	1.281804797e+00	4.036497983e-01	2.414769856e+00	9.607385874e-02	2.459982743e-01	2.630230027e+00	-2.380902295e-01	9.433646249e-01	5.505437292e-01	-2.514599358e-01	-2.105993847e+05	-1.172645956e+01

3	2.102454617e-02	7.187676883e-02	5.146777173e-01	3.874217078e-01	4.566666188e-01	-5.507564859e-01	2.785285080e-01	9.286659540e-01	-5.444386139e-01	1.433096953e+00	2.214196440e+00	-2.274512448e+00	-6.273204792e+03	-1.202083172e+01

4	4.700877340e-02	7.440586648e-02	5.428559178e-01	4.752526947e-01	1.968366442e+00	1.142133745e+00	2.354248825e+00	1.232274076e+00	7.591286925e-02	5.649961169e+00	1.642568157e+00	-6.833620647e-01	-3.409979228e+03	-1.764128297e+01

5	4.503726976e-01	2.288917742e-02	6.819017841e+00	1.773260672e+00	2.940525982e-01	1.363252694e+00	1.151544568e+00	6.756877622e-01	2.279590707e+00	1.046345443e+00	6.401080615e-01	-1.413745518e-01	-2.253466958e+04	-1.676635227e+01

6	1.547683856e-01	1.027030045e-01	1.613923285e+00	2.838924008e-01	7.008658570e-01	6.318057693e-01	2.625361347e+00	2.445767699e+00	9.678994503e-01	1.761654128e+00	1.946418376e+00	-3.317481596e-01	-1.647723958e+04	-1.453814531e+01

7	1.677421753e-01	2.376568481e-01	9.022396245e-01	2.580698356e-01	4.475955465e-01	6.774222383e-01	2.076956268e+00	1.841671832e+00	5.316873175e-01	1.034192127e+00	8.486320733e-01	-1.726795560e-01	-2.930766169e+04	-1.092315238e+01

8	7.811891143e-01	4.684118170e-02	2.884415831e+00	1.920239255e-01	1.011458339e+00	-2.968336563e+00	9.528310204e-01	3.518830584e+00	1.318640683e+00	2.506158639e+00	2.866995334e-01	2.327911165e+00	-2.181366570e+05	-2.176636067e+01

9	5.051873452e-01	4.149545906e-01	1.074359807e-01	1.305190299e-01	1.083446131e+00	4.318195016e-01	1.210177089e+00	1.497961571e+00	-9.218168570e-01	1.003709941e+00	1.700028552e+00	-1.985934316e+00	-1.773489500e+05	-1.314577606e+01

10	5.909817552e-01	4.132647984e-01	2.329719416e+00	1.494279892e+00	2.165745977e+00	7.577381479e-01	6.132492579e-01	1.364812493e+00	-4.382522717e-02	9.429804986e-01	8.479508943e-01	-9.205991431e-01	-2.340609444e+05	-1.344502647e+01

11	6.071939666e-01	1.214399065e-01	1.038219740e+00	2.853652880e-01	8.561099117e-01	3.618806463e-01	1.959406843e+00	1.493666826e+00	4.087376085e-01	1.516755477e+00	1.835104129e+00	-6.849740935e-01	-2.010448262e+05	-1.267710926e+01

12	6.646500565e-02	5.358508885e-01	1.076220717e+00	6.410280197e-01	2.193912579e+00	1.809545473e-01	4.259584883e-01	3.694095165e-01	9.808951927e-02	1.871967251e-01	8.715259698e-01	-3.817778304e-02	-1.719309658e+04	-9.039565505e+00

13	6.952683875e-02	7.604135380e-01	1.484220578e+00	6.002171934e-01	3.921686062e+00	-3.810323566e-01	1.219936909e+00	7.591081439e-01	8.864399438e-01	1.018120744e+00	1.849925835e+00	-7.944558235e-01	-1.661088130e+04	-1.424028201e+01

14	5.381169515e-01	4.169554183e-02	2.755951237e+00	1.451001957e+00	8.977981582e-01	-4.366413493e-01	8.454227786e-01	3.010476770e+00	-1.176660150e+00	1.507465824e+00	2.178661953e+00	1.759185848e+00	-1.587396332e+05	-1.704651135e+01

15	2.557339148e-02	1.114310942e+00	1.080225508e+00	4.348355310e-01	8.584864487e+00	-1.849176801e+00	1.033196479e+00	6.781926459e-02	2.021066743e+00	5.704466512e-01	7.853376016e-01	-8.535337171e-01	-6.306853769e+03	-1.917021111e+01

16	4.315915855e-01	8.180095380e-01	2.678745780e+00	6.967655122e-01	9.654342421e-01	5.915152223e-01	1.375577132e+00	1.966500717e+00	1.982394792e-01	7.370547885e-01	1.737643787e+00	-6.773395599e-01	-1.713933781e+05	-1.365367825e+01

17	1.589940160e-01	1.620041904e+00	4.445693672e-01	6.456578350e-01	4.939118266e-01	7.178850685e-01	2.892049912e-01	5.290718431e-01	-2.251505268e+00	2.300962392e+00	1.603534692e-01	-4.828913340e-01	-1.295832557e+05	-1.321794794e+01

18	3.483504136e-01	5.578437019e-01	1.490605021e+00	7.281283095e-01	9.954026414e-01	2.720305401e-01	9.355348602e-01	5.022395721e-01	-3.581590793e-02	1.221895559e+00	2.638484835e+00	-3.341778212e-02	-1.218624791e+05	-1.174233290e+01

19	3.733711941e-01	1.050401627e+00	4.201866981e-01	3.316464772e-01	1.244313780e+00	5.867286535e-01	8.155854754e-01	1.143076337e+00	-6.497030600e-01	2.752713703e+00	1.091438685e+00	-9.530138521e-01	-1.876086360e+05	-1.296378537e+01

20	1.013034476e+00	2.186974536e-01	2.230054171e+00	6.516445681e-01	4.412672168e-01	1.171403883e+00	7.641426473e-01	1.059143883e+00	5.020626107e-01	2.538558638e+00	9.453880048e-01	-1.092916517e+00	-4.532371035e+05	-1.345959386e+01

21	1.189303467e+00	9.289984074e-01	1.437987301e+00	8.286430510e-01	3.659757794e+00	2.907715468e-01	8.507303167e-01	3.394980680e+00	1.140870212e+00	1.667696484e+00	3.593133816e-01	3.324152085e-01	-1.009044574e+06	-1.672038904e+01

22	5.258791760e-01	5.077293101e-01	2.202401375e+00	7.207944427e-01	8.536662457e-01	-8.294220720e-01	1.005949060e+00	2.176347571e+00	6.151428430e-02	1.528579047e+00	1.508003388e+00	7.350921129e-01	-1.982952827e+05	-1.366199904e+01

23	4.951163812e-01	4.801451538e-01	1.171530756e+00	6.310377566e-01	4.803396931e-01	-1.150267068e+00	1.393227290e+00	2.637323270e+00	-3.969254482e-01	1.420738691e+00	1.351689959e+00	8.244758661e-02	-1.867045265e+05	-1.323472802e+01

24	1.654867301e-01	4.395547497e-01	2.100711363e+00	6.767168699e-01	6.123847793e-01	5.564506483e-01	1.070206845e+00	1.341723089e+00	-3.609950350e-02	1.301222775e+00	2.296512476e+00	-9.167368557e-01	-3.589251388e+04	-1.264328689e+01
0	3.370830624e-01	9.821621455e-01	1.603104832e+00	6.097352713e-01	4.362992360e+00	-5.182189748e-01	9.966159707e-01	6.646482659e-01	1.068304360e+00	6.686317630e-01	1.294741185e+00	-8.894733964e-01	-1.525673818e+05	-1.421045386e+01

1	2.365316781e-02	1.757583495e-02	2.783960264e+00	3.131387022e-01	1.392775612e+00	8.647366552e-01	1.336553964e+00	3.061861344e+00	3.828371971e-01	1.321484269e+00	2.867324971e+00	-1.527633346e+00	-2.061708689e+03	-1.602016283e+01

2	5.524513885e-01	4.198942846e-01	1.281804797e+00	4.036497983e-01	2.414769856e+00	9.607385874e-02	2.459982743e-01	2.630230027e+00	-2.380902295e-01	9.433646249e-01	5.505437292e-01	-2.514599358e-01	-2.105993847e+05	-1.172645956e+01

3	2.102454617e-02	7.187676883e-02	5.146777173e-01	3.874217078e-01	4.566666188e-01	-5.507564859e-01	2.785285080e-01	9.286659540e-01	-5.444386139e-01	1.433096953e+00	2.214196440e+00	-2.274512448e+00	-6.273204792e+03	-1.202083172e+01

4	4.700877340e-02	7.440586648e-02	5.428559178e-01	4.752526947e-01	1.968366442e+00	1.142133745e+00	2.354248825e+00	1.232274076e+00	7.591286925e-02	5.649961169e+00	1.642568157e+00	-6.833620647e-01	-3.409979228e+03	-1.764128297e+01

5	4.503726976e-01	2.288917742e-02	6.819017841e+00	1.773260672e+00	2.940525982e-01	1.363252694e+00	1.151544568e+00	6.756877622e-01	2.279590707e+00	1.046345443e+00	6.401080615e-01	-1.413745518e-01	-2.253466958e+04	-1.676635227e+01

6	1.547683856e-01	1.027030045e-01	1.613923285e+00	2.838924008e-01	7.008658570e-01	6.318057693e-01	2.625361347e+00	2.445767699e+00	9.678994503e-01	1.761654128e+00	1.946418376e+00	-3.317481596e-01	-1.647723958e+04	-1.453814531e+01

7	1.495977854e-01	2.424552937e-01	8.966251833e-01	2.569428421e-01	4.307285224e-01	6.904505381e-01	2.081809730e+00	1.856040504e+00	5.367637502e-01	1.014267717e+00	8.079019318e-01	-1.515275843e-01	-2.612225125e+04	-1.086449692e+01

8	7.811891143e-01	4.684118170e-02	2.884415831e+00	1.920239255e-01	1.011458339e+00	-2.968336563e+00	9.528310204e-01	3.518830584e+00	1.318640683e+00	2.506158639e+00	2.866995334e-01	2.327911165e+00	-2.181366570e+05	-2.176636067e+01

9	5.051873452e-01	4.149545906e-01	1.074359807e-01	1.305190299e-01	1.083446131e+00	4.318195016e-01	1.210177089e+00	1.497961571e+00	-9.218168570e-01	1.003709941e+00	1.700028552e+00	-1.985934316e+00	-1.773489500e+05	-1.314577606e+01

10	5.989218183e-01	2.703411704e-01	1.697196885e+00	9.022040757e-01	1.524341001e+00	5.638636983e-01	1.272540947e+00	1.427919957e+00	1.778211237e-01	1.223991488e+00	1.331417266e+00	-8.051998476e-01	-2.206113193e+05	-1.306797622e+01

11	5.398414305e-01	3.886101519e-01	1.667445771e+00	4.431584129e-01	8.980414098e-01	4.499573054e-01	1.735478150e+00	1.675022918e+00	3.280007599e-01	1.217700200e+00	1.797723080e+00	-6.820458576e-01	-1.928140790e+05	-1.304504955e+01

12	6.646500565e-02	5.358508885e-01	1.076220717e+00	6.410280197e-01	2.193912579e+00	1.809545473e-01	4.259584883e-01	3.694095165e-01	9.808951927e-02	1.871967251e-01	8.715259698e-01	-3.817778304e-02	-1.719309658e+04	-9.039565505e+00

13	6.952683875e-02	7.604135380e-01	1.484220578e+00	6.002171934e-01	3.921686062e+00	-3.810323566e-01	1.219936909e+00	7.591081439e-01	8.864399438e-01	1.018120744e+00	1.849925835e+00	-7.944558235e-01	-1.661088130e+04	-1.424028201e+01

14	5.381169515e-01	4.169554183e-02	2.755951237e+00	1.451001957e+00	8.977981582e-01	-4.366413493e-01	8.454227786e-01	3.010476770e+00	-1.176660150e+00	1.507465824e+00	2.178661953e+00	1.759185848e+00	-1.587396332e+05	-1.704651135e+01

15	2.557339148e-02	1.114310942e+00	1.080225508e+00	4.348355310e-01	8.584864487e+00	-1.849176801e+00	1.033196479e+00	6.781926459e-02	2.021066743e+00	5.704466512e-01	7.853376016e-01	-8.535337171e-01	-6.306853769e+03	-1.917021111e+01

16	4.315915855e-01	8.180095380e-01	2.678745780e+00	6.967655122e-01	9.654342421e-01	5.915152223e-01	1.375577132e+00	1.966500717e+00	1.982394792e-01	7.370547885e-01	1.737643787e+00	-6.773395599e-01	-1.713933781e+05	-1.365367825e+01

17	1.589940160e-01	1.620041904e+00	4.445693672e-01	6.456578350e-01	4.939118266e-01	7.178850685e-01	2.892049912e-01	5.290718431e-01	-2.251505268e+00	2.300962392e+00	1.603534692e-01	-4.828913340e-01	-1.295832557e+05	-1.321794794e+01

18	3.104824215e-01	5.548892258e-01	1.434937359e+00	7.164274091e-01	1.156408368e+00	2.597955507e-01	8.670792628e-01	4.843954150e-01	-1.782728735e-02	1.082895930e+00	2.401114675e+00	-3.405723231e-02	-1.026467379e+05	-1.141594207e+01

19	2.634404230e-01	9.454840475e-01	8.051537473e-01	4.288152592e-01	2.212986044e+00	2.365930916e-01	9.618796689e-01	1.004156792e+00	-9.392711101e-02	2.125138637e+00	1.365859044e+00	-8.956476182e-01	-9.859600759e+04	-1.317520559e+01

20	1.013034476e+00	2.186974536e-01	2.230054171e+00	6.516445681e-01	4.412672168e-01	1.171403883e+00	7.641426473e-01	1.059143883e+00	5.020626107e-01	2.538558638e+00	9.453880048e-01	-1.092916517e+00	-4.532371035e+05	-1.345959386e+01

21	1.189303467e+00	9.289984074e-01	1.437987301e+00	8.286430510e-01	3.659757794e+00	2.907715468e-01	8.507303167e-01	3.394980680e+00	1.140870212e+00	1.667696484e+00	3.593133816e-01	3.324152085e-01	-1.009044574e+06	-1.672038904e+01

22	5.258791760e-01	5.077293101e-01	2.202401375e+00	7.207944427e-01	8.536662457e-01	-8.294220720e-01	1.005949060e+00	2.176347571e+00	6.151428430e-02	1.528579047e+00	1.508003388e+00	7.350921129e-01	-1.982952827e+05	-1.366199904e+01

23	4.951163812e-01	4.801451538e-01	1.171530756e+00	6.310377566e-01	4.803396931e-01	-1.150267068e+00	1.393227290e+00	2.637323270e+00	-3.969254482e-01	1.420738691e+00	1.351689959e+00	8.244758661e-02	-1.867045265e+05	-1.323472802e+01

24	1.654867301e-01	4.395547497e-01	2.100711363e+00	6.767168699e-01	6.123847793e-01	5.564506483e-01	1.070206845e+00	1.341723089e+00	-3.609950350e-02	1.301222775e+00	2.296512476e+00	-9.167368557e-01	-3.589251388e+04	-1.264328689e+01
0	3.370830624e-01	9.821621455e-01	1.603104832e+00	6.097352713e-01	4.362992360e+00	-5.182189748e-01	9.966159707e-01	6.646482659e-01	1.068304360e+00	6.686317630e-01	1.294741185e+00	-8.894733964e-01	-1.525673818e+05	-1.421045386e+01

1	2.365316781e-02	1.757583495e-02	2.783960264e+00	3.131387022e-01	1.392775612e+00	8.647366552e-01	1.336553964e+00	3.061861344e+00	3.828371971e-01	1.321484269e+00	2.867324971e+00	-1.527633346e+00	-2.061708689e+03	-1.602016283e+01

2	5.524513885e-01	4.198942846e-01	1.281804797e+00	4.036497983e-01	2.414769856e+00	9.607385874e-02	2.459982743e-01	2.630230027e+00	-2.380902295e-01	9.433646249e-01	5.505437292e-01	-2.514599358e-01	-2.105993847e+05	-1.172645956e+01

3	2.102454617e-02	7.187676883e-02	5.146777173e-01	3.874217078e-01	4.566666188e-01	-5.507564859e-01	2.785285080e-01	9.286659540e-01	-5.444386139e-01	1.433096953e+00	2.214196440e+00	-2.274512448e+00	-6.273204792e+03	-1.202083172e+01

4	4.700877340e-02	7.440586648e-02	5.428559178e-01	4.752526947e-01	1.968366442e+00	1.142133745e+00	2.354248825e+00	1.232274076e+00	7.591286925e-02	5.649961169e+00	1.642568157e+00	-6.833620647e-01	-3.409979228e+03	-1.764128297e+01

5	4.503726976e-01	2.288917742e-02	6.819017841e+00	1.773260672e+00	2.940525982e-01	1.363252694e+00	1.151544568e+00	6.756877622e-01	2.279590707e+00	1.046345443e+00	6.401080615e-01	-1.413745518e-01	-2.253466958e+04	-1.676635227e+01

6	1.547683856e-01	1.027030045e-01	1.613923285e+00	2.838924008e-01	7.008658570e-01	6.318057693e-01	2.625361347e+00	2.445767699e+00	9.678994503e-01	1.761654128e+00	1.946418376e+00	-3.317481596e-01	-1.647723958e+04	-1.453814531e+01

7	1.495977854e-01	2.424552937e-01	8.966251833e-01	2.569428421e-01	4.307285224e-01	6.904505381e-01	2.081809730e+00	1.856040504e+00	5.367637502e-01	1.014267717e+00	8.079019318e-01	-1.515275843e-01	-2.612225125e+04	-1.086449692e+01

8	7.811891143e-01	4.684118170e-02	2.884415831e+00	1.920239255e-01	1.011458339e+00	-2.968336563e+00	9.528310204e-01	3.518830584e+00	1.318640683e+00	2.506158639e+00	2.866995334e-01	2.327911165e+00	-2.181366570e+05	-2.176636067e+01

9	5.213622506e-01	2.316110736e-01	1.408377254e+00	7.791355466e-01	9.922565074e-01	5.234620813e-03	1.031011069e+00	2.240903656e+00	-1.046994976e+00	1.251153039e+00	1.935131576e+00	-1.463446135e-01	-1.670700267e+05	-1.325731589e+01

10	4.894410223e-01	4.906668893e-01	1.406088066e+00	7.477186551e-01	1.749073008e+00	4.570624061e-01	1.171159933e+00	1.289629341e+00	8.913896882e-02	1.518071304e+00	1.342656975e+00	-8.347165185e-01	-1.734845338e+05	-1.309417865e+01

11	3.819940586e-01	6.121355361e-01	8.715171639e-01	6.074065971e-01	8.238639247e-01	2.685606288e+00	2.247348787e+00	4.691269682e-01	-3.199023231e-01	3.750164197e-01	2.785969961e+00	-2.650632414e+00	-1.514420706e+05	-1.887816526e+01

12	6.646500565e-02	5.358508885e-01	1.076220717e+00	6.410280197e-01	2.193912579e+00	1.809545473e-01	4.259584883e-01	3.694095165e-01	9.808951927e-02	1.871967251e-01	8.715259698e-01	-3.817778304e-02	-1.719309658e+04	-9.039565505e+00

13	6.952683875e-02	7.604135380e-01	1.484220578e+00	6.002171934e-01	3.921686062e+00	-3.810323566e-01	1.219936909e+00	7.591081439e-01	8.864399438e-01	1.018120744e+00	1.849925835e+00	-7.944558235e-01	-1.661088130e+04	-1.424028201e+01

14	5.381169515e-01	4.169554183e-02	2.755951237e+00	1.451001957e+00	8.977981582e-01	-4.366413493e-01	8.454227786e-01	3.010476770e+00	-1.176660150e+00	1.507465824e+00	2.178661953e+00	1.759185848e+00	-1.587396332e+05	-1.704651135e+01

15	2.557339148e-02	1.114310942e+00	1.080225508e+00	4.348355310e-01	8.584864487e+00	-1.849176801e+00	1.033196479e+00	6.781926459e-02	2.021066743e+00	5.704466512e-01	7.853376016e-01	-8.535337171e-01	-6.306853769e+03	-1.917021111e+01

16	4.611223870e-01	6.028009414e-01	2.700148560e+00	9.058538032e-01	9.466842688e-01	3.064912063e-01	1.228608541e+00	2.255910185e+00	-1.829081250e-01	9.506269753e-01	1.859902178e+00	-1.889656741e-03	-1.646443367e+05	-1.372414085e+01

17	1.577848887e-01	1.626285773e+00	4.351670603e-01	6.453441836e-01	4.924772185e-01	7.232821815e-01	2.851364644e-01	5.219028859e-01	-2.263957551e+00	2.305697903e+00	1.512207724e-01	-4.858939740e-01	-1.281229989e+05	-1.329620653e+01

18	3.104824215e-01	5.548892258e-01	1.434937359e+00	7.164274091e-01	1.156408368e+00	2.597955507e-01	8.670792628e-01	4.843954150e-01	-1.782728735e-02	1.082895930e+00	2.401114675e+00	-3.405723231e-02	-1.026467379e+05	-1.141594207e+01

19	2.815645305e-01	7.949976146e-01	1.047793649e+00	5.396250398e-01	1.805913044e+00	2.455324198e-01	9.253554393e-01	8.039057105e-01	-6.460774891e-02	1.723588543e+00	1.764717192e+00	-5.636983536e-01	-9.706661626e+04	-1.243572327e+01

20	1.013034476e+00	2.186974536e-01	2.230054171e+00	6.516445681e-01	4.412672168e-01	1.171403883e+00	7.641426473e-01	1.059143883e+00	5.020626107e-01	2.538558638e+00	9.453880048e-01	-1.092916517e+00	-4.532371035e+05	-1.345959386e+01

21	1.189303467e+00	9.289984074e-01	1.437987301e+00	8.286430510e-01	3.659757794e+00	2.907715468e-01	8.507303167e-01	3.394980680e+00	1.140870212e+00	1.667696484e+00	3.593133816e-01	3.324152085e-01	-1.009044574e+06	-1.672038904e+01

22	3.797468907e-01	4.800858220e-01	2.161168008e+00	7.029218249e-01	7.558311982e-01	-2.674770312e-01	1.032004370e+00	1.837923211e+00	2.193374912e-02	1.436390401e+00	1.827728833e+00	6.530686965e-02	-1.150141981e+05	-1.271170203e+01

23	4.608665600e-01	5.489385410e-01	1.117367401e+00	6.011421886e-01	7.364855104e-01	-9.452405610e-01	1.329459004e+00	2.395884062e+00	-3.521316813e-01	1.524873674e+00	1.353784646e+00	-6.214914286e-02	-1.679514512e+05	-1.303909309e+01

24	1.654867301e-01	4.395547497e-01	2.100711363e+00	6.767168699e-01	6.123847793e-01	5.564506483e-01	1.070206845e+00	1.341723089e+00	-3.609950350e-02	1.301222775e+00	2.296512476e+00	-9.167368557e-01	-3.589251388e+04	-1.264328689e+01
0	3.136831641e-01	9.089346815e-01	1.517575995e+00	5.988867448e-01	4.169821145e+00	-3.842805800e-01	1.106134366e+00	7.104378677e-01	9.882494882e-01	1.070468829e+00	1.322799914e+00	-8.728466757e-01	-1.286680015e+05	-1.436673801e+01

1	2.402875396e-02	9.817138159e-03	3.108202850e+00	3.025249010e-01	1.526529957e+00	1.066986991e+00	1.487728135e+00	3.366659348e+00	5.153294278e-01	1.305536680e+00	2.960646133e+00	-1.420916793e+00	-2.047284551e+03	-1.681522240e+01

2	5.524513885e-01	4.198942846e-01	1.281804797e+00	4.036497983e-01	2.414769856e+00	9.607385874e-02	2.459982743e-01	2.630230027e+00	-2.380902295e-01	9.433646249e-01	5.505437292e-01	-2.514599358e-01	-2.105993847e+05	-1.172645956e+01

3	2.102454617e-02	7.187676883e-02	5.146777173e-01	3.874217078e-01	4.566666188e-01	-5.507564859e-01	2.785285080e-01	9.286659540e-01	-5.444386139e-01	1.433096953e+00	2.214196440e+00	-2.274512448e+00	-6.273204792e+03	-1.202083172e+01

4	4.700877340e-02	7.440586648e-02	5.428559178e-01	4.752526947e-01	1.968366442e+00	1.142133745e+00	2.354248825e+00	1.232274076e+00	7.591286925e-02	5.649961169e+00	1.642568157e+00	-6.833620647e-01	-3.409979228e+03	-1.764128297e+01

5	4.503726976e-01	2.288917742e-02	6.819017841e+00	1.773260672e+00	2.940525982e-01	1.363252694e+00	1.151544568e+00	6.756877622e-01	2.279590707e+00	1.046345443e+00	6.401080615e-01	-1.413745518e-01	-2.253466958e+04	-1.676635227e+01

6	1.547683856e-01	1.027030045e-01	1.613923285e+00	2.838924008e-01	7.008658570e-01	6.318057693e-01	2.625361347e+00	2.445767699e+00	9.678994503e-01	1.761654128e+00	1.946418376e+00	-3.317481596e-01	-1.647723958e+04	-1.453814531e+01

7	1.495977854e-01	2.424552937e-01	8.966251833e-01	2.569428421e-01	4.307285224e-01	6.904505381e-01	2.081809730e+00	1.856040504e+00	5.367637502e-01	1.014267717e+00	8.079019318e-01	-1.515275843e-01	-2.612225125e+04	-1.086449692e+01

8	7.811891143e-01	4.684118170e-02	2.884415831e+00	1.920239255e-01	1.011458339e+00	-2.968336563e+00	9.528310204e-01	3.518830584e+00	1.318640683e+00	2.506158639e+00	2.866995334e-01	2.327911165e+00	-2.181366570e+05	-2.176636067e+01

9	5.242065172e-01	1.993711427e-01	1.637140492e+00	8.931911293e-01	9.762213226e-01	-6.977794194e-02	9.995057277e-01	2.371545862e+00	-1.069006847e+00	1.294664522e+00	1.976473126e+00	1.771369355e-01	-1.663502733e+05	-1.363646293e+01

10	4.565308830e-01	5.276312242e-01	1.471000872e+00	9.274248634e-01	1.401381393e+00	6.456057218e-01	1.654369298e+00	5.894373265e-01	2.600498703e-01	1.818239007e+00	1.756375524e+00	-1.139349812e+00	-1.684170832e+05	-1.391951181e+01

11	3.819940586e-01	6.121355361e-01	8.715171639e-01	6.074065971e-01	8.238639247e-01	2.685606288e+00	2.247348787e+00	4.691269682e-01	-3.199023231e-01	3.750164197e-01	2.785969961e+00	-2.650632414e+00	-1.514420706e+05	-1.887816526e+01

12	6.646500565e-02	5.358508885e-01	1.076220717e+00	6.410280197e-01	2.193912579e+00	1.809545473e-01	4.259584883e-01	3.694095165e-01	9.808951927e-02	1.871967251e-01	8.715259698e-01	-3.817778304e-02	-1.719309658e+04	-9.039565505e+00

13	6.952683875e-02	7.604135380e-01	1.484220578e+00	6.002171934e-01	3.921686062e+00	-3.810323566e-01	1.219936909e+00	7.591081439e-01	8.864399438e-01	1.018120744e+00	1.849925835e+00	-7.944558235e-01	-1.661088130e+04	-1.424028201e+01

14	5.381169515e-01	4.169554183e-02	2.755951237e+00	1.451001957e+00	8.977981582e-01	-4.366413493e-01	8.454227786e-01	3.010476770e+00	-1.176660150e+00	1.507465824e+00	2.178661953e+00	1.759185848e+00	-1.587396332e+05	-1.704651135e+01

15	2.557339148e-02	1.114310942e+00	1.080225508e+00	4.348355310e-01	8.584864487e+00	-1.849176801e+00	1.033196479e+00	6.781926459e-02	2.021066743e+00	5.704466512e-01	7.853376016e-01	-8.535337171e-01	-6.306853769e+03	-1.917021111e+01

16	4.611223870e-01	6.028009414e-01	2.700148560e+00	9.058538032e-01	9.466842688e-01	3.064912063e-01	1.228608541e+00	2.255910185e+00	-1.829081250e-01	9.506269753e-01	1.859902178e+00	-1.889656741e-03	-1.646443367e+05	-1.372414085e+01

17	1.577848887e-01	1.626285773e+00	4.351670603e-01	6.453441836e-01	4.924772185e-01	7.232821815e-01	2.851364644e-01	5.219028859e-01	-2.263957551e+00	2.305697903e+00	1.512207724e-01	-4.858939740e-01	-1.281229989e+05	-1.329620653e+01

18	3.104824215e-01	5.548892258e-01	1.434937359e+00	7.164274091e-01	1.156408368e+00	2.597955507e-01	8.670792628e-01	4.843954150e-01	-1.782728735e-02	1.082895930e+00	2.401114675e+00	-3.405723231e-02	-1.026467379e+05	-1.141594207e+01

19	2.815645305e-01	7.949976146e-01	1.047793649e+00	5.396250398e-01	1.805913044e+00	2.455324198e-01	9.253554393e-01	8.039057105e-01	-6.460774891e-02	1.723588543e+00	1.764717192e+00	-5.636983536e-01	-9.706661626e+04	-1.243572327e+01

20	8.865191329e-01	2.220203403e-01	2.018623197e+00	6.844500920e-01	5.830458157e-01	8.713293679e-01	8.328122777e-01	1.363230092e+00	1.034646378e-01	2.207288021e+00	1.200065290e+00	-8.493480113e-01	-4.006677287e+05	-1.296595236e+01

21	1.189303467e+00	9.289984074e-01	1.437987301e+00	8.286430510e-01	3.659757794e+00	2.907715468e-01	8.507303167e-01	3.394980680e+00	1.140870212e+00	1.667696484e+00	3.593133816e-01	3.324152085e-01	-1.009044574e+06	-1.672038904e+01

22	3.797468907e-01	4.800858220e-01	2.161168008e+00	7.029218249e-01	7.558311982e-01	-2.674770312e-01	1.032004370e+00	1.837923211e+00	2.193374912e-02	1.436390401e+00	1.827728833e+00	6.530686965e-02	-1.150141981e+05	-1.271170203e+01

23	4.608665600e-01	5.489385410e-01	1.117367401e+00	6.011421886e-01	7.364855104e-01	-9.452405610e-01	1.329459004e+00	2.395884062e+00	-3.521316813e-01	1.524873674e+00	1.353784646e+00	-6.214914286e-02	-1.679514512e+05	-1.303909309e+01

24	1.654867301e-01	4.395547497e-01	2.100711363e+00	6.767168699e-01	6.123847793e-01	5.564506483e-01	1.070206845e+00	1.341723089e+00	-3.609950350e-02	1.301222775e+00	2.296512476e+00	-9.167368557e-01	-3.589251388e+04	-1.264328689e+01
0	3.136831641e-01	9.089346815e-01	1.517575995e+00	5.988867448e-01	4.169821145e+00	-3.842805800e-01	1.106134366e+00	7.104378677e-01	9.882494882e-01	1.070468829e+00	1.322799914e+00	-8.728466757e-01	-1.286680015e+05	-1.436673801e+01

1	2.402875396e-02	9.817138159e-03	3.108202850e+00	3.025249010e-01	1.526529957e+00	1.066986991e+00	1.487728135e+00	3.366659348e+00	5.153294278e-01	1.305536680e+00	2.960646133e+00	-1.420916793e+00	-2.047284551e+03	-1.681522240e+01

2	5.524513885e-01	4.198942846e-01	1.281804797e+00	4.036497983e-01	2.414769856e+00	9.607385874e-02	2.459982743e-01	2.630230027e+00	-2.380902295e-01	9.433646249e-01	5.505437292e-01	-2.514599358e-01	-2.105993847e+05	-1.172645956e+01

3	2.102454617e-02	7.187676883e-02	5.146777173e-01	3.874217078e-01	4.566666188e-01	-5.507564859e-01	2.785285080e-01	9.286659540e-01	-5.444386139e-01	1.433096953e+00	2.214196440e+00	-2.274512448e+00	-6.273204792e+03	-1.202083172e+01

4	4.700877340e-02	7.440586648e-02	5.428559178e-01	4.752526947e-01	1.968366442e+00	1.142133745e+00	2.354248825e+00	1.232274076e+00	7.591286925e-02	5.649961169e+00	1.642568157e+00	-6.833620647e-01	-3.409979228e+03	-1.764128297e+01

5	4.503726976e-01	2.288917742e-02	6.819017841e+00	1.773260672e+00	2.940525982e-01	1.363252694e+00	1.151544568e+00	6.756877622e-01	2.279590707e+00	1.046345443e+00	6.401080615e-01	-1.413745518e-01	-2.253466958e+04	-1.676635227e+01

6	1.547683856e-01	1.027030045e-01	1.613923285e+00	2.838924008e-01	7.008658570e-01	6.318057693e-01	2.625361347e+00	2.445767699e+00	9.678994503e-01	1.761654128e+00	1.946418376e+00	-3.317481596e-01	-1.647723958e+04	-1.453814531e+01

7	9.006291949e-02	1.634701980e-01	7.197672982e-01	3.173600939e-01	4.427389617e-01	1.157190142e-01	1.246814000e+00	1.426626733e+00	3.612117380e-02	1.208203427e+00	1.459075966e+00	-1.134559667e+00	-1.084247467e+04	-1.055624096e+01

8	8.700058014e-01	3.892084669e-02	3.064551854e+00	1.789984089e-01	1.055495508e+00	-3.478780582e+00	7.156923119e-01	3.670974161e+00	1.368370318e+00	2.611717764e+00	5.137729345e-02	2.705009366e+00	-5.683874668e+04	-2.651208416e+01

9	5.242065172e-01	1.993711427e-01	1.637140492e+00	8.931911293e-01	9.762213226e-01	-6.977794194e-02	9.995057277e-01	2.371545862e+00	-1.069006847e+00	1.294664522e+00	1.976473126e+00	1.771369355e-01	-1.663502733e+05	-1.363646293e+01

10	4.362668081e-01	5.398200328e-01	1.471693074e+00	9.102918106e-01	1.533348083e+00	5.918495112e-01	1.631621809e+00	5.983215286e-01	2.928485337e-01	1.776343692e+00	1.761273949e+00	-1.121290678e+00	-1.570971533e+05	-1.392137985e+01

11	4.461246929e-01	4.259996472e-01	1.216774606e+00	7.362809835e-01	8.925694142e-01	1.443067200e+00	1.684634607e+00	1.327021781e+00	-6.577106194e-01	7.897312540e-01	2.420927784e+00	-1.375451294e+00	-1.418322772e+05	-1.455082660e+01

12	6.646500565e-02	5.358508885e-01	1.076220717e+00	6.410280197e-01	2.193912579e+00	1.809545473e-01	4.259584883e-01	3.694095165e-01	9.808951927e-02	1.871967251e-01	8.715259698e-01	-3.817778304e-02	-1.719309658e+04	-9.039565505e+00

13	6.952683875e-02	7.604135380e-01	1.484220578e+00	6.002171934e-01	3.921686062e+00	-3.810323566e-01	1.219936909e+00	7.591081439e-01	8.864399438e-01	1.018120744e+00	1.849925835e+00	-7.944558235e-01	-1.661088130e+04	-1.424028201e+01

14	5.381169515e-01	4.169554183e-02	2.755951237e+00	1.451001957e+00	8.977981582e-01	-4.366413493e-01	8.454227786e-01	3.010476770e+00	-1.176660150e+00	1.507465824e+00	2.178661953e+00	1.759185848e+00	-1.587396332e+05	-1.704651135e+01

15	2.557339148e-02	1.114310942e+00	1.080225508e+00	4.348355310e-01	8.584864487e+00	-1.849176801e+00	1.033196479e+00	6.781926459e-02	2.021066743e+00	5.704466512e-01	7.853376016e-01	-8.535337171e-01	-6.306853769e+03	-1.917021111e+01

16	4.611223870e-01	6.028009414e-01	2.700148560e+00	9.058538032e-01	9.466842688e-01	3.064912063e-01	1.228608541e+00	2.255910185e+00	-1.829081250e-01	9.506269753e-01	1.859902178e+00	-1.889656741e-03	-1.646443367e+05	-1.372414085e+01

17	1.577848887e-01	1.626285773e+00	4.351670603e-01	6.453441836e-01	4.924772185e-01	7.232821815e-01	2.851364644e-01	5.219028859e-01	-2.263957551e+00	2.305697903e+00	1.512207724e-01	-4.858939740e-01	-1.281229989e+05	-1.329620653e+01

18	2.373755827e-01	5.685336444e-01	1.416885205e+00	6.108093374e-01	1.033783293e+00	6.667224295e-02	4.729889375e-01	4.318150454e-01	-1.569230393e-01	7.148084660e-01	2.723848929e+00	5.192142339e-01	-7.739544536e+04	-1.069080002e+01

19	2.815645305e-01	7.949976146e-01	1.047793649e+00	5.396250398e-01	1.805913044e+00	2.455324198e-01	9.253554393e-01	8.039057105e-01	-6.460774891e-02	1.723588543e+00	1.764717192e+00	-5.636983536e-01	-9.706661626e+04	-1.243572327e+01

20	8.865191329e-01	2.220203403e-01	2.018623197e+00	6.844500920e-01	5.830458157e-01	8.713293679e-01	8.328122777e-01	1.363230092e+00	1.034646378e-01	2.207288021e+00	1.200065290e+00	-8.493480113e-01	-4.006677287e+05	-1.296595236e+01

21	1.069832356e+00	8.635595733e-01	1.443369828e+00	8.447484201e-01	3.291552508e+00	3.486236475e-01	9.817554731e-01	2.937565392e+00	9.972614207e-01	1.692240910e+00	5.870901444e-01	9.245890180e-02	-7.941761726e+05	-1.608401369e+01

22	3.377988918e-01	5.142660257e-01	2.757985199e+00	6.818402298e-01	6.694183561e-01	-1.348469550e+00	6.195693152e-01	2.160791579e+00	4.514406068e-01	1.845051976e+00	1.452851868e+00	9.758058604e-01	-1.025105435e+05	-1.431515744e+01

23	4.578992714e-01	5.455362239e-01	1.113248254e+00	6.002395827e-01	7.453178832e-01	-9.302744489e-01	1.336806569e+00	2.387541180e+00	-3.490626760e-01	1.554449837e+00	1.355855174e+00	-6.660313188e-02	-1.655849077e+05	-1.305541498e+01

24	1.654867301e-01	4.395547497e-01	2.100711363e+00	6.767168699e-01	6.123847793e-01	5.564506483e-01	1.070206845e+00	1.341723089e+00	-3.609950350e-02	1.301222775e+00	2.296512476e+00	-9.167368557e-01	-3.589251388e+04	-1.264328689e+01
0	3.136831641e-01	9.089346815e-01	1.517575995e+00	5.988867448e-01	4.169821145e+00	-3.842805800e-01	1.106134366e+00	7.104378677e-01	9.882494882e-01	1.070468829e+00	1.322799914e+00	-8.728466757e-01	-1.286680015e+05	-1.436673801e+01

1	2.402875396e-02	9.817138159e-03	3.108202850e+00	3.025249010e-01	1.526529957e+00	1.066986991e+00	1.487728135e+00	3.366659348e+00	5.153294278e-01	1.305536680e+00	2.960646133e+00	-1.420916793e+00	-2.047284551e+03	-1.681522240e+01

2	5.524513885e-01	4.198942846e-01	1.281804797e+00	4.036497983e-01	2.414769856e+00	9.607385874e-02	2.459982743e-01	2.630230027e+00	-2.380902295e-01	9.433646249e-01	5.505437292e-01	-2.514599358e-01	-2.105993847e+05	-1.172645956e+01

3	2.102454617e-02	7.187676883e-02	5.146777173e-01	3.874217078e-01	4.566666188e-01	-5.507564859e-01	2.785285080e-01	9.286659540e-01	-5.444386139e-01	1.433096953e+00	2.214196440e+00	-2.274512448e+00	-6.273204792e+03	-1.202083172e+01

4	4.700877340e-02	7.440586648e-02	5.428559178e-01	4.752526947e-01	1.968366442e+00	1.142133745e+00	2.354248825e+00	1.232274076e+00	7.591286925e-02	5.649961169e+00	1.642568157e+00	-6.833620647e-01	-3.409979228e+03	-1.764128297e+01

5	4.503726976e-01	2.288917742e-02	6.819017841e+00	1.773260672e+00	2.940525982e-01	1.363252694e+00	1.151544568e+00	6.756877622e-01	2.279590707e+00	1.046345443e+00	6.401080615e-01	-1.413745518e-01	-2.253466958e+04	-1.676635227e+01

6	1.547683856e-01	1.027030045e-01	1.613923285e+00	2.838924008e-01	7.008658570e-01	6.318057693e-01	2.625361347e+00	2.445767699e+00	9.678994503e-01	1.761654128e+00	1.946418376e+00	-3.317481596e-01	-1.647723958e+04	-1.453814531e+01

7	9.006291949e-02	1.634701980e-01	7.197672982e-01	3.173600939e-01	4.427389617e-01	1.157190142e-01	1.246814000e+00	1.426626733e+00	3.612117380e-02	1.208203427e+00	1.459075966e+00	-1.134559667e+00	-1.084247467e+04	-1.055624096e+01

8	8.700058014e-01	3.892084669e-02	3.064551854e+00	1.789984089e-01	1.055495508e+00	-3.478780582e+00	7.156923119e-01	3.670974161e+00	1.368370318e+00	2.611717764e+00	5.137729345e-02	2.705009366e+00	-5.683874668e+04	-2.651208416e+01

9	4.247202488e-01	1.931519716e-01	1.532390370e+00	9.505086666e-01	1.084182134e+00	-3.281936039e-01	1.045277552e+00	2.648416081e+00	-1.390952062e+00	1.044070139e+00	2.189664484e+00	4.589961711e-01	-1.121665533e+05	-1.435866857e+01

10	4.362668081e-01	5.398200328e-01	1.471693074e+00	9.102918106e-01	1.533348083e+00	5.918495112e-01	1.631621809e+00	5.983215286e-01	2.928485337e-01	1.776343692e+00	1.761273949e+00	-1.121290678e+00	-1.570971533e+05	-1.392137985e+01

11	4.461246929e-01	4.259996472e-01	1.216774606e+00	7.362809835e-01	8.925694142e-01	1.443067200e+00	1.684634607e+00	1.327021781e+00	-6.577106194e-01	7.897312540e-01	2.420927784e+00	-1.375451294e+00	-1.418322772e+05	-1.455082660e+01

12	7.566689238e-02	3.906429282e-01	9.372235155e-01	5.148153547e-01	1.511051315e+00	1.555162822e-01	7.460469291e-01	7.816660046e-01	7.392527746e-02	5.853331065e-01	1.100638109e+00	-4.657063343e-01	-1.388001416e+04	-9.435054567e+00

13	6.952683875e-02	7.604135380e-01	1.484220578e+00	6.002171934e-01	3.921686062e+00	-3.810323566e-01	1.219936909e+00	7.591081439e-01	8.864399438e-01	1.018120744e+00	1.849925835e+00	-7.944558235e-01	-1.661088130e+04	-1.424028201e+01

14	5.381169515e-01	4.169554183e-02	2.755951237e+00	1.451001957e+00	8.977981582e-01	-4.366413493e-01	8.454227786e-01	3.010476770e+00	-1.176660150e+00	1.507465824e+00	2.178661953e+00	1.759185848e+00	-1.587396332e+05	-1.704651135e+01

15	2.557339148e-02	1.114310942e+00	1.080225508e+00	4.348355310e-01	8.584864487e+00	-1.849176801e+00	1.033196479e+00	6.781926459e-02	2.021066743e+00	5.704466512e-01	7.853376016e-01	-8.535337171e-01	-6.306853769e+03	-1.917021111e+01

16	4.611223870e-01	6.028009414e-01	2.700148560e+00	9.058538032e-01	9.466842688e-01	3.064912063e-01	1.228608541e+00	2.255910185e+00	-1.829081250e-01	9.506269753e-01	1.859902178e+00	-1.889656741e-03	-1.646443367e+05	-1.372414085e+01

17	1.577848887e-01	1.626285773e+00	4.351670603e-01	6.453441836e-01	4.924772185e-01	7.232821815e-01	2.851364644e-01	5.219028859e-01	-2.263957551e+00	2.305697903e+00	1.512207724e-01	-4.858939740e-01	-1.281229989e+05	-1.329620653e+01

18	2.373755827e-01	5.685336444e-01	1.416885205e+00	6.108093374e-01	1.033783293e+00	6.667224295e-02	4.729889375e-01	4.318150454e-01	-1.569230393e-01	7.148084660e-01	2.723848929e+00	5.192142339e-01	-7.739544536e+04	-1.069080002e+01

19	2.815645305e-01	7.949976146e-01	1.047793649e+00	5.396250398e-01	1.805913044e+00	2.455324198e-01	9.253554393e-01	8.039057105e-01	-6.460774891e-02	1.723588543e+00	1.764717192e+00	-5.636983536e-01	-9.706661626e+04	-1.243572327e+01

20	8.353455006e-01	2.704889828e-01	1.936499887e+00	6.721992157e-01	6.864892108e-01	8.183926636e-01	8.406405837e-01	1.315916360e+00	8.924724942e-02	2.166371465e+00	1.247829682e+00	-8.251846600e-01	-3.811895567e+05	-1.289526105e+01

21	1.069832356e+00	8.635595733e-01	1.443369828e+00	8.447484201e-01	3.291552508e+00	3.486236475e-01	9.817554731e-01	2.937565392e+00	9.972614207e-01	1.692240910e+00	5.870901444e-01	9.245890180e-02	-7.941761726e+05	-1.608401369e+01

22	3.377988918e-01	5.142660257e-01	2.757985199e+00	6.818402298e-01	6.694183561e-01	-1.348469550e+00	6.195693152e-01	2.160791579e+00	4.514406068e-01	1.845051976e+00	1.452851868e+00	9.758058604e-01	-1.025105435e+05	-1.431515744e+01

23	4.578992714e-01	5.455362239e-01	1.113248254e+00	6.002395827e-01	7.453178832e-01	-9.302744489e-01	1.336806569e+00	2.387541180e+00	-3.490626760e-01	1.554449837e+00	1.355855174e+00	-6.660313188e-02	-1.655849077e+05	-1.305541498e+01

24	1.532607811e-01	4.804343623e-01	2.022166204e+00	6.669702858e-01	1.034012484e+00	4.370088768e-01	1.089283483e+00	1.267493945e+00	8.143835620e-02	1.265153632e+00	2.239614272e+00	-9.011574126e-01	-3.063701632e+04	-1.281675105e+01
0	2.824785257e-01	7.697336862e-01	1.476400274e+00	6.037622786e-01	2.887393823e+00	-1.998713833e-01	8.472207193e-01	5.964999828e-01	5.199513978e-01	9.250278015e-01	1.895734177e+00	-3.035879396e-01	-9.787122984e+04	-1.263262294e+01

1	2.402875396e-02	9.817138159e-03	3.108202850e+00	3.025249010e-01	1.526529957e+00	1.066986991e+00	1.487728135e+00	3.366659348e+00	5.153294278e-01	1.305536680e+00	2.960646133e+00	-1.420916793e+00	-2.047284551e+03	-1.681522240e+01

2	5.524513885e-01	4.198942846e-01	1.281804797e+00	4.036497983e-01	2.414769856e+00	9.607385874e-02	2.459982743e-01	2.630230027e+00	-2.380902295e-01	9.433646249e-01	5.505437292e-01	-2.514599358e-01	-2.105993847e+05	-1.172645956e+01

3	2.102454617e-02	7.187676883e-02	5.146777173e-01	3.874217078e-01	4.566666188e-01	-5.507564859e-01	2.785285080e-01	9.286659540e-01	-5.444386139e-01	1.433096953e+00	2.214196440e+00	-2.274512448e+00	-6.273204792e+03	-1.202083172e+01

4	4.700877340e-02	7.440586648e-02	5.428559178e-01	4.752526947e-01	1.968366442e+00	1.142133745e+00	2.354248825e+00	1.232274076e+00	7.591286925e-02	5.649961169e+00	1.642568157e+00	-6.833620647e-01	-3.409979228e+03	-1.764128297e+01

5	4.503726976e-01	2.288917742e-02	6.819017841e+00	1.773260672e+00	2.940525982e-01	1.363252694e+00	1.151544568e+00	6.756877622e-01	2.279590707e+00	1.046345443e+00	6.401080615e-01	-1.413745518e-01	-2.253466958e+04	-1.676635227e+01

6	1.547683856e-01	1.027030045e-01	1.613923285e+00	2.838924008e-01	7.008658570e-01	6.318057693e-01	2.625361347e+00	2.445767699e+00	9.678994503e-01	1.761654128e+00	1.946418376e+00	-3.317481596e-01	-1.647723958e+04	-1.453814531e+01

7	9.006291949e-02	1.634701980e-01	7.197672982e-01	3.173600939e-01	4.427389617e-01	1.157190142e-01	1.246814000e+00	1.426626733e+00	3.612117380e-02	1.208203427e+00	1.459075966e+00	-1.134559667e+00	-1.084247467e+04	-1.055624096e+01

8	8.700058014e-01	3.892084669e-02	3.064551854e+00	1.789984089e-01	1.055495508e+00	-3.478780582e+00	7.156923119e-01	3.670974161e+00	1.368370318e+00	2.611717764e+00	5.137729345e-02	2.705009366e+00	-5.683874668e+04	-2.651208416e+01

9	4.247202488e-01	1.931519716e-01	1.532390370e+00	9.505086666e-01	1.084182134e+00	-3.281936039e-01	1.045277552e+00	2.648416081e+00	-1.390952062e+00	1.044070139e+00	2.189664484e+00	4.589961711e-01	-1.121665533e+05	-1.435866857e+01

10	4.362668081e-01	5.398200328e-01	1.471693074e+00	9.102918106e-01	1.533348083e+00	5.918495112e-01	1.631621809e+00	5.983215286e-01	2.928485337e-01	1.776343692e+00	1.761273949e+00	-1.121290678e+00	-1.570971533e+05	-1.392137985e+01

11	4.461246929e-01	4.259996472e-01	1.216774606e+00	7.362809835e-01	8.925694142e-01	1.443067200e+00	1.684634607e+00	1.327021781e+00	-6.577106194e-01	7.897312540e-01	2.420927784e+00	-1.375451294e+00	-1.418322772e+05	-1.455082660e+01

12	6.220304148e-02	1.880501741e-01	1.019539373e+00	4.934141909e-01	1.678054047e+00	6.242687726e-02	8.216165978e-01	8.242560830e-01	4.572384030e-01	3.032666150e-01	1.256302081e+00	-4.623964219e-01	-6.552812433e+03	-9.476172403e+00

13	6.952683875e-02	7.604135380e-01	1.484220578e+00	6.002171934e-01	3.921686062e+00	-3.810323566e-01	1.219936909e+00	7.591081439e-01	8.864399438e-01	1.018120744e+00	1.849925835e+00	-7.944558235e-01	-1.661088130e+04	-1.424028201e+01

14	5.381169515e-01	4.169554183e-02	2.755951237e+00	1.451001957e+00	8.977981582e-01	-4.366413493e-01	8.454227786e-01	3.010476770e+00	-1.176660150e+00	1.507465824e+00	2.178661953e+00	1.759185848e+00	-1.587396332e+05	-1.704651135e+01

15	2.557339148e-02	1.114310942e+00	1.080225508e+00	4.348355310e-01	8.584864487e+00	-1.849176801e+00	1.033196479e+00	6.781926459e-02	2.021066743e+00	5.704466512e-01	7.853376016e-01	-8.535337171e-01	-6.306853769e+03	-1.917021111e+01

16	4.611223870e-01	6.028009414e-01	2.700148560e+00	9.058538032e-01	9.466842688e-01	3.064912063e-01	1.228608541e+00	2.255910185e+00	-1.829081250e-01	9.506269753e-01	1.859902178e+00	-1.889656741e-03	-1.646443367e+05	-1.372414085e+01

17	1.577848887e-01	1.626285773e+00	4.351670603e-01	6.453441836e-01	4.924772185e-01	7.232821815e-01	2.851364644e-01	5.219028859e-01	-2.263957551e+00	2.305697903e+00	1.512207724e-01	-4.858939740e-01	-1.281229989e+05	-1.329620653e+01

18	2.373755827e-01	5.685336444e-01	1.416885205e+00	6.108093374e-01	1.033783293e+00	6.667224295e-02	4.729889375e-01	4.318150454e-01	-1.569230393e-01	7.148084660e-01	2.723848929e+00	5.192142339e-01	-7.739544536e+04	-1.069080002e+01

19	3.047154993e-01	6.794240025e-01	1.751857683e+00	5.981732184e-01	1.338032687e+00	-4.106978463e-01	7.994671949e-01	1.362518304e+00	1.478427726e-01	1.773593488e+00	1.636326219e+00	7.009588206e-02	-9.405194354e+04	-1.263201628e+01

20	8.353455006e-01	2.704889828e-01	1.936499887e+00	6.721992157e-01	6.864892108e-01	8.183926636e-01	8.406405837e-01	1.315916360e+00	8.924724942e-02	2.166371465e+00	1.247829682e+00	-8.251846600e-01	-3.811895567e+05	-1.289526105e+01

21	1.069832356e+00	8.635595733e-01	1.443369828e+00	8.447484201e-01	3.291552508e+00	3.486236475e-01	9.817554731e-01	2.937565392e+00	9.972614207e-01	1.692240910e+00	5.870901444e-01	9.245890180e-02	-7.941761726e+05	-1.608401369e+01

22	3.377988918e-01	5.142660257e-01	2.757985199e+00	6.818402298e-01	6.694183561e-01	-1.348469550e+00	6.195693152e-01	2.160791579e+00	4.514406068e-01	1.845051976e+00	1.452851868e+00	9.758058604e-01	-1.025105435e+05	-1.431515744e+01

23	4.578992714e-01	5.455362239e-01	1.113248254e+00	6.002395827e-01	7.453178832e-01	-9.302744489e-01	1.336806569e+00	2.387541180e+00	-3.490626760e-01	1.554449837e+00	1.355855174e+00	-6.660313188e-02	-1.655849077e+05	-1.305541498e+01

24	1.532607811e-01	4.804343623e-01	2.022166204e+00	6.669702858e-01	1.034012484e+00	4.370088768e-01	1.089283483e+00	1.267493945e+00	8.143835620e-02	1.265153632e+00	2.239614272e+00	-9.011574126e-01	-3.063701632e+04	-1.281675105e+01
0	2.569934982e-01	7.434083656e-01	1.390613263e+00	5.295196281e-01	2.221182699e+00	-4.695911751e-01	7.241424333e-01	7.632084005e-01	4.149762396e-01	1.530993860e+00	1.716998571e+00	-1.042387614e-01	-8.209646405e+04	-1.242778905e+01

1	2.402875396e-02	9.817138159e-03	3.108202850e+00	3.025249010e-01	1.526529957e+00	1.066986991e+00	1.487728135e+00	3.366659348e+00	5.153294278e-01	1.305536680e+00	2.960646133e+00	-1.420916793e+00	-2.047284551e+03	-1.681522240e+01

2	5.356502929e-01	4.208590167e-01	1.271529123e+00	4.562101485e-01	2.174241031e+00	3.089175271e-01	4.733228090e-01	2.424305012e+00	-3.043960830e-01	9.190884172e-01	8.460904043e-01	-4.290661915e-01	-1.961494737e+05	-1.199858192e+01

3	2.102454617e-02	7.187676883e-02	5.146777173e-01	3.874217078e-01	4.566666188e-01	-5.507564859e-01	2.785285080e-01	9.286659540e-01	-5.444386139e-01	1.433096953e+00	2.214196440e+00	-2.274512448e+00	-6.273204792e+03	-1.202083172e+01

4	4.700877340e-02	7.440586648e-02	5.428559178e-01	4.752526947e-01	1.968366442e+00	1.142133745e+00	2.354248825e+00	1.232274076e+00	7.591286925e-02	5.649961169e+00	1.642568157e+00	-6.833620647e-01	-3.409979228e+03	-1.764128297e+01

5	4.503726976e-01	2.288917742e-02	6.819017841e+00	1.773260672e+00	2.940525982e-01	1.363252694e+00	1.151544568e+00	6.756877622e-01	2.279590707e+00	1.046345443e+00	6.401080615e-01	-1.413745518e-01	-2.253466958e+04	-1.676635227e+01

6	1.547683856e-01	1.027030045e-01	1.613923285e+00	2.838924008e-01	7.008658570e-01	6.318057693e-01	2.625361347e+00	2.445767699e+00	9.678994503e-01	1.761654128e+00	1.946418376e+00	-3.317481596e-01	-1.647723958e+04	-1.453814531e+01

7	9.006291949e-02	1.634701980e-01	7.197672982e-01	3.173600939e-01	4.427389617e-01	1.157190142e-01	1.246814000e+00	1.426626733e+00	3.612117380e-02	1.208203427e+00	1.459075966e+00	-1.134559667e+00	-1.084247467e+04	-1.055624096e+01

8	8.700058014e-01	3.892084669e-02	3.064551854e+00	1.789984089e-01	1.055495508e+00	-3.478780582e+00	7.156923119e-01	3.670974161e+00	1.368370318e+00	2.611717764e+00	5.137729345e-02	2.705009366e+00	-5.683874668e+04	-2.651208416e+01

9	4.247202488e-01	1.931519716e-01	1.532390370e+00	9.505086666e-01	1.084182134e+00	-3.281936039e-01	1.045277552e+00	2.648416081e+00	-1.390952062e+00	1.044070139e+00	2.189664484e+00	4.589961711e-01	-1.121665533e+05	-1.435866857e+01

10	4.362668081e-01	5.398200328e-01	1.471693074e+00	9.102918106e-01	1.533348083e+00	5.918495112e-01	1.631621809e+00	5.983215286e-01	2.928485337e-01	1.776343692e+00	1.761273949e+00	-1.121290678e+00	-1.570971533e+05	-1.392137985e+01

11	4.471653057e-01	3.272516639e-01	2.589128497e+00	9.903047826e-01	7.459537021e-01	1.423515434e+00	1.554046170e+00	1.167467699e+00	6.182559778e-02	8.525927660e-01	1.984689161e+00	-1.073145602e+00	-1.339249077e+05	-1.414417740e+01

12	6.220304148e-02	1.880501741e-01	1.019539373e+00	4.934141909e-01	1.678054047e+00	6.242687726e-02	8.216165978e-01	8.242560830e-01	4.572384030e-01	3.032666150e-01	1.256302081e+00	-4.623964219e-01	-6.552812433e+03	-9.476172403e+00

13	6.952683875e-02	7.604135380e-01	1.484220578e+00	6.002171934e-01	3.921686062e+00	-3.810323566e-01	1.219936909e+00	7.591081439e-01	8.864399438e-01	1.018120744e+00	1.849925835e+00	-7.944558235e-01	-1.661088130e+04	-1.424028201e+01

14	5.381169515e-01	4.169554183e-02	2.755951237e+00	1.451001957e+00	8.977981582e-01	-4.366413493e-01	8.454227786e-01	3.010476770e+00	-1.176660150e+00	1.507465824e+00	2.178661953e+00	1.759185848e+00	-1.587396332e+05	-1.704651135e+01

15	2.557339148e-02	1.114310942e+00	1.080225508e+00	4.348355310e-01	8.584864487e+00	-1.849176801e+00	1.033196479e+00	6.781926459e-02	2.021066743e+00	5.704466512e-01	7.853376016e-01	-8.535337171e-01	-6.306853769e+03	-1.917021111e+01

16	4.609522209e-01	6.026787778e-01	2.700228365e+00	9.055447014e-01	9.463016876e-01	3.042076332e-01	1.227768167e+00	2.255778937e+00	-1.820328283e-01	9.518611344e-01	1.859340516e+00	-5.405980295e-04	-1.645441432e+05	-1.372214250e+01

17	1.577848887e-01	1.626285773e+00	4.351670603e-01	6.453441836e-01	4.924772185e-01	7.232821815e-01	2.851364644e-01	5.219028859e-01	-2.263957551e+00	2.305697903e+00	1.512207724e-01	-4.858939740e-01	-1.281229989e+05	-1.329620653e+01

18	2.373755827e-01	5.685336444e-01	1.416885205e+00	6.108093374e-01	1.033783293e+00	6.667224295e-02	4.729889375e-01	4.318150454e-01	-1.569230393e-01	7.148084660e-01	2.723848929e+00	5.192142339e-01	-7.739544536e+04	-1.069080002e+01

19	2.303296196e-01	7.158653248e-01	1.300858035e+00	4.518427638e-01	1.524154901e+00	-7.517872919e-01	5.953709623e-01	9.376281856e-01	3.051452857e-01	2.164989858e+00	1.529995259e+00	1.043316354e-01	-7.132083766e+04	-1.227766126e+01

20	7.455812813e-01	3.155275699e-01	1.737328930e+00	6.075065229e-01	1.132098207e+00	6.657955024e-01	7.306221635e-01	1.647899120e+00	-2.865615885e-02	1.792787283e+00	1.127501390e+00	-7.065399030e-01	-3.330191024e+05	-1.261317481e+01

21	7.594067000e-01	7.049381655e-01	1.457247259e+00	8.768624611e-01	2.430091901e+00	4.677960811e-01	1.300167963e+00	1.791415143e+00	6.521229688e-01	1.733448424e+00	1.162400432e+00	-5.022372754e-01	-4.025045150e+05	-1.492881875e+01

22	3.377988918e-01	5.142660257e-01	2.757985199e+00	6.818402298e-01	6.694183561e-01	-1.348469550e+00	6.195693152e-01	2.160791579e+00	4.514406068e-01	1.845051976e+00	1.452851868e+00	9.758058604e-01	-1.025105435e+05	-1.431515744e+01

23	4.578992714e-01	5.455362239e-01	1.113248254e+00	6.002395827e-01	7.453178832e-01	-9.302744489e-01	1.336806569e+00	2.387541180e+00	-3.490626760e-01	1.554449837e+00	1.355855174e+00	-6.660313188e-02	-1.655849077e+05	-1.305541498e+01

24	1.532607811e-01	4.804343623e-01	2.022166204e+00	6.669702858e-01	1.034012484e+00	4.370088768e-01	1.089283483e+00	1.267493945e+00	8.143835620e-02	1.265153632e+00	2.239614272e+00	-9.011574126e-01	-3.063701632e+04	-1.281675105e+01
0	2.569934982e-01	7.434083656e-01	1.390613263e+00	5.295196281e-01	2.221182699e+00	-4.695911751e-01	7.241424333e-01	7.632084005e-01	4.149762396e-01	1.530993860e+00	1.716998571e+00	-1.042387614e-01	-8.209646405e+04	-1.242778905e+01

1	2.402875396e-02	9.817138159e-03	3.108202850e+00	3.025249010e-01	1.526529957e+00	1.066986991e+00	1.487728135e+00	3.366659348e+00	5.153294278e-01	1.305536680e+00	2.960646133e+00	-1.420916793e+00	-2.047284551e+03	-1.681522240e+01

2	5.356502929e-01	4.208590167e-01	1.271529123e+00	4.562101485e-01	2.174241031e+00	3.089175271e-01	4.733228090e-01	2.424305012e+00	-3.043960830e-01	9.190884172e-01	8.460904043e-01	-4.290661915e-01	-1.961494737e+05	-1.199858192e+01

3	2.102454617e-02	7.187676883e-02	5.146777173e-01	3.874217078e-01	4.566666188e-01	-5.507564859e-01	2.785285080e-01	9.286659540e-01	-5.444386139e-01	1.433096953e+00	2.214196440e+00	-2.274512448e+00	-6.273204792e+03	-1.202083172e+01

4	4.700877340e-02	7.440586648e-02	5.428559178e-01	4.752526947e-01	1.968366442e+00	1.142133745e+00	2.354248825e+00	1.232274076e+00	7.591286925e-02	5.649961169e+00	1.642568157e+00	-6.833620647e-01	-3.409979228e+03	-1.764128297e+01

5	4.503726976e-01	2.288917742e-02	6.819017841e+00	1.773260672e+00	2.940525982e-01	1.363252694e+00	1.151544568e+00	6.756877622e-01	2.279590707e+00	1.046345443e+00	6.401080615e-01	-1.413745518e-01	-2.253466958e+04	-1.676635227e+01

6	1.547683856e-01	1.027030045e-01	1.613923285e+00	2.838924008e-01	7.008658570e-01	6.318057693e-01	2.625361347e+00	2.445767699e+00	9.678994503e-01	1.761654128e+00	1.946418376e+00	-3.317481596e-01	-1.647723958e+04	-1.453814531e+01

7	9.006291949e-02	1.634701980e-01	7.197672982e-01	3.173600939e-01	4.427389617e-01	1.157190142e-01	1.246814000e+00	1.426626733e+00	3.612117380e-02	1.208203427e+00	1.459075966e+00	-1.134559667e+00	-1.084247467e+04	-1.055624096e+01

8	8.700058014e-01	3.892084669e-02	3.064551854e+00	1.789984089e-01	1.055495508e+00	-3.478780582e+00	7.156923119e-01	3.670974161e+00	1.368370318e+00	2.611717764e+00	5.137729345e-02	2.705009366e+00	-5.683874668e+04	-2.651208416e+01

9	4.247202488e-01	1.931519716e-01	1.532390370e+00	9.505086666e-01	1.084182134e+00	-3.281936039e-01	1.045277552e+00	2.648416081e+00	-1.390952062e+00	1.044070139e+00	2.189664484e+00	4.589961711e-01	-1.121665533e+05	-1.435866857e+01

10	4.362668081e-01	5.398200328e-01	1.471693074e+00	9.102918106e-01	1.533348083e+00	5.918495112e-01	1.631621809e+00	5.983215286e-01	2.928485337e-01	1.776343692e+00	1.761273949e+00	-1.121290678e+00	-1.570971533e+05	-1.392137985e+01

11	3.285680284e-01	2.382806915e-01	2.734615349e+00	7.975329197e-01	9.647346564e-01	1.323587166e+00	1.535458463e+00	1.783860068e+00	1.889342563e-01	9.795444905e-01	2.258231683e+00	-1.170619375e+00	-7.160478725e+04	-1.494226319e+01

12	4.361314548e-02	1.296892125e-01	9.884337335e-01	4.980107783e-01	1.695070804e+00	1.524552172e-01	8.466327665e-01	8.117204350e-01	4.740554658e-01	9.741432283e-02	1.226039598e+00	-5.250600160e-01	-3.959314061e+03	-9.227417014e+00

13	6.952683875e-02	7.604135380e-01	1.484220578e+00	6.002171934e-01	3.921686062e+00	-3.810323566e-01	1.219936909e+00	7.591081439e-01	8.864399438e-01	1.018120744e+00	1.849925835e+00	-7.944558235e-01	-1.661088130e+04	-1.424028201e+01

14	5.381169515e-01	4.169554183e-02	2.755951237e+00	1.451001957e+00	8.977981582e-01	-4.366413493e-01	8.454227786e-01	3.010476770e+00	-1.176660150e+00	1.507465824e+00	2.178661953e+00	1.759185848e+00	-1.587396332e+05	-1.704651135e+01

15	2.462280007e-02	1.121964763e+00	1.071488213e+00	4.312587834e-01	8.685716129e+00	-1.880928701e+00	1.029157800e+00	5.286859953e-02	2.045605581e+00	5.607646997e-01	7.623135048e-01	-8.548114084e-01	-6.117001999e+03	-1.973175712e+01

16	4.609522209e-01	6.026787778e-01	2.700228365e+00	9.055447014e-01	9.463016876e-01	3.042076332e-01	1.227768167e+00	2.255778937e+00	-1.820328283e-01	9.518611344e-01	1.859340516e+00	-5.405980295e-04	-1.645441432e+05	-1.372214250e+01

17	1.577848887e-01	1.626285773e+00	4.351670603e-01	6.453441836e-01	4.924772185e-01	7.232821815e-01	2.851364644e-01	5.219028859e-01	-2.263957551e+00	2.305697903e+00	1.512207724e-01	-4.858939740e-01	-1.281229989e+05	-1.329620653e+01

18	2.121868933e-01	6.330606640e-01	7.780378603e-01	4.733397494e-01	1.121262631e+00	-8.665923446e-02	3.927440616e-01	4.029750579e-01	-4.450611584e-01	6.756014469e-01	2.970268706e+00	5.973343801e-01	-7.338669297e+04	-1.050186737e+01

19	2.303296196e-01	7.158653248e-01	1.300858035e+00	4.518427638e-01	1.524154901e+00	-7.517872919e-01	5.953709623e-01	9.376281856e-01	3.051452857e-01	2.164989858e+00	1.529995259e+00	1.043316354e-01	-7.132083766e+04	-1.227766126e+01

20	7.169499365e-01	3.088860976e-01	1.692884472e+00	5.948336781e-01	1.101988780e+00	6.417695857e-01	7.531680864e-01	1.638234515e+00	-2.582685268e-02	1.767254173e+00	1.141983709e+00	-7.252346981e-01	-3.084616599e+05	-1.251050731e+01

21	5.849183480e-01	6.593450978e-01	1.443756285e+00	7.879344843e-01	1.963377217e+00	3.337208600e-01	1.023684243e+00	1.336970240e+00	3.817001913e-01	1.392969089e+00	1.684312950e+00	-1.608181825e-01	-2.498852010e+05	-1.338375019e+01

22	3.344000628e-01	5.239041897e-01	2.700470926e+00	6.754333347e-01	7.346885249e-01	-1.311502249e+00	6.239678600e-01	2.102006564e+00	4.499068460e-01	1.831842092e+00	1.463962383e+00	9.303771230e-01	-1.004300049e+05	-1.420277710e+01

23	4.578992714e-01	5.455362239e-01	1.113248254e+00	6.002395827e-01	7.453178832e-01	-9.302744489e-01	1.336806569e+00	2.387541180e+00	-3.490626760e-01	1.554449837e+00	1.355855174e+00	-6.660313188e-02	-1.655849077e+05	-1.305541498e+01

24	1.532607811e-01	4.804343623e-01	2.022166204e+00	6.669702858e-01	1.034012484e+00	4.370088768e-01	1.089283483e+00	1.267493945e+00	8.143835620e-02	1.265153632e+00	2.239614272e+00	-9.011574126e-01	-3.063701632e+04	-1.281675105e+01
0	2.569934982e-01	7.434083656e-01	1.390613263e+00	5.295196281e-01	2.221182699e+00	-4.695911751e-01	7.241424333e-01	7.632084005e-01	4.149762396e-01	1.530993860e+00	1.716998571e+00	-1.042387614e-01	-8.209646405e+04	-1.242778905e+01

1	2.402875396e-02	9.817138159e-03	3.108202850e+00	3.025249010e-01	1.526529957e+00	1.066986991e+00	1.487728135e+00	3.366659348e+00	5.153294278e-01	1.305536680e+00	2.960646133e+00	-1.420916793e+00	-2.047284551e+03	-1.681522240e+01

2	3.970388295e-01	6.110274418e-01	1.217269883e+00	4.494423223e-01	3.940418203e+00	-2.850579333e-01	6.240878903e-01	1.781074900e+00	3.330200525e-01	8.218964352e-01	8.233666980e-01	-5.445456293e-01	-1.346242459e+05	-1.280178269e+01

3	2.102454617e-02	7.187676883e-02	5.146777173e-01	3.874217078e-01	4.566666188e-01	-5.507564859e-01	2.785285080e-01	9.286659540e-01	-5.444386139e-01	1.433096953e+00	2.214196440e+00	-2.274512448e+00	-6.273204792e+03	-1.202083172e+01

4	4.700877340e-02	7.440586648e-02	5.428559178e-01	4.752526947e-01	1.968366442e+00	1.142133745e+00	2.354248825e+00	1.232274076e+00	7.591286925e-02	5.649961169e+00	1.642568157e+00	-6.833620647e-01	-3.409979228e+03	-1.764128297e+01

5	4.503726976e-01	2.288917742e-02	6.819017841e+00	1.773260672e+00	2.940525982e-01	1.363252694e+00	1.151544568e+00	6.756877622e-01	2.279590707e+00	1.046345443e+00	6.401080615e-01	-1.413745518e-01	-2.253466958e+04	-1.676635227e+01

6	7.728819012e-02	1.157286339e-01	1.381488892e+00	4.710713053e-02	6.622213028e-01	8.487558824e-01	2.985552136e+00	2.329694237e+00	1.403369609e+00	1.812936381e+00	1.898897364e+00	-7.567747163e-01	-6.335090761e+03	-1.525928712e+01

7	9.006291949e-02	1.634701980e-01	7.197672982e-01	3.173600939e-01	4.427389617e-01	1.157190142e-01	1.246814000e+00	1.426626733e+00	3.612117380e-02	1.208203427e+00	1.459075966e+00	-1.134559667e+00	-1.084247467e+04	-1.055624096e+01

8	8.700058014e-01	3.892084669e-02	3.064551854e+00	1.789984089e-01	1.055495508e+00	-3.478780582e+00	7.156923119e-01	3.670974161e+00	1.368370318e+00	2.611717764e+00	5.137729345e-02	2.705009366e+00	-5.683874668e+04	-2.651208416e+01

9	4.305802700e-01	1.542572994e-01	2.740062567e+00	1.138457359e+00	9.036856876e-01	5.819879412e-02	1.069553089e+00	2.197767883e+00	-5.524567316e-01	1.044589907e+00	1.835685275e+00	3.218480491e-01	-1.109988284e+05	-1.346635982e+01

10	4.666466641e-01	4.212964577e-01	1.584768678e+00	9.391951978e-01	1.646897670e+00	5.775113968e-01	1.778511168e+00	6.066581106e-01	5.717729276e-01	1.718595940e+00	1.936916173e+00	-1.190606706e+00	-1.568433909e+05	-1.447187095e+01

11	2.935352622e-01	3.571163986e-01	2.145651152e+00	6.999450801e-01	1.011852327e+00	8.990782247e-01	1.191481353e+00	1.368189421e+00	-1.909501421e-03	8.880522948e-01	2.472567336e+00	-6.384342359e-01	-6.604774681e+04	-1.302324867e+01

12	4.361314548e-02	1.296892125e-01	9.884337335e-01	4.980107783e-01	1.695070804e+00	1.524552172e-01	8.466327665e-01	8.117204350e-01	4.740554658e-01	9.741432283e-02	1.226039598e+00	-5.250600160e-01	-3.959314061e+03	-9.227417014e+00

13	6.952683875e-02	7.604135380e-01	1.484220578e+00	6.002171934e-01	3.921686062e+00	-3.810323566e-01	1.219936909e+00	7.591081439e-01	8.864399438e-01	1.018120744e+00	1.849925835e+00	-7.944558235e-01	-1.661088130e+04	-1.424028201e+01

14	5.378596138e-01	3.829939351e-02	2.763166346e+00	1.454647836e+00	8.919390679e-01	-4.408771887e-01	8.444426073e-01	3.019678551e+00	-1.185228800e+00	1.508095385e+00	2.181380133e+00	1.769742997e+00	-1.576468971e+05	-1.708363043e+01

15	2.462280007e-02	1.121964763e+00	1.071488213e+00	4.312587834e-01	8.685716129e+00	-1.880928701e+00	1.029157800e+00	5.286859953e-02	2.045605581e+00	5.607646997e-01	7.623135048e-01	-8.548114084e-01	-6.117001999e+03	-1.973175712e+01

16	4.609522209e-01	6.026787778e-01	2.700228365e+00	9.055447014e-01	9.463016876e-01	3.042076332e-01	1.227768167e+00	2.255778937e+00	-1.820328283e-01	9.518611344e-01	1.859340516e+00	-5.405980295e-04	-1.645441432e+05	-1.372214250e+01

17	1.577848887e-01	1.626285773e+00	4.351670603e-01	6.453441836e-01	4.924772185e-01	7.232821815e-01	2.851364644e-01	5.219028859e-01	-2.263957551e+00	2.305697903e+00	1.512207724e-01	-4.858939740e-01	-1.281229989e+05	-1.329620653e+01

18	2.121868933e-01	6.330606640e-01	7.780378603e-01	4.733397494e-01	1.121262631e+00	-8.665923446e-02	3.927440616e-01	4.029750579e-01	-4.450611584e-01	6.756014469e-01	2.970268706e+00	5.973343801e-01	-7.338669297e+04	-1.050186737e+01

19	2.303296196e-01	7.158653248e-01	1.300858035e+00	4.518427638e-01	1.524154901e+00	-7.517872919e-01	5.953709623e-01	9.376281856e-01	3.051452857e-01	2.164989858e+00	1.529995259e+00	1.043316354e-01	-7.132083766e+04	-1.227766126e+01

20	7.169499365e-01	3.088860976e-01	1.692884472e+00	5.948336781e-01	1.101988780e+00	6.417695857e-01	7.531680864e-01	1.638234515e+00	-2.582685268e-02	1.767254173e+00	1.141983709e+00	-7.252346981e-01	-3.084616599e+05	-1.251050731e+01

21	5.849183480e-01	6.593450978e-01	1.443756285e+00	7.879344843e-01	1.963377217e+00	3.337208600e-01	1.023684243e+00	1.336970240e+00	3.817001913e-01	1.392969089e+00	1.684312950e+00	-1.608181825e-01	-2.498852010e+05	-1.338375019e+01

22	3.344000628e-01	5.239041897e-01	2.700470926e+00	6.754333347e-01	7.346885249e-01	-1.311502249e+00	6.239678600e-01	2.102006564e+00	4.499068460e-01	1.831842092e+00	1.463962383e+00	9.303771230e-01	-1.004300049e+05	-1.420277710e+01

23	4.578992714e-01	5.455362239e-01	1.113248254e+00	6.002395827e-01	7.453178832e-01	-9.302744489e-01	1.336806569e+00	2.387541180e+00	-3.490626760e-01	1.554449837e+00	1.355855174e+00	-6.660313188e-02	-1.655849077e+05	-1.305541498e+01

24	1.089092018e-01	3.679981639e-01	2.292190659e+00	7.257381839e-01	5.264303500e-01	8.246314633e-01	1.245401849e+00	1.483104419e+00	-6.116787552e-02	1.151491962e+00	2.463061920e+00	-1.241885023e+00	-1.948435547e+04	-1.343424288e+01
0	2.569934982e-01	7.434083656e-01	1.390613263e+00	5.295196281e-01	2.221182699e+00	-4.695911751e-01	7.241424333e-01	7.632084005e-01	4.149762396e-01	1.530993860e+00	1.716998571e+00	-1.042387614e-01	-8.209646405e+04	-1.242778905e+01

1	2.402875396e-02	9.817138159e-03	3.108202850e+00	3.025249010e-01	1.526529957e+00	1.066986991e+00	1.487728135e+00	3.366659348e+00	5.153294278e-01	1.305536680e+00	2.960646133e+00	-1.420916793e+00	-2.047284551e+03	-1.681522240e+01

2	3.970388295e-01	6.110274418e-01	1.217269883e+00	4.494423223e-01	3.940418203e+00	-2.850579333e-01	6.240878903e-01	1.781074900e+00	3.330200525e-01	8.218964352e-01	8.233666980e-01	-5.445456293e-01	-1.346242459e+05	-1.280178269e+01

3	2.102454617e-02	7.187676883e-02	5.146777173e-01	3.874217078e-01	4.566666188e-01	-5.507564859e-01	2.785285080e-01	9.286659540e-01	-5.444386139e-01	1.433096953e+00	2.214196440e+00	-2.274512448e+00	-6.273204792e+03	-1.202083172e+01

4	4.700877340e-02	7.440586648e-02	5.428559178e-01	4.752526947e-01	1.968366442e+00	1.142133745e+00	2.354248825e+00	1.232274076e+00	7.591286925e-02	5.649961169e+00	1.642568157e+00	-6.833620647e-01	-3.409979228e+03	-1.764128297e+01

5	4.503726976e-01	2.288917742e-02	6.819017841e+00	1.773260672e+00	2.940525982e-01	1.363252694e+00	1.151544568e+00	6.756877622e-01	2.279590707e+00	1.046345443e+00	6.401080615e-01	-1.413745518e-01	-2.253466958e+04	-1.676635227e+01

6	7.728819012e-02	1.157286339e-01	1.381488892e+00	4.710713053e-02	6.622213028e-01	8.487558824e-01	2.985552136e+00	2.329694237e+00	1.403369609e+00	1.812936381e+00	1.898897364e+00	-7.567747163e-01	-6.335090761e+03	-1.525928712e+01

7	9.006291949e-02	1.634701980e-01	7.197672982e-01	3.173600939e-01	4.427389617e-01	1.157190142e-01	1.246814000e+00	1.426626733e+00	3.612117380e-02	1.208203427e+00	1.459075966e+00	-1.134559667e+00	-1.084247467e+04	-1.055624096e+01

8	8.700058014e-01	3.892084669e-02	3.064551854e+00	1.789984089e-01	1.055495508e+00	-3.478780582e+00	7.156923119e-01	3.670974161e+00	1.368370318e+00	2.611717764e+00	5.137729345e-02	2.705009366e+00	-5.683874668e+04	-2.651208416e+01

9	3.447239295e-01	2.470591482e-01	2.721572465e+00	8.854081116e-01	9.130865821e-01	4.576124744e-01	1.249710438e+00	1.539987554e+00	-4.604522444e-02	6.736435286e-01	1.559023484e+00	-8.369114777e-01	-7.933517023e+04	-1.245659018e+01

10	4.328121503e-01	5.135196338e-01	1.406137305e+00	7.011393740e-01	2.761716893e+00	1.582394278e-01	1.217376771e+00	1.177510821e+00	4.557215164e-01	1.282734203e+00	1.395649443e+00	-8.765736303e-01	-1.404892828e+05	-1.362585101e+01

11	2.935352622e-01	3.571163986e-01	2.145651152e+00	6.999450801e-01	1.011852327e+00	8.990782247e-01	1.191481353e+00	1.368189421e+00	-1.909501421e-03	8.880522948e-01	2.472567336e+00	-6.384342359e-01	-6.604774681e+04	-1.302324867e+01

12	4.361314548e-02	1.296892125e-01	9.884337335e-01	4.980107783e-01	1.695070804e+00	1.524552172e-01	8.466327665e-01	8.117204350e-01	4.740554658e-01	9.741432283e-02	1.226039598e+00	-5.250600160e-01	-3.959314061e+03	-9.227417014e+00

13	7.219553352e-02	5.387424459e-01	1.448896895e+00	4.100335690e-01	2.800938379e+00	4.182305718e-02	1.827033264e+00	1.299144885e+00	1.064183152e+00	1.291413401e+00	1.866764405e+00	-7.814993976e-01	-1.197115310e+04	-1.459147056e+01

14	4.411643896e-01	2.011621399e-01	2.214157958e+00	1.179617049e+00	9.217769158e-01	-3.867713450e-01	6.542767248e-01	2.342658162e+00	-1.052035624e+00	1.239617190e+00	2.438237234e+00	1.568390123e+00	-1.203183711e+05	-1.533205709e+01

15	2.345836167e-02	7.821436107e-01	8.912976141e-01	4.170725765e-01	6.022696361e+00	-1.450468914e+00	7.862450990e-01	3.362871966e-01	1.207436011e+00	8.430619482e-01	1.232160351e+00	-1.314243804e+00	-5.804051079e+03	-1.522955493e+01

16	4.609522209e-01	6.026787778e-01	2.700228365e+00	9.055447014e-01	9.463016876e-01	3.042076332e-01	1.227768167e+00	2.255778937e+00	-1.820328283e-01	9.518611344e-01	1.859340516e+00	-5.405980295e-04	-1.645441432e+05	-1.372214250e+01

17	1.577848887e-01	1.626285773e+00	4.351670603e-01	6.453441836e-01	4.924772185e-01	7.232821815e-01	2.851364644e-01	5.219028859e-01	-2.263957551e+00	2.305697903e+00	1.512207724e-01	-4.858939740e-01	-1.281229989e+05	-1.329620653e+01

18	1.579264682e-01	6.782167837e-01	6.060124083e-01	3.740017889e-01	1.009177406e+00	-2.282854753e-01	9.724622298e-02	3.595421452e-01	-6.618885555e-01	4.531956639e-01	3.190618460e+00	9.785908870e-01	-5.834712458e+04	-1.025791728e+01

19	1.753412183e-01	5.583246131e-01	1.749808855e+00	5.758834445e-01	1.072309331e+00	-3.786496594e-02	8.897543936e-01	1.184661317e+00	1.392508219e-01	1.706000916e+00	1.952558819e+00	-5.053376701e-01	-4.143987751e+04	-1.226576493e+01

20	7.169499365e-01	3.088860976e-01	1.692884472e+00	5.948336781e-01	1.101988780e+00	6.417695857e-01	7.531680864e-01	1.638234515e+00	-2.582685268e-02	1.767254173e+00	1.141983709e+00	-7.252346981e-01	-3.084616599e+05	-1.251050731e+01

21	3.834670408e-01	4.494717804e-01	1.111842560e+00	6.448511198e-01	1.425104197e+00	1.774094149e-02	7.574770310e-01	1.191103355e+00	5.083669826e-02	1.407304786e+00	1.873614059e+00	-9.159363828e-01	-1.116622805e+05	-1.221050661e+01

22	3.344000628e-01	5.239041897e-01	2.700470926e+00	6.754333347e-01	7.346885249e-01	-1.311502249e+00	6.239678600e-01	2.102006564e+00	4.499068460e-01	1.831842092e+00	1.463962383e+00	9.303771230e-01	-1.004300049e+05	-1.420277710e+01

23	4.578992714e-01	5.455362239e-01	1.113248254e+00	6.002395827e-01	7.453178832e-01	-9.302744489e-01	1.336806569e+00	2.387541180e+00	-3.490626760e-01	1.554449837e+00	1.355855174e+00	-6.660313188e-02	-1.655849077e+05	-1.305541498e+01

24	1.089092018e-01	3.679981639e-01	2.292190659e+00	7.257381839e-01	5.264303500e-01	8.246314633e-01	1.245401849e+00	1.483104419e+00	-6.116787552e-02	1.151491962e+00	2.463061920e+00	-1.241885023e+00	-1.948435547e+04	-1.343424288e+01
0	2.569934982e-01	7.434083656e-01	1.390613263e+00	5.295196281e-01	2.221182699e+00	-4.695911751e-01	7.241424333e-01	7.632084005e-01	4.149762396e-01	1.530993860e+00	1.716998571e+00	-1.042387614e-01	-8.209646405e+04	-1.242778905e+01

1	2.402875396e-02	9.817138159e-03	3.108202850e+00	3.025249010e-01	1.526529957e+00	1.066986991e+00	1.487728135e+00	3.366659348e+00	5.153294278e-01	1.305536680e+00	2.960646133e+00	-1.420916793e+00	-2.047284551e+03	-1.681522240e+01

2	3.970388295e-01	6.110274418e-01	1.217269883e+00	4.494423223e-01	3.940418203e+00	-2.850579333e-01	6.240878903e-01	1.781074900e+00	3.330200525e-01	8.218964352e-01	8.233666980e-01	-5.445456293e-01	-1.346242459e+05	-1.280178269e+01

3	2.102454617e-02	7.187676883e-02	5.146777173e-01	3.874217078e-01	4.566666188e-01	-5.507564859e-01	2.785285080e-01	9.286659540e-01	-5.444386139e-01	1.433096953e+00	2.214196440e+00	-2.274512448e+00	-6.273204792e+03	-1.202083172e+01

4	4.700877340e-02	7.440586648e-02	5.428559178e-01	4.752526947e-01	1.968366442e+00	1.142133745e+00	2.354248825e+00	1.232274076e+00	7.591286925e-02	5.649961169e+00	1.642568157e+00	-6.833620647e-01	-3.409979228e+03	-1.764128297e+01

5	4.503726976e-01	2.288917742e-02	6.819017841e+00	1.773260672e+00	2.940525982e-01	1.363252694e+00	1.151544568e+00	6.756877622e-01	2.279590707e+00	1.046345443e+00	6.401080615e-01	-1.413745518e-01	-2.253466958e+04	-1.676635227e+01

6	7.728819012e-02	1.157286339e-01	1.381488892e+00	4.710713053e-02	6.622213028e-01	8.487558824e-01	2.985552136e+00	2.329694237e+00	1.403369609e+00	1.812936381e+00	1.898897364e+00	-7.567747163e-01	-6.335090761e+03	-1.525928712e+01

7	9.006291949e-02	1.634701980e-01	7.197672982e-01	3.173600939e-01	4.427389617e-01	1.157190142e-01	1.246814000e+00	1.426626733e+00	3.612117380e-02	1.208203427e+00	1.459075966e+00	-1.134559667e+00	-1.084247467e+04	-1.055624096e+01

8	8.700058014e-01	3.892084669e-02	3.064551854e+00	1.789984089e-01	1.055495508e+00	-3.478780582e+00	7.156923119e-01	3.670974161e+00	1.368370318e+00	2.611717764e+00	5.137729345e-02	2.705009366e+00	-5.683874668e+04	-2.651208416e+01

9	1.905746193e-01	1.330234689e-01	2.907415009e+00	6.052322569e-01	1.207951864e+00	7.505219676e-01	1.364118969e+00	2.418018215e+00	2.237920604e-01	9.773771076e-01	2.232744765e+00	-1.117626697e+00	-2.457391031e+04	-1.453052013e+01

10	3.793988819e-01	4.535383398e-01	1.689743955e+00	7.006813573e-01	2.090636522e+00	4.423542011e-01	1.207445770e+00	1.250636861e+00	2.802181094e-01	1.131372042e+00	1.808651953e+00	-7.852461777e-01	-1.070300111e+05	-1.338360093e+01

11	2.935352622e-01	3.571163986e-01	2.145651152e+00	6.999450801e-01	1.011852327e+00	8.990782247e-01	1.191481353e+00	1.368189421e+00	-1.909501421e-03	8.880522948e-01	2.472567336e+00	-6.384342359e-01	-6.604774681e+04	-1.302324867e+01

12	4.361314548e-02	1.296892125e-01	9.884337335e-01	4.980107783e-01	1.695070804e+00	1.524552172e-01	8.466327665e-01	8.117204350e-01	4.740554658e-01	9.741432283e-02	1.226039598e+00	-5.250600160e-01	-3.959314061e+03	-9.227417014e+00

13	7.219553352e-02	5.387424459e-01	1.448896895e+00	4.100335690e-01	2.800938379e+00	4.182305718e-02	1.827033264e+00	1.299144885e+00	1.064183152e+00	1.291413401e+00	1.866764405e+00	-7.814993976e-01	-1.197115310e+04	-1.459147056e+01

14	4.411643896e-01	2.011621399e-01	2.214157958e+00	1.179617049e+00	9.217769158e-01	-3.867713450e-01	6.542767248e-01	2.342658162e+00	-1.052035624e+00	1.239617190e+00	2.438237234e+00	1.568390123e+00	-1.203183711e+05	-1.533205709e+01

15	2.345836167e-02	7.821436107e-01	8.912976141e-01	4.170725765e-01	6.022696361e+00	-1.450468914e+00	7.862450990e-01	3.362871966e-01	1.207436011e+00	8.430619482e-01	1.232160351e+00	-1.314243804e+00	-5.804051079e+03	-1.522955493e+01

16	4.609522209e-01	6.026787778e-01	2.700228365e+00	9.055447014e-01	9.463016876e-01	3.042076332e-01	1.227768167e+00	2.255778937e+00	-1.820328283e-01	9.518611344e-01	1.859340516e+00	-5.405980295e-04	-1.645441432e+05	-1.372214250e+01

17	1.641674036e-01	1.238033892e+00	9.130984394e-01	6.200920830e-01	7.032722519e-01	4.465709835e-01	5.049422563e-01	7.628453633e-01	-1.390283295e+00	2.087681095e+00	8.060881138e-01	-4.929626315e-01	-1.002166449e+05	-1.168935602e+01

18	1.536287500e-01	6.510175477e-01	7.538525354e-01	4.048412054e-01	9.668512844e-01	-1.359682046e-01	1.979137968e-01	4.580534320e-01	-6.092187849e-01	5.144206343e-01	3.126828021e+00	7.839048030e-01	-5.098515492e+04	-1.021837943e+01

19	1.753412183e-01	5.583246131e-01	1.749808855e+00	5.758834445e-01	1.072309331e+00	-3.786496594e-02	8.897543936e-01	1.184661317e+00	1.392508219e-01	1.706000916e+00	1.952558819e+00	-5.053376701e-01	-4.143987751e+04	-1.226576493e+01

20	5.979855103e-01	3.512971745e-01	1.647866025e+00	5.607359832e-01	1.415464056e+00	5.310727154e-01	9.513082683e-01	1.575668671e+00	1.752922310e-01	1.679456208e+00	1.275713884e+00	-7.356161669e-01	-2.292737679e+05	-1.282276434e+01

21	3.834670408e-01	4.494717804e-01	1.111842560e+00	6.448511198e-01	1.425104197e+00	1.774094149e-02	7.574770310e-01	1.191103355e+00	5.083669826e-02	1.407304786e+00	1.873614059e+00	-9.159363828e-01	-1.116622805e+05	-1.221050661e+01

22	2.976147836e-01	5.318645448e-01	2.480612862e+00	6.524105941e-01	8.127695373e-01	-1.016950234e+00	6.854358776e-01	1.889853627e+00	3.780619346e-01	1.802739009e+00	1.576959283e+00	5.983417074e-01	-8.389229770e+04	-1.343396140e+01

23	4.345906681e-01	5.154534495e-01	1.112808058e+00	6.142097756e-01	9.581943395e-01	-6.334015158e-01	1.155388355e+00	2.012874260e+00	-2.238333798e-01	1.508371067e+00	1.517992414e+00	-3.325735538e-01	-1.450157541e+05	-1.263134383e+01

24	1.089092018e-01	3.679981639e-01	2.292190659e+00	7.257381839e-01	5.264303500e-01	8.246314633e-01	1.245401849e+00	1.483104419e+00	-6.116787552e-02	1.151491962e+00	2.463061920e+00	-1.241885023e+00	-1.948435547e+04	-1.343424288e+01
