{
    "n": 100,
    "active_prop": 0.1,
    "noise_constant": 1.0,
    "seed": 13,
    "active_indices": [
        24,
        27,
        11
    ],
    "gp_features": [
        27,
        11,
        24
    ],
    "lengthscales": [
        2.0413585663033746,
        1.7138963270057141,
        0.41289287276465514
    ],
    "beta": [
        0.0,
        0.0,
        0.0,
        0.0,
        0.0,
        0.0,
        0.0,
        0.0,
        0.0,
        0.0,
        0.0,
        1.3985618858172755,
        0.0,
        0.0,
        0.0,
        0.0,
        0.0,
        0.0,
        0.0,
        0.0,
        0.0,
        0.0,
        0.0,
        0.0,
        -1.662362475494843,
        0.0,
        0.0,
        -2.666925457786439,
        0.0,
        0.0
    ]
}