{
    "selected features": [
        0,
        1,
        2,
        3,
        5,
        6,
        7,
        8,
        9,
        10,
        11,
        12,
        13,
        15,
        17,
        21,
        27,
        28,
        29
    ],
    "precision": 0.6842105263157895,
    "recall": 0.8666666666666667,
    "training rmse": 1.1722,
    "testing rmse": 2.3109,
    "beta_error": 0.5164,
    "tune time": 0.0096,
    "fit time": 0.2441,
    "prediction time (test)": 0.0155,
    "total runtime": 0.2692,
    "lambda": 0.2309
}