{
    "n": 100,
    "active_prop": 0.5,
    "noise_constant": 0.5,
    "seed": 39,
    "active_indices": [
        21,
        1,
        2,
        8,
        0,
        3,
        9,
        11,
        19,
        17,
        12,
        22,
        27,
        5,
        7
    ],
    "gp_features": [
        11,
        5,
        3
    ],
    "lengthscales": [
        1.3539138026648994,
        0.6943876452262431,
        1.4480275723492315
    ],
    "beta": [
        2.262115189889414,
        1.6054477972283374,
        3.0461897859352565,
        0.9018125761930076,
        0.0,
        4.14976378571035,
        0.0,
        3.1967256061273357,
        -3.8339564827222405,
        -4.038548744199834,
        0.0,
        -2.9278131105884455,
        2.8718154219838796,
        0.0,
        0.0,
        0.0,
        0.0,
        -4.59537217010621,
        0.0,
        0.12801526769145966,
        0.0,
        4.728951724786105,
        -0.03956738259796744,
        0.0,
        0.0,
        0.0,
        0.0,
        -4.213561746213262,
        0.0,
        0.0
    ]
}