{
    "selected features": [
        0,
        2,
        3,
        4,
        5,
        6,
        7,
        8,
        9,
        11,
        12,
        13,
        14,
        15,
        16,
        18,
        19,
        20,
        22,
        25,
        26,
        27,
        28
    ],
    "precision": 0.6086956521739131,
    "recall": 0.9333333333333333,
    "training rmse": 0.0,
    "testing rmse": 2.041,
    "beta_error": 0.5774,
    "tune time": 0.0469,
    "fit time": 60.7177,
    "prediction time (test)": 0.4922,
    "total runtime": 61.2568,
    "lambda": 0.0225
}