{
    "n": 1000,
    "active_prop": 0.2,
    "noise_constant": 0.1,
    "seed": 108,
    "active_indices": [
        1,
        14,
        5,
        6,
        9,
        12
    ],
    "gp_features": [
        14,
        1,
        5
    ],
    "lengthscales": [
        1.1063853535495294,
        2.3854603078035557,
        1.8831922808730628
    ],
    "beta": [
        0.0,
        0.20956515046692203,
        0.0,
        0.0,
        0.0,
        3.176277731841475,
        -4.035644545864335,
        0.0,
        0.0,
        1.2231818825766583,
        0.0,
        0.0,
        -1.4794875282389364,
        0.0,
        -4.474950760308145,
        0.0,
        0.0,
        0.0,
        0.0,
        0.0,
        0.0,
        0.0,
        0.0,
        0.0,
        0.0,
        0.0,
        0.0,
        0.0,
        0.0,
        0.0
    ]
}