{
    "n": 100,
    "active_prop": 0.3,
    "seed": 10,
    "active_indices": [
        29,
        5,
        13,
        25,
        14,
        3,
        23,
        27,
        12
    ],
    "gp_features": [
        12,
        3,
        23
    ],
    "lengthscales": [
        2.005122178369008,
        1.5255366558113819,
        0.8385167137404044
    ],
    "beta": [
        0.0,
        0.0,
        0.0,
        0.48953740144037106,
        0.0,
        3.3550868271551,
        0.0,
        0.0,
        0.0,
        0.0,
        0.0,
        0.0,
        0.5036863398249452,
        -1.591047569527444,
        -3.833874621807344,
        0.0,
        0.0,
        0.0,
        0.0,
        0.0,
        0.0,
        0.0,
        0.0,
        3.747893459485315,
        0.0,
        2.2105137199710567,
        0.0,
        -2.030859151075448,
        0.0,
        -4.68445469012853
    ]
}