{
    "n": 1000,
    "active_prop": 0.2,
    "noise_constant": 1.0,
    "seed": 119,
    "active_indices": [
        24,
        20,
        2,
        10,
        16,
        7
    ],
    "gp_features": [
        7,
        24,
        20
    ],
    "lengthscales": [
        1.3085993033866719,
        1.4105846373357507,
        0.3405089772194653
    ],
    "beta": [
        0.0,
        0.0,
        1.4622380448076422,
        0.0,
        0.0,
        0.0,
        0.0,
        2.693907116763599,
        0.0,
        0.0,
        -1.1236067496481117,
        0.0,
        0.0,
        0.0,
        0.0,
        0.0,
        -3.276204810741543,
        0.0,
        0.0,
        0.0,
        1.401710763521745,
        0.0,
        0.0,
        0.0,
        1.295789236108364,
        0.0,
        0.0,
        0.0,
        0.0,
        0.0
    ]
}