{
    "selected features": [
        2,
        5,
        7,
        10,
        12,
        18,
        19,
        20,
        21,
        22,
        25,
        26,
        27,
        28
    ],
    "precision": 0.9285714285714286,
    "recall": 0.8666666666666667,
    "training rmse": 0.3154,
    "testing rmse": 1.0044,
    "beta_error": 0.3162,
    "tune time": 1251.8995,
    "fit time": 11.3169,
    "prediction time (test)": 0.1637,
    "total runtime": 1263.3802,
    "lambda": 6.3246
}