{
    "n": 1000,
    "active_prop": 0.5,
    "noise_constant": 0.1,
    "seed": 121,
    "active_indices": [
        18,
        21,
        26,
        19,
        12,
        5,
        22,
        28,
        14,
        7,
        20,
        27,
        15,
        10,
        25
    ],
    "gp_features": [
        25,
        15,
        12
    ],
    "lengthscales": [
        0.9496788187422802,
        0.3962526529322436,
        0.8886657464037565
    ],
    "beta": [
        0.0,
        0.0,
        0.0,
        0.0,
        0.0,
        -2.928223201730903,
        0.0,
        -2.1609191996276333,
        0.0,
        0.0,
        -3.291133644349573,
        0.0,
        -2.3765924048474396,
        0.0,
        0.11874553513160535,
        0.4271590023519387,
        0.0,
        0.0,
        -0.8974664486029234,
        -1.3592009691964746,
        3.502998861567553,
        -2.2320912276237213,
        -1.502865021902168,
        0.0,
        0.0,
        -3.2467142103054467,
        4.915808304961587,
        4.190812857478331,
        1.9333090489702585,
        0.0
    ]
}