{
    "n": 1000,
    "active_prop": 0.2,
    "noise_constant": 1.0,
    "seed": 117,
    "active_indices": [
        27,
        16,
        5,
        1,
        8,
        9
    ],
    "gp_features": [
        8,
        16,
        27
    ],
    "lengthscales": [
        1.1237043040421555,
        1.070028251566802,
        0.8885097597243246
    ],
    "beta": [
        0.0,
        0.0967874871340193,
        0.0,
        0.0,
        0.0,
        -3.1217481849260653,
        0.0,
        0.0,
        3.7805451662944414,
        -2.545997211495399,
        0.0,
        0.0,
        0.0,
        0.0,
        0.0,
        0.0,
        0.6163027201384388,
        0.0,
        0.0,
        0.0,
        0.0,
        0.0,
        0.0,
        0.0,
        0.0,
        0.0,
        0.0,
        -4.0033245173901655,
        0.0,
        0.0
    ]
}