{
    "selected features": [
        2,
        9,
        10
    ],
    "precision": 0.3333333333333333,
    "recall": 0.3333333333333333,
    "training rmse": 0.0,
    "testing rmse": 1.0856,
    "beta_error": 0.3651,
    "tune time": 0.0127,
    "fit time": 0.2719,
    "prediction time (test)": 0.0274,
    "total runtime": 0.312,
    "lambda": 0.1727
}