{
    "selected features": [
        2,
        9,
        10
    ],
    "precision": 0.3333333333333333,
    "recall": 0.3333333333333333,
    "training rmse": 0.8126,
    "testing rmse": 1.0198,
    "beta_error": 0.3651,
    "tune time": 0.0101,
    "fit time": 0.2568,
    "prediction time (test)": 0.0201,
    "total runtime": 0.2871,
    "lambda": 0.1727
}