{
    "n": 1000,
    "active_prop": 0.2,
    "noise_constant": 0.5,
    "seed": 113,
    "active_indices": [
        0,
        3,
        7,
        11,
        29,
        25
    ],
    "gp_features": [
        7,
        3,
        0
    ],
    "lengthscales": [
        0.852172132102145,
        0.3897442699724685,
        1.5134436735626542
    ],
    "beta": [
        3.116698289506987,
        0.0,
        0.0,
        -2.0973299414644133,
        0.0,
        0.0,
        0.0,
        -1.0642677904708253,
        0.0,
        0.0,
        0.0,
        -4.014010608107984,
        0.0,
        0.0,
        0.0,
        0.0,
        0.0,
        0.0,
        0.0,
        0.0,
        0.0,
        0.0,
        0.0,
        0.0,
        0.0,
        -1.0206312216065916,
        0.0,
        0.0,
        0.0,
        -4.53094735353261
    ]
}