{
    "n": 100,
    "active_prop": 0.2,
    "noise": 1.0,
    "seed": 29,
    "active_indices": [
        21,
        5,
        3,
        25,
        7,
        0
    ],
    "gp_features": [
        0,
        25,
        5
    ],
    "lengthscales": [
        1.2929138112331713,
        0.9626927732148008,
        1.2152736878709158
    ],
    "beta": [
        4.664060992274493,
        0.0,
        0.0,
        -1.8731603313491538,
        0.0,
        0.5031522699982407,
        0.0,
        2.5651214497098307,
        0.0,
        0.0,
        0.0,
        0.0,
        0.0,
        0.0,
        0.0,
        0.0,
        0.0,
        0.0,
        0.0,
        0.0,
        0.0,
        -1.6670199139791886,
        0.0,
        0.0,
        0.0,
        2.7294480467362288,
        0.0,
        0.0,
        0.0,
        0.0
    ]
}