{
    "n": 1000,
    "active_prop": 0.1,
    "noise_constant": 0.1,
    "seed": 94,
    "active_indices": [
        4,
        26,
        6
    ],
    "gp_features": [
        4,
        6,
        26
    ],
    "lengthscales": [
        1.0227872394872375,
        0.8726399690912723,
        1.6763354321875756
    ],
    "beta": [
        0.0,
        0.0,
        0.0,
        0.0,
        0.3094099445071592,
        0.0,
        -2.1125738559330065,
        0.0,
        0.0,
        0.0,
        0.0,
        0.0,
        0.0,
        0.0,
        0.0,
        0.0,
        0.0,
        0.0,
        0.0,
        0.0,
        0.0,
        0.0,
        0.0,
        0.0,
        0.0,
        0.0,
        3.8220322965768876,
        0.0,
        0.0,
        0.0
    ]
}