{
    "n": 500,
    "active_prop": 0.1,
    "noise": 0.5,
    "seed": 53,
    "active_indices": [
        29,
        15,
        0
    ],
    "gp_features": [
        15,
        29,
        0
    ],
    "lengthscales": [
        0.9652176479172895,
        0.3435346586289968,
        1.797692380369701
    ],
    "beta": [
        -4.66517852542098,
        0.0,
        0.0,
        0.0,
        0.0,
        0.0,
        0.0,
        0.0,
        0.0,
        0.0,
        0.0,
        0.0,
        0.0,
        0.0,
        0.0,
        -2.5842654231232842,
        0.0,
        0.0,
        0.0,
        0.0,
        0.0,
        0.0,
        0.0,
        0.0,
        0.0,
        0.0,
        0.0,
        0.0,
        0.0,
        -1.0937687481145062
    ]
}