{
    "n": 1000,
    "active_prop": 0.3,
    "seed": 42,
    "active_indices": [
        16,
        7,
        14,
        15,
        21,
        0,
        13,
        26,
        9
    ],
    "gp_features": [
        9,
        13,
        26
    ],
    "lengthscales": [
        0.7255462729431746,
        1.21176232334346,
        0.798881749432435
    ],
    "beta": [
        2.38293109627116,
        0.0,
        0.0,
        0.0,
        0.0,
        0.0,
        0.0,
        3.781897369912638,
        0.0,
        4.0928268116363515,
        0.0,
        0.0,
        0.0,
        -0.07016613160894725,
        1.8308041404663822,
        1.379347057219226,
        -0.7422181498894389,
        0.0,
        0.0,
        0.0,
        0.0,
        2.2853792981946643,
        0.0,
        0.0,
        0.0,
        0.0,
        -0.8069243860215227,
        0.0,
        0.0,
        0.0
    ]
}