{
    "n": 500,
    "active_prop": 0.1,
    "seed": 19,
    "active_indices": [
        26,
        15,
        2
    ],
    "gp_features": [
        26,
        15,
        2
    ],
    "lengthscales": [
        0.9556162911426964,
        2.750425155913534,
        0.5742375380302371
    ],
    "beta": [
        0.0,
        0.0,
        -1.1275527096077753,
        0.0,
        0.0,
        0.0,
        0.0,
        0.0,
        0.0,
        0.0,
        0.0,
        0.0,
        0.0,
        0.0,
        0.0,
        -2.453542036316174,
        0.0,
        0.0,
        0.0,
        0.0,
        0.0,
        0.0,
        0.0,
        0.0,
        0.0,
        0.0,
        -4.479268644259101,
        0.0,
        0.0,
        0.0
    ]
}