{
    "n": 1000,
    "active_prop": 0.2,
    "noise": 0.1,
    "seed": 108,
    "active_indices": [
        7,
        8,
        28,
        10,
        17,
        5
    ],
    "gp_features": [
        17,
        28,
        7
    ],
    "lengthscales": [
        1.0867367032234878,
        3.3988429616841276,
        0.4065285510493245
    ],
    "beta": [
        0.0,
        0.0,
        0.0,
        0.0,
        0.0,
        -0.5033608400150333,
        0.0,
        -2.526264361538603,
        -2.873975792195027,
        0.0,
        -4.331668083086367,
        0.0,
        0.0,
        0.0,
        0.0,
        0.0,
        0.0,
        -2.004120371852661,
        0.0,
        0.0,
        0.0,
        0.0,
        0.0,
        0.0,
        0.0,
        0.0,
        0.0,
        0.0,
        1.6240178156869467,
        0.0
    ]
}