{
    "n": 500,
    "active_prop": 0.1,
    "noise_constant": 1.0,
    "seed": 56,
    "active_indices": [
        20,
        12,
        23
    ],
    "gp_features": [
        20,
        12,
        23
    ],
    "lengthscales": [
        0.4854165051780851,
        1.4428069254147178,
        0.8588751906426528
    ],
    "beta": [
        0.0,
        0.0,
        0.0,
        0.0,
        0.0,
        0.0,
        0.0,
        0.0,
        0.0,
        0.0,
        0.0,
        0.0,
        4.769205955217004,
        0.0,
        0.0,
        0.0,
        0.0,
        0.0,
        0.0,
        0.0,
        -2.860333916835657,
        0.0,
        0.0,
        1.1091238923533977,
        0.0,
        0.0,
        0.0,
        0.0,
        0.0,
        0.0
    ]
}