{
    "n": 500,
    "active_prop": 0.3,
    "noise": 1.0,
    "seed": 86,
    "active_indices": [
        10,
        24,
        20,
        13,
        17,
        26,
        21,
        12,
        6
    ],
    "gp_features": [
        12,
        21,
        6
    ],
    "lengthscales": [
        0.5154667917704039,
        1.0318884022871044,
        0.683811443016137
    ],
    "beta": [
        0.0,
        0.0,
        0.0,
        0.0,
        0.0,
        0.0,
        2.074917789134176,
        0.0,
        0.0,
        0.0,
        -4.370088148219098,
        0.0,
        1.5725573111849345,
        0.2570981432680366,
        0.0,
        0.0,
        0.0,
        0.4368278120885787,
        0.0,
        0.0,
        -4.597643623341011,
        3.267103150567806,
        0.0,
        0.0,
        -0.38382116433003066,
        0.0,
        3.81314488852847,
        0.0,
        0.0,
        0.0
    ]
}