{
    "n": 100,
    "active_prop": 0.3,
    "noise": 0.5,
    "seed": 35,
    "active_indices": [
        18,
        5,
        1,
        9,
        10,
        3,
        7,
        20,
        28
    ],
    "gp_features": [
        1,
        20,
        7
    ],
    "lengthscales": [
        1.2846168958073052,
        1.4482687634311677,
        0.5167863355644181
    ],
    "beta": [
        0.0,
        -3.327732754556952,
        0.0,
        0.17953789411651577,
        0.0,
        4.36341682715433,
        0.0,
        1.18728013661205,
        0.0,
        -3.216787152578008,
        1.7930166207331277,
        0.0,
        0.0,
        0.0,
        0.0,
        0.0,
        0.0,
        0.0,
        0.5224586203936781,
        0.0,
        -0.2105675679204282,
        0.0,
        0.0,
        0.0,
        0.0,
        0.0,
        0.0,
        0.0,
        3.1045636337853573,
        0.0
    ]
}