{
    "n": 1000,
    "active_prop": 0.2,
    "noise": 0.1,
    "seed": 105,
    "active_indices": [
        1,
        22,
        12,
        18,
        16,
        26
    ],
    "gp_features": [
        16,
        22,
        26
    ],
    "lengthscales": [
        0.6696933299873081,
        0.790796788127058,
        0.5642567263178947
    ],
    "beta": [
        0.0,
        0.8890636407288053,
        0.0,
        0.0,
        0.0,
        0.0,
        0.0,
        0.0,
        0.0,
        0.0,
        0.0,
        0.0,
        0.08711976461510762,
        0.0,
        0.0,
        0.0,
        3.4092576109785035,
        0.0,
        3.8229912965826642,
        0.0,
        0.0,
        0.0,
        0.04685702081522436,
        0.0,
        0.0,
        0.0,
        -4.144666948071302,
        0.0,
        0.0,
        0.0
    ]
}