{
    "n": 1000,
    "active_prop": 0.2,
    "noise_constant": 0.1,
    "seed": 105,
    "active_indices": [
        2,
        19,
        13,
        10,
        16,
        8
    ],
    "gp_features": [
        8,
        2,
        13
    ],
    "lengthscales": [
        0.8370011084964476,
        1.5611487502562371,
        1.2674421763448005
    ],
    "beta": [
        0.0,
        0.0,
        -3.0589774023425944,
        0.0,
        0.0,
        0.0,
        0.0,
        0.0,
        -4.524582595110468,
        0.0,
        1.9814453619784604,
        0.0,
        0.0,
        2.474313567652331,
        0.0,
        0.0,
        1.781763617391161,
        0.0,
        0.0,
        -3.099715700351444,
        0.0,
        0.0,
        0.0,
        0.0,
        0.0,
        0.0,
        0.0,
        0.0,
        0.0,
        0.0
    ]
}