{
    "n": 100,
    "active_prop": 0.2,
    "seed": 5,
    "active_indices": [
        2,
        22,
        13,
        3,
        23,
        6
    ],
    "gp_features": [
        2,
        6,
        23
    ],
    "lengthscales": [
        1.4281896258988305,
        1.0331119779132358,
        0.5161570655931214
    ],
    "beta": [
        0.0,
        0.0,
        -4.392065000630216,
        -0.015304609346954656,
        0.0,
        0.0,
        3.7204674285789583,
        0.0,
        0.0,
        0.0,
        0.0,
        0.0,
        0.0,
        -4.281571681579143,
        0.0,
        0.0,
        0.0,
        0.0,
        0.0,
        0.0,
        0.0,
        0.0,
        3.3133664320452123,
        3.161164457107194,
        0.0,
        0.0,
        0.0,
        0.0,
        0.0,
        0.0
    ]
}