{
    "n": 100,
    "active_prop": 0.3,
    "noise": 1.0,
    "seed": 40,
    "active_indices": [
        2,
        4,
        13,
        12,
        9,
        29,
        6,
        8,
        14
    ],
    "gp_features": [
        29,
        6,
        14
    ],
    "lengthscales": [
        0.8695634335714715,
        2.1443676617791954,
        1.3888231215434068
    ],
    "beta": [
        0.0,
        0.0,
        0.32856419517214164,
        0.0,
        -2.0027948370700543,
        0.0,
        3.84365275382952,
        0.0,
        3.5039676918263734,
        -1.3164100046227856,
        0.0,
        0.0,
        3.281010120715809,
        0.5761340797269101,
        3.2381841819842183,
        0.0,
        0.0,
        0.0,
        0.0,
        0.0,
        0.0,
        0.0,
        0.0,
        0.0,
        0.0,
        0.0,
        0.0,
        0.0,
        0.0,
        -2.8853732943404955
    ]
}