{
    "n": 1000,
    "active_prop": 0.2,
    "noise_constant": 0.1,
    "seed": 107,
    "active_indices": [
        16,
        25,
        15,
        18,
        23,
        22
    ],
    "gp_features": [
        23,
        22,
        25
    ],
    "lengthscales": [
        1.229667710666302,
        2.1647979554156094,
        1.0837273070573819
    ],
    "beta": [
        0.0,
        0.0,
        0.0,
        0.0,
        0.0,
        0.0,
        0.0,
        0.0,
        0.0,
        0.0,
        0.0,
        0.0,
        0.0,
        0.0,
        0.0,
        -0.3531620176552428,
        3.8140505369280557,
        0.0,
        1.182329754956589,
        0.0,
        0.0,
        0.0,
        -3.3609845636179347,
        -2.7986301423424753,
        0.0,
        1.091447616772255,
        0.0,
        0.0,
        0.0,
        0.0
    ]
}