{
    "n": 100,
    "active_prop": 0.5,
    "seed": 11,
    "active_indices": [
        1,
        12,
        7,
        16,
        10,
        9,
        11,
        22,
        21,
        26,
        23,
        25,
        29,
        2,
        20
    ],
    "gp_features": [
        25,
        10,
        23
    ],
    "lengthscales": [
        0.7606981145086652,
        1.2320604334255232,
        1.015973520834485
    ],
    "beta": [
        0.0,
        3.5407743965116136,
        -3.4616176786146315,
        0.0,
        0.0,
        0.0,
        0.0,
        3.0767751637265697,
        0.0,
        -3.5305632727897587,
        4.4076477684262905,
        -0.5254650036262101,
        -0.3826296508657574,
        0.0,
        0.0,
        0.0,
        -0.7712795998435942,
        0.0,
        0.0,
        0.0,
        1.886898679348839,
        -0.2178999935533552,
        3.9691877812110903,
        0.06969294553660443,
        0.0,
        -3.0422178912283746,
        -2.0191317348112445,
        0.0,
        0.0,
        1.363515375674278
    ]
}