{
    "selected features": [
        2,
        7,
        9,
        13,
        14,
        21,
        22,
        28,
        29
    ],
    "precision": 0.5555555555555556,
    "recall": 0.8333333333333334,
    "training rmse": 0.0,
    "testing rmse": 3.0994,
    "beta_error": 0.4082,
    "tune time": 0.0071,
    "fit time": 1.7827,
    "prediction time (test)": 0.0237,
    "total runtime": 1.8135,
    "lambda": 0.3573
}