{
    "selected features": [
        2,
        7,
        9,
        13,
        14,
        21,
        22,
        28,
        29
    ],
    "precision": 0.5555555555555556,
    "recall": 0.8333333333333334,
    "training rmse": 2.3484,
    "testing rmse": 2.987,
    "beta_error": 0.4082,
    "tune time": 0.0073,
    "fit time": 1.5063,
    "prediction time (test)": 0.0292,
    "total runtime": 1.5428,
    "lambda": 0.3573
}