{
    "selected features": [
        2,
        7,
        13,
        15,
        19,
        22,
        29
    ],
    "precision": 0.7142857142857143,
    "recall": 0.8333333333333334,
    "training rmse": 1.1638,
    "testing rmse": 2.8013,
    "beta_error": 0.3162,
    "tune time": 0.0073,
    "fit time": 1.354,
    "prediction time (test)": 0.0427,
    "total runtime": 1.404,
    "lambda": 0.2998
}