{
    "n": 100,
    "active_prop": 0.1,
    "noise": 1.0,
    "seed": 14,
    "active_indices": [
        14,
        23,
        18
    ],
    "gp_features": [
        18,
        23,
        14
    ],
    "lengthscales": [
        1.9525456787135786,
        0.8044901590176723,
        1.5436091738034177
    ],
    "beta": [
        0.0,
        0.0,
        0.0,
        0.0,
        0.0,
        0.0,
        0.0,
        0.0,
        0.0,
        0.0,
        0.0,
        0.0,
        0.0,
        0.0,
        1.271224079692229,
        0.0,
        0.0,
        0.0,
        3.3492394338635005,
        0.0,
        0.0,
        0.0,
        0.0,
        -1.1338769241757305,
        0.0,
        0.0,
        0.0,
        0.0,
        0.0,
        0.0
    ]
}