{
    "n": 100,
    "active_prop": 0.1,
    "noise_constant": 1.0,
    "seed": 14,
    "active_indices": [
        24,
        28,
        29
    ],
    "gp_features": [
        28,
        24,
        29
    ],
    "lengthscales": [
        1.915521619450791,
        0.7089374460513055,
        1.1203663615812016
    ],
    "beta": [
        0.0,
        0.0,
        0.0,
        0.0,
        0.0,
        0.0,
        0.0,
        0.0,
        0.0,
        0.0,
        0.0,
        0.0,
        0.0,
        0.0,
        0.0,
        0.0,
        0.0,
        0.0,
        0.0,
        0.0,
        0.0,
        0.0,
        0.0,
        0.0,
        2.7329357045138716,
        0.0,
        0.0,
        0.0,
        -4.580110981164893,
        3.601493737519366
    ]
}