{
    "selected features": [
        1,
        5,
        7,
        15,
        17,
        18,
        20,
        25,
        26
    ],
    "precision": 0.4444444444444444,
    "recall": 0.6666666666666666,
    "training rmse": 1.3605,
    "testing rmse": 1.5484,
    "beta_error": 0.483,
    "tune time": 0.0076,
    "fit time": 1.5511,
    "prediction time (test)": 0.0309,
    "total runtime": 1.5897,
    "lambda": 0.0893
}