{
    "n": 500,
    "active_prop": 0.2,
    "noise": 1.0,
    "seed": 71,
    "active_indices": [
        20,
        23,
        16,
        6,
        21,
        28
    ],
    "gp_features": [
        16,
        6,
        21
    ],
    "lengthscales": [
        0.5596145920186373,
        1.3562346512562717,
        0.419093458725193
    ],
    "beta": [
        0.0,
        0.0,
        0.0,
        0.0,
        0.0,
        0.0,
        1.6330968888625597,
        0.0,
        0.0,
        0.0,
        0.0,
        0.0,
        0.0,
        0.0,
        0.0,
        0.0,
        3.3973616152214525,
        0.0,
        0.0,
        0.0,
        1.238190890488239,
        2.7315885698253917,
        0.0,
        1.3106130629123385,
        0.0,
        0.0,
        0.0,
        0.0,
        -3.3046841107149882,
        0.0
    ]
}