{
    "n": 500,
    "active_prop": 0.1,
    "noise_constant": 0.1,
    "seed": 46,
    "active_indices": [
        24,
        28,
        15
    ],
    "gp_features": [
        15,
        28,
        24
    ],
    "lengthscales": [
        0.9402832676178344,
        0.7031947995929646,
        0.8859576481194648
    ],
    "beta": [
        0.0,
        0.0,
        0.0,
        0.0,
        0.0,
        0.0,
        0.0,
        0.0,
        0.0,
        0.0,
        0.0,
        0.0,
        0.0,
        0.0,
        0.0,
        3.631967442046907,
        0.0,
        0.0,
        0.0,
        0.0,
        0.0,
        0.0,
        0.0,
        0.0,
        -4.093817849933368,
        0.0,
        0.0,
        0.0,
        1.8972646253273604,
        0.0
    ]
}