beta0,beta1,beta2,ell0,ell1,ell2,inv_sigma_gp,inv_sigma_noise,lambda,lambda2,log_likelihood,log_prior,nu0,nu1,nu2,sigma_noise,tau_sq0,tau_sq1,tau_sq2,zeta0,zeta1,zeta2
0.8820455371825602,1.132932487614288,-0.5652253722193347,1.4277263611876307,1.5391172798151949,1.04753740303357,,,1.6573819980790954,,-543295.8731193787,-15.337905183606466,,,,1.2403606318467264,0.5689098355456683,0.7510247326881654,0.05551383624976199,,,
0.6309919872305495,1.0264248584035824,-0.7990964587763769,1.3597586254580039,1.7104278326560056,0.9852346806389967,,,1.6091018119852951,,-16708.10549252752,-16.29918079912568,,,,1.2363166016244242,0.5902103384802918,0.8193015068771771,0.1397251244039588,,,
0.6309919872305495,1.0264248584035824,-0.7990964587763769,1.3597586254580039,1.7104278326560056,0.9852346806389967,,,1.6091018119852951,,-224880.35389657854,-11.131162973218629,,,,1.2363166016244242,0.5902103384802918,0.8193015068771771,0.1397251244039588,,,
0.6874005895839206,0.7817147581813982,-1.2652307391409896,1.1897938088393476,1.1468320495879742,1.7564429813329214,,,1.4410870593007405,,-6564.927065438187,-12.072654229122575,,,,1.6833928571559458,0.7197019232053327,0.965264335897815,0.641871691208732,,,
0.6874005895839206,0.7817147581813982,-1.2652307391409896,1.1897938088393476,1.1468320495879742,1.7564429813329214,,,1.4410870593007405,,-3409.97922821453,-17.64128297372214,,,,1.6833928571559458,0.7197019232053327,0.965264335897815,0.641871691208732,,,
0.6874005895839206,0.7817147581813982,-1.2652307391409896,1.1897938088393476,1.1468320495879742,1.7564429813329214,,,1.4410870593007405,,-22534.66957826735,-16.766352268064832,,,,1.6833928571559458,0.7197019232053327,0.965264335897815,0.641871691208732,,,
0.7397158760562812,0.591679877233346,-1.3777230492934283,1.1571425309192531,1.1178463009898436,1.6815533253597148,,,1.4142664827105258,,-19007.35447665201,-14.08660105322675,,,,1.7432967376393402,0.7424886278438846,0.9687663067569073,0.7431323410174931,,,
-1.3408527141357884,3.5339144135344824,-2.4100362246457703,4.362992360006184,0.6646482659384584,1.2947411853947193,,,1.2661377619522005,,-65652.11410708359,-9.427069620724527,,,,2.9666278482408983,0.7606929491216713,1.2433572036121106,0.8341709781583942,,,
-1.3408527141357884,3.5339144135344824,-2.4100362246457703,4.362992360006184,0.6646482659384584,1.2947411853947193,,,1.2661377619522005,,-232101.1420858787,-24.003478967430162,,,,2.9666278482408983,0.7606929491216713,1.2433572036121106,0.8341709781583942,,,
-1.3408527141357884,3.5339144135344824,-2.4100362246457703,4.362992360006184,0.6646482659384584,1.2947411853947193,,,1.2661377619522005,,-232368.8087320287,-13.173455528354175,,,,2.9666278482408983,0.7606929491216713,1.2433572036121106,0.8341709781583942,,,
-1.3408527141357884,3.5339144135344824,-2.4100362246457703,4.362992360006184,0.6646482659384584,1.2947411853947193,,,1.2661377619522005,,-452510.3214437846,-13.097961291940843,,,,2.9666278482408983,0.7606929491216713,1.2433572036121106,0.8341709781583942,,,
-1.0883519296852642,3.8038125277173647,-3.3050157889145733,4.169821145284676,0.7104378677354027,1.3227999139360604,,,1.2318993444546684,,-1991271.177172505,-14.860828496873012,,,,3.1879300972711575,0.7892675514694524,1.4577647110441918,1.4107614146348337,,,
-1.0883519296852642,3.8038125277173647,-3.3050157889145733,4.169821145284676,0.7104378677354027,1.3227999139360604,,,1.2318993444546684,,-25269.167216326554,-9.005493405901744,,,,3.1879300972711575,0.7892675514694524,1.4577647110441918,1.4107614146348337,,,
-1.0883519296852642,3.8038125277173647,-3.3050157889145733,4.169821145284676,0.7104378677354027,1.3227999139360604,,,1.2318993444546684,,-33732.074745519785,-12.511180977256044,,,,3.1879300972711575,0.7892675514694524,1.4577647110441918,1.4107614146348337,,,
-0.6398985228895347,1.9719165662247555,-1.2030658766741802,2.8873938231897953,0.596499982824249,1.8957341772654543,,,1.2150721269544467,,-459097.1763240615,-15.34256038719919,,,,3.5400921095807694,0.8178842680561705,1.147684316171158,1.2530853833926763,,,
-1.5945958753515934,1.6478774378779306,-0.6018740856959133,2.2211826987259977,0.7632084004733984,1.7169985705440085,,,1.1792426650021695,,-22046.76690135134,-15.424393879832149,,,,3.891149024657959,0.7615627467783556,1.0414720650535478,2.2018973936625015,,,
-1.5945958753515934,1.6478774378779306,-0.6018740856959133,2.2211826987259977,0.7632084004733984,1.7169985705440085,,,1.1792426650021695,,-960425.1860818067,-11.87677961165201,,,,3.891149024657959,0.7615627467783556,1.0414720650535478,2.2018973936625015,,,
-1.5945958753515934,1.6478774378779306,-0.6018740856959133,2.2211826987259977,0.7632084004733984,1.7169985705440085,,,1.1792426650021695,,-129583.25568061175,-13.217947941200395,,,,3.891149024657959,0.7615627467783556,1.0414720650535478,2.2018973936625015,,,
-1.5945958753515934,1.6478774378779306,-0.6018740856959133,2.2211826987259977,0.7632084004733984,1.7169985705440085,,,1.1792426650021695,,-121862.47913854854,-11.74233289855413,,,,3.891149024657959,0.7615627467783556,1.0414720650535478,2.2018973936625015,,,
-1.5945958753515934,1.6478774378779306,-0.6018740856959133,2.2211826987259977,0.7632084004733984,1.7169985705440085,,,1.1792426650021695,,-329957.5070583911,-14.530450404195674,,,,3.891149024657959,0.7615627467783556,1.0414720650535478,2.2018973936625015,,,
1.8641845107583819,0.7942019004293485,-6.4045062420485275,1.630454777077981,3.86227104799557,2.8279343136337145,,,1.822115918002339,,-587673.301724758,-15.935646514386724,,,,6.479369745239869,0.24191683329534416,0.7074749597907785,0.6978060900620849,,,
1.8641845107583819,0.7942019004293485,-6.4045062420485275,1.630454777077981,3.86227104799557,2.8279343136337145,,,1.822115918002339,,-1301480.2527729697,-18.046894169844723,,,,6.479369745239869,0.24191683329534416,0.7074749597907785,0.6978060900620849,,,
1.8641845107583819,0.7942019004293485,-6.4045062420485275,1.630454777077981,3.86227104799557,2.8279343136337145,,,1.822115918002339,,-644858.9064995106,-14.173191231917961,,,,6.479369745239869,0.24191683329534416,0.7074749597907785,0.6978060900620849,,,
1.8641845107583819,0.7942019004293485,-6.4045062420485275,1.630454777077981,3.86227104799557,2.8279343136337145,,,1.822115918002339,,-473689.4899324877,-17.213608715826883,,,,6.479369745239869,0.24191683329534416,0.7074749597907785,0.6978060900620849,,,
1.9702580984963085,2.534847865051412,-5.921153764474213,1.374121420779293,3.471671450827624,2.5848570413936356,,,1.688084081575137,,-136316.3557747304,-14.06790675423968,,,,6.474368052940684,0.2590783721648,1.1050809482343593,0.9297658700929635,,,
1.9702580984963085,2.534847865051412,-5.921153764474213,1.374121420779293,3.471671450827624,2.5848570413936356,,,1.688084081575137,,-538131.6057823348,-14.613171519234541,,,,6.474368052940684,0.2590783721648,1.1050809482343593,0.9297658700929635,,,
21.34200543468745,25.631297173517833,-47.125654573438965,1.6518137400120811,3.6521547219880004,3.048057335631859,,,1.8471359981996964,,-16708.10549252752,-16.29918079912568,,,,41.01629434021024,0.17150695307026778,0.9550825746871618,0.7565255306668152,,,
21.34200543468745,25.631297173517833,-47.125654573438965,1.6518137400120811,3.6521547219880004,3.048057335631859,,,1.8471359981996964,,-224880.35389657854,-11.131162973218629,,,,41.01629434021024,0.17150695307026778,0.9550825746871618,0.7565255306668152,,,
21.34200543468745,25.631297173517833,-47.125654573438965,1.6518137400120811,3.6521547219880004,3.048057335631859,,,1.8471359981996964,,-6564.927065438187,-12.072654229122575,,,,41.01629434021024,0.17150695307026778,0.9550825746871618,0.7565255306668152,,,
17.339892908122103,15.859940211120131,-62.92805335548873,1.3927756124604445,3.0618613444351057,2.8673249711818625,,,1.668520381739303,,-3409.97922821453,-17.64128297372214,,,,42.27763519406094,0.22495917500614993,0.960181781959273,0.9493556971748458,,,
17.339892908122103,15.859940211120131,-62.92805335548873,1.3927756124604445,3.0618613444351057,2.8673249711818625,,,1.668520381739303,,-22534.66957826735,-16.766352268064832,,,,42.27763519406094,0.22495917500614993,0.960181781959273,0.9493556971748458,,,
19.591548252512002,20.983397213162128,-54.1991226236973,1.5265299574161222,3.3666593476963174,2.960646133003808,,,1.7630096000754831,,-19007.35447665201,-14.08660105322675,,,,41.61680633986656,0.19466226340808515,0.9572915329415861,0.8400588654146657,,,
19.591548252512002,20.983397213162128,-54.1991226236973,1.5265299574161222,3.3666593476963174,2.960646133003808,,,1.7630096000754831,,-63876.925984701906,-9.377524635501725,,,,41.61680633986656,0.19466226340808515,0.9572915329415861,0.8400588654146657,,,
19.591548252512002,20.983397213162128,-54.1991226236973,1.5265299574161222,3.3666593476963174,2.960646133003808,,,1.7630096000754831,,-232101.1420858787,-24.003478967430162,,,,41.61680633986656,0.19466226340808515,0.9572915329415861,0.8400588654146657,,,
19.591548252512002,20.983397213162128,-54.1991226236973,1.5265299574161222,3.3666593476963174,2.960646133003808,,,1.7630096000754831,,-232368.8087320287,-13.173455528354175,,,,41.61680633986656,0.19466226340808515,0.9572915329415861,0.8400588654146657,,,
19.591548252512002,20.983397213162128,-54.1991226236973,1.5265299574161222,3.3666593476963174,2.960646133003808,,,1.7630096000754831,,-452510.3214437846,-13.097961291940843,,,,41.61680633986656,0.19466226340808515,0.9572915329415861,0.8400588654146657,,,
19.591548252512002,20.983397213162128,-54.1991226236973,1.5265299574161222,3.3666593476963174,2.960646133003808,,,1.7630096000754831,,-1991271.177172505,-14.860828496873012,,,,41.61680633986656,0.19466226340808515,0.9572915329415861,0.8400588654146657,,,
19.591548252512002,20.983397213162128,-54.1991226236973,1.5265299574161222,3.3666593476963174,2.960646133003808,,,1.7630096000754831,,-25269.167216326554,-9.005493405901744,,,,41.61680633986656,0.19466226340808515,0.9572915329415861,0.8400588654146657,,,
19.591548252512002,20.983397213162128,-54.1991226236973,1.5265299574161222,3.3666593476963174,2.960646133003808,,,1.7630096000754831,,-32730.16800634565,-12.624046036615464,,,,41.61680633986656,0.19466226340808515,0.9572915329415861,0.8400588654146657,,,
19.591548252512002,20.983397213162128,-54.1991226236973,1.5265299574161222,3.3666593476963174,2.960646133003808,,,1.7630096000754831,,-290767.6062076162,-13.823133416664533,,,,41.61680633986656,0.19466226340808515,0.9572915329415861,0.8400588654146657,,,
-0.09005611568738507,-0.14590419167204677,-0.07766851596482355,2.708805742596277,3.1346291435742013,0.5396776693129768,,,1.203788609611818,,-22046.76690135134,-15.424393879832149,,,,1.5757833001461028,0.5188511921735584,0.24540096140712683,0.027476369461925138,,,
-0.09005611568738507,-0.14590419167204677,-0.07766851596482355,2.708805742596277,3.1346291435742013,0.5396776693129768,,,1.203788609611818,,-219413.4209758148,-13.9486608402986,,,,1.5757833001461028,0.5188511921735584,0.24540096140712683,0.027476369461925138,,,
-0.09005611568738507,-0.14590419167204677,-0.07766851596482355,2.708805742596277,3.1346291435742013,0.5396776693129768,,,1.203788609611818,,-129583.25568061175,-13.217947941200395,,,,1.5757833001461028,0.5188511921735584,0.24540096140712683,0.027476369461925138,,,
-0.09005611568738507,-0.14590419167204677,-0.07766851596482355,2.708805742596277,3.1346291435742013,0.5396776693129768,,,1.203788609611818,,-121862.47913854854,-11.74233289855413,,,,1.5757833001461028,0.5188511921735584,0.24540096140712683,0.027476369461925138,,,
-0.09005611568738507,-0.14590419167204677,-0.07766851596482355,2.708805742596277,3.1346291435742013,0.5396776693129768,,,1.203788609611818,,-329957.5070583911,-14.530450404195674,,,,1.5757833001461028,0.5188511921735584,0.24540096140712683,0.027476369461925138,,,
-0.09005611568738507,-0.14590419167204677,-0.07766851596482355,2.708805742596277,3.1346291435742013,0.5396776693129768,,,1.203788609611818,,-587673.301724758,-15.935646514386724,,,,1.5757833001461028,0.5188511921735584,0.24540096140712683,0.027476369461925138,,,
-0.09005611568738507,-0.14590419167204677,-0.07766851596482355,2.708805742596277,3.1346291435742013,0.5396776693129768,,,1.203788609611818,,-1082927.0098254695,-17.306106703017385,,,,1.5757833001461028,0.5188511921735584,0.24540096140712683,0.027476369461925138,,,
0.13801223410020558,-0.2670038883597598,-0.5522281939188471,2.414769856265989,2.630230027242175,0.5505437292230222,,,1.1321681841790017,,-486776.0521822536,-17.889152116623357,,,,1.8101140132735751,0.629814772417593,0.38383110261321646,1.471931805772379,,,
0.13801223410020558,-0.2670038883597598,-0.5522281939188471,2.414769856265989,2.630230027242175,0.5505437292230222,,,1.1321681841790017,,-473689.4899324877,-17.213608715826883,,,,1.8101140132735751,0.629814772417593,0.38383110261321646,1.471931805772379,,,
0.13801223410020558,-0.2670038883597598,-0.5522281939188471,2.414769856265989,2.630230027242175,0.5505437292230222,,,1.1321681841790017,,-136316.3557747304,-14.06790675423968,,,,1.8101140132735751,0.629814772417593,0.38383110261321646,1.471931805772379,,,
0.13801223410020558,-0.2670038883597598,-0.5522281939188471,2.414769856265989,2.630230027242175,0.5505437292230222,,,1.1321681841790017,,-538131.6057823348,-14.613171519234541,,,,1.8101140132735751,0.629814772417593,0.38383110261321646,1.471931805772379,,,
0.13801223410020558,-0.2670038883597598,-0.5522281939188471,2.414769856265989,2.630230027242175,0.5505437292230222,,,1.1321681841790017,,-16708.10549252752,-16.29918079912568,,,,1.8101140132735751,0.629814772417593,0.38383110261321646,1.471931805772379,,,
0.13801223410020558,-0.2670038883597598,-0.5522281939188471,2.414769856265989,2.630230027242175,0.5505437292230222,,,1.1321681841790017,,-224880.35389657854,-11.131162973218629,,,,1.8101140132735751,0.629814772417593,0.38383110261321646,1.471931805772379,,,
0.13801223410020558,-0.2670038883597598,-0.5522281939188471,2.414769856265989,2.630230027242175,0.5505437292230222,,,1.1321681841790017,,-6564.927065438187,-12.072654229122575,,,,1.8101140132735751,0.629814772417593,0.38383110261321646,1.471931805772379,,,
0.13801223410020558,-0.2670038883597598,-0.5522281939188471,2.414769856265989,2.630230027242175,0.5505437292230222,,,1.1321681841790017,,-3409.97922821453,-17.64128297372214,,,,1.8101140132735751,0.629814772417593,0.38383110261321646,1.471931805772379,,,
0.4885348116766024,-0.4903297807020817,-0.9631045555940801,2.1742410309887514,2.4243050123872463,0.8460904042906554,,,1.1276210016297763,,-22534.66957826735,-16.766352268064832,,,,1.866889672734734,0.7175771912926144,0.7444938544194349,1.4456427309471196,,,
0.4885348116766024,-0.4903297807020817,-0.9631045555940801,2.1742410309887514,2.4243050123872463,0.8460904042906554,,,1.1276210016297763,,-16584.009342157988,-14.639231500289918,,,,1.866889672734734,0.7175771912926144,0.7444938544194349,1.4456427309471196,,,
-0.6169623932461075,0.8493405130214376,-1.5937911185487268,3.940418203218682,1.781074900176348,0.8233666980335566,,,1.1032995437860902,,-40395.47505643596,-11.065909929330047,,,,2.5186453458042974,0.7384431809098662,1.0253895194057512,1.3503931157392737,,,
-0.6169623932461075,0.8493405130214376,-1.5937911185487268,3.940418203218682,1.781074900176348,0.8233666980335566,,,1.1032995437860902,,-232101.1420858787,-24.003478967430162,,,,2.5186453458042974,0.7384431809098662,1.0253895194057512,1.3503931157392737,,,
-0.6169623932461075,0.8493405130214376,-1.5937911185487268,3.940418203218682,1.781074900176348,0.8233666980335566,,,1.1032995437860902,,-178872.55116199568,-13.155005524905379,,,,2.5186453458042974,0.7384431809098662,1.0253895194057512,1.3503931157392737,,,
-22.91431962069368,-15.8848998131968,-166.48333286234043,0.8546108839614779,0.909192886271551,2.172361350385967,,,0.7912180586429831,,-452510.3214437846,-13.097961291940843,,,,37.601265684970976,1.3157934233675808,1.2352383500164001,4.426137196860255,,,
-22.91431962069368,-15.8848998131968,-166.48333286234043,0.8546108839614779,0.909192886271551,2.172361350385967,,,0.7912180586429831,,-1981803.875131332,-13.0011745019786,,,,37.601265684970976,1.3157934233675808,1.2352383500164001,4.426137196860255,,,
-22.91431962069368,-15.8848998131968,-166.48333286234043,0.8546108839614779,0.909192886271551,2.172361350385967,,,0.7912180586429831,,-25269.167216326554,-9.005493405901744,,,,37.601265684970976,1.3157934233675808,1.2352383500164001,4.426137196860255,,,
-22.91431962069368,-15.8848998131968,-166.48333286234043,0.8546108839614779,0.909192886271551,2.172361350385967,,,0.7912180586429831,,-32730.16800634565,-12.624046036615464,,,,37.601265684970976,1.3157934233675808,1.2352383500164001,4.426137196860255,,,
-22.91431962069368,-15.8848998131968,-166.48333286234043,0.8546108839614779,0.909192886271551,2.172361350385967,,,0.7912180586429831,,-290767.6062076162,-13.823133416664533,,,,37.601265684970976,1.3157934233675808,1.2352383500164001,4.426137196860255,,,
-22.91431962069368,-15.8848998131968,-166.48333286234043,0.8546108839614779,0.909192886271551,2.172361350385967,,,0.7912180586429831,,-6306.853768768887,-19.170211108239105,,,,37.601265684970976,1.3157934233675808,1.2352383500164001,4.426137196860255,,,
-22.91431962069368,-15.8848998131968,-166.48333286234043,0.8546108839614779,0.909192886271551,2.172361350385967,,,0.7912180586429831,,-181678.36471930312,-13.463087186896269,,,,37.601265684970976,1.3157934233675808,1.2352383500164001,4.426137196860255,,,
-22.91431962069368,-15.8848998131968,-166.48333286234043,0.8546108839614779,0.909192886271551,2.172361350385967,,,0.7912180586429831,,-129583.25568061175,-13.217947941200395,,,,37.601265684970976,1.3157934233675808,1.2352383500164001,4.426137196860255,,,
-32.14195440582063,-26.94042426735682,-255.2976335118234,0.4566666187557171,0.9286659539555566,2.214196439817548,,,0.71741042455434,,-121862.47913854854,-11.74233289855413,,,,47.56345236108474,1.505492446211638,1.0823414290651352,5.568910038654298,,,
-32.14195440582063,-26.94042426735682,-255.2976335118234,0.4566666187557171,0.9286659539555566,2.214196439817548,,,0.71741042455434,,-203687.05679983078,-15.192470847066456,,,,47.56345236108474,1.505492446211638,1.0823414290651352,5.568910038654298,,,
-32.14195440582063,-26.94042426735682,-255.2976335118234,0.4566666187557171,0.9286659539555566,2.214196439817548,,,0.71741042455434,,-587673.301724758,-15.935646514386724,,,,47.56345236108474,1.505492446211638,1.0823414290651352,5.568910038654298,,,
-32.14195440582063,-26.94042426735682,-255.2976335118234,0.4566666187557171,0.9286659539555566,2.214196439817548,,,0.71741042455434,,-1082927.0098254695,-17.306106703017385,,,,47.56345236108474,1.505492446211638,1.0823414290651352,5.568910038654298,,,
-32.14195440582063,-26.94042426735682,-255.2976335118234,0.4566666187557171,0.9286659539555566,2.214196439817548,,,0.71741042455434,,-486776.0521822536,-17.889152116623357,,,,47.56345236108474,1.505492446211638,1.0823414290651352,5.568910038654298,,,
-32.14195440582063,-26.94042426735682,-255.2976335118234,0.4566666187557171,0.9286659539555566,2.214196439817548,,,0.71741042455434,,-473689.4899324877,-17.213608715826883,,,,47.56345236108474,1.505492446211638,1.0823414290651352,5.568910038654298,,,
-32.14195440582063,-26.94042426735682,-255.2976335118234,0.4566666187557171,0.9286659539555566,2.214196439817548,,,0.71741042455434,,-56682.90429127264,-12.811616552682548,,,,47.56345236108474,1.505492446211638,1.0823414290651352,5.568910038654298,,,
-32.14195440582063,-26.94042426735682,-255.2976335118234,0.4566666187557171,0.9286659539555566,2.214196439817548,,,0.71741042455434,,-292664.9336594357,-12.83735437913907,,,,47.56345236108474,1.505492446211638,1.0823414290651352,5.568910038654298,,,
-32.14195440582063,-26.94042426735682,-255.2976335118234,0.4566666187557171,0.9286659539555566,2.214196439817548,,,0.71741042455434,,-16708.10549252752,-16.29918079912568,,,,47.56345236108474,1.505492446211638,1.0823414290651352,5.568910038654298,,,
-32.14195440582063,-26.94042426735682,-255.2976335118234,0.4566666187557171,0.9286659539555566,2.214196439817548,,,0.71741042455434,,-224880.35389657854,-11.131162973218629,,,,47.56345236108474,1.505492446211638,1.0823414290651352,5.568910038654298,,,
-32.14195440582063,-26.94042426735682,-255.2976335118234,0.4566666187557171,0.9286659539555566,2.214196439817548,,,0.71741042455434,,-6564.927065438187,-12.072654229122575,,,,47.56345236108474,1.505492446211638,1.0823414290651352,5.568910038654298,,,
-32.14195440582063,-26.94042426735682,-255.2976335118234,0.4566666187557171,0.9286659539555566,2.214196439817548,,,0.71741042455434,,-3409.97922821453,-17.64128297372214,,,,47.56345236108474,1.505492446211638,1.0823414290651352,5.568910038654298,,,
32.14941296903053,4.755929169679351,-66.32349258916737,1.9683664419607851,1.2322740760159072,1.6425681568685104,,,0.7367875662454403,,-22534.66957826735,-16.766352268064832,,,,21.272624825250777,1.7509349320397056,8.673567875591742,20.8156933874227,,,
32.14941296903053,4.755929169679351,-66.32349258916737,1.9683664419607851,1.2322740760159072,1.6425681568685104,,,0.7367875662454403,,-16584.009342157988,-14.639231500289918,,,,21.272624825250777,1.7509349320397056,8.673567875591742,20.8156933874227,,,
32.14941296903053,4.755929169679351,-66.32349258916737,1.9683664419607851,1.2322740760159072,1.6425681568685104,,,0.7367875662454403,,-40395.47505643596,-11.065909929330047,,,,21.272624825250777,1.7509349320397056,8.673567875591742,20.8156933874227,,,
32.14941296903053,4.755929169679351,-66.32349258916737,1.9683664419607851,1.2322740760159072,1.6425681568685104,,,0.7367875662454403,,-232101.1420858787,-24.003478967430162,,,,21.272624825250777,1.7509349320397056,8.673567875591742,20.8156933874227,,,
32.14941296903053,4.755929169679351,-66.32349258916737,1.9683664419607851,1.2322740760159072,1.6425681568685104,,,0.7367875662454403,,-178872.55116199568,-13.155005524905379,,,,21.272624825250777,1.7509349320397056,8.673567875591742,20.8156933874227,,,
32.14941296903053,4.755929169679351,-66.32349258916737,1.9683664419607851,1.2322740760159072,1.6425681568685104,,,0.7367875662454403,,-281374.6593404072,-13.815394597179258,,,,21.272624825250777,1.7509349320397056,8.673567875591742,20.8156933874227,,,
32.14941296903053,4.755929169679351,-66.32349258916737,1.9683664419607851,1.2322740760159072,1.6425681568685104,,,0.7367875662454403,,-1981803.875131332,-13.0011745019786,,,,21.272624825250777,1.7509349320397056,8.673567875591742,20.8156933874227,,,
32.14941296903053,4.755929169679351,-66.32349258916737,1.9683664419607851,1.2322740760159072,1.6425681568685104,,,0.7367875662454403,,-25269.167216326554,-9.005493405901744,,,,21.272624825250777,1.7509349320397056,8.673567875591742,20.8156933874227,,,
32.14941296903053,4.755929169679351,-66.32349258916737,1.9683664419607851,1.2322740760159072,1.6425681568685104,,,0.7367875662454403,,-32730.16800634565,-12.624046036615464,,,,21.272624825250777,1.7509349320397056,8.673567875591742,20.8156933874227,,,
32.14941296903053,4.755929169679351,-66.32349258916737,1.9683664419607851,1.2322740760159072,1.6425681568685104,,,0.7367875662454403,,-158739.63319072,-17.046511347806803,,,,21.272624825250777,1.7509349320397056,8.673567875591742,20.8156933874227,,,
32.14941296903053,4.755929169679351,-66.32349258916737,1.9683664419607851,1.2322740760159072,1.6425681568685104,,,0.7367875662454403,,-6306.853768768887,-19.170211108239105,,,,21.272624825250777,1.7509349320397056,8.673567875591742,20.8156933874227,,,
32.14941296903053,4.755929169679351,-66.32349258916737,1.9683664419607851,1.2322740760159072,1.6425681568685104,,,0.7367875662454403,,-171393.37813967044,-13.653678252510902,,,,21.272624825250777,1.7509349320397056,8.673567875591742,20.8156933874227,,,
32.14941296903053,4.755929169679351,-66.32349258916737,1.9683664419607851,1.2322740760159072,1.6425681568685104,,,0.7367875662454403,,-129583.25568061175,-13.217947941200395,,,,21.272624825250777,1.7509349320397056,8.673567875591742,20.8156933874227,,,
32.14941296903053,4.755929169679351,-66.32349258916737,1.9683664419607851,1.2322740760159072,1.6425681568685104,,,0.7367875662454403,,-121862.47913854854,-11.74233289855413,,,,21.272624825250777,1.7509349320397056,8.673567875591742,20.8156933874227,,,
32.14941296903053,4.755929169679351,-66.32349258916737,1.9683664419607851,1.2322740760159072,1.6425681568685104,,,0.7367875662454403,,-203687.05679983078,-15.192470847066456,,,,21.272624825250777,1.7509349320397056,8.673567875591742,20.8156933874227,,,
32.14941296903053,4.755929169679351,-66.32349258916737,1.9683664419607851,1.2322740760159072,1.6425681568685104,,,0.7367875662454403,,-587673.301724758,-15.935646514386724,,,,21.272624825250777,1.7509349320397056,8.673567875591742,20.8156933874227,,,
32.14941296903053,4.755929169679351,-66.32349258916737,1.9683664419607851,1.2322740760159072,1.6425681568685104,,,0.7367875662454403,,-1023737.7523023827,-16.893164333242815,,,,21.272624825250777,1.7509349320397056,8.673567875591742,20.8156933874227,,,
32.14941296903053,4.755929169679351,-66.32349258916737,1.9683664419607851,1.2322740760159072,1.6425681568685104,,,0.7367875662454403,,-223490.49156293078,-13.550937989490563,,,,21.272624825250777,1.7509349320397056,8.673567875591742,20.8156933874227,,,
32.14941296903053,4.755929169679351,-66.32349258916737,1.9683664419607851,1.2322740760159072,1.6425681568685104,,,0.7367875662454403,,-473689.4899324877,-17.213608715826883,,,,21.272624825250777,1.7509349320397056,8.673567875591742,20.8156933874227,,,
32.14941296903053,4.755929169679351,-66.32349258916737,1.9683664419607851,1.2322740760159072,1.6425681568685104,,,0.7367875662454403,,-46811.86627031551,-12.490224715385754,,,,21.272624825250777,1.7509349320397056,8.673567875591742,20.8156933874227,,,
2.1829545078929207,2.9415706462965856,-0.17389648923495366,0.29405259823082974,0.675687762249642,0.6401080614963859,,,2.61132492054267,,-292664.9336594357,-12.83735437913907,,,,2.2203832633491456,0.5200926916681058,0.33774499355691195,0.3068903666120038,,,
2.1829545078929207,2.9415706462965856,-0.17389648923495366,0.29405259823082974,0.675687762249642,0.6401080614963859,,,2.61132492054267,,-16648.232632189254,-15.715791845849518,,,,2.2203832633491456,0.5200926916681058,0.33774499355691195,0.3068903666120038,,,
2.1829545078929207,2.9415706462965856,-0.17389648923495366,0.29405259823082974,0.675687762249642,0.6401080614963859,,,2.61132492054267,,-224880.35389657854,-11.131162973218629,,,,2.2203832633491456,0.5200926916681058,0.33774499355691195,0.3068903666120038,,,
2.1829545078929207,2.9415706462965856,-0.17389648923495366,0.29405259823082974,0.675687762249642,0.6401080614963859,,,2.61132492054267,,-6564.927065438187,-12.072654229122575,,,,2.2203832633491456,0.5200926916681058,0.33774499355691195,0.3068903666120038,,,
2.1829545078929207,2.9415706462965856,-0.17389648923495366,0.29405259823082974,0.675687762249642,0.6401080614963859,,,2.61132492054267,,-3409.97922821453,-17.64128297372214,,,,2.2203832633491456,0.5200926916681058,0.33774499355691195,0.3068903666120038,,,
2.1829545078929207,2.9415706462965856,-0.17389648923495366,0.29405259823082974,0.675687762249642,0.6401080614963859,,,2.61132492054267,,-22534.66957826735,-16.766352268064832,,,,2.2203832633491456,0.5200926916681058,0.33774499355691195,0.3068903666120038,,,
2.1829545078929207,2.9415706462965856,-0.17389648923495366,0.29405259823082974,0.675687762249642,0.6401080614963859,,,2.61132492054267,,-16477.239579503163,-14.538145306510124,,,,2.2203832633491456,0.5200926916681058,0.33774499355691195,0.3068903666120038,,,
2.1829545078929207,2.9415706462965856,-0.17389648923495366,0.29405259823082974,0.675687762249642,0.6401080614963859,,,2.61132492054267,,-40395.47505643596,-11.065909929330047,,,,2.2203832633491456,0.5200926916681058,0.33774499355691195,0.3068903666120038,,,
2.1829545078929207,2.9415706462965856,-0.17389648923495366,0.29405259823082974,0.675687762249642,0.6401080614963859,,,2.61132492054267,,-232101.1420858787,-24.003478967430162,,,,2.2203832633491456,0.5200926916681058,0.33774499355691195,0.3068903666120038,,,
2.1829545078929207,2.9415706462965856,-0.17389648923495366,0.29405259823082974,0.675687762249642,0.6401080614963859,,,2.61132492054267,,-178872.55116199568,-13.155005524905379,,,,2.2203832633491456,0.5200926916681058,0.33774499355691195,0.3068903666120038,,,
2.1829545078929207,2.9415706462965856,-0.17389648923495366,0.29405259823082974,0.675687762249642,0.6401080614963859,,,2.61132492054267,,-235384.73451784035,-13.557126041824107,,,,2.2203832633491456,0.5200926916681058,0.33774499355691195,0.3068903666120038,,,
2.1829545078929207,2.9415706462965856,-0.17389648923495366,0.29405259823082974,0.675687762249642,0.6401080614963859,,,2.61132492054267,,-1581860.029884529,-12.409289710109912,,,,2.2203832633491456,0.5200926916681058,0.33774499355691195,0.3068903666120038,,,
2.1829545078929207,2.9415706462965856,-0.17389648923495366,0.29405259823082974,0.675687762249642,0.6401080614963859,,,2.61132492054267,,-25269.167216326554,-9.005493405901744,,,,2.2203832633491456,0.5200926916681058,0.33774499355691195,0.3068903666120038,,,
2.1829545078929207,2.9415706462965856,-0.17389648923495366,0.29405259823082974,0.675687762249642,0.6401080614963859,,,2.61132492054267,,-24368.715548607397,-12.899547204048435,,,,2.2203832633491456,0.5200926916681058,0.33774499355691195,0.3068903666120038,,,
2.1829545078929207,2.9415706462965856,-0.17389648923495366,0.29405259823082974,0.675687762249642,0.6401080614963859,,,2.61132492054267,,-158739.63319072,-17.046511347806803,,,,2.2203832633491456,0.5200926916681058,0.33774499355691195,0.3068903666120038,,,
2.1829545078929207,2.9415706462965856,-0.17389648923495366,0.29405259823082974,0.675687762249642,0.6401080614963859,,,2.61132492054267,,-6306.853768768887,-19.170211108239105,,,,2.2203832633491456,0.5200926916681058,0.33774499355691195,0.3068903666120038,,,
2.1829545078929207,2.9415706462965856,-0.17389648923495366,0.29405259823082974,0.675687762249642,0.6401080614963859,,,2.61132492054267,,-171393.37813967044,-13.653678252510902,,,,2.2203832633491456,0.5200926916681058,0.33774499355691195,0.3068903666120038,,,
2.1829545078929207,2.9415706462965856,-0.17389648923495366,0.29405259823082974,0.675687762249642,0.6401080614963859,,,2.61132492054267,,-129583.25568061175,-13.217947941200395,,,,2.2203832633491456,0.5200926916681058,0.33774499355691195,0.3068903666120038,,,
2.1829545078929207,2.9415706462965856,-0.17389648923495366,0.29405259823082974,0.675687762249642,0.6401080614963859,,,2.61132492054267,,-121862.47913854854,-11.74233289855413,,,,2.2203832633491456,0.5200926916681058,0.33774499355691195,0.3068903666120038,,,
2.1829545078929207,2.9415706462965856,-0.17389648923495366,0.29405259823082974,0.675687762249642,0.6401080614963859,,,2.61132492054267,,-203687.05679983078,-15.192470847066456,,,,2.2203832633491456,0.5200926916681058,0.33774499355691195,0.3068903666120038,,,
2.9984873096766322,23.148500184952916,0.7856595952027888,0.2262166039519186,1.6298062611020008,1.454539984570734,,,0.8869328284333339,,-587673.301724758,-15.935646514386724,,,,6.078434659203782,0.6141422556241624,8.259601358192143,5.194299510435616,,,
2.9984873096766322,23.148500184952916,0.7856595952027888,0.2262166039519186,1.6298062611020008,1.454539984570734,,,0.8869328284333339,,-1023737.7523023827,-16.893164333242815,,,,6.078434659203782,0.6141422556241624,8.259601358192143,5.194299510435616,,,
3.5461727462161847,31.272532676182657,2.7792123084006684,0.1587362744940397,1.6196731178843449,1.432324611178501,,,0.7866953243442528,,-223490.49156293078,-13.550937989490563,,,,6.450757631876912,0.695598119310454,11.218560098282916,6.829879216411489,,,
3.5461727462161847,31.272532676182657,2.7792123084006684,0.1587362744940397,1.6196731178843449,1.432324611178501,,,0.7866953243442528,,-473689.4899324877,-17.213608715826883,,,,6.450757631876912,0.695598119310454,11.218560098282916,6.829879216411489,,,
2.421317677346183,11.28018151774678,-3.1670881173747034,0.7008658570473378,2.4457676988463355,1.946418375761191,,,1.2704028040722641,,-46811.86627031551,-12.490224715385754,,,,6.461267887462175,0.351804083212775,3.253390506940789,2.183070465998183,,,
2.421317677346183,11.28018151774678,-3.1670881173747034,0.7008658570473378,2.4457676988463355,1.946418375761191,,,1.2704028040722641,,-292664.9336594357,-12.83735437913907,,,,6.461267887462175,0.351804083212775,3.253390506940789,2.183070465998183,,,
2.421317677346183,11.28018151774678,-3.1670881173747034,0.7008658570473378,2.4457676988463355,1.946418375761191,,,1.2704028040722641,,-16648.232632189254,-15.715791845849518,,,,6.461267887462175,0.351804083212775,3.253390506940789,2.183070465998183,,,
2.421317677346183,11.28018151774678,-3.1670881173747034,0.7008658570473378,2.4457676988463355,1.946418375761191,,,1.2704028040722641,,-224880.35389657854,-11.131162973218629,,,,6.461267887462175,0.351804083212775,3.253390506940789,2.183070465998183,,,
2.421317677346183,11.28018151774678,-3.1670881173747034,0.7008658570473378,2.4457676988463355,1.946418375761191,,,1.2704028040722641,,-6564.927065438187,-12.072654229122575,,,,6.461267887462175,0.351804083212775,3.253390506940789,2.183070465998183,,,
2.421317677346183,11.28018151774678,-3.1670881173747034,0.7008658570473378,2.4457676988463355,1.946418375761191,,,1.2704028040722641,,-3409.97922821453,-17.64128297372214,,,,6.461267887462175,0.351804083212775,3.253390506940789,2.183070465998183,,,
2.421317677346183,11.28018151774678,-3.1670881173747034,0.7008658570473378,2.4457676988463355,1.946418375761191,,,1.2704028040722641,,-22534.66957826735,-16.766352268064832,,,,6.461267887462175,0.351804083212775,3.253390506940789,2.183070465998183,,,
2.421317677346183,11.28018151774678,-3.1670881173747034,0.7008658570473378,2.4457676988463355,1.946418375761191,,,1.2704028040722641,,-16477.239579503163,-14.538145306510124,,,,6.461267887462175,0.351804083212775,3.253390506940789,2.183070465998183,,,
2.421317677346183,11.28018151774678,-3.1670881173747034,0.7008658570473378,2.4457676988463355,1.946418375761191,,,1.2704028040722641,,-40395.47505643596,-11.065909929330047,,,,6.461267887462175,0.351804083212775,3.253390506940789,2.183070465998183,,,
2.421317677346183,11.28018151774678,-3.1670881173747034,0.7008658570473378,2.4457676988463355,1.946418375761191,,,1.2704028040722641,,-218136.65699490666,-21.7663606722457,,,,6.461267887462175,0.351804083212775,3.253390506940789,2.183070465998183,,,
2.421317677346183,11.28018151774678,-3.1670881173747034,0.7008658570473378,2.4457676988463355,1.946418375761191,,,1.2704028040722641,,-178872.55116199568,-13.155005524905379,,,,6.461267887462175,0.351804083212775,3.253390506940789,2.183070465998183,,,
2.421317677346183,11.28018151774678,-3.1670881173747034,0.7008658570473378,2.4457676988463355,1.946418375761191,,,1.2704028040722641,,-235384.73451784035,-13.557126041824107,,,,6.461267887462175,0.351804083212775,3.253390506940789,2.183070465998183,,,
2.421317677346183,11.28018151774678,-3.1670881173747034,0.7008658570473378,2.4457676988463355,1.946418375761191,,,1.2704028040722641,,-499604.956728137,-11.316341223845905,,,,6.461267887462175,0.351804083212775,3.253390506940789,2.183070465998183,,,
2.867835816376437,37.74961779268768,-15.863026796055864,0.6622213028444459,2.3296942370380735,1.898897363642466,,,1.175367555978775,,-25269.167216326554,-9.005493405901744,,,,12.938587362668137,0.06819762477446357,4.322223876663289,2.624612317589194,,,
2.867835816376437,37.74961779268768,-15.863026796055864,0.6622213028444459,2.3296942370380735,1.898897363642466,,,1.175367555978775,,-24368.715548607397,-12.899547204048435,,,,12.938587362668137,0.06819762477446357,4.322223876663289,2.624612317589194,,,
2.867835816376437,37.74961779268768,-15.863026796055864,0.6622213028444459,2.3296942370380735,1.898897363642466,,,1.175367555978775,,-158739.63319072,-17.046511347806803,,,,12.938587362668137,0.06819762477446357,4.322223876663289,2.624612317589194,,,
2.0034202809560644,-1.5655868919160159,-0.8242787479910294,0.8644602000986822,1.5175203523792924,0.9861361913026018,,,1.1111943042426242,,-6306.853768768887,-19.170211108239105,,,,4.120638364106236,0.7355424960698715,0.949957476539888,0.3679661846265088,,,
2.022702078196099,-1.6267935652639571,-0.7693332391238773,0.8566605593393486,1.5200755417651928,0.9875305464276953,,,1.1097323002441752,,-171393.37813967044,-13.653678252510902,,,,4.170964151649668,0.7353598914882834,0.9491946136232522,0.3199681855766424,,,
2.4269284667962654,3.8915826729778806,-1.0272040464829864,0.5578528233678247,1.5720839519202376,1.2088762056197149,,,1.010277229960255,,-129583.25568061175,-13.217947941200395,,,,4.899721262588793,0.6910794959400598,3.619661662087823,2.1005450592239336,,,
2.4269284667962654,3.8915826729778806,-1.0272040464829864,0.5578528233678247,1.5720839519202376,1.2088762056197149,,,1.010277229960255,,-121862.47913854854,-11.74233289855413,,,,4.899721262588793,0.6910794959400598,3.619661662087823,2.1005450592239336,,,
2.4269284667962654,3.8915826729778806,-1.0272040464829864,0.5578528233678247,1.5720839519202376,1.2088762056197149,,,1.010277229960255,,-199420.56820683085,-13.691310498177236,,,,4.899721262588793,0.6910794959400598,3.619661662087823,2.1005450592239336,,,
2.4269284667962654,3.8915826729778806,-1.0272040464829864,0.5578528233678247,1.5720839519202376,1.2088762056197149,,,1.010277229960255,,-587673.301724758,-15.935646514386724,,,,4.899721262588793,0.6910794959400598,3.619661662087823,2.1005450592239336,,,
2.4269284667962654,3.8915826729778806,-1.0272040464829864,0.5578528233678247,1.5720839519202376,1.2088762056197149,,,1.010277229960255,,-1023737.7523023827,-16.893164333242815,,,,4.899721262588793,0.6910794959400598,3.619661662087823,2.1005450592239336,,,
2.4269284667962654,3.8915826729778806,-1.0272040464829864,0.5578528233678247,1.5720839519202376,1.2088762056197149,,,1.010277229960255,,-214922.0832383733,-13.204664696274449,,,,4.899721262588793,0.6910794959400598,3.619661662087823,2.1005450592239336,,,
3.054498041103357,6.801140645538357,-1.5586669109890015,0.4475955464540736,1.841671832391265,0.8486320733313741,,,0.9498629503806224,,-235710.6399309025,-13.725968703094756,,,,5.9615299383971125,0.5720649561352041,4.604001445654008,2.2924999049778774,,,
3.4940989641010174,7.731932656217088,-1.5235347632629708,0.4307285223829881,1.8560405041613326,0.807901931821355,,,0.946902942926854,,-46811.86627031551,-12.490224715385754,,,,6.684590935699135,0.5731332263291636,4.643656610478384,2.2624118432831346,,,
3.4940989641010174,7.731932656217088,-1.5235347632629708,0.4307285223829881,1.8560405041613326,0.807901931821355,,,0.946902942926854,,-285664.0169605138,-12.653850495710191,,,,6.684590935699135,0.5731332263291636,4.643656610478384,2.2624118432831346,,,
3.4940989641010174,7.731932656217088,-1.5235347632629708,0.4307285223829881,1.8560405041613326,0.807901931821355,,,0.946902942926854,,-2064.1495613611633,-17.61031651047776,,,,6.684590935699135,0.5731332263291636,4.643656610478384,2.2624118432831346,,,
1.2065735609494077,0.7465099681512126,-23.081832939934603,0.44273896171109256,1.4266267334042313,1.4590759664545587,,,0.8483910055131291,,-224880.35389657854,-11.131162973218629,,,,11.103348700137602,0.8818408245640872,3.4644919357833275,3.357205668124388,,,
1.2065735609494077,0.7465099681512126,-23.081832939934603,0.44273896171109256,1.4266267334042313,1.4590759664545587,,,0.8483910055131291,,-6564.927065438187,-12.072654229122575,,,,11.103348700137602,0.8818408245640872,3.4644919357833275,3.357205668124388,,,
1.2065735609494077,0.7465099681512126,-23.081832939934603,0.44273896171109256,1.4266267334042313,1.4590759664545587,,,0.8483910055131291,,-3409.97922821453,-17.64128297372214,,,,11.103348700137602,0.8818408245640872,3.4644919357833275,3.357205668124388,,,
1.2065735609494077,0.7465099681512126,-23.081832939934603,0.44273896171109256,1.4266267334042313,1.4590759664545587,,,0.8483910055131291,,-22534.66957826735,-16.766352268064832,,,,11.103348700137602,0.8818408245640872,3.4644919357833275,3.357205668124388,,,
1.2065735609494077,0.7465099681512126,-23.081832939934603,0.44273896171109256,1.4266267334042313,1.4590759664545587,,,0.8483910055131291,,-16477.239579503163,-14.538145306510124,,,,11.103348700137602,0.8818408245640872,3.4644919357833275,3.357205668124388,,,
1.2065735609494077,0.7465099681512126,-23.081832939934603,0.44273896171109256,1.4266267334042313,1.4590759664545587,,,0.8483910055131291,,-40395.47505643596,-11.065909929330047,,,,11.103348700137602,0.8818408245640872,3.4644919357833275,3.357205668124388,,,
1.2065735609494077,0.7465099681512126,-23.081832939934603,0.44273896171109256,1.4266267334042313,1.4590759664545587,,,0.8483910055131291,,-218136.65699490666,-21.7663606722457,,,,11.103348700137602,0.8818408245640872,3.4644919357833275,3.357205668124388,,,
1.2065735609494077,0.7465099681512126,-23.081832939934603,0.44273896171109256,1.4266267334042313,1.4590759664545587,,,0.8483910055131291,,-178872.55116199568,-13.155005524905379,,,,11.103348700137602,0.8818408245640872,3.4644919357833275,3.357205668124388,,,
-0.40599782822822955,1.2901014875587369,4.722867193154488,1.0934893945271988,3.8439269598944668,0.2462893820254075,,,1.560294082891403,,-235384.73451784035,-13.557126041824107,,,,1.2209773786272708,0.009216578586837871,0.7641015247897796,2.1959829075175836,,,
-0.40599782822822955,1.2901014875587369,4.722867193154488,1.0934893945271988,3.8439269598944668,0.2462893820254075,,,1.560294082891403,,-499604.956728137,-11.316341223845905,,,,1.2209773786272708,0.009216578586837871,0.7641015247897796,2.1959829075175836,,,
-0.40599782822822955,1.2901014875587369,4.722867193154488,1.0934893945271988,3.8439269598944668,0.2462893820254075,,,1.560294082891403,,-25269.167216326554,-9.005493405901744,,,,1.2209773786272708,0.009216578586837871,0.7641015247897796,2.1959829075175836,,,
-0.40599782822822955,1.2901014875587369,4.722867193154488,1.0934893945271988,3.8439269598944668,0.2462893820254075,,,1.560294082891403,,-24368.715548607397,-12.899547204048435,,,,1.2209773786272708,0.009216578586837871,0.7641015247897796,2.1959829075175836,,,
-0.40599782822822955,1.2901014875587369,4.722867193154488,1.0934893945271988,3.8439269598944668,0.2462893820254075,,,1.560294082891403,,-158739.63319072,-17.046511347806803,,,,1.2209773786272708,0.009216578586837871,0.7641015247897796,2.1959829075175836,,,
-1.386502615341755,1.3720321691385786,3.9282630511499503,1.011458339094927,3.518830583984906,0.2866995333664669,,,1.6983568031498562,,-6306.853768768887,-19.170211108239105,,,,1.2800997628821487,0.13314579921834055,0.6606752120812912,1.7377235364086197,,,
-1.386502615341755,1.3720321691385786,3.9282630511499503,1.011458339094927,3.518830583984906,0.2866995333664669,,,1.6983568031498562,,-171393.37813967044,-13.653678252510902,,,,1.2800997628821487,0.13314579921834055,0.6606752120812912,1.7377235364086197,,,
-1.386502615341755,1.3720321691385786,3.9282630511499503,1.011458339094927,3.518830583984906,0.2866995333664669,,,1.6983568031498562,,-129583.25568061175,-13.217947941200395,,,,1.2800997628821487,0.13314579921834055,0.6606752120812912,1.7377235364086197,,,
-1.386502615341755,1.3720321691385786,3.9282630511499503,1.011458339094927,3.518830583984906,0.2866995333664669,,,1.6983568031498562,,-121862.47913854854,-11.74233289855413,,,,1.2800997628821487,0.13314579921834055,0.6606752120812912,1.7377235364086197,,,
-1.386502615341755,1.3720321691385786,3.9282630511499503,1.011458339094927,3.518830583984906,0.2866995333664669,,,1.6983568031498562,,-199420.56820683085,-13.691310498177236,,,,1.2800997628821487,0.13314579921834055,0.6606752120812912,1.7377235364086197,,,
-1.386502615341755,1.3720321691385786,3.9282630511499503,1.011458339094927,3.518830583984906,0.2866995333664669,,,1.6983568031498562,,-587673.301724758,-15.935646514386724,,,,1.2800997628821487,0.13314579921834055,0.6606752120812912,1.7377235364086197,,,
-1.386502615341755,1.3720321691385786,3.9282630511499503,1.011458339094927,3.518830583984906,0.2866995333664669,,,1.6983568031498562,,-1023737.7523023827,-16.893164333242815,,,,1.2800997628821487,0.13314579921834055,0.6606752120812912,1.7377235364086197,,,
-1.3666615772884083,1.0749200985996414,4.059207541795054,1.0554955077466428,3.670974161109556,0.05137729344899178,,,1.7505861458178187,,-198295.28271588442,-13.66199903800062,,,,1.149417622776567,0.11681865241431766,0.4670779585636336,1.704469618170083,,,
-1.3666615772884083,1.0749200985996414,4.059207541795054,1.0554955077466428,3.670974161109556,0.05137729344899178,,,1.7505861458178187,,-235710.6399309025,-13.725968703094756,,,,1.149417622776567,0.11681865241431766,0.4670779585636336,1.704469618170083,,,
-1.3666615772884083,1.0749200985996414,4.059207541795054,1.0554955077466428,3.670974161109556,0.05137729344899178,,,1.7505861458178187,,-46811.86627031551,-12.490224715385754,,,,1.149417622776567,0.11681865241431766,0.4670779585636336,1.704469618170083,,,
-1.3666615772884083,1.0749200985996414,4.059207541795054,1.0554955077466428,3.670974161109556,0.05137729344899178,,,1.7505861458178187,,-152567.38176972087,-14.210453864366972,,,,1.149417622776567,0.11681865241431766,0.4670779585636336,1.704469618170083,,,
-1.3666615772884083,1.0749200985996414,4.059207541795054,1.0554955077466428,3.670974161109556,0.05137729344899178,,,1.7505861458178187,,-2064.1495613611633,-17.61031651047776,,,,1.149417622776567,0.11681865241431766,0.4670779585636336,1.704469618170083,,,
-1.3666615772884083,1.0749200985996414,4.059207541795054,1.0554955077466428,3.670974161109556,0.05137729344899178,,,1.7505861458178187,,-210599.38468604596,-11.726459556910342,,,,1.149417622776567,0.11681865241431766,0.4670779585636336,1.704469618170083,,,
-1.3666615772884083,1.0749200985996414,4.059207541795054,1.0554955077466428,3.670974161109556,0.05137729344899178,,,1.7505861458178187,,-6564.927065438187,-12.072654229122575,,,,1.149417622776567,0.11681865241431766,0.4670779585636336,1.704469618170083,,,
-1.3666615772884083,1.0749200985996414,4.059207541795054,1.0554955077466428,3.670974161109556,0.05137729344899178,,,1.7505861458178187,,-3409.97922821453,-17.64128297372214,,,,1.149417622776567,0.11681865241431766,0.4670779585636336,1.704469618170083,,,
0.7775826629311301,-1.935653808753328,-5.698428412523062,1.141711420735592,1.54172680358834,1.552433777323148,,,0.7742258027244007,,-22534.66957826735,-16.766352268064832,,,,1.7595575188555577,0.8539198724569752,3.9392346032745262,2.7885630655257634,,,
0.7775826629311301,-1.935653808753328,-5.698428412523062,1.141711420735592,1.54172680358834,1.552433777323148,,,0.7742258027244007,,-16477.239579503163,-14.538145306510124,,,,1.7595575188555577,0.8539198724569752,3.9392346032745262,2.7885630655257634,,,
1.39067448899793,-9.23726172201511,-18.052014309005813,1.0864190079742757,1.4989475946352,1.6962641309918933,,,0.30798763732638085,,-40395.47505643596,-11.065909929330047,,,,1.971098951877059,2.6792496069391385,25.534611018268393,21.123139684138454,,,
1.39067448899793,-9.23726172201511,-18.052014309005813,1.0864190079742757,1.4989475946352,1.6962641309918933,,,0.30798763732638085,,-218136.65699490666,-21.7663606722457,,,,1.971098951877059,2.6792496069391385,25.534611018268393,21.123139684138454,,,
1.39067448899793,-9.23726172201511,-18.052014309005813,1.0864190079742757,1.4989475946352,1.6962641309918933,,,0.30798763732638085,,-178872.55116199568,-13.155005524905379,,,,1.971098951877059,2.6792496069391385,25.534611018268393,21.123139684138454,,,
1.39067448899793,-9.23726172201511,-18.052014309005813,1.0864190079742757,1.4989475946352,1.6962641309918933,,,0.30798763732638085,,-235384.73451784035,-13.557126041824107,,,,1.971098951877059,2.6792496069391385,25.534611018268393,21.123139684138454,,,
1.39067448899793,-9.23726172201511,-18.052014309005813,1.0864190079742757,1.4989475946352,1.6962641309918933,,,0.30798763732638085,,-202600.16373525717,-12.623075480299747,,,,1.971098951877059,2.6792496069391385,25.534611018268393,21.123139684138454,,,
1.39067448899793,-9.23726172201511,-18.052014309005813,1.0864190079742757,1.4989475946352,1.6962641309918933,,,0.30798763732638085,,-21475.19581518148,-9.142238624899605,,,,1.971098951877059,2.6792496069391385,25.534611018268393,21.123139684138454,,,
1.3323760852664155,-8.660775225739718,-16.992475468701553,1.0834461314984096,1.4979615708301244,1.7000285515271707,,,0.3277742831994804,,-24368.715548607397,-12.899547204048435,,,,1.97946367725403,2.4297079816380767,22.528338843000483,18.684800648571407,,,
1.3323760852664155,-8.660775225739718,-16.992475468701553,1.0834461314984096,1.4979615708301244,1.7000285515271707,,,0.3277742831994804,,-158739.63319072,-17.046511347806803,,,,1.97946367725403,2.4297079816380767,22.528338843000483,18.684800648571407,,,
0.010561063426395163,-2.429921119320991,-0.37415182975386635,0.9922565073893307,2.2409036563201923,1.9351315759786374,,,1.1867507125616865,,-6306.853768768887,-19.170211108239105,,,,1.918052177262313,1.1064301763252056,1.4641120713367406,1.7767299715459701,,,
-0.13904646855319214,-2.253423075869475,0.42496910405343896,0.9762213225801174,2.371545862160686,1.9764731264358997,,,1.279507910244727,,-171393.37813967044,-13.653678252510902,,,,1.907645111558924,1.0911600238071895,1.221038429365297,1.5816168841904958,,,
-0.13904646855319214,-2.253423075869475,0.42496910405343896,0.9762213225801174,2.371545862160686,1.9764731264358997,,,1.279507910244727,,-129583.25568061175,-13.217947941200395,,,,1.907645111558924,1.0911600238071895,1.221038429365297,1.5816168841904958,,,
-0.860667646021127,-3.825210141718485,1.261540577593861,1.0841821340529454,2.6484160812504025,2.189664483896111,,,1.2378975604778426,,-121862.47913854854,-11.74233289855413,,,,2.3544909921098216,1.2405568255741009,1.364244479881565,1.362668624888788,,,
-0.860667646021127,-3.825210141718485,1.261540577593861,1.0841821340529454,2.6484160812504025,2.189664483896111,,,1.2378975604778426,,-199420.56820683085,-13.691310498177236,,,,2.3544909921098216,1.2405568255741009,1.364244479881565,1.362668624888788,,,
-0.860667646021127,-3.825210141718485,1.261540577593861,1.0841821340529454,2.6484160812504025,2.189664483896111,,,1.2378975604778426,,-579512.1186261208,-14.454905361584972,,,,2.3544909921098216,1.2405568255741009,1.364244479881565,1.362668624888788,,,
-0.860667646021127,-3.825210141718485,1.261540577593861,1.0841821340529454,2.6484160812504025,2.189664483896111,,,1.2378975604778426,,-1009044.5738775426,-16.720389043943683,,,,2.3544909921098216,1.2405568255741009,1.364244479881565,1.362668624888788,,,
0.1232119987515482,-1.1336528265172234,0.6526861933160545,0.9036856876449817,2.197767883499501,1.8356852753340918,,,1.6553134345319662,,-198295.28271588442,-13.66199903800062,,,,2.3224473335068865,0.830971798267523,0.7806778589353384,0.7624569746549807,,,
1.0707873153745144,-0.12800381330040259,-1.7081586713554278,0.91308658205754,1.5399875535136922,1.5590234840133963,,,1.6497189048738217,,-186704.52648952554,-13.234728018233998,,,,2.900872014678152,0.6506592221269503,0.9183738105521103,0.4950399353811193,,,
2.5410947840694327,1.1375414272428872,-4.808662221640858,1.207951863504705,2.4180182150860206,2.232744765355288,,,1.7051143682243697,,-35892.51388117268,-12.643286887041665,,,,5.24728845779203,0.41633702455822746,0.9383723786572404,0.672334086893462,,,
2.5799046585654453,-1.5965212424089612,-3.4074233489804437,3.0427744563329044,0.7957765493053892,0.3807655318898863,,,0.593888450562909,,-152567.38176972087,-14.210453864366972,,,,1.286041597338921,10.213109047168027,1.5270137965969675,4.758167405868342,,,
2.5799046585654453,-1.5965212424089612,-3.4074233489804437,3.0427744563329044,0.7957765493053892,0.3807655318898863,,,0.593888450562909,,-2064.1495613611633,-17.61031651047776,,,,1.286041597338921,10.213109047168027,1.5270137965969675,4.758167405868342,,,
2.5799046585654453,-1.5965212424089612,-3.4074233489804437,3.0427744563329044,0.7957765493053892,0.3807655318898863,,,0.593888450562909,,-210599.38468604596,-11.726459556910342,,,,1.286041597338921,10.213109047168027,1.5270137965969675,4.758167405868342,,,
1.6542000417940435,-1.1258928232933334,-2.5312704438856146,2.7241344844703486,1.4876225492809754,0.9328825937785572,,,1.0110355998135843,,-6273.204792195389,-12.020831724467707,,,,1.569940280584168,2.906204381145665,0.9264545031642009,1.7827285207444428,,,
1.5263842661491847,-0.04095956739861805,-1.4340892741662399,2.152315919322514,1.2965675121882425,0.8639903009264477,,,1.5447440859097472,,-3409.97922821453,-17.64128297372214,,,,1.6861708047241366,1.3017149679573523,0.530589473134951,0.7903329408026895,,,
1.5263842661491847,-0.04095956739861805,-1.4340892741662399,2.152315919322514,1.2965675121882425,0.8639903009264477,,,1.5447440859097472,,-22534.66957826735,-16.766352268064832,,,,1.6861708047241366,1.3017149679573523,0.530589473134951,0.7903329408026895,,,
1.5263842661491847,-0.04095956739861805,-1.4340892741662399,2.152315919322514,1.2965675121882425,0.8639903009264477,,,1.5447440859097472,,-16477.239579503163,-14.538145306510124,,,,1.6861708047241366,1.3017149679573523,0.530589473134951,0.7903329408026895,,,
1.5263842661491847,-0.04095956739861805,-1.4340892741662399,2.152315919322514,1.2965675121882425,0.8639903009264477,,,1.5447440859097472,,-29307.661692212954,-10.92315238089634,,,,1.6861708047241366,1.3017149679573523,0.530589473134951,0.7903329408026895,,,
1.4521926791832815,-0.05380613616408227,-1.4015578774963002,2.165745976611528,1.364812493345611,0.8479508943012439,,,1.5263418412044008,,-218136.65699490666,-21.7663606722457,,,,1.6920996143319922,1.282798161764739,0.526457609994067,0.8095228051833345,,,
0.9707452590848148,0.3635783241748227,-1.614624853584,1.524341000765519,1.4279199565728256,1.3314172660438128,,,1.3027650919952956,,-177348.95004359848,-13.145776064892397,,,,1.6696670072448154,1.0631696106689832,1.4995796404277315,1.4423682941226663,,,
0.9630591893726289,0.23506289407841516,-2.5060715339183055,1.7490730083152624,1.289629341426799,1.3426569752032358,,,1.1857858431976394,,-234060.94440847333,-13.44502647274169,,,,2.043147089079066,1.063544557730462,1.6658415096385029,2.159283392185808,,,
1.587980295577772,0.8543016467227966,-3.923927198526529,1.4013813934842456,0.5894373265034876,1.7563755236261722,,,1.2128482477107159,,-201044.82615866582,-12.67710925793564,,,,2.1904323171970623,1.2609440022398868,2.2493111046988084,2.472111392326053,,,
1.508883861105995,0.9995557156619133,-3.9933365496115845,1.53334808308639,0.5983215286265372,1.7612739492069613,,,1.2131335764575797,,-17193.096583014274,-9.039565504823086,,,,2.292175295851917,1.2370674653007514,2.217339793257839,2.41401379495512,,,
1.508883861105995,0.9995557156619133,-3.9933365496115845,1.53334808308639,0.5983215286265372,1.7612739492069613,,,1.2131335764575797,,-16610.881302363214,-14.240282006653054,,,,2.292175295851917,1.2370674653007514,2.217339793257839,2.41401379495512,,,
1.508883861105995,0.9995557156619133,-3.9933365496115845,1.53334808308639,0.5983215286265372,1.7612739492069613,,,1.2131335764575797,,-158739.63319072,-17.046511347806803,,,,2.292175295851917,1.2370674653007514,2.217339793257839,2.41401379495512,,,
1.508883861105995,0.9995557156619133,-3.9933365496115845,1.53334808308639,0.5983215286265372,1.7612739492069613,,,1.2131335764575797,,-6306.853768768887,-19.170211108239105,,,,2.292175295851917,1.2370674653007514,2.217339793257839,2.41401379495512,,,
1.508883861105995,0.9995557156619133,-3.9933365496115845,1.53334808308639,0.5983215286265372,1.7612739492069613,,,1.2131335764575797,,-171393.37813967044,-13.653678252510902,,,,2.292175295851917,1.2370674653007514,2.217339793257839,2.41401379495512,,,
1.3473560712606782,1.8356749421790406,-3.7575010263300337,1.6468976701398415,0.6066581106415352,1.9369161730236855,,,1.2588759579602113,,-129583.25568061175,-13.217947941200395,,,,2.142948995274998,1.185277335557565,2.2445057041915537,2.1688918572355176,,,
0.3651056641675337,1.3855229617875424,-2.73563673895049,2.7617168925134514,1.177510820773651,1.3956494427378385,,,1.1858066053674463,,-121862.47913854854,-11.74233289855413,,,,2.3104711806713736,0.9972559171672669,1.7315190583369615,1.8244792989606595,,,
1.0617907508114788,0.8829548903198514,-2.395063612963877,2.0906365218616223,1.2506368605500224,1.8086519533683947,,,1.2999015173519821,,-187608.63599829545,-12.963785367195236,,,,2.635748410510455,0.8293343560414621,1.4291464299917436,1.3391047075374911,,,
0.03537775873191797,-0.41980374458870706,0.3763704091257147,1.4750824510307998,0.10267349406067776,1.213026567002055,,,0.9335380117606613,,-453237.10345029394,-13.459593863569786,,,,0.2788401146578452,0.6498645858722325,3.3299328650897646,2.095575734780081,,,
0.03537775873191797,-0.41980374458870706,0.3763704091257147,1.4750824510307998,0.10267349406067776,1.213026567002055,,,0.9335380117606613,,-1009044.5738775426,-16.720389043943683,,,,0.2788401146578452,0.6498645858722325,3.3299328650897646,2.095575734780081,,,
0.13558291564899103,0.10701154335910389,0.4809673200436162,0.9388485397173959,0.7583887405628157,1.3167268041735982,,,0.9138180612312945,,-198295.28271588442,-13.66199903800062,,,,0.4723538723915573,0.6354155039886112,5.323900873931853,3.348957394325923,,,
0.13558291564899103,0.10701154335910389,0.4809673200436162,0.9388485397173959,0.7583887405628157,1.3167268041735982,,,0.9138180612312945,,-186704.52648952554,-13.234728018233998,,,,0.4723538723915573,0.6354155039886112,5.323900873931853,3.348957394325923,,,
0.15587343611670312,0.10671995083518152,0.442691221922959,1.109336475692937,0.6910745196014112,1.2447239788194095,,,0.9229564098811497,,-35892.51388117268,-12.643286887041665,,,,0.544424599850047,0.7448007261848293,4.6279638435162,2.9103727406671505,,,
-0.07624655271947718,-0.24264522770177513,-1.4178867694285346,0.9890028497964856,0.794114711824029,1.6829444484585094,,,0.8632316393230389,,-152567.38176972087,-14.210453864366972,,,,1.0186919522686406,0.9714125986949327,3.2814809886773717,3.5119394916903093,,,
-0.07624655271947718,-0.24264522770177513,-1.4178867694285346,0.9890028497964856,0.794114711824029,1.6829444484585094,,,0.8632316393230389,,-2061.7086887011155,-16.020162834784138,,,,1.0186919522686406,0.9714125986949327,3.2814809886773717,3.5119394916903093,,,
0.3156533373619522,1.1340353081104668,-1.5002413699699413,0.8558825504272656,1.5571841739874435,1.8046703252502212,,,1.0707644219009103,,-210599.38468604596,-11.726459556910342,,,,1.6676996640125297,0.5684565618453407,3.263212632270163,2.647723163629696,,,
0.4418845718536471,1.3078255549435662,-1.9283010672347018,0.8561099117317907,1.493666825503574,1.835104128894539,,,1.0189306844369577,,-6273.204792195389,-12.020831724467707,,,,1.6469201853093751,0.5497204052364465,3.7745513179361767,2.921839027032053,,,
0.607678307316378,0.8766118797303527,-1.5268862741535663,0.898041409829246,1.6750229182198297,1.7977230798170605,,,1.291296159194498,,-3409.97922821453,-17.64128297372214,,,,1.8523958026686491,0.531541619693018,2.0816007100264606,1.4605574839699138,,,
8.300466759657656,-1.9018359444648796,-6.4371712595590775,0.8238639247256871,0.46912696823574196,2.785969960892522,,,0.9335508362815299,,-22534.66957826735,-16.766352268064832,,,,2.6178417636986735,1.3939062183611162,5.157325363243896,0.8606059300330726,,,
8.300466759657656,-1.9018359444648796,-6.4371712595590775,0.8238639247256871,0.46912696823574196,2.785969960892522,,,0.9335508362815299,,-16477.239579503163,-14.538145306510124,,,,2.6178417636986735,1.3939062183611162,5.157325363243896,0.8606059300330726,,,
3.558459394300905,-2.4532475855546374,-3.5126796612738898,0.8925694141773327,1.327021780629788,2.4209277837214533,,,1.103075068317441,,-26122.25125103721,-10.864496923090643,,,,2.2415257792436782,1.2102175368776684,2.7690167079029298,1.2980732009245932,,,
3.558459394300905,-2.4532475855546374,-3.5126796612738898,0.8925694141773327,1.327021780629788,2.4209277837214533,,,1.103075068317441,,-218136.65699490666,-21.7663606722457,,,,2.2415257792436782,1.2102175368776684,2.7690167079029298,1.2980732009245932,,,
3.558459394300905,-2.4532475855546374,-3.5126796612738898,0.8925694141773327,1.327021780629788,2.4209277837214533,,,1.103075068317441,,-177348.95004359848,-13.145776064892397,,,,2.2415257792436782,1.2102175368776684,2.7690167079029298,1.2980732009245932,,,
2.784304398231929,0.1514852604019871,-1.9475991067065863,0.745953702088672,1.167467698993242,1.9846891606467483,,,1.6090769084084935,,-220611.31930414194,-13.067976220375712,,,,2.2363094526183707,0.7649715212408954,1.200439585579162,0.6585944010978265,,,
3.0765815354439856,0.6093563163360217,-3.0155696490385044,0.9647346563918098,1.7838600684958374,2.2582316829996825,,,1.6536672426250203,,-192814.07899165407,-13.045049552399226,,,,3.043509756037704,0.5832870936727088,1.1229794809937166,0.7164038560041989,,,
2.474028068552004,-0.006855494256835283,-1.9788396276752493,1.011852326680354,1.368189421192382,2.4725673359710303,,,1.464804134467986,,-17193.096583014274,-9.039565504823086,,,,3.406745726498812,0.6524313883073508,1.1106011820961623,0.8277695037088303,,,
2.474028068552004,-0.006855494256835283,-1.9788396276752493,1.011852326680354,1.368189421192382,2.4725673359710303,,,1.464804134467986,,-16610.881302363214,-14.240282006653054,,,,3.406745726498812,0.6524313883073508,1.1106011820961623,0.8277695037088303,,,
2.474028068552004,-0.006855494256835283,-1.9788396276752493,1.011852326680354,1.368189421192382,2.4725673359710303,,,1.464804134467986,,-158739.63319072,-17.046511347806803,,,,3.406745726498812,0.6524313883073508,1.1106011820961623,0.8277695037088303,,,
2.224320420443321,0.5287290809019725,-0.20768034267474242,2.1778595515616415,0.2691866128717273,0.7934505207975325,,,0.9782883354320875,,-6306.853768768887,-19.170211108239105,,,,12.450401156597117,1.3429845028523106,0.8221641859534877,0.5119297037879449,,,
2.224320420443321,0.5287290809019725,-0.20768034267474242,2.1778595515616415,0.2691866128717273,0.7934505207975325,,,0.9782883354320875,,-171393.37813967044,-13.653678252510902,,,,12.450401156597117,1.3429845028523106,0.8221641859534877,0.5119297037879449,,,
2.224320420443321,0.5287290809019725,-0.20768034267474242,2.1778595515616415,0.2691866128717273,0.7934505207975325,,,0.9782883354320875,,-129583.25568061175,-13.217947941200395,,,,12.450401156597117,1.3429845028523106,0.8221641859534877,0.5119297037879449,,,
2.224320420443321,0.5287290809019725,-0.20768034267474242,2.1778595515616415,0.2691866128717273,0.7934505207975325,,,0.9782883354320875,,-102646.73787849363,-11.415942072435595,,,,12.450401156597117,1.3429845028523106,0.8221641859534877,0.5119297037879449,,,
2.224320420443321,0.5287290809019725,-0.20768034267474242,2.1778595515616415,0.2691866128717273,0.7934505207975325,,,0.9782883354320875,,-98596.00758966306,-13.175205593803245,,,,12.450401156597117,1.3429845028523106,0.8221641859534877,0.5119297037879449,,,
2.224320420443321,0.5287290809019725,-0.20768034267474242,2.1778595515616415,0.2691866128717273,0.7934505207975325,,,0.9782883354320875,,-453237.10345029394,-13.459593863569786,,,,12.450401156597117,1.3429845028523106,0.8221641859534877,0.5119297037879449,,,
2.224320420443321,0.5287290809019725,-0.20768034267474242,2.1778595515616415,0.2691866128717273,0.7934505207975325,,,0.9782883354320875,,-1009044.5738775426,-16.720389043943683,,,,12.450401156597117,1.3429845028523106,0.8221641859534877,0.5119297037879449,,,
2.749387357519945,0.8149185518175815,-0.6884647587056388,2.157685478636041,0.3989248292777381,0.8799156181377068,,,1.02527707676178,,-198295.28271588442,-13.66199903800062,,,,12.79206745866308,1.1971637826106007,0.8387093217797079,0.5423759890370556,,,
2.971524296603282,1.3130386879415556,-0.3387904086839578,2.193912579013432,0.3694095164877148,0.8715259697856013,,,1.0374105827245244,,-186704.52648952554,-13.234728018233998,,,,15.04551139787236,1.1912575357400887,0.7915820267536217,0.34787794377179626,,,
2.971524296603282,1.3130386879415556,-0.3387904086839578,2.193912579013432,0.3694095164877148,0.8715259697856013,,,1.0374105827245244,,-35892.51388117268,-12.643286887041665,,,,15.04551139787236,1.1912575357400887,0.7915820267536217,0.34787794377179626,,,
2.971524296603282,1.3130386879415556,-0.3387904086839578,2.193912579013432,0.3694095164877148,0.8715259697856013,,,1.0374105827245244,,-152567.38176972087,-14.210453864366972,,,,15.04551139787236,1.1912575357400887,0.7915820267536217,0.34787794377179626,,,
2.971524296603282,1.3130386879415556,-0.3387904086839578,2.193912579013432,0.3694095164877148,0.8715259697856013,,,1.0374105827245244,,-2061.7086887011155,-16.020162834784138,,,,15.04551139787236,1.1912575357400887,0.7915820267536217,0.34787794377179626,,,
2.971524296603282,1.3130386879415556,-0.3387904086839578,2.193912579013432,0.3694095164877148,0.8715259697856013,,,1.0374105827245244,,-210599.38468604596,-11.726459556910342,,,,15.04551139787236,1.1912575357400887,0.7915820267536217,0.34787794377179626,,,
2.1542153825813046,1.2327174625710187,-6.878618140940868,1.5110513145511681,0.7816660046062466,1.1006381090366655,,,0.9681030500550362,,-6273.204792195389,-12.020831724467707,,,,13.215819607639823,1.0985967513525774,1.5920363003011262,1.2490790015872646,,,
0.9873674484054276,9.332084820540215,-5.733609921098317,1.6780540469265952,0.8242560830013346,1.2563020808555465,,,1.0097224236010232,,-3409.97922821453,-17.64128297372214,,,,16.076384307646805,0.96791591206496,1.6117407915743749,0.5949090796989469,,,
0.9873674484054276,9.332084820540215,-5.733609921098317,1.6780540469265952,0.8242560830013346,1.2563020808555465,,,1.0097224236010232,,-22534.66957826735,-16.766352268064832,,,,16.076384307646805,0.96791591206496,1.6117407915743749,0.5949090796989469,,,
3.50901698663424,14.226579759427954,-5.344956361701486,1.695070803842348,0.8117204350379248,1.2260395977784713,,,0.9942000470238785,,-16477.239579503163,-14.538145306510124,,,,22.928866722404766,1.0076766128424368,1.7130794666241107,0.19710845457730547,,,
3.50901698663424,14.226579759427954,-5.344956361701486,1.695070803842348,0.8117204350379248,1.2260395977784713,,,0.9942000470238785,,-26122.25125103721,-10.864496923090643,,,,22.928866722404766,1.0076766128424368,1.7130794666241107,0.19710845457730547,,,
3.50901698663424,14.226579759427954,-5.344956361701486,1.695070803842348,0.8117204350379248,1.2260395977784713,,,0.9942000470238785,,-218136.65699490666,-21.7663606722457,,,,22.928866722404766,1.0076766128424368,1.7130794666241107,0.19710845457730547,,,
3.50901698663424,14.226579759427954,-5.344956361701486,1.695070803842348,0.8117204350379248,1.2260395977784713,,,0.9942000470238785,,-167070.02671638996,-13.257315894161714,,,,22.928866722404766,1.0076766128424368,1.7130794666241107,0.19710845457730547,,,
9.150146170524154,-1.0889872939621983,-10.580798779724363,0.15292270097784372,0.5868322862288258,2.6389818949802737,,,1.2010425395118,,-173484.5337799141,-13.09417865280917,,,,11.37061904706281,1.1526500693127884,1.7748509414397777,1.863333111130267,,,
9.449129521842746,-1.0444996917435125,-11.003955324107066,0.1423873867972173,0.5728611593565016,2.663704962816256,,,1.202356819050267,,-151442.07063271644,-18.87816526000585,,,,11.672243208225927,1.1579716965607514,1.7853803893996316,1.8830153688919877,,,
9.449129521842746,-1.0444996917435125,-11.003955324107066,0.1423873867972173,0.5728611593565016,2.663704962816256,,,1.202356819050267,,-17193.096583014274,-9.039565504823086,,,,11.672243208225927,1.1579716965607514,1.7853803893996316,1.8830153688919877,,,
9.449129521842746,-1.0444996917435125,-11.003955324107066,0.1423873867972173,0.5728611593565016,2.663704962816256,,,1.202356819050267,,-16610.881302363214,-14.240282006653054,,,,11.672243208225927,1.1579716965607514,1.7853803893996316,1.8830153688919877,,,
6.288913366690168,0.4760183168044691,-9.023443719444334,0.44078889423865475,1.2751307540069354,2.644603161646511,,,1.3363339991837202,,-158739.63319072,-17.046511347806803,,,,9.771682016454868,0.810475272670006,1.5223885342329861,1.5145057994935232,,,
6.288913366690168,0.4760183168044691,-9.023443719444334,0.44078889423865475,1.2751307540069354,2.644603161646511,,,1.3363339991837202,,-6306.853768768887,-19.170211108239105,,,,9.771682016454868,0.810475272670006,1.5223885342329861,1.5145057994935232,,,
6.288913366690168,0.4760183168044691,-9.023443719444334,0.44078889423865475,1.2751307540069354,2.644603161646511,,,1.3363339991837202,,-164644.33665047903,-13.724140853398852,,,,9.771682016454868,0.810475272670006,1.5223885342329861,1.5145057994935232,,,
6.288913366690168,0.4760183168044691,-9.023443719444334,0.44078889423865475,1.2751307540069354,2.644603161646511,,,1.3363339991837202,,-128122.9988645062,-13.296206526612448,,,,9.771682016454868,0.810475272670006,1.5223885342329861,1.5145057994935232,,,
-4.928665711496073,16.346745203939793,-13.383900096082135,3.921686062201453,0.7591081438593964,1.849925834676985,,,1.218285917946299,,-102646.73787849363,-11.415942072435595,,,,14.38293496483588,0.8087978328541491,1.6438754824759385,1.3719264631319874,,,
-4.928665711496073,16.346745203939793,-13.383900096082135,3.921686062201453,0.7591081438593964,1.849925834676985,,,1.218285917946299,,-97066.61626461647,-12.435723267969772,,,,14.38293496483588,0.8087978328541491,1.6438754824759385,1.3719264631319874,,,
-4.928665711496073,16.346745203939793,-13.383900096082135,3.921686062201453,0.7591081438593964,1.849925834676985,,,1.218285917946299,,-453237.10345029394,-13.459593863569786,,,,14.38293496483588,0.8087978328541491,1.6438754824759385,1.3719264631319874,,,
-4.928665711496073,16.346745203939793,-13.383900096082135,3.921686062201453,0.7591081438593964,1.849925834676985,,,1.218285917946299,,-1009044.5738775426,-16.720389043943683,,,,14.38293496483588,0.8087978328541491,1.6438754824759385,1.3719264631319874,,,
-4.928665711496073,16.346745203939793,-13.383900096082135,3.921686062201453,0.7591081438593964,1.849925834676985,,,1.218285917946299,,-115014.19812248247,-12.711702034331353,,,,14.38293496483588,0.8087978328541491,1.6438754824759385,1.3719264631319874,,,
-4.928665711496073,16.346745203939793,-13.383900096082135,3.921686062201453,0.7591081438593964,1.849925834676985,,,1.218285917946299,,-167951.45123896646,-13.039093092153662,,,,14.38293496483588,0.8087978328541491,1.6438754824759385,1.3719264631319874,,,
-4.928665711496073,16.346745203939793,-13.383900096082135,3.921686062201453,0.7591081438593964,1.849925834676985,,,1.218285917946299,,-35892.51388117268,-12.643286887041665,,,,14.38293496483588,0.8087978328541491,1.6438754824759385,1.3719264631319874,,,
-4.928665711496073,16.346745203939793,-13.383900096082135,3.921686062201453,0.7591081438593964,1.849925834676985,,,1.218285917946299,,-128668.00150824127,-14.366738005881068,,,,14.38293496483588,0.8087978328541491,1.6438754824759385,1.3719264631319874,,,
-4.928665711496073,16.346745203939793,-13.383900096082135,3.921686062201453,0.7591081438593964,1.849925834676985,,,1.218285917946299,,-2047.2845506678884,-16.815222398855525,,,,14.38293496483588,0.8087978328541491,1.6438754824759385,1.3719264631319874,,,
-4.928665711496073,16.346745203939793,-13.383900096082135,3.921686062201453,0.7591081438593964,1.849925834676985,,,1.218285917946299,,-210599.38468604596,-11.726459556910342,,,,14.38293496483588,0.8087978328541491,1.6438754824759385,1.3719264631319874,,,
0.4358242678132978,23.40860498709022,-14.452641121851995,2.8009383790969187,1.2991448845521978,1.8667644053253072,,,1.2037013313317224,,-6273.204792195389,-12.020831724467707,,,,13.851272387991257,0.5659941303521835,2.5219644967702903,1.7826160095509673,,,
0.4358242678132978,23.40860498709022,-14.452641121851995,2.8009383790969187,1.2991448845521978,1.8667644053253072,,,1.2037013313317224,,-3409.97922821453,-17.64128297372214,,,,13.851272387991257,0.5659941303521835,2.5219644967702903,1.7826160095509673,,,
0.025995987492280454,-0.3246337534240947,0.2629871899499133,0.7498457611285043,3.141948559239505,1.925055969178974,,,1.803241671035662,,-22534.66957826735,-16.766352268064832,,,,1.174959808846934,0.8049301808266802,0.6909523582305592,0.6973796443129394,,,
0.07961115492181611,-0.3026461328320723,0.2447448468291679,1.1048645205174068,2.4277507069135886,1.6437273397963064,,,1.6374405472573432,,-16477.239579503163,-14.538145306510124,,,,1.5163677770748083,0.8526773572792705,0.7025961533540098,0.6809227352781162,,,
0.07961115492181611,-0.3026461328320723,0.2447448468291679,1.1048645205174068,2.4277507069135886,1.6437273397963064,,,1.6374405472573432,,-26122.25125103721,-10.864496923090643,,,,1.5163677770748083,0.8526773572792705,0.7025961533540098,0.6809227352781162,,,
-0.8326479547476024,-1.7127365990667074,3.419306407973706,0.8977981582251631,3.010476769551051,2.178661953367017,,,1.660105790973676,,-218136.65699490666,-21.7663606722457,,,,1.8583320917591473,1.0529953776303305,0.6135252084059262,1.0939713328699763,,,
-0.8326479547476024,-1.7127365990667074,3.419306407973706,0.8977981582251631,3.010476769551051,2.178661953367017,,,1.660105790973676,,-166350.27325465152,-13.636462929154384,,,,1.8583320917591473,1.0529953776303305,0.6135252084059262,1.0939713328699763,,,
-0.8326479547476024,-1.7127365990667074,3.419306407973706,0.8977981582251631,3.010476769551051,2.178661953367017,,,1.660105790973676,,-168417.08322263046,-13.919511806243003,,,,1.8583320917591473,1.0529953776303305,0.6135252084059262,1.0939713328699763,,,
-0.8326479547476024,-1.7127365990667074,3.419306407973706,0.8977981582251631,3.010476769551051,2.178661953367017,,,1.660105790973676,,-151442.07063271644,-18.87816526000585,,,,1.8583320917591473,1.0529953776303305,0.6135252084059262,1.0939713328699763,,,
-0.8326479547476024,-1.7127365990667074,3.419306407973706,0.8977981582251631,3.010476769551051,2.178661953367017,,,1.660105790973676,,-17193.096583014274,-9.039565504823086,,,,1.8583320917591473,1.0529953776303305,0.6135252084059262,1.0939713328699763,,,
-0.8326479547476024,-1.7127365990667074,3.419306407973706,0.8977981582251631,3.010476769551051,2.178661953367017,,,1.660105790973676,,-16610.881302363214,-14.240282006653054,,,,1.8583320917591473,1.0529953776303305,0.6135252084059262,1.0939713328699763,,,
-0.8326479547476024,-1.7127365990667074,3.419306407973706,0.8977981582251631,3.010476769551051,2.178661953367017,,,1.660105790973676,,-158739.63319072,-17.046511347806803,,,,1.8583320917591473,1.0529953776303305,0.6135252084059262,1.0939713328699763,,,
-0.8326479547476024,-1.7127365990667074,3.419306407973706,0.8977981582251631,3.010476769551051,2.178661953367017,,,1.660105790973676,,-6306.853768768887,-19.170211108239105,,,,1.8583320917591473,1.0529953776303305,0.6135252084059262,1.0939713328699763,,,
-0.8326479547476024,-1.7127365990667074,3.419306407973706,0.8977981582251631,3.010476769551051,2.178661953367017,,,1.660105790973676,,-164644.33665047903,-13.724140853398852,,,,1.8583320917591473,1.0529953776303305,0.6135252084059262,1.0939713328699763,,,
-0.8326479547476024,-1.7127365990667074,3.419306407973706,0.8977981582251631,3.010476769551051,2.178661953367017,,,1.660105790973676,,-128122.9988645062,-13.296206526612448,,,,1.8583320917591473,1.0529953776303305,0.6135252084059262,1.0939713328699763,,,
-0.8326479547476024,-1.7127365990667074,3.419306407973706,0.8977981582251631,3.010476769551051,2.178661953367017,,,1.660105790973676,,-102646.73787849363,-11.415942072435595,,,,1.8583320917591473,1.0529953776303305,0.6135252084059262,1.0939713328699763,,,
-0.8326479547476024,-1.7127365990667074,3.419306407973706,0.8977981582251631,3.010476769551051,2.178661953367017,,,1.660105790973676,,-97066.61626461647,-12.435723267969772,,,,1.8583320917591473,1.0529953776303305,0.6135252084059262,1.0939713328699763,,,
-0.8326479547476024,-1.7127365990667074,3.419306407973706,0.8977981582251631,3.010476769551051,2.178661953367017,,,1.660105790973676,,-400667.72872260085,-12.965952358015059,,,,1.8583320917591473,1.0529953776303305,0.6135252084059262,1.0939713328699763,,,
-0.8326479547476024,-1.7127365990667074,3.419306407973706,0.8977981582251631,3.010476769551051,2.178661953367017,,,1.660105790973676,,-1009044.5738775426,-16.720389043943683,,,,1.8583320917591473,1.0529953776303305,0.6135252084059262,1.0939713328699763,,,
-0.8410834899367687,-1.7227799618942092,3.4376935128593287,0.8919390679119554,3.0196785512638398,2.1813801331511034,,,1.6622774575631158,,-115014.19812248247,-12.711702034331353,,,,1.8592212063130504,1.0528847370570908,0.6112137320466962,1.0915704637851205,,,
-0.9049718277810027,-1.833248887604401,3.761907755350718,0.9217769158390527,2.3426581615650584,2.438237234008421,,,1.488004690243572,,-167951.45123896646,-13.039093092153662,,,,2.2667287380096433,1.0655220373807932,0.5909937205175275,1.1197188398531928,,,
-0.9049718277810027,-1.833248887604401,3.761907755350718,0.9217769158390527,2.3426581615650584,2.438237234008421,,,1.488004690243572,,-35892.51388117268,-12.643286887041665,,,,2.2667287380096433,1.0655220373807932,0.5909937205175275,1.1197188398531928,,,
-15.84621532856702,35.62597568312459,-11.156309253660245,6.61094312809941,0.43773279152048783,0.8894899227766289,,,1.0322682702410377,,-128668.00150824127,-14.366738005881068,,,,14.394043023204981,0.7782300737884488,2.314938293000474,1.3021602150657523,,,
-15.84621532856702,35.62597568312459,-11.156309253660245,6.61094312809941,0.43773279152048783,0.8894899227766289,,,1.0322682702410377,,-2047.2845506678884,-16.815222398855525,,,,14.394043023204981,0.7782300737884488,2.314938293000474,1.3021602150657523,,,
-64.87993482848317,109.30538830371249,-34.300279272151876,8.58486448653198,0.06781926458606202,0.7853376016388542,,,1.039338976335041,,-210599.38468604596,-11.726459556910342,,,,39.103143631629564,0.8050828792505326,1.9129273863959708,1.056162157068343,,,
-64.87993482848317,109.30538830371249,-34.300279272151876,8.58486448653198,0.06781926458606202,0.7853376016388542,,,1.039338976335041,,-6273.204792195389,-12.020831724467707,,,,39.103143631629564,0.8050828792505326,1.9129273863959708,1.056162157068343,,,
-64.87993482848317,109.30538830371249,-34.300279272151876,8.58486448653198,0.06781926458606202,0.7853376016388542,,,1.039338976335041,,-3409.97922821453,-17.64128297372214,,,,39.103143631629564,0.8050828792505326,1.9129273863959708,1.056162157068343,,,
-64.87993482848317,109.30538830371249,-34.300279272151876,8.58486448653198,0.06781926458606202,0.7853376016388542,,,1.039338976335041,,-22534.66957826735,-16.766352268064832,,,,39.103143631629564,0.8050828792505326,1.9129273863959708,1.056162157068343,,,
-64.87993482848317,109.30538830371249,-34.300279272151876,8.58486448653198,0.06781926458606202,0.7853376016388542,,,1.039338976335041,,-16477.239579503163,-14.538145306510124,,,,39.103143631629564,0.8050828792505326,1.9129273863959708,1.056162157068343,,,
-64.87993482848317,109.30538830371249,-34.300279272151876,8.58486448653198,0.06781926458606202,0.7853376016388542,,,1.039338976335041,,-10842.474668346294,-10.556240962506763,,,,39.103143631629564,0.8050828792505326,1.9129273863959708,1.056162157068343,,,
-64.87993482848317,109.30538830371249,-34.300279272151876,8.58486448653198,0.06781926458606202,0.7853376016388542,,,1.039338976335041,,-56838.74668175223,-26.512084156776925,,,,39.103143631629564,0.8050828792505326,1.9129273863959708,1.056162157068343,,,
-64.87993482848317,109.30538830371249,-34.300279272151876,8.58486448653198,0.06781926458606202,0.7853376016388542,,,1.039338976335041,,-166350.27325465152,-13.636462929154384,,,,39.103143631629564,0.8050828792505326,1.9129273863959708,1.056162157068343,,,
-64.87993482848317,109.30538830371249,-34.300279272151876,8.58486448653198,0.06781926458606202,0.7853376016388542,,,1.039338976335041,,-157097.15325104498,-13.921379853023774,,,,39.103143631629564,0.8050828792505326,1.9129273863959708,1.056162157068343,,,
-64.87993482848317,109.30538830371249,-34.300279272151876,8.58486448653198,0.06781926458606202,0.7853376016388542,,,1.039338976335041,,-141832.27718969906,-14.550826600407909,,,,39.103143631629564,0.8050828792505326,1.9129273863959708,1.056162157068343,,,
-64.87993482848317,109.30538830371249,-34.300279272151876,8.58486448653198,0.06781926458606202,0.7853376016388542,,,1.039338976335041,,-17193.096583014274,-9.039565504823086,,,,39.103143631629564,0.8050828792505326,1.9129273863959708,1.056162157068343,,,
-64.87993482848317,109.30538830371249,-34.300279272151876,8.58486448653198,0.06781926458606202,0.7853376016388542,,,1.039338976335041,,-16610.881302363214,-14.240282006653054,,,,39.103143631629564,0.8050828792505326,1.9129273863959708,1.056162157068343,,,
-64.87993482848317,109.30538830371249,-34.300279272151876,8.58486448653198,0.06781926458606202,0.7853376016388542,,,1.039338976335041,,-158739.63319072,-17.046511347806803,,,,39.103143631629564,0.8050828792505326,1.9129273863959708,1.056162157068343,,,
-64.87993482848317,109.30538830371249,-34.300279272151876,8.58486448653198,0.06781926458606202,0.7853376016388542,,,1.039338976335041,,-6306.853768768887,-19.170211108239105,,,,39.103143631629564,0.8050828792505326,1.9129273863959708,1.056162157068343,,,
-68.53701259126396,115.14544035255847,-35.517672903101285,8.685716128731595,0.052868599532096106,0.7623135048107998,,,1.0351271480219284,,-164644.33665047903,-13.724140853398852,,,,40.612765291394986,0.8049715868816824,1.9209876280371407,1.0467025079395051,,,
-68.53701259126396,115.14544035255847,-35.517672903101285,8.685716128731595,0.052868599532096106,0.7623135048107998,,,1.0351271480219284,,-128122.9988645062,-13.296206526612448,,,,40.612765291394986,0.8049715868816824,1.9209876280371407,1.0467025079395051,,,
-59.816388882693715,68.36739746796499,-77.0569172092849,6.022696361167948,0.336287196586625,1.2321603506007253,,,0.9440855968241497,,-77395.44536012136,-10.690800019131974,,,,42.628722937276585,0.93587724210142,1.7642706242365969,1.8917630539082286,,,
-59.816388882693715,68.36739746796499,-77.0569172092849,6.022696361167948,0.336287196586625,1.2321603506007253,,,0.9440855968241497,,-97066.61626461647,-12.435723267969772,,,,42.628722937276585,0.93587724210142,1.7642706242365969,1.8917630539082286,,,
-0.017801482953044054,0.38423371042125803,0.051999607114717565,0.5528604736346311,0.73920256062837,0.753368484612619,,,1.6389874962205198,,-400667.72872260085,-12.965952358015059,,,,1.2269505778444953,0.7268136222041085,0.9767783950184105,0.4018628225885501,,,
0.35822421295325557,0.42776460928024945,-0.7579971957360602,1.0550724164779677,2.1947060721648306,1.720218190684635,,,1.7267525272255966,,-794176.1725815552,-16.084013692320386,,,,1.9719453854315834,0.47517757114370657,0.8370240090795242,0.5554418869757232,,,
0.48509795368611064,0.5852853098518663,-0.803120481597207,0.9740822323838593,2.0932895535110627,1.6369276645683786,,,1.6316409654582642,,-102510.54353043558,-14.315157441913117,,,,2.1845716445181695,0.48866013838446165,1.0107931836652946,0.6519299448445448,,,
0.9885201527082308,0.46548844057434824,-1.1642134338193069,0.9654342421356465,1.9665007165032262,1.7376437865358898,,,1.6366874410021535,,-165584.90772705118,-13.055414975205338,,,,2.31700532068598,0.5202177209246404,1.0270307412001662,0.5502984225929378,,,
0.9885201527082308,0.46548844057434824,-1.1642134338193069,0.9654342421356465,1.9665007165032262,1.7376437865358898,,,1.6366874410021535,,-35892.51388117268,-12.643286887041665,,,,2.31700532068598,0.5202177209246404,1.0270307412001662,0.5502984225929378,,,
0.9885201527082308,0.46548844057434824,-1.1642134338193069,0.9654342421356465,1.9665007165032262,1.7376437865358898,,,1.6366874410021535,,-128668.00150824127,-14.366738005881068,,,,2.31700532068598,0.5202177209246404,1.0270307412001662,0.5502984225929378,,,
0.9885201527082308,0.46548844057434824,-1.1642134338193069,0.9654342421356465,1.9665007165032262,1.7376437865358898,,,1.6366874410021535,,-2047.2845506678884,-16.815222398855525,,,,2.31700532068598,0.5202177209246404,1.0270307412001662,0.5502984225929378,,,
0.9885201527082308,0.46548844057434824,-1.1642134338193069,0.9654342421356465,1.9665007165032262,1.7376437865358898,,,1.6366874410021535,,-210599.38468604596,-11.726459556910342,,,,2.31700532068598,0.5202177209246404,1.0270307412001662,0.5502984225929378,,,
0.9885201527082308,0.46548844057434824,-1.1642134338193069,0.9654342421356465,1.9665007165032262,1.7376437865358898,,,1.6366874410021535,,-6273.204792195389,-12.020831724467707,,,,2.31700532068598,0.5202177209246404,1.0270307412001662,0.5502984225929378,,,
0.9885201527082308,0.46548844057434824,-1.1642134338193069,0.9654342421356465,1.9665007165032262,1.7376437865358898,,,1.6366874410021535,,-3409.97922821453,-17.64128297372214,,,,2.31700532068598,0.5202177209246404,1.0270307412001662,0.5502984225929378,,,
0.5444425198846724,-0.3783944201386675,-0.003438689392294297,0.9466842688387652,2.2559101853177896,1.8599021784094838,,,1.6432128773276056,,-22534.66957826735,-16.766352268064832,,,,2.168621667929492,0.6709658991164139,0.9100303284456488,0.7041293870204814,,,
0.5444425198846724,-0.3783944201386675,-0.003438689392294297,0.9466842688387652,2.2559101853177896,1.8599021784094838,,,1.6432128773276056,,-16477.239579503163,-14.538145306510124,,,,2.168621667929492,0.6709658991164139,0.9100303284456488,0.7041293870204814,,,
0.5444425198846724,-0.3783944201386675,-0.003438689392294297,0.9466842688387652,2.2559101853177896,1.8599021784094838,,,1.6432128773276056,,-10842.474668346294,-10.556240962506763,,,,2.168621667929492,0.6709658991164139,0.9100303284456488,0.7041293870204814,,,
0.5444425198846724,-0.3783944201386675,-0.003438689392294297,0.9466842688387652,2.2559101853177896,1.8599021784094838,,,1.6432128773276056,,-56838.74668175223,-26.512084156776925,,,,2.168621667929492,0.6709658991164139,0.9100303284456488,0.7041293870204814,,,
0.5444425198846724,-0.3783944201386675,-0.003438689392294297,0.9466842688387652,2.2559101853177896,1.8599021784094838,,,1.6432128773276056,,-112166.5532524908,-14.35866857094096,,,,2.168621667929492,0.6709658991164139,0.9100303284456488,0.7041293870204814,,,
0.5404853073899385,-0.3765882277923221,-0.0009847366323940845,0.9463016875662663,2.2557789373139663,1.8593405160543162,,,1.6432371603777816,,-157097.15325104498,-13.921379853023774,,,,2.169422240917836,0.6707171238271759,0.9093809861263631,0.7050226911583394,,,
0.5404853073899385,-0.3765882277923221,-0.0009847366323940845,0.9463016875662663,2.2557789373139663,1.8593405160543162,,,1.6432371603777816,,-141832.27718969906,-14.550826600407909,,,,2.169422240917836,0.6707171238271759,0.9093809861263631,0.7050226911583394,,,
0.5404853073899385,-0.3765882277923221,-0.0009847366323940845,0.9463016875662663,2.2557789373139663,1.8593405160543162,,,1.6432371603777816,,-13880.014162856613,-9.435054567381309,,,,2.169422240917836,0.6707171238271759,0.9093809861263631,0.7050226911583394,,,
0.5404853073899385,-0.3765882277923221,-0.0009847366323940845,0.9463016875662663,2.2557789373139663,1.8593405160543162,,,1.6432371603777816,,-16610.881302363214,-14.240282006653054,,,,2.169422240917836,0.6707171238271759,0.9093809861263631,0.7050226911583394,,,
0.5404853073899385,-0.3765882277923221,-0.0009847366323940845,0.9463016875662663,2.2557789373139663,1.8593405160543162,,,1.6432371603777816,,-158739.63319072,-17.046511347806803,,,,2.169422240917836,0.6707171238271759,0.9093809861263631,0.7050226911583394,,,
7.6952119222096655,-16.152520871410935,-9.771666203505998,0.4939118266155348,0.5290718430787303,0.1603534691787305,,,0.6667603521191492,,-6306.853768768887,-19.170211108239105,,,,6.289544885580063,2.904643831682959,1.3010567645824238,10.351421227060264,,,
7.6952119222096655,-16.152520871410935,-9.771666203505998,0.4939118266155348,0.5290718430787303,0.1603534691787305,,,0.6667603521191492,,-164644.33665047903,-13.724140853398852,,,,6.289544885580063,2.904643831682959,1.3010567645824238,10.351421227060264,,,
7.6952119222096655,-16.152520871410935,-9.771666203505998,0.4939118266155348,0.5290718430787303,0.1603534691787305,,,0.6667603521191492,,-128122.9988645062,-13.296206526612448,,,,6.289544885580063,2.904643831682959,1.3010567645824238,10.351421227060264,,,
7.6952119222096655,-16.152520871410935,-9.771666203505998,0.4939118266155348,0.5290718430787303,0.1603534691787305,,,0.6667603521191492,,-77395.44536012136,-10.690800019131974,,,,6.289544885580063,2.904643831682959,1.3010567645824238,10.351421227060264,,,
7.6952119222096655,-16.152520871410935,-9.771666203505998,0.4939118266155348,0.5290718430787303,0.1603534691787305,,,0.6667603521191492,,-97066.61626461647,-12.435723267969772,,,,6.289544885580063,2.904643831682959,1.3010567645824238,10.351421227060264,,,
7.6952119222096655,-16.152520871410935,-9.771666203505998,0.4939118266155348,0.5290718430787303,0.1603534691787305,,,0.6667603521191492,,-381189.5566594572,-12.895261049883729,,,,6.289544885580063,2.904643831682959,1.3010567645824238,10.351421227060264,,,
7.6952119222096655,-16.152520871410935,-9.771666203505998,0.4939118266155348,0.5290718430787303,0.1603534691787305,,,0.6667603521191492,,-794176.1725815552,-16.084013692320386,,,,6.289544885580063,2.904643831682959,1.3010567645824238,10.351421227060264,,,
7.6952119222096655,-16.152520871410935,-9.771666203505998,0.4939118266155348,0.5290718430787303,0.1603534691787305,,,0.6667603521191492,,-102510.54353043558,-14.315157441913117,,,,6.289544885580063,2.904643831682959,1.3010567645824238,10.351421227060264,,,
7.6952119222096655,-16.152520871410935,-9.771666203505998,0.4939118266155348,0.5290718430787303,0.1603534691787305,,,0.6667603521191492,,-165584.90772705118,-13.055414975205338,,,,6.289544885580063,2.904643831682959,1.3010567645824238,10.351421227060264,,,
7.6952119222096655,-16.152520871410935,-9.771666203505998,0.4939118266155348,0.5290718430787303,0.1603534691787305,,,0.6667603521191492,,-30637.01631922595,-12.816751054361664,,,,6.289544885580063,2.904643831682959,1.3010567645824238,10.351421227060264,,,
7.894507636343975,-16.425410895306644,-10.024536425694215,0.4924772185187211,0.5219028858585499,0.15122077241608722,,,0.6596719338247787,,-97871.22983507342,-12.632622936412075,,,,6.337742532802191,2.9659606276418042,1.3104689687404663,10.59684021699095,,,
7.894507636343975,-16.425410895306644,-10.024536425694215,0.4924772185187211,0.5219028858585499,0.15122077241608722,,,0.6596719338247787,,-2047.2845506678884,-16.815222398855525,,,,6.337742532802191,2.9659606276418042,1.3104689687404663,10.59684021699095,,,
7.894507636343975,-16.425410895306644,-10.024536425694215,0.4924772185187211,0.5219028858585499,0.15122077241608722,,,0.6596719338247787,,-210599.38468604596,-11.726459556910342,,,,6.337742532802191,2.9659606276418042,1.3104689687404663,10.59684021699095,,,
7.894507636343975,-16.425410895306644,-10.024536425694215,0.4924772185187211,0.5219028858585499,0.15122077241608722,,,0.6596719338247787,,-6273.204792195389,-12.020831724467707,,,,6.337742532802191,2.9659606276418042,1.3104689687404663,10.59684021699095,,,
7.894507636343975,-16.425410895306644,-10.024536425694215,0.4924772185187211,0.5219028858585499,0.15122077241608722,,,0.6596719338247787,,-3409.97922821453,-17.64128297372214,,,,6.337742532802191,2.9659606276418042,1.3104689687404663,10.59684021699095,,,
7.894507636343975,-16.425410895306644,-10.024536425694215,0.4924772185187211,0.5219028858585499,0.15122077241608722,,,0.6596719338247787,,-22534.66957826735,-16.766352268064832,,,,6.337742532802191,2.9659606276418042,1.3104689687404663,10.59684021699095,,,
7.894507636343975,-16.425410895306644,-10.024536425694215,0.4924772185187211,0.5219028858585499,0.15122077241608722,,,0.6596719338247787,,-16477.239579503163,-14.538145306510124,,,,6.337742532802191,2.9659606276418042,1.3104689687404663,10.59684021699095,,,
7.894507636343975,-16.425410895306644,-10.024536425694215,0.4924772185187211,0.5219028858585499,0.15122077241608722,,,0.6596719338247787,,-10842.474668346294,-10.556240962506763,,,,6.337742532802191,2.9659606276418042,1.3104689687404663,10.59684021699095,,,
7.894507636343975,-16.425410895306644,-10.024536425694215,0.4924772185187211,0.5219028858585499,0.15122077241608722,,,0.6596719338247787,,-56838.74668175223,-26.512084156776925,,,,6.337742532802191,2.9659606276418042,1.3104689687404663,10.59684021699095,,,
3.1702087633328273,-8.90622024253315,-6.421187424506331,0.7032722518774781,0.7628453633207856,0.8060881138385825,,,0.9555618449050656,,-112166.5532524908,-14.35866857094096,,,,6.091343215715613,1.3582151851907125,1.1059974138476556,4.57274047260101,,,
0.7718608254902132,-0.1151922682229761,-0.1228321472326102,0.9954026413993511,0.5022395720714955,2.638484835016493,,,1.220903362725162,,-157097.15325104498,-13.921379853023774,,,,2.8706726361378987,0.9769567379684314,1.2552417936741949,1.6394625562953287,,,
0.7718608254902132,-0.1151922682229761,-0.1228321472326102,0.9954026413993511,0.5022395720714955,2.638484835016493,,,1.220903362725162,,-141832.27718969906,-14.550826600407909,,,,2.8706726361378987,0.9769567379684314,1.2552417936741949,1.6394625562953287,,,
0.7718608254902132,-0.1151922682229761,-0.1228321472326102,0.9954026413993511,0.5022395720714955,2.638484835016493,,,1.220903362725162,,-6552.81243288119,-9.47617240253745,,,,2.8706726361378987,0.9769567379684314,1.2552417936741949,1.6394625562953287,,,
0.7718608254902132,-0.1151922682229761,-0.1228321472326102,0.9954026413993511,0.5022395720714955,2.638484835016493,,,1.220903362725162,,-16610.881302363214,-14.240282006653054,,,,2.8706726361378987,0.9769567379684314,1.2552417936741949,1.6394625562953287,,,
0.7718608254902132,-0.1151922682229761,-0.1228321472326102,0.9954026413993511,0.5022395720714955,2.638484835016493,,,1.220903362725162,,-158739.63319072,-17.046511347806803,,,,2.8706726361378987,0.9769567379684314,1.2552417936741949,1.6394625562953287,,,
0.7718608254902132,-0.1151922682229761,-0.1228321472326102,0.9954026413993511,0.5022395720714955,2.638484835016493,,,1.220903362725162,,-6306.853768768887,-19.170211108239105,,,,2.8706726361378987,0.9769567379684314,1.2552417936741949,1.6394625562953287,,,
0.7718608254902132,-0.1151922682229761,-0.1228321472326102,0.9954026413993511,0.5022395720714955,2.638484835016493,,,1.220903362725162,,-164644.33665047903,-13.724140853398852,,,,2.8706726361378987,0.9769567379684314,1.2552417936741949,1.6394625562953287,,,
0.7718608254902132,-0.1151922682229761,-0.1228321472326102,0.9954026413993511,0.5022395720714955,2.638484835016493,,,1.220903362725162,,-128122.9988645062,-13.296206526612448,,,,2.8706726361378987,0.9769567379684314,1.2552417936741949,1.6394625562953287,,,
0.7718608254902132,-0.1151922682229761,-0.1228321472326102,0.9954026413993511,0.5022395720714955,2.638484835016493,,,1.220903362725162,,-77395.44536012136,-10.690800019131974,,,,2.8706726361378987,0.9769567379684314,1.2552417936741949,1.6394625562953287,,,
0.8361406061749881,-0.06312133478405013,-0.134760999039128,1.156408367510889,0.4843954150248904,2.401114675473165,,,1.1978887091108983,,-94051.94353961886,-12.632016276135882,,,,3.220794256594434,0.9985486884372531,1.208525594640714,1.5093285051397387,,,
0.8361406061749881,-0.06312133478405013,-0.134760999039128,1.156408367510889,0.4843954150248904,2.401114675473165,,,1.1978887091108983,,-381189.5566594572,-12.895261049883729,,,,3.220794256594434,0.9985486884372531,1.208525594640714,1.5093285051397387,,,
0.8361406061749881,-0.06312133478405013,-0.134760999039128,1.156408367510889,0.4843954150248904,2.401114675473165,,,1.1978887091108983,,-794176.1725815552,-16.084013692320386,,,,3.220794256594434,0.9985486884372531,1.208525594640714,1.5093285051397387,,,
0.26080116115528645,-0.5401617452803978,2.1971163444145954,1.0337832926882053,0.4318150453968417,2.7238489292638244,,,1.1903298722888502,,-102510.54353043558,-14.315157441913117,,,,4.212733207718105,0.8621860618360647,0.6676460956008392,1.008985715320892,,,
0.26080116115528645,-0.5401617452803978,2.1971163444145954,1.0337832926882053,0.4318150453968417,2.7238489292638244,,,1.1903298722888502,,-165584.90772705118,-13.055414975205338,,,,4.212733207718105,0.8621860618360647,0.6676460956008392,1.008985715320892,,,
0.26080116115528645,-0.5401617452803978,2.1971163444145954,1.0337832926882053,0.4318150453968417,2.7238489292638244,,,1.1903298722888502,,-30637.01631922595,-12.816751054361664,,,,4.212733207718105,0.8621860618360647,0.6676460956008392,1.008985715320892,,,
0.26080116115528645,-0.5401617452803978,2.1971163444145954,1.0337832926882053,0.4318150453968417,2.7238489292638244,,,1.1903298722888502,,-82096.46404884591,-12.427789048381333,,,,4.212733207718105,0.8621860618360647,0.6676460956008392,1.008985715320892,,,
-0.4505027171534505,-2.1075145703440525,3.7098715715481205,1.121262631260619,0.40297505791762833,2.9702687063994975,,,0.8820645442838196,,-2047.2845506678884,-16.815222398855525,,,,4.7128264358902925,1.21675248348352,1.0095757073668816,1.736680131979157,,,
-0.4505027171534505,-2.1075145703440525,3.7098715715481205,1.121262631260619,0.40297505791762833,2.9702687063994975,,,0.8820645442838196,,-196149.47371691142,-11.99858191563346,,,,4.7128264358902925,1.21675248348352,1.0095757073668816,1.736680131979157,,,
-1.60595893692618,-2.374327155132481,7.578152778850218,1.0091774063109011,0.3595421451656873,3.19061845972407,,,0.7784679879934056,,-6273.204792195389,-12.020831724467707,,,,6.332060809606611,1.2343040628532673,0.32093805882141996,1.495664635619347,,,
-0.9172316214565165,-2.873496167618553,5.961036987371743,0.9668512844398514,0.45805343200953574,3.1268280205104557,,,0.8682468170707345,,-3409.97922821453,-17.64128297372214,,,,6.509198309808602,1.0740594118025741,0.5250729752991202,1.3647778846508312,,,
1.1712342040529868,1.1359379060731765,-2.5873192453324507,1.5846151219249407,1.2815951002768404,0.8573928636168759,,,1.2387713622219643,,-22534.66957826735,-16.766352268064832,,,,1.9491660559863375,0.7490730988046854,1.0064839611239622,3.9245136247923282,,,
1.1712342040529868,1.1359379060731765,-2.5873192453324507,1.5846151219249407,1.2815951002768404,0.8573928636168759,,,1.2387713622219643,,-16477.239579503163,-14.538145306510124,,,,1.9491660559863375,0.7490730988046854,1.0064839611239622,3.9245136247923282,,,
2.475119712854778,1.3531734012217667,0.8700834773295353,1.7427372621837602,0.9800341023858957,0.7674927627092445,,,0.8904534645209836,,-10842.474668346294,-10.556240962506763,,,,3.278481767017024,1.1138723521334537,1.4363142083514397,12.615587707413436,,,
2.475119712854778,1.3531734012217667,0.8700834773295353,1.7427372621837602,0.9800341023858957,0.7674927627092445,,,0.8904534645209836,,-56838.74668175223,-26.512084156776925,,,,3.278481767017024,1.1138723521334537,1.4363142083514397,12.615587707413436,,,
2.475119712854778,1.3531734012217667,0.8700834773295353,1.7427372621837602,0.9800341023858957,0.7674927627092445,,,0.8904534645209836,,-112166.5532524908,-14.35866857094096,,,,3.278481767017024,1.1138723521334537,1.4363142083514397,12.615587707413436,,,
3.293491081796339,-1.8988437570678793,-1.1889538360573642,1.3754926555298808,0.8474187241127511,0.5889500899815101,,,0.8309457954071793,,-157097.15325104498,-13.921379853023774,,,,3.8156680506316674,1.4529412894189484,1.410704241785382,12.186885033120278,,,
3.293491081796339,-1.8988437570678793,-1.1889538360573642,1.3754926555298808,0.8474187241127511,0.5889500899815101,,,0.8309457954071793,,-133924.9077043506,-14.144177398685382,,,,3.8156680506316674,1.4529412894189484,1.410704241785382,12.186885033120278,,,
3.293491081796339,-1.8988437570678793,-1.1889538360573642,1.3754926555298808,0.8474187241127511,0.5889500899815101,,,0.8309457954071793,,-6552.81243288119,-9.47617240253745,,,,3.8156680506316674,1.4529412894189484,1.410704241785382,12.186885033120278,,,
1.9743676726886752,-3.428488467426525,-9.23916610031294,1.2443137798204258,1.143076337492905,1.0914386847922648,,,0.6482180945645034,,-16610.881302363214,-14.240282006653054,,,,2.6782998151216226,1.5785672352167222,3.882014728581542,13.10233625071787,,,
0.9268945924877376,-0.5511178922634684,-7.811311959032676,2.2129860436507363,1.0041567924548744,1.3658590444112975,,,0.8973035981726527,,-158739.63319072,-17.046511347806803,,,,3.795924667786548,1.065176087513669,2.3893068179387313,5.278839336717055,,,
0.8850219929640515,-0.3049566251434987,-3.6313050862269014,1.8059130443074753,0.8039057104651357,1.7647171921274296,,,1.0236179215978647,,-6306.853768768887,-19.170211108239105,,,,3.551583710331764,1.0300215889450235,1.7662932769673099,3.2899388998082744,,,
0.8850219929640515,-0.3049566251434987,-3.6313050862269014,1.8059130443074753,0.8039057104651357,1.7647171921274296,,,1.0236179215978647,,-164544.14323356113,-13.722142502290605,,,,3.551583710331764,1.0300215889450235,1.7662932769673099,3.2899388998082744,,,
0.8850219929640515,-0.3049566251434987,-3.6313050862269014,1.8059130443074753,0.8039057104651357,1.7647171921274296,,,1.0236179215978647,,-128122.9988645062,-13.296206526612448,,,,3.551583710331764,1.0300215889450235,1.7662932769673099,3.2899388998082744,,,
0.8850219929640515,-0.3049566251434987,-3.6313050862269014,1.8059130443074753,0.8039057104651357,1.7647171921274296,,,1.0236179215978647,,-77395.44536012136,-10.690800019131974,,,,3.551583710331764,1.0300215889450235,1.7662932769673099,3.2899388998082744,,,
-1.1137993227869525,0.4635231873447252,0.3273336020543527,1.33803268664602,1.3625183039933626,1.6363262188100445,,,1.3235776073024088,,-71320.83766239074,-12.277661255460254,,,,3.281749704985612,0.6829016127808477,0.9127079246382461,2.0248145790363443,,,
-2.7204384315907366,1.2675081043885985,0.8264074121313053,1.5241549013955247,0.9376281855587338,1.5299952593071287,,,1.1405516364095682,,-333019.10235886724,-12.613174811423878,,,,4.3416040096535315,0.6946842030723264,0.9153511699263269,3.328556689398375,,,
-2.7204384315907366,1.2675081043885985,0.8264074121313053,1.5241549013955247,0.9376281855587338,1.5299952593071287,,,1.1405516364095682,,-402504.5149957038,-14.928818749224586,,,,4.3416040096535315,0.6946842030723264,0.9153511699263269,3.328556689398375,,,
-2.7204384315907366,1.2675081043885985,0.8264074121313053,1.5241549013955247,0.9376281855587338,1.5299952593071287,,,1.1405516364095682,,-102510.54353043558,-14.315157441913117,,,,4.3416040096535315,0.6946842030723264,0.9153511699263269,3.328556689398375,,,
-0.17520259738480867,0.800881959312248,-4.024454084207029,1.0723093305147802,1.1846613168825,1.9525588191622232,,,1.3228034075316075,,-165584.90772705118,-13.055414975205338,,,,5.703165573896551,0.6582244030028005,1.0169732438108923,1.949928315457052,,,
-0.17520259738480867,0.800881959312248,-4.024454084207029,1.0723093305147802,1.1846613168825,1.9525588191622232,,,1.3228034075316075,,-30637.01631922595,-12.816751054361664,,,,5.703165573896551,0.6582244030028005,1.0169732438108923,1.949928315457052,,,
0.8651153606626423,0.29632243919251305,-1.0366614351279702,0.2831575781420689,0.9401774382280176,0.5022803883001057,,,1.7561339818080426,,-82096.46404884591,-12.427789048381333,,,,0.6414787375299559,0.5297196773070338,0.3442119293569895,2.1673737713068575,,,
0.8651153606626423,0.29632243919251305,-1.0366614351279702,0.2831575781420689,0.9401774382280176,0.5022803883001057,,,1.7561339818080426,,-2047.2845506678884,-16.815222398855525,,,,0.6414787375299559,0.5297196773070338,0.3442119293569895,2.1673737713068575,,,
0.8651153606626423,0.29632243919251305,-1.0366614351279702,0.2831575781420689,0.9401774382280176,0.5022803883001057,,,1.7561339818080426,,-196149.47371691142,-11.99858191563346,,,,0.6414787375299559,0.5297196773070338,0.3442119293569895,2.1673737713068575,,,
0.8651153606626423,0.29632243919251305,-1.0366614351279702,0.2831575781420689,0.9401774382280176,0.5022803883001057,,,1.7561339818080426,,-6273.204792195389,-12.020831724467707,,,,0.6414787375299559,0.5297196773070338,0.3442119293569895,2.1673737713068575,,,
0.8651153606626423,0.29632243919251305,-1.0366614351279702,0.2831575781420689,0.9401774382280176,0.5022803883001057,,,1.7561339818080426,,-3409.97922821453,-17.64128297372214,,,,0.6414787375299559,0.5297196773070338,0.3442119293569895,2.1673737713068575,,,
0.8651153606626423,0.29632243919251305,-1.0366614351279702,0.2831575781420689,0.9401774382280176,0.5022803883001057,,,1.7561339818080426,,-22534.66957826735,-16.766352268064832,,,,0.6414787375299559,0.5297196773070338,0.3442119293569895,2.1673737713068575,,,
0.8651153606626423,0.29632243919251305,-1.0366614351279702,0.2831575781420689,0.9401774382280176,0.5022803883001057,,,1.7561339818080426,,-16477.239579503163,-14.538145306510124,,,,0.6414787375299559,0.5297196773070338,0.3442119293569895,2.1673737713068575,,,
0.9285625732837743,0.45877961006862755,-1.0354095794629814,0.34936626095812545,1.092483306864602,0.6725883174002918,,,1.6083179143309054,,-10842.474668346294,-10.556240962506763,,,,0.8114544995617509,0.5450657246488515,0.6557219886149729,2.161018059035331,,,
0.8839854456749346,0.4102779388693997,-1.6278472680087812,0.44126721676302927,1.0591438826026391,0.9453880048120835,,,1.493336589831,,-56838.74668175223,-26.512084156776925,,,,0.9871332352193378,0.5844203936760239,0.6853130810808316,2.2766789002434606,,,
0.8839854456749346,0.4102779388693997,-1.6278472680087812,0.44126721676302927,1.0591438826026391,0.9453880048120835,,,1.493336589831,,-112166.5532524908,-14.35866857094096,,,,0.9871332352193378,0.5844203936760239,0.6853130810808316,2.2766789002434606,,,
0.8839854456749346,0.4102779388693997,-1.6278472680087812,0.44126721676302927,1.0591438826026391,0.9453880048120835,,,1.493336589831,,-157097.15325104498,-13.921379853023774,,,,0.9871332352193378,0.5844203936760239,0.6853130810808316,2.2766789002434606,,,
0.8093800586595802,0.10601437471705702,-1.4168191963911987,0.583045815721176,1.3632300923950682,1.2000652902604485,,,1.420782600231118,,-71604.78725264638,-14.942263186196687,,,,1.128007239598188,0.6781355658102444,0.8251290076318472,2.186924260639911,,,
0.8093800586595802,0.10601437471705702,-1.4168191963911987,0.583045815721176,1.3632300923950682,1.2000652902604485,,,1.420782600231118,,-3959.314060617665,-9.227417014219903,,,,1.128007239598188,0.6781355658102444,0.8251290076318472,2.186924260639911,,,
0.8163019807726547,0.09954974193868521,-1.4776028881913015,0.6864892107700045,1.315916359842674,1.2478296823256632,,,1.3915817932051022,,-16610.881302363214,-14.240282006653054,,,,1.1971094586007274,0.6942414199694483,0.8682061788327189,2.2374093374714747,,,
0.8163019807726547,0.09954974193868521,-1.4776028881913015,0.6864892107700045,1.315916359842674,1.2478296823256632,,,1.3915817932051022,,-158739.63319072,-17.046511347806803,,,,1.1971094586007274,0.6942414199694483,0.8682061788327189,2.2374093374714747,,,
0.7467845182201174,-0.03524872181327384,-1.361382149747994,1.132098207120691,1.6478991195439907,1.127501389631316,,,1.3180777403442292,,-6117.001999104077,-19.731757121766414,,,,1.3412353892362778,0.6993569410712667,0.8410867407251433,2.0638432389997456,,,
0.7503941032204948,-0.03398051420997748,-1.4616405691104009,1.1019887801538657,1.6382345146306387,1.1419837086418974,,,1.3011089393974178,,-164544.14323356113,-13.722142502290605,,,,1.3947975292407733,0.7027457430345547,0.8898044713288052,2.087861519711275,,,
0.7503941032204948,-0.03398051420997748,-1.4616405691104009,1.1019887801538657,1.6382345146306387,1.1419837086418974,,,1.3011089393974178,,-128122.9988645062,-13.296206526612448,,,,1.3947975292407733,0.7027457430345547,0.8898044713288052,2.087861519711275,,,
0.7503941032204948,-0.03398051420997748,-1.4616405691104009,1.1019887801538657,1.6382345146306387,1.1419837086418974,,,1.3011089393974178,,-73386.69297463643,-10.501867370922254,,,,1.3947975292407733,0.7027457430345547,0.8898044713288052,2.087861519711275,,,
0.7326500605609422,0.3149826927718171,-1.756301185770521,1.4154640556808737,1.575668670839087,1.2757138844698528,,,1.2836923404349112,,-71320.83766239074,-12.277661255460254,,,,1.6722813224326587,0.6805601605262449,1.15459418898502,2.03834071832459,,,
1.0707606759528128,1.1390103149764053,0.16302920470012,4.687666199607069,3.6280805104627767,0.2993414539511711,,,1.0113013200288388,,-308461.65990406903,-12.510507305112135,,,,0.7659558917752131,2.001087531698169,1.5889019005593379,2.964069426281727,,,
0.17617309982292542,1.1117310889666532,0.7706577137356937,4.040754530431128,3.666930459828151,0.28979267372582684,,,1.1299718113814423,,-249885.2010005171,-13.383750190832512,,,,0.8210274701312318,1.317515240212515,1.305846072066862,2.700476716688407,,,
0.17617309982292542,1.1117310889666532,0.7706577137356937,4.040754530431128,3.666930459828151,0.28979267372582684,,,1.1299718113814423,,-100430.00492058977,-14.202777102618393,,,,0.8210274701312318,1.317515240212515,1.305846072066862,2.700476716688407,,,
0.2070867877510539,1.0910578735018546,0.5110275593085489,3.837641454166102,3.5187052176379643,0.3424795745622059,,,1.1731419471202387,,-165584.90772705118,-13.055414975205338,,,,0.8424670120523302,1.2138521459719467,1.236498656707266,2.3354916423331638,,,
0.2070867877510539,1.0910578735018546,0.5110275593085489,3.837641454166102,3.5187052176379643,0.3424795745622059,,,1.1731419471202387,,-30637.01631922595,-12.816751054361664,,,,0.8424670120523302,1.2138521459719467,1.236498656707266,2.3354916423331638,,,
0.2070867877510539,1.0910578735018546,0.5110275593085489,3.837641454166102,3.5187052176379643,0.3424795745622059,,,1.1731419471202387,,-82096.46404884591,-12.427789048381333,,,,0.8424670120523302,1.2138521459719467,1.236498656707266,2.3354916423331638,,,
0.2070867877510539,1.0910578735018546,0.5110275593085489,3.837641454166102,3.5187052176379643,0.3424795745622059,,,1.1731419471202387,,-2047.2845506678884,-16.815222398855525,,,,0.8424670120523302,1.2138521459719467,1.236498656707266,2.3354916423331638,,,
0.26247046497434584,1.0434628299916668,0.4256809149086413,3.6597577937751473,3.394980680293708,0.35931338160169374,,,1.199161082152906,,-134624.24593563727,-12.801782690714088,,,,0.8408282895681819,1.1525039900232459,1.1832236851027216,2.3194870820493163,,,
0.26247046497434584,1.0434628299916668,0.4256809149086413,3.6597577937751473,3.394980680293708,0.35931338160169374,,,1.199161082152906,,-6273.204792195389,-12.020831724467707,,,,0.8408282895681819,1.1525039900232459,1.1832236851027216,2.3194870820493163,,,
0.26247046497434584,1.0434628299916668,0.4256809149086413,3.6597577937751473,3.394980680293708,0.35931338160169374,,,1.199161082152906,,-3409.97922821453,-17.64128297372214,,,,0.8408282895681819,1.1525039900232459,1.1832236851027216,2.3194870820493163,,,
0.26247046497434584,1.0434628299916668,0.4256809149086413,3.6597577937751473,3.394980680293708,0.35931338160169374,,,1.199161082152906,,-22534.66957826735,-16.766352268064832,,,,0.8408282895681819,1.1525039900232459,1.1832236851027216,2.3194870820493163,,,
0.26247046497434584,1.0434628299916668,0.4256809149086413,3.6597577937751473,3.394980680293708,0.35931338160169374,,,1.199161082152906,,-6335.090760943261,-15.259287116972999,,,,0.8408282895681819,1.1525039900232459,1.1832236851027216,2.3194870820493163,,,
0.3525583416528765,1.0872292862266293,0.1323397420938649,3.2915525077882646,2.9375653916828885,0.587090144358916,,,1.2014032743791077,,-10842.474668346294,-10.556240962506763,,,,0.9347258893841962,1.1705224868495412,1.3603657970767509,2.344847284377981,,,
0.3525583416528765,1.0872292862266293,0.1323397420938649,3.2915525077882646,2.9375653916828885,0.587090144358916,,,1.2014032743791077,,-56838.74668175223,-26.512084156776925,,,,0.9347258893841962,1.1705224868495412,1.3603657970767509,2.344847284377981,,,
0.3525583416528765,1.0872292862266293,0.1323397420938649,3.2915525077882646,2.9375653916828885,0.587090144358916,,,1.2014032743791077,,-110998.82843856602,-13.466359822007027,,,,0.9347258893841962,1.1705224868495412,1.3603657970767509,2.344847284377981,,,
0.6757658924653117,1.1471050111326448,-1.0200896809599602,2.4300919008555497,1.7914151433271837,1.1624004319248664,,,1.2071649676246663,,-156843.39087477737,-14.471870949732118,,,,1.3168174575432334,1.2034504859954362,1.7844164117297323,2.3790724784379416,,,
0.5960754252373817,0.7771023031939643,-0.38192553742858737,1.9633772168250347,1.3369702402435752,1.6843129502627432,,,1.2015640993665233,,-66047.74680925046,-13.023248665479535,,,,1.7096403342571818,1.0915062223432817,1.4180845533311257,1.9296457495472785,,,
0.5960754252373817,0.7771023031939643,-0.38192553742858737,1.9633772168250347,1.3369702402435752,1.6843129502627432,,,1.2015640993665233,,-3959.314060617665,-9.227417014219903,,,,1.7096403342571818,1.0915062223432817,1.4180845533311257,1.9296457495472785,,,
0.0498277987044291,0.15474883172644288,-3.800359676323978,1.4251041969212919,1.1911033554539436,1.873614058574637,,,1.0544394531705354,,-16610.881302363214,-14.240282006653054,,,,2.6077860512185107,1.1599684032915938,1.3625616755144012,2.5314821293945537,,,
0.0498277987044291,0.15474883172644288,-3.800359676323978,1.4251041969212919,1.1911033554539436,1.873614058574637,,,1.0544394531705354,,-157646.89710406674,-17.083630433737383,,,,2.6077860512185107,1.1599684032915938,1.3625616755144012,2.5314821293945537,,,
-1.4023625956131216,0.2798624418795309,0.9133741141707411,1.4083781627138356,2.006451347144564,0.41167073662675685,,,1.450204710886219,,-6117.001999104077,-19.731757121766414,,,,1.166968226540733,0.4950134767958391,0.6136511217017154,1.171624066361243,,,
-1.505996319419256,0.7235574364999213,2.4970813276177193,1.2601908355242244,2.871171296978128,0.33384191775048133,,,1.5030178006963344,,-164544.14323356113,-13.722142502290605,,,,1.1917771950082678,0.2486403659239523,0.6899524195844134,1.6911302123972582,,,
-1.505996319419256,0.7235574364999213,2.4970813276177193,1.2601908355242244,2.871171296978128,0.33384191775048133,,,1.5030178006963344,,-128122.9988645062,-13.296206526612448,,,,1.1917771950082678,0.2486403659239523,0.6899524195844134,1.6911302123972582,,,
-1.6400610200090813,0.7726463138426594,1.7149125237196687,0.8178073596345661,1.9615888220704096,1.2559118159931906,,,1.3918153398422755,,-73386.69297463643,-10.501867370922254,,,,1.8487277348750661,0.5172113622563149,1.0134870558072564,1.7478034907996327,,,
-1.6400610200090813,0.7726463138426594,1.7149125237196687,0.8178073596345661,1.9615888220704096,1.2559118159931906,,,1.3918153398422755,,-71320.83766239074,-12.277661255460254,,,,1.8487277348750661,0.5172113622563149,1.0134870558072564,1.7478034907996327,,,
-1.2805026103531583,0.7311218567941934,1.1028005209991234,0.8423470389114456,1.962405315055841,1.3359890204579699,,,1.43541761228987,,-308461.65990406903,-12.510507305112135,,,,1.912995580225545,0.5178610717073849,1.0164140054406454,1.4890085676538132,,,
-1.276033547798591,0.11180076091543034,1.6468972463750002,0.8536662457325145,2.1763475709293862,1.5080033878533392,,,1.4840489800093668,,-249885.2010005171,-13.383750190832512,,,,1.9015774834051693,0.6545532080160583,0.9135020266122181,1.3881021541676837,,,
-1.276033547798591,0.11180076091543034,1.6468972463750002,0.8536662457325145,2.1763475709293862,1.5080033878533392,,,1.4840489800093668,,-100430.00492058977,-14.202777102618393,,,,1.9015774834051693,0.6545532080160583,0.9135020266122181,1.3881021541676837,,,
-1.276033547798591,0.11180076091543034,1.6468972463750002,0.8536662457325145,2.1763475709293862,1.5080033878533392,,,1.4840489800093668,,-165584.90772705118,-13.055414975205338,,,,1.9015774834051693,0.6545532080160583,0.9135020266122181,1.3881021541676837,,,
-1.276033547798591,0.11180076091543034,1.6468972463750002,0.8536662457325145,2.1763475709293862,1.5080033878533392,,,1.4840489800093668,,-19484.35546745087,-13.434242883562721,,,,1.9015774834051693,0.6545532080160583,0.9135020266122181,1.3881021541676837,,,
-0.5680891756518975,0.056445606779441306,0.1982766718167352,0.7558311981701907,1.8379232109068397,1.8277288325156424,,,1.4700911564871246,,-82096.46404884591,-12.427789048381333,,,,2.633332949891469,0.6505017862204723,0.9550431674701345,1.3292723148927532,,,
-0.5680891756518975,0.056445606779441306,0.1982766718167352,0.7558311981701907,1.8379232109068397,1.8277288325156424,,,1.4700911564871246,,-2047.2845506678884,-16.815222398855525,,,,2.633332949891469,0.6505017862204723,0.9550431674701345,1.3292723148927532,,,
-2.8070055200330377,0.8957903572830125,3.341400522954832,0.6694183560944182,2.160791578653507,1.4528518684386484,,,1.6607182779914877,,-134624.24593563727,-12.801782690714088,,,,2.9603412689330306,0.49444807032304616,0.44929125466123243,1.3379709045996215,,,
-2.8070055200330377,0.8957903572830125,3.341400522954832,0.6694183560944182,2.160791578653507,1.4528518684386484,,,1.6607182779914877,,-6273.204792195389,-12.020831724467707,,,,2.9603412689330306,0.49444807032304616,0.44929125466123243,1.3379709045996215,,,
-2.8070055200330377,0.8957903572830125,3.341400522954832,0.6694183560944182,2.160791578653507,1.4528518684386484,,,1.6607182779914877,,-3409.97922821453,-17.64128297372214,,,,2.9603412689330306,0.49444807032304616,0.44929125466123243,1.3379709045996215,,,
-2.8070055200330377,0.8957903572830125,3.341400522954832,0.6694183560944182,2.160791578653507,1.4528518684386484,,,1.6607182779914877,,-22534.66957826735,-16.766352268064832,,,,2.9603412689330306,0.49444807032304616,0.44929125466123243,1.3379709045996215,,,
-2.773889645292403,0.9146029676771058,3.240648553213525,0.7346885248978041,2.1020065637833425,1.4639623826846688,,,1.6433109646303408,,-6335.090760943261,-15.259287116972999,,,,2.9904300605652683,0.5002337392658445,0.46211781353352693,1.3566834393167773,,,
-2.773889645292403,0.9146029676771058,3.240648553213525,0.7346885248978041,2.1020065637833425,1.4639623826846688,,,1.6433109646303408,,-10842.474668346294,-10.556240962506763,,,,2.9904300605652683,0.5002337392658445,0.46211781353352693,1.3566834393167773,,,
-2.773889645292403,0.9146029676771058,3.240648553213525,0.7346885248978041,2.1020065637833425,1.4639623826846688,,,1.6433109646303408,,-56838.74668175223,-26.512084156776925,,,,2.9904300605652683,0.5002337392658445,0.46211781353352693,1.3566834393167773,,,
-2.4782276886267858,0.9443377928336967,2.4237995833606525,0.8127695372680926,1.8898536265844728,1.576959282656418,,,1.574996146553515,,-79335.17022703633,-12.45659017657763,,,,3.360048140084135,0.5260075880526711,0.5526343011554046,1.453462599360413,,,
-4.387854889689568,-1.975310441100779,2.105920523563461,0.5152309417734697,3.8390334545482006,0.21109716868132783,,,0.7934984323010418,,-140489.28281885633,-13.625851014558796,,,,1.1881816704036712,1.7448701086640424,4.520455636239312,4.70465896307631,,,
-4.387854889689568,-1.975310441100779,2.105920523563461,0.5152309417734697,3.8390334545482006,0.21109716868132783,,,0.7934984323010418,,-66047.74680925046,-13.023248665479535,,,,1.1881816704036712,1.7448701086640424,4.520455636239312,4.70465896307631,,,
-4.387854889689568,-1.975310441100779,2.105920523563461,0.5152309417734697,3.8390334545482006,0.21109716868132783,,,0.7934984323010418,,-3959.314060617665,-9.227417014219903,,,,1.1881816704036712,1.7448701086640424,4.520455636239312,4.70465896307631,,,
-4.387854889689568,-1.975310441100779,2.105920523563461,0.5152309417734697,3.8390334545482006,0.21109716868132783,,,0.7934984323010418,,-11971.15309883902,-14.591470556258193,,,,1.1881816704036712,1.7448701086640424,4.520455636239312,4.70465896307631,,,
-4.387854889689568,-1.975310441100779,2.105920523563461,0.5152309417734697,3.8390334545482006,0.21109716868132783,,,0.7934984323010418,,-120318.37109879262,-15.332057086161338,,,,1.1881816704036712,1.7448701086640424,4.520455636239312,4.70465896307631,,,
-2.847365958901469,-1.3717454258225357,0.6957148801866833,0.48783988623923485,2.8956418690056838,1.1065091032473258,,,1.0271544814393982,,-5804.051079039913,-15.229554933616827,,,,1.7556150052462516,1.1629285226191262,2.6532578979785,2.717829926541028,,,
-2.847365958901469,-1.3717454258225357,0.6957148801866833,0.48783988623923485,2.8956418690056838,1.1065091032473258,,,1.0271544814393982,,-164544.14323356113,-13.722142502290605,,,,1.7556150052462516,1.1629285226191262,2.6532578979785,2.717829926541028,,,
-2.4113331339316115,-1.2363766242125054,0.2593378502735353,0.4803396931034484,2.63732326987754,1.3516899593461165,,,1.0823727434814172,,-128122.9988645062,-13.296206526612448,,,,2.019727155044576,1.0772875632855095,2.37847326425433,2.425439850284073,,,
-2.4113331339316115,-1.2363766242125054,0.2593378502735353,0.4803396931034484,2.63732326987754,1.3516899593461165,,,1.0823727434814172,,-58347.12458391385,-10.2579172841525,,,,2.019727155044576,1.0772875632855095,2.37847326425433,2.425439850284073,,,
-2.4113331339316115,-1.2363766242125054,0.2593378502735353,0.4803396931034484,2.63732326987754,1.3516899593461165,,,1.0823727434814172,,-41439.87751157424,-12.26576493293102,,,,2.019727155044576,1.0772875632855095,2.37847326425433,2.425439850284073,,,
-2.1275156104664266,-1.1786486882682734,-0.2227890691009772,0.7364855103886558,2.395884062164959,1.3537846463969725,,,1.0570560067750696,,-308461.65990406903,-12.510507305112135,,,,2.1698254695796666,1.0759973627236632,2.3796273314641168,2.729404263037799,,,
-2.1275156104664266,-1.1786486882682734,-0.2227890691009772,0.7364855103886558,2.395884062164959,1.3537846463969725,,,1.0570560067750696,,-111662.28045126917,-12.210506605520534,,,,2.1698254695796666,1.0759973627236632,2.3796273314641168,2.729404263037799,,,
-2.109708450863959,-1.1813721635940155,-0.24307038083359014,0.7453178832304592,2.387541180173111,1.355855174131982,,,1.0551058021174784,,-100430.00492058977,-14.202777102618393,,,,2.183886418865055,1.0783571063297601,2.401632457021448,2.792638267276942,,,
-2.109708450863959,-1.1813721635940155,-0.24307038083359014,0.7453178832304592,2.387541180173111,1.355855174131982,,,1.0551058021174784,,-165584.90772705118,-13.055414975205338,,,,2.183886418865055,1.0783571063297601,2.401632457021448,2.792638267276942,,,
-2.109708450863959,-1.1813721635940155,-0.24307038083359014,0.7453178832304592,2.387541180173111,1.355855174131982,,,1.0551058021174784,,-19484.35546745087,-13.434242883562721,,,,2.183886418865055,1.0783571063297601,2.401632457021448,2.792638267276942,,,
-2.109708450863959,-1.1813721635940155,-0.24307038083359014,0.7453178832304592,2.387541180173111,1.355855174131982,,,1.0551058021174784,,-82096.46404884591,-12.427789048381333,,,,2.183886418865055,1.0783571063297601,2.401632457021448,2.792638267276942,,,
-2.109708450863959,-1.1813721635940155,-0.24307038083359014,0.7453178832304592,2.387541180173111,1.355855174131982,,,1.0551058021174784,,-2047.2845506678884,-16.815222398855525,,,,2.183886418865055,1.0783571063297601,2.401632457021448,2.792638267276942,,,
-2.109708450863959,-1.1813721635940155,-0.24307038083359014,0.7453178832304592,2.387541180173111,1.355855174131982,,,1.0551058021174784,,-134624.24593563727,-12.801782690714088,,,,2.183886418865055,1.0783571063297601,2.401632457021448,2.792638267276942,,,
-2.109708450863959,-1.1813721635940155,-0.24307038083359014,0.7453178832304592,2.387541180173111,1.355855174131982,,,1.0551058021174784,,-6273.204792195389,-12.020831724467707,,,,2.183886418865055,1.0783571063297601,2.401632457021448,2.792638267276942,,,
-1.5313058120648524,-0.7421869534722706,-1.259987620828008,0.9581943394798023,2.012874260408198,1.5179924138674277,,,1.0548971788664825,,-3409.97922821453,-17.64128297372214,,,,2.3010158140279042,1.103891675091088,2.076527657735062,2.7109276511189937,,,
1.0296240453017318,0.08588160779937765,-1.0151931617738883,1.132606768873804,2.312008964671375,1.4105626946940781,,,2.048031340623695,,-22534.66957826735,-16.766352268064832,,,,2.2536364706035936,0.30753777470147026,0.37348190560791,0.5237165583063551,,,
1.0296240453017318,0.08588160779937765,-1.0151931617738883,1.132606768873804,2.312008964671375,1.4105626946940781,,,2.048031340623695,,-6335.090760943261,-15.259287116972999,,,,2.2536364706035936,0.30753777470147026,0.37348190560791,0.5237165583063551,,,
0.6404654097893222,-0.28012399248816394,-4.127841968121503,1.0210679805135097,1.7491646415390285,1.7162150573438777,,,1.6621371637938713,,-10842.474668346294,-10.556240962506763,,,,3.6184229500428637,0.39920558998213,0.45183041837594046,0.8785138507546083,,,
1.4045642095010074,-0.3825473378261136,-4.969254570751744,0.7593059899979792,1.3987397622957454,1.9984755800223848,,,1.5395940253120015,,-56838.74668175223,-26.512084156776925,,,,4.554641802872343,0.537065433195124,0.6941224611122608,1.0610212408409425,,,
1.4045642095010074,-0.3825473378261136,-4.969254570751744,0.7593059899979792,1.3987397622957454,1.9984755800223848,,,1.5395940253120015,,-24573.910314736884,-14.530520131624145,,,,4.554641802872343,0.537065433195124,0.6941224611122608,1.0610212408409425,,,
1.4045642095010074,-0.3825473378261136,-4.969254570751744,0.7593059899979792,1.3987397622957454,1.9984755800223848,,,1.5395940253120015,,-107030.01110893482,-13.383600933098867,,,,4.554641802872343,0.537065433195124,0.6941224611122608,1.0610212408409425,,,
1.4045642095010074,-0.3825473378261136,-4.969254570751744,0.7593059899979792,1.3987397622957454,1.9984755800223848,,,1.5395940253120015,,-66047.74680925046,-13.023248665479535,,,,4.554641802872343,0.537065433195124,0.6941224611122608,1.0610212408409425,,,
2.6989745230247726,-0.22019310812336249,-6.165795982431843,0.6123847792596091,1.3417230891006473,2.296512476149938,,,1.4493830973398294,,-3959.314060617665,-9.227417014219903,,,,6.042780585075619,0.6442740129186569,1.0188994680517591,1.2388401355561884,,,
2.6989745230247726,-0.22019310812336249,-6.165795982431843,0.6123847792596091,1.3417230891006473,2.296512476149938,,,1.4493830973398294,,-11971.15309883902,-14.591470556258193,,,,6.042780585075619,0.6442740129186569,1.0188994680517591,1.2388401355561884,,,
2.6989745230247726,-0.22019310812336249,-6.165795982431843,0.6123847792596091,1.3417230891006473,2.296512476149938,,,1.4493830973398294,,-120318.37109879262,-15.332057086161338,,,,6.042780585075619,0.6442740129186569,1.0188994680517591,1.2388401355561884,,,
2.6989745230247726,-0.22019310812336249,-6.165795982431843,0.6123847792596091,1.3417230891006473,2.296512476149938,,,1.4493830973398294,,-5804.051079039913,-15.229554933616827,,,,6.042780585075619,0.6442740129186569,1.0188994680517591,1.2388401355561884,,,
2.6989745230247726,-0.22019310812336249,-6.165795982431843,0.6123847792596091,1.3417230891006473,2.296512476149938,,,1.4493830973398294,,-164544.14323356113,-13.722142502290605,,,,6.042780585075619,0.6442740129186569,1.0188994680517591,1.2388401355561884,,,
2.6989745230247726,-0.22019310812336249,-6.165795982431843,0.6123847792596091,1.3417230891006473,2.296512476149938,,,1.4493830973398294,,-100216.64489407437,-11.689356018337158,,,,6.042780585075619,0.6442740129186569,1.0188994680517591,1.2388401355561884,,,
2.3158959378083352,0.5515374381402061,-6.5773027394653605,1.0340124842527674,1.2674939448631628,2.2396142717780902,,,1.42202890408136,,-50985.15491663384,-10.218379432438859,,,,6.524826460339535,0.6596592154585352,1.0773431789274974,1.2512855073318079,,,
2.3158959378083352,0.5515374381402061,-6.5773027394653605,1.0340124842527674,1.2674939448631628,2.2396142717780902,,,1.42202890408136,,-41439.87751157424,-12.26576493293102,,,,6.524826460339535,0.6596592154585352,1.0773431789274974,1.2512855073318079,,,
2.3158959378083352,0.5515374381402061,-6.5773027394653605,1.0340124842527674,1.2674939448631628,2.2396142717780902,,,1.42202890408136,,-229273.76785896483,-12.822764339931295,,,,6.524826460339535,0.6596592154585352,1.0773431789274974,1.2512855073318079,,,
2.3158959378083352,0.5515374381402061,-6.5773027394653605,1.0340124842527674,1.2674939448631628,2.2396142717780902,,,1.42202890408136,,-111662.28045126917,-12.210506605520534,,,,6.524826460339535,0.6596592154585352,1.0773431789274974,1.2512855073318079,,,
6.025248196817134,-0.5854680548909804,-11.429754395546391,0.5264303500338892,1.4831044190449654,2.463061920459536,,,1.5139982360176576,,-83892.29769552502,-13.433961396256192,,,,9.181960601141464,0.6332267180326792,1.08664769578629,1.0047087114839397,,,
6.025248196817134,-0.5854680548909804,-11.429754395546391,0.5264303500338892,1.4831044190449654,2.463061920459536,,,1.5139982360176576,,-145015.75408904595,-12.631343833034327,,,,9.181960601141464,0.6332267180326792,1.08664769578629,1.0047087114839397,,,
6.025248196817134,-0.5854680548909804,-11.429754395546391,0.5264303500338892,1.4831044190449654,2.463061920459536,,,1.5139982360176576,,-19484.35546745087,-13.434242883562721,,,,9.181960601141464,0.6332267180326792,1.08664769578629,1.0047087114839397,,,
