{
    "n": 100,
    "active_prop": 0.2,
    "noise_constant": 0.1,
    "seed": 16,
    "active_indices": [
        10,
        12,
        18,
        21,
        24,
        7
    ],
    "gp_features": [
        12,
        24,
        7
    ],
    "lengthscales": [
        1.6916559009415817,
        1.2047039967006214,
        0.5846048660203146
    ],
    "beta": [
        0.0,
        0.0,
        0.0,
        0.0,
        0.0,
        0.0,
        0.0,
        1.9504612638569387,
        0.0,
        0.0,
        -2.385052855781212,
        0.0,
        -1.5135874180179365,
        0.0,
        0.0,
        0.0,
        0.0,
        0.0,
        2.105372492975077,
        0.0,
        0.0,
        2.5490904296356076,
        0.0,
        0.0,
        -0.8527669709315608,
        0.0,
        0.0,
        0.0,
        0.0,
        0.0
    ]
}