{
    "n": 100,
    "active_prop": 0.2,
    "noise_constant": 1.0,
    "seed": 29,
    "active_indices": [
        4,
        0,
        13,
        18,
        29,
        19
    ],
    "gp_features": [
        4,
        18,
        0
    ],
    "lengthscales": [
        0.6651485277332435,
        0.8317264044286826,
        1.4554938152364871
    ],
    "beta": [
        -2.2385594858045046,
        0.0,
        0.0,
        0.0,
        -0.1583433811803605,
        0.0,
        0.0,
        0.0,
        0.0,
        0.0,
        0.0,
        0.0,
        0.0,
        -4.010280956471045,
        0.0,
        0.0,
        0.0,
        0.0,
        2.2462603399074457,
        3.9202317382964615,
        0.0,
        0.0,
        0.0,
        0.0,
        0.0,
        0.0,
        0.0,
        0.0,
        0.0,
        2.834445709330904
    ]
}