{
    "n": 1000,
    "active_prop": 0.1,
    "noise": 0.5,
    "seed": 99,
    "active_indices": [
        22,
        0,
        29
    ],
    "gp_features": [
        22,
        0,
        29
    ],
    "lengthscales": [
        1.2194990668808476,
        0.6896491245258818,
        0.8241832516652026
    ],
    "beta": [
        2.878537459176127,
        0.0,
        0.0,
        0.0,
        0.0,
        0.0,
        0.0,
        0.0,
        0.0,
        0.0,
        0.0,
        0.0,
        0.0,
        0.0,
        0.0,
        0.0,
        0.0,
        0.0,
        0.0,
        0.0,
        0.0,
        0.0,
        -1.5379352613757113,
        0.0,
        0.0,
        0.0,
        0.0,
        0.0,
        0.0,
        -1.0334088383479934
    ]
}