{
    "n": 500,
    "active_prop": 0.3,
    "seed": 25,
    "active_indices": [
        28,
        4,
        3,
        27,
        2,
        19,
        11,
        13,
        14
    ],
    "gp_features": [
        2,
        28,
        3
    ],
    "lengthscales": [
        1.2556028987704242,
        1.9030697765550302,
        0.7225342668905728
    ],
    "beta": [
        0.0,
        0.0,
        -4.8007842121816875,
        3.396534680303013,
        -3.029744688507926,
        0.0,
        0.0,
        0.0,
        0.0,
        0.0,
        0.0,
        -3.550236328368208,
        0.0,
        4.779092830489391,
        2.476401268010929,
        0.0,
        0.0,
        0.0,
        0.0,
        -3.2567118397343298,
        0.0,
        0.0,
        0.0,
        0.0,
        0.0,
        0.0,
        0.0,
        2.889829043621397,
        2.3443741777683202,
        0.0
    ]
}