{
    "n": 500,
    "active_prop": 0.2,
    "noise": 0.5,
    "seed": 68,
    "active_indices": [
        21,
        2,
        19,
        10,
        25,
        15
    ],
    "gp_features": [
        15,
        2,
        19
    ],
    "lengthscales": [
        1.8154344655906602,
        0.5496405918620625,
        1.0281063696167725
    ],
    "beta": [
        0.0,
        0.0,
        -4.5266336187100675,
        0.0,
        0.0,
        0.0,
        0.0,
        0.0,
        0.0,
        0.0,
        -1.751595372514445,
        0.0,
        0.0,
        0.0,
        0.0,
        -2.7339081255211726,
        0.0,
        0.0,
        0.0,
        -3.8464708969508,
        0.0,
        -1.5410256281188484,
        0.0,
        0.0,
        0.0,
        -0.8047758690855522,
        0.0,
        0.0,
        0.0,
        0.0
    ]
}