{
    "n": 1000,
    "active_prop": 0.3,
    "noise": 1.0,
    "seed": 131,
    "active_indices": [
        15,
        9,
        4,
        2,
        19,
        7,
        1,
        23,
        0
    ],
    "gp_features": [
        0,
        9,
        7
    ],
    "lengthscales": [
        0.5867978852279598,
        1.5366872743540163,
        1.9877962188912488
    ],
    "beta": [
        1.6642381280301732,
        -1.59213261559528,
        -4.40344067837652,
        0.0,
        4.600657656925133,
        0.0,
        0.0,
        4.418976933043558,
        0.0,
        -4.771581206691979,
        0.0,
        0.0,
        0.0,
        0.0,
        0.0,
        -2.957158897569019,
        0.0,
        0.0,
        0.0,
        2.0713727344554913,
        0.0,
        0.0,
        0.0,
        2.779233246949053,
        0.0,
        0.0,
        0.0,
        0.0,
        0.0,
        0.0
    ]
}