{
    "n": 100,
    "active_prop": 0.1,
    "seed": 2,
    "active_indices": [
        13,
        11,
        6
    ],
    "gp_features": [
        13,
        11,
        6
    ],
    "lengthscales": [
        0.5071269614053747,
        0.6203903355070508,
        0.4762637061532778
    ],
    "beta": [
        0.0,
        0.0,
        0.0,
        0.0,
        0.0,
        0.0,
        -4.209826768556818,
        0.0,
        0.0,
        0.0,
        0.0,
        -2.9333382798079946,
        0.0,
        3.847223884580414,
        0.0,
        0.0,
        0.0,
        0.0,
        0.0,
        0.0,
        0.0,
        0.0,
        0.0,
        0.0,
        0.0,
        0.0,
        0.0,
        0.0,
        0.0,
        0.0
    ]
}