{
    "n": 1000,
    "active_prop": 0.1,
    "noise": 0.1,
    "seed": 93,
    "active_indices": [
        24,
        12,
        6
    ],
    "gp_features": [
        12,
        24,
        6
    ],
    "lengthscales": [
        2.5386966032686478,
        0.9881200553423632,
        1.006844609694525
    ],
    "beta": [
        0.0,
        0.0,
        0.0,
        0.0,
        0.0,
        0.0,
        -3.597538694354082,
        0.0,
        0.0,
        0.0,
        0.0,
        0.0,
        0.3355085645801079,
        0.0,
        0.0,
        0.0,
        0.0,
        0.0,
        0.0,
        0.0,
        0.0,
        0.0,
        0.0,
        0.0,
        1.69584628828507,
        0.0,
        0.0,
        0.0,
        0.0,
        0.0
    ]
}