{
    "n": 1000,
    "active_prop": 0.3,
    "noise": 0.1,
    "seed": 121,
    "active_indices": [
        15,
        7,
        24,
        23,
        0,
        11,
        14,
        17,
        19
    ],
    "gp_features": [
        7,
        17,
        23
    ],
    "lengthscales": [
        0.4288478515141944,
        1.6724961402672536,
        1.8077168844658598
    ],
    "beta": [
        -1.9915145780762709,
        0.0,
        0.0,
        0.0,
        0.0,
        0.0,
        0.0,
        4.0706705531442005,
        0.0,
        0.0,
        0.0,
        -4.155596680235528,
        0.0,
        0.0,
        2.5896368388884126,
        -1.2711796966442277,
        0.0,
        -3.367881320112891,
        0.0,
        -1.5608049468913796,
        0.0,
        0.0,
        0.0,
        1.9141394700215528,
        -3.1417194355222144,
        0.0,
        0.0,
        0.0,
        0.0,
        0.0
    ]
}