{
    "n": 1000,
    "active_prop": 0.1,
    "noise": 0.1,
    "seed": 94,
    "active_indices": [
        1,
        9,
        27
    ],
    "gp_features": [
        27,
        1,
        9
    ],
    "lengthscales": [
        0.6476641991917689,
        2.1047140079222886,
        0.521122050935012
    ],
    "beta": [
        0.0,
        -1.331737748089894,
        0.0,
        0.0,
        0.0,
        0.0,
        0.0,
        0.0,
        0.0,
        -1.922337041669131,
        0.0,
        0.0,
        0.0,
        0.0,
        0.0,
        0.0,
        0.0,
        0.0,
        0.0,
        0.0,
        0.0,
        0.0,
        0.0,
        0.0,
        0.0,
        0.0,
        0.0,
        -0.15922431554172967,
        0.0,
        0.0
    ]
}