{
    "selected features": [
        4,
        8,
        10,
        17,
        20,
        22
    ],
    "precision": 0.8333333333333334,
    "recall": 0.8333333333333334,
    "training rmse": 0.6719,
    "testing rmse": 1.1134,
    "beta_error": 0.2582,
    "tune time": 2358.6069,
    "fit time": 14.4919,
    "prediction time (test)": 0.3326,
    "total runtime": 2373.4314,
    "lambda": 6.3246
}