{
    "selected features": [
        0,
        1,
        2,
        5,
        7,
        9,
        10,
        11,
        12,
        13,
        14,
        16,
        17,
        18,
        23,
        25,
        29
    ],
    "precision": 0.8235294117647058,
    "recall": 0.9333333333333333,
    "training rmse": 2.7782,
    "testing rmse": 3.3275,
    "beta_error": 0.3651,
    "tune time": 3061.8296,
    "fit time": 87.9144,
    "prediction time (test)": 1.316,
    "total runtime": 3151.0601,
    "lambda": 6.3246
}