{
    "n": 100,
    "active_prop": 0.3,
    "noise": 0.1,
    "seed": 34,
    "active_indices": [
        24,
        11,
        15,
        20,
        14,
        0,
        19,
        28,
        10
    ],
    "gp_features": [
        19,
        11,
        0
    ],
    "lengthscales": [
        0.8455077836904096,
        2.549551749841682,
        1.472477383915641
    ],
    "beta": [
        -3.4892037793780792,
        0.0,
        0.0,
        0.0,
        0.0,
        0.0,
        0.0,
        0.0,
        0.0,
        0.0,
        -2.153701112940727,
        0.24427414128194513,
        0.0,
        0.0,
        0.8783622655070902,
        4.729175894304301,
        0.0,
        0.0,
        0.0,
        1.5229120890740369,
        -0.9399173983416613,
        0.0,
        0.0,
        0.0,
        -2.792238295297451,
        0.0,
        0.0,
        0.0,
        -4.847677852767738,
        0.0
    ]
}