{
    "n": 500,
    "active_prop": 0.2,
    "noise_constant": 0.1,
    "seed": 63,
    "active_indices": [
        1,
        24,
        3,
        25,
        19,
        9
    ],
    "gp_features": [
        1,
        25,
        9
    ],
    "lengthscales": [
        1.6436888712214808,
        0.8710533714148374,
        0.9543527189895089
    ],
    "beta": [
        0.0,
        0.4666809691332139,
        0.0,
        -2.4009007561460716,
        0.0,
        0.0,
        0.0,
        0.0,
        0.0,
        -2.7573915342022226,
        0.0,
        0.0,
        0.0,
        0.0,
        0.0,
        0.0,
        0.0,
        0.0,
        0.0,
        -1.8892423611876286,
        0.0,
        0.0,
        0.0,
        0.0,
        2.2527875034869806,
        3.3492832022755152,
        0.0,
        0.0,
        0.0,
        0.0
    ]
}