{
    "n": 500,
    "active_prop": 0.2,
    "noise": 0.1,
    "seed": 63,
    "active_indices": [
        6,
        2,
        21,
        5,
        20,
        22
    ],
    "gp_features": [
        20,
        6,
        22
    ],
    "lengthscales": [
        0.726390412669202,
        0.6003984287994534,
        0.5030720847890257
    ],
    "beta": [
        0.0,
        0.0,
        -2.2151371893303895,
        0.0,
        0.0,
        -1.5886213522317103,
        3.986975469407387,
        0.0,
        0.0,
        0.0,
        0.0,
        0.0,
        0.0,
        0.0,
        0.0,
        0.0,
        0.0,
        0.0,
        0.0,
        0.0,
        1.4036907992030931,
        -1.0337370729349136,
        -3.3396634074652787,
        0.0,
        0.0,
        0.0,
        0.0,
        0.0,
        0.0,
        0.0
    ]
}