{
    "n": 500,
    "active_prop": 0.3,
    "noise": 0.5,
    "seed": 81,
    "active_indices": [
        8,
        5,
        10,
        23,
        14,
        22,
        24,
        26,
        6
    ],
    "gp_features": [
        8,
        23,
        24
    ],
    "lengthscales": [
        1.3925143064028467,
        1.0291787383689583,
        0.6510297756769522
    ],
    "beta": [
        0.0,
        0.0,
        0.0,
        0.0,
        0.0,
        1.956351676754398,
        1.6768909670739331,
        0.0,
        -1.5051159155634144,
        0.0,
        1.1066215564815867,
        0.0,
        0.0,
        0.0,
        -2.7965611893769093,
        0.0,
        0.0,
        0.0,
        0.0,
        0.0,
        0.0,
        0.0,
        4.122812768414672,
        2.578337524430645,
        -2.283292468159026,
        0.0,
        0.8110457278463654,
        0.0,
        0.0,
        0.0
    ]
}