{
    "selected features": [
        0,
        1,
        3,
        5,
        6,
        9,
        10,
        11,
        13,
        14,
        15,
        18,
        21,
        24,
        25,
        26,
        27,
        29
    ],
    "precision": 0.7777777777777778,
    "recall": 0.9333333333333333,
    "training rmse": 0.0,
    "testing rmse": 2.1984,
    "beta_error": 0.4082,
    "tune time": 0.0101,
    "fit time": 12.5068,
    "prediction time (test)": 0.0454,
    "total runtime": 12.5623,
    "lambda": 0.084
}