{
    "n": 500,
    "active_prop": 0.5,
    "noise_constant": 0.5,
    "seed": 82,
    "active_indices": [
        10,
        6,
        0,
        26,
        27,
        9,
        14,
        21,
        1,
        18,
        5,
        15,
        13,
        12,
        29
    ],
    "gp_features": [
        10,
        9,
        12
    ],
    "lengthscales": [
        1.4007235210092546,
        0.3547822975293183,
        1.6233237503893578
    ],
    "beta": [
        -4.958681720762649,
        4.3306237739342315,
        0.0,
        0.0,
        0.0,
        -3.361452796185558,
        -1.123156413930675,
        0.0,
        0.0,
        0.5672201649405455,
        -0.9799891934958431,
        0.0,
        0.9031028690029439,
        -0.9637147732915805,
        1.1118444195097767,
        3.7657805571184273,
        0.0,
        0.0,
        -2.6890323607485667,
        0.0,
        0.0,
        -4.247630982491463,
        0.0,
        0.0,
        0.0,
        0.0,
        -1.440855611074543,
        0.1824169284527173,
        0.0,
        2.288796617951551
    ]
}