sigma_noise,sigma_gp,lambda,zeta0,tau_sq0,nu0,beta0,ell0,zeta1,tau_sq1,nu1,beta1,ell1,zeta2,tau_sq2,nu2,beta2,ell2
1.8646492362669436,0.6057308125662801,0.7495316889958614,0.9472151921976909,3.3720860842237794,0.06805644146049719,0.23303207969584336,0.706286056438663,1.1962336753743277,4.258591884332606,1.919803370098348,7.387319939433917,0.5446229042584292,1.0,3.5599999999999996,0.5134859390868455,1.806552979419838,2.63141830827206
1.4172252349154038,0.6057308125662801,0.9415808391034389,0.9472151921976909,2.1367977924782724,0.06805644146049719,0.14099049225137703,0.6388226000772692,1.1962336753743277,2.6985520269131777,1.919803370098348,4.469521432579735,0.4456981095970812,1.0,2.2558736494930574,-0.39042863727622357,-0.8310706159946638,2.63141830827206
1.4172252349154038,0.6057308125662801,0.5146402730491821,0.9472151921976909,7.15271816408275,-0.5243726014168092,-1.9875333508703927,0.9879678286045109,1.2335180900008162,9.314680888513527,0.2692156223502906,1.1644561132964095,0.4456981095970812,1.0914551787160724,8.241919414290056,-0.39042863727622357,-1.5885274488150207,2.63141830827206
0.927297275309426,0.3411943768992505,0.5146402730491821,0.9472151921976909,7.15271816408275,-0.10850709370523104,-0.26909936412609387,1.0697454757258842,0.475222375755491,3.5885527882616923,0.7060254634260408,1.240220820287482,0.6869490290406599,0.3236475972518312,2.4439642297689854,-0.3908723118651091,-0.5666322825471384,1.1371361244741076
0.26807722869476786,0.1537440617211216,0.8105107130725633,2.2861717645095365,6.960193813775554,-0.4378176760124296,-0.3096448656396841,0.5450786569839886,0.6667805538455117,2.0299970273742782,1.705329268724291,0.6513521817369057,1.0308927984622644,0.21636104210337861,0.6587058812324362,-0.3908723118651091,-0.08504339774495087,0.355659062074456
0.25681913129685036,0.1537440617211216,0.8003753646736439,2.2861717645095365,7.13758719750057,-0.1288118697776915,-0.08838101205568896,0.42678108061731534,1.7858307444539012,5.5754877461062735,2.1426986371533068,1.2993612137508797,0.48256537470345645,0.3503093177726749,1.0936900457415184,-1.0326056270112107,-0.27733775113612735,1.790830522967254
1.5271609495856628,0.1537440617211216,0.352664400296234,1.4365911584972932,23.10148728306553,-0.5153444773235992,-3.782704421526754,0.28429960857648684,2.2883368845009,36.79821160250231,1.7272751242975597,16.001462757383198,0.8962445260215316,0.5425801799861636,8.725105297950629,0.20157594845390614,0.90930349579206,1.4968076749146932
1.7909376668822576,0.25875716217594313,0.352664400296234,1.4365911584972932,23.10148728306553,-0.7671225246482123,-6.603363060524296,0.5500727653757335,1.0288410723995645,16.544553270949862,1.6813329941875528,12.247902731572724,0.939753623445779,0.25056993697392527,4.029356701997671,0.20157594845390614,0.72466458953498,1.2426018658472475
2.576429583504938,0.25875716217594313,0.2279264004079998,6.492990201869398,249.96861245308946,-0.9294981718399594,-37.86252358913855,1.4952293166527477,0.8114477686611875,31.239300615607565,1.6813329941875528,24.21155393293288,0.8364009186356891,0.10189736359184545,3.9228678617670116,0.20157594845390614,1.028629153415241,0.29128741878677783
2.576429583504938,1.1970199032021753,0.2601794854229895,3.0643737165399494,90.53690071587427,0.6126647411822025,15.01944816650875,4.626011754908159,0.8128953959681672,24.016988972305,0.8281345281320632,10.456309967272315,1.2001586848165702,0.10499482565599705,3.102071413414568,-0.2533711720944083,-1.1497445867617475,0.5503896207712378
1.069177505691895,5.678216501385811,0.288036834903018,2.978644276792785,71.80465113522943,0.3409940922594649,3.089391563520999,5.9669473920393346,2.0270719028303,48.86558356188737,0.027420374056500996,0.20493905667298729,1.1942628698039353,0.10695743301595742,2.57836802597317,-0.2533711720944083,-0.4349901942854451,0.2863008893011977
1.069177505691895,2.910510381280432,0.22511893584487416,2.978644276792785,117.55052747973124,0.26039822606720786,3.0185621741290567,5.9669473920393346,2.0270719028303,79.9972568975617,0.027420374056500996,0.26221693439762045,1.048188688453313,0.2119267923219651,8.363572118574101,-0.2020092342617078,-0.6246215138812806,0.23357923092750119
3.6481061616721977,2.3570736012987097,0.21351680304916487,1.081341907627535,47.43827776969098,2.444958053091071,61.43322822363048,6.6877188060950505,1.5105643630523888,66.26819078962224,0.23326433647601363,6.927369769654118,1.048188688453313,0.1620291019018358,7.1081879732718205,0.07635293941283039,0.7426303277479299,0.4836551150533436
3.6481061616721977,2.3570736012987097,0.2376321840016137,0.0916708111469183,3.2467627217234662,2.4485756932211893,16.095566897173224,5.591172579825949,1.5105643630523888,53.50060724195218,-0.552786572038636,-14.750417353894916,1.3830971341712144,0.2495599858486418,8.838822835205649,-0.4908557226701479,-5.323760886142356,0.4836551150533436
7.370833410805033,3.053329755202531,0.30112688421419626,0.07559715239864634,1.6673868476168316,2.4485756932211893,23.30495751053603,4.201048277503089,0.33331690727105895,7.3517084921578935,-0.32976361647560565,-6.5904257605025505,0.4744636372423477,0.4945372034701325,10.907617582935215,-1.0884219556953791,-26.495910080211463,1.1852319722573827
10.333207873783593,1.2305220648935522,0.23986683954862573,0.052246409149930166,1.8161261712428596,1.1752319296542937,16.36559339358532,3.3839938288779954,0.48149189649637325,16.737036069962915,-0.32976361647560565,-13.940462405460464,0.6941041586040972,0.4970197842224534,17.27679762950911,-0.16863758842811982,-7.243044815127252,1.488207067804509
10.333207873783593,1.2305220648935522,0.33339733322886006,0.052246409149930166,0.9400743420858704,1.1752319296542937,11.77442880733087,5.001438970271476,0.48149189649637325,8.663527028615153,-0.2727808353549942,-8.296528101613324,0.7789044819236334,1.0684951180374536,19.225528824929132,-0.16863758842811982,-7.64062168101282,2.3341034977151813
8.58452433596037,2.724559097968478,0.5355848590798818,0.031020818327391612,0.2162851309528917,-0.7266305139589069,-2.900969746153963,5.001438970271476,0.48149189649637325,3.357085451047508,0.690275110018298,10.85724524720811,0.5825684663882286,0.6077488319077369,4.237381306590585,-0.48924347574983734,-8.645498747038339,2.3341034977151813
8.58452433596037,2.5516898077564862,0.8789975030995629,0.06433162290330854,0.16652491490249724,-0.7266305139589069,-2.5454787621023676,6.64079596401687,0.48149189649637325,1.2463605528934498,0.690275110018298,6.61546380418218,1.4142712997814304,0.48611765123949,1.2583344994564818,-0.44369444331455415,-4.2726594380512255,1.7849431484019762
3.474796393801177,2.5516898077564862,0.5527970232215984,0.14869670745923474,0.9731951959150391,-0.7266305139589069,-2.490823599949226,3.6533872329632318,0.16962289405400435,1.1101536034738253,1.427976418252585,5.228076504015843,1.4142712997814304,0.13995886477980368,0.9160074702176495,-0.44369444331455415,-1.4755803379265144,1.367341655572156
20.368060445433564,2.5516898077564862,0.5527970232215984,0.06932388351978656,0.4537132768869531,-1.2291006866534788,-16.862729774480144,0.6338808716604177,0.06534476545066134,0.42767061155145447,1.6061852268997403,21.39439481578764,5.0497702101972255,0.2415665323644873,1.5810127393400708,0.1889437440100828,4.838935983747575,0.628732639748727
15.613074365485748,3.2324089833984155,1.4965097447902047,0.06932388351978656,0.06190899888406858,-1.2291006866534788,-4.7747735582697235,2.069934614188313,0.07164459045212761,0.06398148293415133,1.6061852268997403,6.343240916840837,3.2595303897592505,0.051902218559269395,0.046350755724026485,0.10261272752449706,0.3449197555599908,2.341486957287373
28.831609220561205,3.2324089833984155,1.4965097447902047,0.06259119547585854,0.05589643935284505,-0.7965685634739444,-5.429803559933086,1.2694128946652055,0.091999840429667,0.08215953477085695,1.3144948644297367,10.863174663257608,3.3376234181029343,0.06627904150546837,0.059189833261837,0.10261272752449706,0.7197698866211842,10.233447077646952
9.667756724128948,0.5743725119040114,1.4965097447902047,0.06192142063108849,0.055298303645320665,-0.6308345562560207,-1.4341583085468914,0.46629711637625176,0.091999840429667,0.08215953477085695,1.8808510541747614,5.212056368793453,0.8366033455746799,0.1380656970139989,0.12329818596974823,0.10649820376654233,0.36153166382240104,1.4679484993111962
7.449412184953695,0.5743725119040114,0.9187155442577118,0.1689270545551628,0.4002829357622968,-0.6043559630487251,-2.848382800561244,0.46629711637625176,0.091999840429667,0.21799922051458312,0.1274435962064211,0.4432691359983108,0.8366033455746799,0.12379609878303652,0.29334238963251186,1.0395789891650984,4.194371668106707,1.4679484993111962
6.824296413193506,1.0515748485802376,0.7931302482615606,0.40493536758937393,1.2874390548980825,-0.23627571517615203,-1.8295332562754303,0.33085267362829257,0.091999840429667,0.2925014634277478,0.49763776750982824,1.8366873585630854,0.8366033455746799,0.12379609878303652,0.3935935094188215,1.1302552761806695,4.839030831884677,1.4679484993111962
1.7023194254521803,0.8096133268404505,0.7931302482615606,3.7861551211781723,12.037585158158148,0.9160123391849413,5.410184366702637,0.47075446872737997,0.091999840429667,0.2925014634277478,0.774642484702008,0.7131918776694723,0.5000611600085642,0.08880481864192943,0.2823433094110435,-1.0144303334219917,-0.9175971001130643,1.2574325600186071
0.5943768535641513,0.5704563885682323,0.6961012054492467,3.7861551211781723,15.62728840786796,0.9160123391849413,2.1523110044420712,0.4725779938591293,0.18250206713457093,0.7532740595310141,-1.2552898082462267,-0.6475635531731674,0.5000611600085642,0.27273756730234394,1.1257194931220187,-0.8549251438583708,-0.5391443669320446,1.0890541240023146
0.6675196740898912,0.5704563885682323,1.0895573207956588,3.7861551211781723,6.378642068304758,1.3693586596588077,2.308582500692657,0.5233153657527663,0.18250206713457093,0.30746636778445174,-0.9106121854151703,-0.337051556169041,0.601231247687343,0.7659111527669541,1.2903520704410094,-0.8549251438583708,-0.6482555923290158,0.6501685907068655
2.023947581133133,0.8376420871229417,1.0895573207956588,3.7861551211781723,6.378642068304758,0.12477313047447458,0.6377999019738608,0.16573633780257652,0.18250206713457093,0.30746636778445174,-0.9106121854151703,-1.0219544206776805,0.601231247687343,0.327448874991661,0.5516623335260815,-0.8549251438583708,-1.2851801720962055,0.7561494661256115
1.6304062289681265,1.3109223439441402,0.794718585173439,3.7861551211781723,11.989516232409136,-0.2591098005136275,-1.4627849919050593,0.41789819934715844,0.11671792402956788,0.3696075305890106,-1.1814533584519,-1.1710698843964833,0.601231247687343,0.6976972461624419,2.209379222573617,-0.8549251438583708,-2.0718535258216604,0.2943079248284387
1.6304062289681265,1.3109223439441402,0.794718585173439,2.3859930885057263,7.555660544661873,-1.0446139291802679,-4.681530503218087,0.915463414382274,0.7207741953594158,2.2824563808347667,-0.46327339161724945,-1.1411281690331825,0.18754228042287202,0.6976972461624419,2.209379222573617,-0.408706571700034,-0.9904728591576883,0.2943079248284387
0.4397858658041225,0.5405262787069395,0.794718585173439,2.0329338746107095,6.437637367978429,-0.5881659157974065,-0.6563029792282694,0.24830863210356016,1.1182672110100094,3.541186889987558,1.3622177523207561,1.127358976145018,1.3226759473911396,4.266173010671342,13.509576053976678,1.104502786260115,1.7853729214983092,0.2943079248284387
0.4514617327114468,1.4559112660263704,0.9395803890140393,1.2506961959091858,2.833439457327849,-0.5881659157974065,-0.4469693736895526,0.6575982870730092,2.2986314995687196,5.2075261842465945,1.3914537882483176,1.4335256320812593,1.3226759473911396,3.575979646037321,8.101345363346047,0.7936103249050027,1.019780790131611,0.6315532981138277
0.4514617327114468,1.954415944999271,0.9395803890140393,1.2506961959091858,2.833439457327849,-0.5881659157974065,-0.4469693736895526,0.6575982870730092,1.944437903421646,4.40510420987862,1.7101729632937361,1.620462830131032,0.6018172681208629,0.43556718663487587,0.9867730124751685,0.7958880979491579,0.35692879505782316,0.6315532981138277
0.45199794865270826,0.38565872311118077,0.9395803890140393,3.047509048305722,6.904100621938779,-0.5881659157974065,-0.6985377379298867,1.3173611390647804,1.944437903421646,4.40510420987862,1.5982018983878956,1.5161640661086935,0.41448117748992486,0.21744256119616276,0.49261390145010836,1.2127880685823675,0.3847465296116583,0.5802756366159548
1.3300935113007735,0.38565872311118077,0.9395803890140393,2.056937580669229,4.659971079620899,-0.1537999810911631,-0.44160101973916904,1.3173611390647804,2.8043392946095707,6.3532020286553,0.4364849665555448,1.463348605580702,1.1328067466522824,0.1836663125392922,0.4160941551056948,1.2406637464616739,1.0644666864604888,0.391168995437837
0.32512575555260803,0.6163835657898382,0.6020601707650595,1.1117820013936024,6.134368198435719,0.581801682124278,0.4685018033289216,2.2480134385196453,2.8043392946095707,15.473222056943795,0.41073812568914214,0.5252992376243887,1.327133857296195,0.174686970150591,0.9638527994064012,0.10710742296051046,0.03418820513657199,0.29751115086395047
1.9632605934939902,2.4480576229814743,0.43594605409401155,0.2854788669653186,3.004266519960676,0.48079715765706776,1.6360970820235763,1.8920047505547695,2.66955051629174,28.093292245037976,-0.9866212256886014,-10.266672829305744,0.6137677547346923,0.1383025609748889,1.4554413711196195,-0.32446775129553507,-0.7685052634305529,0.29751115086395047
1.8486419880331872,1.4613677647019776,0.28224221357920737,0.13792462880394354,3.4628037594922345,0.20785978785526538,0.7150513530617318,4.6629923358055345,2.6211433349635307,65.80771739746173,-1.2171985871892606,-18.253773867524245,0.7711532663299482,0.1383025609748889,3.472292310983955,-0.03273228048225141,-0.11275536527045363,0.29751115086395047
1.989919329749842,0.8129243476225384,0.28224221357920737,0.11139382200604594,2.796708238200571,0.20785978785526538,0.6917187233458163,9.39091349658709,0.23873518684178877,5.993803352510384,-1.2171985871892606,-5.929910729912858,1.4117073431432092,0.06680503826342947,1.6772402409758154,-0.7061797399989224,-1.8199035040516802,0.27604927759368714
10.637051632879954,1.743326357741015,0.36742872283193295,0.272887434647111,4.042661028915729,0.9588354106343312,20.506851940817626,9.39091349658709,0.3072437931618799,4.551629541308843,-1.7277640975527642,-39.20930698409095,1.4117073431432092,0.31525828950823476,4.670359420123875,0.1644931606445631,3.7813272534108835,0.3171018738043775
10.637051632879954,1.491328273652977,0.6415485935689804,0.8658354057863354,4.207326562666743,1.6773109432511748,36.59636571171771,2.5867128404380066,0.35319271754273346,1.716258185247622,-1.7936698940192333,-24.99511256006324,2.2168229341448433,0.9115625717487756,4.4295271318552025,-0.31000349844208597,-6.940113057752764,1.5409335918263256
4.967887239794176,1.5990810838177498,0.6528800552528309,2.2439624169826473,10.528797459406194,1.6773109432511748,27.038008226840127,1.8207524526222207,0.1450088879744567,0.6803898317288902,-0.9032095953860625,-3.7011712480055956,0.5545769239004743,0.955741229172192,4.484391427147393,-0.5750793770994215,-6.0499429623140895,1.5409335918263256
4.967887239794176,1.5990810838177498,0.8353688759222346,2.2439624169826473,6.431155252148679,1.8822527699818958,23.713418811413696,0.8373671622542617,0.577072131815963,1.6538781769737476,-0.8121240385329417,-5.188548177972136,0.5545769239004743,1.0830871810985616,3.1041080548145326,0.20668279094112196,1.8090245578467912,1.5409335918263256
3.2735628210640564,2.1260771620580927,1.008500584027215,2.2439624169826473,4.412586850159335,1.0958108599302343,7.535341044968149,2.09643850851671,0.3557893524267577,0.6996335616244668,-0.8121240385329417,-2.223711092808692,0.5545769239004743,0.5342465486524463,1.0505564966175742,0.20668279094112196,0.6934812182209255,1.5409335918263256
1.868059198777306,2.850747496362504,1.008500584027215,2.0776376207126925,4.0855213862630615,0.5989812982448368,2.2616616908917937,2.09643850851671,0.21907547490001958,0.4307957889223924,-0.4491977038664409,-0.5507618971428138,0.403878491599335,0.36983282578568555,0.7272490178394125,0.3272947875016686,0.5214003224172953,1.7907743156703864
3.3584986313637715,0.42673908877707406,0.8674743993268167,4.270236086111709,11.34928620676126,-0.013920816707519323,-0.15750493470760962,0.5415769974844938,0.26498024412491017,0.7042553547547354,-0.4491977038664409,-1.2660410347214635,0.403878491599335,0.6928738169571335,1.8414961363360813,0.3272947875016686,1.4916594040515196,1.2384072007578526
0.7071820643148796,1.1603058357257243,0.8674090555469512,4.270236086111709,11.35099620318829,-0.051968651147374055,-0.12381967834825253,0.5415769974844938,0.3823856163419636,1.0164444287677956,0.222432120224823,0.15858808647784967,0.6428390424514637,0.14788249084737093,0.39309620317854765,0.3272947875016686,0.14511748757415044,1.4702053455221684
0.7071820643148796,0.8075178309422025,0.7585176320189035,8.12729232202564,28.25169540260577,0.01994402468398334,0.07496633824468234,0.2908707520753532,0.9525259145662022,3.311123918661471,1.0193279725301094,1.3116951027025188,1.2893818519902367,0.44289807697896055,1.53958059700882,0.3272947875016686,0.28719147281222906,1.4702053455221684
0.7071820643148796,0.8925909026919385,0.7585176320189035,8.12729232202564,28.25169540260577,0.2768677799625476,1.0407008600623713,0.3122682101090722,0.9525259145662022,3.311123918661471,0.9649572589632209,1.2417295953897853,1.9197858378086354,2.497255458901335,8.680837082256044,0.3272947875016686,0.6819477944173503,0.4834135730769942
2.8707349348874422,0.8925909026919385,0.7036956538811834,1.2436685167823742,5.023019897354558,0.33800202986994027,2.1746774547641703,0.3122682101090722,1.6032430239024538,6.475295869185459,0.19256330244303455,1.4066836133664327,1.9197858378086354,3.00795741638956,12.148759696844406,0.3272947875016686,3.2749008359071965,0.7753212070692225
11.042467157585433,0.8925909026919385,0.8716898160172694,0.23157099446280419,0.6095231599524285,0.7848315391706985,6.766088430031908,0.312464708873916,1.6032430239024538,4.2199315867155125,1.1236132109304768,25.487994115135574,1.9197858378086354,1.0042240056018092,2.643240318652332,0.3272947875016686,5.875888284284788,0.4415203742704357
5.312282750943314,1.1547480888923844,0.8716898160172694,0.2741157520245327,0.7215061616603562,0.7848315391706985,3.5414217651739484,1.5263384143368752,1.7938826772092051,4.721718454130943,0.3633002733568512,4.193696054921798,0.8606562396640605,1.0042240056018092,2.643240318652332,0.7962037529316102,6.876599448705558,0.856831859765084
12.758980600306401,2.007566564493406,0.85752382052638,0.2741157520245327,0.7455411219868792,0.9933684619463932,10.943648770824563,1.5263384143368752,1.6354599552600837,4.448130547054769,-1.5471715243187956,-41.63352692709721,0.8606562396640605,2.473459460369274,6.7273249627322755,1.7393423293392842,57.56019369744393,0.4410473729356481
12.758980600306401,2.007566564493406,0.85752382052638,0.9422239661586966,2.5626645229421654,1.8319806935001508,37.418187590267,2.299624053713606,0.40318149066628484,1.0965746356990915,0.31754231907608643,4.242644935287488,0.36113277956093,2.51239393290105,6.833219097311998,2.1796769381166277,72.69771813965544,0.4410473729356481
6.07078533263054,1.8500947312708043,0.4833496347620878,0.8370502963404928,7.165702287599957,1.8319806935001508,29.771118336411448,2.299624053713606,0.6361672950173505,5.446011382030235,0.0077201749422883825,0.10937329356464567,2.21264750303064,1.4017772422179011,12.000137190299032,2.7168796654420513,57.135809525391814,0.4410473729356481
1.6134273250510631,0.6302177077411077,0.2965090930820992,1.6945941008824719,38.54958019639378,0.7384169923365438,7.397090232510789,0.7622633450665162,0.6361672950173505,14.471891613940597,0.6208689238690454,3.8107633638722795,1.6721193054370833,0.38745159839397797,8.813966988750598,2.7168796654420513,13.01384173946053,0.32193785849747164
1.6134273250510631,0.46192328914957903,0.44296833975831396,0.7827300794412377,7.978048004849629,0.7114434316516455,3.2421873324360195,0.7622633450665162,0.5800972203165677,5.912694034282162,0.8844818795391909,3.4700125924061083,2.137131933879737,0.23415827286979207,2.3866796367675893,1.698320827581451,4.233174851630775,0.2453683331857902
0.8894730973023378,0.24666325913400788,0.47474060144102215,0.39181797441699484,3.4769752515367736,-0.0018460430879309042,-0.0030617903531305925,0.7622633450665162,0.9193656185533567,8.158409546116953,0.10314664607448942,0.2620539313929487,3.253270771258362,0.23415827286979207,2.0779100829212696,1.8516503121714962,2.3741336580532417,0.8415288856459773
1.8035733312612798,0.6071487733593139,0.4982746349563633,0.39181797441699484,3.1562892160255047,0.013147638735324157,0.04212791474888742,0.7622633450665162,1.193414138847491,9.613546142954384,-0.5484596665597707,-3.0670461283267874,0.3295822581573796,0.35047575559990746,2.823257022663015,1.8516503121714962,5.61135811608756,0.6997459105772439
2.4602040943806336,0.3723032992672336,0.6800763075607701,0.47556191958030597,2.0564671508583223,0.6049156499921932,2.134159360831418,0.2751178211840388,1.0382072838361496,4.489508278701339,1.3549679614131487,7.063168250472741,0.3295822581573796,0.8400386958957925,3.6325700448936895,1.8516503121714962,8.682346387886641,1.063189024942859
2.4602040943806336,0.3904692942032357,0.9298864269837119,0.21347467304086634,0.4937607175345878,0.16946443643171072,0.2929597634977618,0.2751178211840388,0.5033928299641259,1.1643329926884185,0.5030340261961157,1.3353868689354182,0.39015231758144403,0.150292636611835,0.34762250264423006,1.0688894480359907,1.5504503651639832,1.063189024942859
2.4602040943806336,2.6061728539240123,1.6124383879029245,0.2549565608442064,0.1961236331533017,-0.7830279841071158,-0.8531264073753451,0.5696502702499803,0.22467455325489735,0.1728294008812393,-0.263891172191532,-0.2699011974778247,0.39015231758144403,0.3897167775554428,0.29978703062940765,1.1414857760150683,1.5376166083654639,1.0082505781619355
2.4602040943806336,2.6061728539240123,1.6124383879029245,0.46121561240954356,0.3547870322429484,0.7649267532150524,1.1209206148103446,0.5696502702499803,0.22467455325489735,0.1728294008812393,-0.03967677162048344,-0.04058039563616098,0.8347810930450732,0.5448770851678162,0.4191430619053294,1.0441910394481824,1.6631531390520828,0.8112810542175812
13.398645203164575,3.1398115101983044,0.917065854914582,0.43355660426598097,1.031038195788765,0.7649267532150524,10.406821725584463,1.2528876070031802,0.5200971777538275,1.236839781725846,-0.03967677162048344,-0.5912265622635468,0.8347810930450732,2.5347599106616174,6.027896379230195,1.8250509708689648,60.03697118330497,0.8762550370445766
7.537001164356604,3.1398115101983044,0.5311628484477828,0.22686771917040713,1.6082268853127784,0.7649267532150524,7.311257704000001,1.0529653847036773,0.2053684829584129,1.4558224365165688,0.20682726126932094,1.8808777446340497,0.6170405097737932,2.5347599106616174,17.968484238504956,0.04548014567749914,1.4530352525419632,3.076922968144662
9.287118296659095,0.81040810126338,0.7031185682741046,0.22163705220755264,0.896634048840428,-0.1935875687451699,-1.7024174274878974,1.334930988827314,0.2053684829584129,0.8308194525470382,0.20682726126932094,1.7508223701655858,0.41823583259498115,2.5347599106616174,10.254386705191344,1.3834994454547493,41.144786440849145,2.143604999250402
2.3476637042038204,0.6571525506711027,0.7031185682741046,0.3154767364358848,1.2762630647179884,0.2413219347437121,0.6400336158366504,1.718388705185744,0.14780163059950094,0.5979323996131539,-0.18290818166992517,-0.3320435599123071,0.41823583259498115,4.188401586746894,16.94420420904049,0.8909617701343573,8.610047424388007,2.513640248869443
2.4049660320617656,0.6571525506711027,0.7031185682741046,0.3154767364358848,1.2762630647179884,0.22939786151924452,0.6232587899969395,1.8321314979624843,0.4458783581657906,1.8038036221404492,0.08356424654425765,0.26991316999797843,0.41823583259498115,1.843128379445386,7.456387119998421,0.14716140513819953,0.9664226423157453,0.9709412502874067
2.4049660320617656,0.8900219975875774,0.8342365244391756,0.2392730303123325,0.6876150049516724,0.8171674090892718,1.629643680167471,2.0209874782208184,0.442288667307667,1.2710346994136557,-0.31286535156894024,-0.8482915089153545,0.3645689658383508,1.843128379445386,5.296722025480969,0.14716140513819953,0.8145288352958792,0.42469281009446264
1.933225826106911,0.5987707865675275,0.7217430195006929,0.17970434125506715,0.6899591525513205,-0.8712253959050373,-1.3990228402551914,0.6954157238102383,0.5161013851816837,1.981526277348497,-1.0250384080526582,-2.7894761009463904,0.3645689658383508,1.4004930321632434,5.377070909232329,0.19207485807104782,0.8610452813335394,0.8850317871618005
3.004613609806971,2.285412469513645,0.5436141234958041,0.17970434125506715,1.2162058876137534,-0.8712253959050373,-2.8868399539297056,0.6954157238102383,1.218599337882527,8.24725590391468,0.31479135980859607,2.716227669632443,0.9697139070687506,0.94488828435959,6.394829899764529,-0.24007964556368125,-1.8241412730505204,3.707399003459572
4.430914154404238,0.5458743391467492,0.5628809116709572,0.28382948809771774,1.7916553355265346,-0.8449296807572647,-5.011193075268281,0.6954157238102383,1.0488138611025255,6.62056984569404,-0.908737800478773,-10.360473767711023,1.6653092014466468,2.0337617511873862,12.837989868939092,-0.882855656729387,-14.016240936252412,5.923789260065947
20.758342705383978,0.5458743391467492,0.6840852758885352,0.28382948809771774,1.2130173812064675,0.31362470785863505,7.17028568029019,0.6954157238102383,0.7931947062624825,3.3899189679900155,-1.2074412012274076,-46.14804709643406,0.7860010656465259,1.9379546634408185,8.28234129758396,-1.556997046096152,-93.01586467936716,2.0742160959402565
10.614412089545361,0.5305704471671727,0.6840852758885352,0.28382948809771774,1.2130173812064675,-0.16084973385601498,-1.8803980973232977,1.7796632344884775,0.5381039818920808,2.299723990295118,-1.2074412012274076,-19.43568239275174,4.6490250202599235,1.0822956361559175,4.625465194120523,-1.7727081030146907,-40.46792002075999,0.7655305537240203
6.916380487139891,0.7465544063485829,0.6840852758885352,0.3644236615019136,1.55745704397188,-0.16084973385601498,-1.3883765257948646,0.7472579674337264,0.32333666130642125,1.3818613167174698,-1.2074412012274076,-9.816961724753318,2.2505978608074106,1.0822956361559175,4.625465194120523,-0.8369272067815703,-12.44928105349925,0.5333525944935573
2.103127388290554,0.6322410308495013,0.6840852758885352,0.6990927815612821,2.9877505004619365,-1.001513620569066,-3.6407813939436173,0.7472579674337264,0.3535984641439128,1.5111928145633966,-0.8754501365200134,-2.2633771848786908,1.830886311202176,1.0822956361559175,4.625465194120523,-1.2489075994178118,-5.6490262908760664,0.7680845418221062
5.4295153087732695,0.6322410308495013,0.7739067874240535,0.3824683485324322,1.277168460300551,-0.32189889036920993,-1.9751706980006623,0.8189247720159364,0.2784282917573285,0.9297497009943191,-0.8754501365200134,-4.583270614176229,1.0498380703922987,2.499657474693032,8.347053293383178,-1.2489075994178118,-19.591061293846245,0.7680845418221062
3.5081459416280065,0.8665761515691972,0.6006088333277607,0.16920042378468106,0.9380975715491947,0.5085952718100403,1.7281203178980684,0.8189247720159364,0.2784282917573285,1.5436894217270172,-1.9568790048522553,-8.529461041537246,1.0498380703922987,1.4563016678199514,8.074170427394794,-0.10054937140639009,-1.0023190117743417,1.3999443589273537
1.5604780413133346,2.4381918691501157,0.36166523035385545,0.7911289003828337,12.096611365522977,0.5085952718100403,2.7603353307931306,0.719792727212454,0.8227543703960232,12.580174814938653,-3.00877500867648,-16.6529321635212,2.971115899554684,0.8555899736358281,13.082241584528564,-0.7614645077519882,-4.297821851265423,2.6937811730459913
1.5604780413133346,0.4448200294477811,0.4004441507624784,0.8943361273823645,11.154416626340037,0.3848161879133426,2.005554303393036,0.719792727212454,0.8227543703960232,10.261628427558366,-3.00877500867648,-15.0402660034343,2.971115899554684,0.9688727156054139,12.08405832758642,-2.015784492152112,-10.934732619220824,1.03828036426606
0.8055947235528084,0.4448200294477811,0.3560465250938086,0.10111417033014156,1.595249125719556,0.4583563371753584,0.4663737638183722,0.24955456327061948,0.8227543703960232,12.980358596335646,-2.5580381601030866,-7.4244959921921305,2.971115899554684,1.084397707093739,17.108230117751454,-2.015784492152112,-6.716812952598721,1.03828036426606
0.8055947235528084,0.22382676583331898,0.691180306049427,0.10111417033014156,0.4233107601558793,0.6143313119509889,0.3219948447347881,0.5176873279952502,0.9927306802041248,4.15603052960028,-2.827070413331775,-4.6429349940565,3.2719217161149636,1.084397707093739,4.539791170736698,-1.6868729828960056,-2.895455759159073,1.03828036426606
0.49611814237165947,0.669594256313419,0.8195626992111074,0.0827279655036158,0.24633037696131807,0.3190959128895318,0.07857155281580935,1.3392156099652004,0.9927306802041248,2.9559499159333202,-2.4374836935715085,-2.079099928906446,2.4890304835540036,1.084397707093739,3.2288971974382066,-0.20811160247375948,-0.18552759346292383,1.03828036426606
0.6578945215260901,0.669594256313419,1.09953035470293,0.0827279655036158,0.13685727640395498,0.758259465471112,0.18454745342324155,1.437580683420764,1.0815939557077852,1.7892861507234539,-2.4374836935715085,-2.1450523181501726,2.629957511099172,1.084397707093739,1.7939244103018146,-0.23549614989418738,-0.2075114910208455,0.9844925518952014
3.004670846445394,0.669594256313419,1.09953035470293,0.24761783926418043,0.4096353979507314,2.1599599544428587,4.153759444875666,0.7915374063906876,0.7016143086111033,1.1606839691756077,-2.4374836935715085,-7.890338140024885,2.1349555451773448,1.084397707093739,1.7939244103018146,-0.23549614989418738,-0.947725975778662,3.229874271894528
5.73501363383637,3.2090556868459914,1.156644426962866,0.24761783926418043,0.3701793478465249,2.1599599544428587,7.536787094045521,0.7915374063906876,1.1321787284123679,1.6925645768286337,-0.8268262791056824,-6.169093460917145,3.7181834243940033,1.084397707093739,1.6211337487278348,0.47421865721619033,3.462760976862674,3.229874271894528
4.746317578039564,4.6503638946245305,1.156644426962866,0.2611167323158751,0.39035968477772265,2.1599599544428587,6.4052335889191205,1.4934754009886433,1.0722822609053537,1.6030216127758639,-0.7535944751315218,-4.528602358383977,1.1949789429836073,1.084397707093739,1.6211337487278348,0.06198672698303104,0.37459754133480605,1.3791598566016139
2.7227190119927043,0.6163006334865679,1.156644426962866,0.4207867587156363,0.6290603632867576,2.6647221653129822,5.754411550839914,1.8536565736423058,0.8448255232886684,1.2629823529048858,-0.7535944751315218,-2.3058931062902324,3.3694490386189924,1.084397707093739,1.6211337487278348,-0.13417598588148277,-0.46514359213593537,2.671366799663325
1.0468085255217374,0.8608586916123395,1.156644426962866,0.9141073250581133,1.3665560383584738,2.3414721912118948,2.8652991962193206,1.1426032377188644,0.6999647488392136,1.0464209485505314,-0.7535944751315218,-0.8069714490470037,2.342135000938324,1.084397707093739,1.6211337487278348,-0.13417598588148277,-0.17883456783274101,2.531823411933228
1.0149958173913078,0.6142903128996272,1.156644426962866,1.8381916090996295,2.7480272548032376,2.3414721912118948,3.9397056443215934,0.394048957701286,1.0731745702628372,1.6043555816733073,-0.027680886537662874,-0.03558726092473183,2.342135000938324,1.084397707093739,1.6211337487278348,0.4291386434355255,0.5545890623287054,2.531823411933228
1.0149958173913078,0.6142903128996272,0.8875534611754391,0.40738325547620824,1.034294287770761,2.0868846042643763,2.154193696770127,0.44602164873017763,1.9780719929768218,5.022073282672601,0.23784260031649263,0.5409977012959992,2.680874472600516,1.084397707093739,2.753147899531839,0.4291386434355255,0.7227309410156909,2.5591500300504255
1.7301008597839995,0.9518750687213257,0.34250747651319036,0.40738325547620824,6.945332756412286,2.0868846042643763,9.51516636664393,1.050178300526622,0.2846838105117017,4.853473400756068,0.698675347353189,2.6630122755444763,2.680874472600516,1.084397707093739,18.48751222544141,-0.4867817432185156,-3.6211368724305713,2.8623869902225536
1.6909870464646848,0.3059259382574353,0.6332677158985807,0.5806136982239418,2.895626730426816,1.8726972021808113,5.388639508595144,0.7676217659456571,0.5779196198872953,2.882190868907668,-0.5001772963796276,-1.435904724540186,2.5028046970908506,2.4461474601760655,12.199384881752357,-0.4867817432185156,-2.87503760120617,1.8961331123520584
0.4950498812420241,0.3059259382574353,0.778655213020393,3.6360729070863025,11.994224884982627,1.9140720382294232,3.2816581090879917,0.7676217659456571,0.24413600338915248,0.805325471187224,-1.156325953284819,-0.5137063707403654,0.721474625758083,0.7748218000847071,2.5558857463752305,0.4823347379816331,0.38174048401685484,1.8961331123520584
0.4950498812420241,0.3059259382574353,0.5634689364255602,3.6360729070863025,22.904595205655706,1.9140720382294232,4.534908721325028,2.214225915610885,0.7417127407311239,4.672246822173147,0.21962776375204807,0.23501689758878172,1.6948075889077312,0.8415702023005135,5.301275665641522,-1.3611192361339184,-1.5514412216731182,1.0007261545593769
0.4350197070768619,0.4072867017642824,0.9646673138943793,4.907107094777145,10.546306895910698,1.9140720382294232,2.7040667816872883,3.0435562626171633,0.2670414235302096,0.5739228331633468,0.21962776375204807,0.07238072399240404,0.4783340040896634,0.8415702023005135,1.8086945029916743,-0.9213423080980383,-0.5390295266984667,1.1566774827280177
0.4350197070768619,0.6686661751936065,0.3052380180235163,4.907107094777145,105.33635401234503,2.3025865129394347,10.280495071231705,3.0435562626171633,0.17988572263295577,3.861441332959552,-0.055636065180836636,-0.047559804349781,1.1660696607491228,1.9738556473251396,42.370943454077995,-0.8309805691753617,-2.3530646938244426,1.1795113500600396
0.4736715477799668,0.6686661751936065,0.3052380180235163,4.907107094777145,105.33635401234503,0.8851376545736933,4.303058556625331,4.635606336788969,0.585446096557118,12.567232809677812,-0.42423881575490086,-0.7123731311126205,1.1660696607491228,2.021821900253176,43.40059088208115,0.1817686947617697,0.56721043029143,1.1795113500600396
0.5703863535236383,0.7029517892404479,0.36967459192979785,4.907107094777145,71.8151922931637,0.8851376545736933,4.278466213371299,2.2610141122722216,3.152838960945937,46.14159256697327,-0.8058890621921708,-3.122415383173286,1.9785276234129294,2.021821900253176,29.589231648062412,0.4752397360249292,1.4745133753177604,0.73398082674277
0.5703863535236383,1.1366444645322882,0.36967459192979785,4.907107094777145,71.8151922931637,0.008201036279625096,0.039641129778743296,0.8746474279234673,3.276833607237374,47.95624612858395,0.9257245049144458,3.6565665061990376,0.5668109616339085,2.021821900253176,29.589231648062412,1.27014870595456,3.940855769422238,1.5162468428482918
0.5703863535236383,1.8458275506353807,0.9402907039336499,2.8483079180897732,6.443067004106893,-0.05190203610273847,-0.0751449579585096,0.8746474279234673,4.017463040573883,9.08777572556139,1.1146680988288855,1.9166530247935074,0.897376330101432,2.6949308468366056,6.0961175957576055,-0.46276508495186763,-0.6517129923750673,0.8567030959219438
0.9771315774997009,0.8291067767753029,0.8259047947296991,3.735903326056485,10.95382126888443,0.23802948365358823,0.7697800084927415,0.8350395879231116,4.008812530437921,11.754002212159328,0.31646778984635804,1.0601698432833018,0.6258323352759827,1.6176280866141666,4.742951675626731,-0.46276508495186763,-0.9847771949547338,2.4303094210763323
0.9771315774997009,0.8291067767753029,0.7655494793348652,4.434841445467249,15.134272949758692,0.9605863988576047,3.6514912360545666,0.8350395879231116,3.38886514474146,11.564790020365004,0.13076486436719814,0.43452322278871525,0.40876648016208267,1.6176280866141666,5.520293181853616,-0.35272710966228904,-0.8097910264193093,0.6192255827052684
0.235253749801451,0.9997321707836546,0.6461174824222253,4.434841445467249,21.246388027390868,0.2983996125054663,0.3235767910889926,0.8743576261260053,3.38886514474146,16.23533664574816,-0.7918199928141956,-0.7505742601553225,0.5064835089706438,2.5492020335800043,12.212688149429045,0.02285218972030839,0.01878754393755126,1.6901854210103828
0.235253749801451,1.3467707992272009,0.8482636477220253,0.6980351786210693,1.9401959528501131,0.2983996125054663,0.09778170519093528,0.8743576261260053,1.7478834063797148,4.858259891444147,0.2816071267048821,0.14602276500583272,1.1931133603740196,2.091390461608602,5.813041281756201,0.2848953960998051,0.16159342620401781,0.7731159602054799
0.235253749801451,2.2804118283680155,0.5852091702244228,0.19105824045903097,1.1157670286223271,0.2983996125054663,0.07415177839026825,0.8743576261260053,0.7113407210801296,4.154181053854269,0.2816071267048821,0.13502771124160617,3.63284629926614,2.601431233293527,15.192180093167156,0.2848953960998051,0.2612354047219589,0.5029094990477332
0.40364202668913546,0.8677863419790198,1.0003097978771638,0.31334386229818867,0.62629961190697,0.5298544840518278,0.16925599625130072,1.9809496923124392,0.7113407210801296,1.4218003642341799,0.34928482590298726,0.1681107197404957,2.374642545242691,2.601431233293527,5.199640292503743,0.2848953960998051,0.2622215978600944,0.8329596856764869
0.438131373165285,0.8677863419790198,0.9609711705600276,0.151105466146557,0.327257382791287,1.25677165756484,0.31499630336186446,0.5989636577726629,0.7113407210801296,1.5405895537079108,-0.4089006430783637,-0.22236458516985766,2.374642545242691,1.2182655585844082,2.6384644342410044,-1.6852214991375392,-1.1993252187576662,0.8329596856764869
0.438131373165285,0.8677863419790198,0.9609711705600276,0.151105466146557,0.327257382791287,1.25677165756484,0.31499630336186446,0.5989636577726629,1.4277358197076226,3.092125649655299,-0.4089006430783637,-0.315029129352751,2.634394868342473,0.415367238576543,0.8995835747064457,-1.6852214991375392,-0.7002967361772987,0.8329596856764869
0.3034323083490243,0.8677863419790198,0.9609711705600276,0.3393751852308896,0.7350034233390953,0.44134284229609966,0.11481075938925392,1.1910481569828024,0.35992438099536517,0.7795079419104196,-1.0660055411949405,-0.28558247647328483,2.109011742270472,1.6346009814349216,3.5401448586487834,-1.6852214991375392,-0.9621201904472119,1.6857306814115884
2.3540046086146718,0.586449744585197,0.2982416619390009,0.26603753941067443,5.981860715669831,0.6421057698497317,3.6968517028457257,0.5727764424446621,1.8339523104148325,41.23646348701057,-2.103476791865579,-31.796970184091123,3.348670510994286,1.6346009814349216,36.75404387779637,-2.9684389008150296,-42.363124861512965,1.6857306814115884
4.913529030523173,0.43357891093197326,0.2685671021866776,0.7123185016769102,19.75143228005815,-1.311413862061284,-28.637334566689866,0.8960385494238323,0.6702818653350078,18.585824796841166,-2.103476791865579,-44.557638989515375,3.0416718485477445,1.6346009814349216,45.32482381648488,-1.5806193538554756,-52.28641721298316,0.6817499959435539
4.663090118762196,0.33717950309411965,0.31761899364709306,0.7123185016769102,14.12184009937422,-1.311413862061284,-22.980486765255076,0.8960385494238323,2.0126783883675987,39.90170451150975,-2.103476791865579,-61.95940770287885,0.9226043817862802,0.5299508215129194,10.50636863189601,-0.4683555893716551,-7.079063915213468,0.6817499959435539
2.828942515102918,0.33717950309411965,0.34947097006492,1.4028916769645565,22.973751721396145,-1.2785905508216673,-17.336905213285245,1.4031264573208198,1.6213217553840478,26.550762314938403,-1.8403366396346597,-26.826245373969105,0.9226043817862802,1.747806952546114,28.622083689030898,0.5143021073969477,7.783824762103764,0.4431822306998272
1.3699116903111246,0.5878001200082675,0.41143595053536497,1.4028916769645565,16.57485205147267,-0.32227878296940893,-1.797418125994078,1.4031264573208198,1.3097375229320554,15.47425651268553,-1.206813718233951,-6.503358659663827,1.2894885767829516,1.3755390609003437,16.251686997513545,-0.022110800245627726,-0.12210860156112305,1.3368584984061433
1.3699116903111246,0.6063141464537724,0.22482302653071015,0.7354601930249018,29.100978174792,-1.439637783890636,-10.638970429114856,0.2970913565166999,1.3950877201954028,55.20137960199857,-1.206813718233951,-12.283094016199366,1.6514980589838768,1.128700388039172,44.66086087285361,-0.4788594033702504,-4.3839353096172164,1.3368584984061433
1.524649382662488,0.6063141464537724,0.29353161219155394,1.4306629467289882,33.209135119208774,-1.439637783890636,-12.648877925941504,0.28000748060101005,1.7600361317399968,40.854680585164544,-1.2245396885815953,-11.933387893972608,1.8212304170373568,1.3885813663566517,32.23232021545388,0.44374090656855575,3.8410081885751945,1.3085010875007101
1.4974213798675085,2.9470111230545144,0.2759416937462359,2.194619234925302,57.64405522477094,-1.1572063187403587,-13.156249129083907,0.47247387602923974,0.4223944435132028,11.094648329435696,-1.2245396885815953,-6.107643303777011,1.449984788106269,1.3885813663566517,36.472596108032896,1.5150247547725435,13.700836931230757,0.8137301211807875
1.7518314323169606,3.910045976248178,0.2380786604530909,2.578630471885807,90.98675271198968,-1.1572063187403587,-19.337137864099837,0.903199487043974,0.4223944435132028,14.904151330666595,-0.6868032158254319,-4.644920232200867,3.434923433664646,1.3434811665439113,47.40461652271965,1.8408687781010937,22.203705850053968,0.9561725773092593
8.372486084636105,3.910045976248178,0.0752416636417977,1.7270312248860031,610.117393674934,-0.4295906164682074,-88.84150849507415,0.6716415998317603,1.5557031200891982,549.5914140309976,-0.6306476259850456,-123.78304710223202,1.4845503284628037,1.1442445109024562,404.2332695894004,1.6840083562972632,283.47496071781177,0.5097208663821914
8.372486084636105,2.192077264670269,0.08419348188603987,0.7452715223462842,210.27497082542786,-0.4295906164682074,-52.155848076664256,0.20796513511822584,1.5557031200891982,438.93456060137385,-0.6306476259850456,-110.62189359539053,1.4845503284628037,1.1442445109024562,322.8433851728127,1.3320459198134522,200.38701556351842,0.21980291513545694
5.791192517678789,1.1121391546847432,0.08419348188603987,1.7113375359997356,482.846103285833,-0.4295906164682074,-54.66724080000952,0.25627960549108436,0.7744878387462711,218.51822163325787,-0.6306476259850456,-53.98816871891631,0.3511623459304602,0.8733216596790634,246.40373475172657,1.445464132006204,131.40108917243856,0.21980291513545694
3.3769485534841994,1.3564292134279234,0.08419348188603987,1.7113375359997356,482.846103285833,0.14040811464142522,10.418879557840057,0.29819002866106675,0.48017919617694577,135.48037653338636,1.3393560338326447,52.6451879366117,0.3511623459304602,0.8733216596790634,246.40373475172657,1.445464132006204,76.62233929411335,0.48281749699217963
3.3769485534841994,1.3564292134279234,0.09581386875383667,0.47509028118701907,103.50215426100193,0.6001647025006375,20.619094479160132,0.5790226420555046,1.6219367096817356,353.3516684610465,0.8792850711614524,55.815872399832934,0.565153420480863,0.6379452276010855,138.98138516381346,1.445464132006204,57.545329580317016,1.698527244525717
4.208878229191563,1.1087671962348182,0.09581386875383667,1.5126744005438966,329.5480150858553,1.7469874637029852,133.47978534384782,1.3442475153732916,0.6592661442081222,143.62631453204608,0.6180167624018087,31.173360637544285,1.0167009986209614,1.2555061569242807,273.521890628743,2.038308730025659,141.88365590628945,1.1263977067109776
4.208878229191563,0.6711764443432181,0.09581386875383667,1.5126744005438966,329.5480150858553,1.7469874637029852,133.47978534384782,1.2793439143612164,1.109278978371745,241.66514972913743,0.6180167624018087,40.43650655913107,0.7786064938984724,1.4753495002861727,321.41649201070595,2.038308730025659,153.80498225462287,2.9559692704765568
5.9194685193352266,0.7374162247959442,0.24466678916983747,2.1234315293132697,70.94441500945908,1.328821245599303,66.25343264896193,1.4232336115110762,1.5686903026387569,52.41036233822416,-0.4196796957454345,-17.98495082742578,1.0357471560252987,1.8151063513513406,60.64318839525758,2.038308730025659,93.96014822598477,1.0288189380722144
3.4767526812853387,1.5562321852810839,0.8560758047835755,2.1234315293132697,5.794871522227117,-0.31699347374850295,-2.653053606027394,0.762867528534668,1.5686903026387569,4.280975692630431,-1.6581825129415237,-11.928271347738772,1.5612025522081279,1.8151063513513406,4.953448208740281,2.038308730025659,15.772392500590087,0.6874982414271121
3.4767526812853387,9.476227798090244,0.7307370942888806,2.1234315293132697,7.9532740865168865,0.2545574157884829,2.4959307201978405,0.544865206604794,1.5686903026387569,5.875500933991519,-2.0040326523400767,-16.888887446937677,1.5612025522081279,1.8151063513513406,6.798447752701276,1.8471823648393941,16.745127322929815,0.6758776020651395
13.77907097543997,19.39098333728049,0.7908037624434845,2.047890909170295,6.549367493905141,1.2082358543613374,42.60605625157225,0.544865206604794,2.061565597143302,6.593100564108569,-0.9856303354748359,-34.872160015748506,0.5133852078070354,1.8708583950936561,5.983199155608451,0.33881160275686617,11.41944352810791,2.326905492622976
13.77907097543997,19.39098333728049,0.637787379777787,2.0537589062585484,10.097819716981274,0.9583679755137735,41.962952418522335,0.544865206604794,0.4973043171054009,2.445121149957727,-0.36719897531623347,-7.911732387326213,0.24613288385100784,1.0688907340709388,5.255468836633408,0.33881160275686617,10.702468155628702,2.4579883916663
10.865622418137072,4.646809817891219,0.3379054230305729,1.321895294897843,23.154570460732675,0.2561016233958223,13.390145772208662,0.4033705963965046,1.4815982144711397,25.951957302426813,-0.341408117960276,-18.897898482372447,0.43407517731393386,0.8152502726728021,14.280079484807253,-0.5153379107498619,-21.159822193941032,2.4579883916663
13.391991380041697,5.248518174825509,0.3379054230305729,1.321895294897843,23.154570460732675,-0.8098353007421558,-52.18674733857502,0.13954534119568346,1.4815982144711397,25.951957302426813,-0.06792111333599343,-4.63377579012774,0.43407517731393386,0.6178522876010335,10.822418676275403,-1.048888445580098,-46.21007016384069,2.4579883916663
8.906566225729055,5.248518174825509,0.4027228231361693,1.321895294897843,16.301011998869523,-0.027871839681006594,-1.0022665131028774,0.22796758578760407,2.1563720848521912,26.591400517784095,0.7490768222624891,34.40386751963483,0.43407517731393386,0.6114113488476034,7.53964687844661,-1.048888445580098,-25.651638198706934,4.097085814342706
8.906566225729055,5.248518174825509,0.4027228231361693,1.695191801552827,20.904334862341273,-0.3509515044552449,-14.291426720648412,0.19779662960372796,0.32097762546940106,3.9581501986885486,-1.5354316179802712,-27.20739213492177,0.5252912492988513,0.2390583881776079,2.9479593952369347,-0.5240933905931362,-8.014560893333817,3.031313286760822
8.906566225729055,0.6253753082408736,0.4715080495124896,2.586365835953623,23.26707168527525,-0.2351377617365508,-10.101911170572953,0.4025533426595813,0.35436148652718374,3.1878530078436,-1.5354316179802712,-24.416866285407544,1.113943932478647,0.2390583881776079,2.150580779166501,0.7272490383017509,9.498856725252557,1.7236770576406777
8.906566225729055,0.6253753082408736,0.4715080495124896,3.1525238562305895,28.360256516229654,-0.2351377617365508,-11.152898728349545,1.0614902814066787,0.35436148652718374,3.1878530078436,-2.0918305743906456,-33.26487928769481,1.1070945448273186,0.2229668787736725,2.005820785193104,1.1497929686717479,14.50360667775196,0.44752559437923534
7.4130199327998,0.5774367008260637,0.6999174824697721,3.1525238562305895,12.870478532583991,-0.6466682596632413,-17.197846179176516,5.36871456320823,0.03790003495561983,0.15473049801555844,-0.7805440413314844,-2.276043416986506,1.1070945448273186,0.21939500094448464,0.8957009617013647,0.887700091844988,6.227918963322491,0.7764174737520186
7.885872573930122,0.2270425589506591,0.9227126547237424,4.579708798095921,10.75808338371578,-0.6466682596632413,-16.72625652842223,5.36871456320823,0.03018866624647966,0.07091546712704154,-0.4691310239820695,-0.9851772926470793,2.1248035810681545,0.3099619377385207,0.7281241054792676,0.887700091844988,5.973360482835067,0.9096239858650083
7.885872573930122,0.2270425589506591,0.7666333419404523,3.578997856783035,12.179123298765381,-1.3239319742805606,-36.43539143809513,4.656182323300965,0.0629172738636326,0.21410385439463064,-0.36457710385001413,-1.3303055061320537,1.5509721851006835,1.3708464824617985,4.66491152039636,0.185134364418444,3.1532506942302048,0.9096239858650083
6.611806209094331,0.1673918190295633,0.9503677509314281,0.8957383671557955,1.9834798400032105,-1.2445883433907992,-11.589367656479487,6.468794753335575,0.011736642679548723,0.025989055507496393,-0.6422057411101731,-0.6845253689987856,1.4085138835106774,1.3708464824617985,3.0355363367274064,0.185134364418444,2.1326759595264555,0.9096239858650083
2.6252000340453545,0.5167620606902524,0.8216488921998399,0.8957383671557955,2.6536193436374527,-0.845359239204503,-3.6151224900705263,0.6645356032287144,0.0268359605616963,0.07950136631718395,-0.6422057411101731,-0.4753613646162788,1.4085138835106774,1.479400596257813,4.382715068557186,-0.10012660686122682,-0.5502797338346419,0.5292436766477886
0.8818770773907705,1.6491064927400874,0.3786536573293097,0.8957383671557955,12.49472955977914,-0.9285086803676679,-2.894392689560954,0.6645356032287144,0.03297848484847097,0.46001964924346006,-0.5796721605664499,-0.3467198361690131,0.36272772465596403,1.479400596257813,20.63628291318054,-0.45799077626185203,-1.8347653185457231,0.5527159407761618
1.0690166648769812,1.6491064927400874,0.3786536573293097,0.8957383671557955,12.49472955977914,-0.9285086803676679,-3.508600120317799,0.48256331120421564,0.007068002773575708,0.09859216309335238,0.3851063045455967,0.1292665926883175,0.36272772465596403,1.4382237065683383,20.06190302766051,-0.45799077626185203,-2.1929426316024783,0.2328020767291765
0.5021976649105628,2.7722819112088053,0.3786536573293097,0.1387463107688536,1.935383917938589,-0.9285086803676679,-0.6487004828602853,0.48256331120421564,0.0058742787522241035,0.0819408066675244,0.2307794690686431,0.03317584371105909,0.36272772465596403,2.0841682711413116,29.072237898741037,-0.45799077626185203,-1.240139819755637,0.2200855101492658
1.2132166010889274,1.2432873089098933,0.5717218140624345,0.24817352201736756,1.5185039071626993,-0.5628613159854656,-0.8414875656628071,0.4958773955109614,0.0018766010408255943,0.011482393405690685,0.3399444223880332,0.044193914943310056,0.36272772465596403,1.9116270118459886,11.696707460688518,-0.6338428199839748,-2.6299756864787747,0.2200855101492658
1.2132166010889274,0.6481029612469035,0.5717218140624345,0.25869069826616253,1.582855547483927,0.0751034802829953,0.11463547854964543,1.1610595984028504,0.0007367764597198969,0.004508127715219633,0.3399444223880332,0.02769136536536119,0.9707444863330684,1.9116270118459886,11.696707460688518,-1.1407573864458005,-4.733293643050779,0.2200855101492658
1.193866387084786,0.6481029612469035,0.6669528414393373,0.32666757190424983,1.468742851474855,-1.253439373518741,-1.8135600513259273,0.9986945543762784,0.0011556451452150015,0.005195941354024778,0.030738018847821402,0.002645231695351657,0.9707444863330684,1.2689186526411502,5.705234802786214,-0.8924257997620872,-2.544864148227534,0.563743772328556
2.6445535739476402,0.6481029612469035,1.1205553722796682,0.45392501417805725,0.7230152661387934,-0.3217666929395884,-0.7235477378794748,0.9986945543762784,0.0011808659303361281,0.0018808923681859556,1.1736439400784644,0.13460794753994132,2.1045726705064074,1.1587681839657689,1.8456949072089193,-0.9735123719420212,-3.497629486460246,0.694425012996718
2.6445535739476402,0.6481029612469035,1.1205553722796682,0.42283667437313394,0.6734975185465604,-0.3217666929395884,-0.6983312169135157,2.3155208417819146,0.011060225700856595,0.017616812863111248,1.2360523900311964,0.43386330346796065,1.2738066955966523,0.2582777326131144,0.4113867659862971,-0.8609561278534172,-1.4603553608731765,1.0765177347848918
2.6445535739476402,0.6481029612469035,0.5297129164347487,0.42283667437313394,3.0138492008617814,0.15495609633479002,0.7114129979716703,2.3155208417819146,0.0056116600773184035,0.039998179591700586,2.0675089771736572,1.0935027673324242,1.2738066955966523,0.25686242813368576,1.8308360430414758,-1.129826313090966,-4.042860734372695,0.559266582895471
0.8559599100617269,0.960409352030323,0.4123887356497092,0.42283667437313394,4.97266332158064,0.15495609633479002,0.2957717013320081,0.6502450779530509,0.013572521433388671,0.15961619131840188,2.0675089771736572,0.7070323744007482,1.2738066955966523,0.2966828834189494,3.4890637022093,-1.129826313090966,-1.8064234351508934,0.5136543556306671
0.5935163104483845,0.6471385351341103,0.4123887356497092,0.42283667437313394,4.97266332158064,0.7050467549663799,0.9331363431328737,0.8824958743265615,0.013572521433388671,0.15961619131840188,1.1932387058098044,0.2829426798393035,3.2139202344081688,0.9971983258411071,11.727297653646383,-1.0928203135907335,-2.221162801587706,0.45141785509254734
0.5935163104483845,0.7250597104964336,0.6067421727848302,0.42283667437313394,2.2971760468567477,0.051286611082106526,0.0461353479720186,0.8824958743265615,0.05755172803415327,0.31266552574057177,1.1932387058098044,0.3960043806461875,3.59556458715255,2.569354938181787,13.958724438022202,-1.0928203135907335,-2.423283830247878,0.45141785509254734
0.24146929066777495,0.7250597104964336,0.5517558546751314,0.42283667437313394,2.7778496996505164,0.051286611082106526,0.020640503203384394,0.38958717143287763,0.14641435889120213,0.9618774990920953,1.1932387058098044,0.28258501062393643,3.59556458715255,4.619621664484927,30.348868560687524,-1.0928203135907335,-1.4537238576807276,0.49073817836713074
0.24146929066777495,0.7250597104964336,1.003399262710911,0.3024003973606085,0.6007099119186877,1.1439505530704204,0.21409255147798373,0.8397724581506307,0.13291359198975783,0.26402912441200493,0.15132796738916032,0.018776170609928543,3.59556458715255,4.619621664484927,9.176748930859336,-0.8851005116607862,-0.6474390991330297,0.7832365913084661
0.24146929066777495,2.1685060485015577,0.639010815911743,0.3958633604231528,1.938915508885936,-0.3580317707548273,-0.12038237717482507,1.690440059559884,0.17939046693432015,0.8786439798657859,0.15132796738916032,0.03425212923509601,3.59556458715255,4.644277655054779,22.747399414112216,-0.8851005116607862,-1.0193430702177753,2.129581486610684
0.24146929066777495,5.204231233210869,0.824306732889137,0.3958633604231528,1.1651923063562537,-0.7093691923380814,-0.1848983492338705,1.690440059559884,0.09264564642929536,0.2726950893394756,1.027304991089877,0.12953882789036825,0.540117502493551,4.367738896007446,12.856091941322235,-0.7638530261078068,-0.6613421374094755,2.129581486610684
0.24146929066777495,12.082665793732021,0.824306732889137,0.61187073808049,1.8009928368561674,-0.823785319402113,-0.26695124291583,1.690440059559884,0.09264564642929536,0.2726950893394756,-1.0920605817451945,-0.1377042348392228,0.38127035831023776,2.7073135388213574,7.968762006558942,0.804281360740624,0.5482332082328398,1.607606343999819
0.601996451735947,3.170104404772101,1.1097257253342931,0.2838592669224536,0.4610008910691679,-1.3573532830944035,-0.5548016085985648,0.20215615568393447,0.1338615544405781,0.21739750315732628,-1.0920605817451945,-0.30652643819729186,0.38127035831023776,1.8031531259606706,2.928406061265254,0.5350758015253574,0.551219903498004,1.607606343999819
1.3282906411098896,2.5038030215879266,1.1097257253342931,0.20970891675350192,0.34057721115345824,-1.800308705517053,-1.3955579872508599,0.20215615568393447,0.16749104802542725,0.2720133931964406,-1.0537564217109925,-0.7300094649266052,1.2275989052587601,1.8089603126422118,2.937837207423772,0.5350758015253574,1.2182103551908365,0.594427229134935
1.446057310120638,2.5038030215879266,0.7076508654347572,0.6167427032229704,2.4631787622394983,-2.424768499521306,-5.503053720171203,0.12088307807336418,0.16749104802542725,0.6689343711818763,-1.0537564217109925,-1.2462853652212516,1.2275989052587601,1.2936749606786155,5.166745665140934,0.5350758015253574,1.758771250427769,0.6007319295962087
6.79550943715111,0.9633212375162722,0.7245265221542283,1.2783694249924065,4.870547629733112,-1.534421880882481,-23.01207073019267,0.1343880109247023,0.17796412955203478,0.678037781897301,-0.6387431888352568,-3.574170362618271,1.2275989052587601,1.327553397131337,5.057937029259427,0.19327315841439235,2.95379446818286,0.16702265821629034
6.251799099444638,1.5892010208786642,0.7245265221542283,0.3344392008083734,1.2742029220518436,-1.3042071367151196,-9.203878656170202,0.1343880109247023,0.21860635984541393,0.8328834114567384,-0.2639819266776335,-1.5061607088668427,0.2879650721905259,1.327553397131337,5.057937029259427,0.3697201267909801,5.198341611254186,0.18526434331918712
0.5993486417430803,0.345506552458014,0.6665995717275774,0.26507432240947604,1.1930745865582577,-1.3042071367151196,-0.8538073622105393,0.0578800158715269,0.47411787713759523,2.1339599592449767,-0.11735319627429197,-0.10274662881119061,0.44843575996812224,0.5360750019425791,2.4128231489690144,-0.28566611714187307,-0.2659506172823415,0.18526434331918712
1.1248286442633662,0.6309883569852014,0.6665995717275774,0.16698250316047128,0.751572536750245,-1.0663632422307214,-1.0398650573580994,0.07102617801444772,0.47411787713759523,2.1339599592449767,-0.11735319627429197,-0.1928299209158209,0.3349848792461251,0.22919126587894123,1.0315683250483954,-0.28566611714187307,-0.32635787621581913,0.5656227574658232
1.1248286442633662,0.39648579754209157,0.6665995717275774,0.3172596160968263,1.4279556837709801,-1.0663632422307214,-1.4333389361105322,0.07102617801444772,1.1458883201256165,5.157535521920223,-0.14840704647595226,-0.379107174385576,0.3349848792461251,1.1105960129728465,4.998688167781054,-0.4697266510708191,-1.1812983340374836,0.13097138933661467
1.2285215266786806,0.39648579754209157,0.9479064700840618,0.31019229145112454,0.6904464825076053,0.7328438546729754,0.7480992715925597,0.22295396920245142,1.1458883201256165,2.5505938792871072,-0.14840704647595226,-0.29117759150247297,0.2609253688561403,1.1105960129728465,2.472037931880376,0.5033957225534338,0.9723438170460807,0.23699185268593811
2.0221545985369493,0.39648579754209157,0.5578301683367998,0.7132790247535147,4.584431129816577,0.8738879337208159,3.783666280587803,0.47470674604334046,1.206935953486662,7.757293520261815,-0.14840704647595226,-0.8358416143361159,0.31644397135663266,1.1105960129728465,7.138091487103981,1.562226819923815,8.440137069563562,0.8342843584288876
2.0221545985369493,0.39648579754209157,0.5578301683367998,0.7994554611321185,5.138309659648928,0.32582988033273463,1.493534988086823,0.9110273851026996,1.2244625619629577,7.869941623893634,-1.1081872867667721,-6.286563033152291,0.5739073383238665,1.1105960129728465,7.138091487103981,1.2606978120861287,6.811086713915663,0.47768934455407364
2.0221545985369493,0.39648579754209157,0.4324653146283162,0.1525552448377068,1.6313779074139132,-1.3889077639877736,-3.5872781257753856,1.6172997461492198,0.33437615544390686,3.575713659255073,-0.130396690559333,-0.49861150055767134,1.3147923364467553,1.1105960129728465,11.876365191857749,1.2606978120861287,8.785513010322108,0.25787590703940105
2.280556533559513,0.39648579754209157,0.7800619782363395,0.1525552448377068,0.5014168437474553,-1.8208083289564083,-2.940387266369372,1.6317055541711711,0.10593279337536428,0.3481787005103203,0.5976638371058585,0.8042645404973682,1.3147923364467553,1.1105960129728465,3.650294344817647,1.700624805507882,7.40991617194789,0.25787590703940105
2.21667051879773,1.5528301187530156,1.0069937815002956,0.1525552448377068,0.3008870951909935,-1.8208083289564083,-2.2139466808284634,0.64845105141903,0.10593279337536428,0.20893290504754172,0.3438833567336988,0.3484301469328298,0.7134097885790859,1.603844739422944,3.1632880619457273,0.675380481719132,2.6626802806527348,0.18812114208562536
1.8641208488512493,1.138742693681609,0.7771239310589643,0.468265013868975,1.5507476817963752,-1.1497374299833034,-2.668967615498784,0.64845105141903,0.16311659011575047,0.5401912730881666,-0.6182571763339497,-0.8470655349714248,0.7134097885790859,1.603844739422944,5.311433564236709,-1.0140155047005037,-4.356367768534971,0.18812114208562536
1.6883859844233355,2.0903888736537093,0.4701407965369306,0.468265013868975,4.237071854243923,-1.30607765334223,-4.539140772216585,1.0080539837697184,0.09311257064413922,0.8425242985651986,-0.6465037247736294,-1.0019221713846278,0.7134097885790859,2.347551511656297,21.241698913705015,-1.0140155047005037,-7.8906168995526516,0.18675269560791552
4.44369913181904,2.0903888736537093,1.034087786206786,0.468265013868975,0.8758039293616788,-0.7402810707785433,-3.0785395388719636,0.5480320811306506,0.03254441981918564,0.060868375625461865,0.9295975681186988,1.0191438346608281,1.3944981005728931,0.794456623294998,1.485885581415353,-0.6853450707245601,-3.71233042200464,0.18675269560791552
2.664281326270109,2.0903888736537093,0.6507706747439332,1.0944314468838998,5.168477265428888,-0.7402810707785433,-4.483921806416202,0.5480320811306506,0.21222063929896087,1.0022167698072562,0.9295975681186988,2.479453069384545,1.6140522667230357,1.2678217417177928,5.987316855104947,-0.6853450707245601,-4.467921101934452,0.21260833667828363
5.738560572380351,2.0903888736537093,0.6564733949971034,1.0459599601604241,4.854123207336251,-0.7402810707785433,-9.35955093968466,0.5480320811306506,0.3268419711997926,1.5168182893818474,1.820711524786776,12.867995183213715,2.8538465078797213,0.6606128681475931,3.0657925508433106,-0.48222755074492324,-4.845363588830834,0.32689579489800247
7.507030690719472,2.5388976112588404,0.9983999108885695,1.0459599601604241,2.0986305389768782,-0.30175535203668113,-3.2816417418136066,0.4749190804840943,0.2965734229934547,0.5950495872208256,2.795361592256712,16.187611179899385,2.8538465078797213,0.9290175598413611,1.8639954650174468,0.2335570869410864,2.3937768736190184,0.32689579489800247
2.7107668417681188,0.4120456881392305,0.9983999108885695,1.539750318727755,3.089379292096265,0.23197837869232152,1.1052875778399043,0.4749190804840943,0.2965734229934547,0.5950495872208256,2.0948387085035947,4.38045611764045,2.8538465078797213,0.22112506389834133,0.4436688111455983,0.9098297105791882,1.6427887848501932,0.23468055269464588
2.7107668417681188,0.8472259800892503,1.281030119518946,0.9086518801811159,1.1074110260076506,0.08434932243640858,0.24061803989498637,1.26188275197804,0.27479894329929794,0.33490865575960344,1.6886462124347812,2.6490735779126395,2.8538465078797213,0.520496593374469,0.6343503811244156,-0.17873242028384406,-0.38588696052240395,0.23468055269464588
1.6353545731775827,0.8472259800892503,1.281030119518946,0.2550224554852918,0.31080624521204475,-0.49946322789387976,-0.4553657031752452,0.4629760762898776,0.3743797045806149,0.45627178219608355,1.2127593242682948,1.3396716211667183,1.6189336468032216,0.1439502468482244,0.17543802421282853,0.36040037677477055,0.24686472089773653,0.24655247337458502
1.939193924702039,1.7727169283244895,0.8046815481496221,0.2550224554852918,0.7876990707050078,-0.49946322789387976,-0.8596168661740895,0.1460810956252006,3.521964845374456,10.878447666414097,1.2127593242682948,7.756741664409779,3.0743239593440426,0.4613190695676729,1.4248964927636045,0.5523164593564516,1.278500453128523,0.24655247337458502
1.939193924702039,2.5025990103285785,0.9612646229520915,0.13842110803883387,0.2996031658572376,-1.0789904049957764,-1.1452809149863543,0.1517028737500116,0.809608588852728,1.7523432644206092,1.2127593242682948,3.1131887762943085,0.8942245454560224,0.339441760141185,0.7346988288370074,0.5523164593564516,0.9180448555916927,0.3537038484169172
0.39200668678131917,4.039856416414526,0.783770473220178,0.28603685465979617,0.9312669547909278,-1.1878383317477805,-0.4493532710396581,0.1517028737500116,1.298917860836448,4.228963020249312,1.2127593242682948,0.9776536844749124,0.6196638267048075,0.5701697126343008,1.8563349559639648,0.5523164593564516,0.2949915883135519,0.3537038484169172
0.39200668678131917,2.278790098006616,0.7966459466647282,0.13110769751062354,0.41316876740492314,-1.1878383317477805,-0.29930540072011913,0.19895677699381437,1.298917860836448,4.093369815136511,1.2127593242682948,0.961852745418957,0.9196375413547379,0.10598575982247913,0.33400026527641263,0.5523164593564516,0.1251281047904109,0.3940560604275265
0.5453997144323255,2.54979305940581,0.6368300626065925,0.09541554528659485,0.47054592709200865,-1.742153880172891,-0.6517820983086027,2.1366592416947516,2.0294607276184653,10.008374177454048,0.6762371862842044,1.1667981235312648,0.7187284675329982,0.10598575982247913,0.5226734015345602,0.5523164593564516,0.21778004927112996,0.3940560604275265
0.6388835679422928,4.174785237143143,0.41729875855819754,0.06429378593313607,0.7384223109552237,-1.742153880172891,-0.9564463977948245,1.0627087193835527,2.0294607276184653,23.308614646513465,0.09289575737013578,0.2865337799455923,0.28431856892156904,0.1031923660161135,1.1851774519204925,-0.24861140100875,-0.1729157088701123,1.5197685789115103
0.6388835679422928,1.3263388162202328,0.13191384735908132,0.08356374284804241,9.604330702594583,-1.6340942916335017,-3.2354327996178363,1.0627087193835527,0.7496565258195089,86.16116202958429,0.09289575737013578,0.5509007604270298,0.18705832194376673,0.061957357695504096,7.121018428394926,-0.5042815041229181,-0.8597373860173866,0.44512619530560815
0.8082290376072289,2.1296109339313953,0.045578536085397,0.020530088238402418,19.76514784647076,-1.6404136717759084,-5.894376372361614,1.0627087193835527,1.5570663397788895,1499.0508591641437,1.8828175962995006,58.91839148270127,0.18705832194376673,0.21889508632799914,210.73916945208205,-0.4686895736784431,-5.499109581139431,1.158157449643617
0.7520948972912063,2.8239931476258207,0.08419094852517593,0.023467267754131493,6.621581354302354,-1.6404136717759084,-3.174730628972375,1.1520483564153945,0.22840223775371543,64.44653099953125,1.7647880616662313,10.655282585966939,0.4240612440873648,1.8847472522467243,531.8048693952604,0.2017342562539277,3.4988751706348986,1.1047818353033438
0.7520948972912063,2.5353762006063394,0.1595827608026947,0.023467267754131493,1.8429798030846074,-1.727023985515794,-1.7633206736644864,0.5176491617672337,0.22840223775371543,17.93735493921392,1.7647880616662313,5.6213988478710295,0.4225522053392395,1.8847472522467243,148.01685292905017,0.15281241560891168,1.3982565621969796,1.4579555346996882
0.8047987135606651,2.5353762006063394,0.13411732342578953,0.04339992606111246,4.825576778894548,-1.142401454174027,-2.019671028706382,1.180303593637585,0.09795734478829364,10.8917394851534,1.7647880616662313,4.687361550495356,0.34737049348565985,0.9820130189146231,109.18864732566021,0.6654163221341125,5.595893828396704,1.4579555346996882
0.8047987135606651,3.4554415083659626,0.15146349779054188,0.04339992606111246,3.783580874493722,-1.142401454174027,-1.7883706405968498,4.254778110653256,0.07552409059802996,6.584147271307879,0.4319969972420725,0.8921086899595996,0.22084675809418092,0.9820130189146231,85.61133656396765,1.033594649384347,7.696675286905619,0.9768235727639453
0.6570465350286819,3.4374073634196707,0.15146349779054188,0.04339992606111246,3.783580874493722,-0.9505980097695941,-1.2149112141572853,3.313793401024844,0.07552409059802996,6.584147271307879,-0.39713388984749876,-0.6695497422705334,0.3898492009175571,1.2129245561860287,105.74207307466575,-0.11538589892806361,-0.7796016999576169,0.9768235727639453
1.6966793260376976,7.648534147731652,0.18719068736717911,0.18062174790542312,10.309356509784262,-1.441687045661904,-7.853921266512019,0.5661241390114439,0.11636992487346413,6.642052003425066,0.0992108719133109,0.43382059956099694,0.3898492009175571,1.2129245561860287,69.23015536169649,0.3446997471997288,4.86618242676779,0.9768235727639453
1.859376803733618,2.4955612736446424,0.19499086012594577,0.6701534148308208,35.25134732249834,-0.650450500570851,-7.1807452769342905,0.730677644067531,0.3086938741449402,16.23788633018902,1.4755034298434762,11.05534704992753,1.0581028231125826,0.5430073987386834,28.563224461754,1.5020269309772172,14.926182405594172,0.6847874749966009
2.0465286146429507,0.9311619380938105,0.2011362168124723,0.8262006418103791,40.844630285376724,-0.8337208313668619,-10.904505074214178,3.66394183350949,0.2627352007312334,12.988760349189379,0.6527448370266584,4.814432683482063,0.7259486017668675,0.12531003249526643,6.194914030933887,0.753433967543292,3.8377851599084836,1.97777818671967
0.6841698308624841,0.7605032133094307,0.2011362168124723,0.8262006418103791,40.844630285376724,-1.30210343590949,-5.693468067143644,11.995442157649403,0.20466080371207182,10.117754015792894,0.9001205609255993,1.9588747133468885,0.7259486017668675,0.06847565229415027,3.385210032488068,1.3047836360781022,1.6424616223197148,0.8646534038800723
0.6841698308624841,1.5549362377660296,0.3389477317952582,1.2087344127298862,21.04240709259093,-0.38561014560083406,-1.2102081705683014,1.5052178778666092,0.349711902692859,6.088004233260909,0.9001205609255993,1.5195047941640722,0.7259486017668675,0.06847565229415027,1.1920671210559899,1.3525781061710815,1.0103611249882345,0.8646534038800723
0.6841698308624841,0.5757380565976926,0.3249288444303887,1.2087344127298862,22.897304004629067,-0.6424491022427565,-2.1032690024118823,1.1302533996700672,0.6649887286437313,12.59701793797603,0.9001205609255993,2.185739876963772,0.7259486017668675,0.04278324904549791,0.8104518655078916,1.3525781061710815,0.833086095679749,0.47660161036653376
3.0487650644485575,0.9907925132604753,0.3286586627522182,2.3472306697510854,43.46058813205547,0.20674550514864776,4.155352156643612,1.1302533996700672,1.3873244460924208,25.687265054162157,0.9001205609255993,13.908605045733164,0.5235061774696699,0.016060562200318138,0.2973723409260435,1.3525781061710815,2.2487262957868066,0.47660161036653376
2.4104052180281834,0.9907925132604753,0.2767518010841396,2.3472306697510854,61.2921498932032,-2.114468221567294,-39.90190670177975,3.293454637701543,1.3873244460924208,36.226562219135914,0.015547868060370451,0.22556643036709387,0.5235061774696699,0.027487133694129834,0.717758821161698,2.153236296548398,4.397147359133728,1.092273523182513
2.4104052180281834,0.5500223654450697,0.21524151291582114,2.039843669189755,88.0592147927511,-1.0871208962351835,-24.58981757292986,0.8463051217615114,0.7872065574585216,33.98338430367901,-0.9586964025663973,-13.471143732371655,1.1223458115549338,0.027487133694129834,1.1866082909039244,1.949458365531554,5.118676846934076,0.7657110225402133
1.9329825933670806,0.8722410877588762,0.18314689547205654,2.039843669189755,121.62637358022211,0.08646539944409248,1.8432497102871805,0.7583115133049544,1.3308542103859837,79.35263560541001,-1.17303780236432,-20.19857024827466,4.458157897792023,0.033462282248853746,1.9951999768994655,1.815784258243585,4.957758929889161,2.996948495745906
1.8170687069351663,0.5767928804271168,0.18314689547205654,1.9471319370764968,116.09840497380648,-0.5951249061250476,-11.65178873835173,0.7583115133049544,0.3183456004781122,18.981464862329695,-1.4152918189243904,-11.204234969537067,4.458157897792023,0.01785115235365769,1.0643810394871291,1.815784258243585,3.403957747398886,3.0392360039442026
1.0746770421997744,1.1021998202127221,0.13304119828493263,0.2572400610603341,29.066738529329918,0.0416756539286931,0.24146742250599362,0.7583115133049544,0.18843698071855897,21.292361793204837,0.7263260729804033,3.6018160100308445,4.458157897792023,0.10558009443213412,11.929980836231488,1.815784258243585,6.740034058193492,0.46779966101881126
1.8557282378642832,1.1021998202127221,0.26094589261082357,0.30218397635346567,8.875656717870525,0.0416756539286931,0.23040773129912145,0.7583115133049544,0.646945069551027,19.001875684954506,1.0890798957261212,8.809927888745937,11.796359001328199,0.07889455316782629,2.317267047966621,1.8182422070501842,5.136344612183949,0.46779966101881126
3.445657618701943,1.1021998202127221,0.5420948563149521,0.2842640170789414,1.9346451175982666,0.5391879749564081,2.5841217707117226,0.4661902871129945,0.8468901250712245,5.763768001478112,1.0890798957261212,9.009176763960246,8.986124130947262,0.04658438918553028,0.3170442112940933,2.667199502604431,5.174728117209527,0.5458123680235899
2.7002154233546496,1.1021998202127221,0.5410750183005426,0.15153539809058536,1.0352115868012486,-0.13009071431479202,-0.35740388918148813,0.7961761573748645,0.8468901250712245,5.785516000012136,1.0890798957261212,7.073416060484446,8.986124130947262,0.027673286730046223,0.18904960444088423,1.927737151426517,2.26325827678545,0.5458123680235899
2.9038600871267115,1.1021998202127221,0.5410750183005426,0.15153539809058536,1.0352115868012486,-0.9279983973939353,-2.741810756191745,2.0886477038206004,0.31237987270327555,2.1340179771898518,2.0635150885191007,8.753512839999662,8.986124130947262,0.027673286730046223,0.18904960444088423,1.1666571019620506,1.4730137577857194,0.7231748178055961
5.353250309623723,1.1021998202127221,0.5410750183005426,0.15153539809058536,1.0352115868012486,-0.9382136884375653,-5.110152701330027,2.0886477038206004,0.31237987270327555,2.1340179771898518,2.0635150885191007,16.137053409962956,8.986124130947262,0.011581286003680387,0.07911736539539223,1.1666571019620506,1.7566963071523376,0.7231748178055961
21.740953814122246,1.752988977372047,0.6893962547338606,0.14701708729636498,0.6186713012006801,-0.9382136884375653,-16.04391467576068,1.2400671430931378,0.07991023185135675,0.33627497339181256,1.677202329590823,21.14517695338447,8.986124130947262,0.03628684480662611,0.15270081801938673,1.6858812825727645,14.32274514170158,1.070842696055848
3.1447707834556056,1.0538441322073486,0.5659797808929118,0.3324879466828684,2.0758887160492905,-0.5786754012431355,-2.621959937513674,0.6603275863517576,0.09612756625038937,0.6001725237600796,1.677202329590823,4.0861330864472984,8.986124130947262,0.03628684480662611,0.22655693966240317,1.6858812825727645,2.523507906364267,0.763318306032291
3.0242671927762794,0.6434621673524585,0.5659797808929118,0.1748212730536473,1.0914967344773747,0.652085552752414,2.060326065794414,0.5104217575860207,0.07102685952978446,0.4434562446708228,1.8564631364491972,3.7387969148443636,10.586493266336563,0.07026815385073991,0.43871926525955607,1.4196062005372552,2.843684421065588,0.763318306032291
5.768989684769911,0.6434621673524585,0.35806331518484147,0.13873070889490446,2.164128001969883,-0.17840635931814575,-1.5140895619226564,1.426366481127679,0.04438671762644689,0.6924100604408582,1.8564631364491972,8.91184813204591,1.3995873287128697,0.06448018076930168,1.0058577937537745,1.4196062005372552,8.213645270254418,0.763318306032291
11.538858087207588,1.946634832110603,0.36610626623854176,0.265613052817788,3.963374259719422,-0.31539055906791236,-7.245094648162968,2.1632281401049416,0.04438671762644689,0.6623212686568413,1.7345927129653531,16.289010394958233,1.3995873287128697,0.04626384891710947,0.6903310888091276,1.433043016973606,13.73886244674883,3.0266113965085926
15.80759624612483,2.155255767895021,0.5091871361876356,0.265613052817788,2.048917927260074,-0.4199673337639178,-9.502625784681708,0.7653217772648188,0.06339534005728481,0.4890266023079296,1.7345927129653531,19.17474489398326,0.8968503047585289,0.10735205369413281,0.8281051891413839,2.1240343999833255,30.554144899720725,3.0266113965085926
15.80759624612483,1.3674492359844346,1.019393236429964,0.265613052817788,0.5112059659641401,-1.1884434955316003,-13.432050921724327,0.6509677843260823,0.014023832753353498,0.02699064256497831,1.7345927129653531,4.504742431383798,0.42143852472501975,0.025713923961155512,0.049489703905133645,2.5082601135860303,8.820553419567482,0.7453919605134912
4.350168575660942,1.3674492359844346,0.8979892220321396,0.265613052817788,0.658775077529286,-0.762698965635445,-2.6929471148391126,0.6509677843260823,0.014023832753353498,0.034781993623204534,2.0582959800466347,1.6699026283381324,0.42143852472501975,0.025713923961155512,0.06377582754832876,2.5082601135860303,2.7555399398552307,2.368371119105757
4.629276229271328,1.6545190770162106,1.2199281519814746,0.25959265963000056,0.34886218502926264,-0.762698965635445,-2.08541840268843,0.5726395813740874,0.015226507716870997,0.020462646209040397,2.4571692650605486,1.6271555360067023,0.44660361645730967,0.025713923961155512,0.03455650753588685,2.5082601135860303,2.158492728485777,2.368371119105757
5.589876389009461,1.6545190770162106,1.1262668587402438,0.12938832296553837,0.20400577886958352,-0.3004067213805931,-0.7584607037326047,0.5726395813740874,0.008505008319462064,0.013409794691954307,1.872707485793893,1.212224940876414,1.5173321422873844,0.03915032285644362,0.061728075024603944,2.5082601135860303,3.483502633782248,2.368371119105757
5.589876389009461,0.8391990806929465,0.9614611686287567,0.04151542320266597,0.08982060328283498,0.5170622920458825,0.8662296701496467,1.055598063176062,0.011604385892948361,0.02510664377773964,1.872707485793893,1.6586947922754176,2.442906609961863,0.07172987848237207,0.15519102207483623,1.576324996607829,3.471212998483772,5.388079363722254
4.876926023688428,0.8391990806929465,0.8781107036094159,0.044077580666364254,0.1143271040165682,-0.10881562099436082,-0.17943700598481532,0.8144033299437469,0.011604385892948361,0.030099107368746984,1.872707485793893,1.5845024774736767,0.6080421931902955,0.09890938897534371,0.25654820048298416,1.576324996607829,3.8938248891975094,7.245192584853721
4.423000540371398,1.0334605232753513,0.49874980957905946,0.044077580666364254,0.3543906529126168,-1.4367015468469644,-3.7828984339017886,0.8144033299437469,0.01170149663292916,0.0940818658625487,-0.35152176236865107,-0.4768943424695104,0.6080421931902955,0.2582026887467035,2.075990062643454,1.576324996607829,10.045588637631056,7.245192584853721
22.186109773493282,1.3670138779083525,0.7546974572737376,0.06187124134845458,0.2172566365120253,-1.4367015468469644,-14.857106710428127,0.8144033299437469,0.01895315453951408,0.06655270715124102,0.7227759613493252,4.136830440026049,0.6622585743805963,0.32841949932765385,1.1532226319340146,2.2351915634917114,53.25403084076307,7.245192584853721
25.394295182039535,0.6010125405911111,0.5667724140470093,0.07210675048239627,0.44894021665461864,-0.39806690345267226,-6.773084438177063,0.7961974427991227,0.01895315453951408,0.11800328330334643,0.6600152418162153,5.757542785502928,0.6217161737474936,1.680233110102721,10.461214954679392,1.9323487111950235,158.71308315586046,7.245192584853721
17.08372421470809,0.4052227282258872,0.47714965325841424,0.5374066290577648,4.720889006671725,-1.4673018696156654,-54.4645497505986,0.698593364683377,0.01895315453951408,0.16649541347158323,0.7255103262463768,5.057399802226948,0.5275086495002607,1.3210235996771063,11.604631301634392,1.9274471673823792,112.17103003277094,7.245192584853721
39.855498019366834,1.3760262055994388,0.47714965325841424,0.11680818726108885,1.026110318171854,-1.4673018696156654,-59.238593503790476,0.22033893744065772,0.03255521608293761,0.28598374751205924,0.8073710405222726,17.208066844780344,0.5275086495002607,2.345527194506719,20.604460288870253,1.7610155715417666,318.58993993148096,2.5345853626158625
28.508337675645894,1.3760262055994388,0.39505117059355527,0.726274395457359,9.307306654853425,-0.5518868364721385,-47.999193618415795,0.8315561060487889,0.05695817556821248,0.7299268841503014,0.8073710405222726,19.66458301937073,0.5275086495002607,2.345527194506719,30.058254845711115,1.8530182891686295,289.6232890503239,2.5345853626158625
53.31689073399225,1.5277321426619068,0.35029197438417836,0.726274395457359,11.837782459465858,1.5460206255308602,283.6059093653946,0.8315561060487889,0.3024545941457335,4.929805748016958,0.42334002041082514,50.115151165498844,4.545992921586557,2.345527194506719,38.2305101969714,0.28225779679201546,93.04987820895637,2.8053089829748155
6.145252313232464,0.6898602235779095,0.6123613204927009,4.463361786524656,23.80546037518898,1.5460206255308602,46.354648782720126,2.2448383507519964,1.3555592499021174,7.229911791419486,0.42334002041082514,6.995126049460931,3.711022152118885,2.345527194506719,12.509932503417831,-0.03547898718861725,-0.7711492061091575,2.706128100243913
4.1422142365281,1.0885076928714392,0.8401504633481891,4.463361786524656,12.646721185480832,-0.016311575390683064,-0.2402798967859842,2.2448383507519964,1.3555592499021174,3.840912008448256,-1.0623759392198244,-8.624381557036855,1.5353478435295285,2.345527194506719,6.645938617713189,-0.03547898718861725,-0.3788627728537425,2.706128100243913
1.7293619519680306,1.3719832230318574,0.15186817221257862,2.1856771150938075,189.5319664407676,0.21527502964861764,5.1253177096674225,1.014571170650825,0.9469518599391964,82.11535313225586,-0.7736228989375012,-12.123482737193584,1.2475469065387217,0.5841874396014615,50.6580745312466,0.09786499018787559,1.2045854024584177,2.653867154592604
0.28340475247049446,3.7152235421062647,0.15193694336262598,1.9795489714677497,171.50211315672018,-0.6151976998105768,-2.2832663147205094,0.3894257874238358,0.636581273161378,55.15146890365794,0.6486155845519702,1.3651269803724058,1.0819797362087005,0.5841874396014615,50.61222622695634,0.09786499018787559,0.19731595597064377,2.2249417944636933
0.2871608502058003,9.386470049156292,0.16523473852214748,1.9795489714677497,145.0085235665297,-0.08601922838531373,-0.29745244175316865,1.5364770842875626,0.9223840439542521,67.56768855077058,-0.2023525185972651,-0.47764295428802894,0.37258080813576494,0.5841874396014615,42.79366629657502,0.15162125530809092,0.2848230064400839,2.2249417944636933
0.4628130457083658,61.18315986266824,0.11411291981873942,1.9795489714677497,304.0371200395847,-0.08601922838531373,-0.69416776069502,1.5364770842875626,0.8004041794872704,122.93334749810262,-0.0008998860403925113,-0.004617723885648834,0.37258080813576494,0.4197685048851619,64.47186159480479,-0.5210709735084265,-1.9363665812814888,3.2627332870918195
0.4628130457083658,61.18315986266824,0.11411291981873942,1.9795489714677497,304.0371200395847,-0.006937364148883227,-0.05598393088095147,1.5364770842875626,0.47141668393062486,72.404458281528,0.4239883898533514,1.6697144704481883,0.37258080813576494,0.5720067995829983,87.85400234848801,-0.5210709735084265,-2.2603893334215015,0.85990220849317
0.4628130457083658,45.71394346591383,0.07756954108775148,1.9795489714677497,657.9816795661675,0.766150203735098,9.09549657101201,1.5364770842875626,0.359032950401269,119.33885300622994,0.2927570820588345,1.4801438732973007,0.6630430884996684,0.5720067995829983,190.12916585429423,-0.5210709735084265,-3.3252694697789216,0.8982307750963765
3.9974442752106665,19.28903543589059,0.1700102446732144,1.9795489714677497,136.97649873842096,0.9139479497420503,42.758938161617145,0.5538085793534968,1.1745376351693233,81.27308554670927,0.5602158796838007,20.188832620088345,0.6630430884996684,0.7017334126959917,48.557013392596595,0.4532879302751709,12.62648760961641,0.7056130490990616
2.9076609342140447,19.28903543589059,0.1939560301738272,2.186230137097943,116.2302840932342,0.9139479497420503,28.650016349185975,0.5538085793534968,1.1745376351693233,62.44394892256943,0.5602158796838007,12.871950366344526,1.0210290683206749,0.7822864894401409,41.59003179355266,2.9415814164561027,55.15936538526269,0.7082823956754876
1.0205933710925073,13.81391711391325,0.1414142442185933,0.6949657285053756,69.50356328291252,1.39839808727905,11.8983598561153,0.19948031225594995,1.1745376351693233,117.4655778058587,0.29411030044374925,3.2532563611793615,0.3706893999205126,0.6842044811895532,68.42733030747227,2.7344919483701338,23.08576073852604,0.5412340055576508
5.657049531714375,13.81391711391325,0.20595739422168924,0.6949657285053756,32.76714530724844,1.39839808727905,45.283512476067095,0.1729113959449158,2.3414514076882815,110.39778705431496,1.1141382753368765,66.22306230432156,0.3706893999205126,1.9202085910492888,90.53648452342661,2.4559077951742823,132.19464181998947,0.6823096964453412
1.6084942984108135,3.018185485437198,0.40700122577809705,0.5053140343031957,6.10098449816386,1.0231695950125654,4.06506142640677,0.19202533553056164,0.8532912009945914,10.302338815636379,1.1141382753368765,5.752101414170927,0.21588470760610326,1.3926273306781165,16.8140941660222,1.9808718168466237,13.065096942237636,0.21699010847330963
0.29506456796216285,3.018185485437198,0.38677017451707063,1.182504155272647,15.809812462926043,0.12511303926936512,0.14678544536930316,1.1385363350114521,0.8532912009945914,11.408309902199862,1.1141382753368765,1.1103676770457036,0.4539853319186488,1.3926273306781165,18.619111679730096,1.8499185233970366,2.3553157761043386,0.21699010847330963
0.2240813740862432,1.7058434594754206,0.2511912774747433,1.215871752059679,38.53972888510111,0.12511303926936512,0.174045444612573,3.4482104858823983,0.8532912009945914,27.046941003988174,0.9226395947183442,1.0752189850219696,0.1644035356418651,0.6099416486120744,19.33344181524102,1.8499185233970366,1.8226905749100029,0.29043685197937585
0.5812612150318073,0.6747008608680001,0.17097282248178752,0.7072034253873531,48.386052098685894,-0.28030528879394634,-1.1333465628193837,3.4482104858823983,1.6570265391358303,113.37186666992814,0.9226395947183442,5.710262620405624,0.2989052094338552,1.110568671516994,75.98384237146063,1.4289536485904615,7.240192491236872,0.32182781545859024
1.3858789000172476,1.0093116078414726,0.17097282248178752,0.17502716904227605,11.97515936143332,-0.28030528879394634,-1.344303178759759,3.4482104858823983,0.4971437714083648,34.01401005761093,0.9412979228091176,7.608189144501077,0.46309332444682993,3.4057274719529325,233.0159908396667,0.787708752490863,16.66417495785967,0.34277449907939134
2.2916965713774085,0.3384910657212358,0.24040574177306703,0.17502716904227605,6.056835686965166,0.23952506105520577,1.350924165803884,2.574962745338761,1.0938876811186145,37.85411134045408,0.8454424431511419,11.920588304173313,2.392975607406086,3.4057274719529325,117.85559810557015,2.143595374317103,53.33042372734259,0.6040617276278847
2.28036031615939,0.28223247710819915,0.23535446259597542,0.17502716904227605,6.3196145330432385,0.23952506105520577,1.3730922905317484,6.8680964637208755,1.0938876811186145,39.49643089664788,0.3458584748083583,4.956565192455102,0.6360500486217378,2.749473838162814,99.27381515082945,2.143595374317103,48.70388911765009,1.3675355657910984
0.7833062999304807,0.32278863353467857,0.23535446259597542,0.688811826304643,24.87056867722889,0.23952506105520577,0.9356758855389744,10.145479845340128,1.0938876811186145,39.49643089664788,-0.03351973453016127,-0.1650103236290659,0.6360500486217378,3.149082506288491,113.70227651734508,2.143595374317103,17.904368623454523,1.3675355657910984
0.7833062999304807,0.32278863353467857,0.23535446259597542,0.18568477746941062,6.704423231442146,0.23952506105520577,0.4858064651762069,10.145479845340128,0.7952234121156814,28.712716201269487,0.7018654788371299,2.9459314772619356,0.2468385283546071,3.149082506288491,113.70227651734508,2.205717735128676,18.42324530188736,1.4891520670693876
0.7833062999304807,0.32278863353467857,0.5229052593630666,0.07051572314928603,0.5157864630081571,0.23952506105520577,0.13474651723565675,10.145479845340128,1.566489210419227,11.458067691825898,0.05407535492016957,0.14337937729248867,0.4953145455910688,1.4550660339064203,10.643064121785137,2.0241591245727877,5.172608502785839,2.392702963312743
0.631724283048693,1.8331711278765213,0.4575280399615606,0.061399203826264036,0.5866205931357836,0.7719085693148792,0.37348407255148786,11.22458465064249,1.0454835643291627,9.988764518118089,-0.48039434585610574,-0.9591385482473805,0.4953145455910688,1.4550660339064203,13.901999483204927,2.0241591245727877,4.76772124779306,3.75303074853973
1.1490078728548068,9.419645510053773,0.41079053838462354,0.061399203826264036,0.7276991558704099,0.4195941951461309,0.4112713070194587,7.169401433013113,1.8473852769174934,21.89508369496528,-0.8850040122564342,-4.758187468527802,0.4953145455910688,0.8854928049584608,10.494800038790693,2.0241591245727877,7.534505237441646,3.75303074853973
1.1490078728548068,11.000907359244911,0.4792184331175952,0.17605857845318665,1.5332753613903873,-0.3666937797950766,-0.5217189673615886,7.169401433013113,0.5641749377509885,4.913339294043863,0.05369676366022125,0.1367601264054127,0.3321049544092185,0.6017826517058692,5.2408608593765535,2.0241591245727877,5.324379097811341,6.074721615111723
0.9349732237953168,11.000907359244911,0.34444354920297904,0.17605857845318665,2.9679123797840474,0.24367826032291268,0.3925016589333904,9.65704885454866,0.37730707431101873,6.360464492365118,0.1855668543872899,0.4375664300610627,0.3321049544092185,0.5713283699958,9.631183877150544,0.8724720934053636,2.5315735843597067,5.923249274546656
0.46226718647534054,2.9208519520946683,0.2560921138210836,0.16862428290333295,5.142303458212966,0.24367826032291268,0.2554398808415438,9.65704885454866,0.37730707431101873,11.506216303081569,1.1823988406283366,1.8540580550095915,0.28822004683190156,1.4457387053150292,44.08871021426811,0.7246091983132903,2.2241322445586356,6.281011992899688
0.46226718647534054,1.4606247974331381,0.190789467770902,0.06697170682248484,3.6797013325595302,0.24367826032291268,0.21608077912457815,2.3011387727671035,0.09345438456742228,5.134768691766717,0.1844793353719032,0.1932418711960318,0.17435563264887355,4.028909302019904,221.36486631137754,1.4783107665270454,10.167475936104664,5.904895008872551
0.7850100771874607,1.4606247974331381,0.2542273063066746,0.049231223827544336,1.523443092015513,1.030770983918717,0.9987356088736546,1.7373381921421134,0.18003081301845347,5.570990869608449,0.5391027244440646,0.9988792276481975,0.20568788695653506,2.555644512561178,79.08353023981452,1.4783107665270454,10.32010213888878,7.857633165415698
0.7850100771874607,3.9812173261367794,0.25570264374105733,0.04112113798452197,1.2578379219243438,0.22230661637253057,0.1957221430096853,1.7373381921421134,0.17265867876730764,5.281386759885355,0.5391027244440646,0.9725697211376151,0.20568788695653506,2.555644512561178,78.17358031451556,1.4783107665270454,10.26055784638794,2.6173328498921102
0.3222895711654359,9.295524661082359,0.2601109702675753,0.08503495317379592,2.5136808372612833,0.22230661637253057,0.11359355943237114,3.1160797069941495,0.19997251405290392,5.911299504409529,0.5391027244440646,0.4224343848840808,0.4256782917536193,2.555644512561178,75.54628300843949,0.37161540329327014,1.0409898864467344,0.9749006759194015
0.1994248383466462,12.758872445428684,0.21863120918780415,0.09352319760405765,3.913136787202188,1.1840750617379838,0.4671119713423564,2.4361619155355383,0.06969570295016736,2.9161622582543436,0.5391027244440646,0.18359321106107246,0.4256782917536193,1.691691094293798,70.78263813956865,-0.8382949426978235,-1.4064991285484694,0.45489475059996576
0.1994248383466462,18.812925126628357,0.19561418134467967,0.09352319760405765,4.888196660136047,0.8283876456592444,0.3652474537255174,2.3108356339349525,0.048094146473222445,2.513746879761304,1.6453072244824147,0.5202199770964175,1.0771337585301064,1.691691094293798,88.41997460478254,0.3396122925616143,0.6368510117867661,0.7334525543803398
0.1994248383466462,44.16203336332501,0.2260382409527078,0.22780178435983808,8.917092656629103,0.6820872800782937,0.406191507435766,2.3108356339349525,0.06863730675940741,2.686744644231223,1.512353414441756,0.49436274583188955,1.0771337585301064,2.313253837832135,90.55020735776418,-0.004507853094460945,-0.00855448221515906,0.8458953842763175
0.1994248383466462,58.33143105206345,0.2260382409527078,0.4888756020073608,19.136588648396607,0.6820872800782937,0.5950472605152989,0.618501996646638,0.16740215511959589,6.552804370324361,1.6372566968291715,0.8358139693972167,5.689968984165559,2.313253837832135,90.55020735776418,0.44566502222875254,0.8457315326577265,0.27118877461215257
0.25951323949297594,58.33143105206345,0.18813077352860394,0.4888756020073608,27.62540648890501,0.6214502524396576,0.847657143474521,0.618501996646638,0.16740215511959589,9.459569189603242,1.519134563010332,1.2125270692536858,1.3368413677462012,1.101391618632419,62.23749158939518,0.44566502222875254,0.9124185567233195,0.3502179666131894
0.4094086646045481,32.9782490958229,0.18813077352860394,2.179139952244835,123.13894726959646,0.6214502524396576,2.823326579351325,1.164356919467624,0.537586983193655,30.37799160540898,1.519134563010332,3.42793677676305,2.0769636729932093,0.9556436474401256,54.001558086909405,0.6883809193671045,2.0710424417979714,0.3502179666131894
0.4558789867494532,24.002109959046425,0.20733217101809465,2.179139952244835,101.38687288991989,0.41637786708325175,1.9112965442684864,1.164356919467624,0.23743709342351457,11.047020814557213,2.064490112037686,3.1281312553315797,2.391167766585867,0.9556436474401256,44.462367325816196,1.1983893456321186,3.6428711029401257,1.7205407934600716
0.4558789867494532,11.312901176348602,0.20733217101809465,1.301691958834141,60.56264400833674,1.011787517990792,3.5895607292926073,0.6813320909352817,0.23079844106415554,10.738150242832189,1.28740181881922,1.9232176266667056,1.0001690434621928,1.0393070873593333,48.35490049693449,1.790268243836043,5.675288315650139,1.7205407934600716
0.4047759013639752,2.949161717892458,0.16729305118242035,1.301691958834141,93.02130188442773,0.48770970020976845,1.9040013358684398,0.8661444780001373,0.23079844106415554,16.493281159939677,1.8294217508137338,3.007336449624383,1.0001690434621928,0.37651343947204835,26.90634299380832,0.794439307247313,1.6680255922279077,0.8103633152940787
0.2629967299843877,3.1718002927131637,0.2037735504221918,1.301691958834141,62.69639831768968,0.48770970020976845,1.0156241953716827,1.9881489604389937,0.6169977798973738,29.717890094537303,1.8294217508137338,2.6228483025166525,0.8534396143767409,0.7080007507961551,34.10107651037204,0.794439307247313,1.220099129400023,0.809990590120284
0.4530045347687592,2.770541020029452,0.6115864996167089,0.6427327182022919,3.43672374611888,-0.21618759010593325,-0.1815539163844683,1.9881489604389937,0.38560268467553876,2.0618366942610225,1.8294217508137338,1.1899905704441625,0.6838478994748902,1.3535252321046631,7.237366597978451,-0.046985701083301246,-0.0572609497105107,1.0168753576596976
0.4530045347687592,0.649851514131277,0.5689907218403336,1.6866650774347434,10.419538391420867,-0.21618759010593325,-0.31612405890629536,2.765159799284388,0.5008471297250077,3.0940321028876996,0.3605448802030571,0.2872925010695622,1.1700249113939005,1.904692300801454,11.76642287645416,-0.046985701083301246,-0.07301136823719441,1.4524392485227247
0.4428886265239993,0.649851514131277,0.34490870423376124,1.211640108606775,20.370201634233055,0.45096712064526745,0.9014405096563883,1.942395512061084,0.5008471297250077,8.420286641184767,0.14588065673729653,0.18748031536448684,0.9280252086505797,3.8148154963282885,64.13501856335756,1.0393753325218924,3.6865026085644876,1.8421079733334091
0.4641307444937256,1.8278528451379406,0.18570863849839642,1.0721053309756488,62.17320263817655,0.45096712064526745,1.6503909606539329,1.942395512061084,0.34208636427078,19.838167231394323,-0.10783240918062245,-0.2229155779548783,0.6330421262903718,3.8148154963282885,221.22760705296957,2.2342925658032797,15.424107336860297,0.9426147096254788
1.117325910449267,1.8979504318117566,0.22051640791891003,0.38706181761427927,15.919466465081403,0.19695184643794733,0.8780195397677777,1.1298557968129919,0.34208636427078,14.069670931988611,0.20221640737317834,0.8474971187784587,0.2885934767893149,3.8148154963282885,156.8995560931057,2.2342925658032797,31.27020784958623,1.9263419898149543
1.0003474847678093,0.3212139152090404,0.17375683710408368,0.41651969174644454,27.59190772367308,0.0863392160695278,0.4536802254208932,1.1298557968129919,0.2906480262205862,19.253671983479723,0.4259120085449541,1.8695089730243226,0.1196505904350201,3.0489765837900444,201.97623838343537,2.2342925658032797,31.76442987552597,1.101127775861581
1.0003474847678093,0.3212139152090404,0.4387584533076887,0.284806374615781,2.958889233110279,-0.01183995919241583,-0.02037349062614583,1.3747976481953765,0.2906480262205862,3.0195788860731305,1.03579501252897,1.8005197519364606,0.1196505904350201,3.0489765837900444,31.676201060992128,0.90931742939073,5.1195636344457185,0.6108628759395064
1.3252449044200607,0.3212139152090404,0.4092478515164059,0.41142692631991074,4.913035368979979,-1.0260191423489975,-3.0138841308771798,0.6640783185847914,2.002552898172724,23.91339163184911,1.009208032487593,6.5402963870913,0.19184410052942688,3.0489765837900444,36.409211058064145,1.322320558324161,10.573981038357589,1.339406912774782
0.305327558148799,1.0705702518298428,0.4092478515164059,0.34369549723649634,4.104223681191643,-0.3800199603988672,-0.23506497516468475,0.34082860298438467,0.9569119469146139,11.426919191320492,0.255141522987955,0.26333690447696745,2.38552052891631,2.417864854599587,28.87281990587237,1.7826002126369933,2.924587095923791,0.8054358983039577
0.305327558148799,1.0705702518298428,0.5443392648993656,1.250001637675259,8.43725650923784,-0.14371716335896353,-0.12746039718947785,0.34082860298438467,0.37851845933168343,2.5549225205836197,-1.3485291693499597,-0.6581353472467141,2.38552052891631,0.8777895976384997,5.924901034682289,1.2300128302046534,0.914147332533079,0.35118767578980126
0.34268847555319515,0.2497934312081211,0.4288477342471381,0.7166957398991378,7.793967291437332,-1.1025628544094592,-1.0548292058187445,0.44572844676249107,1.378420955593969,14.99013771624082,-1.3485291693499597,-1.7892155166135026,1.4161414530478704,1.9149821440934247,20.825166613730893,1.2300128302046534,1.9235495739861166,0.35118767578980126
0.3330212247452107,0.34229576845872706,0.4288477342471381,0.7166957398991378,7.793967291437332,-0.7718675164738256,-0.7176190639042691,0.3826067889488787,1.5301552534605833,16.64022727129808,-1.3485291693499597,-1.8319426991020873,1.0364166191555675,1.9149821440934247,20.825166613730893,1.2300128302046534,1.8692861904763642,0.29848848089262153
0.28066225474318207,0.34229576845872706,0.6376491928812733,0.7166957398991378,3.5253414720332388,-0.7718675164738256,-0.4067498197997996,1.1944195762575853,0.28779128708594304,1.4156112603608897,-1.764981016080851,-0.589380893281367,1.0364166191555675,1.9149821440934247,9.419570390812927,1.2300128302046534,1.059520098300989,0.29848848089262153
0.34262536228809787,0.5538096915304036,0.5285915284599213,0.7166957398991378,5.130083352666589,-1.453018179153968,-1.127594026341222,1.1944195762575853,0.19994898431877586,1.431227923833762,-1.2313160023427923,-0.5047117690345128,0.4845799698771603,0.7750839374440225,5.548024054057357,1.2300128302046534,0.9926549600804138,0.16763503146685313
0.34262536228809787,1.5013560813911655,0.5496822416462271,0.6911076859428452,4.574591358905224,-0.3846941344378809,-0.28191048252933737,1.1944195762575853,0.02859359658868502,0.18926720471379316,-1.2313160023427923,-0.18353830451010822,1.1555973621741267,1.0187219797758553,6.743141279714913,0.7981599307844591,0.7101344126509953,0.16763503146685313
0.34262536228809787,0.3252082888351865,0.6715210140890876,2.161254069838027,9.585540452874309,-1.4097486161379371,-1.4954417007174012,1.1447349924823262,0.0319195828053619,0.14156894207380163,-1.210300185475642,-0.1560258657060793,0.7576286077793002,1.30378724044879,5.782524835777338,0.1721072740737195,0.14180041020823894,1.7102165071113826
0.22910610694063424,0.3252082888351865,0.7898456299073454,2.161254069838027,6.928693984799891,-1.4097486161379371,-0.8501665878817138,0.9635474681071474,0.08010788280557782,0.25681525068066563,-1.210300185475642,-0.1405206566750202,2.008731934304239,1.1069650949060288,3.548783320525407,1.5835149699411024,0.6834371474676699,1.7102165071113826
0.245367552913161,0.28860160888536324,0.8153572811706662,2.161254069838027,6.50189440696228,-0.8691045162075882,-0.5437623006410776,2.497464034995856,0.06004096527362026,0.18062661940084845,-1.210300185475642,-0.12621213356644043,2.008731934304239,2.469806226900421,7.430139527356883,1.777684264802369,1.1889682146894127,0.606007353013273
0.245367552913161,0.28860160888536324,0.8706335914021809,1.8868120565221993,4.978377206187857,-0.24659699440506744,-0.13500467584301423,2.727389661184475,0.051669263131699526,0.13632999690997527,0.47217219406679956,0.04277728845208814,1.150571741546056,0.5539542137532659,1.4616151203232084,0.9971286868069217,0.2957909321705556,0.2716544176588239
0.5728917529063624,0.28860160888536324,0.6426257048035663,2.337007235013224,11.318108845122854,0.19018411419728248,0.36655043700092554,4.920256005919219,0.034673131245387484,0.1679217195210374,0.40932792854171224,0.096094246220247,1.150571741546056,0.22209615299852659,1.075610034945467,0.9095694110532839,0.540425508160751,0.17186182968585126
2.2507869276834853,0.28860160888536324,0.7326477345960205,2.374924544679402,8.848902082269237,-0.11170696129113666,-0.7479271817012708,2.7999675729266977,0.21166030303246106,0.7886403382514702,0.40932792854171224,0.8181732107007247,1.150571741546056,0.3327168321127845,1.2396935620901113,-0.18174455022467706,-0.455462844479557,0.17186182968585126
2.1027344204171667,1.4223039934253865,0.41265354592488085,0.2805227503272558,3.294783794071356,-0.1536088305966445,-0.586292133875734,2.515080032911621,0.09333457878267785,1.0962292977695955,0.7963970445967621,1.753334449893562,1.150571741546056,0.4076722140582753,4.788174230451671,0.9200897164684876,4.233500088063631,0.37083858866113395
0.9728309536396492,1.5053932414804692,0.22903450966010985,2.0233007447248275,77.14159039703115,-0.14752399476404657,-1.2605043209077311,0.28733245358320875,0.19016858205555234,7.250482609449521,0.1677057077570676,0.43930756497346696,1.7418125374328413,0.4076722140582753,15.543157899351897,0.30073510094882616,1.1534297019267123,0.730588601461012
0.9728309536396492,1.6359551918169617,0.1253234580747753,0.8306339379822794,105.77302557723668,-1.138771369730709,-11.393610904343044,0.84697475426982,0.23368302541473532,29.757224565373065,-0.947920532799168,-5.030434776032351,3.7394083548087997,0.13589696400029588,17.305135742453576,0.8398798216037523,3.3989285327545193,0.730588601461012
0.9728309536396492,0.45459223161816253,0.3345581411117771,0.8306339379822794,14.842137898554313,-1.138771369730709,-4.267977798255628,1.3495776553272223,0.23368302541473532,4.175552585994708,-1.0296194147291597,-2.0467796125954556,0.793765620473082,0.13589696400029588,2.4282676007518167,1.762634842581964,2.672071063258015,1.1829248777723542
0.9728309536396492,0.6512963073099748,0.7373723940697016,0.8306339379822794,3.0553848331736875,-0.5071623857775542,-0.8624171334936048,1.4889648337061712,0.23368302541473532,0.8595742829346756,-1.0296194147291597,-0.9286580131866042,1.4343636523774783,0.12730614227816733,0.46827999495351974,1.762634842581964,1.1734174268411195,0.40447817746423065
0.9728309536396492,0.6512963073099748,0.894991738261461,1.5063729966779311,3.761183003525561,-0.10477749103313022,-0.19768221917208145,0.7480375889504401,0.18954027859704944,0.4732530893177861,-1.976308229825115,-1.3226312771893927,2.339337900375466,0.14554996962779274,0.3634160152465616,1.7120805336243845,1.0040690978049436,0.8637951551976746
0.38238278754988664,0.6512963073099748,0.7777196904173014,1.1552934476265015,3.8201121816497663,-0.8656144886499788,-0.6469353911052874,0.7524422569064522,0.16997650585278504,0.5620470902319274,-1.9778487155579931,-0.5669930772327852,0.8023504995310146,0.9713826182922111,3.211989629824849,-0.07654083052303173,-0.05245399522832317,3.322784053541743
0.38238278754988664,0.5804865248293388,0.7777196904173014,0.38981812270557,1.2889789708708042,-1.6569286530243659,-0.7193248421831114,0.7524422569064522,0.2186609889279062,0.7230279970609934,-1.9778487155579931,-0.6430858616434941,0.8023504995310146,0.9713826182922111,3.211989629824849,-0.07654083052303173,-0.05245399522832317,4.938510787641803
0.4088418788102413,3.1631933607053644,0.908458530760325,0.6336850410592816,1.5356535070911796,-1.6569286530243659,-0.8394712005845706,0.6256999364069213,0.2186609889279062,0.5298965460031297,-1.2752552118529663,-0.37953167475784116,0.2895268224139535,2.341605908131675,5.674578208500641,-1.4956690194537647,-1.4566582281398928,3.60813855744752
0.5193313114709971,2.0274641019828166,0.869509374176655,0.813679670442354,2.152459179994948,-0.8601027170861603,-0.6553333796683767,1.5530016635176995,0.09373663153683218,0.247965237897083,-1.346121507907407,-0.34811615013498903,0.2895268224139535,0.8772575990248522,2.3206444020099757,-1.4956690194537647,-1.1832712282549338,1.1108403016787773
0.5193313114709971,2.7155383782602502,0.869509374176655,0.6666211664771875,1.763439473156185,-0.9315138019117087,-0.6424126450005322,1.5530016635176995,0.5925009233111751,1.5673662472644683,-0.36524779318246436,-0.23747470317463834,0.3200172617451762,0.8772575990248522,2.3206444020099757,-1.2694434003670363,-1.0042969614366988,0.17966561751867888
0.5193313114709971,1.7712956123928103,0.869509374176655,0.6666211664771875,1.763439473156185,-0.9315138019117087,-0.6424126450005322,0.3932455431543502,0.1391181716133732,0.3680148300012521,-0.6194986256217613,-0.19517200111282643,0.3200172617451762,0.9567002818415372,2.5307972891028023,-1.2694434003670363,-1.0487851518838793,0.3231589015959153
0.5193313114709971,1.1851879809331902,0.5859155782665951,1.4987331198540423,8.731406547183736,-1.7616305220408899,-2.7033447846073653,0.24599489601211488,0.2503427500965344,1.4584613486394,-0.39663577085350044,-0.24876189052223568,1.8965592965165314,1.7367460901901164,10.118036348031424,-1.1904846888880902,-1.9666018331555555,0.3231589015959153
0.7735440538799544,5.369079763170653,0.5013758019890181,0.8628697961386097,6.865126174030842,-1.0681662133191618,-2.1649513962245246,0.268505049914064,0.22765242401730743,1.8112380589709847,-0.39663577085350044,-0.41291883991357076,2.521691555986418,0.3564444996128438,2.8359278246058497,-0.429843815239326,-0.559942357282585,1.038573376899758
2.5985508741523335,6.788994737181003,0.5013758019890181,0.8628697961386097,6.865126174030842,-1.0681662133191618,-7.272677380090891,0.389992979820469,0.5634453035912295,4.4828583856208315,-0.46843242422694775,-2.5772448609979652,1.5294277933018199,0.3564444996128438,2.8359278246058497,-0.3559663409905839,-1.5577140787694925,4.118470623251165
2.5985508741523335,6.788994737181003,0.5013758019890181,2.4407146577099597,19.418705064157503,-1.0681662133191618,-12.231513345598582,0.6056565366908151,0.5634453035912295,4.4828583856208315,-0.6639928163740654,-3.6531887743760088,3.9109038144512347,0.16838032493307115,1.339660028735268,-1.2649847589227987,-3.804642164184842,0.38284384201254185
3.806638336679463,2.82210791458975,1.1831431403130308,3.9122482397928087,5.589614016679244,-0.4963377808579339,-4.466937349236946,0.218352690888757,1.5827981262135435,2.26141851170605,-0.6639928163740654,-3.8009789929236493,3.93892962607308,0.06951801401632764,0.09932367317722868,-1.1056201419035787,-1.3263982650517263,0.4654835399564465
2.2767226142650157,2.416484633760845,1.104791447575537,2.5460725961359283,4.171960337352168,-0.4963377808579339,-2.3081155210211333,0.8103025471093999,0.4548310438852451,0.7452800356775141,-0.6639928163740654,-1.3050683155369642,3.93892962607308,0.05798256180162193,0.09500944649479393,1.2090802753198737,0.8484937576439089,0.2846146389816685
1.6898084514733895,1.427768639270627,1.104791447575537,2.5460725961359283,4.171960337352168,0.4860846712120336,1.67772002825305,0.8103025471093999,0.4548310438852451,0.7452800356775141,-0.24762547602301244,-0.36123726468990164,1.5968151602176026,0.05798256180162193,0.09500944649479393,1.2090802753198737,0.6297613568317614,0.18902532016614684
0.4707994293814233,1.2741577642229374,1.104791447575537,1.2827700048865829,2.1019296898501154,-0.006629818418864675,-0.0045252924810883915,0.7209795494413724,0.8922945390365142,1.46210183941571,-0.24762547602301244,-0.14096784574463586,1.5968151602176026,0.24907591784262384,0.40813245144936827,1.2090802753198737,0.3636567289074716,0.24540759145983665
5.949471890039285,2.3787899600901223,0.6935827978243447,0.44006351619767275,1.8295687499113569,-0.8812249774980987,-7.091524082420425,0.7209795494413724,0.31094456201157594,1.2927553243375687,-0.24762547602301244,-1.675065939688644,1.5968151602176026,0.19677018343846364,0.818074130852573,1.2090802753198737,6.506237057893083,0.26726736474643253
12.804495292441532,2.3595307160502905,1.1511529843423622,0.2957933622982932,0.4464289318100947,0.047665807938680915,0.4077984677773824,0.7209795494413724,0.1144295727585131,0.1727039157915657,-0.036224500950424815,-0.19275957860395937,1.5968151602176026,0.19677018343846364,0.2969772618356574,2.5527387935919967,17.812728254034724,0.2687547139449322
12.804495292441532,2.3595307160502905,1.1195972164750327,0.2957933622982932,0.47194870592805915,0.047665807938680915,0.4192922385696597,0.7209795494413724,0.3823374127495798,0.6100327802253985,0.8749011238043027,8.74979797056664,2.48874194812601,0.29597877805576,0.4722445432859877,2.518379891431495,22.159868657445134,0.4125734475109056
2.7693114898022597,3.0551166493173096,0.9013314620728281,0.2957933622982932,0.7281977922450698,0.6023085573540758,1.4233625010504536,0.7257910171339608,0.3823374127495798,0.9412559419645317,0.8749011238043027,2.350632017858901,2.3869897002904037,0.13181361893439156,0.32450486904117626,2.518379891431495,3.972863642149352,0.6700178071935479
3.9671090063681484,13.070241472879694,0.7087275758220529,0.35245836824450194,1.4033925279439496,0.9516499084743333,4.472402937974421,0.7257910171339608,1.0233282436972864,4.074612323695848,0.31133381180955944,2.493122224263156,1.8470677702252893,0.03463445854323338,0.13790491220580184,2.518379891431495,3.710096834923065,0.6339654076093845
3.6842998087086416,12.110756291787467,0.7087275758220529,0.38971706608460144,1.55174644108879,-0.7562878093446943,-3.470982648015145,1.0071802039040159,1.0233282436972864,4.074612323695848,-0.648183918664334,-4.820547457559281,1.8470677702252893,0.03463445854323338,0.13790491220580184,2.518379891431495,3.445609646030757,1.6112147158036019
3.6842998087086416,12.110756291787467,0.2818985988662327,0.39948881596921604,10.054229318710153,-0.5961621081437933,-6.96456066609007,1.5944856382743322,0.4464630235827532,11.236463805714155,-0.648183918664334,-8.005123642970066,0.1982893872239206,0.0052905728607853695,0.13315174453789827,1.3385786406597273,1.799584669448349,1.6112147158036019
6.398306071055621,12.110756291787467,0.4017471911681337,0.5771873302513888,7.152223659165148,-0.5961621081437933,-10.201168559479619,1.5944856382743322,0.6056107342121093,7.50443260698341,-0.648183918664334,-11.361147394699437,0.09310516485360114,0.001956474167275525,0.024243672884570862,0.9024935411811011,0.8991006704865177,3.095813153781577
4.3469911054318,4.9715883516881485,0.3909374536193764,0.5771873302513888,7.553221581567912,-1.3706652128243144,-16.37518649664654,1.5944856382743322,1.365510682341037,17.869423348616596,-0.648183918664334,-11.910836759298148,0.5735390447515718,0.003216431584006387,0.04209104944381314,0.9024935411811011,0.8048736896737055,5.291952248995495
4.265057467168016,2.1233477856682996,0.49131675213743514,1.7288362723040218,14.323881415672627,-1.3706652128243144,-22.125171017712077,0.4472253290183838,1.365510682341037,11.31362952005882,-0.8946849900950665,-12.835004199403839,0.5735390447515718,0.003216431584006387,0.026649015484578913,-0.3845404146452004,-0.26773642620983346,11.60438942251638
4.265057467168016,0.6256856985750285,0.7616744150216301,1.7288362723040218,5.959984442237842,-1.3706652128243144,-14.271802952182536,0.8579036399055817,1.365510682341037,4.707457006102769,-1.1139804300905798,-10.3085036665718,1.0101986271606977,0.0011153691420716706,0.0038451198882124833,-0.3845404146452004,-0.10170020307995124,18.40585605537228
2.2699223975352867,0.6817569327374566,0.8105017176345469,2.982307095413652,9.079762281299677,-1.3706652128243144,-9.375180542157079,0.8579036399055817,0.4315598757341881,1.3139026117865833,-0.36334484137884837,-0.9453912898366443,1.0101986271606977,0.0011153691420716706,0.0033957893476101795,-0.3845404146452004,-0.05086550624044192,18.40585605537228
2.2699223975352867,1.599363120857997,0.7066611464416395,2.3581277565570455,9.444411440048155,-1.3706652128243144,-9.561584116368056,2.0612342974897233,0.24121460119410912,0.9660757067507031,-1.515364351781586,-3.3809103678897996,2.674833067404035,0.0011153691420716706,0.004467105336412486,-0.5569959496674391,-0.08450378151970303,18.40585605537228
2.2699223975352867,2.3402150821675596,0.7066611464416395,2.3581277565570455,9.444411440048155,-1.3706652128243144,-9.561584116368056,2.908356297937685,2.113070603018356,8.462946132279768,-0.8516992086825405,-5.624164853918179,1.7191098080400697,0.0011153691420716706,0.004467105336412486,0.26679322074319745,0.04047612204376322,23.0812512332848
1.5240080271462566,3.912645144660813,0.8498562792659551,0.6652030944842647,1.8420155042424484,-1.3706652128243144,-2.835079787838817,2.908356297937685,2.113070603018356,5.8513089379664995,-0.3902267856567603,-1.438569490383039,1.7191098080400697,0.00033781467586843514,0.0009354434392593077,0.26679322074319745,0.012435716452015268,23.0812512332848
1.0590502391952057,5.538930718392766,0.795937833797034,0.6652030944842647,2.100032224709695,-1.3827305619028487,-2.1221061506323773,2.908356297937685,0.749047728282586,2.364727975985433,0.5514289686128007,0.8980421786148634,1.7191098080400697,0.0012792125962225172,0.004038447350285715,-0.0627618157835067,-0.0042239549254265915,10.680552711696768
1.0590502391952057,7.2430104486138465,0.795937833797034,1.2265634224704338,3.8722350124290545,-0.6415093413060375,-1.3369045492165348,1.6773900295799844,0.749047728282586,2.364727975985433,-0.44965834197157406,-0.7323013117579723,1.7191098080400697,0.0033204471151812077,0.01048258193647027,-0.0627618157835067,-0.006805283080364295,4.0958693740550824
1.3860135842077308,6.129350734229875,0.4986982421914055,3.302522210962071,26.558287500373236,0.8809958316162301,6.292762982732738,0.7717536557492907,0.5407194568469459,4.348368269657574,-0.44965834197157406,-1.2996107664842003,0.38507037670574257,0.011531878927781847,0.09273728878096062,0.46044451467621794,0.19434438065223467,4.0958693740550824
1.1555445625398415,4.6636854750315155,0.5168391365057503,3.302522210962071,24.72663159820145,-0.19635656194179552,-1.1282740427316345,0.7054780753309832,0.95628624995403,7.159902733296245,0.23944816032785232,0.7403750317668553,1.4658285039485117,0.012382944169422752,0.09271353196719789,0.7409471609878366,0.260702682384653,1.5489971534212474
1.21458657150029,1.3278422317318137,0.7345498209706136,2.057274527589169,7.625700249599931,0.09271827173439984,0.310980865604699,1.128235564081556,0.4574566603410054,1.6956547714764607,0.23944816032785232,0.37871167872351347,1.1987368325310823,0.015801353938772838,0.05857088446825879,1.0861992592204046,0.3192852593547465,2.408195241044774
1.21458657150029,1.3278422317318137,0.8366796896809262,1.8390023548767875,5.254045478915258,0.9077012345276713,2.5270760698155694,1.226218750314353,0.3030514508063883,0.8658205905857549,0.755078722367353,0.8533646772759187,0.684192193473676,0.07723825931748726,0.22067036841479062,0.8857146889236232,0.505352399877757,0.715864434102111
1.237680491075594,1.3278422317318137,0.5357885975301103,1.8390023548767875,12.812248318975707,0.8432232441626676,3.7356294352698214,1.6286546303151237,0.2721028095831428,1.8957282764892194,0.755078722367353,1.28673413351004,0.359728022842132,0.2165349842950786,1.5085896878690668,0.9853198902624755,1.497860480806266,0.5547284107620327
1.237680491075594,1.9769981975800677,0.5357885975301103,1.4653420239974841,10.208973269609597,0.7347075313755852,2.905454445444952,1.3765725138698552,0.10896618522895554,0.7591626078251648,0.755078722367353,0.81426952709413,0.36756442064148614,0.13997801634963583,0.9752206678328778,1.142017803951628,1.3958310932659206,0.5547284107620327
1.237680491075594,2.4655217054616596,0.7925893278095004,0.7798650144283,2.482864351311102,-0.08589614085719988,-0.16751692571778745,1.3765725138698552,0.4927059588414325,1.5686330816913685,-0.2408726323907544,-0.3733848471141449,0.36756442064148614,0.14631555545422592,0.4658263545081493,0.009936188487007502,0.008393447813445259,0.6867225788421442
1.58379113792219,1.7861536373072797,0.7925893278095004,0.32483567555787396,1.0341827161819108,-1.2170078359921854,-1.9601527705808008,1.3765725138698552,0.5749991722940145,1.830630840606141,-0.2408726323907544,-0.5161616746420333,0.36756442064148614,0.3748483444349078,1.1934085698506294,0.009936188487007502,0.017191441985366793,1.2536080875772104
7.65643829100759,2.875702067707515,0.7925893278095004,1.0794315660405116,3.4365974949736717,-0.5556178614620396,-7.886191516530373,0.5524476691368636,1.407680067967746,4.481645661936075,1.2421673571019387,20.13379567846726,0.8897043050878847,0.557189214053721,1.7739290914635915,0.9086002693683753,9.265476860272011,2.3315404937883883
7.65643829100759,3.8407068595573834,1.2355728065017775,1.786583603513944,2.340543174652087,0.8321391425402037,9.747226677514378,0.5121335144325522,1.407680067967746,1.8441543786114671,-0.29875994745793966,-3.1063314806648337,0.6434751361952546,0.4552019000001296,0.5963447207499515,0.9086002693683753,5.372152558377412,2.3315404937883883
7.65643829100759,3.8407068595573834,1.1779916369023187,1.786583603513944,2.574950739708678,-0.3049585478815623,-3.746727087479459,0.5121335144325522,0.899951021466952,1.2970731086247889,-0.29875994745793966,-2.605141928439835,0.955797455929201,0.18711196793608062,0.2696790115490371,0.7300818827419207,2.902832199409798,0.7257833039747918
7.65643829100759,4.61111400058086,0.6625933810505453,1.786583603513944,8.13877707608213,-0.3049585478815623,-6.6611187208184575,0.6697380338693613,0.899951021466952,4.099724596546013,-0.5208070776006342,-8.073856120550342,1.40964553874472,0.1812892607706651,0.8258627677977839,1.220682949538875,8.493439716126336,0.8652804684593067
8.589032119749357,1.4015231427347625,0.6897943800841929,0.7100753279885798,2.984661717951698,1.3668916587543083,20.28270516924727,0.558411104933344,0.899951021466952,3.782766779705855,0.5657013065062944,9.450095378450804,1.2285566198567628,0.1812892607706651,0.7620136838590019,1.220682949538875,9.152262975349004,1.5481557942404296
8.589032119749357,2.752424011955128,1.0498251971563657,0.1865727662993438,0.338566716866807,0.3515202478076844,1.7567772697552044,1.6492992871660583,0.7425044894411261,1.3473955081183304,0.04278540620802751,0.4265671762148817,3.802561431170144,0.2081732723170808,0.3777643583562051,-0.10932738907235473,-0.5771433467568772,1.447973308449324
8.589032119749357,2.734377307728598,1.0498251971563657,0.16537561257148925,0.3001010238993444,0.3515202478076844,1.6539726018611587,1.6492992871660583,0.7425044894411261,1.3473955081183304,-0.9348561304367898,-9.32044299845335,1.5479937417060785,0.23374865823360322,0.42417506777595937,-1.4930178000495895,-8.351832606407331,1.832275700393774
8.589032119749357,1.555939545879817,1.0498251971563657,0.36951477604643673,0.6705448337464864,0.6099156371029222,4.2897097230518515,1.6492992871660583,0.7425044894411261,1.3473955081183304,-0.9819097210536506,-9.789563641660882,2.2495806617724203,0.23374865823360322,0.42417506777595937,-1.3483565081147966,-7.542607897347677,6.534906996506933
7.001267189780395,3.063111239119894,0.8839505203727044,0.47854449404886557,1.224888078516035,0.4716579503926509,3.654702373692336,1.6492992871660583,0.7883563501069302,2.017886125275923,0.9631761933021615,9.57923259832831,2.2495806617724203,0.05480811349767484,0.1402874877135259,-0.9876871010624808,-2.590034225102898,3.5144123524523674
10.844192305372266,4.424265692197622,1.1448264808468123,0.47854449404886557,0.7302523890605068,-1.0229444721499905,-9.479507261481837,1.6492992871660583,0.38224402330591495,0.5832991805245621,0.9631761933021615,7.977166069354182,2.266570887528207,0.25704210671098787,0.39224275871759895,-0.6205948531204484,-4.214857026345498,0.5703074137488248
2.881423711397499,6.648205197296117,1.1448264808468123,0.47854449404886557,0.7302523890605068,0.36689547246719556,0.9034122422899622,0.6114471950739427,0.6892659532695821,1.051810469731959,0.3018721364109346,0.89206992673143,2.266570887528207,0.2579399407471019,0.393612841244941,-0.5915775855673531,-1.0694327149556215,2.555510390323872
1.3190724916972043,1.6312333728682984,0.6239903497797094,0.6304234087181093,3.238221710060746,1.4230035223854671,3.377753313534189,0.544615687867113,0.6892659532695821,3.5404712817085477,0.13222436103628435,0.32817891778393254,1.2773058246929108,0.228909450684851,1.1758122280913186,-0.8998581863744688,-1.2870983148532482,2.555510390323872
1.1659128470242799,1.6312333728682984,1.1611808599938296,0.6304234087181093,0.9351097586933791,0.5928230920067842,0.6683785358142083,0.2705623333621118,0.5781000008702428,0.8574982223671453,0.13222436103628435,0.14275593700843844,1.2415234232363475,0.32025260896162044,0.47503207486531185,-1.3051840082603576,-1.0488159881766945,2.555510390323872
0.947717082292441,1.6312333728682984,1.1611808599938296,1.1277087141397577,1.672735195065033,1.5183836754317135,1.8611176678926173,0.8341214798118878,0.6881728306034877,1.0207697250225563,0.13222436103628435,0.12660593827483227,1.7469823541991552,1.0767946479072303,1.5972141412297907,-1.3051840082603576,-1.5632629174453487,3.3725984307422086
1.052610608002621,1.6312333728682984,1.1611808599938296,1.1048395172369128,1.6388132167539564,2.189186154689115,2.949953458557002,0.8341214798118878,0.6881728306034877,1.0207697250225563,0.13222436103628435,0.14061871011320531,1.7469823541991552,1.5735552970364926,2.334061352662165,-1.3051840082603576,-2.0989187163074523,1.8620673215707377
1.63589838224178,0.8344564308040144,1.1611808599938296,1.1048395172369128,1.6388132167539564,2.189186154689115,4.584624222721046,1.0632288986529483,0.9984875430413395,1.4810608751510197,0.2313694844095343,0.4606264331540552,1.3041226742112246,2.7464899898609905,4.073880436792411,-1.3051840082603576,-4.309552803286128,1.2215791122261135
1.0998993465697502,4.8804005761944955,1.1403366685691976,0.7112003768698184,1.0938450212171777,2.203436346342692,2.5347279293610923,0.8122320340838566,2.8996306465323887,4.459708753302266,-0.23520498420371178,-0.5463270617579855,3.2239216332203013,2.7464899898609905,4.224174366237958,-1.574517428237598,-3.5593552388466265,1.2215791122261135
1.0998993465697502,10.193390468704607,0.8479425375950119,0.7417059513676496,2.06314102256037,0.12333436194762548,0.1948504856922393,0.8122320340838566,1.6768382116107186,4.664319729660635,-0.23520498420371178,-0.5587192323837411,3.2239216332203013,1.0755963880187407,2.991895949799728,-0.4872879483065491,-0.9270685695683626,0.29879492590466644
4.598459581834665,8.69202268078461,0.8479425375950119,1.3208584727178703,3.674120849422558,-0.1990810115251272,-1.7547648679946026,0.8122320340838566,1.6768382116107186,4.664319729660635,0.7099024895959318,7.050261558323848,3.2239216332203013,1.0755963880187407,2.991895949799728,0.16642668642662484,1.3237579549095717,0.5360530521122616
4.598459581834665,8.69202268078461,0.7335262144690001,1.1103369992120953,4.1271811307556945,-0.1990810115251272,-1.859811706244318,0.8555426947172454,0.8107213537146277,3.01349398941589,1.6263848226630846,12.982874268587066,3.2239216332203013,1.2613847766871984,4.688633678477874,-0.6160935985065892,-6.134543088985989,0.4747771430252127
3.6709507442419183,1.56724126648602,1.4159383199323492,0.5290795335447824,0.5277913727085274,0.8110800867208912,2.163084272896061,0.9403482380814038,0.4195605378487029,0.4185390251667177,1.6263848226630846,3.862512068198034,3.0015870440163255,2.867189595754161,2.860208790198098,-0.2799928424626157,-1.7382984995716286,0.4747771430252127
3.6709507442419183,0.826709127444054,1.4159383199323492,1.3346395943141336,1.3313901198081135,0.8110800867208912,3.4355396179641904,0.7100484844141506,0.4842006169411109,0.4830217237273531,-0.17459038750833455,-0.4454328248545478,0.8138934459095619,4.877942638640361,4.86606621124107,0.8632085600367274,6.990098614100215,0.4747771430252127
2.814048947363915,0.8536638419246112,0.9420941923492755,1.3346395943141336,3.007498001050164,-0.5474770650298606,-2.6717772731727654,0.6114270401975792,0.4842006169411109,1.091105339420115,-1.7444785583201063,-5.127794634604522,0.9413130272493893,3.707224476682882,8.353918354113928,1.3015138784803355,10.585845811379563,0.5825664888685144
17.963356416378193,0.8536638419246112,1.2347798557090572,0.9882907301504207,1.2963899213480554,-1.4607146088232974,-29.875878369732106,1.8391155354303108,0.45596590028672085,0.5981130648874231,-1.8154439356674794,-25.22098089093205,0.3697923970387743,4.21504171803138,5.529079080288232,1.3015138784803355,54.97467761252745,0.3489676225359238
6.989827030763829,0.3958228142460882,1.2977202326415684,2.601305473752927,3.089293701684624,-0.7264083992886494,-8.924355984579725,0.565395517979868,0.21597224615339858,0.25648725476973583,-1.3361260993416226,-4.7298434976890125,0.4849804155381671,1.6165520114523797,1.9198068038585838,1.1790300901023782,11.418789868547375,0.19802452878480517
6.989827030763829,0.3087792845125842,1.2977202326415684,2.601305473752927,3.089293701684624,-1.1794878647804736,-14.490704671230057,0.565395517979868,0.21597224615339858,0.25648725476973583,-1.6497088350693603,-5.839916315142559,0.9694033297049829,0.5945157525543747,0.7060430958417182,1.1790300901023782,6.924795030153943,0.19802452878480517
0.9405455972312486,0.3087792845125842,1.4022332489494025,1.4679986529277964,1.49319020176495,-1.0519494146337798,-1.2090166361147188,0.565395517979868,1.4417309211782603,1.4664717033570862,-0.6810252341208545,-0.7756751934402979,0.2661321298270154,0.5683893518563499,0.5781431810490744,-0.1645867035133648,-0.11770429367408815,0.2970532384434471
1.7785329785453696,0.27037747214055563,1.4022332489494025,1.6115966012544922,1.639252358570974,-0.7919540721169263,-1.8033699446683948,1.2793205067781819,0.6385307205704177,0.649488208711971,-1.0536950223580064,-1.510297440750441,0.2661321298270154,0.5059075865659813,0.514589199215043,-0.47466510499407294,-0.605591208108629,0.2970532384434471
0.7521751358667933,0.5436337052265392,2.0816803372940447,2.0298551203318604,0.9368433040049405,-0.7919540721169263,-0.5765705395559602,1.2793205067781819,0.6385307205704177,0.2947024267771611,-1.0536950223580064,-0.43025483326733255,1.6256638682429103,0.3115459939838146,0.14378847801984138,-0.47466510499407294,-0.13538430576152632,0.31241567346685756
0.7521751358667933,0.8653135019513924,0.8982981145521852,0.21264718681551278,0.5270461692065929,-0.7919540721169263,-0.4324573671008237,1.2793205067781819,1.0095891962307213,2.5022673768423807,-0.5058907091900904,-0.6019252109552117,2.1176781705966365,0.07603390865937877,0.18845008433380406,0.42842785491302365,0.13989263180202977,0.11564886734211939
0.7521751358667933,1.425600805013924,0.8108604107882829,0.4032634332917083,1.2266668950417092,-0.7919540721169263,-0.6597543946979884,1.3861547759957529,1.7638884014374658,5.365484023507344,-0.5058907091900904,-0.8814143761683162,2.1176781705966365,0.021596435621974126,0.0656931187936694,0.42842785491302365,0.08259554303687504,0.11564886734211939
0.7447470021069904,1.9874508208877044,0.9261723289938736,0.8031964011184708,1.8726997237617942,-0.4711061052104849,-0.48013301422113464,1.3861547759957529,1.7638884014374658,4.1126097147830105,-0.22208421737187073,-0.3354171066285508,0.785184388218957,0.07387265117278989,0.17223843788666302,2.2500802416446133,0.6954594435895723,0.11564886734211939
2.5334004016785125,1.7305931431064738,0.9560776705165127,0.8031964011184708,1.7573788649106923,-0.4711061052104849,-1.5821777290587682,1.9237681888084512,0.5378785184233369,1.1768682464841176,-0.2010869053125865,-0.5526517481273552,1.1486774648196267,0.04164698665702002,0.09112283625318335,2.523763999317859,1.9300394698405519,0.058255445995868946
0.8120646671263912,1.7305931431064738,1.0063663825780393,2.3751531292509362,4.690394461763761,1.0794378242144895,1.8984227555318498,1.8303583858143408,0.40827197633621776,0.8062455397579651,0.8776585422630296,0.6399556261473996,0.7190533957867636,0.0401036174054349,0.07919564539170038,2.0627318375086765,0.4713939862615449,0.06618495233664261
1.8881960922433434,4.7230956161215625,1.0063663825780393,1.2619365580526183,2.492041532014368,-0.5425717771577478,-1.6172677705575864,1.8303583858143408,0.40827197633621776,0.8062455397579651,0.8776585422630296,1.4880116835727202,0.5649370976292684,0.0401036174054349,0.07919564539170038,2.0627318375086765,1.0960756190954026,0.06618495233664261
2.4103081547119536,4.7230956161215625,0.6635599507217108,0.958024015375791,4.351570852883959,-0.3988712524960192,-2.0055261845289833,1.6855942605199894,0.21108696676935068,0.9588067493870498,0.8776585422630296,2.0713986818554875,1.880497703944393,0.022356737907441075,0.10154957233031896,1.972550127581855,1.5150943129557015,0.06618495233664261
5.936526360401927,4.7230956161215625,0.43040846509373903,0.7152792063360525,7.722252307311431,-1.1293885691343701,-18.63149833113972,1.6855942605199894,0.2084068633651228,2.2499890493457784,0.8776585422630296,7.815345588818036,3.4850639386377935,0.018227325601112225,0.1967847043958043,2.515537828078797,6.624588745968167,0.05814198923342348
5.746837424329572,4.7230956161215625,0.3535475492588927,0.21526016275856744,3.4442764144105507,-1.1293885691343701,-12.045401982247439,1.0441761218495105,0.06140428532890226,0.9825010303429046,0.8776585422630296,4.9994358798856195,3.4850639386377935,0.009537618353575859,0.1526069362946399,2.515537828078797,5.647378559006444,0.05814198923342348
2.2727156306635554,3.0088264722736207,0.44699215520819424,0.10776295790612596,1.0786975607451528,-1.1293885691343701,-2.6658661178172642,1.5317355470172023,0.018612028735543105,0.18630474132900302,0.7109975526653345,0.6974693997301179,7.56946302995169,0.0020100217759705537,0.02012013802249967,1.2956916206774753,0.41769783746046013,0.05814198923342348
2.2727156306635554,8.756653197454668,0.518633434626298,0.6837026089695061,5.0836566543170605,-0.8421683689099668,-4.315510026914534,1.5317355470172023,0.011485717387758528,0.08540181485615486,0.7109975526653345,0.4722225853973065,7.56946302995169,0.011979861362914387,0.08907601219654239,1.2956916206774753,0.8788750426708226,0.03718819477986188
3.3148737095116,5.491379986405852,0.8830232787108813,0.8593899676078669,2.2043267427146254,-0.8421683689099668,-4.14480303875409,0.7459825998768064,0.016958733482110088,0.04349898316970181,0.9880776234936157,0.6831209490595352,13.691309594692017,0.011979861362914387,0.030728225568878668,1.2018947810304648,0.6983966985464573,0.23566198048800907
3.3148737095116,1.2359384596371816,0.54246190132671,0.9096007442134268,6.182189583124015,-0.3419253205414162,-2.818184419058621,0.7459825998768064,0.016958733482110088,0.11526167512839842,1.2051923393186823,1.3563313910349382,3.422453596083833,0.011979861362914387,0.08142228840096627,0.1503921910442496,0.1422538162004587,1.944051715650618
2.2315293492487167,0.7689891663486407,0.7195988992761078,0.9096007442134268,3.513175310052761,-0.3419253205414162,-1.4301571997617661,0.8503535407726558,0.04002452534300079,0.1545877959381025,1.7864964655060827,1.5674452027078094,2.410340019848337,0.020595681038233796,0.07954725034862907,-0.064555207699805,-0.040629967225788675,1.944051715650618
2.0391326347429874,0.43740279533852267,0.7427559529175161,1.0882005321123944,3.944996726681807,-0.7779197759509731,-3.1506750290276013,0.4965166610004998,0.04002452534300079,0.14509882765690732,1.7864964655060827,1.3876488762615986,2.036957573475838,0.0695042856024727,0.2519702675203178,-0.4433834600642458,-0.4538366992859032,1.0578320122713718
2.6320524763783366,1.6908786326238068,0.8019970959145292,1.4690213099448133,4.567857005908472,-0.06456153048034574,-0.36318224670614907,2.003274532969851,0.010472132434186678,0.032562634171792906,1.643175934268443,0.7804379410417276,1.4967613557252206,0.1494503647181151,0.4647093210233037,0.8098952718252775,1.4531622224430671,1.046290839122298
2.6320524763783366,0.8086322467817649,0.9225939317830787,0.21534729331979016,0.5059973305048941,0.5490625845987652,1.0279938267218545,4.655852753606896,0.010472132434186678,0.0246061651145221,2.077889916620744,0.857904698405073,1.4967613557252206,0.10669762966288236,0.25070533717108384,-0.08510667134689742,-0.1121605004634373,1.6897018632334333
2.9402890926308283,0.9266307743209137,0.5843796907209025,0.24257489273695523,1.420645157132533,0.5490625845987652,1.9242198503369587,0.32221758843460213,0.010472132434186678,0.0613302723114483,2.077889916620744,1.5130386251816208,1.4967613557252206,0.04154793434555489,0.24332638489869898,0.5240748322976891,0.760112612490454,1.4009845133532741
3.9863166671301413,0.9266307743209137,0.6639151623512972,1.9644335358058151,8.913374644909746,0.27386585916119643,3.259348291464043,0.39489478112424425,0.04938691469820706,0.22408702826423016,1.5337086638325395,2.8941632526162633,0.9225418165636562,0.04154793434555489,0.18851862269401376,1.009837041704274,1.747834153798177,0.6751864118088324
3.152378444197149,1.198632864649934,0.6639151623512972,0.31780031584662116,1.441979698361041,1.2889365455579551,4.879209429768966,0.39489478112424425,0.04938691469820706,0.22408702826423016,0.9049822679121349,1.3504757109460874,1.5862134457681907,0.04154793434555489,0.18851862269401376,1.009837041704274,1.3821869085055951,0.6751864118088324
2.9984695513821906,0.8362588360540213,0.5323330537732601,1.0521434711804547,7.425711865363038,1.130283190308922,9.23540528349309,0.6445753830939993,0.053243114000293364,0.3757738694488797,1.6263210149144238,2.9892979573729335,1.5862134457681907,0.04241347296256981,0.29934152333431285,1.009837041704274,1.6566639514711672,0.40500305107145357
0.7509320956447224,2.2568586101111814,0.4733082624053252,3.373103473990338,30.114210913813253,-0.4574165278544198,-1.8849431820223657,1.6636440818490108,0.049464063961180006,0.4416025972127028,1.6263210149144238,0.8115639556924189,1.7248533782805209,0.09824443101947965,0.8771013221626007,1.009837041704274,0.7101937511715202,1.1855008872998702
1.602282422400387,3.5522440144428167,0.5342408826808529,3.373103473990338,23.636622603255763,-0.828724886559143,-6.45568245177706,2.6521479530105783,0.05783286000183847,0.4052569085030971,2.0342238632208396,2.0749279773946308,1.4506775690210214,0.10931531963614763,0.7660141394764983,0.03888649381708231,0.05453260551713815,0.3877513554791796
1.3639754846435561,3.2267844130182866,0.4677372762827762,3.373103473990338,30.835833702786815,-0.828724886559143,-6.276893975249919,2.6521479530105783,0.05783286000183847,0.5286895191103024,2.0342238632208396,2.017463377059493,3.9304134592946567,0.234656499413383,2.145154706632607,-0.7275801441180069,-1.4535056103485235,0.6026698092545141
0.6669064878215171,0.34763387727217615,0.5026087415286355,3.5774027513097186,28.32290247318695,0.4840143644796071,1.7178770254294422,1.0086460035935723,0.05783286000183847,0.45787253139945205,2.1577882005669453,0.9737468177124291,1.3193015411492648,0.06422997574099647,0.5085195783732734,-0.22510785058402105,-0.1070556080870591,1.69240752317668
0.358684041703261,0.34763387727217615,0.5026087415286355,1.6373799887523748,12.963414230059232,0.07040620380787044,0.09092486869904684,5.192235398519827,0.03533169884676442,0.27972703388863795,3.094524370227715,0.5870474179098424,1.7660428217372635,0.06018738541636167,0.47651370722506076,-0.11267823283365277,-0.027899073495459684,0.1433475235112843
0.358684041703261,0.3073231785221539,0.5190703493232872,1.6373799887523748,12.154218260120727,0.398174054688762,0.4979073393010141,1.6413245915285886,0.12253401381658775,0.9095659886195714,2.952351964099805,1.0099439957454437,1.7660428217372635,0.6039789651962313,4.483316162371298,-0.11267823283365277,-0.08557595711331409,0.1433475235112843
0.358684041703261,5.302551253330808,0.4031369461329643,0.19536097531197036,2.4041557932481648,0.4176625051773419,0.2322837600699028,1.6413245915285886,0.08918658998110546,1.0975500948473476,2.641897509745619,0.992750686651841,1.8301993066549451,0.6039789651962313,7.432700035704515,-0.028839597562872826,-0.028201652290420588,0.1433475235112843
0.358684041703261,5.302551253330808,0.41909400767162464,0.294590111778116,3.354480398356754,0.4176625051773419,0.27437856039655045,4.959328036386442,0.017978676175387863,0.20472213563015557,2.641897509745619,0.4287562087164721,1.8301993066549451,3.1737696421731836,36.13952956298973,-0.028839597562872826,-0.0621859821822138,0.5163981491860381
0.711059281389542,5.302551253330808,0.47389508443343153,0.27796156765321545,2.4754282346345264,0.4176625051773419,0.4672577020173834,4.959328036386442,0.03799941553351541,0.33840946755858353,2.641897509745619,1.092805890810638,1.939134170809137,1.3489690557341245,12.013445298950844,-0.028839597562872826,-0.0710769515721156,1.3633776905774284
0.9051897146985042,3.744183040722569,0.5919452852709259,0.114098080881465,0.6512462021792718,0.7628330728542736,0.5572392848473101,1.0074334017092128,0.03799941553351541,0.21689212351383227,2.641897509745619,1.1137237127581103,5.469605126043103,2.120110806564068,12.101115989921755,1.0652362328926275,3.3542718117822234,0.856679212336181
1.0069238488586807,8.045540305317498,0.765556251056421,0.17116207424811716,0.5840947766473974,0.32164473710544256,0.247522531533096,1.361537927272275,0.037164730539838604,0.1268255545463894,2.028006079273851,0.7272257775862575,3.2934354796251957,0.33010861524661844,1.1265037464570002,1.0652362328926275,1.1384366731204825,1.6717778437814586
1.0069238488586807,4.1729013064359854,0.9126237694435876,0.1041318743900877,0.25005188326115807,-0.6235987072095399,-0.31399078186437457,1.361537927272275,0.02628532396594032,0.0631189517936756,2.3744946401465716,0.6006862761980395,0.6544283048328293,0.30603739642974814,0.734887639100104,1.0648266551631331,0.9191491977993697,1.8439498156018355
1.0069238488586807,9.635367039395542,0.518948923970177,0.0853931599575428,0.634167306541743,-1.2581051145782622,-1.0088241717921629,1.6088723096331623,0.02207357946836647,0.16392814651839813,2.065512872941663,0.8420760149380158,0.6544283048328293,0.5879607175599878,4.366455870619561,0.5567275660875924,1.1713964150338134,1.8439498156018355
1.0069238488586807,1.8514460138540934,0.6839699811198482,0.28884634034404383,1.2348743859531468,0.1662593567860282,0.18603476689272558,0.314341103467771,0.02895321031256551,0.1237806155463687,2.065512872941663,0.7317299853058983,0.9501933316586787,0.5879607175599878,2.5136466302348053,0.4896934634575546,0.7817592818321935,1.0219474802595818
0.6340605294899115,1.6875648249044504,0.537323908238538,0.3121719048383731,2.162476916193351,-0.30651593295129437,-0.28579821602020744,0.7654317530835867,0.029141114548580337,0.20186630041572196,1.56036450541183,0.4445173263546598,2.3867766476133228,0.5879607175599878,4.072920911989968,0.631387691300864,0.8079413185605152,1.4068029579880783
0.3762362035601859,1.6875648249044504,1.0189103436758038,1.382486796392761,2.6632936014437747,0.766536452103475,0.47065526204915753,1.3341220326763423,0.04700339577060521,0.09054975680680412,1.098819254418978,0.12440289542266186,2.6200068554998506,1.788501755247915,3.4454616806115874,0.631387691300864,0.44094092292674114,0.30059992583766104
0.3762362035601859,1.989003909510568,0.895241688743138,1.382486796392761,3.4499308665006025,0.4907193680465051,0.34292486708075387,1.3341220326763423,0.04700339577060521,0.1172947664472927,1.0663327876109816,0.1374018765231717,2.9960084927323307,2.60665205664022,6.504777775740543,-0.4340274031844844,-0.4164798228398204,0.6222441621585675
0.3762362035601859,0.8987377276881129,0.5245504707496433,1.382486796392761,10.048851437404462,0.3972043847389994,0.4737321184230644,1.3341220326763423,0.05046239420652164,0.36679489734020787,1.4174972958451597,0.322994007702441,2.9960084927323307,2.7581344329935797,20.047991224118867,0.20012774532376287,0.33713459341372976,0.8112999460260211
0.3762362035601859,1.9870861625652716,0.5245504707496433,0.6056426833421689,4.402221681202537,0.3972043847389994,0.31355271939679497,0.3702233834496827,0.1990376527184021,1.446740618308735,1.4174972958451597,0.641472672921732,2.9960084927323307,4.242372237825114,30.836437983572853,-0.5757875684534695,-1.2029704800991516,0.8112999460260211
0.34163360559668854,1.9870861625652716,0.5111092965602109,1.1192905945209806,8.569298856466485,0.38557065963442505,0.3856001618951536,0.3702233834496827,0.1355062859797086,1.037437343951675,-0.6447088488757549,-0.2243391934258286,2.9960084927323307,4.242372237825114,32.479640000779504,-0.550448051593404,-1.071722940004378,1.4079324113424059
0.47724073043637494,1.9870861625652716,0.5111092965602109,1.1373466995218038,8.707536558715748,-0.42158399091360044,-0.5937030305322339,1.2519041390139725,0.5467910359131652,4.186237087770849,0.192413187410868,0.18788159835259668,0.3657984402243833,4.242372237825114,32.479640000779504,0.0988017118457617,0.26872469242887254,1.4079324113424059
1.9773027343754555,0.5164847604356342,0.5684165675724803,0.5731446957554096,3.5478137916483203,0.1484394509691246,0.5528444004180594,1.2519041390139725,0.5467910359131652,3.384682424401709,1.2594497087339716,4.581555589528407,0.3599813841517002,4.242372237825114,26.26064036905087,0.0988017118457617,1.0011295772647093,1.4079324113424059
1.9773027343754555,0.5809825916272183,0.5684165675724803,2.082701200882646,12.892095310478549,0.5972837277278098,4.2404857078645835,1.2519041390139725,0.5467910359131652,3.384682424401709,1.2594497087339716,4.581555589528407,0.1877786461156567,4.242372237825114,26.26064036905087,0.0988017118457617,1.0011295772647093,0.4108441494990246
1.9773027343754555,4.195873972286154,0.4530244395126562,2.082701200882646,20.29615167085365,0.7996326946190787,7.123124901214857,1.1781290326412208,0.5461581024088275,5.322370620450697,0.9364189631737372,4.271652577792945,0.14000322806368598,4.242372237825114,41.34238283755088,1.088767591360606,13.842231370261011,0.4108441494990246
0.8965980075373616,1.354115180862229,0.31530748711299206,2.082701200882646,41.8975276597293,-0.41390846531295666,-2.402128723463901,1.1781290326412208,0.6240072688291451,12.553102573984832,0.3394612787579192,1.0783594563037524,1.475636002557458,4.242372237825114,85.34345114019108,0.37654685587770653,3.1189031971033874,0.4108441494990246
1.439218473353169,0.9356324914989558,0.31530748711299206,2.082701200882646,41.8975276597293,0.02163550944616488,0.2015524347988445,0.6701162608509188,0.7298124406502268,14.68157645734241,0.8875159669119322,4.894284889272918,1.475636002557458,3.3148872182589715,66.68531177541398,-0.008762771546938442,-0.10298721338911881,0.4108441494990246
1.9499994999491101,1.0095397560312278,0.35368111978705474,1.0350708920492497,16.549174582315082,0.02163550944616488,0.1716286532427017,0.6145298431251236,0.4966849496524724,7.941220265535242,0.8875159669119322,4.8770172994654635,1.475636002557458,1.7653743178072612,28.225591129015783,-0.008762771546938442,-0.09078153304131574,0.4778717081260722
1.9499994999491101,0.7561376550096042,0.3015535855511037,0.7105701709835455,15.628164522611566,-0.5209080557825897,-4.015591821669269,1.7164231073446847,0.3926870588748939,8.636695167632373,0.8852034046784699,5.072842414346647,1.475636002557458,1.9938289454198268,43.851948845299525,-0.24262228579151995,-3.1329945498639584,0.7811186616014213
0.9397114992706214,0.7561376550096042,0.2638302540639465,0.7105701709835455,20.416804798763454,-1.0910676878816177,-4.632763432293378,1.151855090047664,0.7612393040955204,21.87268043541991,-0.39536988783192306,-1.7375973068541177,1.241576481809951,1.9938289454198268,57.288664854049514,-0.24262228579151995,-1.7256772819716006,1.9216517021534978
0.6616741261993248,0.7561376550096042,0.535700683005998,0.7105701709835455,4.952136052675538,-0.39128358853795975,-0.5761453608097648,2.7874695797893776,0.2418209877513612,1.685309179358806,-0.5056960256159124,-0.43438366583544014,1.241576481809951,1.32098156697705,9.206241283238949,-0.3485882902323963,-0.6998389716910277,1.082090242919519
0.7764661716026974,0.8945965688966943,0.535700683005998,1.5166897140014306,10.570178879071694,-0.10256657856898166,-0.2589223717163336,6.145014403410186,0.12510960915843733,0.8719192436576263,0.8976221091674033,0.6508099918448861,1.0983255525679538,2.4393193994091367,17.000209177208138,1.2425849838828185,3.978100705946437,1.363490831067484
0.7764661716026974,1.0747870200695895,0.535700683005998,1.8226953948484919,12.702806769078279,-0.1586103241747107,-0.4389386647298151,5.782257840966508,0.12510960915843733,0.8719192436576263,-0.024957615863648863,-0.018095215804961772,0.47811513351684076,0.8276498600246672,5.768092833318398,1.2425849838828185,2.31720662379655,1.1148605676342798
10.058432641015767,0.3820224428382608,0.535700683005998,1.5042655262754328,10.483591698135067,0.45117091787093555,14.693540643754467,4.675630589766605,0.1454937524273374,1.0139812875020773,-0.024957615863648863,-0.25278329938385513,0.40234198213819994,1.8590179516103165,12.955947486506101,1.2425849838828185,44.987411204594416,1.1148605676342798
18.456937915152793,0.33255539187240646,0.535700683005998,0.7419906157027588,5.171112761013494,-0.6279467111317234,-26.355693331574013,3.2342434707907004,0.12401595496090646,0.864297302008632,0.979754379569723,16.81157658985402,0.35919364234775975,1.5312319544174637,10.671527283482243,0.7227858554754778,43.57953439827447,0.37830440626228073
22.9782364600894,0.4320302160608668,0.535700683005998,0.4282716812067258,2.9847293334987235,-0.649498918083715,-25.783840333983196,3.2342434707907004,0.2648380602791326,1.845720746500799,0.979754379569723,30.585592970498123,0.3363662538098481,0.7931539807675787,5.527682674950342,0.7227858554754778,39.04791877157474,0.4312320420187829
27.05004761133509,0.4599408646763983,0.6670032486935796,1.5665098862903746,7.042181877726268,-0.16977710395878703,-12.187111196244228,3.2342434707907004,0.3361824021537567,1.5112944008696976,1.218080669126146,40.50593127767242,0.46827855017710307,2.7525968266143805,12.374187778012832,0.19182348375602576,18.252743842405135,0.6398406725214133
20.28025648885078,0.4599408646763983,0.6670032486935796,1.5665098862903746,7.042181877726268,-0.14106135116099244,-7.591631190174084,3.2342434707907004,0.1826417335020402,0.8210585308404261,1.218080669126146,22.383941041380293,0.46827855017710307,4.334485161339551,19.485502849102808,0.3543575421272903,31.722757616381493,1.1698981517897484
20.28025648885078,0.6299629511478826,0.6670032486935796,0.5611021421993182,2.522412001309886,-1.3303688080987564,-42.85026471352482,2.297022554509117,0.39700637704745206,1.7847261215861165,1.218080669126146,33.00162190891211,0.4840933454828294,1.242754932994579,5.586754570897803,0.43332705379578496,20.771556625329605,0.8542252129898531
5.55068730334059,0.6299629511478826,0.8448648071844936,0.9068766835523622,2.5409948904464192,-0.42485840212174975,-3.7591778186072626,5.195373967984469,1.5413444290067708,4.318722037468858,1.218080669126146,14.050780184030637,0.8857496560140883,1.242754932994579,3.4820984948544855,-0.46515383152984435,-4.817967770735888,0.31083282074503815
3.9532148477455613,1.497822085031683,0.8448648071844936,0.9068766835523622,2.5409948904464192,-0.003723556392540517,-0.023464442994029368,3.98253335876676,1.7291654018227458,4.844981164977359,0.6976666785005828,6.070779310481504,0.8857496560140883,0.7056212383482781,1.9770934612742468,0.07920360668807624,0.4402597434885274,0.31083282074503815
1.4998513656185657,0.4639452582618545,0.6619014092426244,0.9068766835523622,4.13991686696523,0.31175620963883344,0.9513912340497809,2.0968542038198774,1.2061009565348155,5.505883858059386,-1.2622637909215952,-4.4423407717633365,0.7918819255461139,0.525408832173088,2.3985056908129008,0.07920360668807624,0.18397701065143002,0.31083282074503815
2.2934229960620107,0.57857880368873,1.1216105921071557,2.11121385780537,3.3564332878551473,0.3125042730622829,1.3130435562906295,2.0968542038198774,1.4551435274692048,2.3134047534538578,-1.321782020600351,-4.610731313209912,0.7918819255461139,0.2638963255112401,0.41954556532199494,1.0921439222413079,1.6223838091431266,1.1167104585003944
3.852362911411582,0.57857880368873,0.7039962792540919,6.376982410989139,25.733833524931732,1.5664451631656369,30.612206386390728,2.0458228309194992,0.3684604326744594,1.4868943998699395,-1.321782020600351,-6.2090777205943715,1.013745311684712,0.38331154484003355,1.5468249475017455,1.2028226270396623,5.763009908179369,0.7664719385672474
3.852362911411582,0.48689120451356016,0.9058029179508292,6.376982410989139,15.544536751895947,1.327745072983455,20.166511741047483,4.488168432534688,0.13338275416938392,0.3251338941569212,0.15943663262803498,0.35022442357513006,1.013745311684712,0.38331154484003355,0.9343604877949947,1.7089153596131017,6.363630850571401,0.6854568149386815
16.360857286102192,0.318029603053392,0.6067023178153068,5.458861381931435,29.660656119228488,1.327745072983455,118.30718795929837,4.488168432534688,0.10369284612634447,0.5634138029512265,-0.029500370919286145,-0.36228243171059993,1.013745311684712,0.3889480036675722,2.1133441899128225,-0.8740496350488853,-20.788696996247396,0.6854568149386815
16.360857286102192,0.318029603053392,0.8376928931649779,5.458861381931435,15.558309263261304,1.327745072983455,85.68443845563512,1.9486712377523243,0.10369284612634447,0.2955351410389958,0.444189995293019,3.9507485848077866,0.5590274569761112,1.8183473257444287,5.182474524008953,-0.8740496350488853,-32.554478309332154,0.6854568149386815
4.209782315835743,0.318029603053392,1.108026702979873,1.3114598202912293,2.1364096524573015,0.8497596019033652,5.2287513026145716,1.9486712377523243,0.09754793992679774,0.1589086887851866,0.444189995293019,0.7454220477972363,1.4871640626209246,1.7072525300397552,2.7811685329018503,-0.1817208608602534,-1.275786723772846,0.6854568149386815
9.473597341361607,0.318029603053392,1.108026702979873,2.758932035226538,4.494387810693847,0.8497596019033652,17.066571104168826,0.3058052067770332,0.06594556213985188,0.10742741280553783,-0.9349863838908279,-2.903205423643315,0.9831434791562286,1.7072525300397552,2.7811685329018503,0.351019679853794,5.545746849279187,0.6854568149386815
1.2681673434177765,0.3844739960059254,0.43722703315296435,2.758932035226538,28.86403123156328,0.8497596019033652,5.789634385720129,0.5959210549976391,0.09122648972336621,0.9544143222451357,-0.9349863838908279,-1.1583780665932093,0.9539981168908518,1.7072525300397552,17.861328121911004,0.6389690384059065,3.424626827967946,0.6854568149386815
3.8377034666298195,0.25751599824299165,0.2571652147547947,2.758932035226538,83.43466954614911,0.6982304712303474,24.476171486928585,0.5138832594598238,0.09122648972336621,2.758839988350509,-0.9349863838908279,-5.959913504458795,0.3499382709003967,1.7072525300397552,51.63014124920181,-1.2115975309246876,-33.410382727344825,1.2581709636887706
3.8377034666298195,0.4305372010362126,0.24035993825577326,0.5120800992203375,17.727346210570353,-0.4193613424449384,-6.776129097755787,1.4585828389231017,0.03568325929585224,1.2352940339260166,-0.9349863838908279,-3.98806173667895,0.4319128529908382,1.7072525300397552,59.10219263542298,-1.2435101957015988,-36.68787531656461,1.2581709636887706
5.063151980465503,0.5286638611373408,0.16726513121335726,0.3387802154173883,24.217940305901024,-0.21867899925639786,-5.448747010319243,3.2004803361238423,0.02427726700437204,1.7354773872433331,-0.9349863838908279,-6.236425372546586,0.7687152150994061,1.7072525300397552,122.04413946859762,-1.88319252807463,-105.3353520069055,4.280919864324495
1.5707276710689302,2.8166106095429715,0.5049983325549948,0.21878578591283623,1.7158100635232283,0.8939001961685659,1.8391812577508315,3.2004803361238423,0.02427726700437204,0.19039252877943952,-0.9349863838908279,-0.6408127321735062,0.7687152150994061,3.7490570041564633,29.40168032221557,-1.88319252807463,-16.03916269228715,4.280919864324495
1.1055814550428158,2.8166106095429715,0.5049983325549948,0.2071183141973007,1.6243088478392986,0.7790914564124148,1.0977753940457469,3.4204366955147822,0.00848084053475824,0.06651031499126361,-0.9349863838908279,-0.26658796158542514,1.286479706379034,4.9731362377648125,39.001424011285735,-1.88319252807463,-13.002465188378778,2.061958656143604
2.8261160782083876,2.8166106095429715,0.6015044191179378,0.2071183141973007,1.1449086947632943,0.6743650094038194,2.039249904690804,1.931996199865678,0.01823091482078427,0.10077685777184132,-1.8161809782540022,-1.6294068024463981,2.432358767440799,1.5411731249544747,8.51929737712635,-1.8540666936093646,-15.293864468063084,0.695690578724692
3.2694804806837405,1.9252228214225318,0.6015044191179378,0.034735310061481894,0.19200985996248443,-0.32191573318641153,-0.4611930107742838,0.43178085434980706,0.041850679189369806,0.23134220009156106,-0.7215994742217673,-1.1347557386561953,0.3786561386053563,1.5411731249544747,8.51929737712635,-1.133649565314692,-10.818311039980253,0.9987675371016927
3.227481395347939,3.6536537455745677,0.6015044191179378,0.034735310061481894,0.19200985996248443,-0.5031597585430283,-0.7115925833543337,1.7918918692086778,0.06865121573698241,0.3794902160533625,0.011017262277501993,0.021904721083602918,0.9202275479282398,2.1893623230355868,12.10235786895602,-0.9581565083994473,-10.758090587563489,0.4226773964830329
7.063782610204348,5.900676073552553,0.6835467433051265,0.018541304462168336,0.07936588147529379,-0.5031597585430283,-1.0012906190385114,1.5442165421867597,0.06841008383012419,0.2928287282081337,0.011017262277501993,0.04211316232305924,0.9202275479282398,2.1893623230355868,9.371545081472416,-0.30264525274648413,-6.544504800490022,0.4226773964830329
7.063782610204348,5.188504237534396,0.39380172452123974,0.0016656532381676375,0.02148124071755497,-0.8056924213715579,-0.8341348852865617,0.42483062843810393,0.025124048250105644,0.32401445624642555,1.047937137747395,4.21361401987227,3.0201387633770067,0.7656083189329058,9.87373375052097,-0.30264525274648413,-6.717565307826836,0.38476062091814067
7.063782610204348,2.994001383283946,0.8959847899994738,0.0016656532381676375,0.004149667644950288,-1.1159810577289702,-0.5078094816912128,0.358760656047729,0.03483885329329318,0.0867945734355775,1.047937137747395,2.1808150888671833,3.0201387633770067,0.7656083189329058,1.9073718328525913,0.20680851703828584,2.017545919694097,1.136161312077594
7.063782610204348,1.4109781972608537,0.9543188147228854,0.005438849371374728,0.01194400714546338,-1.4705402320446237,-1.1352441254741596,0.8088394918498523,0.0923995732973904,0.20291445641246839,1.047937137747395,3.334487174151791,0.533212687023554,1.3218170149197424,2.9027815983081626,0.20976579971063167,2.5245221643666262,1.136161312077594
6.494445065984103,0.745691932798231,1.386611944024215,0.005963578531833878,0.006203361133684052,-2.4277888614786085,-1.241842430741252,0.8088394918498523,0.0923995732973904,0.09611476040808666,0.7545257178261707,1.5191866615763405,3.2196003168305536,0.5419833870259999,0.5637753674630714,-0.1694175182785699,-0.8261395459772694,0.8329476568789629
6.494445065984103,0.3488206266169988,1.386611944024215,0.005963578531833878,0.006203361133684052,-1.188628671922514,-0.6079974838874623,0.8088394918498523,0.509354080716866,0.5298341072789939,0.32783844895027864,1.5497865586948985,2.095913577581532,0.258900299664092,0.2693101210728084,-0.1694175182785699,-0.5709876315303987,0.8329476568789629
2.4033438508635303,0.3488206266169988,1.0813369839342866,0.005963578531833878,0.010200344141294747,0.5659616730776635,0.13737583478400914,0.48309081403425785,4.745738219735627,8.117301178712362,-0.8714783526490841,-5.9673064889546605,1.340319634275514,0.36829798739802294,0.6299516637455624,-0.1694175182785699,-0.32316762001365335,1.5171469641307587
0.47431079644732643,0.674668599302882,1.0832739442063726,0.005963578531833878,0.010163899071211537,-0.19143484892221263,-0.009154069009961512,0.48309081403425785,2.7174885017176473,4.6314941123350035,-0.9708569852691122,-0.9910118057374212,1.340319634275514,0.6639711638662213,1.131625224637709,-1.5411188837013405,-0.7775896335125863,1.5171469641307587
0.7531559799308676,1.018738239592193,0.9910966654714336,0.016746855669402972,0.03409818346585604,-0.0846001101358591,-0.011765800457230876,1.088003291854359,1.4125611357227048,2.8761081909012405,-0.9708569852691122,-1.2400602824407496,3.898655562283661,0.6442243848407103,1.311701832339247,-1.5411188837013405,-1.3293478370392298,0.6066652111487598
0.9583920826495176,1.018738239592193,0.5953498492503798,0.0046955099404970705,0.026495264778981356,0.6958455941536048,0.10855260029030821,1.088003291854359,2.093210019475475,11.81131642927549,-0.9708569852691122,-3.1977729853280934,6.027227796362968,0.38670135451999127,2.182032390141907,-1.5411188837013405,-2.18177497359521,0.2179180219487042
1.3890044154834207,1.018738239592193,0.9180666818541476,0.00959864000154867,0.02277672333501131,0.6958455941536048,0.14586870633934737,1.453356948009556,1.4088877101113064,3.3431658628853027,-0.9708569852691122,-2.465686445717075,3.8213943801989054,0.38670135451999127,0.9176080948712416,-1.5336336102928982,-2.040581110551222,1.2599427986789937
2.0196938088900485,0.6994744471967708,0.6587988403689538,0.0924689677832596,0.4261086527538688,-1.9833684106058191,-2.6148639803691545,0.7381525402102164,0.6688537396219248,3.082162294140824,0.04245728142674987,0.15054469921039992,3.8213943801989054,0.49791349660260026,2.2944481193150295,-1.5336336102928982,-4.691873269304406,1.4184876928394439
2.5932536326751188,0.6994744471967708,1.0798032048890718,0.5202484890275523,0.8923836382430375,-1.9833684106058191,-4.85874589019556,0.4542017414640961,1.1683593596662438,2.0040899649764308,0.41180716044655113,1.5118109807831828,6.050278839429022,0.49791349660260026,0.8540723654173055,-1.5336336102928982,-3.6754790162251423,0.3521149750237841
2.5932536326751188,0.3662087638542428,0.5934601457089608,0.39544916591733736,2.245626588583369,-2.0392227909664884,-7.924619925928518,2.7907584422992855,1.1683593596662438,6.63473100771491,0.41415583699147607,2.766434814934001,6.050278839429022,0.32154744321237677,1.8259628549062437,0.18675723374159925,0.6544378311953953,0.9292816104001353
1.7945850098949452,0.5235476831554342,0.5934601457089608,0.39544916591733736,2.245626588583369,-3.1103753529279974,-8.364608299898576,2.7907584422992855,0.633383641363001,3.596778722542121,0.40767024939485513,1.3874901702726505,6.050278839429022,0.32154744321237677,1.8259628549062437,-0.19999483666271356,-0.4849855381757668,0.7922954033244084
1.382263404184484,0.8450948453365495,0.9583935392667254,0.39544916591733736,0.8610589887134773,-2.7127447905587347,-3.47949487085507,2.498987428078128,0.16497597783481294,0.35922202113369817,0.2924084756713574,0.2422491394357908,3.1706631312531472,0.5213094720456161,1.1351097574452493,-0.538654499719905,-0.7932681739801349,3.5546351288158666
0.43878075553723284,0.8450948453365495,0.38928005732688864,0.10559736072037929,1.3936661384938207,-1.2694252141566023,-0.6575580002835248,2.0008055301479586,0.21517377462054266,2.839847525873602,-0.7542437303836873,-0.55770789429131,2.3483121238988955,0.5001053949501983,6.600353928028237,-0.538654499719905,-0.6072135801077361,1.3515521898794784
0.43878075553723284,0.33369169328153175,0.35328456720393386,0.04441470602873414,0.7117171895771406,-1.2694252141566023,-0.4699032183491457,2.0008055301479586,0.06923966555187247,1.1095212505056027,-0.7542437303836873,-0.34859976719896596,1.021651170644857,0.28744445321706075,4.606113080447535,0.46887890401285626,0.4415456013515715,0.7864338950971561
0.43878075553723284,0.508508258262573,0.35328456720393386,0.4022610657332896,6.44597568640402,-1.2694252141566023,-1.4141615452231513,3.380349565259238,0.0743689686206833,1.1917150437564614,-1.9680403581510186,-0.9426875743802353,0.523471496745482,0.7443105502393739,11.927099385646441,0.718141510879797,1.0882408437041662,0.6651036706653143
0.43878075553723284,3.87329993359765,0.4210105993842212,0.6222570158635161,7.0212387010848225,-1.2694252141566023,-1.4759157284234723,2.4489338317393012,0.0743689686206833,0.8391424561355749,-1.4125541587781503,-0.5677674972750131,1.4574126405795915,0.26215803231253815,2.9580608580502785,0.718141510879797,0.541952413972899,0.8105381543706848
0.43878075553723284,2.010172382422089,0.4210105993842212,0.228458882985037,2.577816416573728,-1.1291235542438922,-0.7954539290824121,3.0157080508223615,0.12464805916104289,1.406466708586834,-1.0577513519316064,-0.550422133142479,0.4351967010126457,0.6184536710867328,6.978323650133951,0.718141510879797,0.8324020797531614,0.8105381543706848
0.43878075553723284,2.010172382422089,0.5935969813128564,0.228458882985037,1.2967452841967637,-2.1307929710288054,-1.0646728166461494,3.991929902795084,0.12464805916104289,0.7075092935298474,-1.0577513519316064,-0.3903886971866541,0.4351967010126457,0.8541084788722666,4.84796707266849,0.718141510879797,0.6938050129227242,0.38747378886256884
1.2987891108312235,2.010172382422089,0.794947775435682,1.5402818656672879,4.874757333243107,-0.3084655839082322,-0.8845489177084872,3.991929902795084,0.22104091214452717,0.6995607956187102,-0.4907905924331655,-0.5331477734164545,0.4351967010126457,0.8541084788722666,2.7031231514005625,0.6421997091029221,1.3713289971307359,0.25388513555504033
1.2987891108312235,2.010172382422089,0.4729296621321287,1.5402818656672879,13.773270927986943,-0.8776731708985284,-4.230483512897453,0.6441923627422241,0.5454832138529438,4.87773586025489,-0.4907905924331655,-1.4078098763362377,0.184947231578793,0.170058799275265,1.5206735652189523,-0.8076895028253193,-1.293603183254682,0.5297022964392848
0.8311546993919906,2.010172382422089,0.4729296621321287,0.8532580514963645,7.629872542616958,0.09563640421468944,0.21956532008607943,1.4750241961667703,0.5148694283205373,4.603985989099683,-0.5111532580329453,-0.9115909283786291,0.4571775301012623,0.20030182462333626,1.791108081839392,0.22498780048095668,0.25026593035895595,1.8165653617203785
0.3629066137648226,2.010172382422089,0.38527037998858427,1.0283234700368031,13.855700946970641,0.718756785061145,0.9709370890258028,2.4542905324300714,0.43594505353252255,5.873953543860629,-0.5111532580329453,-0.4495844379701585,1.3070694217844079,0.16816018655013673,2.265801884247668,0.4003616619817837,0.21870480931779002,2.9207986711512453
0.7403976866701266,0.7303036863362674,0.735587856267335,1.4441603910272174,5.337972391896487,-1.0381573958274721,-1.775891452760353,2.4542905324300714,0.43594505353252255,1.6113602579040578,-0.5111532580329453,-0.4804105216773057,1.3070694217844079,0.16816018655013673,0.6215614545295168,0.27079861896439217,0.15807148580333102,2.9207986711512453
0.4870191755636134,1.6358418392909364,0.6228744758030198,0.4633820161801162,2.3887357051650344,-1.0381573958274721,-0.7814358184114708,0.27222272486220095,0.4691181082364103,2.418305277191018,0.8663894152646595,0.656167567756204,1.3070694217844079,1.9743581083157686,10.177822063519143,-0.04590785067471437,-0.07132806596975658,2.2855324399290184
0.4870191755636134,1.6358418392909364,0.6228744758030198,0.4278654869357739,2.205647888704498,-0.42307704079015584,-0.3060085848419737,0.27222272486220095,0.360825381301867,1.8600559399148788,1.239956561726773,0.8235984775055953,1.3070694217844079,0.9926876903367715,5.117308068044546,-1.2038768108024105,-1.3263217503539586,2.2855324399290184
0.4154535601863838,1.6358418392909364,0.3329643819465162,0.25458957130655113,4.592773718186793,-0.3078314662390773,-0.27407727028453793,2.4625506807402235,0.360825381301867,6.509258488449719,1.6679683750375984,1.767974741522195,1.3070694217844079,0.5448654736826433,9.829325744312797,-1.2038768108024105,-1.5680734370660347,1.2205409316025848
0.7129387294598102,1.6358418392909364,0.29175648614571525,0.10122996016968973,2.378471884479098,-0.3078314662390773,-0.3384653616085739,1.6906763657849995,1.2739293407726073,29.931900741257852,1.868802929737026,7.289250281584908,2.6746852041638296,0.5448654736826433,12.80201244577379,0.277448785781796,0.7077406798224122,1.2205409316025848
0.7129387294598102,0.6235853482594964,0.4151927027692277,0.10122996016968973,1.1744638067136268,-0.5389771246078309,-0.416430336472119,2.8040216021979463,0.13588695416433097,1.5765521314345632,1.868802929737026,1.672899618499007,1.633880909313396,0.5448654736826433,6.3214959019587456,1.4018027859392743,2.5127486999377138,1.2205409316025848
1.0780199822532495,0.8443347538004689,0.46214275581374736,0.1275107634860973,1.1940555794444254,0.7001831329071161,0.8248039398390198,2.8040216021979463,0.11286741238730412,1.0569300960480055,1.868802929737026,2.0711590441559125,0.8565050309211876,0.4955188760735057,4.640212814348898,1.4018027859392743,3.2552374958234105,1.4945677351285713
1.2161117703245934,0.8443347538004689,0.7859412728239622,0.07909336415602035,0.2560883678135961,0.7001831329071161,0.4309035405916585,2.3567107275453574,0.17739080444921718,0.5743556625930042,1.868802929737026,1.722373963270089,0.6094577284087319,0.3164664761287172,1.024654649657544,1.3577242752619518,1.6713747329795268,0.33946006651751237
1.0926078549358018,1.1393934840392326,0.7859412728239622,0.07969970738942155,0.2580515849637761,0.8977644240400113,0.4982874801571026,2.4680488981997835,0.0881009685135726,0.28525317477876566,0.7978742987369405,0.46560114266212094,0.27458464678238015,0.2169895582296217,0.7025684441744332,1.3577242752619518,1.2434267929838092,0.5052023247199741
0.4152498192427978,1.1393934840392326,0.7859412728239622,0.04750634516465252,0.1538159683030648,0.46330110228584587,0.07545247627446465,2.4680488981997835,0.13095748692552822,0.4240139414676315,0.06215287901890609,0.01680586114220087,0.9126549893543211,0.24200249862782314,0.7835553025429629,1.2439239590486366,0.45723357329395653,0.5117209244649203
1.5871685512495857,2.0038003367130477,0.47384296512552604,0.04750634516465252,0.4231679240573302,0.1574722824645547,0.16258614822795714,0.9067899390216786,0.13095748692552822,1.1665180238549315,0.22549827650294726,0.386555630261124,0.9126549893543211,0.29235740648865005,2.6042053194746537,1.2439239590486366,3.1860639839549902,0.5117209244649203
3.4346288599101173,1.0441496919563957,0.624614997919921,0.011187560477883933,0.05735094462989695,0.5097214079064476,0.41925956230928996,0.888460754542074,0.11868139280110365,0.6083980507270121,0.22549827650294726,0.6041112851344297,2.155628509330975,0.3997301138249339,2.049141961752533,1.2439239590486366,6.115890075618653,0.5940887901782297
4.378394377250846,2.2231845404199126,0.5853918027806091,0.020096708671907278,0.11729018170516635,0.5097214079064476,0.7643259080894,1.1997338971080171,0.11054551915743391,0.6451754981546858,0.10652696912684285,0.3746393412270645,0.7782472097869575,2.147004979114678,12.530539613895805,1.0982977521813622,17.02236345137778,0.5940887901782297
6.133953334097823,7.881569100867273,0.2883715025393988,0.021739618142496923,0.5228501373904623,0.5097214079064476,2.260799012852885,1.4568167943437915,0.07643315173757305,1.838260618251417,0.8885298816850471,7.389516907809667,0.7782472097869575,1.5240667057150692,36.65466804670513,1.0982977521813622,40.78732352983209,0.5940887901782297
2.175152655676665,9.08503781617282,0.6099878855828657,0.14586894034621856,0.7840619959455635,1.1504029077126368,2.2157201869717422,0.9557556363462002,0.05609218077606242,0.30150179408881256,0.6583720837779684,0.7863322718479218,0.753781117054124,1.5240667057150692,8.192030328052729,1.1037107469663368,6.871329724771305,1.4720747457360217
7.615326256216348,9.08503781617282,1.0080415235823867,0.295989128838299,0.5825710671273827,1.1504029077126368,6.686716966202359,4.830268365184445,0.04726370472105365,0.09302526415008987,0.3378674959247652,0.7847573340960531,1.2133321899731646,1.2403413629420712,2.441261928258687,0.9645839727654976,11.477194587028496,1.4720747457360217
4.152354452250561,9.08503781617282,0.8445677393548557,0.23912152891826424,0.670470536780726,2.1422315053603707,7.283676852157677,3.8126806042790413,0.07798010275043821,0.21864765412726095,-0.5447117018640097,-1.0576294486671165,1.2133321899731646,0.687833625908985,1.928610035513225,1.1754510877926942,6.778306330523545,1.0384712221407004
1.6998810891665106,9.08503781617282,0.8445677393548557,0.3225334877604076,0.9043485195446278,2.1422315053603707,3.463002942475033,3.3681622284251844,0.07798010275043821,0.21864765412726095,1.2978522569164976,1.0316115840752278,1.2133321899731646,0.6059189015838649,1.6989301340967298,1.1754510877926942,2.604419056846128,1.0384712221407004
0.5239059360379894,8.378678655206643,0.5350916726896494,0.07855406612348244,0.5487092492524153,2.1422315053603707,0.8313633244838873,3.415574746152027,0.03045721458722101,0.21274717115474598,1.5308924565172197,0.3699388134824426,1.4951698950459582,0.21466606345585829,1.499467313807505,-0.07866784455003906,-0.05046834598833081,1.192991565645235
0.7927452967105592,2.5282745882847713,0.26987722555939636,0.07855406612348244,2.157079701358989,1.37312648844195,1.5987380640607862,0.9946531916595409,0.06694007660701344,1.8381617601999585,2.1455056582712544,2.3059782242004814,1.4951698950459582,0.21466606345585829,5.894689236371062,-0.07866784455003906,-0.1514123786577754,1.4108912630735961
0.8662196159228875,3.7762077837679975,0.4240143884379889,0.4351034828270475,4.840178375989032,0.7996195969844979,1.5238496760212221,0.95297120527501,0.20183987041510518,2.245307184966735,2.7703371943807045,3.5958248566791804,0.6036619899516344,0.33813920695148747,3.761528330976921,-0.00024168135751617692,-0.00040602552312424083,4.05144861459977
0.8662196159228875,3.7762077837679975,0.47848608583102475,0.6979409206662055,6.096913468471024,0.7996195969844979,1.7102770150436801,0.24049311620766145,0.46123602872542185,4.0291607389861355,2.7703371943807045,4.816903477525202,0.6036619899516344,0.4848220942232679,4.2351985226208795,0.865784247701044,1.5433860851034513,6.238098920005546
0.8518607590647855,1.211873572518103,0.23646763039193136,0.6979409206662055,24.963487554239972,1.3317581827317904,5.66821893193055,0.137088258955567,0.31580379523467955,11.29546051605281,2.7703371943807045,7.931461431528648,0.6036619899516344,0.4848220942232679,17.34079483921157,0.4276270761624976,1.516939669490606,6.488214328998598
0.584643602934423,1.211873572518103,0.22264126529504577,1.4364203329981347,57.95624194779488,1.085588105380976,4.831771486984867,0.03292177579978265,0.14588503285742116,5.886124045041408,1.630197288126846,2.312310086067617,0.6036619899516344,0.7575336530506958,30.564732809209016,0.9681036341766073,3.129128184236535,10.167449908058389
3.117320131174337,1.8047756139476212,0.2277507506239884,3.197494684415194,123.28782552586735,0.10407645892771422,3.6024172043019145,0.06099605683091635,0.2388426670924182,9.209207825159675,1.630197288126846,15.421716225557834,0.6036619899516344,0.867769501863173,33.45913770047214,0.7160413006967036,12.911504444648513,6.532387175231929
2.207397212376879,1.535916937545816,0.26254641065269796,3.197494684415194,92.77429359965979,0.025408918301550065,0.5402322353294995,0.06099605683091635,0.26503293966406344,7.68984664081523,1.4442701055825466,8.840722344844739,1.471751663857657,0.867769501863173,25.178056725185392,0.7160413006967036,7.931031346603224,1.913100204036385
0.47248712834662887,0.6540536753861192,0.6127195918977122,2.642516269515208,14.077454457726391,-0.8170912864966218,-1.4485137647093438,0.053670450265814344,0.26503293966406344,1.4119077263439825,1.4442701055825466,0.8108519421252518,1.6114584278215385,0.4731944369300862,2.5208447010829027,0.29621762582236305,0.2222152828712902,1.913100204036385
0.7236037220873106,0.7322564947694826,1.0623611442440037,2.93386402246025,5.199069476507245,-0.8170912864966218,-1.348137476954009,0.053670450265814344,0.32046313687701317,0.5678893433806427,1.4549517908034053,0.7933800123350997,0.7981939240723563,0.4731944369300862,0.838542868606848,-0.9306007363249471,-0.6166330794609328,0.8105982229734758
0.7236037220873106,1.2788098505892622,1.3594249321157088,2.93386402246025,3.1751154096403584,-0.8170912864966218,-1.0535402424804001,0.13352154973483157,0.5741729966079566,0.6213871929212781,1.4549517908034053,0.8299091341109023,0.7981939240723563,0.4731944369300862,0.5121051749333981,-0.486830718498002,-0.2520915846871112,1.6269408427487453
0.7236037220873106,1.3183979304722344,0.7129019623570704,0.33048084477379447,1.3005188982276943,-0.746199695595263,-0.6157638563004361,0.5146182506052654,1.1318708768037542,4.4541748452755,1.4726194801222763,2.248924955658926,0.7981939240723563,0.4731944369300862,1.8621300371736038,-0.2851124642845091,-0.2815282616646262,1.6269408427487453
0.7236037220873106,0.8955789942374998,0.7129019623570704,0.33048084477379447,1.3005188982276943,0.3412350565765432,0.2815871080928964,0.9032511548267372,1.6324780457937609,6.424180351359809,2.2607351685039405,4.146286854992463,0.4193991025059231,0.4731944369300862,1.8621300371736038,-0.2851124642845091,-0.2815282616646262,2.0254984506661105
0.47071350027162984,0.8955789942374998,0.7792545977807386,0.33048084477379447,1.0884727000539705,0.4912309896191659,0.24124103411982817,2.180307103686058,0.6565440361522746,2.162395403655373,1.536219798092926,1.0633532599148947,1.115687180661627,1.4162670658407692,4.664621449416773,-0.4720329788020427,-0.4798850258777785,2.0254984506661105
0.4782230814818711,1.2492271707800975,0.9537062708901786,0.33048084477379447,0.7266863646249878,0.4912309896191659,0.2002579637673178,0.5245938095494397,0.5068665015085877,1.1145365341327902,0.8129693499572896,0.4104420617424284,0.48012540462789344,0.31179365119545177,0.6855955450472775,-0.4720329788020427,-0.18691186413865984,2.0254984506661105
1.9075687244538084,1.2492271707800975,0.9537062708901786,0.26966447934263216,0.5929587244190144,-1.2744903245182444,-1.8720996748335959,0.5245938095494397,1.7519946167229632,3.852418737734701,0.7293260090158413,2.7306663474691413,0.6495140669906824,1.4820274504685234,3.2587944423603967,-0.9638817113330616,-3.319192319597072,2.0254984506661105
1.1162142010988423,0.6942613507300236,0.9537062708901786,0.13727605869670112,0.30185301696572764,-1.6918944254122845,-1.037572764875099,0.5245938095494397,0.9860521485811564,2.1682063045849422,0.05241290092666584,0.08614618363497281,0.6495140669906824,0.6518368070753451,1.4333082451013592,-1.6309805063133198,-2.1795463718123536,2.109474103794628
1.9526251915209252,0.6942613507300236,0.5544508880648277,0.2580193435773883,1.6786343073906012,-0.9571129878334452,-2.4213643556864977,1.2337795125788729,0.9860521485811564,6.41510416442126,-1.4817816287170076,-7.328328863389297,0.6495140669906824,0.6518368070753451,4.240750371680711,-2.268191775792647,-9.120528689908845,1.888164086167689
1.9526251915209252,0.6942613507300236,0.5544508880648277,0.10734648740345022,0.6983797960064886,-2.077209655071141,-3.3895734869740224,1.6052704414349528,0.9860521485811564,6.41510416442126,1.076682877404434,5.3248643756176905,0.7427359298602331,1.065873852635615,6.934411938181274,-1.9888604128053573,-10.226523251141831,2.6283621490291296
0.3662910273664902,0.6942613507300236,0.6127176037437669,1.817032753445825,9.679925959055227,-1.6520144186780361,-1.8826783635989761,1.2703126320974027,1.1224521305016544,5.9796684981241635,0.04763052101488485,0.04266287970520284,0.7427359298602331,1.499261244246811,7.987053513519862,-1.9888604128053573,-2.0588460851303796,2.6283621490291296
0.1408952383216768,0.5449723428656654,0.7005563537857247,1.8404640923473854,7.500171458921491,-1.6520144186780361,-0.6374494421183972,3.142891762168321,1.1224521305016544,4.574163369010261,-1.1262216332382222,-0.3393720072483509,0.2972346889270375,1.499261244246811,6.109717891439648,-1.9511731097427913,-0.6795207092251283,2.6283621490291296
0.1408952383216768,0.43395885324739636,0.559523952293978,0.6986780931719823,4.463440570007549,-0.5992495744192521,-0.17837702998808708,0.6195196123354855,0.9063228386023178,5.789959878341596,-0.02264237265756819,-0.007676372254492334,1.1144844255206159,2.5417111325875803,16.23748718802134,-2.4087640469834573,-1.3675713281429795,2.6283621490291296
1.045554742974844,0.43395885324739636,0.41210284682052456,0.5338710654303498,6.287169227174514,0.7356510181031775,1.9286178938670206,1.505342193999048,1.0549738546140799,12.423971973189198,-0.3440223824436532,-1.2678378326372426,1.1144844255206159,1.4634462573220022,17.23437524609392,-1.8162812375791617,-7.883655631071552,2.6283621490291296
1.0338644677459885,0.7933653036245274,0.41210284682052456,0.5338710654303498,6.287169227174514,0.46477185366766516,1.2048445130007002,0.3929065108913588,0.6734323147949103,7.9307218546307165,0.3229157351344219,0.9401760349738846,1.1144844255206159,0.4788515619808292,5.639228270300579,-1.697499473379521,-4.167571842940791,0.8841130569942885
1.7866896488453228,0.7933653036245274,0.8295114559884448,0.29049376519061376,0.8443490806451406,-0.1979585872345373,-0.32500084076996805,0.6656459954658672,0.9535712847233881,2.7716499769194143,0.33682155235769246,1.0018857193288653,1.256911829962186,0.4788515619808292,1.3918297897330112,-1.0308008703215896,-2.1727860369676604,0.6626298951420504
1.7505109365065166,1.1573428575095772,0.8295114559884448,0.8743735198716506,2.541453780116925,-0.3074144188131196,-0.8578871642016819,0.5170869297064856,0.9535712847233881,2.7716499769194143,0.04161142050335631,0.12126809686343609,1.5630553169920767,1.0997943433253898,3.196661870096218,-0.8226880620881629,-2.574828894950812,1.4688722310064033
1.7505109365065166,1.1573428575095772,0.8295114559884448,0.8743735198716506,2.541453780116925,-1.4324597724706272,-3.997499065861537,0.5170869297064856,0.9535712847233881,2.7716499769194143,-0.3252575875430486,-0.9478976721920974,2.77932259921576,0.7690626346306613,2.2353571963337617,0.0735794520292885,0.19257275468766552,0.7582996167140852
1.7505109365065166,1.2471784545883475,0.8295114559884448,0.8743735198716506,2.541453780116925,-1.4324597724706272,-3.997499065861537,0.5170869297064856,0.9661011370934084,2.8080692416230955,-0.7593052873543868,-2.2273330364838166,1.0484728084236687,0.2825537491819009,0.8212706327725492,0.7054196626635292,1.1190655749741396,0.9615420870313315
2.426680210383883,1.2471784545883475,0.6084687284615581,0.8743735198716506,4.723353678215832,-1.222905240320346,-6.4495674288199245,0.3728913409647623,0.43423481139615133,2.345730453866493,-0.7593052873543868,-2.8220715830777166,0.46870507395640476,0.13978184253448547,0.755099582818982,-0.2647647434044387,-0.5583092416372541,1.9664743111339191
2.7788241314445026,1.2471784545883475,0.5387745866657578,0.842437193424339,5.804346406668155,-0.11341352349120237,-0.7592810597584447,0.6673732721103524,0.3458452733272791,2.3828551079762454,-0.7593052873543868,-3.257064082935542,0.46870507395640476,0.5527538921387722,3.808444229018564,-0.5926667266686467,-3.213996560137265,0.5162882395583293
2.7788241314445026,1.5817453687659262,0.5530610103244886,0.07662423425103093,0.5010142261684599,-0.2057176824789948,-0.40462965957848224,0.6673732721103524,0.19722400061523984,1.2895662973462316,-1.0224539527659258,-3.2264627618840658,1.0366733544948195,0.3475830520846865,2.2727020448773714,0.3666451118845194,1.5359540108725325,0.3264413373563941
1.0687920885035784,1.8362483569434385,0.5530610103244886,0.1957991222175691,1.2802496059003585,-0.6668251930114866,-0.8064037805097799,0.7335974853067101,0.48101941804460646,3.1451873400011037,0.6183583494965177,1.172078552823495,0.6967649723560378,0.669781317385916,4.379423451500026,-0.7835056986729921,-1.7524428336598186,0.376209732162486
0.8707011097722497,1.8362483569434385,0.25180539713394523,0.5491131728787922,17.320554407694523,0.687424793290963,2.491008355566641,0.3633046931859035,0.9189295215828315,28.985589058023578,0.6183583494965177,2.898680791835899,1.2014979259750325,0.669781317385916,21.126762791394185,-0.3314796266535896,-1.326607404793862,0.7554384268625965
0.9948843738198321,0.8229893332058454,0.36983177360391284,0.3237525068520896,4.734070215135487,0.687424793290963,1.488041861500332,0.7176172038918429,0.9189295215828315,13.437044612357129,0.2685906380291853,0.9795246284766351,1.0856655640081705,0.669781317385916,9.793875624689722,1.5345084484815934,4.7777034057292385,0.6094639870154206
0.9948843738198321,0.3240088549247317,0.36983177360391284,1.403607351350397,20.52424495606724,-0.46018578386505027,-2.0741463785202425,0.8127692035085425,1.0849122023750535,15.864125943732857,-0.45279858626726205,-1.7942615328579596,1.0856655640081705,0.8664545745210185,12.669729831256038,0.5480991161758421,1.9409546507509707,3.4318238457801673
1.6663372473511402,0.5985327089685666,0.36983177360391284,0.752522794451779,11.003762664461043,-0.46018578386505027,-2.543704789624093,1.1843613547767156,1.0849122023750535,15.864125943732857,-0.45279858626726205,-3.005218397602467,5.0028512719352,0.41299768258791475,6.039057572309908,0.443814792549751,1.817394713626439,3.4318238457801673
0.6003370567172023,0.675564141004534,0.2144287342855657,0.752522794451779,32.732840258566,-0.07191765133825462,-0.24701452593224762,0.799394257681644,0.4711459691363903,20.493659275057286,-0.571002965008882,-1.5518268818555199,2.9398854735636513,0.41299768258791475,17.964355725804417,0.0912249639822777,0.232121129607044,2.946543105420426
0.23855015631228194,0.8643635725560316,0.2144287342855657,0.3414483758769349,14.85214165807265,-0.6909961618140341,-0.6352576182037615,0.799394257681644,0.4711459691363903,20.493659275057286,-0.8074943083898757,-0.8720249903881833,0.46552721568327715,0.16418669667359023,7.141706476431045,-0.3696814117290753,-0.23567217930462162,3.286391230280665
0.29792222415701064,0.8643635725560316,0.1231808457137871,0.19196548898727853,25.30269568156951,-1.347211671669461,-2.0189340582209834,0.799394257681644,1.373644113755132,181.0580598027632,-0.8247131566456649,-3.3060906365175886,0.5731142709279683,0.10499341895571768,13.839031913596244,0.16828414568546113,0.18650864173804216,0.9074387022687898
1.5145724528656603,0.44972859379408847,0.1231808457137871,0.7165080828938799,94.44190239866533,-1.2138666765373183,-17.86666136690251,1.4919725534057875,1.373644113755132,181.0580598027632,-0.8247131566456649,-16.807453082478627,1.0892356090791138,0.10499341895571768,13.839031913596244,-0.4937098342723998,-2.781728160606576,2.9192885144428455
3.4557324176804936,1.3426021151054166,0.12466156322873088,0.892449037063726,114.85457096248238,0.0623762450318297,2.310114341290228,1.4919725534057875,0.4468054444743386,57.50204829358456,-0.8247131566456649,-21.61148886789803,0.8144100893881477,0.10499341895571768,13.512227126961466,0.14490080281345252,1.840663358587518,2.9192885144428455
0.9915329192652753,1.8519605510463995,0.1700015799439119,1.1976757281882635,82.88259284502853,-0.3017884721649532,-2.7242154291895533,1.9648523164344045,0.805562255888453,55.7472167922486,-1.448312508164833,-10.722128651637489,1.4010676650495526,0.1056041068179682,7.308106845746072,0.26917921615480844,0.7215245385693206,2.854431246876516
0.7208056956966274,2.210621675710362,0.06488039172082492,1.1976757281882635,569.0393733132698,-0.16270613955346203,-2.797649537368505,1.7243182437033227,0.805562255888453,382.7385246831465,-1.146543754645576,-16.168135193709162,0.6825221376000286,0.1056041068179682,50.17459513344849,0.6673453942857586,3.40730347060622,2.4070527848742063
2.314324723842597,1.2892678594647966,0.38684497036424137,1.048138477979787,14.007955418122679,0.18046893705871458,1.5631985040621175,0.7306678907003762,0.42155262417537215,5.633883775761083,-1.5011962590834576,-8.24642493675343,0.3914791206044036,0.6025341668799683,8.052630377446226,0.2270519468685599,1.4911399561515002,1.0365191191112801
2.264088376956861,1.451860358123253,0.38684497036424137,1.024188113295078,13.687868284790996,-0.12528034908368185,-1.049407681304835,0.4709219845636743,0.7360444762256935,9.83694275645494,1.235253085867058,8.771611631345591,0.2364042961706953,0.6025341668799683,8.052630377446226,0.2270519468685599,1.4587722320716952,0.5953729067177672
3.888686029792154,1.451860358123253,0.5303151999740316,1.024188113295078,7.283524351288674,0.7499234729091575,7.8702878303833845,0.6989674332755235,0.3293648153961764,2.342281288227169,1.235253085867058,7.3515404618732445,0.34063001386130837,0.4259595301622109,3.0292156004607818,0.49931310803040224,3.379410426176496,1.7432679210502888
3.152190154207674,1.1766239763609891,0.9274065581498435,1.024188113295078,2.381603179408745,0.7158331997081948,3.482241970262818,0.9912958919987767,0.19103176442218545,0.44421708435202323,1.0734086870162025,2.255148486250867,0.34063001386130837,0.6070002943246345,1.4114924905880968,0.49931310803040224,1.8699270390388953,0.9303594280782049
3.152190154207674,1.5072943869552307,0.8807720355010636,0.30637915944765354,0.7898819348646351,0.5313576826133027,1.4886083921995537,0.4016428016859304,0.12731423561807184,0.3282312509346654,1.5519834050668022,2.8027828105521637,0.34063001386130837,1.1593198915909688,2.9888646497621516,0.49931310803040224,2.7210623911442475,0.4212403257564008
1.4649970926945217,1.7695745009261656,0.9343966780569567,1.2316529244659367,2.821342210762121,-0.7157427747936375,-1.7612524843635406,0.15612343496689918,0.20111712526412592,0.4606981589889485,1.5519834050668022,1.5432350354489597,0.533033108011944,1.138430514403919,2.607798025324497,1.1236632991979865,2.658336382633264,2.0961388087087647
1.3460105092871837,1.7695745009261656,0.5950057178065135,1.638576109900774,9.256660505400404,-0.7157427747936375,-2.931113200713426,0.15612343496689918,0.708595889167211,4.0030069655662235,1.5519834050668022,4.179542029122566,0.8293317677933632,1.632471390728483,9.222173664955665,1.0932003690926964,4.468531960802111,3.2246371449663433
1.3460105092871837,2.3486269433284166,0.9464500477977683,1.638576109900774,3.658484499382247,0.014200359094108883,0.03655934339670562,0.2487443588683262,0.708595889167211,1.5820974449586032,1.1445222176790928,1.937712286600055,2.431952867224752,1.632471390728483,3.6448543601839765,2.1774753899670167,5.5955373093823955,3.2246371449663433
0.8310239561204332,2.3486269433284166,0.6923428739662708,1.2243251068128826,5.108392964786228,-0.3202748489011015,-0.601559413869133,0.22128594165049956,0.5410650606958994,2.2575482069020354,1.1445222176790928,1.4290791651546395,2.431952867224752,1.87924213696159,7.840978885562956,2.3033786405856236,5.35999051208037,2.9158611396759113
0.4124285924863761,2.368011682126209,0.510452371536129,1.2243251068128826,9.397585798438026,-0.3202748489011015,-0.4049298109598754,0.21214294102463793,0.5675456969611034,4.356326070622205,1.1445222176790928,0.9852199180852778,2.340282162621361,1.87924213696159,14.424550407292799,2.500019814463069,3.9160061003292026,2.9158611396759113
0.23330255733004263,2.777718280679751,0.510452371536129,2.5378025081895443,19.479480309185078,1.4179451976563369,1.4600496633132367,0.32650312982190094,0.6004903353634414,4.609200135085709,1.3041129824460815,0.6532019921891682,2.2273969609290964,0.9012724959197302,6.9179220135624595,2.500019814463069,1.5340897952542163,3.862281130158244
0.4067426131850086,2.777718280679751,0.9648560135362891,2.5378025081895443,5.452087309742538,1.4179451976563369,1.3466679416673408,0.7440725407606723,1.5009452974522814,3.2245554106159497,-0.18377563087842463,-0.13422781445803417,2.2273969609290964,0.8236081616480406,1.7693983640693463,2.500019814463069,1.3526204089848595,4.429621692664172
0.2798967290432123,2.777718280679751,1.2312020410071247,2.5378025081895443,3.34833701889643,1.511608097601326,0.7741972336000837,3.7596442995736976,2.2546297220922225,2.974723264723685,0.22580686331792715,0.10900796852920557,1.5601072540039802,1.6231209578454104,2.1415204578616116,1.6529866435631926,0.6770617530734361,2.1136228856589443
0.2798967290432123,1.860251842255609,1.2798009028220207,1.3530351910969052,1.6521682179556398,-0.9377382608971931,-0.33737010096768205,3.7596442995736976,2.2546297220922225,2.7530899378005445,0.22580686331792715,0.10486852528643884,1.5601072540039802,1.5107830545081609,1.8447914461565225,1.6529866435631926,0.6284066984601975,2.1136228856589443
0.7159488982044047,1.860251842255609,0.5562204872419769,1.3530351910969052,8.746718016645092,-1.0446722465851537,-2.2119975673247505,2.2299141965734974,0.6151507913307529,3.976652303569556,0.6421344265659314,0.9167835023231572,1.0026475864849587,0.6746416855623703,4.361232157682712,1.6529866435631926,2.4714735806347963,2.9324900442732305
0.7159488982044047,15.24388089948955,0.7805936282550816,1.3530351910969052,4.441084986310584,-1.7467401395081317,-2.6354505234806127,2.6613769246862313,0.7132814104390621,2.341212840404593,0.46649613794193423,0.5110348600465808,0.3281459534840733,1.054050860769186,3.459724834484749,0.029298185941816657,0.039016071235842296,1.6438763337780378
0.7159488982044047,7.8351802027329684,0.7805936282550816,1.3530351910969052,4.441084986310584,-1.7467401395081317,-2.6354505234806127,1.317944173587126,2.237319912530015,7.343584216058375,-0.36654465638536315,-0.7111528543841866,0.11017432635048609,0.4364262915222453,1.4324876866944953,0.6338790175513395,0.5431675920727677,5.624755726532219
2.225761877104157,19.014977222176135,0.7860098975332802,0.528555041877556,1.7110558524212005,-1.7467401395081317,-5.085563633961383,4.923885263209981,1.5474033280486537,5.009305201419403,0.8236479638299639,4.103071405395417,0.4121771182317555,0.25444504194816386,0.8236979002194827,0.6338790175513395,1.2804689599013566,5.696334436357871
0.8439723142476137,9.547055843200434,1.2198411816087855,0.9724869618317997,1.3070951438586913,-1.0702448496142845,-1.0326780531559459,4.923885263209981,1.8913754435013366,2.5421499253393236,-0.09698172162193663,-0.13050245137475625,2.723120707635427,0.167097211112138,0.22459113774193962,0.6338790175513395,0.2535308917413532,5.696334436357871
1.1865141868513156,4.402599387344597,1.2198411816087855,1.3800023574413853,1.854826286336539,-1.3530697707303085,-2.1864761670110022,6.253111412269265,1.8913754435013366,2.5421499253393236,-0.28931024459716426,-0.547314970911055,4.271625595505567,0.1339327902392345,0.18001567794327591,0.23266017053504218,0.11712514528460032,4.832705637811704
1.2953726437601791,1.1782297620582745,1.2198411816087855,1.3386845311084652,1.7992920403525836,0.19053467200005025,0.3310698006103966,3.913947428366867,3.349849859951007,4.502448522651753,-0.28931024459716426,-0.7952119755757197,2.5688833866601763,0.1339327902392345,0.18001567794327591,0.23266017053504218,0.12787096081904684,5.016505912288334
1.5121480203278577,1.4903760093459706,0.7547165393531575,1.6876467277481857,5.925756510170679,0.3206143084844466,1.1801823264633007,3.913947428366867,1.5334732514069893,5.384414257610813,0.9659816447873462,3.389474822140872,7.128187159330394,0.8469219729341794,2.9737582588849385,0.23266017053504218,0.6066932707482149,2.813913217575568
9.933065819184126,1.9088512954427572,0.7757924980872909,2.1849057126502607,7.2605838370399125,-1.0840578449906533,-29.014931001797887,3.913947428366867,3.199646243605188,10.63263264225075,1.2020038805791011,38.932257540856426,6.514892387122904,1.5192027808215667,5.0484096827407505,0.23266017053504218,5.19257347873062,3.265016092112964
22.56093004323068,1.9088512954427572,0.48262903657127815,0.5746249846583741,4.9338689161956655,-0.9386982525396836,-47.04102884407036,3.2764597181893333,3.199646243605188,27.472935506852924,1.2020038805791011,142.13970244218544,4.8613536684664584,1.5192027808215667,13.044242032305288,0.8801484551000512,71.71703960397765,1.2128873978700598
7.844894323827997,2.7427271487564853,0.4932979003207894,1.2653323455831944,10.399586505870186,-1.0870836052748283,-27.501607505022907,3.2764597181893333,2.012968347470898,16.54430042524015,0.21016520389493165,6.70613226961503,5.7298168233251445,0.2755553581363491,2.2647502801125445,0.8801484551000512,10.390900585371739,1.3470833051095905
1.793074291004138,2.7427271487564853,0.4932979003207894,1.1168211500450933,9.178994121205553,-1.0870836052748283,-5.905528579454074,4.526928293657038,0.8072231232997801,6.634451991682551,0.5673799111413864,2.620443296863425,5.7298168233251445,0.3759227743284263,3.089655792647358,0.8801484551000512,2.774017932284531,1.9285251182170853
1.3609141929262771,2.7427271487564853,0.5554527496211479,1.1168211500450933,7.239680219901722,-0.23408355939668013,-0.8571589175388915,4.526928293657038,0.6288225665638226,4.076278728063242,0.5673799111413864,1.5589659675075638,6.448659738354332,1.1014156280614975,7.139815480791618,-0.521857287193367,-1.8976931490512383,1.9285251182170853
1.3415611441209656,2.7427271487564853,0.5554527496211479,1.8303929124707181,11.865337043919265,-0.23408355939668013,-1.0817363492015641,4.526928293657038,1.0388403299365778,6.73417743563896,1.1645954822253604,4.054411731782328,6.448659738354332,0.5643946781452657,3.6586314535869047,-0.38102193643239257,-0.9777318955500389,1.9285251182170853
1.2144780065613519,2.7287654205397507,0.36638377971842173,1.8303929124707181,27.2710490086364,-0.348111386804988,-2.207795306349723,8.743392340217879,1.0388403299365778,15.477696267741441,0.3384759369207625,1.6172256223282881,6.448659738354332,0.6996187578698595,10.423629431276813,-0.38102193643239257,-1.493994903635322,0.7587627445631002
2.8652392206795305,1.7851984297002417,0.6067133162352465,1.8303929124707181,9.945056782275373,-0.348111386804988,-3.145449741089548,8.743392340217879,1.2474727642748278,6.777882164277476,0.3384759369207625,2.524850648232564,6.448659738354332,0.503803035736654,2.7373083469388084,-0.389102472577613,-1.844534313666248,0.40256074487742793
3.3289885376460324,2.538659404703649,1.1108314849814729,1.8303929124707181,2.9667295654971033,-0.3053236508443101,-1.7506999783078758,3.463430765973992,1.017288529983715,1.6488372184909537,-0.15576544094901051,-0.6658437072399975,6.632917447016237,0.43664043914283407,0.7077136780146966,-0.389102472577613,-1.0896953182941247,0.1223187338647857
3.269470933186488,2.538659404703649,1.1108314849814729,1.8303929124707181,2.9667295654971033,-0.32811777594786196,-1.847762800914942,0.6604461571822101,1.017288529983715,1.6488372184909537,1.0348118934071295,4.344379775434373,6.632917447016237,0.3938295954365146,0.6383251905035785,1.4772641591322397,3.8588387738290013,0.19193751994820327
1.0281725590105537,2.5232140429539363,1.1108314849814729,1.8303929124707181,2.9667295654971033,1.373815735024874,2.4329516308253987,0.6604461571822101,1.6302024336390781,2.642257694876074,0.9702806682176464,1.6216270236438337,3.028536049729374,0.7134645081110842,1.1563944745004922,1.299302945649276,1.4365787424066763,0.19193751994820327
1.0281725590105537,3.0114439368055987,1.1108314849814729,2.856670237754011,4.630135964513053,0.6541322547565276,1.4471996382898424,0.6604461571822101,0.8458878496177124,1.3710283051567385,0.651291435254445,0.7840876010475575,3.028536049729374,0.7134645081110842,1.1563944745004922,0.9578934887672048,1.0590982095904415,0.19193751994820327
0.8672879188176933,5.075241134539681,1.1082395949592745,2.856670237754011,4.651818706535413,0.8129247624861479,1.5206352019583202,1.5603724078327543,0.5599584319684443,0.9118396216292114,0.651291435254445,0.5393837937383497,4.34548769399238,0.17206765065575477,0.28019597975696264,1.4173047721724612,0.6506650747747922,0.19193751994820327
0.5824499983393505,2.008850292832697,0.682464700221617,1.5220000584974904,6.5355821666905705,0.8129247624861479,1.2104619456218486,0.7545044633910619,0.20769539984915192,0.8918595921065945,0.651291435254445,0.3582467500304972,6.187884988367721,0.45741067210951997,1.9641556613631732,1.195163916982289,0.9756051245522396,0.20828099031092379
0.2407666396002748,7.0725553157225685,0.682464700221617,2.219922324635345,9.532512614124158,0.8129247624861479,0.6042968889698492,0.7545044633910619,0.40620687440707626,1.7442827216332735,-1.018234945838244,-0.3237820352666635,2.6290413376422386,1.0856861157288427,4.662017440121327,1.195163916982289,0.6213134156639895,0.14604756800348082
0.33158339301673184,11.99019630798021,0.5554040459302433,2.255817737706749,14.62567520261054,0.5102903983534663,0.6470951284345853,0.42851281608755826,0.7893082825244332,5.117508556639176,-1.018234945838244,-0.7637831234341226,3.1359199149394446,2.5791309180981825,16.721887802629936,1.195163916982289,1.620551722520701,0.2686345907356352
2.2168642779356267,9.043455849821234,0.5554040459302433,2.255817737706749,14.62567520261054,0.6143260128502536,5.208299774564456,0.3863655485126808,0.7893082825244332,5.117508556639176,-1.4059394350607919,-7.050744976465212,2.372391915972864,2.5791309180981825,16.721887802629936,1.195163916982289,10.834508904436925,2.6812368579887824
10.131995344780043,8.989743772805442,0.6341557997581513,1.0179195128711505,5.062342187802008,1.3760549347840545,31.36942098767705,0.27923689783527655,0.7893082825244332,3.925407232379847,-1.4991950372692602,-30.09507823472675,0.5467293779810429,1.4726743198932124,7.3239399031264325,-1.2498336379535193,-34.27043181393867,2.0053552261899625
10.131995344780043,4.685807334559876,0.9616116068021984,1.0179195128711505,2.2016285170095338,1.5078459612144444,22.668562440230662,0.2595485763245005,0.6162910276603842,1.332957944235778,-0.5806862968395125,-6.792736731692734,0.3956606786133058,0.4245079027561484,0.9181557997328128,-1.0548024053634302,-10.240573618105268,2.7434933552856497
4.826705577589914,1.0526577501324441,0.6706738915961075,1.0179195128711505,4.526063418014059,1.5078459612144444,15.48346307610971,0.2595485763245005,0.6162910276603842,2.740268007316447,-0.24005273078520706,-1.9180237440966807,0.3956606786133058,0.2283303424730966,1.0152449159513441,-1.0548024053634302,-5.129881480756789,3.695741166723148
0.9649835807455746,4.09435915742844,1.3470567522031052,1.0179195128711505,1.1219452104995404,1.415826290357216,1.4471572369458738,0.7161076773368235,0.2836271568978891,0.31261227064174407,1.625952883111038,0.8772651777427116,0.3956606786133058,0.2283303424730966,0.2516644301540542,0.008417161328661216,0.004074708017042488,0.8030558167699984
0.3641011664209472,4.662658596180733,1.3470567522031052,1.516938621474014,1.67196128914367,1.415826290357216,0.6665690606821162,0.7161076773368235,0.2836271568978891,0.31261227064174407,1.554858981774777,0.31653088164748583,0.29509944081147454,0.9479731455027273,1.0448507144528993,-0.4947861354882871,-0.18414787596728124,1.4475896028501545
1.3484476735736592,17.08244889374606,0.4624661083268514,0.7744175283411111,7.241780344017458,1.3008451171143953,4.720438712168901,0.8083109356951231,0.2836271568978891,2.652271539168945,1.2979964639344872,2.8504708243406824,0.29509944081147454,0.7177817119112041,6.712164048957536,0.41197452403093704,1.4392483497921127,0.3836458461481379
1.3484476735736592,17.08244889374606,1.0539370681864764,1.7837710806130167,3.2117353770813892,0.7518298043319812,1.816868578986999,0.67195876101182,0.9162145486882236,1.649672825734651,-1.0345662447371207,-1.7918073469444857,0.2730758521935527,1.6385089351527342,2.9501863607327232,0.6949094574959565,1.6094854172106567,0.3800061386104997
1.5709213577125587,10.571967030141277,1.291133773255865,1.517393922378001,1.8204797521754226,0.673907868661037,1.4283936078783452,0.22293391583345387,0.9162145486882236,1.099220189258111,-0.3110945074116027,-0.5123764211219437,0.713483850752732,1.381041157459327,1.6568917451148903,-1.2869237385892454,-2.60228179389344,0.47826189975538824
2.146441035617253,14.68381951128604,1.1787947961127931,1.517393922378001,2.183996389168907,0.673907868661037,2.1376935550149097,0.7857263639424849,0.9162145486882236,1.3187144330347624,-0.3110945074116027,-0.7668080892639154,0.6509896573710603,1.8878247671015143,2.717160266644491,-1.2869237385892454,-4.553332887846777,0.47826189975538824
13.855643926449877,14.68381951128604,1.0309257909856957,1.517393922378001,2.855443206344754,0.8597762470948216,20.130238484755754,1.2363974553281207,0.4091410457920657,0.7699246730953425,0.6616667155171562,8.04433449816761,1.1770249893741371,1.6432447139169193,3.0922701649961626,-1.4478001923732333,-35.275571549506914,0.6958017871529916
14.607752996508898,14.68381951128604,0.6476915923934775,1.517393922378001,7.234221746001427,0.8597762470948216,33.78039844915158,0.9227739057583392,0.20362986567996696,0.9708115873620844,0.008178963905160264,0.11771971011935567,0.381126462406304,0.3278891904829742,1.5632217034014433,-0.7675946210319956,-14.019277343942646,2.456346834593603
10.961812321531179,7.41846613837984,0.5901866163523796,2.1632465572541717,12.42102120783308,0.8597762470948216,33.21593306039197,0.9227739057583392,0.23335337747940846,1.3398783605463294,-0.05424280283115763,-0.6882673548618167,1.0029600739097755,0.3278891904829742,1.8826881176123453,-0.9142057617016262,-13.750405542646332,3.8812801235183487
10.961812321531179,6.300887803128451,0.424007875412342,2.1632465572541717,24.065127701574323,0.16976774287678775,9.129176887717838,2.5533087455580206,0.7928938595227247,8.820581232047957,-0.05424280283115763,-1.7659283813026563,1.0029600739097755,1.1027051440917333,12.26708995364532,-0.9142057617016262,-35.09918976202532,1.0440217044852513
6.382637943121572,6.300887803128451,0.28318919725795555,2.1632465572541717,53.94890721181296,-0.7336207698746005,-34.392453124428584,3.0726042768852246,0.9858816239927377,24.586765700035002,-0.989470860673986,-31.315108443243027,1.7577577128858475,0.9783429277045425,24.398759194171834,-0.9142057617016262,-28.8222601685935,0.7692337912401542
6.382637943121572,6.300887803128451,0.2637210092449094,0.9586336597045251,27.567235188186775,-0.7336207698746005,-24.584899297524725,0.6973869310306712,0.5661127876937518,16.279591482531416,-0.989470860673986,-25.481498841935128,0.8492256129883573,0.9783429277045425,28.134010640773063,-1.1436615950211189,-38.7180584198667,0.6400090767975508
6.382637943121572,11.662640768045192,0.2637210092449094,0.8023775896997148,23.07381083593518,-0.56885251270784,-17.440525012174017,1.0479937934852692,0.5808200921133331,16.702526475283307,0.20764026376680678,5.416301930089114,0.4223737084363994,0.9783429277045425,28.134010640773063,1.0562710795172734,35.75949873809503,0.7168788741592131
1.655586801496627,8.43856841595722,0.31940339299146914,0.8023775896997148,15.730036684912262,-0.8356917884946998,-5.487353744237517,1.0479937934852692,0.5808200921133331,11.386560982711474,0.3329434287172883,1.8600246141928731,0.38041044883628256,0.9216129195470146,18.06755973729158,0.26472701338252813,1.862944707590478,3.6526080123826064
2.119800077241118,4.539854957420549,0.31940339299146914,1.1736915057286434,23.009379472812604,-0.8356917884946998,-8.497545364193844,0.3465386033713343,0.39174759085395855,7.679930315183574,1.038680694591147,6.101766764629389,0.699070632732084,2.5212107307038543,49.42652660477236,-0.15242561928261888,-2.27160553280336,3.545940442734863
1.3759715719884136,4.707807873241166,0.24835833598788398,1.1736915057286434,38.05629232334834,-0.8356917884946998,-7.093634919383334,0.6101450422325793,0.5429674795302488,17.60541762653955,-0.27433662996565844,-1.5838586707963311,0.8151455733342242,0.592096105798553,19.19838592662996,-0.12666018228631376,-0.7636281486541514,0.9035493274277133
1.3759715719884136,3.2482112296195753,0.4591532538419961,2.702748673855298,25.640136087215353,-1.6024526740049698,-11.164899970018833,1.9979174356029135,0.8806334106136308,8.354295280764598,0.7392243567887307,2.9399547090627878,2.7767999354420096,0.6023476837352859,5.714285139491499,-0.12666018228631376,-0.4166107996946946,0.7128484762964602
3.746190696977735,3.007949978067803,0.4447946835648812,2.702748673855298,27.32225140970021,-1.6024526740049698,-31.378583510553835,1.3487466312344,0.6930877193353906,7.00646608389424,-0.5582077208097773,-5.535224401827642,3.8210635841405645,0.8955143182169362,9.052808934841925,-0.12666018228631376,-1.4276497281013694,0.7128484762964602
1.8996419726754665,1.9296472353723835,0.4447946835648812,0.762459997376334,7.70775467940194,0.1973440401726807,1.0407818588132391,1.3487466312344,0.2147331890057557,2.170750922117016,-0.5740303502620092,-1.606614229012945,3.8210635841405645,1.2986405979287428,13.128037116688331,-0.18062274921080157,-1.243208878442844,0.7128484762964602
2.7295804247808158,1.9296472353723835,0.8372324661841499,0.7815494958577947,2.2299460742318025,-0.8621997966033654,-3.51439839106021,1.3487466312344,0.6391312527641091,1.8235930489033332,-0.19353577004429934,-0.7133802863213243,3.8210635841405645,1.2986405979287428,3.7053296285615644,-0.18062274921080157,-0.9490339914853748,0.7128484762964602
2.7295804247808158,1.9296472353723835,0.7916164887288959,0.2657367774954203,0.8481096340017773,-0.39498432445815557,-0.992891410363067,1.250825125253235,1.5774087345660246,5.03436354257383,0.7817272857927365,4.787661673908865,0.9466288646796625,0.760212683819269,2.4262494153583263,-0.6161808252185608,-2.6198220693479533,0.7128484762964602
2.7295804247808158,1.9296472353723835,0.5392063482927636,0.30625085722132533,2.106673902781894,0.02179095647370599,0.08633180991234131,0.3736485023728348,1.3060110381417407,8.983940145545194,-0.8602893381996323,-7.038398635980294,0.9466288646796625,0.9160562618393793,6.301474019719337,-0.18411848109446072,-1.261578716055133,1.0016883557196692
1.8209275273564276,0.43137338567767414,0.5392063482927636,0.1822408723155811,1.253619641136169,-1.801453654483843,-3.672811578152243,0.6812805798674457,1.88268169892463,12.95080914501165,-1.549758749746505,-10.15559118407168,0.9466288646796625,0.37904955478082925,2.6074500236934,-0.18411848109446072,-0.5413748062938734,0.3166566383280555
2.6689441710610304,0.4395348397797394,0.4318215664325168,0.10650532294587116,1.142332814054894,-1.801453654483843,-5.138766793732469,0.9609931358166005,2.1106320425509617,22.637781604840782,-1.549758749746505,-19.679792691256708,0.6998666369935652,0.8807776852125936,9.446863535797224,0.867223992169784,7.114012018517877,0.4970703510209353
8.296527353097542,1.013095281094024,0.34789123348296436,0.17015837849532406,2.811877287641561,-1.4307528262612736,-19.90486075250131,0.9609931358166005,1.4865453152314714,24.565249421815597,-2.1787303707856798,-89.59018342903668,2.5013713851918373,1.6437588838782733,27.16321295964496,0.867223992169784,37.4988719134554,0.24039234832077347
5.800557061485918,1.1681248614626392,0.6988549954867584,0.20510923140445408,0.8399260579882184,-1.0659554812171508,-5.666687953172916,2.01070710275888,1.4865453152314714,6.087430283335894,-2.1787303707856798,-31.181010896000572,2.9052722822873958,0.5211821874219231,2.134250599924322,1.4044795012563493,11.901667536686865,0.4785765811666586
5.800557061485918,0.6698654229384321,0.765059892141795,0.22344252047951912,0.763492802896228,-2.0268418467070797,-10.27287584609468,1.9284318562406508,1.1482739408992735,3.923599177759198,-1.9013236906119266,-21.845806391749562,2.3983593591926087,0.5211821874219231,1.78085553385451,0.06547075934107127,0.5067939555259522,0.4785765811666586
5.800557061485918,1.1213578492163883,0.765059892141795,0.2902339989105315,0.9917162089312077,-1.6781008956424404,-9.693519278546875,1.6192552770113486,1.8232473295060063,6.229952163940069,-1.0151167057447843,-14.696977672741035,1.9714544353927075,3.979124475601035,13.596485093481057,0.06547075934107127,1.400330044484953,1.0630264844312296
10.869344966832672,0.8634698777246903,0.765059892141795,0.2902339989105315,0.9917162089312077,-1.9871393388104632,-21.509256531761373,1.7850690148017618,1.8232473295060063,6.229952163940069,0.992136126409255,26.916401149804127,1.182616153868391,3.979124475601035,13.596485093481057,-0.8211091532731726,-32.9092201781775,2.09897007244586
16.764436085342947,0.8634698777246903,0.44061500969592965,0.14122621277951122,1.4548785258183692,-1.9871393388104632,-40.18191561653173,2.770203521252522,0.9568614434365893,9.857356781300213,0.5059854062777536,26.632208265049773,1.182616153868391,6.495113924217169,66.91110371868844,-0.8211091532731726,-112.60014239203647,0.6908712021051433
21.34328297675516,0.8026997404042953,0.6279359237210557,0.11225805989788727,0.5693992215633548,-0.9218000230269499,-14.845894556098786,0.6214427614235992,0.6158191082893768,3.1235790214330055,0.5059854062777536,19.086463325220535,3.585090117410193,6.495113924217169,32.94474192569015,-0.8211091532731726,-100.59008399493968,0.9011891303414454
21.99828909348668,1.8277577269280738,0.6279359237210557,0.040882978213618484,0.2073680588387228,-0.9218000230269499,-9.23414204557901,0.9767746613973646,0.2123739024633333,1.0772102676011923,0.5059854062777536,11.552530885246933,0.6903605017901583,7.262428703833383,36.8367425411021,-0.05185466351500123,-6.923366700813881,1.24811305884298
21.99828909348668,1.175763099960341,0.42140897197364874,0.022167861117790295,0.24965842835145396,-0.9218000230269499,-10.132082931106437,0.7488688231723788,0.2123739024633333,2.3917929849041712,0.1543183738966747,5.250109208385812,0.784252904125462,7.262428703833383,81.79077478785028,-0.05185466351500123,-10.316416957555933,0.7808815899620855
7.830273039862384,1.0391960212836937,0.4252639733673754,0.02081667293728303,0.23020997053084155,-1.7967814130950415,-6.750473194428044,1.5717818829999777,0.2123739024633333,2.348626506017677,0.729484117762724,8.753862605667873,0.9919613878897184,2.605591437945409,28.815033504730426,-0.3311929936063005,-13.92090953516336,1.7121063171846418
7.404426215550111,0.9567003746330625,0.5299818410350061,0.11925739543245215,0.8491674467317497,-0.7439289355284817,-5.075975642075902,1.0472525386756852,0.18709283466631726,1.3321869401834152,1.3972477147210434,11.941184365340481,0.44823892176779945,1.6372589460854583,11.658035913366726,-0.3311929936063005,-8.373080081799817,0.9727892506340071
7.404426215550111,1.2839771904073374,0.5331880010536459,0.6060399594309693,4.263541761573041,-0.7439289355284817,-11.373866372443308,0.4898202981547775,0.1929445552800586,1.3573810708407075,0.8728738636995744,7.529979497571193,0.44823892176779945,1.0714314739195958,7.53760995893585,0.6331652714638785,12.871386348279438,1.3933238345291465
2.2696973278344035,2.10400253658705,0.5031211688459474,0.5060825573107025,3.9985836279675295,-0.7439289355284817,-3.3763890974507422,0.4898202981547775,0.3537364652013606,2.7948895253089843,1.02775969448605,3.8997956577936606,0.535324760149971,0.8675040659379615,6.854193066221766,0.36201024882096955,2.151131594447385,0.8916684079675744
0.4885826601279679,0.5816060277642386,0.2758495569148306,0.8520827009766506,22.395830017732816,0.9425011703590829,2.179232309607234,0.4898202981547775,0.3744982001582799,9.843173700250428,0.5595032752131681,0.8576463771305679,1.6363603650705603,0.8675040659379615,22.801159533188386,0.08396602201933906,0.1958935311567447,1.0335031528328533
1.250106548647641,0.2903540607445568,0.36437444164221394,0.38021236589812685,5.727438309293896,0.8971088305664496,2.683937336428333,0.4474237600640571,0.9558461962868618,14.398664045222198,0.7073397824822372,3.3553375267268093,1.6363603650705603,0.8675040659379615,13.067896960649003,0.08396602201933906,0.37944904090910675,0.9009576854415425
0.4659347659750411,1.1391135130635988,0.3175711557917372,0.3543043971891716,7.026263595924331,-0.3573938660573137,-0.441402136122869,2.2790231658221765,0.9558461962868618,18.955529159541513,-0.6569763773547341,-1.3327320047728677,5.924777242730879,2.3141003961954154,45.89127174286972,0.6203708608677445,1.958130147524463,0.9009576854415425
0.5299167733772374,1.1391135130635988,0.3175711557917372,0.6231519139102234,12.35781898890808,0.9146620324908643,1.7038808941401797,2.299592391257915,1.382474888288286,27.41606668424496,-0.6569763773547341,-1.8228880350508394,6.921027206429985,2.3141003961954154,45.89127174286972,0.22034910894828874,0.7910137113274045,0.8121293688241132
0.5299167733772374,1.1391135130635988,0.371678271419303,0.15500529564170878,2.244099898530714,0.9146620324908643,0.7260882543348602,1.3703296765594586,1.9785276053306815,28.644270377870114,-0.8752708076210458,-2.482384166828014,2.111697384860116,2.3141003961954154,33.50254868901825,0.22034910894828874,0.6758617811961478,1.8501750046987473
0.5299167733772374,1.1391135130635988,0.7800465903677849,0.26127727278264834,0.8587970504524367,1.1728615148464747,0.5759697495375776,1.3396667951094696,1.0301033799589239,3.3858656550879305,0.33352917807996585,0.32521933741871556,2.111697384860116,2.3141003961954154,7.606258950646162,-0.4142980385101005,-0.6054887757882732,2.483628737953742
0.7254955784647826,2.4508570759076487,0.7800465903677849,2.477926480511925,8.144741905936463,0.7614305717125329,1.5765354591191016,0.7228677081025054,1.0301033799589239,3.3858656550879305,0.33352917807996585,0.4452495244202425,0.5630745425335283,3.524518371942629,11.584803951194525,-0.4142980385101005,-1.023038532082034,2.061390037276723
2.6250872555130917,2.4508570759076487,0.7642757208665791,2.477926480511925,8.484344331926415,1.922445137587729,14.699644820452978,0.7228677081025054,0.3320738100179709,1.1370105489268256,1.2756972857624058,3.570866565939971,2.3955221409917096,1.852324571230953,6.342302566444418,-0.4142980385101005,-2.7389247407071067,11.06673241406391
1.9006027981948337,1.4409454950073526,0.7642757208665791,0.829346022181407,2.839655364208727,1.0971429350414743,3.5138837745915525,0.7228677081025054,0.3320738100179709,1.1370105489268256,2.1522149186939963,4.361734725058422,1.2375970259584632,1.852324571230953,6.342302566444418,0.3157888087159658,1.5115119240037609,4.008318792528008
2.3785732434667626,0.5843310064222785,0.7642757208665791,1.4303269662457316,4.8973956993112155,-1.1371722024685753,-5.985843555318439,2.82080678574749,0.5597635569924898,1.916613264896801,1.5481486666700224,5.097960158636815,0.9710254549275465,1.4411539362426034,4.9344669127823755,0.9078239751736151,4.796652956402878,0.3129732301830253
14.353057719686612,0.5843310064222785,1.2480506630442112,1.4303269662457316,1.8365421134848186,-1.1836260945343702,-23.022867192360184,2.82080678574749,0.5597635569924898,0.7187373029182968,0.4109181799734474,5.000171265552629,0.8073858916568305,1.4411539362426034,1.850443960286241,0.47871815687840447,9.346786007439064,0.3129732301830253
14.353057719686612,1.543306898477458,1.128297527029395,1.9960813996676086,3.1358910877965935,-1.1836260945343702,-30.084267935917968,2.546945925896631,0.5337370295087004,0.8385134966650537,0.21678573188453204,2.8492473630717763,0.49806992019635876,2.148706061955951,3.3756680419466987,0.47871815687840447,12.624209619644457,0.3129732301830253
2.9627444187397054,0.8592424970586524,1.1744965499173539,1.9960813996676086,2.8940414874110334,-1.0608948485895562,-5.347107379346976,2.546945925896631,0.6470498914408963,0.9381326986798165,0.21678573188453204,0.6220954435852157,1.6099059439155619,0.36295960069268995,0.5262411356739786,0.46452282126408934,0.9983748688867002,0.2742131178447819
2.9627444187397054,0.7737712003926007,1.1744965499173539,1.9454064052019204,2.8205697660761984,-1.0608948485895562,-5.278796893485475,1.7755875247426034,0.845225244738262,1.2254595052521438,0.21678573188453204,0.7110078015079282,1.8938222190697016,0.39255084183972644,0.5691443356926595,0.46452282126408934,1.038275133102328,0.3346307070028567
0.5235897092336846,0.6819930082720793,0.6179090083260791,2.2017194617353906,11.533016770066585,-1.0608948485895562,-1.8864048511306026,0.22210982286870146,0.845225244738262,4.427447316274644,0.21678573188453204,0.23883529013855395,1.8938222190697016,0.39255084183972644,2.0562544505433564,0.17780271152139554,0.1334958944680575,0.7889899773167313
0.4767364304149238,0.817319839032576,1.0866337495975413,2.2017194617353906,3.7292852012217113,-1.0608948485895562,-0.9767051548652801,0.23068954775713404,1.8323323659342499,3.1036151947406503,-0.8982192555616386,-0.754387764781346,0.8235167128232285,0.39255084183972644,0.6649048939441843,-0.8141582605549769,-0.3164950622034477,1.9077560707783532
0.2132191820551062,0.18793922780751274,1.224443997958948,0.4638663141465107,0.6187924092393448,-0.14399396061014358,-0.024151440497171803,0.2557229866809442,0.8027027003269458,1.070796310683072,-0.8982192555616386,-0.19818102355336137,0.9305414763118434,0.7680956280803437,1.0246308682719396,-0.8141582605549769,-0.17571904096999838,1.3984784490651214
0.17358933005255064,0.2240692472884122,0.76283228716911,0.4638663141465107,1.594280367510753,0.2473683415464803,0.054218749086794284,0.2557229866809442,0.7035588677657013,2.418089126240531,-0.8542775721561923,-0.230599405770568,0.9305414763118434,2.9473897073092674,10.129999533189377,-0.8141582605549769,-0.4498177339301906,0.6477056676915106
0.17358933005255064,0.36184655742658345,1.0848800635296287,0.5871177638449397,0.9976811331444139,0.2473683415464803,0.042890689133056395,0.37014672186474157,0.40239836964833764,0.683790009651704,-1.8393099143899234,-0.2640215124259902,3.311517585193405,4.375785462038665,7.435711993406098,-0.7940223536985407,-0.3758521475699619,0.6721428200233575
0.82193224067939,0.36184655742658345,0.5832334888973203,0.5871177638449397,3.4519962112492553,0.5417183200465505,0.8272650834532473,0.35428885375136726,0.4978787109992538,2.9273095277781382,-1.1109095105706772,-1.562244571084396,3.311517585193405,2.3310680034119184,13.705662494769129,-0.5718440360517913,-1.740057616308171,0.6258857295031142
1.9665746504927484,0.36184655742658345,0.34370093600528845,0.2686272463756219,4.547980838100462,1.0090686853242943,4.231949519918716,1.0008887824653354,1.5373918362812062,26.028739475972753,-1.1109095105706772,-11.145914051674648,3.311517585193405,0.4341883562172007,7.35100534605104,-0.5399338365858302,-2.8788852242896206,0.6258857295031142
1.9665746504927484,0.511509836200494,0.45325962401773345,0.11774804002301942,1.1462770941679248,0.8539761285533436,1.7980467304171857,1.4338276024363108,3.067929786329428,29.86629450390354,-0.8378256027624013,-9.004399102261116,3.311517585193405,0.4341883562172007,4.226823369534657,-0.6289737053815726,-2.543021175791448,0.7100368604275981
1.9665746504927484,0.511509836200494,0.48241634394530564,0.5220807554190676,4.486665110392235,1.3495704299646718,5.621701968298552,0.3550251921020769,2.2170648681580047,19.053043974885394,-0.6037590337133776,-5.182702304074468,0.3739990192364473,0.2631791291090394,2.2617125877569078,-0.3233516727004527,-0.9563222409986428,0.7100368604275981
1.3937865244175243,0.511509836200494,0.8507738795575449,1.5436988928686417,4.26544447436227,1.4406261913346108,4.14695873584944,0.690290762915659,2.943938602063621,8.134492225811677,-0.6037590337133776,-2.400076736581653,0.30566005893596687,0.4010359310876271,1.1081153871268645,-0.3233516727004527,-0.4744209577598858,0.8973431191772361
1.3937865244175243,0.511509836200494,0.5921472902034397,0.6661947260114442,3.7998958514019625,1.033724877434507,2.8085817927652195,0.3988804908051398,2.943938602063621,16.79187727549118,0.03627589793382424,0.20718774247874847,0.2712515264241692,1.0738267128684005,6.124980447958613,-0.3233516727004527,-1.1153822438972778,0.8973431191772361
2.530241269100581,0.511509836200494,0.5898679089104734,2.2831163616274077,13.123464566793459,1.096820760882334,10.053605710039493,0.3988804908051398,2.943938602063621,16.92190314095886,-0.4046849040476848,-4.212147216753468,0.4792327864828474,0.10628294785934007,0.6109195850588144,1.2159201127166241,2.4046894678804223,0.3047067385200785
2.530241269100581,0.511509836200494,0.47002837153996374,1.5944640723377572,14.43432856665773,0.8794726214251269,8.454395345524008,0.3988804908051398,2.943938602063621,26.65082130069585,0.8383753385861301,10.951049154382826,0.4792327864828474,0.4413882380742009,3.995789534774512,-0.7383566587022199,-3.734473941206221,0.30706070938525826
2.4894756594145853,0.43465230636193136,0.4247071554851827,2.13523609487873,23.675368198552864,0.8033154077302707,9.73066121189421,0.3271440225056531,2.943938602063621,32.64221250519266,-0.14509723696388543,-2.0637487377720722,0.5842295959740927,0.37997408239040625,4.21312955887019,-0.3448043991252319,-1.7619074406838064,0.8082285179937599
0.8076633306105904,0.29444506719228697,0.47097151712245316,0.8611319897499948,7.764445255959085,0.8033154077302707,1.8078886513874461,0.3271440225056531,2.4016482134851582,21.65459685580977,-1.0195424137819111,-3.831869538597999,0.5842295959740927,1.3245051441293278,11.942475491839579,-0.09418847172022438,-0.26289074376663857,0.8082285179937599
0.8076633306105904,0.597510720714479,0.47097151712245316,0.3693346116585108,3.3301264004673246,0.974868563853889,1.4368346436996309,0.9002481323431797,0.45060505563103714,4.062905951875431,-0.5088148230715518,-0.828339754967046,0.5842295959740927,0.4972392953686868,4.483386210193757,-0.5896059925324212,-1.008312915925556,0.6322124828444129
1.281588037778884,1.413595652131344,0.5209339146177081,2.1253559234280175,15.663773715370969,0.10006148685435623,0.5075321957526647,0.3360511624112914,0.45060505563103714,3.320938177273611,0.3240382441909794,0.7567895225158339,0.32731711298466687,0.4972392953686868,3.664630342236137,-1.5428250803634422,-3.7851249620206318,0.9017409059006243
1.281588037778884,1.4796868788329218,0.6926169547385215,1.2905267677726704,5.38035306581261,0.7422421371449808,2.206477171439994,0.37398112158427244,0.45060505563103714,1.8786237938477068,-0.7682031144601346,-1.3494115340829198,0.42981551144533997,0.4972392953686868,2.0730472502300556,-1.5428250803634422,-2.8468837649621364,0.9017409059006243
1.281588037778884,0.8870798274215067,0.49613787861328923,0.9595494144484386,7.796372298170441,0.9401258312118459,3.364191549725648,0.24519795766259656,0.29688444006921644,2.412196380364586,-1.1680058403439648,-2.3248759783341773,1.2264693735993852,2.318451890044786,18.837502079636106,-0.9799174975474346,-5.4506665481443575,2.099593256192887
1.15499097134292,0.8870798274215067,0.3903186691311415,0.9647462694144937,12.664978443868904,-0.10354155134823939,-0.4255939880397111,0.5333678929006529,0.29688444006921644,3.8974341264659027,-0.8806794361824513,-2.008102315049139,0.8655092158887521,0.6860413726220129,9.006201393381097,-0.9799174975474346,-3.396557170774044,1.0706417020824024
0.5151658178244157,2.131861488082153,0.43769410524956076,0.522228446301946,5.451915611076746,-0.10354155134823939,-0.12454785981911147,1.0381203444922387,0.6201799219707818,6.474501000877907,-0.8685095222453114,-1.1384783458265455,0.48211807811137114,0.6860413726220129,7.162075707917127,-0.9799174975474346,-1.3510020418359892,1.3538446109049342
2.027538352604786,2.131861488082153,0.5865056648164566,0.522228446301946,3.0363099164103224,-0.10354155134823939,-0.3658110286459243,1.0381203444922387,0.6178749216272749,3.5924120275773546,-0.33078050332234543,-1.271165368785214,0.48211807811137114,0.43853279155395397,2.5496915633287855,0.241569943893026,0.7820883197988792,1.3538446109049342
2.045675032113143,2.0532125027563217,1.0014351134258441,1.240236862381304,2.4733694991824073,-0.10354155134823939,-0.3331162452437817,0.5102553989859989,0.4114247753877637,0.8204928602897873,-0.4686146675744284,-0.8683402365348948,0.8057719208705431,0.43853279155395397,0.8745536146525174,-0.08142866055987974,-0.1557783699602363,1.715865206602262
1.7589137521244478,2.0532125027563217,1.2490868192199496,1.240236862381304,1.5898252118890095,-0.04249087378219296,-0.09423557750830132,0.4300770177979671,0.7901146503217186,1.012826041109994,-0.5668161951360025,-1.0033540880180676,0.8057719208705431,0.43853279155395397,0.5621430142899561,-0.5078121721975832,-0.6696857535729867,5.258810787747769
3.243874530137444,1.1901586167923182,1.2866222649085424,2.2330342686059903,2.6978839124345004,0.6380564726339332,3.399654600356311,0.5983581959335932,0.7211441480277975,0.8712643701276603,0.04491743859815267,0.1360047284497342,0.8057719208705431,0.43853279155395397,0.5298219467751302,-0.2745035813507889,-0.6481522526119017,6.929165330164971
2.619038202081323,1.0022533036287016,0.9676834933770795,1.0175077146869358,2.1732067256724155,0.3080399921439815,1.1893220125122195,0.6376827198773901,0.7211441480277975,1.540229415514067,0.08146128839356315,0.26478038817136984,0.8057719208705431,0.43853279155395397,0.9366242616904145,-0.2745035813507889,-0.695780975427614,6.929165330164971
2.619038202081323,2.710026086058088,0.8556377430554939,0.5488745024012218,1.499419605308765,0.8542658477478094,2.7396587453324313,1.5441375460746989,0.7211441480277975,1.9700271538868965,-0.9161775102648446,-3.367887423607368,1.2297674011119955,0.12079302441961393,0.32998331714617163,-0.2745035813507889,-0.4129864854987686,2.426216007080909
1.6146568684906482,2.710026086058088,0.8556377430554939,0.5488745024012218,1.499419605308765,0.8542658477478094,1.6890203460782225,1.5441375460746989,1.5127246841632052,4.132472976875105,-0.9161775102648446,-3.0072177926878387,1.0585869544816173,0.13001032362588055,0.355163206314662,-0.2745035813507889,-0.2641449081118198,2.426216007080909
3.987635510838544,3.062893253558286,0.8556377430554939,0.11224068886589313,0.3066199808200577,-0.050884116916081745,-0.11235642772453996,1.2749502215339332,2.3761687677168384,6.491236193793113,-0.9161775102648446,-9.30805171593696,1.0585869544816173,0.23369007778370443,0.6383963595723346,0.9747626182075692,3.1057001393078996,6.064007267026748
2.0884540647508314,5.284240362670489,0.8556377430554939,0.0953759083717569,0.2605486431982349,-0.004196682313031927,-0.004473788306023192,1.2749502215339332,2.3761687677168384,6.491236193793113,0.17237218539438004,0.9171826298540682,1.0585869544816173,0.426626208568119,1.1654607719379457,1.0652658723397586,2.401771966589358,6.064007267026748
0.7844772983614396,6.383512983096183,0.43478652184155747,0.2804733355459127,2.967354476056707,-0.004196682313031927,-0.005671150721411597,1.5232951342191354,2.3761687677168384,25.13941303912825,0.7446822930738435,2.9290647638407967,1.0585869544816173,0.11182003529518189,1.1830346781455832,1.0652658723397586,0.9089440095102629,6.064007267026748
1.5658042379628345,6.642185716575108,0.31103331574168686,0.15628235637696752,3.2309194155491623,0.12085702008027395,0.34015151458802073,1.5232951342191354,2.3761687677168384,49.12397012827039,0.7446822930738435,8.172505487610495,1.6911322370465232,0.11182003529518189,2.3117230342441935,0.9408191130905251,2.2398116335981593,1.8702474156040902
1.9915450869048967,1.348880369700395,0.31103331574168686,0.40459980146204894,8.364535731198677,1.6041769693377537,9.239816371091068,1.695506756197367,0.8978949370901408,18.562723602466587,0.8510501591975099,7.302408926079211,1.5889666421156519,0.07238037931850873,1.4963632380926133,0.9408191130905251,2.292000930754662,0.7645389938954207
1.9915450869048967,1.134374002713684,0.4454587602472228,0.40459980146204894,4.077938322149467,1.6041769693377537,6.45153037544892,1.695506756197367,0.5761845241812902,5.807330955916778,1.515461198826011,7.273161861376654,1.625947673923267,0.2882142767138529,2.9048952563864647,0.5503352072348395,1.8680249775835387,0.5100314612282433
1.6026728624139672,0.6705608831433456,0.42490444126548177,0.08220152859356576,0.9105993757088748,1.4761212849129128,2.2575147674120846,2.232067514230879,0.5761845241812902,6.382767778039424,1.515461198826011,6.136125401728587,1.625947673923267,0.2882142767138529,3.192735523735287,-0.48703443203552266,-1.3947167645981942,0.43319839722363285
0.8079475015776478,0.6324589114492118,0.3768023944874139,0.13232629257560882,1.8640125526031752,1.677579159047856,1.8505063545843945,1.056847258283157,1.7686457997369427,24.91400543043873,-0.2859102326944971,-1.1530141012000488,1.625947673923267,0.2882142767138529,4.059926558639891,-0.9447299226325614,-1.5379772174368151,1.3311469310131663
2.08747520062617,1.4046253098367731,0.43781373187370487,0.13232629257560882,1.3806938255643277,0.6633656855559433,1.6271328712149427,1.21199895270275,3.598532248655378,37.547120531422,-1.1693260930012241,-14.957027219894771,2.191290477233619,0.3136226467760567,3.272341751080389,-0.9447299226325614,-3.567453512534912,5.1984870148230335
2.08747520062617,1.4046253098367731,0.43781373187370487,0.13232629257560882,1.3806938255643277,0.9816283604115783,2.4077817217873094,0.7178531803017159,3.598532248655378,37.547120531422,-1.1693260930012241,-14.957027219894771,1.9128312280949986,0.9243905889211398,9.645100408174255,-1.1538551259044587,-7.480420039864679,3.8135547254348174
3.463742405328091,1.3716734772778125,0.43781373187370487,0.13232629257560882,1.3806938255643277,1.46125058208562,5.947288070672633,0.5448145561812459,5.195623251320648,54.21118360856391,-1.4266420710763095,-36.38354888802961,1.3544860851737117,2.4821394823737086,25.898667534606915,-0.6260465018286981,-11.035471411141907,3.0898151257061572
1.0854467472883136,2.253104843871864,0.17322522284303535,0.24223198415509262,16.14504369852495,1.46125058208562,6.373130788923973,0.11998774485420859,5.195623251320648,346.29433733216854,-1.8620991403472433,-37.61265722328625,0.284418407316078,0.17650935241600368,11.764553792905089,-0.6260465018286981,-2.330788382031155,3.946189722603652
1.0854467472883136,2.253104843871864,0.6250729414544259,0.24223198415509262,1.2399383246902953,1.9391232829221074,2.3437645668917213,0.11998774485420859,1.273626533451206,6.519446041268765,-1.546623025206297,-4.2864557084269315,0.26750860422605954,0.2728279738985548,1.3965532341419724,-0.8255024469599643,-1.0589016717041624,4.448373088294525
0.672059721560588,2.253104843871864,0.6250729414544259,0.19621777856803077,1.0044005727844771,1.7069759533283255,1.1497111591464386,0.11998774485420859,1.225171569584267,6.271414523343233,-1.4841901154170019,-2.4979293810959593,0.2874644554862922,0.23133291547708426,1.1841481159594718,-1.382726385401753,-1.0112234495865398,7.393989876770026
0.5865651686682555,2.253104843871864,0.5482510741104025,0.19621777856803077,1.3055976746511673,0.8045810005035748,0.5392507117684089,0.11998774485420859,0.8687658323221803,5.780611006677792,0.8403178928982722,1.185077503741976,0.2874644554862922,0.44054369291829554,2.9312981996529235,-1.382726385401753,-1.388617138352273,7.393989876770026
0.9632303992718915,0.9523435203272234,0.4104942903254247,0.1709891937323865,2.0294783306543613,0.8045810005035748,1.104058695295707,0.5083910112349282,1.8481804270462467,21.936135529712406,0.24865816555975895,1.121793620911691,0.7468282459588913,0.44054369291829554,5.228832647070295,-1.1211019815815995,-2.469321692372224,7.393989876770026
1.2160599937525451,0.5727635848902046,0.2893179127502739,0.13561096703641157,3.240217490911543,1.1386716152926917,2.4925310489179306,0.5083910112349282,1.8481804270462467,44.15945610407526,-0.42019812031030124,-3.3956347107295306,0.7468282459588913,0.44054369291829554,10.5261204937898,-0.5205645412460892,-2.0538264952372445,6.716039132134066
2.7694424032167215,1.184952588439591,0.19642775338287988,0.13012637207843675,6.745119038103966,0.251356879752237,1.8079146470585756,1.604382723984777,0.9785885529887957,50.725277081087086,-0.42019812031030124,-8.288170122023153,0.29425960704290915,0.44054369291829554,22.835645094513733,-0.08264545523968725,-1.093749723020087,1.3530869686626035
5.497930555092895,3.0194699714616275,0.19642775338287988,0.13012637207843675,6.745119038103966,-0.650446799197597,-9.287649982764295,1.604382723984777,0.9785885529887957,50.725277081087086,0.78966937411772,30.921229841597416,0.7593977272504882,0.9112923006232478,47.23696625082515,-0.18232702893243322,-6.889557099575719,1.3530869686626035
5.432033359968457,1.7207279253485204,0.20875463249872236,0.10038126897488812,4.60691748593583,-0.650446799197597,-7.583669992578131,3.535567673198277,1.4663134339847175,67.29527398758746,0.78966937411772,35.188439391329695,0.7593977272504882,0.8188675673466885,37.581267433657686,-0.745683095996106,-24.831470441799283,0.5507503385917958
5.432033359968457,2.158629446272146,0.22605736483527225,0.1423601033777424,5.571613332778864,-1.2257561352164275,-15.716541679208747,1.1235055301111956,0.8483473007274023,33.20216141609486,0.225288938251893,7.0515643748790975,1.5759815817261467,0.9841083571655775,38.515504790930756,0.13957387245737918,4.705267879242295,0.34591861461286844
5.432033359968457,3.57833952996955,0.3674079236836839,0.12041246778056577,1.784039296547948,-1.2257561352164275,-8.893418146016646,1.0089633107592313,1.3518687922613561,20.029379794509364,0.19369408472879338,4.7088248552565855,1.0540867086399457,1.3392907051471337,19.843022001991816,0.06776140429814063,1.6396408628777064,0.28614383663793197
5.432033359968457,5.977959621195631,0.2510824479078552,0.12041246778056577,3.8200473362097003,-1.2257561352164275,-13.013702561470641,1.0166587225761674,1.8648631706611516,59.16219241068888,0.9645357362236887,40.29979910397936,0.493807348110376,2.1841475254222584,69.29138726384389,0.06776140429814063,3.063969616779458,0.24799969547641237
9.979333480854859,2.054912801052686,0.2510824479078552,0.4301298970872082,13.645734514688991,-1.0089352788999848,-37.193179200072656,1.2089106602778743,1.8648631706611516,59.16219241068888,-0.11057283016853214,-8.48734959619225,0.6550264257570697,1.9983303424129804,63.39639608842718,0.07611280797585476,6.047718459435582,0.24799969547641237
15.988975443496068,4.440951005751459,0.17976305476569582,0.4301298970872082,26.62126856028703,-0.809694979716154,-66.79692273208472,0.6742125876128497,0.3753268721355459,23.229441916675416,-0.11057283016853214,-8.520958482854205,0.6550264257570697,1.8005284206695493,111.4369193159231,0.18911051019354053,31.919115668108706,0.20361407166475706
8.404749741461798,0.7819199188610969,0.17507897611859788,0.7012555000633367,45.75497052245138,-2.1720809276437705,-123.4866271352247,1.1668267045118808,0.6411511304337117,41.83332761137884,-0.11057283016853214,-6.010829622886051,0.6550264257570697,1.8005284206695493,117.4794704713623,1.1187941079243884,101.91918617246614,0.19568563970840627
8.404749741461798,0.40749477453069927,0.3516272854774062,0.7783692489877617,12.590718948204175,-2.5428453302421783,-75.83505326195169,0.7919301922552364,0.8794196413550206,14.225286464272527,-0.11233746518557176,-3.5610651320070468,2.461898642853872,0.7997360175609503,12.936342799976574,0.3743207479855829,11.315518114439268,0.1881780640227015
15.47486940966743,0.40749477453069927,0.2288373453504444,1.1385420842140668,43.4835789417831,-2.638367383236219,-269.23090001290564,0.8451406442201325,0.8794196413550206,33.58708819640412,0.5253124917116487,47.11193025379011,1.5526445488893417,0.7997360175609503,30.543784664933305,0.2315843062176447,19.806035019000003,0.1881780640227015
16.209593327907864,0.2638898583401137,0.3346047693300083,0.8489913421877276,15.165928466858672,-2.638367383236219,-166.54894662093187,2.0128711211418238,0.9512954753468974,16.99343493042032,1.798222898769714,120.15897899293387,1.5526445488893417,1.7191662634507494,30.71026909054817,0.6869093863654127,61.70400891001622,0.19883053147336008
14.192580976463962,4.187694842667355,0.6359091520581108,1.4080969754991144,6.964218852042939,-1.6810027670667314,-62.960187736462785,2.0128711211418238,1.3963933077980255,6.906334413215082,1.8137215102339208,67.64812849748962,1.412863319532778,1.7191662634507494,8.50271700745334,-0.04782817621791613,-1.9793566927904134,0.5392933953705097
4.7880150681583595,4.187694842667355,0.4083419022192922,0.575233925011806,6.899642547015048,-1.8318626119550925,-23.038898060853448,2.4338742871137646,3.698397550952051,44.36042449652341,1.8137215102339208,57.83942393015883,1.3675754612242603,1.7191662634507494,20.62053745605186,0.6042951404250545,13.138766683826459,0.6759449796976329
2.3235621763586254,9.889323242308008,0.44345950426691716,1.7636489179225003,17.93635527177598,-1.8318626119550925,-18.026619667764923,0.6614033363854606,2.0986827147768645,21.34365768177636,2.059528598635851,22.108361064779753,2.0223164781829555,1.7191662634507494,17.483965521225844,0.799378193949573,7.766521807702224,0.36291238554009697
1.4135678878855626,4.12535491485345,0.44345950426691716,1.7636489179225003,17.93635527177598,-0.06491214794400846,-0.38860622185533583,0.1729322448056963,5.420891848851878,55.13061080513442,2.1681605088092235,22.756449447798733,0.9235186558710262,1.7191662634507494,17.483965521225844,0.7447817313102962,4.402158311821726,0.36291238554009697
1.6092196235545135,4.12535491485345,0.7367967167565113,2.119150023418134,7.807218518123042,-0.32902397192935096,-1.4794184422734868,0.22096533017955844,5.490499932236397,20.227700856954108,0.44738122290984994,3.237921633174643,2.4014787980391876,0.4857317439512557,1.7894975930489814,-0.11388028905867564,-0.24514861277273373,0.25244859632306216
1.1875433208826254,5.9263395811761095,0.9179206517848517,2.1500257270749605,5.103444198489149,0.7035172088517009,1.8873648906359892,0.1252776532686851,7.356555009981732,17.462008716348997,0.16476369374975036,0.817632378515125,1.1111745225399552,0.7197803428018883,1.7085185392903701,-2.2803734378903275,-3.539690439910221,0.25244859632306216
1.8540231975785566,8.805101286696859,0.6349766945575942,2.1500257270749605,10.664931757870775,1.0313910017461172,6.244785741185222,0.1252776532686851,0.5822332005504056,2.888094441309107,0.16476369374975036,0.5191374728915912,1.219389070889457,0.9401943304749576,4.66371553018297,-2.2803734378903275,-9.130344481382611,0.25244859632306216
1.6631750278949007,10.028025606167377,0.6754105282374324,2.1500257270749605,9.426229301638413,1.0313910017461172,5.266599502519491,1.724101069868598,0.2971027869821158,1.3025699929922812,0.16476369374975036,0.312751938183019,0.3178341837250595,3.3170282989909325,14.542648933252522,-1.275033914784149,-8.08688844808674,0.23709636655758254
1.693578730327405,10.028025606167377,0.6754105282374324,0.5331650455589317,2.3375236453074124,-0.7259598001881418,-1.879732150323888,4.415181514755819,0.2971027869821158,1.3025699929922812,0.0961848476265393,0.18591421049330534,0.3178341837250595,1.639237507491992,7.186811037134629,-0.4997593238720196,-2.268999546924676,0.23709636655758254
1.210088286629184,4.416520663132607,0.6754105282374324,0.5331650455589317,2.3375236453074124,-0.28729201287153444,-0.5315187820263259,4.415181514755819,0.2971027869821158,1.3025699929922812,0.0961848476265393,0.13283858872765208,0.3178341837250595,1.7828283312647042,7.81634770427682,0.19839329489472823,0.671190780675387,0.3210286852843581
0.846165095592396,1.352897517365324,0.5998256684070206,0.510541291588518,2.8379894399727297,0.4584356636138945,0.6534899155597673,2.4682327104398403,0.2971027869821158,1.651530612574403,-0.841408927952231,-0.9149672231318112,2.3389314438687316,1.9162749528028613,10.652161088122003,0.019234105724989597,0.053118520269720665,0.3210286852843581
1.289212210284476,1.30895861543728,0.7732982253232218,0.980959178093672,3.280853993408725,1.1171174718863173,2.608655358247981,5.117689481872648,0.3542857884867119,1.184921829492882,0.5078770129093235,0.7127345583646868,2.3389314438687316,1.9162749528028613,6.40905194810465,0.37696281263613407,1.230324904489088,0.5261612669606975
0.6604294706873989,0.6392765431375338,0.6907524535487792,0.980959178093672,4.111838590456044,-0.5528406627958813,-0.7403625674713163,1.119025836163177,3.523198493336784,14.768018741505092,0.9962843951218411,2.5285461823801305,0.7117963226803743,0.4892804000142086,2.0508927132338646,0.3459267971630966,0.32717651467132286,0.5261612669606975
0.5197557733763145,0.6392765431375338,1.3503940028438515,0.9190273878016191,1.0079464241349787,-0.5528406627958813,-0.28848153836488144,0.7151785162458542,0.9166964977491867,1.005390012514841,2.433687987208185,1.2683277771093895,1.1897568929835904,0.4892804000142086,0.5366199485886364,0.784825761018266,0.29881746602538484,0.16867067466975233
0.5197557733763145,0.6392765431375338,1.0789013028809833,0.9190273878016191,1.5790468458469282,-0.054676005726381594,-0.03571030912634245,0.4898296660460199,2.1566154620168017,3.7054356466441174,2.433687987208185,2.4349152971208388,1.1897568929835904,1.2857928383214041,2.2092128621114044,0.4392313093325891,0.33932151205782,0.16867067466975233
0.5197557733763145,0.5375602813665763,1.057326788512388,0.5946139805871844,1.0637673108044927,-0.5395068356789774,-0.289214187773027,0.8037140941515613,1.3697031109412745,2.4504055445983752,2.433687987208185,1.980082127433674,0.6375003887802299,1.2761012759271726,2.2829514053247064,-1.1124213714728395,-0.8736087586201279,0.35735124158674453
0.5197557733763145,0.5375602813665763,0.7604795403084058,1.7278154351053219,5.975197657560475,-0.8590528954727084,-1.091428691100802,0.8037140941515613,0.055299792346972174,0.1912398645026962,1.7889291469306832,0.4066133897591725,0.5329387503948156,1.2761012759271726,4.413062413848145,-1.1124213714728395,-1.2146151135026189,0.8072268317747621
1.7517223860807878,2.4453027257169593,0.7604795403084058,1.1156549658186814,3.8582008257144342,0.1885874154555569,0.6488889872899872,0.7685956022137835,0.055299792346972174,0.1912398645026962,1.1012516025086936,0.8436086945833853,2.488532186962677,0.5073991146536465,1.7547070941300618,-0.7829619885583459,-1.816804823924083,0.3313524684401584
3.39697939913056,0.6286126072196025,0.5973621075970587,1.1156549658186814,6.252944260179641,0.29086463304016985,2.4707346692569994,0.7685956022137835,0.038623527613175494,0.21647442327249625,1.1012516025086936,1.7405350052640625,0.5289336308034907,0.9006095862453612,5.047673084880016,0.8446846291880932,6.446635484869322,1.8281709052601942
3.7929865370953664,1.20255607287289,1.179551043602705,1.1165586542335084,1.6050111705223054,0.29086463304016985,1.3976912565475734,0.7685956022137835,0.02162123781645051,0.03107971810020559,0.2311632942161399,0.1545748064987609,0.6510360155594102,0.545790581724297,0.7845534823557635,0.8446846291880932,2.8378351899499807,1.6232875494789292
1.1258033776278809,4.489519053832757,1.197358149265549,5.738473570765444,8.005311444767765,-0.2129606736110643,-0.6783456986160618,0.905960282869089,0.02162123781645051,0.03016215730675386,-1.316188978169663,-0.2573427853774072,0.7004780741076304,0.4809681044299207,0.6709623079169323,0.8446846291880932,0.778943935734787,0.6615513254424837
0.979879244590704,1.5367416124924451,0.34671388972675143,8.719141515096197,145.06453210031682,-0.2129606736110643,-2.513347802312634,2.466357950900608,0.02162123781645051,0.35972288577294237,-0.19025830687510514,-0.11181503927978961,0.7004780741076304,0.15834943859740774,2.6345354274511243,0.8446846291880932,1.3434427735836831,0.8891773497207913
1.418247875140449,2.781258841268508,0.3346083266599809,8.719141515096197,155.75078132346485,-1.1611363681386122,-20.55182941048382,2.466357950900608,0.01465752316849341,0.2618286079893325,-0.30521338416720833,-0.2214951720367255,1.191018546917007,0.15834943859740774,2.8286097594559085,0.9897866471393391,2.3609144479125694,0.7675069090840195
0.6507759958598065,2.781258841268508,0.5248086982794373,8.719141515096197,63.31428009206216,-2.06480855972141,-10.692078876280624,0.6379740194815412,0.05020512413553915,0.3645658561764043,-0.33548151871091747,-0.13182206838488195,0.9773723265309009,0.14657975335363674,1.0643928124792172,0.3949351400088682,0.2651601582719526,2.91952354923129
3.4244637674415372,2.781258841268508,0.5248086982794373,8.719141515096197,63.31428009206216,-2.2030038903328704,-60.028663775620316,0.6379740194815412,0.16432520408758614,1.1932518791870899,0.05413870024319839,0.20251932167019093,2.389750433956823,0.17315138200055533,1.2573434069546534,0.3949351400088682,1.5165101013933437,1.1505791816834765
3.056958976477384,2.781258841268508,0.7543102264264155,5.558988214575687,19.54005391621642,-2.2858095840165427,-30.88819560151795,0.2757451461397445,0.16432520408758614,0.5776093101341081,-0.2646602604018206,-0.6148871801683731,2.389750433956823,0.20948070462205629,0.7363326031146158,0.27488816389393467,0.721078698730873,1.1505791816834765
4.015552809149471,2.781258841268508,0.7543102264264155,5.558988214575687,19.54005391621642,-1.556784711676202,-27.633556208249466,0.24995097881086786,0.22159712936477718,0.77892229454871,-0.1321217036515355,-0.4682379116066506,0.967063164210342,0.30591779531090174,1.0753126258896641,0.27488816389393467,1.1446395685374187,1.1505791816834765
4.015552809149471,2.781258841268508,0.35509596963489615,5.558988214575687,88.1727249757324,-0.38877383981425706,-14.659174249125334,0.24995097881086786,0.7185439493858412,11.397034062071718,0.7756566304107332,10.515036247375154,0.14239045809993348,0.9338561481579711,14.812163318233367,-0.31725300470693296,-4.902982370897469,1.1380789973823051
18.050901866303803,0.5317509132559668,0.22782848683489973,1.5925659200559958,61.36367513513917,-0.8967720768312495,-126.80508316053002,0.24995097881086786,0.47691049390652074,18.37599326223779,0.7756566304107332,60.01970076890008,0.3120780771993581,0.8913134716347922,34.34348910031139,-0.31725300470693296,-33.56037899262635,0.3042911777745598
26.84827851481739,1.3182704578423725,0.3272814284072871,0.4114224348453303,7.682016609196566,-0.8967720768312495,-66.7323074917088,1.8076178087228976,0.5096279447605815,9.515694829897368,0.46257473581140895,38.31056938762173,0.5073148453834497,2.510651305884629,46.87849615920301,-0.1581279915487293,-29.06779139616664,0.3042911777745598
17.618799865502965,3.0349191539779383,0.7471657760037449,0.5807942859602829,2.080742745252964,-1.1491217348869536,-29.204619752240294,1.8076178087228976,1.048805194624912,3.7574298725945847,-0.384715227554975,-13.138964550684893,0.9017448805161615,1.8238003035350236,6.533912853664271,-1.1058163150980505,-49.8019083171088,0.5428367150251505
13.709840662350885,3.1956270931375204,0.7636044916070956,0.36404522728380195,1.2486720445913857,-1.1491217348869536,-17.60445727867576,2.106400716728542,1.048805194624912,3.5973929297784966,-0.5247333648844543,-13.644732478755966,3.105282825102961,1.7320925325502905,5.941062708549005,-0.8892810112418854,-29.716899433756197,0.4806752338133979
18.574204866025216,0.782917869852686,0.7636044916070956,0.06783601509723874,0.23267695692757162,-1.6971124291519004,-15.2053889254553,2.106400716728542,1.048805194624912,3.5973929297784966,-0.5247333648844543,-18.485995763503126,1.6531716681614343,1.6639739188777711,5.7074164409030175,-1.149320451846277,-51.000114041882945,0.4806752338133979
38.519966319132664,0.29646776216932547,0.4124237019564565,0.13457755524255877,1.582396806712931,-1.6971124291519004,-82.23452945853803,1.8254814469771095,1.576560318831186,18.537593505932943,-0.5247333648844543,-87.02644748539832,3.8082673718826383,1.6639739188777711,19.565424642616087,-1.149320451846277,-195.82659507844696,0.568416328644147
11.63151126496432,0.29646776216932547,0.30998815733252444,0.4535029464268794,9.438867804173512,-1.485268424482213,-53.0763495830973,1.8254814469771095,1.6140356758224952,33.593319503966555,-0.5247333648844543,-35.37539397940279,3.8082673718826383,0.9749538166797594,20.29195237499615,-1.149320451846277,-60.21978459768918,0.7465950323391716
7.697589368334917,0.5880741585100693,0.5770960583814445,0.47853023644367715,2.873711486561557,-0.5053698681904779,-6.594557600443975,1.8254814469771095,1.3771124578386473,8.269955766616905,-0.882403905526248,-19.533216095364285,6.0670981792311975,0.6830106630641942,4.101675167860826,-1.149320451846277,-17.91746258984393,0.5396836902885701
5.755709469565827,2.3837852046635533,0.9988144100907747,1.319210062388713,2.6446874368190882,-1.2383378887258454,-11.591114636955758,1.223489033657428,0.49750119027369877,0.9973659125499489,-0.7805756053205993,-4.486845331730322,2.83469363197105,1.0171731866931706,2.0391787666064736,-1.149320451846277,-9.446428658837378,1.8297929704155975
1.4611719868539323,2.3837852046635533,0.5767992811399526,1.319210062388713,7.930389716707638,-0.7879659788835812,-3.2423214491221692,1.3534509373935615,0.4498753440976491,2.7044114537545627,-0.30135339396882915,-0.7241254439976518,3.4776094482325335,0.6029450228804134,3.6245850039475807,-1.2996267197223266,-3.615339729866055,1.8361086575311878
1.8370293450977018,2.061265758913159,1.2373172051861476,1.8443343399148966,2.4093924455515014,0.08142945026139659,0.23219420086070877,1.3534509373935615,0.42950716869863403,0.5610974676210032,-1.0283347057956085,-1.4150433393913546,2.0473057152763823,0.6029450228804134,0.7876723605753492,-0.9258565095530813,-1.5094981372025131,1.1273893190574638
3.133424128284932,4.8693146468562105,1.2373172051861476,1.8443343399148966,2.4093924455515014,1.5686504589184747,7.629553739127012,2.9632918299275017,0.42950716869863403,0.5610974676210032,-1.0283347057956085,-2.413641869167821,2.0473057152763823,0.5951416160795328,0.7774781842870768,-0.48624107548075074,-1.343429660458072,1.1273893190574638
4.281939168143403,1.8538318438727046,1.2373172051861476,3.0212697750817927,3.9469115845834386,2.2440325869638786,19.08966694301977,5.06567595823691,1.5928275278828798,2.080830210494573,-1.0859725781448488,-6.707762456679493,2.0473057152763823,0.5951416160795328,0.7774781842870768,-0.48624107548075074,-1.8358459778343543,0.6929285292141992
4.281939168143403,1.8538318438727046,1.0699916766082502,1.5989521745558135,2.7932169638061355,2.2440325869638786,16.059129043599903,2.392273397139294,1.0324905763273755,1.8036625726899937,1.0896601634159429,6.266271587869609,1.423632720112558,0.6922075449774007,1.2092205682403185,-0.8799741625096076,-4.143460249139099,0.6463554872526243
2.2082161516504986,0.8176594580669698,0.604657781897362,2.478403204577492,13.557595255395192,2.289557280012469,18.615916723971075,0.23750013261841188,0.5168259381015728,2.8271900525828944,1.338844035689078,4.9710607711350026,0.4617714855065955,0.6922075449774007,3.7865790805149566,-0.27655200890808984,-1.188343281993938,0.5330809704784988
1.880018242224758,0.8176594580669698,0.6257049762350638,1.1182363964540403,5.712476170053008,2.8873416799983853,12.973956700067818,0.6107249039166491,0.39488921758422935,2.01727939853682,1.3412283586826061,3.5813586706616327,0.6704765664980136,1.4690787909855512,7.504743730437288,-0.5341743718061898,-2.751142238074229,1.5219958085998126
3.1623333476359807,0.8176594580669698,0.8838457673219192,0.5413263883678728,1.3859138063076724,2.8873416799983853,10.74914542627721,0.8925707288452699,1.5811069566819165,4.0479791999820876,0.5212107831660024,3.3161958851363837,0.627226528841415,1.4113469524252669,3.6133565052202465,-0.5341743718061898,-3.21104285718227,1.6077315176803353
1.7760597766514314,0.8176594580669698,0.5705893309354428,0.5413263883678728,3.3253847472909848,2.4379938952141824,7.8960727807770565,0.41120073242640887,1.5811069566819165,9.712788939475534,0.47757676631994317,2.6434600114396383,0.49627946155347974,0.6990996857513453,4.294590993139578,-0.5341743718061898,-1.9660815653106312,1.7784670418811077
1.633554835544339,0.8176594580669698,0.5705893309354428,0.16850901509819594,1.035156091832274,2.0986402794774865,3.487985274454283,0.41120073242640887,1.5327468544645886,9.415711335747766,-0.037762861332046094,-0.18928891381849552,0.355340685949335,0.6530899341563761,4.011951665982702,0.3075816885648428,1.0064032728934575,1.7784670418811077
1.4655862442050227,1.465075089836619,0.5750921802042924,0.19584589309134112,1.1843212990339276,2.0986402794774865,3.347219200473445,0.3525384818800841,1.5327468544645886,9.268842543065437,-0.037762861332046094,-0.16849577915621214,0.46988113830585876,0.4094468284597154,2.476011072341304,0.3075816885648428,0.7093297061657206,1.7784670418811077
0.5832464811636299,5.9671677762489574,0.7038820289706696,0.27528484132650655,1.111251956562864,1.6468304602256056,1.0125285735307095,0.3525384818800841,1.3271401207704516,5.357312988004459,0.5272790521334628,0.7118133928927296,0.46988113830585876,0.2111730368584184,0.8524495909453615,0.1004468805185699,0.054090741436344555,1.7784670418811077
1.978869716739834,4.76938862686102,1.0923713312807395,0.7517675257269563,1.260007033956063,1.6890496133911,3.751855415609249,0.23019707590965766,1.3271401207704516,2.224365684855902,0.37238654913557034,1.0990419796159796,1.9186517538894448,0.2111730368584184,0.3539385550954363,-0.5930406752749301,-0.6981771335399392,1.7784670418811077
3.0090269573330017,3.058221526072851,1.0923713312807395,1.4196039073483404,2.379340484228477,1.1370206463823294,5.277432975790546,1.9881435761827035,0.8576453025629261,1.4374644778965266,0.12169751105486054,0.4390422702348209,0.2813797117765202,0.2967800369138852,0.4974209729099859,-0.2096594173173158,-0.4449410745418801,3.149686881611831
0.8131332098126292,0.8552989186414724,0.39624310134922636,3.2690659930404573,41.641872986663294,0.5765568035753937,3.0253033459664613,1.9881435761827035,0.2270941593124716,2.892760855313204,0.30425993334462836,0.4207874035698425,1.32627526783212,0.2922404923352973,3.722605016018039,-0.12540672196411018,-0.1967460372315881,3.149686881611831
0.8131332098126292,0.3675253917645924,0.5183810693318515,2.425036730585441,18.048871384955373,0.5765568035753937,1.9917224803221498,1.572275467614093,0.6952072108698961,5.1742331885649815,0.30425993334462836,0.5627680887926506,1.9737423141022599,0.2922404923352973,2.1750643992771383,0.10587542230923161,0.12696760117465755,2.7212410400267624
0.30043521395825273,0.3675253917645924,0.5183810693318515,1.0657243366009213,7.931888717612645,0.5765568035753937,0.4878443083817831,1.572275467614093,1.195044687885063,8.894383989682705,-0.5436355016812218,-0.4870982649442126,0.8965329522776777,1.7288240075707482,12.867154450206858,0.12663120589126065,0.13646863088242533,5.842914870182184
0.30043521395825273,0.5822237885221934,0.7472657137914346,1.0633503878637813,3.8085203180048084,0.5765568035753937,0.33804232079789837,1.572275467614093,1.195044687885063,4.28019966577284,0.47793936651979685,0.297067849870608,2.3198603139331264,1.7288240075707482,6.1919960101911,0.12663120589126065,0.09466880856630605,1.448056909897826
0.30043521395825273,0.5383759473719776,0.7472657137914346,4.3765489942716576,15.675148998546625,0.3588412645783926,0.42683404502241384,1.1382182657341002,3.398145949349577,12.170878046739851,0.6222391377819598,0.6521824595851986,2.2299711032608887,1.7288240075707482,6.1919960101911,0.04201005723881783,0.03140649288309176,1.0384477551601654
2.5510823493084978,2.3638133195874063,0.7472657137914346,2.991021043077687,10.712710075769095,-0.4542289974214707,-3.7927045203261622,1.5568844341015564,1.526004417451838,5.465572680051468,0.6222391377819598,3.71107420894127,2.2299711032608887,0.8202693220200107,2.937895556163032,0.2303783174434289,1.0073589659079274,0.533075883518718
2.5510823493084978,6.003247216258127,0.5695142926627842,1.3828921491748023,8.527251092252527,-1.4344759313542603,-10.68617468754884,3.419646320664242,1.0819136066261308,6.6713438132762,0.6055827720198331,3.990291756746342,1.3227013043465659,1.5252117750596614,9.404828700889478,0.2303783174434289,1.8023599353740674,0.533075883518718
5.438320105961144,6.003247216258127,0.6947515191629897,1.3828921491748023,5.730061676279238,-1.3269844888084885,-17.274689969177228,3.419646320664242,1.0819136066261308,4.482946626078368,0.6055827720198331,6.973006383529494,1.3227013043465659,2.2618563358239174,9.372080328091986,0.2303783174434289,3.8355210479123127,0.5939978004266518
7.671606220607606,1.2428385167668459,0.986974941659892,0.7520177663125804,1.5439948362270575,-0.5504173540186558,-5.246882548783431,3.419646320664242,1.611588550362462,3.308810657603561,-0.010006177838362773,-0.13963377452966796,1.3227013043465659,2.2618563358239174,4.643898933297262,1.1280754773398076,18.649441946158138,0.5939978004266518
3.1676412303830253,1.2428385167668459,0.986974941659892,0.7128178705699616,1.4635121145168828,1.1098174323571008,4.252905083320326,6.1705261695355205,3.5613683252870105,7.311973932621384,-0.6064398449118489,-5.194467488180205,1.3227013043465659,2.2618563358239174,4.643898933297262,2.081235495711617,14.206876040635581,8.118797044597894
3.686048728880641,1.3618635230662701,0.7380442600003291,1.8929574538887777,6.950339752263082,0.16702064046590026,1.6230587273997534,6.1705261695355205,0.7228597837171009,2.6541119980060874,1.1068312787123837,6.646639413178544,1.3227013043465659,2.2179757902975146,8.143704061173105,1.7739678997022559,18.66026559016693,2.6338753470922978
2.799065326068493,2.8708656459862842,0.7380442600003291,1.2538954629808479,4.603906687725357,1.2073554097916812,7.251225700874171,6.1705261695355205,0.7228597837171009,2.6541119980060874,0.4284184295534651,1.9536231903198764,0.38531130864262464,1.1212997515563277,4.117057264775994,2.304868848207382,13.090393641015945,2.69986410339462
3.7237497022862365,2.4842484708983066,1.262233473767012,1.2538954629808479,1.5740261387855974,1.508867345474497,7.049162323110783,4.102701152480869,0.6234339946289276,0.7826022442258731,-0.21503753332147302,-0.7083783763409325,1.0771618299893748,0.2749544053487739,0.34515271310127627,2.5766769207403644,5.636974819003467,3.712821527759033
3.7237497022862365,1.7995829831529095,1.262233473767012,1.2538954629808479,1.5740261387855974,0.8900618270893985,4.158211996286973,3.570835270486305,0.7630519802521674,0.9578659446727482,1.3901335549455762,5.066282169316723,0.2935350685212667,0.2749544053487739,0.34515271310127627,1.7642217358296093,3.8595733209550396,3.712821527759033
1.5020506043585904,4.218797220776917,1.262233473767012,1.2538954629808479,1.5740261387855974,-0.38970020101049263,-0.7343805468579744,0.9244617455112273,2.34983752589492,2.949771968123292,1.7413577659711432,4.492279750834511,0.4367346854158652,0.17929533392922406,0.2250710290441504,2.2841867548663632,1.6277060269430519,3.057045950677257
1.5020506043585904,3.986125905373437,1.3786277920389944,0.7468165848492551,0.7858685176663188,0.37525413173766353,0.49967197580438566,1.5633307422711145,0.6022503945216051,0.6337427882673268,2.0140173071158443,2.408265021022131,0.4367346854158652,0.6246759313659648,0.6573409832663112,2.2841867548663632,2.781707928304712,6.433904703844642
1.5020506043585904,3.8882394962127687,1.247016774054629,0.34075631351512264,0.43825745872125194,-0.6049842800420513,-0.6015798935103007,0.9312667841562232,0.5733783318590017,0.7374399846452284,1.6136492302123133,2.0814071417082274,0.2728773950088107,0.23139853451308284,0.29760896472142684,-0.23830773318980514,-0.19527457647239793,1.6766925038303153
1.5020506043585904,2.519068740683298,1.247016774054629,0.34075631351512264,0.43825745872125194,-0.48214130824311285,-0.47942818753844035,1.0058417438124123,0.6059075900388364,0.7792768911339741,1.6136492302123133,2.139634531695818,0.2728773950088107,0.23139853451308284,0.29760896472142684,0.3369701056473964,0.27612068556644526,0.6714323852912812
0.5364863096869508,2.414243836954957,1.247016774054629,0.34075631351512264,0.43825745872125194,-0.2870510658267525,-0.1019488815699485,0.2891338420796288,0.7286697659977155,0.9371652034819765,1.4293367757180304,0.7423373109226225,0.2728773950088107,0.18919251266744458,0.2433264668096686,0.3379326896050447,0.08943006034764533,0.6714323852912812
1.1103608074692184,4.204163471949796,1.247016774054629,0.3260887098816966,0.41939299036377675,-0.2870510658267525,-0.20641149127759034,0.5140894085805991,1.131480253214722,1.4552324951864926,1.4293367757180304,1.914541937600529,1.6333977096088599,0.061115017236356546,0.07860195418660221,0.2923349121649539,0.09100420916855989,0.8774428311229905
4.086516944838403,2.8739582511668442,1.1691131116474265,0.3260887098816966,0.4771475474485754,-1.6008488988545504,-4.518871519164736,0.5140894085805991,0.8532257051522951,1.2484779150470993,1.722699274068056,7.86598668500153,1.1123080342224512,0.08968111105941816,0.13122540246790237,0.20556778043217164,0.30431075918001893,2.434593538429182
4.437562214675064,2.711357203820406,0.8230103213206167,0.3260887098816966,0.9628423735497138,-1.6008488988545504,-6.970635824208972,0.5140894085805991,2.609175758550928,7.704115181672416,1.319664332552274,16.25433915881909,1.465393692770162,0.06569453899254368,0.19397631361043763,1.3522617521858353,2.6428929362922604,5.717204070894647
5.099649362624494,3.7159334350404705,0.8230103213206167,0.3260887098816966,0.9628423735497138,-1.6008488988545504,-8.010659190412659,0.8373987541780641,3.0209736958721076,8.920031254133335,1.319664332552274,20.099580031379766,3.7411647594019786,0.12469038800945924,0.3681734004020522,1.3522617521858353,4.184343073713317,5.717204070894647
14.746385886865808,4.826651333794615,0.8853641369833988,0.08602260474376643,0.21948191051631308,-1.254215694945755,-8.664773039667615,0.9263637200663247,5.49371096023125,14.016899173973675,1.5444307678086346,85.26680972867287,2.4440514369770496,0.21784792320829008,0.5558269077085968,1.0437095040435085,11.474532919284231,1.5576588832811706
12.636345917854205,3.8497673811355537,0.5887981761971323,0.08602260474376643,0.49626045821121995,-1.4251189067988574,-12.686079949727526,0.9263637200663247,5.49371096023125,31.692966360704414,1.5444307678086346,109.86804480042429,3.1917871345848408,0.21784792320829008,1.2567546694700937,1.6676952400887939,23.62454479267618,1.2964178088742562
21.659492036160422,3.3041685939998833,0.3032481386851006,0.05455214043104105,1.1864392436093167,-0.616358578589813,-14.541341164227902,0.9263637200663247,5.49371096023125,119.48118304366581,1.2255548554491043,290.1554812999643,0.6298112189389969,0.14936116872144942,3.248414281131411,1.6676952400887939,65.10294907949553,1.2964178088742562
17.2321808879292,1.7312842697450195,0.2675041319652206,0.07441421919996932,2.079816098804289,-0.5790146036822537,-14.389384913689646,1.1824373947713622,4.319516960097646,120.72693914220295,0.27738473407808295,52.52002155467296,0.3405328671257002,0.14936116872144942,4.174521571049719,1.6676952400887939,58.7165174033542,1.2964178088742562
7.7850213476668015,1.1612027389744133,0.338506809691963,0.07441421919996932,1.2988263936196738,-0.5790146036822537,-5.137181122327256,1.1824373947713622,1.6107656367334557,28.114316664440313,-0.3488046876176558,-14.398123245071877,0.3405328671257002,0.14936116872144942,2.6069510666501725,1.6676952400887939,20.962493295063773,0.6666977097673396
15.2931217574433,1.1612027389744133,0.42232758324968894,0.07441421919996932,0.8344244680097239,-1.031731738332693,-14.413068546179229,1.0203619364894871,1.2023691100876073,13.482452894387023,-0.6004996788184549,-33.720451538157725,0.3545964208716983,0.822115645973519,9.218579700345858,1.74624585284865,81.08369686084707,0.2866726908062708
7.320422147364601,5.584301145525067,0.42232758324968894,0.045150167548046134,0.5062796457702243,-1.031731738332693,-5.374006045480828,1.2277512155441968,1.2023691100876073,13.482452894387023,-0.7411663828042039,-19.92215408717374,1.116660392454462,1.2743170952200435,14.289222888938406,1.7408385764567613,48.17247206100944,0.4967497813337469
56.80551862745388,2.1307551479412177,0.5552793841303093,0.1272181208462463,0.8251936408183606,-1.031731738332693,-53.23965789065526,2.7542681428462537,2.366219867780165,15.348360553368973,-1.3646755658723335,-303.7043002981794,1.2744510626206986,0.4007977735981659,2.5997536500879868,0.7533606880283097,69.00166679304763,1.1330651236356404
33.77572588394127,0.4165563903337074,1.0215607643311366,0.39373861169771185,0.7545874754612901,-1.031731738332693,-30.27096585659339,2.7542681428462537,1.620414554452201,3.1054727464309884,-0.611268951807966,-36.38319965781381,0.5592580987110783,0.2956781288521585,0.5666576916031854,1.4643633083768548,37.231790644319666,4.33865674951329
33.77572588394127,0.6213938865185266,0.6861240617530036,0.39373861169771185,1.672756405118867,-1.031731738332693,-45.0700284996497,6.778926364308763,0.5987093321425886,2.5435526016301395,-0.27955091000031734,-15.058647366284436,0.5592580987110783,1.3228826977182808,5.62012573846346,1.8526939108293832,148.34789271453334,2.1015869734477386
113.63413541648082,0.3748050432726093,0.5906229227557619,0.20577289665451015,1.1797706018188014,-0.858318899260418,-105.93909834161148,5.677035858195804,1.7499389387758224,10.033034226135323,-0.8541226932104289,-307.4292741320728,0.7316638424727144,0.5985228574241135,3.4315484846924242,1.4030592677295504,295.3451873994163,3.1207057681617743
113.63413541648082,0.7467879680885602,0.5162829377666126,0.237411390364852,1.7813776609663683,-0.7431601176743851,-112.71175386086871,3.055726552915227,1.7499389387758224,13.13038152381736,-0.8541226932104289,-351.69625634742295,1.0830728232333713,0.5985228574241135,4.490918679826413,0.875524197618365,210.835899467891,1.083415619480951
244.01974593470095,0.307574720693633,1.2056408520701993,0.28050356910225915,0.3859512721260107,-0.7431601176743851,-112.6610005224153,3.055726552915227,2.3476266476077687,3.2301531635443377,-0.5692917533335542,-249.67290890035054,0.798943251421588,1.2494352515753322,1.7191265206639323,0.38758487538847713,124.0068603617928,1.5385558138606958
383.41761979012523,0.33706434003356683,0.7415686956741978,0.6052630334581286,2.201260137515879,0.1492223646021158,84.8870945125325,3.055726552915227,2.4370200841870067,8.863113834982887,-0.5692917533335542,-649.8305478168435,0.7146105495250359,1.2494352515753322,4.544027739454151,0.2572853944923422,210.28470559038948,1.4690051597553597
462.94962406996314,0.310436626503973,0.7415686956741978,0.4020719095711068,1.4622813851640823,0.1492223646021158,83.53781834000837,0.40226756518790163,0.4600368677765661,1.6730921315951683,-1.415082966821588,-847.3748452471391,0.7146105495250359,2.778990872940061,10.106815537986424,-0.7553275862596677,-1111.6709370702195,0.27592484993009575
238.79330047876476,0.310436626503973,1.2022373909987585,0.4319005110757731,0.5976311856484138,-0.6981549739712891,-128.88150549990056,2.3357963376146182,0.17891916145856882,0.2475747720959398,-1.242870123542886,-147.67299417441262,0.7146105495250359,1.8589108307026652,2.572219886937356,-0.7587681702127853,-290.5930934976224,0.49719707956864223
291.41536206501803,0.5799016693138781,0.859478648503469,1.9026440455035887,5.151306102778361,-0.7576015721373456,-501.08567573043706,0.3484020576463728,0.17891916145856882,0.4844139766992344,-0.4948212928245701,-100.36196464358632,0.7146105495250359,1.8589108307026652,5.032900783175615,-0.658000847006844,-430.1778841726048,0.3756445709044694
197.10465701136422,0.3026903211035632,0.9517862890779112,1.9026440455035887,4.200574129955845,-1.5843711095780408,-640.0414888728754,0.23927681610155424,0.34216813308793703,0.755423806855083,-0.13940583483237518,-23.882136195500067,0.7886603423757842,2.8843811367818173,6.368010250120892,-0.04479649744094072,-22.281417739865255,0.8517717023559377
127.943725997895,0.3026903211035632,0.9517862890779112,1.9026440455035887,4.200574129955845,-1.5843711095780408,-415.46097449597323,0.23927681610155424,2.758842935476077,6.090852511671445,-0.13940583483237518,-44.01887990107629,0.7886603423757842,1.1048747431839223,2.439294030866184,0.1619885606368904,32.36945722401608,2.0764714523394403
127.943725997895,1.2761972899653093,0.9089895363353439,2.8155481370042823,6.815146321164259,-1.5843711095780408,-529.1922813333944,0.23927681610155424,1.4842746281068169,3.5927458097386586,0.5115118127594629,124.0474690079266,3.1065293694554326,1.0994068777891783,2.661158102805403,1.344368322739319,280.59026774648265,2.0764714523394403
112.65482619629982,2.054154532665236,0.9089895363353439,1.5710133959617827,3.802700449433811,-0.4238175383804026,-93.10538163010594,0.37317132568515043,1.5357288194456211,3.717292727691282,0.26955193329786825,58.547133140449894,4.218366234576147,1.0994068777891783,2.661158102805403,1.7181739735385906,315.75648343720974,1.371967304172442
35.290892786856936,1.8804102921314723,0.9147539197072028,4.0648224941201345,9.715452273604544,-1.2551224648223094,-138.06393890460225,0.37317132568515043,1.9679925655142323,4.703757143816131,0.21680951825655798,16.594471866357733,4.34138816619794,0.8857986845050252,2.1171735926424726,0.6575053879590578,33.76293522010602,1.385348363592116
55.91251397487125,1.8804102921314723,0.411694748401418,4.0648224941201345,47.964610995933775,-1.6685226257532018,-646.1027406491347,0.8870027535913467,0.6994806025405816,8.253820443227648,0.027082322705480277,4.350332350805417,2.6636471487278146,0.22331113313502648,2.635055195491683,0.029517769778718006,2.6790907150149366,1.7119715790834638
34.7458134787478,0.6304035460137765,0.7820990636722095,4.0648224941201345,13.290705932283752,-1.4330797082683544,-181.52935105091595,0.9619924020035341,0.4899415381726673,1.6019565226484018,-1.2879943717308007,-56.64242153993736,2.6636471487278146,0.22331113313502648,0.7301579850524675,-0.030305526868585557,-0.899772555179977,0.5944361634796481
34.7458134787478,0.6678349215994546,0.47009934176534823,3.168258022418032,28.67287574749151,-1.4330797082683544,-266.62965882510565,1.3378530447194805,0.4899415381726673,4.433992669838873,-0.3030887977082688,-22.175317891391323,2.3814070888738375,0.22119943366641406,2.001864694117308,-0.41785335000334145,-20.54204765495786,0.3935150184827338
34.7458134787478,0.19139149719353868,0.22480417449741746,3.168258022418032,125.38390620370143,-1.988988826370893,-773.8481081296167,1.35163319067537,0.17249136083492217,6.82635077536026,-1.1634742683522008,-105.62180067556137,2.3814070888738375,0.22119943366641406,8.75397421765988,0.47367780776550295,48.69542422421001,0.23976354865596886
72.82732325396358,0.19139149719353868,0.18670688070389618,3.168258022418032,181.77321655818093,-1.988988826370893,-1952.9523065486726,0.9161347216502141,0.26623081204497456,15.274523321612941,-1.915996281178519,-545.346892341467,2.3814070888738375,0.30099610224602336,17.26912053551039,0.47367780776550295,143.35488491338845,0.4746428717395254
114.30022558692562,0.21617339785473655,0.18670688070389618,0.7232770424200756,41.496744751566844,-0.8617275206478774,-634.4889533731855,0.9171021183158066,0.25207322858648024,14.462256938719882,-1.915996281178519,-832.8365680410349,1.5433798915787698,2.5344926064700335,145.41204351449093,0.5265411712958593,725.737578972463,0.7145178217464191
87.39667311213164,0.2910531224756547,0.18670688070389618,0.2539015600221575,14.567154230432207,-0.8617275206478774,-287.4433218087979,2.3218419812135545,0.2979902395465643,17.096664464209756,-1.915996281178519,-692.3811836819025,1.5433798915787698,1.304547304751217,74.84610093591871,0.4325579217525042,327.0572353755984,1.4401268192010805
26.484463125444133,0.5504682011443762,0.15015296967517675,0.2531823271633957,22.45926457175023,0.2271903765297818,28.515360770277884,1.6359245150850863,0.2979902395465643,26.43407896893332,-1.6388898964532799,-223.16343781129964,2.46094552652267,1.2188019341684133,108.11732164221475,0.4325579217525042,119.11956063651468,1.4401268192010805
74.62790733587826,1.4964618492166155,0.15853172088919312,0.21320660980696887,16.966736385192448,0.027979232440447782,8.600747857776499,1.6359245150850863,0.6783477672832154,53.982133834398574,-1.9418612839221554,-1064.7422568462548,1.5995729020753122,1.2420807368234954,98.84335410562406,0.4709518824278588,349.423040026332,0.3145682515829711
74.62790733587826,1.4964618492166155,0.3141496606585518,0.21320660980696887,4.320733402231101,-0.5644330855163353,-87.55732035313032,0.7298876423388676,1.3188037509709485,26.726185566980448,-1.6673961373358477,-643.2925834679279,0.6972907930372492,0.9948364906166457,20.160834875885772,-0.2516686939574253,-84.33050775991245,0.33478085708092226
74.62790733587826,2.385545466492533,0.3141496606585518,0.537347525111551,10.889603293526998,-0.5644330855163353,-139.0015861311117,0.9292969864893209,1.3188037509709485,26.726185566980448,-2.455128997882126,-947.2051904343,0.7784618335002227,1.3277285875397071,26.907051626935164,0.15145120193361505,58.62826523117924,0.33478085708092226
74.62790733587826,0.6982440365296465,0.2973761953861334,0.70752636943478,16.001482638188918,-0.8396928465571423,-250.66969310612905,0.934481789536729,2.002429486412238,45.28713281261894,-1.0111713911207847,-507.8242668662659,0.5098819381419932,0.6904055578203068,15.614276759177576,-0.4761170393127502,-140.40285027178004,0.14103707650213856
100.08768255473964,0.640958799931411,0.5093085963470494,0.5571554321595525,4.295802949968141,-0.8396928465571423,-174.19001758154602,0.934481789536729,1.258193560992823,9.700976242830695,-0.6572584704600184,-204.89178498515165,0.30195643710612985,1.6753149398546705,12.91708281988434,-1.5282941692989165,-549.7557898689398,0.14103707650213856
70.61965307793135,0.6787027095852214,0.7807436379917608,0.5242531862068467,1.7201018632038971,-0.8396928465571423,-77.77197291928563,1.2368848883756776,3.2562794664329253,10.684021622929942,-0.6572584704600184,-151.7152198296388,0.39081318598929393,2.2350659089396636,7.3333670361971715,-1.3213861419434227,-252.7010454199549,0.3829495885042894
14.708912898495862,0.6787027095852214,0.4219145299161223,0.5940788629024025,6.674598284399751,0.5483616810707697,20.83820190199741,1.2368848883756776,2.9537931226666854,33.18647361513981,-1.3990966042846211,-118.55198557274215,0.39081318598929393,0.7125671637758487,8.005838729258452,-1.7749153009872523,-73.86889938092476,0.3829495885042894
116.65157103852837,0.6787027095852214,0.41986215468302984,0.979232072718692,11.10969572983562,0.42830727367249555,166.53178008860988,1.2368848883756776,2.9537931226666854,33.51171163195245,-1.3990966042846211,-944.7928540221689,0.19838241616933322,0.13340709793331124,1.5135454684655154,-1.8374522531818034,-263.6965153780912,2.169666109383329
116.65157103852837,0.6940876132130702,0.4707214985915792,0.48766089540171403,4.4016941254469355,0.10480991210351248,25.650916028294205,1.2368848883756776,2.9537931226666854,26.66134184312087,-1.943556462846907,-1170.6545455122016,0.19838241616933322,0.2362277746133466,2.132224292715589,-1.2082073843222632,-205.80149315707018,0.6412373412412578
22.780288013006103,1.1981115404952147,0.5565981824162635,0.2886438030230994,1.8634110477728965,-1.2991193561955297,-40.398254161329234,1.5262259867685428,2.9537931226666854,19.068937839528893,-1.943556462846907,-193.33906949898642,0.19838241616933322,0.2849617925156496,1.8396409235376336,-1.2082073843222632,-37.33079401592863,1.0253538580766666
36.98573358210864,1.0058131794561016,0.5565981824162635,2.417920337211257,15.609479302189122,1.069855309772357,156.33401856137013,0.5063131391361939,3.1380695918910773,20.258579900092492,-1.7856957646645215,-297.26666090191037,0.34121850652061714,0.2849617925156496,1.8396409235376336,-1.4101274574474947,-70.73903599512988,1.0808246433953543
36.25761406203917,3.2104715681846003,0.9686771625587499,2.417920337211257,5.153637431939677,1.231462524424402,101.36250919944213,0.8372403982377489,0.7918134352939087,1.6876980173589957,-1.7856957646645215,-84.1112448391155,0.5080477437243401,0.16299971574920127,0.34742312372850326,-1.4101274574474947,-30.136093272184503,1.8605347778457193
4.695561967235834,6.83698357512136,0.6845028992620298,0.5409525619201951,2.309077947696999,0.407842177070623,2.9100403411213427,1.5248613707094978,0.5090076783759832,2.172719916834081,-1.682766478347213,-11.646979231880385,0.4285585749403124,0.10286761675523343,0.43909459368952525,-2.9289029911166713,-9.113214842444886,1.8605347778457193
4.811107461980853,7.475216055718772,0.5742556630760457,0.4453758020173551,2.701133440803341,0.407842177070623,3.2248551605454256,1.5248613707094978,0.9317968591255418,5.651199829041101,-1.682766478347213,-19.245945062316906,0.4285585749403124,0.11674694412135672,0.7080516576100543,-2.9289029911166713,-11.857210146599726,2.62224786746223
4.811107461980853,12.94341678031589,0.5742556630760457,0.4453758020173551,2.701133440803341,-0.4661961134060999,-3.6862664694033023,0.670691783464182,0.4907746932577163,2.9764704994160467,-1.1585050439965043,-9.615985012335592,1.9815839400835302,0.0236304338248977,0.1433148247749534,-2.9289029911166713,-5.334523142783141,2.167312477372792
6.564826790852603,8.123129017197659,0.3636981056303971,0.4453758020173551,6.734022065652571,-0.371236337862015,-6.324278977806324,1.0280386226649758,0.7593183697759152,11.48079135365127,0.6916658505451938,15.385284023079734,6.494465212299588,0.14196044593806698,2.1464227986045152,-2.9289029911166713,-28.169938304501983,1.9766455341984337
8.569871553161242,1.8989951430224619,0.5309060296495665,0.5258671905097175,3.731390964968457,-0.3956085353165209,-6.549005324053319,1.0280386226649758,1.342031369886321,9.522639591650893,-0.017442599078574705,-0.4612795327040527,5.237185148051136,0.14196044593806698,1.0073074246042122,-1.261182188298493,-10.847587420150338,1.50523257989503
1.3064615120080068,7.184312046657052,1.010344766246378,1.8178035982464746,3.561539474552596,0.7863227147031655,1.9387254999756793,1.0280386226649758,1.342031369886321,2.6293807012752723,-0.017442599078574705,-0.03695171112905779,5.237185148051136,0.26990255673875607,0.5288077386550611,-1.2069985446863296,-1.1467064822275108,1.50523257989503
2.8099739332304265,1.4216934808026578,0.6349460344435462,2.7124526208389472,13.456078942948894,-0.2511062444327832,-2.588326549586196,0.9301968766786023,1.342031369886321,6.657620456986559,-0.017442599078574705,-0.12646577395875624,6.586938488959061,0.12211246685855126,0.6057820075244953,-1.124740981239299,-2.459874756184819,1.4877228034722432
2.7055851906790855,1.4216934808026578,0.6349460344435462,2.613070455806796,12.963058623286983,-0.5904785750913766,-5.752002947724259,2.2019091491676104,0.5846333349788895,2.900280081471889,0.5795174309726808,2.6702239473758067,7.18908981119523,0.12211246685855126,0.6057820075244953,-0.9544002452395396,-2.009786572769666,1.4877228034722432
2.0663020923612807,1.4216934808026578,0.909182072392201,1.159840778205849,2.806251835239049,-1.7365741658641252,-6.011051829160534,2.7426606194864727,1.0268088158281938,2.484379044091599,-1.2479177675690045,-4.064327654364578,7.18908981119523,0.23509266787832156,0.5688101703971086,-0.759767721209195,-1.1840180702625624,0.7104755876845087
2.0663020923612807,1.4216934808026578,0.8566020123937687,1.159840778205849,3.161332592319401,-1.4588508327090146,-5.359691558531482,2.7426606194864727,0.5074546871326662,1.3831493698982724,-1.2479177675690045,-3.0325943759810885,7.18908981119523,0.6134021455070788,1.6719262085179174,-0.28509700337832267,-0.7617194073148186,0.7104755876845087
1.3030202539539564,1.021222498997115,0.8566020123937687,0.3923069615128295,1.069295723110183,0.34198948133094165,0.46080038131788825,2.135013264440102,1.3200269656223425,3.597945810818663,-0.4621551342715158,-1.142263389652568,5.085625222272854,0.6134021455070788,1.6719262085179174,-0.23454258929385682,-0.3951676957394509,0.9728901655046348
1.6144793026818856,1.6410637038688458,0.5204982878942188,0.5664273644998179,4.181533797285078,0.21426254658807545,0.707369857744735,1.8421733480934834,1.3200269656223425,9.744828226919582,-0.4621551342715158,-2.32920309251733,5.085625222272854,0.6134021455070788,4.5283154796555625,-0.6710956609936432,-2.3056068329870913,0.5971607190153596
1.6144793026818856,1.6410637038688458,0.7604578498184507,1.31647159172809,4.552932304385498,0.9414009102376045,3.2430428889245677,1.8421733480934834,0.8630116705465462,2.9846703404630905,-0.4621551342715158,-1.2890460990128099,2.3692379852910825,0.5643218333609539,1.9516707548595669,-1.1535045616212387,-2.6016871703611075,0.5971607190153596
1.6144793026818856,1.6410637038688458,0.7604578498184507,1.5565103223206262,5.38309081117398,0.6155319781272526,2.3056795905660215,1.5592708973382452,1.6055576359792219,5.552717789988173,-1.0197624009617838,-3.879576124134058,0.457545263692241,1.8678173694429465,6.459726205611582,-0.7535599770561507,-3.0921272741717294,0.5971607190153596
2.6153578105748725,1.6410637038688458,0.7335456093217877,1.98748976330058,7.387213523395187,2.074118193883621,14.743647565154712,0.2649365331679485,1.6055576359792219,5.967626752149648,-1.0197624009617838,-6.515247752330281,2.568262310143469,1.8678173694429465,6.942408451889274,-0.7535599770561507,-5.19282896593844,0.4074409457079605
1.853159991898451,1.8484534551257679,0.3813198437430217,2.535127872447939,34.86992819212739,-0.043876992863798314,-0.4801481914839631,0.14426803242242792,0.7859142208298859,10.810015835235804,-1.0197624009617838,-6.213339380569464,1.3166065553535813,1.8678173694429465,25.691271141125185,-2.128003730506568,-19.988402995520833,1.4241128094089974
2.54311422053886,1.8484534551257679,0.3813198437430217,1.9688727827475858,27.08125822763689,-0.043876992863798314,-0.580680364559917,0.19548293269488268,1.1099542045194792,15.26708921817471,-1.9595494018814765,-19.47153569029667,1.4498338718917294,5.359882056562281,73.7235799668472,-1.2852256008742107,-28.063927016229115,1.4241128094089974
1.4783562547479654,1.6570010495827774,0.32877731977180025,2.0179150312279543,37.33611878360043,-0.043876992863798314,-0.3963515337997355,0.19548293269488268,0.9349373341550847,17.298513972610227,-1.5263817780831022,-9.385267905952368,1.1814869385854376,1.219910414683892,22.57117839113011,-0.8699498603091241,-6.110129886881463,0.7652491699728573
0.411252338153856,1.5576063076663622,0.6896937287247452,1.893234204122001,7.960159751708725,-0.043876992863798314,-0.050910355214649754,0.46208589544122214,0.8413879046803003,3.5376405728506835,-1.4762291494021484,-1.1418761702584843,1.1814869385854376,1.219910414683892,5.129149770543262,-0.8699498603091241,-0.8102616669180635,0.737230142220913
0.18443173252390252,1.5576063076663622,0.405909123318815,1.3955290867560177,16.939916411703535,-0.4213861167087766,-0.3198685196334943,0.4634646066109064,0.8413879046803003,10.213359872157612,-1.5216188500831986,-0.8968624537280148,1.1814869385854376,1.4962397909707146,18.162413977215785,-0.15845807653819077,-0.12454801521093359,1.573460231203303
0.22541328678394373,1.5576063076663622,0.764692632004477,3.0454387186111713,10.416121789646773,0.31368341018376794,0.22820443841309782,0.4845999879589752,0.8413879046803003,2.8777459332632422,-1.3553095859396707,-0.5182558893726843,1.1814869385854376,0.8737835731177188,2.9885467928697853,-0.8949372794200458,-0.3487403033812939,1.6749642408462486
0.1801528025796811,1.7755759594887695,0.764692632004477,3.0454387186111713,10.416121789646773,0.4279787857352727,0.24883776359975832,0.8022437979637121,0.7834378013495544,2.6795428532515273,-1.3553095859396707,-0.39967767123765735,2.7944021508516097,1.9291911920033973,6.59829084348974,-1.4807778094958728,-0.6852462185874696,2.435540979870091
0.1801528025796811,4.398707245611583,0.9170794701140627,3.852764991982167,9.161963810285519,0.7496525149099457,0.40878533847803505,0.754641412013138,0.7834378013495544,1.863033119983119,-1.3553095859396707,-0.3332650880671565,2.443901300612215,1.6294268682923831,3.8748145889690386,-0.0037922157326479855,-0.001344805638789952,4.5077029724954825
0.1801528025796811,0.6450501939433139,0.9502572843364111,4.126984067940108,9.140719312347109,-0.5277296179775611,-0.2874370044496815,0.26509988244111093,1.4071958622137488,3.1167511631350506,0.945688389266377,0.3007738983714412,5.870423364414897,2.0292247389128586,4.494462167703834,0.42785053189603883,0.16340749163694143,2.8759362523453484
0.1801528025796811,1.2470828993292356,1.223667875403378,4.126984067940108,5.51233585570581,0.3185991279601137,0.13475765366579906,0.26509988244111093,1.2327834639306627,1.646605942420813,-2.4928613291346022,-0.5762805771984424,5.5879759622780325,2.0292247389128586,2.71039773923279,2.153927098907128,0.6388347561253646,1.4786213605330196
0.18133746670383843,1.2470828993292356,0.8841824160977401,1.4141162185686609,3.6176900165087957,-1.2295641868093061,-0.42408647790799503,0.26509988244111093,1.563505373090328,3.999867694546285,-2.9324676530423264,-1.0635149217479232,2.2008862836703287,4.259660241697057,10.89735774737433,1.1643686432430893,0.6970094236098202,0.9320554494970884
0.18133746670383843,0.6445495934941967,0.8403477835343414,1.6872495813406196,4.778495780458759,-0.450931134791141,-0.17874889683176526,0.3150252637379619,1.563505373090328,4.42803715031917,-2.9324676530423264,-1.118990507849242,0.9549291065810332,2.8866282777248586,8.17528194844845,0.28030491637035326,0.1453348039579176,0.28465532567711593
0.18133746670383843,0.6445495934941967,0.8403477835343414,1.6872495813406196,4.778495780458759,-1.3473747280246293,-0.534098729654038,0.3150252637379619,0.7318302270722616,2.072632105380857,-2.9324676530423264,-0.7655646738181786,1.4199139745920422,4.080917368129448,11.557653734021386,0.28030491637035326,0.17280372453991757,0.28465532567711593
0.18133746670383843,0.4429082660689009,0.7698098685006544,4.259664598067128,14.376012833645767,-0.7510067752733973,-0.5163576614725645,0.38530138735719766,0.5221209766905835,1.7621147601680738,-2.9324676530423264,-0.7058913646646746,1.9506673578381353,1.4682511690226787,4.95522526784462,-0.3826190504312622,-0.1544492611814029,0.28465532567711593
0.7021153724857958,0.4429082660689009,0.8711501020169431,2.6789044057207563,7.059943549689145,-0.7510067752733973,-1.40104779551692,0.7412068799437308,0.5825757103925978,1.5353110846391727,-2.9324676530423264,-2.551172969745855,0.7154845924718352,3.752202540262224,9.888496978347503,0.5082413610684937,1.1221311793298332,0.2059701449724536
0.7545461215859693,0.4429082660689009,0.8711501020169431,2.6541953460785344,6.994825673191773,-1.2606399783372106,-2.515737448001986,0.8815733978030155,3.0342317046017673,7.996367658890804,-2.9324676530423264,-6.256989100081024,3.2199353962975064,0.24515053391592723,0.6460659540245686,0.7335852117423438,0.4449126835172625,0.22218252887560005
2.246948402321636,0.4429082660689009,0.6867293945824615,2.6541953460785344,11.256194907881916,-1.0417903950498257,-7.8536085535573505,0.7087341946846585,3.048737156426935,12.929409926946596,-2.607023697762666,-21.063349357316774,3.2199353962975064,0.08120354745171239,0.34437667094789154,0.7335852117423438,0.9672985331981573,0.5242112073292007
0.8815001359470764,0.5330087088738504,0.8450538067657533,2.8942437255208797,8.105809094242911,-0.4933149919012131,-1.2380690959894851,3.3819088062723135,2.1266413777941096,5.956011537077584,-2.607023697762666,-5.608479382471796,3.2199353962975064,0.08383258266870007,0.2347870378012218,0.7335852117423438,0.3133357942103026,0.5242112073292007
0.8815001359470764,0.37261071779447336,0.8450538067657533,2.740799627737931,7.676063474584333,0.10123575151367781,0.2472438931332887,4.541122476612856,2.319868801359603,6.49717695220254,-2.607023697762666,-5.857734857633959,3.527956079338276,0.2116206707421442,0.5926787513801185,0.7335852117423438,0.4978317948634992,0.22052975049957474
0.7438003618036844,0.7812751409234536,0.641659574240202,2.740799627737931,13.313674188970133,0.10123575151367781,0.27475098545535365,4.541122476612856,0.18294149888481032,0.8886543500461597,-1.8904748946548104,-1.3255427392824586,4.850235448924204,0.26677037975324097,1.2958604793134079,-0.4477887267013543,-0.379147907638367,0.22052975049957474
0.3907585173967144,1.0995877784410484,0.6096739170499624,0.35647656528399474,1.9180757264288442,-0.4380633637136099,-0.23707090708415732,2.8412655892214955,0.18294149888481032,0.9843442249504271,-1.8904748946548104,-0.732913744726868,4.850235448924204,0.4209868903596905,2.2651832243176586,0.3807431897413983,0.22391968031417775,0.42030872890255155
0.7277773415926535,0.292906461227114,0.3932562148367407,0.35647656528399474,4.610094107242164,0.21790729973538014,0.34050634167524746,3.406083513968642,0.6693577726988159,8.656396027315793,-1.6133584405156423,-3.4546014763279924,4.850235448924204,0.6699051748960179,8.663475246230512,0.3807431897413983,0.8155991108453475,0.5102699796125078
1.1195833078610573,1.0944982811300572,0.6385605550243678,0.21124796003822743,1.0361397702918398,0.21790729973538014,0.2483346757452403,2.918760387573621,0.5766457969381478,2.828361719900757,0.3073617359230023,0.578726928136834,3.209724633114733,0.6699051748960179,3.285785074130266,0.3807431897413983,0.7726950587876815,0.3648727889122719
1.2234034034527008,1.0296859088116488,0.6385605550243678,0.5055949665013887,2.479867982425299,0.8739476872769986,1.6837181849750504,2.918760387573621,0.5066270307776374,2.484930103933716,-0.14653432037518588,-0.2825960762135946,2.30750127437966,2.307355605726043,11.317235474680759,0.5420655988331899,2.2309596058611567,0.2514568473463937
1.091338267081286,0.6653900783623201,0.5095631741798513,0.5055949665013887,3.8943651377264348,0.8739476872769986,1.8821886731735764,1.4209645333208747,1.5104024162257559,11.63393408441142,0.19834167264053837,0.738306436395092,3.4636288363310204,2.307355605726043,17.772497407274884,1.5306811731379646,7.042362139789381,0.29335217337068725
1.091338267081286,1.0513173901986297,0.46238660385535263,0.6745286052096143,6.309862286796334,0.8739476872769986,2.395823175085265,0.7099196902733501,0.5936987882531708,5.553741627534419,-0.7569579717648979,-1.9468118744515144,9.304239048637934,2.307355605726043,21.584104819801574,0.6340310038097408,3.2146737181784193,0.29335217337068725
1.0064831351202044,2.0851316020243154,0.4579231858562768,0.514274980819208,4.905012576005191,0.8739476872769986,1.9481033903961904,0.5684086188591206,1.6539003785988082,15.774444526864503,0.2367117865522781,0.9462446192801865,2.4835771276776692,2.307355605726043,22.006919810436962,-0.34220178550902647,-1.6157285678616489,0.3488890033514109
0.6801921201319688,1.9858197317745732,0.694694425065181,1.1997627845070524,4.972075958439315,-0.08929359412034676,-0.13543183963178937,0.5684086188591206,1.6539003785988082,6.8541201779846315,0.2367117865522781,0.42152888246199366,2.2008382709072847,2.307355605726043,9.562179693308535,-0.34220178550902647,-0.7197676411525984,0.3488890033514109
0.6801921201319688,0.8023738093623229,1.174689216721722,1.1997627845070524,1.738919260896726,-0.3390244050558789,-0.30409009052316205,0.49315481885934237,1.6539003785988082,2.3971398855578934,-0.7778619708759993,-0.819182800167251,1.4720348870926825,1.8181736256274805,2.6352352132318324,-1.4056269935336274,-1.5520702615772057,0.2608131921443788
0.6801921201319688,0.28979191610825084,1.335872262111661,1.1997627845070524,1.34460746319554,-0.3390244050558789,-0.26739933179302194,2.703882153257674,0.43067427277801634,0.4826686148808682,-0.5373168563616517,-0.253913967572858,1.4720348870926825,1.8181736256274805,2.0376776625960042,-1.1405461117955045,-1.1074195523908965,0.19731709658110208
0.6154617914889882,0.3050866052156186,1.335872262111661,1.1997627845070524,1.34460746319554,0.2778768344214824,0.19831300625610718,2.2799600590688094,0.6855887062318171,0.768358297978576,-0.15559049337200598,-0.08393943613623535,0.3069554147686768,1.4838195329094472,1.6629577477727098,-1.1405461117955045,-0.9052208580493679,0.18101979296349902
0.3412607722844269,0.3050866052156186,1.1094373764906869,2.822859538611885,4.586840922451223,0.2778768344214824,0.20309327890262469,0.5534939389556282,3.966509859116761,6.445148790523812,0.31301685099230225,0.27118805807212076,0.47551389224622287,1.4838195329094472,2.4110459843950727,0.005070468257687644,0.0026868114121566217,0.6450988538400789
0.3412607722844269,0.3050866052156186,0.7071403518133984,1.212434377752903,4.849277051179794,0.2778768344214824,0.20882246143288155,0.9518024441644835,3.9688669769880747,15.873960606729021,0.31301685099230225,0.4255952149099213,0.6325018595960857,0.3805653535373389,1.5221168825673574,0.005070468257687644,0.00213480611934186,0.9569514712323512
0.3412607722844269,0.4170065175248189,0.7071403518133984,0.789555953346253,3.1579239548457294,-0.36040757549856256,-0.21856525002072877,0.9518024441644835,3.6715421888816353,14.684774372680074,0.050545199581011335,0.06609976630403193,0.9191625158560371,0.3038918351021063,1.21545192799036,1.003398738509829,0.3775103069140847,0.9569514712323512
0.3412607722844269,0.7423100758938924,0.8309496572547594,0.4682279360085059,1.356244191384273,-1.0827480215251042,-0.4303112631880758,0.9518024441644835,3.6715421888816353,10.63479426183268,0.7977952900491387,0.8878556926178153,0.6345964595727419,0.1495581343532708,0.4332021551725771,0.5434008746807982,0.12205399714415179,0.9569514712323512
1.012407722082928,0.5237602023411693,0.861031368103214,0.44888615278730293,1.2109557041452532,-1.3473195355998695,-1.5010328077047717,0.9518024441644835,3.6715421888816353,9.904682799923352,0.5755128984443876,1.8337106039605506,0.26392322837082166,0.27101555972478153,0.7311159765633247,0.5414768924541206,0.46873622064892906,0.8986885817949133
1.012407722082928,0.5531800102659883,0.7170238225564581,2.305987782292205,8.970565624052693,-1.6814464065505785,-5.098570070797723,1.6799220345896306,3.6715421888816353,14.282734019562682,0.5755128984443876,2.201994271827981,0.26392322837082166,0.2661902484608577,1.035511597519138,0.08867426490431418,0.09135462297923715,1.5922394867251943
1.1405017286835877,0.9444446612844037,1.238301916232473,1.3643777594073156,1.7795554998503929,0.498488092550718,0.7584142861532197,1.4231143373175308,3.6715421888816353,4.788785986950786,0.5755128984443876,1.4363613937665671,1.0386923300524307,0.21580567163328615,0.28147495604204814,0.5849412468240294,0.35393871870400817,1.6320028417646808
0.934642658067138,0.48762743897272987,1.238301916232473,1.0944268100688417,1.4274589538074565,-0.9875837248936383,-1.1028116304344058,1.1192754988365061,3.707795420469304,4.836071012827499,1.1623506650859563,2.3890712494977433,1.0386923300524307,0.21580567163328615,0.28147495604204814,-0.7519896560759622,-0.37288708822211636,1.84311965624672
0.934642658067138,0.48762743897272987,1.337556546671647,1.0944268100688417,1.223467440884311,0.3289406764959102,0.3400630050184564,1.1192754988365061,3.707795420469304,4.14497062084837,1.1623506650859563,2.211787990295121,1.533976561349046,0.10730797147757892,0.11996033726723293,-0.9387033130229258,-0.3038734723149096,1.113061806324664
0.5142345562663098,0.9654529007282072,1.337556546671647,1.0944268100688417,1.223467440884311,0.06857133424236217,0.03900318434979758,1.3608429173930559,3.394010038987772,3.794187732366344,-1.1485116314381305,-1.1504190461603958,1.533976561349046,0.0638419953955812,0.07136941640041376,0.4533239573825826,0.06227675882165547,1.113061806324664
0.5142345562663098,1.5468719151866923,1.327225322896919,1.130532288726557,1.283582087212166,0.06857133424236217,0.03994989860915312,0.9208789344081835,3.394010038987772,3.853486126230117,-1.060817622986576,-1.0708505976342682,0.6438492858871734,0.10338786985989346,0.11738436762090547,0.6141443660736439,0.10820239209877942,1.2231726137610246
2.008032946169301,1.6922419222528295,1.3096650773845988,1.3937601018571077,1.6251652581218543,0.06857133424236217,0.17553438371519745,0.9208789344081835,3.289366310286167,3.835497831793734,-1.0961009063912663,-4.310545580346137,0.7946335315678321,0.20639409213500443,0.24066157983176284,0.6141443660736439,0.6049851128393915,0.597475089266134
1.2829311590948047,1.8615804820769288,0.9286555149335105,1.3937601018571077,3.232278246743838,-0.06671316524649412,-0.15387542639057655,0.7286470690524502,4.464485973020127,10.353618871897803,-0.7192971778642072,-2.9693254222409275,0.7946335315678321,0.21748645645462555,0.5043742759051646,0.9097788988206001,0.8289258382624944,0.597475089266134
1.0392597946573368,4.011597310387483,0.9286555149335105,0.4124334005183246,0.9564770199331208,-1.2395359520800961,-1.2598548846875846,0.7286470690524502,2.7809310629665074,6.449275573711617,-1.1661396337146914,-3.077727390011326,1.7137473147777291,0.5320272372763367,1.2338278757098686,-0.5682179041791415,-0.6559433434822465,0.3584795188676813
1.0392597946573368,4.011597310387483,0.4742227219153143,0.5485384751803473,4.878343450574074,-1.2395359520800961,-2.845243503554448,0.7755497615359702,2.3070114575642484,20.517055309033164,-1.1661396337146914,-5.489492510426897,0.4583145187498441,0.7452882582971503,6.62810770467523,-0.5682179041791415,-1.5203158340344545,0.5642430870029592
0.9859175530776225,3.0735548273104696,0.7594895955079254,0.8829894811371208,3.0615536069691256,-0.1508140237382587,-0.26016762955536654,0.7755497615359702,3.1346315592341174,10.868580840095147,-0.656512316232716,-2.1338795268675157,0.5680883735832449,0.6123302094204782,2.123107694208537,-0.5682179041791415,-0.8162844527121893,0.5642430870029592
0.9859175530776225,3.0735548273104696,0.6360331508389889,0.8461343602849962,4.183211499905469,0.11526975451695504,0.23244000623011604,0.7755497615359702,1.5337845764786067,7.582891772107979,-0.9758556000868424,-2.6493759293361436,1.2322943881085555,1.0525016386178903,5.2034725984331125,0.14068775684738433,0.3164051472477643,0.20991856317080157
1.331522298210676,3.6827270426557104,0.6360331508389889,2.552575324798165,12.619700787796933,-1.5566956520020014,-7.363371039251077,1.622566733363185,1.1869107068502698,5.8679788356362526,-1.0126539156204337,-3.266282615637277,1.0481651529746505,1.0525016386178903,5.2034725984331125,0.14068775684738433,0.42731819462378606,0.2477490075678809
5.012455891996023,5.3006168182358655,0.7693319406515107,2.552575324798165,8.625435564929171,-1.41536789486043,-20.83581159634364,1.8697802755571722,0.8001021771401502,2.703634132648994,-0.2786123005472526,-2.2962798276608694,0.5208311415432111,1.0407172564836888,3.516699213497144,-0.785369701635551,-7.382310692281081,0.08983735760226978
5.012455891996023,2.4717169645834334,0.6202346490982871,0.8914787087757,4.634777847998293,-1.31124971962549,-14.149804308640698,1.7511034160178471,0.43985194913610526,2.2867804359058646,0.8920070853239533,6.761313948983206,0.5703846891169693,0.6185175605512063,3.215658949586811,-1.5343752536799835,-13.791678998277678,0.1199037967885871
21.636689726591914,2.5285510590621487,0.9785685978862767,0.3637444569116757,0.7597029784873415,-0.17244324095907926,-3.2520626860317527,1.7511034160178471,0.43985194913610526,0.9186582214593079,1.9019933336483343,39.443622233180605,1.4956812991012922,0.7649532989222674,1.5976526612365005,-2.23488548246183,-61.12055304227574,0.1199037967885871
13.739608143868983,0.6957359836995112,0.5233082421985802,0.6221514710228639,4.543713902397908,-0.6172551369946708,-18.077757180612135,2.4001870225637343,0.43985194913610526,3.2123389710881067,2.1358625259473887,52.59667933042112,0.6846431208886353,0.18842537680711977,1.3761134450996275,-2.674886744916361,-43.112863038861924,0.19830389368982176
13.739608143868983,0.7788592093325284,0.501501620494069,0.6221514710228639,4.947450373373627,-0.6172551369946708,-18.863826050569617,3.7197515818509723,0.8062351752378272,6.4113141325527,2.444649316336027,85.04806626689079,0.6846431208886353,1.3868860910208367,11.02874529504338,-2.674886744916361,-122.0514094116368,0.23505661148808688
4.66524491451069,1.163527739819641,0.6252050551353406,0.5281761090650593,2.7024880785243774,-1.2772703713724076,-9.795783534176731,9.073324314566335,0.8062351752378272,4.125216783137112,2.213322195641564,20.972126824498034,2.130680637389595,0.2646442651490852,1.3540899698800102,-2.686866677895912,-14.586272609271447,0.23505661148808688
14.798237747682638,0.5544929045967505,0.6252050551353406,0.3571562998912187,1.8274409350594158,-0.9452955347041692,-18.910337559481068,9.073324314566335,0.3518025962060913,1.8000479497715736,2.213322195641564,43.943705616186755,0.4393150569479729,1.039543801987588,5.318973508567602,-1.2952909636618448,-44.207020993073115,0.46102956326992517
12.02474238688764,0.5817033251057687,0.8712507023230636,1.6741771155514398,4.411081830533866,-0.5443475025913267,-13.74752673762828,9.073324314566335,0.3518025962060913,0.9269210680544934,1.6347749314220046,18.925838380482368,0.4672909648239262,1.570880602140389,4.138918647061547,-1.2952909636618448,-31.687396769912052,0.8435874524821118
59.81023771874022,0.5817033251057687,1.0829213025024786,1.6741771155514398,2.85520702174226,-0.38849816613866894,-39.262984008939725,9.073324314566335,0.3518025962060913,0.5999778838357476,2.906336494426631,134.64463234268578,0.5551923725115413,0.705041721739297,1.202405680875789,-0.4490836291798336,-29.45291349971602,1.2700324928756748
30.278364827805706,6.73537678939429,1.0829213025024786,0.35410190003860653,0.6038992063689098,0.44799042358996743,10.541037963276588,6.193180090230733,0.3518025962060913,0.5999778838357476,2.5005916777989565,58.64659739695717,0.7729050543057876,3.287892911730477,5.607300948691664,-0.8010113474673759,-57.43121694577059,1.2700324928756748
18.397383832088856,6.73537678939429,1.0829213025024786,0.12268064563433198,0.2092243631771564,-0.7013906233543119,-5.902311856431573,5.862792266843812,0.35235199564887587,0.6009148510969822,-0.13069816019601932,-1.8639403596936075,1.1177508892290446,0.14596496924685706,0.24893435781120865,-0.8010113474673759,-7.352535985965349,0.6509730363009344
33.858074577996085,6.73537678939429,1.0829213025024786,0.17391516047514505,0.2966017052577547,-0.011031443694247911,-0.20341427713918148,5.923258431551406,0.32455534768009253,0.5535093623203502,-0.6172156185805611,-15.547538830049604,0.4792666231774987,0.14596496924685706,0.24893435781120865,-0.12612078422770312,-2.1305480868806055,0.6509730363009344
33.858074577996085,2.923964852891984,1.203185857595954,0.6043746482510421,0.8349698567173838,-0.011031443694247911,-0.34129506496509854,2.634572197592157,0.7004037092643274,0.967638180160465,0.6188468126439852,20.611135277844816,0.4198412446811326,0.1636676982183561,0.22611404188793943,0.5626943045231019,9.059381387201265,3.3645941992684234
21.466787391851383,2.063049563870359,1.3386080014465116,1.0241644615143661,1.1431227397985353,0.5858998820406952,13.447355854568615,0.5249380083723184,0.7004037092643274,0.7817566779415768,0.35784344879658975,6.791972607807363,2.3705906337142437,0.1807529802252145,0.2017477170378259,0.5626943045231019,5.42555148312751,4.191007397441229
10.610222712608225,2.063049563870359,1.4032083736460912,1.9228526041434728,1.953132267723645,0.05583480963012566,0.8279333319007249,0.6502000754441812,0.7849730357183705,0.7973342117075443,0.35784344879658975,3.3902971949262457,2.3705906337142437,0.36124545991596835,0.3669340867886415,0.5626943045231019,3.616521475156523,4.256012048406979
15.110155140094596,2.063049563870359,1.4032083736460912,1.9228526041434728,1.953132267723645,1.0235484013381684,21.614397555548372,0.6502000754441812,0.7849730357183705,0.7973342117075443,-0.2947239329500167,-3.976532414259334,2.3705906337142437,0.36124545991596835,0.3669340867886415,0.43137618892991114,3.9483816205456472,6.591582644297758
15.110155140094596,2.063049563870359,1.530616906228424,0.9246111894568643,0.7893254913465835,1.0235484013381684,13.740589713088418,1.5742336210654495,0.8535793394948733,0.7286867596160704,0.6198498218537498,7.995135772677868,3.5067427123962003,0.6724658234892773,0.5740731050975689,1.150777096600226,13.174790974198915,13.958792969188181
15.110155140094596,5.809001120625579,1.530616906228424,1.5003962879729036,1.2808638384686701,-0.2174089545882838,-3.7179011050506254,2.4257471870610967,0.830175405055519,0.7087072025206841,0.44448766155676844,5.654081400044997,3.5067427123962003,1.8034386946401109,1.5395661981945514,0.341612878958619,6.404752361758166,7.29730126702517
28.863728789961282,14.571912805505171,0.7169560900679786,1.5003962879729036,5.83782215514882,-0.004072397349296708,-0.2840063245291523,2.4257471870610967,1.5239452720278135,5.929447802285507,0.18854450474606477,13.25175626371088,3.5142497242691824,1.7164271615868938,6.678366636822906,0.22474046872227715,16.76366009416763,11.974596365972232
22.44372569458945,8.40579596243119,0.960426525970468,1.5003962879729036,3.253176931828848,1.1020169841153908,44.61049908977915,2.4502906588013875,1.217253598927224,2.6392636131923064,1.4043318082695775,51.20425716424603,3.5142497242691824,1.8008261829306988,3.904572574262025,0.22474046872227715,9.966966170236995,11.974596365972232
14.91661571421597,8.40579596243119,0.8661856059240787,0.9480037816979884,2.527075053583445,0.7625559998395273,18.08219357708704,2.4502906588013875,1.3054290800335768,3.4798566483210465,-0.1573961831088324,-4.379708183006477,0.5743218687120376,1.4192727606412208,3.7833275108068567,0.22474046872227715,6.520614914217102,8.756169963969649
3.6654463010842364,10.688556211775191,0.8661856059240787,0.25251946060479846,0.6731361643892985,-0.3289947864622229,-0.9893895958511347,2.602086827452625,1.3054290800335768,3.4798566483210465,-0.1573961831088324,-1.0762216756666807,0.603926661094409,1.4192727606412208,3.7833275108068567,-0.609214967192961,-4.343445687080581,2.231623641472292
3.302190973466733,10.688556211775191,0.8229805118686784,0.2371357640080648,0.7002416694505014,0.40848518156834834,1.1287622272246782,5.462387307885614,0.6587612631302273,1.9452657788385865,0.304036601588113,1.4002885214453986,1.929981542395517,1.4192727606412208,4.19099131450805,-0.003676907879195168,-0.02485669111694741,0.8146665251413518
3.302190973466733,4.358087980269987,0.6768001102079986,0.41838152268163187,1.8267606600670854,-0.3111212969023819,-1.3885859018114932,1.8578361242906325,0.28797790860124384,1.2573851517851526,0.11434323710012625,0.4233960799903893,3.511357359818708,2.3991455651596065,10.475282723092386,0.686249678242746,7.334444327040078,2.7119413140500277
1.0472995083609686,1.6091559671187683,0.3568566038087418,0.3627628489686005,5.697250610918717,-0.45380806604927315,-1.13442495705877,1.234463940468746,0.28797790860124384,4.52274073923028,-0.05462765701453931,-0.12167022751751645,2.800168880053231,1.3722929946778342,21.552088711720565,0.20266886576111298,0.9853774505631827,2.7119413140500277
0.4683618552168124,1.4634598053724834,1.1302525412033195,0.24636008094571626,0.38569974298546045,0.06999112112601635,0.020358657796660143,1.234463940468746,0.3183191431114265,0.4983583834447674,-0.10064015683640157,-0.033275432327871474,2.800168880053231,1.4940052820566831,2.339004968240585,-0.44639698945850015,-0.3197557381143973,3.2227334109240737
0.8078058684946561,0.43245407748349884,1.34758082015272,0.1216506444037846,0.13397839388228436,-0.7851065628639,-0.23214161164902192,0.5016352705338806,1.5828668259877567,1.7432702976194947,-0.37913569356108634,-0.4043747616056943,2.800168880053231,1.1210551924900078,1.2346599138815058,0.03353907370574577,0.030104522411969484,3.2227334109240737
0.9269111489457331,0.43245407748349884,0.9304244690150724,0.08512837726277846,0.19667180514258087,-0.1351791674963292,-0.05556725270321795,0.30515706420825334,0.6301167599400874,1.4557566420592019,-0.6032817079339774,-0.6746874834548544,0.7878124680514587,1.1068661179783725,2.5571890886865285,0.11482557410576208,0.17019945015768098,3.880274919282168
0.7837466746517677,1.6248422481921956,0.9304244690150724,0.08188124724053374,0.18916997151739362,0.6927564755366254,0.23614698464119319,0.6174668627468731,2.3880999278948427,5.517219272606825,-0.5117374044442555,-0.9420696128268041,0.4523866033364577,1.1068661179783725,2.5571890886865285,-0.8743632477600584,-1.0958447392296762,0.45845279088945506
0.6166107030546316,0.6535277250244924,0.5878091627150293,0.0706158187247862,0.4087514359181223,0.2075304362079774,0.08181303492062644,0.5684532774576114,2.163159489593606,12.521196574060905,-0.5117374044442555,-1.1165576148993075,2.4211277520547085,0.6518517825646616,3.773168065465912,-0.8743632477600584,-1.0472636472147014,1.5458579557089545
0.4080207091154868,0.4326315674850531,0.589050983812751,0.011060069949410396,0.06375028020616971,0.2075304362079774,0.021379869706965572,1.1792279407497825,2.163159489593606,12.468458538056433,0.021262191586526313,0.030633499760450992,0.4119881785436139,0.4745432802857962,2.73526905585142,-1.0568550132613332,-0.7131775182562657,1.5458579557089545
0.7313301433615479,0.3505549138332133,0.607744618199548,0.013253768070870512,0.07176738446549825,0.2075304362079774,0.04065920029918282,0.25594606125059,2.163159489593606,11.713219811885452,0.021262191586526313,0.05321813464734888,0.7152435773064462,0.18856009921388836,1.0210277607677198,0.06113852993425284,0.04518010556293711,0.7333331312040607
1.1605735828158017,0.31124460199149334,0.781035381124301,0.007418993549073655,0.02432392037941453,0.38381303551027934,0.06947190183293664,0.9328446514019352,2.163159489593606,7.092137072880945,0.021262191586526313,0.06571571967618942,0.7602662804321159,0.18856009921388836,0.6182133478988944,1.4821068836315179,1.3524505475749349,0.7333331312040607
1.1605735828158017,0.3875128485372278,0.9881816234171671,0.007418993549073655,0.015195025822440849,-1.1053092715278283,-0.15812743092079057,1.1181836334228514,1.0867300391449297,2.225758911583254,0.2890237623966585,0.5004322520591598,0.7602662804321159,0.523279501977071,1.0717418059877384,1.152582405238046,1.384808601165725,0.7333331312040607
0.6149959407434328,0.3875128485372278,0.9733765578375153,0.007636375890733436,0.01611964703289034,-0.656966045370379,-0.05129711460241093,0.9242927931672081,1.002376175051851,2.1159186461239856,-0.8306643927010844,-0.7431001115107236,0.35754322715836695,4.121099819548405,8.699241031212258,1.7990897484855832,3.2633658175378835,1.281019259025592
3.0948966537232563,0.3875128485372278,0.8382119289063741,0.010394336250571358,0.029588236627458384,-0.656966045370379,-0.34974266671318494,0.9242927931672081,1.002376175051851,2.8533369271684412,-0.8306643927010844,-4.3425844638275715,0.1965134827841719,4.121099819548405,11.731011359140094,1.2759405149332443,13.52521903019493,4.051596025635079
3.0948966537232563,0.3875128485372278,0.8302358354570571,0.010394336250571358,0.030159477115351434,-1.2150957069222632,-0.6530832446719937,0.9242927931672081,1.002376175051851,2.908424413419188,-0.5740615087107681,-3.0299361048024585,0.42513530272763345,4.121099819548405,11.957494225849874,0.5896346761335632,6.310289115970621,5.1060310338993125
1.924532774480667,0.3875128485372278,0.31927908395899696,0.010394336250571358,0.203932207355731,1.0211012598373497,0.887435981710217,1.246966867721324,1.5849499786278998,31.09600650760546,-0.38487656337315557,-4.130466334078881,0.4642395549594717,4.121099819548405,80.85412696627111,0.5896346761335632,10.203740937131817,2.4787701607931023
1.8396059727749168,0.3875128485372278,0.18386249327615906,0.010120945372569289,0.5987765535982115,0.02599794783254228,0.03700805595361305,0.6788687039611672,0.6448224290990694,38.14905995098281,0.3436430138727061,3.90457932776359,0.31562206426527,4.121099819548405,243.81298941414792,0.5896346761335632,16.936990616812718,0.6505110504704724
5.112993553899993,0.2617584888140247,0.18386249327615906,0.040591401102856584,2.4014732184964878,0.02599794783254228,0.20599334363038554,1.221185867689874,0.5064628596270704,29.963414923166145,-0.4068701979295286,-11.387457773202259,0.5647930609257196,5.394517249552852,319.1510603118065,0.7943175597734269,72.55503475876849,0.7184728360317068
4.465835270430812,0.6762107656245474,0.14083273517719838,0.040591401102856584,4.09314198452458,-0.1846389098928608,-1.6682238725572347,1.221185867689874,0.5064628596270704,51.07053065473154,-0.4068701979295286,-12.985054142628382,1.0612365444492242,5.394517249552852,543.9705070646833,1.1615685066321948,120.98602406803619,0.7184728360317068
2.303026924355514,0.3549252719376397,0.16433915103737168,0.023032987897337893,1.7056825123203374,0.6912224107942937,2.0790547396510526,0.3352053040778294,0.380576436231907,28.183168192303288,-0.4068701979295286,-4.97450419782472,1.0612365444492242,5.394517249552852,399.48502452155486,-0.6626631410212422,-30.502966781262227,1.1553241489469108
2.4741404193392382,0.3549252719376397,0.2108393043948718,0.015283826002733038,0.6876365157707883,0.7037087049494775,1.443765744008158,1.0000666893203203,0.380576436231907,17.12256175568706,-0.6217682478632621,-6.365569363433921,1.047393363826557,1.0098819189939103,45.43572296574905,-0.6949020327194515,-11.58901827716658,1.1553241489469108
3.0170672083745256,0.3549252719376397,0.2108393043948718,0.011779433594458523,0.5299699612648301,0.32670122498946524,0.7175652105021016,1.9350146146895468,0.4406102224386931,19.82354929430343,-0.9767718895732094,-13.121057684256622,1.047393363826557,0.40421290310682884,18.185992975336937,-0.49277498738181996,-6.340188201761535,2.7551240140105335
3.500270551149574,0.3815537039420343,0.40724867084465805,0.035637358359494414,0.4297502606544516,-1.1131227640214612,-2.554187369459639,1.6597966044356574,1.4761965512521569,17.8014275434869,-0.9980283687024496,-14.739132254198193,0.13153232212151522,0.502317143047244,6.057433353452831,-0.39604243291833,-3.4118321413629724,2.8659881131751357
4.421356058462436,3.7644511622220582,0.40724867084465805,0.035637358359494414,0.4297502606544516,-1.1131227640214612,-3.2263139764152577,2.309900551704258,1.2698645598605796,15.313273786763265,-0.19971860415624432,-3.455477237614412,0.13153232212151522,0.36213296441819665,4.3669548758466705,-0.39604243291833,-3.659203499676078,2.8149217939553757
12.868874080136083,2.225717499134116,0.36642335670848664,0.06025147951626637,0.8974937103697387,-1.1131227640214612,-13.57060853178215,5.376136965947489,0.7397449428022332,11.019089303252477,0.4343481565388062,18.55459099134576,0.11213174689403205,1.1051538377240595,16.462145432968878,-0.7887435739562058,-41.183153863284794,2.9670049962833014
9.115119285061112,0.4797391583702281,0.36642335670848664,0.10088730713382253,1.5027966837611142,-1.1131227640214612,-12.438142694088254,5.588379791943814,1.375871649619934,20.49470256537938,0.4343481565388062,17.923431029251006,0.14580075695341532,2.2438276259002636,33.423597189105855,-1.0022716863045293,-52.817083063128074,3.478116809098134
5.9704678938714695,0.7126542042272522,0.6931333737552864,0.20092655027509068,0.8364379001016751,0.686695275549122,3.749637451318134,0.8363205308413822,1.1972869833582882,4.984190535338269,0.4683270670800609,6.2424481534461425,0.14580075695341532,0.9920177151470985,4.129674318228556,-1.0215148755838392,-12.393984938597274,5.271378414248473
41.425782255313514,0.7126542042272522,0.48057982205429534,0.3430924901621709,2.971051248606921,0.686695275549122,49.03315620111769,1.922431851329921,1.6164504713115704,13.997849934959063,0.4683270670800609,72.58562879750254,0.14580075695341532,3.9002112754603684,33.774355056008666,-0.6277645964832095,-151.13361480575426,7.238203173248559
15.775612825734175,0.43451301740624904,0.6051322368711055,0.23349080628634658,1.2752613619839528,0.686695275549122,12.233476703592144,1.922431851329921,2.651342452707469,14.4808895951948,-0.5241192316442838,-31.464001630238727,0.14580075695341532,2.094903837369068,11.441777787140675,-0.9302432588950573,-49.639743080693506,5.496875705949377
11.125078173326862,1.2163326437022277,0.8054514598844007,0.2844689822417765,0.8769728909126909,0.103180916264067,1.0749679989988323,4.650258167926948,2.1592852143151444,6.656734881181314,-0.5241192316442838,-15.04401636975285,0.14580075695341532,2.094903837369068,6.458257276289568,0.2252698549065677,6.368891079113494,2.0106007776187056
19.345009125799194,3.654705017262238,0.7666745925925658,0.23902444557432007,0.8132988777040311,-0.08057844654997823,-1.4057656138505963,4.650258167926948,1.1150975230404927,3.794204236475855,-1.635395398344655,-61.6243090176619,0.14580075695341532,1.8785718886128628,6.391983903672023,-0.23408065512843435,-11.448597827783736,2.2294497129269697
19.345009125799194,3.3895597730134233,0.7411733389150508,0.23902444557432007,0.870227368633028,-0.08057844654997823,-1.454133227265305,4.650258167926948,1.1150975230404927,4.059787194205672,-0.09885500719539797,-3.853179540843034,0.44116197775206106,0.6291779428987545,2.2906772750173845,-0.8729273980656167,-25.55812661305765,2.5475142070562846
19.345009125799194,5.867950714547409,0.6251114584602985,0.6196921411070443,3.171692423346259,-0.08057844654997823,-2.7760888499161127,3.1545662616993413,1.8699054077830983,9.570501900580634,1.0576997779752253,63.299271093708036,0.44116197775206106,1.0010772808293795,5.123688064073991,-0.8729273980656167,-38.22419996394561,0.8608142187146067
21.39193312591848,1.7225436061187207,0.390458771913909,2.2931030510182997,30.081757079349973,-0.5404059993982714,-63.40474991954378,5.359951577446807,0.4166494212944559,5.465758145088939,0.4340608444646371,21.708301691808927,0.2912570402279581,0.31993975530249635,4.197085689089497,-0.8729273980656167,-38.256221641738215,0.5208261134958706
21.39193312591848,2.371914501487764,0.2847677402006439,0.7599473269722802,18.74268946328177,-0.4600307866969074,-42.60424604134134,4.075008464637216,0.34042621161168946,8.3959802777648,-0.2814165973573802,-17.443572907252488,0.3103066365667975,0.29723579845439785,7.330768949470354,-0.7958247865909875,-46.093773090797775,0.5208261134958706
48.04816060674266,2.371914501487764,0.2847677402006439,0.6053336587094978,14.929430480486642,0.3186108197817336,59.15056631514281,1.468279486502884,0.7027194261501426,17.331269571829296,-0.44045530873557803,-88.1036303442932,0.3103066365667975,0.5155428473065805,12.714906874638936,-0.7958247865909875,-136.34864295009362,0.5208261134958706
141.04343925842716,3.481912253261331,0.2945942474813326,0.45805174319811853,10.555918090540283,-1.3892420244277217,-636.617843969454,1.468279486502884,0.7027194261501426,16.194346628354555,0.28114535438134036,159.57524375302827,2.785374447501828,0.5155428473065805,11.880815102538254,-0.34964057191005216,-169.98000197187434,0.2497868991766075
141.04343925842716,1.7223560896929075,0.3655204152341195,0.3125634549753168,4.678912436212254,-2.1125740849910235,-644.5213324014727,1.2574784117259574,0.5619066361522111,8.411450238449651,0.4482518438806451,183.3624546362925,2.785374447501828,1.9711124365676584,29.506528501092273,-0.3200106978362404,-245.17514722336952,0.22631530776451886
20.4972797828313,3.634123729443819,0.7050488735550738,0.4470523182677768,1.7986634138381097,-2.1125740849910235,-58.074185516612346,0.9361172362750585,0.564414970120041,2.270858500211075,0.4482518438806451,13.845650054090124,2.785374447501828,0.8382235798007156,3.3724958444368927,0.37451276776900405,14.09738527232566,0.23731363905848296
7.277505531340306,1.81572010035117,0.7050488735550738,0.27362375067165073,1.1008935853352746,-1.6501013788181207,-12.599863550790195,0.7880545839383636,0.8381552090263138,3.372220762515902,0.3836021932340229,5.126507826823155,26.591413735963325,0.8382235798007156,3.3724958444368927,0.5084976231957302,6.795903182765943,0.9479663363645435
4.567317015716251,0.5037264270111368,0.7849670157083138,0.25226610499847757,0.8188155491030719,-1.6544602327097002,-6.837707679236749,0.7880545839383636,1.1613302407080641,3.769492769316413,0.36917561018782075,3.273675404643027,26.591413735963325,0.6855905594453758,2.225317627968829,1.7318401135481905,11.799536708375069,0.9479663363645435
5.144368879260743,0.5037264270111368,0.7210452997017885,0.35718061527965844,1.3740191209026855,-1.6544602327097002,-9.976651990776245,0.23237074581035866,1.1613302407080641,4.4674595657046945,0.36917561018782075,4.014166839026101,26.591413735963325,0.6855905594453758,2.6373618765697997,1.6631220913920641,13.894441568435433,0.9479663363645435
8.310388612870954,0.6923636730916432,1.0083026370510872,0.35718061527965844,0.7026451787795325,-1.8843339181383714,-13.1264483407969,0.6735879227620836,2.0654996637758978,4.063247887589192,0.36917561018782075,6.184306327397163,24.243747489355826,0.6855905594453758,1.3486927358414524,1.102620689153583,10.641527684394559,0.9479663363645435
3.9727485833318235,1.5603696374319695,0.3599135567070388,0.35718061527965844,5.5146945939085255,-1.9335908947899694,-18.039163996059614,2.717425367730427,1.6649752294934697,25.706405959041845,0.0947344748519372,1.9081820857155833,7.276259035320167,0.11340295468302763,1.7508863425695593,1.3144309226218034,6.9096782766979015,0.8088493775930512
19.203850529845553,2.6474499881539333,0.8192438057671951,0.4927079239425109,1.468227011568832,-2.039035314893923,-47.44709959304512,0.5408048713517828,0.739408158483078,2.2033723796694873,0.7143765168807551,20.363828810945908,6.897337353792419,0.12271901399494976,0.3656920508579076,0.9490012805362107,11.020793768193515,3.3351502968133073
7.15421043216075,2.3681423699103554,0.7546854134147791,0.4927079239425109,1.7301654309551686,-2.039035314893923,-19.18802488529336,1.7352414257196014,1.224188847257524,4.298792695554372,0.7143765168807551,10.596492406955903,6.897337353792419,0.29126550042567406,1.0227915476454943,-0.20869060800896744,-1.5099347485124945,0.556313142194613
4.041403075822787,0.7092870151603948,0.34918306298951396,0.9350838952827304,15.33819421254318,-0.7539802802682902,-11.933814182994642,2.1374698332808886,1.610683492149,26.420063848975683,-1.402573696463889,-29.135655209934182,10.539654369285207,0.29126550042567406,4.777632077164355,-0.9179204806866368,-8.108557086039534,0.24072354827529802
7.037199980522582,1.114623039864482,0.40140110326388934,2.1165479455155802,26.272474723257726,-0.7539802802682902,-27.196334346235833,1.7096721273589504,2.288450586100341,28.406283120649938,-0.42408260392301567,-15.90587467709127,12.190319758487947,0.2820019505393186,3.500458911479492,-1.2275422953138357,-16.162139454370482,0.6677460545499319
0.8275534745735691,0.7850676658634432,0.40140110326388934,1.2724148582082822,15.794344404341572,-1.3522324323250068,-4.447318328406132,0.8831055013009589,1.1528757943284476,14.31051927253724,-1.1103666001763912,-3.4760831190879475,4.018414425634325,0.5259555863589687,6.528628315483856,-1.2355420848085061,-2.612549822794626,0.6934226323506615
0.8275534745735691,0.5931760884609495,0.38224849813714323,0.6415233148769498,8.781139261472344,-1.3522324323250068,-3.316063564432208,0.6424107696359287,1.1528757943284476,15.780506594870118,-1.1103666001763912,-3.6502526650563216,4.018414425634325,0.5259555863589687,7.199253935226528,-0.7541776182983784,-1.6746091212796461,0.8572690198946604
0.8275534745735691,1.9609098743833906,1.20116917031419,0.4179596755984533,0.5793700290613318,-1.3573842054572411,-0.8550211753153221,0.6424107696359287,0.42235112308192807,0.5854573939547969,-0.7286177232837432,-0.4613637252635932,4.399068657213394,0.5259555863589687,0.7290724946550158,-0.029618116915399062,-0.020928536827370052,0.8572690198946604
0.6298876724169395,1.9609098743833906,1.20116917031419,0.2749414693502846,0.3811201328442918,-1.3573842054572411,-0.5278333732593695,2.1882869579184883,0.4059964370882745,0.5627867502237606,-1.13666164528329,-0.5371137206601823,6.723885465039105,0.5259555863589687,0.7290724946550158,-0.4238811297283292,-0.2279777950986125,0.8572690198946604
3.5385799691640507,4.715671336254169,1.20116917031419,0.2608907840867308,0.36164326365153826,-1.3559468431220294,-2.8854388109488145,2.5128643470166763,0.4591528969836208,0.6364715134016136,-0.5824084449924884,-1.6441678954643477,4.040908002227194,0.42654515590949843,0.5912711053318918,0.20405025392829373,0.5552128159783407,0.4618342647148558
2.6091040278242406,4.32853895252991,1.20116917031419,0.43704923808576046,0.6058317214655169,-1.3559468431220294,-2.753658403552579,1.2254856676437682,0.2142859045531339,0.29704021224205,-0.6078656141371973,-0.8643837531225435,2.2184712358735537,0.7014766452750856,0.9723774040568611,0.20405025392829373,0.5249838747099873,1.455578244395222
1.6278332079171745,2.4485359951421284,1.20116917031419,0.6516010598600364,0.9032405445500372,-1.3559468431220294,-2.0977526584916717,1.2254856676437682,0.18993494978786715,0.26328524927864216,-0.45777647106818836,-0.38236368186477687,1.1303176341441303,0.7014766452750856,0.9723774040568611,-0.8264355833642247,-1.3265888449462528,1.455578244395222
2.657621728747725,0.9492729858886527,1.20116917031419,0.6516010598600364,0.9032405445500372,-1.3559468431220294,-3.4248183533981784,2.7020039095319297,0.402340156920562,0.5577184642844751,0.475832668356085,0.9443977258519517,1.5946916275684755,4.562653805355118,6.324688772954854,0.1695206255419931,1.1330140410145033,2.0532396714290546
3.7329933606192873,2.0034140367322157,1.20116917031419,0.6516010598600364,0.9032405445500372,-1.3559468431220294,-4.810625995516189,0.9148934702313339,1.4308743237720334,1.9834585653745402,1.3298738048090635,6.991642527013794,1.0154406684499455,3.0784177060026345,4.267260838586661,0.4174593578389143,3.219185577252555,0.659813214908356
4.438139605237026,0.7662746907023513,0.6850325504480893,0.5828350550821513,2.484009452463121,-1.2933280374431542,-9.04661844776926,0.7191258244787545,0.7959154589977173,3.392145867467056,1.3298738048090635,10.870478225253306,1.0154406684499455,3.579653089568173,15.256275396428984,1.3494839625598471,23.39337845082288,0.659813214908356
1.9838925449494318,0.25726044639079987,0.313590682681045,0.5828350550821513,11.853575204302688,-0.8891564102389082,-6.073247624288054,0.4284499537839767,0.5960659095206373,12.122661503653145,1.591977688791212,10.996490710736724,3.544872456152399,1.5350483732844105,31.219486845046656,-0.03433187515953007,-0.3805647422430005,1.2220164456406133
1.5058897283027997,0.25726044639079987,0.313590682681045,0.41435407497887605,8.427044918015595,-1.1120388820258618,-4.861281808289491,0.5509781990351362,0.5096887833016096,10.36594190924839,2.7314128272338207,13.24295492789469,1.3305607009725036,1.5350483732844105,31.219486845046656,-0.09676780368252039,-0.8142109433513411,2.3639482026477476
1.3011143219333292,0.25726044639079987,0.5215741857806381,0.41435407497887605,3.046277287175573,-1.1120388820258618,-2.5253416761626406,0.8585272197194662,0.5096887833016096,3.747165667862687,1.4286314331081083,3.5982149684969316,1.3305607009725036,1.6011813985750987,11.771677465404451,-0.07263513212895929,-0.324251030793476,2.3639482026477476
0.8945099007908028,0.625131797497656,0.8212862221040125,0.8339813072806934,2.4728469507663147,-1.1120388820258618,-1.5642412822494869,0.8585272197194662,0.5096887833016096,1.511283697397034,1.896457662375724,2.085457301457059,0.6475194034517071,2.3086741375893687,6.845474534754102,0.22955126026587935,0.5372378630065319,1.6731373030807601
1.598734513804775,0.9685239805818764,0.8212862221040125,0.8339813072806934,2.4728469507663147,-0.6147598482778195,-1.5455407647414126,0.8585272197194662,1.0217894218177623,3.029718812650686,0.19826126768594832,0.5517157616559543,3.500474967328836,0.7679817327372698,2.2771509019019383,-0.12250839441836542,-0.2955548595382606,0.5741276814136249
0.9651908124034445,0.9685239805818764,1.0667919602269036,0.8339813072806934,1.4656384307503227,-0.2396209078265854,-0.2799956669606954,0.8585272197194662,0.91464999859995,1.6074055580512279,-0.22392279697007572,-0.2740149273338419,0.5377514837438617,1.2699997099575813,2.231897005011787,-0.12250839441836542,-0.1766510007144935,0.5741276814136249
0.3614943650764134,1.2077716840860093,1.2643238766279385,0.8610591026116465,1.0773238603639166,-0.2396209078265854,-0.08990821603983327,1.068778139239915,0.5120388233697856,0.6406431802135318,-0.7272031653386288,-0.21040952513935346,0.5377514837438617,1.2699997099575813,1.5889745384988279,-0.12250839441836542,-0.05582462946647192,0.6328622343041457
0.5617853742964484,0.918949596441542,1.2643238766279385,3.1160978667870465,3.898741181571222,-0.2396209078265854,-0.26580144669330935,2.752906543487832,0.39032404755250977,0.4883583582436088,-0.7272031653386288,-0.2854930245361018,0.3478030972684999,0.4828817201254078,0.6041629398572208,1.2152105522710068,0.5306387989340701,0.6624506469022782
0.5617853742964484,1.6684475027823584,1.2643238766279385,1.9365650873743787,2.4229553690893555,-0.4629851461583553,-0.40486496207339523,1.3317512499140292,1.3247095039248407,1.6574253176123093,-0.7272031653386288,-0.5259484424292519,1.279992083141529,0.8802069797851807,1.1012809440203097,0.843672386182325,0.497385734760447,6.1563327145826445
0.5617853742964484,0.9104280846199965,1.2643238766279385,2.2344568757047742,2.7956660580553323,-1.0599756123399757,-0.9956551594012516,0.7384067140768749,0.5612830112275335,0.702255604264895,-0.7272031653386288,-0.3423527304128319,0.4640211709663092,0.8802069797851807,1.1012809440203097,1.3289348700749208,0.7834714726080263,29.427005826804187
0.3808547248433186,0.9519501476313199,1.2643238766279385,2.2344568757047742,2.7956660580553323,0.4698831362083249,0.2992208507616701,0.7384067140768749,0.5108077687170144,0.6391029322249561,0.5397944970530171,0.16435132346155978,1.4056155273865951,2.2442874543350504,2.80796569798418,0.6857776727625243,0.43766174571138555,29.427005826804187
1.1089959727715664,1.0663982640399365,0.7759380573130839,0.5260702410447755,1.747509818273156,-1.0434259718316177,-1.529682942155877,0.7384067140768749,0.5007377543440165,1.663359897260835,0.5910189058300129,0.8453264457158672,3.678681277730622,2.2442874543350504,7.455115411373292,1.3238961460408971,4.0087693799737805,29.427005826804187
1.1089959727715664,0.666207175371829,0.38425356373631747,1.6319327859452628,22.105302134429337,-1.0434259718316177,-5.440512834423654,0.41342525827429527,0.46660047117565717,6.3203242683984815,1.2249423600510245,3.415193401606276,3.678681277730622,2.2442874543350504,30.39993600339958,-0.022760529762635873,-0.13917097505343895,29.427005826804187
2.1319849844939225,1.0993123454044111,0.5927322768754093,1.6319327859452628,9.289987058796505,-0.923623397965338,-6.001870525398007,0.41342525827429527,0.46660047117565717,2.6561831321621594,1.2249423600510245,4.256266395586012,3.678681277730622,0.8229859162776583,4.684953067698017,0.4917580405427986,2.26928077350526,62.293449608184325
2.261767935364817,0.6579478531324633,0.6010655442632785,2.1544203813377982,11.926603424341574,-0.923623397965338,-7.214418945665232,0.5744285148139942,0.46660047117565717,2.5830422073278916,1.2249423600510245,4.452761639467716,5.499816196067967,0.8229859162776583,4.555947730668547,0.45507764220139774,2.196963838567113,25.091729481506803
2.3073270724754087,0.6579478531324633,0.6487525273588348,2.971293713705943,14.119439416817096,-0.819458846881123,-7.104688431842971,0.49104649787270327,0.2844554766808877,1.351718226727654,0.6011413303156473,1.6126080923258934,5.499816196067967,0.8229859162776583,3.9107879952005637,0.45507764220139774,2.076475435357736,25.091729481506803
1.6858984714656402,0.9008553143476004,0.8670812491837657,0.4066287993865179,1.081704261408777,-0.819458846881123,-1.4368546422596764,0.7435853819926366,0.7438719697699099,1.9788305227190734,-0.9746474387053762,-2.311443398038831,5.499816196067967,0.3030517943440607,0.8061711759327386,0.607471859400998,0.9195412463268579,27.325971083703337
1.7969058990753692,3.2134687859228688,0.8670812491837657,0.06574348118051877,0.174889245080787,-0.8276572844786148,-0.62195280061009,0.7435853819926366,0.9521881143323179,2.5329881761695163,-0.9746474387053762,-2.7873368828302776,6.238191552152598,0.08482351107679073,0.22564548683676267,0.607471859400998,0.5185191789153706,27.325971083703337
1.25870343208051,2.204269318889777,0.8971309265758421,0.1038276709421955,0.2580069775447601,0.7472616081719197,0.47776222893416986,0.7253457400354456,1.9323123105109055,4.801707043828528,-1.5377923143681804,-4.241494736035887,8.341017562967213,0.19137413030241038,0.4755558946041587,-0.3471735271488181,-0.3013497272368618,17.500516580321722
0.985680576219904,3.5208972099650935,0.8971309265758421,0.11956776351903878,0.29712038223903453,-0.1526655513750248,-0.08202447730922124,0.40975487537097083,1.9323123105109055,4.801707043828528,-1.5377923143681804,-3.3214805560187988,6.375229133415214,0.25971798548636704,0.6453872252095274,-0.3471735271488181,-0.27491154751636115,17.500516580321722
1.1198081777629652,4.25594359669595,0.8971309265758421,1.9322610485815068,4.801579660296304,-0.16519859886403634,-0.4053610940880638,0.40975487537097083,0.31156457878029586,0.7742236202704003,-1.0158181231125085,-1.0009048643530254,10.015911848034278,0.4129407725756537,1.0261387900780132,-0.3471735271488181,-0.3938159386125713,17.500516580321722
1.2285268419812243,1.6191752544454656,1.4080097788554906,0.8791062986848934,0.8868701652656784,-0.16519859886403634,-0.19112655504314002,0.27281337235206554,0.31156457878029586,0.3143161752875298,-1.0158181231125085,-0.6996550483801146,10.015911848034278,0.4129407725756537,0.41658767747081793,-0.25829499799693917,-0.20481127231686289,9.709234402479433
1.2285268419812243,0.9223676343035059,1.2248456057469848,0.26057765307915043,0.3473797249738106,0.09845229977087502,0.07128739561478159,0.27281337235206554,0.31156457878029586,0.41535111092356447,-0.6319817489244132,-0.5003764647258047,2.8188948631048314,0.4129407725756537,0.5504971370827082,-0.25829499799693917,-0.235438877266583,21.422281177897144
1.5239505182510464,1.389454404506851,0.8238842047073263,0.26057765307915043,0.7677764915764063,-1.6959727835323801,-2.2646815902604365,0.516066443386438,1.7274134024894683,5.089720419204839,-0.6319817489244132,-2.172813074372444,2.8361586544323436,0.8174118187321407,2.408455103280181,0.7251146748479871,1.714931738069469,21.422281177897144
0.6700839537712672,2.184169964047679,1.0552778486994348,0.5800606825837543,1.0417650446134838,-1.76800089597873,-1.2091956870349723,0.3653873911408344,0.9615619531867737,1.726925580610457,-0.6319817489244132,-0.5565069160471684,2.8348058567976566,1.2954270598038926,2.3265335322141216,0.4200376904141333,0.42931112050362774,21.422281177897144
0.4588066548546526,1.588672835545195,1.4905160225701262,0.5800606825837543,0.5221918953933694,-1.3154898364205012,-0.43614637698438785,0.2715898834665351,0.9615619531867737,0.865633327596292,-0.07176294424295637,-0.030633522698823183,6.372149240818644,1.277834537523648,1.1503535046994608,0.4200376904141333,0.20669674160515225,21.422281177897144
1.5143491149258321,1.588672835545195,0.6004855886638831,0.6363594421647687,3.529614785960356,-1.3154898364205012,-3.7426322894968154,1.3037147745803088,0.8531745201840634,4.732195677339512,-0.07176294424295637,-0.2364055149296317,1.5379632828471117,1.4970987364382056,8.303769043167046,0.4200376904141333,1.832955412238409,16.713666594890643
1.5143491149258321,0.3960112535758136,0.6004855886638831,3.422829720529892,18.984978600001238,-1.100830868454323,-7.263595705104801,0.5788974500214594,0.8531745201840634,4.732195677339512,-1.603331319683163,-5.281783937811427,1.4956888171054363,0.9057754795703713,5.023950795129594,-0.2524571320844311,-0.8569122296055532,16.713666594890643
1.5143491149258321,0.4721954606673379,0.5632548687654807,3.422829720529892,21.57771144706587,-0.3328731766300205,-2.341571907705125,0.5788974500214594,0.8531745201840634,5.3784602547130484,1.0791297754080205,3.7899079831898925,4.805759059186705,3.7756713691374046,23.802045083791818,-0.2524571320844311,-1.8651801682108866,4.207431456462204
1.5143491149258321,2.3954335134217355,0.5632548687654807,3.422829720529892,21.57771144706587,-0.41106744181953203,-2.8916237219277914,0.7320139505990124,1.6605946725312548,10.468482396158196,1.4814816555512915,7.25878862178033,1.8129506945449019,3.7756713691374046,23.802045083791818,0.7321703242244453,5.409352301598881,1.2278014006525764
1.7787390120227906,2.3912315753341566,0.5632548687654807,0.6710180382164342,4.230135527211947,-0.41106744181953203,-1.5038428366394119,0.7651864350233413,0.5097242213955488,3.2133302164826225,1.519419934642137,4.84470937057327,1.8129506945449019,4.550284382621798,28.68524917304485,-0.230693430384328,-2.1977423177367132,0.29524571170954345
1.9256248636340851,2.3912315753341566,0.845529747780525,0.1738770612640377,0.48642344998568854,-1.2370470180047923,-1.6613653309904934,0.21182281646709272,1.8108644651029815,5.065918035239204,1.519419934642137,6.585345790492703,0.962561081534529,1.3216592458174168,3.697359763170535,-0.230693430384328,-0.8541866256792887,0.29524571170954345
2.367559815914461,1.9543182171327576,0.3026081988722679,0.4038570770616907,8.820563119970096,-1.5227388499552394,-10.707166209339979,0.21182281646709272,0.7331476765958799,16.012534445906358,1.519419934642137,14.394905517419605,0.25045371097930447,1.3216592458174168,28.86610007095116,-0.623935818074109,-7.936608071656626,1.8131125667851087
2.367559815914461,1.1040956423623,0.2145740590470036,0.10147886043365928,4.408097012731833,-1.5227388499552394,-7.569234500606841,0.962729241825347,0.8813680391053778,38.28537099938769,1.084327821870478,15.884662478467042,0.25045371097930447,0.5570909910264861,24.199238372104748,0.07348006392893036,0.8557981324708204,2.6105969023814564
1.9426980011556223,1.2034442701713077,0.19140016432644952,0.09385351309212943,5.123844211026585,-1.5227388499552394,-6.69620405882038,0.6894052323661758,0.22638008509353036,12.359007673581306,0.12053299532673067,0.8231956057524185,0.25045371097930447,1.501674352649611,81.98249788601736,0.08690805599729332,1.5287128004551727,1.635467176275915
1.2661737674215112,1.547195732766826,0.2621617007703342,0.3169721009851598,9.223856598114292,-1.5227388499552394,-5.855648657631584,1.6209661640244777,0.22638008509353036,6.587637950096424,0.12053299532673067,0.3917095159522548,0.3005732670936615,1.501674352649611,43.698574236836755,-0.15512511313235786,-1.2984016433563736,0.3794722029706347
2.1333322650343582,1.547195732766826,0.2621617007703342,0.5639995047463698,16.412329466912794,-1.8644608959638216,-16.1137601227774,1.1253751158521013,0.2809547399871769,8.17575497700833,-1.4154126040204,-8.633869779193878,0.3005732670936615,1.501674352649611,43.698574236836755,0.8225899535126522,11.600468697899815,2.0384254068963066
2.834695320333041,0.5307308937077025,0.2621617007703342,1.9010146721408137,55.31933779736366,-1.553595033382094,-32.75538416288582,1.1253751158521013,2.044144859582986,59.48441200965096,-1.4154126040204,-30.945038822600004,0.39515064023075946,1.501674352649611,43.698574236836755,0.44727373202578374,8.381339129887062,1.389400534002015
1.2082546717044502,0.804941722430326,0.2621617007703342,0.7277354797293084,21.177030046241583,0.10065954163243873,0.5596879514716232,0.48334379150409035,2.044144859582986,59.48441200965096,-1.5629719844197396,-14.56502596170701,0.2757409862133147,0.3111835038357491,9.055408997065273,0.9669982361038709,3.515913648097114,1.7221527125370868
1.2082546717044502,0.3491927920902091,0.2621617007703342,0.8841466263287815,25.728578848474235,0.10065954163243873,0.6169093186533334,0.827070595776042,3.631704029851607,105.68222589316576,-0.2561347209558531,-3.1814705923948146,0.24146650368308356,0.4747096469613529,13.814003490225103,1.8100486787474723,8.12846459609147,0.4254429136506482
6.101988173477699,1.04539641155652,0.2621617007703342,0.7218060808491342,21.004485128837935,-0.09144415726343849,-2.5573098042844626,0.5096156755103655,1.3219552722990262,38.46876688172071,-0.8034799541696882,-30.40888808848932,0.7083695518712622,0.4747096469613529,13.814003490225103,1.8100486787474723,41.05077844550216,0.9008970673745476
4.268292972455004,4.039164480156633,0.2621617007703342,0.47948906687932213,13.953084134258134,-0.09144415726343849,-1.4579589282580552,0.3395161199206207,1.424519152437992,41.45336558806647,0.3258129640233618,8.953698795115422,0.6249482113801887,1.2070079694309266,35.12381180617921,2.4361372225913485,61.62497977545726,0.9008970673745476
4.268292972455004,0.5595411410506035,0.3778173030140645,0.6396841820798996,8.962556785096568,1.0971259882249433,14.019311452584695,1.0811100527227133,4.054206582578215,56.803118996509745,0.3258129640233618,10.481143660669078,0.6249482113801887,0.9789954722030738,13.716616351905548,2.4361372225913485,38.510527272865616,0.6284506608693408
9.553257689801754,0.5595411410506035,0.6191528497404823,0.6396841820798996,3.337335399368841,-0.47322978541276384,-8.25892441919732,1.0811100527227133,0.8538936236519501,4.454900554588112,0.40483479186963384,8.162972409386855,0.45231393179468204,1.1808516738294443,6.160693359121886,2.4997213290656903,59.273133208714555,1.1258379147946522
22.349529263263662,0.8402505606797591,0.7756473606584017,1.2335358409283397,4.100654035583553,-0.13277057637851158,-6.008925034991521,0.17043484349425242,1.9541835628598283,6.496309590227567,-0.008506434981423616,-0.48456196731234563,0.219463060176679,0.9333218044719067,3.1026498760875363,2.1826790627844366,85.92601037858059,1.1753640599541701
7.918278945271779,0.8402505606797591,1.2540150592507928,2.3770083554168426,3.023118703519739,-0.0626732375874079,-0.8628603787002921,0.5301391587492145,1.9541835628598283,2.485363110116785,0.401595264134834,5.013191604013084,0.219463060176679,1.4359242837049684,1.8262323516929424,2.4078963052755267,25.765975729830355,2.234161234113517
4.536360828299035,0.8402505606797591,1.2540150592507928,0.2940692370034284,0.3740021394914042,-0.12584631821030984,-0.34912837673392616,1.7375471274563514,1.5591712615216458,1.9829799049528216,-0.5754165318430413,-3.6757763851850647,0.219463060176679,1.4629199059889466,1.860565832454114,2.4078963052755267,14.89936956678704,0.5417080051128588
4.536360828299035,0.2661789023563766,1.2540150592507928,0.1956414626998657,0.24882006145418223,1.2614992984788402,2.8545476798705707,0.6015891192330537,1.0105583926185202,1.2852449469779619,-1.0242302466673845,-5.2674223368304185,0.3244941735464665,1.7192526135927317,2.1865740271308067,2.4078963052755267,16.152043089342143,0.6586147491513842
13.540479336919118,0.1936721546901835,1.2540150592507928,0.17342245764488276,0.2205615618143948,0.685606986269187,4.359876499162355,0.8462672843442165,2.491901323803856,3.1692414888444764,-1.0242302466673845,-24.689329855686463,1.4878682564015353,0.5712579860085242,0.7265353939971894,0.9752578552833879,11.255942969073695,0.6586147491513842
7.652832913721044,0.19823255358190114,0.873208835198656,0.0418901838996304,0.10987680437223221,0.685606986269187,1.7392038004114547,2.1216445023413026,2.491901323803856,6.5361888820191725,-1.0242302466673845,-20.03928053930695,1.4878682564015353,0.20645439107854563,0.5415242099361093,0.9752578552833879,5.492254168233293,0.5919943159713048
2.084229999047825,0.29991845163621467,0.873208835198656,0.0341693224456062,0.0896251963677992,-0.5624262086394666,-0.35093465158932013,2.224184690741778,2.5990401103329814,6.817210982956832,-1.0589571451198094,-5.762718362049546,1.3048809626668367,0.2865429387537865,0.7515942756692482,1.211235269086281,2.188597418760051,0.8616091422175651
1.6786750438942157,0.4894158088925645,0.6834017770944336,0.11730978835478567,0.5023565154606889,-1.2862145321305594,-1.5303334310683456,2.224184690741778,2.5990401103329814,11.129887383486846,-1.0837748195168537,-6.069474279894939,1.1697796394771207,0.2865429387537865,1.2270648021874593,0.9381452161484508,1.744497902916247,1.101729416747545
0.20554480494265817,0.646150277178942,0.7390188696108448,0.14878436588866134,0.5448491014473781,-0.5904543645316683,-0.0895841054428271,8.046747365389198,2.5990401103329814,9.517698047658495,-1.2561763976501408,-0.7965684388867993,1.1933576938816584,1.9764547489678028,7.23778730106869,0.9381452161484508,0.5187755279973895,1.2180911890641712
0.4021938208730359,0.7347619798776723,0.7390188696108448,0.11442786401707324,0.4190354175848016,-1.795863681145906,-0.46755653067071234,8.046747365389198,2.5990401103329814,9.517698047658495,-1.2561763976501408,-1.5586621326290768,1.8654539933275818,2.5679534376992432,9.403858495025958,-0.8667315542142594,-1.0689885278783067,1.2180911890641712
0.4021938208730359,0.6911039154346481,0.7756340009874719,0.2791505845436767,0.9280147089950959,-1.795863681145906,-0.6958028310495318,3.9959251191172607,0.355235196495015,1.180952166154454,-0.752490912812178,-0.328891619425054,4.94624887494369,0.599655194253694,1.993507703028541,-0.8141454118672262,-0.4623238870031586,1.2180911890641712
0.4021938208730359,1.062001731600043,0.42957962756400375,0.2791505845436767,3.0253887175956002,0.08534772742831898,0.05970599593408453,3.9959251191172607,0.24473232742371476,2.6523692344365206,-0.752490912812178,-0.4928941283207014,2.639794326456192,1.2713517079669954,13.778703417966284,-0.33324056685635683,-0.4975049826159584,1.2180911890641712
0.4021938208730359,1.062001731600043,0.42957962756400375,0.20083317319511526,2.176597327555867,0.9987206627880509,0.592609316773783,3.9959251191172607,0.19272556431284432,2.0887283786901607,-0.08207915850902903,-0.04770998422981745,2.639794326456192,0.22449284472345282,2.433017006636463,-0.32281254828841294,-0.2025155493883017,1.2180911890641712
0.7971911344101077,0.5695969132357931,0.8059781888667301,0.42857114302314264,1.3194907272912666,-0.18093373880036356,-0.16568576183910677,4.126887820561891,1.0102274618837939,3.1103021986216106,1.3348354189404568,1.8766854018671402,3.3730562291472306,0.22449284472345282,0.6911716567436706,0.34963364696032945,0.2317227323125519,0.33470467968209494
2.883167050361656,0.27292878593235986,1.1221223353578256,0.8609761226854351,1.3675420503542295,-0.40565236577123276,-1.3677104458847793,4.126887820561891,0.3329359234818903,0.5288228830491647,1.3348354189404568,2.798676155752781,4.754352899839476,0.1601576168143231,0.2543883272801609,-0.01681290284306447,-0.02444899992613739,0.2535837850627045
2.883167050361656,0.3985556494920625,0.9586663536851099,0.8609761226854351,1.8736399273239368,0.16971876123540874,0.6697962714698639,0.6959973631657795,0.4423897774229785,0.9627202527223627,1.3480143323580005,3.813417628685742,4.754352899839476,0.32137812462923226,0.6993769864321978,0.11594186441693077,0.2795540282307724,0.2535837850627045
1.2613682949346554,0.3985556494920625,0.6317554491850592,0.8609761226854351,4.314426848288411,0.0041025670741507425,0.01074877954597854,0.6959973631657795,0.5388177107017911,2.700062796322692,1.3480143323580005,2.7939803843427877,1.7697975084844764,0.10935041675666259,0.5479645271171386,0.9628570375139641,0.899041919772001,0.2535837850627045
1.2613682949346554,0.5595675494141225,0.6317554491850592,1.0245905326745484,5.134313003809364,0.0041025670741507425,0.01172569980317939,1.035962272693681,1.237526009163715,6.201351348441366,1.3480143323580005,4.234280156139809,1.1636986388580397,1.5479262580327435,7.756794213986696,0.9628570375139641,3.3825549036646927,0.43686838386065163
0.8811352059601745,0.5595675494141225,0.4957951564691659,1.0245905326745484,8.336346827415095,0.43337689115304817,1.1025446625559392,1.035962272693681,1.237526009163715,10.068847692166333,1.3480143323580005,3.7690070464717302,2.818015746592028,2.669489021288518,21.719687644729266,0.25320506159643574,1.0397806344557368,0.25598139937677933
0.8811352059601745,0.6973737424866137,0.5133229673907832,0.2612129305137763,1.9826373110675766,0.43337689115304817,0.5376875011632892,3.9006085566570903,0.21536101697793614,1.6346158161852369,0.9567478528562487,1.0778241208750303,2.818015746592028,2.6263212259538373,19.93409148307916,0.04654816976235526,0.18312320764396928,0.41981475245125555
0.6577300551062463,0.6973737424866137,1.4120838586370383,0.24373298011953418,0.24446873029821772,0.9977786640776196,0.32448420317764887,3.20766266610069,0.10637049868702306,0.10669159644481215,0.5604142104790313,0.12039873765252014,1.0100946380769098,2.3472822091203214,2.3543678866676685,0.20279491136624161,0.2046642100012959,0.24989075973270516
0.6577300551062463,0.5720177044087614,1.1634065747804325,0.24252744374262486,0.35836687313143906,0.9977786640776196,0.392867252058335,2.716547446810922,0.5135507050265989,0.7588401440875072,-0.24384086264183347,-0.13971058864504227,4.270426402302242,0.7165048536722439,1.0587321584377587,1.5509592115166373,1.049641797667205,0.24989075973270516
0.32649024531323506,0.6381102588222789,0.6967319405737074,0.6682425230714563,2.7531676807242635,1.6125892918503544,0.8735953489925863,0.4217382613499299,0.813731506267001,3.3525841389800592,-0.00048270589579094136,-0.00028856433696526293,4.270426402302242,0.3928024855484166,1.6183512284572452,0.8090325521659624,0.33602577956795127,0.24989075973270516
1.4588571993967996,0.6381102588222789,0.6624099911411196,0.6682425230714563,3.0458629294371864,0.615820714411503,1.5679140570532561,0.4217382613499299,0.813731506267001,3.709004656066627,0.6927335175529737,1.9462905476967605,4.270426402302242,0.3928024855484166,1.7904016700756604,0.8090325521659624,1.5792613844915493,0.24989075973270516
2.1082866230759714,2.491353495421074,0.7562726029110685,0.6682425230714563,2.336723726917855,2.068012351018808,6.664789935010458,0.5227374049549667,1.032785907495809,3.611466273920111,0.3861542885284523,1.5471495570335942,1.1640856221496838,1.011484346583736,3.536978552643648,1.9664172463888572,7.796892401253247,0.695469518370712
2.1905368530491467,2.3815958620401347,0.7562726029110685,0.6682425230714563,2.336723726917855,1.7985066731713466,6.0223542994741734,0.35454577634570283,1.5773108657163837,5.5155719628615945,0.05303578871494952,0.2728442925391568,1.4459040165527126,0.3241007978632395,1.133322107068389,1.9664172463888572,4.585671272393145,0.9427827785086628
2.1905368530491467,1.0264548296600855,0.5464897041491324,0.7134058392776932,4.777521903912258,1.1411044911050632,5.46358019558897,0.2394177357877016,1.0340896205440016,6.925070613045877,0.05303578871494952,0.3057255246110315,0.517810623127141,0.13741603889656326,0.9202449708596289,0.8503859448042221,1.7869745359597498,0.7452344532564499
0.41588221108282314,0.4266212098231594,0.7770919807334842,0.7134058392776932,2.36277192006873,0.9532595749118542,0.6093859275805944,0.39751091942496974,1.5827402263332204,5.241973022437932,0.05303578871494952,0.050499463800925515,0.5102604262036996,0.13741603889656326,0.45511648517007625,-1.99884258621706,-0.560802862020943,0.9247637659320761
0.15362947511487188,0.4266212098231594,0.7645846980503833,0.5867896294669429,2.0075261974219067,-0.1817031003788212,-0.03955191312257999,3.0125326806768555,0.9861076450519121,3.373674024740515,0.8320889661631596,0.23479879759701128,0.5781194487023982,0.13741603889656326,0.4701281075492142,-1.99884258621706,-0.21055291046242944,1.8421089582686596
0.15362947511487188,0.4266212098231594,1.098860305634913,0.5867896294669429,0.9719131414547316,-0.1817031003788212,-0.027520138271506605,1.5167496894963204,0.9861076450519121,1.6333127427381091,0.521967768410774,0.10248325436456947,0.5781194487023982,0.1478177350916759,0.24483390990768616,-1.99884258621706,-0.15194587853935357,0.845490767903699
0.7637025853966269,2.352458201958594,1.628421159156391,1.7164837234737607,1.2946018151859897,-0.1817031003788212,-0.15789002893884482,1.5167496894963204,0.9861076450519121,0.7437395005816972,0.521967768410774,0.34377822969435123,0.5654729904688979,0.7594317951533679,0.5727766404483089,-1.99884258621706,-1.155301942240247,0.7195060821725736
0.28833518828333726,3.7807434076350535,0.6945857722491104,0.7531966243340612,3.122386024826728,-0.1817031003788212,-0.0925770380418479,2.8000229970630435,0.215625987606769,0.8938802280056768,0.528513527047237,0.14407658951295543,0.5356265962149237,0.7594317951533679,3.148234003428363,-1.99884258621706,-1.0226093118364483,0.7195060821725736
0.28833518828333726,8.59058605153145,0.6132902556215697,1.411235138967959,7.504076426420326,-0.1817031003788212,-0.1435187385995059,2.8000229970630435,1.302365100050121,6.9251728333704365,0.528513527047237,0.40102279761198945,5.4422395134021,0.9993562952441551,5.3139592472312165,-2.001878101144097,-1.3305903983848733,0.7195060821725736
0.2109468716986691,5.817457657662334,0.6132902556215697,0.6742665502978856,3.585332865871189,-0.31054560675084886,-0.12404041771412473,2.5270906784196123,1.59913563325016,8.503215145916032,0.528513527047237,0.3251028527497128,1.6369680865922158,1.864078797901468,9.912019179562064,-0.6944981556665566,-0.46123818327434357,0.16706113642998785
0.21796423333566678,6.963638945768652,0.4692693338801709,4.3766893211525275,39.74947215103167,-0.31054560675084886,-0.42675272887587884,2.5270906784196123,0.36130783678861345,3.281429122000496,-0.3860344905226666,-0.15242031577105603,1.6369680865922158,0.4578959675863965,4.1586509062179005,-0.6944981556665566,-0.30869711004963757,0.16706113642998785
0.3575147264968126,9.401850927082004,0.6470364620714756,4.3766893211525275,20.908275077543927,-0.12415087516300052,-0.2029564339927243,2.5270906784196123,0.34104588169080613,1.629240867975781,-0.3860344905226666,-0.17616218652369955,1.5951263145212422,0.4578959675863965,2.1874558929564167,-1.882302358009157,-0.9952976401661405,0.16706113642998785
0.3575147264968126,5.324303221992474,0.7123145526985527,0.8593469952912699,3.387309843491175,-0.42792213319751615,-0.2815698487874334,2.0387309152080935,0.34104588169080613,1.3443092004317039,1.0590911585580227,0.43901247730947424,0.5763260022096335,0.1323322116178322,0.5216172343421167,-1.882302358009157,-0.486025759970717,0.16706113642998785
0.4434473702682291,41.5398769125677,0.8939858568626063,1.8660268677791294,4.669674315245822,-0.42792213319751615,-0.41006257034111177,1.08709554906012,0.38236676797921776,0.956860968224523,1.5535692680581827,0.6739025894711452,0.5763260022096335,0.2862307673786245,0.716283610777715,-0.9401908227696203,-0.352858512190026,0.20834956822488512
0.7994551544075087,20.883237117449152,0.8939858568626063,0.755748519340226,1.8912372112563989,0.7057467749715213,0.7759183295086062,0.3402286424341957,0.3993919553089711,0.9994659710563514,1.8241718887670557,1.4579541681474872,0.45458664549072914,0.4248997766007271,1.0632985020775994,-1.26166631815866,-1.0400787351120246,0.45906154056937665
1.7584181979873894,10.223684865290117,0.8605333376006017,1.2393666448849843,3.3472981677667617,0.8228573615649573,2.6472437301906724,1.361865993947415,0.8009718342898544,2.163275544340652,1.8241718887670557,4.7178469583589875,0.2569888334888964,0.4248997766007271,1.147575053411341,-1.26166631815866,-2.3766062132131283,0.45906154056937665
4.188369078677772,28.41156428975161,0.597227468571914,1.2393666448849843,6.949447061994141,0.43738168477403594,4.829260839855095,0.5894470029174618,0.4864308558015939,2.7275427297201404,0.5915120196366888,4.0916106482264265,3.6509142259353284,0.4248997766007271,2.382522166726471,0.08182730981157471,0.5290073340237867,0.45906154056937665
0.7054022200662908,27.366808533373902,0.4244857896004104,1.3011771329105506,14.442424499420746,-0.03440730619275467,-0.09223750510289785,0.7459335932776988,0.5165976842681652,5.733979535076469,1.6460024997044407,2.7803238289995265,4.706695304291816,0.22086449316996817,2.4514869547967826,0.6983115043106126,0.7712600075625263,0.45906154056937665
1.0192843345680676,27.366808533373902,0.28926411756638903,1.115390293987277,26.660465544766787,-0.03440730619275467,-0.1810839195717062,0.6481666785717779,1.1999992555567818,28.68281979767909,1.7318855460398386,9.454214674271135,5.169438808913174,0.3053606948739876,7.2988426816154925,0.6983115043106126,1.9229657450174165,0.4070244231469302
1.0192843345680676,9.215911947174398,0.28926411756638903,1.115390293987277,26.660465544766787,-0.5519005051572646,-2.9046245622253064,1.8599256946388831,3.4575133416605888,82.6427447081273,0.016117551648000772,0.14934709738212965,5.169438808913174,0.7490929834423005,17.90509365425571,0.285443013170417,1.2311275932017014,0.4070244231469302
0.9906160360322923,2.978173651608331,0.28990040491807256,0.5329709036510494,12.683404759097007,0.19263093331213355,0.6795936447874246,0.7684002855054816,2.4730993462301956,58.85371941098083,0.016117551648000772,0.12248739032140166,5.169438808913174,0.7490929834423005,17.826581988083248,-0.02130806540266822,-0.08912169046485234,0.4070244231469302
0.523397613105014,3.288010002544758,0.2835129434120749,0.3651676926525943,9.086080106213396,0.28604111349564854,0.4512824852725225,0.7684002855054816,1.7688055148415476,44.011310210435596,0.016117551648000772,0.055964542410986244,1.2980340168261681,0.7187244547071305,17.88325775023114,-0.02130806540266822,-0.04716274528646075,0.6761532705784004
0.523397613105014,1.0939009475604504,0.3188256561592084,0.3651676926525943,7.184818782800103,0.28604111349564854,0.4012990273469053,1.3969040683641971,1.8795027839251648,36.979960648155306,0.9326054742313927,2.968335051434329,0.26931060084921926,1.1176950574361988,21.99109232193296,-1.3613884927523605,-3.3414672892463937,1.462689970865616
0.7525205256795007,1.0939009475604504,0.6301672857743102,1.1213999508136774,5.647793653824644,0.28604111349564854,0.51154779938624,1.7776088498220168,3.307570913225945,16.658176237423675,0.3672677310761726,1.128014931459922,0.06596419181186244,0.41343749698891397,2.0822273712896746,-1.3613884927523605,-1.4783065498461945,1.6091536179057138
0.6156624107849937,1.2780480131160323,0.2968549426812375,1.4543764083087318,33.007926840209485,-1.4180548158210762,-5.015852787604358,1.7776088498220168,1.9846362569400313,45.04248556237423,0.46846736476565604,1.9356781789551356,0.025778692835720908,0.43263817990272263,9.81897761056024,-2.068540180147232,-3.990614118127113,1.6091536179057138
2.740336416709084,4.329328178081655,0.4025156643019597,0.6643567768832198,8.200980760493923,-0.9153171652363159,-7.183041665289269,1.7776088498220168,0.3878275105310825,4.787436604736765,0.15794938415239346,0.9470509348453838,0.025778692835720908,1.9127376948474144,23.611296792826238,-2.068540180147232,-27.54404780914145,0.7454354650315903
3.3714297502199786,1.0430838080272737,0.4025156643019597,0.2869279592510113,3.5419081363249987,-0.7066234475750673,-4.483537491204441,1.7776088498220168,0.22232188974155828,2.744395186214322,-0.9180652551678375,-5.12756283134952,0.020674949522497054,1.9127376948474144,23.611296792826238,-2.068540180147232,-33.88738027163155,0.7454354650315903
4.2251029677077385,0.7854469908209951,0.1660592969743897,0.14150310085136486,10.26288736771767,0.842694445301814,11.406232240637976,2.2096307104974224,0.2048751732659619,14.859114853453255,-0.06762118750208812,-1.1013276945462211,0.12333713486625084,1.9127376948474144,138.72637000956297,-2.068540180147232,-102.93919550553832,0.7454354650315903
5.7700105752109305,0.9854396529907891,0.1660592969743897,0.15682946350154464,11.374472433269064,-0.016638976788353577,-0.3237940442780642,2.2096307104974224,0.14143588958522468,10.258012692533253,1.3906361462096473,25.69932631288062,0.28584034523529933,1.4238335184161561,103.26729903421214,-0.4736880492918012,-27.774768397698193,0.6848974569255826
6.5560697021468,1.0752508238629013,0.14273332675063302,0.303941640291037,29.837980250069435,0.7800856228531027,27.936406864850177,7.181864190357274,0.03545770020917619,3.4808858619740803,1.132774092484079,13.85580496280244,0.28584034523529933,1.5816657323306371,155.27227805411323,0.18271889889690351,14.927050221977629,0.39359501424867827
2.775189139203376,1.139658583381519,0.180645019141018,0.18053318048375952,11.064582875434747,0.7800856228531027,7.201158733494173,4.790276436840014,0.08682380561435864,5.321288807999082,0.20340496171694067,1.3021545867340216,0.28584034523529933,2.54279715175132,155.84387172253292,0.12551916979139585,4.348580457851802,2.2164676714785823
2.775189139203376,3.747200356841391,0.20035288085734013,0.4932107366615045,24.573744292459477,0.7800856228531027,10.731749539917804,1.1384312427710728,0.3172188004690767,15.805117585746672,0.09507676129904588,1.048976677285279,1.5594421035965638,2.410543214147212,120.10296643447016,-0.3591724812683842,-10.9237690376338,1.7145894826609052
2.775189139203376,3.3325594792952797,0.09734423294707588,0.691132644542485,145.87166755547966,-0.4008390366697988,-13.435321730703192,3.2084748915086387,0.3172188004690767,66.95275613121281,0.34738019429163436,7.88827187995023,1.631697031089599,2.410543214147212,508.7734766095024,-0.3591724812683842,-22.483187038928634,1.6356988757099546
5.115078593576986,7.373938295941976,0.04213767034068062,0.6982508376702958,786.5030637719432,-0.4591135385067417,-65.86013551974658,1.7144026595112043,0.18303681107426212,206.17091298203198,0.34738019429163436,25.513560019122078,10.651166562680983,2.410543214147212,2715.2128160806683,-1.1360528001524206,-302.7978345511385,1.6356988757099546
10.417497777653903,21.865190596591415,0.04213767034068062,0.4964401038786603,559.1853838408051,-0.4922037311167579,-121.25124974001959,1.813316630069914,0.3358850100757954,378.33766212311025,0.4587119606569109,92.94868901242349,13.252741800639537,2.410543214147212,2715.2128160806683,-0.4820555337282426,-261.67511675346435,1.6356988757099546
7.312806467705121,9.330627798278027,0.03755145778233174,0.20708285584854308,293.71122088725076,1.1870912499548958,148.77448415960544,2.0752287490322674,0.3358850100757954,476.3948033401745,1.170387740957593,186.8088091450545,3.7290556526052185,2.410543214147212,3418.938702228818,-0.4820555337282426,-206.12316858849115,1.0676846784643936
4.316946367565793,12.775278165029947,0.04841116014172361,0.20708285584854308,176.71896552692198,1.1870912499548958,68.12434462397775,1.1873567415930069,0.25434910641926983,217.05471843591337,0.5355452283289248,34.06100223972359,2.880183866867017,2.410543214147212,2057.093048173905,-0.6354019403749865,-124.40910281079086,1.0676846784643936
4.316946367565793,12.088430121112527,0.04841116014172361,0.20708285584854308,176.71896552692198,1.88276599816838,108.04746451496763,1.6254929873962505,1.8951368057850846,1617.2590168221384,0.5355452283289248,92.97423162389906,0.3198543718081751,2.410543214147212,2057.093048173905,-0.04836399921603374,-9.46947336556389,0.8100262850169524
0.4208989840239871,8.056547411662775,0.0777910501985332,0.13211201445451667,43.66294664250254,1.88276599816838,5.236375046534113,1.163002769390332,1.8951368057850846,626.3416508551155,0.5355452283289248,5.641306262342373,0.3198543718081751,3.1112805038858244,1028.276460637837,-0.04836399921603374,-0.652762248784041,0.8100262850169524
0.4208989840239871,15.26384138133511,0.061833786908266485,0.13211201445451667,69.10677408494733,0.915820282877595,3.204412708173802,1.163002769390332,1.8951368057850846,991.33142158352,0.5355452283289248,7.097141556124016,0.3198543718081751,1.1618179514330351,607.737994375682,-0.04836399921603374,-0.5018319142585584,0.8100262850169524
0.4208989840239871,27.00704728935145,0.07941705432448956,0.37439909788275577,118.72365008854386,0.17560509512943134,0.8053480477622841,1.163002769390332,1.6559038388858105,525.0946090947041,1.3322395000264398,12.849285039335793,0.6152066047834293,1.606138454472197,509.31378024373834,0.6580887910068793,6.251080396984746,0.803395473940365
0.4669030133489313,27.00704728935145,0.06272125737580315,0.37439909788275577,190.34228436458832,0.6839462071157998,4.40571359092135,1.4056748507253671,1.6559038388858105,841.851706278199,1.3322395000264398,18.047904370186313,0.6152066047834293,0.8028564726591203,408.1674765965592,0.569193959137661,5.369157667174752,0.803395473940365
0.4669030133489313,24.449759506879357,0.16921155033217772,0.4031446487511363,28.159885593726905,0.4016912738133664,0.9952553418279008,2.013546718116019,0.5130161982066186,35.83447651848904,0.8496252686369204,2.3746774563397066,1.3561665137857082,0.9683184384741838,67.63759987934714,-1.1554627006506726,-4.4368699744206115,1.8241917801271614
0.4669030133489313,4.743940057824204,0.1571672592598026,0.25122461968834137,20.34080017665756,0.5185497186457919,1.0919458359861294,0.773070314050054,0.7014522894260574,56.794198237317666,0.8496252686369204,2.9895518050531056,0.5523520934369724,0.2950343618807426,23.887925505504747,0.3244120608106056,0.740308757060116,1.8241917801271614
0.5289322018512429,6.321350095504412,0.09773085556608503,0.6644697009983005,139.13672497136452,0.892002652191779,5.565280289784873,0.3816503280631629,0.22782591504218896,47.705639000469,0.8496252686369204,3.1039326340920286,3.179843517707869,0.3212173328405523,67.26134785126266,-1.2181878696653525,-5.284416763914028,1.616934692268689
1.1834841284607793,6.321350095504412,0.09773085556608503,3.230788838256164,676.5114757732977,1.0458614703751463,32.193944119270576,3.0015987713149337,0.22782591504218896,47.705639000469,-0.9670651126165274,-7.905020725978702,1.9534134791094826,0.3212173328405523,67.26134785126266,0.5728250248567324,5.559902856868884,1.2815632432562614
2.865755456270436,0.9657324521120757,0.11938646761749165,3.230788838256164,453.3445136924128,1.0458614703751463,63.81569067763539,0.8383493886963168,0.749285751914616,105.13982863755716,-0.8411544701776847,-24.717157083754664,1.7120075118145868,0.23741216310786759,33.31369118103479,1.8993217652265801,31.415867079260988,0.840392656592845
4.912634256501091,0.9657324521120757,0.1557536543301597,3.230788838256164,266.3557517774532,0.4172088454534352,33.4502200901632,1.8721640453025619,1.8100572193628763,149.22645074007124,-0.4751861203855,-28.516819326343693,5.846510940770897,0.0939033372110259,7.741667818425018,1.291764524971406,17.656924181136116,0.5120506458594293
5.430007139314035,2.1023843117174206,0.1556560023739675,0.16889244712637086,13.941467125062498,0.4172088454534352,8.458788138799274,0.5297154921202274,1.5260973852476898,125.97387798019813,-1.5727971434726395,-95.85468884445477,4.495268866095856,0.030230823907991207,2.4954463319574094,-0.3858169276861869,-3.3094497867061086,2.5511296190628467
5.430007139314035,2.100359945993704,0.15753019835215717,0.06376181993650186,5.138815915275996,0.4213492840242231,5.1864977177528555,2.8762728192666165,1.5260973852476898,122.99419212597466,-1.7663671400111223,-106.37110715609056,3.1512296160126017,0.06587713785548009,5.309297708279067,0.01721814728955684,0.215429591680443,2.5511296190628467
5.430007139314035,2.100359945993704,0.12481253635218174,0.14575610397014213,18.71286693730737,-0.8975268291738469,-21.082300767381355,3.6957064176557384,1.4469137364657496,185.76171757302353,-1.7663671400111223,-130.72525162469,2.5928581362708405,0.20748468500602155,26.637877908990795,0.01721814728955684,0.482543679210662,0.7034433475267632
1.795475857609655,3.1351983981845253,0.09268876183138529,0.34463414817903504,80.229510343538,0.6411843899653483,10.311683659720856,3.6957064176557384,0.9283526438181761,216.11694149637398,-1.7663671400111223,-46.62350863933803,2.5928581362708405,0.20748468500602155,48.30164036202426,-0.834932970965826,-10.418666133471818,0.4587457926107506
0.43518272722981594,0.28720750466941375,0.09268876183138529,0.7721323643827832,179.7494584972105,0.6411843899653483,3.741005834441167,2.6721864847754784,1.717510464566868,399.82986105752565,-2.2509703363842557,-19.587501122725936,4.688860069438085,0.20748468500602155,48.30164036202426,-0.5784905824138444,-1.7496407404981056,0.4587457926107506
1.2716320526660443,0.28720750466941375,0.09268876183138529,0.1727213902802095,40.20887843313058,0.6411843899653483,5.170176703782558,1.0406478260274812,1.0005834622078564,232.93199949842256,-0.6367870466425551,-12.358628115473902,7.521711442150233,0.1836345193027375,42.749413091171576,-0.9315798547260197,-7.745449610745105,1.001347078960481
0.31650977084889764,0.28720750466941375,0.0701825608563715,0.1943991844618321,78.93434553519727,0.6411843899653483,1.8030304795598002,4.194816353337658,1.0005834622078564,406.27948600384053,-0.6332179336932147,-4.039734050012245,5.491677701899763,0.22359606275567792,90.789521194373,-0.9315798547260197,-2.809474358732367,2.067929831999553
1.5977497463898533,0.5192722141355153,0.09728245019666835,0.30417404963741956,64.28107850125392,0.5322354489665375,6.817955016717964,4.194816353337658,1.4521655982509083,306.88604412262606,-0.6332179336932147,-17.72354258266217,2.4699033257969405,0.2559564357457352,54.09125386825466,-0.9315798547260197,-10.94693073296465,2.2097224181989374
0.7163955646717227,0.3253305853149918,0.21477692472497953,0.6880308403986493,29.83064624297989,-0.04481404592617855,-0.17534701383764725,1.2189527341158275,0.40331019542811386,17.486140241958214,-0.6332179336932147,-1.8969377235118905,0.599442814637812,0.6274492640487355,27.204037860295678,-0.3822712436942223,-1.428371588699346,0.7308676566805984
0.3717928319171989,0.3253305853149918,0.21477692472497953,1.3395236730853577,58.07713038379783,0.2759473660137728,0.7818615212379907,1.2189527341158275,0.40331019542811386,17.486140241958214,-0.3820775348920191,-0.5940178480485605,1.4832242284251327,0.6274492640487355,27.204037860295678,-0.3822712436942223,-0.7412920238219896,1.0576448492899828
0.3717928319171989,0.7288206267791328,0.2051059244936367,1.3395236730853577,63.683068101906166,0.2523298778605313,0.748654913338862,1.2189527341158275,0.41075288777247637,19.52784012007706,-0.3820775348920191,-0.6277397367042652,0.3883405712713215,0.6274492640487355,29.829927619622076,-0.3822712436942223,-0.7762448675858833,0.864143750838945
0.7314401258925076,0.6949588054596675,0.20030134999109517,2.139063008553986,106.6315741034587,0.20080855241233456,1.5167147039407165,3.3563736358310488,0.3112006788144654,15.513249544941498,-1.36116807353533,-3.921407046296956,0.7302788999454796,0.5970360586357621,29.762047435850203,-0.21337047082805133,-0.8514212776548289,1.5086912870549218
0.6746198775164999,0.8452450739307436,0.31869011648797463,1.5333406175920956,30.19475053661585,-1.022702859544526,-3.7911793193023655,1.425762325016029,0.3043787930872804,5.99386830327322,-1.36116807353533,-2.2481458643020384,0.3363783555715008,0.7404103756267714,14.580261117637562,-0.40811140729188433,-1.0512851224689084,0.48264803051899796
0.6746198775164999,2.278216457989304,0.31869011648797463,3.717842396422473,73.21225460701532,-0.7521879163177452,-4.341875602048203,2.636400646731438,0.1647696379283867,3.244665964088918,-1.36116807353533,-1.654077614235544,0.6646881357947664,1.3333214741295145,26.255946548703186,-0.2180320730013526,-0.7536910484396558,0.7805709673843231
0.6746198775164999,2.278216457989304,0.31869011648797463,3.717842396422473,73.21225460701532,-1.6300472620176707,-9.409167953384513,2.636400646731438,0.1647696379283867,3.244665964088918,-1.36116807353533,-1.654077614235544,1.142740469690594,1.3333214741295145,26.255946548703186,0.06195010955365257,0.2141485075003359,0.7805709673843231
1.180386263583708,1.1470844827819504,0.7092404245279024,2.3295936133900033,9.262392925207513,-0.7851921489860233,-2.8207311568447375,0.3659278811230599,0.1647696379283867,0.6551190387305521,-0.42417735991992345,-0.40525813552144413,1.142740469690594,0.5798365339363561,2.3054123169120455,0.06195010955365257,0.11103004866045674,0.7805709673843231
0.2497948807498571,1.1470844827819504,0.8991867690940558,2.070567406022522,5.121763880023418,0.6656850636666843,0.37632417902849447,0.22899997107889106,0.27042304725174654,0.6689195394997908,-0.21235889154418502,-0.04338513214711449,1.142740469690594,0.5798365339363561,1.4342859871140554,-0.19150555218349183,-0.05729052224214367,1.9915915647291402
0.2497948807498571,1.446036557190039,0.8991867690940558,1.814570947366455,4.488530008213746,0.4723315282231138,0.24996691830267487,0.22899997107889106,0.6038843329453949,1.4937707196565988,-0.21235889154418502,-0.06483297561411136,0.48669732430396767,0.5798365339363561,1.4342859871140554,0.09085125985071493,0.027178930656887937,1.6704493103560887
0.2497948807498571,1.116548460588817,1.565100356916587,1.814570947366455,1.4815611044560104,-0.3864877984039929,-0.11751115782170812,0.22899997107889106,0.16693597069683364,0.1362999013502277,-0.21235889154418502,-0.019584015956066663,1.5711366150598454,0.5236193671276522,0.4275248035917843,0.09085125985071493,0.014838675787750583,2.56933671647623
0.2497948807498571,1.116548460588817,1.3531071514814377,0.74957300241587,0.8188032408166449,-0.414617504393066,-0.09371755365236152,0.22899997107889106,0.5709761141808039,0.6237112212063823,-0.2758161958848471,-0.05441204854278452,1.5711366150598454,0.4965207900008272,0.5423792354783329,-0.27241412524772224,-0.050114647967326204,3.848771135493553
0.2497948807498571,0.9363025617704358,1.3531071514814377,2.2739260697316945,2.483944898325953,-0.27286707112286634,-0.10742506914669221,0.2753391415622426,0.5965732323161484,0.6516724781049579,0.820563153335,0.16546655888309522,1.8664029829855582,0.7938855905593158,0.8672085204410255,-0.27241412524772224,-0.06336871854125006,6.01568454277536
0.5494979500615079,0.24968694484175383,1.3531071514814377,1.1578725989373375,1.264813211531177,0.1919479969045791,0.11862134871492307,1.4432393826338166,0.07339479348025672,0.08017350487145855,0.820563153335,0.12767137123712477,1.8664029829855582,0.6890552016565604,0.752696042146052,0.31956194943301586,0.1523459644923411,4.170424309140801
3.454956645019095,1.5991643903131005,1.3531071514814377,0.6069946889727684,0.6630564559923263,-0.09804404991754756,-0.2758284750327246,1.4432393826338166,0.07339479348025672,0.08017350487145855,0.820563153335,0.8027310245379982,0.7501893882946188,0.9171790869851517,1.0018893508867839,-0.7579667187787865,-2.6212148457559103,1.174519414686702
3.454956645019095,1.7673980334224872,1.6392908969387958,1.121358550277048,0.8345693674835972,-0.3500826911911783,-1.1049546677238298,1.0852281183538408,0.05245766117154863,0.039041533230198155,0.820563153335,0.5601676775554308,0.7501893882946188,0.5929592508321583,0.44130900574867715,0.7568287459021784,1.737047186467987,0.6229164866111152
2.338754088041068,1.3763472009997175,1.3249170965442119,1.4338069779031273,1.6335907924141002,-1.5492401074212334,-4.631001586231306,0.24526126110851884,0.05245766117154863,0.0597670074159803,0.3461436797742702,0.19791181486716375,1.0471266470455574,1.666967906094217,1.8992399009159449,-0.4697622474439779,-1.5140931135161666,0.16937082892129873
2.338754088041068,1.7303418376834372,0.5032686562499032,1.0646075571153732,8.406588200894127,-0.4253245091832918,-2.8841301601109506,0.3489847250878105,0.05245766117154863,0.41422771471408215,1.1828581505542073,1.7804787831066256,1.0471266470455574,1.666967906094217,13.163078391638889,-0.6912955407671455,-5.86579726805548,0.29794657352914816
6.181870082820428,1.7303418376834372,0.2837154950731057,0.689379103881017,17.12860522893512,0.7965133963390936,20.378581859885454,0.29191691074725035,0.039264078525184015,0.97557192689708,1.2424766402054712,7.5864352126730035,1.0471266470455574,1.666967906094217,41.418190705299494,-1.3477261976242088,-53.618801945642865,0.29794657352914816
1.7846177081468857,1.7303418376834372,0.33478235764450526,0.689379103881017,12.301639159992467,-0.1618392770332413,-1.0130027390437506,0.3210730958603733,0.039264078525184015,0.7006486318590073,1.2424766402054712,1.8560239220941896,0.7594740505535538,1.1949939499296334,21.324093358283253,-1.2500195828890461,-10.301424938486722,0.30692121514753595
1.243625191808664,2.244997564889178,0.5757291942938599,0.5125926599785972,3.0928999671181563,-0.1618392770332413,-0.3539617857967112,0.45342383006236076,0.041532930271911454,0.250602883540469,-0.6010137066407046,-0.37416823849106484,1.925114289517511,1.1949939499296334,7.210397333036493,-0.6494657216151036,-2.1688291603877605,0.22913403505859353
1.243625191808664,0.7074109166909031,0.20889784530440952,2.5619515185237796,117.41754123204788,-0.26167353797239545,-3.5262719954721833,0.45342383006236076,0.025246565707175563,1.1570826568950852,-1.6061509004928547,-2.1486122549179774,1.756628385152551,1.1949939499296334,54.76811343750966,0.5116777159182284,4.70923003168464,0.2356986947813199
0.7843907855679542,1.104807647548212,0.230092692558843,2.5619515185237796,96.78214654989732,-0.11873464091139829,-0.9162364214769133,2.41676020515659,0.07283044240502681,2.751295838025335,-1.6061509004928547,-2.089716993478363,0.36139618293251047,0.7885991077859125,29.79069426841929,-0.7202225792636157,-3.08346858475252,0.26756327310153877
0.5443289459894415,0.800373658427553,0.37132459051127775,6.080244816123766,88.19493413267769,-0.7807287470639378,-3.9910155546862973,1.2519355481551953,0.04129745707643268,0.5990262920079311,-0.6102017067856133,-0.2570737838275527,0.6384417852987273,0.5220252186163299,7.572060198854782,-0.6363471556710437,-0.9531528830185195,0.26756327310153877
0.5443289459894415,2.0404029910931905,0.6275079541077797,2.201482845448949,11.181674119935536,0.18159154071249473,0.33052967643845277,2.1290754267891105,0.04129745707643268,0.2097562140742124,-0.4871693938400696,-0.12145037038875978,0.7673625808874452,0.5220252186163299,2.651447359230066,-0.7990098046412963,-0.7081985655472345,0.7207079918347449
0.5443289459894415,2.0404029910931905,0.6369710884218628,2.201482845448949,10.851901928769472,0.18159154071249473,0.32561917613509217,2.1290754267891105,0.056083715686507794,0.2764568362134376,-0.45017652250124984,-0.12884214261378713,0.7673625808874452,0.6522237492670997,3.2150457939260044,0.8705057652312236,0.8496237870617025,1.7102478531777672
0.8481343028979162,3.933958835070296,0.22543552282884785,1.458419589073381,57.39417045823186,0.18159154071249473,1.1667938562784783,7.037545262905749,0.0805768526273072,3.170995267293277,-1.3611911395878145,-2.0558032062671714,1.2968129156673036,0.5800878695977741,22.82858946621845,0.7290192298110547,2.9542221622847302,1.21293220377945
0.8481343028979162,3.933958835070296,0.41958423267994827,0.5075378694627974,5.765807364090218,0.18159154071249473,0.36981992511684475,3.9732960229687864,0.0805768526273072,0.9153811729270274,-1.3611911395878145,-1.1045483470099176,2.029832906626633,0.5800878695977741,6.59000069075913,0.4934018483208606,1.0742568478483911,2.678309774203176
3.3477431790844157,3.933958835070296,0.40586326815495405,0.5606225694491817,6.806770012900927,-1.4533313018835536,-12.693672809658521,1.5825988142941956,0.13846182097478066,1.6811270582074302,0.9259566546593283,4.019231858936516,2.7975665501500404,0.6378137447691726,7.74398268691961,-0.07535995494886966,-0.702061165471901,2.678309774203176
3.4298162578743265,1.2119904266341461,0.40586326815495405,0.3624630962200536,4.400826988749205,-1.3043582106364595,-9.385013001864777,1.5825988142941956,0.11853563096259817,1.4391942498662484,0.5701297700475199,2.3458718349575145,0.42822333651320654,0.5585567171684989,6.78168757398119,0.18186825013685542,1.6244136567687715,2.678309774203176
4.680981427915709,1.8373859926278813,0.40586326815495405,1.2775803440785558,15.511675856520862,-0.852567639271694,-15.717921760874267,0.11296746544253033,0.6757142449915928,8.204149655654714,-0.31363129053626837,-4.205068648314915,0.42822333651320654,0.5585567171684989,6.78168757398119,0.18186825013685542,2.2169846973959615,2.678309774203176
8.278730744245191,1.4143891094396497,0.450739192787116,1.2775803440785558,12.576725205223592,-0.852567639271694,-25.03089555549437,0.11471726482966654,0.3437016351327019,3.3834592381488804,-0.31363129053626837,-4.775992293918836,0.3936552591665274,0.7214073673450517,7.101660777871698,0.46546875976292723,10.26914433743559,2.678309774203176
2.4371022300942893,1.4143891094396497,0.40769296711618525,1.0572268601122534,12.721307324652496,0.06379987182398539,0.5545738988761926,0.11471726482966654,0.27260603787209853,3.280190200576828,0.25917775261246734,1.143986712690747,0.4055484151862312,1.8581615410755166,22.358724427755927,0.5869872633335457,6.764347911198848,2.678309774203176
1.8094711812233524,0.8916257277728655,0.5335081551501926,1.9624628013117058,13.789524928325543,0.06379987182398539,0.42869274029173565,0.11471726482966654,0.16304823505026622,1.1456816915165633,0.8501741745072676,1.6466130973416102,2.18060738560451,1.8581615410755166,13.056637238876668,-0.7023293993648695,-4.592066703573079,2.678309774203176
2.5467396863341354,0.6011106173669581,0.3214444714035301,0.6065700476302126,11.740836372085665,0.06379987182398539,0.556741865092616,0.1338887754175831,0.12713799582811483,2.460896992069768,1.2180529557957696,4.866283917934564,0.4366345262663902,2.5046619890611934,48.48051217800582,-0.6190177134988715,-10.976685786365808,0.9107395706118523
1.467536537653426,0.9229392906597749,0.27534259814223616,1.4294718240503341,37.710195415966346,0.06379987182398539,0.5749606469022315,0.3303971642426411,0.14135213574730188,3.728941397663577,1.7341738971787128,4.9144435043040975,1.9954582325361234,2.5046619890611934,66.07426006538397,-0.25895670317550074,-3.0891018982500027,2.7163689374257656
0.7243931351140604,1.4938504817247722,0.37419333849143643,1.4479794113194517,20.68236883696948,0.271954052047633,0.8959215839422091,0.55205052824513,0.3215589798341741,4.59302209118412,1.8527466807303818,2.876336132943418,2.197718393217966,4.4642939136806055,63.76621973874879,0.05554098740276914,0.3212796795851383,1.5194848699050811
0.7243931351140604,1.4938504817247722,0.37419333849143643,1.0308597171522138,14.724395058827524,0.271954052047633,0.7559422006671963,0.28767903442378695,0.6095341643811785,8.706346449344824,0.7376737729742262,1.576727496701233,1.4502662898398047,1.192631562418474,17.035080518218905,-0.6735786599344163,-2.013885341666602,0.31624511132976446
0.9051562632217385,1.6746442273039568,0.4802826393354666,2.7968948704692735,24.250034507950748,0.271954052047633,1.2122027792929988,0.28767903442378695,0.5203879901183154,4.511941743371621,0.7376737729742262,1.4183050380927702,0.8638350235002574,1.192631562418474,10.340523288623528,-0.8808145492731851,-2.5637714035094463,0.23498857084847644
0.4109181012760755,4.643719050536754,0.6264972101661163,2.6931142175061695,13.72291854527827,1.3901324107789703,2.116092677898854,0.19305075621598058,0.5203879901183154,2.651666963812446,0.7376737729742262,0.4936044935179239,0.8146901685597308,1.009857630516326,5.145787696570844,0.2025233609724908,0.18878015178141383,0.5942533692490416
0.4109181012760755,8.28053308747066,1.0543573308296315,2.6931142175061695,4.845171169334293,0.22532624579291394,0.20380818234555273,0.1650107554223847,1.0864998853601755,1.9547176595082816,0.7376737729742262,0.4238006650891992,1.130763730912673,1.8053371269986196,3.247974906449535,0.2025233609724908,0.1499811680109454,0.5942533692490416
0.4109181012760755,13.926069248753656,1.0543573308296315,2.6718963457905684,4.806998179996224,0.22532624579291394,0.20300373687757456,0.1650107554223847,0.7171050542775897,1.2901408754906332,1.006939181301679,0.46997751482710787,1.130763730912673,1.301508153467683,2.3415381868484317,0.2995612004509968,0.18836120384619023,0.5645769053528016
0.4109181012760755,13.926069248753656,0.6450542899651079,1.3430899099515416,6.455688198673845,0.27353839054152895,0.28559120781509256,0.16415618040976854,0.20382890792734054,0.979722850797521,1.3891113653559315,0.5649941564691915,0.7542563742547334,1.2114169015887308,5.8227894776922025,0.25243933782641537,0.2503097977300251,1.060552790742751
0.4109181012760755,13.926069248753656,0.6727288896173267,0.998408901421744,4.412231422796002,0.27353839054152895,0.23610365031040365,0.4106158723088263,0.29920163868382293,1.3222507031667259,1.1949695256720807,0.5646365741436711,0.7542563742547334,0.8537226642700857,3.772824901983148,-0.5992125778679274,-0.47826601175381017,1.060552790742751
0.9824098375369684,29.44458776657865,0.6727288896173267,0.8659219102582415,3.8267365772563857,0.26847523536140205,0.5159542786207328,0.35493911125152505,0.3213735056543337,1.4202340124201123,0.35037562842842307,0.4102102868499488,0.8927506592433433,0.9143634980603413,4.0408126893244924,-0.15409885535791418,-0.3043171830437567,0.5552358259878942
0.903176828941337,5.8338851648324415,0.6727288896173267,0.587011450197723,2.5941579270930135,0.26847523536140205,0.3905487253759892,2.4173424841200295,0.2890878413071241,1.27755517358389,0.35037562842842307,0.35768152576029805,0.8758413616898847,0.5105121696219632,2.2560874941301203,-0.15409885535791418,-0.20904999865560206,3.621251001527561
0.903176828941337,6.886945767286776,0.34413005527098156,0.587011450197723,9.913599271696047,0.7722583734128257,2.19609484789353,4.049352204303668,0.7406827259198803,12.508839017984883,-1.0495569299400103,-3.352642834633655,0.8758413616898847,0.5105121696219632,8.621659886279156,-1.291502980891486,-3.425024191601811,3.1569055570594236
1.4232720399079297,7.733678182534547,0.28186126411456613,0.9970955902242779,25.101287645879143,-0.6943886928592156,-4.951520236837961,6.0164019686968055,0.699666745506367,17.613693619145458,-1.58904340110427,-9.491806929553617,0.9259815130700448,2.626615997596623,66.12349341161021,-1.1399524103177923,-13.193272538974048,3.1569055570594236
1.4232720399079297,7.733678182534547,0.32975301650741506,0.9970955902242779,18.33957373021891,-0.2709512152544167,-1.651481220316584,3.4461366700804166,0.699666745506367,12.868966618245803,-1.58904340110427,-8.113262247701742,0.7778098749751424,2.626615997596623,48.311333658652124,-1.1399524103177923,-11.277144679462227,1.399023193066811
0.518897367491149,7.733678182534547,0.32975301650741506,0.8324056012306115,15.310431664613228,-0.2709512152544167,-0.5501312154961702,3.4653396214250214,0.699666745506367,12.868966618245803,-1.9877249741905212,-3.700067090680922,0.8651214860015097,1.6323708313811207,30.024187761615757,-1.449626695554259,-4.121670588575283,1.920815520290885
1.6392795904999984,1.9389292748889584,0.44280572988346695,0.45427562902054625,4.633647264083026,1.0818712186469055,3.8175970302260565,9.617333999900744,0.4864138054016128,4.961459199277136,-1.5483656204674112,-5.653680521945468,3.125842339270148,1.6323708313811207,16.650311294722712,-0.854973671260952,-5.718958584626259,1.920815520290885
1.2066527950008012,0.6315778370917859,0.48835769198955015,0.4892991497201045,4.1032539061544995,1.2422708079123659,3.0364266807395706,11.801559628039461,0.45686087394263597,3.831227106457517,-0.9913597054957267,-2.341437309391576,4.781488155046275,0.631292938263808,5.294011273758581,-0.2622969297744574,-0.7282289858236235,1.7070903345295054
1.2066527950008012,1.0607778351636477,0.470478540082475,0.6120140235842996,5.529829382191876,1.3036939583548526,3.6992513585784748,12.44702813870286,0.45686087394263597,4.127949012517787,-1.4529652025908735,-3.562088446482721,4.781488155046275,0.631292938263808,5.704023280931569,0.8699182141028708,2.5069830172575025,1.7070903345295054
1.2066527950008012,0.7881562221783618,0.7568741032833967,0.5369226668440745,1.8745388359103738,0.6510040533536167,1.0755069892386384,12.44702813870286,0.44188582232954643,1.5427401116508996,-0.2283521857463977,-0.342242454462122,5.031206221761139,0.908576884365486,3.1720818663968995,0.8699182141028708,1.8695321622966456,7.144329907136817
1.3929599385346345,4.147432255723361,0.42168223131407984,0.5369226668440745,6.039084852859787,0.7579818078548843,2.594675042890257,12.44702813870286,0.44188582232954643,4.9701495971650385,-1.6206798562546034,-5.032926533184706,3.3197778816658126,0.44195593249841414,4.970938167447104,0.8699182141028708,2.7016944518194324,7.144329907136817
1.3929599385346345,4.147432255723361,0.49672951307085145,1.1016426028013502,8.929575009856672,0.7579818078548843,3.1550976382890408,12.44702813870286,0.45191930712070866,3.663118456997891,-1.6206798562546034,-4.320771921620166,2.3813416390344844,0.4878597973864489,3.954440981111296,0.8699182141028708,2.4096812561922665,19.948474114597673
0.31194987457002765,8.327352336271133,0.49672951307085145,1.2245268289711433,9.925636629406462,0.7808806654681169,0.7674474920305897,12.44702813870286,0.17073664861320673,1.3839385902889685,0.08928281070462618,0.03276506839897245,1.755709094287282,0.4878597973864489,3.954440981111296,0.5206014693906984,0.32294811502789095,19.948474114597673
0.31194987457002765,5.279237448910993,0.7355434703411432,0.3285023366503522,1.2143720691855517,1.0324185907198855,0.3549085945970095,9.263885948543871,0.16974624100024677,0.6274996276186091,-0.5894686214725918,-0.14566400388447984,0.352290636998975,1.0394050160628494,3.8423605535005887,0.5206014693906984,0.3183385710206278,19.948474114597673
0.31194987457002765,4.265571910955733,0.7355434703411432,1.783010199560426,6.591240133928638,0.9681872556844008,0.7754034771233832,9.263885948543871,0.18864738919529142,0.697371357231387,-1.041144476141357,-0.27122384444821385,0.39361569346900943,1.0394050160628494,3.8423605535005887,1.6087862368301002,0.9837442685468107,2.325869152865323
0.6775345479103094,6.902782109805668,0.6935193439143853,1.783010199560426,7.414240425346967,-0.8952782213933314,-1.6516681628164829,9.263885948543871,0.6622236768583313,2.7537058154773337,-1.041144476141357,-1.1705803114192632,0.7135692591664927,1.586741252271673,6.598100863393077,1.6087862368301002,2.7998789946052867,2.325869152865323
0.9127228059382575,14.348389951817305,0.5103869308188903,1.783010199560426,13.689410064840835,-0.8952782213933314,-3.023356002243531,9.263885948543871,2.6877403225299514,20.635652803327186,-1.237954342507501,-5.132779833621595,1.466505309335231,1.5143698705430457,11.626871317289465,1.6087862368301002,5.006897231118623,0.4198031739970747
0.9127228059382575,1.6959591989665792,0.5103869308188903,1.6039551337539089,12.314679723636523,-1.2852351333192127,-4.116546749918781,9.263885948543871,2.6877403225299514,20.635652803327186,-1.237954342507501,-5.132779833621595,1.7909955174643781,1.7083030521065212,13.11583130655714,1.1074801521329278,3.6607727083719395,0.4198031739970747
0.9127228059382575,2.499401018429498,0.5103869308188903,1.2079048539165327,9.273926121483578,-0.4557597033118942,-1.2667958790605465,4.9234625361668805,0.8755633833479541,6.722309381833335,-1.427995881709711,-3.3792872155137275,0.8754655262250228,1.0871663472282709,8.346932586012144,1.3490580104811865,3.5574022898445072,1.563662655681987
1.549701835164868,3.936574220379646,0.5432280814741963,1.1092475974983806,7.517857130779949,-0.4557597033118942,-1.9365606597406086,3.580630554011744,0.8755633833479541,5.934076792049887,0.42869506684487724,1.618352840290443,1.1804081134310922,1.0871663472282709,7.368202819899259,1.3490580104811865,5.6749175790752355,1.4636535881672461
1.4149946922379992,3.936574220379646,0.8524034834299578,1.1092475974983806,3.053290038109067,-0.4557597033118942,-1.1268724593380128,7.35237979746915,0.4947878688375589,1.3619419814890694,0.42869506684487724,0.7079174215847069,0.40235233464607073,1.0871663472282709,2.992509684263119,1.4781419929725528,3.6181681659895344,0.4261632425773774
1.7887592565966577,3.936574220379646,0.540362575831445,1.1092475974983806,7.59780190154806,-0.1677367299547795,-0.8270353048695772,3.548698867552595,0.4947878688375589,3.3890541833897503,0.42869506684487724,1.4116909685842145,0.3264041257591734,3.3529798753883067,22.966267342413463,0.503748892528731,4.318284054033717,0.96629895405992
1.481376143192777,3.936574220379646,0.32916271659290636,1.1092475974983806,20.475627334088443,0.16760850463654714,1.1235179257825785,3.357863006193284,0.35403531849718617,6.5351462207374995,-0.8639816051681131,-3.27188097890596,1.4168096226461675,3.3529798753883067,61.892733905379956,0.503748892528731,5.870827014561269,3.3748539190206954
0.313738702633042,2.1043113926107044,0.41682302459631393,1.4427212781717378,16.607682420226098,0.16760850463654714,0.2142982692258007,3.357863006193284,0.47626155161449096,5.48241764909774,-0.8639816051681131,-0.6346856086441278,1.4168096226461675,1.5089046356388476,17.36954280098581,0.503748892528731,0.6586829081352292,3.3748539190206954
0.313738702633042,2.1043113926107044,0.17954306368515144,1.3161852678493804,81.66007187220762,-1.1666018036875727,-3.307467754421356,9.140443016831549,0.47626155161449096,29.54869157467204,-1.7655941251396894,-3.0111202454350736,1.4168096226461675,2.9657803716038718,184.00588748275646,-0.31976506186220877,-1.3608647535792264,0.8086815831089413
0.313738702633042,45.96049943635676,0.144754818863257,1.3161852678493804,125.6264132982643,-0.4806866014927704,-1.6903264742958142,9.140443016831549,0.6348781906012962,60.597449245769724,-2.514089852947542,-6.14010875226706,1.4168096226461675,1.842199569883741,175.83309143267473,-0.9762670775731623,-4.061505504495651,0.8086815831089413
0.313738702633042,25.660750539149237,0.22989168718013722,1.3161852678493804,49.80815856209468,-0.03488692265941978,-0.07724688968114964,12.612758214933374,0.6348781906012962,24.025579344733902,-0.9744316598919329,-1.4984988596819808,1.4168096226461675,3.0948425878722885,117.11756247913466,-0.9762670775731623,-3.314726900335276,1.0024324218151708
0.36148478613805124,25.660750539149237,0.20910488555910145,1.3161852678493804,60.20307319922202,-0.0872231165451017,-0.24464196406874236,12.612758214933374,1.9035667588437921,87.07024134188464,-0.40351513461025,-1.3610833656643986,1.347280041303308,1.2777416764863538,58.44464115974859,1.6663793680096612,4.605070166865153,1.0024324218151708
0.5721059479923987,12.30958024805547,0.20910488555910145,0.17214310926597703,7.873925093247022,-0.0872231165451017,-0.14002439430072258,12.612758214933374,1.9577112289424465,89.54684062946716,0.10469200737110218,0.5667807922966297,2.5652619178349263,1.2777416764863538,58.44464115974859,1.7508982463453542,7.657900496067869,1.0024324218151708
0.5721059479923987,12.30958024805547,0.23713655572400724,0.17214310926597703,6.1224130108753405,0.9010802249720271,1.2755610032857636,8.794398886521554,1.8478944735011555,65.72190554434331,0.10469200737110218,0.48556241585032994,1.4915750056686827,0.9258715913886659,32.929394047131815,2.1618791396994403,7.097407539379741,1.0024324218151708
0.6411259521110255,9.927119341146158,0.23194885202890184,0.17214310926597703,6.399339981077484,0.6297625985663565,1.021381090809785,7.459493764975974,1.5038163456292646,55.90367285578707,0.10469200737110218,0.5018536128953713,0.7790186276331578,0.6680924542007445,24.836026091623506,2.1618791396994403,6.907419331756488,1.0024324218151708
0.6411259521110255,8.443794837475437,0.20859551925708364,0.7070920829669911,32.5009473154257,0.4687800468560271,1.7134067953373364,9.022749087556313,0.5024690164760436,23.09560441349761,0.24007742962354192,0.7397063652070482,2.320359378332892,0.6079501669634358,27.9439648991308,1.1149017666422087,3.7785395662779933,4.234615438494996
0.5085437588692604,5.199770894636188,0.3380800334707632,0.5164463028940824,9.036830220022889,0.4687800468560271,0.7166473650263023,9.022749087556313,0.3595523891744896,6.291484473730151,1.0155850688716486,1.295451626499772,1.8355728781423686,0.9635248706335878,16.85985671674177,1.1149017666422087,2.328047687631903,0.9788874000925338
0.5085437588692604,15.076900929155872,0.2643758260789634,0.5764961624908387,16.49616275861936,-0.02109173005691317,-0.043564426341532236,9.022749087556313,0.3595523891744896,10.28842014567111,1.0155850688716486,1.6566050525208997,1.8355728781423686,0.9635248706335878,27.57080466810898,0.7284262784297999,1.94508531184763,1.9397991644440205
0.4780256550887087,4.443763259671269,0.3556678374189192,1.5370942168276376,24.301959663748022,-0.22134853516004246,-0.5216131186338733,11.571418868988436,0.3595523891744896,5.684640253709637,-0.21835836114265517,-0.2488699866250286,1.4889484323496072,0.4382352520366075,6.928641915136632,0.009385085148535532,0.011809009743506167,0.9389917291690243
0.33793449335894865,20.14943653904144,0.3556678374189192,1.6753332569048753,26.48756386362967,-0.36478011507502994,-0.6344314262299444,11.571418868988436,0.43693702072849144,6.908116455773988,0.5508937136951408,0.4893055757794435,1.0122840879162798,0.40685408383922783,6.432495436030121,-0.8913287756033625,-0.7639416596315708,1.5763573349828106
0.33793449335894865,4.922243963992376,0.46508103068087037,1.5719045384086086,14.534460334247145,-0.36478011507502994,-0.46996242325894666,3.269466816194828,0.710278061325637,6.567516064986313,1.0978150091386891,0.9507410788423079,2.773356181347431,0.40685408383922783,3.761936172901716,0.49543329809090264,0.3247307581982021,3.0744205343275324
0.5564616222926014,4.922243963992376,0.7313016158667139,1.5719045384086086,5.878453639082232,-0.37272163140796205,-0.5028649483169598,3.269466816194828,0.35412763377051876,1.32433161592969,1.0978150091386891,0.7030120274659056,1.1546035013064593,0.4593398489919353,1.7177938869085572,0.9033622661548463,0.6588441436455669,0.7240200322261262
1.0098150769910514,0.9981461051183481,0.5550884595957228,1.5719045384086086,10.203091157902676,-0.29510390214443183,-0.951881061442173,2.387277134586746,0.36725402200310536,2.383812867159006,1.0978150091386891,1.7116189832870032,1.1546035013064593,0.4593398489919353,2.981533698265642,0.9033622661548463,1.5751563113448115,2.309308514957608
2.7932731582878594,0.49345791657704624,0.8578654573422276,0.5685332044125346,1.5450675374434757,-0.10889161524477259,-0.3780781524138777,2.387277134586746,0.36725402200310536,0.9980635484234871,-0.03640224337694198,-0.10158291105618852,0.805968680818567,0.3088903828190823,0.8394522948143393,1.5466448732740794,3.958239102298708,2.309308514957608
3.4565655225256426,1.2944107933821603,0.5669205780998126,0.5685332044125346,3.537866062030433,-0.3710077353467178,-2.4121174578612616,0.40600759219475324,2.831698708958014,17.62108295973623,-0.707762580836754,-10.269485584131127,1.132433718283363,0.36615463497331857,2.2785055410541735,2.1701839703346013,11.32312729309951,1.1692308343184716
2.189226604600633,0.6296762714897657,1.0191034305533595,0.5002915327911862,0.9634221374930078,-0.3710077353467178,-0.79722698858129,0.40600759219475324,1.442155450377724,2.777189689476543,-0.41882306833323235,-1.5280025659271317,0.8404266370396618,0.23237135131904568,0.44748249631755044,2.1701839703346013,3.1781566140136817,0.6491987890380011
2.189226604600633,1.0219850597895412,0.5692646015883378,0.4615585071421751,2.8485798479242352,-0.5310447169139721,-1.9621671864837553,0.40600759219475324,0.9993861232699451,6.167866320282066,0.06885091841776686,0.37434146122732886,0.9545636489292614,0.16167937381097955,0.997829308606155,1.4274860881957094,3.1216968757846746,0.6491987890380011
1.4240426020914143,1.7889361342946561,0.8798600326149117,1.0101966433742504,2.609809068654043,-0.7566703773148336,-1.7407406941449857,2.2869542130067435,0.9993861232699451,2.581880453378858,0.06885091841776686,0.15754360701807457,2.072806435217203,0.2411695519968432,0.6230534302531989,1.4121297776434203,1.5873044682433715,0.6491987890380011
1.4240426020914143,0.8374992413908702,0.8110421144967133,0.37901227718714764,1.1523819878744426,-1.0828013465861972,-1.655274405673186,0.8672241317615854,1.810103353918069,5.503596128144195,0.06885091841776686,0.23001491491037387,2.072806435217203,0.20652261225093677,0.6279293647504767,2.3773443494522777,2.6826898785712445,0.6491987890380011
5.462623402838695,1.2732592299150438,0.6251179191743267,0.15963622400323055,0.8170291389283779,-0.21384181669910052,-1.0558753937617884,1.5192790660332802,0.8208287958018251,4.201058052012122,1.3924350742635823,15.590338926979825,0.8705509542391011,0.20652261225093677,1.056996888458145,2.3773443494522777,13.351504535417813,0.6491987890380011
1.2742224964990174,1.2732592299150438,0.6887521993407935,0.5856053189972081,2.4689313315895616,-0.21384181669910052,-0.42814651090331984,3.9219294610440567,0.8238525254746228,3.4733894088198696,-0.7033643715509608,-1.67033034793168,0.8705509542391011,0.4492820564503122,1.8941879622791717,1.1580648787563503,2.030905404015479,0.28040556071323014
1.2742224964990174,0.7889904904812277,0.6176443407312898,0.6757960358589522,3.5429800152490207,-0.21384181669910052,-0.5128876657000757,0.5068101695091324,0.3204060337717677,1.679785192844052,0.5648980908764913,0.9329153730452011,2.508442302080377,1.097961349254824,5.756256194935122,1.5306468429165045,4.679401671376395,0.6892209294504934
0.662406260837295,2.447243727398327,0.9104032872086595,0.3517829705611591,0.8488621578403304,-0.600527446799328,-0.36650160141153043,0.8228221538932322,0.38748903611104507,0.9350218937772781,0.22094574341688578,0.14152102253294074,2.508442302080377,2.484330802464782,5.9947597872786185,-0.2668188937796223,-0.4327398603322652,0.19815218924759156
3.2682651298734213,2.585302354752532,0.6847929585303011,0.2110788307345571,0.9002354345822936,-1.422233792358241,-4.410281650137542,2.436562765811555,0.38791736803436694,1.6544385771853967,0.5279606783735378,2.2194439542851794,0.38548535038916865,1.894132948112744,8.078335434050484,-0.2668188937796223,-2.478533542943356,0.27098536674984514
0.41409645470103223,1.5010913813714208,0.6847929585303011,0.2110788307345571,0.9002354345822936,-0.16595968721087373,-0.06520519103534932,2.436562765811555,0.38791736803436694,1.6544385771853967,-1.6760753440748763,-0.8927305023993256,0.4456585644672184,1.9972380203818543,8.518070859999218,-0.2668188937796223,-0.3224695531805204,0.2347818815568613
0.41409645470103223,1.50069576689557,0.6847929585303011,2.110706544186864,9.002005632062986,-0.16595968721087373,-0.2061929252939644,0.8003791385376297,0.38791736803436694,1.6544385771853967,-1.2959744016814847,-0.6902767723418594,0.48009853162091093,1.9972380203818543,8.518070859999218,-0.44459010844233227,-0.5373186718039955,0.2458536964281975
1.1984807330050846,1.8065374285060602,0.6768846435443719,3.0045720489179577,13.11545300548058,0.06798837251267828,0.29509194147676243,0.8424926649702693,0.9295320554145297,4.057560874357294,0.1312129876570689,0.3167673438503539,0.9376525455903543,1.9972380203818543,8.718273674452512,0.22738781834715815,0.8046620149517965,0.2458536964281975
2.284790157302776,2.208729412401156,0.6557868249553674,1.153076195449189,5.3624422437354005,0.06798837251267828,0.3597180896032062,0.4286916135818662,1.7676145097349327,8.220385396083678,-0.29503317911081156,-1.9326947535100278,1.125593870718144,1.0002854853071337,4.65188091071186,0.4778645997087889,2.354862058330165,0.2458536964281975
3.193260575294152,2.208729412401156,0.6557868249553674,1.153076195449189,5.3624422437354005,-0.7396665843509748,-5.469550948717823,0.9128795732872145,1.3714134386882826,6.377831219023322,0.7440739439441484,6.000493460460427,1.125593870718144,2.541340928870392,11.818641306179726,0.23294107395354308,2.5571971314093176,0.2458536964281975
1.1922314717995344,1.3412482566702097,1.3794651958082942,1.153076195449189,1.211899222705764,-0.5720042643687758,-0.7507461295369939,0.47613558824089236,1.700311891234132,1.78705159943163,0.7440739439441484,1.1858922333457953,1.125593870718144,1.070814937101013,1.1254414886510629,-0.2835604967478152,-0.3586474694809517,0.6601637674167274
1.4402078059088843,4.7642205013930425,0.8967147564591229,1.0947929056288768,2.723035710957187,0.12182577894878033,0.2895283036601897,2.9059608779242603,1.700311891234132,4.229119476195454,-0.45803867620056904,-1.3566014862804552,1.2716090029310558,0.3297687038764604,0.8202208403020749,-1.0396608797981177,-1.3560704831963777,0.16178489744324465
0.9525630876628484,2.6816878726140216,0.851924280977202,0.3021370637270666,0.8325915658079254,-0.028469840587190764,-0.024745417600834454,2.287059147214716,3.24981480603082,8.955433552446305,-0.8633921201314341,-2.4611899723611157,1.486023147080164,0.3297687038764604,0.9087353869400693,-1.0396608797981177,-0.9440699435135138,0.16178489744324465
1.8112021635404545,1.1281411340313934,0.8725572304113759,0.5395396649586077,1.417312215774709,-0.1977152315208095,-0.4263240383294434,0.2105317668916117,3.24981480603082,8.536911227734034,-1.0776255506059242,-5.702761263722748,0.9843387650398544,0.3297687038764604,0.8662666393955608,0.03816380802666486,0.06433457342930575,0.4449030582614143
1.2295861461079902,0.8035543749071781,0.41675964186865505,0.5395396649586077,6.212724010486309,0.4111673614650192,1.2601394995033763,0.30942848587106775,2.5161690153665655,28.97333536619375,-1.0776255506059242,-7.132242286145628,1.1636195114019778,0.1928545706950204,2.220693490590543,0.27198303166004634,0.49836218512915426,0.4958457155365601
1.5152134074178636,0.8035543749071781,0.7745488933690984,1.1324275563176474,3.775224206168924,-0.0009715507255844691,-0.002860293897224802,0.20695188030172665,1.0117872497674578,3.3730402404158313,-1.7970002320858232,-5.000721850223855,1.1636195114019778,0.6525566262743263,2.175457103337864,0.3955040412313503,0.8838936055368758,0.7875386170539795
1.6330283643100942,1.851099368530308,1.2497007788740144,0.39813411452570185,0.5098557327478106,-0.3403962751978295,-0.39691926702026886,0.8388617038455694,0.9317188103735797,1.193171244177,0.999682736687316,1.7832297856696646,0.9796283293825586,0.6525566262743263,0.8356725151395121,-0.25941342531853995,-0.3872614218499734,2.3413777723286304
0.6819986134861604,1.851099368530308,0.7684252340754898,0.39813411452570185,1.3485161489187418,-0.3403962751978295,-0.269585398999298,0.6033408101640515,3.731657419742824,12.63946019484041,0.999682736687316,2.42387348223533,1.171965067734876,0.5414241755670103,1.833852507306294,0.382281016083444,0.3530599253911022,3.301318366595807
1.1617141784028397,1.851099368530308,0.7684252340754898,0.39813411452570185,1.3485161489187418,1.5129819617445028,2.04108511670744,0.6033408101640515,1.6687123703816444,5.652079279970497,0.35750031465149856,0.987369802408964,1.171965067734876,0.5414241755670103,1.833852507306294,-0.1147233685967986,-0.18048178689263306,3.301318366595807
1.9370976712025876,8.663401611119395,0.7684252340754898,0.3073722912723161,1.0410976688211313,1.5129819617445028,2.990411858815091,0.8550316110714019,1.1696153552769342,3.9615926821374083,-0.36043314259695725,-1.3896682903925053,1.171965067734876,0.5650393426593806,1.9138392078215545,0.41555373866680784,1.113605678176881,3.301318366595807
2.6937370559637004,5.06158007824073,1.246332384264395,0.28625947496045073,0.36857180254015204,0.6483949557434835,1.0603662138407457,1.1036885026436618,1.1696153552769342,1.505931776869983,-0.4179424702391798,-1.381574645932087,0.892308659272931,0.9266916664122749,1.1931567258540452,1.8162778896390102,5.344243572584341,3.301318366595807
1.8931067941681918,5.06158007824073,1.246332384264395,0.13577605101113988,0.17481770295943347,-0.2965467657751274,-0.2347258988013651,0.8790973460759632,2.3890939480823197,3.076064689226881,0.7740234937982338,2.5699637010315803,2.9430202083489605,0.9266916664122749,1.1931567258540452,1.8162778896390102,3.7558319935312356,1.7371496341362593
1.9447095241949626,5.06158007824073,0.677718367782929,0.378628544801378,1.6487121390550168,0.5634875493261309,1.4070563269701382,0.8790973460759632,2.5099156923868957,10.92925646219765,0.16452423871828337,1.0577424634805217,8.656597804200006,0.9266916664122749,4.035215570914027,1.3438947762455504,5.249928362953203,0.6852343963328769
5.320907854108226,4.136112630395495,0.4860334540866566,0.378628544801378,3.2056124909842527,0.09794607146488282,0.9331001738609139,0.44466297233268076,0.6363915342281576,5.387931468158526,0.02441375269807708,0.30153054353909087,9.382340913300048,1.0036714460266836,8.497462139087128,1.9003941130024709,29.476372320720667,0.39177557716751427
5.320907854108226,3.8032126287405283,0.660558825224506,0.40945188196057597,1.876764884155732,0.09794607146488282,0.7139662684955356,0.8326307623862699,0.6174332746626241,2.8300690245885027,0.02441375269807708,0.2185338882734246,9.382340913300048,0.4901225589522521,2.2465272431271948,1.8650107492920613,14.873833720678826,0.39177557716751427
5.320907854108226,2.038682274324536,0.660558825224506,0.45361304577151246,2.079182128123351,-0.2951274151973722,-2.264339585010265,0.3969660573318089,0.5887242939028619,2.6984784535748076,1.1101061176874947,9.703082218918315,7.4700881873258185,0.6722293341682947,3.0812324086177214,1.8650107492920613,17.41924413166661,0.36247508235833154
5.320907854108226,4.299784869849026,0.6966439184407778,0.4787156148428353,1.972812854103203,1.0149076032949462,7.584993074230069,0.3969660573318089,0.5887242939028619,2.426164550566635,0.21971212947604435,1.8209578690065031,2.164665441242626,0.687655859635429,2.8338668658918635,1.5513351309041332,13.895721046392268,0.1898901652984731
5.320907854108226,2.116431489762089,0.6966439184407778,2.2343341987242353,9.20781167552409,0.8289399693505879,13.38403404964582,0.2671212578837801,0.5015887288986428,2.0670741901105534,0.21971212947604435,1.6808068274566597,0.4580014769940589,1.0579560306607887,4.359893831850101,1.0721108647126951,11.91141599091772,1.2708437817871623
5.320907854108226,3.0044191398557216,1.1325508906740218,2.2343341987242353,3.4838759011076434,1.1181525383741633,11.104988940629223,0.23895217007980185,0.8536416296109561,1.3310370056914302,0.21971212947604435,1.3487604927760455,0.4580014769940589,1.0579560306607887,1.649613348690245,0.8363610902283545,5.715715968257795,0.7297054751136264
0.8172408880193645,2.954531618047062,1.1325508906740218,1.9965753355613234,3.113151425726577,0.8554654343169787,1.2335384070031803,0.23895217007980185,1.5895759622882255,2.478539419554145,-0.9413076710889551,-1.2110988735911403,0.38165578135001416,1.694691144867954,2.642439811733231,0.4096719196077843,0.5442379672646417,1.561128850838465
0.8172408880193645,1.2825632953998136,1.0939643321388233,1.9965753355613234,3.3366401600115823,1.0069803968373212,1.5032312290332008,0.23895217007980185,1.8941818475489567,3.1655220368230705,-1.3143721578513792,-1.911133866652005,1.3541396495433693,1.694691144867954,2.8321368255271353,0.7099480767801061,0.9764135319480152,1.561128850838465
1.2430279731037719,1.2825632953998136,1.0889192343394154,1.650917303712797,2.7846074257011346,1.0069803968373212,2.088737705872818,0.32640258990521387,1.8941818475489567,3.1949224994195773,-1.3143721578513792,-2.920313102016876,0.6487128682423069,1.694691144867954,2.8584409017074637,0.7099480767801061,1.4920112505408154,1.2371406551187036
0.6736489564628986,0.49381968057482745,0.693361179661784,1.9513689986560006,8.118024391093787,0.11098984106979981,0.21303062758695773,0.2082231645368675,1.304987998968625,5.428970334677093,-1.3207481003288117,-2.0730623790777463,3.3623834478190338,1.694691144867954,7.05020119663896,0.4138642898014761,0.7402737537495427,0.9456827702611068
0.40636159475064393,0.49381968057482745,0.693361179661784,0.540723400165837,2.249500609267011,0.48621788942975,0.2963375236724785,0.3913135504415257,2.1158650859650248,8.80235587833884,-0.03428185103036685,-0.04133104452131605,3.3623834478190338,1.694691144867954,7.05020119663896,-0.7774788795507237,-0.8388841939740965,0.9456827702611068
0.40636159475064393,0.49381968057482745,0.5153943898107969,0.540723400165837,4.071231389710594,-0.35436821903563814,-0.29055631247560565,0.46711184711364107,1.5636131863318026,11.772804882509371,-0.03428185103036685,-0.047798788868439225,2.475015020759126,1.884425787276701,14.18827706436981,-0.9707521076219925,-1.4858871553190263,1.770178069600541
0.9087365175067946,1.8071160373993171,0.4889289744029883,0.540723400165837,4.523906397905627,-0.3573593223696166,-0.6907166130164847,0.46711184711364107,2.1274199068832145,17.798838601823153,-0.5170758745244793,-1.982385388953486,3.8971719460843253,2.1514357941694917,17.999765038726842,-0.4986645189214202,-1.9225598428855475,0.6014653871470477
9.44868385407093,1.8071160373993171,0.6452167291310777,0.41709571017427977,2.003800498823795,-0.3573593223696166,-4.779733406949207,1.710859346630964,1.6493009983958857,7.9235294985780325,-0.5170758745244793,-13.752603838485008,4.637630544638129,2.1514357941694917,10.335872588435066,-0.5812759159449183,-17.657418922207523,2.481864246135567
30.719759405966265,2.4074201097618935,0.3631688354113862,0.41709571017427977,6.3248258515715845,-0.7563235958624805,-58.431864692284854,1.307881658859017,1.6493009983958857,25.009946967132304,-0.8153262947496038,-125.25804938081762,4.637630544638129,2.1514357941694917,32.62430276080732,-0.5812759159449183,-101.99309214867174,2.481864246135567
30.719759405966265,4.345784324904549,0.27202218288924024,0.7317001885265884,19.776731614617965,-1.8590498749941102,-253.97215919987462,0.6459515749308236,0.8293408715286407,22.415809221373852,-0.14304627374177137,-20.80518443458263,5.0699514468853,2.1514357941694917,58.15000317691784,0.6346240296538432,148.66515698452633,1.1788699714393989
34.712941486360926,4.345784324904549,0.27202218288924024,0.8396258937817148,22.693797566790316,-2.1147717127934977,-349.7103591117941,0.5842428028742062,0.8293408715286407,22.415809221373852,-0.9967880691133256,-163.82171127127964,2.6750425700083547,2.0997711494855262,56.75358722964731,1.087400427982343,284.36593803945675,1.0766304586611337
12.310229225774243,7.44300302228172,0.27202218288924024,2.354085774312095,63.62732070646265,0.6321162359763837,62.070451320049855,0.5842428028742062,0.5426234064724901,14.66627677003289,-0.33369814154404487,-15.731852506769805,2.6750425700083547,1.1538375403059575,31.186455489990166,1.087400427982343,74.75472502145702,0.9483256365659987
2.953158332783943,1.5376705474223182,0.27202218288924024,2.354085774312095,63.62732070646265,-1.2091934027669977,-28.484219194690276,0.5842428028742062,0.5426234064724901,14.66627677003289,-0.24058103373901352,-2.720871659119599,2.490401414896044,1.1538375403059575,31.186455489990166,-0.04007670973563204,-0.6609396408196635,0.9483256365659987
2.4882527451676077,1.4039021256141995,0.12326554011638245,1.3078282941573134,172.14616752821226,-1.2091934027669977,-39.47652719357284,1.1177711251093285,0.5426234064724901,71.42416191227204,-0.7890948186601588,-16.5938156193667,1.7824803074183466,1.3876868139672542,182.6577447674974,0.5535016199720557,18.613688159663763,1.5669097755302934
0.752159734329998,1.4039021256141995,0.1719526836810725,0.9964549164491733,67.4015266390772,-0.38846312968508534,-2.398803931288426,1.1177711251093285,0.5426234064724901,36.703763895983435,-0.7890948186601588,-3.59579209606887,1.2276949173688,1.3876868139672542,93.86496891561166,0.6048816443687435,4.4079053097261225,1.5669097755302934
0.6393113218665901,1.5220096816536548,0.18151549214935456,1.1439909786145936,69.44247646608142,0.13500687951476353,0.7192516967504835,0.8675441789063072,0.6018550963190767,36.53377442953508,-0.6701444253097504,-2.589572511320264,1.017227621703057,1.3876868139672542,84.23528744773202,1.1195921157918765,6.569302465394724,1.352012028502182
0.893560462069221,0.7083550449110033,0.19674203035464327,1.5346472200030332,79.29471723898685,-0.16686965084889716,-1.3277717634978194,1.7997314294108508,0.24638087874319348,12.730418990363152,-1.027127219052945,-3.2746850046152645,0.784561084328478,2.758591023169334,142.5354910946813,1.0699469223080753,11.414258032813759,1.3163286554107514
0.893560462069221,0.7083550449110033,0.20793479277865357,2.3277789954904606,107.67562787079785,-0.16686965084889716,-1.5472482769086238,0.8246502296957937,0.5253471168469214,24.30088112582485,-1.027127219052945,-4.524381238130223,0.948333403385326,3.1677947752760396,146.53207716646327,1.0699469223080753,11.573175283791992,1.3163286554107514
0.893560462069221,1.604421982546369,0.1524707000422506,1.321819852124064,113.71806919355063,1.3386916634418784,12.756138957375569,1.214833576941586,0.17703818908336208,15.230850863475357,-2.0795950973543817,-7.252117162317101,0.36540895744849783,4.594720799884101,395.29046035028466,1.0699469223080753,19.00834670017871,0.937619977516064
0.893560462069221,0.3083702250075435,0.1524707000422506,1.321819852124064,113.71806919355063,1.165815789103718,11.108837539388427,0.7417457873564578,0.08167458566013985,7.026582456398616,-2.0795950973543817,-4.925777634199785,0.5616747227141106,2.3012528686784046,197.980104877155,0.649085128968659,8.160868468703773,1.0412053561339523
0.893560462069221,1.7140343929474313,0.17711858822686802,1.1379222793552957,72.54614046576728,0.8779477663071866,6.681897025958046,1.2303781005545957,0.06756904946451629,4.307740381327621,-0.9933903853721471,-1.8423352303119418,0.5616747227141106,1.1118493352977978,70.88390790712279,0.31102003561897223,2.339839871187091,0.5990371463843922
1.933698698575993,0.9976477663024313,0.380054959565223,0.697341554806067,9.655677076647864,0.8779477663071866,5.2753204930463315,2.232335463324617,0.04691864128936802,0.6496547438524645,-0.9933903853721471,-1.5482819981635043,0.9050991913770525,1.1118493352977978,15.395121752792623,-1.1415624617148044,-8.661239507171812,0.5990371463843922
3.07543948349682,1.1530482858845597,0.5308330170340662,0.697341554806067,4.949481284187833,-0.2275266474576969,-1.5567515131275547,2.232335463324617,0.0748032681905675,0.5309268798820703,0.6268346291034428,1.4046804019507315,0.2462344376316531,0.7219717401268649,5.124297542348828,-1.1415624617148044,-7.947381015188535,4.214158012865346
5.264960319721799,0.8165935613244408,0.4310787345433457,0.697341554806067,7.505201259997881,-0.2275266474576969,-3.281773028875291,2.232335463324617,0.3918963951418277,4.21782023218887,0.7511890789359681,8.122475323891491,0.2462344376316531,0.7219717401268649,7.770285846782677,-1.1415624617148044,-16.753798179031698,0.9982480720577281
5.264960319721799,0.8165935613244408,0.2613723635269263,1.4655038948221908,42.90398602020675,1.1796297060447707,40.68081305795762,1.6085798002815574,0.2689073119196176,7.8725110128284275,0.9750871224039777,14.404399629206297,0.2462344376316531,0.4205315341147497,12.311450774345714,-0.8333318477069757,-15.394574816046736,1.0348825304551745
15.263291821248687,0.9434438551939388,0.2613723635269263,0.576231965974392,16.86972535515585,0.8236829488821329,51.637152988597435,2.5904347778951684,0.2102786907055009,6.156103738960586,-0.8095444537406593,-30.65786265165111,0.13886733266257686,0.38436432610129384,11.252622208634198,-1.1378578041378649,-58.25900583425231,0.553677009514091
4.3660236912015185,0.9434438551939388,0.2751717622973002,0.45385361232786486,11.987760609235417,0.8236829488821329,12.451314261912646,4.38994395066888,0.06515353187432044,1.7209182030070835,-0.6247807443961252,-3.578440812535982,0.28549722968724445,0.2825629248347484,7.463412448323434,-1.256968498097357,-14.992677626939933,0.5615136423153878
3.293212938249715,2.2390730540071346,0.16303468643934516,0.34412770489958416,25.893431496809338,0.8236829488821329,13.803038298822079,2.060363179470284,0.05180572206048698,3.89805265957122,0.04775391117191363,0.31049357021958246,0.28549722968724445,0.48586964492824236,36.55861527045486,-0.03776040527090574,-0.7518848403634921,0.5615136423153878
5.559445580826514,2.734205608570912,0.34930386278618636,1.6898732227832296,27.699845283346956,0.8236829488821329,24.100731858094235,1.5095066936435206,0.03801556488966888,0.6231386186879315,1.4854947432107595,6.519209480549922,0.597551643231426,1.3209342082744302,21.65231847299098,0.27301088275341384,7.062584318854254,0.3410998218141353
0.7134249866700024,2.734205608570912,0.1933420155686709,1.6898732227832296,90.41315751913227,1.3409642314118035,9.09664670142688,0.6121087474099978,0.1037972242692033,5.553454934591861,1.4241308563765702,2.394307015857281,0.8473978587249263,0.6858849152958941,36.69684805378987,0.05826326472305399,0.25180103671720266,0.7401982428062889
0.7262893039397524,2.734205608570912,0.2984556087876924,1.6898732227832296,37.94238532654349,0.49493645359767535,2.214223244460379,0.9950983637767614,0.0694191102073405,1.55865339068135,1.4241308563765702,1.2913213128901397,0.8473978587249263,2.026721833707599,45.505579784026665,0.05826326472305399,0.28545443220151356,1.884275983345462
0.7262893039397524,6.841067195576936,0.48249553558964353,1.6898732227832296,14.517690095307623,-0.14998969467787115,-0.41506855216483324,0.9950983637767614,0.0694191102073405,0.5963791337094007,1.0632950691987573,0.5963821937575456,0.8195646950347533,2.5613192616901403,22.004277465925302,-0.6900524194810495,-2.3509602579361912,4.1103678894671125
3.5843852099820106,9.613322138662427,0.48249553558964353,1.6898732227832296,14.517690095307623,-0.31769713017883966,-4.338870909374601,0.3953201394005564,0.05113574814770409,0.4393068866890363,0.5623720447429351,1.3360490616062966,0.8195646950347533,1.8180841441639357,15.619149304403397,-0.6900524194810495,-9.77519540817719,4.4993765508608625
4.870119829596759,9.613322138662427,1.4122045157217173,0.8980491347721832,0.900606138320689,0.1692315237514157,0.7821469630691759,0.4627440051372836,0.11231236136336521,0.112632146880023,0.6322314388676737,1.033348745231286,0.5199758709436091,0.8864164144776516,0.8889402963339024,-0.6900524194810495,-3.1685314845475534,3.42930591419079
8.363552818553904,8.089961689491247,1.4122045157217173,0.8980491347721832,0.900606138320689,-0.17255424197710678,-1.3695689314588788,0.2810534815120046,0.11231236136336521,0.112632146880023,0.6322314388676737,1.774590177064257,0.5199758709436091,0.8864164144776516,0.8889402963339024,-0.6900524194810495,-5.4413815995280475,3.42930591419079
8.363552818553904,3.646773878339664,0.5031033152025589,0.4420113130931046,3.4926013898837587,-0.16229056329376748,-2.5366385184346267,0.38881959461584537,0.11231236136336521,0.8874485737793565,0.6322314388676737,4.981251734738716,1.2894797295789682,0.8864164144776516,7.004117563317454,-0.6900524194810495,-15.273887955846027,4.48372420874965
8.946917237318061,5.829678978967614,0.5348493796810452,0.7062407007667162,4.937643667192579,-0.41898401567344556,-8.329726605192064,0.22691235384311959,0.298606729159228,2.0876927988056817,0.6322314388676737,8.173024573176978,1.2894797295789682,1.4356225184442826,10.037077201837679,-0.5630473090984282,-15.959597692316544,4.48372420874965
7.066024662588947,5.829678978967614,0.5348493796810452,0.8034706852292327,5.617421845540812,0.23008524203222636,3.853296532772762,0.3015349351812467,0.42676076833690224,2.983674833378072,-0.4113514632384816,-5.020696174237837,1.346083418898147,3.4264049197027036,23.95552470232948,-0.5630473090984282,-19.472552348292037,4.48372420874965
4.351295893202699,5.829678978967614,0.8052483923414048,0.35080035764847817,1.0820075476925324,0.23008524203222636,1.0414118744498468,0.9678707202543286,0.6830480774271649,2.1067913960157614,0.9367955472712488,5.9166271581552605,0.5286234111563586,3.4264049197027036,10.568392830101306,0.5045543374510665,7.1372520610812975,4.48372420874965
4.351295893202699,1.3330679717377296,0.6042645139243781,0.31885262652091295,1.7464888336611173,-0.025759481094290493,-0.14812850295376614,1.0756063849263389,1.1279857691062933,6.178448557153658,0.7358008485495486,7.958269071264638,0.4014022558806156,3.4264049197027036,18.76784895002205,0.5045543374510665,9.51116707250551,4.021420220554223
3.78756476015126,2.48022909889463,0.6042645139243781,0.5601167169853797,3.067992892000622,0.349169465028714,2.316453033583103,1.3243954346259703,0.338279822412451,1.852899688933445,-0.5560182680940569,-2.8666527095122314,1.4700629854347227,2.2124983455987675,12.118776305041676,1.015657933340507,13.391737162115339,4.021420220554223
15.199447654535506,1.845176402768731,1.357664104648444,0.6558898417478648,0.7116660179116859,0.349169465028714,4.477155494005036,1.9925670347950168,0.48407415990071745,0.5252393127974676,0.4572236154880496,5.036572290040216,2.2247563901013723,2.2124983455987675,2.400646857180257,0.7243431620271741,17.05832207548603,1.5259736466299831
78.18760309719123,3.335529082572895,1.357664104648444,0.6558898417478648,0.7116660179116859,0.349169465028714,23.03097222517936,1.96302451271103,0.4808339811010632,0.5217235926309122,0.9614709945759666,54.29931174816229,0.7099866283143481,2.911613064192743,3.159213549598227,0.5823046357248336,80.92405543668545,1.5259736466299831
336.5255417410169,11.117097376552012,1.357664104648444,0.6558898417478648,0.7116660179116859,0.4778791426490653,135.66700022575318,1.96302451271103,0.5326768939844273,0.5779751718142794,0.24236053436005012,62.00611548057069,0.9142044908287494,1.6334075165490962,1.772310758513582,0.5823046357248336,260.87845662801135,1.5259736466299831
533.8419227043222,11.117097376552012,1.357664104648444,0.2654200535372934,0.2879910932473395,1.5954419623926488,457.0705236633227,1.246681808678539,1.391152057093969,1.5094541518487212,-0.5589609805404284,-366.6098516391699,0.35729586886241377,2.7377283014086675,2.9705418110997495,0.20872870882212152,192.0492862292194,5.961871602690083
533.8419227043222,2.738899300695012,1.357664104648444,0.7351832199159599,0.7977024208193353,0.8324442652606621,396.9065781894024,0.2905029515080828,1.391152057093969,1.5094541518487212,-0.5589609805404284,-366.6098516391699,3.086220386294194,1.5378829595734242,1.6686628945758024,0.8557961513271204,590.1566558011066,10.35270839401921
196.08083418804236,0.6982945305550897,1.357664104648444,1.467157161168502,1.5919226493231482,0.4798661018428082,118.71789810403128,0.9312596845572714,1.391152057093969,1.5094541518487212,-0.5230057773049842,-125.99450228563437,1.1881024389272998,1.5378829595734242,1.6686628945758024,0.8557961513271204,216.76530907296137,2.840938085797105
252.4001957902571,0.9165287812130165,0.9449427279210958,0.6783403948879385,1.5193810352689845,0.7116764589281256,221.41428580544496,1.4498138384027655,1.1844498664049585,2.652990560203737,0.8649524815124799,355.590204425048,2.4338269385877935,1.5378829595734242,3.444627831172002,-0.9033221427754168,-423.15891665146876,2.853202694668434
149.7163072174204,0.9708985933923445,0.9449427279210958,0.6783403948879385,1.5193810352689845,1.607509958413942,296.6580442660256,0.4160067877290991,2.02097790541775,4.526688260540096,0.9152110624202753,291.5282603318011,1.5145425198581042,1.5378829595734242,3.444627831172002,-0.9033221427754168,-251.00531387792054,2.1744817965501824
177.78861067470007,1.5538370858770225,0.9449427279210958,0.6783403948879385,1.5193810352689845,1.607509958413942,352.28241008467427,0.9309072365878273,0.9914717998958378,2.2207485520814396,-0.12099666344422577,-32.057306131528605,0.5190311378125516,1.080626745726226,2.4204422971627766,-0.7719835925266304,-213.53023255973744,2.1744817965501824
48.811110334360976,1.5538370858770225,0.9449427279210958,1.0518903003154354,2.356076957125183,1.5152948647843132,113.5299833774966,0.4540896310377138,0.9914717998958378,2.2207485520814396,0.01475993695991315,1.0736256614996789,0.5190311378125516,1.080626745726226,2.4204422971627766,-0.7719835925266304,-58.62382129902251,2.1744817965501824
26.404182898067113,1.7294364189952767,0.9449427279210958,0.5875562888675139,1.3160382150112155,0.17530190974853355,5.309989104618149,0.5577888718471619,2.3568805031529103,5.279059843513128,0.4801299824907356,29.127945411705195,0.5190311378125516,1.080626745726226,2.4204422971627766,-0.7719835925266304,-31.712331253266452,2.6983830488689797
8.142137155312343,1.7294364189952767,0.8741667661410636,0.5800435163340296,1.5181056240884527,-0.5803628647266009,-5.822225528946706,0.5577888718471619,0.6710462189265367,1.756280365676938,0.40065701099374185,4.32322743817619,1.4820295358198656,1.080626745726226,2.8282456299066157,-0.24524328780431381,-3.3581037212332463,2.6983830488689797
33.07696246284769,3.9377755767137668,0.6228473214838729,0.7040280559002821,3.6295832307869293,-0.5803628647266009,-36.57241304827627,1.359752190985543,1.2055592163104203,6.215203326869549,0.7769235433264698,64.06658471058762,0.4509638233967304,1.1069922691740046,5.707046108648023,-0.24524328780431381,-19.378869621158078,3.756653599644872
33.07696246284769,3.9377755767137668,0.6268101459369246,0.7040280559002821,3.583834342248829,0.3585549350046975,22.45201316148033,0.7563489479087192,1.3840748136134755,7.045592583560608,-0.7958863571845498,-69.87719185510197,2.4908665344469876,2.088759448001486,10.632769219504954,0.2636135422466842,28.432597113375635,1.0637179611025234
5.635783269720914,2.994294983960405,0.6268101459369246,0.4635764593072555,2.3598224832090717,-0.6718868651087397,-5.816879962967224,0.7563489479087192,0.5917371216624709,3.0122206074381346,-0.7489635833129485,-7.32585591588141,2.4908665344469876,2.088759448001486,10.632769219504954,-0.5897360396758662,-10.837650621933506,1.8545343633968252
2.8557692544742506,1.2584315777316284,0.6268101459369246,0.18810086375041554,0.9575219760998973,-0.2822026718768256,-0.7886033362525917,0.19835192769158946,0.20346296771397343,1.035722319527111,-0.029448098776914566,-0.08558586462264925,0.859600418269003,2.088759448001486,10.632769219504954,-0.3064307120171027,-2.8535047368151116,2.8182844918350294
2.818897553929054,0.4186044321890304,0.8647470549028323,0.18810086375041554,0.5030864291193196,-1.3707540391196824,-2.740691344141082,0.9761752131884964,0.2606565032996371,0.6971406024256115,-0.5411763973614442,-1.2737327887143073,1.2187491309055607,2.088759448001486,5.586505617425626,-0.09946971978844726,-0.6627356107974802,2.8182844918350294
3.877223054344425,0.35809444559308556,1.0369624822413326,0.12153867408458818,0.2260572303814752,-0.9967795766662151,-1.8375074925932617,1.0955290680402139,0.2606565032996371,0.4848110090112266,-1.005583754193882,-2.714721431204821,1.2187491309055607,2.088759448001486,3.885011740540537,-0.1851574775612973,-1.4150057670406826,2.8182844918350294
3.062219758296423,0.2609869251991025,1.199003326381947,0.3461621551647461,0.48158040299022026,-0.29535372453501596,-0.6276437508580498,0.5636530153177385,0.13103505437112972,0.18229582104335337,-0.8633775605877938,-1.1288220076450663,1.7978498557934672,1.320799180336902,1.8374943420174799,-0.38459258178634725,-1.5964314051985902,2.8182844918350294
3.062219758296423,0.2609869251991025,0.9216668905904821,0.2745308678674914,0.6463581150929258,0.48138461810100863,1.1851277469164383,1.368510034270313,0.2426350295324556,0.571262246618517,-0.8633775605877938,-1.998273242810401,1.053457980867556,1.320799180336902,3.109702290493991,-0.38459258178634725,-2.076809511891435,2.8182844918350294
1.0609202567046339,0.26203551652322304,0.9216668905904821,0.1507390757388892,0.35490152936997127,0.6147003021460097,0.3885081231562991,0.3655081130250297,0.1675055486717127,0.39437667446311664,-0.6856326926299097,-0.45680396996409994,1.053457980867556,0.8947962582691555,2.106716914493609,-0.5709057173891003,-0.8791241795002926,3.011491912712375
0.7181675980804294,0.3333401588853184,0.7450978971334798,0.1507390757388892,0.5430366835524573,-0.1634646650849252,-0.08650959525231251,0.3655081130250297,0.5806221973850025,2.0916882428750885,0.06580385264931166,0.06834796774505934,1.1508059574234062,1.2958226689835366,4.66819397152089,-0.5709057173891003,-0.8858590901191528,8.812164128327138
0.7016783501722209,0.33103742876150644,0.4646848623638839,0.3241528723248769,3.0023603758082573,-0.47904782414677055,-0.5824361985745461,0.3655081130250297,0.23123533088514003,2.141741919351723,0.88108911010001,0.9047768477580151,5.597906236192369,1.2958226689835366,12.002135312042073,0.021077183224835983,0.051236553320236376,5.324330722532452
0.9760168357224513,0.33103742876150644,1.468335235993259,0.3241528723248769,0.30069723063053094,-1.6050712233985467,-0.8590458255704918,0.4284255571931412,0.21766592818939612,0.20191566201387134,-0.5929466373429366,-0.26005063773085213,2.05620866153131,1.2958226689835366,1.2020571810978495,-1.109270348867819,-1.1870179244199235,3.1732418889618987
0.6433341750614621,1.3121892583191022,1.342804718296262,0.017878960906066527,0.01983108852688645,-0.6519876057656762,-0.059067588279444444,0.4024936100002317,0.2525184822477349,0.2800899002150993,-0.15284794854240008,-0.05204091946561138,2.5193560269709336,1.0871322925564055,1.2058316390639843,-1.7676778061927125,-1.2487717607093858,2.170029216160963
0.9677592503655054,1.2358670379356864,1.342804718296262,0.04683573719332893,0.051949531932123705,0.3688967777648684,0.08136975576688282,0.7173817080098723,0.4926467408338645,0.5464367409989402,-0.9559567881168072,-0.6838731278756519,0.934808599613165,3.842044893835777,4.2615414181076146,-1.7676778061927125,-3.531455981970749,1.111871154193834
0.7590492071389244,2.502657022799059,1.342804718296262,0.04683573719332893,0.051949531932123705,0.3688967777648684,0.06382129499316416,0.6108431055920202,0.6469724335462945,0.7176125990497754,-0.7968029617916732,-0.5123490062387941,0.934808599613165,2.5553313086147105,2.8343370547596165,-1.4818280783982176,-1.8936229044766613,0.6136630261775535
1.2010862443393509,1.6453400762153596,1.342804718296262,0.06975087114072946,0.0773666717929848,0.3688967777648684,0.1232412266174971,0.6108431055920202,1.3766557682641622,1.5269669504245122,-1.1854040502570535,-1.7593628551334466,0.6477538789535908,2.5553313086147105,2.8343370547596165,-1.1130047908173206,-2.2505930539541077,1.4079347140619982
1.611507255861618,1.1582003745197547,0.679844768061054,0.23341037612861731,1.0100215377531998,1.1306199952705394,1.8311091992092485,0.6108431055920202,1.3766557682641622,5.95711295736396,-1.1854040502570535,-4.662475789053525,0.9216684934541722,0.8225871759898942,3.5595279790456185,-1.1130047908173206,-3.38396221017463,0.7258426159312965
1.611507255861618,4.144646014117484,0.9352594916586368,0.7547305505612429,1.7256697128626075,1.1306199952705394,2.3934687718389376,0.29767713208937974,1.2550233948339165,2.869574922849447,-0.8800565062401284,-2.4024347854209833,0.5293569647189365,0.47454847091663044,1.08504144020289,-0.17481679852012522,-0.29345302483575175,1.1085451593320275
2.326239307345817,4.144646014117484,1.2655856236352814,0.3442295459456508,0.42982836715004114,1.0106203764478665,1.5413099330943012,0.4917941744079602,1.2550233948339165,1.5671073645192988,0.5248664528228197,1.528454733022006,0.5293569647189365,0.47454847091663044,0.5925534190486044,-0.27847873259126754,-0.4986664817869536,1.1085451593320275
0.8139005865905847,5.234644553145924,1.2655856236352814,0.41148882413471777,0.5138128654599611,0.846070436395535,0.4936059303271422,0.5988700634342448,0.37718778372616363,0.4709822590695259,0.02916306807237029,0.016289465990998443,1.3770396426555693,0.47454847091663044,0.5925534190486044,0.07189154062003722,0.045041506324469995,0.1861009709145331
0.9344472303577707,6.212708957473585,1.1231674627764774,0.41148882413471777,0.6523775575826467,0.7671700985529164,0.5790231860328802,0.5988700634342448,0.12064459194903923,0.19127086719006897,-0.7866033838710895,-0.32146596936725624,0.5691103667288385,0.38436647297989207,0.6093775727361781,-0.1664564408301012,-0.12142234575994992,0.2605366939076871
1.3295209639826226,1.8827143975895042,1.1231674627764774,0.376296912276846,0.5965840289180971,0.677660199151628,0.6958938207471305,0.4576051136840303,0.31423794310384995,0.4981952602308552,-0.7866033838710895,-0.7381604897823566,0.5691103667288385,0.38436647297989207,0.6093775727361781,0.8561210889431501,0.8885331148605482,0.10153788636689219
1.9943700728912663,1.765154473811754,0.7351244229017017,0.4336218323287907,1.6047945212142087,0.677660199151628,1.7120933648703516,0.4576051136840303,0.23460469059008401,0.8682503832617192,-0.918353369157545,-1.706624846139847,1.0532090908546239,0.20800682959564157,0.7698141459286935,-0.14374033608325543,-0.2515227937433146,0.076380318266934
0.7176891725762603,1.6658100092807564,0.6228324417929991,0.4336218323287907,2.2356235938401494,0.08550478843560405,0.09175424652866727,1.903317504006473,0.3261518723347318,1.6815408418222626,-0.918353369157545,-0.8546728889829263,0.6542313762461814,0.09173084118178591,0.4729365948375659,-0.14374033608325543,-0.07094413703369526,0.9062615102217377
1.00891552360355,1.2515420177780896,1.015907955954012,0.3706781339184999,0.7183204667673263,0.08550478843560405,0.07311464260734639,0.9671960561268165,0.6149454803417957,1.1916751598104733,0.05637539394405666,0.062090239829418935,1.6321681829514687,0.0625681159637692,0.12124793493680587,-0.14374033608325543,-0.050497588101149044,0.9062615102217377
1.2535898189636827,1.2515420177780896,1.015907955954012,1.1607527914883369,2.249370574328787,0.9138633949808297,1.718174396246058,0.9671960561268165,0.9003537166219487,1.7447549310307386,-0.25061921923391367,-0.4149894405886028,1.0648062078198075,0.2143334012870787,0.41534704847255394,-0.3937731133865966,-0.3181317980673831,1.3107102666427042
0.7395247107025179,1.2497708801683949,0.7983774178115649,1.1607527914883369,3.6421115541587152,0.8187095427026226,1.1554713045856817,1.5111248293473865,0.9003537166219487,2.8250534465085457,0.42462429506921967,0.5278017956225072,2.2889239465218734,0.2143334012870787,0.672517148348938,0.6038149436648036,0.36619147419568143,0.35577106615783893
3.4218507307134307,0.5317571592395174,0.7983774178115649,2.3261937584015544,7.298933267111007,1.413590040509456,13.06815370226289,1.5111248293473865,1.3493039230637676,4.2337312856779885,0.42462429506921967,2.9896995393565247,2.2889239465218734,0.2536015116255598,0.7957292908675703,1.9148659661057459,5.84496767017689,0.16558736472339666
3.4218507307134307,0.7958222517653549,0.6623420153313975,2.3261937584015544,10.605014616423217,1.413590040509456,15.752162126023459,3.7023253206686055,0.7345913391287164,3.348969474456456,0.772407205108139,4.836853921938591,0.6777475977971986,0.5439805154137257,2.4799831467934617,0.5962028553300962,3.2127688253272204,1.1101926751794315
2.706017667251967,0.49615728067251735,0.8918543308060094,1.314001194632813,3.3039837646440975,1.097973853485851,5.400594604720533,1.4382507281230386,0.7836095778827622,1.9703432034304544,-0.220564603982761,-0.837794271099748,0.6777475977971986,0.4776626692023792,1.2010565214609545,1.5935666693386334,4.725878893927012,1.1101926751794315
2.706017667251967,0.49615728067251735,1.0387951312183024,4.168833805110623,7.7265348295163605,0.9305898834616135,6.999730800682956,0.5837216929796878,0.7836095778827622,1.452345423036866,-0.024600593610635296,-0.08022526764644523,0.5092898481229297,0.28944390602738884,0.5364566028922173,1.5935666693386334,3.1584075042189497,0.6927110262278914
2.706017667251967,0.958218288990708,1.0387951312183024,1.8494357856981742,3.427752383804063,0.9305898834616135,4.662229794546963,0.5837216929796878,0.7836095778827622,1.452345423036866,-0.024600593610635296,-0.08022526764644523,0.2489268475421383,0.28944390602738884,0.5364566028922173,1.8716149972680145,3.709492025729529,0.7118758127148241
3.150011182659185,0.5468980446755987,0.9302511451568778,0.2667665932831407,0.6165396502681902,0.9305898834616135,2.301711716265742,1.0495291490010168,0.7222030773734627,1.6691251601876858,-1.2917009350596422,-5.256764500585727,2.007523574493235,1.9389864468648867,4.481303341292059,1.752601382165142,11.686848566247289,0.7118758127148241
3.150011182659185,0.5468980446755987,0.9302511451568778,0.09849042007406411,0.2276268868597808,1.0793980159307348,1.622204083875725,0.9012760806980727,2.1670039896534123,5.00828782745161,-1.2917009350596422,-9.105812627425959,2.007523574493235,0.6813011818572541,1.574594431858806,-0.09823495192187104,-0.38829561682859554,0.24270076221109416
2.0662116916322897,3.943134751407776,0.6991977883886307,0.27477593847879905,1.1241094625979167,0.7519299166967539,1.6472384866829335,0.8392041476500233,1.6802126185169888,6.873756538173377,1.0815018773959908,5.8586717394537455,2.007523574493235,0.33250376766041123,1.3602742425183874,-0.09823495192187104,-0.23673043104283492,0.12240171340072985
0.950686207480483,3.943134751407776,0.9605824979738224,0.45943133969295524,0.995820984358804,-0.1620360273060425,-0.15372320018379193,0.8804851390978581,2.553919718985406,5.535640755881165,1.4027210678642839,3.137563052243478,1.981293071689703,0.2858602232397194,0.619604246166252,-0.09823495192187104,-0.0735123697334044,0.4847279888987715
0.5782143615609573,2.864045200670069,1.0730877338936646,0.354271229801812,0.6153120487717375,-0.32955605401391286,-0.1494740762560806,1.1538464773608348,0.9572060871580476,1.6625127558777115,1.4027210678642839,1.0457856717689176,1.8781333137894878,0.5373389059175679,0.9332711077607565,-0.9288359166025585,-0.5188380106510577,0.37474197888873845
0.6570314722199982,2.5840930964548128,0.35131840572932194,0.354271229801812,5.740689717740586,-0.32955605401391286,-0.5187970574845641,0.3231352506232381,0.8870515277380733,14.37398003569408,1.4027210678642839,3.4941859373478956,0.747118493635555,0.21043255829547355,3.4098959273674914,0.32028407116598057,0.3885904072271016,4.512549648962295
2.697232422159355,7.1026633150689635,0.3295783025189033,0.603140038687297,11.10531623409089,-0.5052277720077234,-4.54120441992159,1.5784294753583856,0.44238492056792783,8.145412549285446,-1.4508388250712232,-11.168480316623258,1.955843664547925,0.25048878352713355,4.612124839557834,-0.3172973263320785,-1.8379568498515126,0.519182289151592
3.2791198785910094,7.1026633150689635,0.22779300834145538,0.603140038687297,23.24702458569978,-0.5052277720077234,-7.987818658020507,1.5784294753583856,0.44238492056792783,17.050987275141516,-0.49739268371240075,-6.7349046561248755,1.955843664547925,0.4468313114327367,17.222365978463568,-1.1645153096734844,-15.847067339148964,0.519182289151592
2.5611986598637686,1.34219079833023,0.322470295302234,0.3851601187354758,7.407844833942839,-0.057350280260584696,-0.3997833924333415,1.5784294753583856,0.18332458872430094,3.5259105017793835,-0.49739268371240075,-2.3920943260484595,1.955843664547925,0.07665004240037004,1.4742222597741184,0.08907405588337691,0.2769975807356888,0.7439556213109216
2.5611986598637686,1.0449256608075168,0.3595280131679902,0.31238978160237874,4.833495801128244,0.36404590583710456,2.0498877963545916,1.5784294753583856,0.18758363829113922,2.902414808159899,-0.49739268371240075,-2.1703131374547944,0.7764440282843436,0.17369417329790765,2.687508064474684,-0.23990283581898902,-1.0072877111901333,0.9698931881975311
4.725140631527304,1.7782380001333065,0.40574869526703405,1.6578145560630677,20.13963893647614,-0.13957244482614622,-2.9596493803731745,0.8079624428661777,0.21666736527530853,2.632141508230489,1.42786273287146,10.946009339084032,0.13041001575886385,0.4034254261026551,4.90093562623564,-0.23990283581898902,-2.509513980004164,1.3432537808075442
2.0157267867036346,1.7782380001333065,0.9823765872893365,3.873528666028673,8.027508294419752,-0.4530626021913348,-2.58749943519224,0.8079624428661777,0.05019677318144907,0.10402788976396504,1.7819394160881077,1.1585092239428225,0.3397895125353516,2.1568181715260057,4.4697941474720695,0.639065312230672,2.7234579460087893,1.0408351118954553
2.0157267867036346,2.024154531069822,0.8211309838829755,1.9313978256471762,5.728974039920624,-1.9098351897957198,-9.214377176808174,0.7534746979145286,0.17274590103505963,0.5124044199443675,1.7819394160881077,2.5711714387660907,1.1404376334631814,2.1568181715260057,6.397623083872514,0.5077497849197086,2.5887537454865424,1.0408351118954553
2.0157267867036346,1.0651211219689638,0.8211309838829755,1.3469467824392871,3.995356651684947,-1.9098351897957198,-7.6949417214474,0.36694303108725,0.047741862748906606,0.14161344114296628,1.5732420022540408,1.1933818757686532,1.1404376334631814,0.5430577458665397,1.6108352649743318,0.5672359819231784,1.4511790615131481,0.876776277256922
1.2826879892303682,0.4807437957799344,0.8211309838829755,1.6863116786442702,5.001991667320441,-1.9098351897957198,-5.478837268577194,0.36694303108725,0.047741862748906606,0.14161344114296628,1.3027407820688002,0.6288271364921264,2.4350491789686277,1.366947248788611,4.05468267503448,0.5672359819231784,1.465086396255214,1.6626369392246538
1.2826879892303682,0.3316847414072614,0.6571710261606774,0.7365790695412554,3.4110850985333605,-1.9098351897957198,-4.524422947399861,0.36694303108725,0.08218456629917144,0.3805953237405005,1.3027407820688002,1.0308862831010053,2.4350491789686277,1.5802990222889546,7.3183377984307105,0.15666198442269197,0.5436143061102032,1.6626369392246538
0.6559335771203219,0.7303199514668922,0.6404159963477621,0.336863946346011,1.6427072932533755,-1.9098351897957198,-1.6055944075312223,0.36694303108725,0.07626810183863793,0.371919193169558,-0.23851387408184443,-0.09541085879742157,2.3237147516227217,1.5802990222889546,7.706282484646741,0.5330924868526713,0.9706996813992896,0.7903514085873115
0.6807674443569951,0.7303199514668922,0.5821317967047591,0.10562558274304987,0.6233851757989965,1.0140013962315821,0.54502392500224,0.38878642869780944,0.10779508153892917,0.6361892082421114,-0.37161189347004,-0.20178158673914984,2.3237147516227217,0.9747954890277801,5.7530859618915215,0.4794779379154207,0.7829208145559756,0.7903514085873115
0.354742589725074,0.7734652848212151,0.5674302168123544,0.12743046410332198,0.7915499798923978,2.0120584740238447,0.6350283309815632,1.5473951035878533,0.10779508153892917,0.6695823893057172,0.3077873586346118,0.08934415015860019,3.470351786953207,1.8264689119358073,11.34533598923924,-0.33292612505257724,-0.39780468097338406,1.5387769459800271
0.5777660439331876,0.7734652848212151,1.0458852622346275,0.16731548327774198,0.30591307619461633,2.0120584740238447,0.6429713663107608,1.0495345205872866,0.10779508153892917,0.19708830495671237,0.2148115467191377,0.05509853651337055,3.470351786953207,1.8340563854369887,3.3533168586200195,-0.014009906697296681,-0.014822605610700215,2.729705179873054
0.5777660439331876,1.6321698923888506,1.4867105451557687,2.3411098078297634,2.118355946998535,1.683631426352277,1.4157889094860299,0.49494582542441257,0.19082147511693456,0.17266503488092055,0.2148115467191377,0.05157174620546646,1.6009878639984867,1.8340563854369887,1.6595480648653103,1.1637657860215227,0.8661887061979827,3.2892086728442282
0.31861851411412956,0.6192991518549695,1.4867105451557687,2.8820707609246203,2.607845097934515,1.683631426352277,0.8662812753917697,0.49494582542441257,0.19082147511693456,0.17266503488092055,0.2148115467191377,0.028440081099949294,1.6009878639984867,1.8340563854369887,1.6595480648653103,1.1637657860215227,0.477673898300531,3.2892086728442282
0.6639223387758283,0.5238773782883239,1.4867105451557687,0.1853242273200356,0.16769084378414295,1.5940679529717805,0.43338990128083765,0.49494582542441257,0.19082147511693456,0.17266503488092055,-0.031810403042055235,-0.00877583912874982,1.099835799539952,1.8340563854369887,1.6595480648653103,1.607338663296134,1.3747369018529205,1.6943339598159692
0.6716335844270684,0.609461558382693,1.580961296095394,0.25088838815895453,0.20075579066141308,1.5940679529717805,0.4797039293592768,0.49494582542441257,0.11493053977123145,0.09196508276938782,-0.5480875444468296,-0.11163331465872957,1.94006477005479,1.8340563854369887,1.467574655319394,1.607338663296134,1.3077956770338965,2.197664283888298
0.28498125811169883,0.4315120333747255,0.9054915212425815,0.19536962511944964,0.4765607413666833,1.5940679529717805,0.31360448248913625,0.8886840532108211,0.24806342202382115,0.6050955374119708,-0.5480875444468296,-0.12150053970307975,1.696973127305987,1.8340563854369887,4.473772574512339,1.58997105281798,0.9583904300063042,0.9898709246799714
0.28498125811169883,0.417458935296496,0.6676294690833332,0.2295524370742092,1.0300087338255466,1.5940679529717805,0.46104528388120114,1.5812567456685735,0.24806342202382115,1.1130680836317512,-0.1098127666850584,-0.03301642132005651,0.9270828206051951,1.394030036082624,6.255054969928557,1.58997105281798,1.1332378783519266,1.2885489900867464
0.28498125811169883,0.23277895798743858,0.5602668405917166,0.5701574860913231,3.632745618137276,1.6872997506924607,0.9164864228727934,6.1213913574716345,0.24806342202382115,1.5805305224613593,-0.1098127666850584,-0.039343281165204955,0.4828493656827502,0.4531615576540829,2.8873086875727774,1.58997105281798,0.7699315667285898,0.5454644339659253
0.28498125811169883,0.26589840567359707,0.6463227626734672,0.5098507775931205,2.4410359679674363,0.7716512118448561,0.34357727536502763,6.554569756230524,0.6966546616567217,3.3354054972401177,1.5145493499556886,0.7882682756172169,0.5837431619979625,1.916672763866241,9.176542159076197,1.0999193442997166,0.9495474494753895,0.5454644339659253
0.36835997343457827,0.40937847173755954,0.7184836369052622,0.1811107632178104,0.7016822537110505,0.7716512118448561,0.23810237204311435,6.554569756230524,0.4499519200452836,1.7432607080303049,1.5145493499556886,0.7366090200863616,0.5837431619979625,1.203184065853793,4.661528072421545,-0.21747068841315653,-0.17295666966199516,0.5454644339659253
0.36835997343457827,0.40937847173755954,0.8753263914713143,0.30262602268487837,0.7899438459835857,0.7716512118448561,0.2526338762094614,6.554569756230524,0.41354192827192665,1.0794673187598192,0.16600842187973575,0.06353416159301994,1.0928870619430733,1.203184065853793,3.1406679438020615,-1.5465102121500849,-1.0095695333478714,0.7354448671000375
0.36835997343457827,1.1634188099411453,0.50997219087613,0.442049110354996,3.3994411544436707,0.5859123765322131,0.3979320037874553,2.354847560179642,0.37739852814983643,2.902265965853272,1.2528894126359185,0.7862375414777479,1.2575198747434446,0.9706966556639697,7.4648406307049155,-0.30928107492275525,-0.31126912812687,0.7354448671000375
0.3327956421222202,1.1634188099411453,0.50997219087613,0.3545232827264942,2.726351007789767,0.379724188306366,0.2086588346703375,2.354847560179642,0.17277862638574748,1.3287002719500414,0.48712935023151815,0.18686821615593432,0.42071970657596636,0.9706966556639697,7.4648406307049155,-0.30928107492275525,-0.28121679020102064,1.4534166845190066
2.82155942362208,1.023697405984455,0.6307776943339651,0.7243534843433678,3.641060494020018,-0.15600981386658153,-0.839953157788157,2.6108061434046013,0.3323571620868414,1.6706381054769148,0.2347142220973824,0.8559921824249213,0.6462588262475037,0.6960894829786757,3.498987678749173,-0.30928107492275525,-1.63235176770712,2.322822683821802
4.549555959380426,0.5053658239435614,0.6037774535425338,0.6515910386841367,3.5747964308694646,0.8019129475793428,6.897979424840497,1.1544721135496578,1.2906548035165601,7.080865007617324,0.2347142220973824,2.841525608538752,1.3102194631437993,0.6960894829786757,3.8189263688204274,0.3943761823406221,3.506310177593841,2.322822683821802
4.213240466222238,0.8582502958708006,0.6037774535425338,0.6515910386841367,3.5747964308694646,0.29405273309438196,2.34243271505985,1.678478869906415,2.158827296241135,11.8438831341992,1.6002338527790088,23.203139821912842,0.5652543157807379,0.6960894829786757,3.8189263688204274,-0.299977517447092,-2.469878535455944,2.322822683821802
1.1753947981803112,0.9378642095399505,0.5974813108498188,0.5967318257756002,3.34318605218929,0.29405273309438196,0.6319595160476073,3.427845747983213,2.158827296241135,12.094815449968896,0.8855901920921296,3.6200634737754847,0.7949117568486063,1.6929830163271269,9.484925995729643,-0.299977517447092,-1.0858990280674412,2.322822683821802
0.73525121744281,1.0039486516665277,0.5974813108498188,0.5967318257756002,3.34318605218929,0.29405273309438196,0.3953131358654293,3.427845747983213,2.158827296241135,12.094815449968896,0.8855901920921296,2.2644783526644146,0.7949117568486063,1.6929830163271269,9.484925995729643,-0.299977517447092,-0.6792684327364792,1.7060289656817378
1.4145635157812078,3.0225130811129564,0.39104944458178004,0.9368472970925038,12.252803170257682,-0.40959625430173807,-2.0281317204774005,3.169631352174829,2.14114247170857,28.00349357546762,1.3443507835451456,10.063317264474751,0.5476064648819056,1.2397417260109278,16.214287427535314,-0.299977517447092,-1.7086774699332488,0.5839106552027847
0.8476753553354142,3.0225130811129564,0.39104944458178004,0.6671685714654025,8.725739203088514,-1.4017112601903667,-3.509855470630913,3.169631352174829,1.942863757303661,25.4102533878779,0.4313347014028571,1.8430981108253301,0.8633647498475684,1.2397417260109278,16.214287427535314,0.9113829459797973,3.1108522759542723,2.7267393495523375
4.028679982092103,1.0827831475509573,0.6612172034763641,0.6671685714654025,3.051949100959207,-1.4017112601903667,-9.86529271722279,4.792483270123089,0.9275985799076362,4.2432808934360216,1.0974626869847777,9.107589022169787,0.9694079496435855,0.283973372045877,1.299030431856474,0.3730836449469942,1.7130839426197242,1.6987620395323897
1.6621125634251754,0.5939148358927772,0.6609117345796255,0.23733021813944769,1.086666073484367,-1.4017112601903667,-2.4286618366019623,5.973231929718153,0.795245150545035,3.6411963549138147,1.0974626869847777,3.480745299297376,1.306591514476478,0.27527308791920263,1.2603954436569793,0.5926349499856848,1.1058624315159962,0.7300065124639158
0.9602792043317777,0.2237026551119414,1.294822642370664,0.19905788496114615,0.23745909618232527,-1.4017112601903667,-0.6559194228936821,2.8263615821211157,0.4850736675981081,0.578651555110089,1.0974626869847777,0.8016704022354316,4.763493862503482,0.09831157488594068,0.11727733227565006,0.2783558783114522,0.09153874634760206,0.9974369376535249
0.9602792043317777,0.3310591183992514,1.294822642370664,0.19905788496114615,0.23745909618232527,-0.821164187086587,-0.3842571255521226,0.6164403660650879,0.40614024166462154,0.48449070343421224,0.7595073876092606,0.5076591876965405,3.7106029814239077,0.09175214100445132,0.10945248654662902,0.00582563565129901,0.0018507751491412703,0.4998344002044982
2.4271481005016287,0.3310591183992514,1.294822642370664,0.5958752781232473,0.7108284356992762,-1.2263003317182104,-2.509432505281709,0.5263454126110476,0.40614024166462154,0.48449070343421224,0.7595073876092606,1.2831310181055882,3.7106029814239077,0.1914140777931482,0.22834068551570405,-0.18911298661337647,-0.2193356776235206,0.14316080455449254
2.2422032967213146,0.3310591183992514,1.38731123032409,0.11696850804687452,0.1215489306127431,-0.984425310420858,-0.7695437745458377,0.5293249021111598,0.2957078907906466,0.30728764946671766,-0.7747059809451169,-0.9629072315765815,3.7106029814239077,0.2532254989230244,0.2631416704540448,-0.16471434569389684,-0.18945288619449588,0.42233378795824084
2.573568516031987,0.3310591183992514,1.172163917904288,0.13905476544288572,0.2024133605688278,-0.5438152413079071,-0.6296608594689176,0.5293249021111598,0.30242997811453715,0.4402284812890058,-0.17108566820750815,-0.2921382568459042,3.7106029814239077,0.2532254989230244,0.3686045857937895,-0.16471434569389684,-0.2573638397119851,0.4095673549079715
2.573568516031987,1.560027628184436,1.172163917904288,0.24492553549615903,0.3565228460239992,0.4500566526932309,0.6915866528413576,0.5695569662088159,1.0576976331203545,1.5396245623349067,-0.17108566820750815,-0.5463321784324315,1.8279677451064917,0.2055190707845896,0.2991613099054701,-0.16471434569389684,-0.2318568191389888,1.026062774605123
2.573568516031987,0.5779545077332063,0.623563756037898,0.24492553549615903,1.2598021152087384,0.4500566526932309,1.3000321341889693,0.9912770699993027,1.0019903666323706,5.153850458038646,-0.5122900520520912,-2.993074756090246,2.200652962303685,0.505068637980656,2.5978775025015937,-1.4951372766218334,-6.201919699699394,1.127536914537315
2.0712332181797466,3.195756742389,0.623563756037898,0.24492553549615903,1.2598021152087384,0.5546136950968145,1.2893498042617912,3.2391989968961794,0.24110787500556766,1.2401655479089957,-0.3962020070044633,-0.9138722814761034,2.200652962303685,0.505068637980656,2.5978775025015937,-1.7702125223139868,-5.909677014000045,1.127536914537315
2.3328642988492136,3.195756742389,0.6456677811757905,1.1654674786111614,5.591288785156017,0.5546136950968145,3.059398350638801,3.350877681538221,0.43451416986781477,2.084566278819221,-0.7986534235849079,-2.6900211130275276,1.6251095672479106,1.1325968119720145,5.433592930820314,-1.7702125223139868,-9.626278785935103,0.3354659141540112
2.3328642988492136,0.9394725181837587,1.0746522764848383,1.1654674786111614,2.0183395435729294,0.5546136950968145,1.8381340532317725,1.5876159658550695,1.0466501072494065,1.8125733566274167,-0.7986534235849079,-2.508393291167389,1.6251095672479106,1.1325968119720145,1.9614146035647764,1.0455952443062493,3.416156658673724,0.26008838710075005
2.3328642988492136,0.8457576407603336,1.0746522764848383,0.8040982120440993,1.3925255299434773,0.5546136950968145,1.5267982355185494,0.4812996436891273,1.0466501072494065,1.8125733566274167,0.23318064051149512,0.7323686808524213,0.7789406151527094,1.1325968119720145,1.9614146035647764,1.0455952443062493,3.416156658673724,0.3971501288731925
2.3328642988492136,1.178433170385508,0.6400301625893831,1.4012175835833856,6.841237875117545,0.2971867240555922,1.813369168009667,0.424958561596256,3.1771346927153763,15.511890836089346,0.060381096629681,0.554782614768423,0.3010116034671656,1.1325968119720145,5.529736636251132,1.0455952443062493,5.735949248422896,0.2571422249305374
2.3328642988492136,1.178433170385508,0.6400301625893831,3.7863973437587983,18.486525734370826,0.5200006861732165,5.215801362599736,0.424958561596256,2.3264366558295015,11.35848332934901,-0.34901703259180433,-2.7440768574308803,0.35567038526192896,0.18650808785221581,0.9105981894455714,0.9990295209498337,2.223981599917909,0.29076271310446233
2.8608485927407896,1.178433170385508,0.4477717670670905,3.7863973437587983,37.76963331951068,0.5200006861732165,9.14260959089394,0.424958561596256,0.6948795872117247,6.93148257497607,-0.0029642492849669133,-0.022326603796233534,0.26330096036270856,0.3169950072582473,3.1620519721720783,1.4403654994756245,7.327436881177117,0.5693343041325437
1.6922741205027922,1.3748826621594354,0.5658634444841166,1.8860123800427975,11.780161844248912,0.5200006861732165,3.020301221062247,0.424958561596256,2.1657425090561127,13.527375291710324,-0.6147891644368209,-3.8265173507340053,0.18008661410906554,0.15434956971543154,0.9640779302820397,1.4403654994756245,2.3933129669577724,0.5693343041325437
1.6922741205027922,0.5294679593445547,0.6782614868290575,3.3362212355456795,14.504091233721606,-0.519571746072679,-3.3485863365560418,0.6706730959280183,2.1657425090561127,9.415480785692308,-0.2911098808359107,-1.511641861287233,0.09026509551896186,0.15434956971543154,0.6710287127202839,1.4403654994756245,1.9967053201600222,1.69846575144856
1.5488170325816413,1.545544651529386,0.6782614868290575,2.641955153168084,11.485796615848008,-0.519571746072679,-2.7272578677672166,0.7014764893820906,0.9794833672028795,4.258265599553309,-0.7442585733888146,-2.3787036291907624,0.1303322682464802,0.14616032747442556,0.6354263026243689,0.6727874687059863,0.8306357208433996,1.69846575144856
0.8910388475613655,0.44552265648026246,0.48292557638698064,2.641955153168084,22.656614918072545,0.2399924706751465,1.0178687173870102,1.0700165077157298,0.7361840265350301,6.3132933873004,-0.7442585733888146,-1.6662818777386985,0.1303322682464802,0.03749576543651567,0.32155243722998283,0.07415454767856178,0.03746798449753263,0.8192020577501877
1.6997701459298813,0.34940894140341516,0.2416961422256079,0.8861537748070999,30.338887414336057,1.0892947820399428,10.198479931620358,1.0700165077157298,0.43285607726668,14.81951797549318,-0.7512701021409774,-4.915903419941996,0.16059247131232937,0.22799921413160137,7.805916630667758,0.314667201702233,1.4943544786405527,1.123261455432419
4.3293030968758135,0.5688595731175096,0.15457275855582273,0.3175836273577057,26.58411367593954,1.0892947820399428,24.315013107589227,0.4336038524475896,0.43285607726668,36.23327581184733,-0.7512701021409774,-19.577980781244825,0.10003496751344464,0.13743631058796935,11.50444226067456,0.314667201702233,4.620641288219777,1.123261455432419
0.5672805058095617,0.4141956499275661,0.11703934907339425,0.26141747705892326,38.16812440816285,1.0892947820399428,3.817628748467005,0.454000115487294,0.7894118380626894,115.25766977569707,-0.9665295615216594,-5.886374900370422,0.10003496751344464,0.15506293807940297,22.639884594922815,0.836687548592868,2.258386504519566,2.3086845474280477
2.314741405219114,0.5153924814653378,0.1648151854586078,0.5774257062438796,42.51397011299906,0.22606919781714452,3.4120053614382337,0.5090098360491931,0.5280873157418301,38.881345454024,-0.9665295615216594,-13.950451520332532,0.18353466592804296,0.3494532796797529,25.7291044155899,0.836687548592868,9.823768528310726,3.893804098514097
1.0428157859158853,0.5153924814653378,0.1648151854586078,0.46968480207395635,34.58135899039516,0.22606919781714452,1.3863408431561262,0.8405245903631567,0.5280873157418301,38.881345454024,-1.1475292807567534,-7.4617726956103025,0.5461569757276266,0.16497754330097758,12.146758049340159,0.26079470058361853,0.9478433106344393,3.893804098514097
3.1604380134886725,0.5153924814653378,0.20303661185095573,0.6026194902186363,29.23643764246602,0.22606919781714452,3.863232955706422,0.3024533047526432,0.5280873157418301,25.620465529353716,-1.1475292807567534,-18.35712060145309,0.5464070753596089,0.26143406486373105,12.683626830973868,0.26079470058361853,2.93540322475176,3.886375681149423
3.2774831449786976,0.5153924814653378,0.08505710334578444,1.3638954360424513,377.042142573786,1.0955047262958895,69.71876250043476,0.8574411095304515,0.5280873157418301,145.98712462231725,-1.1475292807567534,-45.44242721338086,0.22020262415466632,0.5613854577702699,155.19223117400338,0.04449745842000691,1.816814809529799,3.0872983709085338
7.0248411622783715,0.7937860392805706,0.08726150060447747,1.3638954360424513,358.2331051643786,1.567932403361312,208.471505709406,2.0335460779546173,0.716837023718023,188.2803814113694,-1.159383620746434,-111.75480476523703,0.2956554943602262,0.8488442382465358,222.95265401744732,-0.8725712779684587,-91.52584467512737,3.0872983709085338
2.434714115497203,0.7937860392805706,0.20369322190402045,0.13560389465345304,6.536556257803979,1.716962075582614,10.687673496177796,0.8429206182252152,0.12712071400419714,6.127638890786724,-0.6231061686855737,-3.7554034966160463,0.30193771435690253,0.869727330160749,41.92373410125081,-0.33320839054684137,-5.252836479041952,3.0872983709085338
1.271557526020316,0.633779667706856,0.13321816017062596,0.115079698830861,12.968861413564595,1.2649261250628472,5.792314038532921,0.8429206182252152,0.15923282709499653,17.94468084349307,-1.2625894358427585,-6.8008944277129295,0.30193771435690253,0.8093564448031478,91.21010633034896,-1.3194290689824064,-16.02298926446161,2.085680789139143
1.9028590546653117,0.967587706966802,0.13321816017062596,0.12247439317995563,13.80220358584494,1.2649261250628472,8.94223333592924,0.393130253530581,0.15923282709499653,17.94468084349307,-0.8084434383086173,-6.516646017815005,0.5821410784153742,0.8093564448031478,91.21010633034896,-1.1728398421603907,-21.31409086916241,4.43169686920801
1.1986834193310199,0.4811127426241996,0.25230498026729875,0.12247439317995563,3.8478988365256295,1.2649261250628472,2.974277482651832,0.393130253530581,0.16261348687270602,5.108988341926055,-0.8084434383086173,-2.1903907376897926,1.1777809156506,0.2714228429060188,8.527559225298354,-1.0704117394772361,-3.7468623080358525,6.79955104838109
1.0883688908600824,0.3873078681708331,0.09557819579299173,0.12247439317995563,26.813754923889068,1.2649261250628472,7.128860229388491,0.47980278358065614,0.13727582812317685,30.054285771070074,-1.3433735843798567,-8.015417155362533,2.042840591325036,0.2714228429060188,59.423569298552266,-1.0704117394772361,-8.98062062082266,6.230739145667073
1.0883688908600824,0.17758649683555328,0.10443460655293309,0.13004430412516438,23.846929122425472,0.8732851434929993,4.641393846037128,0.47980278358065614,0.13727582812317685,25.173012885861535,-0.8630181301976815,-4.7126331971042585,1.486166681217851,0.6939938961729952,127.26142344154283,-0.6275280072333601,-7.704733503192277,7.041348485560222
0.44285906537954284,0.4707065091679265,0.10443460655293309,0.13004430412516438,23.846929122425472,0.48156774147579845,1.0414517569710704,0.3063887720211189,0.3596381059796869,65.94878938155179,-0.17684341696996042,-0.6360010765015647,2.972878204079239,0.5738288772414049,105.2261124086312,-0.6275280072333601,-2.8507584190672204,4.842793479685983
0.44285906537954284,0.4707065091679265,0.13280893712819852,0.10431945272042363,11.82880012851153,0.3379242609486462,0.5147012922226305,0.8918742424299966,0.879656063648967,99.74434764935941,-0.4629921063140302,-2.0477798864145633,1.4363861911624232,1.4122424638585231,160.1344083231431,-0.4076060907967111,-2.284275774117501,4.842793479685983
0.3783453186028154,2.0404755329479327,0.18627534307032365,0.1421397952346974,8.19284874905367,1.5536467306026822,1.682511761333863,2.2906300735161205,1.004499925054599,57.89874637725058,-0.4629921063140302,-1.3328968192212558,3.4017113816850095,0.9780874482262153,56.37634775985052,-0.4076060907967111,-1.1579171820604461,4.62562790633476
0.602230943123558,2.4018619641114305,0.1766730523749031,0.33738526316059825,21.617998369330337,0.964411320413693,2.7004311286647646,2.2906300735161205,0.6180557487949648,39.601991042640115,-1.4504761898016154,-5.497081562548641,1.085695816724819,0.9780874482262153,62.67106234202035,-0.8146395233552131,-3.883846625010562,4.196155045711608
1.7645993943678338,2.4018619641114305,0.10902782258694295,0.33738526316059825,56.76510257075913,0.964411320413693,12.821804150028388,0.8836425928861502,0.26566604397660615,44.69833713134465,-1.2756333168381555,-15.049347234208573,1.403524607845326,0.8456944909616799,142.28817842620015,-0.9651188128785457,-20.314742273431268,1.863097823232795
0.8691414760549288,2.802921011526473,0.07587626067108744,0.33738526316059825,117.20449414514253,0.2422806279927756,2.279718892575789,0.8343172295962787,0.6526246402569393,226.71571399240415,-0.8750874689099325,-11.452037237462736,1.055440604048261,0.8456944909616799,293.7863796597302,-1.3272766930125062,-19.772781728967374,2.133077202143835
0.61076209760702,0.7034634589590378,0.07587626067108744,0.33738526316059825,117.20449414514253,1.0246738422861257,6.77532075280037,1.0985426301721521,0.34948387286996513,121.40743833292962,-1.026661608110696,-6.909109055241037,0.3986443303716818,3.074542423394004,1068.0673663275716,-0.8981002657180229,-17.926529733371662,1.2888043148884718
0.43090711681635635,1.4686943813084383,0.08835661325815315,0.33738526316059825,86.4326807073859,0.715654094225429,2.866987626052573,0.7830666221069447,0.26394040485520004,67.61728868924679,-1.145995807436123,-4.060650131149726,0.3986443303716818,0.8383157003217729,214.76300588567744,-0.3662348134391653,-2.312719854540723,0.5584775857086842
0.43090711681635635,1.2112964145440202,0.09213280869496522,0.108338290645214,25.526034553457706,-0.02543635482133577,-0.05537710114977685,0.7830666221069447,0.26394040485520004,62.18809484867098,-1.5379876919191466,-5.22624966823302,0.3986443303716818,0.7275774613203392,171.42754705997817,-0.3662348134391653,-2.066253476683059,1.1604740707846195
0.43090711681635635,1.9063021444440822,0.09213280869496522,0.2977939177610326,70.16446160730955,-0.02543635482133577,-0.09181151206472411,0.4368346028625391,0.6017726381613552,141.78615024798475,-1.5379876919191466,-7.891388638783331,0.5641428724901327,0.949624830300667,223.7450497576877,-1.2694870776153517,-8.182550025792976,1.1604740707846195
0.29076988668092485,0.6511607070249341,0.12894641753977332,0.11407439204741268,13.721437029913444,-0.02543635482133577,-0.02739706878797573,0.34365529577150916,0.6017726381613552,72.38421535855298,-1.7756675552153312,-4.392714949588905,0.6020314052569975,0.09201472646865633,11.06799039121431,-0.38426828740710683,-0.37172208011352526,0.6673251198368945
0.692516154898059,0.5606485490703375,0.15909332662783862,0.10371914950803042,8.195680444337063,-0.011232557999047332,-0.022269019062840727,0.34365529577150916,0.6017726381613552,47.55087431693882,-1.946690738521171,-9.296214265177937,0.6020314052569975,0.01823271593667094,1.4407128689168163,1.3195516670309257,1.0968444104475805,0.48617432641186975
0.692516154898059,0.5606485490703375,0.37925439399992766,0.10371914950803042,1.4422073356559286,0.35346630395126016,0.29396239550765474,0.6102642618534195,0.46773103816938444,6.503766542258634,-1.9281484841678929,-3.405280222492944,2.1948764010823294,0.017365012357425012,0.24145925149236963,0.6472526090748977,0.22025493288425493,1.472619058804878
0.898911155644341,0.4894194200904443,0.4888551050922482,0.10371914950803042,0.8680178034638563,1.4255688031255214,1.1939036209018599,1.7250501241940517,0.5156102002713358,4.315103195562086,-2.887639434385896,-5.392067587963455,2.1948764010823294,0.017365012357425012,0.14532648941985152,1.222203588402364,0.41882511453429,1.472619058804878
0.8879175444866504,0.4894194200904443,0.33789824786236344,0.10068441314453719,1.7636823109991504,0.8081566127896965,0.9529680664252534,1.1479408797050497,0.5156102002713358,9.03191031449761,-2.887639434385896,-7.705581347149776,2.1948764010823294,0.017365012357425012,0.3041817910892183,1.1511282569313037,0.563719370776656,0.7894916497709702
1.5890783674120974,0.4894194200904443,0.28458864322591554,0.09459954363023161,2.33605953458497,-0.7546389868610045,-1.8328482415085343,1.1479408797050497,0.5156102002713358,12.732578596586311,-1.764998905072173,-10.008014794196638,2.1948764010823294,0.017365012357425012,0.4288149934878202,0.44238032406567784,0.46033722879885686,0.6417574407329552
1.5890783674120974,0.4894194200904443,0.5926565507229998,0.09459954363023161,0.5386576831149656,-0.20168801815650295,-0.23522411508800734,1.0689358201500692,0.13583192605646457,0.7734383039796849,-1.0008601126058692,-1.3987224171537578,0.7981996255604978,0.015651779174879213,0.08912253467016926,-0.2415205892697312,-0.11457589011580314,0.6277881332936214
0.8010848580421286,0.4894194200904443,0.5926565507229998,0.09459954363023161,0.5386576831149656,-0.7068965505180277,-0.4156146184735281,1.3357540896563664,0.030234563701606543,0.17215812474907757,-0.02300816816254192,-0.007647585259895073,0.6151366286381067,0.049460220577841316,0.28163061681304985,1.248984145132673,0.53097659896936,0.9378232237522057
0.5483493178146246,0.6009319227741884,1.1662780806512594,0.09459954363023161,0.13909605409988746,0.557696345045639,0.11405452254488797,1.3357540896563664,0.013320944385899714,0.019586678009835153,-0.02300816816254192,-0.0017657114869808815,0.6602731382831468,0.027606372403443127,0.04059150099434326,1.0464859517432736,0.11561342459493182,1.0131734121920983
0.5483493178146246,1.0899066676335936,0.5067620153104458,0.17694881192408965,1.3780644758822909,0.4725126003156046,0.30416236084054366,1.3357540896563664,0.013320944385899714,0.10374254590241141,-0.02300816816254192,-0.004063664090447656,0.41461340373957756,0.02366520444173108,0.18430289076838732,1.0464859517432736,0.24635239213626478,1.0131734121920983
0.6992745083537353,0.39287366095835546,0.3226305292254584,0.4059073378854995,7.799126724397765,-1.1703960229097055,-2.2856173413794147,1.3357540896563664,0.019515237312406983,0.37496688197120404,1.19685865754015,0.5124919144198254,0.9776242698944391,0.130153476181058,2.500776309304607,1.0464859517432736,1.157226905588222,1.0018992952227275
1.2651018404471677,0.5170403880613714,0.3340775110947358,0.4059073378854995,7.273817747293006,-1.1703960229097055,-3.9933698297859426,1.10756808606752,0.07420610528726407,1.3297657746415357,1.19685865754015,1.7460469951641142,0.9776242698944391,0.18691799217657104,3.3495511952677313,-0.07259737668617405,-0.16808916711691688,0.6091185368824392
1.2651018404471677,1.0853088637732553,0.2325192644287775,0.27669576514129607,10.235631145629156,-1.345018089780887,-5.443909871871551,0.28430603217612,0.1928174604249988,7.13277415843138,1.114931966843366,3.767064807720685,0.9776242698944391,0.2817261971140227,10.421718728681668,0.07995533002585861,0.3265446566628807,0.6091185368824392
0.9285535068419396,0.8481097793174929,0.1281413831463785,0.9139225863601173,111.31676873447252,-1.493858684339118,-14.63513545255262,0.5701168800132581,0.1608106179819261,19.586908824778835,0.7722809119873604,3.173694989154348,0.7329029286213674,0.2817261971140227,34.31455836482284,-0.9528217583007348,-5.182720727876509,0.9046560982129263
0.9285535068419396,0.8481097793174929,0.08619972203002298,0.13571934251358259,36.53086972744006,-1.493858684339118,-8.383907086934066,0.6245869518576878,0.1608106179819261,43.284557878689675,0.7722809119873604,4.717899965539605,0.7329029286213674,0.6372361496096183,171.52154096734418,-0.9528217583007348,-11.587184852366793,0.9046560982129263
1.0710379756998953,0.4873406050619454,0.13769105096741366,0.38462794440860537,40.57508141246827,-1.608989432409817,-10.977103562160906,0.6024556189005325,0.23157746963334996,24.429516420378814,0.7722809119873604,4.088251509181293,1.8510562418323062,0.14665641272622598,15.471044089572482,-0.85776408250949,-3.61353727210504,0.7725199463512793
1.1054286549303196,0.4156956540680111,0.13769105096741366,0.40862131098437693,43.10618404378646,-1.608989432409817,-11.677602804623024,0.7546839362183538,0.07633490443486524,8.05270393657946,0.7722809119873604,2.422573069400489,0.876535764299125,0.14665641272622598,15.471044089572482,-0.04850613291187389,-0.21090514893182544,1.7184594419158081
0.6708076679277215,0.8430215130808878,0.13769105096741366,0.24673888967746999,26.0289214078783,-1.608989432409817,-5.506546311567529,1.1862680197554853,0.07633490443486524,8.05270393657946,1.3828869051141093,2.6324222241382182,0.876535764299125,0.06880721643722801,7.25859482986486,-0.4193206624954821,-0.7578278459458995,1.7184594419158081
2.381702451885974,0.8430215130808878,0.08021591397707184,0.24673888967746999,76.69137588991501,-2.250260187690889,-46.9346415059098,1.6780042431972526,0.09410880679332413,29.250897115458773,1.3828869051141093,17.813274612323145,2.1381927414823076,0.6399678100489715,198.9147796768778,-0.5704641181309316,-19.162376242070344,1.7184594419158081
12.491895375652698,0.8430215130808878,0.08021591397707184,0.24673888967746999,76.69137588991501,-0.7758893251239272,-84.87921994038469,1.6780042431972526,0.3144286451782481,97.73070410360856,0.731824005417695,90.37545633754387,2.1381927414823076,0.4400252259195309,136.7686303774468,-1.1659278417392427,-170.330829051107,0.4569467015122763
13.794747431863001,0.8538739413035576,0.10974206864873286,0.24673888967746999,40.97522215733943,-0.28860627760351354,-25.48473871058077,2.798277802002367,1.1843902044369248,196.68829591969688,0.731824005417695,141.58252828964842,6.02318113691185,0.4400252259195309,73.07373154858045,-1.7952256306560617,-211.69638219978623,0.5119035861119031
11.545645958231027,3.375672557236923,0.2119731195209138,0.24673888967746999,10.982621571427272,-0.01896778886527939,-0.7257515171531581,2.798277802002367,2.004215793531722,89.20986730794475,-0.30551487389694465,-33.316321260071184,3.9078040389308706,0.3670854072412263,16.339378512214257,-0.994132577915798,-46.39597531306425,0.25821842683918844
8.269603496184319,6.225705811790027,0.11069371657223777,0.8180896086083986,133.53187076147827,-0.16982033951015005,-16.228069477860874,0.33576848101221185,1.2272138869532265,200.31077821423793,-1.0529280143607074,-123.23541352308361,3.3376272318588915,0.12600922542492227,20.56773173395612,-0.8807923811085439,-33.0332600092644,0.25821842683918844
5.7078467803002075,6.225705811790027,0.13836283955546214,0.708060487805188,73.97098862464965,-0.16982033951015005,-8.336672154206635,0.4515655532232911,1.2272138869532265,128.20687785194622,-1.0529280143607074,-68.04976807143035,3.3376272318588915,0.12600922542492227,13.164167667935702,-0.8807923811085439,-18.240744425729833,0.4890787022097501
7.378645664237756,3.335118780796223,0.09228416173838797,0.5812121324391198,136.4929825201241,-0.4903595213968147,-42.27138033582894,0.4515655532232911,1.31702821222289,309.2934553775493,0.42865881984283805,55.625481644910934,3.3376272318588915,0.1049635835106011,24.649851181251364,-0.8807923811085439,-32.26690833996528,0.9262688645531889
6.899185984902257,3.335118780796223,0.09228416173838797,0.5812121324391198,136.4929825201241,0.21464077993093622,17.30076281418538,0.28952962830911405,0.4890539246572158,114.85037056866247,0.35721195636854186,26.411315908546257,1.362598794625116,0.04759032265310317,11.176203515843651,-0.8807923811085439,-20.315080739220022,0.20518299271428467
5.676754365966135,5.173558889393462,0.09228416173838797,0.5812121324391198,136.4929825201241,0.21464077993093622,14.23532878442366,0.44541016974819836,0.5002013026367218,117.46824239683066,0.35721195636854186,21.977906674403084,3.127309245067074,0.04406741670313176,10.348877461531018,-0.8807923811085439,-16.084970704488924,0.5372824216748083
5.606997679555996,1.371425883480979,0.12642833539627535,0.884817750136611,110.71207288316451,-0.30786077228246067,-18.162775795354037,0.40028546528034276,2.0558711978886093,257.2391454216427,0.35721195636854186,32.1236505082592,1.2449719589533368,0.07465955053962152,9.34171313752544,-0.8330795099885179,-14.276774264010962,0.5372824216748083
7.489286376998045,1.371425883480979,0.20904415462192488,1.444169034928258,66.09551156025051,0.6861422348047372,41.777319777668026,0.40028546528034276,0.6372692707374994,29.16600303171244,0.35721195636854186,14.447905179553832,1.4512056054378368,0.0707166300413276,3.2364991391957934,-1.6929998176967707,-22.810515327350217,0.5372824216748083
6.4780966343456745,0.5245306999528948,0.20848452595030004,0.7777070494944561,35.78478220297264,-0.639112914034407,-24.767045634519693,0.42570929782155664,0.6438924666026559,29.62754638072125,0.35721195636854186,12.595669377197305,1.4512056054378368,0.01995285126512753,0.9180943355406548,0.7133829465559698,4.428063083906188,0.818335018966277
6.4780966343456745,0.7033724204161771,0.23978913458164614,2.3258611153828874,80.90116453737595,0.5416652068966821,31.56136290038328,0.3877419614784393,0.9143710049047029,31.804856543991654,0.35721195636854186,13.05028900764623,1.4512056054378368,0.01995285126512753,0.6940263511495777,-1.017741431303952,-5.4925353013130405,1.3131951810161413
5.755412290568025,2.5901138100479715,0.23978913458164614,2.3191866396235157,80.669004131048,-0.818980396126707,-42.335363579037946,0.7112974921529172,0.8750463479240121,30.43701453325018,0.35721195636854186,11.342360657611518,1.4512056054378368,0.01995285126512753,0.6940263511495777,-1.017741431303952,-4.879798336436641,1.3131951810161413
4.658952137214038,2.5901138100479715,0.23978913458164614,1.7323502385288154,60.25688754872647,-0.6711097374556931,-24.270858411706403,0.7112974921529172,0.3072911154900372,10.688604289702294,0.6459569304546686,9.839030582644359,1.4512056054378368,0.017799308102417595,0.6191189765894864,-0.7084845980489716,-2.597201949258244,1.070336258418319
4.53377784229882,2.2010195698829835,0.3405013484976042,2.028367638513712,34.98960149794937,-0.7612966982817122,-20.41661221498628,0.8518065993895856,1.3947019457475784,24.058787156494304,0.6459569304546686,14.364835691417548,1.113783332022372,0.04797733960330087,0.8276152516815721,-1.4019662907250403,-5.7824521787695025,2.3688716847901565
3.8480374096138323,1.0766889344172836,0.3405013484976042,2.028367638513712,34.98960149794937,-0.7612966982817122,-17.32857019324323,0.27316944274241933,1.0734512633084947,18.51717174809415,-0.20472421207970715,-3.3899697368333266,1.6410879495124653,0.04797733960330087,0.8276152516815721,-1.4019662907250403,-4.907847953115805,3.2214453463481676
2.7672718226496698,1.9513731396774667,0.6990349517026098,2.10436647378979,8.612982956130258,0.10956038726195494,0.8897790450018243,0.27316944274241933,0.33575330447577406,1.3742081167574842,-1.3294493616083893,-4.31270622298871,3.5792783196053732,0.0692212540016519,0.2833163749489326,-1.4019662907250403,-2.065024604539297,3.2214453463481676
2.7672718226496698,2.0354987317633846,1.3791843901397327,2.10436647378979,2.212619337298932,-0.45962600731076053,-1.8919504907882099,0.2544199007075994,0.33575330447577406,0.35302513288344817,-1.3294493616083893,-2.185880588446204,3.5792783196053732,0.0731646167684539,0.07692835249195189,-1.7071085785699676,-1.3102560736874862,3.2214453463481676
3.9530675396176935,5.347294999047075,1.3791843901397327,1.1883124621792542,1.2494416563461033,0.8162553730570956,3.6067685837758607,0.2968325212425074,0.28130159039371416,0.29577231260349846,0.14921522829572953,0.32079392901607484,3.730197252373132,0.13775205414660457,0.1448382981546556,-1.7071085785699676,-2.568248752717852,1.1705282998733957
3.877521425595004,1.6219838240907034,0.7775694483795201,1.01629947323422,3.3618111984210106,0.2339347977756503,1.6631663664793859,0.2968325212425074,1.2853811955626337,4.251905084365195,-0.24496839015346655,-1.958646383427052,3.3151074540827503,0.5054998822390574,1.672140161111858,-1.7071085785699676,-8.55956491417578,1.1705282998733957
3.3469403967937756,1.7210755871229795,1.0290740510189054,0.5322260222198469,1.0051545570977567,0.7575969478501975,2.5421584591075197,0.2968325212425074,0.642363372137864,1.2131584023720414,0.7384558497284028,2.722270448872246,2.13918195732773,0.5054998822390574,0.9546799461734782,-1.7071085785699676,-5.582619434548448,0.976316096644626
10.306264010335825,2.404970524333501,0.7828078657837373,0.6047189600909397,1.9736639992805758,0.6755838831051115,9.781763388966572,0.2968325212425074,0.4349375271738889,1.4195363399720913,0.5718836174322831,7.0223452326328,0.6300641765664659,1.5218428538482363,4.966946054992194,-1.1696741571292673,-26.866486806114395,1.4674429843844803
9.750236123747213,3.1699967085322878,1.0827537570646026,0.7881655161836713,1.3445842711970764,-0.752545512170927,-8.508282801389663,0.39319275504236534,0.8340647342787444,1.4228868173547766,0.2251082441721423,2.6181330416151307,0.6300641765664659,0.40533511632361074,0.6914882861299375,-2.1012741641523096,-17.036887975835576,0.3523438883517872
9.760717316886959,1.0787538838886728,1.0827537570646026,0.7881655161836713,1.3445842711970764,-0.752545512170927,-8.517428934282973,1.0397200044185357,0.8340647342787444,1.4228868173547766,0.22251607830783535,2.590766723974947,0.6300641765664659,0.9584216826751166,1.6350356533473207,-1.1669239314224737,-14.56424229424835,0.3150332419670509
3.9921898332602836,2.817049378741344,1.0827537570646026,0.9069220841752023,1.547179043670664,-0.752545512170927,-3.736923795169838,1.0397200044185357,0.44478221624815045,0.7587837323449622,0.19231977162919167,0.6687967048027701,0.6300641765664659,1.4866984827636383,2.5362583808737806,-1.1669239314224737,-7.419087247898729,0.297227434113862
3.4297791504076636,0.8846808049356988,0.8652301496647895,0.9069220841752023,2.4229066632513905,-0.752545512170927,-4.017605299701834,1.722380144377998,0.8868650221078866,2.369322799569935,0.6321471688963959,3.3373093869530437,1.0121113802249857,1.4866984827636383,3.9718204275615365,-0.8353076315435275,-5.709622664956652,0.297227434113862
2.5600756153644206,0.688887335677869,0.7220770651044895,0.9069220841752023,3.478827312541128,1.5062946728706716,7.192488376486837,1.4046103840517763,0.7631737630536048,2.9274286925543427,0.6321471688963959,2.7689438744657404,1.0121113802249857,1.2013539323091553,4.608227040304825,-0.8353076315435275,-4.590565370441366,0.14273169263559407
1.2600783193682707,2.437482594354661,0.9775968711850463,0.36015444385491446,0.7537011320751594,0.9312048907731996,1.0186907703056831,1.4046103840517763,0.7631737630536048,1.5971062942521361,-0.3070181904486532,-0.48890959164961517,0.4730007900831197,1.2013539323091553,2.5140931460201927,-1.4304198150618455,-2.8579309975894005,0.31986322202523404
1.2600783193682707,0.3967801420846801,0.9775968711850463,0.8750858004719713,1.8313064568052864,-0.4938827206162857,-0.8421741064174536,1.8670528471867338,0.7631737630536048,1.5971062942521361,0.4682647531706833,0.7456858791397092,0.6044996510563074,2.124692876059811,4.446379749914765,0.3352662623379914,0.8908214541253676,0.5103738109316237
6.302209094603757,0.3967801420846801,1.037054475325382,0.4979097669356737,0.9259286049905958,0.7004515153671063,4.247756741564057,1.7245321252023262,0.7631737630536048,1.4192218444289748,-0.2831367629475974,-2.125759918938238,0.6044996510563074,0.5106099807807946,0.9495463206282452,-0.4863762243093319,-2.9869174683156112,0.5103738109316237
6.302209094603757,0.5584607710542138,0.42729765414305493,0.9663640565297532,10.585460276715187,0.015303814257924042,0.31379597414696087,0.8788331158299967,0.23695077906874076,2.5955363741238715,-0.8443043963364804,-8.572459036576108,1.0813924260742909,0.5106099807807946,5.593173330410381,-0.4863762243093319,-7.249270146723579,0.5963781389214633
6.302209094603757,0.30961142283184073,0.8873533080611348,2.1398535479378156,5.435267229795021,0.27037229738306356,3.972514125100468,0.5704581805634595,1.0459342376907292,2.6566921330292184,-0.8443043963364804,-8.672862749887747,0.35873396341077834,0.5106099807807946,1.2969587093559212,-0.17544886387732667,-1.25923400566087,1.7274755440106664
5.532099088742751,0.7305874294835643,0.4781765233759204,1.4763690595121353,12.913632723250675,0.307109750482163,6.105310709342239,1.4890664159106726,0.5005670378039669,4.378403108570993,0.06395895810104757,0.7403706646425059,1.0508799152195252,0.8656425894651977,7.571677554426114,1.1325236078647885,17.23984153983326,3.3784951702504853
5.35150421889821,0.555965799629191,0.4781765233759204,1.1508545803755126,10.066394492005395,0.307109750482163,5.214425299862136,1.42343014951487,0.5005670378039669,4.378403108570993,0.3296996950261028,3.691920064130516,1.4373126128225098,0.8656425894651977,7.571677554426114,-0.16961619797624095,-2.497694121389414,3.3784951702504853
24.801159831009542,1.1325536851979208,0.6521562650990748,1.5612956132738138,7.341956272155413,0.26914134258750194,18.086656994863997,1.42343014951487,0.6271202438562169,2.949018346449617,0.3296996950261028,14.042009864251398,2.17135182119086,0.8046168124883232,3.783691828060182,-0.5130090141482244,-24.74884102072784,2.3752718690681642
6.208298680907866,2.0661134213562313,0.49939737788726574,2.01199728739948,16.13484772559608,0.06548758999029342,1.633104766638598,0.8908279469895274,1.746061893931968,14.002227018144383,0.1566061699904713,3.6381452035321473,2.17135182119086,0.047505504152127974,0.380961783806854,-0.5130090141482244,-1.965795355564143,15.260112366808206
5.106567234165398,2.353555229910959,0.9462708214705972,2.01199728739948,4.493931922596027,0.5401120209942696,5.846906408181745,0.8784553220994336,1.1806207685034502,2.6369962789140096,-0.8084433086215135,-6.703990397604543,1.0117867060038852,0.05473182515610125,0.12224723054614754,-0.14591215910092425,-0.260519390086742,15.260112366808206
3.8591828520482636,9.963001981279026,1.3235935045130653,2.01199728739948,2.296931967659937,1.4870989336287197,8.69779734626768,3.178900757880925,1.1806207685034502,1.347817714189786,-0.8084433086215135,-3.622100591059687,0.2851318031286987,0.03324827174901662,0.03795681968759934,0.09021295391851827,0.06782802448720275,15.260112366808206
3.030273137377448,9.963001981279026,0.410376872287882,0.857292910340387,10.181071174862494,0.00801323334932813,0.07747940956666927,1.1098980691827547,0.39638684761529214,4.707425734744868,-0.8084433086215135,-5.31524252432773,0.9912284983304546,0.03324827174901662,0.3948510678613987,-0.17894974239387926,-0.3407450157550549,5.328207349847837
3.030273137377448,5.231308870477422,0.37613788975315215,0.557933908741924,7.887122477549276,0.3366159338169825,2.8646775065524737,1.1098980691827547,0.39638684761529214,5.6034443625787675,-0.8084433086215135,-5.7990770459648475,7.780766936367852,0.06618663462973744,0.9356342848539938,0.4332235998586551,1.2698339861514367,5.328207349847837
0.9168583905387333,5.231308870477422,0.5110873490988614,0.8137710488824447,6.230773565568184,-0.9403664932361107,-2.152139379510525,1.0279966069751498,0.39638684761529214,3.03500191516035,1.5844353400668807,2.5307909282772934,7.780766936367852,0.06618663462973744,0.5067689911200824,-0.7520857256057616,-0.49087919543103364,5.328207349847837
1.513404799485806,5.231308870477422,0.307948393782522,1.195883173636037,25.22103266101826,-0.9403664932361107,-7.147162974800214,1.2783950708181187,0.5214059090167633,10.996388067721055,0.16553440147358622,0.8307462675890822,7.780766936367852,0.04615067345492679,0.9733121664348683,-1.5071693536886424,-2.2503145990444824,5.328207349847837
3.8007749284778627,1.8491070399325533,0.2964372301942563,1.195883173636037,27.21781498038443,-1.126101315148847,-22.32935853411546,1.4942514607574027,0.6626099565824978,15.080733302391806,-1.2419337427835029,-18.33081647246626,2.5489886084681324,0.15506434313907264,3.529201425906693,-1.5071693536886424,-10.761490592554797,5.941210344159841
8.300255269586014,4.50234020130565,0.4006605876210753,1.195883173636037,14.899287610087597,-1.126101315148847,-36.07876530251126,1.7710856131736135,0.6626099565824978,8.255335081280212,-1.2419337427835029,-29.618102298061196,0.9476763042935885,0.09976815335183092,1.2429929978834684,-1.5071693536886424,-13.947226212694096,4.353964663182604
5.367802425583465,1.2227993469038663,0.2002480342445428,0.8996957251947806,44.87341580542534,-0.2677808960730923,-9.628766998870697,2.370993160177356,0.19977158124060015,9.963849977364285,-1.1678171259130026,-19.787227727814255,0.9476763042935885,0.1259583512283206,6.282325580251659,1.0972964403357353,14.763207112946557,4.002557443435451
9.628432388036156,1.410088526153285,0.2150914666350125,0.3704112067161309,16.012817412668635,-0.4861369906139219,-18.730446447933804,3.239034862144462,0.19977158124060015,8.636093607981328,-0.1750550379478223,-4.953234276151396,0.922039841463946,0.37129936898870813,16.051212526114806,0.8431081151823455,32.52316310551123,4.002557443435451
16.702636110375707,0.8907063196398436,0.14950835402205642,0.2536136955629409,22.69194789325802,-0.9182590845490445,-73.06108912209405,0.6760230790566621,0.31002514669420245,27.739331895183785,-1.0773154994407579,-94.77110100209407,1.1831310490807665,0.34157312737893036,30.562070360653173,1.0380493551305472,95.85050561073713,2.0464878506817223
39.89741949239982,0.8907063196398436,0.17763773816781503,0.2536136955629409,16.074305892805572,-0.9182590845490445,-146.88456282476938,0.2082890676866877,0.8554207792194607,54.217479232399,0.3146100978871629,92.42450340504706,1.1831310490807665,0.34157312737893036,21.64926827813423,0.6088050237068487,113.01722659402353,2.0464878506817223
17.913581161757694,0.4762815314720112,0.1605172481202613,0.45884174714245335,35.61635809050997,-1.8582300704744585,-198.65827222054472,0.3640480705122471,0.8554207792194607,66.3997401729109,0.521726780894466,76.1568085160424,1.1831310490807665,1.8803832981410202,145.9597024706043,-0.19568226231133712,-42.34970223486575,1.479757283988602
17.913581161757694,0.4762815314720112,0.20645671145782654,0.35826098158073233,16.810146422419713,-1.3235433547817883,-97.20896872211064,0.3640480705122471,0.8554207792194607,40.13763510615263,0.521726780894466,59.21086915652987,1.1831310490807665,0.8469336100871571,39.73940431027759,0.4995463776697726,56.41166345284387,0.5894023960036837
7.384285241982686,2.3029222442438773,0.19061913413464995,0.35826098158073233,19.719528298024855,-1.3235433547817883,-43.40051643544314,0.42673023372239616,3.3502602076888635,184.4062132576378,0.521726780894466,52.316582839945696,0.8519442533866739,0.2719757160381798,14.970184040490835,0.4995463776697726,14.272427588295866,4.021203954190999
1.7092564798371022,3.3266493442973726,0.19392108047053347,0.5983065578780951,31.820259290251542,-1.148052071580559,-11.06931327481147,1.554147303280922,3.78165564496137,201.12308913323346,1.097357523094749,26.600288432875523,0.6785989150149968,2.2758529948167294,121.03867398411342,0.26289128072310264,4.943624726355619,4.021203954190999
1.3361065455461465,3.3266493442973726,0.11450295405326832,0.7199725144269827,109.8278623017205,-1.1032556984200526,-15.44804536619398,1.554147303280922,3.590990809256244,547.7859726904012,1.0740794008326833,33.58790627540504,0.5442104586589532,1.3830383892576685,210.97492852803805,0.26289128072310264,5.1019088814478355,4.021203954190999
0.830322595436403,1.4887052825214608,0.1826491710166441,0.8865202265705917,53.14754808999489,-1.1032556984200526,-6.678280442936474,0.750133898372401,0.39848701052970764,23.88959317633745,0.2734139951090597,1.1096141194032676,0.5442104586589532,1.4481145214643303,86.81554448799368,0.2558757398966131,1.9795875539517993,4.36383188845315
0.830322595436403,1.589908306392711,0.12581176823767476,0.8865202265705917,112.01498162134821,-1.1032556984200526,-9.695296424215949,1.7124762171898187,0.39848701052970764,50.350250138682966,-0.7659189273723059,-4.512637776084567,1.1932103857269534,1.4481145214643303,182.97441687814432,0.2751315172618018,3.0901700963012937,4.36383188845315
1.1372853418267446,1.589908306392711,0.1585996176917197,0.8865202265705917,70.4878675590941,0.796664486329069,7.60680153449927,1.7124762171898187,0.665870328449225,52.9438337857507,-0.07731023327250963,-0.639755633072025,1.090547000817659,1.6458231328996433,130.86059352114026,-0.8017723719301149,-10.430976607683855,1.6155156373003932
2.166411283505167,3.4115476384157155,0.1585996176917197,0.8865202265705917,70.4878675590941,-0.04405256396849755,-0.8012522934057843,1.895346753766565,0.665870328449225,52.9438337857507,-0.07731023327250963,-1.2186685005075597,2.2315302295696258,0.6320596042933139,50.2555185336574,-1.3929415575628825,-21.39270407707782,1.2175209221565402
6.92402478025044,3.9746177536731873,0.4052128813526351,0.771211226579233,9.393703609464245,-0.04405256396849755,-0.9348635574567761,1.3700388888709607,0.4267774399687976,5.198343385190495,-0.07731023327250963,-1.220472727731165,1.5139164121656066,0.23451299376191143,2.8564749578904194,-1.617603704929648,-18.929797012112807,1.2175209221565402
4.376565432283583,0.8405811555094601,0.3459163743944857,0.771211226579233,12.890242803223924,0.17270052758657745,2.713673783922726,0.3210622211679058,0.24379703422407842,4.074892659166181,1.092263170431194,9.649810890043662,1.5139164121656066,0.23451299376191143,3.919716578181068,-2.2397508049974686,-19.407091794059355,0.3521641910409867
1.1440306204228057,0.8405811555094601,0.282248502812777,0.6160296001738574,15.465653733702728,0.531462991357389,2.3910839126004757,0.5308000431537003,0.5537814646710539,13.902890988238438,1.1490187050854541,4.901367944603003,1.0608767907075172,0.23451299376191143,5.887536502389038,-2.2216915115210174,-6.167202529001533,0.4698699302907501
1.1499892510174814,4.265163534331623,0.304285064724385,0.8078616640639764,17.45041351826191,0.6330631756471277,3.041190984663663,0.5308000431537003,0.10066271202496246,2.1743895382640672,0.7935708380944683,1.3456997014250116,0.39231342937137387,0.26299083961241243,5.680797971851843,-2.3009397108881684,-6.306722072949778,1.4965084093013472
2.179235942489636,4.109603986991129,0.2459061793894376,1.6392623058280122,54.21750942853197,0.6330631756471277,10.158301228318848,1.339343412322042,0.2665533675945795,8.816075175635934,0.7935708380944683,5.13484804028543,0.39231342937137387,0.2083037988128663,6.889509467754769,-2.3009397108881684,-13.161447122336451,2.968130385837046
5.2392369125224105,1.4123178233802247,0.2459061793894376,0.767042396132496,25.369416594613373,1.524506638791868,40.2302375705623,0.29529607667258395,0.11946404208084113,3.9511936587945313,-0.429823055380001,-4.476328006487944,0.8528569181571045,0.056707876566132714,1.8755752642304113,-2.3009397108881684,-16.509751061414818,0.7204989185696781
2.1304237808199775,1.0287115419608737,0.2008780789415015,0.7849383215457549,38.904553478630575,1.524506638791868,20.257952046517385,0.6336416582737844,0.07874915389532583,3.9031100725014434,-1.0738332529818164,-4.5196858493724354,0.913467473414814,0.056707876566132714,2.8106598390840447,-2.6685641115510896,-9.531204469831145,0.7204989185696781
0.5064716160354846,1.7038182901556869,0.17702677563466224,1.3936729035380009,88.94323751767611,1.0392448206090295,4.963973415465862,1.0358226056135498,0.07874915389532583,5.025716350979491,0.30572774680480874,0.34712744664466316,1.5911837968802616,0.10780984103029868,6.8803492362935925,-1.6386903381807585,-2.1769940695687104,0.7204989185696781
0.5064716160354846,1.7038182901556869,0.24504086152926632,0.46044841739926806,15.336771912597023,1.5675150959725919,3.1090937864224406,1.4169433026259828,0.07874915389532583,2.6230035025950196,-0.4907136893923917,-0.4025156033602627,0.6772408644999496,0.4426925274114272,14.74535271218625,-1.6386903381807585,-3.1869818284169393,0.7204989185696781
0.5064716160354846,0.347113125905143,0.16810503207174332,0.5001205025180144,35.39510678068011,-0.9446314953850159,-2.8463555347486054,0.7217203444344632,0.025269446675749176,1.7883985137054588,-1.5062869196718194,-1.0202226622665616,1.5549499650445808,0.4426925274114272,31.330747689497525,-1.6386903381807585,-4.64555262438614,1.7624932718587067
0.33558051857354754,0.4741842431179841,0.16810503207174332,1.3710938604197804,97.03664087265645,0.022470787419469507,0.07428188381620256,0.8483942278837442,0.047853308928567574,3.3867297397480964,-0.5141711090258158,-0.31753725181556447,1.5549499650445808,1.4155557089295516,100.18334625215263,-1.0335963055630195,-3.4717261122591405,1.1506779935123777
0.4295701838271077,1.135387077553526,0.17973897836235195,1.3710938604197804,84.88142151937654,0.022470787419469507,0.08893213998431056,0.41539078310192873,0.046414236486447505,2.873403845962798,-0.5141711090258158,-0.3744037019837343,1.117888931877523,1.4155557089295516,87.63395729671062,-1.175840869759623,-4.728450998443475,1.1506779935123777
0.36256859544006326,3.983599661394531,0.17996343651915914,1.3710938604197804,84.66981802538233,-1.4068988198302637,-4.693721989907677,0.41539078310192873,0.21713947022664432,13.40911804870092,-0.6081643001105648,-0.8074417736741824,0.4633342076978614,1.4155557089295516,87.41549192201975,-1.0857585858776835,-3.680591844028077,0.8635476177853353
0.7354877292128607,2.6946654058402904,0.24661535365793505,1.3710938604197804,45.08758347767103,-0.05867898595193921,-0.289792079416633,0.3351391811819543,0.7580480675964972,24.927947323299964,-0.4933637952480543,-1.811698675490956,0.4633342076978614,1.4155557089295516,46.549684187276796,-1.0857585858776835,-5.448376024796147,1.181998537083408
1.5540314265798605,2.6946654058402904,0.5373998721715381,0.7997402814418867,5.538394014585824,0.14706038088072895,0.5378329533590803,0.3351391811819543,1.4349019259583404,9.93704134036772,-0.4933637952480543,-2.4168829707591817,0.4633342076978614,1.4155557089295516,9.803064129161175,-1.0857585858776835,-5.282919478678602,1.181998537083408
1.191582376879647,2.6946654058402904,0.5373998721715381,0.39760916105821603,2.7535391787181496,0.9880057369901502,1.953570857371396,0.3351391811819543,0.8644547250420654,5.986557118795457,1.3936016659065782,4.0630418308062,0.5301393777517606,1.4532970274492227,10.064431847459746,-1.0857585858776835,-4.10442170432092,1.9432499832753056
1.4892889035181454,2.6946654058402904,0.6732183302070407,0.25902135460492914,1.1430196625205395,0.8892463103583845,1.4158846588859497,0.24301060743784894,0.8644547250420654,3.814699948538777,0.9232157663075158,2.685420859018151,0.5301393777517606,2.893483266701606,12.768477224816277,-1.4934304323026797,-7.947554296483067,2.743873453128945
2.5212106140667765,2.721413663985217,0.8219438110222922,0.19004019165507133,0.5625889476553871,0.9128972840671564,1.726341217869449,0.17669768749623002,0.6404530667466882,1.8959769178598889,0.033260267147336986,0.1154652719756987,0.5301393777517606,0.9457343143742453,2.799721827533725,-1.2542652073038358,-5.29122151790138,1.0287360994859183
3.3673924789957046,1.7032522857079784,0.6890313472915908,0.12489802934007696,0.5261476328016541,0.8661082635556142,2.1155326393615472,0.31073712351704375,0.31513710334400113,1.3275520983677538,-0.1457331790664175,-0.5654288491409095,2.0957707280161832,0.49004255925318696,2.0643618949430076,-0.5117778263808199,-2.476099657158463,1.7950183177235344
11.021037326978854,1.4074758269955907,0.8231904051578958,0.21518423851597196,0.6350966964748943,0.8661082635556142,7.607020425729852,0.31073712351704375,1.5947719523410733,4.706824280196786,-0.1457331790664175,-3.4845355903894766,2.0957707280161832,0.3128894242882183,0.9234646603200423,0.6792315039910257,7.193668728522126,0.18514418338935676
9.336507943506474,10.395476479711725,0.8231904051578958,0.4910423897854132,1.4492669246251773,0.09292304395929629,1.0444366169153751,0.09509705407927262,0.9199785706332858,2.7152330257382093,0.1229126273034524,1.8909695116554979,1.343096586478157,0.8667639620664954,2.55817495151283,1.553942151624088,23.205153174689617,0.1474248117018509
3.304259620085135,10.395476479711725,0.8231904051578958,0.6591243371494838,1.9453454954544482,0.09292304395929629,0.42824861081301835,0.3319123089357489,0.9199785706332858,2.7152330257382093,0.38461519677422085,2.094132499043931,2.0720875500336597,1.6390334649632061,4.837458106545605,0.9307055919213003,6.763867552822521,0.1474248117018509
8.062532856153581,15.501846573044567,1.2379373402927676,0.45286344945164325,0.5910169551216532,1.065240284394841,6.6026617527357505,0.13517456399354355,1.4240387689340297,1.8584654120567243,0.38461519677422085,4.22741786910843,1.6973609213691425,1.6390334649632061,2.139047805642094,0.9307055919213003,10.974735599099262,0.17398658657394275
4.3940571069793295,2.351048645546067,1.5240244999418768,0.44277028599298407,0.3812629169659349,1.065240284394841,2.890184462056882,0.13517456399354355,3.3646382304240183,2.897240006496031,0.38461519677422085,2.876632439075016,1.7998248466732814,1.6390334649632061,1.411347372724459,-0.23016298785132738,-1.2014844188939675,0.08644514471885716
4.3842823968533455,1.0053141595930195,1.5240244999418768,0.8301145420037912,0.7147993027364566,0.42752939802501966,1.584734684238542,0.13517456399354355,1.959794680213292,1.6875500910291008,0.38461519677422085,2.190550633278084,0.5835704184405252,1.6390334649632061,1.411347372724459,-0.23016298785132738,-1.1988116812327019,0.05897540225547288
1.2936362546785336,1.0053141595930195,1.5240244999418768,1.7683782386536504,1.5227242362394124,-1.261622691410731,-2.0139667676269024,0.4681316239030572,0.5147834129074322,0.44327235096773604,-0.3849601993851849,-0.3315609157784843,0.4372110998485686,0.6045899309556411,0.520603409796188,-0.06140111580642971,-0.057311522511653286,0.05897540225547288
0.5393543348154093,1.0053141595930195,1.2553021881514916,1.5355946706288954,1.9489918369909962,-1.261622691410731,-0.9499673415862002,0.4681316239030572,0.20676857907430754,0.26243271122907064,-0.036634573267038284,-0.010122185552587917,0.6234908931393394,0.5012741215347877,0.6362220380499345,-0.06140111580642971,-0.026415254006882993,0.05906019618017633
0.5393543348154093,0.5198906927521734,1.2447407989770303,1.303260472839647,1.6822997091205047,-0.37368122127423475,-0.2614129704851967,0.5545795642616351,0.10395557962858273,0.13418993748008495,0.3643621290976471,0.07198920540022594,1.6268198204004838,0.5012741215347877,0.647064287164465,0.18088636987819232,0.07847904908774915,0.13933927676656538
0.8801395212972769,0.422600085616563,1.2447407989770303,1.303260472839647,1.6822997091205047,-0.37368122127423475,-0.4265839205361789,0.9646300202403681,0.04822922240611446,0.06225617097718687,0.5883428054669406,0.12920317110086277,1.750284101743292,0.16116505819240495,0.20803817515213752,0.18088636987819232,0.07261542503995738,0.13933927676656538
1.1050662567956933,0.5872578324825537,1.2447407989770303,2.1871166771470505,2.823215946816948,-0.37368122127423475,-0.6938436864146622,1.1832699338016757,0.05171532661417606,0.06675617095217837,0.8138102129109368,0.23235775017781424,3.557615367911789,0.14515210232759324,0.18736802397749452,0.18088636987819232,0.08652505807415506,0.17977145954683
2.360600820728314,0.2736332279023598,0.9646919620062369,1.7327318121756674,3.7237800831177426,0.16717724556062374,0.7615382674516264,0.9597259579704298,0.18622074312565115,0.4002033606366213,0.14372334410574117,0.21462990486193897,2.392177647918881,0.14515210232759324,0.3119435471040811,0.9712695772523298,1.280561210812989,0.1573923009022572
0.31534324299979144,0.2736332279023598,0.8677307602063149,1.1474557127847156,3.0478665111487,1.3076363104331914,0.7198938645472976,0.9597259579704298,0.5207858636068358,1.3833089813242616,0.14372334410574117,0.05330530610284958,3.585901140300797,1.2259287551520825,3.2563062401897502,1.1606476071581344,0.6604600160038109,0.11577582222677346
0.5636447367679515,0.2736332279023598,0.4770944075001976,0.9000414868865452,7.90831341488952,1.3076363104331914,2.0726900559176853,0.9597259579704298,0.726692683590467,6.385165108355704,0.14372334410574117,0.20470046798048547,3.585901140300797,1.1938230712648226,10.489657584726764,1.3738361708026239,2.507962614274407,0.11577582222677346
0.8477633823134436,0.2736332279023598,0.4770944075001976,1.513451610363187,13.298108862097457,1.3797064411995714,4.265365852718555,0.3443921332146897,2.8175834981553995,24.757006983215305,-0.09866949487726889,-0.4162043629870322,3.059335506438679,0.5659567081461071,4.9728407995516815,2.244987020921036,4.244150409227019,0.7293985599552593
0.3737470120475633,0.2736332279023598,0.7712112303160703,0.7723072936879699,2.5970089229441657,1.6715320822358646,1.006767452226808,0.3443921332146897,2.8175834981553995,9.474582909748053,0.5927683858930792,0.6819347362042374,2.610619677246955,0.5692527556270116,1.9142050034441258,2.244987020921036,1.1608758790405969,0.7293985599552593
0.9318604678533716,3.03153232297835,0.7712112303160703,1.0814217200986334,3.636456472074266,1.6986216761983963,3.018469185917627,0.7684363120731247,2.8175834981553995,9.474582909748053,2.0565180238342067,5.898797106238452,2.610619677246955,0.3752601362659596,1.2618732598706792,2.244987020921036,2.350025589587241,1.5986756251035645
0.4586942490247594,3.03153232297835,0.7866393304871722,1.7202364976197022,5.559898205766427,1.6986216761983963,1.8371870568004836,0.7684363120731247,2.2258159016190073,7.19395842077625,1.7981047252392532,2.212189054143235,2.1764350125573197,0.3752601362659596,1.2128612322827381,2.244987020921036,1.134077376628563,2.11108960938134
0.4586942490247594,5.225724928018819,0.9835489465348232,2.438156891361942,5.040802579721822,1.7711446973075438,1.8240098646546203,0.7684363120731247,2.323142777907207,4.803014994410528,1.1242185399582394,1.1301367808640526,2.1764350125573197,0.5253889497579273,1.086222950901952,2.244987020921036,1.073239422834009,2.7339166952712097
0.4586942490247594,10.757326715786471,0.6404807558675868,2.438156891361942,11.887197363848468,1.7711446973075438,2.801025580261259,1.8832512585092038,3.4581685422877895,16.860248872936324,1.1242185399582394,2.1174152114751372,2.1764350125573197,0.5253889497579273,2.5615259463753786,2.244987020921036,1.648111194657444,0.9856616144766653
1.8532883817667605,10.757326715786471,1.1925642055596937,0.5667814958394265,0.7970436731235941,0.39426823765513697,0.6523427711094497,1.8832512585092038,3.4581685422877895,4.863093409821567,1.1242185399582394,4.594624796553924,2.1764350125573197,0.2990629190562413,0.4205610261616263,2.244987020921036,2.6981826761092553,0.9856616144766653
1.5237209289137157,2.0001471094799435,1.0007934335501576,0.7989407297347666,1.5953488485374567,0.7667146165999243,1.4755944296460104,1.6451940012203392,0.8893149964398942,1.7758108990493977,-0.2853088909604129,-0.5793207669656192,1.755383877205881,0.2990629190562413,0.5971778203309485,2.1047052686720424,2.478269634717066,0.9856616144766653
1.0375395517642143,0.5827495027307433,1.0007934335501576,2.681714861496498,5.354928791544436,0.6943329963317129,1.6670526483321588,1.6451940012203392,0.8893149964398942,1.7758108990493977,-0.2853088909604129,-0.39447394695413174,1.8296399766710691,0.17325777800211092,0.3459663356098866,2.1047052686720424,1.2844371858479318,1.4804309331083276
2.381728237329549,0.5127208038335468,1.0007934335501576,2.681714861496498,5.354928791544436,-0.2961176040447743,-1.6320493333002182,1.646802052448614,1.1451965404928077,2.2867628526471617,0.6742864938445773,2.4285510140393143,1.8296399766710691,0.9971637757809585,1.991166581310154,2.018059650056749,6.782346945207992,1.4333654074817115
1.638024143206016,0.5127208038335468,1.0007934335501576,2.681714861496498,5.354928791544436,-0.2961176040447743,-1.1224354521011382,1.646802052448614,1.1451965404928077,2.2867628526471617,0.23158270404433445,0.5736367724429303,1.8296399766710691,0.9971637757809585,1.991166581310154,0.9887773572688365,2.285454652932907,1.4333654074817115
1.9081625102064825,1.5527222097666906,1.0007934335501576,0.506409943460891,1.011214587165257,0.25490438658611003,0.4891187720923591,1.646802052448614,1.1451965404928077,2.2867628526471617,-1.6052049670506237,-4.631870602074149,1.8296399766710691,0.9971637757809585,1.991166581310154,-0.9563162309030879,-2.5749611629907907,0.2247146249021124
1.3789275900969205,0.7433825114372454,0.8046824111383621,0.506409943460891,1.5641673024305884,1.4317161353600842,2.4691074065503282,1.9559433298079851,0.73219120809277,2.261546325490563,-0.8896648287176637,-1.8448906388004938,0.5907111695291392,0.9040646015261772,2.7924180937837257,-1.5661080940100627,-3.608721915200441,0.2436768236461947
1.3789275900969205,0.7433825114372454,0.7044786506639815,0.5730293940890617,2.309251440402397,1.4317161353600842,3.000087989140099,3.0925566208676254,0.73219120809277,2.9506577138613763,-0.696509076081423,-1.6497861661688724,0.7281711307137303,2.3155476401613755,9.331426587397635,-2.364895077169594,-9.961560118954722,0.27246194384725725
5.420006493914956,1.3843164523368103,0.6365798150953762,0.2949255783403762,1.455582105711235,1.5506589859771942,10.139918422859411,3.0925566208676254,0.19628021710718327,0.9687256471074918,-0.696509076081423,-3.715583159627841,2.5006889333026385,2.9520013476891074,14.569371574725361,-1.313950774954609,-27.183120610472365,0.1901417391880269
3.8463988865720977,0.41071727700153676,0.8616500149778956,1.171138116033716,3.1548325403672384,1.5506589859771942,10.593970916010607,3.0925566208676254,0.19628021710718327,0.5287431153357329,-0.696509076081423,-1.9480650870592664,2.5006889333026385,2.9520013476891074,7.952153365512547,-1.1250115388183524,-12.202636397694414,0.1901417391880269
0.5188421099617222,0.5116891669988674,0.8388962604440082,0.9929421406587825,2.8218727220416477,1.148890717760909,1.0013424973072143,2.7681254062831413,1.309217771828214,3.720706138106947,-0.696509076081423,-0.6970672551742981,0.5859293146062834,2.779920589552231,7.900341580723697,-1.15344550586397,-1.6821132528993246,0.2676896425600601
1.5816202228650564,0.5116891669988674,1.0468248142884382,0.9929421406587825,1.8121991434163005,1.148890717760909,2.446154537120331,2.1575383412860787,1.286606824707627,2.3481607741029107,0.2409310334136736,0.5839274171831487,0.5859293146062834,3.7096483716668027,6.770406175983254,-1.15344550586397,-4.746862507210997,0.2676896425600601
2.358099663539147,0.5116891669988674,0.9317840561417509,0.9929421406587825,2.287301361369241,1.4602578931441765,5.207789396006287,0.33995223081411424,0.4442452358529728,1.023345360359207,-0.9484011866704711,-2.262378982185085,0.5815156996615324,3.7096483716668027,8.545395973510711,-1.4071935484871176,-9.700231243697154,0.2676896425600601
4.2238993831762395,2.139217091069099,0.5267757682725913,0.2260801975531666,1.6294496350642624,1.3821611588584053,7.452341009354042,0.33995223081411424,0.3868535684043929,2.788207072897688,-1.0032049670751244,-7.075640358680965,3.0511744941078445,1.149450531971687,8.284545794441932,-1.4071935484871176,-17.108098861240368,0.4510460605407524
4.2238993831762395,0.6242566115947329,0.5267757682725913,0.25240493957823773,1.8191824898218119,0.3868516600836721,2.2039217092012287,0.43320788054508025,1.346182485889331,9.702470999683309,0.3329660367893761,4.380812623567249,3.0511744941078445,1.149450531971687,8.284545794441932,-1.6616289880586435,-20.20142362717086,1.2911953875841764
5.018241980639946,0.6242566115947329,0.5003081337001477,0.3064765051676249,2.4487928888699746,0.3868516600836721,3.037890332562493,1.8924165987487729,1.346182485889331,10.756198413200032,0.6417611052356869,10.562200180819277,3.0511744941078445,1.149450531971687,9.184280821985235,-1.8254215224595105,-27.76114299859951,0.6789787284175862
2.9672919333896077,0.5082525489080768,1.1454091767445933,0.8352044601194754,1.2732142305162715,0.3868516600836721,1.2952556125489467,2.5744306514756605,1.346182485889331,2.052166600811594,0.25406372509660285,1.0799639159809058,3.0511744941078445,1.3952523871092064,2.1269704356884285,-1.8254215224595105,-7.89958305154553,0.2754096000033299
4.972129266686037,0.5082525489080768,1.1454091767445933,1.9483669589331485,2.9701571972287315,0.3868516600836721,3.314947032624166,1.1547049752368146,1.346182485889331,2.052166600811594,0.25406372509660285,1.8096366364193774,1.9705953514000527,0.22765118092826217,0.34703924247511225,-1.2121569703973276,-3.550508588777255,0.7760600027844583
6.635616185331978,0.7818709743613429,0.5524544992866983,1.486499773310037,9.740961193447898,0.5357341921444271,11.095107887119068,3.189098728927532,1.29399512697575,8.479487546987006,0.25406372509660285,4.90917735898824,1.1818533938053002,0.4649938887072322,3.0470824862634345,-0.2497195305253882,-2.8925166868511645,0.5365185430282265
6.635616185331978,0.9981085498735937,0.6988596416324594,1.5043428440785849,6.160229580358641,-0.6630191257842423,-10.919575694190852,0.9763249637865493,1.29399512697575,5.298863280676157,0.4974697503887686,7.598699893652094,1.4998548070406417,0.8799016641370643,3.6031655154672864,-0.2497195305253882,-3.145399937105357,0.7634928009042263
6.635616185331978,0.9981085498735937,0.6826454711854005,1.136990453161318,4.879736677396664,-0.5164597074272231,-7.570348910284425,0.694891309601946,1.0844720546995275,4.654338166354135,0.18403638395535066,2.6345953219928995,3.1803109614109015,1.0042987388668152,4.310250255387406,0.5392377363828404,7.42869927595035,0.5009225977418861
1.544346723228514,0.69424136443861,0.5875565963210939,0.8734189710951156,5.060031306033972,-0.5164597074272231,-1.7941463161728817,0.6863415316418365,1.0844720546995275,6.282737985892694,0.18403638395535066,0.7123984675173227,3.1803109614109015,1.0042987388668152,5.8182650336812,0.5392377363828404,2.0087312596573175,2.1851833808334407
1.544346723228514,1.4813389473733305,0.5769095715232373,0.649606882599791,3.903598338335893,-0.7796178378655476,-2.3788066314027736,0.663546284009078,0.5257927693943368,3.1595782555482135,0.35425758559979836,0.9724751837430508,2.0024439897286306,0.6833765228500018,4.106525855112431,1.118387601626658,3.500051507629179,2.1851833808334407
1.544346723228514,1.4813389473733305,0.5769095715232373,1.121858776505696,6.741440358958077,0.2501115459936154,1.0028936926836416,0.4809767458801592,1.0238315063833725,6.152377805880336,-0.5748296230666505,-2.201939844524728,0.9244769236914062,0.8686531183169649,5.219884456398903,1.6068034472085544,5.669411896412529,1.0921916893617987
0.3583239667657093,1.4813389473733305,0.44575464801331804,1.121858776505696,11.292144442460215,-1.311490310618286,-1.5791709853703646,2.060354867383972,0.4727136794512155,4.758131112470608,0.29743590239610684,0.2324809915267128,1.2172464667655292,0.4060763754221643,4.087388878144146,1.6068034472085544,1.1640230799389102,1.0921916893617987
0.20172915873448088,4.617014435196723,0.44575464801331804,1.121858776505696,11.292144442460215,-1.311490310618286,-0.8890413813289776,2.060354867383972,0.2707716496556284,2.7254701241079644,0.29743590239610684,0.09905645458752042,1.2172464667655292,0.41256320049869244,4.152682449198859,1.545052247567072,0.6351498629688057,1.0921916893617987
0.5884747400736566,21.275350742890986,0.7153601204542579,1.121858776505696,4.3844864698341555,-0.013622991853695199,-0.016786482025988113,3.4637075537042397,0.49787667347430337,1.9458184793039657,0.46307129181844897,0.3801253606437484,1.3743393276217561,0.11288316374351912,0.4411738041102896,1.5784561896072455,0.6169716616708618,1.0921916893617987
2.0436035266183064,26.067087380546603,0.516033412403704,0.38481208093687447,2.8901677372061165,-0.013622991853695199,-0.047329363583512946,1.9438742855114568,1.0271677147607803,7.714640825916099,-0.8466143021928305,-4.8055168012404,2.3556871034510487,0.18129999907783592,1.3616708883321578,1.6229455052395478,3.870228950282039,0.7154942936446718
1.293081303588019,26.067087380546603,0.7131024316151031,0.41411232699386946,1.6287120871327427,-0.013622991853695199,-0.02248125175155939,3.2070290664685444,1.0271677147607803,4.039871222109664,-0.17682696773304785,-0.4595767956192124,0.4993029285329041,0.08640112263442029,0.33981734810468944,1.2872067193862367,0.970279607243717,1.699528971938153
1.1483655037392375,21.141996780946016,0.3623737423015582,0.9151996816505734,13.939025543531573,-1.8115520114138566,-7.766889967270493,3.2070290664685444,1.0916872081190871,16.62703362404419,-0.625451466038707,-2.928742169231593,0.4993029285329041,0.034822393980290106,0.5303653933781717,1.2872067193862367,1.076504935801324,1.699528971938153
0.5619257535048203,21.141996780946016,0.3623737423015582,2.223848077292204,33.870504738817054,-1.026847459236885,-3.358116075572371,3.2070290664685444,1.1884644368910138,18.10100732719407,-1.2461893431051023,-2.9793007211277125,0.41769090593431635,0.056200708927405314,0.8559696129819941,1.2872067193862367,0.6692007337983146,1.699528971938153
1.5012651907347419,30.072067452267344,0.4310487992585146,1.4854869277145035,15.989907475300964,-2.2425639106315987,-13.462484586536554,3.2070290664685444,1.1884644368910138,12.792732153362477,-0.9078704122181451,-4.874868790270473,0.48495087777832213,0.08037785712949322,0.865194081876543,1.0651573029585446,1.4874005381530793,6.076500351139849
0.5249289686079204,35.3487573684254,0.36932696860195097,1.4854869277145035,21.780948453651146,-1.069271418536525,-2.619551205876157,3.2070290664685444,1.1884644368910138,17.42585690656157,-0.9078704122181451,-1.9893970727689934,0.48495087777832213,0.13939988767889955,2.0439505130148214,1.1233602451623832,0.8430528077394505,6.076500351139849
1.5079247432943956,17.00696983421327,0.3633350580114819,0.1084422026584053,1.642909786027049,-0.23627932258610496,-0.4566802633803597,5.744116451230107,1.1884644368910138,18.00535036957802,-0.9078704122181451,-5.8090393515004,0.7598177309344856,0.07067853310335462,1.0707865651098314,1.1233602451623832,1.7528718830800136,8.414844451137585
0.6895512332381201,9.359099013768205,0.416300963983984,0.4239270151804296,4.892223122011274,-0.20273310219024426,-0.3092034517144514,3.9782637464259483,1.1884644368910138,13.715174993911873,-0.9078704122181451,-2.3184144697385163,0.6815450175130119,0.07067853310335462,0.8156478391236844,0.3415594856680134,0.21270820143800986,4.909900023468025
1.417563637128396,9.54692574114496,0.416300963983984,0.27956963434609045,3.2263030672344875,0.40917497673742836,1.0418476374008692,10.653747137709836,0.8252781833667002,9.52391535849546,-0.19932241207358892,-0.8719798754979983,0.6486614342005893,0.027963067409442002,0.3227007481101607,-0.3038561675985846,-0.2446868366695394,3.7444541425475295
1.8353115320092632,3.900529208773322,0.416300963983984,0.04211251205649249,0.48598885617389675,-0.28583026188395494,-0.36570521724451205,10.653747137709836,0.8252781833667002,9.52391535849546,-0.42927107677063353,-2.431359536612006,0.7607388313167482,0.027963067409442002,0.3227007481101607,-0.3038561675985846,-0.31679464773813015,0.8701168249575207
1.8353115320092632,3.043029170256892,0.40226479203084575,0.04211251205649249,0.5204956427285597,-0.05626172154491296,-0.07449572644344822,6.175597339357671,2.135451018077985,26.39341364102974,-0.4650005266505577,-4.3844085934407095,0.26670336818977575,0.04102719597225808,0.5070815226668205,-1.113867878397556,-1.4557351425672544,0.4907406654820544
1.8353115320092632,5.014942663299642,0.9489589583325643,0.02496622873811156,0.05544828025086952,-0.05626172154491296,-0.024314584406964015,2.6753126500227906,1.9137010862807193,4.250198748940606,-0.4650005266505577,-1.759413247995371,0.26037150595460234,0.23784229509926777,0.5282314110197383,-0.5842225588283887,-0.779292017009698,0.5695327043776827
0.8651776079843729,8.68690057411254,0.6517215027236097,0.021273614101444713,0.10017219083142413,-0.5247453019984049,-0.14369028822407123,0.7128219686180108,1.496494895511462,7.046624590282755,-1.1929282283220703,-2.739745067424798,1.6980960834376901,0.3859102649588883,1.817156056367589,-0.1797311328007496,-0.20961612837397461,0.7929318411564846
1.226185873589045,11.830079186209943,0.6517215027236097,0.0028267839090969494,0.013310626761911068,-0.5247453019984049,-0.07423421500506794,0.5107856264875329,0.42121908114765144,1.9834165448970045,-0.5154412585086021,-0.890107484876763,1.6056848691790904,0.3859102649588883,1.817156056367589,-0.07892361062664142,-0.1304545907556159,0.23250058663790082
5.2799059268306054,11.830079186209943,0.5770600762620097,0.006722601733473704,0.04037618867854085,0.5561265313931604,0.5900141944615778,0.7942302088430606,1.4942215499784057,8.974348566428558,-1.1319254771449994,-17.903811079976588,1.5938070491326,0.2903410689166088,1.743798940421358,-0.07892361062664142,-0.5502769667787515,0.1917075600656741
5.7235579861240495,24.558922416580035,1.139939246497808,0.01118461858994695,0.017214236378649432,0.6510016697120378,0.4888685180448971,1.0227310113675194,2.045663933021319,3.1484795132807206,-0.8315175715219623,-8.444772495598142,1.2335300734111962,0.32240540048677907,0.4962138609465874,-0.07892361062664142,-0.31820535066322736,0.5014267657158659
6.765665092936952,24.558922416580035,0.7473256594526265,0.006372510475110767,0.022820269324029016,0.07320299033390498,0.07481689855938507,0.9233938666684912,0.8305108108853221,2.974099525602011,-1.2245606164997211,-14.28790430030219,0.5601989723506617,0.40160922356007334,1.4381821231130656,-0.07892361062664142,-0.640360277754729,0.5014267657158659
6.765665092936952,13.850779432599666,0.7473256594526265,0.012298721527442175,0.04404231875234156,0.07320299033390498,0.10393801206049436,0.7609843026883535,0.8305108108853221,2.974099525602011,-1.9027023363155156,-22.200312934238212,3.1622619935911866,1.1305643787788355,4.048605916405046,-0.07892361062664142,-1.074410376401521,0.3629571279637904
3.7586529726425373,11.300650915918855,0.7306142204689192,0.028347010100895225,0.10620892478352105,0.07320299033390498,0.08966884146073956,2.0886511399996026,0.17402248475968043,0.6520173001913396,-1.225502651373458,-3.7194270479654836,1.863598430765276,1.1305643787788355,4.235932701236009,0.12909035913014782,0.9986207020482383,0.8467746615841838
0.6559775495759462,1.3150936109785945,0.3916029064780317,0.05865520854525603,0.764970638127361,0.07320299033390498,0.04199911909544104,2.089911366676102,0.03307427808217773,0.43134876232865416,-0.9268593154045455,-0.3993163322831151,2.776221854955589,2.8163166806415356,36.7298935898734,-0.7126527660388298,-2.8331970854720656,0.8467746615841838
0.6559775495759462,3.671087527662455,0.4997092418966335,0.07069498028537839,0.5662181809075542,0.07320299033390498,0.03613347278332559,0.42751935483611125,0.04944019433760531,0.39598196065053193,-1.8144646103539706,-0.7489885508548445,2.2353402316414517,2.8163166806415356,22.556760060406546,-0.7126527660388298,-2.2202675481544336,0.8467746615841838
0.3554586946161299,1.3704233905848924,0.8106257805137939,0.10133050916886265,0.30841067183973964,0.07320299033390498,0.014450492957061615,0.42751935483611125,0.04944019433760531,0.1504767288412441,-1.8144646103539706,-0.2501913638453305,2.445031582934037,2.8163166806415356,8.57177297059338,-1.189101293181018,-1.237494630034214,1.120133469594149
3.4793917612970113,1.3704233905848924,0.9167926179053334,0.2369538676246042,0.5638344170088048,0.07320299033390498,0.19125286256147578,0.4194209397542531,0.06534297645379739,0.15548435399592245,-1.8144646103539706,-2.489402834089075,1.8599391571424848,2.490450356500479,5.92605488538146,-1.189101293181018,-10.071751848841851,1.120133469594149
0.9028485221953668,1.308426908661816,0.9140099111714495,0.2666519974944348,0.6383708195458611,-0.8768847860566595,-0.6325486600259292,0.6456452530003266,0.06534297645379739,0.15643254062346604,0.2301937509165204,0.0822000289558577,2.02772468478345,2.490450356500479,5.96219360835905,-0.5214047578756257,-1.149457500933405,0.5100027926854301
0.874753662002127,1.308426908661816,1.2609588002475505,0.31586770425570565,0.3973135950121283,-0.8768847860566595,-0.48349837328083184,0.5539455582245056,0.0989235505029201,0.12443080109849203,0.2301937509165204,0.07103023433904546,2.02772468478345,2.490450356500479,3.1326082755817803,-0.9023946906221716,-1.3971252643502092,0.45377740979285686
0.874753662002127,1.308426908661816,0.47870152888456075,0.31586770425570565,2.7568020974248926,-0.8768847860566595,-1.273594279329872,0.7183194158942499,0.067042899105563,0.5851310608255165,0.7022569550682565,0.4699031914686059,1.743349647962308,2.4344284536937875,21.246988459892997,-0.29881986289569806,-1.204880352059847,0.8089881816650903
1.904342449509053,1.308426908661816,0.36152313191880775,0.9220440694528016,14.10943077512138,-0.9133615581278947,-6.533449277702256,0.7183194158942499,0.067042899105563,1.025913158852338,0.7022569550682565,1.354554232361114,0.506387531704759,3.5018114437612837,53.585905262207056,-0.29881986289569806,-4.165621406541788,0.255014473236757
5.801703617271516,1.308426908661816,0.39757648475979795,1.2814466239024238,16.21396151606478,0.0739867028446719,1.7284379038503113,0.5090038856834299,0.053589263672239935,0.6780573163553857,1.0949428267845636,5.23094537538331,0.34131256273943883,2.837771392333984,35.905917022569916,0.5625491492593852,19.55685530631708,0.255014473236757
5.801703617271516,2.453761848096933,0.47472989602286925,1.542439280341336,13.688154795988748,0.0739867028446719,1.5881139720003146,1.1600049864671604,0.07026104460139009,0.6235215005798261,-0.18582265937321307,-0.8512946946560751,1.379653379745815,1.1268946224409007,10.000463698852913,0.6840549618991791,12.550372187429478,0.255014473236757
8.238335750580148,0.9000814268276716,0.42017092457499766,0.7701668205948906,8.724947208945679,0.21345591493682542,5.194324593456516,1.1600049864671604,0.07026104460139009,0.7959624961758228,-0.18582265937321307,-1.365791675258654,1.4300802536651873,1.1268946224409007,12.766190165459404,-0.8905160568085797,-26.212708431465742,0.255014473236757
8.238335750580148,1.0482052209772903,0.5473425862167784,1.1588393590648407,7.736325838608013,-0.06237492838228348,-1.4292787078804725,1.1600049864671604,0.028753702663737956,0.1919575919932845,-0.18582265937321307,-0.6707193029384606,0.7799206203280497,1.1268946224409007,7.523065139945907,-0.438909845103455,-9.91772863601346,0.255014473236757
10.501471474864035,4.482509687871772,0.5130564146977784,0.9078375381008029,6.897756961753094,-0.4521851846557117,-12.471549942749037,1.5078890356150332,0.02394759024264537,0.18195398447500205,0.40248994248240844,1.802959514658957,0.7799206203280497,1.1268946224409007,8.562154461430474,-1.2738700766555808,-39.14414597122059,0.31849249243317423
9.293991937271787,12.05684434225928,0.5130564146977784,0.9078375381008029,6.897756961753094,0.3683651519986096,8.991554353604794,1.5078890356150332,0.02394759024264537,0.18195398447500205,-0.05089094461170229,-0.20175466653966265,0.7799206203280497,1.1268946224409007,8.562154461430474,-0.007177190451320925,-0.19518583242052842,0.21948468775568555
11.809688424206659,12.05684434225928,0.28443278935143057,1.0669791059510096,26.377072314552226,0.1537630678610917,9.326179502557858,1.0389922533989215,0.02394759024264537,0.5920147040053896,-0.05089094461170229,-0.4624291455812006,0.7799206203280497,0.5354912740434769,13.23802123254045,-1.0835258301466715,-46.55745640935934,0.21948468775568555
5.600764431097186,12.05684434225928,0.34571082388887175,0.5826229413349265,9.749708311535299,0.1537630678610917,2.689026940959462,1.4265225655316276,0.02598604362106241,0.43485473623076343,-0.05089094461170229,-0.18795761298402683,0.5297432640650382,0.6878439265260383,11.510493617234378,-1.0835258301466715,-20.58891921959312,0.15609302090414195
5.600764431097186,4.841426971341951,0.7959346159790327,0.4363350660344149,1.3775117946167534,0.9995679843417943,6.570634460379984,0.9593827506707521,0.03788883658202296,0.11961522998916341,-0.05089094461170229,-0.0985782396430495,1.76983332420907,0.8658415498526343,2.7334657240158218,-0.935347191846706,-8.661178108464238,0.3326758946875819
5.600764431097186,4.217578700842091,0.436382077304495,0.163911505459841,1.7214944390303462,0.9995679843417943,7.345349351871204,1.687050802122099,0.013278239219581961,0.13945582961060288,-0.05089094461170229,-0.10644031606263842,2.0050362273698266,0.6720946345507676,7.058730701273137,-0.2687319289622899,-3.9988018354050205,1.4179851533788246
3.465875154405445,2.7142585091802354,0.8545208980532932,0.163911505459841,0.44894595023678024,1.2059304579309904,2.8004782761691973,1.3675989501843264,0.025090165226654335,0.0687207895362654,-0.8533380200103351,-0.775314811653457,2.0050362273698266,1.7484640502110018,4.788961289048422,0.36771386938186,2.7889683696615797,1.190592252340511
1.8004865829194205,1.6566340705100733,0.8545208980532932,0.163911505459841,0.44894595023678024,1.676416811532195,2.022408705092299,0.25566579036708453,0.05602434385698768,0.15344805856492957,-1.2874822525310374,-0.9080543423965389,2.0050362273698266,0.7175822764424427,1.9654243066509678,0.36771386938186,0.9281711421219236,1.8905668840315508
1.8004865829194205,1.5356591353841047,0.8545208980532932,0.5327048947625439,1.4590538016475507,2.173742944802192,4.727523845533926,0.25566579036708453,0.05602434385698768,0.15344805856492957,-1.2874822525310374,-0.9080543423965389,1.2521556449546187,0.18736464721055576,0.5131830090068386,0.26931216551018305,0.34736175142277126,2.216188070203113
1.8004865829194205,1.5356591353841047,0.8548613547445761,0.47751795982461154,1.3068578076032962,2.3330621713729354,4.8020908242743365,0.4089318165287313,0.13616219016278688,0.3726448768125085,-1.2874822525310374,-1.4150725874999606,0.9740536533769971,0.225403089610596,0.6168768764712135,-1.2698124141835,-1.7956789992193207,2.216188070203113
1.8004865829194205,0.39332245574915115,0.8548613547445761,0.4702992946713362,1.2871019665465604,2.3330621713729354,4.765655867594682,0.25911910971713076,0.1823437000922831,0.49903314258671794,-1.2874822525310374,-1.6375547736429599,0.42060328331650876,0.225403089610596,0.6168768764712135,-0.9717822105164414,-1.3742257421237751,2.216188070203113
9.705465055114258,0.39332245574915115,1.0628977295652988,0.8649702915205519,1.5312574979170477,2.608975453471653,31.333611720300507,0.25911910971713076,0.5967663146821142,1.0564558145169538,-1.2874822525310374,-12.843496457436894,0.2460579450124905,0.9383015467936358,1.6610758692176193,-0.9717822105164414,-12.155701572301995,0.9315812369025848
4.25296833079041,0.9372309038261356,0.639802632725973,0.8385605506846658,4.097060504448475,2.608975453471653,22.459409344320658,0.25911910971713076,0.3195357585219135,1.5611959505252417,-0.4780844470793534,-2.540536696656063,0.3134490694419383,0.9383015467936358,4.584377604565765,0.7913053796481667,7.205704667735088,3.6771375693340107
6.690090306826211,1.0837723294155477,0.5849331699733917,0.48451802986238673,2.8322229579722453,2.608975453471653,29.37417599825784,0.15412493627194956,2.7784073567247143,16.24102431141664,-0.4737294066178367,-12.772297701133962,0.27018741896110005,0.9383015467936358,5.48478904507348,0.7913053796481667,12.398126484774963,3.0547936773719693
3.2898514994033072,2.780060882126908,0.9162178383595889,0.5617150125000685,1.3382847854841375,3.0826851741737307,11.732207590998723,0.36882240391489296,2.7784073567247143,6.619549434565682,-0.4737294066178367,-4.009782849399083,0.18792749478477722,0.3145819028914529,0.7494906937852732,0.7913053796481667,2.2537385607313336,0.537700778663194
1.163348047251084,2.780060882126908,0.9162178383595889,1.1380568873222596,2.7114180383751623,2.743107065082151,5.254733127529524,0.2108790653759006,3.151664713868819,7.508834269437197,0.09503326817454916,0.30295044131560017,0.3603221874232292,0.1918546802276319,0.45709335491996106,0.7913053796481667,0.62238087278547,0.6356851336407917
3.947475376030023,0.853998766997365,0.9162178383595889,0.38778721330826516,0.9239021853197841,1.5911465859384875,6.037298069352824,0.38594604801507554,3.151664713868819,7.508834269437197,1.2386555532267907,13.398501929262519,0.3603221874232292,0.1918546802276319,0.45709335491996106,1.0780319326528445,2.87709040612954,1.0533946298887509
2.0688012561880447,0.853998766997365,0.9273191637829312,0.39314333771212434,0.9143710055671646,1.7103982869675474,3.3835862175829177,0.4947983463295961,1.277428274711398,2.971036932445943,1.3339443601471537,4.756752024396344,0.3603221874232292,0.15357279829040169,0.3571789231320538,0.21195850772820468,0.26206712015252537,1.0533946298887509
0.9140905031845455,2.2850267363230574,0.9273191637829312,0.39314333771212434,0.9143710055671646,1.7103982869675474,1.4950223076998805,0.6249873657202372,2.982851792612109,6.937503275372027,1.1120575979276246,2.677429716052798,0.826146742998609,0.495718212173474,1.152939186966255,0.21195850772820468,0.20803827806300465,1.6739132214367327
0.9140905031845455,2.2850267363230574,1.3140343541537658,0.6062936299617353,0.7022626352178125,1.7103982869675474,1.31019588396618,0.6249873657202372,2.982851792612109,3.4550014330121863,1.1120575979276246,1.8894725830639245,3.096117853313975,1.1439820656987723,1.325060697322912,0.1061815772881935,0.11172651581618734,1.5200471057309548
1.0813793275667338,2.2850267363230574,0.7121290890086673,0.6062936299617353,2.3910879381591013,0.9971673847001794,1.6674157619909609,0.6249873657202372,2.982851792612109,11.763707534056065,-0.10176242852946071,-0.37743105854404946,0.19675542891148148,1.1439820656987723,4.511612168736297,0.6941113573788233,1.5943111863762849,1.580529524346101
0.965031980292173,1.1340784922417273,0.7121290890086673,0.3663233796750091,1.4446983628409094,0.9971673847001794,1.1566404096332985,0.15966035957894764,3.00384693001822,11.846507710952059,-1.3687862556197974,-4.546450972098663,0.19675542891148148,1.1439820656987723,4.511612168736297,-0.3017257591982161,-0.6184719024078343,1.580529524346101
2.8163655053733545,1.1340784922417273,0.7121290890086673,0.3663233796750091,1.4446983628409094,-0.49342804045924304,-1.6703267359649137,0.15966035957894764,1.3203760169241292,5.207270886387339,-1.7978706894747947,-11.554537169437621,0.13719093154364642,1.1858752858004724,4.676829760222689,-0.3017257591982161,-1.8377108776928985,0.7473007163555218
3.685883543294671,2.358870814250366,1.248116494877469,0.5089812566571094,0.6534638087484484,0.8438985436278053,2.5144477571669674,0.15966035957894764,1.3203760169241292,1.6951860794760283,-1.3709098332958367,-6.578989445501231,0.13719093154364642,0.1454322164924526,0.18671550054329408,-0.3017257591982161,-0.4805562000002142,0.4831609775295942
2.2582586995057357,2.358870814250366,1.248116494877469,0.5089812566571094,0.6534638087484484,0.8438985436278053,1.540546101193256,0.1354032754504066,3.2655355381570406,4.192510554087233,-1.9545105099216902,-9.037509863990826,0.12372328567239668,0.1454322164924526,0.18671550054329408,-0.3985857599631577,-0.3889427293007871,0.3871469783559292
2.402207155752896,2.5402893543177885,1.248116494877469,0.42099870106251625,0.540505983425232,-0.2894028050816717,-0.5111089025164257,0.1354032754504066,3.2655355381570406,4.192510554087233,-1.6228821916212777,-7.98241923745874,0.46886672895714704,0.18801977665537967,0.24139222764351842,-0.8401642013808404,-0.991599434247094,0.3871469783559292
0.6483581234780336,7.221713173781721,0.7206210357039481,0.18024134804214445,0.6941775296024147,-0.2894028050816717,-0.15633383033305323,0.1354032754504066,2.0995646097446534,8.086216563873082,-2.0697393158745747,-3.815955400817037,0.8984538285024696,0.11470265399272485,0.44176325716834086,-0.15619587010399105,-0.06730995482182392,0.3871469783559292
0.7102462508927277,75.13032792422949,0.9298487789944858,0.12985893466075277,0.300384266223181,-0.2006640147718482,-0.07811187047544264,0.29253471872349385,0.4486791916365996,1.0378659743471879,-1.2034606952807263,-0.8707861199555512,0.8984538285024696,0.22728083173669072,0.5257365313074127,-0.1421174936345691,-0.07318811593794977,0.7613149104357201
1.3468285964344413,75.13032792422949,0.4772121461690822,0.12985893466075277,1.140456837801888,-0.9185679932831508,-1.3211832662009784,0.29253471872349385,1.016347154239936,8.925839909756627,-1.2034606952807263,-4.842490601057556,0.6395653884215475,0.22728083173669072,1.9960427007395467,-0.6243207539807869,-1.1879687459797503,0.7613149104357201
3.7303389295691747,75.13032792422949,0.48265554241617514,0.39224800761629464,3.367566237371195,-0.9185679932831508,-6.288074443830727,0.7299260071326884,1.016347154239936,8.725643714205376,0.6312633567812904,6.955968567734118,1.0611656969961443,0.22728083173669072,1.9512737872382964,-0.5700296144223711,-2.9703307871540505,1.5103740068391482
9.606739531340814,47.22862922730234,0.5463751973948935,0.46829306115507596,3.1373701890670587,-0.36515258155380004,-6.213456667929218,0.7299260071326884,1.016347154239936,6.809106365126317,1.4773701367336582,37.03483302973668,1.0611656969961443,0.22728083173669072,1.5226877465966284,-0.5523825660875201,-6.548192008228036,1.0370085908447741
3.970136787676588,42.81526863906981,0.9623215048398224,0.5509768322751699,1.189934212794763,-1.0562484446306275,-4.574388312961051,0.2553357897366062,0.5635458957223958,1.2170793806902662,1.4773701367336582,6.4707443040404335,1.0611656969961443,0.24991728187664844,0.5397416128110009,-0.5523825660875201,-1.611158937223524,1.0370085908447741
3.970136787676588,67.73197386752852,0.6780247981356671,0.5509768322751699,2.3970228681734107,-0.33839229833670725,-2.0799937455200834,0.2198102945976289,0.5096771469212547,2.217348725010418,1.1466994673987985,6.779100639549641,1.0611656969961443,0.24991728187664844,1.0872642999095907,-0.8716450808437162,-3.6083837467871036,1.0370085908447741
3.623451576884181,12.454913872799722,0.6780247981356671,1.0734197918851942,4.669909218639769,0.29990911386881736,2.348369031283258,0.3930858188512575,0.477896327665638,2.079086377008545,0.19902505885613742,1.0398399273108572,1.779474223681048,0.529996745532474,2.305749070887161,0.14597770131854637,0.80318391716383,1.2920771078953361
3.623451576884181,12.454913872799722,1.135017787163803,2.220486765979017,3.447250551501609,0.7362160341488082,4.952952448644688,0.5189311428641976,1.1934956453764483,1.8528723452781926,0.19902505885613742,0.9816416405454107,0.6455484473767911,0.47695615302307826,0.7404625808818848,0.14597770131854637,0.45515628150162707,0.8369822912010517
18.899555616026177,8.612805468635234,1.135017787163803,2.4577324836165872,3.8155686354001728,0.7362160341488082,27.179189371346947,0.7804414815520938,1.2607544194082303,1.9572899213821224,0.2709497855830176,7.164204667815926,3.988360723336376,0.5502357934359207,0.8542274024955064,0.4999505579037934,8.733038998616058,0.6411024380812387
18.359033470075904,7.75206377535178,0.8443860450764645,2.950254789034562,8.275751190984392,0.3070096742524093,16.21457564102956,1.2558827150364054,3.2988087763556897,9.253478974502071,0.4074431201975025,22.75460620077731,3.988360723336376,0.5502357934359207,1.5434648355709244,-0.2120711730227811,-4.837041593996625,0.23581518052196387
18.359033470075904,14.30669154574023,0.6813524676717818,0.6651823906157267,2.8656759107905616,0.27815029578181943,8.644559665404449,3.5062195379469987,3.2988087763556897,14.211616209437711,0.4074431201975025,28.199313642762466,1.9383056092747795,1.779083663081454,7.6644801012461095,-0.04320270627134623,-2.1958472023476823,0.47289844573363493
2.1415265425946277,14.30669154574023,0.7557114343622059,0.29053371942578576,1.0174534596475708,0.27815029578181943,0.6008419736803953,4.798913356001354,2.8073250699122805,9.831294661366252,-1.1484011546115283,-7.71120836574001,1.9383056092747795,2.508685764615244,8.785455317961457,-0.04320270627134623,-0.27423100236012843,0.9001304279000426
2.1415265425946277,6.493093901645278,0.8046523029849445,0.29053371942578576,0.8974495051637371,-0.6199720392262837,-1.2577681005234824,2.0705749158076974,0.24299303453848128,0.7505978274597485,-0.7958528028086128,-1.4765897968324795,1.3795684807317106,4.5570464678754306,14.076572955751676,-1.2783553372214638,-10.271255162514592,1.8016437209188803
2.1415265425946277,2.2489111061222062,1.3626235244840932,0.29053371942578576,0.31294986958269716,0.10524770389119753,0.12608791954424622,2.0705749158076974,0.11388310822683638,0.12266976768720464,-0.6710773952096859,-0.5033439385692492,1.8844865074046495,4.5570464678754306,4.90864571803411,-0.5785273222276592,-2.7449104449921613,1.6850456424483569
1.0191538457360316,0.788361596242115,0.8791076083328846,0.7425188603075247,1.9215576015792677,0.10524770389119753,0.14868908241563128,2.359923105733676,0.10161765907016966,0.26297538780375695,-1.2804872587301042,-0.6692256237719214,1.8844865074046495,2.228967163288585,5.768323237626388,0.14718141603423618,0.36026122297226626,2.776605894653199
0.8195922610352425,1.9540855056668678,0.7890856117434449,0.7750022269185998,2.48934274829113,0.7446995223183539,0.962988881274699,1.2645191280590153,0.10161765907016966,0.32640058817691153,-1.2804872587301042,-0.5995819865842195,1.8844865074046495,2.228967163288585,7.1595449037261645,-0.6627998278525011,-1.4535264681940931,1.383658577281052
0.8218733340763076,1.9540855056668678,0.6461857859072491,0.3280292566202337,1.5711866274249644,-1.0190858053707488,-1.0498555038584079,0.9668753384178587,0.21460652895792204,1.027917180104285,-1.2804872587301042,-1.0669872102718898,1.8844865074046495,2.228967163288585,10.67625319769225,-0.6627998278525011,-1.779904533750862,1.6151431348450374
0.8218733340763076,3.0335811841132525,0.7382959190093826,0.2629759378267196,0.9649061457942495,-1.0190858053707488,-0.8227316005661327,1.8418780602385079,0.10768701875650533,0.395123094071366,-0.9869648799173882,-0.509885657454595,5.421069715847562,1.6401702864375844,6.018080599357175,0.07789045593059596,0.1570428382803442,0.4382222113968232
1.6840446707691494,3.6568161162000705,0.859103357359561,0.8194510465038963,2.220558286928657,-0.6152918155647934,-1.54406590862738,6.068360137265059,0.31208244388364464,0.8456847543576597,-0.7591016770294713,-1.1755952129210487,3.993369127577421,0.9221186796001213,2.4987682720691047,0.16019794181253538,0.4264553143986829,0.5906327753950065
0.46843015638869223,3.6568161162000705,0.859103357359561,1.7602941569581612,4.770066246595431,-1.2609560565748033,-1.2900513672544094,18.72478434411768,1.231865792453043,3.338124718353795,-1.485699937598194,-1.271531813352224,2.3585505744014887,0.9221186796001213,2.4987682720691047,-0.5185589708873177,-0.3839776880439547,0.6132306254856746
2.3995076183212714,0.41703472110572204,1.0838526136050899,1.7602941569581612,2.9969174787908917,-0.692441182538261,-2.876354530837541,18.72478434411768,1.0575923411383918,1.8005609801432518,-0.8833788171993444,-2.8442844782081678,0.16689301642665846,1.8174925762884855,3.0942983295837365,-2.064778192960941,-8.715185379372134,0.257305594967575
2.3995076183212714,0.4012786348086179,0.5385040126458553,0.9434380649429073,6.506770707494387,0.5159860929361935,3.1582236478059365,18.72478434411768,0.3454086523472064,2.382238945747778,-0.7718581058200095,-2.858592583850318,0.16689301642665846,1.9957803616158318,13.764639861483975,-1.4687309804225606,-13.075154078016679,0.6896143414796293
2.3995076183212714,0.4490136875950265,0.5385040126458553,2.086193872026672,14.388210186832884,0.8316957645874297,7.569897687077615,18.72478434411768,0.3454086523472064,2.382238945747778,-0.8704585140399855,-3.2237612509627733,0.16689301642665846,0.8797284336416368,6.067373593745896,-0.5580690603520182,-3.298454117982445,0.6896143414796293
5.473636910245876,0.909784706303787,1.0404041985586956,1.3264032368108103,2.4507633465225753,0.8316957645874297,7.126744077179978,8.111512009076142,0.6969165999487325,1.2876760334543011,-0.8704585140399855,-5.406638955412775,0.16689301642665846,1.0372232541133695,1.9164524503527656,-0.5580690603520182,-4.2287591961499595,0.8757214789292664
3.4326551121264712,3.129553947712715,0.9388669608051118,1.3264032368108103,3.0095215403885165,0.8316957645874297,4.952715584200531,13.750008448480912,0.6034340811167598,1.3691521664949535,0.3933248443797762,1.5798192791875123,0.44322597607927494,0.47634129689796506,1.0807870139384328,-0.5580690603520182,-1.9915360648980933,0.5033330711047297
1.5456435323709343,3.129553947712715,0.551845254991288,1.290841049542863,8.477506631064182,0.8316957645874297,3.742897205608859,13.750008448480912,0.26167509235964714,1.7185325268737353,0.3933248443797762,0.7969656416088662,5.189807766504242,0.309107822234834,2.0300436011371206,0.13643379043762538,0.300458136137409,0.5033330711047297
0.654598075455261,0.6687614013735466,0.3795704194536108,0.46484840059258875,6.452924994183037,-0.5891404152984934,-0.9796520446357342,4.633633407542415,0.26167509235964714,3.6325170565073104,0.3933248443797762,0.4907156793012044,3.2688161956258845,0.309107822234834,4.290967957411207,0.13643379043762538,0.1850010975110551,0.8445622924793649
1.2236580245739086,0.9611122130645844,0.4815402588915224,0.7145913216093268,6.163430872721858,1.1865894533723174,3.6047222833118786,3.1611547604038153,1.217316649042761,10.499493612224894,0.3764589665866517,1.4926634036739677,3.310671985195151,0.309107822234834,2.666089885154757,0.13643379043762538,0.27259595126254693,0.8445622924793649
2.335483776002676,1.2418852851640854,0.466928475132307,0.2510852702133875,2.3033000234758787,0.05995224185330006,0.21249931697266183,3.1611547604038153,1.4673045523384736,13.460138888176292,0.5492078897534328,4.705853391677857,3.310671985195151,0.31938639137682323,2.9298520065749747,1.013581692807727,4.051897535092595,0.5237959942675608
2.335483776002676,0.3635235137572927,0.8096851327746181,0.22760431417933502,0.69434954540755,-0.42163986667829084,-0.8205548179050274,3.1611547604038153,1.4673045523384736,4.4762870711136555,0.5492078897534328,2.713767191010003,3.310671985195151,0.44387125652460063,1.3541123168012303,1.013581692807727,2.754627993761101,0.38994127881397206
3.059728228398909,0.6751213223928207,0.4073227282343573,0.8620402602784989,10.391548215747195,-1.4116934324659103,-13.9239795261211,2.1352080109974922,1.4673045523384736,17.687765531837897,0.5492078897534328,7.067341984778624,0.9680628517374859,1.2325829111157942,14.85829066339407,1.013581692807727,11.954351898924397,0.38994127881397206
5.635156934212617,0.44752247383981925,0.4073227282343573,1.2758033138602771,15.379295214710742,-1.4116934324659103,-31.197128827065747,0.5184570355388928,0.8549649118669224,10.306257739710317,0.21286917304371095,3.8509624848375172,1.4890587404501539,1.2325829111157942,14.85829066339407,1.013581692807727,22.016546558611214,0.2707238946447351
15.486581130818937,0.44752247383981925,0.4073227282343573,1.638040133958618,19.745914217348453,-0.9152112360206845,-62.98186523819377,0.5184570355388928,1.6240920253265438,19.57777538434099,0.0984655206054416,6.747166140702712,2.5134525640399743,0.6680363184552055,8.052908817570525,-0.44513455652244693,-19.562450386259595,0.3799636887274435
15.750120162816136,0.44752247383981925,0.4073227282343573,0.8394097965691799,10.118747088449346,-0.9152112360206845,-45.85308764142592,0.5386190112100944,1.6240920253265438,19.57777538434099,0.3468180603871086,24.16947669321083,1.0310471347697494,0.9094820838674377,10.963440295483887,-1.4877757646975334,-77.58803970785438,0.5264678724222288
38.58112773346992,0.5492529115137361,0.6684123648882211,0.20815312613695008,0.9318027392860144,-1.3441462301564695,-50.05914501029097,1.6542044304962973,0.8917290063460988,3.991847474187857,0.22634189441235436,17.4472439666131,1.0310471347697494,0.4714843394217584,2.11061158271821,-1.4877757646975334,-83.3904959082153,0.5207132306062962
20.865554313486747,0.5727043850185266,0.8093390419887575,0.25725639056173544,0.7854800980691591,-1.3441462301564695,-24.856732455575738,1.548808634329865,0.8917290063460988,2.7227132660393893,-0.5056846736204113,-17.410477069433636,0.831729523686621,0.43789020177996785,1.3370087245903117,-1.4877757646975334,-35.895047073223616,0.23620158500308625
4.605461445137159,0.8433792338197124,0.6304445329574653,2.460485378344176,12.381036907524441,-0.6292611422364909,-10.197238437200633,1.548808634329865,0.8587508526137196,4.321190483047567,0.2601239611361088,2.4903203366968643,0.831729523686621,1.0712332811444403,5.3903912240857785,-1.3485593760623302,-14.419605109303347,0.23620158500308625
1.5717950721760532,0.8433792338197124,0.37018579472022944,1.8594660199632655,27.13805656308101,0.541182994674386,4.431282482516518,1.548808634329865,0.8587508526137196,12.533076142088127,0.2601239611361088,1.4474551662867812,1.9041509747069705,0.4293251084336209,6.265803704685425,-0.2646919700679897,-1.0414180047770232,0.23620158500308625
0.7821428398942565,2.9538854952855917,0.5885594325220419,0.8409660462532033,4.855431245136994,0.541182994674386,0.9327046024391313,1.750079745706345,1.540649468097592,8.89514814365342,0.6252398529779499,1.4585096903262178,1.3597507799230073,0.7105759871496093,4.102606597997516,-0.2646919700679897,-0.41933081417839574,0.19957500122077865
0.43656090511400386,1.949290837833279,0.4430345268874353,2.058843623262582,20.9786825225499,1.4225002341071225,2.844371333797834,1.750079745706345,1.540649468097592,15.698519161225583,0.8191569854012632,1.4169069285786353,1.3597507799230073,0.38510011598469424,3.9239954804521227,0.6194910550354186,0.5357277345592285,0.19957500122077865
1.2187242687014925,1.4317291074541685,0.4430345268874353,2.058843623262582,20.9786825225499,1.4225002341071225,7.940482835477465,3.3520607091307513,1.3046551630600394,13.293844252177774,0.2693172903315483,1.196726722725344,0.5402715308050801,0.38510011598469424,3.9239954804521227,0.6194910550354186,1.4955631250427774,0.17221473200035814
0.9503412962468072,0.517765129401277,0.29035804672895765,1.800320050242349,42.708270186182695,1.4225002341071225,8.834621317491765,1.4575244736754012,1.3046551630600394,30.949810949595182,0.6344988865194914,3.354590139936647,0.5402715308050801,0.3046917487573326,7.228080100356011,0.05696761539416573,0.1455523161288974,0.2826077311996574
0.9503412962468072,1.2355661082701923,0.31869176676776245,1.985232844127066,39.093068420719945,-0.10817600683276596,-0.6427771465949078,0.3735581573740056,1.034025434968781,20.3619576401749,0.3905899498979486,1.6749831050616093,0.23170410621617354,1.4049924777107352,27.667015093080476,0.8029880857474985,4.013930574428948,0.45407106191130686
0.9016389247569068,1.0505597260412727,0.2629530000603195,1.985232844127066,57.422908654644345,-0.10817600683276596,-0.7391050880581862,0.7533602991479257,1.034025434968781,29.90921104012863,0.3905899498979486,1.9259996126507313,0.28039437164769104,1.4049924777107352,40.639441840144215,0.8029880857474985,4.615466692288055,0.2583131665833396
0.9016389247569068,0.5243627742137281,0.2629530000603195,6.272218532459186,181.4240747209391,-0.5131385325634432,-6.231817676042975,0.9966663909150161,1.034025434968781,29.90921104012863,2.545421784055688,12.551478529862033,0.28039437164769104,1.8023546490766549,52.13315238228951,1.1959088993083469,7.785522128174681,0.2665703520432464
0.5016067879826758,0.5243627742137281,0.30464358420465687,4.688329409500228,101.03318437427967,0.7507892164210941,3.785414591400723,0.5919776363667926,2.7558160645256677,59.38765138486801,2.139758416406225,8.271346670796639,0.26136478710939126,1.8023546490766549,38.840621821283946,1.2914826605028316,4.037337649403077,0.2948815534677338
0.3746983752901255,0.8472622661026331,0.48220387191346314,4.688329409500228,40.32614686147395,-1.059038991221155,-2.5199221486651906,2.2644670198040906,0.6791599878896117,5.841719517100417,2.0258411220709207,1.83466824033074,0.24264863567909054,1.0559632156719847,9.082750804415436,1.2914826605028316,1.45840817199526,0.2948815534677338
0.3746983752901255,3.092066301174285,0.5777521446949275,4.688329409500228,28.090856509453058,-1.059038991221155,-2.1031790676406237,2.2644670198040906,0.7953793220352765,4.76563919775013,1.115526022645411,0.912477355114749,0.22215955507898316,0.6453873462447284,3.8669388929115267,1.6089864519902992,1.1855444775234525,0.8585292673383533
1.7500345877248702,3.3763200917256233,0.3831319947618986,4.688329409500228,63.877994468604015,-1.059038991221155,-14.812699701782902,1.8440624487282264,1.726701571320588,23.52612706740333,-0.18426167951274475,-1.564072487497749,0.2737205914717719,1.620217574038242,22.075293818439786,0.9477254795966009,7.792600917832492,1.7330800943360087
1.7500345877248702,2.1490238057605744,0.6894407105206481,2.1904951619080317,9.21676353375487,-1.059038991221155,-5.626622841406173,0.7055791643758972,0.5388211874318602,2.2671529058346183,-0.18426167951274475,-0.485536701236761,0.6752541821253443,1.0189870396989293,4.287506657026906,0.9477254795966009,3.43424751483535,1.2117720137198746
1.824039946560105,0.9314903534306055,1.2126577279105477,1.9602426261775032,2.6660196558585256,-1.059038991221155,-3.154118231498054,0.4252682921125157,0.49365530478116104,0.6713938000276053,0.36096243175954446,0.5394920038995729,0.543594500403563,1.0189870396989293,1.3858689942886901,0.9477254795966009,2.0350636226017316,2.003780684970214
1.2574192366161565,1.6856815081922043,1.2126577279105477,0.7961165675401698,1.0827549554697427,-0.7382955135276718,-0.965996203213037,0.3119926598952134,0.46843312962379974,0.6370904878584601,-0.1392532826200964,-0.139761033064824,0.1246773047479208,1.8304118596970287,2.4894438734784208,0.49502340278979495,0.982102916839765,2.003780684970214
1.6468243636674005,0.8552520109557926,1.725750735448171,0.26391076371290756,0.1772274402384863,-0.34227604279659374,-0.23729537198363962,0.3119926598952134,3.2789843627373614,2.2019791728621514,-0.11297873617302182,-0.27608995068166253,0.9606410653599469,0.7111068815776582,0.47753888695149466,0.29622743064977486,0.3371141070316284,1.2761266948076124
1.6468243636674005,1.8254532809461335,1.725750735448171,0.7111114714139205,0.4775419692241554,-0.34227604279659374,-0.3895198181055516,0.8548337985384654,0.6651045435670891,0.4466463363942624,0.28932028013140476,0.31842565323777006,0.7257019287543481,0.2831103712204376,0.19012080329905764,-0.722005577702633,-0.51844495942147,2.2943898239772125
8.820790790849141,2.9128482853193973,1.725750735448171,0.7111114714139205,0.4775419692241554,0.2988348916733231,1.8215646878172318,0.37162617664388453,0.4891245010998512,0.32846816123859973,0.255234854112087,1.2903102327468945,0.771357955130658,0.46566097129642914,0.31271139077756777,-0.722005577702633,-3.561393197975436,2.2943898239772125
1.0512938640545464,1.135497327518615,0.815386422506663,0.1925266675060054,0.5791538374269342,1.017880283195212,0.8143625633927931,2.988564673675715,1.6067985896522585,4.833530758227371,0.09702335971814152,0.22425011900643393,4.098415772553943,0.6501630205352571,1.9558039058892214,-0.722005577702633,-1.061517936431537,2.979600570442805
0.5486751617664113,0.5331392685263988,0.815386422506663,0.1739315797540668,0.523216566147412,0.6314005104949472,0.25058840518286507,2.0784695601738368,1.4219427920015901,4.277452236914671,0.876281073230377,0.9943775626764547,4.098415772553943,0.6501630205352571,1.9558039058892214,1.5847317150928215,1.2160003625595814,2.6114795171259506
0.9284588689487127,0.47744515307678487,0.6282768208523675,0.5107359728746278,2.5877622220736183,1.17683485608638,1.757682287946269,3.6741696967995647,0.42531502288148737,2.154957173857149,1.0523656180997203,1.4343285457258657,1.8321942896658516,0.29405512209404594,1.4898984535577433,0.8603528878703607,0.9750292056771879,1.2915863345156031
2.2722428397598935,0.7747617831342838,0.7460018082800307,2.023009307518892,7.270229427852671,-0.17738520715224326,-1.0867914201071838,3.6741696967995647,0.9516527559477562,3.4200207807614653,1.427900178116344,6.000217092696654,0.6420169638190931,0.14424759092235223,0.5183926126898185,0.8603528878703607,1.4075400671939793,1.0696029170886412
2.2722428397598935,2.0977491299059947,0.7460018082800307,2.023009307518892,7.270229427852671,-0.17738520715224326,-1.0867914201071838,2.091127585158694,1.5181905161229607,5.456026982367657,0.022628714139775408,0.1201027286710917,1.8662788880154633,0.3202165303208471,1.1507844444268625,-0.61129676981881,-1.490060272491946,0.32737086493174783
2.2722428397598935,1.320584221784599,0.7460018082800307,0.4327701046143241,1.5552760624323303,0.5711439212919285,1.618467736602619,3.6300438944604005,1.5181905161229607,5.456026982367657,0.020784826868194703,0.11031622947759687,1.8662788880154633,1.5885447539311706,5.708863906145683,-0.07687176772229487,-0.417346193373421,0.5203807876552377
1.359950882398935,1.140456304872283,0.7646217409921828,0.4327701046143241,1.4804507462368148,-0.2021028605769174,-0.33442032558818047,1.2704551118433431,2.052874217389278,7.022618093670608,0.06647631276213899,0.2395739928978684,1.1007064940994797,1.9538753524588548,6.683955737144256,0.44746382221232894,1.5732507005439507,0.9828161095083993
0.6553532401427417,0.8506453942445771,0.7646217409921828,0.6379252040230097,2.182259897967726,-0.560935637789564,-0.5430523779810474,0.35038754572258474,0.7527932974259303,2.5752088396435955,0.06647631276213899,0.06991149683324484,1.2235850291593222,0.8076088734388309,2.7627258597622113,-0.5430120857577254,-0.5914987662544121,1.7654920149630668
0.8971743065711887,1.481995422721412,1.13322111267682,1.2560488563304524,1.9561727907722861,-1.2540502708373025,-1.5736037465618913,0.9467488984972577,0.9853678920911976,1.5346137609971489,0.06647631276213899,0.07388279121366263,0.7929517899757067,0.762925498834288,1.1881815700753047,0.4088242233273026,0.3998111060788384,0.45303732688803355
0.8971743065711887,2.136992686578279,0.7539515608636518,1.35524214637753,4.768260849275454,-0.4186229517172284,-0.8201246512458563,0.9467488984972577,0.23957206357198244,0.8429062617066748,0.06647631276213899,0.054756211232322154,0.7906984050443905,0.49213974991797294,1.7315361008942356,0.6090645160660619,0.7190447196400639,0.22649731878292806
0.8577052144078879,0.7822626585874285,0.6614651566613655,0.9126535256471894,4.1717856611137005,0.441341086627688,0.7731671682058796,0.8171503627385862,0.4742923114592911,2.1680142666618507,-0.7181049507370885,-0.9068950659653808,0.7906984050443905,0.3669226378969422,1.6772220305958907,1.9766354549296974,2.195633814130022,0.22649731878292806
1.0079001081316663,0.25412791509852667,0.34593888017528057,0.21213696301741838,3.5452559315586765,-0.2563819920911278,-0.4865514886263143,0.38096640685145794,0.4742923114592911,7.926424544673346,-0.7181049507370885,-2.0377179799404677,0.7906984050443905,1.140829579131421,19.0656676459593,0.8199937223497362,3.608726995449007,0.7275856650084336
1.0079001081316663,0.25412791509852667,0.35298106744940244,0.18006125119690108,2.890330029206319,-0.36382785304358656,-0.6234292189321201,1.4268621843815263,0.4742923114592911,7.613305479774754,-0.9265208270335905,-2.5766729956792567,0.9475932025157868,1.140829579131421,18.312512930195062,0.6345256719339301,2.736784878859187,0.6990314760437519
2.14759269398314,0.25412791509852667,0.31575150453019274,0.4220433692492966,8.466350030710842,-0.34265388749673037,-2.1411923897716996,1.4268621843815263,0.4742923114592911,9.514483624827092,-0.9705816764938715,-6.429491365215739,0.9475932025157868,1.0195460671261476,20.452480729831926,0.06701035677657963,0.6508289219196752,0.7335877715871021
2.14759269398314,0.25412791509852667,0.30668708646696946,0.15458184119725651,3.286983257732994,0.04987402133127217,0.19418919014622868,1.3282585794781818,0.493441778624175,10.49240229280203,-0.9705816764938715,-6.75182959273909,0.7181222023489925,1.172120719582041,24.923633665300756,0.06701035677657963,0.7184549274287207,0.46170637877416704
2.14759269398314,0.41067576368740066,0.4130483314374881,1.1860894053366993,13.904189497362943,1.896502335750037,15.187214917775194,2.1253790512802,1.5969400572192902,18.720475093699587,-1.0572145715394903,-9.823663807249524,0.8474237052054308,1.172120719582041,13.740438558447213,-1.1909565756306992,-9.480868909865013,0.789530473157795
2.14759269398314,0.7664785062378568,0.4130483314374881,0.7683467890598693,9.007111358309526,1.9888198779704862,12.818586428482869,2.1253790512802,0.9793575231795357,11.480730311464786,-1.0572145715394903,-7.693072332696378,0.8474237052054308,1.172120719582041,13.740438558447213,-1.3396829341844958,-10.664837442171404,0.41138624036120824
5.95493817447761,0.8371824506450989,0.44351313391290725,0.7683467890598693,7.8122171369503715,0.041634966802988504,0.69298308252792,2.5610320421152437,2.0940458446270935,21.291350554054045,0.9601044875730465,26.38137102026702,0.5646844448181437,0.852837974545245,8.671286891088009,0.2080938292075638,3.6490367427080033,2.913722640408176
1.355981104338824,0.8371824506450989,0.9303359634931387,1.269520823901761,2.9335277816674075,0.041634966802988504,0.09669565578951228,1.8463875324337173,0.7530520166171362,1.7401045892241158,0.05578524285572961,0.09978393856183532,0.43983796872061504,1.1816326823398065,2.7304414674479074,0.2080938292075638,0.4662611978090073,0.9613193073192663
0.31763908836014443,1.498402552467941,0.4681611245138629,2.533192025560777,23.115719330076768,-0.32484000485477466,-0.4960862107653528,2.4806653939989536,0.5766778904635463,5.262263628382113,-0.1014078012497241,-0.07389101087290126,1.132268896713016,1.1816326823398065,10.782557800830796,0.07951148309592226,0.08293248763001515,0.9613193073192663
1.7829834889877134,1.498402552467941,0.46538999199349546,2.533192025560777,23.391820807683633,-1.5232773334623964,-13.135854080980302,4.492962946278319,0.5766778904635463,5.325117772897648,-0.7170365778269439,-2.9502121062058286,1.9423918146821877,1.5150338198859377,13.990017051513105,0.07951148309592226,0.5302568623250918,1.0340107689161007
0.8140845880322397,1.045863118478604,0.2702237141316973,2.9368740389925234,80.43932138779186,-1.323056762539931,-9.660113050028194,4.492962946278319,1.2904589922973597,35.34494303840915,-0.7170365778269439,-3.470359661921108,2.1404341460976313,3.286930776895136,90.02717775148182,0.7450102243064484,5.754645612454754,1.0885636017345062
0.5503346549736632,0.4232741058118168,0.25891514414459493,1.1773642710755905,35.125777112160065,-1.323056762539931,-4.315372692652919,2.369696185636325,0.4029903873895288,12.022914975036484,-1.306336412494431,-2.4927962453541217,2.1404341460976313,0.6792223147106696,20.26408667415783,0.2242925810834856,0.5556550776894109,0.3974119435879451
0.9927646884236888,1.07168703722087,0.3096965765460018,1.6461261268299772,34.32577049546848,-1.4332959332986133,-8.33666475146204,2.369696185636325,0.45014109416950493,9.386546776216388,-1.306336412494431,-3.9733267231103797,2.318007194845839,0.6792223147106696,14.163452550903727,-1.0458428013099224,-3.9074848134280487,2.2557480782234145
1.4208092764072606,1.07168703722087,0.4868862367416411,1.6461261268299772,13.887948820607772,-1.7154632264861707,-9.083145067121716,0.7397719360915956,0.5338964668394074,4.504349141974858,0.6336372747641925,1.910700091902115,3.69655050784114,0.7354246113924707,6.204591007921542,-1.0458428013099224,-3.701338246941879,1.6765545103130834
1.8869581993203703,0.9813189935599516,0.4998760635498788,1.9103525975776865,15.29039999274855,-1.7154632264861707,-12.657650959519657,1.248937418995361,1.515066196127053,12.126540505479957,0.7978476480374143,5.242648122605807,3.69655050784114,0.7354246113924707,5.8863146452445685,-0.6712689311549207,-3.073127387143382,2.1153361175650565
1.8869581993203703,3.5112608153982796,0.4998760635498788,1.3289240296506537,10.63666466551728,-0.9929914204653149,-6.1109750369721,2.177432638701719,1.515066196127053,12.126540505479957,2.2817081147709826,14.993078933883845,1.910245712648181,1.272121146095525,10.182016234960148,-0.313181054609455,-1.8857089156045765,1.1103389537448773
4.122266382770551,3.5112608153982796,0.4998760635498788,0.6224275112223148,4.981889534501578,-1.0724630739125551,-9.867688861922202,0.68621416476795,0.2818798809354779,2.2561573894143487,2.1774116462600976,13.482216303543447,1.910245712648181,1.272121146095525,10.182016234960148,-0.5161304741256353,-6.789103777777244,1.1871923000281626
1.489806640452623,1.8601680344280682,0.7706470220382523,0.16368677929737996,0.5512296759936522,-2.317268078832866,-2.563140895351486,1.1944941067262376,0.34413163133565305,1.1588936409805417,1.8049000263565804,2.8947085701188833,0.9238716400834678,0.7683852633262652,2.5876051905947297,-0.5161304741256353,-1.2369108941262212,2.604852483798607
2.537069603050585,3.6196864462117357,0.7217995306567478,0.189061816324367,0.7257727045480425,-2.317268078832866,-5.008514974367769,1.1944941067262376,0.6740786651363428,2.587661037989744,1.8049000263565804,7.366127413514041,0.5695734522368139,0.7133503286699983,2.7384175577833623,-0.5161304741256353,-2.1669142192455286,2.604852483798607
0.9893890480472384,8.597558582511207,0.7023220738791293,0.13056778616583126,0.5294115346044495,-2.317268078832866,-1.6681691194869088,0.4341046041585058,0.08557289417499467,0.34697132084470966,1.8049000263565804,1.0518820392070583,0.6771718402223003,0.7133503286699983,2.8924124648335523,-0.20278046105271896,-0.3412112305910405,1.7184831825811473
1.6966780130217425,2.556743951555466,0.4497776018328883,0.21338969351243955,2.1096372552749965,-2.317268078832866,-5.710571902973354,0.5749823207147082,0.1841257413182371,1.8203246705419525,1.6837511412507578,3.854355446365861,0.6771718402223003,0.30536584587929066,3.018942266384389,-0.4556197592450491,-1.343165060411884,1.7184831825811473
2.507806891886854,1.9077989655636285,0.5961887088044469,0.21338969351243955,1.200703957152725,-2.317268078832866,-6.36778426776977,0.5749823207147082,0.12841696602191607,0.7225782873111118,1.6837511412507578,3.5893387564576074,0.2841310733643285,3.1037508464361117,17.46422642063878,-0.22572578101908788,-2.3656469593422518,1.0441076363328194
2.507806891886854,0.6341045653044479,0.5195997704290367,1.1021027270350716,8.164210084793483,0.06042249847883996,0.4329620755143309,1.605746439204454,0.26008691391705796,1.9266844672791443,0.38721729023752793,1.347889006133134,0.6887612450578198,2.3823721319539994,17.6482519354213,-1.3702252261500274,-14.435668410942911,1.2794524441344781
2.507806891886854,0.6369186911958967,0.3363905039788143,1.1021027270350716,19.478908502784247,-0.2866150239700736,-3.172308041802874,1.5843507464451874,0.24724129802643233,4.369820075958518,0.5809200519267214,3.0453852284026937,0.6887612450578198,2.3823721319539994,42.106790628092,-1.3610949596314799,-22.14922769348943,1.2794524441344781
3.840770664814159,1.4486667456476408,0.3363905039788143,1.8038200671093054,31.881280375046355,0.3105892572694408,6.735544091390449,1.5843507464451874,0.7343287924709361,12.978756887738124,1.4036864043324027,19.422494992201376,0.6742692293153699,0.29174381124874504,5.156371421796709,-1.3610949596314799,-11.870770205678996,1.6911546411360898
3.840770664814159,2.9403354565112463,0.3363905039788143,2.269513649278773,40.11209448601101,0.3105892572694408,7.555139295024777,1.009530003079496,0.1362154439030958,2.4075143844282567,0.46784550058701724,2.788080303263005,0.4207245997548849,0.14705097122471653,2.59902488530968,-1.4396654455409499,-8.914257513983912,0.3144891234487767
3.840770664814159,1.5733050171109701,0.44109701972862125,2.269513649278773,23.32891537477882,-0.1075959704183177,-1.9960051459400951,0.9195031987503407,0.18557636394292942,1.9075872451172786,0.7357186258686719,3.902764373647821,0.32500535129688496,0.163114006784399,1.6766908901048547,-1.7263555274353244,-8.585688307084677,0.7684716515452714
2.702420912718694,0.9963047117011639,0.3674394392872293,2.7853248108122877,41.26048266565717,-0.1075959704183177,-1.8677388477035017,1.1146076290409985,0.08813251373144815,1.305553320381591,1.0369621726941776,3.2019401794833158,0.2970667630110837,0.024830493513097265,0.36782717161022277,-2.278479821950073,-3.7343935454381563,3.7550345985696376
2.7355625299046347,3.375532831372933,0.3224970058173396,2.4925324934431554,47.93132675898534,-0.3952360977569724,-7.485364867063152,1.856483996323132,0.11506530933847955,2.2127025244544405,2.6213674353728695,10.666846907276566,0.3321569002812614,0.04355605493895553,0.8375816592575173,-1.658595340302186,-4.152414192887928,3.7550345985696376
1.9984171071223678,6.557607988987333,0.5319159178967263,2.4925324934431554,17.61914583311569,-0.3952360977569724,-3.3153941485148573,1.7122401023548601,0.28840189589270027,2.038647470252697,2.6213674353728695,7.479715944086667,0.5249739071813967,0.03812789094117646,0.26951739749387515,-1.658595340302186,-1.7207587312388943,0.8240188313005249
1.0294084607784009,2.3432685930721338,0.867347548919743,0.8133279387280541,2.1622672757962027,-0.7720128156305149,-1.1686028228907777,1.340578853345995,0.16555065949337028,0.44012354237923745,2.453897625328935,1.6758358380652612,0.5249739071813967,0.03812789094117646,0.10136463651569953,-0.3358725070631998,-0.11007924016041323,0.8240188313005249
0.26142137841219054,2.49151045010196,0.867347548919743,0.6988919126248008,1.8580341828052098,-0.6941206533889654,-0.2473448754423691,1.7705374213194534,0.4105756597852228,1.0915330349777401,1.6580489257781068,0.45285261911569913,0.16743063731252741,0.03812789094117646,0.10136463651569953,-0.3358725070631998,-0.027954954513917274,0.8240188313005249
0.26142137841219054,2.2882302703231,0.6146838134899736,0.6988919126248008,3.69944399225914,-0.27631883132241347,-0.1389376062006261,1.7705374213194534,0.43913977836840545,2.3244982314155886,1.4463456678994588,0.5764714578158739,0.4256449955933403,0.03812789094117646,0.20182233408611572,-0.3358725070631998,-0.03944574551287505,0.8240188313005249
0.22888631443514945,2.2882302703231,0.6146838134899736,0.6988919126248008,3.69944399225914,1.0045133011538523,0.44222546397874324,0.8364930932963749,0.39424310859060957,2.0868467258227974,1.2077355932296059,0.39933462480630993,0.4256449955933403,0.0668158735698765,0.35367640918507093,-0.746500031523615,-0.10161380235589866,0.8697259535741622
0.22888631443514945,2.706430330394849,0.6837927548465573,0.7703985369715441,3.29531135786436,0.8037156092649858,0.33394154855648617,0.8364930932963749,0.7490762056820095,3.204106978439188,0.6472707748818181,0.26519133435580744,0.43129069001213477,0.11034319897264397,0.4719832390479622,-0.746500031523615,-0.11738509200869592,1.3374524198971969
0.22888631443514945,0.8597318748256307,1.352746251209818,2.9540887547839447,3.2286491735776153,0.8037156092649858,0.33054657202156934,1.6286909066624506,0.34475295082622937,0.37679515484122894,0.6472707748818181,0.09094073908406418,0.27358213123899894,0.11034319897264397,0.1205987726658515,0.3381210157579837,0.026875925905685327,1.8329920803506532
0.24284734573836178,2.2953792240866266,1.352746251209818,3.184557023294364,3.4805377410612457,1.7901226992299422,0.8110345104978481,2.4759450225792534,0.4067332716032638,0.4445360821003639,-0.161667307405009,-0.026176349161770533,0.3359057478225825,0.0347262042341015,0.03795374476151086,0.3381210157579837,0.01599678995659567,0.445260773998258
0.6915877755865228,3.198464599117018,1.1088806249593504,2.0757035663111107,3.3761811174819703,1.6993395075464304,2.1594359679104422,3.3730056699877804,0.24412850329529504,0.39708080500603327,-0.161667307405009,-0.07045453616713668,0.3291307921327381,0.0347262042341015,0.05648299541410696,-0.025072175109090378,-0.004120957926751169,1.3269268939699483
2.4735702345706887,9.80856013529964,1.1088806249593504,0.4851690163737568,0.7891389206308609,1.6993395075464304,3.7340586266521325,3.400462566255749,0.24412850329529504,0.39708080500603327,-1.097346910108914,-1.7104391881424963,0.4781180224765961,0.0347262042341015,0.05648299541410696,0.008473317729505166,0.0049812300351079735,0.8150063650122018
1.366633559352164,22.636309834524454,0.989223342835739,0.8020373049566502,1.639214748233182,1.58248690722928,2.7689182458805592,3.400462566255749,0.32324656619650216,0.6606557267977444,-1.097346910108914,-1.2189436470637525,1.5184698507114565,0.0347262042341015,0.07097388834522286,0.5554841217379898,0.2022427816648932,0.49578256806367377
0.7901535761896237,22.636309834524454,0.989223342835739,3.017029537102737,6.1662459869509965,1.7881238288055838,3.5084841883885516,2.0084845381481657,0.26327854048690186,0.5380922605373857,-1.4174778890331101,-0.8215919511186538,2.4085740839933707,0.0347262042341015,0.07097388834522286,0.5554841217379898,0.11693175255172662,1.5070791185552734
0.7901535761896237,8.672056174775602,0.42499983243817785,1.1999507731595882,13.28666263643236,1.7881238288055838,5.150116516880466,1.7386839172585768,0.5516858834727589,6.108637436587423,0.32643328943805483,0.6374969717579881,1.5842815798771992,0.0330145558511125,0.36555938418237666,-0.5025684208121965,-0.24009641449334457,0.7825897040669892
0.4673943302595403,1.5566531079944805,0.4360331776657613,0.5473995608971061,5.758314336430738,1.3040494008547552,1.462598649533169,1.7386839172585768,1.189306929391798,12.510793999742528,0.32643328943805483,0.5396601103400743,1.5842815798771992,0.026760693158288693,0.2815064060585957,-0.5025684208121965,-0.12463005220966343,0.7825897040669892
0.2262453267146646,0.7658458500288238,0.4360331776657613,0.786173223755581,8.27006974183648,0.006037025804783935,0.003927871174660026,1.2071135141028226,0.8642940054249592,9.091853406263848,0.3734236343691872,0.2547461510793288,1.6330537528673965,0.049365821729898604,0.5192987705928976,-1.561510084604215,-0.25458514428301676,6.510073863483096
0.22110701637210234,0.7658458500288238,0.4360331776657613,1.678555482701355,17.657394691170513,1.244962574135513,1.1567037207334907,1.2049504452772726,0.5028913029117824,5.2901142165285195,-0.11220734419689726,-0.057063227524795555,1.6330537528673965,0.049365821729898604,0.5192987705928976,-1.561510084604215,-0.24880320173893083,6.510073863483096
1.0227198044150316,0.7658458500288238,0.6827222865656147,0.885985529710397,3.801617904988159,1.0734419150946661,2.1405207759468556,1.12162802611659,0.7144256102864549,3.065482562378702,-0.06678467298092373,-0.11958670357663195,1.6330537528673965,0.0793120733547749,0.34031503679953196,-0.8806795080725878,-0.5254303155155494,3.8787287422681693
2.089165947533154,0.7658458500288238,0.48026758883874654,0.6928346551492874,6.007489776107237,0.5670651675650981,2.903704581535314,0.3274363945258293,0.17850356428792657,1.5477839185560878,0.47803041870426055,1.2424634922563833,1.6330537528673965,0.0793120733547749,0.6877058851769065,0.11846147671260376,0.2052350119721571,3.6925206250622873
2.942985912876216,0.7658458500288238,0.4933857739394447,0.11289577571857727,0.9275438313761929,-0.8899520664798727,-2.5224468255325303,0.28726619480502397,0.345775184971786,2.840864840355286,0.47803041870426055,2.371204455348936,1.4696446820824511,0.12076109915969355,0.9921647810366282,-0.3336185481336151,-0.9779806784537329,3.095869300558109
5.135860800175997,0.4136904238436901,0.4933857739394447,0.3486201416668437,2.864238806442477,-0.8899520664798727,-7.735430213417121,0.28726619480502397,1.1712059387752818,9.622546431588184,0.3105432956259032,4.947438560224152,1.4696446820824511,0.08176571218909078,0.6717813972785562,-0.3336185481336151,-1.404356662698555,3.412790618833271
1.5060286050784109,0.32583930483763185,0.4305182673360635,0.6148460669850464,6.634576826836522,0.16641148770872227,0.6455399700260082,0.15759246545123184,0.15198096355673185,1.6399704463886609,-0.27116074889710395,-0.5229715413026307,0.5747253305670323,0.08176571218909078,0.8823036015821498,-0.3336185481336151,-0.4719461361611775,2.3410200644115204
1.5060286050784109,0.8343395694415024,0.4048980075675976,0.6148460669850464,7.500757339047993,0.16641148770872227,0.6863870510535257,0.15759246545123184,0.8968874127821984,10.941494473102738,-0.18762348166267123,-0.934670927161769,0.6671093627057352,0.07520927376566743,0.9175085317346914,-0.9312416260938887,-1.343385501941931,1.0311503616666235
2.4212388029980096,1.0568310145850852,0.4805357731884881,0.8819283178117088,7.638565996725966,0.16641148770872227,1.113593907277888,0.15759246545123184,0.8418437646004311,7.2913852803687105,-0.18762348166267123,-1.2266759189988143,0.14947140896909822,0.07520927376566743,0.6514032825823549,-0.9312416260938887,-1.8198055166112581,1.492197993896031
2.4212388029980096,1.0568310145850852,0.7738574326640643,1.1311191430693448,3.7776040181713406,0.16641148770872227,0.7831214946132763,0.3633252147159989,0.8418437646004311,2.811509651580632,0.06266424365201573,0.2544059222202347,0.5037616404157819,0.2442956254654681,0.8158752701115382,-0.9684129050236835,-2.1179225688631926,1.1625704929979013
1.2529569130529739,1.0568310145850852,1.0402153778706555,0.7014124300660862,1.2964534088882997,0.18736229864830745,0.2672986710366265,0.3633252147159989,1.141226519017861,2.1093823654579844,-0.622666029594266,-1.133101892635152,0.30080352924773945,0.3289797744439519,0.6080687078684655,-0.9684129050236835,-0.9461784057694246,1.035344079167708
1.2529569130529739,1.0657630447664403,1.0402153778706555,0.3073998729497445,0.5681815663574391,-0.3988279748128021,-0.3766737187715244,0.4096372811814862,0.6124738517411142,1.1320640737289198,-0.7763579486413961,-1.034984020398724,0.2928713684739893,0.3984826310520503,0.7365340893110983,0.5036382343408171,0.5415658308456044,0.3745981086560399
1.2529569130529739,1.0657630447664403,1.0355650617135665,0.2961557936975344,0.5523259517518703,-0.37125069449714876,-0.3457013983055539,0.4096372811814862,0.7397062325667553,1.3795406256224958,-0.2795089037447708,-0.41133818810015943,0.5466127249722901,0.16197469254743224,0.30208028383988317,-0.4468324066878301,-0.3077102690318898,0.3745981086560399
2.226717590949386,1.0657630447664403,1.0355650617135665,0.4726202905601293,0.8814294954076467,-0.32100580165343223,-0.6710761608461367,0.8512542395709051,0.7397062325667553,1.3795406256224958,-0.2795089037447708,-0.7310179382306881,1.2614864724718002,0.0958628573763847,0.17878273889904414,-0.4468324066878301,-0.42070008147275567,0.2555094426013437
2.226717590949386,1.0657630447664403,0.9245753632132493,1.219985237722778,2.8543021041517385,0.8894387857386805,3.3460403410834876,0.7548855481753957,0.7867460416956323,1.8406869303079008,-0.6370055248371516,-1.9244130947172717,0.4537109466851533,0.03480790960098946,0.08143728837299581,-0.3491692597683022,-0.22187726021862295,0.26177517189036764
2.226717590949386,1.0657630447664403,0.6531368205421122,1.219985237722778,5.719739315356387,2.0147859409999676,10.729566347462594,0.7548855481753957,1.0346707413324483,4.850916826415669,-0.6370055248371516,-3.124066380468803,0.16192453671436408,0.03965456942410582,0.18591520024615835,-0.8901164092027154,-0.8546128068614817,0.4704451326126699
2.226717590949386,1.0657630447664403,0.703046180449388,0.8325581411114187,3.3688126663066207,0.6938003516909665,2.8355550706666417,0.6021442760029945,1.99625698815209,8.077532961136317,0.19434621290874676,1.2299305577266706,0.16192453671436408,0.08049258498187484,0.325700304207839,0.6347378307275031,0.8066192930274775,0.45941784386311363
2.226717590949386,1.9641554597476087,0.703046180449388,0.4475688048397648,1.8110152124332355,0.669061293337238,2.004897133661523,1.0748343234509932,1.4567252099073578,5.894404361853847,0.19434621290874676,1.0506575484847174,0.06493431831568167,0.08049258498187484,0.325700304207839,0.47874706421367197,0.6083875889867926,0.5355510632150728
2.226717590949386,4.051672871717224,0.5818294925056782,2.41848022480937,14.288316879832713,0.669061293337238,5.6314675038138216,1.6389479142989414,0.5845513632731303,3.453513915600875,0.19434621290874676,0.8042143671583669,0.11052425235286396,0.17432997728318583,1.0299368717280022,0.2600948172076392,0.5877628618023916,0.5355510632150728
0.8879925463952955,6.004236630798789,0.8787006170163212,1.019027252797902,2.639574546834809,1.2925212387871752,1.8647214841872828,1.3680307588179739,2.155424787275454,5.58317198140477,0.8244053791530692,1.7297790790528318,0.06902429954327982,0.1900440218554978,0.49226883921953035,0.2600948172076392,0.16204744635821988,1.0141543248830767
2.013455314282864,32.527758167733516,1.52535461998914,2.643806349930624,2.2725737893215263,1.2666668544306965,3.8447083289574535,1.3680307588179739,1.165596489142158,1.0019281594581126,0.8244053791530692,1.6615029003357529,0.09300161148035153,0.42529604722537545,0.3655777018811535,-0.6951876583379801,-0.8463186243707173,0.6297619142740793
1.3247161240774867,41.16224997683041,1.0756170897987016,2.643806349930624,4.570295166741895,0.9787019056865697,2.771694634314428,0.9435823390125971,0.1984436355136329,0.3430455442708372,1.0868690518276458,0.8432880311607703,0.09048718337683755,0.42529604722537545,0.7352007718415424,-0.9694154836633863,-1.1011227908448518,3.6116835041024844
0.9773608870492039,44.30902436188711,0.996112764842037,2.202810436378405,4.44007299631272,0.9787019056865697,2.0155818736999564,0.9435823390125971,0.24271896124162284,0.4892340655847859,1.0868690518276458,0.743002923121119,0.19262538510237462,0.42529604722537545,0.8572437571289696,-0.9694154836633863,-0.8772372658418113,3.6116835041024844
0.6493155746972559,69.76764418381055,0.9608134407143516,0.426677606796259,0.924382482287376,1.399381409448401,0.8736103558579905,0.9435823390125971,0.24271896124162284,0.5258423510326858,-0.17902321283769207,-0.0842932788785178,0.19262538510237462,0.11580823991442607,0.2508946018639939,0.19350791958831948,0.0629361573020757,0.9805743773246453
0.6493155746972559,69.81775762287397,0.9608134407143516,0.6907526911115854,1.4964921455587643,1.0186890775424828,0.8091605308694548,2.0069842685857573,0.6972375091387589,1.510541282634765,1.1864745517588726,0.946848612756053,0.15552989839932638,0.17686801546462597,0.3831785230071897,0.19350791958831948,0.07777770845722637,2.204372368023558
0.7042115130424021,57.843246341868415,0.8369751210956713,0.619089874695835,1.7674966487752444,0.33406984102292914,0.3127661116449397,2.0069842685857573,1.8248696007159384,5.209988138316647,-0.10827204633068432,-0.17403549516958985,0.3931931775759464,0.09380725914759759,0.2678189758080453,0.5539060386625985,0.20186447345138608,1.1797703737854839
0.6038795469726288,76.48115077363502,0.8369751210956713,1.0877905764199085,3.10563340958549,0.0006552912966050206,0.0006973644678933699,2.0069842685857573,3.9396702738586677,11.247727173289354,-0.10827204633068432,-0.2192800150267227,0.3931931775759464,0.08874400602494999,0.253363428573361,-0.4918351779855674,-0.14950023393042122,1.9055843986323469
0.6038795469726288,13.379960986435943,0.45953356698034714,0.22658736880464325,2.146007381528082,0.6673547041755227,0.5903677869457682,1.461565989210114,3.9396702738586677,37.31258954587503,-0.47053080228414856,-1.735665674836059,0.3931931775759464,0.08874400602494999,0.8404938589498844,-0.22585165809058305,-0.12503767112010128,1.9055843986323469
1.0320244039660031,12.297527738363613,0.5160778267373303,0.22658736880464325,1.7015130797012408,0.3711606158726485,0.4996541508956635,1.461565989210114,1.4439708152111053,10.843213554886432,-0.4994995801325975,-1.6974777881100247,0.5151839491864703,0.058915715989170406,0.44241592938027324,-0.22585165809058305,-0.15503459821813922,1.9055843986323469
1.1648084309293225,2.2284211084458936,0.44489124559167187,0.9932492980905452,10.036459642416142,-0.11623306036919884,-0.4289181750260899,1.461565989210114,1.545551161106059,15.617289519912957,-0.4994995801325975,-2.2992831871680104,0.8026749262443187,0.12967861385931173,1.3103600244022544,-0.09669891305553205,-0.12893517544993063,1.6382202339176513
0.5784356101354273,1.3810513649405785,0.5633825955808811,0.9932492980905452,6.258660728894741,-0.17830121029130291,-0.2580180077489923,1.461565989210114,1.6382107570860154,10.32269073911039,-0.9641887319335277,-1.7918990179473089,0.37682191579488095,0.12967861385931173,0.8171306534009676,0.31736125036960827,0.16594137004790643,1.6382202339176513
1.6854677971999392,1.3810513649405785,0.7181268636093661,0.5047995474898517,1.9577020989402736,-1.065916413681588,-2.513720067905726,1.461565989210114,3.0410932104557946,11.7938983717136,-0.7739762146123865,-4.479987107720346,0.37682191579488095,0.3738867095590945,1.449998914835451,0.34578216989413696,0.7017895436891505,4.945987688877135
1.2666132017628344,5.390749731306716,0.35152487418579503,1.3546083615590803,21.924597277095618,-0.517676981414135,-3.0702142079537023,1.001132430847649,2.960276644525757,47.91264774515307,-1.1296114553364769,-9.903716135929308,0.45432526983616195,0.2148558108636462,3.4774826876216784,-1.193493812554635,-2.819010350278422,4.945987688877135
1.5529267938791678,5.390749731306716,1.3851290303984987,0.6904943143251252,0.7197963488264045,-0.517676981414135,-0.6820475565084734,1.001132430847649,0.3570925456854564,0.372246237579432,-1.1296114553364769,-1.0702746266276655,0.3172438046610624,0.21207281140396542,0.22107240011544654,-0.0018754762383641488,-0.0013693983887728162,4.872998793576487
0.7165964608787823,5.390749731306716,1.3851290303984987,0.6904943143251252,0.7197963488264045,-1.3210897843431508,-0.8031780162498234,3.0164401598682296,0.3570925456854564,0.372246237579432,-0.4764313987732679,-0.20830044268374298,2.3906432465637497,0.3375397132557578,0.3518636549858776,-0.08243661911264936,-0.03504144735140004,4.872998793576487
4.132698728055948,4.253069210438041,1.2742675235350513,0.6111370265288859,0.7527441051374598,-1.3210897843431508,-4.736851419145489,4.275882108933036,0.3570925456854564,0.4398347622299585,-0.41828698800416525,-1.1464440819052157,1.170286027645898,0.2419531549286554,0.2980163256126119,-1.181167111702781,-2.664803072726029,4.872998793576487
3.591534428128204,2.669490220984212,0.7671577577207372,0.08902971037114067,0.3025489109471492,-0.5275529313508912,-1.042182728151769,3.0393516524358897,0.39839043036870464,1.353846826383575,-0.3528462104439841,-1.4745186060143256,0.5394957372852283,0.2419531549286554,0.8222273577969594,-1.6095149037344296,-5.241685958919835,4.872998793576487
4.130446139639575,5.768552794417151,0.4972051725884229,0.2579199747353493,2.086621591864946,-0.3773477546646562,-2.251441059648008,1.078712813319168,0.42052197076238385,3.4021026287194642,-1.1921744908862957,-9.082606387563692,1.5314080287326446,0.6840244111881808,5.533887428503789,-1.6095149037344296,-15.638933253815475,4.872998793576487
4.130446139639575,6.404179150948327,0.32498887234706836,0.2579199747353493,4.884026271270551,-0.3773477546646562,-3.4445122152966166,1.078712813319168,0.31357124941252584,5.937850380209454,0.4046660906512054,4.072943657139671,1.0973805862565278,0.4527260621818487,8.57291484947547,-1.9186346137835568,-23.203499743098078,0.5051461322387776
1.6498093308741413,3.956605306535036,0.32498887234706836,0.8617743213743511,16.318737739554475,-0.7937873796622299,-5.290311283339318,1.078712813319168,0.31357124941252584,5.937850380209454,0.4046660906512054,1.6268413199209597,1.4291615437510876,0.35624574175350204,6.7459434405485155,-0.6992702653476728,-2.996402596546432,0.8985699035007457
1.621469461623073,13.420891178027826,0.2025839125762515,0.8617743213743511,41.99655202057399,-1.4239007370292116,-14.962194854781721,1.6259187600255145,0.6517514905441245,31.761581539667368,0.06864897890277866,0.627326906780671,1.1790772900658455,0.9696774584965516,47.25495854179491,-0.6121206577245393,-6.822907809231347,1.1873707003016207
2.2348244503772325,11.694336949446678,0.308928105612971,0.8617743213743511,18.05962392201409,-1.6672550243077007,-15.834333951704581,0.6906670880695744,0.6517514905441245,13.65831693739457,-1.2496970728369856,-10.321593708674255,0.5783487364500709,0.4554493257424559,9.54454470786051,-0.5358621721940944,-3.6997648557469156,1.8718768778783443
16.346620190123677,10.589120980349696,0.308928105612971,1.2628849358929284,26.46542886382408,-0.3849302154713099,-32.370502621218115,0.6906670880695744,0.3859878899192233,8.088888189747838,-1.5297266374326337,-71.11909431974385,0.5783487364500709,1.0893483074279335,22.82873864337982,0.3792189512348967,29.618220557803244,0.549665508148152
16.346620190123677,13.205248189749804,0.1549919029428807,1.2628849358929284,105.14188471362404,-0.34902197063672813,-58.501717607478874,0.6906670880695744,1.4594641585906392,121.50815006571062,-1.5828006395668068,-285.2048414441709,0.5783487364500709,0.28917660295882364,24.07548952880365,-0.042383278247135,-3.399461136381788,0.48178036854054374
5.2746362670359535,12.870984801184246,0.2150537414103018,2.633214970478341,113.8734047291953,-1.1544818273259259,-64.98165537642254,0.8905332864288648,2.3407674812781085,101.22651046758266,-1.5828006395668068,-83.99740447973863,0.9165626415709575,0.32218219320105745,13.93277179958429,-0.042383278247135,-0.8344605771021059,0.7986502971994576
0.9295328478508952,12.870984801184246,0.264757132399692,2.633214970478341,75.13131219589125,-0.26883427296063256,-2.1660070380131002,0.6377765909588012,2.3407674812781085,66.78715349318729,-0.7623301008521804,-5.791009492810564,0.6296460033990134,0.32218219320105745,9.192554049982643,-0.042383278247135,-0.11944758755503045,0.6704451638414926
1.3676406155764038,5.927301134899051,0.15857831558370733,2.633214970478341,209.42508974399166,-1.7634415168248119,-34.90176629410439,1.277338322908901,0.8379775221847799,66.64610362408646,-1.3227924535714999,-14.76899965855099,0.8171272582009185,0.6231088288881481,49.55714739327521,0.10019088816238689,0.9646135675602671,1.3296976165789591
1.3676406155764038,6.970893300128621,0.22143999580247017,1.4017771930212588,57.17377342867125,-1.711877164975899,-17.702842959522222,2.0769608807989797,0.8379775221847799,34.17828256176041,-0.48081780375866434,-3.844391852123033,0.8171272582009185,0.6541307665996088,26.67979221553927,-0.4717619412896228,-3.3326224312891783,1.3296976165789591
1.2217236904493942,9.153475523204799,0.22143999580247017,0.44986763567976923,18.348586639372638,-1.3793622006472983,-7.218594137078877,6.472234821325826,0.38214464411750415,15.58639376395036,0.10121778207462728,0.48820546191743114,0.35914593987434,1.1589520019764326,47.26975121694722,0.8492877834293633,7.133777023085112,1.3296976165789591
2.3292234784795847,62.657439992724555,0.2085396026419412,0.44986763567976923,20.688912489443407,-0.43875401965852556,-4.648374378632929,6.472234821325826,0.4588985502827895,21.104234213219335,0.8534130439131657,9.13177568067015,0.3152891690146668,0.11245277383622962,5.171578065573546,0.9509471670122192,5.03708280689073,0.8335745008695242
2.912686679207584,58.20088511782175,0.2111371673403517,0.5057256945060309,22.68901455917138,-0.43875401965852556,-6.087271816032374,2.4353000273318233,0.4588985502827895,20.588148875288528,-0.04917042277003858,-0.6498398829918779,0.4280202175608754,0.15676021989389718,7.032932971589652,1.0034116780721338,7.750704152043425,0.8335745008695242
0.9134047593008879,51.07065243548373,0.23566851826719848,1.1821928260647172,42.5711294678269,-0.9897996128124446,-5.898860639990635,0.8808575524094588,0.5879459586638656,21.172115897271418,-0.04917042277003858,-0.20665663044654237,0.642711193384787,0.15676021989389718,5.644984024072215,1.0034116780721338,2.1775782995017003,1.2697469176586935
0.9134047593008879,77.49709496411091,0.23056654946859326,1.348877898678764,50.74696036874872,-0.9897996128124446,-6.440440417602533,0.19247631982449098,3.664634920080438,137.86947153438626,0.5342161364481981,5.729468390137498,0.7425086810251053,0.15065841532097132,5.6680123819958785,0.9062654584426831,1.9707616060738133,2.058261523675101
0.9134047593008879,77.49709496411091,0.5621352885573905,0.5873899863345187,3.717704228637011,-0.8048126217683624,-1.417409915759164,0.22081364363375838,3.664634920080438,23.1941794306228,-0.348002878075811,-1.5308604817276468,0.7523113011665745,0.03422269849184954,0.21660204269478486,0.9062654584426831,0.38525649723262817,1.7515506601374422
0.7418036169932257,65.7042434843866,0.5621352885573905,0.6108496188094041,3.8661847558560813,0.41202104800360817,0.600965652456373,0.636162610301378,1.70047439153626,10.762629570097916,-0.5786628267478293,-1.4082304386111322,2.3794967903323854,0.01789542733374142,0.11326360241018484,0.4796367505265346,0.11974202099818451,0.7344519067378193
0.7418036169932257,65.7042434843866,0.4644672851890085,0.6108496188094041,5.663097557382524,-0.1388045988026736,-0.24503031784798646,0.7491974130268874,1.70047439153626,15.764849607126042,0.5849624384295646,1.7229070285686412,3.2152721477148005,0.01789542733374142,0.16590589189456212,-0.2506037769671983,-0.07571945223540437,0.9764620381613116
1.1050114473945063,131.67152622886286,0.5593704538453296,0.9667469451609279,6.179363709457131,0.1347737278575864,0.3702063785865591,0.6795146695875979,0.659013635509219,4.212358739468466,0.03254573067753641,0.0738114060620224,3.2152721477148005,0.03466245493541445,0.22155944446551953,-1.2529381247281777,-0.6516907176340979,0.9764620381613116
0.35916556971304814,151.8372834680944,0.42846828177875906,2.9735653134437126,32.394413531496156,0.0885576086793208,0.18103212088278164,0.6795146695875979,0.659013635509219,7.179381645011386,1.2597926787019924,1.2123759091408954,7.302090738596378,0.056688252421627415,0.6175693141904812,-1.2529381247281777,-0.35364471831700334,1.188505717284087
0.35916556971304814,175.1455201578002,0.5875476260206856,1.7493400703748794,10.134867801868761,0.010097338097349959,0.011545444026861194,2.9658287995724413,0.5475758329040916,3.172401279753387,2.0167991512342627,1.2901832693137065,3.2886393211564013,0.056688252421627415,0.32842553254327533,-0.42792326883075316,-0.0880803550301755,0.8863032752613701
1.3023325154383816,175.1455201578002,0.7393070425315874,1.7493400703748794,6.401099136954104,0.9876468922022964,3.254249613492615,2.9658287995724413,0.8312386288940339,3.041627502922442,1.7398414346777566,3.95170545481261,1.2550231381105785,0.056688252421627415,0.20743086481392614,-0.42792326883075316,-0.2538192024613419,0.8730676431419347
1.308615920797362,174.36333475919497,0.5820686161282631,1.670096747434339,9.858781886411446,0.9876468922022964,4.058126029687821,0.678391058764731,0.8312386288940339,4.906901561490634,1.8643028776003903,5.404211563431668,1.0517870971085275,0.05971779471191646,0.3525213217178762,-0.42792326883075316,-0.33248403537407434,1.521925010036682
1.308615920797362,203.63485250035714,0.8915380844360064,0.19212895460962764,0.48344048337102463,0.9876468922022964,0.8986393027480594,0.38425845543869913,0.7293120709911447,1.8351163198939,1.8643028776003903,3.3049163248968365,2.8163375770694183,0.05971779471191646,0.15026365807298173,-0.18561182858054293,-0.0941553121649137,1.521925010036682
1.1100497713816537,153.00483553333623,0.8915380844360064,0.2945450391761584,0.7411428246366148,-0.5550747162171582,-0.5304504857683426,0.5127932523658307,0.9897188282743291,2.4903594032170386,1.8643028776003903,3.265802639137441,1.7735721922313583,0.060665027166294606,0.15264711202212605,-0.6595986328233207,-0.28606616547656416,0.3759277654825584
1.1100497713816537,104.78903030008884,0.8915380844360064,0.08543939852340705,0.21498510833523118,-0.9428690335761063,-0.4852862801968336,0.5127932523658307,0.7609457764747705,1.9147139729436102,1.8643028776003903,2.8635902493250054,1.6136215907424816,0.20799013501178934,0.5233508484486673,-0.3754950375801556,-0.3015387428586581,0.6662789728203118
0.46814350953975253,104.78903030008884,0.8915380844360064,0.08543939852340705,0.21498510833523118,-1.3890463697368927,-0.3015087633484821,2.547509290208674,1.062674554135485,2.6739327300311206,0.24214326436240796,0.1853645316004816,1.6136215907424816,1.0601734921321226,2.6676394848182734,-0.5844048258396876,-0.4468444504590862,1.2343945299425354
0.5145901244998863,90.84883742072643,0.8915380844360064,0.3189527701561289,0.8025582697314042,-0.5162347763236126,-0.2379835792987489,2.547509290208674,0.30631918430941946,0.7707692722799161,0.24214326436240796,0.10939463828159962,1.7652580503148223,1.7488255281937501,4.400445838053855,-0.8121382555642768,-0.8766772884208888,1.598887431754649
2.1325888888005395,90.84883742072643,0.6901104123145625,0.5202746207421213,2.184869373031219,0.5668912976895903,1.7869799131669382,2.547509290208674,0.4673199644419566,1.9624887261632418,-0.39850081173039953,-1.1905288874786628,1.2939698001901891,1.0504704009670636,4.411402199620974,0.04762325866200179,0.21331165187453147,1.598887431754649
1.6609455707041851,50.82907160052631,0.6901104123145625,0.5293666249363852,2.2230508270394567,0.5155276400138713,1.276679991219226,0.7956835409425096,1.3220982661260459,5.552090943194867,-0.03115652645312983,-0.12193621778826395,1.2939698001901891,1.8497710500940052,7.768028562887364,0.33718013621014115,1.560891765465696,0.8247942390652023
1.0023640483126284,45.36694568136928,0.8789840106289292,0.9403871508872652,2.434303548162493,-1.0937936386547606,-1.7105991062041241,0.3732966732270439,1.3220982661260459,3.422407991446427,0.29127782083737935,0.540130608575508,1.2939698001901891,1.5883365998173427,4.111597459582077,0.7036907628090043,1.4302522056272513,0.6829104209519932
1.0023640483126284,26.637295375119287,0.8789840106289292,0.7023871080848407,1.818212241395774,-1.0937936386547606,-1.4783700763416872,0.3446625543098191,1.3220982661260459,3.422407991446427,-0.06450929252141435,-0.11962271390316438,1.2939698001901891,3.157718043129218,8.174127250923794,0.7036907628090043,2.0166383824419905,0.6829104209519932
1.0023640483126284,26.637295375119287,0.9620176210380956,1.674935642236363,3.61961238937649,-0.22763363967334316,-0.4341031697113721,0.3446625543098191,2.960553093491993,6.397890394345246,0.29330182839327607,0.7436329923322829,0.9593423547145128,2.2927646530885615,4.954769087821897,0.7036907628090043,1.570070093757528,1.0253034069489741
1.0023640483126284,26.637295375119287,0.9620176210380956,3.633174478785961,7.851455915417402,0.8196468170359668,2.3021167060101884,0.3446625543098191,1.6411794054567528,3.5466636206088356,0.3703475295127249,0.6991090651348598,0.9593423547145128,0.7695348984939923,1.6630000475286097,1.0134066943594005,1.309951996463976,1.9172485210528905
1.2170853756955557,13.97205179150301,0.5695712350626334,2.7516596773028605,16.964013883383483,0.8196468170359668,4.1087726421607735,0.6351253860359358,1.6899575657169659,10.418608029046673,0.3703475295127249,1.454907375825741,0.5109041618011433,1.1539149867656695,7.11389930128433,0.7164855091332845,2.3258532638177734,0.44728426469737054
0.4796582775954076,2.294135197304416,0.5695712350626334,2.6351704900867268,16.245856690654065,0.07851545587885689,0.15179532949262717,1.1155692586864259,3.27787452449538,20.20813453065999,0.3703475295127249,0.798554401460605,0.36211635252665153,1.229498114674714,7.579870163079044,-0.21643033487657137,-0.2858123286272551,0.36167215057329827
0.4796582775954076,2.294135197304416,0.5816137789135285,1.019416040131836,6.027151177362617,-0.4226964590268928,-0.49775610545563737,2.127379557238892,3.27787452449538,19.379963157146598,0.3703475295127249,0.7820200160220777,0.6590453431197174,0.5809573716179596,3.4348271642771513,0.1388207149428356,0.12340667889016806,1.22599782993319
3.1357166796770644,5.6469712344304295,0.7149283155230209,1.019416040131836,3.9889304322873333,0.43816378740935724,2.744110080089,2.908605818166414,3.27787452449538,12.826179821820386,-1.1154825353674875,-12.527033921409048,2.155837843373544,1.1588148559103577,4.534391908851749,0.3378165968658159,2.2556791513753867,1.22599782993319
0.6216608733948088,7.9142273956530875,0.5578377986242016,0.33076284906702924,2.1258413145367077,0.43816378740935724,0.3971507963168813,0.6375396149936815,3.27787452449538,21.067181842503505,-1.4474961517367393,-4.130229402041404,0.4860635292551986,0.6792831847582672,4.365811524789954,0.3378165968658159,0.4388003934332172,0.4520253919146936
0.6216608733948088,7.9142273956530875,0.4255125187011999,0.14315470660246735,1.5812878846700835,0.395208856481542,0.30894820365713294,0.4073831440185599,5.199787786376662,57.436892049144625,-1.5037538157155947,-7.08476978250476,1.043759737696795,0.33178512092307555,3.6649007530459734,0.3378165968658159,0.4020366318597142,1.4085336086246705
0.7433322418101067,7.9142273956530875,0.2932043096358237,0.3702307183901699,8.61314476165842,0.395208856481542,0.8621652456995829,2.7211967107160726,3.8681328565453166,89.98925965846252,-1.5037538157155947,-10.603641895922227,1.043759737696795,0.2533486502572755,5.893969601779596,0.3378165968658159,0.609632201637995,0.6903438864735647
0.743742476813979,8.56533486659942,0.6081467182355997,0.29431774486843715,1.5915845250727088,0.45658619824845686,0.42841061107750256,1.7369161263304036,0.78750783976075,4.258612717003942,-1.5037538157155947,-2.307987229230847,1.043759737696795,0.27725370554535395,1.4993071772220323,1.190081525336421,1.0837886762018243,0.6903438864735647
2.0397752557221445,11.413539330294425,0.8158036956534117,0.45228988909326523,1.3591755020457434,-0.05911707491892132,-0.14058307077618631,0.38634487041691556,0.78750783976075,2.3665383403055924,-0.758277050625378,-2.3793975152879723,0.4503800764109689,1.4114148329093672,4.2414400816260995,0.24117925252646844,1.0131620918992656,0.6227338468237021
3.010488190877354,12.785749566467237,0.8158036956534117,1.549767428420225,4.657203208322981,-0.05911707491892132,-0.3840718339647571,0.38634487041691556,0.40643432051242345,1.2213750184390746,-0.8246400270541254,-2.74363197438994,0.30822859371834654,1.533043574878627,4.606946387240577,1.6319824985097202,10.545301572274415,2.446318662764576
3.5878209414362248,6.572698845226672,0.8158036956534117,2.7152146619748754,8.159486515938163,-0.6778037004319566,-6.94650112651075,1.582841184131998,0.3237655870536488,0.9729473617263105,-0.6845409100692268,-2.4225616656216866,0.30044633375947744,1.533043574878627,4.606946387240577,1.6319824985097202,12.567614093095063,3.9800006710487033
2.1067375956825445,6.572698845226672,0.8158036956534117,1.5688930841701185,4.7146776807413895,-0.9759192733219461,-4.464268881998479,2.828903294663718,0.10176742993111786,0.3058211138564932,0.9604955700778814,1.1190243697805624,0.30044633375947744,1.0942686745263621,3.288384752650543,1.8495524105082777,7.06591487050688,3.9800006710487033
4.272821903255149,0.7725447386418406,0.5468972324758137,1.5688930841701185,10.490879360856281,-0.6771119770356845,-9.370898492615654,1.7319172634205835,0.04833768676213036,0.323224600529492,0.6923947837191375,1.6819798253519058,0.3112070010627482,0.4879175087839399,3.2626083793399006,1.8495524105082777,14.274598680517247,10.001999111573047
7.095170434405895,0.46698786358399264,0.6163640349644997,1.1502987084847722,6.055723658171761,0.23772355419133562,4.1506687119183105,1.4323120285366173,0.04833768676213036,0.2544727479458905,0.9453175226464314,3.383461041007713,0.5680405440261053,0.4879175087839399,2.568631590546768,1.8495524105082777,21.031990856170285,3.0088538753529384
22.65193063808738,0.46698786358399264,0.6163640349644997,0.4789185833400789,2.5212569344626132,-1.2095989204555955,-43.5066021650761,0.6746637349926992,0.07410269433594203,0.390112095157912,0.3456015711491931,4.889625968149964,0.9081078457093334,0.15040529383087894,0.7918055453315206,1.8495524105082777,37.28044905795656,3.0088538753529384
31.452205589577872,0.46698786358399264,0.5694429227608343,0.5220244093007521,3.219737062328271,-1.2964170129597599,-73.16544710462767,1.4715884377429853,0.057746720837394086,0.3561696617925067,0.13035674078026502,2.4468821980305058,0.7806755803765976,0.15040529383087894,0.9276683049482776,0.46987202740354883,14.234003107567906,2.4721053640740362
31.452205589577872,0.6217246695892219,0.5951749682318943,0.5004456249088476,2.8255147424292,-1.101529555414407,-58.23660497241208,1.4715884377429853,0.06800568991220762,0.3839599545924899,0.13035674078026502,2.5405489388474773,1.220599499132026,0.2562347812662899,1.4467009320401067,0.6967322278663999,26.357631750182918,0.9713294625697397
31.452205589577872,0.5831926896967902,0.5951749682318943,0.5004456249088476,2.8255147424292,-1.101529555414407,-58.23660497241208,0.734799224566487,0.04300074203957527,0.24278208165041937,-1.196812960492585,-18.547513881811927,1.8411977153851133,0.13878758164559435,0.7835943377008233,-0.2159249336981508,-6.01173108013475,1.5684407946794676
64.55246492043939,2.5699274560749843,0.9313704761934306,0.8100690595086344,1.8676999466194166,0.15972534474556732,14.090948177925299,0.734799224566487,0.1388279609310904,0.3200825561434942,-1.196812960492585,-43.7089241842054,2.2476419307278093,0.4007225317404018,0.9239082055482067,-1.4325437524304914,-88.88636322166197,1.5684407946794676
64.55246492043939,2.6544963678421567,0.6045335279639882,1.3188448110763522,7.2174354132498975,-0.12291611086349846,-21.31636234299286,0.42645459251573464,0.34270090237885587,1.8754455476556111,1.43817351734348,127.13828455545746,2.2476419307278093,0.35109098948364503,1.9213606631277158,-1.6091434643966973,-143.98327361802623,1.5684407946794676
74.76673430579984,2.6544963678421567,0.6045335279639882,1.0119028843601952,5.537682410404672,0.8164224897079706,143.64396811502567,0.3118069377097559,0.35274803561057333,1.9304289199062523,1.43817351734348,149.3986271478745,0.5808678009923,0.6891918246363935,3.771632143431201,-1.6091434643966973,-233.6511062538111,1.5684407946794676
74.76673430579984,1.1114456163701847,0.6045335279639882,1.8491098610606291,10.119333891389855,0.003931029736352176,0.934954989780205,0.2133421552653922,0.09442621365083081,0.5167515484906829,1.43817351734348,77.29663580599563,0.5998957339337753,2.3890485650818056,13.074171860692893,-1.6091434643966973,-435.0210498728387,0.7582709753993725
23.36041052643686,2.037528971877315,0.602862639599249,1.1101330504958304,6.108974139469202,0.003931029736352176,0.22697129890276713,1.6070665549166185,0.06847403237461328,0.37680716992873686,1.43817351734348,20.62297602910468,1.198981200996398,2.3890485650818056,13.146744793790438,-0.7381700545935467,-62.523892829045785,0.7582709753993725
41.46328138548309,2.009164287795286,0.5506902401404007,0.5735793052203555,3.7827593211826334,0.003931029736352176,0.31701101531974524,3.0524956849915483,0.06847403237461328,0.4515866975439781,1.43817351734348,40.07241593713314,1.198981200996398,0.2909511458023186,1.918824735787259,0.6299865346885246,36.18366801697533,0.6471808662985904
14.827061077802203,2.75751036800582,0.5506902401404007,0.5735793052203555,3.7827593211826334,0.003931029736352176,0.11336154615412594,0.6051296602107896,0.34067423667632113,2.246748849802119,1.7789398356839823,39.536079463020066,1.3755656874621158,0.2909511458023186,1.918824735787259,1.038376948234884,21.32690179165773,0.6471808662985904
36.5681162732369,2.75751036800582,0.5506902401404007,0.37023150298574553,2.441679217099277,-0.5477758196497545,-31.30039007317633,0.45845737206609505,1.5514194620452249,10.231621639245034,1.7789398356839823,208.0827531598013,0.642871392738527,0.8607498813272265,5.676651174760447,1.038376948234884,90.46982109732099,1.4728971088010896
36.5681162732369,2.75751036800582,0.8167703031628994,0.30637378512356617,0.918505412811435,0.02606568788224195,0.9135085989362245,2.2989471965210244,1.6312330997243472,4.890419821818952,1.629780140875493,131.79674430214504,0.642871392738527,0.9530853404871229,2.8573399116232525,-0.4968424498253641,-30.71158548476849,1.053340866813672
15.001790265020476,1.3752234319396528,0.7509402488184673,0.30637378512356617,1.0866028339029874,-0.7273275527822401,-11.373877489053434,3.8541470019146846,0.8417973147200419,2.985566625348861,1.7287406058299948,44.811172362214606,1.1966359628888534,0.613066992361584,2.174338548592869,0.6826213918127144,15.10033444202574,1.053340866813672
13.291931206251414,0.6884988934416889,0.7509402488184673,0.30637378512356617,1.0866028339029874,0.6388890609261245,8.852153858413272,0.6284570401830346,0.3708313955707167,1.3152118911375685,-0.48919208735213715,-7.457021100881689,1.754551932652764,0.6246583137155299,2.2154489935573363,0.9581808441057591,18.956861929003857,1.053340866813672
4.172621282687796,0.6884988934416889,0.7509402488184673,0.2167301171153163,0.7686674607445535,-0.5868311907040046,-2.1467991087493763,0.6284570401830346,0.12799715359679284,0.45396204434950826,-0.48919208735213715,-1.375302283798131,0.5471015994673379,1.4144419611335841,5.0165409639704555,1.8002361929706563,16.82444082976011,5.49887388698299
1.6934616097634556,0.6884988934416889,0.6008763324680164,0.2167301171153163,1.2005467182726408,-0.9362497146037676,-1.7372270640366565,0.6709631399065697,0.05344435368201225,0.296047657229858,-0.2604253439595415,-0.2399603112201827,1.2202966555863715,0.79022779539606,4.377358343537382,0.23971185384716964,0.8493191505642551,5.49887388698299
0.7424352221287551,0.6245780083991574,0.47883223062292696,0.2167301171153163,1.8905253727445064,-0.7949805634575695,-0.811533277542046,0.4075029037951344,0.025250099497892135,0.22025528523887328,-0.2604253439595415,-0.09074129708367491,3.6237521097937093,0.4719367563732369,4.116679417377082,0.5359711534819995,0.8073716719859054,2.1169594421674613
1.1484639665591185,0.6245780083991574,0.6900964543805786,0.2011581768941572,0.8447886969157813,-0.7949805634575695,-0.8391661005616681,1.3462247977571449,0.04138759653623676,0.17381234154215042,0.42156496774461044,0.2018469504473459,2.087280140881807,1.2121708204071457,5.090661605816283,0.21915514419088067,0.5678794555641801,2.1169594421674613
3.302858263392438,0.6245780083991574,0.6900964543805786,0.2011581768941572,0.8447886969157813,0.338509346047001,1.027624969001222,0.24208628300092702,0.04138759653623676,0.17381234154215042,0.42156496774461044,0.5804900176563464,1.4368232346187293,1.2121708204071457,5.090661605816283,0.21915514419088067,1.6331599484487622,3.8743235210917426
0.7424676229632297,0.5051192467787629,0.6004980041754473,0.2011581768941572,1.1156925933429114,0.338509346047001,0.265473061822449,0.24208628300092702,0.06858483610391787,0.3803951439520192,0.42156496774461044,0.19304542588358042,1.7561314526023377,1.783505591154359,9.891936827820722,0.34998235233290986,0.8172676958885995,2.511768404430643
0.5713190890322771,0.5154431403814271,0.6004980041754473,0.21369851627460415,1.1852456385175691,0.338509346047001,0.21054919329139696,0.22713749610670114,0.06858483610391787,0.3803951439520192,0.42156496774461044,0.14854592098909236,1.7561314526023377,3.023029353607926,16.76676290943526,1.0374347030014546,2.4269683795980805,1.9997539627364864
0.5713190890322771,0.8198758705694874,0.45807509913512884,1.7476756518456882,16.657793075560885,0.338509346047001,0.7893291294248354,0.664939378617367,0.05012363761430694,0.47774836405814247,-0.6253664158433625,-0.24695219681814232,1.7561314526023377,2.6074884826461977,24.853011795957496,0.32298287442470164,0.9199150907218191,1.9997539627364864
0.6060363171769289,1.8799546454913774,0.2873036734676429,1.7476756518456882,42.34561782435599,0.338509346047001,1.3349762855476421,0.6471615311093837,0.031054430766683645,0.7524388496287285,0.7749596071573885,0.40739277471316065,1.2910454920512975,2.6074884826461977,63.17860562452636,0.6417248078788248,3.0912383832359307,0.9458120051827292
0.4865685756916643,0.7281157811595831,0.8666351284634842,1.2561103973024865,3.3449160956714787,-0.43564298691108594,-0.38767464552062264,0.6471615311093837,0.08634154884190023,0.22992026581954123,0.7749596071573885,0.1808055470150864,1.2910454920512975,2.6074884826461977,6.943522013360858,-0.19700932603596288,-0.25259267424592863,1.6559294224803616
0.4865685756916643,0.48209144911460705,0.8666351284634842,0.3712649085230121,0.9886471531033509,-0.43564298691108594,-0.21076352055534797,0.6471615311093837,0.12682450724501415,0.33772297126149436,0.830004291403377,0.23469546390688378,1.2910454920512975,2.6074884826461977,6.943522013360858,-0.19700932603596288,-0.25259267424592863,0.998401582456916
0.4100955461880763,0.2772084608858606,0.8666351284634842,0.3712649085230121,0.9886471531033509,-0.43564298691108594,-0.17763823106702123,0.38332874761997543,0.26955640964692923,0.7178059948040552,0.8657678464245416,0.3008084596803015,2.4666948493904375,3.0004979945977315,7.990073212285541,-0.19700932603596288,-0.22837429377790525,0.5539092739440288
1.2063877695412841,0.5722379981891147,0.8666351284634842,0.3866471527506023,1.029608772730822,-0.43564298691108594,-0.5332781255950972,0.37597289040806353,0.36493866937412883,0.9718009115631092,0.9206849258588231,1.0949306407062747,2.4666948493904375,2.04626811971564,5.449039498753545,-0.19700932603596288,-0.5547964697592249,0.6009003648876481
1.0215378906547938,0.5072908598216708,0.8482696348327718,0.3866471527506023,1.0746745644079407,-0.43564298691108594,-0.46134274152489946,0.551919873169149,0.7498004352025488,2.0840485966644127,0.16285749583379117,0.24016855966240505,2.4666948493904375,1.1337472585430781,3.151217673674131,-0.19700932603596288,-0.3572567697506604,0.6009003648876481
1.4613737252817816,0.5072908598216708,0.8482696348327718,0.3866471527506023,1.0746745644079407,-0.22682094750203813,-0.3436235656354763,0.551919873169149,0.7498004352025488,2.0840485966644127,-0.7690342259170766,-1.6224110072296363,0.5402814133640544,2.679249132198988,7.446895376321416,-0.19700932603596288,-0.7856619239787302,0.24289664271260952
1.4613737252817816,0.674548237003865,1.0446136502357717,0.2418571956775471,0.4432794675090736,-0.08024962952044148,-0.07808059938813632,1.033104422085267,0.7498004352025488,1.3742453960219851,-0.9977143984997524,-1.7092267450844147,1.3182744971705993,3.507169353975316,6.4279921849711865,-0.5360552499301585,-1.9861338738216001,0.2573654262413423
0.6597188575285209,0.674548237003865,1.0446136502357717,0.09047545693839174,0.16582476391465767,-0.08024962952044148,-0.021558901494211066,3.6334022746190784,0.758249800124408,1.3897315177925573,-2.300363506418511,-1.7890431725672693,0.8574843892692176,2.6930899932961294,4.93593541774928,-0.42463916020052694,-0.6223915315242117,0.2573654262413423
0.6597188575285209,0.6982506226206627,1.0929201793108543,0.2023793365337153,0.3388591944416584,0.12938802929583104,0.0496892719451802,1.0259501841732828,0.44144084152104834,0.7391381477651499,-2.300363506418511,-1.304722572696255,0.9944077683788485,2.6930899932961294,4.509246454294938,-0.5308275178203887,-0.743642689367683,0.5366408838011185
1.0850806197003873,0.9834039176758853,0.8274178180460453,0.08616386943597462,0.2517128875087056,0.12938802929583104,0.0704382943028353,0.9387540893152095,1.5799518524782712,4.615556909355688,-2.044229932647148,-4.765448768505619,1.9551879710994022,2.6930899932961294,7.867398051767887,-0.5308275178203887,-1.6155894074404928,0.7610292038487743
1.8754030404158353,0.8940926462266134,0.8586096278888659,0.9377280587250387,2.5439899933530716,-0.6048186925943285,-1.809162262440157,0.9387540893152095,0.5892816749733851,1.5986795643471345,-2.044229932647148,-4.847357721762074,1.9551879710994022,1.555389353727644,4.219661462440329,-0.36729240008001146,-1.4149639091310677,2.654326500638933
0.6103650231728576,0.8940926462266134,0.7807897532239698,0.9377280587250387,3.076370913026731,1.0132765727768263,1.0847683077830792,0.9387540893152095,0.2576283550422677,0.8451921326749497,-0.38565759740932415,-0.21640597760934344,1.9551879710994022,1.8756889951999998,6.153505819760898,-0.557881589119525,-0.8446814867501797,2.654326500638933
0.6103650231728576,1.3534221994438038,0.7807897532239698,0.6155285999276245,2.019342669054817,1.0132765727768263,0.8788659751824133,0.9387540893152095,2.6071702574998294,8.553250242278077,-0.38565759740932415,-0.6884257700362189,0.7176750603172384,2.6244755353336275,8.610023048503077,-0.557881589119525,-0.9991572059030365,3.5690102317837176
0.9002527336662262,1.3534221994438038,0.7807897532239698,0.4458747812652428,1.4627654522799696,1.0132765727768263,1.1032648908371114,3.377303526547813,2.5898631635685345,8.496471478046955,-0.4880899197897315,-1.2808066956639892,1.429832395939277,2.6244755353336275,8.610023048503077,-0.5123207693691936,-1.353345141775423,3.5690102317837176
2.1619189531756935,0.7216116111776006,0.7807897532239698,0.19420892754962668,0.6371342845132616,0.8117622877945518,1.4008246261389126,3.377303526547813,3.706656556158045,12.160295629255618,-0.4880899197897315,-3.679690690806841,1.429832395939277,2.4935434899878084,8.180478968919251,-0.5123207693691936,-3.1678947019734034,2.012540357437386
0.8812042442653488,1.2796375068399017,0.8053266415660821,0.3784323876591561,1.1670088794348035,0.8117622877945518,0.7727562598310702,3.377303526547813,3.2725465574603763,10.09187113857657,0.6733647327850025,1.8850062525845512,1.1355978099183384,2.0094140211952114,6.196626086104682,1.9746109252639705,4.33147449300874,1.8209823517340191
1.0805903688441154,1.2796375068399017,0.7766657965422898,0.24288623985202987,0.805312699336432,-0.474594740936503,-0.4602208473450489,1.542964938442488,3.2725465574603763,10.85044300367985,0.2786328538538128,0.9917841206649557,0.3249569335190963,2.4673966999121517,8.180891177493573,1.842770379034119,5.695510055965181,1.07923126170741
1.0805903688441154,1.2796375068399017,0.22322394139225116,0.24288623985202987,9.748804541808195,-0.474594740936503,-1.6012520375693795,1.7204463706663125,3.2725465574603763,131.35127276903194,0.3805431337139067,4.712833809191114,0.6230778109966375,2.4673966999121517,99.03470929106695,1.435766375378358,15.439690353135893,1.07923126170741
1.9449735844926117,0.7551427538072948,0.28578854647927165,0.24707648339769847,6.050228372411931,0.25728769624621173,1.2308882036991877,0.850632810457734,3.2725465574603763,80.13572866065083,1.1754934640079895,20.466662178668077,0.6230778109966375,2.696613826564897,66.03270881373255,1.435766375378358,22.692222974975813,8.6187635004331
1.2733928843478683,0.49498711631063186,0.15609904143903344,0.6347491563736789,52.09927209845041,0.10476186643781152,0.9629006364158974,0.3004266663688549,1.73643648181912,142.52413861376132,-0.9284934631486588,-14.115149479968576,0.7883307671712998,2.696613826564897,221.33407517589558,0.696703215839764,13.198797748432828,8.6187635004331
1.9611990289073618,2.0641173904262846,0.12889001578805526,0.6347491563736789,76.41763172131112,0.378130180029429,6.482757825768026,1.6917156458465734,1.73643648181912,209.05008260772712,0.17882217851974613,5.070703569732598,0.3700699908123989,2.696613826564897,324.6461066136785,0.3242835396809325,11.459130724360719,6.740002531745897
1.7474568889074495,1.376253301436972,0.1221116253594302,0.578065376635959,77.53413208754948,-0.5591628027527799,-8.603817864064226,1.6917156458465734,1.0939646693470957,146.73011842687455,0.17882217851974613,3.7851882703750332,0.8890234724916956,1.9260244886600182,258.33174437233964,0.3242835396809325,9.107942145962753,3.3031061103023087
0.4551039994405834,1.376253301436972,0.26852835317482576,0.3558067632171976,9.86878977578903,-0.055855030903008696,-0.07985551179093212,1.7426659527719062,1.2106017551088275,33.577704131715045,-0.2544900981558455,-0.6711305992810361,0.8527027713432067,1.9260244886600182,53.42093727994817,0.5591726877010383,1.8599974738253782,2.355004321421017
0.9421867918601032,2.6787162068994204,0.3102276010012665,0.3558067632171976,7.394066049603244,1.0449618128954188,2.6771893856527544,1.2117202367829651,1.2659028516152384,26.306889763954185,-0.3054296497269449,-1.4759884475884115,2.2494877436417045,0.3329807372708533,6.919715472421552,-0.15425761477629785,-0.38232063793169313,2.355004321421017
0.9421867918601032,5.6406082758165175,0.3102276010012665,0.4409236259656583,9.162890507594076,-0.30541707703686405,-0.87105700302712,0.5145844501473132,1.337838165804023,27.801786768163595,-0.4306190685558275,-2.139275034836543,2.2494877436417045,0.0975056821535282,2.0262781053847054,-1.207814371896657,-1.6198944991532838,2.355004321421017
1.648372931364244,5.6406082758165175,0.2787714143462079,0.4083575284074562,10.509307153933515,-0.9265870145835609,-4.9514081413451185,1.2908547935436427,1.337838165804023,34.43000613095295,0.7162134784302621,6.927340163062804,2.2494877436417045,0.3071914078498136,7.905741012619976,-1.207814371896657,-5.597923493530025,0.6955134154008267
1.3067595288228933,3.346315098742735,0.2787714143462079,0.4083575284074562,10.509307153933515,-0.9265870145835609,-3.9252645118595626,2.597826881463795,1.8604635505070117,47.88005985153984,2.0221404785062527,18.28455270971548,3.18336217499115,0.1931942176877434,4.971960188814088,0.27814471579607747,0.8104576211518292,0.456931174520115
0.873693270108352,4.008380017316268,0.2818149631907008,0.4746721106687623,11.953514535644588,-0.9265870145835609,-2.7989362510775875,2.528645941505599,1.2037083846230254,30.31259968485757,1.926321576491669,9.2661509685305,2.3031225898868564,0.4038972454531884,10.171213951519867,0.3360831169982697,0.9364661456534792,0.5964674685221583
0.873693270108352,5.7018616637923225,0.29354322203925537,0.4700827253605761,10.910889911427326,-0.9265870145835609,-2.674085486969792,3.1341329878343203,1.2037083846230254,27.9387626082405,1.6807340601537322,7.761784404445062,1.4324917716335748,0.4038972454531884,9.374686928323502,-0.9255582713863026,-2.47594585622516,0.280910255783221
0.873693270108352,8.640613844128184,0.29354322203925537,0.19965590687466422,4.634128213081413,-1.1879056310433889,-2.2342149530875344,2.2154689964546415,0.7689546762860432,17.847879462915245,1.6807340601537322,6.203707367743691,0.9038387957287877,0.16379745332560205,3.801832921294756,-1.242360653169997,-2.1164265078713864,0.21800214759886097
0.3450559046361798,0.8080385986368591,0.6082021727689664,0.301746637455367,1.6314602629163542,0.16685690646095885,0.07353970799831155,2.2154689964546415,0.7689546762860432,4.157524368535675,1.6671412101865006,1.1729493318706736,0.4573571105515318,0.1665357833225808,0.9004127274976734,0.1639974754961553,0.05369668052359907,0.1509101954405682
0.9416407878143609,1.5334668245319487,0.879581894985452,1.4962433052092294,3.8679393269050255,-0.7012118148953768,-1.2985967557545794,0.6803288223657566,1.0899633291997328,2.817664754935319,1.8680784972582618,2.9527388843506484,0.4573571105515318,0.34067029668588317,0.8806669566855431,-0.1824228431377064,-0.16120196555375246,0.1509101954405682
1.2923846088906035,4.06489410618575,0.8052876104133055,0.9486565032389589,2.925748217518933,-0.7012118148953768,-1.5500991456759363,0.7410243674112705,1.0899633291997328,3.361552107300368,1.068628400413453,2.53214407765795,0.4573571105515318,0.5289719139859906,1.6314004375430426,-1.1347360274793261,-1.8731256385302266,0.1509101954405682
2.2832074574492616,4.06489410618575,0.8198116893149836,1.2078801062357474,3.5943934262639208,-0.7012118148953768,-3.0353404181807155,0.7410243674112705,4.657519369391128,13.859783696751228,1.068628400413453,9.083439178382928,1.1804826370519514,1.6342595859530507,4.863207765599174,-1.1347360274793261,-5.713492083738261,0.1509101954405682
4.681519800074924,4.06489410618575,0.8198116893149836,1.376572363329991,4.096385583292483,0.7488181579920876,7.095183730769159,0.7410243674112705,1.9009692816905281,5.656878902436768,0.2973797931306551,3.311210270498393,3.1224504222681557,1.213180117215936,3.6101651278822917,0.20213394477694768,1.7979998434670312,0.4290556822415837
2.69492441880166,4.06489410618575,1.3591508455401633,1.376572363329991,1.4903687050187426,0.30737861157278973,1.0112699339651194,0.7410243674112705,1.253057648226805,1.3566434676808448,0.2685439861812567,0.842936548728776,3.1224504222681557,1.213180117215936,1.3134694030001879,0.016108218503206956,0.0497512597350187,0.7421418590635562
9.867460982578443,2.842269950494199,1.3018249240879554,1.1878985144260588,1.40185847243232,-0.15285652142692419,-1.7858355959811956,0.44971674320424515,5.0899414329396775,6.006723163045874,0.2685439861812567,6.494409321444082,2.45753650873704,5.364304510324565,6.330503519603049,0.22096370452348058,5.485869692570146,0.7421418590635562
9.867460982578443,3.261120737906542,1.242981159521605,0.8340017951488802,1.0796124628972472,0.05370833218487539,0.5506568281325199,0.44971674320424515,1.3207166658020042,1.7096631933524882,0.08607892826612018,1.1105996952320172,2.45753650873704,5.364304510324565,6.944073787141525,0.8005195223654169,20.815387918249073,1.3441571541493393
9.386537800783026,1.9749710503298177,0.8601972284224366,1.8405127235036085,4.9747669671918695,-0.5348889055418017,-11.198384999716055,1.6056726340103769,3.0683102295249367,8.293410950118668,1.3616899929577198,36.80868243772187,3.05057602983362,1.203538784290436,3.253074489169965,0.8929331247540803,15.11720044165581,1.3441571541493393
21.898421574020166,3.560719554359148,0.8601972284224366,0.9132771722723375,2.468519261231782,0.7999961389098399,27.52446988541984,5.385560984693397,0.6763913383091997,1.828234732498827,1.4142994879806317,41.876480473823854,1.252287807533913,1.978364567412117,5.347370096029296,0.8929331247540803,45.21701279909446,2.6038145123112093
19.085299756402065,3.1266011555053823,0.5613043378348148,1.5616828761581565,9.913477994866005,0.7999961389098399,48.07285329427573,3.2296109225041483,2.088005520388706,13.25454552620444,2.2659554533074653,157.44641406724114,3.7187747337688886,0.7921633658303613,5.028609979266347,0.28733414799964796,12.297312353561898,2.6772741753153126
4.068750139921133,2.7040110408338722,0.948717380639994,1.7568855902794442,3.903909690272166,0.7483378878502911,6.0160111974257315,3.2296109225041483,1.4639254743442318,3.2529339854279926,0.23486513760740824,1.7235234728799664,1.5774045342377319,0.45898103739926044,1.019884578408514,-0.2691774941094368,-1.1060513217253378,3.864928249920522
8.573043022928378,1.1365935687892443,0.948717380639994,1.7568855902794442,3.903909690272166,0.7766372140564565,13.155370421368573,4.367490649874178,1.1105174633365413,2.4676392761844106,0.38253524066142053,5.15166116040923,1.3002239422082678,0.45898103739926044,1.019884578408514,-0.2691774941094368,-2.3305008271906114,1.3111212002396415
29.76334273450671,1.011236075587937,1.1493839918437814,1.541484632615655,2.3336671176060966,0.7766372140564565,35.31175930946536,2.3922525697280492,0.9448367347889624,1.430396627270873,1.493336804627174,53.15788740693217,1.3002239422082678,1.8168337853415986,2.75052061713589,-0.2691774941094368,-13.287029631219337,2.15296130076101
29.76334273450671,1.7202071177793095,0.9101924476608633,0.38031951008526427,0.9181468432309459,0.32918584527591604,9.388126454300467,0.6180000856403769,0.3754093707393476,0.9062930497212026,1.4952103484163566,42.36608413004295,3.7251058687728245,0.7078078139522246,1.708751438622584,-0.2691774941094368,-10.472729777577113,7.0339717814063585
29.76334273450671,2.2038743341637184,0.8383491665503418,0.2552046082318177,0.726220717132455,-1.2194629767789578,-30.930336296296254,0.6180000856403769,0.23611238089054912,0.6718910906907672,1.4952103484163566,36.47820341289427,0.5729681546957296,0.2678852678342668,0.7623053230257706,-0.6080024002880635,-15.799795848398656,7.0339717814063585
22.556434167278898,3.670098680111421,0.8383491665503418,0.3523791513347106,1.0027445889706093,-0.15250379396234814,-3.444659167320078,0.6180000856403769,0.7377383022875277,2.0993384196913265,1.5496694869462309,50.646653456012885,1.5471936070592784,0.37425000558761656,1.0649811902995996,0.46547597395669027,10.835243690949202,11.610821453958811
45.354719090005275,3.8473346628988625,0.5694201091612136,0.3214012280009636,1.9824942068401745,-0.5425622120347546,-34.647985418665755,0.7512046388347003,0.5772637253727128,3.5607268786382775,1.5496694869462309,132.62667893735633,1.1866061257015255,0.4679580716396243,2.886498511035163,0.803180518945302,61.89011882354645,11.610821453958811
84.61156231026618,4.400196641510063,0.5694201091612136,1.981909389625678,12.224980930699097,-1.1628246378968954,-344.007597627873,1.852385520468751,0.5885096094929844,3.6300946911320353,2.0511693866896112,330.6665141837209,1.0851501573214182,0.8112959091197066,5.00430396569029,-0.455348881266911,-86.18780664445461,3.217793625178729
40.33168280991582,4.400196641510063,0.47332276672174933,1.981909389625678,17.692899148732486,-1.7753976913445633,-301.19065629292953,1.852385520468751,0.7056677607735838,6.299636395706765,2.2773206550541323,230.53043506505287,0.34753909754719203,0.3814805448730861,3.405552667025712,-1.0272018418376363,-76.45324667859484,1.7685178877168182
40.33168280991582,0.35471425545742724,0.2537130694737725,1.1226283097243057,34.88030761505634,-1.8680965337964253,-444.9752039869759,4.210557479714161,0.7056677607735838,21.925251979308502,1.4055996523858105,265.4485031492051,0.34753909754719203,0.14340872690327724,4.455740573920088,0.6080042152902232,51.762218509611806,1.7685178877168182
22.7653708320133,0.838191358030683,0.17343477855785538,0.5349717884943469,35.570379251556425,-1.017500955167414,-138.15092670463585,1.868613091126322,1.1498398084576233,76.45307462004018,1.3616418176157723,271.04106023482154,1.136692880445166,0.029071826191773547,1.9329914313559058,0.6080042152902232,19.24404145326203,1.8712299023552026
19.845612075710854,0.838191358030683,0.20828434561703546,0.7578333211364146,34.93738793357559,0.6507087510009357,76.33019314813741,0.5665326526538785,1.1498398084576233,53.00954488159932,1.3249826774377917,191.44839778001614,0.8112972511569485,0.017129832079208422,0.7897140068885727,0.6080042152902232,10.72274575544139,1.8712299023552026
16.583504401147763,2.3219608456679124,0.3233917227971803,0.7578333211364146,14.49258621353368,0.6507087510009357,41.080517324504655,0.539797719891137,0.4892356433892862,9.356001567627764,1.3249826774377917,67.20965309022596,0.6915673015946837,0.017129832079208422,0.32758597610752915,1.3496721920443713,12.810534814975718,1.8712299023552026
5.702875324085185,1.3770605988422344,0.3233917227971803,0.7578333211364146,14.49258621353368,0.6507087510009357,14.127114684780194,0.43145719683550965,0.636446729014278,12.171223979343342,0.7804631744090089,15.5279248466984,1.2212487457731551,0.017129832079208422,0.32758597610752915,1.3496721920443713,4.405394729451927,1.8712299023552026
2.886100562828523,1.6863464461429087,0.44661053075154883,0.3323468433260108,3.332449949421408,-0.5234565048115554,-2.757870556184099,0.43145719683550965,0.43104849273306656,4.322133808857693,-2.0436368944433214,-12.262084316192976,3.8193094592349373,0.016407778885872866,0.1645212013183137,1.3496721920443713,1.579976747585503,1.8712299023552026
0.6700841002654943,0.7210182346677041,0.6894943813512027,0.8394558305857358,3.5315583203895,-0.4876675252392004,-0.6140961016640788,0.43145719683550965,0.3475759348974593,1.4622385599463834,-0.8531774107895962,-0.6913178610686003,3.8193094592349373,0.01019317762325623,0.042882305339997345,1.3420701843678324,0.18622741017913214,1.4356665348621311
0.5321963818280011,0.7210182346677041,0.8972271664286179,0.8394558305857358,2.085561572056983,-0.850098501602877,-0.6533602012536814,1.0994100311521773,0.5700125176183654,1.4161509861773507,-1.1157960803546487,-0.7066616590263655,1.4636714360589458,0.014228094673319673,0.03534857512819851,1.3420701843678324,0.13428673107566344,2.3916221421286075
2.978585207981316,1.5196628654782465,1.1904934982329123,1.430293490460005,2.018371485059708,-1.375660967576424,-5.8213269849596525,1.0994100311521773,1.560038782513533,2.201462717417454,-1.235818501739744,-5.461606273919514,2.141713917357502,0.01390512890384073,0.0196223473453447,0.02315809418832071,0.009662473679863351,3.321253372444787
0.9525424637134183,2.111982790300494,1.1904934982329123,1.4007572859215573,1.9766912051626633,-1.375660967576424,-1.8423204603497092,1.1354552493866674,2.356183681565016,3.324949731054385,-1.1731554061127143,-2.0376633466077916,0.9598859186666182,0.006705427184130727,0.009462423701055165,1.6806102700083612,0.15572292541897778,3.321253372444787
0.9525424637134183,0.6810726002425855,1.1904934982329123,1.4007572859215573,1.9766912051626633,-1.375660967576424,-1.8423204603497092,1.220327558377895,2.356183681565016,3.324949731054385,-1.1731554061127143,-2.0376633466077916,1.3589281636862292,0.011868087128303454,0.016747757576850743,0.22263704414082008,0.027444802238391294,5.519491317205769
0.48873357266920037,1.916166418162768,1.2825716260606954,1.4007572859215573,1.7030587497537608,-2.051320022742981,-1.3083393610773741,0.6215767225261172,2.021460898304185,2.4577181962520447,-1.1731554061127143,-0.8988635338680264,0.6574759448095526,0.02107208005789456,0.025619706339416994,-1.0933485058734462,-0.08552987998605362,5.282549372646624
1.0455795209992818,0.970471535150559,1.2825716260606954,0.6354096151152909,0.7725391940316245,-2.051320022742981,-1.8851709930296163,0.674805036025276,3.1769127437259,3.8625314319511657,-1.1731554061127143,-2.410730308411768,3.9381806352491124,0.02107208005789456,0.025619706339416994,-0.5612375537522485,-0.09392708950595531,7.098284979013553
1.0076422762069481,0.970471535150559,0.7547445177335951,0.5848733336300733,2.0534866429598915,-1.6539163005737874,-2.388173357002312,0.4871565177549721,3.1769127437259,11.154120918113875,0.0829210753015035,0.2790544674817542,2.8649935397249373,0.003926903811670025,0.013787334901052242,-0.5612375537522485,-0.06640385090175732,7.098284979013553
1.0121160054876768,1.2735203720869213,0.7547445177335951,0.5848733336300733,2.0534866429598915,-0.9947121745310264,-1.4426921455161075,0.6226425776639933,3.1769127437259,11.154120918113875,0.15730670192250001,0.531734932885267,2.8649935397249373,0.003926903811670025,0.013787334901052242,-1.1064740735455554,-0.1314957442382315,8.132603693076211
2.1259516844410276,1.6356283719712459,0.7547445177335951,1.155084111068526,4.055493142169229,-0.9947121745310264,-4.258656968181506,0.32751914999958387,2.923328646476811,10.263788727148567,0.15730670192250001,1.0714069715573982,2.5640534056293145,0.013722836275317372,0.04818079295903248,-1.225133441450418,-0.5717073248732908,2.0574543391409357
1.5952820261855178,4.8202641790743925,1.1299320299891682,0.719002998604048,1.1263051188342086,-0.9947121745310264,-1.684080838410284,0.4022070603626297,1.9599675609061311,3.0702535328552183,-0.7873988565283518,-2.2009966003205914,4.99449331723456,0.01176611397031964,0.018431403511928405,-1.225133441450418,-0.26533837814453237,2.0500721800897566
0.8059934628273719,4.8202641790743925,1.1299320299891682,1.0796747194075558,1.69129080894736,-0.7485933926032722,-0.7846692855996426,0.4022070603626297,1.9599675609061311,3.0702535328552183,-0.7873988565283518,-1.112022101700384,2.5115979965350883,0.01176611397031964,0.018431403511928405,-1.225133441450418,-0.13405842647965752,1.5984213776179397
0.8059934628273719,4.8202641790743925,1.20210487837469,1.0796747194075558,1.4943014192437263,-0.7485933926032722,-0.737558739422567,0.12904616333175842,0.5185265287146391,0.7176558956562206,0.5016460935125635,0.3425209047250586,0.09769604918675288,0.036305311406352146,0.05024761382795585,-0.7233813864365363,-0.130694276923416,0.24391470818843264
0.62932559894156,4.8202641790743925,1.20210487837469,1.0796747194075558,1.4943014192437263,-1.8238495838388318,-1.4030835105341293,0.12904616333175842,0.40080969382297454,0.5547323499942299,0.09569859600513098,0.0448562238763925,0.09112996340533142,0.014517352271325078,0.020092440540430405,-1.3665089134656032,-0.12190014229134065,1.2755203190549707
0.62932559894156,2.876430498073892,1.20210487837469,0.827895564925229,1.1458316985806591,-1.3838058772566946,-0.9322040488153076,0.18606443303473172,0.27491766206919677,0.380494092545382,-1.0297496631677077,-0.399743136355568,0.3529513279725851,0.015360848756761105,0.021259864369716493,-0.8923149836726152,-0.08187924478181922,1.2755203190549707
2.0172470595392102,2.876430498073892,0.6647016434547427,0.7298874515124576,3.3039417942365055,-1.45480222848047,-5.334322181424442,0.18606443303473172,0.27491766206919677,1.244454815330805,-1.0297496631677077,-2.317289618096636,0.3597175293609175,0.010644816148072892,0.04818530979084987,-0.8923149836726152,-0.3951250870290411,0.32435611199483666
1.9547053572954844,0.9891586846888593,0.9070452086134111,1.697011886892733,4.125314021957875,-1.740250296075001,-6.909100755400361,0.6094282794875393,0.27491766206919677,0.6683050926028199,-0.5177790017403985,-0.8273954387203452,0.3597175293609175,0.022330539264640778,0.054283937229796415,-0.8923149836726152,-0.40638265068455287,0.355355565468914
3.378558469207552,1.802537637433774,0.9070452086134111,0.8144924731981603,1.9799727075664881,-2.1456800002502336,-10.20060649660885,0.6094282794875393,0.2899952938426162,0.7049577326068297,-0.5177790017403985,-1.4687822394590586,0.2951283940120544,0.03670469249147913,0.08922647140910796,-0.7557351886262028,-0.762689807956903,0.15616991089152032
2.6282318851268123,0.8990653931132733,0.9070452086134111,1.6846866747357823,4.0953523163697225,-2.1456800002502336,-11.412328590178872,1.0640156993784624,0.34622289286251595,0.8416429877010264,-0.5177790017403985,-1.248452629233013,1.3352958151720495,0.04516401799055295,0.10979048417011042,-1.4636780595402643,-1.2746518855129967,0.3106048478371582
1.4465306967718812,0.8990653931132733,0.939294756092603,1.6846866747357823,3.818962034277947,-2.1456800002502336,-6.065481436120637,1.1849324566201938,0.44520822565174273,1.009228206413463,-0.8432267280766387,-1.225368489653293,0.6724045365220142,0.08433787903795303,0.19118282522652613,-0.6116455865090946,-0.3868583170040746,0.4187768576990844
0.5104619173788038,7.586350732659011,0.939294756092603,0.9742785916190518,2.208560801246017,-2.2330875849935143,-1.6940404822774306,1.1849324566201938,0.28555818851283776,0.6473226724362537,-1.6141477369991912,-0.6629290312270124,1.5172449739339213,0.10840965472692649,0.24575035925671143,-0.4606243522627126,-0.1165620891204332,0.3841283976328878
0.5104619173788038,4.386535717447444,1.2170854316224093,0.9742785916190518,1.3154399501350966,-1.7139303478132513,-1.0034414337445134,0.6319885890554758,0.28555818851283776,0.3855515788700312,-1.6141477369991912,-0.5116204224571355,1.5172449739339213,0.18842849697088312,0.2544101602884514,0.9934968233252118,0.2557979478570655,0.42859255740381236
0.9052518329766022,1.2127904266526472,1.2170854316224093,0.1932043819488129,0.2608584082036384,-1.177264211118635,-0.5443093247393609,0.6319885890554758,0.28555818851283776,0.3855515788700312,-0.35321120974887865,-0.19853868178531783,1.5172449739339213,0.6690610970189196,0.903345001800089,1.8537869614425162,1.5949830020126816,0.7728188607792295
2.2561683690267667,0.7302173774870203,0.6445203544217235,0.3477960163650643,1.6744852429043198,-1.177264211118635,-3.4370520584142836,1.6219503925868617,0.2484012102626584,1.1959428553885405,-0.35321120974887865,-0.871487573164867,1.3982089138821365,0.7841963620462205,3.77556146131164,1.695959076719896,7.434943062565654,0.6086009885302478
1.8010157420550965,1.0012259253758349,0.8146600926084666,0.4269133016001873,1.286520757515558,-0.9022297881752184,-1.843075259797731,1.081895652164139,0.12160949891064259,0.36647521656780974,0.18596523190879755,0.20275499865613833,1.0272308525230769,1.9696473548575628,5.935613150285488,0.5111380169355406,2.2427893580351865,1.0294210904435197
1.8010157420550965,3.9917258205478845,0.8146600926084666,1.4844834955818305,4.473551946254096,-0.70966541213732,-2.7033195811373094,7.722881680512826,0.3298829487048654,0.9941158063439998,-0.007031521176638522,-0.012626566996868527,1.698757458863683,1.076373190977491,3.2436947919759835,0.001568379505279549,0.005087315348341257,0.5302342025883751
1.8658125673569759,3.9917258205478845,0.8146600926084666,0.24907863179642842,0.7506086806350735,0.7620431821666589,1.2318402408411282,5.223065856344346,0.2694976864761132,0.8121423400356925,-0.007031521176638522,-0.011823154894136306,1.698757458863683,1.076373190977491,3.2436947919759835,0.2698960923809239,0.9069526258398248,0.680158591570643
1.8658125673569759,9.092201767131902,1.4273089929622274,0.3140209438177798,0.30828515040326604,0.33148942779637924,0.34341083929786026,5.223065856344346,0.10920601792122267,0.10721130014602454,-1.9763639199685812,-1.207411233858041,1.698757458863683,0.40088933346482125,0.393566833344668,0.09543510119174622,0.11170828864564454,1.4170334865896472
1.2314765916375905,7.351448269979111,1.4273089929622274,0.648968504520841,0.6371146796478813,0.33148942779637924,0.3258401889106823,5.223065856344346,0.10920601792122267,0.10721130014602454,-1.4829291307893122,-0.5979527106273065,0.8999274097177609,0.5059051385495693,0.49666445757210836,-0.6469385326442583,-0.5614624561515139,0.5676018198350113
1.0318562245835035,13.550649388887004,1.4273089929622274,0.6906161197211357,0.6780015745150294,-0.11000994145968457,-0.09346875827189144,5.223065856344346,0.29160118985086503,0.2862749075842226,-1.4829291307893122,-0.8187121329917293,0.8999274097177609,0.9316568244520844,0.9146395165830272,-0.6469385326442583,-0.6384210350905318,0.5676018198350113
0.6235511857649301,22.633675909718157,0.8080043132428462,0.31246314373646,0.9571972349501958,0.6849084066319553,0.4178354887928286,5.223065856344346,0.15025820875411944,0.4602998620193102,-1.4829291307893122,-0.6273543712101711,1.574604600825784,0.9917604257853216,3.0381513990508053,-0.4928523834477338,-0.5356655005851153,0.8836289179903886
0.6235511857649301,29.736537416772645,0.7728341377207814,0.2021106137012369,0.6767784499182288,0.6849084066319553,0.35134021840771285,4.178988050961146,0.15025820875411944,0.5031478344745645,-0.7199380153878925,-0.31843076476543875,1.1735509454432567,0.4023582703370465,1.3473186861577449,-0.4928523834477338,-0.3567172712309522,0.5379331081789697
0.6235511857649301,30.253571646290844,0.7728341377207814,0.2021106137012369,0.6767784499182288,-0.10136136475497015,-0.05199574671048215,4.178988050961146,0.21624724678258664,0.7241157393789459,-0.5265148546962144,-0.27937447971999685,0.41247807338981834,0.7638320574980116,2.5577334431110685,-0.46453868465710846,-0.4632566223297622,0.5036126278361293
0.6235511857649301,15.648109907595684,0.7728341377207814,0.2021106137012369,0.6767784499182288,-0.559854665111666,-0.2871908979540512,7.7995175144449345,0.28678223873163794,0.9603060197510526,0.5458711096617888,0.3335546849023393,0.1425194117633586,0.5023087473964307,1.6820083281021825,-0.23868538387237312,-0.1930243086843784,0.5036126278361293
0.2876329473811296,15.648109907595684,0.7728341377207814,0.3630191694461564,1.215589554102022,-0.559854665111666,-0.17754457744374588,7.7995175144449345,0.20458275178790716,0.6850565395823061,-0.10195583238306027,-0.02427246672580725,0.1527554666823278,1.7150815229875236,5.74304433277661,-0.6990632076515905,-0.4818658639028152,1.21350481374834
0.5734551388070176,13.196689234147916,0.7728341377207814,0.9226341781159593,3.0894910340034087,0.19010060222065717,0.19161363561908448,7.7995175144449345,0.20458275178790716,0.6850565395823061,-0.10195583238306027,-0.0483921292820215,0.2251716585831466,0.5884411484539955,1.970427386398858,-0.13002863700171396,-0.10466914498293113,1.21350481374834
0.5734551388070176,14.426596068811422,0.8332436416496085,0.9953678048536572,2.8672764548104155,0.9998819915407049,0.9709189546441271,7.7995175144449345,0.20458275178790716,0.589325176483916,-1.3770165280123576,-0.6062002335500251,0.2251716585831466,0.5884411484539955,1.6950753699049004,-0.13002863700171396,-0.09708071488995688,1.21350481374834
0.5734551388070176,26.05117171505062,0.7154011284284815,0.3447560662775276,1.3472328712631705,0.7833579653441034,0.521412031207144,4.552289418342019,0.8179925296045719,3.1965396177941754,0.31869251009122457,0.32674680630745645,0.5964809263908222,0.2280194655612586,0.8910512369191983,-0.13002863700171396,-0.07038656928224482,1.21350481374834
0.7326462635120387,34.32042070453936,0.597368878372145,0.09706804821173158,0.5440278173746467,0.7833579653441034,0.42331646051744165,3.993634478606859,0.2100007710945196,1.1769708287153604,0.5684882356420907,0.45185456092411413,0.8367805694599059,0.2280194655612586,1.2779584472291106,-1.0528337658290037,-0.8719920198764488,3.717118712769433
2.221949986777337,34.32042070453936,0.7803039995523319,0.18649601195046686,0.6125927871665866,0.7833579653441034,1.3623242351162745,2.1676135855621967,0.2570929857131778,0.8444862012429792,1.601371611483264,3.269811247407332,0.29850712124058426,0.2280194655612586,0.7489869540669137,-0.5226648619800985,-1.005066296964497,0.8550432165769766
2.221949986777337,37.86190566787442,0.4718532353482569,0.063225227780517,0.5679453182624887,0.45316289073447663,0.7588254353768304,1.0102551445777215,0.2022104729650372,1.8164346014349357,1.601371611483264,4.795526416199085,0.29850712124058426,0.10239507822773383,0.9198038082906403,-0.5226648619800985,-1.1137947977089586,1.1197500473319433
1.5759550537380917,16.78700575248336,0.2335705949269564,0.2275435258364638,8.341768728908978,-0.6707595318885007,-3.0530910263532407,1.0102551445777215,0.3308192882416317,12.127868650314026,1.0240165455144727,5.620087062432643,0.7482976307699258,0.062172822891158316,2.2792619911946104,0.7919941749990421,1.8843559304997897,2.428649768343104
1.4313200694692374,9.064776816717803,0.22792426125015777,0.4568255670413477,17.587304625420302,-0.0011058875351855901,-0.006638154662753095,0.2960147247935037,0.7215212548310816,27.777810652356052,0.3644717732928353,2.7494743168698736,0.7482976307699258,0.015860550838759892,0.6106145523658666,-0.7175937437332728,-0.8025996753281316,1.6511253864957187
1.0617392626583808,6.054152242129726,0.18611777253393863,0.41354635203115137,23.876930614446252,-0.0011058875351855901,-0.005737439108277824,0.2960147247935037,1.1813267379702115,68.20627583091375,0.3644717732928353,3.1959056239126062,0.7482976307699258,0.015860550838759892,0.9157408112148955,-0.7175937437332728,-0.7290927944085829,0.860147826906197
0.9467062732731308,1.8973631308190497,0.04536096801729773,0.41354635203115137,401.9662237680847,-0.5565730570897673,-10.564092975955273,0.217848013349996,1.1813267379702115,1148.2472171883312,0.08273569873355713,2.65415263563896,0.7482976307699258,0.07351426264010205,71.45571566862974,-0.12748151256677054,-1.0201897347825277,0.860147826906197
1.8125253061956745,0.6142884204898061,0.10763996848020435,0.4097271848107907,70.72576465513053,0.21975064972648728,3.349678088809326,0.217848013349996,0.47165325794607493,81.4152405721485,0.7633107748639921,12.483556379088217,1.440297055984216,0.07351426264010205,12.689791234331546,-0.030442072532254977,-0.1965556507975085,0.860147826906197
1.565140842293765,0.4138555189241557,0.14412309193140735,0.5950666836466177,57.296552328808424,0.2673550806663672,3.167423329701304,0.217848013349996,1.8099478676433256,174.2725236696764,0.7633107748639921,15.771364809013784,1.1170467568344715,0.07351426264010205,7.078389552008176,-1.1048914326021215,-4.600873159826857,3.804990558198826
2.0256224802582605,0.46829316571205426,0.12887855956667374,0.507818230683822,61.147250930420824,-0.26744458277844646,-4.236242197797754,0.18742141913535057,1.8099478676433256,217.93887999006085,0.7633107748639921,22.82586573695813,1.1170467568344715,0.11304680004681217,13.612156144995504,-1.6867996875512992,-12.60623739083975,1.4370172097534597
1.648433576713439,1.182941955911145,0.12457087043597234,0.36767385750868714,47.387058272087955,-0.26744458277844646,-3.0348353355059907,0.18742141913535057,1.8099478676433256,233.27224202071298,0.7633107748639921,19.217831298763247,0.34257121088530895,0.11304680004681217,14.569856387368507,-1.6867996875512992,-10.613597148127486,1.0554968267639453
1.648433576713439,1.182941955911145,0.12457087043597234,0.46637132840764917,60.10752427553862,-0.4442436104591199,-5.677498947171233,0.18742141913535057,0.9888656956649499,127.44837683390806,-0.9047089158586766,-16.83633182742131,0.34257121088530895,0.3168733364263976,40.8397141963074,-1.6867996875512992,-17.769545140248887,1.3262343596474497
8.326029480891384,2.278157542644534,0.12457087043597234,0.7673186931592264,98.89464503235595,0.0721647068234173,5.975155112763779,0.19989874870798477,1.162262879773916,149.79639614445531,-0.403595271017551,-41.12772583213673,0.07497282761224182,0.3168733364263976,40.8397141963074,-1.6867996875512992,-89.75172478269762,0.6282987483978292
8.326029480891384,0.8698301182407536,0.13787655017555647,0.513286882240833,54.001937812891214,-0.3913770623148702,-23.94627609960066,0.3182853406066475,1.162262879773916,122.27946968325979,1.4042635522322982,129.28952545867594,0.07168049858807275,2.4362882585917593,256.3172595808119,-1.5706407743443593,-209.36483422009633,0.6282987483978292
2.5144628912908615,0.8698301182407536,0.16586209028452895,0.8320631105030882,60.49117146322059,0.6675744857905184,13.055423312996409,0.35667038449375055,1.162262879773916,84.49676744259358,1.4042635522322982,32.45741301045804,0.17981917534105518,0.8695587708209883,63.217114229803975,-1.2255035585063567,-24.500623739159124,0.511996654184954
2.5144628912908615,5.6031513419558125,0.13617899244839562,1.1106197560055864,119.77747593122999,0.9110842062541781,25.072135560503686,0.4359433291272992,1.162262879773916,125.34705362037703,-1.4400096938247204,-40.538503394204305,0.34348645201597505,0.44307110943681777,47.784076286614216,-1.2255035585063567,-21.301069277810768,2.1074380517900013
2.5144628912908615,1.3244160098788265,0.07656819393938781,1.1106197560055864,378.8772981916955,0.9110842062541781,44.591598462695586,0.6365141944639362,0.7574122427263968,258.38393616694,-0.9111965354243018,-36.8290100533734,0.09049897990163218,0.5868216838275069,200.18860000159123,-0.20511892978873902,-7.297441862802743,2.1074380517900013
2.5144628912908615,0.7142241133349219,0.07656819393938781,1.1106197560055864,378.8772981916955,0.30141390091614484,14.752234259428871,0.6365141944639362,0.4193202359666857,143.04708449591362,-0.9683088061768375,-29.12048591514574,0.09049897990163218,0.6255921661071929,213.4147788952094,-1.3029219760615798,-47.86035166332054,1.7340649729540842
3.89306377672383,0.7142241133349219,0.11949859367637695,0.3188144059159172,44.65214683473287,-1.033855033460806,-26.895048827237357,0.6365141944639362,0.5843545386795621,81.84286588211441,-0.1468993425246954,-5.1737064626409195,0.09049897990163218,0.6301438128380907,88.25596816119301,-0.10621803278360309,-3.884738716997732,1.7340649729540842
5.348939816403605,0.9239034200228191,0.20946930453045878,0.16336449298192407,7.446408945146146,-1.033855033460806,-15.090401664030026,1.1278940122238066,0.5843545386795621,26.6357932775619,-0.4498562822488932,-12.418648047285629,0.09049897990163218,0.2725177946516407,12.421787052771704,-1.2666709963581002,-23.879409202840943,1.5747733846218006
4.642247095986806,2.75397169972243,0.42697134378129126,0.16336449298192407,1.7922154145744535,-1.033855033460806,-6.425146047320708,1.1278940122238066,0.7666650717928184,8.41081764098489,0.17304190882777748,2.3296928073344283,0.09049897990163218,0.2725177946516407,2.989698577735296,-0.9661919452929553,-7.7554208212237485,1.5747733846218006
2.967315717238081,9.641481295423157,0.42697134378129126,0.3096757320311623,3.397345471682681,-2.0982879490726223,-11.476215619073754,3.1374229699711007,0.8561404610009303,9.392421224705927,0.8381848608871015,7.622410786290854,0.18721591001858184,0.8166447960664697,8.95912792937375,-0.9908090268454334,-8.8000791957175,2.8145433792011847
2.967315717238081,14.09823161016819,0.2857755705050064,0.13865253090451862,3.395530190436476,-2.0982879490726223,-11.473149204024251,2.4969985807219137,0.32206378784263673,7.887178890510695,0.6886613731229622,5.738922061326512,0.23035327754857962,0.4052963365456081,9.925501812596664,-1.7229998972561111,-16.10739262769565,2.8145433792011847
3.2714078453357276,23.91668618975882,0.2857755705050064,0.4222099570330248,10.339707803788828,-2.0982879490726223,-22.072621200654122,3.778389553890811,0.19466750637961958,4.767308542417972,1.503618101798885,10.740113392608617,0.2986865175127763,0.4052963365456081,9.925501812596664,-1.1106441887941383,-11.446846945382331,1.3713427238807632
2.005377739685264,34.60674845697395,0.21599271156617633,0.4380572726845184,18.779442588058426,0.8633941723496279,7.503202222496235,4.813131999890122,0.19466750637961958,8.345363695055857,1.503618101798885,8.71076644299771,0.8400963889713394,0.4052963365456081,17.374986692185665,-0.8984482285259009,-7.510199727635374,1.3695498842660987
4.013209453905844,34.60674845697395,0.21599271156617633,0.4380572726845184,18.779442588058426,0.8633941723496279,15.015586090336864,2.1668284185021505,0.19466750637961958,8.345363695055857,1.5094748850724755,17.500092824310077,3.736048980459909,0.11992077603698041,5.140983768859312,0.33613851932640093,3.0586742413787396,1.3695498842660987
4.013209453905844,9.05656680034976,0.10035251756576138,0.6942722339992221,137.8806265196039,0.8633941723496279,40.68670908570452,2.1668284185021505,0.1399950487893248,27.802645837535035,0.35161475112193963,7.440497531180899,3.736048980459909,0.16423700023552978,32.61703317693179,-0.20820889813303045,-4.772141803118526,1.7633626142240686
0.8650077037081904,2.09459216901055,0.14204833415496265,0.30166131831063026,29.900422865168963,0.29013660254282747,1.372338229315704,2.1668284185021505,0.4230303990242753,41.93042676629203,0.35161475112193963,1.9694805814581398,3.736048980459909,0.16423700023552978,16.27903698309915,0.021660520851864595,0.07559676752434688,2.486772698033217
2.5772978220078184,2.09459216901055,0.28829021157617096,0.1310695848993498,3.1540757975501292,-0.42242063769283955,-1.9335072174062773,3.6579034620743682,1.0733167013415612,25.82843482267374,-0.7659911446636325,-10.033152196656195,3.736048980459909,0.8165516602146617,19.6496069695359,-0.11668671753637172,-1.3331007226348461,2.486772698033217
3.2303063998162256,2.09459216901055,0.48211895265611554,0.2525987421783585,2.1734655976960795,-0.42242063769283955,-2.0117093335558547,2.14369486121143,2.46440900541486,21.204809437014344,-1.5245950655710319,-22.678556840853904,2.756405683239265,0.4909710714851188,4.2245211679771915,0.5233785974667359,3.4749488968563487,2.824624032471857
3.36597593322847,0.7297559637953765,1.2225222884793956,0.19796385955556042,0.2649124301010163,-0.42242063769283955,-0.7318251030299067,0.5735881217432226,1.0904354528010858,1.4592052626088734,-0.5683880748991805,-2.311075628263501,0.5840560462202968,0.2223733946014437,0.297576923817992,0.5233785974667359,0.9610070871490635,2.824624032471857
3.4248260131257617,1.6196620025129715,1.2225222884793956,1.2066659228660355,1.6147432297197213,0.6142914535446383,2.673404795912196,0.6481518173447995,0.49033591163573814,0.656160564907374,-0.21215376437687727,-0.5885648455983534,0.6938859130151204,0.9257507214131451,1.2388264899861454,-0.10219265000446864,-0.3895501862889329,0.8185576991844075
3.4248260131257617,0.7353856027440877,1.2225222884793956,0.8899316607411571,1.1908939308419906,0.6142914535446383,2.2958818123311633,2.4579182576457677,0.450625199524537,0.6030202529835824,-0.21215376437687727,-0.5642287412542525,0.9015594067030158,1.0472189056566943,1.4013734919498317,-0.14744422832750415,-0.5977825584916545,0.5601259148895336
4.816250897122178,0.9280080115835058,0.9544173727538975,0.8899316607411571,1.9539344115267707,1.1140886110868002,7.500389692061419,0.5830306214216227,1.4572623436834333,3.199565950461669,2.3223017615777,20.006599932370687,0.6081405043553607,3.3542131019076984,7.364512009779653,0.5172311257491635,6.760296468985379,0.8859362585672855
0.8416163193491534,0.9280080115835058,0.5993691337535852,0.6358452375290884,3.539913668495794,1.1140886110868002,1.7641285073298547,0.28133807751906575,1.6607759538375135,9.245966081533485,2.3223017615777,5.943044027638573,0.29374822755645147,2.323425417011185,12.935105755246255,1.2926082538657164,3.9126055327458764,0.8859362585672855
0.7078035199948414,1.2434515396715256,0.5993691337535852,0.541462920898924,3.0144630824353262,0.8863313586937872,1.089215512571854,0.29138903823546863,0.6687426331674671,3.72306191527791,1.3361636220841255,1.8248303319487202,0.4473872471764366,2.538184357617444,14.130723909497185,1.3207762564223202,3.514181407337179,2.2356496144494487
1.3781149420931689,1.6220633694468847,0.35249083261765163,0.8134858875582203,13.094362681487988,1.2716673676914738,6.341633674807626,0.29138903823546863,0.8128513113284406,13.084148157267133,1.3361636220841255,6.660668382076866,0.4473872471764366,2.538184357617444,40.85615625230347,-0.9291097997065765,-8.184294250857073,1.0741744261217736
1.3781149420931689,0.3563968538258535,0.35249083261765163,1.1914938235117187,19.17900789237561,1.2716673676914738,7.674887840008228,0.38360926449227994,0.6400563447042854,10.302735477443152,1.3361636220841255,5.910461053206909,0.2321735801399449,0.22532373139380327,3.626947565707437,-0.45712825597136536,-1.1997593599622354,1.0741744261217736
2.841177840662862,0.3563968538258535,0.29806645833535095,1.4917735432261359,33.58200962426997,0.6914707372924828,11.38480418733845,0.2507326507185513,0.8587763413655016,19.332314540491822,1.0021068490197276,12.518560007765354,0.2649540104968631,0.4547764258939721,10.237684118082903,-0.45712825597136536,-4.155634548270119,0.8369068226206905
3.725997341176173,0.3648757479136837,0.4498226614598106,1.253018783199491,12.385253933149606,-0.6311519868361252,-8.276161407487347,0.8345298458789052,1.6408931860137836,16.219133390851997,-1.3322274337415776,-19.991009982077035,0.27017375261166593,0.4547764258939721,4.495161280124477,-0.45712825597136536,-3.611214174984742,1.7272523329637657
3.725997341176173,0.3648757479136837,0.4498226614598106,1.253018783199491,12.385253933149606,0.09773014890567877,1.2815146012226346,2.652366276852136,2.0840943079734617,20.599880521322987,-1.4332697018877805,-24.238336570765025,0.5580654460477404,0.6894544221064466,6.81479655980685,0.9107961390734731,8.859111533295907,1.7272523329637657
4.683853504440928,0.3648757479136837,0.550485445380628,1.253018783199491,8.26981692129437,-1.2776913676453687,-17.209855010825517,0.7256382139799904,1.0780762102589942,7.1152108855700344,-1.4332697018877805,-17.90709394047236,0.5580654460477404,1.67961593628256,11.08532168662134,0.9107961390734731,14.203606581576395,1.8567573288629713
4.683853504440928,3.2789358478719683,0.2467619612308537,1.253018783199491,41.15580969170393,0.8800228638775378,26.443128422338212,1.3618841685135568,2.2817767316552335,74.94569928726278,-1.4332697018877805,-58.11718652108526,1.506287241620173,0.8666524209046138,28.4654807907426,0.21804067860134435,5.448790249261718,2.1524688510936887
4.683853504440928,3.55119815655564,0.2467619612308537,0.7697863029321022,25.283881623752194,0.8800228638775378,20.72617368346898,0.40916337882551157,1.7077967617275098,56.09314039035882,-0.6635850569584006,-23.27848854303271,1.506287241620173,1.3753527664266048,45.17390918073738,0.7831445702884807,24.654095942675124,0.4313429475513602
0.5375371808929137,2.1631324627290898,0.2467619612308537,1.2395338923881944,40.71289406475217,0.8800228638775378,3.0183420395098812,0.40916337882551157,1.7077967617275098,56.09314039035882,0.5383883490880724,2.167499668649188,2.725123706278507,1.0508887702877137,34.51678364044454,-0.32382876705680363,-1.022678429395578,0.3851588769572859
0.7065730310823821,2.1631324627290898,0.21313530427147584,1.2395338923881944,54.57297318164961,1.1262614227577497,5.878751103556152,2.824968663847544,0.7371132660592595,32.452894388378766,0.5383883490880724,2.167102375789263,1.107601381669561,1.4717584529618466,64.79712662685232,-1.008285379131367,-5.734801637613552,0.3851588769572859
0.419832233038263,2.1631324627290898,0.1655829901704286,1.2395338923881944,90.41842957621553,-0.13747236119563722,-0.5488070110521461,5.743552668399855,0.8934040761272419,65.16981426363157,0.5383883490880724,1.824713451331961,1.107601381669561,1.4717584529618466,107.35816813845925,-1.008285379131367,-4.386082485175256,0.2961080425418995
0.419832233038263,5.112136929793768,0.4167139778238825,1.2395338923881944,14.276188225920079,0.9101590393674515,1.4437739390396775,5.035187398856509,0.8934040761272419,10.289678104745473,0.5383883490880724,0.7250572948225996,0.21300958712144685,0.4479622313096925,5.159353182314991,-0.68363554648963,-0.6519256136245434,0.2961080425418995
0.419832233038263,4.840450293896012,0.4932245951901494,0.8424212771259482,6.925798833993381,0.9637991213634164,1.064871592201704,0.9909523600841118,0.934454103944787,7.682428399245605,0.5383883490880724,0.6264994478827635,0.12052559296094563,0.5822671001184713,4.786993055103359,0.17713226883103383,0.16270648502037663,0.2961080425418995
0.419832233038263,13.285310705143697,1.0099339186985035,0.29541040861497314,0.5792551084423574,0.5448684936849109,0.1741014592788362,1.4972896627232537,4.335474955076573,8.50121032304315,-0.46437366910582345,-0.5684388416659083,0.31361438295336397,0.5822671001184713,1.1417376720166341,-1.1001762694522728,-0.4935387053262039,0.2961080425418995
1.0547057117702447,5.032252976147718,1.116208043419549,0.4466965104368432,0.7170546558210616,-0.6580561545583461,-0.5877198826752353,1.8317027132556452,2.372606183786195,3.8085999571610074,-0.46437366910582345,-0.9558319943222854,0.31361438295336397,0.5822671001184713,0.9346778524485683,-1.8141889214304658,-1.8498852284137681,1.4294673654932437
2.1044207341017738,0.9478904078872307,1.1537280555379885,0.5548696690541559,0.8337082017384854,-1.5535561628838415,-2.985152807471903,1.8317027132556452,3.7511931459605687,5.636279412106917,-0.9655651599187044,-4.824034624736207,0.9845073287480783,0.14057039648254646,0.21121120689278727,-1.8141889214304658,-1.7545815638758893,2.0142461767379585
2.1044207341017738,0.9478904078872307,0.8298892291879647,0.5548696690541559,1.6113160203202979,-1.5535561628838415,-4.150017162432976,1.693455374434083,3.7511931459605687,10.89329251264593,0.6425438395268549,4.462877015279731,0.5183926990245475,0.11214074839847431,0.32565158000649963,-0.3827658261094635,-0.4596659383129128,2.0142461767379585
3.0445146897629276,0.5521702541098563,0.8443843622453924,0.4109793406853075,1.1528415571492083,-1.5535561628838415,-5.078434362448506,1.6201282557929353,3.7511931459605687,10.522503005492853,0.9284194881556557,9.168997432361971,0.5540868038129093,0.024888684001500804,0.069815453915128,-0.4684457655515733,-0.3768366847684688,0.8914970582062283
3.1078962120654388,0.5521702541098563,0.8443843622453924,0.4109793406853075,1.1528415571492083,0.17897924429771472,0.5972470163739939,1.7016351151042315,3.7511931459605687,10.522503005492853,0.9284194881556557,9.359880076878353,0.2457620010139452,0.024888684001500804,0.069815453915128,-0.7358451708430307,-0.6042668007989065,2.4202291141544205
3.1078962120654388,0.5521702541098563,0.8443843622453924,0.9150544237920003,2.566826753484921,-1.3556676567064667,-6.750221448744002,0.9579875972554334,1.7337538445361582,4.863367288768309,0.6056672196387336,4.151156540078524,0.4036121764022125,0.007169301206722854,0.020110666275944877,0.3673392894260292,0.16190010049106984,1.8131212507462624
4.750801377732379,1.087203145639096,0.7474453395884753,0.6392626404967837,2.288497504999904,-0.7102879821689003,-5.104774497960268,0.9579875972554334,1.1782023050360582,4.21784860345475,1.175276763429193,11.467071408527254,0.47249618138359495,0.01606180388199141,0.057499681322171765,0.3673392894260292,0.41847254880760265,1.499322160267887
4.750801377732379,3.520346424902577,0.776385328813531,0.32131314201048156,1.066114486363054,-0.7102879821689003,-3.4842014941365735,0.9579875972554334,1.1782023050360582,3.90926601198375,0.23678092123980377,2.2241352412160733,0.555226012016831,0.01606180388199141,0.05329293936926734,0.3673392894260292,0.4028738626861364,3.6600114473022813
5.652648919350067,2.1251130300096523,1.5127737489560273,0.9174232204089284,0.8017736229121478,-0.3361799231735585,-1.7015694065897409,0.9579875972554334,1.7122652043481692,1.4964184966505565,0.23678092123980377,1.6372886546855037,0.43209294963243394,0.02378406182040305,0.020785863044551146,-0.13309923423639158,-0.1084704895560649,3.6600114473022813
5.652648919350067,0.8410842370500852,1.4190674859195778,1.8988992141533978,1.8859310528450457,-0.7253135610060257,-5.6304190105003435,0.4535019131954314,1.7122652043481692,1.7005716235582242,-0.731165126427536,-5.38970438764401,0.38181190360462147,0.032207812431176444,0.031987855466697496,-0.13309923423639158,-0.134561286937426,3.6600114473022813
5.652648919350067,1.3818142801126554,0.8365767019570931,1.8988992141533978,5.426507144841604,-0.9139853802486244,-12.035148441933082,1.509445724863944,1.65951561937782,4.742417764149174,-1.263125870861341,-15.548859788545883,0.2590557316688965,0.03024866201963038,0.08644196561248517,0.8870121354878401,1.4741575164353036,1.2346654641368524
4.346446840692437,6.5243708385762345,0.43417051295317793,1.8988992141533978,20.14704057685853,-1.066956597814284,-20.81549563362843,1.2509676817370037,1.65951561937782,17.60721594507677,-1.263125870861341,-23.037022579701013,0.1757488827950992,0.00575525832601535,0.061062441945466686,0.6490660413874795,0.6971244971188428,1.2346654641368524
1.56910565439351,6.5243708385762345,0.4516261364340629,1.8988992141533978,18.61974700074617,0.6464182455309098,4.376759482977186,1.2509676817370037,1.1529782181626638,11.305583023863251,-1.3564947003193144,-7.156765225245544,0.38656725614384885,0.008592120153284805,0.08425044481652602,0.6490660413874795,0.29561548283529404,1.698346129337085
1.56910565439351,8.11537997947766,0.4516261364340629,1.8988992141533978,18.61974700074617,0.06436310406447032,0.43578879156892214,2.992915656362094,1.1529782181626638,11.305583023863251,-0.12300582397155035,-0.6489695855760004,0.5266147049450287,0.008592120153284805,0.08425044481652602,0.6490660413874795,0.29561548283529404,1.331027773724074
1.7994607576053112,3.580627669592252,0.4516261364340629,0.8854453801562631,8.682276994274057,0.06436310406447032,0.34126848106081753,1.6400922644815001,0.9072001315776332,8.8955942490872,0.3074920537703927,1.6503032690273898,0.6366204030858391,0.004480557260894157,0.04393431836633854,0.42833903047146205,0.16155930482921357,0.668578992651174
1.9748957453179479,2.732534867250925,0.3859986968896534,0.6621290665375509,8.887937087809568,0.06436310406447032,0.37894976398578717,1.6400922644815001,0.9188279322846912,12.33367521437053,0.1606825758025139,1.1144464705011117,0.6170515893755687,0.0091397749038795,0.12268566424249372,0.81194116165207,0.5616498434360172,0.4444323584164784
3.6502479944145825,3.299607706243991,0.9584132485371125,2.050027757429879,4.4635881926073235,-0.23551695824334484,-1.81629595079574,1.0892524080612085,0.9188279322846912,2.0005921845299857,-0.798845942948912,-4.1244371390002215,0.6170515893755687,0.0091397749038795,0.019900311689043413,-0.5395786661702622,-0.27784787559624036,0.4444323584164784
1.6117680825719327,4.505897887069856,0.8181749563491137,1.0563126509870215,3.1559499917265503,0.45934709160894105,1.3152508123135023,0.8126117274923712,1.0794480006143479,3.2250715784051978,-0.2365120269144766,-0.6845819754680786,0.5567707099827399,0.03954297731778501,0.11814272869145072,-0.5211175097888892,-0.28869663103493676,1.8859300420052985
2.695809400730308,1.5559319898454895,0.8181749563491137,0.42686780358629456,1.2753548297823512,-0.0650431650189024,-0.1980187729503924,1.6994480018999978,1.259864756033687,3.7641035186559924,-0.700205781095014,-3.6622303284217588,0.2885517149552082,0.04932768449239732,0.14737654170875203,-0.5211175097888892,-0.5393106914938375,1.8859300420052985
4.100387649762708,0.8016990656882359,0.70395986211201,0.6933802479626684,2.7983734163175535,-0.09386620623091535,-0.6438534326665665,1.037647704834146,1.6087386064105254,6.492615506730359,-0.700205781095014,-7.315776871859996,0.2885517149552082,0.04932768449239732,0.19907876144094636,-0.24348014104893168,-0.4454520136674452,3.656607278265388
7.05496432061816,0.28665611067690155,0.7477846418700407,0.6933802479626684,2.4799811453041567,1.3397671988943922,14.884983312898417,0.5793436011175543,1.4395915055513302,5.148920525494318,-0.700205781095014,-11.209302981006205,0.3053946039259672,0.041589717062848586,0.14875202236789448,-0.2871631737512931,-0.7813668925927149,3.0361177973138074
7.05496432061816,1.0846049160272153,0.5857324519970224,1.083435417081903,6.315888454082741,-0.16441251057162254,-2.915056041349038,0.5796627999698278,1.4395915055513302,8.392100927433408,0.030327401262059572,0.6198196897333744,0.2642391981586305,0.14239255076642882,0.8300775968311295,-0.2871631737512931,-1.8457926515025485,4.740928894797739
2.198300349371234,1.7602284831221184,0.5328172542751598,0.8869818665553538,6.248678443632929,-0.9712390303379582,-5.337123395034223,0.5314231384914675,1.0683722535556943,7.526551468853932,-0.3986919524601823,-2.4044874597286188,0.2593260763889059,0.13191706811280915,0.9293395625606341,-0.2871631737512931,-0.6085594158001,3.1134732347646796
1.3946150531704857,0.9758422681417417,0.9181883015999877,0.8869818665553538,2.104171947778987,-1.5152099827038266,-3.065263294627943,0.5314231384914675,1.0683722535556943,2.53448126786143,-0.1591558459926397,-0.35336333645026624,0.2593260763889059,0.11577928340252024,0.2746612185158272,0.7180423951549574,0.524811214454358,1.3835797434006496
1.41153106881294,6.283477958399016,1.012141970755921,0.8344559700958891,1.62911053951501,0.04925516324229906,0.08873960293838375,2.1803049702051567,1.0319510459354466,2.014680684714603,-1.7257219422245968,-3.4575173986498338,0.2593260763889059,0.11577928340252024,0.22603619317010407,-0.05124992192485245,-0.03439320450449675,1.5569861273391228
1.41153106881294,7.146900003571227,0.6845866990913634,0.5659293769683927,2.415101124994191,0.04925516324229906,0.10804629137868439,1.9949382621788265,1.9803547672458652,8.451155251709466,-1.4184876626060172,-5.820684296263829,0.6829134670238661,0.1924582221676119,0.8213146159001055,0.8532325046083103,1.0914720259497928,2.1122430251444606
1.41153106881294,3.1857195213106104,0.6845866990913634,1.032668709769571,4.406909173138897,-0.6099083526184189,-1.8072659762438903,1.9276701968404701,1.9803547672458652,8.451155251709466,-1.4184876626060172,-5.820684296263829,0.8561274047087327,0.5264273523514688,2.2465264088291925,1.2697696650659165,2.6864029356033803,1.1657144185929977
1.2597902833740535,0.7977215897612813,0.7917122696602796,0.20812067061475373,0.6640648015069461,-0.6213023216129553,-0.6378322312172933,1.4112132966982993,3.872166179882593,12.355184413207242,-1.0384650290637487,-4.598484705625348,0.4250963868925189,0.12299450909151334,0.3924469588966913,1.101297419523616,0.8691472492278026,0.9660214728043521
1.2597902833740535,0.7247042153385302,0.7917122696602796,0.25089288442217067,0.8005410178680396,-0.7893724609842137,-0.8897582424955314,0.9172080558554315,1.655556371304686,5.282496495165867,-1.0384650290637487,-3.0068359850994804,0.56990158441879,0.22301766858660513,0.7115976677619216,1.101297419523616,1.1703617886571183,1.655301502511399
0.5689348976764383,0.7247042153385302,0.7183352637745012,1.046935502440768,4.057845889613463,-0.7893724609842137,-0.9046744378108628,0.9172080558554315,1.655556371304686,6.416816127316478,-1.0384650290637487,-1.4966293128176835,2.999862098994231,0.24723048756244712,0.9582473948046932,1.376360745260767,0.7665379748036795,0.6729035061440489
1.6217518393165011,1.6946477667602038,0.7183352637745012,1.046935502440768,4.057845889613463,0.3205153163994363,1.0470826456599283,1.211542854401421,1.3124398360157092,5.086921382955605,0.17599045821832604,0.6437259755682809,2.999862098994231,0.12959504824321216,0.5023009847330392,1.376360745260767,1.5819716329407743,0.6729035061440489
1.17226735021243,1.4193477520546485,0.7183352637745012,0.5716853813393438,2.215810973466542,0.3205153163994363,0.5592961265017014,1.211542854401421,0.5881475241665195,2.2796170421782715,0.30792343650831655,0.5450048433006284,2.999862098994231,0.12959504824321216,0.5023009847330392,-0.13131706193746417,-0.10910127887818723,2.5215870392353965
1.7171600344663234,0.6243985663077914,0.7183352637745012,0.7770196836801216,3.011671800430249,-0.7069772353485286,-2.1067840563507336,0.16926948898749117,0.48659732418539203,1.8860158502976312,0.30792343650831655,0.7261497399433275,3.249109711899461,0.16676676897868187,0.6463758717195173,-0.7739936213897732,-1.0685398465114408,1.6089815356669617
1.308070430827396,0.6243985663077914,0.7183352637745012,0.6313969554114092,2.4472486932169892,-1.0359400150740687,-2.1198483328718294,0.10335548482809079,1.4582648695757732,5.652128610769459,0.5229651197436566,1.6263344808165714,1.8735343983479522,0.16676676897868187,0.6463758717195173,0.6425421969115753,0.6757333453650374,2.4242238554828774
3.153996889277894,0.6243985663077914,0.567202479834144,0.6046969245134719,3.7591660827270803,-1.0359400150740687,-6.334927168758122,0.06371422190178483,1.4582648695757732,9.065466707561447,0.5229651197436566,4.96625560215865,0.3615182260040928,0.15657170583473487,0.973345526045493,0.8013631343902969,2.493584780582328,1.7774637053260445
3.153996889277894,1.6139563222969413,0.7617425208219052,0.3430979676565445,1.1825833050080017,-0.4799163747063482,-1.646048778193414,0.42454557395898185,0.7824304484348702,2.69686583097238,0.4962933584587006,2.570569761402629,0.3615182260040928,0.13288427252463028,0.45802288850358847,0.6020167733414175,1.2850305216023938,1.7774637053260445
1.1776775525398893,0.651392127634317,0.7617425208219052,0.1808776028153738,0.6234453523591114,0.5391302003997149,0.5013248740064477,0.5693069321458462,0.7824304484348702,2.69686583097238,0.4962933584587006,0.9598304663942755,0.8119268272455469,0.13288427252463028,0.45802288850358847,0.9711997853253127,0.7740670222664118,2.1920462050293454
4.728137846782415,0.651392127634317,0.8430328103414654,0.06766541214831057,0.19041790041122164,0.5391302003997149,1.1123403107866165,0.5693069321458462,0.7824304484348702,2.2018452039015397,0.2263513331913421,1.5880587984387258,0.8119268272455469,0.07510136386226425,0.21134348510768075,0.9711997853253127,2.111023849613284,1.5355237654496698
0.5903059024952396,0.651392127634317,1.1300427382898117,0.6286998526518692,0.9846539253074676,-0.014739691253422227,-0.008633906091859704,0.5693069321458462,0.6088591848815793,0.9535799695584194,0.2263513331913421,0.13047843606069612,0.8119268272455469,0.1401347850917135,0.21947558223634628,0.5801841936043464,0.16044867074956812,1.5355237654496698
0.9403296585703784,0.651392127634317,1.4104345043491813,1.1288972929021825,1.1349548356728516,-0.23858361408146786,-0.23900667880655407,0.5693069321458462,0.4986196295390608,0.5012951694231746,-0.014842814525331344,-0.009881961434109935,0.4796138284410871,0.06255322903142278,0.06288888300338613,-0.4177075757304991,-0.09850072491260727,1.6143875074427594
0.9403296585703784,2.0117900682551837,0.9584952161560751,0.7984440504169463,1.738179347448812,0.67861288867609,0.8412973690469076,0.5693069321458462,0.4986196295390608,1.0854741066011935,-1.0639039768737772,-1.042298950688565,0.4796138284410871,0.1941094939861044,0.4225682606241448,0.010653257569280594,0.006511949117571052,3.0292446970370417
2.8577479108160553,2.0117900682551837,0.9584952161560751,1.4475877682458336,3.1513381069975863,0.67861288867609,3.4426551388111997,0.40437171341153527,0.5614438471586507,1.2222398042464786,-0.7641320970112451,-2.414185126137778,0.4796138284410871,0.6634938784004558,1.4443984597194368,-0.1605010612192747,-0.5512458494501695,1.911000784003119
2.8577479108160553,0.7659394642063493,0.8089506117817648,4.313051986431866,13.18167722263162,0.1557029345682367,1.615496607287464,0.40437171341153527,0.37449035078406195,1.144528501523912,1.0937140462853145,3.3438055299562124,1.5196530180964742,1.3083134333283462,3.9985062638752105,-1.067762209803612,-6.101650847408416,1.911000784003119
1.7118404626873711,0.7659394642063493,0.8876383137571785,1.2386251699827653,3.1441106179322893,-1.3167722401340067,-3.996896096380225,0.5983197338578022,1.1674943207201858,2.9635529610649347,1.0937140462853145,3.223097354268178,2.268088179817584,1.3083134333283462,3.321006432776058,-0.7005951694458097,-2.1855728372528183,1.911000784003119
1.6822073237736959,1.7846108738035615,0.9193457240619348,1.8192893283013212,4.305008831427026,-2.923253354622608,-10.203120118497262,0.7504502201773723,0.6388952943776951,1.5118265368055859,1.2018349305813303,2.485852316774591,2.268088179817584,0.7074242160951373,1.6739874468996496,0.38185269630494934,0.8310965498822273,0.796453765142458
3.0016557165769435,1.3492739056178638,1.4850038466474857,1.8192893283013212,1.6499721372651512,-2.560810360222337,-9.873624381504225,0.6248718309056722,0.6388952943776951,0.5794347374847117,0.5702272306593454,1.302900032319159,1.1361182631679663,0.13169574458805133,0.11943911602535548,0.7817349246959644,0.8109492626317935,1.268018855195224
2.107674216913449,1.215907823511958,0.6170701939785047,2.8194329786570536,14.808894260838402,-2.560810360222337,-20.770273585721835,0.6248718309056722,0.8579205637851496,4.506173762408319,-1.379294823550602,-6.1711280269800595,2.5125395752605355,0.12461289181233204,0.6545213709123555,0.7817349246959644,1.3329839289942689,1.530547531376264
2.001347144505613,1.215907823511958,0.6170701939785047,1.5731675664520168,8.262963625141785,-2.560810360222337,-14.73220537480783,0.4256443223972214,1.0236106708896007,5.376450621177822,-1.3580535122188568,-6.302126838884017,2.5125395752605355,0.18577689976459888,0.9757814729225243,0.9777411518825883,1.932958831050105,1.530547531376264
2.001347144505613,1.215907823511958,0.7931648122541615,0.8644614519727035,2.7482026217262985,-2.560810360222337,-8.496190056586798,1.1693607997372948,1.2973975399473172,4.124546343353957,-0.4837563746727849,-1.9662431412454984,0.9911987021895072,1.8937989882333979,6.020561509838123,-0.17187069636374797,-0.8440006116919261,0.8385262807095871
2.2198782669730703,0.831994889142682,0.9514927616004842,0.3733114448879641,0.8246892295879727,-1.8621632268659296,-3.75398097154982,3.5422489083117066,1.47839038685998,3.2659395951166843,0.07186763860803891,0.2883145823525363,0.9911987021895072,1.8937989882333979,4.183626433069577,0.24848172488537174,1.1282362818823604,0.8385262807095871
1.1866781096463628,1.4519766081065855,0.9514927616004842,0.11312757477241606,0.24991222144881928,-1.7843421746802504,-1.0585340172902724,3.07785067934261,0.8258972398360908,1.8245048946829607,1.0216743469553453,1.6376381101301782,0.49686832694365457,1.1841531777796446,2.6159347249327527,0.24848172488537174,0.47691483918876454,0.43337097878682646
1.1866781096463628,1.4519766081065855,0.6703276850639067,0.09850599778723175,0.43844826630528955,-1.8735929024340794,-1.4722017926545827,0.5991344235382001,1.0890403431788807,4.8472972319375796,1.3781269416998885,3.600575978276995,0.21319315958125754,1.1841531777796446,5.2706425953758655,0.4499387327123767,1.2257957058933062,0.43337097878682646
1.6520549179897706,1.4519766081065855,0.6703276850639067,0.09850599778723175,0.43844826630528955,-2.702609553816319,-2.956425682832028,0.6667877638286079,1.0890403431788807,4.8472972319375796,0.765492678535823,2.784295637837595,0.12869347603831696,3.5941938859386604,15.997686571925062,-0.3130290285007896,-2.0684150325213424,0.43337097878682646
1.8856937586335198,0.519223006285411,0.7440924285928465,0.029894644008635958,0.10798653619977774,-2.702609553816319,-1.6747087010692348,1.052673410396418,1.4277885899992995,5.157510630166692,1.9096843432376094,8.178107537948245,0.25744885398130285,3.6817615412544837,13.299394896248767,-0.3130290285007896,-2.152641545501893,0.38595147661782153
1.1976497990220947,0.5750259838581001,0.82205603504577,0.035634856753241746,0.1054634972969841,-2.814150568089983,-1.0945314893400442,1.1477099931310244,0.8612502513381641,2.5489218094237573,1.9096843432376094,3.6514864221858025,0.2193281931807612,3.6817615412544837,10.896394253609813,-0.23749638727860786,-0.9389192817187321,0.38595147661782153
4.565828468653745,0.4180302776587872,0.7078252226436836,0.035634856753241746,0.14225021928403236,-2.820268554578079,-4.856646895639846,1.1477099931310244,0.5353640689775213,2.137111332765951,1.786957210731401,11.927442144332938,0.1522458566796932,1.3905982497590594,5.5511070897239545,0.7157088021959246,7.699202687839694,0.21506325954065758
33.77061377091976,0.5565068300486004,0.6201498716981527,0.035634856753241746,0.1853154790518889,-2.820268554578079,-41.00013317037459,0.9461082019609598,0.47701691320804557,2.480678353757113,1.7906491241915496,95.24335319599548,0.1522458566796932,1.0375587190193227,5.395719488672799,0.8735265765203925,68.52353484861301,0.35832704161335505
20.221737268512094,1.1885864926359058,1.3137055598434337,0.12566250604481677,0.1456262399588846,-3.2970666530562367,-25.44286470358881,0.9461082019609598,0.48853315896784016,0.5661453784022881,1.7906491241915496,27.245384505653618,0.26007506540896047,1.4686825824024747,1.702009047090773,0.6384177209563471,16.842413638318085,0.5494712907019116
7.974388033930326,1.647813848945456,1.3137055598434337,0.13893560943659786,0.16100801293451852,-3.1195911654072233,-9.982028178232074,1.3678872254699055,0.531951165419264,0.6164611107956598,1.7906491241915496,11.211422044138592,0.25391988861550707,1.4686825824024747,1.702009047090773,0.6384177209563471,6.641760794164991,0.5494712907019116
3.48348101915648,1.647813848945456,1.3137055598434337,0.10840898499790619,0.12563168887761797,-1.5059342451982443,-1.859383860089777,1.3678872254699055,0.531951165419264,0.6164611107956598,1.7906491241915496,4.897526396048782,0.35960906807068366,0.7491929145078114,0.8682155925228807,0.6384177209563471,2.072202400999135,2.2872552216667112
3.48348101915648,2.0150968196970296,0.6591135480209627,0.2118581238965101,0.9753368669576954,-1.4131286056053232,-4.861524251344542,1.3678872254699055,0.531951165419264,2.4489576963683586,0.2627563807563196,1.4323770739507882,0.2649056185726051,0.7491929145078114,3.4490793014852628,0.6384177209563471,4.130189439266231,2.2872552216667112
1.1258056267036813,0.9993023988626459,0.41530553254267194,1.4609081410632951,16.940158582602695,-1.1250098641758248,-5.2128890439784925,2.521788174537738,0.30942238269525135,3.587949224548293,0.3179021788777421,0.6779225241036239,0.5028511347449911,0.5904051145634331,6.846122618910742,0.6384177209563471,1.880575115655394,0.49612481732322516
1.1258056267036813,0.49082550767370414,0.48980211626151265,1.4609081410632951,12.178998877692798,-1.1250098641758248,-4.420033292260119,1.292026913312952,0.32659714204622214,2.722707961325736,0.3179021788777421,0.590551055513353,0.3935574499060393,0.8632438594022307,7.19651407184503,0.7497817711605654,2.264432513129613,0.6413578607252881
1.1258056267036813,0.49082550767370414,1.1394224895278273,1.4609081410632951,2.250522351532071,-0.5303818948898904,-0.8957643428915409,0.561530149597964,0.32659714204622214,0.5031214129497226,0.3179021788777421,0.2538594414357889,2.708661429059639,0.8632438594022307,1.3298232419962657,0.9789885261003419,1.270977833408443,0.6413578607252881
1.1028534434884567,0.5302628750613244,0.4710988414955157,1.4609081410632951,13.165241569984385,-0.5303818948898904,-2.1223690818734173,0.501692234292903,0.62371488199792,5.620721016942542,0.3179021788777421,0.8312034228548724,1.5859824154620306,0.8396711318854848,7.566850358277031,0.9789885261003419,2.969976261613511,0.6413578607252881
1.2899268972774136,1.504851067036069,0.40681602966952163,1.4609081410632951,17.65455563847049,-0.8819983537915278,-4.780367318930921,0.6947775994638432,0.8315935915675549,10.049512983231994,0.3179021788777421,1.299963357912904,1.3518402938462633,0.3545693872403459,4.284845021246182,-0.4734686847929701,-1.2642236718860558,1.2561804374084866
1.2955268527381518,1.504851067036069,0.41330917117812827,1.3319471480512997,15.594336577311838,-0.0009243428268631559,-0.00472893066224817,0.32977166627843235,0.8916599315690098,10.439487111582025,-0.573579389532639,-2.400930218712963,0.6524325578022465,0.3545693872403459,4.15127159717017,-0.33870277099113255,-0.8940375152729542,1.5228059623886363
0.7448675100633875,1.1031224471340684,0.5842758869797856,1.1468581983005928,6.718986869584355,-0.0009243428268631559,-0.0017846949837669263,0.5711674492963177,1.4142849012943262,8.285733751329344,-0.573579389532639,-1.2298101009765279,2.3242815398500514,0.7591386927116476,4.447492214888547,0.022352116245410614,0.0351119764954267,0.6286615806223375
0.7448675100633875,1.1031224471340684,1.1088732673849864,0.36218410472815826,0.5891088603988157,-0.0009243428268631559,-0.0005284572788458365,0.7698698422520495,0.6945847837718628,1.1297736291473077,-0.6864685492769249,-0.5434947995063649,0.7495131012171734,2.3074806383457345,3.7532218324944706,-0.09235052617237606,-0.13326635599404973,1.2643205027334274
0.8279750512965399,0.9034833585321946,1.1088732673849864,0.4777436383270432,0.7770716789155309,-0.031137512312078834,-0.02272645532362549,0.5702753865691791,1.250623612589329,2.0341959837064882,-0.6864685492769249,-0.8106516886627316,0.7495131012171734,1.42120815538841,2.311659473401724,0.4469250135499728,0.5626182847488188,1.4145416492294447
1.8958383264376333,0.8867728968299043,1.1088732673849864,0.14618319002595356,0.2377735835488689,-0.031137512312078834,-0.028785051621108962,0.48298395877739614,0.7562062188548113,1.2300036859718668,-0.6864685492769249,-1.4433616100544773,0.49694012979540425,1.4253486943343208,2.318394247645042,0.4469250135499728,1.2901185090974576,1.4145416492294447
1.1085139620931208,3.3591974649031093,1.2285922762120183,0.14618319002595356,0.19369208275362546,-0.031137512312078834,-0.015190812888606664,1.0067065851233763,3.619080546205274,4.79526577934969,-0.7702543707869618,-1.8697419862478966,0.3143672162575503,1.0986727129158735,1.4557365042551749,0.4469250135499728,0.5977467394508779,2.1495370724869463
6.1544459809200145,7.875487948528456,0.9846774568152489,0.1133373808402917,0.23378421108702557,-0.8065879258880994,-2.4002046309064635,1.0067065851233763,3.619080546205274,7.465179485197852,-0.7702543707869618,-12.952191666433546,0.4000592498463436,2.1776937991865477,4.491990401201725,0.8104534229713349,10.571495633914477,2.4894727111622412
2.1027590366041933,10.02235952539304,0.8332372764272139,0.17958264725429526,0.5173172777721343,-0.09766931599669382,-0.14771552626407414,0.42272198934553235,3.854717327455647,11.104145667240893,-0.7702543707869618,-5.397171949959049,1.8294880152714426,1.053727384611835,3.035434606047702,0.6650811220972845,2.436545744659683,2.3306432846160843
1.4619722956637478,4.741208906103272,0.9703499699211934,0.20196341360119205,0.42898875154716204,-0.09766931599669382,-0.09352339019072448,0.19333623015127077,2.893650396407205,6.146377944571197,0.17194981222863115,0.623233055374217,1.8294880152714426,1.053727384611835,2.238213283957977,0.6650811220972845,1.4546700528827132,5.923517765822233
5.795726501564603,2.0644164220218593,0.586389205055602,0.20196341360119205,1.1747102678405303,-0.12605379053457805,-0.7918249376571189,0.9113023495123833,2.893650396407205,16.830775295334487,0.6876324480226914,16.34994537368269,1.0468030884539092,1.053727384611835,6.1289535373597195,-0.1236435529223453,-1.7740772376530576,8.23163676512746
5.795726501564603,6.740725537954152,0.5137813377206562,0.20196341360119205,1.5301924255961332,-0.86223814511392,-6.181703049068242,0.423566339409112,2.893650396407205,21.923980388096485,0.6876324480226914,18.660528840751734,0.3792124421583172,0.4147153873528934,3.142125265116921,-0.47699566019777007,-4.900428514068063,8.23163676512746
5.795726501564603,4.553663042423045,0.9368373131596011,0.20196341360119205,0.460229378847425,-1.3124788074130123,-5.160447355109297,0.5176295744998229,1.8736079795527336,4.269532888446109,0.6876324480226914,8.234825993552658,1.2360435903518054,0.6903110936191355,1.5730643494428744,0.711527204594036,5.172168166925795,7.24205711638107
4.802716497849679,10.209562336203371,0.9368373131596011,0.11867666004779938,0.27043752412176175,-0.4054238635511549,-1.0125809085625952,0.6093579211663052,1.0872514533117439,2.4776025126843595,-0.0722313633988857,-0.5460451826814284,1.8968013155133188,0.6667085254308556,1.519279383627502,-0.3345253858578203,-1.9803176297447718,6.213950884689306
4.802716497849679,12.360013220179566,0.8248442944481501,0.06166285764736795,0.18126322128703276,-0.4594547978145245,-0.9394736182728158,0.13856832421136625,0.6650827855694964,1.9550674868865021,0.1030100882025046,0.6917474819363432,1.8287710243674504,0.32440272746496596,0.9536094436438927,-0.3345253858578203,-1.5689218202563946,7.0649758460951695
3.243569547468245,18.566373592474047,0.8818574535533247,0.054827724267050064,0.1410046502751955,-0.4594547978145245,-0.5596064650559684,0.13856832421136625,0.6809701768879154,1.7513030665331453,0.1030100882025046,0.4421642515293692,1.8437581881428924,0.2239462096590138,0.5759395888769729,-0.3345253858578203,-0.8234566870687022,10.967974436393808
0.6987638521648539,7.420053120195188,0.4038303878166816,0.03990543809945104,0.48940013703379964,0.3593547957821348,0.17566527454522873,0.13856832421136625,0.2434445415084549,2.9856029064872573,-1.504030411294208,-1.8159465876921403,1.8437581881428924,0.38392562890886445,4.7084624138325335,-0.3955097163128309,-0.5996904618773643,3.2642549101343423
0.3204097791823594,0.3719908198936855,0.4038303878166816,0.030015062487439587,0.36810460914681875,-0.25766354165589755,-0.050089230788282424,0.13856832421136625,0.2936220450505904,3.6009796140010364,-1.6408522899944087,-0.9976669409500859,1.5848368816687164,0.922036624696753,11.307853565025278,0.17962015631408562,0.19353116928313205,0.7909592347806472
