{
    "selected features": [
        1,
        2,
        5,
        7,
        13,
        19,
        22,
        25,
        29
    ],
    "precision": 0.5555555555555556,
    "recall": 0.8333333333333334,
    "training rmse": 0.0038,
    "testing rmse": 2.972,
    "beta_error": 0.4082,
    "tune time": 0.0117,
    "fit time": 0.2562,
    "prediction time (test)": 0.0234,
    "total runtime": 0.2913,
    "lambda": 0.4534
}