{
    "selected features": [
        1,
        2,
        5,
        7,
        13,
        19,
        22,
        25,
        29
    ],
    "precision": 0.5555555555555556,
    "recall": 0.8333333333333334,
    "training rmse": 0.0,
    "testing rmse": 3.4497,
    "beta_error": 0.4082,
    "tune time": 0.0146,
    "fit time": 0.3652,
    "prediction time (test)": 0.0258,
    "total runtime": 0.4055,
    "lambda": 0.4534
}