{
    "n": 1000,
    "active_prop": 0.1,
    "seed": 32,
    "active_indices": [
        6,
        28,
        14
    ],
    "gp_features": [
        6,
        14,
        28
    ],
    "lengthscales": [
        0.7497070365389386,
        1.0424588148441005,
        1.3150470244162888
    ],
    "beta": [
        0.0,
        0.0,
        0.0,
        0.0,
        0.0,
        0.0,
        -2.106022369441666,
        0.0,
        0.0,
        0.0,
        0.0,
        0.0,
        0.0,
        0.0,
        1.9401112059152394,
        0.0,
        0.0,
        0.0,
        0.0,
        0.0,
        0.0,
        0.0,
        0.0,
        0.0,
        0.0,
        0.0,
        0.0,
        0.0,
        1.3520047520312541,
        0.0
    ]
}