{
    "n": 1000,
    "active_prop": 0.2,
    "noise_constant": 0.5,
    "seed": 111,
    "active_indices": [
        17,
        4,
        12,
        10,
        8,
        20
    ],
    "gp_features": [
        17,
        4,
        12
    ],
    "lengthscales": [
        1.1966770889964828,
        1.5353410938881116,
        0.846435357013146
    ],
    "beta": [
        0.0,
        0.0,
        0.0,
        0.0,
        -1.5102152116141365,
        0.0,
        0.0,
        0.0,
        -2.2019859728942737,
        0.0,
        1.1646889062151553,
        0.0,
        -0.7695020431103314,
        0.0,
        0.0,
        0.0,
        0.0,
        3.503446591353894,
        0.0,
        0.0,
        -2.618437244206766,
        0.0,
        0.0,
        0.0,
        0.0,
        0.0,
        0.0,
        0.0,
        0.0,
        0.0
    ]
}