{
    "n": 100,
    "active_prop": 0.1,
    "noise": 0.5,
    "seed": 7,
    "active_indices": [
        15,
        11,
        14
    ],
    "gp_features": [
        11,
        15,
        14
    ],
    "lengthscales": [
        1.3650440135531907,
        0.4832318836363867,
        2.4045877853302886
    ],
    "beta": [
        0.0,
        0.0,
        0.0,
        0.0,
        0.0,
        0.0,
        0.0,
        0.0,
        0.0,
        0.0,
        0.0,
        4.808609807648452,
        0.0,
        0.0,
        4.228839284964561,
        4.957180749798917,
        0.0,
        0.0,
        0.0,
        0.0,
        0.0,
        0.0,
        0.0,
        0.0,
        0.0,
        0.0,
        0.0,
        0.0,
        0.0,
        0.0
    ]
}