{
    "n": 100,
    "active_prop": 0.1,
    "noise_constant": 0.5,
    "seed": 7,
    "active_indices": [
        2,
        7,
        11
    ],
    "gp_features": [
        2,
        7,
        11
    ],
    "lengthscales": [
        0.7550706375424804,
        1.1891644053698804,
        2.8522076603140425
    ],
    "beta": [
        0.0,
        0.0,
        -2.559851985240397,
        0.0,
        0.0,
        0.0,
        0.0,
        1.337567412572401,
        0.0,
        0.0,
        0.0,
        0.058980366750899904,
        0.0,
        0.0,
        0.0,
        0.0,
        0.0,
        0.0,
        0.0,
        0.0,
        0.0,
        0.0,
        0.0,
        0.0,
        0.0,
        0.0,
        0.0,
        0.0,
        0.0,
        0.0
    ]
}