{
    "selected features": [
        1,
        5,
        7,
        15,
        17,
        18,
        20,
        25,
        26
    ],
    "precision": 0.4444444444444444,
    "recall": 0.6666666666666666,
    "training rmse": 0.0,
    "testing rmse": 1.5629,
    "beta_error": 0.483,
    "tune time": 0.0193,
    "fit time": 9.8319,
    "prediction time (test)": 0.0305,
    "total runtime": 9.8818,
    "lambda": 0.0893
}