{
    "selected features": [
        4,
        9,
        12,
        15,
        21,
        25
    ],
    "precision": 0.8333333333333334,
    "recall": 0.3333333333333333,
    "training rmse": 2.8672,
    "testing rmse": 4.1728,
    "beta_error": 0.6055,
    "tune time": 82.1397,
    "fit time": 0.8818,
    "prediction time (test)": 0.0235,
    "total runtime": 83.0451,
    "lambda": 6.3246
}