{
    "selected features": [
        0,
        1,
        2,
        6,
        7,
        8,
        9,
        11,
        13,
        18,
        21,
        22,
        24,
        26,
        29
    ],
    "precision": 0.8666666666666667,
    "recall": 0.8666666666666667,
    "training rmse": 1.4991,
    "testing rmse": 2.3289,
    "beta_error": 0.3651,
    "tune time": 284.9169,
    "fit time": 8.2107,
    "prediction time (test)": 0.2076,
    "total runtime": 293.3352,
    "lambda": 6.3246
}