{
    "n": 500,
    "active_prop": 0.1,
    "noise": 0.1,
    "seed": 46,
    "active_indices": [
        19,
        10,
        20
    ],
    "gp_features": [
        19,
        20,
        10
    ],
    "lengthscales": [
        0.9179976680358042,
        0.7315468939568136,
        2.4823757016422103
    ],
    "beta": [
        0.0,
        0.0,
        0.0,
        0.0,
        0.0,
        0.0,
        0.0,
        0.0,
        0.0,
        0.0,
        -1.2918222866224207,
        0.0,
        0.0,
        0.0,
        0.0,
        0.0,
        0.0,
        0.0,
        0.0,
        -4.352196241375403,
        2.8538672452673888,
        0.0,
        0.0,
        0.0,
        0.0,
        0.0,
        0.0,
        0.0,
        0.0,
        0.0
    ]
}