{
    "n": 500,
    "active_prop": 0.2,
    "noise_constant": 0.1,
    "seed": 60,
    "active_indices": [
        28,
        25,
        8,
        5,
        23,
        20
    ],
    "gp_features": [
        5,
        20,
        25
    ],
    "lengthscales": [
        2.693944043971639,
        0.8981780663426991,
        0.7716994216278183
    ],
    "beta": [
        0.0,
        0.0,
        0.0,
        0.0,
        0.0,
        4.034270167383022,
        0.0,
        0.0,
        3.7403565087692225,
        0.0,
        0.0,
        0.0,
        0.0,
        0.0,
        0.0,
        0.0,
        0.0,
        0.0,
        0.0,
        0.0,
        3.57811277966546,
        0.0,
        0.0,
        -3.3610545064524144,
        0.0,
        -4.0008479483015345,
        0.0,
        0.0,
        -0.5706818112104255,
        0.0
    ]
}