{
    "n": 500,
    "active_prop": 0.1,
    "noise_constant": 0.1,
    "seed": 47,
    "active_indices": [
        9,
        19,
        28
    ],
    "gp_features": [
        28,
        19,
        9
    ],
    "lengthscales": [
        0.49595816980307894,
        0.39069278165947696,
        0.40574557432891223
    ],
    "beta": [
        0.0,
        0.0,
        0.0,
        0.0,
        0.0,
        0.0,
        0.0,
        0.0,
        0.0,
        -0.7522211904958418,
        0.0,
        0.0,
        0.0,
        0.0,
        0.0,
        0.0,
        0.0,
        0.0,
        0.0,
        1.1332353635544754,
        0.0,
        0.0,
        0.0,
        0.0,
        0.0,
        0.0,
        0.0,
        0.0,
        -0.046780662691936925,
        0.0
    ]
}