{
    "n": 500,
    "active_prop": 0.2,
    "noise_constant": 0.1,
    "seed": 61,
    "active_indices": [
        14,
        6,
        5,
        17,
        8,
        1
    ],
    "gp_features": [
        8,
        1,
        14
    ],
    "lengthscales": [
        1.4114772377042557,
        1.47082436956146,
        1.8213184918252228
    ],
    "beta": [
        0.0,
        -4.247207542438521,
        0.0,
        0.0,
        0.0,
        1.6404877352430702,
        -1.928313515424671,
        0.0,
        3.733250486510684,
        0.0,
        0.0,
        0.0,
        0.0,
        0.0,
        1.4587030199525053,
        0.0,
        0.0,
        1.373119688716029,
        0.0,
        0.0,
        0.0,
        0.0,
        0.0,
        0.0,
        0.0,
        0.0,
        0.0,
        0.0,
        0.0,
        0.0
    ]
}