{
    "n": 500,
    "active_prop": 0.3,
    "seed": 28,
    "active_indices": [
        12,
        20,
        14,
        29,
        26,
        0,
        10,
        19,
        2
    ],
    "gp_features": [
        26,
        10,
        19
    ],
    "lengthscales": [
        1.4068263349775574,
        1.0685372026954891,
        0.31721598162991754
    ],
    "beta": [
        -1.7887711464327607,
        0.0,
        0.6006973247258856,
        0.0,
        0.0,
        0.0,
        0.0,
        0.0,
        0.0,
        0.0,
        -2.866917806777672,
        0.0,
        -3.075047068220451,
        0.0,
        -1.4591196645195792,
        0.0,
        0.0,
        0.0,
        0.0,
        2.3796460208512595,
        2.2660218394821374,
        0.0,
        0.0,
        0.0,
        0.0,
        0.0,
        2.735646691930297,
        0.0,
        0.0,
        -1.2521625624050072
    ]
}