beta0,beta1,beta2,ell0,ell1,ell2,inv_sigma_gp,inv_sigma_noise,lambda,lambda2,log_likelihood,log_prior,nu0,nu1,nu2,sigma_noise,tau_sq0,tau_sq1,tau_sq2,zeta0,zeta1,zeta2
0.7870876956662249,2.2895682012046334,-9.29955185381091,1.1140619301204113,1.4738198802193232,1.8878046723027426,,,1.1946792695416975,,-34926.0300510512,-12.843805364779243,,,,5.207883213857583,0.6404746144649204,1.7264425414329223,1.1233831413502122,,,
1.583132199194306,1.2226045020361636,-8.085329048984354,1.0065191119356995,1.1767991282720807,1.649390123816795,,,1.1364476413752629,,-6062.5904602989,-14.664731188925337,,,,6.229124793108046,0.7816053976125139,1.5323837999020709,1.010863334434473,,,
1.583132199194306,1.2226045020361636,-8.085329048984354,1.0065191119356995,1.1767991282720807,1.649390123816795,,,1.1364476413752629,,-54116.21887534123,-11.839566264257712,,,,6.229124793108046,0.7816053976125139,1.5323837999020709,1.010863334434473,,,
1.6022982113142363,3.107250382084198,-7.5019721350008455,1.2436371911213124,1.0521806902153348,1.4947444215083434,,,1.091257744148936,,-5812.426505656061,-11.698001883048788,,,,6.973736366851221,0.8381636599650589,1.9377250728200985,1.24719472477014,,,
27.430395906178948,135.6639879539777,-136.34056853893168,0.6784431219480442,0.9805865684577413,1.3016043969651474,,,1.159580609674694,,-9316.151878679368,-17.36416579803916,,,,119.87712159224252,0.8425829719295665,2.083905928820176,0.660760056451717,,,
27.430395906178948,135.6639879539777,-136.34056853893168,0.6784431219480442,0.9805865684577413,1.3016043969651474,,,1.159580609674694,,-38271.46012016557,-17.12625105825984,,,,119.87712159224252,0.8425829719295665,2.083905928820176,0.660760056451717,,,
27.430395906178948,135.6639879539777,-136.34056853893168,0.6784431219480442,0.9805865684577413,1.3016043969651474,,,1.159580609674694,,-15790.25516154497,-32.91773663344068,,,,119.87712159224252,0.8425829719295665,2.083905928820176,0.660760056451717,,,
27.430395906178948,135.6639879539777,-136.34056853893168,0.6784431219480442,0.9805865684577413,1.3016043969651474,,,1.159580609674694,,-43454.1240174835,-12.019081234638504,,,,119.87712159224252,0.8425829719295665,2.083905928820176,0.660760056451717,,,
27.430395906178948,135.6639879539777,-136.34056853893168,0.6784431219480442,0.9805865684577413,1.3016043969651474,,,1.159580609674694,,-232278.98775969955,-14.848963257211686,,,,119.87712159224252,0.8425829719295665,2.083905928820176,0.660760056451717,,,
27.430395906178948,135.6639879539777,-136.34056853893168,0.6784431219480442,0.9805865684577413,1.3016043969651474,,,1.159580609674694,,-16363.92616668691,-14.278250104215177,,,,119.87712159224252,0.8425829719295665,2.083905928820176,0.660760056451717,,,
27.430395906178948,135.6639879539777,-136.34056853893168,0.6784431219480442,0.9805865684577413,1.3016043969651474,,,1.159580609674694,,-3868.562206595781,-15.231858684744758,,,,119.87712159224252,0.8425829719295665,2.083905928820176,0.660760056451717,,,
27.430395906178948,135.6639879539777,-136.34056853893168,0.6784431219480442,0.9805865684577413,1.3016043969651474,,,1.159580609674694,,-1991271.177172505,-14.860828496873012,,,,119.87712159224252,0.8425829719295665,2.083905928820176,0.660760056451717,,,
27.430395906178948,135.6639879539777,-136.34056853893168,0.6784431219480442,0.9805865684577413,1.3016043969651474,,,1.159580609674694,,-11328.388744896882,-8.083289636506766,,,,119.87712159224252,0.8425829719295665,2.083905928820176,0.660760056451717,,,
38.69401763764642,185.3136344215793,-181.03681600576343,0.6459157207641575,0.9734103427384899,1.2988093618565895,,,1.1660943709694833,,-12489.73754629249,-13.542253914513179,,,,166.07249834505177,0.8366109653647157,2.0365778075881367,0.5752606061091999,,,
38.69401763764642,185.3136344215793,-181.03681600576343,0.6459157207641575,0.9734103427384899,1.2988093618565895,,,1.1660943709694833,,-11965.232563434012,-16.613715160223364,,,,166.07249834505177,0.8366109653647157,2.0365778075881367,0.5752606061091999,,,
38.69401763764642,185.3136344215793,-181.03681600576343,0.6459157207641575,0.9734103427384899,1.2988093618565895,,,1.1660943709694833,,-11426.528645054308,-9.61540347700892,,,,166.07249834505177,0.8366109653647157,2.0365778075881367,0.5752606061091999,,,
38.69401763764642,185.3136344215793,-181.03681600576343,0.6459157207641575,0.9734103427384899,1.2988093618565895,,,1.1660943709694833,,-144282.78605437148,-11.681489199336072,,,,166.07249834505177,0.8366109653647157,2.0365778075881367,0.5752606061091999,,,
38.69401763764642,185.3136344215793,-181.03681600576343,0.6459157207641575,0.9734103427384899,1.2988093618565895,,,1.1660943709694833,,-15891.756630845532,-12.20921370862742,,,,166.07249834505177,0.8366109653647157,2.0365778075881367,0.5752606061091999,,,
32.067141043116116,161.27893771583166,-139.16002717331222,0.7718820886706537,0.9184699215798091,1.2430332123767942,,,1.3802589987142133,,-112516.49328693042,-11.790750763904585,,,,148.28699626999781,0.7663955020973572,1.3566558718606783,0.5342241834196293,,,
32.067141043116116,161.27893771583166,-139.16002717331222,0.7718820886706537,0.9184699215798091,1.2430332123767942,,,1.3802589987142133,,-58017.2566160876,-14.712664605114293,,,,148.28699626999781,0.7663955020973572,1.3566558718606783,0.5342241834196293,,,
32.067141043116116,161.27893771583166,-139.16002717331222,0.7718820886706537,0.9184699215798091,1.2430332123767942,,,1.3802589987142133,,-3146.6080568270495,-20.76206267319619,,,,148.28699626999781,0.7663955020973572,1.3566558718606783,0.5342241834196293,,,
32.067141043116116,161.27893771583166,-139.16002717331222,0.7718820886706537,0.9184699215798091,1.2430332123767942,,,1.3802589987142133,,-111897.17760330015,-12.97432763294152,,,,148.28699626999781,0.7663955020973572,1.3566558718606783,0.5342241834196293,,,
32.067141043116116,161.27893771583166,-139.16002717331222,0.7718820886706537,0.9184699215798091,1.2430332123767942,,,1.3802589987142133,,-65008.485408281565,-11.225964582547961,,,,148.28699626999781,0.7663955020973572,1.3566558718606783,0.5342241834196293,,,
32.067141043116116,161.27893771583166,-139.16002717331222,0.7718820886706537,0.9184699215798091,1.2430332123767942,,,1.3802589987142133,,-108116.75030678407,-12.453415020907737,,,,148.28699626999781,0.7663955020973572,1.3566558718606783,0.5342241834196293,,,
32.067141043116116,161.27893771583166,-139.16002717331222,0.7718820886706537,0.9184699215798091,1.2430332123767942,,,1.3802589987142133,,-64329.855421899454,-11.00872979477997,,,,148.28699626999781,0.7663955020973572,1.3566558718606783,0.5342241834196293,,,
32.067141043116116,161.27893771583166,-139.16002717331222,0.7718820886706537,0.9184699215798091,1.2430332123767942,,,1.3802589987142133,,-30020.8906777207,-11.19791040915327,,,,148.28699626999781,0.7663955020973572,1.3566558718606783,0.5342241834196293,,,
32.067141043116116,161.27893771583166,-139.16002717331222,0.7718820886706537,0.9184699215798091,1.2430332123767942,,,1.3802589987142133,,-6062.5904602989,-14.664731188925337,,,,148.28699626999781,0.7663955020973572,1.3566558718606783,0.5342241834196293,,,
32.067141043116116,161.27893771583166,-139.16002717331222,0.7718820886706537,0.9184699215798091,1.2430332123767942,,,1.3802589987142133,,-54116.21887534123,-11.839566264257712,,,,148.28699626999781,0.7663955020973572,1.3566558718606783,0.5342241834196293,,,
32.067141043116116,161.27893771583166,-139.16002717331222,0.7718820886706537,0.9184699215798091,1.2430332123767942,,,1.3802589987142133,,-5812.426505656061,-11.698001883048788,,,,148.28699626999781,0.7663955020973572,1.3566558718606783,0.5342241834196293,,,
32.067141043116116,161.27893771583166,-139.16002717331222,0.7718820886706537,0.9184699215798091,1.2430332123767942,,,1.3802589987142133,,-8816.550170373355,-15.087878962563813,,,,148.28699626999781,0.7663955020973572,1.3566558718606783,0.5342241834196293,,,
-2.5149614443853254,10.688364614031286,-20.27557862501292,3.080403723267965,2.418527986626276,2.643074429058282,,,1.2706348031080588,,-38271.46012016557,-17.12625105825984,,,,25.978182514780087,0.351229534940305,1.513714689896337,0.502953189665016,,,
-2.5149614443853254,10.688364614031286,-20.27557862501292,3.080403723267965,2.418527986626276,2.643074429058282,,,1.2706348031080588,,-15790.25516154497,-32.91773663344068,,,,25.978182514780087,0.351229534940305,1.513714689896337,0.502953189665016,,,
-2.938337517038684,11.332514382629704,-16.403411443496474,3.1099051980814534,2.478373608629634,2.7003090031754766,,,1.2809480733450438,,-30357.998936744847,-12.570169591483797,,,,27.737200191403588,0.3309322646618357,1.481680383410267,0.26969754144635943,,,
-2.938337517038684,11.332514382629704,-16.403411443496474,3.1099051980814534,2.478373608629634,2.7003090031754766,,,1.2809480733450438,,-151342.68175299323,-14.033015017794868,,,,27.737200191403588,0.3309322646618357,1.481680383410267,0.26969754144635943,,,
-2.938337517038684,11.332514382629704,-16.403411443496474,3.1099051980814534,2.478373608629634,2.7003090031754766,,,1.2809480733450438,,-13845.953752404514,-15.181625145316437,,,,27.737200191403588,0.3309322646618357,1.481680383410267,0.26969754144635943,,,
-2.938337517038684,11.332514382629704,-16.403411443496474,3.1099051980814534,2.478373608629634,2.7003090031754766,,,1.2809480733450438,,-3868.562206595781,-15.231858684744758,,,,27.737200191403588,0.3309322646618357,1.481680383410267,0.26969754144635943,,,
-2.938337517038684,11.332514382629704,-16.403411443496474,3.1099051980814534,2.478373608629634,2.7003090031754766,,,1.2809480733450438,,-1991271.177172505,-14.860828496873012,,,,27.737200191403588,0.3309322646618357,1.481680383410267,0.26969754144635943,,,
-2.938337517038684,11.332514382629704,-16.403411443496474,3.1099051980814534,2.478373608629634,2.7003090031754766,,,1.2809480733450438,,-11328.388744896882,-8.083289636506766,,,,27.737200191403588,0.3309322646618357,1.481680383410267,0.26969754144635943,,,
-2.938337517038684,11.332514382629704,-16.403411443496474,3.1099051980814534,2.478373608629634,2.7003090031754766,,,1.2809480733450438,,-2805.268220795412,-13.866016685352117,,,,27.737200191403588,0.3309322646618357,1.481680383410267,0.26969754144635943,,,
-8.532955646729175,15.719919896896904,-19.76584250479689,3.0102271586828047,1.581875707463202,1.9931023995578183,,,1.1575982650988317,,-11965.232563434012,-16.613715160223364,,,,35.01262550728877,0.6741514064472628,1.3539012440017906,0.5157193982229215,,,
-8.532955646729175,15.719919896896904,-19.76584250479689,3.0102271586828047,1.581875707463202,1.9931023995578183,,,1.1575982650988317,,-4029.4372083821836,-10.20326712807182,,,,35.01262550728877,0.6741514064472628,1.3539012440017906,0.5157193982229215,,,
-8.532955646729175,15.719919896896904,-19.76584250479689,3.0102271586828047,1.581875707463202,1.9931023995578183,,,1.1575982650988317,,-144282.78605437148,-11.681489199336072,,,,35.01262550728877,0.6741514064472628,1.3539012440017906,0.5157193982229215,,,
-8.532955646729175,15.719919896896904,-19.76584250479689,3.0102271586828047,1.581875707463202,1.9931023995578183,,,1.1575982650988317,,-14758.469110311658,-10.85256227544185,,,,35.01262550728877,0.6741514064472628,1.3539012440017906,0.5157193982229215,,,
-24.479243703256063,28.400465941320874,-27.062400403131715,3.1162823921102007,1.5001371437245064,1.8648518086506862,,,1.1542565158180702,,-112516.49328693042,-11.790750763904585,,,,42.89972976083187,0.9461487825532932,1.3222082853957244,0.8419297666072527,,,
-61.82531794239285,65.19229348436198,-53.68738796954088,3.2902331172642167,1.600418582682579,1.9225086478222064,,,1.1455810176756198,,-58017.2566160876,-14.712664605114293,,,,91.93966856879152,0.9685214343173859,1.346746340680737,0.7610823345413326,,,
-61.82531794239285,65.19229348436198,-53.68738796954088,3.2902331172642167,1.600418582682579,1.9225086478222064,,,1.1455810176756198,,-3146.6080568270495,-20.76206267319619,,,,91.93966856879152,0.9685214343173859,1.346746340680737,0.7610823345413326,,,
-61.82531794239285,65.19229348436198,-53.68738796954088,3.2902331172642167,1.600418582682579,1.9225086478222064,,,1.1455810176756198,,-111897.17760330015,-12.97432763294152,,,,91.93966856879152,0.9685214343173859,1.346746340680737,0.7610823345413326,,,
-53.971945840095835,80.45330843315344,-77.94411444698761,3.0660026695453517,1.3693766995919827,1.9435231548150993,,,1.1375702914096564,,-65008.485408281565,-11.225964582547961,,,,103.1857965882043,0.9735077558089389,1.517519089341806,0.9517086096550379,,,
-53.971945840095835,80.45330843315344,-77.94411444698761,3.0660026695453517,1.3693766995919827,1.9435231548150993,,,1.1375702914096564,,-93170.09277253089,-12.801924156505276,,,,103.1857965882043,0.9735077558089389,1.517519089341806,0.9517086096550379,,,
-53.971945840095835,80.45330843315344,-77.94411444698761,3.0660026695453517,1.3693766995919827,1.9435231548150993,,,1.1375702914096564,,-53543.726517575764,-11.68814826884871,,,,103.1857965882043,0.9735077558089389,1.517519089341806,0.9517086096550379,,,
-53.971945840095835,80.45330843315344,-77.94411444698761,3.0660026695453517,1.3693766995919827,1.9435231548150993,,,1.1375702914096564,,-30020.8906777207,-11.19791040915327,,,,103.1857965882043,0.9735077558089389,1.517519089341806,0.9517086096550379,,,
-53.971945840095835,80.45330843315344,-77.94411444698761,3.0660026695453517,1.3693766995919827,1.9435231548150993,,,1.1375702914096564,,-5711.248975845795,-14.647444638473134,,,,103.1857965882043,0.9735077558089389,1.517519089341806,0.9517086096550379,,,
-53.971945840095835,80.45330843315344,-77.94411444698761,3.0660026695453517,1.3693766995919827,1.9435231548150993,,,1.1375702914096564,,-54116.21887534123,-11.839566264257712,,,,103.1857965882043,0.9735077558089389,1.517519089341806,0.9517086096550379,,,
-53.971945840095835,80.45330843315344,-77.94411444698761,3.0660026695453517,1.3693766995919827,1.9435231548150993,,,1.1375702914096564,,-5812.426505656061,-11.698001883048788,,,,103.1857965882043,0.9735077558089389,1.517519089341806,0.9517086096550379,,,
-48.88125024289281,91.01432575093645,-91.1707824923333,2.876171351928344,1.2655834848059255,1.9074440371702468,,,1.1488000175886246,,-8816.550170373355,-15.087878962563813,,,,109.83931223293895,0.9716538512440668,1.5589890423736747,0.9982459560022687,,,
-48.88125024289281,91.01432575093645,-91.1707824923333,2.876171351928344,1.2655834848059255,1.9074440371702468,,,1.1488000175886246,,-38271.46012016557,-17.12625105825984,,,,109.83931223293895,0.9716538512440668,1.5589890423736747,0.9982459560022687,,,
-83.85453200582995,157.01079816209372,-37.44256321060547,3.5723042636478652,1.9832049937153158,1.9993657084577223,,,1.265950189989466,,-15790.25516154497,-32.91773663344068,,,,119.54905896211277,0.832428994871246,1.6197952129736968,1.042206788104796,,,
-85.74939414880126,160.87332216255075,-37.5932644460141,3.5793014515574524,1.991546118028357,2.000849525210377,,,1.2676613488452988,,-20307.946567323692,-10.989647401116631,,,,121.97439241220859,0.8302542021249527,1.6196757205507584,1.039148733075295,,,
-85.74939414880126,160.87332216255075,-37.5932644460141,3.5793014515574524,1.991546118028357,2.000849525210377,,,1.2676613488452988,,-98902.77364380396,-13.788230826797594,,,,121.97439241220859,0.8302542021249527,1.6196757205507584,1.039148733075295,,,
-85.74939414880126,160.87332216255075,-37.5932644460141,3.5793014515574524,1.991546118028357,2.000849525210377,,,1.2676613488452988,,-11646.719895333807,-14.457225533756532,,,,121.97439241220859,0.8302542021249527,1.6196757205507584,1.039148733075295,,,
2.416851571226974,-1.660495974871525,-6.315153431989094,1.381913608299684,1.3516699644379062,1.4056252770024096,,,1.020002913308364,,-3224.325459972354,-14.956548644908375,,,,4.783495298630401,0.9871266035501728,2.0136580014527996,2.0719385957473047,,,
2.416851571226974,-1.660495974871525,-6.315153431989094,1.381913608299684,1.3516699644379062,1.4056252770024096,,,1.020002913308364,,-1991271.177172505,-14.860828496873012,,,,4.783495298630401,0.9871266035501728,2.0136580014527996,2.0719385957473047,,,
2.416851571226974,-1.660495974871525,-6.315153431989094,1.381913608299684,1.3516699644379062,1.4056252770024096,,,1.020002913308364,,-11328.388744896882,-8.083289636506766,,,,4.783495298630401,0.9871266035501728,2.0136580014527996,2.0719385957473047,,,
2.307681393239327,-0.36620312396298726,-5.978323078331439,1.4532920393445208,1.2293815272196362,1.3588309018509426,,,1.0153804782324949,,-2805.268220795412,-13.866016685352117,,,,5.357357724694599,0.984982779766901,2.2171960544489835,2.018324918556228,,,
2.307681393239327,-0.36620312396298726,-5.978323078331439,1.4532920393445208,1.2293815272196362,1.3588309018509426,,,1.0153804782324949,,-9012.938391577773,-13.153916375703911,,,,5.357357724694599,0.984982779766901,2.2171960544489835,2.018324918556228,,,
2.307681393239327,-0.36620312396298726,-5.978323078331439,1.4532920393445208,1.2293815272196362,1.3588309018509426,,,1.0153804782324949,,-4029.4372083821836,-10.20326712807182,,,,5.357357724694599,0.984982779766901,2.2171960544489835,2.018324918556228,,,
2.307681393239327,-0.36620312396298726,-5.978323078331439,1.4532920393445208,1.2293815272196362,1.3588309018509426,,,1.0153804782324949,,-108914.83595856228,-11.380648052780113,,,,5.357357724694599,0.984982779766901,2.2171960544489835,2.018324918556228,,,
-2.742482253636089,4.562570118953876,-7.47224883453249,2.2054903908201444,1.2397850133181734,1.4060195385823573,,,1.066203827421955,,-14758.469110311658,-10.85256227544185,,,,8.430172202309132,1.3308958038742222,1.783067294487397,1.9385269802085365,,,
-2.742482253636089,4.562570118953876,-7.47224883453249,2.2054903908201444,1.2397850133181734,1.4060195385823573,,,1.066203827421955,,-103302.94900580986,-12.023139525795544,,,,8.430172202309132,1.3308958038742222,1.783067294487397,1.9385269802085365,,,
-2.8119534492748315,4.6686673099414415,-7.466926540219858,2.208442360407967,1.2428442612533515,1.4043854933403055,,,1.066828543840981,,-55727.34497747737,-14.38134137186374,,,,8.460679806580911,1.3297502429269499,1.7848026763284863,1.940868507487237,,,
-3.1388106806012464,5.3322419544025985,-7.177053243569864,2.204810098971353,1.2619191406556445,1.3828947826802815,,,1.0696362155747,,-3146.6080568270495,-20.76206267319619,,,,8.440318122676747,1.314580270007599,1.812937364205735,1.983428734546597,,,
-7.316468870462478,6.0471792238257915,-1.6510899817292684,2.5572079989708154,1.4676496176762168,1.4100092994357718,,,1.1858982123897466,,-111897.17760330015,-12.97432763294152,,,,8.727162574772501,1.219128798824033,1.5456008407627757,0.06057420487720539,,,
-7.316468870462478,6.0471792238257915,-1.6510899817292684,2.5572079989708154,1.4676496176762168,1.4100092994357718,,,1.1858982123897466,,-65008.485408281565,-11.225964582547961,,,,8.727162574772501,1.219128798824033,1.5456008407627757,0.06057420487720539,,,
-7.316468870462478,6.0471792238257915,-1.6510899817292684,2.5572079989708154,1.4676496176762168,1.4100092994357718,,,1.1858982123897466,,-93170.09277253089,-12.801924156505276,,,,8.727162574772501,1.219128798824033,1.5456008407627757,0.06057420487720539,,,
-7.316468870462478,6.0471792238257915,-1.6510899817292684,2.5572079989708154,1.4676496176762168,1.4100092994357718,,,1.1858982123897466,,-48771.64602608261,-11.584184301802393,,,,8.727162574772501,1.219128798824033,1.5456008407627757,0.06057420487720539,,,
-7.316468870462478,6.0471792238257915,-1.6510899817292684,2.5572079989708154,1.4676496176762168,1.4100092994357718,,,1.1858982123897466,,-26099.10089567147,-11.009612221727256,,,,8.727162574772501,1.219128798824033,1.5456008407627757,0.06057420487720539,,,
-7.316468870462478,6.0471792238257915,-1.6510899817292684,2.5572079989708154,1.4676496176762168,1.4100092994357718,,,1.1858982123897466,,-5711.248975845795,-14.647444638473134,,,,8.727162574772501,1.219128798824033,1.5456008407627757,0.06057420487720539,,,
-7.316468870462478,6.0471792238257915,-1.6510899817292684,2.5572079989708154,1.4676496176762168,1.4100092994357718,,,1.1858982123897466,,-44879.52430242097,-11.544308620537867,,,,8.727162574772501,1.219128798824033,1.5456008407627757,0.06057420487720539,,,
-7.490666406750614,6.075433525672835,-2.2391860511403827,2.5773955601812175,1.4620754909212583,1.425126317581679,,,1.1828546846589643,,-5812.426505656061,-11.698001883048788,,,,9.047067063570502,1.2332610367751564,1.5345023166296208,0.10225317824781992,,,
-7.490666406750614,6.075433525672835,-2.2391860511403827,2.5773955601812175,1.4620754909212583,1.425126317581679,,,1.1828546846589643,,-4048.0202321872557,-18.81376210774818,,,,9.047067063570502,1.2332610367751564,1.5345023166296208,0.10225317824781992,,,
-7.490666406750614,6.075433525672835,-2.2391860511403827,2.5773955601812175,1.4620754909212583,1.425126317581679,,,1.1828546846589643,,-38271.46012016557,-17.12625105825984,,,,9.047067063570502,1.2332610367751564,1.5345023166296208,0.10225317824781992,,,
-5.548671930562145,3.8526009154672596,-12.831234311883257,2.21184718536077,1.1949838600010672,1.5987359404336783,,,1.1302866138713645,,-15790.25516154497,-32.91773663344068,,,,11.817345494770924,1.305357738727071,1.4608508507002136,1.0755904250733217,,,
-5.548671930562145,3.8526009154672596,-12.831234311883257,2.21184718536077,1.1949838600010672,1.5987359404336783,,,1.1302866138713645,,-20307.946567323692,-10.989647401116631,,,,11.817345494770924,1.305357738727071,1.4608508507002136,1.0755904250733217,,,
-5.548671930562145,3.8526009154672596,-12.831234311883257,2.21184718536077,1.1949838600010672,1.5987359404336783,,,1.1302866138713645,,-98902.77364380396,-13.788230826797594,,,,11.817345494770924,1.305357738727071,1.4608508507002136,1.0755904250733217,,,
-4.751478596026798,5.064484381583807,-23.79412974193366,2.046016005320241,0.7885800781002169,1.66027429555238,,,1.0708072388774654,,-11646.719895333807,-14.457225533756532,,,,18.759069252562373,1.287683526026077,1.4241624811366471,1.0047100558463204,,,
-4.751478596026798,5.064484381583807,-23.79412974193366,2.046016005320241,0.7885800781002169,1.66027429555238,,,1.0708072388774654,,-3224.325459972354,-14.956548644908375,,,,18.759069252562373,1.287683526026077,1.4241624811366471,1.0047100558463204,,,
-13.347838886690528,12.487978491665096,-28.57153215510816,2.348049131594598,0.8780141484750377,1.6374167117177993,,,1.0882812172347704,,-1991271.177172505,-14.860828496873012,,,,23.964405998019398,1.3888732605161243,1.4088730388500785,1.2266446158949738,,,
-13.347838886690528,12.487978491665096,-28.57153215510816,2.348049131594598,0.8780141484750377,1.6374167117177993,,,1.0882812172347704,,-11328.388744896882,-8.083289636506766,,,,23.964405998019398,1.3888732605161243,1.4088730388500785,1.2266446158949738,,,
-13.347838886690528,12.487978491665096,-28.57153215510816,2.348049131594598,0.8780141484750377,1.6374167117177993,,,1.0882812172347704,,-2805.268220795412,-13.866016685352117,,,,23.964405998019398,1.3888732605161243,1.4088730388500785,1.2266446158949738,,,
-13.347838886690528,12.487978491665096,-28.57153215510816,2.348049131594598,0.8780141484750377,1.6374167117177993,,,1.0882812172347704,,-9012.938391577773,-13.153916375703911,,,,23.964405998019398,1.3888732605161243,1.4088730388500785,1.2266446158949738,,,
-8.039279042864765,-4.878962500980763,-86.2973181204148,0.5823090460819417,1.045871076910553,2.0824489004664026,,,0.7741675861654468,,-4029.4372083821836,-10.20326712807182,,,,21.204611363821762,1.2451151106837117,2.8937973145338898,5.114213076367039,,,
-8.039279042864765,-4.878962500980763,-86.2973181204148,0.5823090460819417,1.045871076910553,2.0824489004664026,,,0.7741675861654468,,-77575.58274516839,-11.807249470335163,,,,21.204611363821762,1.2451151106837117,2.8937973145338898,5.114213076367039,,,
-8.039279042864765,-4.878962500980763,-86.2973181204148,0.5823090460819417,1.045871076910553,2.0824489004664026,,,0.7741675861654468,,-14181.2593046239,-10.057029423699856,,,,21.204611363821762,1.2451151106837117,2.8937973145338898,5.114213076367039,,,
-8.039279042864765,-4.878962500980763,-86.2973181204148,0.5823090460819417,1.045871076910553,2.0824489004664026,,,0.7741675861654468,,-75410.80457333852,-11.648394028963748,,,,21.204611363821762,1.2451151106837117,2.8937973145338898,5.114213076367039,,,
-8.039279042864765,-4.878962500980763,-86.2973181204148,0.5823090460819417,1.045871076910553,2.0824489004664026,,,0.7741675861654468,,-55727.34497747737,-14.38134137186374,,,,21.204611363821762,1.2451151106837117,2.8937973145338898,5.114213076367039,,,
-8.039279042864765,-4.878962500980763,-86.2973181204148,0.5823090460819417,1.045871076910553,2.0824489004664026,,,0.7741675861654468,,-3146.6080568270495,-20.76206267319619,,,,21.204611363821762,1.2451151106837117,2.8937973145338898,5.114213076367039,,,
-11.097566194388824,-8.478580026032688,-126.14019827799264,0.5172368504634131,1.043632402213943,2.117818952286179,,,0.7356269499311262,,-108717.1337950282,-12.54850109328285,,,,28.412241076350178,1.2795473225552383,3.1629313069462515,5.695067882471685,,,
-16.764313747855898,-11.19753119775274,-145.99776739461228,0.4827592733123701,1.0774615280002982,2.172400689244009,,,0.7492370366192654,,-65008.485408281565,-11.225964582547961,,,,33.97767447499112,1.2185390392521538,3.0517067818693353,4.715782388124049,,,
-16.764313747855898,-11.19753119775274,-145.99776739461228,0.4827592733123701,1.0774615280002982,2.172400689244009,,,0.7492370366192654,,-93170.09277253089,-12.801924156505276,,,,33.97767447499112,1.2185390392521538,3.0517067818693353,4.715782388124049,,,
-16.764313747855898,-11.19753119775274,-145.99776739461228,0.4827592733123701,1.0774615280002982,2.172400689244009,,,0.7492370366192654,,-48771.64602608261,-11.584184301802393,,,,33.97767447499112,1.2185390392521538,3.0517067818693353,4.715782388124049,,,
-16.764313747855898,-11.19753119775274,-145.99776739461228,0.4827592733123701,1.0774615280002982,2.172400689244009,,,0.7492370366192654,,-2638.437634799001,-10.803277505220501,,,,33.97767447499112,1.2185390392521538,3.0517067818693353,4.715782388124049,,,
-16.764313747855898,-11.19753119775274,-145.99776739461228,0.4827592733123701,1.0774615280002982,2.172400689244009,,,0.7492370366192654,,-5711.248975845795,-14.647444638473134,,,,33.97767447499112,1.2185390392521538,3.0517067818693353,4.715782388124049,,,
-16.764313747855898,-11.19753119775274,-145.99776739461228,0.4827592733123701,1.0774615280002982,2.172400689244009,,,0.7492370366192654,,-44879.52430242097,-11.544308620537867,,,,33.97767447499112,1.2185390392521538,3.0517067818693353,4.715782388124049,,,
-16.764313747855898,-11.19753119775274,-145.99776739461228,0.4827592733123701,1.0774615280002982,2.172400689244009,,,0.7492370366192654,,-5812.426505656061,-11.698001883048788,,,,33.97767447499112,1.2185390392521538,3.0517067818693353,4.715782388124049,,,
-16.764313747855898,-11.19753119775274,-145.99776739461228,0.4827592733123701,1.0774615280002982,2.172400689244009,,,0.7492370366192654,,-4048.0202321872557,-18.81376210774818,,,,33.97767447499112,1.2185390392521538,3.0517067818693353,4.715782388124049,,,
-16.764313747855898,-11.19753119775274,-145.99776739461228,0.4827592733123701,1.0774615280002982,2.172400689244009,,,0.7492370366192654,,-38271.46012016557,-17.12625105825984,,,,33.97767447499112,1.2185390392521538,3.0517067818693353,4.715782388124049,,,
-16.764313747855898,-11.19753119775274,-145.99776739461228,0.4827592733123701,1.0774615280002982,2.172400689244009,,,0.7492370366192654,,-14901.189794872576,-13.74268437515967,,,,33.97767447499112,1.2185390392521538,3.0517067818693353,4.715782388124049,,,
-16.764313747855898,-11.19753119775274,-145.99776739461228,0.4827592733123701,1.0774615280002982,2.172400689244009,,,0.7492370366192654,,-9819.008517493181,-11.026776548657233,,,,33.97767447499112,1.2185390392521538,3.0517067818693353,4.715782388124049,,,
-16.764313747855898,-11.19753119775274,-145.99776739461228,0.4827592733123701,1.0774615280002982,2.172400689244009,,,0.7492370366192654,,-91021.55138233215,-13.7713227172041,,,,33.97767447499112,1.2185390392521538,3.0517067818693353,4.715782388124049,,,
-16.764313747855898,-11.19753119775274,-145.99776739461228,0.4827592733123701,1.0774615280002982,2.172400689244009,,,0.7492370366192654,,-11646.719895333807,-14.457225533756532,,,,33.97767447499112,1.2185390392521538,3.0517067818693353,4.715782388124049,,,
-16.764313747855898,-11.19753119775274,-145.99776739461228,0.4827592733123701,1.0774615280002982,2.172400689244009,,,0.7492370366192654,,-3224.325459972354,-14.956548644908375,,,,33.97767447499112,1.2185390392521538,3.0517067818693353,4.715782388124049,,,
-16.764313747855898,-11.19753119775274,-145.99776739461228,0.4827592733123701,1.0774615280002982,2.172400689244009,,,0.7492370366192654,,-1991271.177172505,-14.860828496873012,,,,33.97767447499112,1.2185390392521538,3.0517067818693353,4.715782388124049,,,
-16.764313747855898,-11.19753119775274,-145.99776739461228,0.4827592733123701,1.0774615280002982,2.172400689244009,,,0.7492370366192654,,-11328.388744896882,-8.083289636506766,,,,33.97767447499112,1.2185390392521538,3.0517067818693353,4.715782388124049,,,
-16.764313747855898,-11.19753119775274,-145.99776739461228,0.4827592733123701,1.0774615280002982,2.172400689244009,,,0.7492370366192654,,-2805.268220795412,-13.866016685352117,,,,33.97767447499112,1.2185390392521538,3.0517067818693353,4.715782388124049,,,
-16.764313747855898,-11.19753119775274,-145.99776739461228,0.4827592733123701,1.0774615280002982,2.172400689244009,,,0.7492370366192654,,-9012.938391577773,-13.153916375703911,,,,33.97767447499112,1.2185390392521538,3.0517067818693353,4.715782388124049,,,
-13.585808052457672,-5.930253343801393,-132.4090012796773,0.5504410813928795,1.089379901018428,2.1318703555497454,,,0.7784278366922082,,-4029.4372083821836,-10.20326712807182,,,,32.31297873320936,1.140674061648883,3.118114064541281,4.7109833091192534,,,
-13.585808052457672,-5.930253343801393,-132.4090012796773,0.5504410813928795,1.089379901018428,2.1318703555497454,,,0.7784278366922082,,-52553.53857084643,-11.702188879469084,,,,32.31297873320936,1.140674061648883,3.118114064541281,4.7109833091192534,,,
-13.585808052457672,-5.930253343801393,-132.4090012796773,0.5504410813928795,1.089379901018428,2.1318703555497454,,,0.7784278366922082,,-14181.2593046239,-10.057029423699856,,,,32.31297873320936,1.140674061648883,3.118114064541281,4.7109833091192534,,,
-13.585808052457672,-5.930253343801393,-132.4090012796773,0.5504410813928795,1.089379901018428,2.1318703555497454,,,0.7784278366922082,,-75410.80457333852,-11.648394028963748,,,,32.31297873320936,1.140674061648883,3.118114064541281,4.7109833091192534,,,
-13.585808052457672,-5.930253343801393,-132.4090012796773,0.5504410813928795,1.089379901018428,2.1318703555497454,,,0.7784278366922082,,-55727.34497747737,-14.38134137186374,,,,32.31297873320936,1.140674061648883,3.118114064541281,4.7109833091192534,,,
2.9025926980809844,5.129522950303588,-12.538129257409187,2.490147079716473,1.8174517818080878,1.8920639520692892,,,1.1247852668830713,,-3146.6080568270495,-20.76206267319619,,,,9.515895402227027,0.7451129687084115,2.6708355959562846,7.877467600004307,,,
2.369349154851796,5.8094044695236775,-12.925848445848159,2.552967727151968,1.3485904511614064,1.6198179714531409,,,1.0695992745883498,,-80599.98401174467,-12.395669651385557,,,,12.174652032857276,0.8716861388537688,2.3351289063759157,6.484025562943317,,,
2.369349154851796,5.8094044695236775,-12.925848445848159,2.552967727151968,1.3485904511614064,1.6198179714531409,,,1.0695992745883498,,-65008.485408281565,-11.225964582547961,,,,12.174652032857276,0.8716861388537688,2.3351289063759157,6.484025562943317,,,
3.737816697571673,0.5104599457250958,-27.553788265361916,3.345866027081937,1.8420242307867487,2.0077313821459337,,,1.1305002187281181,,-62991.029837206945,-11.741829409234391,,,,17.956581161922013,0.7952776377460635,1.9010987718870032,9.848095926817908,,,
3.737816697571673,0.5104599457250958,-27.553788265361916,3.345866027081937,1.8420242307867487,2.0077313821459337,,,1.1305002187281181,,-48771.64602608261,-11.584184301802393,,,,17.956581161922013,0.7952776377460635,1.9010987718870032,9.848095926817908,,,
3.997271852563405,-0.001115615508111263,-27.791173478422564,3.3986805594944705,1.9886306344756888,2.1014119496090213,,,1.1473659564015415,,-2638.437634799001,-10.803277505220501,,,,17.06550667652315,0.7640133961554902,1.9504632128321708,10.325253708508981,,,
3.997271852563405,-0.001115615508111263,-27.791173478422564,3.3986805594944705,1.9886306344756888,2.1014119496090213,,,1.1473659564015415,,-5711.248975845795,-14.647444638473134,,,,17.06550667652315,0.7640133961554902,1.9504632128321708,10.325253708508981,,,
3.997271852563405,-0.001115615508111263,-27.791173478422564,3.3986805594944705,1.9886306344756888,2.1014119496090213,,,1.1473659564015415,,-44879.52430242097,-11.544308620537867,,,,17.06550667652315,0.7640133961554902,1.9504632128321708,10.325253708508981,,,
3.997271852563405,-0.001115615508111263,-27.791173478422564,3.3986805594944705,1.9886306344756888,2.1014119496090213,,,1.1473659564015415,,-5812.426505656061,-11.698001883048788,,,,17.06550667652315,0.7640133961554902,1.9504632128321708,10.325253708508981,,,
3.997271852563405,-0.001115615508111263,-27.791173478422564,3.3986805594944705,1.9886306344756888,2.1014119496090213,,,1.1473659564015415,,-3879.005702552934,-19.62515353697094,,,,17.06550667652315,0.7640133961554902,1.9504632128321708,10.325253708508981,,,
3.997271852563405,-0.001115615508111263,-27.791173478422564,3.3986805594944705,1.9886306344756888,2.1014119496090213,,,1.1473659564015415,,-38271.46012016557,-17.12625105825984,,,,17.06550667652315,0.7640133961554902,1.9504632128321708,10.325253708508981,,,
3.997271852563405,-0.001115615508111263,-27.791173478422564,3.3986805594944705,1.9886306344756888,2.1014119496090213,,,1.1473659564015415,,-14901.189794872576,-13.74268437515967,,,,17.06550667652315,0.7640133961554902,1.9504632128321708,10.325253708508981,,,
3.997271852563405,-0.001115615508111263,-27.791173478422564,3.3986805594944705,1.9886306344756888,2.1014119496090213,,,1.1473659564015415,,-9819.008517493181,-11.026776548657233,,,,17.06550667652315,0.7640133961554902,1.9504632128321708,10.325253708508981,,,
4.064498116027042,0.814744672154615,-17.411567022924423,3.660522047407308,2.17613224219376,2.106570897596055,,,1.1560156726591162,,-91021.55138233215,-13.7713227172041,,,,17.084830743795084,0.6731127862188492,2.05773180680366,11.22721731057234,,,
4.064498116027042,0.814744672154615,-17.411567022924423,3.660522047407308,2.17613224219376,2.106570897596055,,,1.1560156726591162,,-9792.698300609152,-13.823670618761508,,,,17.084830743795084,0.6731127862188492,2.05773180680366,11.22721731057234,,,
4.064498116027042,0.814744672154615,-17.411567022924423,3.660522047407308,2.17613224219376,2.106570897596055,,,1.1560156726591162,,-3224.325459972354,-14.956548644908375,,,,17.084830743795084,0.6731127862188492,2.05773180680366,11.22721731057234,,,
4.064498116027042,0.814744672154615,-17.411567022924423,3.660522047407308,2.17613224219376,2.106570897596055,,,1.1560156726591162,,-1991271.177172505,-14.860828496873012,,,,17.084830743795084,0.6731127862188492,2.05773180680366,11.22721731057234,,,
4.064498116027042,0.814744672154615,-17.411567022924423,3.660522047407308,2.17613224219376,2.106570897596055,,,1.1560156726591162,,-11328.388744896882,-8.083289636506766,,,,17.084830743795084,0.6731127862188492,2.05773180680366,11.22721731057234,,,
4.064498116027042,0.814744672154615,-17.411567022924423,3.660522047407308,2.17613224219376,2.106570897596055,,,1.1560156726591162,,-2805.268220795412,-13.866016685352117,,,,17.084830743795084,0.6731127862188492,2.05773180680366,11.22721731057234,,,
4.064498116027042,0.814744672154615,-17.411567022924423,3.660522047407308,2.17613224219376,2.106570897596055,,,1.1560156726591162,,-9012.938391577773,-13.153916375703911,,,,17.084830743795084,0.6731127862188492,2.05773180680366,11.22721731057234,,,
4.064498116027042,0.814744672154615,-17.411567022924423,3.660522047407308,2.17613224219376,2.106570897596055,,,1.1560156726591162,,-4029.4372083821836,-10.20326712807182,,,,17.084830743795084,0.6731127862188492,2.05773180680366,11.22721731057234,,,
4.064498116027042,0.814744672154615,-17.411567022924423,3.660522047407308,2.17613224219376,2.106570897596055,,,1.1560156726591162,,-39927.34961965832,-12.28604865271076,,,,17.084830743795084,0.6731127862188492,2.05773180680366,11.22721731057234,,,
4.064498116027042,0.814744672154615,-17.411567022924423,3.660522047407308,2.17613224219376,2.106570897596055,,,1.1560156726591162,,-13564.70378429082,-11.793871679734629,,,,17.084830743795084,0.6731127862188492,2.05773180680366,11.22721731057234,,,
4.064498116027042,0.814744672154615,-17.411567022924423,3.660522047407308,2.17613224219376,2.106570897596055,,,1.1560156726591162,,-48250.96130053465,-11.812461255751083,,,,17.084830743795084,0.6731127862188492,2.05773180680366,11.22721731057234,,,
4.064498116027042,0.814744672154615,-17.411567022924423,3.660522047407308,2.17613224219376,2.106570897596055,,,1.1560156726591162,,-55727.34497747737,-14.38134137186374,,,,17.084830743795084,0.6731127862188492,2.05773180680366,11.22721731057234,,,
4.064498116027042,0.814744672154615,-17.411567022924423,3.660522047407308,2.17613224219376,2.106570897596055,,,1.1560156726591162,,-3146.6080568270495,-20.76206267319619,,,,17.084830743795084,0.6731127862188492,2.05773180680366,11.22721731057234,,,
4.064498116027042,0.814744672154615,-17.411567022924423,3.660522047407308,2.17613224219376,2.106570897596055,,,1.1560156726591162,,-80599.98401174467,-12.395669651385557,,,,17.084830743795084,0.6731127862188492,2.05773180680366,11.22721731057234,,,
4.064498116027042,0.814744672154615,-17.411567022924423,3.660522047407308,2.17613224219376,2.106570897596055,,,1.1560156726591162,,-65008.485408281565,-11.225964582547961,,,,17.084830743795084,0.6731127862188492,2.05773180680366,11.22721731057234,,,
4.064498116027042,0.814744672154615,-17.411567022924423,3.660522047407308,2.17613224219376,2.106570897596055,,,1.1560156726591162,,-47962.936872043574,-10.178293939640591,,,,17.084830743795084,0.6731127862188492,2.05773180680366,11.22721731057234,,,
4.891788628315838,11.57641087683649,-14.584611146519384,3.074715723453991,1.8661623145618473,1.8342197973105305,,,1.3957029655949806,,-48771.64602608261,-11.584184301802393,,,,19.40146731649942,0.6482948852556776,1.4799464956812904,6.257155678725151,,,
2.4362055750693212,2.19928606157211,-0.5067821308313443,0.9397711892342813,0.6447303451219131,0.6616222058216867,,,2.619153286821123,,-2638.437634799001,-10.803277505220501,,,,2.5064449860786504,0.5387940871104967,0.22330563465656061,0.6583559643788934,,,
2.4362055750693212,2.19928606157211,-0.5067821308313443,0.9397711892342813,0.6447303451219131,0.6616222058216867,,,2.619153286821123,,-5711.248975845795,-14.647444638473134,,,,2.5064449860786504,0.5387940871104967,0.22330563465656061,0.6583559643788934,,,
2.4362055750693212,2.19928606157211,-0.5067821308313443,0.9397711892342813,0.6447303451219131,0.6616222058216867,,,2.619153286821123,,-44879.52430242097,-11.544308620537867,,,,2.5064449860786504,0.5387940871104967,0.22330563465656061,0.6583559643788934,,,
2.4362055750693212,2.19928606157211,-0.5067821308313443,0.9397711892342813,0.6447303451219131,0.6616222058216867,,,2.619153286821123,,-4968.615327584371,-11.693757529746986,,,,2.5064449860786504,0.5387940871104967,0.22330563465656061,0.6583559643788934,,,
2.4362055750693212,2.19928606157211,-0.5067821308313443,0.9397711892342813,0.6447303451219131,0.6616222058216867,,,2.619153286821123,,-3879.005702552934,-19.62515353697094,,,,2.5064449860786504,0.5387940871104967,0.22330563465656061,0.6583559643788934,,,
2.4362055750693212,2.19928606157211,-0.5067821308313443,0.9397711892342813,0.6447303451219131,0.6616222058216867,,,2.619153286821123,,-37144.1022337394,-15.249172606637961,,,,2.5064449860786504,0.5387940871104967,0.22330563465656061,0.6583559643788934,,,
0.29840952713682023,4.114107173881452,-1.2709445473902266,2.0582598732456137,0.9193904303599991,1.0302234116198519,,,2.0902048502732264,,-14757.720029896092,-13.731670575089568,,,,4.4769459679903525,0.7050615495411102,0.3581083485666342,0.8167468627256802,,,
0.29840952713682023,4.114107173881452,-1.2709445473902266,2.0582598732456137,0.9193904303599991,1.0302234116198519,,,2.0902048502732264,,-8473.365463059488,-11.84203657876619,,,,4.4769459679903525,0.7050615495411102,0.3581083485666342,0.8167468627256802,,,
-2.1161804002204603,19.285094692491256,-3.8101488701932102,2.241763622661314,0.9246753211407678,1.087804256536395,,,2.1327221686538036,,-91021.55138233215,-13.7713227172041,,,,20.97773939366249,0.6995094031213112,0.35006224805234615,0.69187825715224,,,
-2.1161804002204603,19.285094692491256,-3.8101488701932102,2.241763622661314,0.9246753211407678,1.087804256536395,,,2.1327221686538036,,-3901.3906378687107,-14.892449877171654,,,,20.97773939366249,0.6995094031213112,0.35006224805234615,0.69187825715224,,,
-2.1161804002204603,19.285094692491256,-3.8101488701932102,2.241763622661314,0.9246753211407678,1.087804256536395,,,2.1327221686538036,,-3224.325459972354,-14.956548644908375,,,,20.97773939366249,0.6995094031213112,0.35006224805234615,0.69187825715224,,,
-2.1161804002204603,19.285094692491256,-3.8101488701932102,2.241763622661314,0.9246753211407678,1.087804256536395,,,2.1327221686538036,,-1991271.177172505,-14.860828496873012,,,,20.97773939366249,0.6995094031213112,0.35006224805234615,0.69187825715224,,,
-2.1161804002204603,19.285094692491256,-3.8101488701932102,2.241763622661314,0.9246753211407678,1.087804256536395,,,2.1327221686538036,,-11328.388744896882,-8.083289636506766,,,,20.97773939366249,0.6995094031213112,0.35006224805234615,0.69187825715224,,,
-2.1161804002204603,19.285094692491256,-3.8101488701932102,2.241763622661314,0.9246753211407678,1.087804256536395,,,2.1327221686538036,,-2805.268220795412,-13.866016685352117,,,,20.97773939366249,0.6995094031213112,0.35006224805234615,0.69187825715224,,,
-2.1161804002204603,19.285094692491256,-3.8101488701932102,2.241763622661314,0.9246753211407678,1.087804256536395,,,2.1327221686538036,,-9012.938391577773,-13.153916375703911,,,,20.97773939366249,0.6995094031213112,0.35006224805234615,0.69187825715224,,,
-2.1161804002204603,19.285094692491256,-3.8101488701932102,2.241763622661314,0.9246753211407678,1.087804256536395,,,2.1327221686538036,,-3577.09174343742,-10.245844742200159,,,,20.97773939366249,0.6995094031213112,0.35006224805234615,0.69187825715224,,,
7.372718641683613,52.967911817695644,1.3092601171448515,2.101217606937253,0.6827535125752,0.9442460306599063,,,2.4389518665030367,,-15342.883971730524,-12.901531848684158,,,,56.00496745032413,0.6447738548526559,0.22412687903124895,0.7583784180609119,,,
10.333482150319314,60.82186201002488,7.68642931942995,1.9527138013731942,0.40344839089980744,0.7201774119533937,,,2.649003681055352,,-13564.70378429082,-11.793871679734629,,,,73.99823023556176,0.6388490328897821,0.12157689917615748,0.4596814747425571,,,
16.245549522269684,97.16223366872006,-33.366385031617355,1.4119816786183925,0.6392895209721481,0.9596060484104387,,,2.162466319246258,,-46966.1064972882,-11.763440049018968,,,,96.02814244130231,0.6626439980477711,0.35199222391999146,0.47358810161175247,,,
16.245549522269684,97.16223366872006,-33.366385031617355,1.4119816786183925,0.6392895209721481,0.9596060484104387,,,2.162466319246258,,-55727.34497747737,-14.38134137186374,,,,96.02814244130231,0.6626439980477711,0.35199222391999146,0.47358810161175247,,,
16.245549522269684,97.16223366872006,-33.366385031617355,1.4119816786183925,0.6392895209721481,0.9596060484104387,,,2.162466319246258,,-3146.6080568270495,-20.76206267319619,,,,96.02814244130231,0.6626439980477711,0.35199222391999146,0.47358810161175247,,,
25.33809601546262,139.92911793026914,-14.056507182824628,1.256654146511432,0.7361802301199811,0.6970138546332145,,,2.438609947892011,,-80599.98401174467,-12.395669651385557,,,,117.54492887331911,0.6277321587587835,0.2873363074270694,0.43104631102854374,,,
25.33809601546262,139.92911793026914,-14.056507182824628,1.256654146511432,0.7361802301199811,0.6970138546332145,,,2.438609947892011,,-27224.024562051636,-11.397960060389043,,,,117.54492887331911,0.6277321587587835,0.2873363074270694,0.43104631102854374,,,
25.33809601546262,139.92911793026914,-14.056507182824628,1.256654146511432,0.7361802301199811,0.6970138546332145,,,2.438609947892011,,-47962.936872043574,-10.178293939640591,,,,117.54492887331911,0.6277321587587835,0.2873363074270694,0.43104631102854374,,,
25.33809601546262,139.92911793026914,-14.056507182824628,1.256654146511432,0.7361802301199811,0.6970138546332145,,,2.438609947892011,,-48771.64602608261,-11.584184301802393,,,,117.54492887331911,0.6277321587587835,0.2873363074270694,0.43104631102854374,,,
25.33809601546262,139.92911793026914,-14.056507182824628,1.256654146511432,0.7361802301199811,0.6970138546332145,,,2.438609947892011,,-2638.437634799001,-10.803277505220501,,,,117.54492887331911,0.6277321587587835,0.2873363074270694,0.43104631102854374,,,
25.33809601546262,139.92911793026914,-14.056507182824628,1.256654146511432,0.7361802301199811,0.6970138546332145,,,2.438609947892011,,-5711.248975845795,-14.647444638473134,,,,117.54492887331911,0.6277321587587835,0.2873363074270694,0.43104631102854374,,,
25.33809601546262,139.92911793026914,-14.056507182824628,1.256654146511432,0.7361802301199811,0.6970138546332145,,,2.438609947892011,,-23102.853475679633,-12.310582649383768,,,,117.54492887331911,0.6277321587587835,0.2873363074270694,0.43104631102854374,,,
25.33809601546262,139.92911793026914,-14.056507182824628,1.256654146511432,0.7361802301199811,0.6970138546332145,,,2.438609947892011,,-2381.2179597631352,-11.738555183927929,,,,117.54492887331911,0.6277321587587835,0.2873363074270694,0.43104631102854374,,,
25.33809601546262,139.92911793026914,-14.056507182824628,1.256654146511432,0.7361802301199811,0.6970138546332145,,,2.438609947892011,,-3879.005702552934,-19.62515353697094,,,,117.54492887331911,0.6277321587587835,0.2873363074270694,0.43104631102854374,,,
3.5533238375702734,31.419703481451847,2.7377641063026474,0.0008136447288209503,1.6101759609970472,1.4059066106128586,,,0.7553474456967318,,-37144.1022337394,-15.249172606637961,,,,6.246730845125974,0.7359807457211801,12.275434782923101,7.464214520368889,,,
3.5533238375702734,31.419703481451847,2.7377641063026474,0.0008136447288209503,1.6101759609970472,1.4059066106128586,,,0.7553474456967318,,-14757.720029896092,-13.731670575089568,,,,6.246730845125974,0.7359807457211801,12.275434782923101,7.464214520368889,,,
3.5533238375702734,31.419703481451847,2.7377641063026474,0.0008136447288209503,1.6101759609970472,1.4059066106128586,,,0.7553474456967318,,-7944.488984721425,-13.094082851844604,,,,6.246730845125974,0.7359807457211801,12.275434782923101,7.464214520368889,,,
3.5533238375702734,31.419703481451847,2.7377641063026474,0.0008136447288209503,1.6101759609970472,1.4059066106128586,,,0.7553474456967318,,-70837.54341236052,-13.916654493898463,,,,6.246730845125974,0.7359807457211801,12.275434782923101,7.464214520368889,,,
2.766892168222074,30.62757491771897,1.5426842629922808,0.4482782466175035,1.5640862864219531,1.4159561133773955,,,0.81663292816128,,-3901.3906378687107,-14.892449877171654,,,,7.132242368020193,1.002018152330239,9.44634757442429,6.0232366670516955,,,
2.766892168222074,30.62757491771897,1.5426842629922808,0.4482782466175035,1.5640862864219531,1.4159561133773955,,,0.81663292816128,,-3224.325459972354,-14.956548644908375,,,,7.132242368020193,1.002018152330239,9.44634757442429,6.0232366670516955,,,
2.788653571999031,31.490122968137563,1.6107863523397157,0.446221610894809,1.5679333005025262,1.419112598296302,,,0.8006089098591891,,-1183101.9624398788,-12.74929239459251,,,,7.187751131084093,1.022763093007659,9.85939057514808,6.263496490050281,,,
2.788653571999031,31.490122968137563,1.6107863523397157,0.446221610894809,1.5679333005025262,1.419112598296302,,,0.8006089098591891,,-11328.388744896882,-8.083289636506766,,,,7.187751131084093,1.022763093007659,9.85939057514808,6.263496490050281,,,
2.788653571999031,31.490122968137563,1.6107863523397157,0.446221610894809,1.5679333005025262,1.419112598296302,,,0.8006089098591891,,-2805.268220795412,-13.866016685352117,,,,7.187751131084093,1.022763093007659,9.85939057514808,6.263496490050281,,,
2.845514214421657,23.369713325737145,-1.0796969495724016,1.1206357871303756,1.6640309096058057,1.574966536648223,,,0.8917788344262342,,-7366.266806146234,-13.183725947162113,,,,8.282874338320406,0.9249240331607949,6.868847873302043,7.799337932242418,,,
2.845514214421657,23.369713325737145,-1.0796969495724016,1.1206357871303756,1.6640309096058057,1.574966536648223,,,0.8917788344262342,,-3577.09174343742,-10.245844742200159,,,,8.282874338320406,0.9249240331607949,6.868847873302043,7.799337932242418,,,
2.7715905913710652,22.948597963069577,-1.6938941114855233,1.1737662109717364,1.6521719806355528,1.5801152881990401,,,0.8987697320872342,,-15342.883971730524,-12.901531848684158,,,,8.486439328663424,0.953275431121485,6.619895946970513,7.50200654964494,,,
0.8994132710018389,21.550565135314105,-4.036418227478961,1.7446615910176952,1.2158166858846682,1.393223092156782,,,0.9209019344206292,,-13564.70378429082,-11.793871679734629,,,,11.847955010555632,1.1564587040580963,4.57136948745161,5.154426009666334,,,
0.8994132710018389,21.550565135314105,-4.036418227478961,1.7446615910176952,1.2158166858846682,1.393223092156782,,,0.9209019344206292,,-46966.1064972882,-11.763440049018968,,,,11.847955010555632,1.1564587040580963,4.57136948745161,5.154426009666334,,,
0.8994132710018389,21.550565135314105,-4.036418227478961,1.7446615910176952,1.2158166858846682,1.393223092156782,,,0.9209019344206292,,-55727.34497747737,-14.38134137186374,,,,11.847955010555632,1.1564587040580963,4.57136948745161,5.154426009666334,,,
0.8994132710018389,21.550565135314105,-4.036418227478961,1.7446615910176952,1.2158166858846682,1.393223092156782,,,0.9209019344206292,,-3146.6080568270495,-20.76206267319619,,,,11.847955010555632,1.1564587040580963,4.57136948745161,5.154426009666334,,,
1.0159751650747284,32.59325957016193,13.7526174364758,1.783734836026095,1.4334795748386941,1.1700257677340384,,,0.8544854511292322,,-80599.98401174467,-12.395669651385557,,,,10.24785947076906,0.8795860126709228,6.689344306545478,7.27248159560043,,,
1.0159751650747284,32.59325957016193,13.7526174364758,1.783734836026095,1.4334795748386941,1.1700257677340384,,,0.8544854511292322,,-27224.024562051636,-11.397960060389043,,,,10.24785947076906,0.8795860126709228,6.689344306545478,7.27248159560043,,,
1.0159751650747284,32.59325957016193,13.7526174364758,1.783734836026095,1.4334795748386941,1.1700257677340384,,,0.8544854511292322,,-47962.936872043574,-10.178293939640591,,,,10.24785947076906,0.8795860126709228,6.689344306545478,7.27248159560043,,,
1.0159751650747284,32.59325957016193,13.7526174364758,1.783734836026095,1.4334795748386941,1.1700257677340384,,,0.8544854511292322,,-48771.64602608261,-11.584184301802393,,,,10.24785947076906,0.8795860126709228,6.689344306545478,7.27248159560043,,,
1.0159751650747284,32.59325957016193,13.7526174364758,1.783734836026095,1.4334795748386941,1.1700257677340384,,,0.8544854511292322,,-2638.437634799001,-10.803277505220501,,,,10.24785947076906,0.8795860126709228,6.689344306545478,7.27248159560043,,,
0.46579049261240474,30.489868660163214,9.569046093607518,1.8841939102753131,1.3854248585903968,1.2367301166224276,,,0.8895978034647604,,-5711.248975845795,-14.647444638473134,,,,11.080546233684979,0.9256844144907416,5.709111581813807,6.186899408810375,,,
-0.8994842573504231,10.568297432422826,-5.156520581109216,1.6560062844988293,1.2708467527472294,1.3344899741630674,,,0.896251530540793,,-23102.853475679633,-12.310582649383768,,,,13.97635230059879,0.9310251004555716,3.5005934564102272,4.430157577772452,,,
-0.7783107510225704,10.749048224778514,-6.003524713138732,1.6452899272520216,1.2507890034764948,1.3324904306429761,,,0.9236575470799331,,-2381.2179597631352,-11.738555183927929,,,,14.194919693368119,0.9175993153562495,3.258590226091191,4.071903976028222,,,
1.182041184715226,21.632860481512534,-4.495283452085232,1.4983592905810625,1.0562320469305817,1.0922372616612976,,,1.6670025041283492,,-3879.005702552934,-19.62515353697094,,,,21.262982054309063,0.6830788398374777,0.8546618539652437,1.1262247175890698,,,
1.182041184715226,21.632860481512534,-4.495283452085232,1.4983592905810625,1.0562320469305817,1.0922372616612976,,,1.6670025041283492,,-5609.304542752088,-15.267509138515734,,,,21.262982054309063,0.6830788398374777,0.8546618539652437,1.1262247175890698,,,
1.182041184715226,21.632860481512534,-4.495283452085232,1.4983592905810625,1.0562320469305817,1.0922372616612976,,,1.6670025041283492,,-14757.720029896092,-13.731670575089568,,,,21.262982054309063,0.6830788398374777,0.8546618539652437,1.1262247175890698,,,
7.362608147413565,27.437230745132684,11.311298137204103,0.7668443207570728,1.209663398369707,0.6228813747166775,,,2.037564689733093,,-7944.488984721425,-13.094082851844604,,,,19.381988923992804,0.5097381706541121,0.7185495033398717,1.1015619378026649,,,
7.362608147413565,27.437230745132684,11.311298137204103,0.7668443207570728,1.209663398369707,0.6228813747166775,,,2.037564689733093,,-70837.54341236052,-13.916654493898463,,,,19.381988923992804,0.5097381706541121,0.7185495033398717,1.1015619378026649,,,
7.362608147413565,27.437230745132684,11.311298137204103,0.7668443207570728,1.209663398369707,0.6228813747166775,,,2.037564689733093,,-3901.3906378687107,-14.892449877171654,,,,19.381988923992804,0.5097381706541121,0.7185495033398717,1.1015619378026649,,,
1.199765033478339,2.6570238853802532,-4.045179132070922,1.7126620768488015,1.1448309984539204,1.4608461192784294,,,1.2821903041193559,,-3224.325459972354,-14.956548644908375,,,,5.049977200628535,0.7503689940874899,1.4712138160322,0.8313588807011619,,,
2.1999881586075363,10.138198237305726,-3.332621065835697,0.902162298895498,1.3651554043628065,1.4348342021373985,,,1.065723007281237,,-1183101.9624398788,-12.74929239459251,,,,5.553738732472617,0.7469468336730392,4.040934351886114,2.408944659522333,,,
1.6196381735783603,9.71192326122652,-4.140253578670796,1.695263196884279,0.8148266781666292,1.2001991001146788,,,0.999551486055163,,-11328.388744896882,-8.083289636506766,,,,9.029546259493161,0.9774148311432796,2.935709180409398,1.8290623692406203,,,
1.6196381735783603,9.71192326122652,-4.140253578670796,1.695263196884279,0.8148266781666292,1.2001991001146788,,,0.999551486055163,,-2805.268220795412,-13.866016685352117,,,,9.029546259493161,0.9774148311432796,2.935709180409398,1.8290623692406203,,,
0.360164361553897,30.705491413639656,-1.2223220967839326,1.846971278255834,0.554914210033841,1.1007420965171848,,,0.9894980815088446,,-4409.245978053313,-12.986421516600876,,,,15.834461943777063,0.9724185025286574,3.4100685966470685,1.7041120111118098,,,
0.360164361553897,30.705491413639656,-1.2223220967839326,1.846971278255834,0.554914210033841,1.1007420965171848,,,0.9894980815088446,,-3577.09174343742,-10.245844742200159,,,,15.834461943777063,0.9724185025286574,3.4100685966470685,1.7041120111118098,,,
0.7402218061654529,27.024086886516944,-2.797959107807361,2.0032756282748023,0.6993330883272151,1.201540005547054,,,1.006522269062287,,-15342.883971730524,-12.901531848684158,,,,15.950362605280567,0.9451396431887676,3.2190158405522262,2.8325628240753633,,,
3.1576585577987735,28.96163430314357,0.36954553675283447,1.471009616440886,0.9111807729409218,1.3103339124775657,,,1.0321378575301794,,-13564.70378429082,-11.793871679734629,,,,11.129599220714802,0.646269526118502,4.3773406865809,3.748786796038437,,,
3.1576585577987735,28.96163430314357,0.36954553675283447,1.471009616440886,0.9111807729409218,1.3103339124775657,,,1.0321378575301794,,-46966.1064972882,-11.763440049018968,,,,11.129599220714802,0.646269526118502,4.3773406865809,3.748786796038437,,,
3.1576585577987735,28.96163430314357,0.36954553675283447,1.471009616440886,0.9111807729409218,1.3103339124775657,,,1.0321378575301794,,-55727.34497747737,-14.38134137186374,,,,11.129599220714802,0.646269526118502,4.3773406865809,3.748786796038437,,,
3.1576585577987735,28.96163430314357,0.36954553675283447,1.471009616440886,0.9111807729409218,1.3103339124775657,,,1.0321378575301794,,-3146.6080568270495,-20.76206267319619,,,,11.129599220714802,0.646269526118502,4.3773406865809,3.748786796038437,,,
3.4672191850796947,40.27517204208546,2.224793292546058,1.4962632056899234,0.96670088403664,1.3481610428191004,,,1.0708995454792718,,-80599.98401174467,-12.395669651385557,,,,12.19949529747105,0.5308702076575651,4.710878675369526,3.6033968712183526,,,
3.4672191850796947,40.27517204208546,2.224793292546058,1.4962632056899234,0.96670088403664,1.3481610428191004,,,1.0708995454792718,,-20170.413134249273,-10.848401098331498,,,,12.19949529747105,0.5308702076575651,4.710878675369526,3.6033968712183526,,,
3.4672191850796947,40.27517204208546,2.224793292546058,1.4962632056899234,0.96670088403664,1.3481610428191004,,,1.0708995454792718,,-47962.936872043574,-10.178293939640591,,,,12.19949529747105,0.5308702076575651,4.710878675369526,3.6033968712183526,,,
5.580858395249555,45.47165418072052,-17.24125000058973,1.1249550776210346,0.969630599941141,1.326611405053261,,,1.1134682472189796,,-48771.64602608261,-11.584184301802393,,,,20.48883700758172,0.6772911125424744,3.430141504664558,2.153206012213616,,,
5.225659170893604,33.53682692798571,-20.705411471303343,1.6394781576593198,1.2144566875342417,1.4848825787947468,,,1.1222325322398483,,-2638.437634799001,-10.803277505220501,,,,19.69265260644205,0.6763914205281986,3.1346293905200278,4.107054244799569,,,
5.225659170893604,33.53682692798571,-20.705411471303343,1.6394781576593198,1.2144566875342417,1.4848825787947468,,,1.1222325322398483,,-4821.8709220650935,-12.76532344838039,,,,19.69265260644205,0.6763914205281986,3.1346293905200278,4.107054244799569,,,
6.738172242406617,44.82970833259281,-19.404810129553447,1.6857420844716726,1.2279926299444963,1.493951127759863,,,1.1613664907612575,,-22968.598841511193,-12.3217875643975,,,,19.74028425674977,0.6446534090721133,3.3716384950453397,4.291677479774453,,,
6.738172242406617,44.82970833259281,-19.404810129553447,1.6857420844716726,1.2279926299444963,1.493951127759863,,,1.1613664907612575,,-2381.2179597631352,-11.738555183927929,,,,19.74028425674977,0.6446534090721133,3.3716384950453397,4.291677479774453,,,
6.738172242406617,44.82970833259281,-19.404810129553447,1.6857420844716726,1.2279926299444963,1.493951127759863,,,1.1613664907612575,,-3879.005702552934,-19.62515353697094,,,,19.74028425674977,0.6446534090721133,3.3716384950453397,4.291677479774453,,,
6.738172242406617,44.82970833259281,-19.404810129553447,1.6857420844716726,1.2279926299444963,1.493951127759863,,,1.1613664907612575,,-5609.304542752088,-15.267509138515734,,,,19.74028425674977,0.6446534090721133,3.3716384950453397,4.291677479774453,,,
6.738172242406617,44.82970833259281,-19.404810129553447,1.6857420844716726,1.2279926299444963,1.493951127759863,,,1.1613664907612575,,-11092.564312978835,-14.925484858638368,,,,19.74028425674977,0.6446534090721133,3.3716384950453397,4.291677479774453,,,
6.738172242406617,44.82970833259281,-19.404810129553447,1.6857420844716726,1.2279926299444963,1.493951127759863,,,1.1613664907612575,,-7944.488984721425,-13.094082851844604,,,,19.74028425674977,0.6446534090721133,3.3716384950453397,4.291677479774453,,,
6.738172242406617,44.82970833259281,-19.404810129553447,1.6857420844716726,1.2279926299444963,1.493951127759863,,,1.1613664907612575,,-26407.57501922553,-12.22239807256245,,,,19.74028425674977,0.6446534090721133,3.3716384950453397,4.291677479774453,,,
6.690125574477441,43.53697253527506,-15.50727597168588,1.6599976748600331,1.2847663680870438,1.4674274238183658,,,1.1562904042715525,,-3834.1577015787475,-15.120263063849732,,,,17.919888889390936,0.604724029586758,3.5751999890827015,4.677950916050391,,,
9.222235373004228,51.38112770316078,-9.966359596861484,1.4589341211911264,1.0113005241084383,1.0833823626534471,,,1.9065575663864258,,-3224.325459972354,-14.956548644908375,,,,31.029909853599552,0.6234879855272712,0.8938290353760522,1.214447634389302,,,
9.222235373004228,51.38112770316078,-9.966359596861484,1.4589341211911264,1.0113005241084383,1.0833823626534471,,,1.9065575663864258,,-1183101.9624398788,-12.74929239459251,,,,31.029909853599552,0.6234879855272712,0.8938290353760522,1.214447634389302,,,
9.222235373004228,51.38112770316078,-9.966359596861484,1.4589341211911264,1.0113005241084383,1.0833823626534471,,,1.9065575663864258,,-11276.396374588901,-8.111776458220648,,,,31.029909853599552,0.6234879855272712,0.8938290353760522,1.214447634389302,,,
9.2318676304444,51.38727573696422,-9.928290215217181,1.457388930889453,1.0103800391756674,1.0822976799396848,,,1.9069783176222748,,-2805.268220795412,-13.866016685352117,,,,31.010657562625983,0.6231155241400165,0.8937460342617878,1.2147076175020284,,,
7.053224556012509,52.826497751895516,-21.095723825273055,2.0695677218966937,1.522140913677589,1.4696778937995552,,,1.4963318009248783,,-4409.245978053313,-12.986421516600876,,,,33.5961262845966,0.684350430183176,1.7297726092541346,3.031843931822657,,,
-1.6507411942474335,1.8940106785160153,2.1043871849052733,1.6662904510395737,2.1249030481443425,0.7132274311109899,,,1.4185308005439285,,-3577.09174343742,-10.245844742200159,,,,1.767239583303466,0.3595976365357526,0.9994136707409669,1.5066393371076152,,,
-1.3401151050269298,3.5805677905773337,2.357750254445415,1.237520485577799,1.9923887348004876,0.8915547586040699,,,1.2810445903770429,,-15342.883971730524,-12.901531848684158,,,,2.167362269649072,0.39328607871994126,2.0086820891021433,2.0398764091792465,,,
-1.469755262230103,3.7385945184212095,1.5659901354193093,1.4692032246292257,1.8690692823844552,1.1258645549092037,,,1.223747362057733,,-13354.227097110805,-10.988203598057204,,,,2.7162127876817594,0.5108177785455608,2.126621236307116,2.590966191500792,,,
-1.469755262230103,3.7385945184212095,1.5659901354193093,1.4692032246292257,1.8690692823844552,1.1258645549092037,,,1.223747362057733,,-46966.1064972882,-11.763440049018968,,,,2.7162127876817594,0.5108177785455608,2.126621236307116,2.590966191500792,,,
-1.4885658033714715,3.770746443730522,1.346624201715419,1.509064289515397,1.8478521441780935,1.1661776055586581,,,1.2136166470747807,,-55727.34497747737,-14.38134137186374,,,,2.83994647114431,0.5333485301019701,2.1492300952651044,2.6966097496998542,,,
-1.4885658033714715,3.770746443730522,1.346624201715419,1.509064289515397,1.8478521441780935,1.1661776055586581,,,1.2136166470747807,,-3146.6080568270495,-20.76206267319619,,,,2.83994647114431,0.5333485301019701,2.1492300952651044,2.6966097496998542,,,
-1.4885658033714715,3.770746443730522,1.346624201715419,1.509064289515397,1.8478521441780935,1.1661776055586581,,,1.2136166470747807,,-80599.98401174467,-12.395669651385557,,,,2.83994647114431,0.5333485301019701,2.1492300952651044,2.6966097496998542,,,
-2.259473863965829,4.417211099357408,1.0156395823541755,1.7834143677403769,1.763521396634921,1.2113731771819753,,,1.203964523630599,,-17559.271203934662,-10.794884203323836,,,,3.300564420653169,0.6933629416059058,2.030209163039149,2.5857149715262433,,,
-2.259473863965829,4.417211099357408,1.0156395823541755,1.7834143677403769,1.763521396634921,1.2113731771819753,,,1.203964523630599,,-47962.936872043574,-10.178293939640591,,,,3.300564420653169,0.6933629416059058,2.030209163039149,2.5857149715262433,,,
-3.2611444886094976,3.64393714051567,-7.440416006612981,1.2072743599571274,1.459623353450187,1.637071273972834,,,1.0276690020578971,,-48771.64602608261,-11.584184301802393,,,,5.500321771298618,0.8170154129476865,2.270720308927548,3.0872383679020166,,,
-3.751732131221312,4.042826657643539,-7.673566433302527,1.2158751151388725,1.48344049385289,1.6520017850037718,,,1.000620586572689,,-2638.437634799001,-10.803277505220501,,,,5.572162098355514,0.8496569927533756,2.44072514440301,3.302537250873852,,,
-3.751732131221312,4.042826657643539,-7.673566433302527,1.2158751151388725,1.48344049385289,1.6520017850037718,,,1.000620586572689,,-4821.8709220650935,-12.76532344838039,,,,5.572162098355514,0.8496569927533756,2.44072514440301,3.302537250873852,,,
-4.35104654421008,4.337013928904494,-7.109787632910628,1.5079251695487812,1.4800023270099192,1.5993124642327632,,,1.0437659274767674,,-22762.52484147827,-12.376509021369234,,,,6.048237710114473,0.9535031954831069,2.1891355552196967,2.391329558743531,,,
-4.35104654421008,4.337013928904494,-7.109787632910628,1.5079251695487812,1.4800023270099192,1.5993124642327632,,,1.0437659274767674,,-2381.2179597631352,-11.738555183927929,,,,6.048237710114473,0.9535031954831069,2.1891355552196967,2.391329558743531,,,
-4.35104654421008,4.337013928904494,-7.109787632910628,1.5079251695487812,1.4800023270099192,1.5993124642327632,,,1.0437659274767674,,-3879.005702552934,-19.62515353697094,,,,6.048237710114473,0.9535031954831069,2.1891355552196967,2.391329558743531,,,
-4.35104654421008,4.337013928904494,-7.109787632910628,1.5079251695487812,1.4800023270099192,1.5993124642327632,,,1.0437659274767674,,-5609.304542752088,-15.267509138515734,,,,6.048237710114473,0.9535031954831069,2.1891355552196967,2.391329558743531,,,
-4.7563264695419845,5.626290083431081,-8.784092560963874,1.7846406785289233,1.2394954341995978,1.5839802273261308,,,1.0605225314540891,,-11092.564312978835,-14.925484858638368,,,,7.893441190070928,1.0603807451244074,1.9434811100203224,2.2527736535089846,,,
-4.7563264695419845,5.626290083431081,-8.784092560963874,1.7846406785289233,1.2394954341995978,1.5839802273261308,,,1.0605225314540891,,-7944.488984721425,-13.094082851844604,,,,7.893441190070928,1.0603807451244074,1.9434811100203224,2.2527736535089846,,,
-6.593620092667878,3.61105042866539,-26.5546876439858,1.206907185657192,1.1675899486330377,1.8451024826858395,,,0.9352595427627849,,-25320.296284467866,-12.314414532724875,,,,11.972007481469962,1.1054232228354792,2.2590967430694358,2.9542228986650194,,,
-6.593620092667878,3.61105042866539,-26.5546876439858,1.206907185657192,1.1675899486330377,1.8451024826858395,,,0.9352595427627849,,-2875.424965908388,-15.713696948010746,,,,11.972007481469962,1.1054232228354792,2.2590967430694358,2.9542228986650194,,,
-6.593620092667878,3.61105042866539,-26.5546876439858,1.206907185657192,1.1675899486330377,1.8451024826858395,,,0.9352595427627849,,-3224.325459972354,-14.956548644908375,,,,11.972007481469962,1.1054232228354792,2.2590967430694358,2.9542228986650194,,,
-6.593620092667878,3.61105042866539,-26.5546876439858,1.206907185657192,1.1675899486330377,1.8451024826858395,,,0.9352595427627849,,-1183101.9624398788,-12.74929239459251,,,,11.972007481469962,1.1054232228354792,2.2590967430694358,2.9542228986650194,,,
-10.41902593892398,1.840674520154617,-41.58860887750386,0.9276948516965644,1.3132479954273903,2.0189466120034134,,,0.7222740442045469,,-5935.260357038218,-10.285841555632341,,,,12.051207733194307,1.451916383458918,3.9971388717501473,5.133998492656243,,,
-10.41902593892398,1.840674520154617,-41.58860887750386,0.9276948516965644,1.3132479954273903,2.0189466120034134,,,0.7222740442045469,,-2805.268220795412,-13.866016685352117,,,,12.051207733194307,1.451916383458918,3.9971388717501473,5.133998492656243,,,
-10.41902593892398,1.840674520154617,-41.58860887750386,0.9276948516965644,1.3132479954273903,2.0189466120034134,,,0.7222740442045469,,-4409.245978053313,-12.986421516600876,,,,12.051207733194307,1.451916383458918,3.9971388717501473,5.133998492656243,,,
-10.41902593892398,1.840674520154617,-41.58860887750386,0.9276948516965644,1.3132479954273903,2.0189466120034134,,,0.7222740442045469,,-3577.09174343742,-10.245844742200159,,,,12.051207733194307,1.451916383458918,3.9971388717501473,5.133998492656243,,,
-4.088529623103119,1.3366795655441128,-42.1856734639286,2.0453041645676224,1.6661307066465365,2.054781193043046,,,0.92458321464022,,-15342.883971730524,-12.901531848684158,,,,13.702170219032467,0.9540174172562853,2.757251464828887,9.029470163611649,,,
-4.088529623103119,1.3366795655441128,-42.1856734639286,2.0453041645676224,1.6661307066465365,2.054781193043046,,,0.92458321464022,,-13354.227097110805,-10.988203598057204,,,,13.702170219032467,0.9540174172562853,2.757251464828887,9.029470163611649,,,
-4.088529623103119,1.3366795655441128,-42.1856734639286,2.0453041645676224,1.6661307066465365,2.054781193043046,,,0.92458321464022,,-25820.67996837481,-12.078615072185034,,,,13.702170219032467,0.9540174172562853,2.757251464828887,9.029470163611649,,,
-4.088529623103119,1.3366795655441128,-42.1856734639286,2.0453041645676224,1.6661307066465365,2.054781193043046,,,0.92458321464022,,-55433.22033859528,-13.97958410117197,,,,13.702170219032467,0.9540174172562853,2.757251464828887,9.029470163611649,,,
0.24116328588680624,4.384251046539979,-12.285571599465905,2.1551790780793088,1.5191961127749258,1.7200286099871283,,,1.1012254359141636,,-3146.6080568270495,-20.76206267319619,,,,8.220968805398728,0.9485942911033183,2.3593791442882535,4.050635387481951,,,
-0.3884120812764051,5.858856854608761,-11.84864554801666,2.4813406580704296,1.616419612105694,1.7400863824668704,,,1.091016841465956,,-80599.98401174467,-12.395669651385557,,,,9.041946885427201,1.0000418600951824,2.6141679457878064,4.987158045662883,,,
-0.9870225812225984,4.9818510841751165,-18.18716002086696,2.1377817444970324,1.5132001429535795,1.8020241058779143,,,1.040865770623162,,-6406.125527806959,-10.185198782583903,,,,10.088857017138288,1.0245689177321042,2.642153397597586,4.999873778831061,,,
-0.9870225812225984,4.9818510841751165,-18.18716002086696,2.1377817444970324,1.5132001429535795,1.8020241058779143,,,1.040865770623162,,-39125.98391191414,-10.169515736384161,,,,10.088857017138288,1.0245689177321042,2.642153397597586,4.999873778831061,,,
-0.9870225812225984,4.9818510841751165,-18.18716002086696,2.1377817444970324,1.5132001429535795,1.8020241058779143,,,1.040865770623162,,-48771.64602608261,-11.584184301802393,,,,10.088857017138288,1.0245689177321042,2.642153397597586,4.999873778831061,,,
-0.458228694976572,7.285169237721908,-21.939860953621515,1.89320868462298,1.4239385215367648,1.718157909548303,,,1.0616877152136532,,-2638.437634799001,-10.803277505220501,,,,11.918138719750221,0.988185901904939,2.5305473809767123,4.132388970919063,,,
-13.421643203519746,44.71774578478626,-96.38982568984132,2.256372919352728,1.5703630951776315,1.8558852019268344,,,0.8859787246492687,,-4821.8709220650935,-12.76532344838039,,,,40.87345186148789,1.4556175630390593,4.2868973719031604,7.125463040268164,,,
-13.421643203519746,44.71774578478626,-96.38982568984132,2.256372919352728,1.5703630951776315,1.8558852019268344,,,0.8859787246492687,,-16187.744722755204,-12.303686458382764,,,,40.87345186148789,1.4556175630390593,4.2868973719031604,7.125463040268164,,,
-13.421643203519746,44.71774578478626,-96.38982568984132,2.256372919352728,1.5703630951776315,1.8558852019268344,,,0.8859787246492687,,-2381.2179597631352,-11.738555183927929,,,,40.87345186148789,1.4556175630390593,4.2868973719031604,7.125463040268164,,,
-0.3038474030167688,32.84613559467877,-108.20096446468733,1.9920675902356981,1.6408653385417882,1.9397191759977592,,,0.8167509712275556,,-3879.005702552934,-19.62515353697094,,,,35.410161177833466,1.3146658468370958,5.637636951587347,9.459328929535824,,,
-1.2064408362820438,61.800280029151345,-120.6838943088558,2.1304246188259954,1.8614843202181286,1.9177531675820954,,,0.7600383941110453,,-5609.304542752088,-15.267509138515734,,,,44.35559186089803,1.197785451867522,7.369973957423694,12.30942492197792,,,
-1.2064408362820438,61.800280029151345,-120.6838943088558,2.1304246188259954,1.8614843202181286,1.9177531675820954,,,0.7600383941110453,,-11005.069969692957,-14.845886954534146,,,,44.35559186089803,1.197785451867522,7.369973957423694,12.30942492197792,,,
-1.2064408362820438,61.800280029151345,-120.6838943088558,2.1304246188259954,1.8614843202181286,1.9177531675820954,,,0.7600383941110453,,-5100.866497705497,-13.944965749725574,,,,44.35559186089803,1.197785451867522,7.369973957423694,12.30942492197792,,,
2.7388991002271066,15.703890097645909,-50.582425816894755,2.8012868792232415,1.9994398596647796,2.0005391959709473,,,0.9541027289969257,,-25320.296284467866,-12.314414532724875,,,,26.093928754884328,0.8600785917969747,3.950736146735887,11.612859313894674,,,
2.7388991002271066,15.703890097645909,-50.582425816894755,2.8012868792232415,1.9994398596647796,2.0005391959709473,,,0.9541027289969257,,-2875.424965908388,-15.713696948010746,,,,26.093928754884328,0.8600785917969747,3.950736146735887,11.612859313894674,,,
2.7388991002271066,15.703890097645909,-50.582425816894755,2.8012868792232415,1.9994398596647796,2.0005391959709473,,,0.9541027289969257,,-3224.325459972354,-14.956548644908375,,,,26.093928754884328,0.8600785917969747,3.950736146735887,11.612859313894674,,,
2.7388991002271066,15.703890097645909,-50.582425816894755,2.8012868792232415,1.9994398596647796,2.0005391959709473,,,0.9541027289969257,,-1183101.9624398788,-12.74929239459251,,,,26.093928754884328,0.8600785917969747,3.950736146735887,11.612859313894674,,,
2.7388991002271066,15.703890097645909,-50.582425816894755,2.8012868792232415,1.9994398596647796,2.0005391959709473,,,0.9541027289969257,,-5935.260357038218,-10.285841555632341,,,,26.093928754884328,0.8600785917969747,3.950736146735887,11.612859313894674,,,
0.682082187601015,39.724785124675094,-89.73588722604892,2.339783923213283,1.9045367878853683,1.9435886130075293,,,0.8255127091096683,,-2805.268220795412,-13.866016685352117,,,,36.404679420557365,1.0570052651568365,5.944592970800242,12.019046940489133,,,
0.682082187601015,39.724785124675094,-89.73588722604892,2.339783923213283,1.9045367878853683,1.9435886130075293,,,0.8255127091096683,,-4409.245978053313,-12.986421516600876,,,,36.404679420557365,1.0570052651568365,5.944592970800242,12.019046940489133,,,
0.682082187601015,39.724785124675094,-89.73588722604892,2.339783923213283,1.9045367878853683,1.9435886130075293,,,0.8255127091096683,,-3577.09174343742,-10.245844742200159,,,,36.404679420557365,1.0570052651568365,5.944592970800242,12.019046940489133,,,
0.682082187601015,39.724785124675094,-89.73588722604892,2.339783923213283,1.9045367878853683,1.9435886130075293,,,0.8255127091096683,,-15342.883971730524,-12.901531848684158,,,,36.404679420557365,1.0570052651568365,5.944592970800242,12.019046940489133,,,
0.682082187601015,39.724785124675094,-89.73588722604892,2.339783923213283,1.9045367878853683,1.9435886130075293,,,0.8255127091096683,,-13354.227097110805,-10.988203598057204,,,,36.404679420557365,1.0570052651568365,5.944592970800242,12.019046940489133,,,
0.682082187601015,39.724785124675094,-89.73588722604892,2.339783923213283,1.9045367878853683,1.9435886130075293,,,0.8255127091096683,,-25820.67996837481,-12.078615072185034,,,,36.404679420557365,1.0570052651568365,5.944592970800242,12.019046940489133,,,
4.448933095230774,54.87422841016575,-58.924036912003274,2.7404708413424768,2.0829933511635854,1.894218236764635,,,0.8410637635135846,,-40913.607865758364,-13.049560221129731,,,,36.97453822667568,1.0293465841408367,6.439928492819419,13.269551150897358,,,
4.448933095230774,54.87422841016575,-58.924036912003274,2.7404708413424768,2.0829933511635854,1.894218236764635,,,0.8410637635135846,,-3146.6080568270495,-20.76206267319619,,,,36.97453822667568,1.0293465841408367,6.439928492819419,13.269551150897358,,,
4.448933095230774,54.87422841016575,-58.924036912003274,2.7404708413424768,2.0829933511635854,1.894218236764635,,,0.8410637635135846,,-80599.98401174467,-12.395669651385557,,,,36.97453822667568,1.0293465841408367,6.439928492819419,13.269551150897358,,,
4.448933095230774,54.87422841016575,-58.924036912003274,2.7404708413424768,2.0829933511635854,1.894218236764635,,,0.8410637635135846,,-6406.125527806959,-10.185198782583903,,,,36.97453822667568,1.0293465841408367,6.439928492819419,13.269551150897358,,,
4.448933095230774,54.87422841016575,-58.924036912003274,2.7404708413424768,2.0829933511635854,1.894218236764635,,,0.8410637635135846,,-39125.98391191414,-10.169515736384161,,,,36.97453822667568,1.0293465841408367,6.439928492819419,13.269551150897358,,,
4.448933095230774,54.87422841016575,-58.924036912003274,2.7404708413424768,2.0829933511635854,1.894218236764635,,,0.8410637635135846,,-48771.64602608261,-11.584184301802393,,,,36.97453822667568,1.0293465841408367,6.439928492819419,13.269551150897358,,,
-4421.668783236965,2796.003385087967,-1029.7990118028151,3.5464396406518466,1.260519263971506,1.4751218469299447,,,1.1446146969143018,,-2638.437634799001,-10.803277505220501,,,,2139.410315146088,1.821241176301956,1.2113654582523086,1.8744166823661157,,,
-4421.668783236965,2796.003385087967,-1029.7990118028151,3.5464396406518466,1.260519263971506,1.4751218469299447,,,1.1446146969143018,,-4821.8709220650935,-12.76532344838039,,,,2139.410315146088,1.821241176301956,1.2113654582523086,1.8744166823661157,,,
-251.64139348906338,164.60286205062573,-69.54130813852537,3.4320760273600293,1.256749643183919,1.4829685293759476,,,1.144248216625648,,-16187.744722755204,-12.303686458382764,,,,130.29743988658984,1.775066130801146,1.2256233712985083,1.836062274071909,,,
-251.64139348906338,164.60286205062573,-69.54130813852537,3.4320760273600293,1.256749643183919,1.4829685293759476,,,1.144248216625648,,-2381.2179597631352,-11.738555183927929,,,,130.29743988658984,1.775066130801146,1.2256233712985083,1.836062274071909,,,
-251.64139348906338,164.60286205062573,-69.54130813852537,3.4320760273600293,1.256749643183919,1.4829685293759476,,,1.144248216625648,,-3879.005702552934,-19.62515353697094,,,,130.29743988658984,1.775066130801146,1.2256233712985083,1.836062274071909,,,
-251.64139348906338,164.60286205062573,-69.54130813852537,3.4320760273600293,1.256749643183919,1.4829685293759476,,,1.144248216625648,,-5609.304542752088,-15.267509138515734,,,,130.29743988658984,1.775066130801146,1.2256233712985083,1.836062274071909,,,
-251.64139348906338,164.60286205062573,-69.54130813852537,3.4320760273600293,1.256749643183919,1.4829685293759476,,,1.144248216625648,,-9653.348533876984,-13.211697970577589,,,,130.29743988658984,1.775066130801146,1.2256233712985083,1.836062274071909,,,
-251.64139348906338,164.60286205062573,-69.54130813852537,3.4320760273600293,1.256749643183919,1.4829685293759476,,,1.144248216625648,,-5100.866497705497,-13.944965749725574,,,,130.29743988658984,1.775066130801146,1.2256233712985083,1.836062274071909,,,
-251.64139348906338,164.60286205062573,-69.54130813852537,3.4320760273600293,1.256749643183919,1.4829685293759476,,,1.144248216625648,,-23064.301117062816,-12.339007007155331,,,,130.29743988658984,1.775066130801146,1.2256233712985083,1.836062274071909,,,
-251.64139348906338,164.60286205062573,-69.54130813852537,3.4320760273600293,1.256749643183919,1.4829685293759476,,,1.144248216625648,,-2875.424965908388,-15.713696948010746,,,,130.29743988658984,1.775066130801146,1.2256233712985083,1.836062274071909,,,
-251.64139348906338,164.60286205062573,-69.54130813852537,3.4320760273600293,1.256749643183919,1.4829685293759476,,,1.144248216625648,,-3224.325459972354,-14.956548644908375,,,,130.29743988658984,1.775066130801146,1.2256233712985083,1.836062274071909,,,
-251.64139348906338,164.60286205062573,-69.54130813852537,3.4320760273600293,1.256749643183919,1.4829685293759476,,,1.144248216625648,,-1183101.9624398788,-12.74929239459251,,,,130.29743988658984,1.775066130801146,1.2256233712985083,1.836062274071909,,,
-251.64139348906338,164.60286205062573,-69.54130813852537,3.4320760273600293,1.256749643183919,1.4829685293759476,,,1.144248216625648,,-5935.260357038218,-10.285841555632341,,,,130.29743988658984,1.775066130801146,1.2256233712985083,1.836062274071909,,,
-251.64139348906338,164.60286205062573,-69.54130813852537,3.4320760273600293,1.256749643183919,1.4829685293759476,,,1.144248216625648,,-2748.791861033703,-12.942820370343336,,,,130.29743988658984,1.775066130801146,1.2256233712985083,1.836062274071909,,,
-251.64139348906338,164.60286205062573,-69.54130813852537,3.4320760273600293,1.256749643183919,1.4829685293759476,,,1.144248216625648,,-3424.2601242755622,-13.046270796152985,,,,130.29743988658984,1.775066130801146,1.2256233712985083,1.836062274071909,,,
-251.64139348906338,164.60286205062573,-69.54130813852537,3.4320760273600293,1.256749643183919,1.4829685293759476,,,1.144248216625648,,-3577.09174343742,-10.245844742200159,,,,130.29743988658984,1.775066130801146,1.2256233712985083,1.836062274071909,,,
-251.64139348906338,164.60286205062573,-69.54130813852537,3.4320760273600293,1.256749643183919,1.4829685293759476,,,1.144248216625648,,-15342.883971730524,-12.901531848684158,,,,130.29743988658984,1.775066130801146,1.2256233712985083,1.836062274071909,,,
-251.64139348906338,164.60286205062573,-69.54130813852537,3.4320760273600293,1.256749643183919,1.4829685293759476,,,1.144248216625648,,-13354.227097110805,-10.988203598057204,,,,130.29743988658984,1.775066130801146,1.2256233712985083,1.836062274071909,,,
-251.64139348906338,164.60286205062573,-69.54130813852537,3.4320760273600293,1.256749643183919,1.4829685293759476,,,1.144248216625648,,-15048.812682635802,-12.024511299644834,,,,130.29743988658984,1.775066130801146,1.2256233712985083,1.836062274071909,,,
-251.64139348906338,164.60286205062573,-69.54130813852537,3.4320760273600293,1.256749643183919,1.4829685293759476,,,1.144248216625648,,-21521.54560918283,-12.907057260551248,,,,130.29743988658984,1.775066130801146,1.2256233712985083,1.836062274071909,,,
-251.64139348906338,164.60286205062573,-69.54130813852537,3.4320760273600293,1.256749643183919,1.4829685293759476,,,1.144248216625648,,-3146.6080568270495,-20.76206267319619,,,,130.29743988658984,1.775066130801146,1.2256233712985083,1.836062274071909,,,
-251.64139348906338,164.60286205062573,-69.54130813852537,3.4320760273600293,1.256749643183919,1.4829685293759476,,,1.144248216625648,,-80599.98401174467,-12.395669651385557,,,,130.29743988658984,1.775066130801146,1.2256233712985083,1.836062274071909,,,
-213.0454766352251,171.02730760663923,-94.57128047160761,3.245377237543087,1.1437191258284285,1.5695077619219688,,,1.1386149290290015,,-6406.125527806959,-10.185198782583903,,,,136.46603335571382,1.6547632571800148,1.3686979185272923,1.809808310595078,,,
-213.0454766352251,171.02730760663923,-94.57128047160761,3.245377237543087,1.1437191258284285,1.5695077619219688,,,1.1386149290290015,,-39125.98391191414,-10.169515736384161,,,,136.46603335571382,1.6547632571800148,1.3686979185272923,1.809808310595078,,,
-213.0454766352251,171.02730760663923,-94.57128047160761,3.245377237543087,1.1437191258284285,1.5695077619219688,,,1.1386149290290015,,-30901.27140196976,-10.953764305459059,,,,136.46603335571382,1.6547632571800148,1.3686979185272923,1.809808310595078,,,
-213.0454766352251,171.02730760663923,-94.57128047160761,3.245377237543087,1.1437191258284285,1.5695077619219688,,,1.1386149290290015,,-2601.766004574549,-10.757221440294575,,,,136.46603335571382,1.6547632571800148,1.3686979185272923,1.809808310595078,,,
-213.0454766352251,171.02730760663923,-94.57128047160761,3.245377237543087,1.1437191258284285,1.5695077619219688,,,1.1386149290290015,,-4158.5629201947195,-13.131100241369424,,,,136.46603335571382,1.6547632571800148,1.3686979185272923,1.809808310595078,,,
-213.0454766352251,171.02730760663923,-94.57128047160761,3.245377237543087,1.1437191258284285,1.5695077619219688,,,1.1386149290290015,,-16187.744722755204,-12.303686458382764,,,,136.46603335571382,1.6547632571800148,1.3686979185272923,1.809808310595078,,,
-120.74853333732102,168.06501235166175,-120.49710851585284,2.4721685466087813,1.0733067611911,1.4674525954939022,,,1.219308428815436,,-2381.2179597631352,-11.738555183927929,,,,139.95357537173408,1.2989087481857142,1.3638742218326327,1.2988460872817071,,,
-120.74853333732102,168.06501235166175,-120.49710851585284,2.4721685466087813,1.0733067611911,1.4674525954939022,,,1.219308428815436,,-3520.6112151916304,-20.581227923540382,,,,139.95357537173408,1.2989087481857142,1.3638742218326327,1.2988460872817071,,,
0.03537775873191797,-0.41980374458870706,0.3763704091257147,1.4750824510307998,0.10267349406067776,1.213026567002055,,,0.9335380117606613,,-5609.304542752088,-15.267509138515734,,,,0.2788401146578452,0.6498645858722325,3.3299328650897646,2.095575734780081,,,
0.03537775873191797,-0.41980374458870706,0.3763704091257147,1.4750824510307998,0.10267349406067776,1.213026567002055,,,0.9335380117606613,,-9653.348533876984,-13.211697970577589,,,,0.2788401146578452,0.6498645858722325,3.3299328650897646,2.095575734780081,,,
0.03537775873191797,-0.41980374458870706,0.3763704091257147,1.4750824510307998,0.10267349406067776,1.213026567002055,,,0.9335380117606613,,-5100.866497705497,-13.944965749725574,,,,0.2788401146578452,0.6498645858722325,3.3299328650897646,2.095575734780081,,,
0.03537775873191797,-0.41980374458870706,0.3763704091257147,1.4750824510307998,0.10267349406067776,1.213026567002055,,,0.9335380117606613,,-23064.301117062816,-12.339007007155331,,,,0.2788401146578452,0.6498645858722325,3.3299328650897646,2.095575734780081,,,
0.03537775873191797,-0.41980374458870706,0.3763704091257147,1.4750824510307998,0.10267349406067776,1.213026567002055,,,0.9335380117606613,,-2723.8666600942147,-17.82001936081029,,,,0.2788401146578452,0.6498645858722325,3.3299328650897646,2.095575734780081,,,
0.03537775873191797,-0.41980374458870706,0.3763704091257147,1.4750824510307998,0.10267349406067776,1.213026567002055,,,0.9335380117606613,,-3224.325459972354,-14.956548644908375,,,,0.2788401146578452,0.6498645858722325,3.3299328650897646,2.095575734780081,,,
0.03537775873191797,-0.41980374458870706,0.3763704091257147,1.4750824510307998,0.10267349406067776,1.213026567002055,,,0.9335380117606613,,-1183101.9624398788,-12.74929239459251,,,,0.2788401146578452,0.6498645858722325,3.3299328650897646,2.095575734780081,,,
0.115727035921484,-0.4489218402837069,0.34705238500894153,1.2201002691947935,0.10053872363935827,1.08507238931933,,,0.921685551715293,,-5935.260357038218,-10.285841555632341,,,,0.3942128913836682,0.9424388733478731,2.4778676179219215,1.5897161563447468,,,
0.115727035921484,-0.4489218402837069,0.34705238500894153,1.2201002691947935,0.10053872363935827,1.08507238931933,,,0.921685551715293,,-2748.791861033703,-12.942820370343336,,,,0.3942128913836682,0.9424388733478731,2.4778676179219215,1.5897161563447468,,,
0.115727035921484,-0.4489218402837069,0.34705238500894153,1.2201002691947935,0.10053872363935827,1.08507238931933,,,0.921685551715293,,-3424.2601242755622,-13.046270796152985,,,,0.3942128913836682,0.9424388733478731,2.4778676179219215,1.5897161563447468,,,
0.115727035921484,-0.4489218402837069,0.34705238500894153,1.2201002691947935,0.10053872363935827,1.08507238931933,,,0.921685551715293,,-3577.09174343742,-10.245844742200159,,,,0.3942128913836682,0.9424388733478731,2.4778676179219215,1.5897161563447468,,,
0.115727035921484,-0.4489218402837069,0.34705238500894153,1.2201002691947935,0.10053872363935827,1.08507238931933,,,0.921685551715293,,-15342.883971730524,-12.901531848684158,,,,0.3942128913836682,0.9424388733478731,2.4778676179219215,1.5897161563447468,,,
0.115727035921484,-0.4489218402837069,0.34705238500894153,1.2201002691947935,0.10053872363935827,1.08507238931933,,,0.921685551715293,,-13354.227097110805,-10.988203598057204,,,,0.3942128913836682,0.9424388733478731,2.4778676179219215,1.5897161563447468,,,
0.115727035921484,-0.4489218402837069,0.34705238500894153,1.2201002691947935,0.10053872363935827,1.08507238931933,,,0.921685551715293,,-15048.812682635802,-12.024511299644834,,,,0.3942128913836682,0.9424388733478731,2.4778676179219215,1.5897161563447468,,,
0.10723414825495033,-0.4986616598579027,0.3623907743336457,1.2289074366610073,0.020090751739673784,1.0627141962671451,,,0.9018731873793083,,-21521.54560918283,-12.907057260551248,,,,0.36140307276240957,0.9798501127061632,2.343505757941045,1.5102100959886473,,,
0.10723414825495033,-0.4986616598579027,0.3623907743336457,1.2289074366610073,0.020090751739673784,1.0627141962671451,,,0.9018731873793083,,-3146.6080568270495,-20.76206267319619,,,,0.36140307276240957,0.9798501127061632,2.343505757941045,1.5102100959886473,,,
0.10723414825495033,-0.4986616598579027,0.3623907743336457,1.2289074366610073,0.020090751739673784,1.0627141962671451,,,0.9018731873793083,,-73698.13200229322,-12.75269154649576,,,,0.36140307276240957,0.9798501127061632,2.343505757941045,1.5102100959886473,,,
0.10723414825495033,-0.4986616598579027,0.3623907743336457,1.2289074366610073,0.020090751739673784,1.0627141962671451,,,0.9018731873793083,,-4194.109669612563,-11.156192771556553,,,,0.36140307276240957,0.9798501127061632,2.343505757941045,1.5102100959886473,,,
0.10723414825495033,-0.4986616598579027,0.3623907743336457,1.2289074366610073,0.020090751739673784,1.0627141962671451,,,0.9018731873793083,,-35312.55091598839,-10.498291435221702,,,,0.36140307276240957,0.9798501127061632,2.343505757941045,1.5102100959886473,,,
0.10723414825495033,-0.4986616598579027,0.3623907743336457,1.2289074366610073,0.020090751739673784,1.0627141962671451,,,0.9018731873793083,,-23721.76844946176,-11.38234365724753,,,,0.36140307276240957,0.9798501127061632,2.343505757941045,1.5102100959886473,,,
0.10723414825495033,-0.4986616598579027,0.3623907743336457,1.2289074366610073,0.020090751739673784,1.0627141962671451,,,0.9018731873793083,,-2601.766004574549,-10.757221440294575,,,,0.36140307276240957,0.9798501127061632,2.343505757941045,1.5102100959886473,,,
0.10723414825495033,-0.4986616598579027,0.3623907743336457,1.2289074366610073,0.020090751739673784,1.0627141962671451,,,0.9018731873793083,,-2743.0369569485465,-13.391283051744924,,,,0.36140307276240957,0.9798501127061632,2.343505757941045,1.5102100959886473,,,
0.10723414825495033,-0.4986616598579027,0.3623907743336457,1.2289074366610073,0.020090751739673784,1.0627141962671451,,,0.9018731873793083,,-16187.744722755204,-12.303686458382764,,,,0.36140307276240957,0.9798501127061632,2.343505757941045,1.5102100959886473,,,
0.10723414825495033,-0.4986616598579027,0.3623907743336457,1.2289074366610073,0.020090751739673784,1.0627141962671451,,,0.9018731873793083,,-2381.2179597631352,-11.738555183927929,,,,0.36140307276240957,0.9798501127061632,2.343505757941045,1.5102100959886473,,,
0.10723414825495033,-0.4986616598579027,0.3623907743336457,1.2289074366610073,0.020090751739673784,1.0627141962671451,,,0.9018731873793083,,-3520.6112151916304,-20.581227923540382,,,,0.36140307276240957,0.9798501127061632,2.343505757941045,1.5102100959886473,,,
0.13334903671820472,-0.43820625792116547,0.3497528830320439,1.1851112045639023,0.05122366585112892,1.0381392614127747,,,0.9338455506863657,,-5609.304542752088,-15.267509138515734,,,,0.3644068920030677,0.9636267573489598,2.158394384773919,1.703967533914033,,,
0.13334903671820472,-0.43820625792116547,0.3497528830320439,1.1851112045639023,0.05122366585112892,1.0381392614127747,,,0.9338455506863657,,-9653.348533876984,-13.211697970577589,,,,0.3644068920030677,0.9636267573489598,2.158394384773919,1.703967533914033,,,
0.13334903671820472,-0.43820625792116547,0.3497528830320439,1.1851112045639023,0.05122366585112892,1.0381392614127747,,,0.9338455506863657,,-4324.354022395668,-12.195518953445308,,,,0.3644068920030677,0.9636267573489598,2.158394384773919,1.703967533914033,,,
0.13334903671820472,-0.43820625792116547,0.3497528830320439,1.1851112045639023,0.05122366585112892,1.0381392614127747,,,0.9338455506863657,,-23064.301117062816,-12.339007007155331,,,,0.3644068920030677,0.9636267573489598,2.158394384773919,1.703967533914033,,,
0.13334903671820472,-0.43820625792116547,0.3497528830320439,1.1851112045639023,0.05122366585112892,1.0381392614127747,,,0.9338455506863657,,-2723.8666600942147,-17.82001936081029,,,,0.3644068920030677,0.9636267573489598,2.158394384773919,1.703967533914033,,,
18.360700260993585,-5.433776386885051,1.6348808096615424,0.6150013768078633,0.09547269428726968,0.7814239906955629,,,0.8929289946060983,,-3224.325459972354,-14.956548644908375,,,,21.772530896260136,1.7013358852872886,0.26772886775258675,0.2775867623101793,,,
18.360700260993585,-5.433776386885051,1.6348808096615424,0.6150013768078633,0.09547269428726968,0.7814239906955629,,,0.8929289946060983,,-1049428.9183588582,-16.41972888557231,,,,21.772530896260136,1.7013358852872886,0.26772886775258675,0.2775867623101793,,,
18.360700260993585,-5.433776386885051,1.6348808096615424,0.6150013768078633,0.09547269428726968,0.7814239906955629,,,0.8929289946060983,,-5935.260357038218,-10.285841555632341,,,,21.772530896260136,1.7013358852872886,0.26772886775258675,0.2775867623101793,,,
18.360700260993585,-5.433776386885051,1.6348808096615424,0.6150013768078633,0.09547269428726968,0.7814239906955629,,,0.8929289946060983,,-2748.791861033703,-12.942820370343336,,,,21.772530896260136,1.7013358852872886,0.26772886775258675,0.2775867623101793,,,
18.360700260993585,-5.433776386885051,1.6348808096615424,0.6150013768078633,0.09547269428726968,0.7814239906955629,,,0.8929289946060983,,-3424.2601242755622,-13.046270796152985,,,,21.772530896260136,1.7013358852872886,0.26772886775258675,0.2775867623101793,,,
18.360700260993585,-5.433776386885051,1.6348808096615424,0.6150013768078633,0.09547269428726968,0.7814239906955629,,,0.8929289946060983,,-3577.09174343742,-10.245844742200159,,,,21.772530896260136,1.7013358852872886,0.26772886775258675,0.2775867623101793,,,
18.360700260993585,-5.433776386885051,1.6348808096615424,0.6150013768078633,0.09547269428726968,0.7814239906955629,,,0.8929289946060983,,-15342.883971730524,-12.901531848684158,,,,21.772530896260136,1.7013358852872886,0.26772886775258675,0.2775867623101793,,,
18.360700260993585,-5.433776386885051,1.6348808096615424,0.6150013768078633,0.09547269428726968,0.7814239906955629,,,0.8929289946060983,,-12460.830897450438,-10.967644081201861,,,,21.772530896260136,1.7013358852872886,0.26772886775258675,0.2775867623101793,,,
18.360700260993585,-5.433776386885051,1.6348808096615424,0.6150013768078633,0.09547269428726968,0.7814239906955629,,,0.8929289946060983,,-15048.812682635802,-12.024511299644834,,,,21.772530896260136,1.7013358852872886,0.26772886775258675,0.2775867623101793,,,
18.480418328058047,-5.316164685622202,1.5958566385433126,0.6119543583223822,0.09256912691567576,0.7795413005131471,,,0.8923946851249684,,-21521.54560918283,-12.907057260551248,,,,21.846895904746717,1.7063597551960954,0.24816028329904144,0.26105807930806413,,,
11.531352242312575,-3.7387819423608613,-19.72423620694551,1.2370759286487418,0.7938690903978464,1.3050432655768318,,,0.8589576188441727,,-3146.6080568270495,-20.76206267319619,,,,26.4328551831295,1.5459493893271021,2.4553121070903985,4.028024991376537,,,
11.531352242312575,-3.7387819423608613,-19.72423620694551,1.2370759286487418,0.7938690903978464,1.3050432655768318,,,0.8589576188441727,,-73698.13200229322,-12.75269154649576,,,,26.4328551831295,1.5459493893271021,2.4553121070903985,4.028024991376537,,,
11.531352242312575,-3.7387819423608613,-19.72423620694551,1.2370759286487418,0.7938690903978464,1.3050432655768318,,,0.8589576188441727,,-4194.109669612563,-11.156192771556553,,,,26.4328551831295,1.5459493893271021,2.4553121070903985,4.028024991376537,,,
11.531352242312575,-3.7387819423608613,-19.72423620694551,1.2370759286487418,0.7938690903978464,1.3050432655768318,,,0.8589576188441727,,-16984.359809276986,-11.571649254856649,,,,26.4328551831295,1.5459493893271021,2.4553121070903985,4.028024991376537,,,
11.531352242312575,-3.7387819423608613,-19.72423620694551,1.2370759286487418,0.7938690903978464,1.3050432655768318,,,0.8589576188441727,,-23721.76844946176,-11.38234365724753,,,,26.4328551831295,1.5459493893271021,2.4553121070903985,4.028024991376537,,,
9.71871966574087,7.778482228651384,-19.14774662345387,1.2128545082572881,0.8318387755390392,1.3097026216959804,,,0.919921607121601,,-2601.766004574549,-10.757221440294575,,,,24.873946287542093,1.271023133108738,2.7638410233389172,3.434653608401511,,,
7.261820873391856,4.811052407764723,-21.437433000326457,1.968035087810702,1.2465945799938851,1.555560948775369,,,0.9987350707571369,,-2743.0369569485465,-13.391283051744924,,,,21.806593812914,1.0238727449534573,2.471965882099977,6.655763852996344,,,
7.261820873391856,4.811052407764723,-21.437433000326457,1.968035087810702,1.2465945799938851,1.555560948775369,,,0.9987350707571369,,-16187.744722755204,-12.303686458382764,,,,21.806593812914,1.0238727449534573,2.471965882099977,6.655763852996344,,,
7.261820873391856,4.811052407764723,-21.437433000326457,1.968035087810702,1.2465945799938851,1.555560948775369,,,0.9987350707571369,,-2381.2179597631352,-11.738555183927929,,,,21.806593812914,1.0238727449534573,2.471965882099977,6.655763852996344,,,
7.261820873391856,4.811052407764723,-21.437433000326457,1.968035087810702,1.2465945799938851,1.555560948775369,,,0.9987350707571369,,-3520.6112151916304,-20.581227923540382,,,,21.806593812914,1.0238727449534573,2.471965882099977,6.655763852996344,,,
7.261820873391856,4.811052407764723,-21.437433000326457,1.968035087810702,1.2465945799938851,1.555560948775369,,,0.9987350707571369,,-5609.304542752088,-15.267509138515734,,,,21.806593812914,1.0238727449534573,2.471965882099977,6.655763852996344,,,
7.261820873391856,4.811052407764723,-21.437433000326457,1.968035087810702,1.2465945799938851,1.555560948775369,,,0.9987350707571369,,-9653.348533876984,-13.211697970577589,,,,21.806593812914,1.0238727449534573,2.471965882099977,6.655763852996344,,,
7.261820873391856,4.811052407764723,-21.437433000326457,1.968035087810702,1.2465945799938851,1.555560948775369,,,0.9987350707571369,,-3855.130858860539,-13.891555913227897,,,,21.806593812914,1.0238727449534573,2.471965882099977,6.655763852996344,,,
7.261820873391856,4.811052407764723,-21.437433000326457,1.968035087810702,1.2465945799938851,1.555560948775369,,,0.9987350707571369,,-23064.301117062816,-12.339007007155331,,,,21.806593812914,1.0238727449534573,2.471965882099977,6.655763852996344,,,
7.261820873391856,4.811052407764723,-21.437433000326457,1.968035087810702,1.2465945799938851,1.555560948775369,,,0.9987350707571369,,-2723.8666600942147,-17.82001936081029,,,,21.806593812914,1.0238727449534573,2.471965882099977,6.655763852996344,,,
7.261820873391856,4.811052407764723,-21.437433000326457,1.968035087810702,1.2465945799938851,1.555560948775369,,,0.9987350707571369,,-3224.325459972354,-14.956548644908375,,,,21.806593812914,1.0238727449534573,2.471965882099977,6.655763852996344,,,
-1.0399516213475082,18.91976646433703,-21.76763057482423,2.501306825909628,1.4914496962944352,1.703085154274663,,,1.094820115385118,,-1049428.9183588582,-16.41972888557231,,,,29.944830441336105,0.9387863307065533,2.09322201330717,4.1608407143883435,,,
-0.3398644726342407,21.23377997039142,-20.347912548529195,2.4410447374912376,1.4636911107738144,1.6672586363192778,,,1.1573596055299022,,-5702.899894760716,-10.553917420604995,,,,30.00549050867352,0.8893204160339353,1.9050539762324976,3.698592716846991,,,
4.4913045823050455,21.748956579259964,-5.814417352791949,2.334679850219134,1.735048634307471,1.6004161555594443,,,1.2181236213633804,,-2748.791861033703,-12.942820370343336,,,,28.628941850474167,0.7613758633728378,1.9928963425446897,4.38504162736683,,,
4.4913045823050455,21.748956579259964,-5.814417352791949,2.334679850219134,1.735048634307471,1.6004161555594443,,,1.2181236213633804,,-3424.2601242755622,-13.046270796152985,,,,28.628941850474167,0.7613758633728378,1.9928963425446897,4.38504162736683,,,
-4.3538850472341695,16.37559666101126,-27.249144612503123,2.8102522220092747,0.5678031892533935,2.171334922784566,,,1.070245018734551,,-3577.09174343742,-10.245844742200159,,,,18.81473804613535,1.0747408361600965,2.204868619714959,2.1836869525466756,,,
-24.07863128724714,233.72244426281503,-353.4551182514214,2.9878987717299337,0.3723471936564946,2.33390682598769,,,1.0858853885365085,,-11279.715832798218,-12.764952152225424,,,,233.09829164541836,1.0676537900158438,2.193446355269566,2.1720569146626767,,,
-24.07863128724714,233.72244426281503,-353.4551182514214,2.9878987717299337,0.3723471936564946,2.33390682598769,,,1.0858853885365085,,-9352.306659695812,-11.058499555174514,,,,233.09829164541836,1.0676537900158438,2.193446355269566,2.1720569146626767,,,
-24.07863128724714,233.72244426281503,-353.4551182514214,2.9878987717299337,0.3723471936564946,2.33390682598769,,,1.0858853885365085,,-11297.485186853035,-12.858836718796779,,,,233.09829164541836,1.0676537900158438,2.193446355269566,2.1720569146626767,,,
-24.07863128724714,233.72244426281503,-353.4551182514214,2.9878987717299337,0.3723471936564946,2.33390682598769,,,1.0858853885365085,,-21521.54560918283,-12.907057260551248,,,,233.09829164541836,1.0676537900158438,2.193446355269566,2.1720569146626767,,,
-24.07863128724714,233.72244426281503,-353.4551182514214,2.9878987717299337,0.3723471936564946,2.33390682598769,,,1.0858853885365085,,-3146.6080568270495,-20.76206267319619,,,,233.09829164541836,1.0676537900158438,2.193446355269566,2.1720569146626767,,,
-24.07863128724714,233.72244426281503,-353.4551182514214,2.9878987717299337,0.3723471936564946,2.33390682598769,,,1.0858853885365085,,-73698.13200229322,-12.75269154649576,,,,233.09829164541836,1.0676537900158438,2.193446355269566,2.1720569146626767,,,
-24.07863128724714,233.72244426281503,-353.4551182514214,2.9878987717299337,0.3723471936564946,2.33390682598769,,,1.0858853885365085,,-3626.249646362562,-11.22660104989966,,,,233.09829164541836,1.0676537900158438,2.193446355269566,2.1720569146626767,,,
-24.07863128724714,233.72244426281503,-353.4551182514214,2.9878987717299337,0.3723471936564946,2.33390682598769,,,1.0858853885365085,,-11457.870990655603,-12.17711788052507,,,,233.09829164541836,1.0676537900158438,2.193446355269566,2.1720569146626767,,,
-24.07863128724714,233.72244426281503,-353.4551182514214,2.9878987717299337,0.3723471936564946,2.33390682598769,,,1.0858853885365085,,-21039.566572095042,-11.163402863887661,,,,233.09829164541836,1.0676537900158438,2.193446355269566,2.1720569146626767,,,
-24.07863128724714,233.72244426281503,-353.4551182514214,2.9878987717299337,0.3723471936564946,2.33390682598769,,,1.0858853885365085,,-2601.766004574549,-10.757221440294575,,,,233.09829164541836,1.0676537900158438,2.193446355269566,2.1720569146626767,,,
-24.07863128724714,233.72244426281503,-353.4551182514214,2.9878987717299337,0.3723471936564946,2.33390682598769,,,1.0858853885365085,,-2743.0369569485465,-13.391283051744924,,,,233.09829164541836,1.0676537900158438,2.193446355269566,2.1720569146626767,,,
1.2898992906508446,188.4013725355761,-266.4500233689228,2.2794498303570463,0.5589307901936033,2.0172375870322896,,,1.109012975563627,,-16187.744722755204,-12.303686458382764,,,,180.7344778277317,0.9921712070987255,2.156709498876779,1.665209374931605,,,
1.2898992906508446,188.4013725355761,-266.4500233689228,2.2794498303570463,0.5589307901936033,2.0172375870322896,,,1.109012975563627,,-2381.2179597631352,-11.738555183927929,,,,180.7344778277317,0.9921712070987255,2.156709498876779,1.665209374931605,,,
1.2898992906508446,188.4013725355761,-266.4500233689228,2.2794498303570463,0.5589307901936033,2.0172375870322896,,,1.109012975563627,,-3520.6112151916304,-20.581227923540382,,,,180.7344778277317,0.9921712070987255,2.156709498876779,1.665209374931605,,,
1.2898992906508446,188.4013725355761,-266.4500233689228,2.2794498303570463,0.5589307901936033,2.0172375870322896,,,1.109012975563627,,-2822.251567575885,-17.132207346194306,,,,180.7344778277317,0.9921712070987255,2.156709498876779,1.665209374931605,,,
1.2898992906508446,188.4013725355761,-266.4500233689228,2.2794498303570463,0.5589307901936033,2.0172375870322896,,,1.109012975563627,,-9095.769653268808,-14.40011732923067,,,,180.7344778277317,0.9921712070987255,2.156709498876779,1.665209374931605,,,
1.2898992906508446,188.4013725355761,-266.4500233689228,2.2794498303570463,0.5589307901936033,2.0172375870322896,,,1.109012975563627,,-3855.130858860539,-13.891555913227897,,,,180.7344778277317,0.9921712070987255,2.156709498876779,1.665209374931605,,,
1.2898992906508446,188.4013725355761,-266.4500233689228,2.2794498303570463,0.5589307901936033,2.0172375870322896,,,1.109012975563627,,-19148.507850071182,-12.276704041524784,,,,180.7344778277317,0.9921712070987255,2.156709498876779,1.665209374931605,,,
1.2898992906508446,188.4013725355761,-266.4500233689228,2.2794498303570463,0.5589307901936033,2.0172375870322896,,,1.109012975563627,,-2723.8666600942147,-17.82001936081029,,,,180.7344778277317,0.9921712070987255,2.156709498876779,1.665209374931605,,,
-33.94020431138308,187.68702031527687,-232.73118143809316,2.4339444962382846,0.6524644013666699,1.9456257151453564,,,1.1138004973901525,,-3224.325459972354,-14.956548644908375,,,,171.8196780192718,1.1029238641171013,2.0249928924456455,1.6893791734143877,,,
-33.94020431138308,187.68702031527687,-232.73118143809316,2.4339444962382846,0.6524644013666699,1.9456257151453564,,,1.1138004973901525,,-1049428.9183588582,-16.41972888557231,,,,171.8196780192718,1.1029238641171013,2.0249928924456455,1.6893791734143877,,,
-8.118658841438311,177.3865110661805,-201.29931631607323,1.9085922786921516,0.7365446316198766,1.7235470930189292,,,1.2044126140681966,,-4561.131434506906,-13.782587911204972,,,,163.61260394781522,0.9632241560579577,1.7475527203885877,1.2098510471762112,,,
-8.118658841438311,177.3865110661805,-201.29931631607323,1.9085922786921516,0.7365446316198766,1.7235470930189292,,,1.2044126140681966,,-2748.791861033703,-12.942820370343336,,,,163.61260394781522,0.9632241560579577,1.7475527203885877,1.2098510471762112,,,
-8.118658841438311,177.3865110661805,-201.29931631607323,1.9085922786921516,0.7365446316198766,1.7235470930189292,,,1.2044126140681966,,-3419.193743545252,-13.243965976774955,,,,163.61260394781522,0.9632241560579577,1.7475527203885877,1.2098510471762112,,,
-8.118658841438311,177.3865110661805,-201.29931631607323,1.9085922786921516,0.7365446316198766,1.7235470930189292,,,1.2044126140681966,,-3577.09174343742,-10.245844742200159,,,,163.61260394781522,0.9632241560579577,1.7475527203885877,1.2098510471762112,,,
-8.118658841438311,177.3865110661805,-201.29931631607323,1.9085922786921516,0.7365446316198766,1.7235470930189292,,,1.2044126140681966,,-11279.715832798218,-12.764952152225424,,,,163.61260394781522,0.9632241560579577,1.7475527203885877,1.2098510471762112,,,
-8.118658841438311,177.3865110661805,-201.29931631607323,1.9085922786921516,0.7365446316198766,1.7235470930189292,,,1.2044126140681966,,-9352.306659695812,-11.058499555174514,,,,163.61260394781522,0.9632241560579577,1.7475527203885877,1.2098510471762112,,,
-8.118658841438311,177.3865110661805,-201.29931631607323,1.9085922786921516,0.7365446316198766,1.7235470930189292,,,1.2044126140681966,,-11297.485186853035,-12.858836718796779,,,,163.61260394781522,0.9632241560579577,1.7475527203885877,1.2098510471762112,,,
-8.118658841438311,177.3865110661805,-201.29931631607323,1.9085922786921516,0.7365446316198766,1.7235470930189292,,,1.2044126140681966,,-16159.233072502104,-13.188941828979697,,,,163.61260394781522,0.9632241560579577,1.7475527203885877,1.2098510471762112,,,
71.1560899594644,-52.23978432969283,-23.04785778611298,1.5948088059538312,0.5217763961291273,1.7709753442152965,,,0.8614009261967495,,-3146.6080568270495,-20.76206267319619,,,,22.08632730881222,3.4774249453200694,1.2181936614551805,0.21000002801767748,,,
71.1560899594644,-52.23978432969283,-23.04785778611298,1.5948088059538312,0.5217763961291273,1.7709753442152965,,,0.8614009261967495,,-73698.13200229322,-12.75269154649576,,,,22.08632730881222,3.4774249453200694,1.2181936614551805,0.21000002801767748,,,
51.732370984614896,-40.34038394955027,-27.74432767302501,1.9189481905713164,0.4013833337441547,1.5191779547970317,,,0.8747713141408945,,-3626.249646362562,-11.22660104989966,,,,26.07970479752364,2.8303943421165396,1.1396120031100676,0.3911398727690176,,,
51.732370984614896,-40.34038394955027,-27.74432767302501,1.9189481905713164,0.4013833337441547,1.5191779547970317,,,0.8747713141408945,,-11457.870990655603,-12.17711788052507,,,,26.07970479752364,2.8303943421165396,1.1396120031100676,0.3911398727690176,,,
51.732370984614896,-40.34038394955027,-27.74432767302501,1.9189481905713164,0.4013833337441547,1.5191779547970317,,,0.8747713141408945,,-21039.566572095042,-11.163402863887661,,,,26.07970479752364,2.8303943421165396,1.1396120031100676,0.3911398727690176,,,
51.732370984614896,-40.34038394955027,-27.74432767302501,1.9189481905713164,0.4013833337441547,1.5191779547970317,,,0.8747713141408945,,-2601.766004574549,-10.757221440294575,,,,26.07970479752364,2.8303943421165396,1.1396120031100676,0.3911398727690176,,,
51.732370984614896,-40.34038394955027,-27.74432767302501,1.9189481905713164,0.4013833337441547,1.5191779547970317,,,0.8747713141408945,,-2666.9061215812508,-13.24520495316051,,,,26.07970479752364,2.8303943421165396,1.1396120031100676,0.3911398727690176,,,
18.734231359073775,-21.865626075928862,-22.10434932241189,2.4157947781855884,1.267867618296379,2.0119253228476817,,,1.0632550354000878,,-16187.744722755204,-12.303686458382764,,,,26.746484929668682,1.316969241754609,1.3467345185729387,0.3176065016776886,,,
-22.74641580688697,10.585238192583217,-43.799821641950444,2.9202531670475462,1.2623489138853756,1.7493634660495772,,,1.1042009853381272,,-2381.2179597631352,-11.738555183927929,,,,44.17141032052446,1.5611508816090947,1.2821780475441118,1.1269964569804927,,,
-22.74641580688697,10.585238192583217,-43.799821641950444,2.9202531670475462,1.2623489138853756,1.7493634660495772,,,1.1042009853381272,,-3520.6112151916304,-20.581227923540382,,,,44.17141032052446,1.5611508816090947,1.2821780475441118,1.1269964569804927,,,
-22.74641580688697,10.585238192583217,-43.799821641950444,2.9202531670475462,1.2623489138853756,1.7493634660495772,,,1.1042009853381272,,-2673.1720025407744,-17.459344759575266,,,,44.17141032052446,1.5611508816090947,1.2821780475441118,1.1269964569804927,,,
-22.74641580688697,10.585238192583217,-43.799821641950444,2.9202531670475462,1.2623489138853756,1.7493634660495772,,,1.1042009853381272,,-9095.769653268808,-14.40011732923067,,,,44.17141032052446,1.5611508816090947,1.2821780475441118,1.1269964569804927,,,
-30.874523086170793,13.216263351990921,-66.24150346160935,2.947338808108325,1.2470320837458577,1.7746815971187078,,,1.0978621378245483,,-3307.324588994616,-14.892572559511619,,,,63.374156857733425,1.5909245137761743,1.2592466236844246,1.2198304155669195,,,
-30.874523086170793,13.216263351990921,-66.24150346160935,2.947338808108325,1.2470320837458577,1.7746815971187078,,,1.0978621378245483,,-19148.507850071182,-12.276704041524784,,,,63.374156857733425,1.5909245137761743,1.2592466236844246,1.2198304155669195,,,
-30.874523086170793,13.216263351990921,-66.24150346160935,2.947338808108325,1.2470320837458577,1.7746815971187078,,,1.0978621378245483,,-2723.8666600942147,-17.82001936081029,,,,63.374156857733425,1.5909245137761743,1.2592466236844246,1.2198304155669195,,,
-30.874523086170793,13.216263351990921,-66.24150346160935,2.947338808108325,1.2470320837458577,1.7746815971187078,,,1.0978621378245483,,-3224.325459972354,-14.956548644908375,,,,63.374156857733425,1.5909245137761743,1.2592466236844246,1.2198304155669195,,,
-34.20922230084021,13.096325154074718,-62.876679535284225,3.049616663598199,1.3316872652520595,1.778738867152875,,,1.1092817477577215,,-1049428.9183588582,-16.41972888557231,,,,63.46591955564264,1.611079842591524,1.2377884381331643,1.2165211378589853,,,
-34.20922230084021,13.096325154074718,-62.876679535284225,3.049616663598199,1.3316872652520595,1.778738867152875,,,1.1092817477577215,,-4561.131434506906,-13.782587911204972,,,,63.46591955564264,1.611079842591524,1.2377884381331643,1.2165211378589853,,,
-34.20922230084021,13.096325154074718,-62.876679535284225,3.049616663598199,1.3316872652520595,1.778738867152875,,,1.1092817477577215,,-2748.791861033703,-12.942820370343336,,,,63.46591955564264,1.611079842591524,1.2377884381331643,1.2165211378589853,,,
-34.20922230084021,13.096325154074718,-62.876679535284225,3.049616663598199,1.3316872652520595,1.778738867152875,,,1.1092817477577215,,-3419.193743545252,-13.243965976774955,,,,63.46591955564264,1.611079842591524,1.2377884381331643,1.2165211378589853,,,
-56.92649700629824,17.006550163246096,-66.08570765667756,3.1896330376985222,1.3427029570121884,1.8076304122845719,,,1.1227971745244845,,-3577.09174343742,-10.245844742200159,,,,84.31894752094155,1.6712261294537765,1.1113744508323784,0.6593918831650749,,,
-56.92649700629824,17.006550163246096,-66.08570765667756,3.1896330376985222,1.3427029570121884,1.8076304122845719,,,1.1227971745244845,,-10972.45642464613,-12.456636246359489,,,,84.31894752094155,1.6712261294537765,1.1113744508323784,0.6593918831650749,,,
-123.9937820224469,-6.612268151498116,-160.73188983490977,3.4654981238865497,2.206630270302977,2.491937208891055,,,1.245517604436019,,-8148.978738210123,-10.220927814529926,,,,160.11257993659925,1.757307870208613,1.1464949949197203,0.4230259381351,,,
-123.9937820224469,-6.612268151498116,-160.73188983490977,3.4654981238865497,2.206630270302977,2.491937208891055,,,1.245517604436019,,-11297.485186853035,-12.858836718796779,,,,160.11257993659925,1.757307870208613,1.1464949949197203,0.4230259381351,,,
-123.9937820224469,-6.612268151498116,-160.73188983490977,3.4654981238865497,2.206630270302977,2.491937208891055,,,1.245517604436019,,-16159.233072502104,-13.188941828979697,,,,160.11257993659925,1.757307870208613,1.1464949949197203,0.4230259381351,,,
-123.9937820224469,-6.612268151498116,-160.73188983490977,3.4654981238865497,2.206630270302977,2.491937208891055,,,1.245517604436019,,-3146.6080568270495,-20.76206267319619,,,,160.11257993659925,1.757307870208613,1.1464949949197203,0.4230259381351,,,
-123.9937820224469,-6.612268151498116,-160.73188983490977,3.4654981238865497,2.206630270302977,2.491937208891055,,,1.245517604436019,,-73698.13200229322,-12.75269154649576,,,,160.11257993659925,1.757307870208613,1.1464949949197203,0.4230259381351,,,
-123.9937820224469,-6.612268151498116,-160.73188983490977,3.4654981238865497,2.206630270302977,2.491937208891055,,,1.245517604436019,,-3626.249646362562,-11.22660104989966,,,,160.11257993659925,1.757307870208613,1.1464949949197203,0.4230259381351,,,
-123.9937820224469,-6.612268151498116,-160.73188983490977,3.4654981238865497,2.206630270302977,2.491937208891055,,,1.245517604436019,,-11457.870990655603,-12.17711788052507,,,,160.11257993659925,1.757307870208613,1.1464949949197203,0.4230259381351,,,
-123.9937820224469,-6.612268151498116,-160.73188983490977,3.4654981238865497,2.206630270302977,2.491937208891055,,,1.245517604436019,,-21039.566572095042,-11.163402863887661,,,,160.11257993659925,1.757307870208613,1.1464949949197203,0.4230259381351,,,
-1.8936996477676917,4.316347039806279,-7.752826922134652,2.5296851301326786,0.2812000557304134,0.9693524563180882,,,0.9238602061218922,,-2548.90883019533,-11.172793182617772,,,,20.87695642572204,1.318968454612724,1.1461659351358637,1.015964929154987,,,
-9.789335135925054,12.29436015036939,-11.663621745269385,2.719731097752426,0.10395355175439014,0.8971151784487629,,,0.9069581325738159,,-2666.9061215812508,-13.24520495316051,,,,47.13342544734412,1.3884649200429549,0.9644901392567287,0.7948160982266846,,,
-9.789335135925054,12.29436015036939,-11.663621745269385,2.719731097752426,0.10395355175439014,0.8971151784487629,,,0.9069581325738159,,-15801.282221163128,-12.338174779163467,,,,47.13342544734412,1.3884649200429549,0.9644901392567287,0.7948160982266846,,,
-9.789335135925054,12.29436015036939,-11.663621745269385,2.719731097752426,0.10395355175439014,0.8971151784487629,,,0.9069581325738159,,-2381.2179597631352,-11.738555183927929,,,,47.13342544734412,1.3884649200429549,0.9644901392567287,0.7948160982266846,,,
-9.789335135925054,12.29436015036939,-11.663621745269385,2.719731097752426,0.10395355175439014,0.8971151784487629,,,0.9069581325738159,,-3520.6112151916304,-20.581227923540382,,,,47.13342544734412,1.3884649200429549,0.9644901392567287,0.7948160982266846,,,
-9.789335135925054,12.29436015036939,-11.663621745269385,2.719731097752426,0.10395355175439014,0.8971151784487629,,,0.9069581325738159,,-2518.6393582329283,-14.052233717373017,,,,47.13342544734412,1.3884649200429549,0.9644901392567287,0.7948160982266846,,,
-30.279489047006837,25.400203923394724,-17.45187797263378,2.873586657805096,0.35293979549886456,1.0236505009719223,,,0.9631715611218253,,-9095.769653268808,-14.40011732923067,,,,54.66994957509732,1.5063121162481974,1.0440910778357466,1.1122179556656187,,,
-30.279489047006837,25.400203923394724,-17.45187797263378,2.873586657805096,0.35293979549886456,1.0236505009719223,,,0.9631715611218253,,-3307.324588994616,-14.892572559511619,,,,54.66994957509732,1.5063121162481974,1.0440910778357466,1.1122179556656187,,,
-30.279489047006837,25.400203923394724,-17.45187797263378,2.873586657805096,0.35293979549886456,1.0236505009719223,,,0.9631715611218253,,-9289.276704036289,-11.789874282832681,,,,54.66994957509732,1.5063121162481974,1.0440910778357466,1.1122179556656187,,,
-30.279489047006837,25.400203923394724,-17.45187797263378,2.873586657805096,0.35293979549886456,1.0236505009719223,,,0.9631715611218253,,-2704.1248269778175,-16.367418848142815,,,,54.66994957509732,1.5063121162481974,1.0440910778357466,1.1122179556656187,,,
-30.279489047006837,25.400203923394724,-17.45187797263378,2.873586657805096,0.35293979549886456,1.0236505009719223,,,0.9631715611218253,,-3224.325459972354,-14.956548644908375,,,,54.66994957509732,1.5063121162481974,1.0440910778357466,1.1122179556656187,,,
-30.279489047006837,25.400203923394724,-17.45187797263378,2.873586657805096,0.35293979549886456,1.0236505009719223,,,0.9631715611218253,,-1049428.9183588582,-16.41972888557231,,,,54.66994957509732,1.5063121162481974,1.0440910778357466,1.1122179556656187,,,
-30.279489047006837,25.400203923394724,-17.45187797263378,2.873586657805096,0.35293979549886456,1.0236505009719223,,,0.9631715611218253,,-4561.131434506906,-13.782587911204972,,,,54.66994957509732,1.5063121162481974,1.0440910778357466,1.1122179556656187,,,
-30.279489047006837,25.400203923394724,-17.45187797263378,2.873586657805096,0.35293979549886456,1.0236505009719223,,,0.9631715611218253,,-2748.791861033703,-12.942820370343336,,,,54.66994957509732,1.5063121162481974,1.0440910778357466,1.1122179556656187,,,
-30.279489047006837,25.400203923394724,-17.45187797263378,2.873586657805096,0.35293979549886456,1.0236505009719223,,,0.9631715611218253,,-3419.193743545252,-13.243965976774955,,,,54.66994957509732,1.5063121162481974,1.0440910778357466,1.1122179556656187,,,
-30.279489047006837,25.400203923394724,-17.45187797263378,2.873586657805096,0.35293979549886456,1.0236505009719223,,,0.9631715611218253,,-3577.09174343742,-10.245844742200159,,,,54.66994957509732,1.5063121162481974,1.0440910778357466,1.1122179556656187,,,
-30.279489047006837,25.400203923394724,-17.45187797263378,2.873586657805096,0.35293979549886456,1.0236505009719223,,,0.9631715611218253,,-9384.272805387738,-12.592435957077324,,,,54.66994957509732,1.5063121162481974,1.0440910778357466,1.1122179556656187,,,
-30.279489047006837,25.400203923394724,-17.45187797263378,2.873586657805096,0.35293979549886456,1.0236505009719223,,,0.9631715611218253,,-8148.978738210123,-10.220927814529926,,,,54.66994957509732,1.5063121162481974,1.0440910778357466,1.1122179556656187,,,
-30.279489047006837,25.400203923394724,-17.45187797263378,2.873586657805096,0.35293979549886456,1.0236505009719223,,,0.9631715611218253,,-11297.485186853035,-12.858836718796779,,,,54.66994957509732,1.5063121162481974,1.0440910778357466,1.1122179556656187,,,
-30.279489047006837,25.400203923394724,-17.45187797263378,2.873586657805096,0.35293979549886456,1.0236505009719223,,,0.9631715611218253,,-11524.719946614507,-13.122212423366042,,,,54.66994957509732,1.5063121162481974,1.0440910778357466,1.1122179556656187,,,
-30.279489047006837,25.400203923394724,-17.45187797263378,2.873586657805096,0.35293979549886456,1.0236505009719223,,,0.9631715611218253,,-3146.6080568270495,-20.76206267319619,,,,54.66994957509732,1.5063121162481974,1.0440910778357466,1.1122179556656187,,,
-30.279489047006837,25.400203923394724,-17.45187797263378,2.873586657805096,0.35293979549886456,1.0236505009719223,,,0.9631715611218253,,-33944.201975935044,-11.461078588449935,,,,54.66994957509732,1.5063121162481974,1.0440910778357466,1.1122179556656187,,,
-30.279489047006837,25.400203923394724,-17.45187797263378,2.873586657805096,0.35293979549886456,1.0236505009719223,,,0.9631715611218253,,-3626.249646362562,-11.22660104989966,,,,54.66994957509732,1.5063121162481974,1.0440910778357466,1.1122179556656187,,,
-30.279489047006837,25.400203923394724,-17.45187797263378,2.873586657805096,0.35293979549886456,1.0236505009719223,,,0.9631715611218253,,-6837.22770538691,-12.62749234049876,,,,54.66994957509732,1.5063121162481974,1.0440910778357466,1.1122179556656187,,,
-30.279489047006837,25.400203923394724,-17.45187797263378,2.873586657805096,0.35293979549886456,1.0236505009719223,,,0.9631715611218253,,-17932.09409585683,-11.662782437791483,,,,54.66994957509732,1.5063121162481974,1.0440910778357466,1.1122179556656187,,,
-30.279489047006837,25.400203923394724,-17.45187797263378,2.873586657805096,0.35293979549886456,1.0236505009719223,,,0.9631715611218253,,-2548.90883019533,-11.172793182617772,,,,54.66994957509732,1.5063121162481974,1.0440910778357466,1.1122179556656187,,,
-30.279489047006837,25.400203923394724,-17.45187797263378,2.873586657805096,0.35293979549886456,1.0236505009719223,,,0.9631715611218253,,-2666.9061215812508,-13.24520495316051,,,,54.66994957509732,1.5063121162481974,1.0440910778357466,1.1122179556656187,,,
-30.279489047006837,25.400203923394724,-17.45187797263378,2.873586657805096,0.35293979549886456,1.0236505009719223,,,0.9631715611218253,,-15801.282221163128,-12.338174779163467,,,,54.66994957509732,1.5063121162481974,1.0440910778357466,1.1122179556656187,,,
-33.827937313235424,24.889430012307905,-15.000374394474028,2.9213853967988843,0.3027513064687126,0.9795899319467393,,,0.9512994807687964,,-2381.2179597631352,-11.738555183927929,,,,58.61703547543388,1.532783497447083,0.945477912371125,0.929075805295176,,,
-33.827937313235424,24.889430012307905,-15.000374394474028,2.9213853967988843,0.3027513064687126,0.9795899319467393,,,0.9512994807687964,,-3520.6112151916304,-20.581227923540382,,,,58.61703547543388,1.532783497447083,0.945477912371125,0.929075805295176,,,
0.05106442741587462,1.525144825498225,-2.249274497411073,0.7956501328573002,0.7962302640432373,1.3910812434797277,,,1.4167006939526146,,-2518.6393582329283,-14.052233717373017,,,,2.814027436635473,0.9080773690216828,1.1544945340112056,0.9104760272395819,,,
0.05106442741587462,1.525144825498225,-2.249274497411073,0.7956501328573002,0.7962302640432373,1.3910812434797277,,,1.4167006939526146,,-9095.769653268808,-14.40011732923067,,,,2.814027436635473,0.9080773690216828,1.1544945340112056,0.9104760272395819,,,
-0.31087267630870297,0.6790655319072179,-3.6081235439834,0.9179037698742876,0.8660951834161108,1.4872853846567748,,,1.2734790991842058,,-3307.324588994616,-14.892572559511619,,,,3.202976798275725,0.9562846172327565,1.126069380283301,1.131945022488863,,,
-1.2351554865757228,1.4194801214320998,-4.002017886128761,1.3201612466450965,0.9285983300511831,1.4865947051268897,,,1.253698154946777,,-9289.276704036289,-11.789874282832681,,,,3.7952793292269433,1.0654114721527683,1.1393378942326176,1.2257894729153354,,,
-1.5550001904426078,1.286506681429194,-6.7643726535901605,1.153884770236353,0.9550259792628649,1.6208716456561754,,,1.1630225484568881,,-2704.1248269778175,-16.367418848142815,,,,4.656885466660305,1.0833551723430588,1.314523517023977,1.6140548854777617,,,
-1.4885670077676698,1.6615953963735215,-8.37479563620334,1.361255022804031,1.072669106876172,1.6590520978906849,,,1.1383670471038871,,-3224.325459972354,-14.956548644908375,,,,5.25298458203184,1.0729966586263846,1.5484603857631163,2.2106578104485908,,,
1.8743118443987383,-4.46227483693966,-48.07529431457231,1.2413416609701335,0.4437856403138074,2.058906847546676,,,1.073450545031768,,-1049428.9183588582,-16.41972888557231,,,,16.907942121769633,1.632593893663838,0.9254820957228553,1.7067417451605178,,,
1.8743118443987383,-4.46227483693966,-48.07529431457231,1.2413416609701335,0.4437856403138074,2.058906847546676,,,1.073450545031768,,-4561.131434506906,-13.782587911204972,,,,16.907942121769633,1.632593893663838,0.9254820957228553,1.7067417451605178,,,
1.8743118443987383,-4.46227483693966,-48.07529431457231,1.2413416609701335,0.4437856403138074,2.058906847546676,,,1.073450545031768,,-2748.791861033703,-12.942820370343336,,,,16.907942121769633,1.632593893663838,0.9254820957228553,1.7067417451605178,,,
1.8743118443987383,-4.46227483693966,-48.07529431457231,1.2413416609701335,0.4437856403138074,2.058906847546676,,,1.073450545031768,,-3419.193743545252,-13.243965976774955,,,,16.907942121769633,1.632593893663838,0.9254820957228553,1.7067417451605178,,,
1.8743118443987383,-4.46227483693966,-48.07529431457231,1.2413416609701335,0.4437856403138074,2.058906847546676,,,1.073450545031768,,-3577.09174343742,-10.245844742200159,,,,16.907942121769633,1.632593893663838,0.9254820957228553,1.7067417451605178,,,
1.8743118443987383,-4.46227483693966,-48.07529431457231,1.2413416609701335,0.4437856403138074,2.058906847546676,,,1.073450545031768,,-9384.272805387738,-12.592435957077324,,,,16.907942121769633,1.632593893663838,0.9254820957228553,1.7067417451605178,,,
1.8743118443987383,-4.46227483693966,-48.07529431457231,1.2413416609701335,0.4437856403138074,2.058906847546676,,,1.073450545031768,,-8148.978738210123,-10.220927814529926,,,,16.907942121769633,1.632593893663838,0.9254820957228553,1.7067417451605178,,,
1.8743118443987383,-4.46227483693966,-48.07529431457231,1.2413416609701335,0.4437856403138074,2.058906847546676,,,1.073450545031768,,-10361.772741912795,-13.026394087292564,,,,16.907942121769633,1.632593893663838,0.9254820957228553,1.7067417451605178,,,
1.8743118443987383,-4.46227483693966,-48.07529431457231,1.2413416609701335,0.4437856403138074,2.058906847546676,,,1.073450545031768,,-9745.90115360938,-13.641361007005768,,,,16.907942121769633,1.632593893663838,0.9254820957228553,1.7067417451605178,,,
-0.6159572428045872,-3.414777645819749,-48.58480878724836,1.6397458364355484,0.6313690354724106,1.992531281366416,,,1.0792008431827853,,-3146.6080568270495,-20.76206267319619,,,,20.401158730314854,1.6225233322614347,1.0061455512828499,1.58906611726739,,,
-0.6159572428045872,-3.414777645819749,-48.58480878724836,1.6397458364355484,0.6313690354724106,1.992531281366416,,,1.0792008431827853,,-33944.201975935044,-11.461078588449935,,,,20.401158730314854,1.6225233322614347,1.0061455512828499,1.58906611726739,,,
-1.0023096913760872,-3.8851854842802322,-46.508256747365714,1.6175791700679005,0.6811426324817041,1.9392174390936714,,,1.0635058790393934,,-3626.249646362562,-11.22660104989966,,,,20.306384815847526,1.5747788822943365,1.0190411095910221,1.6589707088204306,,,
1.4300876845538901,-2.484985264639622,-49.29685316868379,1.7097509587244701,0.8298595317060689,1.838313721530277,,,1.0468592717575225,,-6837.22770538691,-12.62749234049876,,,,20.680573918908273,1.4429027439480886,1.3668428408095716,2.8551051123135407,,,
1.4300876845538901,-2.484985264639622,-49.29685316868379,1.7097509587244701,0.8298595317060689,1.838313721530277,,,1.0468592717575225,,-16801.224553280008,-11.869764583854755,,,,20.680573918908273,1.4429027439480886,1.3668428408095716,2.8551051123135407,,,
1.4300876845538901,-2.484985264639622,-49.29685316868379,1.7097509587244701,0.8298595317060689,1.838313721530277,,,1.0468592717575225,,-2548.90883019533,-11.172793182617772,,,,20.680573918908273,1.4429027439480886,1.3668428408095716,2.8551051123135407,,,
1.4525150495038937,-2.6879232138319913,-49.596658135773666,1.6989000977083286,0.8201938632348461,1.8423495263896088,,,1.0521022745377064,,-2666.9061215812508,-13.24520495316051,,,,20.720487162506842,1.4332340143010684,1.3302169257267886,2.801976495888435,,,
4.758204239737065,16.59004405469673,-37.39273295708444,1.692645628594832,1.0140350416129087,1.676743444055614,,,1.1053870129389547,,-15801.282221163128,-12.338174779163467,,,,20.242703569450967,1.0194667848870198,2.401348197789681,3.5836206863119853,,,
4.758204239737065,16.59004405469673,-37.39273295708444,1.692645628594832,1.0140350416129087,1.676743444055614,,,1.1053870129389547,,-2381.2179597631352,-11.738555183927929,,,,20.242703569450967,1.0194667848870198,2.401348197789681,3.5836206863119853,,,
4.758204239737065,16.59004405469673,-37.39273295708444,1.692645628594832,1.0140350416129087,1.676743444055614,,,1.1053870129389547,,-3520.6112151916304,-20.581227923540382,,,,20.242703569450967,1.0194667848870198,2.401348197789681,3.5836206863119853,,,
4.758204239737065,16.59004405469673,-37.39273295708444,1.692645628594832,1.0140350416129087,1.676743444055614,,,1.1053870129389547,,-2518.6393582329283,-14.052233717373017,,,,20.242703569450967,1.0194667848870198,2.401348197789681,3.5836206863119853,,,
4.758204239737065,16.59004405469673,-37.39273295708444,1.692645628594832,1.0140350416129087,1.676743444055614,,,1.1053870129389547,,-9095.769653268808,-14.40011732923067,,,,20.242703569450967,1.0194667848870198,2.401348197789681,3.5836206863119853,,,
-7.596956717999527,28.46153187004076,-39.990278555260616,2.2033470130365034,1.0566888015848444,1.6414730785838276,,,1.1164249945225013,,-3307.324588994616,-14.892572559511619,,,,28.119433468697416,1.2368078197873678,2.0480686028708672,2.9767824080103917,,,
-7.596956717999527,28.46153187004076,-39.990278555260616,2.2033470130365034,1.0566888015848444,1.6414730785838276,,,1.1164249945225013,,-9289.276704036289,-11.789874282832681,,,,28.119433468697416,1.2368078197873678,2.0480686028708672,2.9767824080103917,,,
-7.596956717999527,28.46153187004076,-39.990278555260616,2.2033470130365034,1.0566888015848444,1.6414730785838276,,,1.1164249945225013,,-2704.1248269778175,-16.367418848142815,,,,28.119433468697416,1.2368078197873678,2.0480686028708672,2.9767824080103917,,,
-0.061147273669005575,-0.8605317945252337,-15.328805348044979,1.8265456147261399,1.3508438822824516,1.5147237045039832,,,1.0560812714938053,,-3224.325459972354,-14.956548644908375,,,,13.16468580311502,1.1736550742946228,1.9635502246859575,1.8824022552964328,,,
2.3411071021980554,-2.724857097746958,-11.41232029116132,1.5507642536589168,1.065086281334461,1.3478041758437902,,,1.0212371248561407,,-1049428.9183588582,-16.41972888557231,,,,14.466584425323497,1.265483597026433,1.6684385458449202,1.6031276769754523,,,
2.3411071021980554,-2.724857097746958,-11.41232029116132,1.5507642536589168,1.065086281334461,1.3478041758437902,,,1.0212371248561407,,-4561.131434506906,-13.782587911204972,,,,14.466584425323497,1.265483597026433,1.6684385458449202,1.6031276769754523,,,
4.147571685441136,-3.84328280296826,-8.893369606039425,1.383213484571602,0.8914744548277702,1.2463923353391297,,,0.9994745608243346,,-2727.530615273547,-13.046999627717584,,,,15.391334694242905,1.3277724459387263,1.4682592744297789,1.4136909802218207,,,
4.147571685441136,-3.84328280296826,-8.893369606039425,1.383213484571602,0.8914744548277702,1.2463923353391297,,,0.9994745608243346,,-2968.1396435624533,-13.22317743155091,,,,15.391334694242905,1.3277724459387263,1.4682592744297789,1.4136909802218207,,,
1.404540970823869,-0.01775748549439799,-13.362568323859405,1.6867167451290364,1.1415456326654723,1.4698791462533425,,,1.0163256538274643,,-3577.09174343742,-10.245844742200159,,,,12.705427553149796,1.1998570686804975,1.9635012345559806,2.926628274567766,,,
1.404540970823869,-0.01775748549439799,-13.362568323859405,1.6867167451290364,1.1415456326654723,1.4698791462533425,,,1.0163256538274643,,-9384.272805387738,-12.592435957077324,,,,12.705427553149796,1.1998570686804975,1.9635012345559806,2.926628274567766,,,
1.404540970823869,-0.01775748549439799,-13.362568323859405,1.6867167451290364,1.1415456326654723,1.4698791462533425,,,1.0163256538274643,,-8148.978738210123,-10.220927814529926,,,,12.705427553149796,1.1998570686804975,1.9635012345559806,2.926628274567766,,,
1.404540970823869,-0.01775748549439799,-13.362568323859405,1.6867167451290364,1.1415456326654723,1.4698791462533425,,,1.0163256538274643,,-10361.772741912795,-13.026394087292564,,,,12.705427553149796,1.1998570686804975,1.9635012345559806,2.926628274567766,,,
0.06943241132900696,-5.24361047783286,-16.821136552942832,1.90109117359528,0.9436808554751115,1.4300826313969555,,,1.0596768763442745,,-9745.90115360938,-13.641361007005768,,,,15.925628828106149,1.2735946293508533,0.6478779785149935,1.6197583186433004,,,
0.06943241132900696,-5.24361047783286,-16.821136552942832,1.90109117359528,0.9436808554751115,1.4300826313969555,,,1.0596768763442745,,-3146.6080568270495,-20.76206267319619,,,,15.925628828106149,1.2735946293508533,0.6478779785149935,1.6197583186433004,,,
0.06943241132900696,-5.24361047783286,-16.821136552942832,1.90109117359528,0.9436808554751115,1.4300826313969555,,,1.0596768763442745,,-33944.201975935044,-11.461078588449935,,,,15.925628828106149,1.2735946293508533,0.6478779785149935,1.6197583186433004,,,
0.06943241132900696,-5.24361047783286,-16.821136552942832,1.90109117359528,0.9436808554751115,1.4300826313969555,,,1.0596768763442745,,-3626.249646362562,-11.22660104989966,,,,15.925628828106149,1.2735946293508533,0.6478779785149935,1.6197583186433004,,,
0.06943241132900696,-5.24361047783286,-16.821136552942832,1.90109117359528,0.9436808554751115,1.4300826313969555,,,1.0596768763442745,,-6837.22770538691,-12.62749234049876,,,,15.925628828106149,1.2735946293508533,0.6478779785149935,1.6197583186433004,,,
0.07563891585851222,-5.150063620750558,-19.15929888782546,1.8942855029233785,0.8922271098043746,1.4587003088284072,,,1.0512926575293995,,-16801.224553280008,-11.869764583854755,,,,17.069095615186562,1.2764288969404916,0.7191508307367052,1.597675560763293,,,
-2.718283995901446,-6.433299543234547,-34.32325479209832,1.5005622683520001,0.9438953627607117,1.6577759026057135,,,0.9764809020772697,,-2548.90883019533,-11.172793182617772,,,,19.820321452272317,1.266922508834125,1.1021917127969336,2.109715749522895,,,
-2.718283995901446,-6.433299543234547,-34.32325479209832,1.5005622683520001,0.9438953627607117,1.6577759026057135,,,0.9764809020772697,,-2666.9061215812508,-13.24520495316051,,,,19.820321452272317,1.266922508834125,1.1021917127969336,2.109715749522895,,,
-3.4976900782165306,-8.5341550471975,-23.1469921125238,1.4099725884928611,1.147307736264493,1.4398954228147849,,,0.9033707264545355,,-12741.508340623375,-12.28136740264322,,,,19.459720390203092,0.9366092227437443,1.1914078257415361,2.59334086960707,,,
-3.4976900782165306,-8.5341550471975,-23.1469921125238,1.4099725884928611,1.147307736264493,1.4398954228147849,,,0.9033707264545355,,-2381.2179597631352,-11.738555183927929,,,,19.459720390203092,0.9366092227437443,1.1914078257415361,2.59334086960707,,,
-3.4976900782165306,-8.5341550471975,-23.1469921125238,1.4099725884928611,1.147307736264493,1.4398954228147849,,,0.9033707264545355,,-3520.6112151916304,-20.581227923540382,,,,19.459720390203092,0.9366092227437443,1.1914078257415361,2.59334086960707,,,
-3.4976900782165306,-8.5341550471975,-23.1469921125238,1.4099725884928611,1.147307736264493,1.4398954228147849,,,0.9033707264545355,,-2450.2930132404085,-15.773982083561016,,,,19.459720390203092,0.9366092227437443,1.1914078257415361,2.59334086960707,,,
-3.4976900782165306,-8.5341550471975,-23.1469921125238,1.4099725884928611,1.147307736264493,1.4398954228147849,,,0.9033707264545355,,-9085.942589788274,-14.076543500199602,,,,19.459720390203092,0.9366092227437443,1.1914078257415361,2.59334086960707,,,
-3.4976900782165306,-8.5341550471975,-23.1469921125238,1.4099725884928611,1.147307736264493,1.4398954228147849,,,0.9033707264545355,,-3307.324588994616,-14.892572559511619,,,,19.459720390203092,0.9366092227437443,1.1914078257415361,2.59334086960707,,,
-5.863964824471484,-0.7215388473808819,-23.149201365539934,1.8604653480460667,1.1067942216178936,1.5440627910367095,,,0.9862103180523276,,-9289.276704036289,-11.789874282832681,,,,21.665835146322628,1.025110054130116,1.3524082836881217,2.0996416848040966,,,
-2.683234722160926,8.84906543849828,-13.875295631966106,1.7215217149505335,1.0873930210485132,1.3706929197447897,,,1.2906202370335254,,-2704.1248269778175,-16.367418848142815,,,,21.509464587061725,0.8061604490726253,1.0337783468503778,1.476513585315378,,,
-2.683234722160926,8.84906543849828,-13.875295631966106,1.7215217149505335,1.0873930210485132,1.3706929197447897,,,1.2906202370335254,,-3224.325459972354,-14.956548644908375,,,,21.509464587061725,0.8061604490726253,1.0337783468503778,1.476513585315378,,,
-2.683234722160926,8.84906543849828,-13.875295631966106,1.7215217149505335,1.0873930210485132,1.3706929197447897,,,1.2906202370335254,,-1049428.9183588582,-16.41972888557231,,,,21.509464587061725,0.8061604490726253,1.0337783468503778,1.476513585315378,,,
-4.006747055517897,13.17155309436039,-14.372592179747024,1.6464105722051112,1.0480255282926865,1.3241069718513399,,,1.3271120257632243,,-4561.131434506906,-13.782587911204972,,,,26.39226033151856,0.7879001109411433,0.9881486888562044,1.190163739171689,,,
-4.006747055517897,13.17155309436039,-14.372592179747024,1.6464105722051112,1.0480255282926865,1.3241069718513399,,,1.3271120257632243,,-2727.530615273547,-13.046999627717584,,,,26.39226033151856,0.7879001109411433,0.9881486888562044,1.190163739171689,,,
-4.006747055517897,13.17155309436039,-14.372592179747024,1.6464105722051112,1.0480255282926865,1.3241069718513399,,,1.3271120257632243,,-2968.1396435624533,-13.22317743155091,,,,26.39226033151856,0.7879001109411433,0.9881486888562044,1.190163739171689,,,
0.43379278643643127,-0.14176736804694218,-1.82343210997497,1.5996012321231903,1.0204525712366967,1.635445215407162,,,1.1669335226699562,,-3577.09174343742,-10.245844742200159,,,,2.8451586006941487,0.8738186591729672,1.3575268297906748,1.5975118870869924,,,
0.43379278643643127,-0.14176736804694218,-1.82343210997497,1.5996012321231903,1.0204525712366967,1.635445215407162,,,1.1669335226699562,,-9371.791578537848,-12.584244595850874,,,,2.8451586006941487,0.8738186591729672,1.3575268297906748,1.5975118870869924,,,
0.6612429879361748,-1.4105231214701768,-1.357515687259658,2.104228263858628,1.161193267320359,1.7888285069150944,,,0.9781028216527975,,-8148.978738210123,-10.220927814529926,,,,2.8650534493031006,0.8287059331301614,1.6248848353252727,2.502217892180226,,,
0.7964619044494063,-0.8255316555758506,-2.449765563266624,1.8550078885217745,1.1296240862735036,1.7036640792705642,,,1.012173667583267,,-10361.772741912795,-13.026394087292564,,,,3.4544420332026005,0.8318895301059561,1.7301910311355118,2.0797603577147012,,,
0.7964619044494063,-0.8255316555758506,-2.449765563266624,1.8550078885217745,1.1296240862735036,1.7036640792705642,,,1.012173667583267,,-9232.47076963945,-13.780146422037172,,,,3.4544420332026005,0.8318895301059561,1.7301910311355118,2.0797603577147012,,,
4.994524352973826,-5.425556128487909,-7.225189834796913,1.8845879682907534,0.7927251530443682,1.6183170586392164,,,0.951079208519627,,-3146.6080568270495,-20.76206267319619,,,,5.770318619941343,1.6140314197639114,1.4990599404340232,1.4188958909027218,,,
3.838392827806899,-4.373756371615652,-7.513203981401975,1.8117197190611511,0.8317042121195887,1.6239889564590508,,,0.979305714656178,,-32537.62804548177,-11.453907427671762,,,,5.692261942045002,1.5122394585841252,1.5083542937259091,1.5678604387787123,,,
3.838392827806899,-4.373756371615652,-7.513203981401975,1.8117197190611511,0.8317042121195887,1.6239889564590508,,,0.979305714656178,,-3626.249646362562,-11.22660104989966,,,,5.692261942045002,1.5122394585841252,1.5083542937259091,1.5678604387787123,,,
3.838392827806899,-4.373756371615652,-7.513203981401975,1.8117197190611511,0.8317042121195887,1.6239889564590508,,,0.979305714656178,,-6837.22770538691,-12.62749234049876,,,,5.692261942045002,1.5122394585841252,1.5083542937259091,1.5678604387787123,,,
3.838392827806899,-4.373756371615652,-7.513203981401975,1.8117197190611511,0.8317042121195887,1.6239889564590508,,,0.979305714656178,,-16801.224553280008,-11.869764583854755,,,,5.692261942045002,1.5122394585841252,1.5083542937259091,1.5678604387787123,,,
1.784650804709983,-3.0151510839835574,-10.260733383270017,2.254013418170753,1.0035271178622387,1.674012125107298,,,1.030953393388235,,-2548.90883019533,-11.172793182617772,,,,8.724750308868895,1.5346261774253105,1.404833608399667,1.3660773501394041,,,
1.784650804709983,-3.0151510839835574,-10.260733383270017,2.254013418170753,1.0035271178622387,1.674012125107298,,,1.030953393388235,,-2666.9061215812508,-13.24520495316051,,,,8.724750308868895,1.5346261774253105,1.404833608399667,1.3660773501394041,,,
0.894119047782328,-3.962605222933345,-16.834698836387325,2.3477901660162677,0.9844431739220783,1.6959837740142985,,,1.0051380769774416,,-12741.508340623375,-12.28136740264322,,,,13.980607196473516,1.6156454449713804,1.4499434901430166,1.5047808784347956,,,
0.894119047782328,-3.962605222933345,-16.834698836387325,2.3477901660162677,0.9844431739220783,1.6959837740142985,,,1.0051380769774416,,-2381.2179597631352,-11.738555183927929,,,,13.980607196473516,1.6156454449713804,1.4499434901430166,1.5047808784347956,,,
0.894119047782328,-3.962605222933345,-16.834698836387325,2.3477901660162677,0.9844431739220783,1.6959837740142985,,,1.0051380769774416,,-3520.6112151916304,-20.581227923540382,,,,13.980607196473516,1.6156454449713804,1.4499434901430166,1.5047808784347956,,,
1.9844221814924097,-17.063190101100933,-29.413099938578856,2.5944583073904157,1.1846291841050491,1.9221067539441254,,,0.8579567238264821,,-2450.2930132404085,-15.773982083561016,,,,19.402251536350406,2.6211116992602115,1.854559412061126,1.727170273204249,,,
1.9844221814924097,-17.063190101100933,-29.413099938578856,2.5944583073904157,1.1846291841050491,1.9221067539441254,,,0.8579567238264821,,-8541.604534275762,-11.77333097205792,,,,19.402251536350406,2.6211116992602115,1.854559412061126,1.727170273204249,,,
1.9844221814924097,-17.063190101100933,-29.413099938578856,2.5944583073904157,1.1846291841050491,1.9221067539441254,,,0.8579567238264821,,-3307.324588994616,-14.892572559511619,,,,19.402251536350406,2.6211116992602115,1.854559412061126,1.727170273204249,,,
1.9844221814924097,-17.063190101100933,-29.413099938578856,2.5944583073904157,1.1846291841050491,1.9221067539441254,,,0.8579567238264821,,-7249.301354152219,-11.938836920561258,,,,19.402251536350406,2.6211116992602115,1.854559412061126,1.727170273204249,,,
5.319800620287817,-23.10626173135378,-37.37477615301139,2.5961368511283456,1.1573354690187097,1.9709970873178793,,,0.8190615451555854,,-2704.1248269778175,-16.367418848142815,,,,21.86412570567547,2.905856733100269,1.9202254602411304,2.0605541780418055,,,
5.319800620287817,-23.10626173135378,-37.37477615301139,2.5961368511283456,1.1573354690187097,1.9709970873178793,,,0.8190615451555854,,-3024.151150374962,-14.447064767624566,,,,21.86412570567547,2.905856733100269,1.9202254602411304,2.0605541780418055,,,
5.319800620287817,-23.10626173135378,-37.37477615301139,2.5961368511283456,1.1573354690187097,1.9709970873178793,,,0.8190615451555854,,-1049428.9183588582,-16.41972888557231,,,,21.86412570567547,2.905856733100269,1.9202254602411304,2.0605541780418055,,,
4.209590470683275,-16.26620669585674,-47.39335952030452,2.345576745548297,0.8807070641414435,1.8886290993955106,,,0.873733520784344,,-4561.131434506906,-13.782587911204972,,,,28.16924291174356,2.2303613721288564,1.765643758725631,1.723498708597325,,,
4.209590470683275,-16.26620669585674,-47.39335952030452,2.345576745548297,0.8807070641414435,1.8886290993955106,,,0.873733520784344,,-2655.5604444097944,-12.478423462165662,,,,28.16924291174356,2.2303613721288564,1.765643758725631,1.723498708597325,,,
4.209590470683275,-16.26620669585674,-47.39335952030452,2.345576745548297,0.8807070641414435,1.8886290993955106,,,0.873733520784344,,-2816.5392805151623,-16.181519593157137,,,,28.16924291174356,2.2303613721288564,1.765643758725631,1.723498708597325,,,
4.209590470683275,-16.26620669585674,-47.39335952030452,2.345576745548297,0.8807070641414435,1.8886290993955106,,,0.873733520784344,,-3577.09174343742,-10.245844742200159,,,,28.16924291174356,2.2303613721288564,1.765643758725631,1.723498708597325,,,
4.209590470683275,-16.26620669585674,-47.39335952030452,2.345576745548297,0.8807070641414435,1.8886290993955106,,,0.873733520784344,,-6040.268769020655,-13.326731640569141,,,,28.16924291174356,2.2303613721288564,1.765643758725631,1.723498708597325,,,
3.902109600606524,-18.80967198812637,-7.1786071192505565,2.221244946731187,0.7582209482607927,1.8680220857277932,,,0.8421609643783753,,-8148.978738210123,-10.220927814529926,,,,30.01020785475765,2.507801773498855,1.7136051657692006,0.03031014044161652,,,
3.902109600606524,-18.80967198812637,-7.1786071192505565,2.221244946731187,0.7582209482607927,1.8680220857277932,,,0.8421609643783753,,-7699.070048869771,-12.25533049441771,,,,30.01020785475765,2.507801773498855,1.7136051657692006,0.03031014044161652,,,
3.902109600606524,-18.80967198812637,-7.1786071192505565,2.221244946731187,0.7582209482607927,1.8680220857277932,,,0.8421609643783753,,-9232.47076963945,-13.780146422037172,,,,30.01020785475765,2.507801773498855,1.7136051657692006,0.03031014044161652,,,
24.59226333895018,-0.29117765339772245,-1.5684522051961034,1.2037878449143848,0.36179119959122175,1.240615786017668,,,0.41975133138337445,,-3146.6080568270495,-20.76206267319619,,,,8.262084967506912,4.992322664999607,5.4463192689778746,60.632457147692925,,,
24.59226333895018,-0.29117765339772245,-1.5684522051961034,1.2037878449143848,0.36179119959122175,1.240615786017668,,,0.41975133138337445,,-18196.940109530286,-14.279781268393606,,,,8.262084967506912,4.992322664999607,5.4463192689778746,60.632457147692925,,,
19.102357645623268,3.491056426968949,-0.11111681973341489,1.0587505314037124,0.5123034649365907,1.2605441744598742,,,0.4730087333468948,,-3133.510514831604,-11.182698224230476,,,,7.952742922889968,3.6836978451821247,7.545950884208727,44.28572484851958,,,
19.102357645623268,3.491056426968949,-0.11111681973341489,1.0587505314037124,0.5123034649365907,1.2605441744598742,,,0.4730087333468948,,-6837.22770538691,-12.62749234049876,,,,7.952742922889968,3.6836978451821247,7.545950884208727,44.28572484851958,,,
19.102357645623268,3.491056426968949,-0.11111681973341489,1.0587505314037124,0.5123034649365907,1.2605441744598742,,,0.4730087333468948,,-7676.751759339923,-11.479153758872025,,,,7.952742922889968,3.6836978451821247,7.545950884208727,44.28572484851958,,,
19.102357645623268,3.491056426968949,-0.11111681973341489,1.0587505314037124,0.5123034649365907,1.2605441744598742,,,0.4730087333468948,,-2548.90883019533,-11.172793182617772,,,,7.952742922889968,3.6836978451821247,7.545950884208727,44.28572484851958,,,
19.102357645623268,3.491056426968949,-0.11111681973341489,1.0587505314037124,0.5123034649365907,1.2605441744598742,,,0.4730087333468948,,-2666.9061215812508,-13.24520495316051,,,,7.952742922889968,3.6836978451821247,7.545950884208727,44.28572484851958,,,
19.102357645623268,3.491056426968949,-0.11111681973341489,1.0587505314037124,0.5123034649365907,1.2605441744598742,,,0.4730087333468948,,-12741.508340623375,-12.28136740264322,,,,7.952742922889968,3.6836978451821247,7.545950884208727,44.28572484851958,,,
19.102357645623268,3.491056426968949,-0.11111681973341489,1.0587505314037124,0.5123034649365907,1.2605441744598742,,,0.4730087333468948,,-2381.2179597631352,-11.738555183927929,,,,7.952742922889968,3.6836978451821247,7.545950884208727,44.28572484851958,,,
19.102357645623268,3.491056426968949,-0.11111681973341489,1.0587505314037124,0.5123034649365907,1.2605441744598742,,,0.4730087333468948,,-3520.6112151916304,-20.581227923540382,,,,7.952742922889968,3.6836978451821247,7.545950884208727,44.28572484851958,,,
13.569752060273547,3.424689602779607,-3.1326446904323317,1.072650804079626,0.6009626712734341,1.2957831620625857,,,0.549215822213992,,-2450.2930132404085,-15.773982083561016,,,,7.634179078497112,2.7443483583063335,5.8173725532704585,30.78587683589449,,,
10.076336998462253,0.6512124595721079,-23.56476032292737,1.1250923002220872,0.5521005170660914,1.5330179982962413,,,0.752386177444497,,-8526.878624706918,-11.744700065555982,,,,9.203456540700406,2.0408309043448565,2.7217876654157274,12.384620323726088,,,
6.0051817093008415,1.8152047062814256,-25.645656151867083,1.7548182616527794,0.8012491381211861,1.6089100034083317,,,0.8917469969676619,,-3307.324588994616,-14.892572559511619,,,,12.741889975989379,1.7828350026253643,1.9474936279685204,6.329707292003178,,,
6.0051817093008415,1.8152047062814256,-25.645656151867083,1.7548182616527794,0.8012491381211861,1.6089100034083317,,,0.8917469969676619,,-7249.301354152219,-11.938836920561258,,,,12.741889975989379,1.7828350026253643,1.9474936279685204,6.329707292003178,,,
6.0051817093008415,1.8152047062814256,-25.645656151867083,1.7548182616527794,0.8012491381211861,1.6089100034083317,,,0.8917469969676619,,-2704.1248269778175,-16.367418848142815,,,,12.741889975989379,1.7828350026253643,1.9474936279685204,6.329707292003178,,,
6.0051817093008415,1.8152047062814256,-25.645656151867083,1.7548182616527794,0.8012491381211861,1.6089100034083317,,,0.8917469969676619,,-3024.151150374962,-14.447064767624566,,,,12.741889975989379,1.7828350026253643,1.9474936279685204,6.329707292003178,,,
3.3704132401544955,13.419204007970007,-7.144391554251019,1.7673175343166323,1.0745325676484154,1.4192010268629667,,,0.8758351270128958,,-1049428.9183588582,-16.41972888557231,,,,11.529058796389753,1.4112056486018265,3.8984627673245593,6.717598791835919,,,
3.3704132401544955,13.419204007970007,-7.144391554251019,1.7673175343166323,1.0745325676484154,1.4192010268629667,,,0.8758351270128958,,-4561.131434506906,-13.782587911204972,,,,11.529058796389753,1.4112056486018265,3.8984627673245593,6.717598791835919,,,
0.33885222368411744,11.851292683166307,-15.245831270414493,2.204725696798175,1.1622512295298493,1.5418438505790693,,,0.9618550245181349,,-2655.5604444097944,-12.478423462165662,,,,15.993629225925448,1.5018871619898746,2.691333572766099,4.221798623888706,,,
0.1764003632762538,17.75461354418756,-22.53915893594009,2.2777976788196828,1.3358609692360575,1.627037795142736,,,0.7209754816319387,,-2816.5392805151623,-16.181519593157137,,,,18.786159772693047,2.52076732206025,5.449879387481793,8.777853582830481,,,
0.1764003632762538,17.75461354418756,-22.53915893594009,2.2777976788196828,1.3358609692360575,1.627037795142736,,,0.7209754816319387,,-3577.09174343742,-10.245844742200159,,,,18.786159772693047,2.52076732206025,5.449879387481793,8.777853582830481,,,
0.19623442081534756,18.35744508763909,-24.293018835288798,2.2809639557991983,1.3649091100132758,1.6432073110935286,,,0.7266798294287143,,-6040.268769020655,-13.326731640569141,,,,19.262343900662888,2.42427663896702,5.482490733953555,8.991511915920038,,,
0.19623442081534756,18.35744508763909,-24.293018835288798,2.2809639557991983,1.3649091100132758,1.6432073110935286,,,0.7266798294287143,,-7829.526935210419,-11.036528152181859,,,,19.262343900662888,2.42427663896702,5.482490733953555,8.991511915920038,,,
34.41904497614136,117.46690620209112,-10.387112210252454,2.323922203536115,1.4705229999632525,1.670847667346979,,,0.2494704909718954,,-7699.070048869771,-12.25533049441771,,,,31.6590204952526,16.70007929981905,56.792855885551944,109.98733302314365,,,
12.565845573132338,14.044024984265802,-57.37525600096232,2.3317514371633616,1.257274123306147,1.7495868856700927,,,0.5619131184071993,,-6642.008255061507,-15.003799569005608,,,,30.30176757044138,4.051260594945803,8.690381911621754,15.347643474079234,,,
12.565845573132338,14.044024984265802,-57.37525600096232,2.3317514371633616,1.257274123306147,1.7495868856700927,,,0.5619131184071993,,-3146.6080568270495,-20.76206267319619,,,,30.30176757044138,4.051260594945803,8.690381911621754,15.347643474079234,,,
12.565845573132338,14.044024984265802,-57.37525600096232,2.3317514371633616,1.257274123306147,1.7495868856700927,,,0.5619131184071993,,-18196.940109530286,-14.279781268393606,,,,30.30176757044138,4.051260594945803,8.690381911621754,15.347643474079234,,,
12.565845573132338,14.044024984265802,-57.37525600096232,2.3317514371633616,1.257274123306147,1.7495868856700927,,,0.5619131184071993,,-3133.510514831604,-11.182698224230476,,,,30.30176757044138,4.051260594945803,8.690381911621754,15.347643474079234,,,
12.565845573132338,14.044024984265802,-57.37525600096232,2.3317514371633616,1.257274123306147,1.7495868856700927,,,0.5619131184071993,,-6837.22770538691,-12.62749234049876,,,,30.30176757044138,4.051260594945803,8.690381911621754,15.347643474079234,,,
8.466060214437823,28.570949507207303,-57.01492913091523,2.490214970175035,1.577411569153027,1.8056615291647506,,,0.6838046590490381,,-7676.751759339923,-11.479153758872025,,,,32.58147017016615,2.2787864309818917,7.370400427115896,14.12875870766907,,,
0.9574350943738948,0.4504598324585393,-1.1722610088947139,0.04536830281861581,0.8614193418285164,0.39860690394833376,,,1.549019473065882,,-2548.90883019533,-11.172793182617772,,,,0.4649813307303115,0.8205108115758326,0.5254159619464289,3.4132180784974495,,,
0.9574350943738948,0.4504598324585393,-1.1722610088947139,0.04536830281861581,0.8614193418285164,0.39860690394833376,,,1.549019473065882,,-2637.225408067085,-13.108336264019677,,,,0.4649813307303115,0.8205108115758326,0.5254159619464289,3.4132180784974495,,,
0.9574350943738948,0.4504598324585393,-1.1722610088947139,0.04536830281861581,0.8614193418285164,0.39860690394833376,,,1.549019473065882,,-9944.417368725033,-11.625281432247874,,,,0.4649813307303115,0.8205108115758326,0.5254159619464289,3.4132180784974495,,,
0.9574350943738948,0.4504598324585393,-1.1722610088947139,0.04536830281861581,0.8614193418285164,0.39860690394833376,,,1.549019473065882,,-2381.2179597631352,-11.738555183927929,,,,0.4649813307303115,0.8205108115758326,0.5254159619464289,3.4132180784974495,,,
0.9574350943738948,0.4504598324585393,-1.1722610088947139,0.04536830281861581,0.8614193418285164,0.39860690394833376,,,1.549019473065882,,-3520.6112151916304,-20.581227923540382,,,,0.4649813307303115,0.8205108115758326,0.5254159619464289,3.4132180784974495,,,
0.9574350943738948,0.4504598324585393,-1.1722610088947139,0.04536830281861581,0.8614193418285164,0.39860690394833376,,,1.549019473065882,,-2450.2930132404085,-15.773982083561016,,,,0.4649813307303115,0.8205108115758326,0.5254159619464289,3.4132180784974495,,,
0.9574350943738948,0.4504598324585393,-1.1722610088947139,0.04536830281861581,0.8614193418285164,0.39860690394833376,,,1.549019473065882,,-5342.235563365069,-12.876191212349259,,,,0.4649813307303115,0.8205108115758326,0.5254159619464289,3.4132180784974495,,,
0.9574350943738948,0.4504598324585393,-1.1722610088947139,0.04536830281861581,0.8614193418285164,0.39860690394833376,,,1.549019473065882,,-3170.0161481440723,-15.222166716828777,,,,0.4649813307303115,0.8205108115758326,0.5254159619464289,3.4132180784974495,,,
0.9574350943738948,0.4504598324585393,-1.1722610088947139,0.04536830281861581,0.8614193418285164,0.39860690394833376,,,1.549019473065882,,-7249.301354152219,-11.938836920561258,,,,0.4649813307303115,0.8205108115758326,0.5254159619464289,3.4132180784974495,,,
0.9574350943738948,0.4504598324585393,-1.1722610088947139,0.04536830281861581,0.8614193418285164,0.39860690394833376,,,1.549019473065882,,-2603.83870063145,-17.58508267453189,,,,0.4649813307303115,0.8205108115758326,0.5254159619464289,3.4132180784974495,,,
0.9574350943738948,0.4504598324585393,-1.1722610088947139,0.04536830281861581,0.8614193418285164,0.39860690394833376,,,1.549019473065882,,-3024.151150374962,-14.447064767624566,,,,0.4649813307303115,0.8205108115758326,0.5254159619464289,3.4132180784974495,,,
0.9574350943738948,0.4504598324585393,-1.1722610088947139,0.04536830281861581,0.8614193418285164,0.39860690394833376,,,1.549019473065882,,-1049428.9183588582,-16.41972888557231,,,,0.4649813307303115,0.8205108115758326,0.5254159619464289,3.4132180784974495,,,
0.9574350943738948,0.4504598324585393,-1.1722610088947139,0.04536830281861581,0.8614193418285164,0.39860690394833376,,,1.549019473065882,,-4561.131434506906,-13.782587911204972,,,,0.4649813307303115,0.8205108115758326,0.5254159619464289,3.4132180784974495,,,
0.9574350943738948,0.4504598324585393,-1.1722610088947139,0.04536830281861581,0.8614193418285164,0.39860690394833376,,,1.549019473065882,,-2655.5604444097944,-12.478423462165662,,,,0.4649813307303115,0.8205108115758326,0.5254159619464289,3.4132180784974495,,,
0.9574350943738948,0.4504598324585393,-1.1722610088947139,0.04536830281861581,0.8614193418285164,0.39860690394833376,,,1.549019473065882,,-2816.5392805151623,-16.181519593157137,,,,0.4649813307303115,0.8205108115758326,0.5254159619464289,3.4132180784974495,,,
0.9574350943738948,0.4504598324585393,-1.1722610088947139,0.04536830281861581,0.8614193418285164,0.39860690394833376,,,1.549019473065882,,-3577.09174343742,-10.245844742200159,,,,0.4649813307303115,0.8205108115758326,0.5254159619464289,3.4132180784974495,,,
0.9574350943738948,0.4504598324585393,-1.1722610088947139,0.04536830281861581,0.8614193418285164,0.39860690394833376,,,1.549019473065882,,-6040.268769020655,-13.326731640569141,,,,0.4649813307303115,0.8205108115758326,0.5254159619464289,3.4132180784974495,,,
0.9574350943738948,0.4504598324585393,-1.1722610088947139,0.04536830281861581,0.8614193418285164,0.39860690394833376,,,1.549019473065882,,-6789.948852095273,-11.550855018663617,,,,0.4649813307303115,0.8205108115758326,0.5254159619464289,3.4132180784974495,,,
0.9574350943738948,0.4504598324585393,-1.1722610088947139,0.04536830281861581,0.8614193418285164,0.39860690394833376,,,1.549019473065882,,-7699.070048869771,-12.25533049441771,,,,0.4649813307303115,0.8205108115758326,0.5254159619464289,3.4132180784974495,,,
0.9574350943738948,0.4504598324585393,-1.1722610088947139,0.04536830281861581,0.8614193418285164,0.39860690394833376,,,1.549019473065882,,-6479.435076315684,-13.7328329345889,,,,0.4649813307303115,0.8205108115758326,0.5254159619464289,3.4132180784974495,,,
0.9574350943738948,0.4504598324585393,-1.1722610088947139,0.04536830281861581,0.8614193418285164,0.39860690394833376,,,1.549019473065882,,-3146.6080568270495,-20.76206267319619,,,,0.4649813307303115,0.8205108115758326,0.5254159619464289,3.4132180784974495,,,
0.9574350943738948,0.4504598324585393,-1.1722610088947139,0.04536830281861581,0.8614193418285164,0.39860690394833376,,,1.549019473065882,,-14394.967229583264,-13.115211100551923,,,,0.4649813307303115,0.8205108115758326,0.5254159619464289,3.4132180784974495,,,
0.9574350943738948,0.4504598324585393,-1.1722610088947139,0.04536830281861581,0.8614193418285164,0.39860690394833376,,,1.549019473065882,,-2941.850718815097,-11.281460510849715,,,,0.4649813307303115,0.8205108115758326,0.5254159619464289,3.4132180784974495,,,
0.9574350943738948,0.4504598324585393,-1.1722610088947139,0.04536830281861581,0.8614193418285164,0.39860690394833376,,,1.549019473065882,,-6837.22770538691,-12.62749234049876,,,,0.4649813307303115,0.8205108115758326,0.5254159619464289,3.4132180784974495,,,
0.9574350943738948,0.4504598324585393,-1.1722610088947139,0.04536830281861581,0.8614193418285164,0.39860690394833376,,,1.549019473065882,,-7676.751759339923,-11.479153758872025,,,,0.4649813307303115,0.8205108115758326,0.5254159619464289,3.4132180784974495,,,
0.9574350943738948,0.4504598324585393,-1.1722610088947139,0.04536830281861581,0.8614193418285164,0.39860690394833376,,,1.549019473065882,,-2548.90883019533,-11.172793182617772,,,,0.4649813307303115,0.8205108115758326,0.5254159619464289,3.4132180784974495,,,
0.9574350943738948,0.4504598324585393,-1.1722610088947139,0.04536830281861581,0.8614193418285164,0.39860690394833376,,,1.549019473065882,,-2637.225408067085,-13.108336264019677,,,,0.4649813307303115,0.8205108115758326,0.5254159619464289,3.4132180784974495,,,
0.9574350943738948,0.4504598324585393,-1.1722610088947139,0.04536830281861581,0.8614193418285164,0.39860690394833376,,,1.549019473065882,,-9944.417368725033,-11.625281432247874,,,,0.4649813307303115,0.8205108115758326,0.5254159619464289,3.4132180784974495,,,
0.9484669344096844,0.46571519775155606,-1.2838727169751811,0.07712114611386811,0.8757507337001753,0.507573463032047,,,1.5121862013293883,,-2359.0879841878273,-11.772807686441938,,,,0.4956962535690779,0.8258444836645258,0.5686083067925742,3.434837843372601,,,
0.9484669344096844,0.46571519775155606,-1.2838727169751811,0.07712114611386811,0.8757507337001753,0.507573463032047,,,1.5121862013293883,,-3520.6112151916304,-20.581227923540382,,,,0.4956962535690779,0.8258444836645258,0.5686083067925742,3.434837843372601,,,
1.2688759033332582,-0.14669070414100988,-2.766086358662083,1.826431725155068,1.374347951051605,1.5360210996746007,,,1.2861581312717123,,-2450.2930132404085,-15.773982083561016,,,,2.8949339244622676,1.0745862976967457,1.2031786958564117,0.6468883813924421,,,
1.2688759033332582,-0.14669070414100988,-2.766086358662083,1.826431725155068,1.374347951051605,1.5360210996746007,,,1.2861581312717123,,-5342.235563365069,-12.876191212349259,,,,2.8949339244622676,1.0745862976967457,1.2031786958564117,0.6468883813924421,,,
1.2688759033332582,-0.14669070414100988,-2.766086358662083,1.826431725155068,1.374347951051605,1.5360210996746007,,,1.2861581312717123,,-2578.089084174041,-15.380700332074195,,,,2.8949339244622676,1.0745862976967457,1.2031786958564117,0.6468883813924421,,,
1.0624964163353976,-0.5335461647276939,-2.6459343484645292,1.9212036858834785,1.301628948108191,1.6222678678404718,,,1.1900589940303485,,-7249.301354152219,-11.938836920561258,,,,2.884670223782772,1.0179220762997947,1.3003627475127453,1.0744573023548416,,,
2.44235517445204,-2.0717326132876956,-4.016685910299268,1.9206267966044814,1.0713726311962195,1.595900503968417,,,1.1179131457429659,,-2603.83870063145,-17.58508267453189,,,,3.734103432319317,1.301775965360163,1.2751873421679978,0.9674419766536968,,,
2.44235517445204,-2.0717326132876956,-4.016685910299268,1.9206267966044814,1.0713726311962195,1.595900503968417,,,1.1179131457429659,,-3024.151150374962,-14.447064767624566,,,,3.734103432319317,1.301775965360163,1.2751873421679978,0.9674419766536968,,,
2.44235517445204,-2.0717326132876956,-4.016685910299268,1.9206267966044814,1.0713726311962195,1.595900503968417,,,1.1179131457429659,,-958969.9031343784,-14.095755301330733,,,,3.734103432319317,1.301775965360163,1.2751873421679978,0.9674419766536968,,,
2.44235517445204,-2.0717326132876956,-4.016685910299268,1.9206267966044814,1.0713726311962195,1.595900503968417,,,1.1179131457429659,,-4561.131434506906,-13.782587911204972,,,,3.734103432319317,1.301775965360163,1.2751873421679978,0.9674419766536968,,,
2.44235517445204,-2.0717326132876956,-4.016685910299268,1.9206267966044814,1.0713726311962195,1.595900503968417,,,1.1179131457429659,,-2655.5604444097944,-12.478423462165662,,,,3.734103432319317,1.301775965360163,1.2751873421679978,0.9674419766536968,,,
2.44235517445204,-2.0717326132876956,-4.016685910299268,1.9206267966044814,1.0713726311962195,1.595900503968417,,,1.1179131457429659,,-2816.5392805151623,-16.181519593157137,,,,3.734103432319317,1.301775965360163,1.2751873421679978,0.9674419766536968,,,
2.44235517445204,-2.0717326132876956,-4.016685910299268,1.9206267966044814,1.0713726311962195,1.595900503968417,,,1.1179131457429659,,-3577.09174343742,-10.245844742200159,,,,3.734103432319317,1.301775965360163,1.2751873421679978,0.9674419766536968,,,
2.44235517445204,-2.0717326132876956,-4.016685910299268,1.9206267966044814,1.0713726311962195,1.595900503968417,,,1.1179131457429659,,-6040.268769020655,-13.326731640569141,,,,3.734103432319317,1.301775965360163,1.2751873421679978,0.9674419766536968,,,
2.44235517445204,-2.0717326132876956,-4.016685910299268,1.9206267966044814,1.0713726311962195,1.595900503968417,,,1.1179131457429659,,-6789.948852095273,-11.550855018663617,,,,3.734103432319317,1.301775965360163,1.2751873421679978,0.9674419766536968,,,
2.446177705653924,-2.07393729426092,-4.935833627953382,1.9978518512290921,1.1204072620264276,1.6185665518381775,,,1.1196318216690688,,-7699.070048869771,-12.25533049441771,,,,3.8682705877092336,1.2720298592052344,1.3122145635614935,1.4528980624154175,,,
2.446177705653924,-2.07393729426092,-4.935833627953382,1.9978518512290921,1.1204072620264276,1.6185665518381775,,,1.1196318216690688,,-6479.435076315684,-13.7328329345889,,,,3.8682705877092336,1.2720298592052344,1.3122145635614935,1.4528980624154175,,,
2.446177705653924,-2.07393729426092,-4.935833627953382,1.9978518512290921,1.1204072620264276,1.6185665518381775,,,1.1196318216690688,,-3146.6080568270495,-20.76206267319619,,,,3.8682705877092336,1.2720298592052344,1.3122145635614935,1.4528980624154175,,,
2.446177705653924,-2.07393729426092,-4.935833627953382,1.9978518512290921,1.1204072620264276,1.6185665518381775,,,1.1196318216690688,,-14394.967229583264,-13.115211100551923,,,,3.8682705877092336,1.2720298592052344,1.3122145635614935,1.4528980624154175,,,
2.446177705653924,-2.07393729426092,-4.935833627953382,1.9978518512290921,1.1204072620264276,1.6185665518381775,,,1.1196318216690688,,-2941.850718815097,-11.281460510849715,,,,3.8682705877092336,1.2720298592052344,1.3122145635614935,1.4528980624154175,,,
1.359244033159252,-3.089070617380038,-7.809663524341294,1.7151867489226964,1.1333415935883235,1.5326575971158596,,,1.0213801886344056,,-6837.22770538691,-12.62749234049876,,,,6.2923498777882045,1.1458671522050272,1.266775185626916,1.8818560217469797,,,
1.359244033159252,-3.089070617380038,-7.809663524341294,1.7151867489226964,1.1333415935883235,1.5326575971158596,,,1.0213801886344056,,-7449.943084920779,-11.468274324189561,,,,6.2923498777882045,1.1458671522050272,1.266775185626916,1.8818560217469797,,,
1.359244033159252,-3.089070617380038,-7.809663524341294,1.7151867489226964,1.1333415935883235,1.5326575971158596,,,1.0213801886344056,,-2548.90883019533,-11.172793182617772,,,,6.2923498777882045,1.1458671522050272,1.266775185626916,1.8818560217469797,,,
1.3050873703138681,-2.620223722152607,-7.711658144566848,1.7373550236714723,1.105356433284619,1.5185691053068238,,,1.051173088787256,,-2634.8990280720786,-15.130931662682162,,,,6.5071866948662045,1.1067264884324757,1.2174752226381238,1.7988470877241323,,,
1.7353976921014787,-2.3975581639087475,-12.78047346524669,2.326328499463142,1.4332835151153858,1.698645747169985,,,1.0843587047939836,,-7684.07599059943,-12.141801652043002,,,,8.029679340257045,0.9558007759887579,1.5099390515100037,5.08053188182099,,,
1.7353976921014787,-2.3975581639087475,-12.78047346524669,2.326328499463142,1.4332835151153858,1.698645747169985,,,1.0843587047939836,,-2359.0879841878273,-11.772807686441938,,,,8.029679340257045,0.9558007759887579,1.5099390515100037,5.08053188182099,,,
0.5055995022941732,-2.0899572061084597,-15.073318199467266,2.1627933129922345,1.3186737046368011,1.644381415510392,,,1.050949576534793,,-3520.6112151916304,-20.581227923540382,,,,10.306848296462524,0.9772257128516958,1.4612430205447067,4.159076833101789,,,
0.5055995022941732,-2.0899572061084597,-15.073318199467266,2.1627933129922345,1.3186737046368011,1.644381415510392,,,1.050949576534793,,-2450.2930132404085,-15.773982083561016,,,,10.306848296462524,0.9772257128516958,1.4612430205447067,4.159076833101789,,,
0.5055995022941732,-2.0899572061084597,-15.073318199467266,2.1627933129922345,1.3186737046368011,1.644381415510392,,,1.050949576534793,,-5342.235563365069,-12.876191212349259,,,,10.306848296462524,0.9772257128516958,1.4612430205447067,4.159076833101789,,,
0.5055995022941732,-2.0899572061084597,-15.073318199467266,2.1627933129922345,1.3186737046368011,1.644381415510392,,,1.050949576534793,,-2578.089084174041,-15.380700332074195,,,,10.306848296462524,0.9772257128516958,1.4612430205447067,4.159076833101789,,,
0.5055995022941732,-2.0899572061084597,-15.073318199467266,2.1627933129922345,1.3186737046368011,1.644381415510392,,,1.050949576534793,,-5155.1338066358,-15.326388768830828,,,,10.306848296462524,0.9772257128516958,1.4612430205447067,4.159076833101789,,,
0.5055995022941732,-2.0899572061084597,-15.073318199467266,2.1627933129922345,1.3186737046368011,1.644381415510392,,,1.050949576534793,,-2603.83870063145,-17.58508267453189,,,,10.306848296462524,0.9772257128516958,1.4612430205447067,4.159076833101789,,,
-1.3065246762012277,-1.300802432088588,-8.165134482618472,1.1217363562286122,0.982580447647803,1.6476858389302893,,,0.9896235525029704,,-3024.151150374962,-14.447064767624566,,,,4.162142118328618,1.1210023426130233,1.0289444283436193,1.8886749851697646,,,
-1.3065246762012277,-1.300802432088588,-8.165134482618472,1.1217363562286122,0.982580447647803,1.6476858389302893,,,0.9896235525029704,,-958969.9031343784,-14.095755301330733,,,,4.162142118328618,1.1210023426130233,1.0289444283436193,1.8886749851697646,,,
-1.3065246762012277,-1.300802432088588,-8.165134482618472,1.1217363562286122,0.982580447647803,1.6476858389302893,,,0.9896235525029704,,-4295.639143333883,-14.062404053020215,,,,4.162142118328618,1.1210023426130233,1.0289444283436193,1.8886749851697646,,,
-1.3065246762012277,-1.300802432088588,-8.165134482618472,1.1217363562286122,0.982580447647803,1.6476858389302893,,,0.9896235525029704,,-2655.5604444097944,-12.478423462165662,,,,4.162142118328618,1.1210023426130233,1.0289444283436193,1.8886749851697646,,,
-1.3065246762012277,-1.300802432088588,-8.165134482618472,1.1217363562286122,0.982580447647803,1.6476858389302893,,,0.9896235525029704,,-2816.5392805151623,-16.181519593157137,,,,4.162142118328618,1.1210023426130233,1.0289444283436193,1.8886749851697646,,,
-1.3065246762012277,-1.300802432088588,-8.165134482618472,1.1217363562286122,0.982580447647803,1.6476858389302893,,,0.9896235525029704,,-3577.09174343742,-10.245844742200159,,,,4.162142118328618,1.1210023426130233,1.0289444283436193,1.8886749851697646,,,
-2.328572326085161,-2.154513583565907,-19.225801250615124,0.8496264015471837,1.0100624297367309,1.859311984112284,,,0.8843639155633903,,-6040.268769020655,-13.326731640569141,,,,6.758910356227321,1.1703826978928769,1.6935951177968631,3.0742125762810475,,,
-2.328572326085161,-2.154513583565907,-19.225801250615124,0.8496264015471837,1.0100624297367309,1.859311984112284,,,0.8843639155633903,,-6789.948852095273,-11.550855018663617,,,,6.758910356227321,1.1703826978928769,1.6935951177968631,3.0742125762810475,,,
-3.744205792400007,-0.36474780870462215,-17.450280017764257,1.4637716924138986,0.8106668289133866,1.6057410145033093,,,0.9089994501830483,,-7699.070048869771,-12.25533049441771,,,,9.207360086222366,1.2848278089343272,1.4723207729087435,2.4057962961041235,,,
-3.3014108471129266,0.7086313581668701,-18.470371934121122,1.3792195023005167,0.8289611921420771,1.572996227068321,,,0.9391952468707155,,-6479.435076315684,-13.7328329345889,,,,10.22353175329055,1.2122462398904361,1.5726946077298538,2.1193995816274764,,,
0.11470115813903911,-7.691450564061743,-55.30142341409104,1.5195118921908057,0.3143953217867903,1.5207165212269418,,,0.8602940137565447,,-3146.6080568270495,-20.76206267319619,,,,34.15100663277325,1.672405033308897,0.7599982223724098,0.9925655956231622,,,
0.11470115813903911,-7.691450564061743,-55.30142341409104,1.5195118921908057,0.3143953217867903,1.5207165212269418,,,0.8602940137565447,,-14394.967229583264,-13.115211100551923,,,,34.15100663277325,1.672405033308897,0.7599982223724098,0.9925655956231622,,,
0.11470115813903911,-7.691450564061743,-55.30142341409104,1.5195118921908057,0.3143953217867903,1.5207165212269418,,,0.8602940137565447,,-2941.850718815097,-11.281460510849715,,,,34.15100663277325,1.672405033308897,0.7599982223724098,0.9925655956231622,,,
0.26157342488600666,8.713285206672744,-84.9547659205178,1.8311195082451284,0.4146655024476552,1.7243117595561408,,,0.9700240899426913,,-6078.74738392141,-12.224520435212,,,,51.167386124979025,1.3078220643271827,1.5085895513794307,1.3530805489791913,,,
0.26157342488600666,8.713285206672744,-84.9547659205178,1.8311195082451284,0.4146655024476552,1.7243117595561408,,,0.9700240899426913,,-7449.943084920779,-11.468274324189561,,,,51.167386124979025,1.3078220643271827,1.5085895513794307,1.3530805489791913,,,
1.3495421106777263,14.769020651084627,-102.11516309019154,1.8688043394717968,0.35433120762943005,1.7318971101009035,,,0.9692852566060967,,-2548.90883019533,-11.172793182617772,,,,62.4224162752334,1.3125542609672778,1.5556109544997763,1.2655356720086248,,,
1.3495421106777263,14.769020651084627,-102.11516309019154,1.8688043394717968,0.35433120762943005,1.7318971101009035,,,0.9692852566060967,,-2630.6494830022266,-15.154089626106256,,,,62.4224162752334,1.3125542609672778,1.5556109544997763,1.2655356720086248,,,
1.3495421106777263,14.769020651084627,-102.11516309019154,1.8688043394717968,0.35433120762943005,1.7318971101009035,,,0.9692852566060967,,-7684.07599059943,-12.141801652043002,,,,62.4224162752334,1.3125542609672778,1.5556109544997763,1.2655356720086248,,,
1.3495421106777263,14.769020651084627,-102.11516309019154,1.8688043394717968,0.35433120762943005,1.7318971101009035,,,0.9692852566060967,,-2359.0879841878273,-11.772807686441938,,,,62.4224162752334,1.3125542609672778,1.5556109544997763,1.2655356720086248,,,
1.3495421106777263,14.769020651084627,-102.11516309019154,1.8688043394717968,0.35433120762943005,1.7318971101009035,,,0.9692852566060967,,-3520.6112151916304,-20.581227923540382,,,,62.4224162752334,1.3125542609672778,1.5556109544997763,1.2655356720086248,,,
1.3495421106777263,14.769020651084627,-102.11516309019154,1.8688043394717968,0.35433120762943005,1.7318971101009035,,,0.9692852566060967,,-2450.2930132404085,-15.773982083561016,,,,62.4224162752334,1.3125542609672778,1.5556109544997763,1.2655356720086248,,,
1.3495421106777263,14.769020651084627,-102.11516309019154,1.8688043394717968,0.35433120762943005,1.7318971101009035,,,0.9692852566060967,,-2920.380050586489,-14.618136211163694,,,,62.4224162752334,1.3125542609672778,1.5556109544997763,1.2655356720086248,,,
1.7593587550291676,15.55440918421217,-114.26539995797872,1.831209737419411,0.2621526617990786,1.7399868344885052,,,0.9884552668075377,,-2578.089084174041,-15.380700332074195,,,,78.45732925319327,1.2577482019220658,1.362022330833299,0.8846579289811183,,,
1.7593587550291676,15.55440918421217,-114.26539995797872,1.831209737419411,0.2621526617990786,1.7399868344885052,,,0.9884552668075377,,-5155.1338066358,-15.326388768830828,,,,78.45732925319327,1.2577482019220658,1.362022330833299,0.8846579289811183,,,
1.2267322818589148,14.779485383079498,-147.30779093026422,1.8619766707168273,0.22008210826401697,1.7735235335733808,,,0.9526814355819648,,-2603.83870063145,-17.58508267453189,,,,98.21735827362673,1.3298193690890046,1.402560986719554,0.8851536921271103,,,
1.2267322818589148,14.779485383079498,-147.30779093026422,1.8619766707168273,0.22008210826401697,1.7735235335733808,,,0.9526814355819648,,-3024.151150374962,-14.447064767624566,,,,98.21735827362673,1.3298193690890046,1.402560986719554,0.8851536921271103,,,
1.2267322818589148,14.779485383079498,-147.30779093026422,1.8619766707168273,0.22008210826401697,1.7735235335733808,,,0.9526814355819648,,-958969.9031343784,-14.095755301330733,,,,98.21735827362673,1.3298193690890046,1.402560986719554,0.8851536921271103,,,
1.2267322818589148,14.779485383079498,-147.30779093026422,1.8619766707168273,0.22008210826401697,1.7735235335733808,,,0.9526814355819648,,-4186.627113918493,-14.094451631802912,,,,98.21735827362673,1.3298193690890046,1.402560986719554,0.8851536921271103,,,
1.2267322818589148,14.779485383079498,-147.30779093026422,1.8619766707168273,0.22008210826401697,1.7735235335733808,,,0.9526814355819648,,-2655.5604444097944,-12.478423462165662,,,,98.21735827362673,1.3298193690890046,1.402560986719554,0.8851536921271103,,,
-4.1783508780286915,19.803602531533517,-86.39171771043809,1.7789773885210374,0.03683217894390012,1.7777526338487621,,,1.0060667469632891,,-2816.5392805151623,-16.181519593157137,,,,162.6093073229499,1.1798272766736078,1.0008931133556371,0.08805431576694776,,,
-2.944846094935465,0.04663992662540768,-2.795648457093376,1.6861099274535296,1.8046431488274766,1.1425845609879168,,,0.9654161089741334,,-3577.09174343742,-10.245844742200159,,,,2.7598909017828688,1.1314781365498532,2.2963127045675824,2.2767944249036627,,,
0.8792338402853622,-0.013382475088410235,-4.888958257642258,1.4456337473157785,1.0852659156101208,1.1914609765260042,,,0.7451060016686332,,-5320.38904027667,-13.449548162555605,,,,4.131776926100677,1.7423713122866322,2.794731508936526,11.510286180466085,,,
0.8792338402853622,-0.013382475088410235,-4.888958257642258,1.4456337473157785,1.0852659156101208,1.1914609765260042,,,0.7451060016686332,,-5636.043252929773,-11.3188750299795,,,,4.131776926100677,1.7423713122866322,2.794731508936526,11.510286180466085,,,
0.8792338402853622,-0.013382475088410235,-4.888958257642258,1.4456337473157785,1.0852659156101208,1.1914609765260042,,,0.7451060016686332,,-6663.569442465601,-11.51203577939064,,,,4.131776926100677,1.7423713122866322,2.794731508936526,11.510286180466085,,,
0.46585450005281537,0.596518607214949,-5.030757869991443,1.8053717923301225,0.8081949435993221,1.1083532124903872,,,0.7941535413608003,,-6479.435076315684,-13.7328329345889,,,,5.5654056053347265,1.6120433246168528,2.120734994920156,7.564255016970097,,,
2.2255489322123223,-0.8227746848943271,-2.983643558197669,1.4451109046754511,0.5924923800609454,1.0094093794547014,,,0.8252960023782939,,-3146.6080568270495,-20.76206267319619,,,,7.183809289864792,1.6436780912669862,1.4642478699673023,4.982718009157315,,,
2.2255489322123223,-0.8227746848943271,-2.983643558197669,1.4451109046754511,0.5924923800609454,1.0094093794547014,,,0.8252960023782939,,-14394.967229583264,-13.115211100551923,,,,7.183809289864792,1.6436780912669862,1.4642478699673023,4.982718009157315,,,
2.2255489322123223,-0.8227746848943271,-2.983643558197669,1.4451109046754511,0.5924923800609454,1.0094093794547014,,,0.8252960023782939,,-2941.850718815097,-11.281460510849715,,,,7.183809289864792,1.6436780912669862,1.4642478699673023,4.982718009157315,,,
2.2255489322123223,-0.8227746848943271,-2.983643558197669,1.4451109046754511,0.5924923800609454,1.0094093794547014,,,0.8252960023782939,,-5773.868439697234,-12.368153797235463,,,,7.183809289864792,1.6436780912669862,1.4642478699673023,4.982718009157315,,,
2.2255489322123223,-0.8227746848943271,-2.983643558197669,1.4451109046754511,0.5924923800609454,1.0094093794547014,,,0.8252960023782939,,-7449.943084920779,-11.468274324189561,,,,7.183809289864792,1.6436780912669862,1.4642478699673023,4.982718009157315,,,
1.7051425673883305,-1.0270489389149686,-6.368973681318617,1.3482541955986762,0.6413025177926612,1.1264596418328423,,,0.8179611295275737,,-2548.90883019533,-11.172793182617772,,,,7.803115870100061,1.607777627013895,1.5982993330119204,4.960176883670572,,,
1.7051425673883305,-1.0270489389149686,-6.368973681318617,1.3482541955986762,0.6413025177926612,1.1264596418328423,,,0.8179611295275737,,-2630.6494830022266,-15.154089626106256,,,,7.803115870100061,1.607777627013895,1.5982993330119204,4.960176883670572,,,
1.7051425673883305,-1.0270489389149686,-6.368973681318617,1.3482541955986762,0.6413025177926612,1.1264596418328423,,,0.8179611295275737,,-7684.07599059943,-12.141801652043002,,,,7.803115870100061,1.607777627013895,1.5982993330119204,4.960176883670572,,,
1.226180978001855,0.2659448789273856,-6.1723413042693975,1.5145350116103398,0.7269905243903836,1.1920523344529117,,,1.034144214696333,,-2359.0879841878273,-11.772807686441938,,,,7.320735475805457,1.047097990464533,1.1562426592542028,2.54898957184898,,,
1.2131606265908286,6.113116470106567,-15.901742357853076,1.876317267915237,0.6475032032644399,1.5823407368097124,,,1.0702079280750985,,-3520.6112151916304,-20.581227923540382,,,,13.403343693751957,1.0192011330928021,1.6643714630878435,2.100124945330326,,,
-6.081238476071075,12.14099719851702,-17.6257243030442,2.28267005351629,0.8066339081220205,1.5563854445403336,,,1.0900320596693893,,-2450.2930132404085,-15.773982083561016,,,,17.505253236530827,1.2367551800942977,1.538090416508962,2.0241220837499294,,,
-6.081238476071075,12.14099719851702,-17.6257243030442,2.28267005351629,0.8066339081220205,1.5563854445403336,,,1.0900320596693893,,-2920.380050586489,-14.618136211163694,,,,17.505253236530827,1.2367551800942977,1.538090416508962,2.0241220837499294,,,
-6.081238476071075,12.14099719851702,-17.6257243030442,2.28267005351629,0.8066339081220205,1.5563854445403336,,,1.0900320596693893,,-2573.9900061149265,-15.381824625211273,,,,17.505253236530827,1.2367551800942977,1.538090416508962,2.0241220837499294,,,
-11.376604409579809,19.455695090021923,-24.48233857350986,2.607032225209572,1.0396543010060122,1.7166913297792918,,,1.1099636906854635,,-5155.1338066358,-15.326388768830828,,,,26.678004655854497,1.1222600384484018,1.529143255775133,1.5576934645420075,,,
-11.376604409579809,19.455695090021923,-24.48233857350986,2.607032225209572,1.0396543010060122,1.7166913297792918,,,1.1099636906854635,,-2603.83870063145,-17.58508267453189,,,,26.678004655854497,1.1222600384484018,1.529143255775133,1.5576934645420075,,,
-11.376604409579809,19.455695090021923,-24.48233857350986,2.607032225209572,1.0396543010060122,1.7166913297792918,,,1.1099636906854635,,-2739.089254081165,-13.23055290152237,,,,26.678004655854497,1.1222600384484018,1.529143255775133,1.5576934645420075,,,
-11.376604409579809,19.455695090021923,-24.48233857350986,2.607032225209572,1.0396543010060122,1.7166913297792918,,,1.1099636906854635,,-958969.9031343784,-14.095755301330733,,,,26.678004655854497,1.1222600384484018,1.529143255775133,1.5576934645420075,,,
-11.376604409579809,19.455695090021923,-24.48233857350986,2.607032225209572,1.0396543010060122,1.7166913297792918,,,1.1099636906854635,,-3084.1207573882743,-15.061033748234712,,,,26.678004655854497,1.1222600384484018,1.529143255775133,1.5576934645420075,,,
-11.376604409579809,19.455695090021923,-24.48233857350986,2.607032225209572,1.0396543010060122,1.7166913297792918,,,1.1099636906854635,,-2655.5604444097944,-12.478423462165662,,,,26.678004655854497,1.1222600384484018,1.529143255775133,1.5576934645420075,,,
-11.376604409579809,19.455695090021923,-24.48233857350986,2.607032225209572,1.0396543010060122,1.7166913297792918,,,1.1099636906854635,,-2816.5392805151623,-16.181519593157137,,,,26.678004655854497,1.1222600384484018,1.529143255775133,1.5576934645420075,,,
-11.376604409579809,19.455695090021923,-24.48233857350986,2.607032225209572,1.0396543010060122,1.7166913297792918,,,1.1099636906854635,,-3399.772856457434,-10.08560479228317,,,,26.678004655854497,1.1222600384484018,1.529143255775133,1.5576934645420075,,,
-10.790613128542844,19.10768715064566,-33.328407259885296,2.469193990397016,0.888030192350216,1.7272055130562933,,,1.0825898917630645,,-5320.38904027667,-13.449548162555605,,,,30.832812588641403,1.1519966018759527,1.5110080957659102,1.4613401879235008,,,
-15.45692373281203,19.655702309820217,-37.98288474804776,2.6625158333731678,0.8986752521186666,1.8064368730946931,,,1.0192796122931898,,-5636.043252929773,-11.3188750299795,,,,33.34374479049353,1.2698046147874735,1.6438265017698697,1.6572165248006785,,,
-15.45692373281203,19.655702309820217,-37.98288474804776,2.6625158333731678,0.8986752521186666,1.8064368730946931,,,1.0192796122931898,,-6663.569442465601,-11.51203577939064,,,,33.34374479049353,1.2698046147874735,1.6438265017698697,1.6572165248006785,,,
-15.45692373281203,19.655702309820217,-37.98288474804776,2.6625158333731678,0.8986752521186666,1.8064368730946931,,,1.0192796122931898,,-6479.435076315684,-13.7328329345889,,,,33.34374479049353,1.2698046147874735,1.6438265017698697,1.6572165248006785,,,
1.600259545188134,0.012100547912915082,-3.6709854517157807,0.9246920018660689,0.988538083186548,1.2920364577341341,,,1.4560798777690696,,-2579.446845017492,-19.03277069137012,,,,4.081376967979085,0.505332381065205,0.6747593791754002,0.9327747858282703,,,
1.663829087707024,0.1486536351850877,-4.520121516114006,1.0902532786668064,1.0762033328913487,1.3554948855633668,,,1.42469002563266,,-14394.967229583264,-13.115211100551923,,,,4.343734049476371,0.5211386966285328,0.8063405504495301,1.3905683344644075,,,
1.663294889795869,0.2589230601581862,-5.0868371061683995,1.0753016935928457,1.0941657328462886,1.4079728623454024,,,1.3776514410416003,,-2941.850718815097,-11.281460510849715,,,,4.591905497113973,0.5527874715991853,0.8945605775550215,1.3444311581736155,,,
1.663294889795869,0.2589230601581862,-5.0868371061683995,1.0753016935928457,1.0941657328462886,1.4079728623454024,,,1.3776514410416003,,-5773.868439697234,-12.368153797235463,,,,4.591905497113973,0.5527874715991853,0.8945605775550215,1.3444311581736155,,,
1.663294889795869,0.2589230601581862,-5.0868371061683995,1.0753016935928457,1.0941657328462886,1.4079728623454024,,,1.3776514410416003,,-7449.943084920779,-11.468274324189561,,,,4.591905497113973,0.5527874715991853,0.8945605775550215,1.3444311581736155,,,
1.663294889795869,0.2589230601581862,-5.0868371061683995,1.0753016935928457,1.0941657328462886,1.4079728623454024,,,1.3776514410416003,,-2548.90883019533,-11.172793182617772,,,,4.591905497113973,0.5527874715991853,0.8945605775550215,1.3444311581736155,,,
1.663294889795869,0.2589230601581862,-5.0868371061683995,1.0753016935928457,1.0941657328462886,1.4079728623454024,,,1.3776514410416003,,-2630.6494830022266,-15.154089626106256,,,,4.591905497113973,0.5527874715991853,0.8945605775550215,1.3444311581736155,,,
1.663294889795869,0.2589230601581862,-5.0868371061683995,1.0753016935928457,1.0941657328462886,1.4079728623454024,,,1.3776514410416003,,-7684.07599059943,-12.141801652043002,,,,4.591905497113973,0.5527874715991853,0.8945605775550215,1.3444311581736155,,,
1.663294889795869,0.2589230601581862,-5.0868371061683995,1.0753016935928457,1.0941657328462886,1.4079728623454024,,,1.3776514410416003,,-2359.0879841878273,-11.772807686441938,,,,4.591905497113973,0.5527874715991853,0.8945605775550215,1.3444311581736155,,,
1.663294889795869,0.2589230601581862,-5.0868371061683995,1.0753016935928457,1.0941657328462886,1.4079728623454024,,,1.3776514410416003,,-3129.974092850578,-19.01483635414182,,,,4.591905497113973,0.5527874715991853,0.8945605775550215,1.3444311581736155,,,
1.663294889795869,0.2589230601581862,-5.0868371061683995,1.0753016935928457,1.0941657328462886,1.4079728623454024,,,1.3776514410416003,,-2450.2930132404085,-15.773982083561016,,,,4.591905497113973,0.5527874715991853,0.8945605775550215,1.3444311581736155,,,
1.663294889795869,0.2589230601581862,-5.0868371061683995,1.0753016935928457,1.0941657328462886,1.4079728623454024,,,1.3776514410416003,,-2920.380050586489,-14.618136211163694,,,,4.591905497113973,0.5527874715991853,0.8945605775550215,1.3444311581736155,,,
0.9074048891827572,1.3126986742349223,-5.606225194222937,1.7152128126669064,0.830404021830433,1.2712135848971693,,,1.246063361780446,,-2505.862247006048,-16.324627275352327,,,,6.812477873384691,0.7555184491607062,0.9263525869879116,1.2950597970752702,,,
0.9368650453918559,3.0051919190834524,-8.399050899091709,1.845669236045469,0.7676370892613087,1.4437007135714452,,,1.2157500058173825,,-5155.1338066358,-15.326388768830828,,,,8.761956609775375,0.8010487119194418,1.1630642736524643,1.3662738732883513,,,
0.9368650453918559,3.0051919190834524,-8.399050899091709,1.845669236045469,0.7676370892613087,1.4437007135714452,,,1.2157500058173825,,-2603.83870063145,-17.58508267453189,,,,8.761956609775375,0.8010487119194418,1.1630642736524643,1.3662738732883513,,,
0.3034640508048562,3.6542193543447774,-8.623601413933116,2.0026207323094907,0.7043174495948876,1.3795637430542431,,,1.180684545601634,,-2739.089254081165,-13.23055290152237,,,,10.050620779636604,0.8727122304617001,1.1509751197673883,1.3404586376592529,,,
0.3034640508048562,3.6542193543447774,-8.623601413933116,2.0026207323094907,0.7043174495948876,1.3795637430542431,,,1.180684545601634,,-958969.9031343784,-14.095755301330733,,,,10.050620779636604,0.8727122304617001,1.1509751197673883,1.3404586376592529,,,
0.3034640508048562,3.6542193543447774,-8.623601413933116,2.0026207323094907,0.7043174495948876,1.3795637430542431,,,1.180684545601634,,-3084.1207573882743,-15.061033748234712,,,,10.050620779636604,0.8727122304617001,1.1509751197673883,1.3404586376592529,,,
0.4919749412786811,5.606697985874877,-7.0216017162110616,1.9965316090259848,0.6676085445146459,1.2991122990121984,,,1.4422554459200227,,-2655.5604444097944,-12.478423462165662,,,,11.235241413901038,0.7764542965659299,0.7272755086320258,0.9779313533101751,,,
0.48046746079810704,6.183011095947957,-7.83869762771959,2.0269208300347126,0.7398094702764073,1.3345428092888805,,,1.3825771717229827,,-2816.5392805151623,-16.181519593157137,,,,11.745309868095603,0.8277037071305273,0.8660296551548626,1.2070997484721233,,,
0.48046746079810704,6.183011095947957,-7.83869762771959,2.0269208300347126,0.7398094702764073,1.3345428092888805,,,1.3825771717229827,,-3399.772856457434,-10.08560479228317,,,,11.745309868095603,0.8277037071305273,0.8660296551548626,1.2070997484721233,,,
0.48046746079810704,6.183011095947957,-7.83869762771959,2.0269208300347126,0.7398094702764073,1.3345428092888805,,,1.3825771717229827,,-5320.38904027667,-13.449548162555605,,,,11.745309868095603,0.8277037071305273,0.8660296551548626,1.2070997484721233,,,
2.708261600643756,16.581871660605575,-18.630299433760367,1.4185563233107452,0.826412914254673,1.2901846640371861,,,1.3814539518330502,,-5636.043252929773,-11.3188750299795,,,,21.214062649322745,0.7980367034314318,1.103443387590995,0.881495665517111,,,
2.708261600643756,16.581871660605575,-18.630299433760367,1.4185563233107452,0.826412914254673,1.2901846640371861,,,1.3814539518330502,,-6663.569442465601,-11.51203577939064,,,,21.214062649322745,0.7980367034314318,1.103443387590995,0.881495665517111,,,
2.708261600643756,16.581871660605575,-18.630299433760367,1.4185563233107452,0.826412914254673,1.2901846640371861,,,1.3814539518330502,,-5071.977237299323,-15.221393630319795,,,,21.214062649322745,0.7980367034314318,1.103443387590995,0.881495665517111,,,
2.8365197848916823,17.197481099474018,-19.21101040233269,1.3994849417490827,0.8291278118307293,1.2887940978484742,,,1.3814187256871613,,-2579.446845017492,-19.03277069137012,,,,21.764093654879584,0.7971051236406841,1.1108984658802201,0.8712713035780898,,,
2.8365197848916823,17.197481099474018,-19.21101040233269,1.3994849417490827,0.8291278118307293,1.2887940978484742,,,1.3814187256871613,,-14394.967229583264,-13.115211100551923,,,,21.764093654879584,0.7971051236406841,1.1108984658802201,0.8712713035780898,,,
2.8365197848916823,17.197481099474018,-19.21101040233269,1.3994849417490827,0.8291278118307293,1.2887940978484742,,,1.3814187256871613,,-2395.547644321361,-13.60300043384835,,,,21.764093654879584,0.7971051236406841,1.1108984658802201,0.8712713035780898,,,
2.8365197848916823,17.197481099474018,-19.21101040233269,1.3994849417490827,0.8291278118307293,1.2887940978484742,,,1.3814187256871613,,-5773.868439697234,-12.368153797235463,,,,21.764093654879584,0.7971051236406841,1.1108984658802201,0.8712713035780898,,,
2.8365197848916823,17.197481099474018,-19.21101040233269,1.3994849417490827,0.8291278118307293,1.2887940978484742,,,1.3814187256871613,,-7449.943084920779,-11.468274324189561,,,,21.764093654879584,0.7971051236406841,1.1108984658802201,0.8712713035780898,,,
