{
    "selected features": [
        0,
        1,
        2,
        3,
        4,
        5,
        6,
        7,
        8,
        10,
        12,
        13,
        14,
        15,
        16,
        17,
        18,
        20,
        21,
        22,
        23,
        25,
        26,
        27,
        28,
        29
    ],
    "precision": 0.5384615384615384,
    "recall": 0.9333333333333333,
    "training rmse": 0.9253,
    "testing rmse": 2.0401,
    "beta_error": 0.6583,
    "tune time": 0.0191,
    "fit time": 1.0863,
    "prediction time (test)": 0.4606,
    "total runtime": 1.566,
    "lambda": 0.0367
}