{
    "selected features": [
        0,
        1,
        2,
        3,
        4,
        5,
        6,
        7,
        8,
        10,
        12,
        13,
        14,
        15,
        16,
        17,
        18,
        20,
        21,
        22,
        23,
        25,
        26,
        27,
        28,
        29
    ],
    "precision": 0.5384615384615384,
    "recall": 0.9333333333333333,
    "training rmse": 0.0003,
    "testing rmse": 2.0405,
    "beta_error": 0.6583,
    "tune time": 0.0113,
    "fit time": 7.5783,
    "prediction time (test)": 0.4044,
    "total runtime": 7.994,
    "lambda": 0.0367
}