{
    "n": 11000,
    "active_prop": 0.5,
    "noise_constant": 0.1,
    "seed": 6,
    "active_indices": [
        0,
        6,
        12,
        7,
        15,
        20,
        26,
        10,
        22,
        13,
        24,
        23,
        25,
        18,
        19
    ],
    "gp_features": [
        12,
        19,
        20
    ],
    "lengthscales": [
        1.8802338122150757,
        1.0669729353952204,
        1.05812242708112
    ],
    "beta": [
        -4.443150783029303,
        0.0,
        0.0,
        0.0,
        0.0,
        0.0,
        0.6915005447553799,
        3.04960518335203,
        0.0,
        0.0,
        2.742960169888672,
        0.0,
        -3.634664421595133,
        3.607413623098134,
        0.0,
        -3.409947579847369,
        0.0,
        0.0,
        3.2096104789992115,
        0.8676039017368078,
        -2.927751367852606,
        0.0,
        -3.127163366935796,
        -2.6518467447118588,
        -0.7821805753121955,
        -1.2575153545139428,
        -1.7705212307011822,
        0.0,
        0.0,
        0.0
    ]
}