{
    "n": 100,
    "active_prop": 0.3,
    "seed": 14,
    "active_indices": [
        14,
        23,
        18,
        29,
        1,
        21,
        24,
        4,
        11
    ],
    "gp_features": [
        1,
        23,
        18
    ],
    "lengthscales": [
        0.5021600514722369,
        0.48328273846203607,
        1.612732815715731
    ],
    "beta": [
        0.0,
        -0.1269003615014217,
        0.0,
        0.0,
        0.6735380969856486,
        0.0,
        0.0,
        0.0,
        0.0,
        0.0,
        0.0,
        3.741211368412557,
        0.0,
        0.0,
        1.271224079692229,
        0.0,
        0.0,
        0.0,
        3.3492394338635005,
        0.0,
        0.0,
        -4.813551172020437,
        0.0,
        -1.1338769241757305,
        -4.867986735435462,
        0.0,
        0.0,
        0.0,
        0.0,
        -2.1127143470586915
    ]
}