{
    "selected features": [
        0,
        2,
        3,
        6,
        7,
        8,
        9,
        10,
        13,
        14,
        16,
        24,
        25,
        26,
        27,
        28,
        29
    ],
    "precision": 0.6470588235294118,
    "recall": 0.7333333333333333,
    "training rmse": 0.0,
    "testing rmse": 2.3978,
    "beta_error": 0.5774,
    "tune time": 0.0072,
    "fit time": 0.2931,
    "prediction time (test)": 0.0212,
    "total runtime": 0.3214,
    "lambda": 0.1786
}