{
    "n": 500,
    "active_prop": 0.3,
    "seed": 29,
    "active_indices": [
        18,
        21,
        3,
        1,
        19,
        6,
        14,
        26,
        11
    ],
    "gp_features": [
        11,
        18,
        1
    ],
    "lengthscales": [
        1.9486171427759382,
        0.9807251649382225,
        0.7270818793806829
    ],
    "beta": [
        0.0,
        3.1390759992901636,
        0.0,
        -4.074537645724291,
        0.0,
        0.0,
        0.11360983444312911,
        0.0,
        0.0,
        0.0,
        0.0,
        -1.328116074392185,
        0.0,
        0.0,
        0.5361300263963695,
        0.0,
        0.0,
        0.0,
        -3.1492673778582416,
        -3.4466788903914622,
        0.0,
        2.597477935928344,
        0.0,
        0.0,
        0.0,
        0.0,
        4.779552117052731,
        0.0,
        0.0,
        0.0
    ]
}