{
    "n": 1000,
    "active_prop": 0.3,
    "noise": 0.1,
    "seed": 120,
    "active_indices": [
        4,
        7,
        1,
        6,
        23,
        0,
        25,
        27,
        10
    ],
    "gp_features": [
        0,
        23,
        6
    ],
    "lengthscales": [
        0.821294870453227,
        1.2779779296281266,
        0.8892081435544728
    ],
    "beta": [
        0.41106670607399565,
        -3.75060717432089,
        0.0,
        0.0,
        -1.367436979488966,
        0.0,
        -1.665041059727994,
        0.32731548578882386,
        0.0,
        0.0,
        4.977419999486029,
        0.0,
        0.0,
        0.0,
        0.0,
        0.0,
        0.0,
        0.0,
        0.0,
        0.0,
        0.0,
        0.0,
        0.0,
        1.6319686649989196,
        0.0,
        -1.8948005932606513,
        0.0,
        3.740000081134763,
        0.0,
        0.0
    ]
}