walker	inv_sigma_noise	inv_sigma_gp	lambda2	zeta0	ell0	nu0	zeta1	ell1	nu1	zeta2	ell2	nu2	log_l	log_p
0	8.062171391e-01	1.147743260e+00	2.746915088e+00	7.813735054e-01	1.427726361e+00	9.428037740e-01	1.031500585e+00	1.539117280e+00	1.053971670e+00	7.624589718e-02	1.047537403e+00	-1.934073858e+00	-5.432958731e+05	-1.533790518e+01

1	1.436223701e-01	1.870206567e-01	3.004814207e+00	5.162638877e-01	8.115696739e-01	7.841734220e-01	1.197932262e+00	3.269286871e+00	-3.804107021e-02	1.247637269e+00	2.940833642e+00	-1.090748777e+00	-1.658893718e+04	-1.533354306e+01

2	6.346050246e-01	9.210899332e-02	1.449107017e+00	3.759354516e-01	2.708805743e+00	-7.934056848e-02	1.778061275e-01	3.134629144e+00	-1.869102616e-01	1.990809989e-02	5.396776693e-01	-2.973506141e-01	-2.248803539e+05	-1.113116297e+01

3	2.659484945e-02	1.509525902e-01	6.260260163e-01	4.118604576e-01	8.546108840e-01	-5.312643171e-01	3.866456717e-01	9.091928863e-01	-3.801076699e-01	1.385438519e+00	2.172361350e+00	-2.104533590e+00	-6.564927065e+03	-1.207265423e+01

4	1.768472226e-01	1.073838322e-01	7.746668036e-01	4.404612207e-01	1.958672372e+00	6.113623099e-01	2.140591528e+00	1.609782128e+00	2.418044129e-01	5.173130957e+00	1.438672365e+00	-2.806960790e-01	-2.115416557e+04	-1.673691643e+01

5	3.635084464e-01	3.640606731e-02	5.135082405e+00	1.396908910e+00	7.311231457e-01	1.150477679e+00	1.439372533e+00	9.163026169e-01	1.703720532e+00	2.229330218e+00	8.731420720e-01	-1.839918213e-01	-5.418318125e+04	-1.609652761e+01

6	1.666882923e-01	1.079233271e-01	7.845389188e-01	2.765961974e-01	5.314047551e-01	6.262812800e-01	3.053502226e+00	1.626278824e+00	1.134274745e+00	2.594440686e+00	1.451744756e+00	-2.725109600e-03	-1.889220696e+04	-1.418396087e+01

7	4.394610216e-01	6.542524355e-01	8.883814799e-01	2.428013208e-01	9.768612160e-01	4.484583293e-01	9.052192108e-01	1.846621877e+00	-3.284402393e-01	9.970075778e-02	4.694572647e-01	-5.377301981e-01	-1.990148625e+05	-9.537890717e+00

8	8.054313137e-01	4.933975706e-01	1.908134346e+00	2.535292030e-01	9.228811230e-01	-2.841350630e+00	1.159319432e+00	3.018368513e+00	1.074307783e+00	2.076911937e+00	4.250625950e-01	2.084030173e+00	-4.297260618e+05	-1.988443446e+01

9	5.199407324e-01	1.273609221e-01	1.676937338e+00	2.178585461e-01	1.258249930e+00	5.352512178e-01	1.378454532e+00	2.721382589e+00	1.586612772e-02	6.347388711e-01	2.392766747e+00	-2.026045353e+00	-1.618459504e+05	-1.511792423e+01

10	1.079708985e+00	1.806956481e-01	3.078344381e-01	2.365439511e+00	4.287687797e+00	5.836895915e-01	2.595654423e-01	9.260402375e-01	-3.956048994e-01	1.251149653e-01	4.884190061e-01	-1.572055225e+00	-5.808304164e+05	-1.373961259e+01

11	3.586284568e+00	2.695739299e-01	8.714932194e-01	2.831762901e-01	1.475082451e+00	1.573851049e-01	1.451006956e+00	1.026734941e-01	-8.250367930e-01	9.131400218e-01	1.213026567e+00	9.324134681e-01	-1.991271177e+06	-1.486082850e+01

12	8.397620369e-02	4.638664890e-01	9.204478497e-01	7.195464383e-01	6.828604709e-01	6.269981969e-01	1.101638883e-01	2.123466328e-01	-4.859622498e-01	9.361680856e-02	7.610624967e-01	1.978797763e-01	-2.879897078e+04	-7.519264170e+00

13	8.794595931e-02	6.158082280e-01	1.442503182e+00	8.313506962e-01	1.529227010e-01	7.495406344e-01	1.280114065e+00	5.868322862e-01	-7.188822498e-02	1.343931971e+00	2.638981895e+00	-6.816934091e-01	-3.373207475e+04	-1.251118098e+01

14	1.473300340e+00	5.519920692e-01	5.448630124e+00	2.106734592e+00	6.950075562e-01	-3.589065113e-01	6.652127287e-01	5.802089435e+00	-1.062605080e+00	7.960690422e-01	1.461038216e+00	5.830051235e-01	-1.310556412e+06	-1.900076237e+01

15	6.947318404e-02	9.145804892e-01	1.065577782e+00	4.146323379e-01	6.610943128e+00	-1.247925766e+00	1.233373406e+00	4.377327915e-01	1.626725450e+00	6.937764967e-01	8.894899228e-01	-6.792122919e-01	-2.204676690e+04	-1.542439388e+01

16	7.630963499e-01	1.997522118e+00	1.331484787e-01	1.073607047e+00	3.494739510e-01	-7.551800654e-01	1.923138877e+00	2.324500607e-01	6.178742509e-01	5.959409698e-02	1.024212196e+00	3.147071368e-01	-1.678144568e+06	-1.163846288e+01

17	1.083260179e-01	1.616969088e+00	3.915113171e-01	6.562577645e-01	4.417913750e-01	6.768702112e-01	2.698322784e-01	3.947567294e-01	-2.515792239e+00	1.998377379e+00	1.254612069e-01	-5.484652848e-01	-6.520418316e+04	-1.360192040e+01

18	1.041307512e+00	4.035954577e-01	1.618607866e+00	4.534452756e-01	3.237309204e+00	-9.986620457e-01	1.858201236e-02	2.771315880e-01	6.017541533e-02	8.971468990e-01	2.637162119e+00	1.691695556e+00	-6.406703484e+05	-1.458977947e+01

19	6.349988996e-01	1.648909744e+00	9.430278000e-01	5.460758827e-01	9.835619100e-01	1.103202687e+00	4.712036147e-01	1.790906778e+00	2.313614958e-01	5.143623424e+00	4.881518404e-01	1.331488088e-01	-6.029709950e+05	-1.598507879e+01

20	1.558898123e+00	2.120564901e-01	3.084006562e+00	8.168294804e-01	2.831575781e-01	1.852971350e+00	5.307759244e-01	9.401774382e-01	7.873526895e-01	3.342097467e+00	5.022803883e-01	-1.097710378e+00	-5.876733017e+05	-1.593564651e+01

21	8.876081373e-01	1.315392116e+00	1.091960595e+00	1.206490360e+00	5.645012732e+00	1.184140614e+00	7.083417942e-01	4.583259265e+00	1.828791946e+00	1.595538936e+00	1.115768650e-01	-1.189658446e-02	-9.669438638e+05	-2.091199239e+01

22	9.346250037e-01	2.114735405e+00	1.292538961e+00	9.482711365e-01	1.765677226e+00	-1.379493700e+00	5.799246668e-02	1.533582322e-01	-1.243534525e+00	2.950211326e-01	1.900058052e-01	2.441594727e-01	-2.728313310e+06	-1.325273910e+01

23	8.921567573e-01	6.995171005e-01	2.759508200e+00	8.051401759e-01	3.388245340e-01	-1.214182498e+00	1.179167522e+00	2.926808239e+00	-1.029402027e+00	1.265036189e+00	2.167180297e-01	2.571195234e-02	-7.235742535e+05	-1.454277731e+01

24	9.779311385e-01	8.837074296e-01	8.251439990e+00	9.510150878e-01	3.792506831e-01	1.497057956e+00	3.552635571e-01	1.104052844e+00	-1.699819095e-01	1.643712955e+00	2.519211940e-01	-3.381821143e-01	-9.922105797e+05	-1.590577113e+01
0	8.062171391e-01	1.147743260e+00	2.746915088e+00	7.813735054e-01	1.427726361e+00	9.428037740e-01	1.031500585e+00	1.539117280e+00	1.053971670e+00	7.624589718e-02	1.047537403e+00	-1.934073858e+00	-5.432958731e+05	-1.533790518e+01

1	1.436223701e-01	1.870206567e-01	3.004814207e+00	5.162638877e-01	8.115696739e-01	7.841734220e-01	1.197932262e+00	3.269286871e+00	-3.804107021e-02	1.247637269e+00	2.940833642e+00	-1.090748777e+00	-1.658893718e+04	-1.533354306e+01

2	6.346050246e-01	9.210899332e-02	1.449107017e+00	3.759354516e-01	2.708805743e+00	-7.934056848e-02	1.778061275e-01	3.134629144e+00	-1.869102616e-01	1.990809989e-02	5.396776693e-01	-2.973506141e-01	-2.248803539e+05	-1.113116297e+01

3	2.981860703e-02	1.685324917e-01	6.425670100e-01	4.291466479e-01	8.449617270e-01	-4.661916535e-01	3.711125729e-01	8.700431760e-01	-3.860547150e-01	1.312862329e+00	2.093072783e+00	-1.975181074e+00	-6.513136155e+03	-1.162419295e+01

4	1.768472226e-01	1.073838322e-01	7.746668036e-01	4.404612207e-01	1.958672372e+00	6.113623099e-01	2.140591528e+00	1.609782128e+00	2.418044129e-01	5.173130957e+00	1.438672365e+00	-2.806960790e-01	-2.115416557e+04	-1.673691643e+01

5	3.635084464e-01	3.640606731e-02	5.135082405e+00	1.396908910e+00	7.311231457e-01	1.150477679e+00	1.439372533e+00	9.163026169e-01	1.703720532e+00	2.229330218e+00	8.731420720e-01	-1.839918213e-01	-5.418318125e+04	-1.609652761e+01

6	1.807809933e-01	4.727680432e-02	7.613824012e-01	2.011251819e-01	5.055993358e-01	6.261591298e-01	3.554995876e+00	1.867188273e+00	1.410334943e+00	3.020537570e+00	1.569424998e+00	-3.690469246e-02	-1.846827896e+04	-1.563617460e+01

7	3.357643340e-01	3.483997248e-01	8.037432719e-01	9.506262072e-02	8.116682491e-01	8.312659996e-01	1.082644488e+00	2.201223257e+00	-1.368022172e-01	5.879698325e-02	5.279796769e-01	-7.014726588e-01	-9.344168653e+04	-9.542005416e+00

8	8.054313137e-01	4.933975706e-01	1.908134346e+00	2.535292030e-01	9.228811230e-01	-2.841350630e+00	1.159319432e+00	3.018368513e+00	1.074307783e+00	2.076911937e+00	4.250625950e-01	2.084030173e+00	-4.297260618e+05	-1.988443446e+01

9	5.199407324e-01	1.273609221e-01	1.676937338e+00	2.178585461e-01	1.258249930e+00	5.352512178e-01	1.378454532e+00	2.721382589e+00	1.586612772e-02	6.347388711e-01	2.392766747e+00	-2.026045353e+00	-1.618459504e+05	-1.511792423e+01

10	1.079708985e+00	1.806956481e-01	3.078344381e-01	2.365439511e+00	4.287687797e+00	5.836895915e-01	2.595654423e-01	9.260402375e-01	-3.956048994e-01	1.251149653e-01	4.884190061e-01	-1.572055225e+00	-5.808304164e+05	-1.373961259e+01

11	3.586284568e+00	2.695739299e-01	8.714932194e-01	2.831762901e-01	1.475082451e+00	1.573851049e-01	1.451006956e+00	1.026734941e-01	-8.250367930e-01	9.131400218e-01	1.213026567e+00	9.324134681e-01	-1.991271177e+06	-1.486082850e+01

12	8.397620369e-02	4.638664890e-01	9.204478497e-01	7.195464383e-01	6.828604709e-01	6.269981969e-01	1.101638883e-01	2.123466328e-01	-4.859622498e-01	9.361680856e-02	7.610624967e-01	1.978797763e-01	-2.879897078e+04	-7.519264170e+00

13	8.794595931e-02	6.158082280e-01	1.442503182e+00	8.313506962e-01	1.529227010e-01	7.495406344e-01	1.280114065e+00	5.868322862e-01	-7.188822498e-02	1.343931971e+00	2.638981895e+00	-6.816934091e-01	-3.373207475e+04	-1.251118098e+01

14	1.435935038e+00	6.280443977e-01	5.168971630e+00	2.052379613e+00	6.768283178e-01	-3.797552833e-01	7.313948276e-01	5.509059177e+00	-9.741915832e-01	7.573215706e-01	1.438055895e+00	5.688894110e-01	-1.265076015e+06	-1.858509657e+01

15	6.947318404e-02	9.145804892e-01	1.065577782e+00	4.146323379e-01	6.610943128e+00	-1.247925766e+00	1.233373406e+00	4.377327915e-01	1.626725450e+00	6.937764967e-01	8.894899228e-01	-6.792122919e-01	-2.204676690e+04	-1.542439388e+01

16	7.630963499e-01	1.997522118e+00	1.331484787e-01	1.073607047e+00	3.494739510e-01	-7.551800654e-01	1.923138877e+00	2.324500607e-01	6.178742509e-01	5.959409698e-02	1.024212196e+00	3.147071368e-01	-1.678144568e+06	-1.163846288e+01

17	1.083260179e-01	1.616969088e+00	3.915113171e-01	6.562577645e-01	4.417913750e-01	6.768702112e-01	2.698322784e-01	3.947567294e-01	-2.515792239e+00	1.998377379e+00	1.254612069e-01	-5.484652848e-01	-6.520418316e+04	-1.360192040e+01

18	1.041307512e+00	4.035954577e-01	1.618607866e+00	4.534452756e-01	3.237309204e+00	-9.986620457e-01	1.858201236e-02	2.771315880e-01	6.017541533e-02	8.971468990e-01	2.637162119e+00	1.691695556e+00	-6.406703484e+05	-1.458977947e+01

19	6.349988996e-01	1.648909744e+00	9.430278000e-01	5.460758827e-01	9.835619100e-01	1.103202687e+00	4.712036147e-01	1.790906778e+00	2.313614958e-01	5.143623424e+00	4.881518404e-01	1.331488088e-01	-6.029709950e+05	-1.598507879e+01

20	1.294931800e+00	2.571228483e-01	2.696795124e+00	7.994187643e-01	3.546922821e-01	1.633559312e+00	4.554991175e-01	8.099177825e-01	5.594679059e-01	2.760717881e+00	5.485945428e-01	-8.658390060e-01	-5.567056366e+05	-1.393049584e+01

21	7.479267856e-01	1.109323883e+00	1.028507758e+00	9.061216131e-01	4.190013490e+00	9.548384670e-01	7.697058032e-01	3.730286668e+00	1.156412058e+00	1.129306551e+00	2.231233108e-01	-1.757917594e-01	-5.717405984e+05	-1.673748778e+01

22	9.346250037e-01	2.114735405e+00	1.292538961e+00	9.482711365e-01	1.765677226e+00	-1.379493700e+00	5.799246668e-02	1.533582322e-01	-1.243534525e+00	2.950211326e-01	1.900058052e-01	2.441594727e-01	-2.728313310e+06	-1.325273910e+01

23	5.335192199e-01	6.621871567e-01	2.172190251e+00	8.168287487e-01	2.559216735e-01	-3.384608213e-01	1.224184599e+00	1.883296743e+00	-6.023990662e-01	1.300219737e+00	1.296925793e+00	-2.897552329e-01	-2.832987510e+05	-1.282123644e+01

24	9.779311385e-01	8.837074296e-01	8.251439990e+00	9.510150878e-01	3.792506831e-01	1.497057956e+00	3.552635571e-01	1.104052844e+00	-1.699819095e-01	1.643712955e+00	2.519211940e-01	-3.381821143e-01	-9.922105797e+05	-1.590577113e+01
0	8.062171391e-01	1.147743260e+00	2.746915088e+00	7.813735054e-01	1.427726361e+00	9.428037740e-01	1.031500585e+00	1.539117280e+00	1.053971670e+00	7.624589718e-02	1.047537403e+00	-1.934073858e+00	-5.432958731e+05	-1.533790518e+01

1	1.205208233e-01	1.588668485e-01	3.054147514e+00	4.984552976e-01	8.444920437e-01	8.506899571e-01	1.196376800e+00	3.351407350e+00	-4.602629625e-03	1.244521737e+00	3.038235850e+00	-1.138207970e+00	-1.202707789e+04	-1.554909533e+01

2	6.346050246e-01	9.210899332e-02	1.449107017e+00	3.759354516e-01	2.708805743e+00	-7.934056848e-02	1.778061275e-01	3.134629144e+00	-1.869102616e-01	1.990809989e-02	5.396776693e-01	-2.973506141e-01	-2.248803539e+05	-1.113116297e+01

3	2.981860703e-02	1.685324917e-01	6.425670100e-01	4.291466479e-01	8.449617270e-01	-4.661916535e-01	3.711125729e-01	8.700431760e-01	-3.860547150e-01	1.312862329e+00	2.093072783e+00	-1.975181074e+00	-6.513136155e+03	-1.162419295e+01

4	1.768472226e-01	1.073838322e-01	7.746668036e-01	4.404612207e-01	1.958672372e+00	6.113623099e-01	2.140591528e+00	1.609782128e+00	2.418044129e-01	5.173130957e+00	1.438672365e+00	-2.806960790e-01	-2.115416557e+04	-1.673691643e+01

5	3.635084464e-01	3.640606731e-02	5.135082405e+00	1.396908910e+00	7.311231457e-01	1.150477679e+00	1.439372533e+00	9.163026169e-01	1.703720532e+00	2.229330218e+00	8.731420720e-01	-1.839918213e-01	-5.418318125e+04	-1.609652761e+01

6	1.391418394e-01	8.072211707e-02	7.286101824e-01	2.640191328e-01	5.992038632e-01	3.248618103e-01	2.676802241e+00	1.592151033e+00	9.148463170e-01	2.549518571e+00	1.713859988e+00	-5.715291805e-01	-1.324643189e+04	-1.372045080e+01

7	3.357643340e-01	3.483997248e-01	8.037432719e-01	9.506262072e-02	8.116682491e-01	8.312659996e-01	1.082644488e+00	2.201223257e+00	-1.368022172e-01	5.879698325e-02	5.279796769e-01	-7.014726588e-01	-9.344168653e+04	-9.542005416e+00

8	8.054313137e-01	4.933975706e-01	1.908134346e+00	2.535292030e-01	9.228811230e-01	-2.841350630e+00	1.159319432e+00	3.018368513e+00	1.074307783e+00	2.076911937e+00	4.250625950e-01	2.084030173e+00	-4.297260618e+05	-1.988443446e+01

9	5.199407324e-01	1.273609221e-01	1.676937338e+00	2.178585461e-01	1.258249930e+00	5.352512178e-01	1.378454532e+00	2.721382589e+00	1.586612772e-02	6.347388711e-01	2.392766747e+00	-2.026045353e+00	-1.618459504e+05	-1.511792423e+01

10	1.079708985e+00	1.806956481e-01	3.078344381e-01	2.365439511e+00	4.287687797e+00	5.836895915e-01	2.595654423e-01	9.260402375e-01	-3.956048994e-01	1.251149653e-01	4.884190061e-01	-1.572055225e+00	-5.808304164e+05	-1.373961259e+01

11	3.602164141e+00	2.654705467e-01	8.685673567e-01	2.794874555e-01	1.461811168e+00	1.528797253e-01	1.454436728e+00	8.403483186e-02	-8.362620740e-01	9.113940257e-01	1.218171754e+00	9.385423596e-01	-1.687633981e+06	-1.515158029e+01

12	8.397620369e-02	4.638664890e-01	9.204478497e-01	7.195464383e-01	6.828604709e-01	6.269981969e-01	1.101638883e-01	2.123466328e-01	-4.859622498e-01	9.361680856e-02	7.610624967e-01	1.978797763e-01	-2.879897078e+04	-7.519264170e+00

13	8.794595931e-02	6.158082280e-01	1.442503182e+00	8.313506962e-01	1.529227010e-01	7.495406344e-01	1.280114065e+00	5.868322862e-01	-7.188822498e-02	1.343931971e+00	2.638981895e+00	-6.816934091e-01	-3.373207475e+04	-1.251118098e+01

14	1.435935038e+00	6.280443977e-01	5.168971630e+00	2.052379613e+00	6.768283178e-01	-3.797552833e-01	7.313948276e-01	5.509059177e+00	-9.741915832e-01	7.573215706e-01	1.438055895e+00	5.688894110e-01	-1.265076015e+06	-1.858509657e+01

15	5.450581695e-02	1.027099389e+00	1.106129217e+00	4.110319296e-01	7.259444806e+00	-1.507100587e+00	1.106912048e+00	2.743553784e-01	1.819776040e+00	6.937842611e-02	8.129368257e-01	-7.347633221e-01	-1.618521990e+04	-1.574643206e+01

16	5.719204834e-01	1.520678684e+00	2.659610863e-01	9.055871169e-01	4.786546139e-01	-6.798367039e-01	1.518503694e+00	3.986795931e-01	3.561357871e-01	3.863388299e-01	1.302879250e+00	-2.822990687e-01	-7.089964122e+05	-1.081449418e+01

17	1.083260179e-01	1.616969088e+00	3.915113171e-01	6.562577645e-01	4.417913750e-01	6.768702112e-01	2.698322784e-01	3.947567294e-01	-2.515792239e+00	1.998377379e+00	1.254612069e-01	-5.484652848e-01	-6.520418316e+04	-1.360192040e+01

18	1.041307512e+00	4.035954577e-01	1.618607866e+00	4.534452756e-01	3.237309204e+00	-9.986620457e-01	1.858201236e-02	2.771315880e-01	6.017541533e-02	8.971468990e-01	2.637162119e+00	1.691695556e+00	-6.406703484e+05	-1.458977947e+01

19	6.920678583e-01	1.261988765e+00	1.266191829e+00	4.481172022e-01	9.632430678e-01	-2.176232346e-01	7.016178430e-01	2.201919926e+00	5.136204023e-01	4.116741113e+00	4.670265307e-01	7.863975974e-01	-5.521620024e+05	-1.507948896e+01

20	1.294931800e+00	2.571228483e-01	2.696795124e+00	7.994187643e-01	3.546922821e-01	1.633559312e+00	4.554991175e-01	8.099177825e-01	5.594679059e-01	2.760717881e+00	5.485945428e-01	-8.658390060e-01	-5.567056366e+05	-1.393049584e+01

21	7.130676593e-01	1.012031496e+00	1.400892708e+00	9.506262963e-01	3.876360672e+00	9.725790671e-01	8.304313065e-01	3.475114072e+00	1.206042092e+00	1.229056901e+00	2.820671327e-01	-1.765353425e-01	-4.800788616e+05	-1.665774746e+01

22	9.346250037e-01	2.114735405e+00	1.292538961e+00	9.482711365e-01	1.765677226e+00	-1.379493700e+00	5.799246668e-02	1.533582322e-01	-1.243534525e+00	2.950211326e-01	1.900058052e-01	2.441594727e-01	-2.728313310e+06	-1.325273910e+01

23	1.451604975e-01	6.768806472e-01	8.825118516e-01	2.851038550e-01	7.478259846e-02	-3.206895631e-01	1.436258903e+00	3.229335064e-01	-4.423964775e-01	1.533858414e+00	1.236189817e+00	-6.592768327e-01	-9.921731953e+04	-1.154199998e+01

24	9.343996489e-01	8.380308762e-01	7.842416211e+00	9.100644276e-01	3.861504436e-01	1.449499132e+00	5.299974078e-01	1.145726827e+00	-8.368255026e-02	1.718899828e+00	3.238686227e-01	-3.217296868e-01	-8.468467771e+05	-1.568785370e+01
0	8.059344094e-01	9.123182346e-01	2.445132741e+00	5.914620255e-01	1.246089644e+00	-4.186855130e-01	1.077488135e+00	2.071332536e+00	1.061288337e+00	7.960593848e-01	8.235791043e-01	-4.884125537e-01	-5.055505859e+05	-1.347954306e+01

1	1.205208233e-01	1.588668485e-01	3.054147514e+00	4.984552976e-01	8.444920437e-01	8.506899571e-01	1.196376800e+00	3.351407350e+00	-4.602629625e-03	1.244521737e+00	3.038235850e+00	-1.138207970e+00	-1.202707789e+04	-1.554909533e+01

2	4.414692120e-01	6.517077798e-01	1.060986643e+00	4.788091688e-01	1.876848441e+00	1.981764550e-01	2.115782241e-01	2.129140651e+00	-1.041571967e+00	7.459740595e-01	3.876669829e-01	-3.895056029e-01	-1.867867049e+05	-1.122420764e+01

3	2.981860703e-02	1.685324917e-01	6.425670100e-01	4.291466479e-01	8.449617270e-01	-4.661916535e-01	3.711125729e-01	8.700431760e-01	-3.860547150e-01	1.312862329e+00	2.093072783e+00	-1.975181074e+00	-6.513136155e+03	-1.162419295e+01

4	1.768472226e-01	1.073838322e-01	7.746668036e-01	4.404612207e-01	1.958672372e+00	6.113623099e-01	2.140591528e+00	1.609782128e+00	2.418044129e-01	5.173130957e+00	1.438672365e+00	-2.806960790e-01	-2.115416557e+04	-1.673691643e+01

5	3.635084464e-01	3.640606731e-02	5.135082405e+00	1.396908910e+00	7.311231457e-01	1.150477679e+00	1.439372533e+00	9.163026169e-01	1.703720532e+00	2.229330218e+00	8.731420720e-01	-1.839918213e-01	-5.418318125e+04	-1.609652761e+01

6	1.391418394e-01	8.072211707e-02	7.286101824e-01	2.640191328e-01	5.992038632e-01	3.248618103e-01	2.676802241e+00	1.592151033e+00	9.148463170e-01	2.549518571e+00	1.713859988e+00	-5.715291805e-01	-1.324643189e+04	-1.372045080e+01

7	2.884917605e-01	4.624722873e-01	8.545668416e-01	1.481692165e-01	1.895379400e+00	4.382446343e-01	1.086723263e+00	1.877364607e+00	1.920500092e-01	6.057546107e-02	5.758738986e-01	-7.070679928e-01	-7.785717868e+04	-1.025370926e+01

8	8.054313137e-01	4.933975706e-01	1.908134346e+00	2.535292030e-01	9.228811230e-01	-2.841350630e+00	1.159319432e+00	3.018368513e+00	1.074307783e+00	2.076911937e+00	4.250625950e-01	2.084030173e+00	-4.297260618e+05	-1.988443446e+01

9	5.199407324e-01	1.273609221e-01	1.676937338e+00	2.178585461e-01	1.258249930e+00	5.352512178e-01	1.378454532e+00	2.721382589e+00	1.586612772e-02	6.347388711e-01	2.392766747e+00	-2.026045353e+00	-1.618459504e+05	-1.511792423e+01

10	1.079708985e+00	1.806956481e-01	3.078344381e-01	2.365439511e+00	4.287687797e+00	5.836895915e-01	2.595654423e-01	9.260402375e-01	-3.956048994e-01	1.251149653e-01	4.884190061e-01	-1.572055225e+00	-5.808304164e+05	-1.373961259e+01

11	3.602164141e+00	2.654705467e-01	8.685673567e-01	2.794874555e-01	1.461811168e+00	1.528797253e-01	1.454436728e+00	8.403483186e-02	-8.362620740e-01	9.113940257e-01	1.218171754e+00	9.385423596e-01	-1.687633981e+06	-1.515158029e+01

12	8.397620369e-02	4.638664890e-01	9.204478497e-01	7.195464383e-01	6.828604709e-01	6.269981969e-01	1.101638883e-01	2.123466328e-01	-4.859622498e-01	9.361680856e-02	7.610624967e-01	1.978797763e-01	-2.879897078e+04	-7.519264170e+00

13	8.794595931e-02	6.158082280e-01	1.442503182e+00	8.313506962e-01	1.529227010e-01	7.495406344e-01	1.280114065e+00	5.868322862e-01	-7.188822498e-02	1.343931971e+00	2.638981895e+00	-6.816934091e-01	-3.373207475e+04	-1.251118098e+01

14	4.380739231e-01	7.950619798e-01	7.149928399e+00	2.869052301e+00	3.152304329e-01	-6.251105705e-01	3.983296889e-01	8.008065784e+00	-1.037728027e+00	6.863489705e-01	1.539344273e+00	3.986108828e-01	-2.214911516e+05	-2.038809398e+01

15	5.450581695e-02	1.027099389e+00	1.106129217e+00	4.110319296e-01	7.259444806e+00	-1.507100587e+00	1.106912048e+00	2.743553784e-01	1.819776040e+00	6.937842611e-02	8.129368257e-01	-7.347633221e-01	-1.618521990e+04	-1.574643206e+01

16	5.719204834e-01	1.520678684e+00	2.659610863e-01	9.055871169e-01	4.786546139e-01	-6.798367039e-01	1.518503694e+00	3.986795931e-01	3.561357871e-01	3.863388299e-01	1.302879250e+00	-2.822990687e-01	-7.089964122e+05	-1.081449418e+01

17	1.083260179e-01	1.616969088e+00	3.915113171e-01	6.562577645e-01	4.417913750e-01	6.768702112e-01	2.698322784e-01	3.947567294e-01	-2.515792239e+00	1.998377379e+00	1.254612069e-01	-5.484652848e-01	-6.520418316e+04	-1.360192040e+01

18	1.041307512e+00	4.035954577e-01	1.618607866e+00	4.534452756e-01	3.237309204e+00	-9.986620457e-01	1.858201236e-02	2.771315880e-01	6.017541533e-02	8.971468990e-01	2.637162119e+00	1.691695556e+00	-6.406703484e+05	-1.458977947e+01

19	8.063738066e-01	9.810371032e-01	1.381537406e+00	4.498610777e-01	1.707543675e+00	-4.732568119e-01	4.780605877e-01	1.571937751e+00	3.652081051e-01	3.062969681e+00	1.177310726e+00	1.082701126e+00	-4.980046319e+05	-1.481884119e+01

20	1.294931800e+00	2.571228483e-01	2.696795124e+00	7.994187643e-01	3.546922821e-01	1.633559312e+00	4.554991175e-01	8.099177825e-01	5.594679059e-01	2.760717881e+00	5.485945428e-01	-8.658390060e-01	-5.567056366e+05	-1.393049584e+01

21	7.130676593e-01	1.012031496e+00	1.400892708e+00	9.506262963e-01	3.876360672e+00	9.725790671e-01	8.304313065e-01	3.475114072e+00	1.206042092e+00	1.229056901e+00	2.820671327e-01	-1.765353425e-01	-4.800788616e+05	-1.665774746e+01

22	9.346250037e-01	2.114735405e+00	1.292538961e+00	9.482711365e-01	1.765677226e+00	-1.379493700e+00	5.799246668e-02	1.533582322e-01	-1.243534525e+00	2.950211326e-01	1.900058052e-01	2.441594727e-01	-2.728313310e+06	-1.325273910e+01

23	1.451604975e-01	6.768806472e-01	8.825118516e-01	2.851038550e-01	7.478259846e-02	-3.206895631e-01	1.436258903e+00	3.229335064e-01	-4.423964775e-01	1.533858414e+00	1.236189817e+00	-6.592768327e-01	-9.921731953e+04	-1.154199998e+01

24	9.343996489e-01	8.380308762e-01	7.842416211e+00	9.100644276e-01	3.861504436e-01	1.449499132e+00	5.299974078e-01	1.145726827e+00	-8.368255026e-02	1.718899828e+00	3.238686227e-01	-3.217296868e-01	-8.468467771e+05	-1.568785370e+01
0	8.059344094e-01	9.123182346e-01	2.445132741e+00	5.914620255e-01	1.246089644e+00	-4.186855130e-01	1.077488135e+00	2.071332536e+00	1.061288337e+00	7.960593848e-01	8.235791043e-01	-4.884125537e-01	-5.055505859e+05	-1.347954306e+01

1	1.126498560e-01	1.918980548e-01	4.037135131e+00	5.975497493e-01	9.481735630e-01	1.072953668e+00	5.706117973e-01	4.095032124e+00	-3.932469727e-01	6.929091225e-01	3.598039838e+00	-1.377738948e+00	-1.133781481e+04	-1.657772781e+01

2	4.414692120e-01	6.517077798e-01	1.060986643e+00	4.788091688e-01	1.876848441e+00	1.981764550e-01	2.115782241e-01	2.129140651e+00	-1.041571967e+00	7.459740595e-01	3.876669829e-01	-3.895056029e-01	-1.867867049e+05	-1.122420764e+01

3	6.470172673e-02	1.648151868e-01	1.570035542e+00	4.558020266e-01	8.447810917e-01	4.026718215e-02	6.885005267e-01	1.824349774e+00	-2.393522495e-01	1.286579255e+00	2.456572571e+00	-1.653290009e+00	-6.250399390e+03	-1.295899031e+01

4	1.797546849e-01	4.332976131e-02	7.909246921e-01	4.313046348e-01	2.023036012e+00	6.085827068e-01	2.219970778e+00	1.661337562e+00	3.588135653e-01	5.307840733e+00	1.494393974e+00	-2.693342115e-01	-2.008059360e+04	-1.707431901e+01

5	3.635084464e-01	3.640606731e-02	5.135082405e+00	1.396908910e+00	7.311231457e-01	1.150477679e+00	1.439372533e+00	9.163026169e-01	1.703720532e+00	2.229330218e+00	8.731420720e-01	-1.839918213e-01	-5.418318125e+04	-1.609652761e+01

6	1.391418394e-01	8.072211707e-02	7.286101824e-01	2.640191328e-01	5.992038632e-01	3.248618103e-01	2.676802241e+00	1.592151033e+00	9.148463170e-01	2.549518571e+00	1.713859988e+00	-5.715291805e-01	-1.324643189e+04	-1.372045080e+01

7	2.481828244e-01	3.070957591e-01	8.309746370e-01	2.531277821e-01	1.942701826e+00	5.013891178e-01	1.506819181e+00	1.797283179e+00	2.538694161e-01	2.005741627e+00	9.163701536e-01	-5.447996688e-01	-4.862416187e+04	-1.274357060e+01

8	7.621341762e-01	4.901025134e-01	1.314214948e+00	8.901882779e-01	2.931138390e+00	-1.632642458e+00	8.904784246e-01	1.964947515e+00	7.708389644e-01	1.184425211e+00	5.067376941e-01	5.660306353e-01	-3.868492458e+05	-1.494444085e+01

9	5.199407324e-01	1.273609221e-01	1.676937338e+00	2.178585461e-01	1.258249930e+00	5.352512178e-01	1.378454532e+00	2.721382589e+00	1.586612772e-02	6.347388711e-01	2.392766747e+00	-2.026045353e+00	-1.618459504e+05	-1.511792423e+01

10	7.097682350e-01	4.861172899e-01	5.958961400e-01	1.660198804e+00	5.360035261e+00	-1.707642679e-01	5.653273134e-01	6.908821799e-01	4.038070729e-01	1.050026424e-01	6.055200543e-01	-1.269921556e+00	-3.502791315e+05	-1.326508670e+01

11	3.602164141e+00	2.654705467e-01	8.685673567e-01	2.794874555e-01	1.461811168e+00	1.528797253e-01	1.454436728e+00	8.403483186e-02	-8.362620740e-01	9.113940257e-01	1.218171754e+00	9.385423596e-01	-1.687633981e+06	-1.515158029e+01

12	8.397620369e-02	4.638664890e-01	9.204478497e-01	7.195464383e-01	6.828604709e-01	6.269981969e-01	1.101638883e-01	2.123466328e-01	-4.859622498e-01	9.361680856e-02	7.610624967e-01	1.978797763e-01	-2.879897078e+04	-7.519264170e+00

13	8.794595931e-02	6.158082280e-01	1.442503182e+00	8.313506962e-01	1.529227010e-01	7.495406344e-01	1.280114065e+00	5.868322862e-01	-7.188822498e-02	1.343931971e+00	2.638981895e+00	-6.816934091e-01	-3.373207475e+04	-1.251118098e+01

14	3.569803535e-01	6.325967600e-01	6.103988389e+00	2.263672686e+00	4.503880279e-01	-2.482352293e-01	6.021270665e-01	6.818894413e+00	-7.738986820e-01	8.288896106e-01	1.922116378e+00	6.153285379e-03	-1.281702278e+05	-1.868370699e+01

15	5.184654767e-02	1.032240058e+00	1.102867897e+00	4.121356286e-01	7.293732722e+00	-1.518769594e+00	1.105360586e+00	2.603742522e-01	1.830082706e+00	6.614823084e-02	8.039104440e-01	-7.273855631e-01	-1.501502321e+04	-1.579645653e+01

16	5.719204834e-01	1.520678684e+00	2.659610863e-01	9.055871169e-01	4.786546139e-01	-6.798367039e-01	1.518503694e+00	3.986795931e-01	3.561357871e-01	3.863388299e-01	1.302879250e+00	-2.822990687e-01	-7.089964122e+05	-1.081449418e+01

17	1.083260179e-01	1.616969088e+00	3.915113171e-01	6.562577645e-01	4.417913750e-01	6.768702112e-01	2.698322784e-01	3.947567294e-01	-2.515792239e+00	1.998377379e+00	1.254612069e-01	-5.484652848e-01	-6.520418316e+04	-1.360192040e+01

18	1.041307512e+00	4.035954577e-01	1.618607866e+00	4.534452756e-01	3.237309204e+00	-9.986620457e-01	1.858201236e-02	2.771315880e-01	6.017541533e-02	8.971468990e-01	2.637162119e+00	1.691695556e+00	-6.406703484e+05	-1.458977947e+01

19	8.063738066e-01	9.810371032e-01	1.381537406e+00	4.498610777e-01	1.707543675e+00	-4.732568119e-01	4.780605877e-01	1.571937751e+00	3.652081051e-01	3.062969681e+00	1.177310726e+00	1.082701126e+00	-4.980046319e+05	-1.481884119e+01

20	1.294931800e+00	2.571228483e-01	2.696795124e+00	7.994187643e-01	3.546922821e-01	1.633559312e+00	4.554991175e-01	8.099177825e-01	5.594679059e-01	2.760717881e+00	5.485945428e-01	-8.658390060e-01	-5.567056366e+05	-1.393049584e+01

21	5.558411161e-01	9.192441308e-01	1.257377649e+00	7.663747145e-01	2.823884107e+00	6.145343552e-01	9.981562186e-01	2.602424859e+00	7.496676783e-01	1.313441976e+00	5.462184262e-01	-3.101835527e-01	-2.786619437e+05	-1.443653405e+01

22	8.078986927e-01	1.907176325e+00	9.338601477e-01	9.333576517e-01	1.316000923e+00	-1.135038654e+00	5.682844253e-01	2.390717244e-01	-6.846213981e-01	3.269268693e-01	5.788356610e-01	6.021870239e-02	-1.424716052e+06	-1.154675198e+01

23	1.451604975e-01	6.768806472e-01	8.825118516e-01	2.851038550e-01	7.478259846e-02	-3.206895631e-01	1.436258903e+00	3.229335064e-01	-4.423964775e-01	1.533858414e+00	1.236189817e+00	-6.592768327e-01	-9.921731953e+04	-1.154199998e+01

24	9.200188604e-01	8.540943698e-01	7.116683582e+00	8.583710594e-01	5.345788871e-01	1.233521280e+00	5.241634886e-01	1.193601921e+00	-3.325990566e-02	1.869875473e+00	4.197334115e-01	-1.639738616e-01	-7.521654131e+05	-1.516085354e+01
0	8.059344094e-01	9.123182346e-01	2.445132741e+00	5.914620255e-01	1.246089644e+00	-4.186855130e-01	1.077488135e+00	2.071332536e+00	1.061288337e+00	7.960593848e-01	8.235791043e-01	-4.884125537e-01	-5.055505859e+05	-1.347954306e+01

1	1.126498560e-01	1.918980548e-01	4.037135131e+00	5.975497493e-01	9.481735630e-01	1.072953668e+00	5.706117973e-01	4.095032124e+00	-3.932469727e-01	6.929091225e-01	3.598039838e+00	-1.377738948e+00	-1.133781481e+04	-1.657772781e+01

2	4.414692120e-01	6.517077798e-01	1.060986643e+00	4.788091688e-01	1.876848441e+00	1.981764550e-01	2.115782241e-01	2.129140651e+00	-1.041571967e+00	7.459740595e-01	3.876669829e-01	-3.895056029e-01	-1.867867049e+05	-1.122420764e+01

3	6.470172673e-02	1.648151868e-01	1.570035542e+00	4.558020266e-01	8.447810917e-01	4.026718215e-02	6.885005267e-01	1.824349774e+00	-2.393522495e-01	1.286579255e+00	2.456572571e+00	-1.653290009e+00	-6.250399390e+03	-1.295899031e+01

4	1.797546849e-01	4.332976131e-02	7.909246921e-01	4.313046348e-01	2.023036012e+00	6.085827068e-01	2.219970778e+00	1.661337562e+00	3.588135653e-01	5.307840733e+00	1.494393974e+00	-2.693342115e-01	-2.008059360e+04	-1.707431901e+01

5	3.635084464e-01	3.640606731e-02	5.135082405e+00	1.396908910e+00	7.311231457e-01	1.150477679e+00	1.439372533e+00	9.163026169e-01	1.703720532e+00	2.229330218e+00	8.731420720e-01	-1.839918213e-01	-5.418318125e+04	-1.609652761e+01

6	1.391418394e-01	8.072211707e-02	7.286101824e-01	2.640191328e-01	5.992038632e-01	3.248618103e-01	2.676802241e+00	1.592151033e+00	9.148463170e-01	2.549518571e+00	1.713859988e+00	-5.715291805e-01	-1.324643189e+04	-1.372045080e+01

7	2.481828244e-01	3.070957591e-01	8.309746370e-01	2.531277821e-01	1.942701826e+00	5.013891178e-01	1.506819181e+00	1.797283179e+00	2.538694161e-01	2.005741627e+00	9.163701536e-01	-5.447996688e-01	-4.862416187e+04	-1.274357060e+01

8	7.621341762e-01	4.901025134e-01	1.314214948e+00	8.901882779e-01	2.931138390e+00	-1.632642458e+00	8.904784246e-01	1.964947515e+00	7.708389644e-01	1.184425211e+00	5.067376941e-01	5.660306353e-01	-3.868492458e+05	-1.494444085e+01

9	5.199407324e-01	1.273609221e-01	1.676937338e+00	2.178585461e-01	1.258249930e+00	5.352512178e-01	1.378454532e+00	2.721382589e+00	1.586612772e-02	6.347388711e-01	2.392766747e+00	-2.026045353e+00	-1.618459504e+05	-1.511792423e+01

10	7.097682350e-01	4.861172899e-01	5.958961400e-01	1.660198804e+00	5.360035261e+00	-1.707642679e-01	5.653273134e-01	6.908821799e-01	4.038070729e-01	1.050026424e-01	6.055200543e-01	-1.269921556e+00	-3.502791315e+05	-1.326508670e+01

11	3.602164141e+00	2.654705467e-01	8.685673567e-01	2.794874555e-01	1.461811168e+00	1.528797253e-01	1.454436728e+00	8.403483186e-02	-8.362620740e-01	9.113940257e-01	1.218171754e+00	9.385423596e-01	-1.687633981e+06	-1.515158029e+01

12	8.397620369e-02	4.638664890e-01	9.204478497e-01	7.195464383e-01	6.828604709e-01	6.269981969e-01	1.101638883e-01	2.123466328e-01	-4.859622498e-01	9.361680856e-02	7.610624967e-01	1.978797763e-01	-2.879897078e+04	-7.519264170e+00

13	8.794595931e-02	6.158082280e-01	1.442503182e+00	8.313506962e-01	1.529227010e-01	7.495406344e-01	1.280114065e+00	5.868322862e-01	-7.188822498e-02	1.343931971e+00	2.638981895e+00	-6.816934091e-01	-3.373207475e+04	-1.251118098e+01

14	3.289779366e-01	5.488189867e-01	4.746814834e+00	1.746196627e+00	8.344812464e-01	-5.529616485e-02	8.349776282e-01	5.526427090e+00	-5.093707007e-01	1.131788960e+00	1.663256409e+00	-1.356515372e-01	-9.425216209e+04	-1.713265109e+01

15	5.145521304e-02	1.039162767e+00	1.105089747e+00	4.083914088e-01	7.374252203e+00	-1.544904740e+00	1.117481940e+00	2.609592217e-01	1.858291804e+00	6.581366748e-02	8.044323259e-01	-7.386551629e-01	-1.486666652e+04	-1.594518646e+01

16	5.719204834e-01	1.520678684e+00	2.659610863e-01	9.055871169e-01	4.786546139e-01	-6.798367039e-01	1.518503694e+00	3.986795931e-01	3.561357871e-01	3.863388299e-01	1.302879250e+00	-2.822990687e-01	-7.089964122e+05	-1.081449418e+01

17	1.083260179e-01	1.616969088e+00	3.915113171e-01	6.562577645e-01	4.417913750e-01	6.768702112e-01	2.698322784e-01	3.947567294e-01	-2.515792239e+00	1.998377379e+00	1.254612069e-01	-5.484652848e-01	-6.520418316e+04	-1.360192040e+01

18	1.041307512e+00	4.035954577e-01	1.618607866e+00	4.534452756e-01	3.237309204e+00	-9.986620457e-01	1.858201236e-02	2.771315880e-01	6.017541533e-02	8.971468990e-01	2.637162119e+00	1.691695556e+00	-6.406703484e+05	-1.458977947e+01

19	8.063738066e-01	9.810371032e-01	1.381537406e+00	4.498610777e-01	1.707543675e+00	-4.732568119e-01	4.780605877e-01	1.571937751e+00	3.652081051e-01	3.062969681e+00	1.177310726e+00	1.082701126e+00	-4.980046319e+05	-1.481884119e+01

20	8.986998406e-01	2.273924374e-01	2.333888895e+00	6.887468369e-01	5.125398698e-01	1.120392485e+00	5.305441087e-01	1.136645591e+00	3.021842624e-01	2.285927962e+00	1.163115265e+00	-1.119460878e+00	-3.938025712e+05	-1.318641169e+01

21	5.558411161e-01	9.192441308e-01	1.257377649e+00	7.663747145e-01	2.823884107e+00	6.145343552e-01	9.981562186e-01	2.602424859e+00	7.496676783e-01	1.313441976e+00	5.462184262e-01	-3.101835527e-01	-2.786619437e+05	-1.443653405e+01

22	8.078986927e-01	1.907176325e+00	9.338601477e-01	9.333576517e-01	1.316000923e+00	-1.135038654e+00	5.682844253e-01	2.390717244e-01	-6.846213981e-01	3.269268693e-01	5.788356610e-01	6.021870239e-02	-1.424716052e+06	-1.154675198e+01

23	1.451604975e-01	6.768806472e-01	8.825118516e-01	2.851038550e-01	7.478259846e-02	-3.206895631e-01	1.436258903e+00	3.229335064e-01	-4.423964775e-01	1.533858414e+00	1.236189817e+00	-6.592768327e-01	-9.921731953e+04	-1.154199998e+01

24	8.782939891e-01	9.007014947e-01	5.011020130e+00	7.083862967e-01	9.652338363e-01	6.068763543e-01	5.072367721e-01	1.332508220e+00	1.130379395e-01	2.307920955e+00	6.978785215e-01	2.937438456e-01	-6.158825335e+05	-1.444013718e+01
0	8.059344094e-01	9.123182346e-01	2.445132741e+00	5.914620255e-01	1.246089644e+00	-4.186855130e-01	1.077488135e+00	2.071332536e+00	1.061288337e+00	7.960593848e-01	8.235791043e-01	-4.884125537e-01	-5.055505859e+05	-1.347954306e+01

1	1.126498560e-01	1.918980548e-01	4.037135131e+00	5.975497493e-01	9.481735630e-01	1.072953668e+00	5.706117973e-01	4.095032124e+00	-3.932469727e-01	6.929091225e-01	3.598039838e+00	-1.377738948e+00	-1.133781481e+04	-1.657772781e+01

2	4.238379029e-01	6.202727618e-01	1.040005275e+00	4.582228339e-01	1.882855493e+00	2.258350825e-01	3.297282604e-01	2.098869085e+00	-9.234036477e-01	8.608882637e-01	4.358945335e-01	-4.036713065e-01	-1.675570353e+05	-1.126440553e+01

3	6.470172673e-02	1.648151868e-01	1.570035542e+00	4.558020266e-01	8.447810917e-01	4.026718215e-02	6.885005267e-01	1.824349774e+00	-2.393522495e-01	1.286579255e+00	2.456572571e+00	-1.653290009e+00	-6.250399390e+03	-1.295899031e+01

4	1.797546849e-01	4.332976131e-02	7.909246921e-01	4.313046348e-01	2.023036012e+00	6.085827068e-01	2.219970778e+00	1.661337562e+00	3.588135653e-01	5.307840733e+00	1.494393974e+00	-2.693342115e-01	-2.008059360e+04	-1.707431901e+01

5	3.422871996e-01	6.885757651e-02	4.815120029e+00	1.345485589e+00	7.274591886e-01	1.110736692e+00	1.338463011e+00	8.628603965e-01	1.537486403e+00	2.067193281e+00	8.646333279e-01	-1.550012785e-01	-5.401023234e+04	-1.522939932e+01

6	1.391418394e-01	8.072211707e-02	7.286101824e-01	2.640191328e-01	5.992038632e-01	3.248618103e-01	2.676802241e+00	1.592151033e+00	9.148463170e-01	2.549518571e+00	1.713859988e+00	-5.715291805e-01	-1.324643189e+04	-1.372045080e+01

7	2.481828244e-01	3.070957591e-01	8.309746370e-01	2.531277821e-01	1.942701826e+00	5.013891178e-01	1.506819181e+00	1.797283179e+00	2.538694161e-01	2.005741627e+00	9.163701536e-01	-5.447996688e-01	-4.862416187e+04	-1.274357060e+01

8	7.621341762e-01	4.901025134e-01	1.314214948e+00	8.901882779e-01	2.931138390e+00	-1.632642458e+00	8.904784246e-01	1.964947515e+00	7.708389644e-01	1.184425211e+00	5.067376941e-01	5.660306353e-01	-3.868492458e+05	-1.494444085e+01

9	5.199407324e-01	1.273609221e-01	1.676937338e+00	2.178585461e-01	1.258249930e+00	5.352512178e-01	1.378454532e+00	2.721382589e+00	1.586612772e-02	6.347388711e-01	2.392766747e+00	-2.026045353e+00	-1.618459504e+05	-1.511792423e+01

10	7.097682350e-01	4.861172899e-01	5.958961400e-01	1.660198804e+00	5.360035261e+00	-1.707642679e-01	5.653273134e-01	6.908821799e-01	4.038070729e-01	1.050026424e-01	6.055200543e-01	-1.269921556e+00	-3.502791315e+05	-1.326508670e+01

11	3.602164141e+00	2.654705467e-01	8.685673567e-01	2.794874555e-01	1.461811168e+00	1.528797253e-01	1.454436728e+00	8.403483186e-02	-8.362620740e-01	9.113940257e-01	1.218171754e+00	9.385423596e-01	-1.687633981e+06	-1.515158029e+01

12	8.397620369e-02	4.638664890e-01	9.204478497e-01	7.195464383e-01	6.828604709e-01	6.269981969e-01	1.101638883e-01	2.123466328e-01	-4.859622498e-01	9.361680856e-02	7.610624967e-01	1.978797763e-01	-2.879897078e+04	-7.519264170e+00

13	8.794595931e-02	6.158082280e-01	1.442503182e+00	8.313506962e-01	1.529227010e-01	7.495406344e-01	1.280114065e+00	5.868322862e-01	-7.188822498e-02	1.343931971e+00	2.638981895e+00	-6.816934091e-01	-3.373207475e+04	-1.251118098e+01

14	2.897694341e-01	4.315147895e-01	2.846523764e+00	1.021635550e+00	1.372281965e+00	2.148537948e-01	1.161010980e+00	3.716736573e+00	-1.389831708e-01	1.555903420e+00	1.300805131e+00	-3.342042108e-01	-6.725224039e+04	-1.507657999e+01

15	5.145521304e-02	1.039162767e+00	1.105089747e+00	4.083914088e-01	7.374252203e+00	-1.544904740e+00	1.117481940e+00	2.609592217e-01	1.858291804e+00	6.581366748e-02	8.044323259e-01	-7.386551629e-01	-1.486666652e+04	-1.594518646e+01

16	5.283811505e-01	1.230651511e+00	5.313083072e-01	7.631459821e-01	9.453148909e-01	-3.867915939e-01	1.082305086e+00	9.762371682e-01	-1.103622582e-01	5.063704539e-01	9.974185897e-01	-3.180802530e-01	-3.672548590e+05	-1.055007005e+01

17	1.083260179e-01	1.616969088e+00	3.915113171e-01	6.562577645e-01	4.417913750e-01	6.768702112e-01	2.698322784e-01	3.947567294e-01	-2.515792239e+00	1.998377379e+00	1.254612069e-01	-5.484652848e-01	-6.520418316e+04	-1.360192040e+01

18	9.317345008e-01	6.729140713e-01	1.508038273e+00	4.517736068e-01	2.523827011e+00	-7.536131993e-01	2.328826847e-01	8.810288016e-01	2.024425721e-01	1.907286007e+00	1.956287859e+00	1.407660733e+00	-5.756755361e+05	-1.456112659e+01

19	8.063738066e-01	9.810371032e-01	1.381537406e+00	4.498610777e-01	1.707543675e+00	-4.732568119e-01	4.780605877e-01	1.571937751e+00	3.652081051e-01	3.062969681e+00	1.177310726e+00	1.082701126e+00	-4.980046319e+05	-1.481884119e+01

20	8.986998406e-01	2.273924374e-01	2.333888895e+00	6.887468369e-01	5.125398698e-01	1.120392485e+00	5.305441087e-01	1.136645591e+00	3.021842624e-01	2.285927962e+00	1.163115265e+00	-1.119460878e+00	-3.938025712e+05	-1.318641169e+01

21	5.558411161e-01	9.192441308e-01	1.257377649e+00	7.663747145e-01	2.823884107e+00	6.145343552e-01	9.981562186e-01	2.602424859e+00	7.496676783e-01	1.313441976e+00	5.462184262e-01	-3.101835527e-01	-2.786619437e+05	-1.443653405e+01

22	8.078986927e-01	1.907176325e+00	9.338601477e-01	9.333576517e-01	1.316000923e+00	-1.135038654e+00	5.682844253e-01	2.390717244e-01	-6.846213981e-01	3.269268693e-01	5.788356610e-01	6.021870239e-02	-1.424716052e+06	-1.154675198e+01

23	1.451604975e-01	6.768806472e-01	8.825118516e-01	2.851038550e-01	7.478259846e-02	-3.206895631e-01	1.436258903e+00	3.229335064e-01	-4.423964775e-01	1.533858414e+00	1.236189817e+00	-6.592768327e-01	-9.921731953e+04	-1.154199998e+01

24	8.782939891e-01	9.007014947e-01	5.011020130e+00	7.083862967e-01	9.652338363e-01	6.068763543e-01	5.072367721e-01	1.332508220e+00	1.130379395e-01	2.307920955e+00	6.978785215e-01	2.937438456e-01	-6.158825335e+05	-1.444013718e+01
0	8.059344094e-01	9.123182346e-01	2.445132741e+00	5.914620255e-01	1.246089644e+00	-4.186855130e-01	1.077488135e+00	2.071332536e+00	1.061288337e+00	7.960593848e-01	8.235791043e-01	-4.884125537e-01	-5.055505859e+05	-1.347954306e+01

1	1.030493517e-01	1.819217802e-01	4.059180950e+00	5.976340512e-01	9.440480642e-01	1.093609672e+00	5.635926470e-01	4.123056023e+00	-4.133891675e-01	6.914807126e-01	3.636460169e+00	-1.390054211e+00	-9.820592634e+03	-1.664633289e+01

2	2.995396412e-01	4.491664742e-01	2.237152900e+00	5.138743719e-01	1.509514228e+00	5.642008028e-01	4.259446968e-01	2.896199183e+00	-7.116424512e-01	7.937921285e-01	1.698954502e+00	-7.927444597e-01	-7.016523043e+04	-1.335184075e+01

3	6.470172673e-02	1.648151868e-01	1.570035542e+00	4.558020266e-01	8.447810917e-01	4.026718215e-02	6.885005267e-01	1.824349774e+00	-2.393522495e-01	1.286579255e+00	2.456572571e+00	-1.653290009e+00	-6.250399390e+03	-1.295899031e+01

4	1.737795180e-01	4.883111349e-02	7.817566668e-01	4.066927471e-01	1.813554637e+00	5.668402559e-01	2.287182130e+00	1.651158490e+00	4.406199113e-01	4.902022449e+00	1.526682922e+00	-3.137946612e-01	-1.894632439e+04	-1.656719515e+01

5	3.422871996e-01	6.885757651e-02	4.815120029e+00	1.345485589e+00	7.274591886e-01	1.110736692e+00	1.338463011e+00	8.628603965e-01	1.537486403e+00	2.067193281e+00	8.646333279e-01	-1.550012785e-01	-5.401023234e+04	-1.522939932e+01

6	1.391418394e-01	8.072211707e-02	7.286101824e-01	2.640191328e-01	5.992038632e-01	3.248618103e-01	2.676802241e+00	1.592151033e+00	9.148463170e-01	2.549518571e+00	1.713859988e+00	-5.715291805e-01	-1.324643189e+04	-1.372045080e+01

7	2.481828244e-01	3.070957591e-01	8.309746370e-01	2.531277821e-01	1.942701826e+00	5.013891178e-01	1.506819181e+00	1.797283179e+00	2.538694161e-01	2.005741627e+00	9.163701536e-01	-5.447996688e-01	-4.862416187e+04	-1.274357060e+01

8	7.621341762e-01	4.901025134e-01	1.314214948e+00	8.901882779e-01	2.931138390e+00	-1.632642458e+00	8.904784246e-01	1.964947515e+00	7.708389644e-01	1.184425211e+00	5.067376941e-01	5.660306353e-01	-3.868492458e+05	-1.494444085e+01

9	5.199407324e-01	1.273609221e-01	1.676937338e+00	2.178585461e-01	1.258249930e+00	5.352512178e-01	1.378454532e+00	2.721382589e+00	1.586612772e-02	6.347388711e-01	2.392766747e+00	-2.026045353e+00	-1.618459504e+05	-1.511792423e+01

10	7.097682350e-01	4.861172899e-01	5.958961400e-01	1.660198804e+00	5.360035261e+00	-1.707642679e-01	5.653273134e-01	6.908821799e-01	4.038070729e-01	1.050026424e-01	6.055200543e-01	-1.269921556e+00	-3.502791315e+05	-1.326508670e+01

11	3.602164141e+00	2.654705467e-01	8.685673567e-01	2.794874555e-01	1.461811168e+00	1.528797253e-01	1.454436728e+00	8.403483186e-02	-8.362620740e-01	9.113940257e-01	1.218171754e+00	9.385423596e-01	-1.687633981e+06	-1.515158029e+01

12	8.397620369e-02	4.638664890e-01	9.204478497e-01	7.195464383e-01	6.828604709e-01	6.269981969e-01	1.101638883e-01	2.123466328e-01	-4.859622498e-01	9.361680856e-02	7.610624967e-01	1.978797763e-01	-2.879897078e+04	-7.519264170e+00

13	8.794595931e-02	6.158082280e-01	1.442503182e+00	8.313506962e-01	1.529227010e-01	7.495406344e-01	1.280114065e+00	5.868322862e-01	-7.188822498e-02	1.343931971e+00	2.638981895e+00	-6.816934091e-01	-3.373207475e+04	-1.251118098e+01

14	1.358235957e-01	4.831196795e-01	2.976124789e+00	1.105794316e+00	1.589636389e+00	-1.407862732e-02	1.320401528e+00	4.369018451e+00	-2.505162617e-01	1.371343346e+00	1.335614991e+00	-1.356807101e-01	-2.335931225e+04	-1.568324982e+01

15	5.145521304e-02	1.039162767e+00	1.105089747e+00	4.083914088e-01	7.374252203e+00	-1.544904740e+00	1.117481940e+00	2.609592217e-01	1.858291804e+00	6.581366748e-02	8.044323259e-01	-7.386551629e-01	-1.486666652e+04	-1.594518646e+01

16	5.283811505e-01	1.230651511e+00	5.313083072e-01	7.631459821e-01	9.453148909e-01	-3.867915939e-01	1.082305086e+00	9.762371682e-01	-1.103622582e-01	5.063704539e-01	9.974185897e-01	-3.180802530e-01	-3.672548590e+05	-1.055007005e+01

17	1.083260179e-01	1.616969088e+00	3.915113171e-01	6.562577645e-01	4.417913750e-01	6.768702112e-01	2.698322784e-01	3.947567294e-01	-2.515792239e+00	1.998377379e+00	1.254612069e-01	-5.484652848e-01	-6.520418316e+04	-1.360192040e+01

18	8.760370266e-01	6.260415932e-01	1.279156588e+00	7.550009062e-01	3.235510093e+00	-6.073602845e-01	3.163022353e-01	8.333157560e-01	2.529704938e-01	1.455043271e+00	1.617342863e+00	7.357812919e-01	-5.096044281e+05	-1.361861119e+01

19	8.063738066e-01	9.810371032e-01	1.381537406e+00	4.498610777e-01	1.707543675e+00	-4.732568119e-01	4.780605877e-01	1.571937751e+00	3.652081051e-01	3.062969681e+00	1.177310726e+00	1.082701126e+00	-4.980046319e+05	-1.481884119e+01

20	1.183764674e+00	1.218781208e-01	2.379913364e+00	7.719466059e-01	3.820540968e-02	1.385014016e+00	5.803097874e-01	2.994957728e-01	7.845366349e-01	2.995847369e+00	9.081768975e-01	-1.274904049e+00	-6.185843016e+04	-1.665467138e+01

21	5.558411161e-01	9.192441308e-01	1.257377649e+00	7.663747145e-01	2.823884107e+00	6.145343552e-01	9.981562186e-01	2.602424859e+00	7.496676783e-01	1.313441976e+00	5.462184262e-01	-3.101835527e-01	-2.786619437e+05	-1.443653405e+01

22	8.078986927e-01	1.907176325e+00	9.338601477e-01	9.333576517e-01	1.316000923e+00	-1.135038654e+00	5.682844253e-01	2.390717244e-01	-6.846213981e-01	3.269268693e-01	5.788356610e-01	6.021870239e-02	-1.424716052e+06	-1.154675198e+01

23	1.548346038e-01	4.997110389e-01	8.568999212e-01	3.259882346e-01	6.196027572e-01	-6.082282191e-02	1.655420345e+00	6.972120806e-01	-2.183417526e-01	2.589235313e+00	1.308395429e+00	-5.502311617e-01	-4.858445639e+04	-1.161909383e+01

24	6.860807094e-01	7.925964834e-01	4.484219451e+00	8.112686467e-01	1.126881309e+00	4.461214008e-01	7.177516505e-01	2.118610394e+00	1.891978205e-02	2.065456534e+00	8.629779241e-01	1.825729450e-01	-3.694181603e+05	-1.482164231e+01
0	8.059344094e-01	9.123182346e-01	2.445132741e+00	5.914620255e-01	1.246089644e+00	-4.186855130e-01	1.077488135e+00	2.071332536e+00	1.061288337e+00	7.960593848e-01	8.235791043e-01	-4.884125537e-01	-5.055505859e+05	-1.347954306e+01

1	1.030493517e-01	1.819217802e-01	4.059180950e+00	5.976340512e-01	9.440480642e-01	1.093609672e+00	5.635926470e-01	4.123056023e+00	-4.133891675e-01	6.914807126e-01	3.636460169e+00	-1.390054211e+00	-9.820592634e+03	-1.664633289e+01

2	2.637239107e-01	3.351533593e-01	1.822664763e+00	4.833496866e-01	1.596103117e+00	5.649525033e-01	9.560139788e-01	2.541619045e+00	-3.834850263e-01	1.963791537e+00	1.649892587e+00	-6.563424235e-01	-5.219125432e+04	-1.413555437e+01

3	6.470172673e-02	1.648151868e-01	1.570035542e+00	4.558020266e-01	8.447810917e-01	4.026718215e-02	6.885005267e-01	1.824349774e+00	-2.393522495e-01	1.286579255e+00	2.456572571e+00	-1.653290009e+00	-6.250399390e+03	-1.295899031e+01

4	1.737795180e-01	4.883111349e-02	7.817566668e-01	4.066927471e-01	1.813554637e+00	5.668402559e-01	2.287182130e+00	1.651158490e+00	4.406199113e-01	4.902022449e+00	1.526682922e+00	-3.137946612e-01	-1.894632439e+04	-1.656719515e+01

5	1.993769955e-01	5.985296613e-02	5.228697209e+00	1.442891135e+00	8.445168653e-01	1.064155494e+00	1.467222052e+00	9.585380061e-01	1.665361728e+00	1.909477657e+00	8.572382156e-01	3.519458324e-02	-2.135555593e+04	-1.572174684e+01

6	1.391418394e-01	8.072211707e-02	7.286101824e-01	2.640191328e-01	5.992038632e-01	3.248618103e-01	2.676802241e+00	1.592151033e+00	9.148463170e-01	2.549518571e+00	1.713859988e+00	-5.715291805e-01	-1.324643189e+04	-1.372045080e+01

7	2.481828244e-01	3.070957591e-01	8.309746370e-01	2.531277821e-01	1.942701826e+00	5.013891178e-01	1.506819181e+00	1.797283179e+00	2.538694161e-01	2.005741627e+00	9.163701536e-01	-5.447996688e-01	-4.862416187e+04	-1.274357060e+01

8	7.621341762e-01	4.901025134e-01	1.314214948e+00	8.901882779e-01	2.931138390e+00	-1.632642458e+00	8.904784246e-01	1.964947515e+00	7.708389644e-01	1.184425211e+00	5.067376941e-01	5.660306353e-01	-3.868492458e+05	-1.494444085e+01

9	4.342070551e-01	1.168605862e-01	1.463429432e+00	2.282512151e-01	1.109871235e+00	4.878838071e-01	1.670766631e+00	2.467145574e+00	2.182639783e-01	1.065835463e+00	2.239916584e+00	-1.698573235e+00	-1.124792577e+05	-1.456583714e+01

10	7.097682350e-01	4.861172899e-01	5.958961400e-01	1.660198804e+00	5.360035261e+00	-1.707642679e-01	5.653273134e-01	6.908821799e-01	4.038070729e-01	1.050026424e-01	6.055200543e-01	-1.269921556e+00	-3.502791315e+05	-1.326508670e+01

11	3.602164141e+00	2.654705467e-01	8.685673567e-01	2.794874555e-01	1.461811168e+00	1.528797253e-01	1.454436728e+00	8.403483186e-02	-8.362620740e-01	9.113940257e-01	1.218171754e+00	9.385423596e-01	-1.687633981e+06	-1.515158029e+01

12	8.397620369e-02	4.638664890e-01	9.204478497e-01	7.195464383e-01	6.828604709e-01	6.269981969e-01	1.101638883e-01	2.123466328e-01	-4.859622498e-01	9.361680856e-02	7.610624967e-01	1.978797763e-01	-2.879897078e+04	-7.519264170e+00

13	8.794595931e-02	6.158082280e-01	1.442503182e+00	8.313506962e-01	1.529227010e-01	7.495406344e-01	1.280114065e+00	5.868322862e-01	-7.188822498e-02	1.343931971e+00	2.638981895e+00	-6.816934091e-01	-3.373207475e+04	-1.251118098e+01

14	1.358235957e-01	4.831196795e-01	2.976124789e+00	1.105794316e+00	1.589636389e+00	-1.407862732e-02	1.320401528e+00	4.369018451e+00	-2.505162617e-01	1.371343346e+00	1.335614991e+00	-1.356807101e-01	-2.335931225e+04	-1.568324982e+01

15	5.145521304e-02	1.039162767e+00	1.105089747e+00	4.083914088e-01	7.374252203e+00	-1.544904740e+00	1.117481940e+00	2.609592217e-01	1.858291804e+00	6.581366748e-02	8.044323259e-01	-7.386551629e-01	-1.486666652e+04	-1.594518646e+01

16	4.335286471e-01	9.067338253e-01	1.238363730e+00	6.598254074e-01	1.179169840e+00	7.385187332e-03	8.102503077e-01	1.772042108e+00	-3.595868492e-01	6.255038465e-01	1.288198168e+00	-5.148237915e-01	-1.870204022e+05	-1.161850022e+01

17	1.005619514e-01	1.249296251e+00	5.601655165e-01	6.764376915e-01	5.186575260e-01	6.609682568e-01	2.189211713e-01	3.365943093e-01	-1.868570255e+00	1.391034439e+00	3.281260259e-01	-3.104892310e-01	-5.221965979e+04	-1.062309505e+01

18	8.760370266e-01	6.260415932e-01	1.279156588e+00	7.550009062e-01	3.235510093e+00	-6.073602845e-01	3.163022353e-01	8.333157560e-01	2.529704938e-01	1.455043271e+00	1.617342863e+00	7.357812919e-01	-5.096044281e+05	-1.361861119e+01

19	6.796879837e-01	1.269447004e+00	1.046393950e+00	3.417406284e-01	2.267921549e+00	-1.097057199e+00	4.437366940e-01	1.999082055e+00	2.244442859e-01	3.085501877e+00	1.267655892e+00	1.874122375e+00	-3.951587886e+05	-1.723336610e+01

20	1.183764674e+00	1.218781208e-01	2.379913364e+00	7.719466059e-01	3.820540968e-02	1.385014016e+00	5.803097874e-01	2.994957728e-01	7.845366349e-01	2.995847369e+00	9.081768975e-01	-1.274904049e+00	-6.185843016e+04	-1.665467138e+01

21	5.558411161e-01	9.192441308e-01	1.257377649e+00	7.663747145e-01	2.823884107e+00	6.145343552e-01	9.981562186e-01	2.602424859e+00	7.496676783e-01	1.313441976e+00	5.462184262e-01	-3.101835527e-01	-2.786619437e+05	-1.443653405e+01

22	8.078986927e-01	1.907176325e+00	9.338601477e-01	9.333576517e-01	1.316000923e+00	-1.135038654e+00	5.682844253e-01	2.390717244e-01	-6.846213981e-01	3.269268693e-01	5.788356610e-01	6.021870239e-02	-1.424716052e+06	-1.154675198e+01

23	1.548346038e-01	4.997110389e-01	8.568999212e-01	3.259882346e-01	6.196027572e-01	-6.082282191e-02	1.655420345e+00	6.972120806e-01	-2.183417526e-01	2.589235313e+00	1.308395429e+00	-5.502311617e-01	-4.858445639e+04	-1.161909383e+01

24	6.912909935e-01	7.251836300e-01	3.628947788e+00	9.979984655e-01	2.058001571e+00	3.104318530e-01	6.842245475e-01	1.804568740e+00	1.035792013e-01	1.634237079e+00	8.063477515e-01	-1.369162763e-01	-3.554733192e+05	-1.447950716e+01
0	8.059344094e-01	9.123182346e-01	2.445132741e+00	5.914620255e-01	1.246089644e+00	-4.186855130e-01	1.077488135e+00	2.071332536e+00	1.061288337e+00	7.960593848e-01	8.235791043e-01	-4.884125537e-01	-5.055505859e+05	-1.347954306e+01

1	1.030493517e-01	1.819217802e-01	4.059180950e+00	5.976340512e-01	9.440480642e-01	1.093609672e+00	5.635926470e-01	4.123056023e+00	-4.133891675e-01	6.914807126e-01	3.636460169e+00	-1.390054211e+00	-9.820592634e+03	-1.664633289e+01

2	2.637239107e-01	3.351533593e-01	1.822664763e+00	4.833496866e-01	1.596103117e+00	5.649525033e-01	9.560139788e-01	2.541619045e+00	-3.834850263e-01	1.963791537e+00	1.649892587e+00	-6.563424235e-01	-5.219125432e+04	-1.413555437e+01

3	5.717903971e-02	4.809765648e-02	1.823564855e+00	3.528645167e-01	9.079775227e-01	-1.887296305e-01	9.142210759e-01	2.453502780e+00	-1.431021748e-01	1.752183750e+00	3.118317720e+00	-2.375788002e+00	-3.744071565e+03	-1.608191896e+01

4	1.737795180e-01	4.883111349e-02	7.817566668e-01	4.066927471e-01	1.813554637e+00	5.668402559e-01	2.287182130e+00	1.651158490e+00	4.406199113e-01	4.902022449e+00	1.526682922e+00	-3.137946612e-01	-1.894632439e+04	-1.656719515e+01

5	1.993769955e-01	5.985296613e-02	5.228697209e+00	1.442891135e+00	8.445168653e-01	1.064155494e+00	1.467222052e+00	9.585380061e-01	1.665361728e+00	1.909477657e+00	8.572382156e-01	3.519458324e-02	-2.135555593e+04	-1.572174684e+01

6	1.391418394e-01	8.072211707e-02	7.286101824e-01	2.640191328e-01	5.992038632e-01	3.248618103e-01	2.676802241e+00	1.592151033e+00	9.148463170e-01	2.549518571e+00	1.713859988e+00	-5.715291805e-01	-1.324643189e+04	-1.372045080e+01

7	2.481828244e-01	3.070957591e-01	8.309746370e-01	2.531277821e-01	1.942701826e+00	5.013891178e-01	1.506819181e+00	1.797283179e+00	2.538694161e-01	2.005741627e+00	9.163701536e-01	-5.447996688e-01	-4.862416187e+04	-1.274357060e+01

8	7.425557051e-01	4.831310512e-01	1.295806384e+00	8.659200851e-01	2.893484871e+00	-1.551348625e+00	9.139573193e-01	1.958560507e+00	7.511455181e-01	1.215712451e+00	5.223422396e-01	5.237146478e-01	-3.679257878e+05	-1.474855745e+01

9	4.342070551e-01	1.168605862e-01	1.463429432e+00	2.282512151e-01	1.109871235e+00	4.878838071e-01	1.670766631e+00	2.467145574e+00	2.182639783e-01	1.065835463e+00	2.239916584e+00	-1.698573235e+00	-1.124792577e+05	-1.456583714e+01

10	4.937524000e-01	3.098808590e-01	6.708022259e-01	1.155006906e+00	3.930721642e+00	1.265073947e-01	1.259274581e+00	1.077895717e+00	4.186434972e-01	2.038312441e+00	9.767699701e-01	-8.845803295e-01	-1.604101102e+05	-1.457045880e+01

11	3.602164141e+00	2.654705467e-01	8.685673567e-01	2.794874555e-01	1.461811168e+00	1.528797253e-01	1.454436728e+00	8.403483186e-02	-8.362620740e-01	9.113940257e-01	1.218171754e+00	9.385423596e-01	-1.687633981e+06	-1.515158029e+01

12	8.397620369e-02	4.638664890e-01	9.204478497e-01	7.195464383e-01	6.828604709e-01	6.269981969e-01	1.101638883e-01	2.123466328e-01	-4.859622498e-01	9.361680856e-02	7.610624967e-01	1.978797763e-01	-2.879897078e+04	-7.519264170e+00

13	6.134898846e-02	6.291711482e-01	1.444283399e+00	8.454186251e-01	2.508063460e-02	8.181247756e-01	1.331500599e+00	5.406522016e-01	-7.804957692e-02	1.341826889e+00	2.679925485e+00	-7.012506119e-01	-1.995047310e+04	-1.584667447e+01

14	1.358235957e-01	4.831196795e-01	2.976124789e+00	1.105794316e+00	1.589636389e+00	-1.407862732e-02	1.320401528e+00	4.369018451e+00	-2.505162617e-01	1.371343346e+00	1.335614991e+00	-1.356807101e-01	-2.335931225e+04	-1.568324982e+01

15	5.145521304e-02	1.039162767e+00	1.105089747e+00	4.083914088e-01	7.374252203e+00	-1.544904740e+00	1.117481940e+00	2.609592217e-01	1.858291804e+00	6.581366748e-02	8.044323259e-01	-7.386551629e-01	-1.486666652e+04	-1.594518646e+01

16	4.167012053e-01	8.458722500e-01	1.525131318e+00	7.161008720e-01	1.155119813e+00	8.333058745e-02	8.574639563e-01	1.713579172e+00	-2.140627662e-01	7.177773558e-01	1.257226985e+00	-4.752964076e-01	-1.718505926e+05	-1.173364261e+01

17	1.005619514e-01	1.249296251e+00	5.601655165e-01	6.764376915e-01	5.186575260e-01	6.609682568e-01	2.189211713e-01	3.365943093e-01	-1.868570255e+00	1.391034439e+00	3.281260259e-01	-3.104892310e-01	-5.221965979e+04	-1.062309505e+01

18	4.967412464e-01	4.104202222e-01	1.415141254e+00	6.151267105e-01	2.117854517e+00	-3.045972156e-01	4.903033436e-01	1.296619918e+00	2.281171841e-02	1.376287065e+00	2.009679160e+00	-3.810993164e-01	-1.676457127e+05	-1.266042925e+01

19	6.148968702e-01	9.471713292e-01	1.103262759e+00	4.276774226e-02	2.748973388e+00	-1.077863320e+00	3.807966615e-01	2.888500965e+00	6.838394359e-01	4.479544137e+00	1.615750292e+00	2.790776215e+00	-2.856061739e+05	-2.162490177e+01

20	1.183764674e+00	1.218781208e-01	2.379913364e+00	7.719466059e-01	3.820540968e-02	1.385014016e+00	5.803097874e-01	2.994957728e-01	7.845366349e-01	2.995847369e+00	9.081768975e-01	-1.274904049e+00	-6.185843016e+04	-1.665467138e+01

21	5.762876192e-01	9.289131894e-01	1.204019418e+00	5.158448140e-01	2.797948239e+00	2.858612984e-02	7.844116937e-01	2.701471194e+00	7.268763791e-01	2.409621656e+00	9.165157317e-01	7.634422857e-01	-2.714894755e+05	-1.550017023e+01

22	8.078986927e-01	1.907176325e+00	9.338601477e-01	9.333576517e-01	1.316000923e+00	-1.135038654e+00	5.682844253e-01	2.390717244e-01	-6.846213981e-01	3.269268693e-01	5.788356610e-01	6.021870239e-02	-1.424716052e+06	-1.154675198e+01

23	1.548346038e-01	4.997110389e-01	8.568999212e-01	3.259882346e-01	6.196027572e-01	-6.082282191e-02	1.655420345e+00	6.972120806e-01	-2.183417526e-01	2.589235313e+00	1.308395429e+00	-5.502311617e-01	-4.858445639e+04	-1.161909383e+01

24	6.705560493e-01	7.548908083e-01	3.265902981e+00	9.625410281e-01	2.175244435e+00	3.569844860e-01	7.322818497e-01	1.926706186e+00	2.024837466e-01	1.585129108e+00	7.665266224e-01	-1.634403853e-01	-3.415386377e+05	-1.444742901e+01
0	8.059344094e-01	9.123182346e-01	2.445132741e+00	5.914620255e-01	1.246089644e+00	-4.186855130e-01	1.077488135e+00	2.071332536e+00	1.061288337e+00	7.960593848e-01	8.235791043e-01	-4.884125537e-01	-5.055505859e+05	-1.347954306e+01

1	1.030493517e-01	1.819217802e-01	4.059180950e+00	5.976340512e-01	9.440480642e-01	1.093609672e+00	5.635926470e-01	4.123056023e+00	-4.133891675e-01	6.914807126e-01	3.636460169e+00	-1.390054211e+00	-9.820592634e+03	-1.664633289e+01

2	2.637239107e-01	3.351533593e-01	1.822664763e+00	4.833496866e-01	1.596103117e+00	5.649525033e-01	9.560139788e-01	2.541619045e+00	-3.834850263e-01	1.963791537e+00	1.649892587e+00	-6.563424235e-01	-5.219125432e+04	-1.413555437e+01

3	5.717903971e-02	4.809765648e-02	1.823564855e+00	3.528645167e-01	9.079775227e-01	-1.887296305e-01	9.142210759e-01	2.453502780e+00	-1.431021748e-01	1.752183750e+00	3.118317720e+00	-2.375788002e+00	-3.744071565e+03	-1.608191896e+01

4	1.706918139e-01	3.811324587e-02	7.797141430e-01	4.130656246e-01	1.808195086e+00	5.695564490e-01	2.319566844e+00	1.645094381e+00	4.483699736e-01	5.022216811e+00	1.552010630e+00	-3.042080564e-01	-1.802308512e+04	-1.672653598e+01

5	1.993769955e-01	5.985296613e-02	5.228697209e+00	1.442891135e+00	8.445168653e-01	1.064155494e+00	1.467222052e+00	9.585380061e-01	1.665361728e+00	1.909477657e+00	8.572382156e-01	3.519458324e-02	-2.135555593e+04	-1.572174684e+01

6	1.391418394e-01	8.072211707e-02	7.286101824e-01	2.640191328e-01	5.992038632e-01	3.248618103e-01	2.676802241e+00	1.592151033e+00	9.148463170e-01	2.549518571e+00	1.713859988e+00	-5.715291805e-01	-1.324643189e+04	-1.372045080e+01

7	2.481828244e-01	3.070957591e-01	8.309746370e-01	2.531277821e-01	1.942701826e+00	5.013891178e-01	1.506819181e+00	1.797283179e+00	2.538694161e-01	2.005741627e+00	9.163701536e-01	-5.447996688e-01	-4.862416187e+04	-1.274357060e+01

8	6.604313785e-01	4.191347511e-01	1.890428384e+00	9.531535464e-01	2.583697108e+00	-1.155905080e+00	9.976065728e-01	1.807365011e+00	8.893677813e-01	1.320604266e+00	5.729758635e-01	4.498542762e-01	-2.883248050e+05	-1.443286435e+01

9	4.342070551e-01	1.168605862e-01	1.463429432e+00	2.282512151e-01	1.109871235e+00	4.878838071e-01	1.670766631e+00	2.467145574e+00	2.182639783e-01	1.065835463e+00	2.239916584e+00	-1.698573235e+00	-1.124792577e+05	-1.456583714e+01

10	5.061852551e-01	2.233941627e-01	5.329490776e-01	1.225828067e+00	4.378588223e+00	1.334743339e-01	1.324110088e+00	9.753228715e-01	5.207359475e-01	2.251391828e+00	9.315158838e-01	-9.506217153e-01	-1.588481725e+05	-1.499088155e+01

11	3.635646245e+00	2.577251813e-01	8.496895354e-01	2.757518666e-01	1.464394221e+00	1.597236574e-01	1.458950317e+00	6.023889463e-02	-8.589833756e-01	9.127750447e-01	1.222896614e+00	9.556287425e-01	-1.410106387e+06	-1.575943134e+01

12	8.397620369e-02	4.638664890e-01	9.204478497e-01	7.195464383e-01	6.828604709e-01	6.269981969e-01	1.101638883e-01	2.123466328e-01	-4.859622498e-01	9.361680856e-02	7.610624967e-01	1.978797763e-01	-2.879897078e+04	-7.519264170e+00

13	6.134898846e-02	6.291711482e-01	1.444283399e+00	8.454186251e-01	2.508063460e-02	8.181247756e-01	1.331500599e+00	5.406522016e-01	-7.804957692e-02	1.341826889e+00	2.679925485e+00	-7.012506119e-01	-1.995047310e+04	-1.584667447e+01

14	5.683011441e-02	4.927542911e-01	3.139604901e+00	1.128778394e+00	1.439954437e+00	1.578533369e-01	1.369006787e+00	4.754742662e+00	-4.221557451e-01	1.378983448e+00	1.450450344e+00	-2.238483822e-01	-9.044878457e+03	-1.605374805e+01

15	5.145521304e-02	1.039162767e+00	1.105089747e+00	4.083914088e-01	7.374252203e+00	-1.544904740e+00	1.117481940e+00	2.609592217e-01	1.858291804e+00	6.581366748e-02	8.044323259e-01	-7.386551629e-01	-1.486666652e+04	-1.594518646e+01

16	4.167012053e-01	8.458722500e-01	1.525131318e+00	7.161008720e-01	1.155119813e+00	8.333058745e-02	8.574639563e-01	1.713579172e+00	-2.140627662e-01	7.177773558e-01	1.257226985e+00	-4.752964076e-01	-1.718505926e+05	-1.173364261e+01

17	1.005619514e-01	1.249296251e+00	5.601655165e-01	6.764376915e-01	5.186575260e-01	6.609682568e-01	2.189211713e-01	3.365943093e-01	-1.868570255e+00	1.391034439e+00	3.281260259e-01	-3.104892310e-01	-5.221965979e+04	-1.062309505e+01

18	4.967412464e-01	4.104202222e-01	1.415141254e+00	6.151267105e-01	2.117854517e+00	-3.045972156e-01	4.903033436e-01	1.296619918e+00	2.281171841e-02	1.376287065e+00	2.009679160e+00	-3.810993164e-01	-1.676457127e+05	-1.266042925e+01

19	3.390747695e-01	1.010114523e+00	1.124932791e+00	2.091079988e-02	2.867820399e+00	-1.191501003e+00	2.816647019e-01	3.147444564e+00	8.241943334e-01	4.809000650e+00	1.652459745e+00	2.961797750e+00	-1.135995325e+05	-2.265946782e+01

20	1.183764674e+00	1.218781208e-01	2.379913364e+00	7.719466059e-01	3.820540968e-02	1.385014016e+00	5.803097874e-01	2.994957728e-01	7.845366349e-01	2.995847369e+00	9.081768975e-01	-1.274904049e+00	-6.185843016e+04	-1.665467138e+01

21	5.408743289e-01	1.143461862e+00	9.151328716e-01	3.317962139e-01	2.888119364e+00	5.270988114e-01	6.946851090e-01	3.077770543e+00	6.584891897e-01	2.867952604e+00	1.061100157e+00	8.954209768e-01	-2.590456571e+05	-1.637998118e+01

22	7.988948764e-01	1.889948152e+00	9.375297193e-01	9.158340071e-01	1.345803791e+00	-1.136123020e+00	5.627798612e-01	2.949273526e-01	-6.556444219e-01	4.130056013e-01	5.994547325e-01	1.159438550e-01	-1.284837813e+06	-1.154917435e+01

23	1.548346038e-01	4.997110389e-01	8.568999212e-01	3.259882346e-01	6.196027572e-01	-6.082282191e-02	1.655420345e+00	6.972120806e-01	-2.183417526e-01	2.589235313e+00	1.308395429e+00	-5.502311617e-01	-4.858445639e+04	-1.161909383e+01

24	6.705560493e-01	7.548908083e-01	3.265902981e+00	9.625410281e-01	2.175244435e+00	3.569844860e-01	7.322818497e-01	1.926706186e+00	2.024837466e-01	1.585129108e+00	7.665266224e-01	-1.634403853e-01	-3.415386377e+05	-1.444742901e+01
0	7.035097410e-01	6.769120006e-01	1.791737145e+00	8.082257111e-01	2.316468404e+00	-2.300117891e-01	1.161759171e+00	1.696824636e+00	8.765808962e-01	1.293348337e+00	8.604612395e-01	-6.463500138e-01	-3.569627547e+05	-1.408256574e+01

1	1.030493517e-01	1.819217802e-01	4.059180950e+00	5.976340512e-01	9.440480642e-01	1.093609672e+00	5.635926470e-01	4.123056023e+00	-4.133891675e-01	6.914807126e-01	3.636460169e+00	-1.390054211e+00	-9.820592634e+03	-1.664633289e+01

2	2.637239107e-01	3.351533593e-01	1.822664763e+00	4.833496866e-01	1.596103117e+00	5.649525033e-01	9.560139788e-01	2.541619045e+00	-3.834850263e-01	1.963791537e+00	1.649892587e+00	-6.563424235e-01	-5.219125432e+04	-1.413555437e+01

3	5.717903971e-02	4.809765648e-02	1.823564855e+00	3.528645167e-01	9.079775227e-01	-1.887296305e-01	9.142210759e-01	2.453502780e+00	-1.431021748e-01	1.752183750e+00	3.118317720e+00	-2.375788002e+00	-3.744071565e+03	-1.608191896e+01

4	1.706918139e-01	3.811324587e-02	7.797141430e-01	4.130656246e-01	1.808195086e+00	5.695564490e-01	2.319566844e+00	1.645094381e+00	4.483699736e-01	5.022216811e+00	1.552010630e+00	-3.042080564e-01	-1.802308512e+04	-1.672653598e+01

5	1.993769955e-01	5.985296613e-02	5.228697209e+00	1.442891135e+00	8.445168653e-01	1.064155494e+00	1.467222052e+00	9.585380061e-01	1.665361728e+00	1.909477657e+00	8.572382156e-01	3.519458324e-02	-2.135555593e+04	-1.572174684e+01

6	1.391418394e-01	8.072211707e-02	7.286101824e-01	2.640191328e-01	5.992038632e-01	3.248618103e-01	2.676802241e+00	1.592151033e+00	9.148463170e-01	2.549518571e+00	1.713859988e+00	-5.715291805e-01	-1.324643189e+04	-1.372045080e+01

7	1.860332134e-01	3.664310030e-01	8.648388341e-01	4.296598728e-01	1.465871782e+00	5.489301693e-01	9.782072238e-01	1.197409742e+00	-2.614517811e-02	1.282032600e+00	8.575886598e-01	-2.637072351e-01	-3.732391656e+04	-1.051439198e+01

8	5.384762533e-01	3.933173366e-01	1.869596608e+00	8.087272545e-01	2.280092667e+00	-6.268820110e-01	9.848202493e-01	2.033088119e+00	4.980695675e-01	1.518331787e+00	9.040397444e-01	1.097891956e-01	-1.956021325e+05	-1.374018607e+01

9	4.360846889e-01	3.866861212e-02	1.456811441e+00	1.759256767e-01	1.105017985e+00	5.312751771e-01	1.757999449e+00	2.547971228e+00	2.646342674e-01	1.103167308e+00	2.345317421e+00	-1.829778858e+00	-1.067782269e+05	-1.496397854e+01

10	5.001664640e-01	2.075337416e-01	6.122713264e-01	1.135684100e+00	4.097521516e+00	1.676292673e-01	1.361363559e+00	1.110349483e+00	4.987472163e-01	2.152805984e+00	1.052904006e+00	-1.026105602e+00	-1.548073934e+05	-1.502464707e+01

11	3.635646245e+00	2.577251813e-01	8.496895354e-01	2.757518666e-01	1.464394221e+00	1.597236574e-01	1.458950317e+00	6.023889463e-02	-8.589833756e-01	9.127750447e-01	1.222896614e+00	9.556287425e-01	-1.410106387e+06	-1.575943134e+01

12	8.397620369e-02	4.638664890e-01	9.204478497e-01	7.195464383e-01	6.828604709e-01	6.269981969e-01	1.101638883e-01	2.123466328e-01	-4.859622498e-01	9.361680856e-02	7.610624967e-01	1.978797763e-01	-2.879897078e+04	-7.519264170e+00

13	6.134898846e-02	6.291711482e-01	1.444283399e+00	8.454186251e-01	2.508063460e-02	8.181247756e-01	1.331500599e+00	5.406522016e-01	-7.804957692e-02	1.341826889e+00	2.679925485e+00	-7.012506119e-01	-1.995047310e+04	-1.584667447e+01

14	5.683011441e-02	4.927542911e-01	3.139604901e+00	1.128778394e+00	1.439954437e+00	1.578533369e-01	1.369006787e+00	4.754742662e+00	-4.221557451e-01	1.378983448e+00	1.450450344e+00	-2.238483822e-01	-9.044878457e+03	-1.605374805e+01

15	5.145521304e-02	1.039162767e+00	1.105089747e+00	4.083914088e-01	7.374252203e+00	-1.544904740e+00	1.117481940e+00	2.609592217e-01	1.858291804e+00	6.581366748e-02	8.044323259e-01	-7.386551629e-01	-1.486666652e+04	-1.594518646e+01

16	4.195903299e-01	7.255578630e-01	1.514948183e+00	6.355873009e-01	1.147652094e+00	1.500971085e-01	9.916895353e-01	1.837946016e+00	-1.427125673e-01	7.752200551e-01	1.419407788e+00	-6.771831658e-01	-1.565162552e+05	-1.209237092e+01

17	1.005619514e-01	1.249296251e+00	5.601655165e-01	6.764376915e-01	5.186575260e-01	6.609682568e-01	2.189211713e-01	3.365943093e-01	-1.868570255e+00	1.391034439e+00	3.281260259e-01	-3.104892310e-01	-5.221965979e+04	-1.062309505e+01

18	4.967412464e-01	4.104202222e-01	1.415141254e+00	6.151267105e-01	2.117854517e+00	-3.045972156e-01	4.903033436e-01	1.296619918e+00	2.281171841e-02	1.376287065e+00	2.009679160e+00	-3.810993164e-01	-1.676457127e+05	-1.266042925e+01

19	3.390747695e-01	1.010114523e+00	1.124932791e+00	2.091079988e-02	2.867820399e+00	-1.191501003e+00	2.816647019e-01	3.147444564e+00	8.241943334e-01	4.809000650e+00	1.652459745e+00	2.961797750e+00	-1.135995325e+05	-2.265946782e+01

20	1.183764674e+00	1.218781208e-01	2.379913364e+00	7.719466059e-01	3.820540968e-02	1.385014016e+00	5.803097874e-01	2.994957728e-01	7.845366349e-01	2.995847369e+00	9.081768975e-01	-1.274904049e+00	-6.185843016e+04	-1.665467138e+01

21	3.983935172e-01	7.665443222e-01	8.489796357e-01	3.077579950e-01	2.076319106e+00	4.553722450e-01	1.397674450e+00	2.550871974e+00	7.494103189e-01	2.755014914e+00	1.292611805e+00	3.751437908e-01	-1.347017379e+05	-1.530941729e+01

22	6.519590111e-01	1.441410037e+00	1.989252159e+00	1.045010463e+00	1.222943355e+00	-5.968566567e-01	7.844496397e-01	4.575717185e-01	-8.678891692e-02	7.797760069e-01	6.626348984e-01	9.615301224e-02	-6.916913961e+05	-1.151537706e+01

23	1.548346038e-01	4.997110389e-01	8.568999212e-01	3.259882346e-01	6.196027572e-01	-6.082282191e-02	1.655420345e+00	6.972120806e-01	-2.183417526e-01	2.589235313e+00	1.308395429e+00	-5.502311617e-01	-4.858445639e+04	-1.161909383e+01

24	6.347111555e-01	7.371068086e-01	3.122576219e+00	9.476920432e-01	2.084047397e+00	3.734845632e-01	6.942652823e-01	1.821944598e+00	1.604139861e-01	1.493985336e+00	7.661927190e-01	-1.413607265e-01	-3.109325711e+05	-1.399777249e+01
0	7.035097410e-01	6.769120006e-01	1.791737145e+00	8.082257111e-01	2.316468404e+00	-2.300117891e-01	1.161759171e+00	1.696824636e+00	8.765808962e-01	1.293348337e+00	8.604612395e-01	-6.463500138e-01	-3.569627547e+05	-1.408256574e+01

1	1.030493517e-01	1.819217802e-01	4.059180950e+00	5.976340512e-01	9.440480642e-01	1.093609672e+00	5.635926470e-01	4.123056023e+00	-4.133891675e-01	6.914807126e-01	3.636460169e+00	-1.390054211e+00	-9.820592634e+03	-1.664633289e+01

2	2.637239107e-01	3.351533593e-01	1.822664763e+00	4.833496866e-01	1.596103117e+00	5.649525033e-01	9.560139788e-01	2.541619045e+00	-3.834850263e-01	1.963791537e+00	1.649892587e+00	-6.563424235e-01	-5.219125432e+04	-1.413555437e+01

3	5.717903971e-02	4.809765648e-02	1.823564855e+00	3.528645167e-01	9.079775227e-01	-1.887296305e-01	9.142210759e-01	2.453502780e+00	-1.431021748e-01	1.752183750e+00	3.118317720e+00	-2.375788002e+00	-3.744071565e+03	-1.608191896e+01

4	1.706918139e-01	3.811324587e-02	7.797141430e-01	4.130656246e-01	1.808195086e+00	5.695564490e-01	2.319566844e+00	1.645094381e+00	4.483699736e-01	5.022216811e+00	1.552010630e+00	-3.042080564e-01	-1.802308512e+04	-1.672653598e+01

5	1.945190445e-01	4.502352897e-02	5.263468952e+00	1.447161930e+00	8.404548892e-01	1.081984563e+00	1.474550834e+00	9.639153070e-01	1.684169063e+00	1.921603714e+00	8.593270599e-01	3.454026413e-02	-1.938611050e+04	-1.579936644e+01

6	1.391418394e-01	8.072211707e-02	7.286101824e-01	2.640191328e-01	5.992038632e-01	3.248618103e-01	2.676802241e+00	1.592151033e+00	9.148463170e-01	2.549518571e+00	1.713859988e+00	-5.715291805e-01	-1.324643189e+04	-1.372045080e+01

7	7.982983439e-02	5.048107306e-01	6.061069657e-01	5.350114083e-01	1.632673624e+00	5.542536709e-01	6.408102162e-01	6.236517624e-01	-1.504243480e-01	1.358246878e+00	2.042931125e-01	4.116217665e-01	-2.572470936e+04	-9.721763138e+00

8	5.384762533e-01	3.933173366e-01	1.869596608e+00	8.087272545e-01	2.280092667e+00	-6.268820110e-01	9.848202493e-01	2.033088119e+00	4.980695675e-01	1.518331787e+00	9.040397444e-01	1.097891956e-01	-1.956021325e+05	-1.374018607e+01

9	4.289258797e-01	4.994934933e-02	1.456572110e+00	1.887154169e-01	1.084387271e+00	5.367550434e-01	1.749851776e+00	2.509624165e+00	2.580877648e-01	1.107726570e+00	2.351709647e+00	-1.808219881e+00	-1.047120961e+05	-1.489442889e+01

10	4.278708074e-01	1.690947371e-01	1.712432378e+00	1.209358840e+00	3.327118249e+00	3.839043355e-01	1.388136068e+00	1.075712989e+00	7.791384298e-01	2.098119051e+00	1.007116698e+00	-7.752280073e-01	-1.118453963e+05	-1.502997382e+01

11	3.635646245e+00	2.577251813e-01	8.496895354e-01	2.757518666e-01	1.464394221e+00	1.597236574e-01	1.458950317e+00	6.023889463e-02	-8.589833756e-01	9.127750447e-01	1.222896614e+00	9.556287425e-01	-1.410106387e+06	-1.575943134e+01

12	8.397620369e-02	4.638664890e-01	9.204478497e-01	7.195464383e-01	6.828604709e-01	6.269981969e-01	1.101638883e-01	2.123466328e-01	-4.859622498e-01	9.361680856e-02	7.610624967e-01	1.978797763e-01	-2.879897078e+04	-7.519264170e+00

13	6.134898846e-02	6.291711482e-01	1.444283399e+00	8.454186251e-01	2.508063460e-02	8.181247756e-01	1.331500599e+00	5.406522016e-01	-7.804957692e-02	1.341826889e+00	2.679925485e+00	-7.012506119e-01	-1.995047310e+04	-1.584667447e+01

14	5.683011441e-02	4.927542911e-01	3.139604901e+00	1.128778394e+00	1.439954437e+00	1.578533369e-01	1.369006787e+00	4.754742662e+00	-4.221557451e-01	1.378983448e+00	1.450450344e+00	-2.238483822e-01	-9.044878457e+03	-1.605374805e+01

15	5.145521304e-02	1.039162767e+00	1.105089747e+00	4.083914088e-01	7.374252203e+00	-1.544904740e+00	1.117481940e+00	2.609592217e-01	1.858291804e+00	6.581366748e-02	8.044323259e-01	-7.386551629e-01	-1.486666652e+04	-1.594518646e+01

16	4.195903299e-01	7.255578630e-01	1.514948183e+00	6.355873009e-01	1.147652094e+00	1.500971085e-01	9.916895353e-01	1.837946016e+00	-1.427125673e-01	7.752200551e-01	1.419407788e+00	-6.771831658e-01	-1.565162552e+05	-1.209237092e+01

17	1.005619514e-01	1.249296251e+00	5.601655165e-01	6.764376915e-01	5.186575260e-01	6.609682568e-01	2.189211713e-01	3.365943093e-01	-1.868570255e+00	1.391034439e+00	3.281260259e-01	-3.104892310e-01	-5.221965979e+04	-1.062309505e+01

18	4.967412464e-01	4.104202222e-01	1.415141254e+00	6.151267105e-01	2.117854517e+00	-3.045972156e-01	4.903033436e-01	1.296619918e+00	2.281171841e-02	1.376287065e+00	2.009679160e+00	-3.810993164e-01	-1.676457127e+05	-1.266042925e+01

19	3.390747695e-01	1.010114523e+00	1.124932791e+00	2.091079988e-02	2.867820399e+00	-1.191501003e+00	2.816647019e-01	3.147444564e+00	8.241943334e-01	4.809000650e+00	1.652459745e+00	2.961797750e+00	-1.135995325e+05	-2.265946782e+01

20	1.183764674e+00	1.218781208e-01	2.379913364e+00	7.719466059e-01	3.820540968e-02	1.385014016e+00	5.803097874e-01	2.994957728e-01	7.845366349e-01	2.995847369e+00	9.081768975e-01	-1.274904049e+00	-6.185843016e+04	-1.665467138e+01

21	3.983935172e-01	7.665443222e-01	8.489796357e-01	3.077579950e-01	2.076319106e+00	4.553722450e-01	1.397674450e+00	2.550871974e+00	7.494103189e-01	2.755014914e+00	1.292611805e+00	3.751437908e-01	-1.347017379e+05	-1.530941729e+01

22	6.519590111e-01	1.441410037e+00	1.989252159e+00	1.045010463e+00	1.222943355e+00	-5.968566567e-01	7.844496397e-01	4.575717185e-01	-8.678891692e-02	7.797760069e-01	6.626348984e-01	9.615301224e-02	-6.916913961e+05	-1.151537706e+01

23	1.548346038e-01	4.997110389e-01	8.568999212e-01	3.259882346e-01	6.196027572e-01	-6.082282191e-02	1.655420345e+00	6.972120806e-01	-2.183417526e-01	2.589235313e+00	1.308395429e+00	-5.502311617e-01	-4.858445639e+04	-1.161909383e+01

24	6.347111555e-01	7.371068086e-01	3.122576219e+00	9.476920432e-01	2.084047397e+00	3.734845632e-01	6.942652823e-01	1.821944598e+00	1.604139861e-01	1.493985336e+00	7.661927190e-01	-1.413607265e-01	-3.109325711e+05	-1.399777249e+01
0	7.035097410e-01	6.769120006e-01	1.791737145e+00	8.082257111e-01	2.316468404e+00	-2.300117891e-01	1.161759171e+00	1.696824636e+00	8.765808962e-01	1.293348337e+00	8.604612395e-01	-6.463500138e-01	-3.569627547e+05	-1.408256574e+01

1	1.030493517e-01	1.819217802e-01	4.059180950e+00	5.976340512e-01	9.440480642e-01	1.093609672e+00	5.635926470e-01	4.123056023e+00	-4.133891675e-01	6.914807126e-01	3.636460169e+00	-1.390054211e+00	-9.820592634e+03	-1.664633289e+01

2	2.637239107e-01	3.351533593e-01	1.822664763e+00	4.833496866e-01	1.596103117e+00	5.649525033e-01	9.560139788e-01	2.541619045e+00	-3.834850263e-01	1.963791537e+00	1.649892587e+00	-6.563424235e-01	-5.219125432e+04	-1.413555437e+01

3	3.246376239e-02	1.861175984e-02	1.767974135e+00	3.274090886e-01	8.576480392e-01	-2.127893829e-01	9.236340042e-01	2.480530083e+00	-1.560910387e-01	1.763233258e+00	3.218976056e+00	-2.471409507e+00	-2.352010646e+03	-1.626937482e+01

4	1.706918139e-01	3.811324587e-02	7.797141430e-01	4.130656246e-01	1.808195086e+00	5.695564490e-01	2.319566844e+00	1.645094381e+00	4.483699736e-01	5.022216811e+00	1.552010630e+00	-3.042080564e-01	-1.802308512e+04	-1.672653598e+01

5	1.945190445e-01	4.502352897e-02	5.263468952e+00	1.447161930e+00	8.404548892e-01	1.081984563e+00	1.474550834e+00	9.639153070e-01	1.684169063e+00	1.921603714e+00	8.593270599e-01	3.454026413e-02	-1.938611050e+04	-1.579936644e+01

6	1.391418394e-01	8.072211707e-02	7.286101824e-01	2.640191328e-01	5.992038632e-01	3.248618103e-01	2.676802241e+00	1.592151033e+00	9.148463170e-01	2.549518571e+00	1.713859988e+00	-5.715291805e-01	-1.324643189e+04	-1.372045080e+01

7	7.982983439e-02	5.048107306e-01	6.061069657e-01	5.350114083e-01	1.632673624e+00	5.542536709e-01	6.408102162e-01	6.236517624e-01	-1.504243480e-01	1.358246878e+00	2.042931125e-01	4.116217665e-01	-2.572470936e+04	-9.721763138e+00

8	5.384762533e-01	3.933173366e-01	1.869596608e+00	8.087272545e-01	2.280092667e+00	-6.268820110e-01	9.848202493e-01	2.033088119e+00	4.980695675e-01	1.518331787e+00	9.040397444e-01	1.097891956e-01	-1.956021325e+05	-1.374018607e+01

9	4.289258797e-01	4.994934933e-02	1.456572110e+00	1.887154169e-01	1.084387271e+00	5.367550434e-01	1.749851776e+00	2.509624165e+00	2.580877648e-01	1.107726570e+00	2.351709647e+00	-1.808219881e+00	-1.047120961e+05	-1.489442889e+01

10	4.278708074e-01	1.690947371e-01	1.712432378e+00	1.209358840e+00	3.327118249e+00	3.839043355e-01	1.388136068e+00	1.075712989e+00	7.791384298e-01	2.098119051e+00	1.007116698e+00	-7.752280073e-01	-1.118453963e+05	-1.502997382e+01

11	3.635646245e+00	2.577251813e-01	8.496895354e-01	2.757518666e-01	1.464394221e+00	1.597236574e-01	1.458950317e+00	6.023889463e-02	-8.589833756e-01	9.127750447e-01	1.222896614e+00	9.556287425e-01	-1.410106387e+06	-1.575943134e+01

12	8.397620369e-02	4.638664890e-01	9.204478497e-01	7.195464383e-01	6.828604709e-01	6.269981969e-01	1.101638883e-01	2.123466328e-01	-4.859622498e-01	9.361680856e-02	7.610624967e-01	1.978797763e-01	-2.879897078e+04	-7.519264170e+00

13	6.134898846e-02	6.291711482e-01	1.444283399e+00	8.454186251e-01	2.508063460e-02	8.181247756e-01	1.331500599e+00	5.406522016e-01	-7.804957692e-02	1.341826889e+00	2.679925485e+00	-7.012506119e-01	-1.995047310e+04	-1.584667447e+01

14	5.683011441e-02	4.927542911e-01	3.139604901e+00	1.128778394e+00	1.439954437e+00	1.578533369e-01	1.369006787e+00	4.754742662e+00	-4.221557451e-01	1.378983448e+00	1.450450344e+00	-2.238483822e-01	-9.044878457e+03	-1.605374805e+01

15	5.145521304e-02	1.039162767e+00	1.105089747e+00	4.083914088e-01	7.374252203e+00	-1.544904740e+00	1.117481940e+00	2.609592217e-01	1.858291804e+00	6.581366748e-02	8.044323259e-01	-7.386551629e-01	-1.486666652e+04	-1.594518646e+01

16	4.169518039e-01	7.256540082e-01	1.501822942e+00	6.274836951e-01	1.179659753e+00	1.601455119e-01	1.007019320e+00	1.876943997e+00	-1.149662756e-01	8.433522649e-01	1.415417775e+00	-6.402591378e-01	-1.541421508e+05	-1.219334807e+01

17	1.005619514e-01	1.249296251e+00	5.601655165e-01	6.764376915e-01	5.186575260e-01	6.609682568e-01	2.189211713e-01	3.365943093e-01	-1.868570255e+00	1.391034439e+00	3.281260259e-01	-3.104892310e-01	-5.221965979e+04	-1.062309505e+01

18	4.967412464e-01	4.104202222e-01	1.415141254e+00	6.151267105e-01	2.117854517e+00	-3.045972156e-01	4.903033436e-01	1.296619918e+00	2.281171841e-02	1.376287065e+00	2.009679160e+00	-3.810993164e-01	-1.676457127e+05	-1.266042925e+01

19	3.390747695e-01	1.010114523e+00	1.124932791e+00	2.091079988e-02	2.867820399e+00	-1.191501003e+00	2.816647019e-01	3.147444564e+00	8.241943334e-01	4.809000650e+00	1.652459745e+00	2.961797750e+00	-1.135995325e+05	-2.265946782e+01

20	1.183764674e+00	1.218781208e-01	2.379913364e+00	7.719466059e-01	3.820540968e-02	1.385014016e+00	5.803097874e-01	2.994957728e-01	7.845366349e-01	2.995847369e+00	9.081768975e-01	-1.274904049e+00	-6.185843016e+04	-1.665467138e+01

21	3.504063919e-01	7.280788530e-01	1.170795500e+00	4.231052729e-01	1.986914589e+00	4.135730446e-01	1.393646856e+00	2.860499464e+00	5.848139744e-01	2.561692697e+00	1.314786949e+00	2.909898322e-01	-1.074357629e+05	-1.534048489e+01

22	5.116207286e-01	1.109435891e+00	1.608354118e+00	7.555846691e-01	1.578484657e+00	-1.266171038e-01	1.067961324e+00	1.575859974e+00	2.257654774e-01	1.609054586e+00	9.661371492e-01	1.868272857e-01	-2.706049316e+05	-1.318343736e+01

23	1.548346038e-01	4.997110389e-01	8.568999212e-01	3.259882346e-01	6.196027572e-01	-6.082282191e-02	1.655420345e+00	6.972120806e-01	-2.183417526e-01	2.589235313e+00	1.308395429e+00	-5.502311617e-01	-4.858445639e+04	-1.161909383e+01

24	5.683890959e-01	6.328332712e-01	3.445136329e+00	1.022945258e+00	1.896680076e+00	4.802315450e-01	8.118279182e-01	1.692668611e+00	3.899923284e-01	1.558412959e+00	7.802249135e-01	-1.148583979e-01	-2.476219979e+05	-1.411047698e+01
0	6.811756732e-01	7.272536945e-01	1.770393093e+00	8.020987912e-01	2.230574069e+00	-2.179776247e-01	1.150841988e+00	1.682745492e+00	8.008321311e-01	1.330093561e+00	8.727609168e-01	-5.493760489e-01	-3.450156747e+05	-1.392472581e+01

1	1.030493517e-01	1.819217802e-01	4.059180950e+00	5.976340512e-01	9.440480642e-01	1.093609672e+00	5.635926470e-01	4.123056023e+00	-4.133891675e-01	6.914807126e-01	3.636460169e+00	-1.390054211e+00	-9.820592634e+03	-1.664633289e+01

2	1.982256778e-01	2.726892224e-01	2.734370132e+00	5.299371736e-01	1.330295923e+00	7.804571267e-01	7.960452573e-01	3.186284437e+00	-3.956753097e-01	1.445139977e+00	2.459707576e+00	-9.554366041e-01	-3.012264372e+04	-1.516924816e+01

3	3.246376239e-02	1.861175984e-02	1.767974135e+00	3.274090886e-01	8.576480392e-01	-2.127893829e-01	9.236340042e-01	2.480530083e+00	-1.560910387e-01	1.763233258e+00	3.218976056e+00	-2.471409507e+00	-2.352010646e+03	-1.626937482e+01

4	1.706918139e-01	3.811324587e-02	7.797141430e-01	4.130656246e-01	1.808195086e+00	5.695564490e-01	2.319566844e+00	1.645094381e+00	4.483699736e-01	5.022216811e+00	1.552010630e+00	-3.042080564e-01	-1.802308512e+04	-1.672653598e+01

5	1.945190445e-01	4.502352897e-02	5.263468952e+00	1.447161930e+00	8.404548892e-01	1.081984563e+00	1.474550834e+00	9.639153070e-01	1.684169063e+00	1.921603714e+00	8.593270599e-01	3.454026413e-02	-1.938611050e+04	-1.579936644e+01

6	1.391418394e-01	8.072211707e-02	7.286101824e-01	2.640191328e-01	5.992038632e-01	3.248618103e-01	2.676802241e+00	1.592151033e+00	9.148463170e-01	2.549518571e+00	1.713859988e+00	-5.715291805e-01	-1.324643189e+04	-1.372045080e+01

7	7.982983439e-02	5.048107306e-01	6.061069657e-01	5.350114083e-01	1.632673624e+00	5.542536709e-01	6.408102162e-01	6.236517624e-01	-1.504243480e-01	1.358246878e+00	2.042931125e-01	4.116217665e-01	-2.572470936e+04	-9.721763138e+00

8	5.384762533e-01	3.933173366e-01	1.869596608e+00	8.087272545e-01	2.280092667e+00	-6.268820110e-01	9.848202493e-01	2.033088119e+00	4.980695675e-01	1.518331787e+00	9.040397444e-01	1.097891956e-01	-1.956021325e+05	-1.374018607e+01

9	4.289258797e-01	4.994934933e-02	1.456572110e+00	1.887154169e-01	1.084387271e+00	5.367550434e-01	1.749851776e+00	2.509624165e+00	2.580877648e-01	1.107726570e+00	2.351709647e+00	-1.808219881e+00	-1.047120961e+05	-1.489442889e+01

10	4.278708074e-01	1.690947371e-01	1.712432378e+00	1.209358840e+00	3.327118249e+00	3.839043355e-01	1.388136068e+00	1.075712989e+00	7.791384298e-01	2.098119051e+00	1.007116698e+00	-7.752280073e-01	-1.118453963e+05	-1.502997382e+01

11	3.635646245e+00	2.577251813e-01	8.496895354e-01	2.757518666e-01	1.464394221e+00	1.597236574e-01	1.458950317e+00	6.023889463e-02	-8.589833756e-01	9.127750447e-01	1.222896614e+00	9.556287425e-01	-1.410106387e+06	-1.575943134e+01

12	8.397620369e-02	4.638664890e-01	9.204478497e-01	7.195464383e-01	6.828604709e-01	6.269981969e-01	1.101638883e-01	2.123466328e-01	-4.859622498e-01	9.361680856e-02	7.610624967e-01	1.978797763e-01	-2.879897078e+04	-7.519264170e+00

13	6.134898846e-02	6.291711482e-01	1.444283399e+00	8.454186251e-01	2.508063460e-02	8.181247756e-01	1.331500599e+00	5.406522016e-01	-7.804957692e-02	1.341826889e+00	2.679925485e+00	-7.012506119e-01	-1.995047310e+04	-1.584667447e+01

14	5.683011441e-02	4.927542911e-01	3.139604901e+00	1.128778394e+00	1.439954437e+00	1.578533369e-01	1.369006787e+00	4.754742662e+00	-4.221557451e-01	1.378983448e+00	1.450450344e+00	-2.238483822e-01	-9.044878457e+03	-1.605374805e+01

15	5.145521304e-02	1.039162767e+00	1.105089747e+00	4.083914088e-01	7.374252203e+00	-1.544904740e+00	1.117481940e+00	2.609592217e-01	1.858291804e+00	6.581366748e-02	8.044323259e-01	-7.386551629e-01	-1.486666652e+04	-1.594518646e+01

16	3.247355776e-01	4.434780620e-01	3.061327041e+00	9.673060929e-01	1.039032120e+00	5.423217651e-01	1.200848646e+00	1.498420345e+00	6.309196816e-01	1.290374007e+00	1.184873554e+00	-3.605006411e-01	-8.884453718e+04	-1.315713292e+01

17	1.005619514e-01	1.249296251e+00	5.601655165e-01	6.764376915e-01	5.186575260e-01	6.609682568e-01	2.189211713e-01	3.365943093e-01	-1.868570255e+00	1.391034439e+00	3.281260259e-01	-3.104892310e-01	-5.221965979e+04	-1.062309505e+01

18	4.967412464e-01	4.104202222e-01	1.415141254e+00	6.151267105e-01	2.117854517e+00	-3.045972156e-01	4.903033436e-01	1.296619918e+00	2.281171841e-02	1.376287065e+00	2.009679160e+00	-3.810993164e-01	-1.676457127e+05	-1.266042925e+01

19	3.390747695e-01	1.010114523e+00	1.124932791e+00	2.091079988e-02	2.867820399e+00	-1.191501003e+00	2.816647019e-01	3.147444564e+00	8.241943334e-01	4.809000650e+00	1.652459745e+00	2.961797750e+00	-1.135995325e+05	-2.265946782e+01

20	1.183764674e+00	1.218781208e-01	2.379913364e+00	7.719466059e-01	3.820540968e-02	1.385014016e+00	5.803097874e-01	2.994957728e-01	7.845366349e-01	2.995847369e+00	9.081768975e-01	-1.274904049e+00	-6.185843016e+04	-1.665467138e+01

21	3.504063919e-01	7.280788530e-01	1.170795500e+00	4.231052729e-01	1.986914589e+00	4.135730446e-01	1.393646856e+00	2.860499464e+00	5.848139744e-01	2.561692697e+00	1.314786949e+00	2.909898322e-01	-1.074357629e+05	-1.534048489e+01

22	4.757156775e-01	1.060749785e+00	1.729244119e+00	7.850477656e-01	1.567547899e+00	-1.041585803e-01	1.091728421e+00	1.826828094e+00	1.746130484e-01	1.590890808e+00	1.004372965e+00	1.544050448e-01	-2.312630650e+05	-1.343750179e+01

23	1.548346038e-01	4.997110389e-01	8.568999212e-01	3.259882346e-01	6.196027572e-01	-6.082282191e-02	1.655420345e+00	6.972120806e-01	-2.183417526e-01	2.589235313e+00	1.308395429e+00	-5.502311617e-01	-4.858445639e+04	-1.161909383e+01

24	5.683890959e-01	6.328332712e-01	3.445136329e+00	1.022945258e+00	1.896680076e+00	4.802315450e-01	8.118279182e-01	1.692668611e+00	3.899923284e-01	1.558412959e+00	7.802249135e-01	-1.148583979e-01	-2.476219979e+05	-1.411047698e+01
0	6.811756732e-01	7.272536945e-01	1.770393093e+00	8.020987912e-01	2.230574069e+00	-2.179776247e-01	1.150841988e+00	1.682745492e+00	8.008321311e-01	1.330093561e+00	8.727609168e-01	-5.493760489e-01	-3.450156747e+05	-1.392472581e+01

1	1.030493517e-01	1.819217802e-01	4.059180950e+00	5.976340512e-01	9.440480642e-01	1.093609672e+00	5.635926470e-01	4.123056023e+00	-4.133891675e-01	6.914807126e-01	3.636460169e+00	-1.390054211e+00	-9.820592634e+03	-1.664633289e+01

2	1.982256778e-01	2.726892224e-01	2.734370132e+00	5.299371736e-01	1.330295923e+00	7.804571267e-01	7.960452573e-01	3.186284437e+00	-3.956753097e-01	1.445139977e+00	2.459707576e+00	-9.554366041e-01	-3.012264372e+04	-1.516924816e+01

3	3.246376239e-02	1.861175984e-02	1.767974135e+00	3.274090886e-01	8.576480392e-01	-2.127893829e-01	9.236340042e-01	2.480530083e+00	-1.560910387e-01	1.763233258e+00	3.218976056e+00	-2.471409507e+00	-2.352010646e+03	-1.626937482e+01

4	1.706918139e-01	3.811324587e-02	7.797141430e-01	4.130656246e-01	1.808195086e+00	5.695564490e-01	2.319566844e+00	1.645094381e+00	4.483699736e-01	5.022216811e+00	1.552010630e+00	-3.042080564e-01	-1.802308512e+04	-1.672653598e+01

5	1.945190445e-01	4.502352897e-02	5.263468952e+00	1.447161930e+00	8.404548892e-01	1.081984563e+00	1.474550834e+00	9.639153070e-01	1.684169063e+00	1.921603714e+00	8.593270599e-01	3.454026413e-02	-1.938611050e+04	-1.579936644e+01

6	1.391418394e-01	8.072211707e-02	7.286101824e-01	2.640191328e-01	5.992038632e-01	3.248618103e-01	2.676802241e+00	1.592151033e+00	9.148463170e-01	2.549518571e+00	1.713859988e+00	-5.715291805e-01	-1.324643189e+04	-1.372045080e+01

7	7.982983439e-02	5.048107306e-01	6.061069657e-01	5.350114083e-01	1.632673624e+00	5.542536709e-01	6.408102162e-01	6.236517624e-01	-1.504243480e-01	1.358246878e+00	2.042931125e-01	4.116217665e-01	-2.572470936e+04	-9.721763138e+00

8	4.533557426e-01	3.111084382e-01	1.617352788e+00	7.171548104e-01	2.170876075e+00	-3.499767321e-01	1.293735744e+00	1.943290342e+00	4.865670286e-01	2.329275511e+00	1.054006972e+00	1.397313118e-02	-1.368197647e+05	-1.429782498e+01

9	4.289258797e-01	4.994934933e-02	1.456572110e+00	1.887154169e-01	1.084387271e+00	5.367550434e-01	1.749851776e+00	2.509624165e+00	2.580877648e-01	1.107726570e+00	2.351709647e+00	-1.808219881e+00	-1.047120961e+05	-1.489442889e+01

10	4.278708074e-01	1.690947371e-01	1.712432378e+00	1.209358840e+00	3.327118249e+00	3.839043355e-01	1.388136068e+00	1.075712989e+00	7.791384298e-01	2.098119051e+00	1.007116698e+00	-7.752280073e-01	-1.118453963e+05	-1.502997382e+01

11	3.635646245e+00	2.577251813e-01	8.496895354e-01	2.757518666e-01	1.464394221e+00	1.597236574e-01	1.458950317e+00	6.023889463e-02	-8.589833756e-01	9.127750447e-01	1.222896614e+00	9.556287425e-01	-1.410106387e+06	-1.575943134e+01

12	8.260042956e-02	4.653305338e-01	1.032915573e+00	7.402864694e-01	7.212302810e-01	6.032217570e-01	1.739625252e-01	4.425569911e-01	-4.827285118e-01	1.587596787e-01	7.960009350e-01	1.765064329e-01	-2.415636288e+04	-7.647054550e+00

13	6.134898846e-02	6.291711482e-01	1.444283399e+00	8.454186251e-01	2.508063460e-02	8.181247756e-01	1.331500599e+00	5.406522016e-01	-7.804957692e-02	1.341826889e+00	2.679925485e+00	-7.012506119e-01	-1.995047310e+04	-1.584667447e+01

14	5.683011441e-02	4.927542911e-01	3.139604901e+00	1.128778394e+00	1.439954437e+00	1.578533369e-01	1.369006787e+00	4.754742662e+00	-4.221557451e-01	1.378983448e+00	1.450450344e+00	-2.238483822e-01	-9.044878457e+03	-1.605374805e+01

15	5.145521304e-02	1.039162767e+00	1.105089747e+00	4.083914088e-01	7.374252203e+00	-1.544904740e+00	1.117481940e+00	2.609592217e-01	1.858291804e+00	6.581366748e-02	8.044323259e-01	-7.386551629e-01	-1.486666652e+04	-1.594518646e+01

16	3.000588871e-01	4.101644373e-01	2.997551681e+00	8.819940546e-01	1.095845276e+00	5.887718264e-01	1.121888755e+00	1.827650704e+00	4.306747456e-01	1.320562253e+00	1.433539346e+00	-4.765472952e-01	-7.272689762e+04	-1.349411440e+01

17	1.005619514e-01	1.249296251e+00	5.601655165e-01	6.764376915e-01	5.186575260e-01	6.609682568e-01	2.189211713e-01	3.365943093e-01	-1.868570255e+00	1.391034439e+00	3.281260259e-01	-3.104892310e-01	-5.221965979e+04	-1.062309505e+01

18	3.902679927e-01	2.888413106e-01	1.207639001e+00	5.491425403e-01	2.016733509e+00	-1.913747963e-02	1.087659503e+00	1.410416190e+00	1.617801311e-01	2.566885680e+00	1.860224959e+00	-3.559900482e-01	-1.018657700e+05	-1.389198336e+01

19	3.390747695e-01	1.010114523e+00	1.124932791e+00	2.091079988e-02	2.867820399e+00	-1.191501003e+00	2.816647019e-01	3.147444564e+00	8.241943334e-01	4.809000650e+00	1.652459745e+00	2.961797750e+00	-1.135995325e+05	-2.265946782e+01

20	1.183764674e+00	1.218781208e-01	2.379913364e+00	7.719466059e-01	3.820540968e-02	1.385014016e+00	5.803097874e-01	2.994957728e-01	7.845366349e-01	2.995847369e+00	9.081768975e-01	-1.274904049e+00	-6.185843016e+04	-1.665467138e+01

21	3.504063919e-01	7.280788530e-01	1.170795500e+00	4.231052729e-01	1.986914589e+00	4.135730446e-01	1.393646856e+00	2.860499464e+00	5.848139744e-01	2.561692697e+00	1.314786949e+00	2.909898322e-01	-1.074357629e+05	-1.534048489e+01

22	4.757156775e-01	1.060749785e+00	1.729244119e+00	7.850477656e-01	1.567547899e+00	-1.041585803e-01	1.091728421e+00	1.826828094e+00	1.746130484e-01	1.590890808e+00	1.004372965e+00	1.544050448e-01	-2.312630650e+05	-1.343750179e+01

23	1.548346038e-01	4.997110389e-01	8.568999212e-01	3.259882346e-01	6.196027572e-01	-6.082282191e-02	1.655420345e+00	6.972120806e-01	-2.183417526e-01	2.589235313e+00	1.308395429e+00	-5.502311617e-01	-4.858445639e+04	-1.161909383e+01

24	5.683890959e-01	6.328332712e-01	3.445136329e+00	1.022945258e+00	1.896680076e+00	4.802315450e-01	8.118279182e-01	1.692668611e+00	3.899923284e-01	1.558412959e+00	7.802249135e-01	-1.148583979e-01	-2.476219979e+05	-1.411047698e+01
0	6.811756732e-01	7.272536945e-01	1.770393093e+00	8.020987912e-01	2.230574069e+00	-2.179776247e-01	1.150841988e+00	1.682745492e+00	8.008321311e-01	1.330093561e+00	8.727609168e-01	-5.493760489e-01	-3.450156747e+05	-1.392472581e+01

1	1.030493517e-01	1.819217802e-01	4.059180950e+00	5.976340512e-01	9.440480642e-01	1.093609672e+00	5.635926470e-01	4.123056023e+00	-4.133891675e-01	6.914807126e-01	3.636460169e+00	-1.390054211e+00	-9.820592634e+03	-1.664633289e+01

2	1.982256778e-01	2.726892224e-01	2.734370132e+00	5.299371736e-01	1.330295923e+00	7.804571267e-01	7.960452573e-01	3.186284437e+00	-3.956753097e-01	1.445139977e+00	2.459707576e+00	-9.554366041e-01	-3.012264372e+04	-1.516924816e+01

3	3.246376239e-02	1.861175984e-02	1.767974135e+00	3.274090886e-01	8.576480392e-01	-2.127893829e-01	9.236340042e-01	2.480530083e+00	-1.560910387e-01	1.763233258e+00	3.218976056e+00	-2.471409507e+00	-2.352010646e+03	-1.626937482e+01

4	1.706918139e-01	3.811324587e-02	7.797141430e-01	4.130656246e-01	1.808195086e+00	5.695564490e-01	2.319566844e+00	1.645094381e+00	4.483699736e-01	5.022216811e+00	1.552010630e+00	-3.042080564e-01	-1.802308512e+04	-1.672653598e+01

5	1.945190445e-01	4.502352897e-02	5.263468952e+00	1.447161930e+00	8.404548892e-01	1.081984563e+00	1.474550834e+00	9.639153070e-01	1.684169063e+00	1.921603714e+00	8.593270599e-01	3.454026413e-02	-1.938611050e+04	-1.579936644e+01

6	1.391418394e-01	8.072211707e-02	7.286101824e-01	2.640191328e-01	5.992038632e-01	3.248618103e-01	2.676802241e+00	1.592151033e+00	9.148463170e-01	2.549518571e+00	1.713859988e+00	-5.715291805e-01	-1.324643189e+04	-1.372045080e+01

7	7.982983439e-02	5.048107306e-01	6.061069657e-01	5.350114083e-01	1.632673624e+00	5.542536709e-01	6.408102162e-01	6.236517624e-01	-1.504243480e-01	1.358246878e+00	2.042931125e-01	4.116217665e-01	-2.572470936e+04	-9.721763138e+00

8	3.305073156e-01	2.658041613e-01	2.473673873e+00	6.752402532e-01	1.740641585e+00	1.562724358e-01	1.037682947e+00	2.707709125e+00	1.709627293e-01	1.754919690e+00	1.959643641e+00	-4.784031285e-01	-7.344374705e+04	-1.478449608e+01

9	4.289258797e-01	4.994934933e-02	1.456572110e+00	1.887154169e-01	1.084387271e+00	5.367550434e-01	1.749851776e+00	2.509624165e+00	2.580877648e-01	1.107726570e+00	2.351709647e+00	-1.808219881e+00	-1.047120961e+05	-1.489442889e+01

10	4.278708074e-01	1.690947371e-01	1.712432378e+00	1.209358840e+00	3.327118249e+00	3.839043355e-01	1.388136068e+00	1.075712989e+00	7.791384298e-01	2.098119051e+00	1.007116698e+00	-7.752280073e-01	-1.118453963e+05	-1.502997382e+01

11	3.635646245e+00	2.577251813e-01	8.496895354e-01	2.757518666e-01	1.464394221e+00	1.597236574e-01	1.458950317e+00	6.023889463e-02	-8.589833756e-01	9.127750447e-01	1.222896614e+00	9.556287425e-01	-1.410106387e+06	-1.575943134e+01

12	3.503760887e-02	4.445181056e-01	9.743155700e-01	7.353748590e-01	6.012977433e-01	6.684743035e-01	9.633963111e-02	3.440115468e-01	-5.847203088e-01	6.568542607e-02	7.899015827e-01	2.341850935e-01	-7.066105215e+03	-7.351287534e+00

13	6.134898846e-02	6.291711482e-01	1.444283399e+00	8.454186251e-01	2.508063460e-02	8.181247756e-01	1.331500599e+00	5.406522016e-01	-7.804957692e-02	1.341826889e+00	2.679925485e+00	-7.012506119e-01	-1.995047310e+04	-1.584667447e+01

14	5.683011441e-02	4.927542911e-01	3.139604901e+00	1.128778394e+00	1.439954437e+00	1.578533369e-01	1.369006787e+00	4.754742662e+00	-4.221557451e-01	1.378983448e+00	1.450450344e+00	-2.238483822e-01	-9.044878457e+03	-1.605374805e+01

15	5.145521304e-02	1.039162767e+00	1.105089747e+00	4.083914088e-01	7.374252203e+00	-1.544904740e+00	1.117481940e+00	2.609592217e-01	1.858291804e+00	6.581366748e-02	8.044323259e-01	-7.386551629e-01	-1.486666652e+04	-1.594518646e+01

16	2.864226623e-01	3.629865809e-01	3.290318438e+00	9.550162996e-01	1.062847683e+00	6.524971421e-01	1.167454290e+00	1.716052185e+00	5.926318795e-01	1.398219527e+00	1.359348522e+00	-4.105124715e-01	-6.520119337e+04	-1.368436200e+01

17	3.412234716e-02	1.282687769e+00	3.531220721e-01	6.572028823e-01	3.328993783e-01	7.964719735e-01	6.434728810e-02	7.267438541e-02	-2.230417361e+00	1.355639940e+00	2.083629106e-01	-3.928218576e-01	-8.083794077e+03	-1.254598286e+01

18	3.915696059e-01	2.744987505e-01	1.208842063e+00	5.532580744e-01	2.017707196e+00	-3.326691095e-02	1.077668003e+00	1.363066170e+00	1.479666754e-01	2.567055248e+00	1.878035316e+00	-3.771160834e-01	-1.017007459e+05	-1.385088851e+01

19	3.390747695e-01	1.010114523e+00	1.124932791e+00	2.091079988e-02	2.867820399e+00	-1.191501003e+00	2.816647019e-01	3.147444564e+00	8.241943334e-01	4.809000650e+00	1.652459745e+00	2.961797750e+00	-1.135995325e+05	-2.265946782e+01

20	1.183764674e+00	1.218781208e-01	2.379913364e+00	7.719466059e-01	3.820540968e-02	1.385014016e+00	5.803097874e-01	2.994957728e-01	7.845366349e-01	2.995847369e+00	9.081768975e-01	-1.274904049e+00	-6.185843016e+04	-1.665467138e+01

21	3.504063919e-01	7.280788530e-01	1.170795500e+00	4.231052729e-01	1.986914589e+00	4.135730446e-01	1.393646856e+00	2.860499464e+00	5.848139744e-01	2.561692697e+00	1.314786949e+00	2.909898322e-01	-1.074357629e+05	-1.534048489e+01

22	4.757156775e-01	1.060749785e+00	1.729244119e+00	7.850477656e-01	1.567547899e+00	-1.041585803e-01	1.091728421e+00	1.826828094e+00	1.746130484e-01	1.590890808e+00	1.004372965e+00	1.544050448e-01	-2.312630650e+05	-1.343750179e+01

23	1.495958697e-01	3.598394710e-01	8.140728058e-01	3.053010159e-01	6.127929702e-01	6.793073560e-02	1.996389473e+00	9.959706108e-01	1.599517626e-01	2.575976626e+00	1.443752143e+00	-5.573411045e-01	-3.202490406e+04	-1.216594470e+01

24	5.683890959e-01	6.328332712e-01	3.445136329e+00	1.022945258e+00	1.896680076e+00	4.802315450e-01	8.118279182e-01	1.692668611e+00	3.899923284e-01	1.558412959e+00	7.802249135e-01	-1.148583979e-01	-2.476219979e+05	-1.411047698e+01
0	6.811756732e-01	7.272536945e-01	1.770393093e+00	8.020987912e-01	2.230574069e+00	-2.179776247e-01	1.150841988e+00	1.682745492e+00	8.008321311e-01	1.330093561e+00	8.727609168e-01	-5.493760489e-01	-3.450156747e+05	-1.392472581e+01

1	9.794092197e-02	1.962452975e-01	4.530580620e+00	6.448529736e-01	9.928563478e-01	1.202416094e+00	2.644948722e-01	4.481273236e+00	-6.013839026e-01	4.284992315e-01	3.908579621e+00	-1.505905955e+00	-9.306268452e+03	-1.721507798e+01

2	1.982256778e-01	2.726892224e-01	2.734370132e+00	5.299371736e-01	1.330295923e+00	7.804571267e-01	7.960452573e-01	3.186284437e+00	-3.956753097e-01	1.445139977e+00	2.459707576e+00	-9.554366041e-01	-3.012264372e+04	-1.516924816e+01

3	3.246376239e-02	1.861175984e-02	1.767974135e+00	3.274090886e-01	8.576480392e-01	-2.127893829e-01	9.236340042e-01	2.480530083e+00	-1.560910387e-01	1.763233258e+00	3.218976056e+00	-2.471409507e+00	-2.352010646e+03	-1.626937482e+01

4	1.647691413e-01	5.098682512e-02	1.085073343e+00	4.319355044e-01	1.741818107e+00	6.210777485e-01	2.152262799e+00	1.875988579e+00	3.629091858e-01	4.648240842e+00	1.743859641e+00	-4.020386541e-01	-1.740067645e+04	-1.673423869e+01

5	1.945190445e-01	4.502352897e-02	5.263468952e+00	1.447161930e+00	8.404548892e-01	1.081984563e+00	1.474550834e+00	9.639153070e-01	1.684169063e+00	1.921603714e+00	8.593270599e-01	3.454026413e-02	-1.938611050e+04	-1.579936644e+01

6	1.391418394e-01	8.072211707e-02	7.286101824e-01	2.640191328e-01	5.992038632e-01	3.248618103e-01	2.676802241e+00	1.592151033e+00	9.148463170e-01	2.549518571e+00	1.713859988e+00	-5.715291805e-01	-1.324643189e+04	-1.372045080e+01

7	7.982983439e-02	5.048107306e-01	6.061069657e-01	5.350114083e-01	1.632673624e+00	5.542536709e-01	6.408102162e-01	6.236517624e-01	-1.504243480e-01	1.358246878e+00	2.042931125e-01	4.116217665e-01	-2.572470936e+04	-9.721763138e+00

8	3.305073156e-01	2.658041613e-01	2.473673873e+00	6.752402532e-01	1.740641585e+00	1.562724358e-01	1.037682947e+00	2.707709125e+00	1.709627293e-01	1.754919690e+00	1.959643641e+00	-4.784031285e-01	-7.344374705e+04	-1.478449608e+01

9	4.278957006e-01	4.992770117e-02	1.473302791e+00	1.942460807e-01	1.083315228e+00	5.391512368e-01	1.748641874e+00	2.502831030e+00	2.643551557e-01	1.111303425e+00	2.345150873e+00	-1.800121256e+00	-1.041822190e+05	-1.488754204e+01

10	2.584292041e-01	1.046090957e-01	1.736233382e+00	8.314217705e-01	2.268889780e+00	1.282064626e-01	1.189085557e+00	1.677711521e+00	3.783696964e-01	1.954612286e+00	1.954952607e+00	-1.502083324e+00	-4.239983659e+04	-1.531301023e+01

11	3.635646245e+00	2.577251813e-01	8.496895354e-01	2.757518666e-01	1.464394221e+00	1.597236574e-01	1.458950317e+00	6.023889463e-02	-8.589833756e-01	9.127750447e-01	1.222896614e+00	9.556287425e-01	-1.410106387e+06	-1.575943134e+01

12	3.355301590e-02	4.482369512e-01	9.343883714e-01	7.287489212e-01	5.990714590e-01	6.646249876e-01	8.351003342e-02	3.382409393e-01	-6.058411195e-01	4.840891218e-02	7.892553095e-01	2.360435625e-01	-6.657378289e+03	-7.303639820e+00

13	6.134898846e-02	6.291711482e-01	1.444283399e+00	8.454186251e-01	2.508063460e-02	8.181247756e-01	1.331500599e+00	5.406522016e-01	-7.804957692e-02	1.341826889e+00	2.679925485e+00	-7.012506119e-01	-1.995047310e+04	-1.584667447e+01

14	5.459297792e-02	4.252190763e-01	3.978899282e+00	1.269059905e+00	2.140408972e+00	-1.690239595e-01	1.387574789e+00	6.840991461e+00	-5.925106739e-01	1.397378361e+00	8.417802019e-01	1.249676459e-02	-8.604934222e+03	-1.771422254e+01

15	5.145521304e-02	1.039162767e+00	1.105089747e+00	4.083914088e-01	7.374252203e+00	-1.544904740e+00	1.117481940e+00	2.609592217e-01	1.858291804e+00	6.581366748e-02	8.044323259e-01	-7.386551629e-01	-1.486666652e+04	-1.594518646e+01

16	2.864226623e-01	3.629865809e-01	3.290318438e+00	9.550162996e-01	1.062847683e+00	6.524971421e-01	1.167454290e+00	1.716052185e+00	5.926318795e-01	1.398219527e+00	1.359348522e+00	-4.105124715e-01	-6.520119337e+04	-1.368436200e+01

17	3.412234716e-02	1.282687769e+00	3.531220721e-01	6.572028823e-01	3.328993783e-01	7.964719735e-01	6.434728810e-02	7.267438541e-02	-2.230417361e+00	1.355639940e+00	2.083629106e-01	-3.928218576e-01	-8.083794077e+03	-1.254598286e+01

18	3.915696059e-01	2.744987505e-01	1.208842063e+00	5.532580744e-01	2.017707196e+00	-3.326691095e-02	1.077668003e+00	1.363066170e+00	1.479666754e-01	2.567055248e+00	1.878035316e+00	-3.771160834e-01	-1.017007459e+05	-1.385088851e+01

19	3.390747695e-01	1.010114523e+00	1.124932791e+00	2.091079988e-02	2.867820399e+00	-1.191501003e+00	2.816647019e-01	3.147444564e+00	8.241943334e-01	4.809000650e+00	1.652459745e+00	2.961797750e+00	-1.135995325e+05	-2.265946782e+01

20	1.183764674e+00	1.218781208e-01	2.379913364e+00	7.719466059e-01	3.820540968e-02	1.385014016e+00	5.803097874e-01	2.994957728e-01	7.845366349e-01	2.995847369e+00	9.081768975e-01	-1.274904049e+00	-6.185843016e+04	-1.665467138e+01

21	3.504063919e-01	7.280788530e-01	1.170795500e+00	4.231052729e-01	1.986914589e+00	4.135730446e-01	1.393646856e+00	2.860499464e+00	5.848139744e-01	2.561692697e+00	1.314786949e+00	2.909898322e-01	-1.074357629e+05	-1.534048489e+01

22	4.176634218e-01	9.359814516e-01	1.566335403e+00	6.996485340e-01	1.397592944e+00	-7.352513593e-02	1.252766216e+00	1.678927998e+00	1.720032078e-01	1.766244934e+00	1.082586406e+00	2.770783567e-02	-1.816574961e+05	-1.318607241e+01

23	5.594708859e-02	1.585655986e-01	5.512716023e-01	1.675366199e-01	3.386249092e-01	1.173480181e-01	2.256172543e+00	7.573810228e-01	1.557416180e-01	2.858854525e+00	1.569924560e+00	-7.617266026e-01	-8.422147821e+03	-1.202304665e+01

24	5.683890959e-01	6.328332712e-01	3.445136329e+00	1.022945258e+00	1.896680076e+00	4.802315450e-01	8.118279182e-01	1.692668611e+00	3.899923284e-01	1.558412959e+00	7.802249135e-01	-1.148583979e-01	-2.476219979e+05	-1.411047698e+01
0	6.564112088e-01	7.319030328e-01	1.736097425e+00	7.617418235e-01	2.264508034e+00	-2.632300018e-01	1.106030859e+00	1.759226431e+00	7.951758132e-01	1.522110225e+00	9.311350302e-01	-3.813493065e-01	-3.218034265e+05	-1.407429261e+01

1	9.794092197e-02	1.962452975e-01	4.530580620e+00	6.448529736e-01	9.928563478e-01	1.202416094e+00	2.644948722e-01	4.481273236e+00	-6.013839026e-01	4.284992315e-01	3.908579621e+00	-1.505905955e+00	-9.306268452e+03	-1.721507798e+01

2	1.531418354e-01	2.365268490e-01	2.042611304e+00	4.151032443e-01	1.016064948e+00	5.703376230e-01	1.258716056e+00	2.416637370e+00	-2.209477276e-01	1.893103963e+00	2.177761870e+00	-8.940556807e-01	-1.991804330e+04	-1.414999747e+01

3	3.246376239e-02	1.861175984e-02	1.767974135e+00	3.274090886e-01	8.576480392e-01	-2.127893829e-01	9.236340042e-01	2.480530083e+00	-1.560910387e-01	1.763233258e+00	3.218976056e+00	-2.471409507e+00	-2.352010646e+03	-1.626937482e+01

4	1.647691413e-01	5.098682512e-02	1.085073343e+00	4.319355044e-01	1.741818107e+00	6.210777485e-01	2.152262799e+00	1.875988579e+00	3.629091858e-01	4.648240842e+00	1.743859641e+00	-4.020386541e-01	-1.740067645e+04	-1.673423869e+01

5	1.741456249e-01	6.171695167e-02	4.570662291e+00	1.259026147e+00	7.666737788e-01	9.401597251e-01	1.589468076e+00	9.335497859e-01	1.459453366e+00	2.059402188e+00	9.638020309e-01	-8.253016999e-02	-1.716981547e+04	-1.497916528e+01

6	1.391418394e-01	8.072211707e-02	7.286101824e-01	2.640191328e-01	5.992038632e-01	3.248618103e-01	2.676802241e+00	1.592151033e+00	9.148463170e-01	2.549518571e+00	1.713859988e+00	-5.715291805e-01	-1.324643189e+04	-1.372045080e+01

7	8.747246955e-02	3.746002715e-01	2.262182019e+00	5.813630702e-01	1.362679346e+00	8.277694881e-01	4.820102068e-01	2.251516095e+00	-3.407232095e-01	9.659058871e-01	1.767452154e+00	-3.975491192e-01	-1.159988081e+04	-1.256216921e+01

8	3.305073156e-01	2.658041613e-01	2.473673873e+00	6.752402532e-01	1.740641585e+00	1.562724358e-01	1.037682947e+00	2.707709125e+00	1.709627293e-01	1.754919690e+00	1.959643641e+00	-4.784031285e-01	-7.344374705e+04	-1.478449608e+01

9	3.555139391e-01	1.445225412e-01	1.292965770e+00	2.651096644e-01	1.197556618e+00	5.422918515e-01	1.518263619e+00	2.112047795e+00	1.781000126e-01	1.162656356e+00	1.899950493e+00	-1.340179988e+00	-7.784053032e+04	-1.339512510e+01

10	2.228506518e-01	1.589758195e-01	1.609370307e+00	8.151774925e-01	2.004701211e+00	2.130753617e-01	1.014168075e+00	1.465788576e+00	2.226538057e-01	1.653024302e+00	1.770523021e+00	-1.227087386e+00	-3.373733927e+04	-1.378625114e+01

11	3.635646245e+00	2.577251813e-01	8.496895354e-01	2.757518666e-01	1.464394221e+00	1.597236574e-01	1.458950317e+00	6.023889463e-02	-8.589833756e-01	9.127750447e-01	1.222896614e+00	9.556287425e-01	-1.410106387e+06	-1.575943134e+01

12	3.355301590e-02	4.482369512e-01	9.343883714e-01	7.287489212e-01	5.990714590e-01	6.646249876e-01	8.351003342e-02	3.382409393e-01	-6.058411195e-01	4.840891218e-02	7.892553095e-01	2.360435625e-01	-6.657378289e+03	-7.303639820e+00

13	6.134898846e-02	6.291711482e-01	1.444283399e+00	8.454186251e-01	2.508063460e-02	8.181247756e-01	1.331500599e+00	5.406522016e-01	-7.804957692e-02	1.341826889e+00	2.679925485e+00	-7.012506119e-01	-1.995047310e+04	-1.584667447e+01

14	5.459297792e-02	4.252190763e-01	3.978899282e+00	1.269059905e+00	2.140408972e+00	-1.690239595e-01	1.387574789e+00	6.840991461e+00	-5.925106739e-01	1.397378361e+00	8.417802019e-01	1.249676459e-02	-8.604934222e+03	-1.771422254e+01

15	5.145521304e-02	1.039162767e+00	1.105089747e+00	4.083914088e-01	7.374252203e+00	-1.544904740e+00	1.117481940e+00	2.609592217e-01	1.858291804e+00	6.581366748e-02	8.044323259e-01	-7.386551629e-01	-1.486666652e+04	-1.594518646e+01

16	2.864226623e-01	3.629865809e-01	3.290318438e+00	9.550162996e-01	1.062847683e+00	6.524971421e-01	1.167454290e+00	1.716052185e+00	5.926318795e-01	1.398219527e+00	1.359348522e+00	-4.105124715e-01	-6.520119337e+04	-1.368436200e+01

17	3.412234716e-02	1.282687769e+00	3.531220721e-01	6.572028823e-01	3.328993783e-01	7.964719735e-01	6.434728810e-02	7.267438541e-02	-2.230417361e+00	1.355639940e+00	2.083629106e-01	-3.928218576e-01	-8.083794077e+03	-1.254598286e+01

18	3.915696059e-01	2.744987505e-01	1.208842063e+00	5.532580744e-01	2.017707196e+00	-3.326691095e-02	1.077668003e+00	1.363066170e+00	1.479666754e-01	2.567055248e+00	1.878035316e+00	-3.771160834e-01	-1.017007459e+05	-1.385088851e+01

19	3.199231490e-01	7.950760867e-01	1.270103785e+00	2.133900565e-01	2.725587013e+00	-8.780983211e-01	4.971580117e-01	2.798413973e+00	7.183203875e-01	4.131143631e+00	1.724295418e+00	1.901720167e+00	-9.283707971e+04	-1.896939820e+01

20	1.183764674e+00	1.218781208e-01	2.379913364e+00	7.719466059e-01	3.820540968e-02	1.385014016e+00	5.803097874e-01	2.994957728e-01	7.845366349e-01	2.995847369e+00	9.081768975e-01	-1.274904049e+00	-6.185843016e+04	-1.665467138e+01

21	3.504063919e-01	7.280788530e-01	1.170795500e+00	4.231052729e-01	1.986914589e+00	4.135730446e-01	1.393646856e+00	2.860499464e+00	5.848139744e-01	2.561692697e+00	1.314786949e+00	2.909898322e-01	-1.074357629e+05	-1.534048489e+01

22	3.288144891e-01	1.006358591e+00	1.497532879e+00	6.651051837e-01	1.116735096e+00	-2.481981245e-02	1.287132204e+00	1.677640846e+00	-4.002024977e-02	1.913302931e+00	1.153333670e+00	2.222843190e-01	-1.419903443e+05	-1.307865304e+01

23	5.594708859e-02	1.585655986e-01	5.512716023e-01	1.675366199e-01	3.386249092e-01	1.173480181e-01	2.256172543e+00	7.573810228e-01	1.557416180e-01	2.858854525e+00	1.569924560e+00	-7.617266026e-01	-8.422147821e+03	-1.202304665e+01

24	4.469647252e-01	5.909241838e-01	2.875118706e+00	9.561535694e-01	1.602082693e+00	5.220945729e-01	6.464771796e-01	1.385171541e+00	1.639072638e-01	1.215595229e+00	7.822750933e-01	-3.519277449e-02	-1.688288805e+05	-1.245780944e+01
0	5.886564886e-01	7.202058189e-01	1.702871021e+00	7.712693957e-01	2.009523308e+00	-1.401052463e-01	1.131703198e+00	1.620477653e+00	6.957489970e-01	1.501582881e+00	1.130255061e+00	-4.177737722e-01	-2.642942553e+05	-1.377004523e+01

1	9.794092197e-02	1.962452975e-01	4.530580620e+00	6.448529736e-01	9.928563478e-01	1.202416094e+00	2.644948722e-01	4.481273236e+00	-6.013839026e-01	4.284992315e-01	3.908579621e+00	-1.505905955e+00	-9.306268452e+03	-1.721507798e+01

2	1.531418354e-01	2.365268490e-01	2.042611304e+00	4.151032443e-01	1.016064948e+00	5.703376230e-01	1.258716056e+00	2.416637370e+00	-2.209477276e-01	1.893103963e+00	2.177761870e+00	-8.940556807e-01	-1.991804330e+04	-1.414999747e+01

3	3.246376239e-02	1.861175984e-02	1.767974135e+00	3.274090886e-01	8.576480392e-01	-2.127893829e-01	9.236340042e-01	2.480530083e+00	-1.560910387e-01	1.763233258e+00	3.218976056e+00	-2.471409507e+00	-2.352010646e+03	-1.626937482e+01

4	1.647691413e-01	5.098682512e-02	1.085073343e+00	4.319355044e-01	1.741818107e+00	6.210777485e-01	2.152262799e+00	1.875988579e+00	3.629091858e-01	4.648240842e+00	1.743859641e+00	-4.020386541e-01	-1.740067645e+04	-1.673423869e+01

5	1.741456249e-01	6.171695167e-02	4.570662291e+00	1.259026147e+00	7.666737788e-01	9.401597251e-01	1.589468076e+00	9.335497859e-01	1.459453366e+00	2.059402188e+00	9.638020309e-01	-8.253016999e-02	-1.716981547e+04	-1.497916528e+01

6	1.376307052e-01	8.213605179e-02	7.253890370e-01	2.622666421e-01	5.944707548e-01	3.210925678e-01	2.669162001e+00	1.576988423e+00	9.010580785e-01	2.555137293e+00	1.711245571e+00	-5.749838916e-01	-1.306991816e+04	-1.368285508e+01

7	8.747246955e-02	3.746002715e-01	2.262182019e+00	5.813630702e-01	1.362679346e+00	8.277694881e-01	4.820102068e-01	2.251516095e+00	-3.407232095e-01	9.659058871e-01	1.767452154e+00	-3.975491192e-01	-1.159988081e+04	-1.256216921e+01

8	3.305073156e-01	2.658041613e-01	2.473673873e+00	6.752402532e-01	1.740641585e+00	1.562724358e-01	1.037682947e+00	2.707709125e+00	1.709627293e-01	1.754919690e+00	1.959643641e+00	-4.784031285e-01	-7.344374705e+04	-1.478449608e+01

9	3.274378182e-01	1.686221337e-01	1.394486750e+00	2.982357658e-01	1.214852471e+00	5.721943314e-01	1.409720802e+00	2.126656463e+00	1.237556473e-01	1.142047642e+00	1.886071897e+00	-1.241443705e+00	-6.789386468e+04	-1.325025573e+01

10	2.228506518e-01	1.589758195e-01	1.609370307e+00	8.151774925e-01	2.004701211e+00	2.130753617e-01	1.014168075e+00	1.465788576e+00	2.226538057e-01	1.653024302e+00	1.770523021e+00	-1.227087386e+00	-3.373733927e+04	-1.378625114e+01

11	3.635646245e+00	2.577251813e-01	8.496895354e-01	2.757518666e-01	1.464394221e+00	1.597236574e-01	1.458950317e+00	6.023889463e-02	-8.589833756e-01	9.127750447e-01	1.222896614e+00	9.556287425e-01	-1.410106387e+06	-1.575943134e+01

12	3.355301590e-02	4.482369512e-01	9.343883714e-01	7.287489212e-01	5.990714590e-01	6.646249876e-01	8.351003342e-02	3.382409393e-01	-6.058411195e-01	4.840891218e-02	7.892553095e-01	2.360435625e-01	-6.657378289e+03	-7.303639820e+00

13	6.134898846e-02	6.291711482e-01	1.444283399e+00	8.454186251e-01	2.508063460e-02	8.181247756e-01	1.331500599e+00	5.406522016e-01	-7.804957692e-02	1.341826889e+00	2.679925485e+00	-7.012506119e-01	-1.995047310e+04	-1.584667447e+01

14	5.459297792e-02	4.252190763e-01	3.978899282e+00	1.269059905e+00	2.140408972e+00	-1.690239595e-01	1.387574789e+00	6.840991461e+00	-5.925106739e-01	1.397378361e+00	8.417802019e-01	1.249676459e-02	-8.604934222e+03	-1.771422254e+01

15	5.145521304e-02	1.039162767e+00	1.105089747e+00	4.083914088e-01	7.374252203e+00	-1.544904740e+00	1.117481940e+00	2.609592217e-01	1.858291804e+00	6.581366748e-02	8.044323259e-01	-7.386551629e-01	-1.486666652e+04	-1.594518646e+01

16	2.864226623e-01	3.629865809e-01	3.290318438e+00	9.550162996e-01	1.062847683e+00	6.524971421e-01	1.167454290e+00	1.716052185e+00	5.926318795e-01	1.398219527e+00	1.359348522e+00	-4.105124715e-01	-6.520119337e+04	-1.368436200e+01

17	3.412234716e-02	1.282687769e+00	3.531220721e-01	6.572028823e-01	3.328993783e-01	7.964719735e-01	6.434728810e-02	7.267438541e-02	-2.230417361e+00	1.355639940e+00	2.083629106e-01	-3.928218576e-01	-8.083794077e+03	-1.254598286e+01

18	3.499482407e-01	2.460003395e-01	1.307648581e+00	6.178711097e-01	2.014498743e+00	2.750339045e-02	1.062003173e+00	1.388406813e+00	1.663912818e-01	2.341572486e+00	1.851513053e+00	-5.867959393e-01	-8.146312139e+04	-1.376202320e+01

19	3.199231490e-01	7.950760867e-01	1.270103785e+00	2.133900565e-01	2.725587013e+00	-8.780983211e-01	4.971580117e-01	2.798413973e+00	7.183203875e-01	4.131143631e+00	1.724295418e+00	1.901720167e+00	-9.283707971e+04	-1.896939820e+01

20	1.183764674e+00	1.218781208e-01	2.379913364e+00	7.719466059e-01	3.820540968e-02	1.385014016e+00	5.803097874e-01	2.994957728e-01	7.845366349e-01	2.995847369e+00	9.081768975e-01	-1.274904049e+00	-6.185843016e+04	-1.665467138e+01

21	3.472500500e-01	7.269988374e-01	1.173781832e+00	4.277166937e-01	1.965492482e+00	4.179905186e-01	1.392968254e+00	2.835168056e+00	5.775758828e-01	2.548372458e+00	1.329693483e+00	2.801551329e-01	-1.058639853e+05	-1.530106927e+01

22	1.326933219e-01	1.222338362e+00	1.342549635e+00	5.849755311e-01	4.428845773e-01	6.219427258e-02	1.404445488e+00	1.720785957e+00	-5.953574304e-01	2.224057224e+00	1.170752730e+00	7.053815093e-01	-6.534600069e+04	-1.321831181e+01

23	5.594708859e-02	1.585655986e-01	5.512716023e-01	1.675366199e-01	3.386249092e-01	1.173480181e-01	2.256172543e+00	7.573810228e-01	1.557416180e-01	2.858854525e+00	1.569924560e+00	-7.617266026e-01	-8.422147821e+03	-1.202304665e+01

24	4.469647252e-01	5.909241838e-01	2.875118706e+00	9.561535694e-01	1.602082693e+00	5.220945729e-01	6.464771796e-01	1.385171541e+00	1.639072638e-01	1.215595229e+00	7.822750933e-01	-3.519277449e-02	-1.688288805e+05	-1.245780944e+01
