{
    "n": 100,
    "active_prop": 0.2,
    "noise_constant": 1.0,
    "seed": 25,
    "active_indices": [
        3,
        18,
        11,
        7,
        6,
        25
    ],
    "gp_features": [
        25,
        6,
        11
    ],
    "lengthscales": [
        0.9842543317708081,
        0.9437983778705734,
        0.4985691796093967
    ],
    "beta": [
        0.0,
        0.0,
        0.0,
        0.6595555769544941,
        0.0,
        0.0,
        0.754305165330523,
        -0.7558688052467124,
        0.0,
        0.0,
        0.0,
        1.8797533895157548,
        0.0,
        0.0,
        0.0,
        0.0,
        0.0,
        0.0,
        4.9755462254915646,
        0.0,
        0.0,
        0.0,
        0.0,
        0.0,
        0.0,
        -1.4262966295835868,
        0.0,
        0.0,
        0.0,
        0.0
    ]
}