{
    "selected features": [
        1,
        2,
        4,
        6,
        7,
        9,
        10,
        11,
        16,
        17,
        18,
        20,
        23,
        25,
        26,
        27,
        28
    ],
    "precision": 0.29411764705882354,
    "recall": 0.8333333333333334,
    "training rmse": 0.6178,
    "testing rmse": 2.4121,
    "beta_error": 0.6583,
    "tune time": 0.0416,
    "fit time": 46.1628,
    "prediction time (test)": 0.6703,
    "total runtime": 46.8747,
    "lambda": 0.1246
}