{
    "selected features": [
        2,
        5,
        6,
        8,
        9,
        15,
        18,
        21,
        28
    ],
    "precision": 0.8888888888888888,
    "recall": 0.5333333333333333,
    "training rmse": 0.0,
    "testing rmse": 4.4568,
    "beta_error": 0.5164,
    "tune time": 0.01,
    "fit time": 1.4391,
    "prediction time (test)": 0.0355,
    "total runtime": 1.4846,
    "lambda": 0.3846
}