{
    "n": 100,
    "active_prop": 0.5,
    "noise_constant": 1.0,
    "seed": 40,
    "active_indices": [
        18,
        4,
        6,
        7,
        22,
        8,
        25,
        26,
        24,
        9,
        28,
        11,
        15,
        2,
        21
    ],
    "gp_features": [
        24,
        2,
        4
    ],
    "lengthscales": [
        0.6735535820547507,
        0.8113783137883169,
        2.1787672192941097
    ],
    "beta": [
        0.0,
        0.0,
        4.618414276486222,
        0.0,
        -0.6734177442587885,
        0.0,
        2.0976879212740185,
        0.8753328232241184,
        -3.422520474575841,
        -3.8544846765945797,
        0.0,
        -1.5981716171941116,
        0.0,
        0.0,
        0.0,
        4.179512783836417,
        0.0,
        0.0,
        -1.4015205828295763,
        0.0,
        0.0,
        1.4449918697663975,
        -0.20863041846751607,
        0.0,
        -2.981792557847381,
        2.180747074817595,
        3.3255592989590674,
        0.0,
        -4.966991517721972,
        0.0
    ]
}