{
    "n": 11000,
    "active_prop": 0.5,
    "noise_constant": 1.0,
    "seed": 8,
    "active_indices": [
        5,
        8,
        13,
        7,
        3,
        25,
        11,
        16,
        15,
        24,
        0,
        10,
        19,
        9,
        18
    ],
    "gp_features": [
        16,
        25,
        9
    ],
    "lengthscales": [
        1.1267210295510892,
        0.8150413098398915,
        1.2884983591614114
    ],
    "beta": [
        -1.5643182629974128,
        0.0,
        0.0,
        -4.2567601852447705,
        0.0,
        2.0469561854779244,
        0.0,
        -4.457976206486424,
        -2.862343384366767,
        -3.9078110042424274,
        -3.9968550782472487,
        3.4011999338819887,
        0.0,
        4.945015861138295,
        0.0,
        -0.1380396336147225,
        4.00297063631171,
        0.0,
        2.0853316051176733,
        -1.2959799907038216,
        0.0,
        0.0,
        0.0,
        0.0,
        -3.892081572135264,
        1.7297348440188358,
        0.0,
        0.0,
        0.0,
        0.0
    ]
}