{
    "n": 500,
    "active_prop": 0.2,
    "noise": 0.5,
    "seed": 67,
    "active_indices": [
        28,
        25,
        26,
        16,
        3,
        17
    ],
    "gp_features": [
        28,
        3,
        17
    ],
    "lengthscales": [
        1.8622999552936546,
        1.5929629766745126,
        0.8716909461150831
    ],
    "beta": [
        0.0,
        0.0,
        0.0,
        2.7673903642180875,
        0.0,
        0.0,
        0.0,
        0.0,
        0.0,
        0.0,
        0.0,
        0.0,
        0.0,
        0.0,
        0.0,
        0.0,
        4.549328902120589,
        4.160068594359185,
        0.0,
        0.0,
        0.0,
        0.0,
        0.0,
        0.0,
        0.0,
        3.910211894394017,
        0.2589186673534609,
        0.0,
        3.6035499412190433,
        0.0
    ]
}