{
    "n": 500,
    "active_prop": 0.2,
    "noise_constant": 0.5,
    "seed": 67,
    "active_indices": [
        25,
        22,
        13,
        7,
        21,
        15
    ],
    "gp_features": [
        21,
        15,
        7
    ],
    "lengthscales": [
        1.094235158297038,
        1.927622155543421,
        1.2079015397547188
    ],
    "beta": [
        0.0,
        0.0,
        0.0,
        0.0,
        0.0,
        0.0,
        0.0,
        -4.514103442174829,
        0.0,
        0.0,
        0.0,
        0.0,
        0.0,
        4.586889202604773,
        0.0,
        4.160517749347708,
        0.0,
        0.0,
        0.0,
        0.0,
        0.0,
        -0.3320601292562273,
        3.9115499549696935,
        0.0,
        0.0,
        1.20056210975679,
        0.0,
        0.0,
        0.0,
        0.0
    ]
}