{
    "n": 100,
    "active_prop": 0.1,
    "noise_constant": 1.0,
    "seed": 12,
    "active_indices": [
        23,
        24,
        20
    ],
    "gp_features": [
        20,
        24,
        23
    ],
    "lengthscales": [
        1.7166198889991813,
        0.5910340535316272,
        1.1259000699626847
    ],
    "beta": [
        0.0,
        0.0,
        0.0,
        0.0,
        0.0,
        0.0,
        0.0,
        0.0,
        0.0,
        0.0,
        0.0,
        0.0,
        0.0,
        0.0,
        0.0,
        0.0,
        0.0,
        0.0,
        0.0,
        0.0,
        -0.4972750052587438,
        0.0,
        0.0,
        -0.11654582807091707,
        -3.406093737056156,
        0.0,
        0.0,
        0.0,
        0.0,
        0.0
    ]
}