{
    "n": 500,
    "active_prop": 0.1,
    "noise": 0.5,
    "seed": 51,
    "active_indices": [
        2,
        19,
        7
    ],
    "gp_features": [
        7,
        19,
        2
    ],
    "lengthscales": [
        0.6469624262969667,
        0.42357280653634444,
        1.9091461004140506
    ],
    "beta": [
        0.0,
        0.0,
        3.2046153613652013,
        0.0,
        0.0,
        0.0,
        0.0,
        -1.041815423548397,
        0.0,
        0.0,
        0.0,
        0.0,
        0.0,
        0.0,
        0.0,
        0.0,
        0.0,
        0.0,
        0.0,
        -4.960405058170272,
        0.0,
        0.0,
        0.0,
        0.0,
        0.0,
        0.0,
        0.0,
        0.0,
        0.0,
        0.0
    ]
}