{
    "n": 1000,
    "active_prop": 0.1,
    "seed": 34,
    "active_indices": [
        23,
        13,
        20
    ],
    "gp_features": [
        20,
        23,
        13
    ],
    "lengthscales": [
        0.535355291749693,
        1.107202213348345,
        0.9533560948148445
    ],
    "beta": [
        0.0,
        0.0,
        0.0,
        0.0,
        0.0,
        0.0,
        0.0,
        0.0,
        0.0,
        0.0,
        0.0,
        0.0,
        0.0,
        -3.891028452225196,
        0.0,
        0.0,
        0.0,
        0.0,
        0.0,
        0.0,
        -0.6996289106748357,
        0.0,
        0.0,
        -0.7439615323948834,
        0.0,
        0.0,
        0.0,
        0.0,
        0.0,
        0.0
    ]
}