{
    "n": 100,
    "active_prop": 0.1,
    "noise_constant": 0.1,
    "seed": 2,
    "active_indices": [
        29,
        7,
        9
    ],
    "gp_features": [
        7,
        29,
        9
    ],
    "lengthscales": [
        0.6934152540240284,
        0.8219916812759404,
        1.4558757247130432
    ],
    "beta": [
        0.0,
        0.0,
        0.0,
        0.0,
        0.0,
        0.0,
        0.0,
        4.093411939152347,
        0.0,
        1.724789057434358,
        0.0,
        0.0,
        0.0,
        0.0,
        0.0,
        0.0,
        0.0,
        0.0,
        0.0,
        0.0,
        0.0,
        0.0,
        0.0,
        0.0,
        0.0,
        0.0,
        0.0,
        0.0,
        0.0,
        -0.5880123524289012
    ]
}