{
    "n": 500,
    "active_prop": 0.3,
    "noise": 0.1,
    "seed": 78,
    "active_indices": [
        8,
        24,
        21,
        12,
        6,
        26,
        2,
        20,
        23
    ],
    "gp_features": [
        12,
        6,
        2
    ],
    "lengthscales": [
        0.8596602418357623,
        1.6496645547518296,
        0.4620278725479373
    ],
    "beta": [
        0.0,
        0.0,
        1.4893153408647155,
        0.0,
        0.0,
        0.0,
        -2.132093698272415,
        0.0,
        -1.3017926629767471,
        0.0,
        0.0,
        0.0,
        1.4425675440931016,
        0.0,
        0.0,
        0.0,
        0.0,
        0.0,
        0.0,
        0.0,
        -0.03314224687251155,
        2.336084941000774,
        0.0,
        -2.516217811704627,
        3.335326247333267,
        0.0,
        -4.782429956532283,
        0.0,
        0.0,
        0.0
    ]
}