{
    "n": 100,
    "active_prop": 0.5,
    "noise_constant": 0.5,
    "seed": 35,
    "active_indices": [
        21,
        15,
        12,
        19,
        26,
        16,
        20,
        23,
        6,
        24,
        11,
        28,
        8,
        29,
        10
    ],
    "gp_features": [
        10,
        8,
        23
    ],
    "lengthscales": [
        0.6142088614253262,
        1.1778154085510197,
        0.7839262419565677
    ],
    "beta": [
        0.0,
        0.0,
        0.0,
        0.0,
        0.0,
        0.0,
        0.8988559610647853,
        0.0,
        -3.3356931805566115,
        0.0,
        -2.221784235979868,
        2.5481586668110703,
        0.7439387599514111,
        0.0,
        0.0,
        -3.5283441541439853,
        -4.478190285991879,
        0.0,
        0.0,
        1.4951320200336156,
        3.887151945028119,
        -1.0636875145996427,
        0.0,
        -1.954818665729027,
        1.3014145998462157,
        0.0,
        -0.40534173205263535,
        0.0,
        -4.256021996484308,
        2.989315963864435
    ]
}