{
    "selected features": [
        0,
        2,
        3,
        4,
        5,
        6,
        7,
        8,
        9,
        10,
        11,
        13,
        14,
        16,
        17,
        18,
        19,
        20,
        21,
        22,
        24,
        25,
        27,
        29
    ],
    "precision": 0.5833333333333334,
    "recall": 0.9333333333333333,
    "training rmse": 0.0,
    "testing rmse": 3.8392,
    "beta_error": 0.6055,
    "tune time": 0.2355,
    "fit time": 50.5261,
    "prediction time (test)": 1.2262,
    "total runtime": 51.9878,
    "lambda": 0.0653
}