{
    "selected features": [
        0,
        1,
        2,
        3,
        5,
        6,
        7,
        8,
        9,
        10,
        11,
        12,
        13,
        16,
        17,
        18,
        19,
        23,
        24,
        25,
        26,
        29
    ],
    "precision": 0.6363636363636364,
    "recall": 0.9333333333333333,
    "training rmse": 0.0,
    "testing rmse": 3.8823,
    "beta_error": 0.5477,
    "tune time": 0.2898,
    "fit time": 57.0049,
    "prediction time (test)": 0.7041,
    "total runtime": 57.9988,
    "lambda": 0.0959
}