{
    "selected features": [
        0,
        1,
        3,
        5,
        7,
        8,
        9,
        10,
        11,
        12,
        13,
        16,
        17,
        18,
        19,
        20,
        21,
        22,
        24,
        25,
        26,
        27,
        28
    ],
    "precision": 0.6086956521739131,
    "recall": 0.9333333333333333,
    "training rmse": 1.8723,
    "testing rmse": 3.7618,
    "beta_error": 0.5774,
    "tune time": 0.0856,
    "fit time": 2.3408,
    "prediction time (test)": 0.3379,
    "total runtime": 2.7644,
    "lambda": 0.0975
}