{
    "n": 500,
    "active_prop": 0.5,
    "seed": 27,
    "active_indices": [
        29,
        24,
        2,
        12,
        0,
        5,
        3,
        25,
        19,
        10,
        6,
        11,
        18,
        1,
        28
    ],
    "gp_features": [
        25,
        10,
        19
    ],
    "lengthscales": [
        1.5042242026833077,
        0.24570333326749874,
        0.9913791251837952
    ],
    "beta": [
        -3.138359216395188,
        -1.877708031005688,
        2.2231268273013587,
        -1.0964184615684003,
        0.0,
        -2.255250264039778,
        -1.675359587686592,
        0.0,
        0.0,
        0.0,
        4.644615555966343,
        -0.8324233731923245,
        1.4330564093304883,
        0.0,
        0.0,
        0.0,
        0.0,
        0.0,
        -4.454199642092085,
        3.540644753861704,
        0.0,
        0.0,
        0.0,
        0.0,
        4.890006368686198,
        3.3212613069565524,
        0.0,
        0.0,
        -0.18870212940309372,
        1.9956001927918754
    ]
}