{
    "n": 500,
    "active_prop": 0.1,
    "noise_constant": 1.0,
    "seed": 58,
    "active_indices": [
        13,
        11,
        9
    ],
    "gp_features": [
        11,
        13,
        9
    ],
    "lengthscales": [
        0.7384380827122834,
        1.9716504764205693,
        1.3880284411877941
    ],
    "beta": [
        0.0,
        0.0,
        0.0,
        0.0,
        0.0,
        0.0,
        0.0,
        0.0,
        0.0,
        -3.438141765653795,
        0.0,
        1.9834171217890084,
        0.0,
        2.461569721720692,
        0.0,
        0.0,
        0.0,
        0.0,
        0.0,
        0.0,
        0.0,
        0.0,
        0.0,
        0.0,
        0.0,
        0.0,
        0.0,
        0.0,
        0.0,
        0.0
    ]
}