{
    "n": 1000,
    "active_prop": 0.2,
    "seed": 35,
    "active_indices": [
        24,
        7,
        20,
        19,
        13,
        23
    ],
    "gp_features": [
        20,
        23,
        7
    ],
    "lengthscales": [
        1.715382294485844,
        0.6715766298226821,
        4.126976543134017
    ],
    "beta": [
        0.0,
        0.0,
        0.0,
        0.0,
        0.0,
        0.0,
        0.0,
        4.993693363151548,
        0.0,
        0.0,
        0.0,
        0.0,
        0.0,
        -3.8162924632330353,
        0.0,
        0.0,
        0.0,
        0.0,
        0.0,
        -3.319153733760424,
        -1.778725526154302,
        0.0,
        0.0,
        2.270437257799804,
        -4.803590675940383,
        0.0,
        0.0,
        0.0,
        0.0,
        0.0
    ]
}