{
    "selected features": [
        2,
        4,
        7,
        10,
        11,
        12,
        13,
        17,
        20,
        21,
        22,
        26,
        28,
        29
    ],
    "precision": 0.9285714285714286,
    "recall": 0.8666666666666667,
    "training rmse": 0.3697,
    "testing rmse": 1.0762,
    "beta_error": 0.3162,
    "tune time": 1529.8078,
    "fit time": 31.1134,
    "prediction time (test)": 1.044,
    "total runtime": 1561.9651,
    "lambda": 6.3246
}