{
    "n": 1000,
    "active_prop": 0.3,
    "noise": 0.5,
    "seed": 126,
    "active_indices": [
        19,
        12,
        7,
        4,
        28,
        2,
        17,
        15,
        20
    ],
    "gp_features": [
        28,
        2,
        17
    ],
    "lengthscales": [
        1.0271780644339963,
        1.3537700669450958,
        0.6880654250541003
    ],
    "beta": [
        0.0,
        0.0,
        2.3453952157759383,
        0.0,
        -1.645958095598039,
        0.0,
        0.0,
        2.0816403886731116,
        0.0,
        0.0,
        0.0,
        0.0,
        4.735634321190414,
        0.0,
        0.0,
        -4.908777892093338,
        0.0,
        -0.09773423121160718,
        0.0,
        1.8086954680370493,
        3.131417664786504,
        0.0,
        0.0,
        0.0,
        0.0,
        0.0,
        0.0,
        0.0,
        -1.3857613229330656,
        0.0
    ]
}