{
    "n": 100,
    "active_prop": 0.1,
    "noise_constant": 0.5,
    "seed": 5,
    "active_indices": [
        16,
        18,
        23
    ],
    "gp_features": [
        16,
        23,
        18
    ],
    "lengthscales": [
        0.5721144498572934,
        2.320044885510494,
        0.9798182360969862
    ],
    "beta": [
        0.0,
        0.0,
        0.0,
        0.0,
        0.0,
        0.0,
        0.0,
        0.0,
        0.0,
        0.0,
        0.0,
        0.0,
        0.0,
        0.0,
        0.0,
        0.0,
        -3.2945637335996136,
        0.0,
        -1.2241165817438313,
        0.0,
        0.0,
        0.0,
        0.0,
        -2.2172365102538985,
        0.0,
        0.0,
        0.0,
        0.0,
        0.0,
        0.0
    ]
}