{
    "n": 1000,
    "active_prop": 0.5,
    "noise_constant": 1.0,
    "seed": 130,
    "active_indices": [
        1,
        10,
        14,
        16,
        4,
        24,
        8,
        23,
        20,
        7,
        17,
        27,
        28,
        26,
        9
    ],
    "gp_features": [
        23,
        17,
        14
    ],
    "lengthscales": [
        1.27375924155362,
        0.6119402373761825,
        0.9265295427402904
    ],
    "beta": [
        0.0,
        0.024369659325693682,
        0.0,
        0.0,
        0.6382635675193384,
        0.0,
        0.0,
        0.9454301525537829,
        4.811882013506981,
        4.233109985041889,
        2.8960475369990224,
        0.0,
        0.0,
        0.0,
        0.19419512298783115,
        0.0,
        -3.357095405720755,
        2.539047501092365,
        0.0,
        0.0,
        0.33229298029113785,
        0.0,
        0.0,
        0.7815794368095172,
        3.4995119237700116,
        0.0,
        0.21463574753435832,
        -4.282588520467031,
        -2.1564822063543554,
        0.0
    ]
}