{
    "n": 100,
    "active_prop": 0.1,
    "noise": 1.0,
    "seed": 12,
    "active_indices": [
        25,
        10,
        5
    ],
    "gp_features": [
        5,
        25,
        10
    ],
    "lengthscales": [
        0.8582872906927208,
        2.730494224551372,
        0.8622080544009711
    ],
    "beta": [
        0.0,
        0.0,
        0.0,
        0.0,
        0.0,
        4.6029867463613545,
        0.0,
        0.0,
        0.0,
        0.0,
        2.5696346499582203,
        0.0,
        0.0,
        0.0,
        0.0,
        0.0,
        0.0,
        0.0,
        0.0,
        0.0,
        0.0,
        0.0,
        0.0,
        0.0,
        0.0,
        -3.6845601487899513,
        0.0,
        0.0,
        0.0,
        0.0
    ]
}