{
    "selected features": [
        2,
        7,
        9,
        13,
        14,
        21,
        22,
        28,
        29
    ],
    "precision": 0.5555555555555556,
    "recall": 0.8333333333333334,
    "training rmse": 0.0,
    "testing rmse": 2.9748,
    "beta_error": 0.4082,
    "tune time": 0.0177,
    "fit time": 1.5395,
    "prediction time (test)": 0.027,
    "total runtime": 1.5842,
    "lambda": 0.3573
}