{
    "selected features": [
        1,
        2,
        7,
        9,
        13,
        22,
        24,
        28,
        29
    ],
    "precision": 0.5555555555555556,
    "recall": 0.8333333333333334,
    "training rmse": 1.3242,
    "testing rmse": 2.9186,
    "beta_error": 0.4082,
    "tune time": 0.0068,
    "fit time": 0.2776,
    "prediction time (test)": 0.034,
    "total runtime": 0.3183,
    "lambda": 0.3393
}