sigma2_noise,sigma2_gp,lambda,beta0,ell0,beta1,ell1,beta2,ell2
0.47360759609884545,0.21419208071109846,0.7754758318755157,0.5013195952865123,1.9017025154875367,-0.18094539542607876,0.3837701078865396,0.0,2.601851188690242
0.47360759609884545,0.34185825746603815,0.7754758318755157,0.5948594528205058,4.71685539780633,-0.13626236855173995,0.23518191758768722,0.0,2.537186313356412
0.47360759609884545,0.42610750329018726,0.7754758318755157,0.5948594528205058,3.307853898782903,0.887100385659956,0.23518191758768722,0.0,2.537186313356412
0.47360759609884545,0.3932434415148234,0.7754758318755157,-0.028829933124258855,2.020571921715702,1.09800799006834,1.024740256201335,-0.4664458601920335,2.282403486637937
0.21585417983265695,0.3218150708025323,0.7754758318755157,-0.028829933124258855,1.2820816331458509,1.09800799006834,0.6675452596507001,0.13760662375528687,2.282403486637937
0.21585417983265695,0.3303998510352525,0.4934983568971098,-0.028829933124258855,1.7051373987624425,-0.7916552239652495,0.6675452596507001,0.1290926244661695,2.282403486637937
0.30429919256359345,0.19901481444371302,0.4934983568971098,-0.028829933124258855,1.1270869488239292,-0.7916552239652495,1.7476651746949676,0.1290926244661695,1.42722970102746
0.30429919256359345,0.19901481444371302,0.4934983568971098,-0.028829933124258855,1.1270869488239292,-0.5301678080993253,2.07272373106096,0.1290926244661695,1.099384526474902
0.3321289296026534,0.15475067314115365,0.4934983568971098,-0.028829933124258855,0.5996308847701501,0.9056997431325893,2.07272373106096,-1.205814376100691,2.3732312371334086
0.3321289296026534,0.15475067314115365,0.4934983568971098,-0.8694972477629861,0.562848504109668,0.6112403479448737,2.07272373106096,1.7526575288690183,2.3732312371334086
0.3321289296026534,0.2454482117517088,0.4934983568971098,-0.8694972477629861,0.23110185098975036,0.8073985722534582,1.1780074665847038,0.37347678820487373,1.2443018970249442
0.3321289296026534,0.2657648421783847,0.6075608186662809,-0.8722132082071469,0.07526500052318053,0.044486357029656864,1.1780074665847038,1.1574352755816064,1.8968098688137291
0.21401612462542177,0.11484711560536726,0.6074260539665294,-0.8722132082071469,0.12322046587600377,0.044486357029656864,0.8679676893867272,0.8725858434889066,2.764518674506855
0.21401612462542177,0.11484711560536726,0.6074260539665294,-0.8722132082071469,0.12322046587600377,0.044486357029656864,0.8678369324363187,0.8070849235969297,0.6303385470290881
0.21401612462542177,0.1349341960340097,0.40665409924261214,0.21065398598346696,0.12322046587600377,0.044486357029656864,2.853459609449759,0.8070849235969297,0.9672262466564443
0.21401612462542177,0.20249346760416292,0.40665409924261214,0.21065398598346696,0.12322046587600377,-0.8408051903052475,9.073932585588173,0.27261399889785476,0.3072971106847792
0.31198819646012615,0.266174919192203,0.40665409924261214,0.5213204770235965,0.14153055955425412,-2.7163926647559236,0.9906319475885785,0.8999887522784191,0.33851918363336064
0.3200222139893797,0.3267379303556736,0.5132721067349505,0.5213204770235965,0.42555594747083086,-2.7640331562513585,0.9906319475885785,0.22767951444292,1.7156525378587937
0.3200222139893797,0.2558265035865377,0.5132721067349505,0.28641528649150894,0.605089239338216,-3.7051372916621648,1.7358575454730423,0.22767951444292,1.7245952234561797
0.3200222139893797,0.2558265035865377,0.37238917227579704,0.28641528649150894,0.8518060017018589,-3.7051372916621648,2.657032925632067,-0.07565048003403613,1.290844602070221
0.3200222139893797,0.2558265035865377,0.1898542459499838,0.23248680765058402,1.2581375926079128,-2.273224293975888,2.657032925632067,-0.07565048003403613,1.290844602070221
0.3200222139893797,0.2558265035865377,0.2404589551375606,-0.10902894544282885,3.041460039959535,-2.823853697888566,3.4005859929298548,0.09054731683595202,0.6618629937779238
0.3200222139893797,0.4751337652262348,0.2404589551375606,-1.6401305967418496,3.72865761662014,-2.823853697888566,0.6645644459126164,0.3930690549581712,0.5232360925697191
0.2730266512304801,0.4751337652262348,0.4456973784236192,-0.9533332104230986,0.9586020686038242,-1.9823518399582012,1.1961542329218346,0.3930690549581712,0.24189291737825352
0.2730266512304801,0.3999748025582671,0.2647381267420841,-0.9533332104230986,0.9586020686038242,-1.9823518399582012,1.1961542329218346,0.6432422344182684,0.9775686912356689
0.2730266512304801,0.3999748025582671,0.16532236348945267,-1.2875286942870807,3.0190232837606565,-0.8503128529966262,1.1961542329218346,0.9807049654226192,0.9775686912356689
0.2730266512304801,0.3320462904354849,0.1615680184610642,-0.7619998001212019,10.320507332695152,0.28477790202904196,0.9448545524604874,0.48073089325445817,1.4779610148528484
0.2710429422177709,0.3320462904354849,0.1615680184610642,-1.0481741236913624,7.410822542707474,1.3133133488453814,0.9448545524604874,0.48073089325445817,1.4779610148528484
0.2710429422177709,0.3320462904354849,0.14213514248248027,0.11619723475069188,9.41454677271226,0.8284661047527738,6.112938699139445,1.8705742968292367,2.1072373347827194
0.21377178319778212,0.2955283336194939,0.15265038428745617,-0.07094123040116274,6.706190265037463,0.008271617188633451,3.7690779715231746,1.5725967052659935,2.1072373347827194
0.21377178319778212,0.2955283336194939,0.22308251674487334,0.3037454656623376,6.706190265037463,0.8300135071995545,3.4784582433658993,0.7582687824897171,1.7622230719647773
0.29771688623457304,0.2955283336194939,0.22308251674487334,0.6956040227886692,6.706190265037463,-0.6854159634983676,2.820692859643372,1.0602819481370431,1.7622230719647773
0.14050780499940918,0.42405608159941843,0.21885910326485167,0.6956040227886692,6.706190265037463,-1.2411874829727476,2.820692859643372,1.4391074175351475,0.5261844251738427
0.12223172548975957,0.42405608159941843,0.21885910326485167,-0.8855444890692926,11.607034822104168,0.2630334464388313,0.7402849922203194,1.1563497630894841,0.3916916182753867
0.3049339960682634,0.20921772553874815,0.17433079209670507,1.0376100134595663,4.599819727040503,0.2630334464388313,0.7402849922203194,1.1563497630894841,0.3916916182753867
0.2780502619542341,0.26986337863220994,0.17433079209670507,1.5395819968353552,3.7591515058771954,-0.5909709697289697,0.3766319943024699,1.0622293345216631,0.3916916182753867
0.27027148058359773,0.26986337863220994,0.23323101504815127,1.5395819968353552,2.738972625886844,-1.3069928258421202,0.692299734992082,0.8225260808747299,0.4587324095718234
0.2753235085637067,0.26986337863220994,0.23323101504815127,1.417817135970117,2.738972625886844,0.02909319602913918,0.692299734992082,0.08408328543675059,1.9067256048979406
0.2753235085637067,0.26986337863220994,0.2637254968449621,-0.2692101113792651,3.754511415706636,0.5325092809485844,1.8395967129132085,0.10974985111765438,0.8099046732321485
0.2753235085637067,0.26986337863220994,0.2637254968449621,0.2878391278986907,3.754511415706636,-0.009732821093796473,1.2698870018926154,0.41455004932017747,0.6315032500231929
0.2753235085637067,0.22016865050703482,0.25330919176855593,0.2878391278986907,0.7973797328673737,-2.1827476274497792,1.17162837041628,0.41455004932017747,0.6315032500231929
0.2753235085637067,0.22016865050703482,0.25989866715560095,0.19543121072709885,0.4452227948742038,-2.1827476274497792,1.17162837041628,0.9074191125372315,0.42138310142523216
0.2753235085637067,0.10388378684953699,0.25989866715560095,0.19543121072709885,0.5489710538750242,-0.9449191025383878,1.17162837041628,0.5141090851402302,0.42138310142523216
0.2753235085637067,0.318394944950835,0.5140023674047827,0.19543121072709885,0.5489710538750242,-0.02309972583039832,1.17162837041628,-0.7864550810908654,0.42138310142523216
0.21049920274953438,0.318394944950835,0.5697227576986243,0.19543121072709885,0.5489710538750242,-0.02309972583039832,1.17162837041628,-0.7864550810908654,0.7011943230991735
0.21049920274953438,0.2781763356242625,0.5697227576986243,0.5091347730916295,1.6647074460587445,-0.02309972583039832,1.17162837041628,-0.7864550810908654,0.7011943230991735
0.21049920274953438,0.2325653851775794,0.28534140844640216,0.5091347730916295,1.6647074460587445,-0.02309972583039832,1.17162837041628,-0.7864550810908654,0.23872302467863107
0.21049920274953438,0.11897074558575092,0.2858580067872627,0.5091347730916295,0.211616406950931,0.9058476446144519,6.0230356390895645,-0.15495435101569655,0.482719922477194
0.21049920274953438,0.15770934370816897,0.2152695312544566,0.5091347730916295,0.211616406950931,-0.45934656259972084,3.620045251840557,-0.15495435101569655,0.482719922477194
0.26229422004895614,0.15770934370816897,0.28094451657783,0.5091347730916295,0.27515993110490117,-0.45934656259972084,1.3249189476611936,-0.15495435101569655,0.482719922477194
0.176459106941112,0.17638079831575784,0.28094451657783,-0.5429498408676162,0.28000352799228284,-0.45934656259972084,0.8549742999858229,-0.6555271911868247,1.1165290577933018
0.176459106941112,0.2781829154790371,0.3140865791624527,-0.5429498408676162,1.2762706521101301,-0.45934656259972084,1.6241496912224174,-1.0003436297281,0.4405542891047009
0.16305903781538633,0.42688317731253766,0.3140865791624527,0.2955067782960382,1.3185472203476487,-0.5717141219546403,2.2317746301612975,-0.8083607540148238,0.2815242730883483
0.16305903781538633,0.6244975702098263,0.3140865791624527,-0.17801014797867865,1.7181121808081767,0.7255519866935684,0.2664344059896584,-1.090573344253931,0.2815242730883483
0.16305903781538633,0.30721213502406447,0.2714705974829294,-0.48761835663453335,1.2135266656487198,1.9088692447227045,0.3403006144308568,-1.0853406207656513,0.2815242730883483
0.16387759550110123,0.30721213502406447,0.2714705974829294,-0.15659916353015263,1.2135266656487198,1.9088692447227045,0.3620885382247955,-0.335534072960882,0.27965065711062487
0.18534464451799915,0.45405010231921866,0.24352284101933339,0.8369378611817198,1.1194042052909008,0.43516447583821516,0.37044898845599905,-0.335534072960882,0.1458535871170105
0.18534464451799915,0.7121320378653381,0.2459726099489052,0.9861114630982165,0.3471665965157608,-0.025942444800481024,0.37044898845599905,0.37977821430562486,0.21926656930173627
0.18534464451799915,0.5039697402340204,0.29109239157207345,1.8080137609119826,1.4982613425895572,-0.23476369118806278,0.35460778650361446,0.37977821430562486,0.21844233702449
0.39845465735672153,0.2407578359287477,0.44578478955875767,1.8889531476026171,1.3326610382602877,-0.23476369118806278,0.575666744308695,0.47338711841759473,0.21844233702449
0.16710043432017582,0.2407578359287477,0.35885579552567276,2.3978309086292886,0.5333809789428576,-0.23476369118806278,0.8698767592011589,0.47338711841759473,0.22836601954320634
0.16710043432017582,0.8165449350852375,0.35885579552567276,2.3978309086292886,0.5333809789428576,-0.23476369118806278,0.6750197512403852,0.5732380782643501,0.22836601954320634
0.16710043432017582,0.3253695338546156,0.35885579552567276,2.2072676627932815,0.3887034647792666,-0.23476369118806278,0.6750197512403852,-0.5144159129459457,0.19048751955896612
0.2111312923935087,0.2763579059952313,0.35885579552567276,1.3374418529716068,0.46608549180858216,-0.4429839108342285,0.38070459200799983,-0.31378762542096333,0.19048751955896612
0.2111312923935087,0.6708997782524805,0.35885579552567276,0.8908390186226625,0.46608549180858216,-0.4429839108342285,0.38070459200799983,-0.31378762542096333,0.19048751955896612
0.2111312923935087,0.4032047886473449,0.35885579552567276,0.8908390186226625,0.8063145674531744,-0.994303552934035,0.3810494624331972,-0.769861570931053,0.19048751955896612
0.2111312923935087,0.5102465322222602,0.3671223386170291,1.1153163186703905,0.8063145674531744,-1.921133999667728,2.6596031808050866,-0.10269587948768177,0.19048751955896612
0.24760224164471942,0.2807085440638954,0.3308721816854462,1.4067849446536849,4.906795022161203,-1.921133999667728,1.4138280190557473,-0.10269587948768177,0.2935075431602305
0.2050596555787109,0.2807085440638954,0.29421705053113417,0.6634195640863789,4.431109011812073,-1.921133999667728,1.3701321599879441,-0.10269587948768177,0.12380050707070615
0.2050596555787109,0.2807085440638954,0.42545892768875376,0.6634195640863789,4.431109011812073,-1.921133999667728,1.3701321599879441,0.8248496619872965,0.21945588966824378
0.2050596555787109,0.5414370426003007,0.395652148528223,-0.9683235138653654,1.5103365033804557,-1.739367419623517,1.3701321599879441,0.5032861355769402,1.083299108622334
0.2050596555787109,0.5414370426003007,0.395652148528223,-0.5304812547697502,1.5103365033804557,-1.739367419623517,1.864612648023273,-1.2335187436800272,0.9210839397370361
0.35392934919798913,0.3925115411490087,0.395652148528223,-0.5304812547697502,0.8382819254143068,-1.739367419623517,1.864612648023273,-0.5290496271341126,1.6354407268603741
0.35392934919798913,0.3925115411490087,0.395652148528223,1.1880656073786542,2.2555648063071216,-1.2319047177395912,1.3173330903683589,-1.5317729728770368,1.6354407268603741
0.35392934919798913,0.2399462929902757,0.395652148528223,0.7997483746980851,0.8847259029135864,-1.7752222130726845,1.7861293520531867,-1.5317729728770368,1.132897590532513
0.35392934919798913,0.1548807572139672,0.2336931923674014,0.7997483746980851,2.2475087849164055,-1.2049293647291854,0.6184179107189943,-0.23107143614699122,3.395741525176343
0.35392934919798913,0.1548807572139672,0.44087004400429847,2.1441711796546015,2.2475087849164055,0.7267138607864119,0.6184179107189943,-0.3038498119721194,2.9392005128371816
0.4257821686928869,0.14228027842325827,0.2151814542002191,2.2063186877113856,0.658580553727673,1.60492271613027,0.8719662308405453,0.21626530768245583,2.2030240735360636
0.44311710568927787,0.0872551330119495,0.35038347956453164,3.6785279987582657,0.5729684722217236,3.3813452752456183,0.8719662308405453,0.21626530768245583,0.48540592899493756
0.5690129953678704,0.3813477513303276,0.4349774854569719,2.4746885713348643,0.4274596172300375,3.5272249799594975,0.519020225181194,0.21626530768245583,0.48540592899493756
0.5690129953678704,0.1666898576158872,0.4349774854569719,3.0101532587179776,2.3088061581135415,4.840041628457078,0.7746046218035,0.21626530768245583,0.48540592899493756
0.5690129953678704,0.3427950039096411,0.29089037285877767,3.0101532587179776,2.6324637728835247,4.904133019446586,0.7746046218035,0.21626530768245583,0.26445417291797574
0.5629241103777819,0.3427950039096411,0.29089037285877767,3.0101532587179776,0.8109481536209612,4.904133019446586,0.7746046218035,-0.0648645080350046,0.26445417291797574
0.5629241103777819,0.31489178453289013,0.31602251916567836,2.953377191940967,0.8109481536209612,4.56570611444663,1.141154344232266,-0.14803720288474825,0.6874942552850404
0.6460240455979094,0.31489178453289013,0.3166370649182069,3.203183090106203,1.1065145143056117,4.766958758936049,1.141154344232266,-0.14803720288474825,0.6298068728331604
0.6460240455979094,0.25160239624574143,0.5940781163911676,1.507712324436072,1.6090231675251483,5.229585662553064,0.5181624544138551,0.2967590703366387,0.3464811395358564
0.6460240455979094,0.3356226384931427,0.34500135847031765,2.474536364558955,1.6090231675251483,5.229585662553064,0.5181624544138551,0.2967590703366387,1.9294229493784592
0.6460240455979094,0.2101943580300784,0.34500135847031765,1.3318385505727113,1.6090231675251483,5.911150971885132,0.5181624544138551,0.2967590703366387,0.6857391644202347
0.6460240455979094,0.2101943580300784,0.34500135847031765,0.7380826826985608,1.5220181450088395,6.024978422105643,0.35677709839866006,0.36007008188162565,0.4444310525228862
0.7287210039548532,0.2101943580300784,0.29456677662826614,0.16716842596008907,0.6504752255296432,5.208035175271836,0.35677709839866006,0.1017150570376093,0.909631640083867
0.7287210039548532,0.2101943580300784,0.3540881335903369,-0.7486580046566937,1.0273994885697495,4.208727212636073,0.42399029483635975,-0.1256657895777343,2.186155999362448
0.7287210039548532,0.29578164024792275,0.3705113174151812,0.1020873849293501,1.3240601641624377,3.343556145832252,0.7868530616347241,-0.1256657895777343,2.186155999362448
0.4566600896334202,0.42085357022279435,0.3705113174151812,-0.43270994993611966,1.3240601641624377,2.962918805769654,0.7868530616347241,-0.08563807584517477,1.3977969839803372
0.4566600896334202,0.36049969222117295,0.5138630856719568,-0.7009454067195118,1.7178437469926262,2.507173736426478,1.7055306295670312,0.08131002372189636,0.5732084440828578
0.3275839613651871,0.3383124313367618,0.5138630856719568,-0.9045676914913219,1.7178437469926262,2.507173736426478,1.7055306295670312,0.08131002372189636,0.5732084440828578
0.34211643710747486,0.3383124313367618,0.5138630856719568,-0.9045676914913219,1.7307118348999069,2.507173736426478,0.5395967127672582,0.08131002372189636,2.2422697223609207
0.34211643710747486,0.268165146020246,0.4286291584562176,-1.7954002898134571,8.212520950813877,0.7808296376703647,0.6762800861701774,0.08131002372189636,3.3911548232615556
0.6786637529068438,0.28241660492779375,0.6846596157756628,-1.7954002898134571,8.212520950813877,0.7874078854520646,0.6762800861701774,0.08131002372189636,1.0074512300145693
0.4561866339784307,0.28241660492779375,0.6846596157756628,-1.7954002898134571,8.212520950813877,0.009894968695524087,1.4780654372103708,-0.32593257995079694,1.083540090620045
0.32866594736941807,0.28241660492779375,0.6846596157756628,-0.7057496622783426,4.540912736627171,0.009894968695524087,2.492297520202644,-0.32593257995079694,1.083540090620045
0.4854652831453687,0.28241660492779375,0.7426876681493858,-0.7057496622783426,4.053576310186029,-0.05532403802503691,2.492297520202644,-0.32593257995079694,0.3215502135054475
0.4854652831453687,0.16860356337783905,0.93164212108825,-0.7738824049802335,4.053576310186029,-0.05532403802503691,4.7418261385709926,-0.32593257995079694,0.3215502135054475
0.4854652831453687,0.16860356337783905,0.6610166771877992,-0.7738824049802335,4.053576310186029,0.9303010672315548,4.286569711827212,-0.32593257995079694,0.3215502135054475
0.4854652831453687,0.16860356337783905,0.6610166771877992,-0.01545221015413245,3.153129060332741,-0.2710302931026176,4.286569711827212,-0.1931248754911215,0.3215502135054475
0.20061874354443063,0.16860356337783905,0.9334858139681314,-0.01545221015413245,2.1307382055378428,-0.2710302931026176,1.8034793213301246,-0.1931248754911215,0.3215502135054475
0.20061874354443063,0.6034946071454578,0.9334858139681314,-0.01545221015413245,2.1307382055378428,-0.2710302931026176,7.773473060704544,-0.1931248754911215,0.9321205572319439
0.20061874354443063,0.7599734828617749,0.9334858139681314,-0.01545221015413245,4.422710897211965,-0.2710302931026176,8.281831677372109,-0.1931248754911215,0.6014145843966592
0.427459538235039,0.7599734828617749,0.9334858139681314,0.4511819791285009,1.7744247740814227,-0.2710302931026176,8.651999550584888,1.2982241442294398,0.7762630267255792
0.427459538235039,0.29579630573796445,1.2116963952806037,-1.3618680606417848,2.135272099445157,-0.2710302931026176,6.83971165417564,0.9907571904023861,1.071971374389414
0.759218787719182,0.29579630573796445,1.058233248443956,-1.3618680606417848,2.4655245772768297,-0.28693019313786916,6.83971165417564,0.7333754680760839,1.071971374389414
0.759218787719182,0.29579630573796445,1.058233248443956,-0.7058253273813965,2.4655245772768297,-0.28693019313786916,6.83971165417564,-0.5343441559421572,0.976665261669681
0.759218787719182,0.29579630573796445,0.8474699538460136,-1.6576496207907856,2.4655245772768297,-0.1636802366463932,5.040329659439765,0.539979597008733,1.3879540182598182
0.759218787719182,0.29579630573796445,0.5722084348553562,-2.1040734113186392,1.5216248189815726,-0.020682025669485293,4.827261746800612,0.8879642237969207,1.3879540182598182
0.6468759692685497,0.29579630573796445,0.7152360354184452,-2.1040734113186392,1.9251481689213736,-0.8575108703716896,1.5701410261115762,-0.8874556273288947,1.3879540182598182
0.6468759692685497,0.29579630573796445,0.6281050330375729,-0.2635239950206394,0.25666063428459945,-1.021858278022577,0.36802495413595593,-1.58055758074237,1.3879540182598182
0.670121758274347,0.29579630573796445,0.4808948458491203,-1.661912182826902,0.25666063428459945,-1.6485703799826776,0.29729146326753414,-1.58055758074237,1.7463458867567492
0.47864316459996414,0.29579630573796445,0.4808948458491203,-3.6390483230613873,0.3503201541408299,-1.6485703799826776,1.225681546166859,-0.44960416384147806,1.6550735189543948
0.9838652554330194,0.29579630573796445,0.31775188574341934,-2.5072777287438726,0.3503201541408299,-1.3595440040524942,1.225681546166859,-0.49931301238224923,0.558613769193292
0.9838652554330194,0.29579630573796445,0.4110735316406735,-2.675427141435754,1.723454322761839,-1.3595440040524942,0.7157472256819912,-0.6828179568076913,1.8393264740622708
0.9838652554330194,0.6347472041998041,0.41712674712652736,-2.0820109142733942,0.9960661085507885,-1.6212330961174866,0.43931076438313776,1.0081339152311826,1.8393264740622708
0.9838652554330194,0.6347472041998041,0.41712674712652736,-2.3965739980600342,1.6489780188622343,-1.3727327122868072,0.5286915842262733,1.0081339152311826,0.8251686110221419
0.9838652554330194,0.6347472041998041,0.41712674712652736,-3.739411266995152,1.0301102185589077,-1.5935409029847754,0.5286915842262733,-0.4966365936139592,0.7358203764458392
0.9838652554330194,0.6347472041998041,0.41712674712652736,-3.202741758839199,0.498850439177797,-1.5517510697609107,0.5286915842262733,-1.5132089332090952,0.7358203764458392
0.9838652554330194,0.6347472041998041,0.41760207777928704,-2.8019474501272086,0.4147810307493438,-1.0583583452450473,0.5286915842262733,-2.0271608196274133,0.7358203764458392
0.9838652554330194,0.25139053251012117,0.41760207777928704,-0.8889715311062614,0.676536926429202,-2.1229421800020956,0.5286915842262733,-2.9585126636533476,0.382478596708604
0.9838652554330194,0.5036085476008347,0.4238745430107607,-0.8889715311062614,0.676536926429202,-1.818752240251462,0.7907165881644538,-3.437851903651343,0.23260517767070216
1.3234322411564852,0.46271909502662517,0.30533649864774837,-1.03292599369967,0.29634271032134846,-1.066424713010024,0.7907165881644538,-3.2303638130503445,0.2807992395674695
1.3234322411564852,0.2625199978896234,0.3761035212688566,-0.8366129745368642,0.7961186919299419,-1.066424713010024,0.7907165881644538,-3.2303638130503445,0.08481835021432105
0.8932598621216588,0.2625199978896234,0.4561960384240131,-0.8179407321228375,6.724137318488872,-0.014281183487689253,0.7907165881644538,-3.403510572776504,0.10751018178233536
0.7545061284816067,0.7174859580872935,0.609809354427778,-0.1708150326155471,9.549338780485646,-0.014281183487689253,0.7907165881644538,-3.760935120407305,0.10751018178233536
0.7545061284816067,0.23685722059368783,0.609809354427778,0.7584163387705419,1.881557226520802,-0.014281183487689253,0.7907165881644538,-4.182199083527606,0.20545642946906587
0.7545061284816067,0.4097700272855978,0.6783951687637222,-0.0027563710460791757,1.881557226520802,-0.014281183487689253,0.46001003260382056,-3.019932071190211,0.20545642946906587
1.3078965024345484,0.6992528477760781,0.6783951687637222,-1.4627276141793977,1.7553455763744015,0.12139063546539103,0.35319356821962566,-0.7360693018368956,0.20545642946906587
1.3078965024345484,0.531830287965182,0.6783951687637222,-0.840690115865651,0.521857204540134,-0.12177007377369503,0.35319356821962566,-1.8406438337940503,0.20545642946906587
0.9722350537896927,0.531830287965182,0.38488777611510183,-0.040694240690894,1.8362766047963615,-0.12177007377369503,0.35319356821962566,-1.547287636208338,0.20335888988006023
0.9722350537896927,0.531830287965182,0.5523499216654157,0.6995561439352174,1.8362766047963615,0.2695353846444344,0.35319356821962566,-2.111837092805732,0.14274972980243691
0.7697345582945212,0.2974643970386486,0.43637701224657593,1.103373929004672,1.8362766047963615,0.2695353846444344,0.35319356821962566,-1.4034899795433473,0.14274972980243691
0.7697345582945212,0.2974643970386486,0.41488622020511295,0.6070948341455433,0.4484797862997167,-0.17416080718764548,0.35319356821962566,-3.2301576424167218,0.14274972980243691
0.7697345582945212,0.2974643970386486,0.41488622020511295,0.2059116490648647,0.4484797862997167,-0.6647183065547588,1.9236415549365258,-3.583319609232442,0.14274972980243691
0.7557768975907595,0.2974643970386486,0.41488622020511295,0.47927709053189366,0.4484797862997167,-0.5034095922445677,1.2291923780037646,-2.222184851794098,0.14274972980243691
0.37743547223689305,0.7331240596301454,0.41488622020511295,-0.07827717434336706,1.2278529091936528,-0.5866009959097349,1.2291923780037646,-2.252672321070872,0.3224333698411412
0.374924344555551,0.20757511938504256,0.3697087870476491,-0.07827717434336706,0.7738194954466964,-0.9194109415790812,1.5011165318188984,-2.252672321070872,0.3224333698411412
0.30280491646289903,0.20757511938504256,0.39902201852855185,-0.07827717434336706,0.5553229340931238,-1.8729648107869785,1.5011165318188984,-1.1764218940110378,0.3224333698411412
0.30280491646289903,0.40126795662107434,0.37732369655624065,0.16383625499892485,0.8909188157209952,-2.4607134898965928,2.009851501585528,-0.9486365690910467,1.4296610626977662
0.2649383380708521,0.7345789036542425,0.2400870565447734,0.16383625499892485,0.700944875297033,-0.2605630538084345,2.1178531887971865,-0.9486365690910467,0.5646108456398986
0.2649383380708521,0.7345789036542425,0.2400870565447734,0.089079228923179,1.512036366166631,-0.004569661666035452,2.7578614927086598,0.7758945005538386,0.5646108456398986
0.2649383380708521,0.7345789036542425,0.2400870565447734,0.947059665356962,5.086494781413637,-0.1537653142597323,1.7903280549398621,0.7758945005538386,0.29550693988317683
0.2649383380708521,0.7345789036542425,0.2400870565447734,0.19111436806349202,5.2095160144154065,-0.767475643907494,1.7903280549398621,0.7758945005538386,0.5495515823689591
0.2649383380708521,0.7345789036542425,0.18599482262769312,0.19111436806349202,5.143626797983511,0.4691036524004609,0.6318301743121886,1.4292437065058725,0.5495515823689591
0.2649383380708521,0.7345789036542425,0.34589232673179443,0.014085426131432321,4.639339552432704,0.5389736560882066,0.6318301743121886,1.9684429772509944,0.6185061176295976
0.2649383380708521,0.7345789036542425,0.19504903717192293,0.9498778359668181,4.639339552432704,0.7491700948686609,0.33810175160505906,1.712735944515166,0.6185061176295976
0.2649383380708521,0.7345789036542425,0.1924797582992693,2.672199745242321,4.639339552432704,0.4660783396343252,0.1762351896482124,1.712735944515166,1.0071116903393056
0.2649383380708521,0.33131143925162476,0.18624036013833462,2.5126205672349338,4.639339552432704,-0.14228276272621232,0.6107945715335976,1.0426985456441245,1.28571445666381
0.2649383380708521,0.33131143925162476,0.18624036013833462,3.0881217380340975,4.639339552432704,-1.688715347046854,1.4394840003667473,-0.625300087433184,1.28571445666381
0.2777785099237912,0.33131143925162476,0.1556222866875593,2.201518669795875,4.902070760376848,-3.6691767838431066,0.9972814876718515,0.06369403776738058,0.4975998832424478
0.2777785099237912,0.7621707946272482,0.1556222866875593,2.201518669795875,4.902070760376848,-3.904192116827159,1.2644261396190948,-0.6844405432570194,1.3731403192154301
0.2777785099237912,0.38438017143389147,0.1556222866875593,1.8390675797599363,2.1328377124984392,-4.988280969830616,1.1971867878626303,1.5260194486815353,3.76538593603595
0.2777785099237912,0.38438017143389147,0.18758178491171332,1.8390675797599363,0.6495904360517208,-4.983177514660766,1.1971867878626303,1.0230134072823098,3.76538593603595
0.2777785099237912,0.38438017143389147,0.19064698225555252,1.0628557572632564,0.6495904360517208,-4.9770748691306315,1.7936293215234274,1.0230134072823098,3.76538593603595
0.2777785099237912,0.38438017143389147,0.2112187594052296,1.9896672304526999,0.8468636291756789,-3.499539280909582,1.7936293215234274,-0.23564587331641218,3.76538593603595
0.2777785099237912,0.38438017143389147,0.2112187594052296,2.4716215889331536,0.6843900044058844,-3.4935822420061515,2.6085006392313455,-0.8052626241915846,3.2102227260608656
0.2777785099237912,0.38438017143389147,0.2112187594052296,2.8034165507804008,1.0271095850548437,-3.6235578305181106,1.9118620578608732,-1.9538032050895913,2.6758952083208856
0.2777785099237912,0.38438017143389147,0.2112187594052296,3.283262228581854,1.871927688958705,-3.3901474455263543,1.5874452251539855,-2.28234350099097,3.060448054758527
0.6372458967927442,0.38438017143389147,0.07049184883984429,3.3202930313626635,1.6233985795688548,-2.707373587404529,1.5874452251539855,-2.1575058511313485,0.6509304637114638
0.3923809032388011,0.41937886232226174,0.07049184883984429,1.970670211839952,1.6233985795688548,-5.578324918909599,0.9597921223519442,-2.7732059427746405,0.5842785786952186
0.28690438279337965,0.3054185903230211,0.12579197745724946,1.970670211839952,1.6233985795688548,-5.61465223506435,4.292629531935534,-2.810782296893366,2.070107557630291
0.28690438279337965,0.3081161115446511,0.1265183607080984,2.414591781546791,1.6233985795688548,-4.528749011964818,4.292629531935534,-0.7215071808254931,1.3276743790702128
0.5896838969673805,0.38042311491728276,0.09868891802266916,1.879628256559682,1.6233985795688548,-3.0306305655116783,4.292629531935534,-0.6344529364268328,1.3276743790702128
0.5896838969673805,0.38042311491728276,0.10482357082081814,1.7372387551090593,0.5384592807233644,-2.701887798642005,4.292629531935534,-0.07837470773883404,1.3276743790702128
0.5896838969673805,0.2630810151372587,0.10482357082081814,1.7068324546255917,0.47975454561694425,-0.4812729109854508,4.371525730025381,1.256667667380193,1.3276743790702128
0.5896838969673805,0.2630810151372587,0.13804342772264752,2.1480050007992473,0.4271727541470732,0.08636602825433659,4.371525730025381,1.3801376932187162,1.3276743790702128
0.5896838969673805,0.3918224223508146,0.13804342772264752,2.8624002577277676,0.4271727541470732,-0.40751303159289776,4.386752536961311,1.4563450965703126,1.8186277790838246
0.3774093511792808,0.6236498254650444,0.13804342772264752,1.4954957163706524,0.4271727541470732,0.6022080568614901,4.211164212691665,1.1742227426005156,1.5997837856418147
0.3774093511792808,0.4656996375015927,0.14908226656504805,0.729308265871496,1.1391157293165426,0.2681444760241384,2.329308155540345,0.9342823145855839,1.3075073311036272
0.3774093511792808,0.4656996375015927,0.1495376455800126,1.9675815024842254,1.1391157293165426,1.3816836108179835,0.6447220296389826,0.9671470594681663,1.0456706640639173
0.3774093511792808,0.25011845855802983,0.1467197425511726,3.5055417152213124,0.4421281105322664,1.5079404279890818,0.2583896736245696,0.2724541781937352,2.1149506989161924
0.40178739808132935,0.48256879344126596,0.1467197425511726,1.9646927744889802,0.4421281105322664,1.0286753242973323,0.4493738455855343,0.22553558349917574,0.4871346900460726
0.40178739808132935,0.5927739838410059,0.1467197425511726,1.6185462066270782,0.4971826870220461,0.18699597837896675,0.4459209110837779,0.22553558349917574,0.19569549261279465
0.14342146976069875,0.12624036750615045,0.1467197425511726,1.6185462066270782,0.6114009755399848,1.9753882761887729,0.4459209110837779,-0.3551046748966737,0.16809289998512578
0.2676826427444431,0.1879617502945126,0.2185406809327605,0.8347026409488532,1.8093554356945405,1.2677085065601839,0.4459209110837779,0.28924028998635404,0.1243566131625627
0.2716105768443487,0.1879617502945126,0.2185406809327605,0.5763418284840796,3.2488294730835263,2.4258653827017573,0.3012038153822285,2.1204681225139463,0.3625518231386054
0.2716105768443487,0.1879617502945126,0.2397592906920696,0.6139317235250407,4.259200013833302,2.4826063746856555,0.3012038153822285,-0.03253517787153237,0.6780476153078138
0.3271563772447375,0.1879617502945126,0.27262503209161826,-0.38077576842466276,4.259200013833302,3.2959402455803373,0.8979079046638336,-1.4403671125727073,0.9942798674977659
0.3271563772447375,0.3014618108332976,0.27262503209161826,-0.926144665869787,1.2459072679442778,3.124579689013482,0.8671442269065475,-1.629356808303859,2.0394348372863207
0.6782060949133788,0.30278369801119553,0.33412979361529677,-0.8629093360517255,1.2459072679442778,3.297773622260341,1.1706923678104566,-1.629356808303859,2.4138139506286596
0.6782060949133788,0.2483316329578687,0.34803881104026296,-1.6608199425071248,1.2459072679442778,3.297773622260341,1.1440772705689037,-1.629356808303859,2.4138139506286596
1.0359982009697015,0.24848789881384814,0.3588416211696847,-1.5330706525727673,1.2459072679442778,3.0366962185354964,0.6413729162591371,-1.629356808303859,2.4138139506286596
0.5232084889554192,0.14150582892048896,0.3588416211696847,-1.0246178819495526,0.26800184518406367,3.6022828180585673,2.2163423796954302,-1.629356808303859,2.726279245978628
0.5232084889554192,0.6421212837881191,0.3588416211696847,-0.6621468766214718,0.26800184518406367,3.375556727075647,1.0350766762760828,-1.629356808303859,2.726279245978628
0.5232084889554192,0.6421212837881191,0.3219894632581675,0.40569901817984455,0.3296591462767194,2.855263913330316,1.0350766762760828,-2.3999919378269063,2.375587268654052
0.5232084889554192,0.2878684062719028,0.5128809625602411,2.565897115467214,1.1906689451670533,2.855263913330316,0.7676237102194524,-2.3999919378269063,1.1872696490779509
0.5232084889554192,0.2878684062719028,0.6521331484330981,1.9906026974792743,1.1906689451670533,2.42199684441328,0.1508692658684757,-2.3999919378269063,1.1872696490779509
0.47700250568779784,0.7071867962651254,0.6521331484330981,0.177200013953269,0.5062863720377327,2.0597421493464134,0.17069502272427078,-1.7528020900454464,1.0066830117438483
0.47700250568779784,0.7071867962651254,0.6521331484330981,-0.13732956036495392,0.6861926822798164,2.0597421493464134,0.28370356391592305,-0.9327705620994049,1.0066830117438483
0.45123644860748235,0.3640187688084156,0.6521331484330981,0.733470818313321,0.5576409174229517,2.0597421493464134,0.2724707126904231,-0.9327705620994049,0.507291056919248
0.45123644860748235,0.3640187688084156,0.6521331484330981,0.906767048840946,0.5576409174229517,2.0597421493464134,1.062375300022107,0.7035825191433718,0.507291056919248
0.4583393154201938,0.3640187688084156,0.31944269165011996,0.906767048840946,0.5193805005571726,1.4110526983969147,1.062375300022107,0.8223346465145108,1.2479171895928252
0.4583393154201938,0.548440836509202,0.31944269165011996,0.31352774186873156,0.20077585421598743,0.5723183260159672,3.303023048708105,-0.06773665173641907,4.581366365995535
0.4970873217686962,0.23255999918637293,0.7222847465940716,0.6913609507982165,0.41432215299154834,-0.596956146135682,3.303023048708105,-0.06773665173641907,4.581366365995535
0.4970873217686962,0.23255999918637293,0.4546021865771744,0.6913609507982165,0.184009408322485,-1.4308203141460005,0.9635225607021423,0.0013659545948325191,3.698600343235837
0.4970873217686962,0.23255999918637293,0.4546021865771744,0.6913609507982165,0.184009408322485,-1.0055903193104667,0.9635225607021423,0.0013659545948325191,0.7712743824085687
0.4253151527215409,0.23255999918637293,0.5665639870806262,0.6913609507982165,0.39095179788544526,-1.0055903193104667,1.4480603003297416,0.0013659545948325191,0.7712743824085687
0.4253151527215409,0.23714054349192057,0.5665639870806262,0.6913609507982165,0.41942023196813444,1.2341089614534075,2.889351657551406,0.0013659545948325191,0.7712743824085687
0.4253151527215409,0.23714054349192057,0.5665639870806262,0.6913609507982165,0.4260661257579463,1.2341089614534075,0.5896514945485404,0.0013659545948325191,1.1554036534786098
0.4253151527215409,0.23714054349192057,0.5665639870806262,0.10814511428933582,0.5559514262057627,0.32525997710094035,0.5896514945485404,0.0013659545948325191,0.5347649499946343
0.4253151527215409,0.23714054349192057,0.5617478033386777,0.5525296941337159,1.1552838302913495,0.9784979893036558,2.1038458797572197,0.0013659545948325191,0.5347649499946343
0.4253151527215409,0.2113968249069804,0.296357204713804,-0.006716820305594506,1.6691336296573738,0.5184355086215815,3.130860205284896,0.0013659545948325191,0.5347649499946343
0.25704129754385274,0.2113968249069804,0.296357204713804,-0.006716820305594506,0.9333481441671825,0.5184355086215815,4.580833774439873,0.0013659545948325191,1.8901930254307708
0.20467016409740443,0.2113968249069804,0.4353733654542529,-0.006716820305594506,1.8673543844488134,0.42697939922717126,4.580833774439873,0.0013659545948325191,2.05230410509277
0.19184128622756322,0.18016899235698736,0.4353733654542529,-0.006716820305594506,2.3732412360392208,-0.2773042015675485,3.9797977605411603,0.0013659545948325191,2.05230410509277
0.30403917929554325,0.18016899235698736,0.2868221432893931,-0.006716820305594506,2.3732412360392208,0.156762996077685,1.9722342856418755,0.6232434088745957,1.2199981813247693
0.30403917929554325,0.27426407674232145,0.3272318011230527,-0.006716820305594506,1.0496172160875337,0.156762996077685,1.9722342856418755,0.6814843472956058,0.3236104659820432
0.30403917929554325,0.5922854480113803,0.3272318011230527,-0.006716820305594506,1.633785436210634,0.3829031916720591,0.533264448709104,0.9316791964983004,0.3236104659820432
0.30403917929554325,0.27325354329117824,0.32291935870090455,-0.006716820305594506,2.503545263242553,0.3829031916720591,0.533264448709104,0.9316791964983004,0.3236104659820432
0.4550698114981184,0.27325354329117824,0.32291935870090455,-0.006716820305594506,2.503545263242553,-1.2974372066966189,0.533264448709104,0.5317358812260109,0.3236104659820432
0.4550698114981184,0.27325354329117824,0.3486495876222036,0.29432139847260586,1.2938892456307143,-0.41037395830284795,0.533264448709104,0.2048583445998048,0.3236104659820432
0.4550698114981184,0.27325354329117824,0.3486495876222036,0.29432139847260586,1.1801466623899697,-1.035252732699269,0.6283335882971961,-0.50804765982169,1.131068970837241
0.3958867065271684,0.27325354329117824,0.3443626347212,-0.18165815626063808,0.8627933537303943,-1.3438415420089587,0.6283335882971961,-0.41967330968371896,1.131068970837241
0.3958867065271684,0.27325354329117824,0.3443626347212,-0.19065062272320654,0.5951393884405572,-1.3438415420089587,0.815603752607113,-0.7199102877679273,1.131068970837241
0.5317242407125162,0.27325354329117824,0.3443626347212,-0.31241042245172324,0.39679355445056824,0.7307894109848447,0.9091670996866033,-1.0173352362572592,1.1927298502244463
0.23868533993256258,0.4151795156820128,0.3443626347212,-0.31241042245172324,0.28904287779940585,0.7307894109848447,2.1364788921912528,-1.0173352362572592,1.1153061546715208
0.23868533993256258,0.4151795156820128,0.462931584938016,-0.22680693843473593,0.3633096048608151,0.6165549618750802,1.127240587512908,-1.074553252098543,1.5593715234518113
0.4329685376056602,0.4151795156820128,0.5459112151746192,-0.22680693843473593,0.9846024375646641,0.594139961531751,1.127240587512908,-2.7528810868622067,0.7609665339290745
0.2520544695870644,0.4151795156820128,0.6069286931942585,-0.22680693843473593,0.39494117246327587,0.594139961531751,1.127240587512908,-2.7528810868622067,0.7609665339290745
0.2520544695870644,0.34926784606910477,0.6069286931942585,0.7267334531170213,0.36717224955018984,0.594139961531751,1.127240587512908,-2.3056734649282364,0.6727544839567908
0.2520544695870644,0.30607157927198403,0.3964081421197878,0.7267334531170213,0.8567223849318489,0.594139961531751,1.127240587512908,-2.3056734649282364,0.6727544839567908
0.4923607513233514,0.30607157927198403,0.3964081421197878,0.17698557689448102,0.8567223849318489,-0.04043854774367972,1.0488673510998234,-1.974825149836497,0.6727544839567908
0.4923607513233514,0.29025586186473296,0.3027145758673614,0.2640268531864839,0.6368908406962864,-0.04043854774367972,0.2711828985362192,-1.4379345542485997,2.9605026466624467
0.4923607513233514,0.29025586186473296,0.3027145758673614,-0.29283926634282575,3.0078266039857158,-0.46080426562871785,1.562285517320848,-1.3285946068463519,2.9605026466624467
0.4923607513233514,0.2171497126151965,0.313904415931967,-0.29283926634282575,3.0078266039857158,-0.46080426562871785,2.7375359289077457,-0.6888709125376788,1.5456888839118756
0.4923607513233514,0.46461975562530594,0.313904415931967,-0.29283926634282575,3.0078266039857158,-0.46080426562871785,2.297252105888946,-1.348105201186002,0.8636389231220857
0.46283397542069465,0.46461975562530594,0.313904415931967,0.3819361980371123,1.8691238844252984,-0.46080426562871785,0.9237473511963509,-0.972916107244371,1.3077648424554738
0.46283397542069465,0.5028081694528901,0.35114376692766863,-0.8411103463662755,2.2624858916640687,0.16939237533897172,0.833948207524249,-1.5248494217220516,1.7526006996282764
0.2556606616154886,1.1058752310097808,0.35114376692766863,-0.8411103463662755,2.2624858916640687,0.16939237533897172,0.833948207524249,-1.8666126824867284,1.11602744151559
0.2556606616154886,1.1944427106703603,0.35114376692766863,-1.1010488395520022,5.207007940348437,0.2304346300214821,1.2812162238430453,-1.8666126824867284,3.1910470691184987
0.2556606616154886,1.1944427106703603,0.35114376692766863,-0.9057784594647396,2.609193613598527,0.27923480975327697,0.8836863584526169,-0.5821750562447838,3.997969244602148
0.2556606616154886,1.3500857047281931,0.35114376692766863,-0.9572110125211806,3.6028359897701794,-0.33804088011052025,0.8836863584526169,0.613849032488488,4.29267461062029
0.1953215062615406,1.1346536636773108,0.35114376692766863,-0.753541859863076,1.3770018286744357,-0.9147060767930449,0.8836863584526169,0.613849032488488,4.29267461062029
0.24960601105443425,1.1346536636773108,0.35114376692766863,-1.2884554901952479,1.3558121852935847,-0.9147060767930449,2.2782007155280555,0.613849032488488,4.179835068831475
0.24960601105443425,0.41532821771152867,0.35114376692766863,-0.6085118987690287,0.35355335785112085,-1.3860988099064455,2.4334906694496214,0.613849032488488,10.72106884717952
0.24960601105443425,0.3966573411310961,0.35114376692766863,-1.3762755440790522,0.9494895823647059,-0.5295846566003584,3.5603911115185594,-0.6697926830946213,3.6474536056319855
0.21998759217414193,0.2688580582556775,0.35114376692766863,-1.5570942500948326,0.2715331161747992,-0.5614961156404669,1.1152397270520766,-1.0339623557371183,3.349803313936112
0.31312890576840896,0.7014875981702002,0.35114376692766863,-1.4077617898111239,0.5901579537628628,0.7289353434914624,2.1657561289413705,0.8993858036321676,3.349803313936112
0.31312890576840896,0.7014875981702002,0.35114376692766863,-0.6666039763217627,1.119153984968128,0.8101773479969812,0.17770907360938465,0.8514792472153785,4.376417318130592
0.31312890576840896,0.9029892748107308,0.35114376692766863,-0.3322121851325489,0.9290314164614247,-0.25525353626844893,0.19527520616742094,0.8514792472153785,3.192795779327686
0.3649321591286195,0.9029892748107308,0.4016161959679599,0.016543077524274696,2.0318576647365134,-1.333473862581058,0.32476155372366255,-0.8730365347452202,0.7005243648522858
0.3649321591286195,0.9029892748107308,0.4991724603245119,-0.3243103956911556,0.8448412297790271,-1.333473862581058,0.5065824585663283,-1.084221531003338,0.7906123207785707
0.3649321591286195,0.5310138392285464,0.4991724603245119,-0.3243103956911556,0.8684453211319805,-1.333473862581058,0.5065824585663283,-1.3244737237766129,2.328246958743983
0.3649321591286195,0.5310138392285464,0.4991724603245119,0.672013231342334,1.2284900749774734,-1.6650303136510123,1.0170321890426766,-1.2295672883157425,1.0997811427346287
0.3649321591286195,0.5342765993878674,0.4647592019761977,0.1612298334002591,1.3077000013888462,-1.6650303136510123,2.684849494524278,-0.44648716350414064,1.8163746889602064
0.3649321591286195,0.5342765993878674,0.5309966117592245,0.3715989487389354,1.7848402842103845,-1.6650303136510123,1.9909752169148986,-0.3275489010827429,0.8115953420642632
0.3649321591286195,0.589349792015524,0.5652943560021809,0.6350951123300956,0.5918950557180107,-0.7808783748828384,1.9909752169148986,-0.4354231485002759,0.8115953420642632
0.2688128916117242,0.25778348507241944,0.5652943560021809,0.6350951123300956,0.47293825669270245,-0.38855164934762054,3.2770791080010646,-0.7949381161984296,0.4724574553998689
0.31367456588933434,0.25778348507241944,0.7063639373883203,0.6635889502034359,0.47293825669270245,-0.38855164934762054,0.8644946991295503,0.33969720194082187,0.4724574553998689
0.2121840490828813,0.20450792494253758,0.7063639373883203,-0.021065434401621008,0.47293825669270245,0.1369710924756372,0.41558491848408247,0.33969720194082187,0.4724574553998689
0.2121840490828813,0.20450792494253758,0.7063639373883203,-0.021065434401621008,0.4284970558807843,0.31393640517459087,0.41558491848408247,0.33969720194082187,0.44155025696698386
0.15239041966302197,0.2411365366562569,0.67456574596761,-0.021065434401621008,0.1355231543656891,0.3892517359962373,0.41558491848408247,0.33969720194082187,0.4686857155801598
0.15239041966302197,0.45754119456225206,0.67456574596761,-0.021065434401621008,0.20863552260068624,0.3892517359962373,0.4897108182292134,0.019801805542872863,1.7438008570176549
0.12569527370414874,0.233995480251474,0.4724739514897433,-0.8706327051307711,0.05987833875619545,0.3892517359962373,0.4132015883348824,0.019801805542872863,1.7328267512246325
0.12569527370414874,0.622402597734269,0.5114778138860514,0.4115713952378247,0.31024133821003436,0.3892517359962373,0.4306903081869976,0.019801805542872863,1.4704854212192349
0.10818235431266537,0.622402597734269,0.5114778138860514,0.4115713952378247,0.1937386690912415,-0.13942243183736713,0.4306903081869976,0.019801805542872863,1.4704854212192349
0.15640864936019253,0.622402597734269,0.34293432061582046,0.4115713952378247,0.3558764660505549,-0.13942243183736713,0.4811615004383625,0.1226573231135237,1.4704854212192349
0.15640864936019253,0.622402597734269,0.34293432061582046,-0.6947144506955306,0.6195206852261478,0.1947666910073892,0.6561324094790553,-0.7548253787740862,1.4704854212192349
0.15640864936019253,0.622402597734269,0.34293432061582046,-0.6947144506955306,0.24666441880459883,0.1947666910073892,0.29080259373829204,0.48130646095972085,1.4704854212192349
0.14904050154994616,0.36724635432973135,0.34747294342259477,0.39673727698924555,0.24666441880459883,-0.30075742463275157,0.4906464596677693,0.48130646095972085,1.0795461712879526
0.14904050154994616,0.4146220700441065,0.34747294342259477,0.39673727698924555,0.5293570247429389,-0.30075742463275157,1.3150361291299182,0.48130646095972085,1.0795461712879526
0.14904050154994616,0.19569542317554847,0.34747294342259477,0.670038359620901,0.5669288317028965,-0.30075742463275157,0.32249232734216254,-0.11511109825653909,1.112546831132388
0.10110920649624136,0.7304410927624414,0.34025393705940243,0.670038359620901,0.6604546519568925,-0.41428689813966435,0.5650100675223665,-0.11511109825653909,1.987374736627206
0.47029013389141555,1.5952252895398116,0.29304919975369376,1.1833528047578374,0.6604546519568925,0.33047807816220964,3.402171689443204,-0.11511109825653909,1.2258356671475183
0.47029013389141555,0.44051457637389346,0.3215977750643192,1.1833528047578374,3.6768384756600065,0.7074329711946934,1.5393092635148127,-0.11511109825653909,2.629371284211255
0.6038303268261186,0.44051457637389346,0.3215977750643192,1.8875961625778137,0.5967692429832068,1.2701612878206987,2.5771178494385842,-0.8932595574656308,2.171274460292727
0.6038303268261186,0.8497420079946638,0.3215977750643192,2.2059330667436745,0.5967692429832068,0.7093170452397595,1.5818279853564619,-1.5076455119236334,2.171274460292727
0.530891551946698,0.25501150186943977,0.3215977750643192,0.6402711486100992,0.5967692429832068,-0.9146094444687269,1.2586049453848045,-1.3888599556523502,1.1483255289143532
0.530891551946698,0.25501150186943977,0.3215977750643192,1.5560832422421447,0.5967692429832068,-0.3435946265712254,1.2586049453848045,-1.3888599556523502,0.7236075417020768
0.5805788821992847,0.1776689976463008,0.37318084100955334,0.12685449491758005,3.9597281604274106,-0.8573066785331589,0.675512439767933,-0.31891569026184174,0.7236075417020768
0.536389193830316,0.1776689976463008,0.37318084100955334,0.12685449491758005,1.954288717684568,-0.8573066785331589,1.7656727594127044,0.20320713480839292,1.4747118408394453
0.7788632220013393,0.1881498465084038,0.37318084100955334,0.12685449491758005,1.954288717684568,-1.5551115863194411,0.9072945827488403,-0.2033759422100619,0.7150524616777549
0.42611015033830446,0.15306198607308866,0.37318084100955334,0.12685449491758005,1.954288717684568,-0.39212978019785916,1.0609799217287177,0.11462590049739485,0.7150524616777549
0.42611015033830446,0.15306198607308866,0.2786629518513706,-1.3426854013769844,1.444388338237824,-0.8818316234599448,1.0609799217287177,-0.7677542812450234,0.8665320563521939
0.42611015033830446,0.9336438990587547,0.32898051563066893,-1.2814289881040601,1.0542376690289148,-0.8818316234599448,1.349479344966283,-1.1973749169617993,0.3763116437428246
0.42611015033830446,1.0231863031270667,0.32898051563066893,-1.8187721278377147,1.1300960651940974,-0.14611358632072602,2.8698735361641807,-1.878474864613953,2.847654141478018
0.42611015033830446,0.4615101142014657,0.24493063648343527,-1.8187721278377147,1.9973147729713903,0.8418961687257192,2.59409016445565,-0.6215037569308595,2.847654141478018
0.4050601417471646,0.173297976806892,0.34404842546463094,-0.6139286210289616,1.0429266071594006,1.0400477090156834,2.59409016445565,-0.29384445134953285,2.847654141478018
0.4050601417471646,0.173297976806892,0.34404842546463094,-0.6139286210289616,1.3171852663357373,-0.38066632436362613,2.59409016445565,-0.2487891093440164,1.2351475272182528
0.4050601417471646,0.11899980376162132,0.34404842546463094,-0.6139286210289616,0.7455782344407236,0.520118855303002,2.191151740901429,-0.8426470085452819,0.723154434419363
0.23797637787312387,0.14447048410764182,0.34404842546463094,-1.088388455189679,1.1743860486181084,-0.9321563627179569,0.4513615462663127,-0.8426470085452819,2.114732701935794
0.3195149662307088,1.0444870049450488,0.34404842546463094,0.3177568778216644,1.4293695512133866,-1.2323607649962394,0.22801914888735542,-0.8393388770691942,1.5725276622898614
0.3195149662307088,0.9180503210040083,0.2559460130570152,1.0054639478005774,1.435664767263046,0.17517715763714947,1.0568374134430956,-0.12509916583588432,1.5039951355254286
0.3195149662307088,0.9180503210040083,0.2559460130570152,0.783416541991455,1.4669903315450155,-0.4749444411775118,0.23452278397051934,-0.12509916583588432,1.5039951355254286
0.3195149662307088,0.6734318856195922,0.2559460130570152,1.15707311049468,0.249682480035542,0.6255879197828581,0.23452278397051934,-0.12509916583588432,0.8076642434237847
0.3195149662307088,0.6749632731910972,0.2559460130570152,1.0174778877555402,0.249682480035542,2.048818768936953,0.2884856672524606,-0.2206916047357276,0.8142349081715639
0.3195149662307088,0.6749632731910972,0.27999167292676425,0.9302565396884366,0.249682480035542,2.048818768936953,0.7169916719921097,-0.27886637513741863,0.6466395716677973
0.35761281247992444,0.2601551752485649,0.27999167292676425,0.8093838832828918,1.4735527356008506,1.254607458108656,0.7169916719921097,-0.3191274845653353,0.48054214703031795
0.35761281247992444,0.19881662023227795,0.27999167292676425,0.49517427398773656,0.9191103277577306,1.254607458108656,0.7983218495405822,-0.26386438136717627,3.497534292550185
0.35761281247992444,0.19881662023227795,0.3666109410752066,1.0358353438359407,0.9191103277577306,0.6839963384128936,0.42876223829493565,-1.182066876723587,2.8365255953852038
0.35761281247992444,0.41107960545466143,0.3193558453628706,1.0358353438359407,0.9179581906099229,-0.20654917097555203,0.4072467340822753,-1.4691316585249612,2.9052439230201816
0.16283844121082766,0.41107960545466143,0.3313171449217975,1.0358353438359407,0.9336538501294481,-0.20654917097555203,0.4072467340822753,-1.4691316585249612,4.95630690785349
0.25269880090070385,0.2011219420220706,0.3313171449217975,-0.18581282536365928,1.7938927364418664,-0.20654917097555203,2.6379953146178945,-1.8697153826190533,4.95630690785349
0.2067490403715133,0.4172164972744435,0.3313171449217975,-1.9250530734395674,1.7108337684851191,0.26013756011170597,2.254862727092665,-1.8697153826190533,12.546645529283914
0.2067490403715133,0.4172164972744435,0.3313171449217975,-1.2423307163843265,1.7108337684851191,0.3707693475289633,2.254862727092665,-0.783443967715717,12.546645529283914
0.2067490403715133,0.3778206908373774,0.28961716547256044,-1.4381047589236318,1.7108337684851191,0.3707693475289633,2.254862727092665,-1.7749655146475511,5.149938734600347
0.2067490403715133,0.2536397672201552,0.22336135280273667,-1.4381047589236318,1.796076986752346,0.3707693475289633,2.254862727092665,-1.7749655146475511,12.274746465489535
0.2252559700967772,0.6561457412615828,0.22336135280273667,-1.4381047589236318,0.5708096315036449,0.3707693475289633,2.254862727092665,-1.5989067142872149,17.091160272072692
0.1925161687140028,0.8500446751923676,0.19270743859618192,-1.4381047589236318,1.3627424300608595,0.27074215689125425,3.2136332592447947,-0.13876353985915602,20.73525012089911
0.1925161687140028,0.8500446751923676,0.4036523012142193,0.33372209764616945,1.4041540240934913,0.6323471536343581,3.2136332592447947,-0.3590504607824293,2.5972546880422733
0.1925161687140028,0.8500446751923676,0.4036523012142193,-0.16131431326777834,0.8569400522530016,0.18653233823758492,0.44100396795755104,-0.83543687737313,2.5972546880422733
0.1925161687140028,0.8981735631859001,0.4162526116275852,-0.16131431326777834,0.7797439768356381,0.18653233823758492,0.7551933940349042,-0.83543687737313,4.1282303878265845
0.1925161687140028,0.7403780489149088,0.32250274495941067,1.0160679539585724,1.4401154844820692,0.5415870863665305,0.6590470793014579,-0.83543687737313,0.5953355805841263
0.1925161687140028,0.923491108456954,0.32250274495941067,-0.44494822674811174,1.2848174704523954,0.5415870863665305,1.866610914387999,0.860592372912697,0.5953355805841263
0.3106588739971875,0.5084777259760449,0.38640476406931146,-0.5194531055882355,1.2848174704523954,-1.1539993923697618,1.866610914387999,-0.2613350427610779,0.7801129173121183
0.3106588739971875,0.5084777259760449,0.38640476406931146,-0.5194531055882355,0.8619201138891034,-1.1539993923697618,1.866610914387999,-0.781190263023016,1.0677368526538633
0.2739709347625843,0.17900510579231016,0.38640476406931146,0.4255860282276366,1.1501814300412192,-1.9027469394206937,2.2704053528598163,-0.781190263023016,1.0677368526538633
0.2889064675118515,1.0457027642183936,0.38640476406931146,0.45580202847336887,0.35701762957250077,-3.4174088338077353,1.4796716932240426,0.5963775385430062,1.4816088331543118
0.3606766543901309,1.0457027642183936,0.35396839691198945,0.45580202847336887,0.35701762957250077,-2.864664251140206,3.0355568558852024,0.07784100544742145,15.068455271852478
0.3606766543901309,0.49494092727081707,0.430976318718459,0.27302114701889435,2.8404634337517303,-3.578462571383988,3.0355568558852024,-1.1171385843551844,4.5239134052967325
0.3606766543901309,0.49494092727081707,0.430976318718459,-0.20832712167439615,1.4474742786872632,-4.008550655441968,1.219883806959947,-1.1171385843551844,4.5239134052967325
0.3606766543901309,0.933856181468483,0.430976318718459,0.8593131119382035,1.812572163969178,-4.4628104027762046,0.7929526660574319,-1.1171385843551844,10.24623144578495
0.3606766543901309,0.39875761373372176,0.3196114159280611,0.8593131119382035,0.3930050189201949,-0.8478052719321165,0.19200745140268904,-0.4908160106966528,13.177493702053928
0.2843743253060755,0.621074952430133,0.3315311707660971,0.6095742381048507,0.5185079785433115,-0.26498556039115584,0.5043675972673243,-0.4908160106966528,13.177493702053928
0.2843743253060755,0.9821589556809363,0.20976927771457818,0.6095742381048507,0.5185079785433115,-0.04987805863781322,1.8362270770289895,-1.0388010152041134,13.177493702053928
0.2843743253060755,0.9821589556809363,0.41503239540608544,-0.45497502878553375,0.5185079785433115,0.08018440793722023,4.385714456921718,0.18286121912199782,13.177493702053928
0.41225581817027557,1.0177239155086075,0.41584809287115115,-0.45497502878553375,0.5185079785433115,-1.8179995124803807,3.4834205956426243,-0.9923052503719962,13.177493702053928
0.41225581817027557,1.0264723529748279,0.41584809287115115,-0.45497502878553375,0.11600956289704009,-1.907737970938014,4.228711103514345,-0.2717001981199053,13.177493702053928
0.41225581817027557,0.7135103685625782,0.7326466591373049,-0.45497502878553375,0.11600956289704009,-1.1487819450720211,1.770726861865868,-0.2717001981199053,4.2495389609092955
0.2839900280907798,0.7135103685625782,0.7326466591373049,0.023605917900480444,0.11600956289704009,-1.1487819450720211,1.6620635577648915,-0.2717001981199053,2.6321712947622755
0.2839900280907798,0.3696337740387661,0.6233066115261164,0.06304488160178423,0.11600956289704009,-1.1485183591089927,1.6620635577648915,0.8645156466788183,2.3757870357383766
0.2839900280907798,0.3696337740387661,0.5118931821980407,0.06304488160178423,0.11361610765251759,-1.1485183591089927,5.740820799964509,0.8645156466788183,1.2356502644348732
0.2839900280907798,0.3696337740387661,0.5275042496726621,-0.14758036131890032,0.6172271977080217,-0.28264322368617034,5.818739817275046,0.19770911771165134,1.2356502644348732
0.2839900280907798,0.5869444867119357,0.5275042496726621,-0.14758036131890032,0.5511387094368541,-0.28264322368617034,1.720519864916128,0.5807967752614922,0.8970779072948099
0.2839900280907798,0.5869444867119357,0.5275042496726621,0.3898483768919031,0.5511387094368541,-0.28264322368617034,0.964067454243383,-0.05676641515808101,0.9977663730383224
0.2839900280907798,0.6718333873279053,0.5275042496726621,0.3898483768919031,0.5511387094368541,-0.19873299330523003,0.964067454243383,-1.1090713078602716,1.1921136842067728
0.2839900280907798,0.5234293998217523,0.3445635894735735,0.3898483768919031,0.22345425125166746,-0.19873299330523003,1.0399110581058768,-1.1784878124947764,0.5541032572407074
0.2839900280907798,0.5234293998217523,0.4366886587880497,0.3898483768919031,0.22345425125166746,-0.19873299330523003,1.8109893041854608,-0.22404231500236738,1.1920538176667752
0.41922690102510196,0.5234293998217523,0.4986887897343167,-0.014749376841429962,0.22345425125166746,-0.19873299330523003,0.9819163767687662,-0.9043452357940962,1.1920538176667752
0.41922690102510196,0.5854512188643592,0.6260395620060352,-0.6053999510893087,0.43786522212477297,-0.19873299330523003,1.9107728154909644,-0.9043452357940962,0.5795837470544991
0.41922690102510196,0.2190447095371934,0.6260395620060352,-0.8870645789828264,0.489103175239004,-0.10771994567839663,1.5111402006693888,-0.9043452357940962,0.3116266987960466
0.2801008235264098,0.2190447095371934,0.6260395620060352,-0.12222312330208285,2.251982477789366,0.06743134935570982,1.5200938320200337,0.1850103795729816,0.6079357814018242
0.2801008235264098,0.20449526208916285,0.39601550869897706,-0.05719140826597559,2.251982477789366,0.06743134935570982,0.434180058704157,0.1850103795729816,0.400832948493695
0.11832561700376922,0.20449526208916285,0.39601550869897706,-0.05719140826597559,3.680513444588777,0.06743134935570982,0.1330195823398235,0.1850103795729816,0.4937798222184001
0.11832561700376922,0.20449526208916285,0.39601550869897706,-0.05719140826597559,1.3830710590781337,0.06743134935570982,0.1330195823398235,0.1850103795729816,0.37126801136688153
0.11832561700376922,0.20449526208916285,0.39601550869897706,-0.05719140826597559,1.2901689787173316,0.06743134935570982,0.062693626721032,-0.16661343985773075,1.1402873211549327
0.11832561700376922,1.0669760706161922,0.39601550869897706,0.11533445546738062,1.2901689787173316,0.4407964677265431,0.3164855487642935,0.630167647858789,1.6036491915557511
0.35948658316762827,1.0669760706161922,0.39601550869897706,-0.842323911833008,4.4490212016752455,1.5436882368214264,0.415618695634516,0.630167647858789,1.6036491915557511
0.35948658316762827,0.5857698485321534,0.4042933756984092,-1.9536081105353142,4.384808462797565,0.9516318087663443,1.1766848194110373,0.4147852851359495,1.6036491915557511
0.35948658316762827,0.5857698485321534,0.4042933756984092,-0.5526800076909679,4.384808462797565,-0.7309581993022346,1.1766848194110373,1.7814557114273708,1.3724198110687416
0.35948658316762827,0.5857698485321534,0.4042933756984092,-0.2983161729455078,4.239548121065049,-0.7309581993022346,1.1766848194110373,1.8342033505598374,0.3636568383569284
0.35948658316762827,0.3424122353696917,0.4042933756984092,-0.2983161729455078,6.096316041088944,-0.7309581993022346,5.01705450005143,1.0113829471887117,0.4861904759558696
0.35948658316762827,0.47066150567958054,0.4042933756984092,-0.48887791632231387,6.493374879934201,0.13588444087510965,3.2788950892831297,0.34751762412136744,0.4861904759558696
0.35948658316762827,0.5440085313310699,0.28773115870416927,-0.17255146125401571,2.022654885172054,-0.12743898972579393,4.193877356066773,1.263193983402799,0.4861904759558696
0.24215907380618587,0.5440085313310699,0.28773115870416927,0.8184568915836068,0.5184603991694486,-0.12050696977902697,1.5143459154372256,1.263193983402799,0.920134207571402
0.317472961840068,1.131615845781131,0.28773115870416927,0.8783810447065682,1.0555978926979617,-0.12050696977902697,1.1926995419516961,0.5576137855540398,0.920134207571402
0.317472961840068,1.131615845781131,0.28773115870416927,-0.053927190659042945,0.7577383417649144,-0.12050696977902697,0.3905296588804463,1.8760165180967943,0.920134207571402
0.317472961840068,0.3190719224022741,0.28773115870416927,-0.22522527266205514,1.1668137034275272,-0.8563307400155985,1.5574957117618984,3.069898979930966,0.39989604432860665
0.3251878058338878,0.1967409290411649,0.28773115870416927,0.2876595861743937,1.5829729028309734,-0.5703956480814245,1.5574957117618984,3.069898979930966,2.6565362679923044
0.23354884813730406,0.4957146913267941,0.25073451068430663,0.2876595861743937,1.1752279705343074,-0.5703956480814245,0.8798862374012419,2.6667100383581657,1.8388885970129492
0.23354884813730406,0.17801097884478997,0.36539475695457113,-0.3705230503222352,1.1752279705343074,-0.5703956480814245,0.35372262510945546,2.6667100383581657,1.6183439864742413
0.23354884813730406,0.258819137960855,0.36539475695457113,-1.1842574511663835,1.1752279705343074,-0.5703956480814245,0.43969231830258815,2.039990520836453,1.2629551583413259
0.23354884813730406,0.258819137960855,0.17987350716371253,-2.1953526663629828,0.821090432457931,-0.31875120723381734,0.43969231830258815,1.96892552403579,1.2629551583413259
0.43876742903909477,0.258819137960855,0.2984577846411196,-2.1953526663629828,0.7797556292231027,-0.8504284488068832,0.43969231830258815,0.9352242395893038,1.043533106565541
0.43876742903909477,0.258819137960855,0.1868901869903592,-1.5532890907524255,0.7797556292231027,-0.9606863586007499,0.8884513168285088,1.7307335617227704,0.9751333095583891
0.43876742903909477,0.258819137960855,0.29508149892918284,-0.5918702227128079,0.8817554465489219,0.04566551072488778,0.8884513168285088,0.4362265364382132,0.3198823603190439
0.5750871278824523,0.258819137960855,0.2438190769933129,-1.3386550651861047,0.8817554465489219,0.09241499030938274,1.1823408625935434,1.405303728851636,0.7993020041578843
0.5750871278824523,0.258819137960855,0.19914437279620803,-0.9933745864416225,0.7797527924634559,-1.085207259831428,0.5914526332552359,1.4384129454152201,1.744386795088295
0.5750871278824523,0.3899764528001424,0.19914437279620803,-2.04556901649446,0.7797527924634559,-1.516733044496687,2.00615731107474,1.6358589981763725,1.708195832117404
0.2870338183368238,0.20073277289845104,0.19914437279620803,-2.2850455441486517,0.22994315506599827,-1.388791105035253,2.838828212310084,1.0836256142965568,1.708195832117404
0.24565659885238125,0.18623412156155467,0.19914437279620803,-2.373754939651338,0.5261823256402118,-1.388791105035253,1.4282133683681455,1.0155346316889506,1.708195832117404
0.3222085993201978,0.2948462606736117,0.19914437279620803,-2.2872103383969598,0.45437717437890446,-0.36223718849408004,1.4282133683681455,1.0155346316889506,0.5398714681228202
0.3222085993201978,0.2740005576093727,0.19914437279620803,-2.679189565761737,0.4871615561395861,-0.36223718849408004,1.4282133683681455,1.0155346316889506,1.49557456511864
0.3222085993201978,0.4039226535605661,0.19324880754727095,-1.9552451832114939,1.8615352331892927,-0.36223718849408004,1.4282133683681455,1.0155346316889506,1.49557456511864
0.3222085993201978,0.38563127886032994,0.19324880754727095,-2.1512098492401774,2.6744981261455023,-0.36223718849408004,1.4282133683681455,0.6795858908441578,0.18618775808527602
0.2723802830093689,1.093965149113182,0.21711076796018772,-1.9794913090230808,2.1362467621746473,-0.36223718849408004,0.5841435313571858,0.6795858908441578,0.07811903999915826
0.2041774152832016,0.17664574679912184,0.21711076796018772,-1.9494540432545675,0.7749903335566225,-0.36223718849408004,0.5028943265743426,0.24129248830050293,0.11855262260024241
0.2041774152832016,0.23319060001254835,0.21711076796018772,-1.6321588820730049,0.4930528239252326,-0.36223718849408004,2.74021435562257,0.022702224513362096,0.15441066447717983
0.29487192547300706,0.15230996450827136,0.22158328030683883,-1.6321588820730049,1.7685536297873226,0.9572705326168696,0.4288534142120081,-0.15530749301982144,0.15441066447717983
0.46468537377759583,0.3370213916011692,0.23222801732633971,-1.407046295838159,2.860118098758643,-1.0166874391812737,0.4288534142120081,-0.5784122002512915,0.30376199304522655
0.46468537377759583,0.44145031289802383,0.3332850666925253,-3.75596905285022,2.860118098758643,-0.2369253337607421,0.4288534142120081,-0.4635589720955894,0.31398830117838983
0.46468537377759583,0.4622361061924157,0.35213589539330553,-3.75596905285022,3.1098143726658294,0.9075402914615643,0.4288534142120081,-0.6266203419599753,0.31398830117838983
0.46468537377759583,0.4622361061924157,0.35213589539330553,-2.8679859762299778,8.989369126512191,0.9075402914615643,2.4370598134185744,-0.6266203419599753,0.31398830117838983
0.46468537377759583,0.8581236386759074,0.35213589539330553,-2.8679859762299778,6.376648305657405,0.2549121437943469,2.4370598134185744,0.4475437789514246,1.3617096492047345
0.46468537377759583,0.5350102668953481,0.35213589539330553,-2.383664306115362,3.975952215554903,0.39078654910749455,0.4601188976125658,1.393629147919578,3.261309189095664
0.46468537377759583,0.5350102668953481,0.4572170100514276,-0.907810112035315,11.55361690412152,0.178172452879423,0.4601188976125658,1.393629147919578,2.0047221072831642
0.46468537377759583,0.22014309693753165,0.3779078224448562,-0.8921808638390167,6.282960242768379,0.178172452879423,0.4455251489733758,2.1236001347097266,2.0047221072831642
0.46468537377759583,0.2679388466083964,0.3779078224448562,-0.645571055457744,1.5006438482227058,0.178172452879423,0.8338682469402408,2.1236001347097266,2.653156335113432
0.46468537377759583,0.2679388466083964,0.4308120487068136,0.27409173027388445,1.5006438482227058,-0.528866632752967,0.32350196091545996,2.1236001347097266,1.1802615307021462
0.46468537377759583,0.2679388466083964,0.4308120487068136,0.2613006344406447,0.7977045926519587,-0.528866632752967,0.6071715502049132,0.7490338482159971,0.7873100327726077
0.29706931418937543,0.25065874264228466,0.4308120487068136,-0.647287205823694,1.055245332883171,0.09531189142648644,0.39120014382739265,-0.7415530113333388,0.7873100327726077
0.15939273928163758,0.25065874264228466,0.4308120487068136,-0.647287205823694,1.2262069121260568,0.09531189142648644,0.07114989315067638,0.586156824102303,0.7873100327726077
0.15939273928163758,0.25065874264228466,0.4308120487068136,-0.647287205823694,1.2262069121260568,-0.19807066091397552,0.49143294044715496,0.586156824102303,0.7873100327726077
0.15939273928163758,0.290005651586135,0.37779903540776083,-0.48450608283883534,0.9262731953043544,-0.19807066091397552,0.9401849622636032,0.586156824102303,0.8392860241553091
0.15939273928163758,0.290005651586135,0.37779903540776083,-0.48450608283883534,0.9262731953043544,-0.19807066091397552,1.0421276912799327,0.586156824102303,0.5845394202146459
0.15939273928163758,0.290005651586135,0.37779903540776083,-0.7606989849213623,1.3083525390590862,-0.1323196251478043,1.1727473768044316,1.6640808099037443,0.413062996218769
0.15939273928163758,0.290005651586135,0.4813627928961705,-0.7606989849213623,1.3083525390590862,0.11782954337989096,1.7611648144746652,0.34519397101872507,0.413062996218769
0.15939273928163758,0.290005651586135,0.2985368312159851,1.1870453565157155,1.5409889159830337,0.11782954337989096,1.0327356620668802,0.0033919238166331134,0.3996847247445042
0.15939273928163758,0.290005651586135,0.2985368312159851,1.1870453565157155,0.14813443139803997,0.3909716709488459,1.4240323997023272,-0.31117677849760356,0.3357731490316461
0.3579879788445178,0.32172816993420317,0.44248476135600645,1.0567875759946044,0.13726683553414934,1.143269182943048,0.6646001464005528,-1.7541281597015785,0.6133857997033901
0.3579879788445178,0.32172816993420317,0.43913688329174244,0.5173393659679113,0.11490141164930094,-0.2995680613506593,0.3211034644957536,-2.8085861680019333,1.9665575580573262
0.3579879788445178,0.32172816993420317,0.43913688329174244,-0.3725550989218863,0.19008154961887025,1.060040709480789,0.2325461441590635,-1.505131638602971,1.6764153786767286
0.3579879788445178,0.6397612590963309,0.3760518487832397,-1.0161686150532163,0.2687507058025651,1.060040709480789,0.5917130825254749,-1.9654122138054424,1.6640915364409028
0.3579879788445178,1.2947387512053716,0.3760518487832397,-1.0161686150532163,0.2687507058025651,0.9789275491256347,0.548884653557165,-2.333198950865576,1.6640915364409028
0.22249979417912719,0.7241443407151487,0.3760518487832397,0.3833253856804102,0.6059652086827377,0.9131580077987393,0.6379388736391465,-2.292787903147026,2.1365836975182435
0.23527191323515786,0.49689275113060666,0.3760518487832397,0.23056284603915445,0.40436531685027494,1.082904037608277,0.7715903039873913,-0.739197547695664,1.6593298881463008
0.23527191323515786,0.7889619908168786,0.3760518487832397,0.23056284603915445,0.40436531685027494,-0.5412382605040447,0.2716926337926189,-0.2967247381899567,2.7080632822666426
0.23527191323515786,1.049639034082416,0.3760518487832397,0.23056284603915445,0.7593562385184047,0.37670497261265257,0.19395426325921955,-0.2967247381899567,2.7080632822666426
0.23527191323515786,0.25061997000811875,0.4157601341490982,-0.233370153631479,1.1319258029403827,0.06475976595089566,0.19395426325921955,-1.293210820739481,1.903060128228563
0.23527191323515786,0.297494050910628,0.4157601341490982,-0.233370153631479,1.1319258029403827,0.06475976595089566,0.29727469472918444,-1.293210820739481,4.303771809241802
0.23527191323515786,0.2702204581771798,0.3659097598338814,-0.233370153631479,0.9123010713347139,0.5333717080132647,0.605032540136756,-1.293210820739481,8.256071726637082
0.47189999742216754,0.5625063612971786,0.2674514118795509,-0.297301142338416,4.970130918234451,-0.10250800354806444,0.7425420048067574,-1.6927992136600516,23.25886637971875
0.47189999742216754,0.916119608215783,0.2674514118795509,-0.7347278007915707,4.970130918234451,-1.6215191562898696,0.7425420048067574,-1.6927992136600516,15.852409952595025
0.9293940522177147,0.916119608215783,0.28523133114385607,0.4152217869852315,4.970130918234451,-1.9505568095239658,0.7425420048067574,-0.5946098242884212,15.852409952595025
0.9293940522177147,0.1914126044853573,0.28523133114385607,1.1511875398550064,4.970130918234451,-1.734999169380447,2.5743784757180643,-0.1563177089619482,6.426711099946967
0.9293940522177147,0.1914126044853573,0.1826436642585082,1.6515497708279019,1.3026429081420932,-3.323547319047763,2.5743784757180643,-1.140591048163261,6.426711099946967
0.9293940522177147,0.1914126044853573,0.31851480167216956,1.0715880919959586,0.9984171557736624,-4.634119912658551,2.5766285247236382,0.5417752966192897,5.247577151205203
0.9293940522177147,0.1914126044853573,0.25636388951569294,1.7476943776596632,0.9984171557736624,-3.19160358120342,2.5766285247236382,-0.6735269219302766,5.247577151205203
0.7314410896075152,0.1914126044853573,0.18817560549785758,2.435391423156928,0.25666015351137383,-3.19160358120342,1.020357301360969,-1.2952779500218812,4.733499994355522
0.7314410896075152,0.2713226520129379,0.21463645174069967,2.435391423156928,0.1719882081884878,-2.458008241904093,1.020357301360969,-0.8202575381028936,1.363265812767575
0.7314410896075152,0.3460066429011688,0.32438069312878964,3.1820876961915703,0.1274112151950262,-1.111706882385668,1.0254860581059915,-0.24392376815548733,1.3143063919048334
0.7791060913284424,0.48360014576153404,0.32675436492456295,2.7513764312455917,0.1274112151950262,-0.8795440714735406,1.0254860581059915,-0.4880960734512174,1.494015266276825
0.5150533299624339,0.3888853850066283,0.5270864595474747,1.7442192497363977,0.2433076968007494,-0.8795440714735406,1.0254860581059915,1.166062069231191,0.3858021491868198
0.6386066750480102,0.37518487504963377,0.40308930630315154,0.21641835931215225,0.2433076968007494,0.755185754028722,0.7528334783592588,0.9629377310354953,0.39410769213095664
0.6386066750480102,0.20744103785894066,0.45876464710650644,1.3370459186950832,0.2433076968007494,0.44760539532193677,0.610006953245985,2.5432359786870506,0.39410769213095664
0.7856445685671802,0.26567778695049765,0.4048234183565689,2.0686859079018864,1.435173560464857,0.44760539532193677,0.610006953245985,3.140510202324583,0.5974924289815374
0.7856445685671802,0.26567778695049765,0.4048234183565689,2.44090612327658,1.435173560464857,0.6958641769208842,0.10375265387448583,2.6625981922459934,0.5974924289815374
0.7875261350592239,0.8895645647854707,0.4048234183565689,2.1320769614778428,1.4679413186139056,-1.4359028335937605,0.10375265387448583,1.5218770037959897,0.6257577571189502
0.7875261350592239,0.8384112400237814,0.4458965916267815,1.707930053074775,1.8776303086580222,-0.8631691145956641,0.2822967905597797,1.3606937014530462,0.6219648433491098
0.7875261350592239,0.8206268805949908,0.4458965916267815,0.8690368166021397,1.7225875478111679,0.12219909631911552,0.2822967905597797,1.7146196856531613,1.0934329362490474
0.4306587363481397,1.3801059667065816,0.8407566349853859,-0.28659729330002104,1.3493982164381866,0.12219909631911552,1.3512813144391858,1.7146196856531613,1.8554900878383673
0.41842785205128835,1.3801059667065816,0.5371929009652912,-0.28659729330002104,1.3493982164381866,0.12219909631911552,0.41531235228675945,1.565368839225168,1.7079121962240746
0.41842785205128835,1.0987806040240287,0.5400570353631902,-0.28659729330002104,0.4056198092080806,-0.5412564233632652,0.41531235228675945,0.575919433088617,1.7079121962240746
0.41842785205128835,1.0375559447335327,0.621969146367998,0.13184670090821576,0.4056198092080806,0.3711665644686828,0.41564335422474735,0.575919433088617,1.7079121962240746
0.4260150938682965,1.0375559447335327,1.0626620551909882,0.13184670090821576,0.4056198092080806,0.3711665644686828,0.7468949871068475,0.575919433088617,1.427532464528813
0.28532252969353394,1.0375559447335327,0.7252913290524252,-0.40739372390984846,1.357485321838065,0.3711665644686828,0.7468949871068475,0.575919433088617,0.8734675717484047
0.28532252969353394,1.0375559447335327,0.6878794413847398,-0.40739372390984846,2.7257756759627387,0.3711665644686828,0.7465053780398503,-0.4077621879921087,0.25653746519485937
0.28532252969353394,0.8373149927957296,0.9000783619895584,-0.09747169112059267,5.547094829851589,0.3711665644686828,2.293114466112189,-0.14430851272784134,0.5745603050113902
0.28532252969353394,0.8373149927957296,0.7911318432616828,0.6030856139004137,1.8491375415039948,-0.01518543870916661,2.293114466112189,-0.14430851272784134,0.9566352894786623
0.28532252969353394,0.6226482514566158,0.8358206790448437,0.6030856139004137,1.8491375415039948,-0.0892803962771422,2.938550046693836,-0.14430851272784134,0.9826694760601751
0.28532252969353394,0.3319241878667392,1.0998943003580544,-0.5519564760128928,1.8491375415039948,-0.0892803962771422,2.938550046693836,-0.3749933717260996,0.9826694760601751
0.28532252969353394,0.3319241878667392,1.1312145511306777,-0.5519564760128928,1.8491375415039948,0.8714618655806574,1.9133510694262796,-0.3749933717260996,1.9268772914963097
0.6551748460664609,0.3319241878667392,1.1312145511306777,-0.9543497652582128,2.3245876294037475,0.9767528678386108,0.796392160241634,0.08224539005036263,1.6049562112475655
0.5000490528859642,0.7344205856821102,1.1312145511306777,-0.16436153258388175,3.0345343412605263,0.696254202423338,0.9338873265596735,0.08224539005036263,2.1731669156061173
0.5000490528859642,0.5835732565129081,1.1312145511306777,-0.16436153258388175,1.8583525229919464,0.5112925322829037,0.23053236779921424,0.08224539005036263,0.8592742820965733
0.5000490528859642,0.5835732565129081,0.9486746832018491,-0.16436153258388175,1.513324356428584,0.5112925322829037,0.36189607393658935,0.08224539005036263,0.2968645409928595
0.5000490528859642,0.7191490240383489,0.9486746832018491,-0.16436153258388175,1.513324356428584,-0.19486208085859358,0.34026665147197366,0.16754367415637425,1.788121831624031
0.5302710004337168,0.33196780543027493,0.8872053071811473,-0.16436153258388175,1.513324356428584,-0.19486208085859358,0.5964074812787379,0.4253638914007182,0.5681413389956916
0.5302710004337168,0.33196780543027493,0.8872053071811473,-0.4162864475674263,0.29703493485914,0.21630357341646306,1.6060340368804098,0.4253638914007182,1.1242024868087181
0.5302710004337168,0.5140903659701836,1.0150803302820497,-0.4162864475674263,0.29703493485914,0.21630357341646306,0.9286649675014389,0.38355322742455245,1.1242024868087181
0.5302710004337168,0.5140903659701836,1.0150803302820497,-0.4162864475674263,0.47405604851377653,0.21630357341646306,0.39888862198621405,0.652389821894456,1.8884995744896842
0.5302710004337168,0.19247701274109064,1.0150803302820497,-0.4162864475674263,0.1548486896556779,0.21630357341646306,0.3085741102069173,-0.607310726640642,2.534805867521126
0.5302710004337168,0.15488669956850995,1.0150803302820497,-0.4162864475674263,0.09540818803750555,0.21630357341646306,0.3085741102069173,-1.0871372525892984,2.104440805008985
0.5302710004337168,0.300757561901416,1.0150803302820497,-1.277480617549407,0.3181198541182365,0.6680762643572222,0.32512905384881136,-0.37429743859152353,2.104440805008985
0.5302710004337168,0.300757561901416,1.0150803302820497,-0.5989515757952789,0.13652857258981133,0.5605150769975925,0.32512905384881136,-1.132484871727275,2.2549844310107012
0.7388518025906303,0.300757561901416,0.8064868159122424,-0.7089603068816088,0.19248692518369523,1.316558403138644,0.32512905384881136,-0.4716218071027357,4.347413381685905
0.7388518025906303,0.550122911781351,0.8064868159122424,-1.7050249073542683,0.40323213186339363,1.316558403138644,0.947348317200903,-0.00883111105393497,4.347413381685905
0.8682272338735859,0.550122911781351,0.8064868159122424,-2.5699938261028907,0.31037175152171553,0.7614090345875416,4.11936521414555,1.0477925478802268,1.18909278470399
0.8682272338735859,0.3648202807678291,0.8064868159122424,-1.4456410044095733,0.29280757600262597,0.3927438858411795,1.0502578574923174,1.0477925478802268,2.1568826085099695
0.4862413981875022,0.5056024057900838,1.0847554503128733,-1.4456410044095733,0.29280757600262597,0.3774089669968752,4.621283246242263,0.423789898415627,2.1568826085099695
0.4862413981875022,0.3327127361281016,1.0847554503128733,-1.4456410044095733,0.29280757600262597,-0.20470385920410927,4.4482651521332945,-0.216275670166462,1.9801336200985924
0.40988095244269507,0.2547969337134945,1.0822905754290906,-0.5410632036884212,0.29280757600262597,0.0896264309784296,4.688785365232589,-0.216275670166462,1.9801336200985924
0.40988095244269507,0.2547969337134945,1.3119149342376426,0.28786573257084946,0.6959349318303083,0.0896264309784296,4.370206759312502,-0.5948736230453475,1.7370674373406774
0.40988095244269507,0.25138065761536077,1.3119149342376426,0.28786573257084946,2.000302672813544,0.0896264309784296,7.67845474130271,0.6178700991321748,1.5225048690136633
0.40988095244269507,0.279653810977463,1.3119149342376426,0.28786573257084946,2.000302672813544,0.08519829722804664,4.77949301756168,0.8228116264987677,0.7991847160965787
0.358329797901375,0.279653810977463,1.0643930628355798,0.17536786429781043,2.000302672813544,0.08519829722804664,3.6818124826145353,0.8228116264987677,0.5915300495888552
0.28908342400529174,0.5168508692443388,1.0643930628355798,0.17536786429781043,2.000302672813544,0.08519829722804664,3.6818124826145353,0.7614692828166653,0.5915300495888552
0.29913226550005767,0.5168508692443388,1.0924954072247546,0.007516030038366289,2.000302672813544,0.08519829722804664,3.6818124826145353,0.7614692828166653,0.41572762854581885
0.29913226550005767,0.5168508692443388,1.0924954072247546,0.007516030038366289,2.000302672813544,0.08519829722804664,0.7133776504506669,0.03530080228465016,0.330847615709807
0.29913226550005767,0.08137840380454238,1.0924954072247546,0.007516030038366289,2.1055098108304273,0.22410565802171084,0.7133776504506669,0.03530080228465016,0.330847615709807
0.29913226550005767,0.08137840380454238,0.8736833426086917,0.007516030038366289,1.5078499451638236,0.22410565802171084,0.7133776504506669,0.03530080228465016,0.330847615709807
0.29913226550005767,0.08137840380454238,0.608147439946189,0.007516030038366289,1.1480691467564346,0.023966721565992777,1.3572836628606983,0.27401439800726224,0.330847615709807
0.23707911738147816,0.08000288162065643,0.8093187118361725,0.007516030038366289,1.1480691467564346,0.023966721565992777,1.3572836628606983,0.27401439800726224,0.330847615709807
0.23707911738147816,0.14785391038982848,0.7355581616775194,0.007516030038366289,1.1480691467564346,0.023966721565992777,1.3572836628606983,0.27401439800726224,0.26372898512441734
0.23775844046663405,0.16495239653575586,0.8822731161159296,0.007516030038366289,1.1480691467564346,0.023966721565992777,1.3572836628606983,-0.31370622146206795,0.3167806640376435
0.13584020823191154,0.16495239653575586,0.982866976511759,0.007516030038366289,1.1480691467564346,0.023966721565992777,1.7945357923328042,-0.31370622146206795,0.3167806640376435
0.15843149048542468,0.19723021111578595,0.982866976511759,0.007516030038366289,0.8039919646281192,0.02324868886962366,1.7945357923328042,-0.31370622146206795,0.2109585605453005
0.15843149048542468,0.19723021111578595,0.982866976511759,0.007516030038366289,0.8039919646281192,0.02324868886962366,0.8566100522646263,-0.2293463278729833,0.2660682621412725
0.1421520506123445,0.19723021111578595,0.9846220235072017,-0.048136810186687605,0.8039919646281192,0.02324868886962366,1.391805857791393,-0.2293463278729833,0.2660682621412725
0.1421520506123445,0.20834089349371138,0.9852285179467948,-0.048136810186687605,2.9660379394999574,0.02324868886962366,2.1849634267192726,-0.17420198635397383,0.2251820866073432
0.1421520506123445,0.33107736650934233,0.9852285179467948,-0.15266634624635078,1.2671919566151706,0.02324868886962366,4.624921689624753,0.30736237144402134,0.2251820866073432
0.1421520506123445,0.5294919386200129,0.8098908638509831,-0.3658460113545625,1.8902286170893632,0.02324868886962366,2.3656205918787423,0.30736237144402134,0.2251820866073432
0.1421520506123445,0.3919895718781189,0.8098908638509831,-0.3658460113545625,2.864940888870771,0.05073670347735084,2.375113106556556,0.30736237144402134,0.2251820866073432
0.1421520506123445,0.7433013658370643,0.5700740852715839,-0.3658460113545625,3.221647175703337,0.05073670347735084,2.1064407631961943,-0.34994831698285866,0.24415131384383273
0.21112277160677745,0.4718341946985203,0.5700740852715839,-0.3658460113545625,3.0836667222898924,0.05073670347735084,2.063049394189304,-0.34994831698285866,1.4512698202909204
0.3072757828153739,0.4718341946985203,0.5700740852715839,-0.06877816957559235,2.3064502943425653,0.05073670347735084,2.99225369928844,-0.34994831698285866,3.1352274298217524
0.3072757828153739,0.32721752153033823,0.5700740852715839,-0.06877816957559235,3.651805467250772,0.055212622719165716,0.5227413641021208,-0.4038732696964222,1.9434247577540045
0.19550829669552774,1.077538751994161,0.6536093369451156,-0.06877816957559235,3.651805467250772,0.055212622719165716,0.8605962017626576,-0.4038732696964222,2.2504326318000305
0.19550829669552774,0.45843497364875974,0.5464417197488878,-0.06877816957559235,2.1880890595100713,0.055212622719165716,2.2337746845198607,-0.4038732696964222,2.2504326318000305
0.19550829669552774,0.7489201236518558,0.5464417197488878,-0.06877816957559235,2.4788950609682154,0.055212622719165716,2.6757372747233164,-0.6902114399340489,2.4662217549973473
0.19550829669552774,1.248333810319464,0.8078766530342274,-0.06877816957559235,2.1385749868461206,0.055212622719165716,2.6757372747233164,-0.6902114399340489,2.5716117519577684
0.19550829669552774,0.2175770253854219,0.8078766530342274,-0.06877816957559235,2.1385749868461206,0.055212622719165716,1.5568697318808404,0.5337897239755294,2.5716117519577684
0.21584249227374713,0.7380169435313707,0.96791648291353,-0.18230909394406536,3.8483900641446565,-0.11782853553841591,1.5568697318808404,0.5337897239755294,0.8854377472210997
0.2638342163088805,0.7380169435313707,0.96791648291353,-0.18230909394406536,3.8483900641446565,-0.11782853553841591,0.6996686096789999,0.5337897239755294,0.23391753580726354
0.2638342163088805,0.7380169435313707,0.96791648291353,-0.18230909394406536,3.284769542232405,-0.11782853553841591,0.6362436740088445,0.5977694195188133,0.25553576657139626
0.2638342163088805,0.7380169435313707,0.96791648291353,0.704881177581111,0.9556553248415055,-0.11782853553841591,0.6362436740088445,0.5977694195188133,0.2892278327376596
0.2638342163088805,0.7380169435313707,0.96791648291353,0.704881177581111,0.9556553248415055,-0.11782853553841591,0.5308862716554824,-0.24232295663875736,0.2892278327376596
0.2638342163088805,0.4196540421179803,0.96791648291353,0.704881177581111,0.9556553248415055,-0.11782853553841591,0.5308862716554824,0.4495348252511834,0.7981932453079692
0.2638342163088805,0.4196540421179803,0.96791648291353,0.704881177581111,0.6118721918209519,-0.020391059706566225,0.6575049481130019,0.4495348252511834,0.5068793548169829
0.2596076531843573,0.36442758859673446,0.96791648291353,0.704881177581111,0.6118721918209519,-0.020391059706566225,0.497854652478939,0.42930236145239553,0.5068793548169829
0.2596076531843573,0.3621868063164416,0.96791648291353,-0.25276346173119146,0.6118721918209519,-0.020391059706566225,2.46043330256434,1.0842640118476954,0.5068793548169829
0.2596076531843573,0.6840621227154169,0.5937860266634338,-0.25276346173119146,1.3834685212561726,-0.020391059706566225,2.46043330256434,-0.5578558371557016,0.29402273175088683
0.20678632107309705,0.5158597611135319,0.5937860266634338,-0.25276346173119146,2.0980355026833872,-0.020391059706566225,1.0863547833720544,-0.5923907453750058,1.3277978269172375
0.18116803611148258,0.5158597611135319,0.5937860266634338,-0.25276346173119146,0.791935260566872,-0.020391059706566225,1.169804940269682,-0.5923907453750058,1.3277978269172375
0.18116803611148258,0.8949712319574812,0.9440282776771527,-0.25276346173119146,2.3651881055366375,-0.020391059706566225,3.201998076227048,0.0970343732880673,1.6188763754003461
0.14158105712532837,0.6272958014744325,0.7684618133548202,-0.25276346173119146,2.3651881055366375,-0.020391059706566225,2.9085147649715752,-0.6473180720701063,2.6535164266743143
0.14158105712532837,0.6272958014744325,0.6740770578197163,0.1525744515611645,2.1229567978414363,-0.020391059706566225,1.2840189686304888,-0.6473180720701063,2.6535164266743143
0.14158105712532837,1.2039444793486824,0.6740770578197163,0.1525744515611645,2.1229567978414363,-0.020391059706566225,1.0368287892940362,0.5797679985665386,9.829612826728415
0.14158105712532837,0.9251019539026355,0.5045259379059243,0.1525744515611645,2.3033353503721,0.004267107356382822,0.3795711140795141,0.5797679985665386,3.0759787706792983
0.14158105712532837,0.6534216605085656,0.5895300890031079,0.1525744515611645,3.0521273641993343,0.004267107356382822,0.3181578378067414,0.29466167861225373,1.1900278599509746
0.46534902565087216,0.5666999706357724,0.5895300890031079,0.5103591328195096,3.0521273641993343,0.004267107356382822,0.3181578378067414,0.15719376894343687,1.0917594850994055
0.5563344477789913,0.2771624296485368,0.5895300890031079,0.41608553665495407,1.498106876656454,0.134283232073897,0.7954376419095807,-0.6705281571227232,1.0917594850994055
0.5563344477789913,0.2535157417625677,0.5895300890031079,0.5329478084406553,2.233305727892117,0.134283232073897,2.451669649521266,-1.2017994382214205,1.6024465338575251
0.5563344477789913,0.2535157417625677,0.5895300890031079,0.48578574525772406,2.233305727892117,0.134283232073897,0.5704804881932892,-1.3360680561976341,1.6024465338575251
0.5563344477789913,0.2302300746534045,1.2091339192663566,-0.45612567103192764,1.5431117142753914,-0.7256506420584197,1.2266782329067816,-1.3360680561976341,0.46042027322604107
0.5563344477789913,0.2302300746534045,1.3215231949649893,0.06633512311880613,1.5431117142753914,-0.7256506420584197,0.7053256741903227,-1.3360680561976341,0.46042027322604107
0.5563344477789913,0.139285024209693,1.150240082843037,0.4828424446341848,1.5431117142753914,-0.7256506420584197,1.1943539747974938,-0.92941648450097,0.5606406592150625
0.5563344477789913,0.13619799541820912,0.7073760309875926,-0.5515704584504644,3.1910364850258723,-1.8755898195611767,1.1943539747974938,-0.24911674475525458,0.6507194543272476
0.5563344477789913,0.4375223050170129,0.6948228884477683,0.9805092391261769,2.5746664442480904,-2.125831863204265,3.0933049213105424,-0.013084133293876643,1.0930200870333664
0.5563344477789913,0.23032815197473244,0.41554348821650056,0.35892445602822365,2.8058050079627583,-1.2716120402724376,3.0933049213105424,-0.013084133293876643,1.0930200870333664
0.22437599564213426,0.3539599203480444,0.41554348821650056,0.35892445602822365,2.8058050079627583,-0.20416141462462867,1.5894421523813644,1.37313255512845,1.0930200870333664
0.26138720602779103,0.3539599203480444,0.41554348821650056,0.35892445602822365,3.1924608638696914,-0.20416141462462867,1.5894421523813644,1.37313255512845,0.11024032811054058
0.26138720602779103,0.3696582481842717,0.377015015795442,0.35892445602822365,3.1924608638696914,0.9868651809498143,1.1067499996579662,1.057494368798443,0.28824163796183383
0.26138720602779103,0.3696582481842717,0.361662080206508,-0.1714899736360378,0.5040369436081198,0.16367175734724937,1.2261086185258714,0.5382416544887402,0.13447869847465083
0.26138720602779103,0.3696582481842717,0.3024083363042416,-0.1714899736360378,1.5884387573926386,0.0808779456665774,2.492841059084471,0.26530403042759976,0.13447869847465083
0.26138720602779103,0.3696582481842717,0.49949111483828534,-0.768105746871812,0.3322459751679062,-0.9316322260377197,2.492841059084471,-0.8443290246395103,0.13447869847465083
0.26138720602779103,0.5730529920205356,0.5286650358007009,-0.768105746871812,0.3322459751679062,-1.1322458290968909,2.8977840041621006,-0.8443290246395103,0.36163180593659644
0.403615567497242,0.5730529920205356,0.5286650358007009,-0.768105746871812,0.566894454193345,-0.31890546999971947,2.5176575806890313,-0.8443290246395103,0.36163180593659644
0.3185470949689577,0.295783135573777,0.5286650358007009,0.3921735144081546,0.6354315108613002,0.5320780611752405,1.6787701692615762,0.28342679264286863,0.22754580108337844
0.3320465848182242,0.295783135573777,0.48469272752053305,-0.17565840311205594,1.1391705920251483,-0.3945872141768948,1.6787701692615762,0.28342679264286863,0.1819545966605271
0.3320465848182242,0.295783135573777,0.48469272752053305,0.7871659706283191,1.1391705920251483,-0.4745868459717033,1.6787701692615762,0.28342679264286863,0.4944776349358593
0.2820159769070765,0.18140833143628077,0.48469272752053305,0.829572091513407,0.7679177915366868,0.14294325071891567,1.6787701692615762,-0.5225051768338032,0.4944776349358593
0.23474994677898312,0.18641344840769217,0.621137902538943,-0.26261976926550457,2.5347515953175854,0.14294325071891567,5.158298098277859,-1.775535810811872,0.4944776349358593
0.3682088817519337,0.18641344840769217,0.4862730377392614,-0.26261976926550457,2.5347515953175854,1.540626956947886,1.7721682044892055,-1.775535810811872,0.2671838981353426
0.3682088817519337,0.40013507957866457,0.5135527491649431,-0.26261976926550457,0.547159263421438,1.616669589510121,0.8542979168556365,-1.775535810811872,0.535335479541576
0.53623759535042,0.40013507957866457,0.46238035697099356,-0.26261976926550457,0.2632879166915108,1.616669589510121,1.0178296143277157,-1.9050566109539946,0.535335479541576
0.7451356639207323,0.40013507957866457,0.2294108144152186,0.74807327743877,0.2632879166915108,1.3508615784609321,0.597434418148207,-1.1397231305023225,0.535335479541576
0.6804529969611337,0.26302842885146616,0.3383096260847717,2.648495437175015,0.29226913260469173,1.6442428729334564,0.42718972672469924,-1.1632351415464957,0.8624235033306914
0.6804529969611337,0.5318467462119284,0.3383096260847717,0.9833890211391851,0.4377155454082189,-0.5514744602266424,0.42718972672469924,0.07082584563283878,0.8624235033306914
0.6804529969611337,0.45747216588644285,0.3383096260847717,0.75678893347909,0.4377155454082189,-0.30247232132487545,0.3186949340619999,0.07082584563283878,0.8624235033306914
0.6338502468811211,0.45747216588644285,0.3383096260847717,0.15447563360202576,0.6132044310328795,-1.3121235355993373,0.911394554794466,-0.17173865437044875,0.8624235033306914
0.6338502468811211,0.2854376392589031,0.3383096260847717,1.035597675768442,0.6132044310328795,-1.3121235355993373,0.6352502374376732,0.36864380762713433,0.44622503533224384
0.6338502468811211,0.2854376392589031,0.38303536548901346,0.3580903496761908,0.6132044310328795,-1.004043450589293,1.0752723820320467,-0.8063071161153517,0.44622503533224384
0.45584269872771493,0.2854376392589031,0.37318054721923555,-0.6302318290648864,0.22186182151772094,-1.5005042431007842,1.0752723820320467,-1.5673047983760546,0.30057903916743256
0.45584269872771493,0.19422007146939319,0.37318054721923555,-0.6302318290648864,0.40140623029269895,-2.3087109794501512,1.0752723820320467,-0.7490818859172571,0.21464714635274576
0.45584269872771493,0.5576251153981354,0.37318054721923555,-0.6302318290648864,0.11209636728778752,-2.6202945751463127,1.0752723820320467,0.18808313029167456,0.1567973293617372
0.45584269872771493,0.5576251153981354,0.37318054721923555,0.39821820188879664,0.11209636728778752,-2.087985969159536,1.0752723820320467,-1.1426046599953255,1.1964290582396313
0.45584269872771493,0.8644465778919197,0.37318054721923555,-0.16836587964940064,0.2780693016194552,-3.950363927512327,0.8897673777819324,-1.1426046599953255,0.36323212114826353
0.526510347296207,0.5636720372592249,0.37318054721923555,-0.16836587964940064,0.2780693016194552,-3.8543678687132354,0.2793764620389357,0.14363093065921384,2.010468660817232
0.32508514197359095,0.5636720372592249,0.3947846654055754,0.00891159581691986,0.2289141658531968,-3.2100342029049633,0.5784066719046557,0.14363093065921384,0.4803232515922365
0.41424398330322665,0.5636720372592249,0.3696804038146692,0.00891159581691986,0.9270584762421099,-4.159689097067951,0.4142585063235745,1.6514745079954796,1.120611547813221
0.41424398330322665,0.5636720372592249,0.40742735619017123,0.00891159581691986,2.527261225248186,-4.159689097067951,0.5486825216823566,2.3457157431117595,1.3725483461487193
0.5294971694644189,0.5636720372592249,0.40742735619017123,0.00891159581691986,1.167143312201434,-3.1940120492919455,1.8336472297293334,1.6616532600681344,6.077946059154686
0.5898284736126657,0.5636720372592249,0.35617691410719166,0.00891159581691986,1.167143312201434,-1.9480469135066028,1.9669867216628418,1.6616532600681344,5.075384640421169
0.14421001306944145,0.5177005133874183,0.3371096113215379,0.00891159581691986,1.167143312201434,-1.5686269548316027,1.9559842838993542,1.6616532600681344,5.075384640421169
0.3715677208971457,0.5386512998779027,0.3371096113215379,0.00891159581691986,1.167143312201434,-1.323416086914558,0.9707976052415588,1.6616532600681344,4.736302798958464
0.3715677208971457,0.7654927526241653,0.5387420609929952,0.00891159581691986,1.4245354424781689,-1.6095416662859454,1.0330072213256485,1.5478442294381025,3.511467749925107
0.47990987065187796,1.9314018802509405,0.5387420609929952,0.00891159581691986,1.4245354424781689,-1.6095416662859454,1.0814707378050754,1.346626455086681,4.80681289125714
0.47990987065187796,1.8605169082844624,0.5387420609929952,-0.39121020360238273,0.5215380436264578,-0.031216835497269724,1.5042521955082837,1.038676282098315,4.80681289125714
0.47990987065187796,2.349306220339662,0.709302600611551,-0.39121020360238273,0.3889179922103226,-0.1891604798883373,0.5201719604796972,1.3492254696982862,4.961479345077125
0.47990987065187796,2.349306220339662,0.7225489975746195,-0.9231921267028917,0.11117114423283904,-0.17049170330240296,1.174814781898864,1.3738256679982845,0.749283723440919
0.3432174746846581,0.4924854665359543,0.7225489975746195,-1.1642555317042795,0.07141089971753745,0.27153972638094614,1.174814781898864,1.3738256679982845,0.5365320740823578
0.3432174746846581,0.11320678437888144,0.7225489975746195,-1.1117815750214957,0.23192040944130013,0.27153972638094614,0.901891137364493,0.07907929111949596,1.1355863728423474
0.34352250191040024,0.12633157892556748,0.7225489975746195,-1.1117815750214957,0.17978545713942437,0.27153972638094614,1.87534162786443,0.07907929111949596,1.2979949502418864
0.34352250191040024,0.22299221266526073,0.7225489975746195,-2.4310107958896836,0.17978545713942437,0.27153972638094614,2.019379558317991,-0.604753578870298,1.2979949502418864
0.46364454603635497,0.518758086591279,0.7225489975746195,-2.041588602750967,0.17901497270302363,-0.3204914345477229,1.9455238813510836,0.07835454206031767,1.2979949502418864
0.46364454603635497,0.518758086591279,0.7225489975746195,-1.692688808564195,0.10306235451936067,-0.3204914345477229,1.9455238813510836,-0.9761084876762637,1.3235363567170941
0.46364454603635497,0.518758086591279,0.7225489975746195,-1.131296615369699,0.15244564236458302,-0.26112047577015385,1.9455238813510836,-0.9761084876762637,1.5002388141567469
0.46364454603635497,0.8279574187755306,0.7225489975746195,-0.9254217649750067,0.3416165785367089,-0.26112047577015385,1.9455238813510836,-0.5981677133784493,1.9463343662880952
0.43603730613320035,0.6012481220787028,0.7225489975746195,-0.9254217649750067,0.3416165785367089,0.4425584131751845,1.0590738874595123,0.10151477863434599,0.44723247753560713
0.5364514585619222,0.6012481220787028,0.4291600237842824,0.9212028999860029,0.3416165785367089,-0.043143657478142416,0.8748276709992543,0.32107022923145806,0.9139591348728209
0.18734980690626743,0.6012481220787028,0.4295198570404273,0.9212028999860029,0.3112764900302297,-0.043143657478142416,0.8748276709992543,0.32107022923145806,0.40040594640400357
0.18734980690626743,0.6012481220787028,0.4295198570404273,0.9037917552912375,0.15482839770550597,-0.043143657478142416,0.5242581441452882,0.32107022923145806,0.529354554763293
0.18734980690626743,0.6012481220787028,0.4295198570404273,0.7640638914815632,0.1963995518726246,-0.043143657478142416,0.7271736672236981,0.32107022923145806,1.825184985708183
0.2297651679782999,0.27983241114347546,0.4295198570404273,0.7640638914815632,0.1963995518726246,-0.043143657478142416,0.7271736672236981,0.4019264079672583,0.9901257004174783
0.2297651679782999,0.27983241114347546,0.5627327170060422,0.7640638914815632,2.7432306364128487,-0.043143657478142416,4.903334246801442,0.09991403109185831,0.9901257004174783
0.15303058730955793,0.33914309932280956,0.5627327170060422,0.6445557415576882,1.5616698776529259,-0.043143657478142416,4.255958144780141,-0.23529634457902454,1.7194729032387466
0.14146434907627195,0.61926975075497,0.5627327170060422,0.6445557415576882,1.5616698776529259,-0.043143657478142416,4.255958144780141,-0.23529634457902454,0.9434303590841707
0.14146434907627195,0.61926975075497,0.4179223808968794,0.6445557415576882,1.5616698776529259,-0.043143657478142416,2.5454025897446364,0.1100317201585449,0.9434303590841707
0.14146434907627195,0.4371441374719351,0.4179223808968794,0.6445557415576882,0.7115635287101388,-0.5836207357886868,2.5454025897446364,0.1100317201585449,1.2434796148826306
0.14191994537147343,0.4371441374719351,0.4179223808968794,0.5599979942430149,0.24749731096665084,0.4780634175212527,4.122820297015482,0.1100317201585449,1.874340967761643
0.2725135106643876,0.2711527431768086,0.4179223808968794,1.8324436697392879,0.27211636150833246,0.46721326629826937,3.7475507200660396,0.1100317201585449,0.8833552765899958
0.37483849732328833,0.2711527431768086,0.48379299230130735,1.8996801372221033,0.18052143028644263,0.46721326629826937,1.48408814481757,0.1100317201585449,0.4050754220041173
0.37483849732328833,0.2711527431768086,0.78164477148694,1.3489021367137086,0.25250166316202666,0.46721326629826937,1.48408814481757,0.1100317201585449,0.3933699080320213
0.476938613457435,0.2711527431768086,0.4769729439778256,0.877016195093145,0.8015684246698895,0.4568578408968811,2.2578300036809438,0.550951040032359,0.39717632136020126
0.4061640295690141,0.2393058161075479,0.5274960616862774,0.877016195093145,0.8015684246698895,-0.194475925571169,1.0491563682421017,0.16848571762873493,0.4404795920631763
0.2897855950236776,0.2393058161075479,0.6515155981988787,0.6398346793536758,1.3378174975097359,0.21645818974917908,0.5530574671386315,0.16848571762873493,1.091711852289615
0.30790565694757643,0.2156865348007919,0.5220814587981228,0.6431190891412387,1.0491423736208685,0.21645818974917908,0.5530574671386315,0.16848571762873493,1.091711852289615
0.30790565694757643,0.2156865348007919,0.5220814587981228,0.711173591841758,0.9119081109922015,-0.31400765628365446,0.5530574671386315,-0.3414194809733215,1.091711852289615
0.17809120492384256,0.2156865348007919,0.5220814587981228,0.711173591841758,0.8358720887282204,-0.31400765628365446,0.4373157713362544,-0.3414194809733215,0.8386268341262615
0.17809120492384256,0.21797418067029223,0.6515646445043255,0.711173591841758,0.669537758954954,-0.31400765628365446,0.4373157713362544,-0.3022005179645484,1.5780896077802256
0.3675037199776779,0.21797418067029223,0.6515646445043255,0.1313993148532977,1.6178938799468776,-0.31400765628365446,0.7371795112016776,0.4283842426781337,2.1936754413929016
0.3675037199776779,0.7157644665319519,0.5832077632378545,0.3173782711868504,0.5578125422676128,0.31553528146970355,0.7371795112016776,0.38739147174126004,2.4998188522256393
0.3675037199776779,0.1437844262280385,0.3628891547246643,0.048364982467559214,0.7063320107756708,-0.5562250909367784,0.6990720410813074,0.38739147174126004,2.4902455336691087
0.3675037199776779,0.18412375196247374,0.566383119089254,-0.3376404248676246,0.7063320107756708,-0.5562250909367784,0.6990720410813074,0.38739147174126004,2.4902455336691087
0.1729852138554617,2.9451697773989842,0.4774070190763296,-0.3249896117351252,0.7190506658441222,-0.31687971799937076,0.6990720410813074,0.38739147174126004,0.5538647398424112
0.20958714348185695,0.69086574118709,0.4774070190763296,-0.3249896117351252,0.7190506658441222,-0.31687971799937076,0.8004225949418362,-0.3031261558426875,0.9223447988800075
0.20958714348185695,0.5740216582197638,0.7867298111704394,-0.3249896117351252,1.7422655190166325,-0.31687971799937076,0.687560805954075,0.3210252150066299,0.9223447988800075
0.20958714348185695,0.8150992612298261,0.7867298111704394,-0.4218494648688822,1.7422655190166325,-0.13949909806493385,2.3183441440184396,0.3210252150066299,0.9223447988800075
0.21311475169640895,0.35105779043999713,0.7867298111704394,-0.4218494648688822,0.8079767273425708,-0.23001426577743433,1.5416772542946977,0.17565589143957125,2.4809440708578463
0.27937550194895944,0.35105779043999713,0.7611087320245684,-0.4218494648688822,0.47214455987290954,-0.15953255569706135,2.6712561052206203,0.10237738197698185,0.5041584717447675
0.27937550194895944,0.35105779043999713,0.7611087320245684,-0.4218494648688822,0.43693053219462163,-0.15953255569706135,2.6712561052206203,-1.0184912960858987,0.3297960141786684
0.27937550194895944,0.2888670115942931,0.5484428637709299,-0.4218494648688822,0.3520619223416503,-0.15953255569706135,2.6712561052206203,-0.737134512654015,3.1789255753645937
0.27937550194895944,0.3544767477869828,0.5484428637709299,0.1906927086726491,1.4342818329062696,-0.3345628748102478,1.9154660539926258,-0.737134512654015,2.7748913068596233
0.27937550194895944,0.3544767477869828,0.5484428637709299,-0.158576831928823,5.072953174567113,-0.3345628748102478,3.7722627998105285,-0.4296953486721821,2.47609051768971
0.27937550194895944,0.3544767477869828,0.5484428637709299,-0.158576831928823,2.3898535821147373,0.26375485729958326,3.7722627998105285,-0.4296953486721821,2.47609051768971
0.27937550194895944,0.3544767477869828,0.5484428637709299,-0.158576831928823,2.3898535821147373,0.42779522175684936,3.902961664119449,0.06668216396450893,2.47609051768971
0.1591128179344806,0.3544767477869828,0.5484428637709299,-0.27763336694281854,2.3898535821147373,0.42779522175684936,3.3960825766147424,0.20536332523846734,1.5210529431858015
0.3658757445942922,0.26046971101957905,0.5484428637709299,-0.27763336694281854,3.600390823316395,0.1558345346052093,0.9370647592336245,-0.4008671970834412,2.493894665778668
0.3658757445942922,0.2584622119462824,0.5484428637709299,-0.02073919795956969,2.6510970490947328,0.1558345346052093,0.9370647592336245,-0.9333675873656044,2.493894665778668
0.3658757445942922,0.2584622119462824,0.4254543787601141,0.5784201125912515,2.6510970490947328,-0.4330642197907451,2.1749909582725038,-1.4622086382036332,3.331852466635053
0.3658757445942922,0.467685643167648,0.4254543787601141,-0.26963785256234307,2.6510970490947328,0.5250524500531646,2.1749909582725038,-2.4657323494784738,2.7863309000891485
0.37118883590452484,0.5621751373042152,0.2762463646076867,-1.1065107813011332,4.06628591407543,-0.5099696316436246,2.1749909582725038,-1.0480518106583396,0.5723642012747714
0.253965736080838,0.5621751373042152,0.2762463646076867,-0.08951738076052607,1.5943316965989691,-0.22331574036881907,0.3930386545348699,-0.4455524823436141,0.7776121072673366
0.253965736080838,0.6817923984409063,0.2762463646076867,-1.094451126742243,0.5930941090243003,-0.22331574036881907,0.34966650816556916,-1.3583055237197836,0.8510798844969939
0.253965736080838,0.6817923984409063,0.19394714531378776,-1.094451126742243,0.9010788096193394,-0.22331574036881907,0.34966650816556916,-1.0645480177011872,0.42543302834475205
0.576347202049409,1.4541192773281337,0.19394714531378776,0.9101373114398126,0.9010788096193394,-0.1266964494737323,1.1246931851929787,-1.082254768550487,0.42307282928551193
0.576347202049409,1.4541192773281337,0.16534953312665018,0.7915621731298377,0.9010788096193394,0.49652605081077683,4.345508281000936,-2.290036539208238,0.42307282928551193
0.4786255432935367,0.8325905639636021,0.35192438391587066,-0.926278382956913,0.8589752448721809,-0.9572752262336667,3.595824538293605,-2.290036539208238,0.6768757250799892
0.4786255432935367,0.8048002491491928,0.26757163032509174,-0.901836239687755,1.3083794022182387,-1.6839104553871962,2.431194110474481,-0.7808816594740446,1.0203098018418029
0.4786255432935367,0.5245349513864308,0.23012503772539947,-0.4982476923203278,5.970884664831986,-1.2914908124588302,1.0383645774231454,-0.8741433067898168,1.6843270064419014
0.4786255432935367,0.5245349513864308,0.20963673918749182,-0.6852400807235945,2.77491150853404,-1.8113597494577562,2.357870106302865,0.15890891759740167,0.717060450325473
0.309990012016701,0.5245349513864308,0.20963673918749182,-1.0072345526265316,2.77491150853404,-2.6905658580282763,1.0200003141819496,0.8056147902090633,0.2617203589386988
0.309990012016701,0.5245349513864308,0.20963673918749182,-1.0072345526265316,5.467700621937238,-2.6905658580282763,0.16423255158985114,0.20380286037926332,0.12176968760552481
0.309990012016701,0.5292071525838081,0.20963673918749182,-0.07698669227144705,5.467700621937238,-3.023799870721092,0.11298424655184647,0.20380286037926332,0.12176968760552481
0.309990012016701,0.5292071525838081,0.1612083701299996,1.2747821992136485,5.467700621937238,-5.0780692424133775,0.12705711380425597,0.49199694778636344,0.28537872491252236
0.309990012016701,0.29563268850125946,0.1612083701299996,0.8680501949271964,5.4822654612960156,-5.537904084944793,0.8672722313715197,0.49199694778636344,2.1393216700820705
0.309990012016701,1.20499444975087,0.1612083701299996,2.040247824957956,2.146395608387493,-4.9335252049744405,0.9964341735704166,0.49199694778636344,1.1913696979699915
0.3430334581678298,0.6538331657446144,0.20087066622107413,2.5759994406155764,1.5589397061012118,-5.430678802815791,1.5067629125703534,0.7569917596203408,1.1913696979699915
0.3430334581678298,0.6538331657446144,0.20087066622107413,2.3965989060586868,1.6140184521021665,-5.978699149458651,0.6973882798194722,0.7569917596203408,1.1913696979699915
0.3430334581678298,0.5041045314945504,0.3244191970304083,2.6979723337231385,0.4701736162587,-5.592334244294387,0.6973882798194722,0.3432583868865461,0.6259422005751297
0.3430334581678298,0.3401552366208227,0.27219723722067607,1.9810599099409627,0.4701736162587,-4.82166556684803,0.6973882798194722,0.3432583868865461,0.6259422005751297
0.3430334581678298,0.3141829876009903,0.1630251981045769,-0.051831174155394066,0.3993462432272854,-4.394165103140084,0.5801506455923816,0.7521684883331736,1.1309710864958245
0.3430334581678298,0.29380728786697496,0.1630251981045769,-0.18128032100952482,0.3993462432272854,-3.917211788282152,0.6583988399884353,-0.019491287526109957,1.4490030932130635
0.3430334581678298,0.29380728786697496,0.1663871056389749,-0.4546745150787751,0.3441383370973707,-3.525022546082082,0.42300258748548997,-1.1136372148451967,1.4490030932130635
0.26664031073877337,0.29380728786697496,0.1663871056389749,-0.4546745150787751,0.28017780365082523,-3.9622181314893883,0.3795457374932079,-0.22200405797608824,1.1585054231475878
0.222925186087705,0.29380728786697496,0.1663871056389749,-0.14888685028199616,0.28017780365082523,-3.6144606480221966,1.3415254438009732,-0.22200405797608824,1.1585054231475878
0.222925186087705,0.38111995586658953,0.14174729353586416,1.217036491955986,0.28017780365082523,-3.898680095443765,1.3415254438009732,0.31614662015236383,0.4665489565808232
0.222925186087705,0.20719719969054995,0.13108890242931628,0.8115398463528043,0.28017780365082523,-3.6239431593310734,1.3415254438009732,0.648491634106853,0.49227628458830974
0.222925186087705,0.20719719969054995,0.13108890242931628,-0.6669599197064602,1.5037679882958395,-2.58628742515092,0.6160782114576013,-0.6973640231401013,0.49227628458830974
0.21305200926283915,0.20719719969054995,0.0997349198297669,-0.34484122089572494,6.224253475046095,-2.595005586785176,0.9818556546726324,-0.6973640231401013,0.44689766275297227
0.21305200926283915,0.1633807068445718,0.1022758512357232,-0.5211906133984814,5.679283705966989,-3.0604657008067884,0.9818556546726324,-0.21566975496735158,0.44689766275297227
0.25531801797460935,0.1891038791038558,0.22491537789915633,-0.5211906133984814,5.679283705966989,-2.850884236648639,1.6585761668773362,1.3672511211781502,0.48881144500803614
0.25531801797460935,0.38558248949381674,0.253857928279953,-0.5002254585745236,5.679283705966989,-0.9641308830064919,1.163848783260145,2.253811550327828,0.3568572605143091
0.25531801797460935,0.38558248949381674,0.253857928279953,0.31688109603450454,7.492545975197035,0.117629411752036,1.163848783260145,2.4244040133766767,1.1924037466656534
0.5346034311634095,0.38558248949381674,0.253857928279953,-1.2497440003902562,8.820452196530436,-0.9051881455937105,1.163848783260145,2.4244040133766767,1.1924037466656534
0.5346034311634095,0.5928520789500467,0.253857928279953,-1.0936160915087094,8.820452196530436,-1.5334786264619287,1.8809147464651186,2.4244040133766767,1.1924037466656534
0.5346034311634095,0.179575356188382,0.26815722336892756,-1.2510129300447248,2.654888065277466,-1.5521913125937645,0.759246306870309,2.0829225637199054,1.1924037466656534
0.5346034311634095,0.179575356188382,0.31851492102066015,-1.2510129300447248,2.654888065277466,-2.2039519890792545,0.43740413597819783,3.151781566647397,1.8463325484152076
0.5330988779019802,0.388932448846553,0.31851492102066015,-1.7221237744596292,2.3967601815068336,-2.1313827433320243,0.43740413597819783,2.7178615227925156,5.691100233047642
0.5330988779019802,0.388932448846553,0.37272962637294804,-1.2946724002835714,2.3967601815068336,-2.523385784818762,0.43740413597819783,2.5391536651627313,1.5703110495902726
0.49395865227188185,0.388932448846553,0.37272962637294804,-1.2946724002835714,1.7073335593626524,-1.5981676234869364,0.32374485411769016,2.250434500918197,0.7985709677073481
0.49395865227188185,0.11601690395002355,0.4641074756238308,-1.4580985679871912,0.4111220516414041,0.020903524944180685,0.5369550590479399,2.10909634528236,2.109912601495182
0.49395865227188185,0.11601690395002355,0.6638183035159434,-1.4580985679871912,0.6715373106947111,0.020903524944180685,0.9146408911090732,2.430356238209497,2.109912601495182
0.49395865227188185,0.11601690395002355,0.45193367915924304,-1.4580985679871912,0.8044269602363878,0.605704163458121,0.4741032090319883,2.1810408571329107,0.787429273600766
0.49395865227188185,0.16278885784142574,0.45193367915924304,-0.420681713890136,1.2317420174818223,0.605704163458121,0.24305929951755992,1.192916464072352,1.4146174756142016
0.49395865227188185,0.2605255254037924,0.45193367915924304,-0.420681713890136,0.3097574620217656,0.5645453090839845,0.3926504910892138,1.192916464072352,1.4146174756142016
0.4960020124028491,0.2605255254037924,0.3564597551909022,-0.420681713890136,0.12487488880643496,-0.17119378601781676,0.3926504910892138,1.0870617412804204,1.4146174756142016
0.4960020124028491,0.2605255254037924,0.36555394292190085,0.8334882978835376,0.13104368201330188,-0.4535448234398881,0.30641129899461933,-0.04272444690392585,0.7219261022208853
0.25805031379419374,0.2605255254037924,0.33954256911983616,0.21854044456305677,0.6037240621260287,-0.4535448234398881,0.11452167403854747,-0.04272444690392585,0.08915607853962557
0.25805031379419374,0.27370488064724824,0.1970225642254093,0.21854044456305677,0.8196550573523054,-0.4535448234398881,0.19609541720812546,-0.4864318512083666,0.08282678711294077
0.25805031379419374,0.27370488064724824,0.19856607644472918,0.24061610502780867,1.183832480697202,-0.6547231913275264,0.17570911387063878,0.12304533766997466,0.08282678711294077
0.18987520459835844,0.27370488064724824,0.19856607644472918,0.08044336824610654,1.423958404745218,-0.2818686565625164,0.17570911387063878,0.12304533766997466,0.3426391848465528
0.18987520459835844,0.519760321261341,0.19856607644472918,-0.11283140140633799,3.4992333436758076,-0.2818686565625164,0.17570911387063878,-0.4308844646425036,0.2526599181175999
0.2332942010664271,0.5296726108988683,0.3033593328170508,-0.11283140140633799,3.4992333436758076,-0.2818686565625164,0.8691466976754577,-0.4308844646425036,0.692447764383158
0.2332942010664271,0.5296726108988683,0.3033593328170508,-0.9738174139650618,0.9534267935595329,-0.2818686565625164,1.6070951520882975,-0.7297322741244605,0.4592897360385815
0.2332942010664271,0.5500565071485423,0.3033593328170508,-0.6440375329038992,0.7550414261422704,-0.7812443386621335,2.8122734335830124,-0.033053097993893554,0.5814487513912785
0.2332942010664271,0.7891103291818047,0.3339115244550599,0.03631341159083612,4.981240544781674,-0.7812443386621335,2.941343976256327,-0.033053097993893554,0.5814487513912785
0.2332942010664271,0.7891103291818047,0.3339115244550599,0.9285093108882141,1.677399341532642,-1.005876830508378,2.702566699544521,-0.033053097993893554,0.5856084542748259
0.2332942010664271,0.7891103291818047,0.4557578535487159,0.12535624258741418,1.677399341532642,-1.2075173782553499,2.2098741285879755,0.23006185353179553,1.1838958608564658
0.2332942010664271,0.5468236459822556,0.7641475843022577,0.12535624258741418,1.677399341532642,0.49737592992260193,2.095702701142215,0.23006185353179553,1.1041108743866928
0.2332942010664271,0.5468236459822556,0.7641475843022577,0.5315853190038817,3.88904944349362,0.49737592992260193,0.6912466518599983,-0.138034976336528,1.1041108743866928
0.2332942010664271,0.16446194174744894,0.7641475843022577,0.5315853190038817,2.7451652853124298,0.49737592992260193,1.7784020715052045,0.17566411713725738,1.1041108743866928
0.198426604240604,0.21569016498749344,0.7236710803920892,0.5315853190038817,1.9100783313336303,0.3392048775981864,0.8478670050842371,0.17566411713725738,0.9416543127545428
0.198426604240604,0.2402971216410144,0.7236710803920892,0.5315853190038817,1.4009138784147983,-0.7286184283853234,1.1453987063395596,0.17566411713725738,2.526078700859812
0.198426604240604,0.2402971216410144,0.7907714513915823,0.5315853190038817,0.915143630969195,-0.6672063746122415,1.160788163559571,-0.06660461099949835,2.526078700859812
0.19319681065104755,0.3051435724792172,0.7907714513915823,0.5315853190038817,0.535001842687507,-0.6672063746122415,1.3836361227927025,-0.06660461099949835,2.526078700859812
0.186537099641582,0.23848022983321662,0.7907714513915823,0.053814273279142955,0.8350774453513551,-0.6672063746122415,0.6090733235437945,-0.06660461099949835,3.5527425287820207
0.4531322707794445,0.23848022983321662,0.5794405684694263,1.1255375499038418,0.3204570889180696,-0.10791581482838342,1.898149052281849,-0.9906991120524448,3.5527425287820207
0.4531322707794445,0.23848022983321662,0.5794405684694263,0.8904857527616027,0.3204570889180696,0.22546559270652022,1.182756703183961,-1.9342354251089149,1.670531403125215
0.4531322707794445,0.23848022983321662,0.5794405684694263,0.048300219604096695,0.42100309591598206,0.7184552495055896,1.0162031424772324,-0.7655516783590539,1.0860530657648315
0.404715659198158,0.23848022983321662,0.5794405684694263,0.048300219604096695,0.42100309591598206,0.5848872545042153,1.367543471806028,2.1245925038698728,1.0860530657648315
0.404715659198158,0.23848022983321662,0.5794405684694263,-0.26320836503549716,0.49582874590440207,1.2971147326135128,1.367543471806028,1.4902190077360438,0.8824062068954979
0.404715659198158,0.23848022983321662,0.5725516444773759,-0.26320836503549716,0.49582874590440207,0.9970778715409192,1.367543471806028,2.128273326055072,4.1364743185831845
0.404715659198158,0.23848022983321662,0.5725516444773759,-0.26320836503549716,0.31663857514588745,0.33160982757615975,4.178538267827924,3.1873551901785624,0.973780780673659
0.700357439376902,0.23848022983321662,0.5542865787148159,-0.26320836503549716,0.8461396512122539,1.4932913322890933,2.406142302459329,3.1291994220204282,0.973780780673659
0.700357439376902,0.23848022983321662,0.5542865787148159,-0.8634113755176952,2.7793876321442803,1.8889507864663386,1.2806006965094974,3.1291994220204282,1.172504570691976
1.0053172732560423,0.23848022983321662,0.5850583801421979,-0.8634113755176952,2.7793876321442803,1.992873735444991,1.0675854442109474,1.3473875503353243,1.848312332383236
1.0053172732560423,0.23848022983321662,0.514850509551251,-0.6487893907916453,2.38399603440795,3.4177542687795244,1.3614086023469663,1.4797891328735635,1.2509469686776165
0.6733852276427379,0.23848022983321662,0.514850509551251,-2.025924931644225,1.3233734646480337,3.8781918842482135,1.3614086023469663,1.8882904499139554,1.2509469686776165
0.6733852276427379,0.23848022983321662,0.514850509551251,-1.2358373453840255,0.652923303478038,3.4761051336339457,0.17654837102024265,1.38761555324028,1.2509469686776165
0.6733852276427379,0.25852874998173736,0.514850509551251,1.330099747376861,0.8748790463030065,3.493001850967522,0.23107401368658861,2.5868596227838108,1.519321284498011
0.6733852276427379,0.246614022101565,0.5931391035604879,1.330099747376861,0.22143615351214388,4.206018636376641,0.22746990348216647,2.8487355204665183,1.519321284498011
0.6733852276427379,0.7987196816988655,0.5931391035604879,1.330099747376861,0.46615922714708385,2.0774402171357123,0.5501376656218248,2.8487355204665183,1.519321284498011
0.5101987978451467,0.9419149347317628,0.5931391035604879,1.330099747376861,2.0575170294596767,1.4814484072486214,1.206095150737678,3.829932750690417,1.2411434683145304
0.4564353100503412,0.9385630930962294,0.8293488397323211,-0.2786436000789714,2.0575170294596767,1.6629116872857876,1.005311770556253,3.0756590635099705,0.4952442007276403
0.4564353100503412,2.3857940597185863,0.5680520722291887,-0.2786436000789714,2.0575170294596767,0.9167399418519234,1.005311770556253,3.267843393060456,0.63408442565528
0.4564353100503412,2.3857940597185863,0.6352342917660131,0.20018257965733227,2.0575170294596767,0.14373899539136226,0.220736781131968,3.267843393060456,0.7887666804336275
0.4564353100503412,2.3857940597185863,0.6352342917660131,0.20018257965733227,1.0368947543984555,-0.05206257404557471,0.220736781131968,3.061678083128459,0.7887666804336275
0.4564353100503412,2.3857940597185863,0.6352342917660131,0.43580819148934713,1.0368947543984555,-0.6449655286709616,0.21843575250543135,2.3187305114746133,1.6255573926683073
0.4564353100503412,3.6320589941876875,0.6352342917660131,-0.503069074493589,1.209751203306522,-0.7439247003364381,0.21843575250543135,0.9354654708182264,0.8509174977984871
0.5006414167177273,3.6320589941876875,0.6352342917660131,-1.2359136269049622,0.4991600187047625,-0.02490797416459889,0.6122988478932682,2.536511385378965,0.8509174977984871
0.5006414167177273,2.3091438942446496,0.850908974548209,-1.1660761736161687,0.6411855819883753,-0.02490797416459889,1.8807519800263326,1.6359803137825728,1.2925684581288432
0.5006414167177273,2.3091438942446496,0.850908974548209,1.2609806629053788,0.6411855819883753,-0.02490797416459889,9.204226102352035,1.234526905424389,3.644047742985709
0.5006414167177273,3.407134991898659,0.850908974548209,0.7395712329608893,0.7695248186116221,0.8367009653799157,2.9347379010896026,2.1299199404374685,0.8963447202199022
0.5006414167177273,2.6536146325198424,0.850908974548209,0.1603579742076907,0.7833331435331254,0.8367009653799157,7.6777297776983495,1.5246816622732409,0.3192912697094531
0.5006414167177273,0.5406738208899756,0.43698970117485164,0.23347444785756563,1.1697775753078146,0.6317731451734501,2.0095538666745374,1.5246816622732409,1.1436688077778447
0.5006414167177273,0.5504606385452119,0.49428129416356326,0.23347444785756563,1.1697775753078146,-1.2776667313674805,1.4776159985137778,1.0408281891261628,1.1436688077778447
0.5006414167177273,0.5504606385452119,0.442368997087174,0.6457468062755249,2.2532473505968222,-1.6538655609828636,1.4776159985137778,1.0408281891261628,1.6278953509473673
0.23607144904583752,0.5504606385452119,0.48689382996885383,0.9069558222508348,1.247605333195509,-1.6538655609828636,0.9790111363912348,0.7088512002585241,1.6278953509473673
0.2910413920132233,0.21988856660544173,0.48689382996885383,0.9069558222508348,1.247605333195509,-1.5721146195722595,2.144886945712788,0.7088512002585241,1.3921554145146715
0.2910413920132233,0.21988856660544173,0.48689382996885383,-0.3298728659071425,2.088248813260502,0.40923146221452944,1.2508233214356914,0.28875884735776974,0.8061321786994113
0.2910413920132233,0.09655688573813782,0.48689382996885383,-0.3298728659071425,2.088248813260502,0.5461418877669665,1.094982504753744,0.5832720779009015,1.293283646858015
0.2910413920132233,0.2620682898670052,0.6240424980615695,-0.3298728659071425,2.088248813260502,0.5461418877669665,1.094982504753744,0.5832720779009015,0.9462582494429758
0.22671025822626098,0.2620682898670052,0.6240424980615695,-0.3198093827201983,6.7676705174978355,1.050499447763921,0.6081767235848442,0.5832720779009015,0.5248756310925772
0.25889631249900896,0.2620682898670052,0.6240424980615695,-0.3198093827201983,2.9304199215694853,1.050499447763921,0.6081767235848442,0.08835065617184407,0.5248756310925772
0.3275497435095537,0.2620682898670052,0.9268917131635698,-0.3198093827201983,0.49199872768637926,0.3058709693317134,0.26410406498638633,-0.6243797866614198,0.8010333921347897
0.4792064140658375,0.7568960678383657,0.9268917131635698,-0.13428749930080194,0.49199872768637926,0.8399553317459708,0.5641040021894473,-0.42416132233851844,2.4590435875431202
0.20280466986122234,0.7568960678383657,0.9268917131635698,-0.13428749930080194,0.9947627184872134,-0.268585036032882,0.5641040021894473,-0.42416132233851844,2.4590435875431202
0.20280466986122234,0.27505425403655337,0.9268917131635698,-0.13428749930080194,4.513771494396584,-0.268585036032882,0.18770082657943032,-0.42416132233851844,2.173196701175527
0.2488105778460245,0.27505425403655337,0.6142840529086356,-0.13428749930080194,1.5589634434164292,-0.43706893068886465,0.20597164288006867,-0.42416132233851844,2.173196701175527
0.4441581987044223,0.4376595783897276,0.6621047911809027,0.030398283301449808,1.5589634434164292,-0.43706893068886465,0.06563561503949335,-0.2959225997965088,2.0081487815436416
0.27750784686419694,0.4376595783897276,0.6621047911809027,0.173572302101081,1.0119423623231776,-0.6289559522046968,0.13572363833976986,-0.20695380723068468,4.300238204158064
0.27750784686419694,0.4376595783897276,0.6621047911809027,0.173572302101081,1.0119423623231776,-0.6289559522046968,0.0739675895157453,-0.20695380723068468,0.8378833134836264
0.27750784686419694,0.4376595783897276,0.8722697064831297,0.173572302101081,1.0119423623231776,0.5155508162123872,0.19584874865134824,0.519311608278366,0.8378833134836264
0.27750784686419694,0.4376595783897276,0.8722697064831297,0.173572302101081,1.0119423623231776,-0.29062455553616806,0.19584874865134824,0.026745902609718375,0.905317401125517
0.27750784686419694,0.29856443288571616,0.8722697064831297,0.173572302101081,1.0119423623231776,0.848697942694319,0.19584874865134824,0.026745902609718375,0.9433232333919964
0.4612766710630904,0.17437784481272905,0.8722697064831297,0.173572302101081,0.570600757498008,-0.6392306105783959,0.2705807895340221,0.49158394654199805,0.9433232333919964
0.4612766710630904,0.2847946166970343,0.5896149653400151,0.173572302101081,0.6315257882289372,-0.5165031217597377,0.6400897259733864,0.49158394654199805,1.8885579349208215
0.4612766710630904,0.36671355481668866,0.5896149653400151,0.3008838980727077,0.6315257882289372,0.24196715788070022,0.6400897259733864,0.49158394654199805,1.8885579349208215
0.4612766710630904,0.36671355481668866,0.5185571505362623,0.3008838980727077,0.4029252879771301,-1.281736294782652,0.49638347623791107,0.49158394654199805,2.1229294420569897
0.4612766710630904,0.26444959166689147,0.7954254546336409,-0.2564610895604627,0.8373526320675756,-0.0649996601148366,0.40018566646037806,0.49158394654199805,1.6448420543828877
0.4612766710630904,0.26444959166689147,0.7954254546336409,-0.2564610895604627,1.5199877264673662,-0.0649996601148366,0.40018566646037806,0.49158394654199805,3.154989561906129
0.4612766710630904,0.26444959166689147,0.9980636541851403,0.1499910153408146,1.5199877264673662,-0.0649996601148366,0.40018566646037806,0.49158394654199805,3.2388339796393044
0.4612766710630904,0.7705818309131768,0.9980636541851403,0.1499910153408146,0.4636095615215427,-0.0649996601148366,0.40018566646037806,0.49158394654199805,3.2388339796393044
0.4612766710630904,0.7705818309131768,0.9980636541851403,0.1499910153408146,0.2997452733299136,-0.0649996601148366,0.4058944672031938,-0.05924674518884482,10.55674156107814
0.4612766710630904,1.2780967222177186,0.973317880644918,0.1499910153408146,0.2997452733299136,-0.047243459233237445,0.4058944672031938,-0.05924674518884482,10.55674156107814
0.4612766710630904,1.2780967222177186,0.973317880644918,0.1499910153408146,0.33740979567988066,-0.047243459233237445,0.08258008754618391,-0.15322345405273108,2.217647310285464
0.4612766710630904,1.2780967222177186,0.973317880644918,0.10945869731759521,0.5477096496944677,-0.047243459233237445,0.08258008754618391,-0.15322345405273108,2.217647310285464
0.4612766710630904,0.38546564660813465,1.6004693357956308,0.10945869731759521,0.9385895557004562,0.5139055112908666,0.47698659658597226,0.06915829975145868,2.217647310285464
0.5415284838109357,0.8303194583795717,1.6004693357956308,0.10945869731759521,0.751392611879477,0.14944656308622484,1.0922584224835636,0.06915829975145868,1.0983626468149845
0.5415284838109357,0.7439879410156705,1.6004693357956308,-0.04683342386162058,1.942030247798585,0.14944656308622484,0.7996180141303313,-0.34918057433626726,6.355307676353042
0.5415284838109357,0.7439879410156705,1.4454315906153021,-0.04683342386162058,2.21003222651527,0.14944656308622484,0.8275994777227003,0.8171666549474756,6.355307676353042
0.5415284838109357,0.7911304197761534,0.9060699232191771,-0.04683342386162058,1.1976430913183185,-0.024215995485913244,1.8719904143410397,0.8171666549474756,6.727262866285162
0.5415284838109357,0.6432631138806987,0.9060699232191771,0.7498749705114865,1.169356671320327,-0.024215995485913244,1.8719904143410397,0.41426324305045265,6.727262866285162
0.5415284838109357,0.2682428773746931,0.8139881279857295,0.7498749705114865,0.5568807533160633,-0.024215995485913244,0.5334420688529177,0.41426324305045265,6.19033755892463
0.5415284838109357,0.27202783493810084,0.8139881279857295,1.0001024122858784,0.5568807533160633,-0.024215995485913244,0.5334420688529177,0.41426324305045265,3.033661116362861
0.5415284838109357,0.27202783493810084,0.8139881279857295,0.11736209366788042,0.5568807533160633,-0.024215995485913244,0.5334420688529177,0.41426324305045265,3.033661116362861
0.5074369142511612,0.27202783493810084,0.8139881279857295,0.11736209366788042,0.36328159228572915,-0.10960125150482385,0.7701044120762586,0.028200265876097474,3.033661116362861
0.47734515046043446,0.27202783493810084,1.117626985334488,0.11736209366788042,1.8055454037294658,-0.4005586580196903,0.44778392810960327,0.028200265876097474,0.911200601134497
0.2818551011699337,0.22883681158924637,1.1074034086031275,0.11736209366788042,1.4246737339585216,-0.19898639303783391,0.5269404084406355,0.028200265876097474,3.167381516527662
0.19634409537897332,0.2554622074777433,1.1074034086031275,-0.025726052723031217,1.4246737339585216,-0.19898639303783391,0.7997274752621761,0.028200265876097474,3.167381516527662
0.1654164983689632,0.2554622074777433,1.1074034086031275,-0.025726052723031217,1.4246737339585216,-0.19898639303783391,0.7997274752621761,0.028200265876097474,3.167381516527662
0.11067216492796703,0.2554622074777433,1.1074034086031275,-0.025726052723031217,1.4700590007110808,0.010818554063246277,2.7014849581800355,0.028200265876097474,0.5652304141297432
0.11067216492796703,0.2554622074777433,0.8360987866475159,-0.025726052723031217,0.11227549686593057,0.010818554063246277,2.7014849581800355,0.028200265876097474,0.5652304141297432
0.15485598279556634,0.2554622074777433,0.8360987866475159,0.07541997577201247,0.661015587521884,0.010818554063246277,0.48005463759452943,0.028200265876097474,0.5652304141297432
0.15485598279556634,0.2554622074777433,0.8371269623263201,-0.12861403281312528,0.661015587521884,0.010818554063246277,0.3300325801409846,0.028200265876097474,0.5652304141297432
0.15485598279556634,0.2554622074777433,1.3610712759453316,-0.12861403281312528,0.661015587521884,0.010818554063246277,0.46447859747241876,0.028200265876097474,0.17307522623975163
0.15485598279556634,0.32173657789274596,1.3610712759453316,-0.12861403281312528,0.4382145239025549,0.010818554063246277,0.3295209271493671,0.028200265876097474,0.10000249327086516
0.15485598279556634,0.5494730356994714,1.3610712759453316,-0.12861403281312528,0.20771934881744833,0.010818554063246277,0.8428226673013978,0.028200265876097474,0.055383236909605296
0.15485598279556634,0.5494730356994714,1.3610712759453316,-0.12861403281312528,0.31607559227873233,0.010818554063246277,1.7463769997583856,-0.46572692657053266,0.21659770062681682
0.15485598279556634,0.5117042368440418,1.3610712759453316,-0.12861403281312528,0.951020249291706,0.010818554063246277,1.7463769997583856,0.5585504181319556,0.2391343394232603
0.15485598279556634,0.5117042368440418,1.3446619903324024,-0.12861403281312528,0.8382741303542091,0.010818554063246277,1.7463769997583856,-0.7131338896185457,0.15677461434623965
0.15485598279556634,0.5117042368440418,0.9622349075641037,-0.12861403281312528,0.8419385747540359,0.3248831569702176,0.8950511389604722,0.6270249187091723,0.15677461434623965
0.4851995722491058,0.14175626672241776,0.9622349075641037,0.024816852604983064,0.8419385747540359,-0.5222062493020974,0.8950511389604722,1.3855423407108023,0.5543450387454261
0.4851995722491058,0.14175626672241776,0.7143075912601223,0.024816852604983064,0.5434963551374841,-0.5222062493020974,0.8950511389604722,0.20565886865021676,0.579853716585656
0.4851995722491058,2.3527764585183237,0.7143075912601223,-0.06180700520413082,0.3575711931320805,-0.5222062493020974,0.8139413088904582,0.20565886865021676,0.579853716585656
0.4851995722491058,2.3527764585183237,1.1627361609718103,-0.06180700520413082,4.919357692712952,-0.5222062493020974,0.7873974121055456,0.20565886865021676,1.7500164048378941
0.4063529704370873,0.7646877641513518,1.1066396660523499,-0.06180700520413082,8.725400493986134,-0.41442755150319466,1.8077373854737289,-0.2001475153524297,1.4708710704146764
0.4063529704370873,0.2504517039432772,1.1066396660523499,-0.06180700520413082,1.1457530288760593,-0.35071518789762657,3.6207017669593062,-0.2001475153524297,0.7342500424071037
0.4063529704370873,0.2504517039432772,1.1010017534042562,-0.04306648844565791,1.1457530288760593,-0.35071518789762657,1.2705097952881081,-0.3830149903459097,0.7342500424071037
0.30024660434621947,0.2205911262512511,1.1010017534042562,-0.04306648844565791,0.9505561615779075,-0.35071518789762657,2.7061559137798756,-0.3830149903459097,0.8436912638811493
0.30024660434621947,0.2205911262512511,1.1010017534042562,0.2599404000871241,0.6099889761664843,-0.35071518789762657,0.7606841898655237,-0.3830149903459097,1.037690044375829
0.30024660434621947,0.2205911262512511,1.1010017534042562,-0.3240026798410827,0.23686274350575318,-0.6295965458094969,0.4169132325226983,-0.3830149903459097,0.6051798726778931
0.23826290437466824,0.15724181099245094,0.9076141558638016,-0.3240026798410827,0.19365084074844796,-0.6295965458094969,0.8174843419329305,0.16659713664314046,0.6051798726778931
0.21863723895936213,0.3126296363250737,0.9076141558638016,-0.3240026798410827,0.2894687039233892,-0.6295965458094969,0.4775445581298492,0.16659713664314046,0.6051798726778931
0.21863723895936213,0.3126296363250737,0.9076141558638016,-0.3240026798410827,0.6962874779845595,-0.6295965458094969,0.6836072186865788,0.16659713664314046,0.6051798726778931
0.21863723895936213,0.9804529862708835,0.9076141558638016,-0.3240026798410827,0.222935136461727,0.02165937673141416,0.3732278443756768,0.282045784997919,1.3359478005514163
0.21863723895936213,1.155065163341131,1.2411102249190369,-0.3489425183244855,0.222935136461727,0.02165937673141416,1.0408047533741225,0.282045784997919,0.608036033092771
0.21863723895936213,0.7863402861549639,1.2411102249190369,-0.36218365386562346,0.222935136461727,0.02165937673141416,2.0751090291982597,-0.30817954899191524,0.8454621805238168
0.22774700535574058,1.0823204403958644,1.0500392918451107,-0.024170612095061106,0.30753598590254333,-0.17795574699820527,2.0751090291982597,-0.30817954899191524,0.5174950008714548
0.22774700535574058,0.503665857840416,1.0500392918451107,-0.2598694548377648,0.30753598590254333,-0.44782193417183513,2.532799265442336,-0.30817954899191524,0.6279159929974677
0.22774700535574058,0.503665857840416,0.9191463163388057,-0.25015726619116374,0.30753598590254333,-0.44782193417183513,2.532799265442336,-0.30817954899191524,0.6279159929974677
0.5284711350201896,0.3100527767175453,0.6790798815569705,-0.12918290589495235,0.30753598590254333,1.5712744124685019,1.613143501156318,1.0689508645182653,0.422307638834122
0.5284711350201896,0.3100527767175453,0.6790798815569705,0.2549192774129899,0.30753598590254333,1.508772198263744,0.889650859037896,-0.45022910000521255,0.753976599860556
0.5284711350201896,0.4702262009009101,0.7832989102385607,0.2549192774129899,0.17283341612506478,1.508772198263744,1.1932269292926634,0.425928262430771,0.894766635200964
0.5284711350201896,0.4702262009009101,0.7394230788984583,0.2549192774129899,0.09189100344336082,0.6242328718801365,1.1932269292926634,0.425928262430771,0.894766635200964
0.5958241904453544,0.4702262009009101,0.7394230788984583,-1.0288691666313006,0.09189100344336082,0.9779274586940787,0.6083215075065093,0.4163017135420211,0.894766635200964
0.5958241904453544,0.4702262009009101,0.8200683410315328,-0.7200068561620063,0.22090044208756585,0.86627661003546,0.2908236193028299,0.5886220734408936,0.7384134048218438
0.5958241904453544,0.30131918382775263,0.771589341757083,0.08971210860036782,0.5717843666428323,0.014545379876292786,0.5467159430301721,1.24987813253605,0.3554055511378659
0.3882537205056575,0.4112163762184727,0.771589341757083,0.08971210860036782,0.4674988799506864,0.4310214759018269,2.262837889441582,1.24987813253605,0.3554055511378659
0.3882537205056575,0.4112163762184727,0.6778194308578226,-0.17874140115526826,0.5361586115143194,-0.33501028944597006,2.575797613028272,1.1963151999725976,0.653662181927111
0.287646378718928,0.3497726332343911,0.6432880093445092,-0.17874140115526826,1.329167589854105,-0.4517636697228774,2.575797613028272,1.015590569216587,0.5112123481573225
0.31231474892243066,0.3497726332343911,0.9087665408636297,-0.6915496572063368,4.01408823104651,-0.4517636697228774,2.575797613028272,1.015590569216587,3.732412425616194
0.31231474892243066,0.2735862507904164,1.0429718335718796,-0.8911720603212309,3.3728150190255928,-0.4517636697228774,2.420614681083102,0.9473143749456395,6.686243166093092
0.41999085151360793,0.23245175542392302,0.8369288640661519,-0.8911720603212309,1.839026019675505,-0.4517636697228774,2.818488898034725,0.7975608232249456,3.9181446322455775
0.41999085151360793,0.23245175542392302,0.8369288640661519,-0.28264357264091355,1.676510537737778,-0.4517636697228774,0.6338655500939799,0.7975608232249456,3.9095842361724924
0.23459257714514406,0.7656552137823456,0.8369288640661519,-0.28264357264091355,0.5947373645767129,-0.5453686693628699,0.5011036011029347,0.18769110334835282,3.0131898227609004
0.23459257714514406,0.9910303418638835,0.8369288640661519,-0.28264357264091355,0.5947373645767129,-0.5453686693628699,0.5011036011029347,0.18769110334835282,2.882080061814311
0.23459257714514406,0.9910303418638835,0.8098886336074171,-0.26398743381154005,0.5947373645767129,0.2468066135665461,0.8989122386414146,0.18769110334835282,2.882080061814311
0.23459257714514406,1.0502071090537357,0.8098886336074171,0.22851204232661065,0.8348565128831142,0.2468066135665461,5.7917980252938275,0.5302210674549216,1.6942524799962035
0.4298124721267307,1.0502071090537357,0.9521745629077216,0.22851204232661065,1.858138427448354,0.08017352957187451,1.5050430505804742,0.23091557516279548,1.6942524799962035
0.37298950180594825,1.1007945923817102,0.9521745629077216,0.22851204232661065,2.7540383575913845,0.08017352957187451,1.5050430505804742,-0.4801626930729178,1.6942524799962035
0.37298950180594825,0.8158458087681026,0.45479630413262195,0.2715604682079028,2.7540383575913845,-0.9133255193472231,0.56362241144525,-0.8195860909150388,1.5458265215079183
0.37298950180594825,0.8158458087681026,0.7296940551167374,0.2715604682079028,3.017824577249948,-0.9133255193472231,0.56362241144525,-1.3703476194320081,0.5510636067959106
0.37298950180594825,0.8158458087681026,0.7296940551167374,0.2715604682079028,3.017824577249948,0.34240558395950205,1.6420588806463943,-1.3703476194320081,1.0578931116663324
0.37298950180594825,0.3781566894987826,0.7296940551167374,-0.024568175170866124,3.017824577249948,-0.11033460338924378,0.47759062866964536,-1.5009605742830363,1.0578931116663324
0.37298950180594825,0.3781566894987826,0.7296940551167374,1.0186692237432247,3.1548373822013023,-0.790195387840374,0.2616970724269377,-2.0381584321347255,0.9427396612576099
0.37298950180594825,0.3781566894987826,0.7538442888679567,0.5000037821008719,0.8792240685574533,0.050459338694888944,0.6163273601699994,-2.081523464082896,0.7969747749327142
0.7322303046544923,0.22423698683926105,0.5628172322823539,1.9174196737185474,0.6674836430534772,-2.123799280760896,1.0408219740339708,-3.0426229691570033,1.316517422943543
0.8017164378888195,0.1730008372969016,0.35365458523223875,3.4506422558686256,0.5151719043651768,-2.123799280760896,1.0408219740339708,-3.0426229691570033,0.8216329985423637
0.7861724362230026,0.23262916132903647,0.6276489659487796,2.3717605167072415,0.5151719043651768,-2.123799280760896,0.560750817054332,-3.4868864505698287,1.2857497601341612
0.7861724362230026,0.9257576248831493,0.6276489659487796,3.2157904397597825,0.17892127116386178,-0.34106991141467935,0.560750817054332,-3.4868864505698287,0.9768830179948235
0.7861724362230026,0.9257576248831493,0.6276489659487796,2.889660304811834,0.345929710459135,-1.0716536730593254,2.052210852333947,-3.9376252564236376,2.076692675495263
0.7861724362230026,0.9257576248831493,0.6276489659487796,3.1768850086918943,0.5278935287534126,-1.0397105260419728,2.052210852333947,-3.0060788688579336,1.0489602103683386
0.9162308442399726,0.7125471058419255,0.41611758626182127,2.4041829555539214,0.5278935287534126,-1.0397105260419728,1.307228549917454,-3.0060788688579336,1.0489602103683386
0.9162308442399726,0.2125323905599121,0.41611758626182127,2.4041829555539214,1.917279057098314,-2.341343387082949,1.4991069183027987,-3.937461828421383,0.11990192674384993
0.9162308442399726,0.32611455749931323,0.41611758626182127,0.5378019689046807,2.180956092871871,-3.8089796462986505,1.4991069183027987,-3.3839124686672335,0.41754123258646125
0.6620169969950266,0.32611455749931323,0.41611758626182127,-0.056335089692339246,1.5506875765622836,-3.8089796462986505,1.2660019527328865,-4.70301462958237,1.2766621080466658
0.6620169969950266,0.32611455749931323,0.41611758626182127,-0.056335089692339246,2.7591278808864885,-3.8089796462986505,0.8931057792521933,-5.156651836496872,1.2766621080466658
0.6620169969950266,0.30615035083760245,0.5841182423663797,0.19520684129701632,2.7591278808864885,-3.8089796462986505,1.0239786333930305,-5.156651836496872,0.7753690518267434
0.6620169969950266,0.30615035083760245,0.7534424082976023,-0.13715796857341295,2.7591278808864885,-3.2338423576086135,0.7101453271690812,-5.156651836496872,0.7753690518267434
1.6461244540317352,0.4935900097745033,0.7534424082976023,0.6183293537017551,0.8642225824813256,-3.146767978201004,0.3022721920379421,-3.9666010632629303,0.7753690518267434
1.6461244540317352,0.433081905526124,0.7534424082976023,0.6426825391291726,0.4652919087779049,-3.9720570852527834,1.0140452312729682,-4.16889303898508,0.6615344861549823
1.6461244540317352,0.5542663178875925,0.7534424082976023,1.376552252479255,0.6351006039653392,-2.89929646939045,1.8167466873382672,-3.728166731145688,0.6615344861549823
1.2597206318190939,0.5542663178875925,0.7534424082976023,1.323421362845969,0.8235763524324222,-2.146413314445704,0.5046868512870839,-3.728166731145688,0.3221156408238831
1.2597206318190939,0.444172982280656,0.7534424082976023,1.323421362845969,0.8235763524324222,-1.2894056924597446,1.328441113375766,-2.8564160401910756,0.3221156408238831
1.2597206318190939,0.444172982280656,0.6475727592407042,0.07257342006314826,0.580620485908165,-2.5170970375149384,1.328441113375766,-2.389734286807712,0.5360788254639496
1.2597206318190939,0.3455556381306988,0.6475727592407042,-1.1434127142699415,0.5919921292830693,-2.1177912344178456,4.642591178317134,-1.500946544692071,0.12139833217638285
1.2597206318190939,0.3455556381306988,0.6475727592407042,-0.7416458337949413,2.4880868530966365,-2.2803994215327035,5.482828194870787,-1.3901845020185268,0.1502262386405
1.2597206318190939,0.3455556381306988,0.6691302260512388,-0.7416458337949413,0.965225067234982,-3.471510166548078,4.556550649541556,-1.066793923622692,0.7880935633015612
1.2597206318190939,0.3455556381306988,0.7173502976090107,1.2687229207893918,0.5869277627741764,-3.4552701286787726,3.0201251714696835,-0.7017365949080681,1.3909926963252963
1.2597206318190939,0.44516469262418296,0.7173502976090107,-0.1499291839853223,0.5869277627741764,-3.4552701286787726,0.33920515725537886,-0.7017365949080681,1.3909926963252963
1.2597206318190939,0.44516469262418296,0.5248977019601921,0.7390738326506049,2.2709205500951612,-3.4552701286787726,0.4462259678789598,-1.3903938781016234,1.3909926963252963
1.2597206318190939,0.44516469262418296,0.5248977019601921,-1.5452236618709136,1.9132841876654987,-1.7899328502248424,0.7784967982743004,0.9163754047174786,1.0174216788823396
0.8379133480589757,0.44516469262418296,0.5248977019601921,-0.8431025075201596,1.9132841876654987,-1.1439866333380855,1.6241836499249167,0.3480606787043352,2.3656029216842933
0.8379133480589757,0.2560985751089284,0.49852708516625577,-1.4497508693138637,1.9132841876654987,0.03269955292003557,2.7742239136948528,0.3480606787043352,2.3656029216842933
1.004449307875293,0.2560985751089284,0.49852708516625577,-0.9607869043574587,1.2265007713602472,0.03269955292003557,1.5432841594540831,1.0944972788053127,3.5738196711348076
0.7944102994479088,0.2560985751089284,0.49852708516625577,0.3365768173093361,0.7456678751791572,0.33306706470439945,0.983446857093373,1.0603610549808327,1.6127440441025147
0.7944102994479088,0.2855990350516117,0.5312400979969204,0.9057198970812486,0.9017982401770667,0.8410460513489031,2.706628487931185,0.2010795408711683,5.233832192648619
0.3890171791003484,0.38341802430149613,0.5312400979969204,0.9057198970812486,1.2128752709958353,0.8410460513489031,2.706628487931185,0.04582674758017194,4.858479516443316
0.3890171791003484,0.38341802430149613,0.5312400979969204,0.4169156616742279,0.7029247302785209,0.8410460513489031,2.706628487931185,-0.48445966587430944,3.593302668730487
0.531280789819723,0.38341802430149613,0.6520296672083588,0.4169156616742279,0.7029247302785209,0.8410460513489031,2.1128640498284645,-0.6653902973816066,4.166380912455872
0.531280789819723,0.38341802430149613,0.7505589489169158,0.4169156616742279,0.6755106520528948,-0.009115830383472856,2.1128640498284645,-0.6653902973816066,3.7331788510639643
0.35714951931277455,0.4377134820294233,0.7505589489169158,0.4169156616742279,1.4490128168351903,-0.4094954508143937,0.8610961304794446,-0.6653902973816066,1.1995981558149724
0.5290372528782462,0.4377134820294233,0.8931153291923623,0.3335348497692827,0.602912168501545,0.684271574777269,0.7905654434970555,-1.6921440874320786,0.8909002976258305
0.5290372528782462,0.42926032695035554,0.4403111487637089,0.3335348497692827,0.602912168501545,1.2382477415624056,0.7905654434970555,-0.6658348975005528,1.2962753927849178
0.5290372528782462,0.2818946755604977,0.4403111487637089,-0.31414930517266326,1.1285065839566544,0.7528514309749801,0.3852259491383347,-0.6658348975005528,1.2962753927849178
0.5290372528782462,0.44631994082512355,0.4403111487637089,-0.2123821090278936,0.25767115615297975,1.4115319139735545,0.362953033564916,0.7488970465823017,6.87476851689747
0.5290372528782462,0.3870869538512709,0.33879437635212084,-0.42546709474369715,0.2372513097707784,1.6803820432549763,0.8095239673518803,0.4499917528552739,1.7161527618487717
0.5290372528782462,0.7393554449481529,0.33879437635212084,-0.9864480150998663,0.2372513097707784,1.5427071591138541,0.7229362260520089,-0.37310955342479707,1.4593017188643813
0.45907518791512614,0.7013971416480073,0.391415589418147,-1.2530528968113446,0.2372513097707784,-0.11576589577192009,1.4905695613461971,-0.7744534713514619,1.4009902465393995
0.45907518791512614,0.3635903563796588,0.9644312877144267,-0.54853919985867,0.08320939615785425,-0.11576589577192009,2.270232901967918,-0.3024925744942964,1.005624607693632
0.45907518791512614,0.3635903563796588,0.9644312877144267,-1.2811606460591012,0.08320939615785425,0.010695307060579834,3.9863849983735506,0.7913871091453171,1.3538585867473407
0.45907518791512614,0.36373113804307594,0.6367023154922427,-1.2811606460591012,0.26228828089489187,-0.22016093327779604,1.6014017147906359,0.7913871091453171,1.3538585867473407
0.6255689170371035,0.36373113804307594,0.6367023154922427,-1.9021296293227121,0.26228828089489187,0.27670797664775393,2.795164937166249,0.5700630789617227,1.3538585867473407
0.3630028376713219,0.36373113804307594,0.6059059587329606,-1.4700469900963908,0.26228828089489187,-0.7790964660285667,2.0351945789887886,0.24546817469476218,0.7035245670408055
0.3630028376713219,0.5333881967599935,0.6059059587329606,-1.4700469900963908,0.365188020353423,-0.7790964660285667,1.4735783068177986,-0.3090593419525492,0.7035245670408055
0.3630028376713219,0.5333881967599935,0.6059059587329606,-1.4700469900963908,0.365188020353423,-0.7790964660285667,0.5490450935057521,0.13119980417505878,0.23060252941415058
0.3630028376713219,0.5333881967599935,0.6246313974906574,-1.7263471639066166,0.35623809725139677,-0.591943284849289,0.32004930719233876,0.13119980417505878,0.32722979151141124
0.3630028376713219,0.5333881967599935,0.6246313974906574,-1.7263471639066166,0.6304344081228082,-0.591943284849289,0.32004930719233876,1.990943358056001,1.0666323598372744
0.3630028376713219,0.5333881967599935,0.29347136045240885,-1.9980566710469114,1.1505118860841814,-0.18134747976827104,0.40888043597868795,1.990943358056001,1.0666323598372744
0.3630028376713219,0.5333881967599935,0.2096488400314449,-2.922679799105842,1.1584683049960083,0.7572177355831873,0.22501181864323758,1.990943358056001,1.334515372714607
0.3630028376713219,0.5333881967599935,0.2096488400314449,-2.0174401341931913,2.8256302714434125,0.7572177355831873,0.22501181864323758,0.6611005828331875,0.6237821842567842
0.3630028376713219,0.5571629990839743,0.2096488400314449,-2.891330455776493,4.245299287587212,0.3139137640953114,0.18512674432022716,0.6611005828331875,0.8347320569485162
0.40090331434472715,0.21700273082696023,0.25927209722294475,-2.213522460202037,3.1787890457919334,-1.1333622950944784,0.18512674432022716,1.0022292860765247,1.0302072458170233
0.40090331434472715,0.21700273082696023,0.2472904024364132,-2.213522460202037,3.1787890457919334,0.5875935292709906,0.5307173381750322,1.0022292860765247,1.2135165843092375
0.40090331434472715,0.21700273082696023,0.2472904024364132,-0.7606691551927565,0.8056628227784141,0.46563813606716387,0.8799621197625476,0.6364459513698921,1.2135165843092375
0.31382170352115335,0.21700273082696023,0.2472904024364132,-0.27829080593064465,0.5251973568179774,1.8466604504707949,0.8799621197625476,0.6735530256883289,0.2900451983225301
0.31382170352115335,0.21048836231823373,0.18688806412618297,0.48132066291328374,0.5251973568179774,1.983393974479629,1.344363743949803,0.9837726411898688,0.7616027320126741
0.31382170352115335,1.2178066797582903,0.21073649282366402,1.1523607391727742,0.23426198330211787,2.3019646568540226,0.5789988786479688,-0.166075213464967,0.9117238372944539
0.31382170352115335,1.2178066797582903,0.24580477359592548,1.110436571477079,0.44744451926068846,3.5265851631615797,0.23794134007110967,-0.061839802507542924,2.3987192449866352
0.31382170352115335,0.5642212481258359,0.28097537060687094,2.0582544663176416,0.629747685485339,3.6494048684125855,0.5052853062257715,0.45450899876052187,0.47675742592067893
0.31382170352115335,0.5642212481258359,0.32654298459655845,2.408930979579874,0.6931018826137916,3.3377977508601813,0.3091471414958088,1.2187636257375432,0.47675742592067893
0.31382170352115335,0.20323092662987086,0.32654298459655845,2.408930979579874,0.40460953328155724,3.528493485825722,1.5090813313148828,1.4090551116453185,1.074019642564946
0.31382170352115335,0.15529891628631481,0.367178216354793,2.408930979579874,0.5918793168957563,3.528493485825722,0.9268922919112641,1.607086648407477,1.074019642564946
0.31382170352115335,0.9832786262551624,0.1962611199506895,1.856332777039203,0.5918793168957563,3.662940568211812,0.9709301582555645,1.607086648407477,1.074019642564946
0.31382170352115335,0.9945598512117992,0.37521434928833747,1.0944621783704518,0.6696901087180481,2.528479472574147,0.8101356365380115,1.6262017806847013,1.074019642564946
0.31971796067827035,0.6661403796834157,0.27606378089740286,1.0365388943488418,0.4395442292488377,3.6270644842148476,1.352047032284683,1.8401257060993816,0.41433668870745755
0.575733049866462,0.6661403796834157,0.27606378089740286,0.2505032826243053,0.23481578781674955,3.607588664479367,1.3591539776455666,1.2824624387387804,1.4023799163409614
0.575733049866462,0.6661403796834157,0.24890895702961235,-0.6806376208372493,0.2448111292278023,3.3324880263787637,0.8346860491319333,1.0078909528185789,4.525747899598411
0.2914179911030597,0.3879515333414175,0.20291893178630227,-2.1369869899615006,0.14356353521567983,4.755913963795209,0.8346860491319333,0.36851676934255695,0.8271048412871427
0.2914179911030597,0.39118247548205626,0.23113381650753387,-2.1369869899615006,0.14356353521567983,3.148392133842635,0.8346860491319333,0.5857239657792712,2.165797174583903
0.29964114869642283,0.3350087864819835,0.34828141698820186,0.20833480823437034,0.13405579510701576,3.148392133842635,0.8346860491319333,1.1281259528959025,4.801051487173886
0.29964114869642283,0.3350087864819835,0.3114560083228341,-0.2640529333888851,0.3250763604518404,2.3003247171714225,0.4826610262829874,0.05596874124764417,3.673011251468125
0.28954903464512843,0.3350087864819835,0.3114560083228341,0.3690946797739478,0.3250763604518404,2.3003247171714225,0.3665625968609835,-0.5056421129325809,3.673011251468125
0.28954903464512843,0.3350087864819835,0.25817660256838176,-0.5780731435810504,0.27474545363470965,1.7417669858307496,2.306995827783989,-0.5056421129325809,2.653583937633546
0.28954903464512843,0.41803985777090225,0.20359360359785053,-0.5780731435810504,1.0474810786442783,1.5176726013137396,2.306995827783989,-1.2515332855612922,6.1666715664472225
0.28954903464512843,0.15138645640003678,0.20359360359785053,-0.885359796440737,0.8101508024646621,1.5176726013137396,4.023257739279058,-1.2515332855612922,5.262677647740487
0.28954903464512843,0.15138645640003678,0.18049490518234043,-0.5046167340284864,2.5475791309144213,1.5176726013137396,3.479754990156517,-1.2743356835472575,5.262677647740487
0.28954903464512843,0.15138645640003678,0.210229417173301,-0.4483611216736731,2.4825288037361193,2.697346599065095,4.019790267381254,-1.2743356835472575,2.610030807617882
0.28954903464512843,0.34889027018359225,0.22571848579115592,-0.020192054661925862,2.4825288037361193,2.7142867907414447,4.019790267381254,-1.1978408219582188,1.6616729537501054
0.24624327076849872,0.3865989894970907,0.22571848579115592,0.18200456874086882,2.5027599338248447,3.041624828673345,4.019790267381254,0.25109517303923123,4.382383772274742
0.3637745662146919,0.41539935697454,0.22571848579115592,1.6757395894783786,2.1692825780943257,2.5977853097189514,3.0531981888710646,-1.353697913578226,3.695315838525384
0.3637745662146919,0.2542400016908319,0.22571848579115592,-0.23994235629033356,2.3695163314271994,1.5244443968009478,3.0531981888710646,-1.353697913578226,3.695315838525384
0.3637745662146919,0.39389359527515705,0.22571848579115592,-1.1134448503212133,3.697858576695053,1.8111631080395225,0.5700496183338806,0.16068273240266873,6.856826157175232
0.1969272445374262,0.8052784067127313,0.22571848579115592,-1.1134448503212133,0.4510084263210091,2.024395958051542,0.5700496183338806,-1.5982023992862502,6.856826157175232
0.1969272445374262,0.5893080207469492,0.22571848579115592,-0.6268500215819575,0.4510084263210091,0.7804680628092646,0.8181165832796308,-1.2608823794608854,7.913406377250153
0.1969272445374262,0.44006774098200124,0.18287560129115368,1.0193462294455937,1.4027895539433721,-0.04291051867443585,0.5388694142766998,-1.2608823794608854,7.913406377250153
0.1969272445374262,0.7755188341164162,0.16932979024553982,1.0193462294455937,1.2093516199854744,-0.16185332448312692,0.46013896436860746,-0.5831714975961356,5.049383148197254
0.1969272445374262,0.3568385639393066,0.11283644686140439,0.5530265898570212,1.2093516199854744,0.6076544731935157,0.20763608151249954,1.0236117756227512,3.4064123086135214
0.1969272445374262,0.37595976952240906,0.11389404215397227,-0.1084574719511977,1.5134732334191887,-0.2749609228971186,0.11328673088340702,1.7000785766348347,0.6314256583139131
0.20952650447156623,0.37595976952240906,0.2535985625035402,-1.1994320287911757,1.5134732334191887,-0.2749609228971186,0.37375233298588406,1.981499567916754,0.5787356384727101
0.3245335417003326,0.7309173892956312,0.22009756261710536,-0.4039969796905103,0.3161834291255074,-1.4378954659283172,0.37375233298588406,1.0001603662388996,0.5787356384727101
0.3245335417003326,0.28153114689636216,0.22009756261710536,0.05708697179213901,0.4324351620324145,-1.5400121605884953,0.34893904429928807,0.8456068441369037,2.03098892486227
0.3245335417003326,0.41587484854939194,0.22009756261710536,2.402074538172275,0.4324351620324145,-1.5400121605884953,0.42895281403278707,1.6509393554858178,1.7373967552423293
0.19048759304751095,0.41587484854939194,0.18522262680642193,2.402074538172275,0.4324351620324145,-1.0215539723275988,0.20577492270222913,1.7767035580890052,0.7547007762357285
1.043990603787549,0.41587484854939194,0.18522262680642193,3.2835325760727554,1.860553273170797,-1.6858752504152457,0.5346575848220005,1.1926883158519277,0.8442515092656898
1.043990603787549,0.2626465597182567,0.18522262680642193,3.2835325760727554,1.860553273170797,-2.746965717034588,1.3503750222760103,0.4666223586085253,0.8442515092656898
1.043990603787549,0.2626465597182567,0.18522262680642193,1.9044756855262195,0.8211241359815357,-3.6611835662147274,1.099733551948035,1.8535671059735126,0.9855477451372658
0.8909839163346233,0.2626465597182567,0.18522262680642193,0.4853224861859826,0.8211241359815357,-3.1642917353112487,1.099733551948035,2.222967107773691,0.42244045824760035
0.775794399344629,0.2626465597182567,0.24100893796278022,1.594854694105762,0.3480739568346124,-3.373327408454781,1.099733551948035,0.9763720122103272,0.42531499177320997
0.775794399344629,0.62107940330186,0.24100893796278022,2.3216978817192144,0.5692044314061172,-1.8876486285893033,1.099733551948035,0.13966280109995144,0.24674685503176563
0.775794399344629,0.9979226175721564,0.2406470022168945,2.745512244967796,0.6835371573524814,-1.6820902594058018,0.6081226377162731,0.24584547620605568,0.8542503262184068
0.9226012409838675,0.9979226175721564,0.156053602091517,2.4188578434416987,0.36209743792352633,-2.7612980253496975,2.422893281213163,1.1329170337910246,0.8542503262184068
0.9226012409838675,1.3488543929554786,0.2254035064534059,2.571334964859659,0.36209743792352633,-4.1482082762215695,1.5646770990666679,0.20144581277789886,0.9415025605348496
0.6608752596735542,0.8749651823951179,0.2173193952967604,2.571334964859659,2.013848859764149,-4.2532919642826235,1.693979642740268,-0.3661779313154597,1.0897451209496787
0.8833733521559278,0.8749651823951179,0.24628472331645673,2.571334964859659,6.538176840571438,-3.6212376959310784,3.352977853438331,-0.4467140292566366,1.0897451209496787
0.8833733521559278,0.8749651823951179,0.24628472331645673,3.1034286316286916,8.789105781217216,-2.8775872341802975,0.7353670790866003,0.008019035797684482,2.0055183696739234
0.6003422674130419,0.5588604681368834,0.22491194571430106,2.876749719473321,4.931640904982551,-2.6787238137280402,0.1418533450393801,-1.3212273306585476,1.369174284632748
0.6003422674130419,1.1032839774344285,0.22491194571430106,3.589430513416912,5.084881273389531,-3.93412954747639,0.08660986540818587,-1.5141144275717722,1.2471062983184589
0.6003422674130419,0.2788078782200197,0.17530051482652736,3.589430513416912,5.084881273389531,-3.237209767246012,0.059041913873429275,-1.9090867653052026,0.9459146789234806
0.40149494305050987,0.2788078782200197,0.17530051482652736,4.417201932720268,2.577804729212959,-1.9758516221727307,0.059041913873429275,-3.482244229135336,0.4445136236511316
0.40149494305050987,0.45087680304460465,0.17530051482652736,3.97627805850619,2.577804729212959,-2.459391285242097,0.059041913873429275,-3.737440925184588,0.4445136236511316
0.40149494305050987,0.7297971279007591,0.21161031839384592,4.320797237647981,2.624056206410963,-2.467318830082641,0.059041913873429275,-2.8306812219900603,0.4445136236511316
0.40149494305050987,0.18908883915398567,0.17743232620263943,5.617961097763468,2.58793446240059,-1.5724941182068166,0.03042570823055686,-3.6177254738030493,0.7297504383056557
0.40149494305050987,0.22781757382915127,0.17743232620263943,4.600460853977305,2.7563855117340204,-2.957733647015857,0.03042570823055686,-3.4846208967838295,0.7297504383056557
0.43067710061258596,0.22781757382915127,0.1885790406491358,4.380072762172068,2.159038663565725,-3.089615013906797,0.056315417431344696,-2.170088011498571,0.7297504383056557
0.44895398501053985,0.22781757382915127,0.1885790406491358,4.6859545221269,3.9531361744094244,-1.273802881872327,0.06804790366102871,-3.416772695605838,0.7297504383056557
0.44895398501053985,0.22781757382915127,0.1885790406491358,4.991654986786276,4.945797981495659,-1.7326791703790065,0.07523441820304003,-3.416772695605838,0.886541356536479
0.44895398501053985,0.22781757382915127,0.13827602824947616,5.123127575234377,10.039809782611552,-2.4362109745302285,0.07523441820304003,-2.548147191553195,0.8103902905487989
0.7156119373025567,0.22781757382915127,0.13827602824947616,4.490265682670555,10.039809782611552,-3.65757361387101,0.6163772464921483,-3.1285937838887947,0.8103902905487989
0.7156119373025567,0.2415776961410639,0.18762361574969277,3.895447746836624,10.039809782611552,-5.028739894156291,0.6163772464921483,-2.1750239208554714,1.3469644684667876
0.7156119373025567,0.2415776961410639,0.10548770402450018,2.8013944068865584,4.439249544553986,-5.641392312852272,1.7691838874678092,-0.4117841491709855,0.3547824375648457
0.8835482507517448,0.2651297088045695,0.13703918135543874,2.1766659257269847,4.9576799881760065,-5.62246832434395,1.7691838874678092,0.6360920998995447,5.90397127826013
0.8835482507517448,0.1603873797841453,0.173720729009754,1.1701470926224071,4.9576799881760065,-6.480999332954321,3.0741008895792885,0.6842977434826021,1.2475473768998948
0.7379972852679293,0.8227841712105118,0.173720729009754,1.6577397404599477,4.421112010314158,-7.530107413363028,2.2658964764489617,0.544362617229406,1.2475473768998948
0.7379972852679293,1.3514560237249742,0.173720729009754,1.445463020030161,1.2186551134933443,-7.841915472986344,8.635882591356053,0.47685085085577833,1.7369296156232337
0.7379972852679293,1.0203366232426474,0.173720729009754,2.345600406889458,1.2186551134933443,-7.570407036652841,5.884738079983053,0.25553113607711925,1.8704217256538096
0.7231747739992034,1.0203366232426474,0.173720729009754,2.49177129428777,1.2186551134933443,-8.435947286558196,0.7714104927186284,-0.29648829233201984,1.7454518112171993
0.7231747739992034,0.8061757678150774,0.173720729009754,3.667061724384125,0.5252400672439193,-8.786948481123673,0.5138332162418302,0.2581465473772137,1.7454518112171993
0.7231747739992034,0.8061757678150774,0.173720729009754,3.062731029391874,1.950119998187871,-10.264395711086268,0.25025707682713244,1.8381274243820125,1.4280599622947712
0.7231747739992034,0.37912657944224193,0.32822982707679904,3.062731029391874,1.950119998187871,-9.640151768826328,0.2747087276778037,0.7796806258676354,0.35242077764873303
0.8131172767498954,0.32972301304245655,0.32822982707679904,2.226157210378592,0.9050922061405456,-9.017072935475555,1.2193983076675876,2.32178669469942,0.17661122218691158
0.8131172767498954,0.5913892842036376,0.32822982707679904,2.634215292645352,2.3625187986214446,-8.505345166011814,0.21572015488542684,3.01854807041623,0.10141651512671811
0.8131172767498954,0.22027989788359673,0.32822982707679904,3.86636893897524,0.4755507133313608,-8.699240088535934,0.3064834527947048,2.355636441736143,0.266084386266367
0.8131172767498954,0.519910158899912,0.29660852543731214,3.3767903833118393,0.7668146341284726,-10.383718064862036,0.3064834527947048,2.355636441736143,1.1360199095122092
0.8131172767498954,0.519910158899912,0.29660852543731214,3.1686438917706323,0.7668146341284726,-8.636717442549601,0.30641809058928243,1.3688562119978387,0.8006841951186012
0.5610988877733003,0.519910158899912,0.29660852543731214,2.838820328911425,0.7668146341284726,-8.177485520056706,0.9870441424546127,1.2419891050438283,0.8006841951186012
0.5610988877733003,0.519910158899912,0.29660852543731214,1.1191495666704754,0.7668146341284726,-6.751490116838621,0.9226828241871192,3.004463376181042,3.902252441424249
0.5610988877733003,0.27881200321578375,0.29660852543731214,1.0012354558520489,0.7273638631651903,-5.945375026257766,0.9382995671789489,3.8629603585738774,1.4807034794536433
0.5610988877733003,0.26446875640373296,0.29660852543731214,0.34713548263571103,0.7273638631651903,-5.156011552661141,0.9382995671789489,3.9465634681004147,0.48119782093007935
0.7672583723606872,0.42641794543083567,0.29660852543731214,0.5021262269565374,0.7940883740359524,-5.627734653062735,0.8111151945218525,4.67273369770569,0.48119782093007935
1.035133013352948,0.42641794543083567,0.24748738971744003,0.5021262269565374,0.7940883740359524,-6.084147831795102,0.7304913131594023,5.584813143739577,0.328787671796319
1.035133013352948,0.42641794543083567,0.3539727635795282,0.5021262269565374,0.7940883740359524,-5.399233080454772,1.2018550572512103,7.080848293764977,1.013101362445865
1.035133013352948,0.26340691056758214,0.3539727635795282,-0.5351610826910218,0.7940883740359524,-7.675122450004864,1.4336721556433114,7.976540982088261,0.7566792561855119
1.8015656572573884,0.26340691056758214,0.3539727635795282,-0.4635563790282417,0.7940883740359524,-5.663138771122522,1.0479901455530751,8.618773896518805,0.7566792561855119
1.8015656572573884,0.26340691056758214,0.3539727635795282,-0.7926757912346207,0.5625406724978779,-6.698311600157184,1.2434835128041315,8.69793515503931,2.4295189306782476
1.8015656572573884,0.26340691056758214,0.6378949335087749,-0.8543810135248302,0.5625406724978779,-7.0256639287200136,0.7779678600255461,9.352607380083278,2.4295189306782476
0.8577654915635256,0.26340691056758214,0.6378949335087749,-1.293701448580981,1.4701649107698087,-6.552624107395869,0.3517872600572579,9.288774629747042,0.3370468863974867
0.8577654915635256,0.37686525361127665,0.6524409968367143,-0.8214672487734285,1.40769929771082,-6.552624107395869,0.5801091038906847,8.706128165905634,0.4079472913063982
2.3780940679366345,0.37686525361127665,0.6064186117237713,-1.9895387600451044,0.9152588891914911,-5.819219102792055,0.2822082768361997,6.853677707925893,1.2038111866218222
2.3780940679366345,0.37686525361127665,0.5105611695185706,-0.5083096734661241,2.9455677238852975,-6.140621826775421,0.2822082768361997,6.30196918148437,1.2038111866218222
2.3780940679366345,0.37686525361127665,0.4242779643785286,-0.7089322120182672,1.8347165287172005,-8.08567795700855,0.2822082768361997,7.19228579506529,0.22811628659000774
2.3780940679366345,0.37686525361127665,0.4242779643785286,-0.2774361314561864,0.3575970314835266,-9.139557615720035,0.23426753528979094,7.074947497631132,0.5034176598792116
2.3780940679366345,0.7094652371832342,0.45161970180413374,0.5197288408153895,0.3575970314835266,-9.139557615720035,0.23426753528979094,5.113427546030328,0.19436038159387994
2.3780940679366345,0.22723924797190329,0.45161970180413374,0.6976906063316056,0.3575970314835266,-9.898228831629886,0.3302967698736794,2.709297220336218,0.17946515400150073
2.619331926513503,0.17586212809821755,0.4283066643351741,0.630578743118674,0.3575970314835266,-8.628536400733449,0.36477744727762096,1.2601682625215016,0.17946515400150073
2.619331926513503,0.17586212809821755,0.41551592075072225,2.2906126106054945,0.1816037950488959,-10.02499979831213,0.36477744727762096,2.000304581972294,0.19185515105880926
2.5460963851616003,0.20246663797717152,0.41551592075072225,2.7934208016626814,3.1184636355148627,-10.057801035799857,0.3985747505992343,1.8724513444400956,0.19185515105880926
2.5460963851616003,0.33447296276928007,0.5201728899142775,3.1567672530942894,0.8100889129263052,-9.604047644808631,0.3985747505992343,2.103860404460174,0.19185515105880926
2.5460963851616003,0.33447296276928007,0.5273849990761104,3.044999405539405,0.8100889129263052,-8.563918296487946,0.8812308014447197,1.4050303510475035,0.5436868580637957
2.5460963851616003,0.19571933594821464,0.711386560934349,3.5703275976475712,0.8544560475831802,-9.60116216378792,0.7769774564595726,-0.25074747241719364,0.5436868580637957
2.5460963851616003,0.19571933594821464,0.711386560934349,2.891635041317392,0.5148227553521493,-9.772499763861235,0.19366244907590446,-0.08860744804641549,0.2462873478067875
2.5460963851616003,0.22329410520427567,0.4632166771245013,3.3482901788438233,0.5148227553521493,-9.519352551479347,0.24007372218001585,0.6313435508210137,0.2462873478067875
2.5460963851616003,1.141456148715395,0.418074119877822,3.1161309946363627,0.6730778723779963,-8.6558134396561,0.9894299177794139,1.675224917100108,1.1442972803978437
2.5460963851616003,0.319776169404992,0.5395108794085767,3.4863785730399726,0.998008164792752,-8.365678771922758,0.9894299177794139,1.1767013749269335,1.1442972803978437
2.5460963851616003,0.6907907923721005,0.5395108794085767,3.7052192691681776,0.998008164792752,-7.620329140917408,1.8335544766268077,0.31044848394065117,2.1629771705537086
2.5460963851616003,0.4526661344325893,0.8665727970706361,3.5801597547913917,0.998008164792752,-8.010963215574392,1.14074865340783,-0.31004674263283283,1.5466903509015715
1.257178735209856,0.4477630355843223,0.8665727970706361,3.5801597547913917,1.1005291786562976,-8.07132748569875,0.8686914563400224,1.1882085204475734,1.6069324796529527
2.40341996453884,0.38207412528828993,0.8665727970706361,2.7295348859792257,1.3868662077669052,-7.306731487508221,3.054713862278079,0.5798170467806609,0.9902476525338919
2.40341996453884,0.9292073836919089,0.9346624352878962,2.0182421410905436,1.3868662077669052,-7.858682392257786,9.802324243241804,0.6738515258139425,1.6440354811522515
2.40341996453884,1.4923095581317962,0.7192050633839281,3.3495753671019077,1.3201746678071724,-9.129896045368403,9.802324243241804,0.24815955367004344,1.6440354811522515
2.40341996453884,1.4923095581317962,0.4371306213565299,3.5659850524843164,1.3201746678071724,-9.129896045368403,8.247160808708466,0.8842392335305216,4.674417384319889
2.40341996453884,1.4923095581317962,0.4371306213565299,3.2608502559683137,0.6418198080412165,-10.150267635186728,8.247160808708466,2.063455673496711,6.905523658598481
2.40341996453884,0.42540451941495794,0.4371306213565299,3.053757104681954,0.5289641894196248,-10.67748061652378,6.174705842583084,2.828241674985133,6.905523658598481
1.7265312869882428,0.42540451941495794,0.4371306213565299,2.333755837565886,0.896493949195288,-10.928341326963492,2.6867428105177433,2.9844698364174604,6.905523658598481
1.7265312869882428,0.7278429684689366,0.41403638303933893,1.7537730236673084,0.896493949195288,-10.511131671785767,0.886653967046474,2.911283750831261,7.1341987829380695
1.1948818089690825,0.7278429684689366,0.39028124858249774,0.06523853211751263,0.896493949195288,-10.296085211508602,2.2801811189630903,3.8342116253941643,4.8418085323410045
1.56782472630173,0.7278429684689366,0.39028124858249774,0.06523853211751263,0.34548059655352487,-8.311764437488929,2.2801811189630903,2.82229557343915,4.8418085323410045
1.0708486254655483,0.5112756650827754,0.39028124858249774,0.1759542734367101,0.9458417596861878,-8.827676618739645,1.0480234839149025,2.0953695486175756,2.9391501681219303
1.0708486254655483,0.648443630381272,0.40312488733963,-0.14868349417599158,0.9458417596861878,-9.669178605851416,1.0480234839149025,2.5980842456550155,3.1856509662727786
1.0708486254655483,0.25075884819876715,0.6692811456871416,-0.4071240880491006,0.9458417596861878,-9.354385685648204,1.0480234839149025,2.3441263479364682,1.9752153346542536
1.0708486254655483,0.47161213304405414,0.3211042331251638,-0.43451415074547,0.9458417596861878,-9.122428680656247,1.0480234839149025,2.660114688394858,1.9752153346542536
1.0708486254655483,0.3217049975621471,0.3211042331251638,-1.6505523092448546,0.339671439026742,-9.105250546822226,1.0480234839149025,3.3197266060180617,3.269316236158382
1.0708486254655483,0.3217049975621471,0.2907033790405196,-1.8453164332614707,0.339671439026742,-9.268228150532229,0.6959811209128334,4.0045447110231525,2.282668960763305
1.0708486254655483,0.16983723322464114,0.40580826188299346,-2.2702124978112432,0.6661740941406552,-8.731869865009363,0.5584164052807815,3.53247704178053,1.0991002395734661
1.1523470388662778,0.16983723322464114,0.40580826188299346,-0.4077825811851865,0.6661740941406552,-9.327455737412158,0.5749174273992674,2.3567180790479476,1.0991002395734661
0.921008929864303,0.347081994853031,0.40154163731915765,1.9740399635283403,1.2165107028483333,-9.78070178303003,0.8151039470180516,1.4600331728599683,0.4817731994630222
0.8095668401303273,0.20279194503269868,0.3740453030465163,2.241896729885064,1.2165107028483333,-9.802650925720638,1.24509605651127,0.5273218939301378,0.49234082394483675
0.8095668401303273,0.20279194503269868,0.32948155982367705,2.1152670722116755,1.2165107028483333,-9.802650925720638,3.2128982552548044,-0.1611547970165852,0.38098179433829543
0.8095668401303273,0.20279194503269868,0.32948155982367705,0.48131257112948655,1.2956087736114332,-9.008883834395517,1.2829447632869502,0.3585539172047921,0.38098179433829543
0.6574959085429043,0.5192800971446574,0.290183288068233,0.6248067173204513,1.348817390405826,-9.008883834395517,1.2829447632869502,0.8945842829067896,0.18646371425987862
0.6574959085429043,1.3458462889494087,0.290183288068233,1.904806137743725,1.246634122854453,-8.202199236280233,1.7911937396719215,0.19124816797712163,0.18646371425987862
0.6574959085429043,1.3458462889494087,0.290183288068233,2.0830986285959825,1.246634122854453,-8.643725214115364,1.275532008696998,-0.7733973452472365,0.22697907012890314
0.13141149470748828,0.15333475256429926,0.6288367536215766,0.36994438230532195,1.2909289803502193,0.0,1.6487212181091309,0.0,1.5910055600674484
0.13141149470748828,1.5302829631423984,0.6288367536215766,0.36994438230532195,1.2909289803502193,0.0,0.2514825630870126,0.05006289155590633,0.7104193752762115
0.17475699596262884,1.5302829631423984,0.6288367536215766,0.36994438230532195,2.4766927976070883,0.0,0.2514825630870126,0.05006289155590633,0.19213734183093759
0.17475699596262884,1.5302829631423984,0.6288367536215766,0.36994438230532195,2.4766927976070883,-0.10788483305226489,0.2514825630870126,0.05006289155590633,0.4421888247334264
0.15254569339539137,0.9224253633611891,0.9545715888630081,0.36994438230532195,2.4766927976070883,-0.10788483305226489,0.2514825630870126,0.03993116509460248,0.8257402602284367
0.1876711948937965,0.9224253633611891,0.8834065593861677,0.36994438230532195,1.8850870743562729,-0.10788483305226489,0.31050585575828754,0.03993116509460248,1.3958129152437215
0.1876711948937965,0.24640264495942268,0.8834065593861677,0.36994438230532195,1.328037087112937,-0.10788483305226489,0.31050585575828754,0.03993116509460248,1.3958129152437215
0.24756739431049415,0.3554534193284953,0.8834065593861677,-0.5734344280481172,0.41850628754110125,-0.10788483305226489,0.3618925734256322,0.03993116509460248,1.3958129152437215
0.24756739431049415,0.6710013058623724,0.856388972511555,-0.8972913752137293,0.41850628754110125,-0.10788483305226489,0.2800393940748464,0.03993116509460248,1.6872166947276204
0.24756739431049415,0.24724368388581747,0.856388972511555,0.48442709946419193,0.44502721465032546,-0.055274278204034216,0.24107692500513125,0.03993116509460248,2.5004317135309155
0.24756739431049415,0.24724368388581747,0.856388972511555,0.25897948279614247,1.9110235378750733,-0.055274278204034216,0.43360439628919945,0.03993116509460248,2.5004317135309155
0.24756739431049415,0.29946451875661495,0.856388972511555,0.2186801725318961,2.35013047646954,-0.055274278204034216,0.43360439628919945,0.04970735345701929,2.5004317135309155
0.24756739431049415,0.29946451875661495,0.856388972511555,-0.08027783924731946,2.35013047646954,-0.055274278204034216,0.8511232265493106,-0.19257770246167388,0.524598236454595
0.24756739431049415,0.35952572613947,0.773284325874906,-0.0728251676302431,2.35013047646954,-0.027643354325451033,0.25977945388585555,0.3234504310111475,0.524598236454595
0.33638644076411733,0.7453796996772525,0.7447615513730039,-0.0728251676302431,1.4411272753503388,-0.027643354325451033,0.25977945388585555,0.5276829537921133,0.674538843060134
0.33638644076411733,0.7453796996772525,0.7447615513730039,0.3573720477321593,1.4411272753503388,-0.027643354325451033,0.1300607700424319,-0.26053750816958965,0.674538843060134
0.33638644076411733,0.1958491650571075,0.6159561824462885,0.3573720477321593,0.3234113276844761,0.07846499240583724,0.1300607700424319,0.1296419698912517,0.3828968084464934
0.22991829891990123,0.1958491650571075,0.6159561824462885,0.3573720477321593,0.6044455164023229,0.40963495925087146,0.210440086152988,0.1296419698912517,1.4619886001847198
0.17863926775040667,0.21137163616561677,0.6159561824462885,-0.5530171234692018,0.34310207522467717,-0.051779864955108335,0.210440086152988,0.1296419698912517,0.9674107271292578
0.3730008399861278,0.24199664535280707,0.6159561824462885,-0.16529882898616116,0.34310207522467717,-0.051779864955108335,0.7940458567541496,0.1296419698912517,0.9674107271292578
0.3730008399861278,0.5075803015224268,0.5455412099111742,-0.16529882898616116,0.666411497601419,-0.0655946626661317,2.040222723768511,0.2893010946944434,0.272871333335854
0.3730008399861278,0.5075803015224268,0.5455412099111742,-0.1094013554877227,0.33049868162011126,-0.0655946626661317,2.040222723768511,0.2893010946944434,0.272871333335854
0.3730008399861278,0.6207664615159432,0.5165323406281821,-0.1094013554877227,0.33049868162011126,-0.0655946626661317,0.4055979621984974,0.2893010946944434,1.5205089679986346
0.3730008399861278,0.4426175155378085,0.5166337986376732,-0.1094013554877227,1.3360062142338134,-0.0655946626661317,1.0213758781275706,0.2893010946944434,1.5728422539098887
0.3730008399861278,0.49197100889162737,0.7400159858138112,-0.1094013554877227,0.7076581003461053,-0.19333732013563854,1.1027883740250581,0.2893010946944434,1.5728422539098887
0.3730008399861278,0.49197100889162737,0.714087669675976,-0.1094013554877227,3.0669573142029236,-0.5423255635967763,1.1027883740250581,0.12401905341516864,2.861661998642689
0.3730008399861278,0.49197100889162737,0.6883791910687973,-0.1094013554877227,3.0669573142029236,-0.5423255635967763,3.2198487679561465,0.12401905341516864,2.8712997952781127
0.3730008399861278,0.14388572115729448,0.4353735292753837,-0.1094013554877227,3.8179163224094412,-0.5423255635967763,2.619644216230776,0.12401905341516864,2.6681041926516342
0.21170490700627945,0.22355583486050934,0.4758757725149941,-0.1094013554877227,3.8179163224094412,0.5246150863662808,0.5589839628300415,0.12401905341516864,3.5593006339593685
0.21170490700627945,0.2710551351447048,0.4758757725149941,-0.1094013554877227,2.6833941175388247,0.695697294609186,0.5589839628300415,0.12401905341516864,3.5593006339593685
0.32652939604677944,0.28742755384328583,0.7647253952450205,-0.1094013554877227,3.234462181341821,0.695697294609186,0.5589839628300415,0.12401905341516864,2.7544766819053157
0.32652939604677944,0.28742755384328583,0.7647253952450205,-0.1094013554877227,2.4024774230539494,-0.4901250931737018,1.1975448607931776,0.12401905341516864,3.7114667366047476
0.2642893032762357,0.45236041779772806,0.7647253952450205,0.1497278531504442,1.7166951659723528,0.0018270133053677196,1.4128177783170486,0.40751541540263814,0.9849767173611189
0.17503144167934362,0.45236041779772806,0.6132206954910562,0.1497278531504442,0.45980914428537606,0.0018270133053677196,1.7635710726323357,0.40751541540263814,0.9849767173611189
0.2138640367141114,0.45236041779772806,0.6132206954910562,0.1497278531504442,0.4255021618733692,0.0018270133053677196,1.3138342443602684,0.40751541540263814,1.7723766730995927
0.195225156070431,0.45236041779772806,0.6132206954910562,-0.10047157147307148,0.42828064414131267,0.0018270133053677196,1.3138342443602684,0.40751541540263814,0.8167370616813738
0.195225156070431,0.45236041779772806,0.6132206954910562,-0.10047157147307148,0.571956300542655,0.0018270133053677196,1.3138342443602684,0.40751541540263814,0.2168769922420373
0.195225156070431,0.9713824174320926,0.7662298641022132,0.9448504273362197,3.000292200844294,0.0018270133053677196,1.3138342443602684,-0.26646297992092227,0.3556957037677467
0.195225156070431,0.9713824174320926,0.7662298641022132,0.9448504273362197,11.034010436293258,0.0018270133053677196,0.6504807053267351,-0.26646297992092227,0.5577896246578499
0.195225156070431,0.9713824174320926,0.7662298641022132,0.9448504273362197,7.696958538203678,0.0018270133053677196,0.3083890880510438,-0.26646297992092227,0.4452306024804382
0.18321112090631927,0.25525908720084944,0.7662298641022132,0.9448504273362197,13.873087154621562,0.0018270133053677196,0.23053112440452841,-0.26646297992092227,0.4452306024804382
0.18321112090631927,0.25525908720084944,0.7662298641022132,0.31290478701842783,17.25537596559758,0.0018270133053677196,1.5559087608048123,-0.26646297992092227,1.2884658874749344
0.13122323521507956,0.31844635169143776,0.7662298641022132,0.31290478701842783,19.47856607020429,0.14767631374185258,0.7628281770069133,-0.26646297992092227,1.2884658874749344
0.13122323521507956,0.3150102818105552,0.617608694504011,-0.6680947812028185,19.339332586801422,0.08358836661936492,0.7628281770069133,-0.15547655380898873,1.4797011560922557
0.13122323521507956,0.3150102818105552,0.617608694504011,-0.6680947812028185,20.76677556841985,0.08358836661936492,1.0593242876419984,-0.15547655380898873,7.458098228341045
0.13122323521507956,0.3150102818105552,0.547839064552318,-0.6680947812028185,36.14990322430787,0.08358836661936492,1.0593242876419984,0.9845841825742468,1.9219111544150087
0.13122323521507956,0.22575629154091806,0.547839064552318,-0.6680947812028185,18.10549529115403,0.08358836661936492,3.798336787007696,0.9845841825742468,0.35437750951627345
0.13636388420214993,0.22575629154091806,0.547839064552318,-0.6680947812028185,19.24758700894591,0.509544675575149,2.6602346901041605,0.9845841825742468,0.4058701206119629
0.13636388420214993,0.3024146960385748,0.547839064552318,0.3200216369733393,19.24758700894591,0.41478360274000103,1.9772433113399086,-0.8744371051463778,0.7856070565226654
0.13636388420214993,0.2681837140845743,0.4710624166462092,0.3200216369733393,19.24758700894591,0.9325701160400591,3.4184608762433766,-0.8744371051463778,0.7856070565226654
0.24048380720110163,0.2681837140845743,0.45992520135126674,0.24376005842425452,28.442202186402504,1.073644107542136,2.3408528000922546,-0.6213904241274331,0.7856070565226654
0.3555905664145259,0.6111111802842057,0.45992520135126674,0.24376005842425452,4.180233973716496,0.8367856511149017,2.933120791788003,-0.20305357510050182,0.7972118967144354
0.3555905664145259,0.6111111802842057,0.5362761113547077,0.18626523307088158,4.180233973716496,-0.020347248198659407,2.933120791788003,0.38677163131669856,0.5767328591271563
0.3555905664145259,0.6111111802842057,0.5362761113547077,0.18626523307088158,4.180233973716496,-0.4697213934365297,2.933120791788003,-0.8641838679110462,1.0358768737517239
0.3555905664145259,0.6111111802842057,0.5362761113547077,0.18626523307088158,1.7676014935635913,-2.2575928638725875,5.483355544983633,-0.8641838679110462,1.0358768737517239
0.6798841820042397,0.748579480099603,0.5362761113547077,0.18626523307088158,1.7676014935635913,-1.269621341380124,3.308995885127078,-1.1384636188036628,1.0358768737517239
0.6798841820042397,0.6611103538422473,0.4302504481678994,0.18626523307088158,1.7676014935635913,-0.6759232177255591,0.7637166631446343,-1.305546328036747,1.0358768737517239
0.6454616208089174,0.6611103538422473,0.4302504481678994,0.18626523307088158,1.514754253466608,-1.472637450038159,0.7637166631446343,-1.3396931205878457,4.323986162961688
0.6454616208089174,0.6611103538422473,0.4302504481678994,0.18626523307088158,2.564849544242817,-1.5323613973416454,3.0107906854273594,-1.7867403557392763,4.950837425598458
0.6454616208089174,0.6488375604938956,0.4302504481678994,0.18626523307088158,1.509672375759278,-1.5323613973416454,6.279457364471039,-1.0387523621202814,4.950837425598458
0.6454616208089174,0.6488375604938956,0.3378186805778969,0.44026799320731447,1.219518273076282,-2.3814141195688316,1.713097662164302,-3.4843625636096296,2.725857868915817
0.6454616208089174,0.5842323749300562,0.3011602140124877,0.44026799320731447,1.219518273076282,-3.005303454666372,1.3087493403422816,-3.3052937560159648,1.9323799310204217
0.7525453815221897,0.5842323749300562,0.3011602140124877,0.44026799320731447,1.219518273076282,-1.6645633245462164,2.8790133399547284,-3.074704341249556,1.0460235062617191
0.7525453815221897,0.39724404824514664,0.46042199803373307,0.44026799320731447,1.3328482110159214,-2.0663055000410058,2.8790133399547284,-3.054696424877715,1.1165793008079832
0.7275297554059097,0.39724404824514664,0.46042199803373307,0.44026799320731447,1.3328482110159214,-2.4397099053948295,2.56512743349558,-3.9081175085541866,1.1165793008079832
0.7275297554059097,0.39724404824514664,0.46042199803373307,0.44026799320731447,1.3328482110159214,-2.0167467677838564,1.758337509055906,-4.178503539901907,0.6494190888996138
0.7494586931851448,0.39724404824514664,0.46042199803373307,-0.10625169888062791,0.4969292873413288,-0.9929554395182045,1.758337509055906,-5.584090932828232,0.46355789366386546
1.777930146895264,0.3889762938767187,0.41275928575333004,-0.10625169888062791,0.934242341063231,-0.573190278465874,0.39001379112622925,-5.288357019917069,0.6650734138850378
0.3137505225368795,0.3889762938767187,0.41275928575333004,-0.10625169888062791,0.934242341063231,0.3554159116157173,1.2451568850857362,-5.5685011218021545,0.9442064892735078
0.8119518918576286,0.3889762938767187,0.4724849219594703,-0.05727580505868753,0.7071143543826087,0.801523188745175,3.5164373358284178,-6.586157909515801,2.9715004221880363
0.8119518918576286,0.3889762938767187,0.4724849219594703,-0.05727580505868753,2.126807127032566,0.13763424171202177,3.5164373358284178,-6.08065263753853,2.2471015019973897
0.8119518918576286,0.32856940458337963,0.33035084202263,-0.05727580505868753,0.6718519659192973,-0.15207583766206895,4.810541168454951,-6.806287883440554,2.9737941249163646
0.8119518918576286,0.3242230683048266,0.34073258813645446,-0.05727580505868753,0.33223070861442866,-1.4029133714670687,6.033401620238982,-6.364759255471834,1.0786075007407103
0.8119518918576286,0.3242230683048266,0.34073258813645446,-2.6451518252895623,0.3537098809945839,-0.5406692385888864,4.363106103993571,-7.2494729312648625,2.5575509277295274
1.1430823242013572,0.3242230683048266,0.34073258813645446,-2.132785871251413,0.3537098809945839,-0.9268558303391414,1.251338960524442,-6.083276162029261,0.8849920547483304
2.671371279302593,0.3242230683048266,0.6264256098484311,-1.3390522966154677,0.5424988655286083,-1.1914511446916065,1.251338960524442,-7.537073731475929,0.8760236249719581
1.9392738317642253,0.3017001734288516,0.6264256098484311,-0.7994144551175703,1.2589552428711015,-3.383164065097774,1.251338960524442,-7.651673829141008,0.5770170326544257
1.9438133843641552,0.3017001734288516,0.37595907593125405,-1.3970551924145576,0.7215691506913811,-2.346011946462389,1.1597261898880193,-7.226376173304263,0.8482541481130703
1.9438133843641552,0.18749864748847175,0.4006899492936757,-1.6425587346868946,0.7215691506913811,-2.0677475174534057,0.4415782561952579,-6.465122646972176,0.18284864658685362
1.9438133843641552,0.18749864748847175,0.42003041511029493,-0.4950982594776103,4.074682453109872,-1.8177606208252175,0.4415782561952579,-6.758534723984237,0.18284864658685362
1.9438133843641552,0.1681424981770642,0.29946369318930144,-1.3661485762626948,1.7740389251280426,-1.5722444293003508,0.595444932061274,-6.978829916216894,0.18284864658685362
1.9438133843641552,0.3852706365979802,0.31908489166969545,0.6196827317916835,2.8263204900532344,-1.7177104474066942,0.5585468229736904,-7.904856741498226,0.18284864658685362
1.744725712742009,0.4738177560695265,0.31908489166969545,-0.3999461108579525,2.8263204900532344,-1.7177104474066942,1.2191078997465827,-5.784068050055261,0.16696968842437762
1.744725712742009,0.4738177560695265,0.33408915152684826,-0.3439773087549452,3.5246371919995623,-2.8216872240181368,0.9255275737358865,-6.431013104326079,0.5383917829525469
1.744725712742009,0.5939766586399512,0.33408915152684826,-0.05587026297733555,3.5246371919995623,-2.8216872240181368,0.5919190190719535,-5.168356054709092,0.5163144395562848
1.744725712742009,0.2846931627197724,0.33408915152684826,0.3164265811764777,1.7568605952170968,-2.31815250765911,0.5919190190719535,-5.219798199810591,1.0748292854832577
1.744725712742009,0.19992810651219597,0.34819403648726605,1.0297423059456665,1.4691869137235531,-1.9176357768916283,1.3532927501308256,-3.604927305971212,1.0748292854832577
1.744725712742009,0.1711570605208631,0.3775156611335046,0.1601340845669269,1.4691869137235531,-0.9745002940482929,2.359861450215373,-2.705643975371189,1.0748292854832577
1.5840254551121355,0.1711570605208631,0.3303026734396949,0.3698687146210431,1.4691869137235531,-1.4404440808790155,2.2500759507570427,-2.3478100107433404,0.5705902382680457
1.5840254551121355,0.37802240143501,0.38121634939133686,0.1671765020242626,1.4691869137235531,-1.5470049297560846,1.8186275987574347,-1.6644832849632203,1.1006606827399437
1.5840254551121355,0.6894430115033517,0.38121634939133686,0.11541870656736819,1.109471011438591,-1.0951456942871327,1.2543665094168717,-1.4799304943401457,1.1006606827399437
1.5840254551121355,0.6894430115033517,0.38121634939133686,0.11541870656736819,2.4674324273383874,1.602409663130489,1.2543665094168717,1.1166391325224971,1.1006606827399437
1.5702308935615614,0.4801612837223235,0.4462803378722756,-1.0330669445397156,2.4674324273383874,0.4404182925293536,3.6336884502599465,2.0029328545397327,1.2241806958399872
1.5702308935615614,0.7413598095418328,0.8098908123205882,-1.4211799106093423,1.9831046521415292,-0.4087120389288693,5.926289267398902,2.117869581470731,1.0019072906700233
1.5702308935615614,0.33543370715132276,0.8098908123205882,-0.937062428091308,2.18401033081158,-0.721501885517204,1.4014929808267227,2.1840900108850736,1.0019072906700233
0.8322843585598375,0.212596353502712,0.8098908123205882,-0.6912674525000322,2.18401033081158,-0.721501885517204,0.7157628993448006,2.0553779217396437,2.144503665925524
1.1534005005500612,0.13984924293012382,0.8098908123205882,-0.6912674525000322,0.3267985585516014,-0.9953101019847103,0.7157628993448006,2.5828924064985923,1.4800263915018008
1.6414068524426868,0.13984924293012382,0.7419056633732755,-0.07442419392653676,0.3267985585516014,-0.5266080190192853,0.17210591462587474,1.6624575488868252,1.4800263915018008
1.9556516945606344,0.34265593170360814,0.9899626643919869,-2.0040543151201726,0.24229039141930073,-1.560574098653524,0.17210591462587474,0.8435046038879809,1.4800263915018008
1.2120554215457986,0.34265593170360814,0.9899626643919869,-0.9677489925828631,0.3777194156571566,-1.407962333473061,0.9116135919032433,0.8435046038879809,0.3942211701479723
0.7997513049805257,0.42190314467669954,0.9788963216277308,-0.9677489925828631,1.9057033045945557,-0.8153790604248407,1.6617155723762733,-0.6660146140581159,0.31032882373261395
0.7997513049805257,0.42190314467669954,0.9788963216277308,-0.9677489925828631,0.9842662528354483,-0.8153790604248407,1.6617155723762733,-0.8182641350605654,0.6288266861445533
0.8229299939794522,0.6363688466216422,1.20772545552819,-1.4862279605153486,1.3713949381232433,-0.6258456105073469,1.526708982188826,-0.9519038270680542,0.6288266861445533
1.3143294032043313,0.28933281959087,1.20772545552819,-0.3864666127026326,1.9091500042595335,0.27668715424811774,1.599473419985828,-0.33478816953102963,0.6288266861445533
1.3143294032043313,0.4553824870629935,1.20772545552819,0.22557306156303236,1.502629207747935,-0.4753528027561087,1.599473419985828,-0.59954100129501,0.7588827179394201
1.3143294032043313,0.4553824870629935,1.20772545552819,0.23473940124640075,1.8033379998950223,-0.10855643312392654,2.2077895701148638,-0.4594956676317501,0.7588827179394201
1.3143294032043313,0.4909666359328594,1.068159289617586,0.16258773425095924,2.652966433452272,-0.557982922934448,0.4702685045528596,-0.6288640158168182,0.7588827179394201
1.3143294032043313,1.6975718330890166,1.2583493092952154,0.8391676470904443,2.652966433452272,-0.20652024968965466,1.0959641987088176,-1.7488306721440872,0.4606856784945679
0.7375390392180133,0.7777486462039022,1.2583493092952154,0.218162715376363,2.3929608311549506,-0.20652024968965466,1.0959641987088176,-0.6378930865618637,0.22585218205696386
0.8991581319956122,1.267362154258209,1.2583493092952154,-0.17429967683397452,2.3929608311549506,-0.20652024968965466,1.1482556124054166,-0.6378930865618637,0.3082648098977862
0.8991581319956122,1.483492757940875,1.2583493092952154,-0.17429967683397452,1.4028288936870326,-0.3489938820886065,0.9074726253909625,0.026899980040292037,0.3082648098977862
0.8991581319956122,1.052737760839171,1.2583493092952154,-0.17429967683397452,0.9578136675393906,-0.3489938820886065,1.7348601617388093,-0.9840263487414802,2.3494267356106993
0.8991581319956122,1.052737760839171,1.2583493092952154,-0.17429967683397452,1.2557323768609063,-0.3489938820886065,2.195863556259339,0.84696989414077,0.38441878361282117
0.8991581319956122,1.1359510275993316,1.5534198476505325,-0.17429967683397452,0.6102498873134949,-0.3489938820886065,0.9739701953048359,-1.0633304874611942,0.728348149697754
0.8991581319956122,1.1359510275993316,1.5534198476505325,-0.5054449550572288,0.40974371907756657,-0.23906272105692208,0.826371294810791,-1.0633304874611942,0.6576442138906028
0.6672844785154612,1.1359510275993316,1.5534198476505325,-0.5997192846733267,1.3640192213375575,0.44814178242348945,1.5953917416527985,-0.10071232925970364,2.91207119784453
1.1188795266662501,1.6522253944680374,1.5534198476505325,-0.5997192846733267,3.5106032317214244,0.9310903935072583,1.5953917416527985,-1.1054875876318333,0.6253325957251779
1.1188795266662501,2.6516762374745233,1.5534198476505325,-0.968651889592636,1.3152597787846103,0.1310377780921851,1.2659523935120276,-0.7933401952934896,0.7944214971003661
0.8921674909614598,3.255284727961314,1.5534198476505325,-0.968651889592636,1.3715536115512146,-0.7585701317537542,1.2659523935120276,-0.7933401952934896,1.0398176235211918
0.8921674909614598,3.255284727961314,1.5534198476505325,-0.751084820366965,1.3715536115512146,-0.7585701317537542,0.6543611377930356,0.28394882034013313,2.4583931735934628
0.8921674909614598,2.2837626533794566,1.5534198476505325,-2.281595122757233,2.077089264028389,-0.799654721304275,0.49988158371740354,0.28394882034013313,2.4583931735934628
0.8693434612256824,6.313453103189689,1.5534198476505325,-2.4723976436472275,0.5061126720124551,-0.5575128654029085,0.3106558058729628,0.28394882034013313,0.46724205176202077
0.5860918375641176,9.426232806715507,1.5534198476505325,-2.4723976436472275,1.1318676728373924,0.5998187897101124,0.24314705183546284,0.28394882034013313,0.2546709581448758
0.5860918375641176,9.938895322185424,1.3034385022493526,-1.7600043864629815,0.9518518923288929,0.5998187897101124,0.2283598940506561,0.28394882034013313,0.2546709581448758
0.5860918375641176,3.338786427272977,1.1733317867475581,-1.6990491215761534,0.9518518923288929,0.5597194036084883,1.3804860785418553,0.030096906895781206,1.8895941709652027
0.5860918375641176,5.65323043847359,0.8781897044557065,-1.6732741648664853,0.37665788748779067,1.5556296172012916,2.3759761741792764,0.030096906895781206,0.47026504512433565
0.6063788077097052,2.9918687744915564,0.8781897044557065,-1.7934281840629733,0.37665788748779067,2.605162567841016,0.394062619831499,-1.1409377672265781,0.47026504512433565
0.6063788077097052,2.9918687744915564,0.8781897044557065,-2.223436641036494,0.3855018678457572,2.739744345634788,0.8317369653468412,-1.6389466744185586,0.355902873953233
0.6063788077097052,1.7473321844524838,0.8781897044557065,-2.223436641036494,0.3855018678457572,2.739744345634788,0.9396551093547146,-1.6620379822573714,0.355902873953233
0.6063788077097052,0.6226281828885507,0.8781897044557065,-0.9835279131649424,1.178168822084523,2.739744345634788,0.9396551093547146,-1.6620379822573714,0.47425252466939977
0.6063788077097052,0.6226281828885507,0.8502373981873784,-0.9835279131649424,1.956879888329806,2.7921611417983323,0.9396551093547146,-1.6620379822573714,0.47425252466939977
1.4025075092917372,0.44291377764800094,1.0010756763867905,-0.9231082673913881,3.8598659238354154,3.7076043976378417,2.0751712460882525,-1.9316723762489505,1.313775175872592
1.4025075092917372,0.673972664121387,1.240111049302481,-0.31922082099920057,0.6690881996839065,3.615415419463983,0.9734845875755619,-3.5787601348414353,0.5824217488356894
1.5158960928990135,0.673972664121387,1.2156734072831221,-0.31922082099920057,0.6690881996839065,4.137784553905388,0.9734845875755619,-2.354971042327633,0.5824217488356894
1.5158960928990135,0.5848218994328943,1.2237123220609203,-0.3390124774397434,0.6690881996839065,3.492738779552444,0.07571772483463361,-2.4215221472505286,0.59861271105678
1.5158960928990135,0.5848218994328943,0.8533214125780493,-1.1718418794111067,0.6690881996839065,3.6666887628679348,0.28253704199619706,-2.516105395366723,0.59861271105678
1.5158960928990135,0.5591605959523129,0.7856423331618128,-1.9499583642151386,1.13141245767574,4.05962743538973,0.2842845900121726,-3.0709827709298234,1.1009997336389776
1.5158960928990135,0.5591605959523129,0.7856423331618128,-2.352136405770814,1.13141245767574,2.9366397010639806,0.34800874795119646,-2.7529969017081712,0.14327630568739289
1.5158960928990135,0.7519717854117804,0.7856423331618128,-1.3449112936883931,1.8827456940571126,2.5062251592039906,0.34800874795119646,-3.289949187393012,0.11668885825188909
0.5439735097381949,4.351468983358023,0.7856423331618128,-0.4035377487034556,1.7323182131884391,0.8480815283298362,2.1853528488117058,-3.756860559245433,0.11668885825188909
0.5439735097381949,1.4809755277263086,0.7856423331618128,-0.4035377487034556,1.7323182131884391,0.8480815283298362,2.1853528488117058,-2.670031351590687,0.2493277861781615
0.426893459678219,0.8666952861731451,0.7856423331618128,0.10614719627039704,1.7323182131884391,0.8480815283298362,2.1853528488117058,-1.3372917227859489,0.5394251828726918
0.426893459678219,0.18034716214741991,0.4881024685861643,-0.06495703376731674,1.7323182131884391,0.8480815283298362,2.1853528488117058,-1.3372917227859489,0.5394251828726918
0.2215531321232012,0.42870939590165,0.6479300302443967,-0.06495703376731674,1.7323182131884391,0.7492388015514349,0.6907241110533141,-1.3372917227859489,0.5394251828726918
0.2215531321232012,0.42870939590165,0.6479300302443967,-1.5316301771297263,0.3955213037745353,0.13872634118299887,0.6867205463190751,-1.3372917227859489,0.9213978929170124
0.2215531321232012,0.42870939590165,0.6479300302443967,-1.5316301771297263,1.394191466019346,0.9220135812369648,0.7734228406620559,-1.3372917227859489,1.5175141224289448
1.291481063309741,0.21818431339556615,0.5054930291770495,-1.0032896684270476,2.588326577379592,0.8579966814099452,0.18616581434388435,-1.4954960963793413,0.9206395179405955
1.291481063309741,0.21818431339556615,0.6982456072539052,-2.104358882738238,0.8036591310197551,0.8579966814099452,0.18616581434388435,-0.5381318886981808,0.9206395179405955
0.9313835408303581,0.21818431339556615,1.1110438867364534,-2.104358882738238,1.072717841060913,0.8579966814099452,0.18647774313245208,-0.7400123969146868,1.3648802235771067
0.9313835408303581,0.3335608055394276,1.1110438867364534,-1.7734770674244034,1.072717841060913,-0.3124026866950328,0.18647774313245208,0.29211532738476853,3.552715324608119
0.44398113291875785,0.3335608055394276,1.1110438867364534,-2.1039592715008255,1.072717841060913,-0.7984167721748938,1.1252022930182992,-0.27940448166415965,3.552715324608119
0.7370857341350542,0.3335608055394276,1.0304309807532783,-2.058024399672356,3.846257171413127,-0.47373516313677183,3.0063050822587583,0.04316428943252004,4.067065736674181
0.7370857341350542,0.3335608055394276,1.0304309807532783,-0.8578243745526741,3.846257171413127,0.5674872656392549,2.628488670147378,0.04316428943252004,2.8038868506858847
0.23105841568830107,0.3335608055394276,0.6817510324867241,-0.8578243745526741,3.846257171413127,-0.22832081534002813,1.7344440575775606,0.04316428943252004,3.0361502003468517
0.23105841568830107,0.2123932355787105,0.5827657245350832,-1.1075727467619156,2.020066913861773,-0.22832081534002813,2.503527882162374,-1.054666560456912,0.43641838308472314
0.23105841568830107,0.5326712718265059,0.5827657245350832,-1.1075727467619156,1.9080543169724773,-0.29272974152325476,4.557410375763824,-1.054666560456912,1.5580957716972148
0.23105841568830107,0.2309623128902367,0.5827657245350832,0.30836228590798576,2.2804892103331826,-0.29272974152325476,4.557410375763824,-1.054666560456912,2.009190687545474
0.23105841568830107,0.2309623128902367,0.7313307801652817,0.30836228590798576,2.2804892103331826,-0.29272974152325476,4.557410375763824,-0.6232218893266934,3.8053984255191544
0.23105841568830107,0.2309623128902367,0.6505551112338244,-0.34551472405287864,2.2804892103331826,0.106847627024585,4.557410375763824,-0.3401477447659173,5.840099550691241
0.23105841568830107,0.2309623128902367,0.6505551112338244,-0.34551472405287864,2.1820266595845497,0.106847627024585,1.4225169044659527,-0.44681635481644977,0.28153244966386626
0.23105841568830107,0.2309623128902367,1.0074201828364133,-0.3458857638491193,2.1820266595845497,0.106847627024585,8.200364557631348,-0.44681635481644977,0.3168880982030393
0.30074321198911447,0.5145289348144114,1.2359947007761911,-0.6155102125731264,2.1820266595845497,0.106847627024585,2.8115362551811125,-0.44681635481644977,0.3168880982030393
0.2309063065239356,0.4446581014712624,1.2359947007761911,-0.31496291157386014,1.4595369785577814,0.106847627024585,2.8115362551811125,-0.09958458534117581,0.4953857177426992
0.3333161288582275,0.4446581014712624,0.8196435825656141,-0.31496291157386014,1.0930478850133853,0.106847627024585,2.8115362551811125,-0.09958458534117581,0.9733752502025409
0.3333161288582275,0.4446581014712624,0.8196435825656141,-0.38837157665908756,2.594280632443354,0.106847627024585,2.8115362551811125,0.017519491370699483,0.8903061855852349
0.2608810605827348,0.4446581014712624,0.8196435825656141,-0.38837157665908756,2.594280632443354,0.106847627024585,1.8520446000416406,0.017519491370699483,0.7544567978112691
0.2608810605827348,0.4446581014712624,1.3769819103363747,-0.38837157665908756,6.077816926733255,0.106847627024585,1.1449183675363837,0.017519491370699483,0.4188280982777941
0.2608810605827348,0.4446581014712624,0.9019978049600667,0.1895531787251527,4.027287880582549,0.106847627024585,1.1449183675363837,-0.04484651028104495,1.2286644068695665
0.16000959258361697,0.4446581014712624,0.8643641879665717,0.1895531787251527,5.006242771970367,0.106847627024585,0.8666162280299659,-0.04484651028104495,1.5140149525550497
0.16000959258361697,0.15555601897919355,0.8836941208604034,0.1895531787251527,12.12874218886698,0.106847627024585,1.490391470221586,-0.04484651028104495,1.5140149525550497
0.16000959258361697,0.15555601897919355,1.002788049801951,0.1895531787251527,12.12874218886698,0.106847627024585,1.490391470221586,-0.04484651028104495,1.5140149525550497
0.21382675883131846,0.15555601897919355,0.8791453165097532,0.1895531787251527,19.14812237634502,0.106847627024585,0.8053816244347035,-0.19231711233469675,2.231875176205926
0.21382675883131846,0.15555601897919355,0.8871512749441989,0.08155312277654825,12.062755139400812,0.106847627024585,0.8053816244347035,-0.022192178603896107,1.5768175047583384
0.21382675883131846,0.15555601897919355,0.9495267058786697,0.12976788160509406,3.300853578610905,0.106847627024585,0.8053816244347035,-0.022192178603896107,0.850519087277415
0.21382675883131846,0.15555601897919355,0.7125259641774215,0.12976788160509406,2.9935333023251385,0.106847627024585,0.8053816244347035,-0.042442407771126234,0.850519087277415
0.21382675883131846,0.15555601897919355,0.7125259641774215,0.12976788160509406,3.5464603860522494,0.106847627024585,2.800305988624263,-0.042442407771126234,0.6082750411506695
0.40010258203821564,0.15555601897919355,0.8668049430718414,-0.3432159929065013,1.8098258657003463,0.106847627024585,2.800305988624263,-0.042442407771126234,0.29685511114764446
0.40010258203821564,0.44072368511942417,0.8668049430718414,0.6620913977586862,1.3729850776062777,0.106847627024585,0.8941494409933053,-0.004522526973090114,0.35148890845917996
0.3945248804538963,0.44072368511942417,0.8668049430718414,-0.7912496484368401,1.1430092443662632,0.042490931320164765,0.8941494409933053,-0.24397576503868695,3.054573751018199
0.3945248804538963,0.44072368511942417,1.0051882159544538,-0.7912496484368401,2.3731762744430758,0.042490931320164765,2.24059075193752,-0.24397576503868695,0.7376297776680742
0.3945248804538963,0.3531800809408907,1.0051882159544538,-0.054937708281638464,0.8821595179018616,0.13230939096611158,2.24059075193752,-0.24397576503868695,0.4510197151881504
0.30441582287620206,0.3531800809408907,1.2786136024022554,-0.054937708281638464,0.7774464412614512,0.13230939096611158,1.7672627895233253,-0.24397576503868695,3.062514202345205
0.47253190340782025,0.43784941012286277,1.2786136024022554,-0.19541086883137315,0.7774464412614512,0.13230939096611158,1.769958973188677,-0.24397576503868695,3.062514202345205
0.17485395256904326,0.43784941012286277,1.2786136024022554,-0.19541086883137315,1.3392509797469887,0.13230939096611158,0.4599047243832619,-0.24397576503868695,3.062514202345205
0.17485395256904326,0.43784941012286277,1.2786136024022554,-0.19541086883137315,1.3392509797469887,0.13230939096611158,0.7351298178485196,-0.22126364099981982,4.833098174002967
0.17428677963080366,0.32426574222932014,0.9955221245793132,-0.19541086883137315,1.3392509797469887,0.13230939096611158,0.7351298178485196,0.4318982878128777,4.833098174002967
0.17428677963080366,0.32426574222932014,0.9955221245793132,0.43780395706352504,0.7399454125332737,0.13230939096611158,0.7351298178485196,0.4318982878128777,0.9591295031545755
0.28945523693518577,0.19397836884142378,0.9955221245793132,0.43780395706352504,0.1732231977052102,0.02008181868470317,1.9566701564474318,-0.12864275986177104,0.9591295031545755
0.28945523693518577,0.19397836884142378,0.9955221245793132,0.43780395706352504,0.23160450178260894,0.02008181868470317,1.9566701564474318,-0.12864275986177104,0.9591295031545755
0.23218241935285114,0.23245543818647343,0.9955221245793132,0.5917081093637462,0.23160450178260894,0.02008181868470317,1.2067347760007427,-0.12864275986177104,0.9591295031545755
0.20558234422275104,0.23245543818647343,0.7378798132633625,0.5917081093637462,0.26607126958567584,0.02008181868470317,1.0862598570513442,-0.11366976512791366,2.3463875924886364
0.20558234422275104,0.21571843480832661,0.7378798132633625,0.5917081093637462,0.26607126958567584,-0.22813335774983362,0.6419919579232923,-0.11366976512791366,0.5919059523989323
0.713086126243106,0.21571843480832661,0.590420559205135,0.6389796355272704,0.5300223887578324,-0.22813335774983362,0.6597604941373844,-0.7700411235880951,0.6235695603882232
0.8496023658838151,0.47765648152589174,0.86508564088058,0.6220068375058662,0.6873352886500058,-0.1921404952471376,0.6597604941373844,-0.34510957073091386,1.075482547717447
0.8496023658838151,0.3568926438979446,0.7086455572788283,0.6220068375058662,0.8754756924692394,-0.1921404952471376,1.1909151071742972,-0.32595891535641663,1.075482547717447
0.8496023658838151,0.3568926438979446,0.7086455572788283,0.6220068375058662,1.8246394471434857,-0.1921404952471376,0.8574126132499541,-0.07280353391159428,1.075482547717447
0.8496023658838151,0.29731802460592044,0.7489833360194634,0.05319035109159831,2.7094091275697485,0.0535154947337709,1.280059330213828,-0.3915031433771802,1.1297371110366181
0.8096365618128577,0.29731802460592044,0.7489833360194634,-0.09931191779707566,2.7094091275697485,0.0535154947337709,1.1880436140931543,-0.3915031433771802,1.1297371110366181
0.8096365618128577,0.29731802460592044,0.7489833360194634,-0.12835537352107387,2.2560583389376085,0.0535154947337709,1.3729688246868486,-1.1409789808539217,2.1062488644913016
0.3351082362032775,0.289611283702638,0.7448031008814249,-0.23065787196611526,3.539959285410966,0.0535154947337709,2.5688389697197995,-0.377807740221486,2.1062488644913016
0.3351082362032775,0.289611283702638,0.7448031008814249,-0.23065787196611526,3.539959285410966,0.0535154947337709,1.2684878617625142,-0.25031392805884567,2.4906828633396976
0.3351082362032775,0.16663043144850487,0.7448031008814249,-0.23065787196611526,2.0358450713822727,0.0535154947337709,0.3543703841921966,-0.4625849504914482,0.9814943814372648
0.3351082362032775,0.24216586337474075,0.7448031008814249,-0.23065787196611526,1.4185318386209438,0.0535154947337709,0.3436875347049482,-0.4625849504914482,1.66802599788542
0.3351082362032775,0.1928852400350666,1.0444955555620006,-0.10796765343580035,0.5754393035063244,0.0535154947337709,0.7469342200863989,0.769069248272069,3.4006060279413304
0.3351082362032775,0.1928852400350666,1.0444955555620006,0.8389357892475297,1.2570296684143487,0.0535154947337709,0.7469342200863989,0.19495709113773518,3.4006060279413304
0.2681814424397898,0.1928852400350666,1.0444955555620006,-0.17446943021639172,1.2570296684143487,0.0535154947337709,0.854690123737801,-0.481492690811278,3.4006060279413304
0.18830213046438415,0.4987525614670648,1.0444955555620006,-0.17446943021639172,1.287934731684623,0.0535154947337709,0.854690123737801,-0.481492690811278,3.4006060279413304
0.28801718490686745,0.4987525614670648,1.0444955555620006,-0.17446943021639172,1.225668238735373,0.0535154947337709,5.366421830817132,-0.5341293111157833,1.2620314318626928
0.28801718490686745,0.4987525614670648,1.0444955555620006,-0.17446943021639172,2.1475785367058298,0.16724100251304547,4.239527104877015,-0.5341293111157833,1.2620314318626928
0.28801718490686745,0.4987525614670648,1.0444955555620006,-0.17446943021639172,2.85852287196969,0.16724100251304547,0.8150100244743256,-0.5341293111157833,1.2620314318626928
0.4391057446150888,0.6800294160227542,1.358460059960982,-0.17446943021639172,2.85852287196969,0.16724100251304547,0.8150100244743256,-0.28289256733682977,1.3119694581693033
0.4391057446150888,0.2938826375122043,0.9813763889436153,-0.17446943021639172,2.85852287196969,0.30311203264289877,0.8150100244743256,0.1632972541084617,0.43896326037647104
0.4391057446150888,0.2938826375122043,1.0318343915967385,-0.17446943021639172,1.0037203139545405,-0.1718222855959895,1.793858766215775,0.1632972541084617,0.43896326037647104
0.4391057446150888,0.2938826375122043,1.1475333140441941,-0.7678700902573671,2.4816503242235326,-0.1718222855959895,0.5998797363639325,-0.16954411003859932,0.43896326037647104
1.0208825728550481,0.700269392236988,1.2409772753476898,-0.7678700902573671,2.4816503242235326,-0.09796137130295958,0.5998797363639325,-0.14153041255354215,0.1510767627787185
1.0208825728550481,0.700269392236988,1.2409772753476898,-0.8271150242224354,1.0821981679814632,-0.9949351506001826,0.7500565237355666,0.6193426238034356,0.19887080467262935
1.0208825728550481,1.1689769280362077,1.6870779948404264,-0.8271150242224354,1.0276766240901343,-0.4368780573982243,0.5585445232873237,0.6193426238034356,0.3616899143782157
1.0208825728550481,1.0279415119843014,1.6870779948404264,-0.4079314903556238,0.05377084772614455,-0.4368780573982243,0.9662451615623987,0.6193426238034356,0.3616899143782157
1.8433629246733905,0.14463799256488943,0.8312565353428513,-0.4079314903556238,0.05377084772614455,-0.4368780573982243,0.9662451615623987,-0.8162604279250472,0.5078127134667964
1.8433629246733905,0.14463799256488943,0.8312565353428513,0.09974868196007924,0.05377084772614455,-1.2089897570538672,1.1315989382141245,-0.8162604279250472,0.5742165969675193
1.8433629246733905,0.5421116975742954,0.8312565353428513,0.4764422405600913,0.05377084772614455,-1.2089897570538672,1.697002129310174,0.10244610909191554,0.8883782794479144
1.8433629246733905,0.8691374997523953,0.9118509475895865,0.4764422405600913,0.05377084772614455,-1.1670971437165971,1.697002129310174,0.10244610909191554,0.8883782794479144
1.693496684945279,0.8691374997523953,0.9118509475895865,0.4764422405600913,0.15946713213829442,-1.1670971437165971,1.9646489032354024,0.10244610909191554,0.6820867122614928
1.693496684945279,0.5686871362415856,1.4179916765271163,0.722976568782157,0.15946713213829442,0.8545500516492697,1.8690704845094743,0.4018377905281942,0.5260086728721562
1.678548855005235,0.5686871362415856,1.5674635286310894,-0.5470497733327764,0.13776398666168443,-0.14766753953492673,1.7386730105841781,1.289697752908372,0.5260086728721562
1.678548855005235,0.729224575046559,1.180097335312216,-1.4349401622239923,0.26343506551854784,-1.0298151850407908,1.7386730105841781,1.7941339632220203,1.7209743438611165
1.2384669163190576,0.7568645280103558,1.4411626645122741,-1.4349401622239923,1.0360427252492064,-1.0298151850407908,1.7386730105841781,1.1358749296235815,3.4363405288592066
1.2384669163190576,0.6239042935055188,1.25436052589202,-1.4349401622239923,0.8417625137660079,0.2527614359793262,1.7386730105841781,1.3218342541642432,1.5271590625162033
0.6292218104952283,1.361560616821342,1.25436052589202,-1.087051967726175,1.3960079155277045,0.16552269736834513,1.3188980119128217,1.0428985177988448,0.6670513293582284
0.6292218104952283,1.361560616821342,1.25436052589202,0.7907349477106036,0.62664252759288,0.12690959057039722,1.2624318373828232,0.9168293951415558,0.6877477073702177
0.8425625714909493,1.361560616821342,1.25436052589202,0.5297719295174609,0.7575569209514206,-1.610062255814948,1.2624318373828232,0.15786698265939192,0.5880090192274806
0.8425625714909493,1.815606794282736,1.25436052589202,0.5297719295174609,1.064898613858032,-0.7992384712834626,1.2624318373828232,0.6282077878294309,0.5349862310010823
0.8425625714909493,1.815606794282736,1.25436052589202,1.0564566095915104,4.8961490988173,-1.219219154269092,1.2143150768428475,0.6282077878294309,0.5349862310010823
0.6380820633753297,1.1982725281688913,1.0737462983688073,1.0564566095915104,10.546362008697885,-1.219219154269092,0.8881807240901174,0.1067602258237984,0.7944631991746278
0.778304318550105,1.1982725281688913,1.1593620021597464,1.1411659876266265,5.028715452773267,-1.219219154269092,0.5740395323836481,0.8485598387759645,2.510634785925048
0.778304318550105,0.9957891769588857,0.8418462643094572,1.3171351142054102,4.625986700257415,0.41755714978732783,3.4003208636532096,0.0817768788415959,0.6943084815550692
0.46237305159595593,1.820715362239124,0.8418462643094572,0.7820263168335042,4.625986700257415,0.41755714978732783,0.7168331674425827,0.0817768788415959,0.5466342296546828
0.4680513492413181,2.2062354146958683,0.8418462643094572,2.090858929507716,4.625986700257415,0.41755714978732783,0.7168331674425827,0.05929308377144225,0.5466342296546828
0.4680513492413181,1.1434486723798991,0.9203461209500198,2.090858929507716,4.625986700257415,0.41755714978732783,0.4802117756504767,-0.13517179591389838,0.5466342296546828
0.2833232356174231,1.0900829083867118,1.0280915331510792,-0.2614181732766685,1.4920558232874424,0.41755714978732783,1.558145542456099,-0.1754555536202569,0.17932972840452413
0.2833232356174231,0.37971835458984415,0.5820630953898605,-0.2614181732766685,2.073158753719819,0.41755714978732783,0.6741371904923257,-0.1754555536202569,0.17932972840452413
0.2833232356174231,0.37971835458984415,0.6614463302845941,-0.2614181732766685,2.073158753719819,0.41755714978732783,0.527845195848829,-0.1754555536202569,0.7535201735013147
0.3843821301078699,0.37971835458984415,0.4793025645298501,-0.2614181732766685,2.456970175021015,0.6359833574184696,0.527845195848829,0.17017110067451446,0.9400670444929615
0.3843821301078699,0.37971835458984415,0.6975305537214179,-0.2614181732766685,2.456970175021015,0.6359833574184696,0.4597251091901249,0.17017110067451446,1.8737401829585072
0.3873476834627487,0.22339576608982895,1.4636539410514522,0.10911928610124633,1.4909262256399132,-0.22190595211922026,1.0512604714774638,0.17017110067451446,0.7726174870826666
0.5214371220785418,0.47238174654923665,1.174995844296163,0.10911928610124633,1.4909262256399132,-0.5124034968390573,1.0512604714774638,0.7143526584173144,0.29013021582007575
0.5214371220785418,0.37828972422531026,1.174995844296163,0.10911928610124633,1.195762559371858,-0.645585119146427,0.8086680059992243,0.7143526584173144,0.29013021582007575
0.5214371220785418,0.3809276321199844,1.174995844296163,-0.5960537230732238,0.4746990203671898,-0.14367157167291544,0.8086680059992243,0.6554005238567264,0.9760768272499611
0.3134823285982335,0.2713950619681795,1.2703231971963942,-0.5960537230732238,0.4746990203671898,-0.14367157167291544,1.4583006137931216,-0.27715023685741014,0.9760768272499611
0.3134823285982335,0.2713950619681795,0.8452931128751188,-0.5960537230732238,0.8178017100175644,-0.14367157167291544,2.50465223488787,-0.27715023685741014,0.9760768272499611
0.3134823285982335,0.40291724972357107,1.1287342363176254,0.898351365562979,0.8178017100175644,-0.14367157167291544,2.375796907346029,-0.4078704406382459,2.01570144713572
0.3134823285982335,0.40291724972357107,1.1287342363176254,0.898351365562979,0.5180061576116854,-0.14367157167291544,2.375796907346029,-0.327758185546725,1.4434099276049857
0.3134823285982335,0.24717176355828613,0.861598790717088,0.9467240586000975,0.9508443123002529,0.8379168740722039,3.2217974885865024,-0.327758185546725,1.4434099276049857
0.39598670344433384,0.4772490192420053,0.861598790717088,0.9467240586000975,0.39955815985228055,0.8379168740722039,2.28711954148466,-0.19294908792630694,0.5666703583229842
0.39598670344433384,0.2932006361478809,0.861598790717088,0.9291273223113901,0.4545237605267629,0.8379168740722039,1.4578550928430047,0.14795180118453927,0.9707597245154584
0.39598670344433384,0.2932006361478809,0.861598790717088,0.9291273223113901,2.834008999401978,-0.08478928836275756,1.0917354679488949,0.14795180118453927,0.9707597245154584
0.17620600890676733,0.2932006361478809,0.6901852052429561,-0.4638784462709946,2.834008999401978,-0.3278026885045765,1.0917354679488949,0.14795180118453927,1.033971676087687
0.2450380789563575,0.2994155416637223,0.8431046861710549,-0.45285070945690187,3.663703999938191,-0.3278026885045765,1.8177243269118493,0.14795180118453927,1.5125722841300884
0.34573446257349094,0.36158010527780826,0.8431046861710549,-0.5326394218993787,1.5701717761443583,0.022584357985402315,1.8177243269118493,0.14795180118453927,1.748367173438852
0.37390178915974154,0.36158010527780826,0.634170548881268,-0.5326394218993787,1.5701717761443583,0.022584357985402315,4.118600254794258,0.14795180118453927,0.5785260385281826
0.37390178915974154,0.28791392889105777,0.634170548881268,0.5124273023767713,1.5701717761443583,0.022584357985402315,2.6453720303758432,0.14795180118453927,1.2474587876082022
0.37390178915974154,0.28791392889105777,0.634170548881268,-0.11402722906758833,1.5701717761443583,0.022584357985402315,2.6453720303758432,0.17419210701638557,1.374180279333096
0.10589667347368126,0.28791392889105777,1.1261427318200452,-0.11402722906758833,1.1137765277625173,0.022584357985402315,2.6453720303758432,0.17419210701638557,1.220706469043705
0.10589667347368126,0.6154321143562188,1.1261427318200452,-0.11402722906758833,1.0464888013957971,0.022584357985402315,0.3282991019089928,0.17419210701638557,1.2367247056799462
0.10589667347368126,0.6154321143562188,1.1261427318200452,-0.11402722906758833,1.0464888013957971,0.022584357985402315,1.3174618202843176,-0.1937542091657152,1.2197045949230436
0.10589667347368126,1.0154291295901368,0.9184941062908175,-0.11402722906758833,1.379086062989773,0.022584357985402315,0.3632289390747494,-0.1937542091657152,1.2197045949230436
0.10589667347368126,1.0154291295901368,0.9184941062908175,-0.11402722906758833,1.4172782020684827,0.022584357985402315,1.1679706436991966,-0.1937542091657152,1.4920037015416228
0.29835840929307106,1.0161183082857603,0.7668798925756218,-0.11402722906758833,1.7295328148739528,0.022584357985402315,1.1679706436991966,-0.22309806802736368,1.4920037015416228
0.29835840929307106,1.051986897552777,1.1344968276399858,-0.11402722906758833,6.971284897148293,0.022584357985402315,0.35765911984208626,-0.22309806802736368,0.43640934161366934
0.29835840929307106,1.051986897552777,1.1344968276399858,-0.46941428750870684,6.971284897148293,0.022584357985402315,0.752714219076091,-0.22309806802736368,0.6241925517208509
0.29835840929307106,1.3470484842918862,1.1344968276399858,0.22296447193019098,9.521650175895669,-0.14066981505902257,3.1219579915184217,-0.22309806802736368,0.4217200866549411
0.29835840929307106,2.935911888486988,1.1344968276399858,0.22296447193019098,15.827705136141493,-0.14066981505902257,2.4537708020280053,-0.22309806802736368,1.430379546779006
0.3736058874721133,0.7233192954547077,1.1344968276399858,-0.7167916476675662,2.5121068841065473,-0.14066981505902257,3.197078914500035,-0.22309806802736368,1.8202415938411347
0.3736058874721133,0.3983929393705434,1.3742111356240825,0.1872420283774866,1.9737971752655918,-0.011744654004755661,0.705109048254352,-0.22309806802736368,2.795986367954512
0.13294952324389955,0.3983929393705434,1.0862418165495065,0.1872420283774866,1.9737971752655918,-0.011744654004755661,2.582047418373313,-0.14741007263159195,4.75263794305565
0.13294952324389955,0.6333004964722541,1.3944142545519915,-0.18598613717140067,1.4366883303927667,-0.02509992327689115,0.5059934808886517,-0.14741007263159195,4.75263794305565
0.13294952324389955,0.407942557220621,0.8355266850391719,-0.18598613717140067,1.4366883303927667,-0.02509992327689115,0.40307009107388864,-0.14741007263159195,4.75263794305565
0.13294952324389955,0.407942557220621,1.6141844542909252,-0.18598613717140067,1.4366883303927667,-0.02509992327689115,0.5104206313327957,-0.24308350468657813,8.33025682614618
0.13294952324389955,0.407942557220621,1.6141844542909252,-0.18598613717140067,0.2945584177646355,-0.02509992327689115,1.0884035050640066,-0.24308350468657813,9.199215412220875
0.46965659053840997,0.22878118123769461,1.6141844542909252,-0.18598613717140067,1.2731789984966537,-0.02509992327689115,1.0884035050640066,-0.24308350468657813,9.199215412220875
0.46965659053840997,0.3333160324354703,1.0784608951909869,-0.5285480993836731,0.6155238042807536,-0.02509992327689115,1.0884035050640066,-0.24308350468657813,11.812295153574588
0.46965659053840997,0.6811184532519511,1.0784608951909869,-0.5285480993836731,1.1241714546154904,-0.3596549945578739,1.0884035050640066,-0.24308350468657813,6.960140356057314
0.46965659053840997,0.33404111057438357,1.3472877882166585,-0.5285480993836731,1.1241714546154904,-0.3596549945578739,1.1360088367304577,-0.24308350468657813,2.603132324676225
0.5986120518943424,0.3081710300144203,1.3472877882166585,-0.5285480993836731,1.6361265277193362,-0.3596549945578739,0.5394905138338963,-0.24308350468657813,3.5895316838977127
0.561005423150125,0.33038412025543923,1.3472877882166585,-0.5285480993836731,1.6361265277193362,-0.3596549945578739,1.8154116126211384,-0.24308350468657813,2.0289168640736666
0.6964407914059255,0.33038412025543923,1.3441151035714813,-0.5285480993836731,1.3949460039819699,-0.9042893325919996,0.5476663887192708,0.5895498134743484,2.2343834618986524
0.6964407914059255,0.28993837402324457,1.3441151035714813,-0.2262930042883396,1.9740315250374643,-0.9042893325919996,3.852842178215519,0.38199411308262177,5.477547984884692
0.28598866265730566,0.48791040647859113,1.3441151035714813,-0.2262930042883396,1.4257737089690272,-0.5718209278491135,1.9135998457085286,0.07939655826455905,3.058873090125987
0.28598866265730566,0.38056995577970015,1.071644388347682,0.027609608894450466,0.9688731502412119,-0.03154915765695643,1.9135998457085286,0.07939655826455905,5.9879936089786865
0.28598866265730566,0.38056995577970015,1.0586608666519486,0.027609608894450466,1.5252643124396796,-0.03154915765695643,1.9135998457085286,0.07939655826455905,5.9879936089786865
0.28598866265730566,0.38056995577970015,1.0586608666519486,0.027609608894450466,1.5098024190867025,-0.03154915765695643,0.9724806235838114,0.07939655826455905,5.9879936089786865
0.3774835611523327,0.38056995577970015,1.0586608666519486,-0.07133554307495772,1.5098024190867025,-0.0039673189124895085,0.9724806235838114,0.4373756187263207,9.711429827729239
0.41535939497670266,0.43183000916617076,0.5673759931166255,-0.07133554307495772,1.5098024190867025,-0.0039673189124895085,0.4317919734843584,0.7335283699925362,2.4948039336141083
0.39201820786459685,0.7533379214413616,0.5673759931166255,-0.07133554307495772,1.1234405044930755,-0.0039673189124895085,0.6186918689907235,0.26086426567752724,2.3782180941043998
0.3867035135862343,0.7533379214413616,0.5673759931166255,-0.07133554307495772,0.9530487865211802,0.03588994094484621,0.1728349972726913,0.2035157393908154,2.359797819557191
0.3867035135862343,0.25183724838356486,1.1195600206564424,-0.027503233895160725,0.4335141451613648,0.03588994094484621,0.6082840353080842,-0.027117712550666,1.4128002901372587
0.9300927945123264,0.19532578956838081,1.1195600206564424,-0.0709702097407621,0.4335141451613648,0.7984013460118953,0.5517100284561227,-0.16201378216363424,3.015844179587032
0.9300927945123264,0.19532578956838081,1.1195600206564424,0.13393219530234543,0.5751215638441604,0.7984013460118953,0.5691800423101201,0.3149120709801554,3.015844179587032
0.9300927945123264,0.28071599153352067,0.8240538653652781,-0.6323854706259772,0.4979937709234979,1.264762684870194,0.9327156275615659,-0.10377845448789474,3.015844179587032
0.9300927945123264,0.39686832207113404,0.8240538653652781,-0.6323854706259772,1.7491744645922358,1.2100617219696248,1.315899275185388,-0.04287121936285101,3.0804595046306225
0.9300927945123264,0.5722696440322079,0.9064784549371944,-1.2901314283432601,1.1055565637867135,1.2100617219696248,1.9173461517749724,0.598168700030958,2.046292298760651
0.9300927945123264,0.5722696440322079,0.9064784549371944,-0.22340761557766098,0.4973241817266019,1.2100617219696248,7.807089345057295,0.5782261797229225,0.3469231392951875
0.9300927945123264,0.17537861668636953,1.5570308205874828,0.5958274507570506,0.5635138051381773,0.8762284597622492,13.252092062545293,-0.47222112867086574,1.2228535495353159
0.9300927945123264,0.13082215294632218,0.939011172891355,1.3115750021846677,0.2538062608090197,0.8762284597622492,10.612584839367253,-0.47222112867086574,2.9496660649318107
1.0284901904771224,0.13082215294632218,0.939011172891355,0.352799134253281,0.2538062608090197,0.8762284597622492,29.145230032388216,-0.47222112867086574,1.6570589217952791
1.0284901904771224,0.13082215294632218,0.939011172891355,0.352799134253281,0.2538062608090197,1.2983076601004928,29.145230032388216,-0.47222112867086574,0.4685252901605273
0.5708519656629056,0.13082215294632218,0.717890949422216,-0.5097556977480193,0.2383426912731255,0.7909136535691456,4.76980604873374,0.655600632654068,0.4685252901605273
0.5708519656629056,0.1776285371363235,0.717890949422216,0.26159337536546023,0.2233600370672582,0.09936344409732412,3.7540537591381953,0.655600632654068,0.10154779785033319
0.5708519656629056,0.4101141217629057,0.717890949422216,-0.07389543135760207,0.2233600370672582,0.09936344409732412,3.7540537591381953,0.655600632654068,0.10154779785033319
0.5708519656629056,0.4101141217629057,1.4019069248686518,-0.18558929222004011,0.5520589970058813,0.35281541848288417,6.673643071495502,0.655600632654068,0.10154779785033319
0.5708519656629056,0.4101141217629057,1.220840598532325,0.20855423013984076,0.9412018211844059,0.35281541848288417,5.968648163665648,0.655600632654068,0.3138557766185226
0.5708519656629056,0.4101141217629057,1.220840598532325,-0.22300594159647014,2.2762351455246916,-0.28275357043165056,0.3493440478027509,0.7092361170244111,0.3138557766185226
0.3230627990560899,0.5351352612822616,1.220840598532325,-0.31968006530545784,1.5647034435543212,-0.15783792001206626,0.21556900051645358,0.7092361170244111,0.4493425644080516
0.3230627990560899,0.19162287769853883,0.821131004829933,-0.31968006530545784,1.5647034435543212,-0.7464241526373094,0.17067651907044948,0.7092361170244111,2.3888264560066284
0.3230627990560899,0.1814965889246644,0.821131004829933,-0.31968006530545784,0.6160784974097921,-0.7464241526373094,0.17067651907044948,1.235121869474515,2.3888264560066284
0.3460943347170901,0.18824432229892718,0.821131004829933,-0.31968006530545784,1.439616548381472,-0.7464241526373094,0.7027180212413524,0.09634070018369933,3.6463401002344065
0.42088778563315676,0.18161515038058995,0.821131004829933,-0.31968006530545784,1.8022153715873968,0.540602944636617,0.7027180212413524,-0.7148675635824142,4.46880618471501
0.5021839600948697,0.18161515038058995,0.821131004829933,0.4251360431417793,0.8190821134653172,0.585521796611502,0.7027180212413524,0.5467269514921766,3.2104347684528425
0.44825896875487725,0.18161515038058995,0.9262069714543572,2.018757898966161,0.43492702532001315,0.585521796611502,0.40520041277197943,-0.263337126256165,2.5486444616227235
0.44825896875487725,0.18161515038058995,0.9262069714543572,2.091342295787796,0.9946828735615026,0.5214433588338079,0.5570508800639904,-0.7447355790036196,1.0377227497793828
0.44825896875487725,0.1887207408850934,0.9262069714543572,0.7337256166573847,1.5558715739400033,0.25805477645607033,1.4082781298703129,-0.6009666471255078,0.7791280034122338
0.38257879275350565,0.5584337428781777,0.9451174074508079,0.7337256166573847,0.9953351278029291,0.25805477645607033,1.4082781298703129,-0.6009666471255078,0.6049151536992863
0.38257879275350565,0.4026611818629324,0.5514039130712136,0.7337256166573847,0.9953351278029291,0.25805477645607033,0.8397174463503808,-0.6009666471255078,1.0106454098493067
0.38257879275350565,0.5590868159400081,0.7229329237951451,0.7337256166573847,1.9061972248037513,0.4022869354206189,0.5641210439205473,-0.6009666471255078,1.4040340398847855
0.38257879275350565,0.28612411232131435,0.7832766028211688,0.7337256166573847,2.043026341060141,0.4022869354206189,0.5641210439205473,-0.6009666471255078,2.101581364410538
0.5129142047210767,0.39423897074535974,0.7832766028211688,1.7383098306428517,2.043026341060141,0.4022869354206189,0.2340282979373128,-0.6009666471255078,2.101581364410538
0.5129142047210767,0.7563730009618769,0.7832766028211688,1.8801301234158119,0.6591050600078248,0.4022869354206189,0.3764458014074757,0.2808612185311318,1.535278180542603
0.5129142047210767,0.7563730009618769,0.8812037431426968,2.7125984843640945,0.593061672732367,0.4022869354206189,0.3764458014074757,0.2808612185311318,0.5102605471892931
0.5811956227156634,0.7563730009618769,0.5415990368195779,2.252429550374334,0.5431327963650097,-0.4840805063660807,1.8107936795055137,-1.2151595543869398,0.8970681433348947
0.5811956227156634,0.7563730009618769,0.5415990368195779,2.252429550374334,1.5395562918267727,-0.015487431911939298,1.8107936795055137,-1.2151595543869398,0.8970681433348947
1.0177875125373268,0.7563730009618769,0.5415990368195779,2.493875564360307,1.7601864262095002,0.13436977273710843,0.2976336155501225,-1.73951788447849,0.5294339319205151
1.0177875125373268,0.3641187578973598,0.5415990368195779,3.7186226059098626,0.6040377045849953,-0.08825793698731754,0.5338026074410039,-1.7430366978879641,0.5294339319205151
1.0177875125373268,0.3641187578973598,0.5415990368195779,2.60319822243833,0.4556920808888066,-1.18457833866116,0.5338026074410039,-1.6527803228893168,0.5294339319205151
0.4667204587500839,0.4153531408694598,0.46297281477522473,0.954113406136277,0.4556920808888066,-1.18457833866116,1.71201667296666,-0.2539271124274387,0.5294339319205151
0.4667204587500839,0.4153531408694598,0.4352472528162858,0.9032237339477953,0.21615421077878474,-0.3804000084468858,1.9853578109324652,1.0504331358838266,0.5294339319205151
0.4667204587500839,0.4153531408694598,0.3854771528207274,-0.31187426121764816,0.3642280330651705,-0.16876725395957057,0.37277005905549826,1.0045406981444436,4.7316980519464735
0.4783989589766478,0.39385998447516585,0.3854771528207274,-0.45527685735587775,0.43563276160648723,-1.2318561360137725,0.37277005905549826,1.0045406981444436,3.667034600844589
0.4783989589766478,0.27045198947379867,0.3047926573700989,-1.6167512399772996,0.9406972820026804,-1.0488660601347288,2.61630376557162,2.4771907045386534,1.6027041942760227
0.4783989589766478,0.2234762420916018,0.3047926573700989,-2.4434299077010535,1.4055696559365112,-0.633841412935682,2.61630376557162,3.2896615487173255,0.8320592780779099
0.3631876253436835,0.2234762420916018,0.35093609635752226,-2.4434299077010535,4.613756661884348,-0.633841412935682,2.83348023298809,2.633670279197365,0.8320592780779099
0.22549629377655034,0.37791807650020204,0.29991156235443145,-2.4434299077010535,4.782119511249616,-1.5728429959573111,2.83348023298809,-0.225274451989812,0.9668029702092156
0.487501907251805,0.37791807650020204,0.29991156235443145,-3.5218077012563493,1.919055548366149,-1.405567157273092,2.83348023298809,1.6720580667549978,2.4116223354203528
0.487501907251805,0.37791807650020204,0.5841319214935748,-4.295644096633271,0.24190528326314747,-0.8566858110060982,0.8423192373746878,-0.3120345934311066,2.6973600004843497
0.487501907251805,0.35196165576585814,0.5841319214935748,-4.295644096633271,0.22372529098492216,-0.35730789597145274,1.0273171178040632,-0.38383986795887604,1.428355027535561
0.7219647442963004,0.47225603426924934,0.5841319214935748,-4.252014244229891,0.3847844027755731,-1.4689909786873248,1.4401964604171666,0.047803540649488774,1.428355027535561
0.5751322070368104,0.24390075592130459,0.5841319214935748,-5.133836609345879,0.7966116629781196,-2.2275291741372785,0.5580342106046796,-0.37821078066241137,2.6823550281966533
0.5751322070368104,0.2197026880678928,0.4017359577964467,-5.319790540090277,0.7966116629781196,-3.0649872721867677,0.7925894145174789,-0.8177117284791173,2.6823550281966533
0.5751322070368104,0.2878816786359658,0.3527802527064475,-4.882498469843364,1.5787975804187613,-3.0649872721867677,2.317263252955756,-1.1827959166401478,2.1586711369385543
0.5751322070368104,0.2878816786359658,0.3527802527064475,-3.994784764705827,1.333684446551848,-3.050415543413404,2.3109984263847645,-0.5672926536119123,1.464292044383704
0.6898898176719344,0.3471201504134914,0.3527802527064475,-3.4298863084501234,0.6041006839212375,-1.916076693570883,4.996152659465468,-0.5268606880678602,1.464292044383704
0.6898898176719344,0.3471201504134914,0.3527802527064475,-3.4298863084501234,0.6041006839212375,-2.725217919262179,4.729437642210676,-0.2827420935934656,1.464292044383704
0.6898898176719344,0.15217619661967804,0.3527802527064475,-4.222779260664745,0.7923494408321012,-1.3712952164090486,4.589815154758634,0.5031828630631642,1.036192525905219
0.791080781994952,0.6854261519919679,0.19172912114836504,-5.628734314365279,1.0006112615742728,-2.1980945810675596,2.4728174379648187,-0.22625043799223976,1.6409524865248268
0.47318341283141785,0.6854261519919679,0.19172912114836504,-4.91534398732763,3.1176639833609965,-0.44222321170061796,4.1453289285209,-0.9234339754640699,0.8123679804104823
0.4474542349437595,0.5053687132451655,0.19172912114836504,-4.099694853323132,3.1176639833609965,-1.2848960292887248,1.549410799539747,-0.9234339754640699,0.8123679804104823
0.4474542349437595,0.2538798222795969,0.19172912114836504,-2.1249921282712485,5.44164505590447,-1.2749094953807283,1.549410799539747,-0.9234339754640699,4.783797971866832
0.3071999209613783,0.2538798222795969,0.19172912114836504,-2.1249921282712485,3.0323162998711983,-1.8424674941523285,1.5790378738905995,-1.7501228749611228,2.56316286460733
0.3071999209613783,0.2538798222795969,0.19172912114836504,-0.8539990817152254,3.0323162998711983,-2.186493135485578,0.681860135757933,-1.7501228749611228,2.56316286460733
0.3071999209613783,0.2538798222795969,0.23027446764033768,-0.9026107084472541,0.3949950733798733,-2.186493135485578,0.681860135757933,-0.3159479449576461,2.104614978595724
0.3071999209613783,0.2538798222795969,0.2704704094489429,-0.9026107084472541,0.3949950733798733,-1.7156640734681858,0.681860135757933,-0.3159479449576461,2.097614565790726
0.3071999209613783,0.2538798222795969,0.2704704094489429,-0.8178476243239707,0.479981311216708,-1.7156640734681858,0.681860135757933,1.504079321920421,0.23250683810661651
0.3071999209613783,0.21373990310273908,0.2704704094489429,-0.7587234492545067,0.479981311216708,-1.260950938856578,0.6650896624194251,1.45456148885362,0.776047109772082
0.31398597957469043,0.21373990310273908,0.2704704094489429,-0.8090451203810238,0.223096195912105,-1.260950938856578,1.1726890851468061,1.45456148885362,0.776047109772082
0.36191974052448994,0.21373990310273908,0.25510892713117317,-0.8090451203810238,0.07375615210779339,-0.9812014613930459,0.979774979497094,1.6806177612420807,0.5915385690836218
0.37252298143997736,0.21373990310273908,0.33180397619703805,-0.8090451203810238,0.048398998412647984,-0.5645405552778118,1.3075078496842052,0.11214398441397666,1.1830518245314463
0.37252298143997736,0.21373990310273908,0.30411088736160563,-0.080341274696059,0.048398998412647984,-1.0908805080218646,0.7131357538167853,0.838382450543317,1.1830518245314463
0.1475697519148864,0.49080823502816645,0.34870955570845497,0.9789814357630209,0.0920461261643828,-1.295170620349604,1.0938176877701016,0.838382450543317,0.9639865956775402
0.31690466736144335,0.4967473600083776,0.34870955570845497,0.9789814357630209,0.0930314120432724,-0.9837074235654344,0.73863172670394,0.838382450543317,0.9639865956775402
0.2890470462404069,0.4967473600083776,0.5755300173607081,0.7323819881665228,0.17640151835485987,-0.1993456297591173,0.7707966220424131,0.838382450543317,1.0104505102700296
0.2890470462404069,0.34475010976842,0.471895571791487,0.9520269017948215,0.304731911061208,0.06688040693504177,0.7707966220424131,-0.32975513645049126,0.8249486199968998
0.2890470462404069,0.3009457129348299,0.471895571791487,0.1484226572619467,0.17648953411038526,0.06688040693504177,0.2962959900012836,0.13453375518052235,0.8249486199968998
0.2890470462404069,0.6113769644421766,0.471895571791487,0.1484226572619467,0.30139382640918555,0.06688040693504177,0.2962959900012836,-0.7448196553446177,1.841608429256691
0.2890470462404069,0.3760887202526729,0.8636930570204835,0.1484226572619467,0.6403302058317837,0.06688040693504177,0.2632186187633804,0.4715268878581139,1.841608429256691
0.2890470462404069,1.38018520207686,0.8636930570204835,-0.7658835911247109,0.6403302058317837,-0.519781216546622,0.19205623165177005,0.4715268878581139,1.885454024927457
0.2890470462404069,1.6419893206124654,0.8526752129380636,-0.6723691119717171,0.6403302058317837,-0.519781216546622,0.19205623165177005,0.4715268878581139,1.8718473857723386
0.4955921148726622,2.1253923897565286,0.8526752129380636,-0.7270152106993176,0.896606865091929,0.5824632642577072,0.19205623165177005,0.35698170471002094,2.2266742870144114
0.5081984134707448,0.23560641646231972,0.5951394484496684,-0.5157651244235892,0.6262039168901838,-0.2416784464069519,0.19205623165177005,-0.14210404336064508,2.520226224271268
0.5081984134707448,0.23560641646231972,0.5951394484496684,-0.5157651244235892,1.088904069933005,0.34046854378785296,0.9129031193585784,-0.5767163832935933,1.7893233375534812
0.5081984134707448,0.23560641646231972,0.5951394484496684,-0.29024104157562114,1.1610194261166769,1.5158070405661304,1.989181504015635,0.1562295345077278,1.510443755060997
0.5081984134707448,0.23560641646231972,0.7288660518331534,-0.29024104157562114,1.8984878658609567,0.19146349400285056,1.700454839660024,-0.5767831772030064,0.9822069394645985
0.5081984134707448,1.1799698113311914,0.65515769129776,-0.517219749297214,0.6789958052543102,0.9012757513127653,1.700454839660024,-0.5767831772030064,1.5149158126363396
0.5252973337346818,0.1917110952626104,0.6746618321329799,-1.0242743483650965,1.3894432647437949,0.9576600268919218,0.5843966041547349,-0.6010912000851307,1.5112414214335999
0.5252973337346818,0.1917110952626104,0.6746618321329799,-1.098245101135112,2.29039798489419,0.9576600268919218,0.5331092134252076,-0.6010912000851307,0.8510955756605536
0.5252973337346818,0.14515874554738345,0.4297190606774099,-1.098245101135112,2.29039798489419,0.8665543833795339,0.8244798624726444,-0.6010912000851307,0.5977492895537144
0.5252973337346818,0.19817546923594528,0.5754619444986558,-1.7646848925099028,0.5176655365484231,-0.20361049243624563,0.8935224201437276,-0.6010912000851307,1.4012330470112502
0.5252973337346818,0.12736365722576873,0.5754619444986558,-1.7646848925099028,0.46633259835701557,-0.20361049243624563,1.4242771662327656,-0.6010912000851307,2.5190403267590713
0.5821754945766342,0.12736365722576873,0.5754619444986558,-1.6574047879616862,0.46633259835701557,-0.20361049243624563,2.054545243831553,-1.246529009569905,1.907554916432538
0.5821754945766342,0.14813448676955965,0.527956234262669,-1.6336030261852867,0.45094064158892594,-0.24995532768597417,0.9594932182991923,-0.22072620982372837,1.5312985083589754
1.368655590454788,0.4796534545398533,0.527956234262669,-2.525867840745521,0.45094064158892594,-0.2652055751478984,0.9594932182991923,-0.3257624865555675,3.2741924655273777
0.9989530519129668,0.3615728863377612,1.0417837400735626,-1.7889679672480523,1.9139384619331279,-0.2652055751478984,3.89599285324255,0.43018976808934883,3.0079305155877023
0.9407417288732429,0.8937387697968667,1.3720092916291158,-0.9375688576395677,1.4635603208294727,-0.2652055751478984,0.9717064687926253,1.1910827053745305,5.527998900491309
0.5274186230858521,0.547934573161838,1.3720092916291158,-1.1121788856275026,1.4635603208294727,-0.2249516655958041,2.1642477253738783,0.04687726374930934,5.527998900491309
0.5274186230858521,0.5675606218378902,1.388855092680885,-1.1121788856275026,1.4635603208294727,0.42234310821148696,2.1642477253738783,0.04687726374930934,2.020454599758965
0.5274186230858521,0.1758146344026065,1.085142469482263,-1.1121788856275026,1.4635603208294727,0.5137671998879739,1.6889283400861406,0.04687726374930934,0.32850180611454394
0.5274186230858521,0.1758146344026065,1.085142469482263,-1.1121788856275026,0.6976033120407672,0.5137671998879739,1.6889283400861406,-0.9282517921200981,0.5106497543028691
0.5274186230858521,0.1758146344026065,1.085142469482263,-1.1121788856275026,1.2917942341569177,0.5137671998879739,1.6889283400861406,-1.8841687309486388,1.8414105857139278
0.5274186230858521,0.1758146344026065,0.824251188359721,-1.047036778242037,0.7093664721462407,-0.01592899325688535,0.9884551950085296,-2.855446859136764,1.8414105857139278
0.5274186230858521,0.6200627713429123,0.4636112013589622,0.5251662213675163,1.5173779135304784,-0.14972407816040223,2.182017627753304,-2.855446859136764,7.88936862117108
0.5274186230858521,0.6200627713429123,0.4636112013589622,-0.16950397400443906,1.5173779135304784,0.9161339761710378,1.769051426688143,-3.5649733242349324,3.273288070902362
1.1390070114099051,0.5706173501840713,0.4636112013589622,0.2897541631765436,2.9779153974526777,1.2421718086635303,2.8574904443264693,-3.5649733242349324,2.0756044404923966
1.1390070114099051,1.1039497182148814,0.5253552143692238,0.2897541631765436,2.9779153974526777,1.273815458350234,1.8359693645314934,-3.226494839620157,0.2520538684331541
1.1390070114099051,0.7242721605579565,0.4446369133880894,0.26787777062563134,2.737651757771091,0.5138831443683036,0.711095811348834,-3.022827059914396,0.52122953818253
0.98593316614265,2.598105933535321,0.6036337500322293,0.5785752419373908,0.6789330260531808,0.8637619660407687,0.711095811348834,-2.603639261447113,1.276676847455925
0.5540784453496369,2.598105933535321,0.6036337500322293,0.5785752419373908,1.2971934418293232,-0.4123457447002148,0.711095811348834,-2.603639261447113,1.4499392345282673
0.5540784453496369,1.0407120748104526,0.6036337500322293,1.3980136111854229,2.202892045843296,-0.7785514993393128,0.3021372820946875,-2.1659064805060178,0.8735893270339913
0.5540784453496369,0.7836936546885291,0.6041272573847313,1.3980136111854229,2.202892045843296,1.2596488083883193,0.3021372820946875,-1.8411288655187863,0.5504074038140863
0.5249304213996064,0.7836936546885291,0.6041272573847313,2.204174241574128,4.415547582286168,0.8364045573915737,0.3021372820946875,-2.1282562288877322,0.7141545445117391
0.5249304213996064,0.7836936546885291,0.35034181664413205,3.035315892197652,4.9638618180407965,0.6021523857223923,0.3021372820946875,-2.1282562288877322,0.45324255076169045
0.5249304213996064,0.5769569144821671,0.35034181664413205,3.4902307759233726,2.9416667366840876,0.6021523857223923,0.3021372820946875,-0.5281756558854558,0.45324255076169045
0.5249304213996064,1.185645837729415,0.3897673730669593,4.777700252231573,1.5255004211343282,1.2722301474209818,1.226098499823612,-0.5023045617028646,0.45324255076169045
0.5249304213996064,1.185645837729415,0.3897673730669593,3.64897245354702,3.2361821033859157,1.2777185215811986,0.8208160591018706,0.21422600749371512,1.3955051946995018
0.5249304213996064,0.18972262990318478,0.3897673730669593,3.64897245354702,3.2361821033859157,0.4413671302847141,1.1039020816945424,-0.20866980137071206,1.66793501831323
0.5249304213996064,0.18972262990318478,0.5133370712548989,3.9260487070707293,3.2361821033859157,0.9140367157166913,1.1039020816945424,-0.3549286553267664,0.27195574659933663
0.5249304213996064,0.18972262990318478,0.5133370712548989,2.061028861350586,3.950711127738706,1.853321558953791,1.1039020816945424,-0.3549286553267664,0.3376172642478912
0.9253810392773044,0.18972262990318478,0.5184737855474414,0.2995026207054572,3.732942896375773,2.4482415661720967,1.176120711743797,0.16296208298635834,2.5217366262555543
0.9253810392773044,0.19827248022186095,0.42713866987360133,0.37468253857566347,3.732942896375773,1.9027587641396546,0.42679064898317526,0.6725193966271108,0.35045387026367164
0.9253810392773044,0.13011729030778799,0.42713866987360133,-0.7623764768128601,3.732942896375773,-0.5074116947864051,0.37850988648381684,0.8696927754335042,0.4287691777704765
0.9253810392773044,0.656207728785396,0.42713866987360133,-1.7086550591214573,3.732942896375773,-0.8256072811782137,0.14321002864430019,2.226077483777626,0.7908521672134975
0.9253810392773044,0.9027680614044558,0.42713866987360133,-1.6976156526907389,4.130515685579426,-0.40068592024325395,0.5708248160088396,3.541809332429977,1.5612149737727081
1.2384303030443624,0.23617131441621061,0.4991498518606471,-1.6976156526907389,6.6884896226654655,-1.5871096867638042,2.811967289883874,2.403310837250763,1.5612149737727081
1.2384303030443624,0.6448705387231689,0.5071959035060655,-2.5165366565721854,6.6884896226654655,-2.754420297512595,2.811967289883874,2.311383631178094,0.784462158740998
1.2384303030443624,0.3983816989741603,0.6032998177367691,-1.919323044265483,6.6884896226654655,-2.8338470242830245,3.626828928966038,1.0947142356690462,0.45491192491127436
1.2384303030443624,0.3983816989741603,0.6842842104135985,-1.1922702632177877,3.337581147357877,-3.5073274470103017,3.626828928966038,1.0359590643661685,0.45491192491127436
1.2384303030443624,0.28441687405860205,0.6842842104135985,-2.554716870574007,3.337581147357877,-3.5073274470103017,3.626828928966038,0.786364915622024,0.49553194544530216
1.2384303030443624,0.28441687405860205,0.536603537870668,-2.3720631500767113,2.4464195810744114,-2.6840068012661042,1.9169899589317587,1.1932792510920716,0.548562516592085
1.471056260225908,0.28441687405860205,0.536603537870668,-2.3720631500767113,0.1721471369827815,-2.4365869070602493,0.6342650043378981,0.20388365843090173,0.206395686475321
1.3655071740897329,0.28441687405860205,0.45325397722695865,-2.277941555825357,0.1721471369827815,-2.840439401929608,1.094341153576656,1.222254385081352,0.5039522405080938
1.3655071740897329,0.46725003428389966,0.45325397722695865,-2.933331229365794,0.1721471369827815,-2.840439401929608,0.36930446790489957,0.6119321180060708,0.5039522405080938
1.3655071740897329,0.40906198500434515,0.45325397722695865,-3.056901171043327,0.1721471369827815,-4.071283551469337,0.9296491707960489,0.1335865279122308,0.5039522405080938
1.137670390095918,0.40906198500434515,0.5385422826910761,-3.056901171043327,0.1721471369827815,-4.071283551469337,0.9418047536007856,0.816439238117166,0.5039522405080938
1.137670390095918,0.40906198500434515,0.5385422826910761,-3.056901171043327,0.10591277292328319,-3.6661669256490357,0.4624868861402534,1.0200538390409633,2.0801851496869803
1.137670390095918,0.40906198500434515,0.6280530859451803,-2.750533476160476,0.10591277292328319,-5.071932212495163,0.12972316812212425,3.5668043204786537,2.0801851496869803
1.2775026214728287,0.40906198500434515,0.6280530859451803,-0.6755528873896419,0.44558178911133484,-4.111854983842148,0.2264708561952204,2.6199581653925055,0.6085325646627031
1.2775026214728287,1.1532280982218497,0.6280530859451803,0.06424408575964391,0.6435882248589085,-5.053796774900862,0.44683051105195737,2.653358032743503,0.6085325646627031
1.361320015339221,1.0261666433569825,0.6280530859451803,0.6345438669481966,0.3933646660496439,-4.790377784665962,1.4647787845296665,1.68004747412542,0.5115568572200532
1.361320015339221,1.0261666433569825,0.6280530859451803,1.261248413001622,1.3466848266910845,-4.7860311094335355,1.1784903731974787,2.055112653942051,1.7264557769975222
1.361320015339221,0.7866877192717552,0.6280530859451803,1.261248413001622,1.7383765672536573,-4.548241248852905,0.35884204332423764,1.6509266218768013,1.7264557769975222
1.361320015339221,0.7866877192717552,0.6280530859451803,1.0868513311479608,1.904824124405025,-4.548241248852905,0.37465705034106733,1.547781429830751,1.4183325727226876
0.8093722282044199,0.4061386993460765,0.6280530859451803,1.0243602757818306,4.370293647339786,-4.231979201179508,2.3887301209103904,1.4878925143719886,0.540411841902696
1.2640409043345575,0.4061386993460765,0.6280530859451803,-0.08504760794594413,0.5776821613382302,-4.832837496090891,0.7217952351105789,1.4878925143719886,0.8688175150680862
1.2640409043345575,0.34022384827925284,0.6280530859451803,0.6963576442681483,0.398317824431656,-4.832837496090891,0.7217952351105789,1.4878925143719886,0.8688175150680862
1.2640409043345575,0.34022384827925284,0.6426904477421919,0.4749665939647919,1.0497072357824908,-6.122568161469331,0.635893077928606,-0.11197855052646477,0.520689044731155
1.2640409043345575,0.49837962874652636,0.6426904477421919,1.3117822212928083,0.5555770194525956,-5.915464583075658,1.1781601970762356,0.11482989013961917,0.8814734436259738
1.2640409043345575,0.27228604329808864,0.6426904477421919,1.3117822212928083,0.7516149980226593,-5.915464583075658,1.2077083550022232,0.11482989013961917,2.7023746621993547
1.2640409043345575,0.27228604329808864,0.6426904477421919,1.2205874675963537,0.5742447330760164,-5.080197639338572,1.652137671751236,0.7050378491862032,1.7964983313676348
0.9755635300625904,0.27228604329808864,0.6426904477421919,1.9715598774637308,0.5126335792648964,-4.511435991892792,0.2579340194974524,0.7050378491862032,1.6336349903257046
0.9755635300625904,0.2751096700610746,0.3601898169978647,1.9715598774637308,0.2847726328228698,-2.4823380347363537,0.9804757191547442,0.4012124935187687,1.6336349903257046
0.9755635300625904,0.2751096700610746,0.5314377333603117,2.9305209759076543,0.2847726328228698,-2.0236082939497355,0.8848913836091103,0.4012124935187687,1.1518504357052652
0.9755635300625904,0.7297685683084472,0.5211430947675206,4.707246263426095,0.9773742869113016,-1.9591971832831425,0.8848913836091103,0.4012124935187687,1.1518504357052652
0.9755635300625904,0.39293983187797993,0.5211430947675206,4.707246263426095,0.9773742869113016,-2.8177143531474877,0.8848913836091103,0.4012124935187687,1.0163512684456286
1.0410114943629678,0.39293983187797993,0.3809251136125458,3.161277308955558,0.9773742869113016,-1.106524145100997,0.8848913836091103,0.4177282299555478,1.0163512684456286
0.9363193219236694,0.39293983187797993,0.5425550883789326,3.161277308955558,1.920811701680862,-1.6543973039542887,1.1231382955104123,-0.41900245499375766,1.0163512684456286
0.7378753741066968,0.1702242445423337,0.5425550883789326,2.0197791272621117,1.920811701680862,-0.6698124066922836,1.1231382955104123,-0.41900245499375766,1.8094658196155742
0.36388978721476034,0.17915078509391955,0.5425550883789326,2.0197791272621117,4.024549611671157,0.45004486288565093,0.5249579411205705,-0.8689818693550315,1.8094658196155742
0.36388978721476034,0.526855464243019,0.528087958002069,2.135777896044244,6.032175601091896,0.45004486288565093,1.6936948377765981,-1.4236391185602,1.1021357337328357
0.36388978721476034,0.526855464243019,0.6431196608410947,1.4496411555169275,0.7435261600819637,0.5735714818657583,1.7470408477988444,-1.4236391185602,2.869850192757495
0.38466389431857284,0.526855464243019,0.6431196608410947,1.4496411555169275,2.8221189799730646,-0.19313545842121527,1.7470408477988444,-0.19533159199307049,3.013791103356307
0.38466389431857284,0.42994687422573447,0.6431196608410947,0.5590005497765295,2.100613761290519,-0.19313545842121527,2.5582785909921304,0.28862324404207157,1.956927473033718
0.3200217563898942,0.7758680756803381,0.6431196608410947,0.5590005497765295,1.6760116196095252,-0.19313545842121527,0.3951059690976259,0.02180426169179217,0.7556841752860107
0.3200217563898942,0.26361068682752103,0.6431196608410947,-0.35609141043709325,1.2140307311113914,-0.19313545842121527,0.8755388817418228,0.03927269529538695,0.41403425569017616
0.3293958358988035,0.4912389555518176,0.5151765461057948,-1.1262662979752727,0.24619991916315506,-0.19677106031710723,0.710037540411175,0.03927269529538695,1.2525080674046882
0.25828096212124213,0.3277930637708468,0.5151765461057948,-1.1262662979752727,0.9783690090455317,0.10314062952793074,0.710037540411175,-0.23407692796781393,4.974647620207643
0.51340165565931,0.3277930637708468,0.5151765461057948,-1.1262662979752727,0.9783690090455317,0.10314062952793074,1.1714458429755112,-0.23407692796781393,3.423799439997554
0.6696769331794257,0.10516607749262585,0.5151765461057948,-0.9368511300933031,1.3313264388195032,0.144370872361117,1.1714458429755112,-0.23407692796781393,3.8003240677819683
0.2259224454085346,0.10516607749262585,0.5149557114781242,-0.9515083546479276,0.4193180148014448,0.144370872361117,1.249389450811726,-0.02247724555001665,3.8003240677819683
0.2259224454085346,0.10516607749262585,0.6361295968604329,0.2492119929821629,0.40402108679987647,0.144370872361117,2.391611062128161,-0.022554362584157505,3.8003240677819683
0.14036444868156445,0.10516607749262585,0.6135791205006387,0.2492119929821629,0.40402108679987647,0.144370872361117,1.6090539046860135,-0.04002126611866479,1.9097642669230201
0.14036444868156445,0.27008562331249125,0.7075910010602428,0.2492119929821629,1.0357427030731643,0.144370872361117,1.6090539046860135,-0.04002126611866479,0.6537448449708518
0.24494650033401916,0.27008562331249125,0.8406823752941622,0.05806374302093828,0.653322956129397,0.144370872361117,1.6090539046860135,0.8454372581451731,0.5540846068781276
0.24494650033401916,0.4369931571623409,0.8406823752941622,0.05806374302093828,1.8246493868454368,0.144370872361117,1.6090539046860135,0.6842901707054239,0.5540846068781276
0.24494650033401916,0.4369931571623409,0.8406823752941622,0.05806374302093828,1.2085194869716813,0.144370872361117,2.2575626153127937,0.6842901707054239,0.5540846068781276
0.24494650033401916,0.4369931571623409,0.8406823752941622,0.05806374302093828,0.6617077713028261,0.2525478293086065,2.2575626153127937,0.6842901707054239,0.22847126692881028
0.24494650033401916,0.43703464357930105,1.2719934011867147,0.05806374302093828,0.5669102611270221,0.2525478293086065,0.5668676877045993,0.6842901707054239,0.22847126692881028
0.18703169493687888,0.41919524406087605,1.2719934011867147,0.11570650553998713,0.5669102611270221,0.2525478293086065,0.6666135368279282,0.6842901707054239,0.22847126692881028
0.18703169493687888,0.41919524406087605,1.2719934011867147,0.11570650553998713,2.651915889887618,0.14650765826743983,0.772727327212565,0.6842901707054239,0.3429903399710761
0.18703169493687888,0.41919524406087605,1.0041737452868125,0.11570650553998713,2.5163057705225595,0.14650765826743983,0.772727327212565,0.19034477156307117,0.6605316204421321
0.09476998679004849,0.41919524406087605,1.0041737452868125,0.11570650553998713,0.8771370532576706,0.21034853545105853,0.49699192584725604,0.19034477156307117,5.7265204618890815
0.09476998679004849,0.8213316097083908,1.0041737452868125,0.11570650553998713,0.8771370532576706,0.21034853545105853,0.8547954539520856,-0.10015486478760466,5.7265204618890815
0.09476998679004849,0.8213316097083908,1.0041737452868125,0.11570650553998713,0.8771370532576706,0.21034853545105853,0.8547954539520856,-0.10015486478760466,1.2712393557500594
0.09476998679004849,0.5488254688197701,1.0041737452868125,-0.2561976867818393,0.24880579986374457,0.21034853545105853,0.8547954539520856,-0.10015486478760466,1.373711302640805
0.09701468228379574,1.3188773023989804,1.0041737452868125,0.25033230298505704,0.24880579986374457,0.21034853545105853,1.178871626429383,-0.10015486478760466,2.4789353196225323
0.09701468228379574,1.3188773023989804,0.7152691933230891,0.25033230298505704,0.3069759489300677,0.07518928707776376,1.6376698041217002,-0.10015486478760466,2.225188255479295
0.13473316569132987,0.46900114286960554,0.5630907336487366,0.3544833745122832,0.3069759489300677,0.07518928707776376,1.6376698041217002,-0.2666487930387853,0.9572094222156393
0.1381098685275483,0.46900114286960554,0.5139525569663468,0.3544833745122832,0.3679536577284164,0.07518928707776376,2.7327648249999617,0.15897263919286692,1.1843063054876786
0.16052476292727028,0.2741182495868695,0.5139525569663468,0.3544833745122832,0.5231678770919052,0.06838766282888072,2.5307803048352144,0.15897263919286692,1.1843063054876786
0.16052476292727028,0.38983862509178757,0.44933527065506684,0.3544833745122832,1.4546096694439292,-0.34565990634400773,2.5307803048352144,-0.7465926783932877,1.0960197277908736
0.18218399089848816,0.38983862509178757,0.7723435284499102,0.2159552235728488,0.6579417053921204,0.9100782253643478,2.4962123921896606,-0.710037508343062,0.4667626586662878
0.18206508366771712,0.38983862509178757,0.7723435284499102,-0.006366010478462608,1.5067471539053723,0.6059129561247839,0.48642857692511365,-0.710037508343062,0.4667626586662878
0.3455249763640525,0.7868913581887315,0.7723435284499102,-0.32783787666699926,1.0465533210183826,-0.07689338047372707,0.7871981556459469,-0.710037508343062,0.4667626586662878
0.3455249763640525,0.2523515811519334,0.7723435284499102,0.5466302424091883,1.7809808250601673,0.6124384192335176,0.41045185388189603,0.8456139378741162,0.8106439280432612
0.3455249763640525,0.2523515811519334,0.7723435284499102,0.2599785132907501,1.7714063449669721,0.6124384192335176,0.1901607336785766,0.5676636529725521,1.368068496029806
0.3554244643163034,0.32814188458064664,0.7723435284499102,-0.7671881653317973,0.665344235402478,0.6124384192335176,0.1901607336785766,0.5676636529725521,1.7206711078952912
0.3554244643163034,0.19041809179312155,0.7723435284499102,0.30214648319249915,0.665344235402478,0.266911740559439,0.1901607336785766,0.5676636529725521,0.9479251395979916
0.3554244643163034,0.19041809179312155,1.152681692635546,0.30214648319249915,1.7726208228635192,-0.20272273902776894,0.410317253434196,0.48368451452124006,2.078145914448728
0.3554244643163034,0.2649534470229157,0.8956923984109089,0.30214648319249915,1.7726208228635192,0.5438411505700997,0.410317253434196,-0.15516550760404235,3.7149057675388484
0.3554244643163034,0.5412675412339698,0.7510715167526368,-0.5633070741716649,1.7726208228635192,0.5438411505700997,0.41171310090833746,0.20132653130706096,1.9724554148309943
0.3554244643163034,0.26828470809103494,0.7603542683125817,-0.7752978842297706,0.7784077752465375,-0.43187796287457836,0.4232420924211868,0.2924832904209601,3.9609713363005077
0.3554244643163034,0.25347821328033127,0.9503998783185252,-0.7752978842297706,0.7784077752465375,-0.43187796287457836,0.4673672631303753,0.2924832904209601,1.4841263258826547
0.6021509853538666,0.25347821328033127,0.9503998783185252,0.7656532245013634,1.7422832344178814,0.34037901212613175,0.8356838383577214,0.1504037023827994,1.08010667468803
0.6021509853538666,0.18630107036706642,1.2270545284773613,0.7656532245013634,1.7422832344178814,0.34037901212613175,2.044606855986483,1.727071255188094,4.2981653854951585
0.6067884231322536,0.6627836423667276,1.2270545284773613,0.7656532245013634,1.961293109861063,0.34037901212613175,5.630881591467485,1.727071255188094,2.4733818029505006
0.7619310344769742,0.6627836423667276,0.9669463683133096,0.22391241378794846,2.624788507233544,0.17994525356861973,2.0177131884568973,2.0558719194840753,2.507969863949465
0.7619310344769742,0.6627836423667276,0.9669463683133096,0.22391241378794846,5.4587237845674705,1.8086231644953514,2.0177131884568973,2.1446894608132387,2.507969863949465
0.8001654073361514,0.3165536103357286,1.265483200624588,-0.27309162532726694,5.4587237845674705,1.7907564695097093,2.590041952563822,1.122614321817617,2.507969863949465
0.47756239351634416,0.3165536103357286,1.265483200624588,-0.27309162532726694,5.4587237845674705,1.7907564695097093,2.590041952563822,-0.7305626738353483,2.507969863949465
0.47756239351634416,0.9169279515240802,1.1825544907965058,-0.00943942078178911,1.9859668225397766,1.4826861654225625,2.9658530872085844,-0.7305626738353483,2.507969863949465
0.47756239351634416,0.8891326937562521,1.1825544907965058,-0.00943942078178911,1.6581270297885424,1.4826861654225625,1.0823583223728197,-0.17806066528547504,1.500169158434886
0.6861834329778724,0.8891326937562521,1.1825544907965058,-0.00943942078178911,2.557371595872552,0.7426838731023367,0.7820230756641595,0.8412650271155904,0.5674800469950705
0.41389973839479466,1.5100492222031512,1.1825544907965058,-0.00943942078178911,1.2756745298605447,0.42138944812884405,0.7820230756641595,0.8412650271155904,0.738743884029081
0.2444912307438873,1.5100492222031512,1.1825544907965058,-0.00943942078178911,1.2756745298605447,1.089469967192041,0.4833953411070155,0.8412650271155904,0.9648536562449965
0.2158166224704835,1.5100492222031512,1.1922277572555016,-0.00943942078178911,0.9175081843568117,-0.48348554611168026,0.12877554324825513,-0.6588522845015592,0.9648536562449965
0.2158166224704835,1.5100492222031512,0.9475360047334805,-0.00943942078178911,0.9404062508387568,-0.24117563929304509,0.14771292265325675,0.10335463310835191,0.4756379124633481
0.2158166224704835,1.5100492222031512,0.9475360047334805,-0.00943942078178911,2.842352777285748,0.011324808179459966,0.3073372496971249,0.10335463310835191,0.19595248111268287
0.12477913047778358,1.5100492222031512,0.8419575550676521,-0.00943942078178911,0.7790183227601248,0.011324808179459966,0.23955136472147187,0.10335463310835191,0.19595248111268287
0.12477913047778358,1.250930783194645,0.8419575550676521,-0.00943942078178911,0.7790183227601248,0.011324808179459966,0.12577698976714963,0.10335463310835191,0.2517947727583033
0.12477913047778358,0.2932784090915651,0.8419575550676521,-0.00943942078178911,0.3442857922613675,0.011324808179459966,0.1746750581946246,0.04409494074176973,0.418977620844136
0.11109611817608493,0.2932784090915651,0.8419575550676521,-0.00943942078178911,0.41757582094837653,0.011324808179459966,0.1746750581946246,0.04409494074176973,0.34388279119671367
0.08650707170935673,0.2932784090915651,1.3638256912529114,-0.00943942078178911,1.0710743676168772,0.011324808179459966,0.14580347474589522,0.04409494074176973,1.233503147857033
0.1623310071448175,0.3763591537134657,0.9339208834666943,-0.00943942078178911,1.214402428143202,0.011324808179459966,0.14053144258537592,0.04409494074176973,1.4928160441275617
0.1623310071448175,0.3763591537134657,0.9553580570439226,-0.00943942078178911,1.214402428143202,-0.011003392632671142,0.26521009515693,0.04409494074176973,1.4928160441275617
0.1623310071448175,0.6723076846867936,0.9553580570439226,-0.00943942078178911,1.214402428143202,-0.011003392632671142,2.511380465076828,0.04409494074176973,1.4928160441275617
0.27152093177365133,0.25952848767683084,0.9553580570439226,-0.3029966835328052,1.6788964000664197,-0.011003392632671142,2.511380465076828,0.04409494074176973,1.4928160441275617
0.3271009643811815,0.25952848767683084,0.9553580570439226,-0.2570182376474937,2.1415352297911845,-0.011003392632671142,1.1069144183452218,0.04409494074176973,0.7431781226315985
0.3271009643811815,0.25952848767683084,0.8725001544122188,-0.2570182376474937,3.154261246384203,-0.011003392632671142,0.33832402064079287,0.04409494074176973,0.5998902219926613
0.3271009643811815,0.536835663847552,0.8725001544122188,-0.2570182376474937,1.893057834125834,-0.07815950279534942,2.085972371974986,0.04409494074176973,0.5998902219926613
0.3271009643811815,0.536835663847552,0.9110646357305894,-0.2570182376474937,0.9480517414455636,-0.07815950279534942,2.085972371974986,0.04409494074176973,0.3752229661834395
0.3271009643811815,0.45552582756617005,0.8148951030576964,-0.2570182376474937,0.7372433116038374,-0.07815950279534942,1.5719119760261346,0.04409494074176973,0.3752229661834395
0.3271009643811815,0.45552582756617005,0.7839795467561081,-0.2570182376474937,0.5543458844257367,-0.07815950279534942,1.5719119760261346,0.04409494074176973,1.349039005987543
0.3271009643811815,0.45552582756617005,1.1274981991747475,-0.2570182376474937,0.5543458844257367,-0.07815950279534942,2.9602052308443505,0.04409494074176973,3.649205667613661
0.40167415594349437,0.5965495149630263,0.8426870128547596,-0.2570182376474937,1.737797359298718,-0.07815950279534942,1.7277745106169002,0.04409494074176973,3.649205667613661
0.5122176186859394,0.5965495149630263,0.8426870128547596,-0.3628744164941751,1.1842959023311304,-0.07815950279534942,0.30369943372871416,0.04409494074176973,3.649205667613661
0.48959593306941246,0.5965495149630263,1.21105935365554,-0.3628744164941751,1.1565148694693659,-0.07815950279534942,0.318418712652942,0.04409494074176973,3.649205667613661
0.48959593306941246,0.4452809049720726,1.03303232365725,-0.20017451076582427,1.1823508200446842,-0.07815950279534942,0.23619166216219223,-0.09956142370513771,3.649205667613661
0.48959593306941246,0.4452809049720726,1.03303232365725,-0.20017451076582427,1.187187384762935,-0.5431644854704639,0.27428999359524875,-0.09956142370513771,3.9949669078399306
0.48959593306941246,0.4765036612330817,1.3552308780650906,-0.20017451076582427,0.9535654824806841,-0.5431644854704639,0.17998914331546725,-0.09956142370513771,6.659237720263463
0.48959593306941246,0.16147729805665337,1.3380390047810733,-0.14616086894933028,0.4526968999143142,-0.08199448232637424,0.21568268785393302,0.054573874388820554,6.659237720263463
0.48959593306941246,0.19631582571429929,1.0534745443780835,-0.14616086894933028,0.3354527362386785,0.0598418913123715,0.38811905904333566,0.054573874388820554,6.099003782329228
0.4649109573661486,0.19228601027054049,1.0534745443780835,-0.14616086894933028,0.3354527362386785,0.0598418913123715,2.422963344302636,0.054573874388820554,6.694409642685077
0.4954208771871604,0.49412155215996184,1.0534745443780835,0.13765085710633324,0.29472306423317624,0.27335176882332823,2.395831596241846,-0.2721725591832487,3.1761204301643806
0.4954208771871604,0.29392435904552966,1.0534745443780835,-0.22087689841764507,0.29472306423317624,0.5228552421051438,0.9535066758624993,-0.2721725591832487,3.1761204301643806
0.964320818438005,0.29392435904552966,1.2648948941326408,0.3675091061028542,1.3076582577849172,0.844564648619683,0.9535066758624993,0.21111573119834498,3.1761204301643806
0.964320818438005,0.4008831382213842,0.7141738710329529,0.2120028479943,0.8119139985475278,0.19761879601315768,0.8496129175344731,-0.04759599952994353,3.1761204301643806
0.7016570981349396,0.4008831382213842,0.7141738710329529,-0.9090029039359543,0.8119139985475278,0.19761879601315768,1.226284837416135,-0.04759599952994353,4.448483280155794
0.7016570981349396,0.34202733781688194,0.7141738710329529,-0.9090029039359543,0.8119139985475278,-0.4103213023866239,1.4988415602583176,-0.04759599952994353,5.4496705952761
0.41404217993322645,0.34202733781688194,1.1472298806925325,0.9284335955112716,1.2261046432567568,0.13358351218196374,0.35101200351800776,-0.04759599952994353,2.9566742753990143
0.41404217993322645,0.4816059757292438,1.1472298806925325,0.9284335955112716,0.4652954808043707,0.7981238917398422,0.3927454977082705,-0.04759599952994353,2.9566742753990143
0.7424454061187897,0.4816059757292438,1.1472298806925325,0.9284335955112716,0.5196904164292434,1.0861183575375173,1.2634906693806323,-0.27282516174347154,1.1553512278783764
0.9807805185572368,0.4816059757292438,1.1436419210057007,0.9508150127932312,0.5196904164292434,1.0861183575375173,1.0345588307260467,0.3026358503646573,1.1553512278783764
0.5734730494718023,0.37028079385576584,1.1436419210057007,0.8626362080157279,0.6979498548788007,1.0041462669342882,1.0345588307260467,-0.3339695643435476,0.48187120992582044
0.5734730494718023,0.37028079385576584,1.445465351792599,-0.14847067119863833,0.769595124402269,1.0594859146343953,1.0345588307260467,0.5806569346424073,0.464815872574522
0.5734730494718023,0.37028079385576584,1.438428001833624,-0.1262905251231944,0.769595124402269,1.0594859146343953,0.6536431064460317,0.5806569346424073,0.8565305311442556
0.39644490507008784,0.37028079385576584,1.1905646394008365,-0.1262905251231944,1.2843898988461306,1.0594859146343953,1.4688241750086657,0.5806569346424073,0.7123533516499005
0.47303419491921006,0.4135654321093358,1.1905646394008365,-1.1406782884058102,1.4837689254346027,1.0594859146343953,0.593757202687103,0.7537764834448109,0.7123533516499005
0.47303419491921006,0.4135654321093358,1.369315994919219,-0.9887974631123928,0.5244984685931592,1.0594859146343953,0.6183012509643153,0.7537764834448109,0.7123533516499005
0.789623603111124,0.95595288610654,1.369315994919219,-0.9887974631123928,1.2790440870957478,0.513670731835486,0.28166333451800946,3.0222831012233105,0.7123533516499005
0.789623603111124,0.6367025037973509,1.369315994919219,-1.051198571362938,2.580217500802699,0.513670731835486,0.504650301218378,3.0222831012233105,1.5658043019050485
0.8696635802896975,0.6367025037973509,0.9048782882317565,-0.2893434498556564,1.7738568947972047,0.513670731835486,0.504650301218378,2.816347911844965,1.4061290391518237
0.8696635802896975,0.6367025037973509,0.5475856558177017,-0.2893434498556564,1.007108606265173,-0.11770923341641137,0.36369315816375447,2.3320011758652774,1.1375246486034816
0.8696635802896975,0.7112126819334553,0.5475856558177017,-0.2893434498556564,1.133379736455834,0.03436825660842352,0.36369315816375447,2.3320011758652774,1.6158141344049795
0.8696635802896975,0.4929030015899285,0.5475856558177017,-0.12588179964289842,3.534805896861916,0.03436825660842352,0.36369315816375447,2.3320011758652774,1.6158141344049795
0.5120286446786312,0.4929030015899285,0.5475856558177017,0.290766477650066,3.534805896861916,0.03436825660842352,1.6731465000672072,2.3320011758652774,0.9389103984519949
0.5120286446786312,0.4929030015899285,0.6779002592731416,-0.41377403418188463,6.806653526724938,0.03436825660842352,1.6073780131160063,2.2868933917386145,0.9973589996923304
0.5120286446786312,0.5311030222550198,0.6779002592731416,-0.3723690270106022,19.602899742963498,0.03436825660842352,3.13073948208286,1.8584546532237842,0.9973589996923304
0.5563357151488119,0.8998743438854492,0.6779002592731416,0.40765456209702783,19.602899742963498,0.03436825660842352,0.8851735229568816,1.8584546532237842,0.8414216367757992
0.5563357151488119,0.8998743438854492,0.9754186490244403,0.40765456209702783,19.602899742963498,-0.3365273380863605,1.0502608387137733,1.8584546532237842,0.44257244587733163
0.30850367154657693,0.2261442254212991,0.9754186490244403,0.23705122133621165,19.602899742963498,-0.3365273380863605,0.5719043928519746,1.8584546532237842,0.5291050854121048
0.30850367154657693,0.164656308518421,0.9754186490244403,0.23705122133621165,19.602899742963498,-0.32358199198481813,0.5719043928519746,2.2982519559345613,0.5291050854121048
0.31350780391865407,0.25018835576383164,0.8962086246469013,0.23705122133621165,19.602899742963498,-0.32358199198481813,0.44832441603252704,2.067784514390725,0.5291050854121048
0.31350780391865407,0.25018835576383164,0.8962086246469013,0.5978845589101897,14.629874429546673,0.3298555951997337,0.4842649698926511,2.071084776796764,0.7816635985687098
0.31350780391865407,0.3217855248521378,0.9302581984349665,0.5458274229514,6.869153514829706,0.3298555951997337,0.9017606944640412,1.887124565273008,1.1014613356519305
0.31350780391865407,0.3217855248521378,0.9302581984349665,0.27439837206009343,11.4523593730244,0.3298555951997337,0.5276442589577146,0.9391386541054231,1.9516829282779484
0.31350780391865407,0.5024979264560027,0.9302581984349665,0.27439837206009343,11.4523593730244,-0.2538953421150702,0.5276442589577146,0.9391386541054231,2.497362190970471
0.30016334373880754,0.5024979264560027,0.9302581984349665,0.27439837206009343,11.4523593730244,-0.2538953421150702,0.5276442589577146,-0.2356043721841362,4.415610969592856
0.30016334373880754,1.0906590265783147,1.141946175665681,0.27439837206009343,11.4523593730244,-0.2538953421150702,0.4839112554718499,-0.2356043721841362,4.647602869814438
0.30016334373880754,0.9457287843233902,0.9153196110718461,0.11280697119795427,1.5382925566744425,-0.42882491300193115,0.9996697094495887,-0.11252145933588918,4.647602869814438
0.17866005622807143,0.16260831330351364,0.9153196110718461,0.11280697119795427,1.5382925566744425,-0.42882491300193115,1.3916754918606262,-0.11252145933588918,4.647602869814438
0.17866005622807143,0.2650767087198231,0.9153196110718461,0.11280697119795427,0.5841291919668179,-0.5222913646235194,1.6899041897189029,-0.11252145933588918,4.647602869814438
0.3020403503190017,0.11014425789741773,1.0145654135439508,0.11280697119795427,0.10707444486248129,0.9628336157274573,3.864608040405079,-0.23995584363582,0.4591365151026319
0.29098221169791993,0.24830244321367712,1.0145654135439508,0.11280697119795427,0.10707444486248129,0.9628336157274573,3.952466021909995,-0.23995584363582,0.5315945079960592
0.29098221169791993,0.15113752558133764,1.0145654135439508,-0.16155765086764415,0.06457395110107214,0.9628336157274573,3.952466021909995,-0.23995584363582,0.5315945079960592
0.48128073210824507,0.15113752558133764,1.0195668196501597,-0.16155765086764415,0.07981692869593542,0.037771428762726766,3.3423539420798276,0.7525947718871647,0.3621966200074034
0.48128073210824507,0.3726302136161313,0.7136299219315442,-0.16155765086764415,0.4345601458375053,0.037771428762726766,2.0898888438995216,0.9120031609936364,0.470173941236222
0.48128073210824507,0.6963119669530418,1.3107471559681947,-0.16155765086764415,0.4472934787432573,0.7079726524420742,0.7980662075683259,0.9120031609936364,0.470173941236222
0.48128073210824507,0.6963119669530418,0.7473210467931608,-0.16155765086764415,0.3802230296666352,1.6049050795309086,0.7980662075683259,-1.4054180032313477,1.974793245874494
0.48128073210824507,0.6963119669530418,0.7473210467931608,-0.16155765086764415,0.15361816390367258,1.253606456268739,1.1074480217016425,-0.5474205371322107,1.974793245874494
0.48128073210824507,0.6963119669530418,0.7473210467931608,-0.03481716636295279,0.15361816390367258,0.08205770077457775,0.1997464295422272,-0.766035650626701,3.7604328261799447
0.48128073210824507,0.31487939660086084,0.7272899172508295,0.4914142519716859,0.15361816390367258,-0.48300211353286915,0.1997464295422272,-0.19459872408514967,3.7604328261799447
0.48128073210824507,0.22017767224281024,0.7272899172508295,-0.2812544643545743,0.23915196006739858,0.005571110414728464,1.2011595732811693,-0.19459872408514967,3.7604328261799447
0.15849786150511216,0.14537295116724389,0.7021041527479988,-0.0522412787166788,0.23915196006739858,0.005571110414728464,1.3028667625182935,-0.19459872408514967,1.2135162439335727
0.15849786150511216,0.24316317185732672,1.047036684063802,-0.05742883168874314,1.1679680904789531,0.005571110414728464,2.7851393798934576,-0.19459872408514967,1.2135162439335727
0.15849786150511216,0.25557423212652247,1.084332477225808,-0.05742883168874314,1.194440246384124,0.005571110414728464,2.7851393798934576,0.16926470511948433,5.363636873772269
0.15849786150511216,0.37298921919329797,1.084332477225808,-0.05742883168874314,1.3573264045577587,-0.09512569945997418,0.5234265378148335,-0.1384676232842187,1.7170073796899976
0.31545964685845274,0.37298921919329797,1.084332477225808,-0.05742883168874314,3.306031500938403,-0.09512569945997418,0.18049931773258562,-0.1384676232842187,4.007559307613445
0.31545964685845274,0.37298921919329797,1.7468817783892585,-0.05742883168874314,3.306031500938403,-0.09512569945997418,1.784988633980236,-0.1384676232842187,4.007559307613445
0.7762325461242047,0.37298921919329797,1.7468817783892585,-0.630539803655202,3.306031500938403,-0.09512569945997418,4.172657748534964,-0.1384676232842187,0.36507910190244247
0.7762325461242047,0.6806049982526591,1.7468817783892585,-0.630539803655202,3.306031500938403,0.5006149846371523,1.6041493794377715,0.08239513916737654,0.4658851956951691
0.7762325461242047,1.4030384036777623,1.0045781985149984,-0.09534898995308239,1.425470674984349,0.5006149846371523,1.715143293429563,0.08239513916737654,0.4658851956951691
0.7762325461242047,2.509016212840403,0.9807772537495889,-0.07279371182215884,1.425470674984349,0.4364490915955952,0.8986868995825984,-0.915440836607981,1.0345934633678595
0.7762325461242047,1.713431570013718,0.9807772537495889,0.13030012849666683,1.425470674984349,0.4364490915955952,1.8878816630825577,-1.163669483233621,1.1291983325114152
0.7762325461242047,0.7556880246022049,0.9807772537495889,0.8467726682793745,0.7739211751548151,0.4364490915955952,0.5584894422786664,-1.163669483233621,1.1291983325114152
0.8463183305015439,0.29447005715749436,0.9807772537495889,-1.414059484590429,1.6671582423613824,0.4364490915955952,0.7533622705465916,-0.6114763256655948,1.1291983325114152
0.31397968754672434,0.14763077364447197,0.9807772537495889,-0.7320839811930989,1.6671582423613824,0.3995452750398597,0.7533622705465916,-0.6114763256655948,0.7902272560442822
0.5297820404545783,0.14763077364447197,0.875502517952407,-1.0585574119081838,1.6671582423613824,0.3995452750398597,0.7533622705465916,0.48449878888514464,0.7902272560442822
0.5297820404545783,0.14763077364447197,0.695960969271315,-0.3882414684782963,0.6201879936999315,0.3995452750398597,0.7533622705465916,0.48449878888514464,0.7902272560442822
0.5297820404545783,0.14763077364447197,0.7122013280872218,0.06383886765727065,2.0153198249895508,0.3995452750398597,0.4074955009236706,0.7495588918950462,0.7902272560442822
0.5297820404545783,0.14763077364447197,0.7122013280872218,-0.8605950316163065,0.6090107105801674,-0.3649392056912012,0.4074955009236706,0.9992161217359744,1.2121540847730206
0.5297820404545783,0.1755401262332886,0.7122013280872218,-0.8605950316163065,0.6090107105801674,-0.3649392056912012,1.1265011518502583,-0.05551151482926919,0.7063744523965978
0.5297820404545783,0.2670433168559133,0.8093247442533963,-0.9828232032216906,0.84568320432967,0.6234647284220156,1.1265011518502583,0.7185322070768406,0.7063744523965978
0.5297820404545783,0.2670433168559133,0.8168753162107298,0.45630384130177637,0.6604689601079893,0.6234647284220156,0.6817377283516527,0.4444835532631692,1.5586978382954932
0.5146912280407097,0.32541284411825266,0.8168753162107298,0.957412838527952,0.6604689601079893,0.1930527620122081,0.6241029183913492,0.06653401439346057,0.7093311754313885
0.1747638110734586,0.32541284411825266,0.6989172331388595,0.3982093050355875,1.6585080936963983,0.1930527620122081,1.2220082454957881,-0.37416393447639223,0.532643904276202
0.21924520499621666,0.9962891613358292,0.5019530442476672,0.9683864346097897,0.8829976720361099,-0.10530403006390865,1.2220082454957881,-0.37416393447639223,0.7509735138083798
0.22950967540990402,0.9962891613358292,0.8517533576402988,-0.627574282511582,0.8829976720361099,-0.10530403006390865,0.8698269833119078,-0.37416393447639223,0.7509735138083798
0.1734581146453994,0.7688671791459478,0.8517533576402988,0.07874066265371593,1.4249094755528044,-0.10530403006390865,0.6825588637550125,-0.37416393447639223,7.985968665441121
0.1734581146453994,0.7688671791459478,0.8517533576402988,0.07874066265371593,1.6827660968912448,-0.10530403006390865,1.6276454465124024,0.22757253713594444,5.085122603982993
0.2786692821982665,0.5071376832738271,0.8517533576402988,0.07874066265371593,0.5384925797746051,-0.10530403006390865,1.572962035647041,0.22757253713594444,0.923321990501093
0.32374715796858616,0.5071376832738271,0.7246058945455871,0.07874066265371593,0.5558712448070446,-0.018614529571063007,3.4443526370194593,0.22757253713594444,0.9011433408404689
0.32374715796858616,0.24421606021089254,0.7246058945455871,0.28355514194533016,0.5558712448070446,0.16332421290081806,1.1242014170141195,0.22757253713594444,2.0332811220582965
0.1888505009777966,0.4100794712778768,1.119299865990354,0.28355514194533016,0.5558712448070446,0.16332421290081806,0.40558789346015156,0.005312260186829343,6.014953402341885
0.1888505009777966,0.24931748841741586,1.119299865990354,0.05668711576981539,0.6232973195613303,0.16332421290081806,0.7196065856356466,0.005312260186829343,5.324092531982062
0.1888505009777966,0.24931748841741586,1.119299865990354,0.05668711576981539,0.8954456570182465,0.16332421290081806,2.0665411352751843,0.005312260186829343,1.3078893396960694
0.1888505009777966,0.30115966343634126,1.119299865990354,-0.13400057253398698,0.8017590865391274,0.29291824334680494,0.8271571724861282,0.005312260186829343,1.3078893396960694
0.1888505009777966,0.22244773721292257,1.0052784015799208,0.15585890366358182,0.8017590865391274,0.29291824334680494,1.614204388467173,0.005312260186829343,2.885632476448217
0.3816938929539549,1.3136990379704019,0.9104035244882522,0.15585890366358182,0.7965521099723639,-1.1870624299595232,0.8881588708229907,0.005312260186829343,1.583765540393052
0.3816938929539549,1.3136990379704019,1.0238805939001898,0.15585890366358182,0.8064866218830002,-1.0359392323607781,0.3046550550335465,0.005312260186829343,0.7372592249569804
0.38452553102219894,0.8023682085299619,1.1115974773417179,0.1858154896574767,1.6849999979132053,-0.4286911844779425,0.4163514733406852,0.005312260186829343,2.2131295622639855
0.38452553102219894,0.7244471884957941,1.1115974773417179,0.1858154896574767,1.6849999979132053,-0.4286911844779425,0.4064142584105837,0.005312260186829343,10.450551425012348
0.5916887634939847,0.7244471884957941,1.2712813390591653,0.1858154896574767,0.7648912890343477,-0.19603012288738944,0.6772992926883181,0.005312260186829343,10.450551425012348
0.5916887634939847,0.4181481563816562,1.2712813390591653,0.25738591143114875,0.9852863832372616,-0.19603012288738944,1.469076597076249,-0.10741178282999275,3.66725170551144
0.5916887634939847,0.4181481563816562,1.2712813390591653,0.25738591143114875,0.6633710995446197,-0.19603012288738944,0.5560112198496726,-0.10741178282999275,3.66725170551144
0.5916887634939847,0.3278105784384401,1.2712813390591653,0.25738591143114875,0.41024498127262937,-0.5047991369981255,0.9173362781565573,-0.10741178282999275,0.45802624634585376
0.5916887634939847,0.7003167543012279,1.2712813390591653,0.29673309970354667,0.41024498127262937,-0.22187590190216178,1.8549282446239226,-0.1028747853739851,0.3756980661404196
0.5916887634939847,0.13003505950234773,1.2712813390591653,-0.2590411735276623,0.6044046010011715,-0.22187590190216178,1.2353715086825978,-0.1028747853739851,0.3756980661404196
0.5916887634939847,0.13003505950234773,1.2712813390591653,-0.4889438736830567,0.6044046010011715,-0.22187590190216178,0.6583730639363261,0.25954666639901885,0.3756980661404196
0.4061040771362616,0.39846937509794783,0.8424352950516266,-0.4889438736830567,1.1146372660161439,0.19916944123733715,0.5326116648593852,0.25954666639901885,0.4204216159035999
0.8709969844084146,0.1772959654652714,0.3974017884136276,-0.07680947259368015,1.1146372660161439,0.19916944123733715,0.5326116648593852,-0.13983002775333542,0.8245443101358679
0.8709969844084146,0.21468815830893054,0.3974017884136276,-0.01643691263224594,1.6103747153766323,0.19916944123733715,0.17543440364767082,-0.13983002775333542,0.9869358327211283
0.8709969844084146,0.2712047972757982,0.7740326021989659,-0.01643691263224594,1.5122588811056097,0.19916944123733715,0.3966748254782096,-0.13983002775333542,0.8109995090662245
0.8709969844084146,0.279365306718875,0.8138034863914216,-0.467847539061273,0.7665679004614151,1.039585438125264,2.3624205140688384,-0.13983002775333542,2.4856851607805837
0.8709969844084146,0.279365306718875,0.8138034863914216,-0.467847539061273,0.5607636233305893,1.505659412120961,1.1209883971045733,-0.13983002775333542,0.911540019006505
0.5951208743175302,0.47960397089692003,1.2564017998582075,-0.467847539061273,0.5607636233305893,0.9925254976978791,1.1209883971045733,-0.13983002775333542,0.911540019006505
0.5951208743175302,0.4354897450209545,1.2564017998582075,0.970677766820135,0.5607636233305893,1.210519123747408,0.8958580269222959,0.14683747993804802,0.18447987175904348
0.5951208743175302,0.4354897450209545,1.0655320120563778,1.3283780228962094,0.6515123226412329,1.3279765672569046,0.7713294162046015,0.14683747993804802,0.18447987175904348
0.5951208743175302,0.2254435953278281,1.3163413921201839,1.3283780228962094,3.5606441380369214,0.6444949769961701,0.22860782850587152,0.14683747993804802,0.18447987175904348
0.5951208743175302,0.47992159907718973,0.7568342494800243,-0.7957444308424069,1.025200546226036,0.6444949769961701,0.17151538813271913,0.14683747993804802,0.18447987175904348
0.5951208743175302,0.3344007276589658,0.6458573744156569,-0.7957444308424069,1.025200546226036,-0.19359814309788737,0.16811794417053805,0.14683747993804802,0.27685641706938285
0.5257772287097858,0.3971804162080791,0.6458573744156569,-0.7957444308424069,1.025200546226036,0.9846419279527517,0.24969227126582455,0.14683747993804802,0.591558868465169
0.5257772287097858,0.3971804162080791,0.594916360598762,-0.04415521298791569,0.6610411957872726,-0.40366879276979895,0.24969227126582455,0.14683747993804802,0.3943872162524936
0.3482726521169208,0.32345742427991175,0.3467587131239725,-0.04415521298791569,0.6833567909830176,-0.40366879276979895,0.31650347499676257,0.14683747993804802,0.3943872162524936
0.3482726521169208,0.32345742427991175,0.8251493043440663,0.30160517228502776,0.7991068636310864,-0.7499243658207919,2.1716568793299302,0.14683747993804802,0.22034424431255215
0.3170963136281466,0.4815298844080589,0.8251493043440663,0.3089523963169483,0.8660571313996709,-0.05882916408054295,0.5041782021105209,-0.2117863638077891,0.29428726549280665
0.42722801653044656,0.4815298844080589,0.9450768557813045,0.40763264587757303,1.898071670192521,-0.05882916408054295,0.5041782021105209,-0.1466977287969287,0.30307384229137413
0.42722801653044656,0.4815298844080589,1.320715601054579,0.40763264587757303,1.898071670192521,0.03432183127722038,1.9229969191885012,-0.28327144606376453,0.4853161609368043
0.42722801653044656,0.4815298844080589,1.320715601054579,0.40763264587757303,1.2344831388225332,0.03432183127722038,1.8500262399073997,-0.28327144606376453,0.2581156581972397
0.3399416080784162,0.5548209862451724,0.7713050681207977,0.9652660494571403,1.54510783160058,0.03432183127722038,3.552038604234956,-0.28327144606376453,0.2581156581972397
0.3399416080784162,0.22847738717414126,0.7713050681207977,0.6748323128063795,2.559084792697672,0.03432183127722038,2.7088416021156223,-0.19698891387936723,0.2581156581972397
0.3399416080784162,0.2974030359401941,0.7713050681207977,0.6525208680036793,3.5038520393144204,0.03432183127722038,0.5264946271509727,-0.19698891387936723,0.2581156581972397
0.3399416080784162,0.2974030359401941,0.7713050681207977,0.6525208680036793,2.635652012095897,0.03432183127722038,0.42534275383402637,0.19362631042584266,0.3959797056866112
0.3399416080784162,0.20008816482288877,0.7713050681207977,0.6525208680036793,0.7053211918525154,0.03432183127722038,0.42534275383402637,0.5153585653651578,0.3959797056866112
0.2860440781643109,0.20008816482288877,0.7024489046704615,-0.15550473320983016,2.7876136074042086,0.03432183127722038,2.878960750774075,0.3505507256093805,0.5319394381043968
0.21941216528675728,0.20008816482288877,0.8949563723861712,-0.15550473320983016,2.2095566937914084,0.13132706284460066,2.5695356670887914,0.3505507256093805,0.5319394381043968
0.21941216528675728,0.20008816482288877,1.0453515939753115,-0.15550473320983016,4.664611899062277,0.13132706284460066,0.8634313574090949,0.3505507256093805,1.7712080277545936
0.21941216528675728,0.20008816482288877,1.0202906363389765,-0.15550473320983016,1.6990491825410494,0.13132706284460066,1.0953775778168795,-0.4858241311645306,1.7712080277545936
0.2225191055771931,0.20008816482288877,0.8082622172881324,-0.15550473320983016,1.9622891172788135,0.1601128454378251,2.3649288606944747,0.6308497932431787,0.6745904952126318
0.2225191055771931,0.4837046147894077,0.8082622172881324,-0.5658233284136248,3.383451792939442,0.5489115408093537,1.570187547156275,0.6397793893445194,0.6745904952126318
0.2200720479615303,0.385274406718108,0.8082622172881324,-0.5658233284136248,1.0125363939305592,0.5489115408093537,3.625211199378846,0.6397793893445194,0.6745904952126318
0.33120910940875375,0.7392658375161002,0.6960384319089548,-0.5658233284136248,1.2987266565604974,0.21865378268998803,13.81322150293852,-0.3455952142457419,0.879479412854791
0.33120910940875375,0.7392658375161002,0.7534004147661801,-0.34491559925767146,1.2758340098420478,-0.3669766177283158,7.372088612619843,0.38961725681076465,0.879479412854791
0.26244960744046103,0.7392658375161002,0.7534004147661801,1.3316900956397433,1.2758340098420478,-0.01173542891422491,4.098332085426255,0.38961725681076465,0.979467917334348
0.26244960744046103,0.7909026140063791,0.9923421947225091,0.29659490815673695,1.2758340098420478,-0.064141579681369,4.183242397364651,0.38961725681076465,2.9048977625265353
0.26244960744046103,0.5784956134472424,0.7056739629306137,0.29659490815673695,0.8276902594646575,-0.064141579681369,2.9115159923221556,0.19492916966633844,2.9048977625265353
0.17829272389015094,0.5784956134472424,0.7056739629306137,0.29659490815673695,0.8276902594646575,-0.27288290642837787,2.9115159923221556,0.19492916966633844,3.688360804519027
0.4709915803788413,1.046867778180412,0.7056739629306137,1.6315467999512048,1.1793039409642943,-0.27288290642837787,2.9115159923221556,0.14607388071658967,3.009636240381799
0.24418281812808443,1.046867778180412,0.6829125053840828,1.1216011323472848,1.1793039409642943,-0.27288290642837787,0.9642315088917701,0.14607388071658967,1.6564453937734127
0.24418281812808443,0.47874248796399843,0.6156892058240573,1.1216011323472848,1.0489756701248727,-0.22717212635078404,1.0650954883908095,-0.3984114805985971,1.6564453937734127
0.24418281812808443,0.16985119279486177,0.6156892058240573,1.1216011323472848,1.2734299810070762,-0.22717212635078404,1.3066789141961905,0.5079961266574862,1.6514751013978526
0.24418281812808443,0.14686244442129495,0.6156892058240573,0.6708167364835924,1.2734299810070762,-0.3909285321113651,0.7470812837787194,-0.8545383449223289,1.6514751013978526
0.24418281812808443,0.14686244442129495,0.3794002542731438,-0.009157352013022702,2.3831071935987067,-0.3909285321113651,0.7470812837787194,-0.7256423045090626,0.8772415055370493
0.30392916063813075,0.14686244442129495,0.3794002542731438,-0.009157352013022702,1.1923735983538988,-0.3909285321113651,1.9000196232476427,-1.3888658026787404,0.8772415055370493
0.30392916063813075,0.14686244442129495,0.3794002542731438,0.5628976782051608,1.986238996392173,0.012584648530404585,1.9000196232476427,-1.145969295286425,0.42269479331123166
0.37053983603332635,0.11950153689711925,0.3794002542731438,0.5628976782051608,0.5225695792218761,0.012584648530404585,1.9000196232476427,-1.8633684013589955,0.20649332358291084
0.37053983603332635,0.11950153689711925,0.3117571459365859,0.41081920988528126,0.501577877549306,0.012584648530404585,3.264420032391675,-0.8966507978846889,0.20649332358291084
0.37053983603332635,0.11950153689711925,0.29416086450377726,0.03227204536077727,0.4193666978851061,0.4866452065262678,1.3748145670374337,-0.8972975243693331,0.5815680032264423
0.30088580097075585,0.11950153689711925,0.5600443466828272,-0.021851529792769206,0.22432141958190324,0.33147898539025555,0.8567482547268911,-0.183355720149181,0.4026830573152348
0.22880016025792138,0.12593036042825093,0.6053106093764243,0.047905374475397486,0.2777594158955437,0.2628526638057964,2.245356751202727,-0.183355720149181,0.35800190792360886
0.22880016025792138,0.3232109679073009,0.6053106093764243,-0.29160857663939077,0.2777594158955437,-0.11167232919476439,3.5210168770431114,-0.6077774633472433,0.35800190792360886
0.22880016025792138,0.3232109679073009,0.6053106093764243,0.20085551241890037,0.42370481715569047,-0.11167232919476439,1.2459643823014412,-0.6077774633472433,0.35800190792360886
0.22880016025792138,0.19478981984477778,0.6053106093764243,0.06936318577701092,0.14537286755570258,-0.11167232919476439,1.507081013676166,-0.3099691802819426,0.35800190792360886
0.22880016025792138,0.27181281547907815,0.6053106093764243,0.4012621892922146,0.30627999701040326,-0.11167232919476439,1.507081013676166,0.5165088788405674,0.35800190792360886
0.20434207385044476,0.27181281547907815,0.5462462564976683,-0.7108941058819587,0.3147231612034978,0.5999380800066709,1.507081013676166,-0.03273500651152794,0.33845006973402775
0.12567008280166683,0.3137252190584673,0.5462462564976683,-0.1996656253632797,0.1970727599966813,0.3026824084550505,1.54268975079443,-0.03273500651152794,0.33845006973402775
0.12567008280166683,0.20689634343504762,0.6141849860926712,-0.1996656253632797,0.1970727599966813,0.3026824084550505,0.6838550610005619,-0.03273500651152794,0.18107586619854918
0.12567008280166683,0.20689634343504762,0.6141849860926712,-0.1996656253632797,0.1970727599966813,0.3026824084550505,0.6803650761807473,-0.03273500651152794,0.12870203698205415
0.12567008280166683,0.20689634343504762,0.6141849860926712,-0.1996656253632797,0.3036630661412452,0.3026824084550505,0.6803650761807473,-0.03273500651152794,0.10745173219296768
0.12628537845225962,0.45603713449981886,0.5622875912648307,-0.1996656253632797,0.3036630661412452,0.3026824084550505,0.34548586029742767,-0.03273500651152794,0.10745173219296768
0.12628537845225962,0.3935460524579435,0.5622875912648307,-0.034129463523200176,0.45593606655761104,-0.164582228539856,0.10428004216356354,-0.03273500651152794,0.14730582543674556
0.12628537845225962,0.28866586696603497,0.5622875912648307,-0.034129463523200176,0.4743952211432546,-0.164582228539856,0.05668764855194918,-0.03273500651152794,0.17597614240547338
0.2872696827996536,0.28866586696603497,0.5622875912648307,1.1647585782076069,0.6123344035795601,-1.303870070466047,0.316955030808482,-0.03273500651152794,0.23182733313787593
0.2872696827996536,0.28866586696603497,0.6941324644232691,1.1679876489862797,0.512231377738264,-0.5982591431798315,0.316955030808482,-0.3192286129992689,0.536763191756589
0.2872696827996536,0.41390611303252317,0.6963389960590626,0.8063046952483871,1.657894641594463,0.0360358481784947,0.316955030808482,-0.3192286129992689,1.2141122532453477
0.2872696827996536,0.26239852461728913,0.6181804445340695,0.09389640266962318,1.8454109998081554,0.3330132680863881,1.8301875284115272,-0.3192286129992689,1.2141122532453477
0.2872696827996536,0.4314493797802205,0.6181804445340695,0.04828853917995707,1.5637290443506349,0.6246058800622482,1.8301875284115272,-0.3192286129992689,1.2141122532453477
0.2303346832118911,0.4314493797802205,0.8046703663998973,0.1111775809131983,0.7210541518740498,0.6246058800622482,0.6823648468896497,-0.3192286129992689,0.5726582396000941
0.2303346832118911,0.7086270157172997,0.8046703663998973,0.08896022376039188,0.7415997603302154,-0.7619468289820043,0.6357506306164665,-0.3192286129992689,0.3450607312278575
0.2303346832118911,0.8887890399842767,0.5734850656212707,0.08896022376039188,0.7415997603302154,-0.3905706717846086,0.6357506306164665,-0.3192286129992689,0.22017227439574225
0.2303346832118911,1.8139748720423832,0.5734850656212707,-0.21954747133860358,0.7415997603302154,-0.3905706717846086,0.6357506306164665,0.17392043468013008,0.22017227439574225
0.15778590929827752,0.8467604706652213,0.5054146626018585,-0.21954747133860358,3.804458302463072,-0.3905706717846086,0.6357506306164665,0.38323504036656236,0.1486921304410544
0.15778590929827752,0.8467604706652213,0.4122837840413695,-0.28603747006205626,3.804458302463072,-0.3905706717846086,0.6357506306164665,0.38323504036656236,0.1486921304410544
0.15778590929827752,0.6969903914002371,0.5818214990479735,0.05922008619399055,3.804458302463072,-0.12061385662076157,0.6357506306164665,-0.43022329655992203,0.2559266241716325
0.14028098061617597,0.9653781551831001,0.5818214990479735,0.05922008619399055,1.6199518960992172,-0.12061385662076157,0.8474342017595584,-0.29964551892618296,0.078382517274731
0.3489476192165121,0.9653781551831001,0.5818214990479735,0.3562949084244672,0.9101850033695006,-0.12061385662076157,0.4452449855382125,-0.29964551892618296,0.078382517274731
0.27472414067118217,1.2337445888566128,0.7427353109440745,0.07925555561850955,0.8462990754884668,-0.12061385662076157,1.3965253105643833,-0.09971940531091059,0.18213211396537815
0.27472414067118217,0.31911779378216604,0.8492752976726822,0.07925555561850955,0.651420769905767,0.48288819079106554,1.3965253105643833,-0.09971940531091059,0.18213211396537815
0.2405026684858662,0.4544937016673142,1.4332512204512773,-0.06456255665312627,1.9230084281962463,0.48288819079106554,1.3965253105643833,-0.09971940531091059,0.18213211396537815
0.25654790810826933,0.4544937016673142,1.4332512204512773,-0.06456255665312627,1.3622747438052667,0.48288819079106554,5.451276917533955,-0.09971940531091059,0.18213211396537815
0.25654790810826933,0.4263701334907414,1.4332512204512773,-0.06456255665312627,1.0051673703113995,0.48288819079106554,5.451276917533955,-0.09971940531091059,0.12460281580131388
0.25654790810826933,0.4263701334907414,1.2703124068942169,0.30526837733446327,1.0051673703113995,0.48288819079106554,5.451276917533955,-0.2314156853864127,0.12460281580131388
0.25654790810826933,0.5558322977708707,0.4837498415756563,0.032438092786700845,0.6405677206982242,-0.4842307426620615,1.7072294668171544,-0.2314156853864127,0.11096287655179661
0.3481275488692012,0.5558322977708707,0.5447488082103736,0.032438092786700845,0.6405677206982242,-0.4842307426620615,1.7488982515014233,0.6261770717534164,0.3059642909591016
0.3481275488692012,0.5354291671981238,0.5447488082103736,0.032438092786700845,0.6405677206982242,-0.5126035084448726,2.7857692967717207,0.2761377780441568,0.3059642909591016
0.3481275488692012,0.3377307214978283,0.9702303388381011,0.6751830721025461,1.2391630620007459,0.012014253260662522,2.7857692967717207,0.2761377780441568,0.3059642909591016
0.3481275488692012,0.3377307214978283,0.7093578297201928,0.6751830721025461,2.618226175668338,-0.13267596014601857,0.4008981005492395,0.2761377780441568,0.3059642909591016
0.3481275488692012,0.3377307214978283,0.7093578297201928,0.6751830721025461,2.618226175668338,1.3904811428145833,0.4008981005492395,0.2761377780441568,0.923201270411812
0.3481275488692012,0.3377307214978283,0.7093578297201928,0.6751830721025461,2.618226175668338,1.3904811428145833,0.42612414827363015,0.2761377780441568,0.7038536884473964
0.3481275488692012,0.3377307214978283,0.5625258587969421,0.6751830721025461,0.6108048218493352,1.3904811428145833,1.3175558467197561,0.21134528131983035,0.44437496489299766
0.3481275488692012,0.8709188078960461,0.37098229692513773,0.3159890266647756,1.6529160864826702,1.3904811428145833,1.7282150376582355,-0.5997254226157313,0.4874299363334102
0.3473487932247386,1.6143056715516266,0.37098229692513773,0.14841580484885275,0.7740525339846078,1.2836848895621318,1.7282150376582355,-0.7992864971010397,0.29946525094297827
0.3473487932247386,1.6143056715516266,0.37098229692513773,0.14841580484885275,0.17388587160016605,1.5676259379041633,2.063235670858418,-0.7992864971010397,0.5068921304815204
0.3473487932247386,1.125642588132129,0.3930773063469489,0.5338314627463473,0.17388587160016605,1.5122985132957654,1.1284959328971553,1.0011140165876191,0.7987070838799324
0.3473487932247386,0.230535977465625,0.3930773063469489,0.5338314627463473,0.07529880922265611,1.3917059884108518,0.4480510064674109,1.0478892964264808,0.5055337724254398
0.3473487932247386,0.272998978247365,0.3930773063469489,1.3230045594934983,0.0753794164295422,0.8853176660918319,0.13972518786594168,1.0478892964264808,0.5055337724254398
0.3541912741817215,0.7943841283699667,0.5505374627706602,2.23347643709267,0.0753794164295422,0.8853176660918319,0.13972518786594168,1.5020566027381779,0.2700099510604364
0.749536783322755,0.7184125570258049,0.5505374627706602,0.9664696878646475,0.2669281408709103,1.0749558819789955,0.13972518786594168,0.9074512975095647,0.2700099510604364
0.749536783322755,0.5931730911962199,0.5505374627706602,-1.0918495616327788,0.26761416643396,1.0749558819789955,0.4278506532320653,0.29965687188575807,1.702067601009113
0.5607591146353144,0.33547074200054816,0.5505374627706602,-1.0918495616327788,0.26761416643396,-0.0665343911258287,0.43702839329223236,0.2515535257648437,2.4462103363020478
0.24778929042351608,0.33547074200054816,0.5505374627706602,-1.0918495616327788,0.6774349256001551,-0.0665343911258287,0.13851846570501447,0.6119686996235428,2.4462103363020478
0.24778929042351608,0.16957157572556858,0.5505374627706602,-0.45029544691997125,0.17474194493241643,0.8360405406198426,0.11691231425283376,0.7736497721089083,3.5950566495794596
0.24778929042351608,0.32615301595705215,0.5588200358219347,-1.2313818159960905,0.29709362442266335,2.20708912247916,0.38235509708805576,0.7736497721089083,3.5950566495794596
0.24778929042351608,0.32615301595705215,0.5588200358219347,-1.2313818159960905,0.29709362442266335,1.3777738000821929,0.4988301555779776,0.7736497721089083,0.322082933867426
0.2483920207786693,0.14770774652297225,0.1729594538745895,-1.779837467433918,0.29709362442266335,2.352366963872367,0.4988301555779776,0.3440638624408846,0.5520661034964692
0.3119553307261868,0.14770774652297225,0.29804741211105273,-1.4597001877560785,0.25679655698596204,2.153249568783527,1.228801030868971,0.07237955092525017,2.446145015934276
0.3119553307261868,0.14905224538496128,0.3198555950152744,-1.4597001877560785,0.730192161851804,1.3051021911018919,0.9752426920600268,0.40796654247913466,3.2458840986629967
0.3119553307261868,0.17440851599882576,0.21055016627218134,-0.6692042649565989,0.6615125579434017,0.469527448897879,0.9752426920600268,0.40796654247913466,4.792248149479739
0.3119553307261868,0.17440851599882576,0.1830786381157642,-0.6798261862543142,0.6615125579434017,0.469527448897879,4.316079889022577,0.40796654247913466,4.792248149479739
0.30379166582772893,0.1916133756486082,0.3082011100477734,1.2306323452493992,0.6615125579434017,1.912007003939217,10.19225042326482,0.40796654247913466,0.756682713248284
0.5725575161912103,0.1916133756486082,0.3082011100477734,-0.17913352370482927,0.6615125579434017,1.1690818204508824,12.244838529784113,1.845207180835751,0.756682713248284
0.5725575161912103,0.1916133756486082,0.3082011100477734,-0.025037116413591215,0.3524520245935662,-1.1903762546429595,3.6181030412731143,1.499790455536002,0.533584024993615
0.5725575161912103,0.30046270291516497,0.3082011100477734,-1.7648967766402708,0.3524520245935662,-2.072252215538965,4.107642776005431,2.3456501453897545,1.049330811608959
0.5725575161912103,0.49560395049839406,0.3082011100477734,-1.9164623610488656,0.23315903331675383,-2.072252215538965,1.558205428373951,2.3456501453897545,0.517594991627498
0.5725575161912103,0.49560395049839406,0.3082011100477734,-0.6665735145703529,0.20584654916682796,-2.072252215538965,1.558205428373951,1.1135965925156035,2.4027695838737078
0.27534808899877683,0.49560395049839406,0.3082011100477734,-0.34143397867181463,0.20584654916682796,-1.4494657294275468,0.4363027569524028,1.1135965925156035,2.4027695838737078
0.27534808899877683,0.20194369957251973,0.3082011100477734,-0.34143397867181463,1.416345027623729,-1.6102093827171595,0.4363027569524028,0.10220595914635422,3.7088739864008016
0.27534808899877683,0.20194369957251973,0.3082011100477734,-0.34143397867181463,2.463831511766083,-2.0140427729851456,1.8861850864759466,-1.0319615660614105,4.410944318769956
0.27534808899877683,0.20097129736282407,0.3082011100477734,-0.34143397867181463,2.5135524663872246,-2.0140427729851456,1.8861850864759466,0.9778003915472269,3.8326411218021588
0.5888251451982621,0.20097129736282407,0.3082011100477734,-1.509344875083063,0.6442708629050475,0.03570401301981896,1.8861850864759466,0.9965085197552577,2.638693411502848
0.5888251451982621,0.6262114047816421,0.3082011100477734,-1.509344875083063,0.6442708629050475,-0.8210695680371809,0.606934274397826,0.9139477239975065,3.1867289105357477
0.5888251451982621,0.6262114047816421,0.3082011100477734,-1.3340165220566285,0.3563942759094568,-0.8210695680371809,0.5378153890146319,0.35907367739340235,2.123365230874063
0.33200536982401235,0.3380805826785221,0.4129059159333695,-1.3340165220566285,0.3799916895309806,0.7159849598370038,0.5378153890146319,0.4475259814290985,2.123365230874063
0.33200536982401235,0.2358136167329133,0.599263844232485,-1.4491461908316647,0.3141919796019772,1.3261659412448932,0.8616662962762909,0.4665734642716124,2.4227361075349783
0.33200536982401235,0.2358136167329133,0.599263844232485,0.3591193927445917,0.260440844652837,0.7017078996402842,0.8616662962762909,0.8116974777770367,1.023175014701492
0.2766009517358461,0.5884205231306148,0.44894120291876083,0.8395970197011402,0.5690620193479397,0.576943296674001,0.8616662962762909,0.511755907603737,1.023175014701492
0.2766009517358461,0.9171874817158574,0.45682146027322623,0.8395970197011402,0.5902103569178955,0.576943296674001,1.8996070102299878,-0.26325994507234907,0.25322601944869566
0.2766009517358461,0.9171874817158574,0.45682146027322623,1.696172567000825,0.7359022400767926,0.576943296674001,0.680360318897039,-0.26325994507234907,0.7000985832429797
0.7939496184609977,3.026368805666303,0.4468960337868738,1.9058889956549894,1.0422690399173251,-0.4552470068334863,0.34845069393179967,0.5662270583030038,0.7000985832429797
0.7939496184609977,4.4801641613846295,0.5145882608396786,1.2646383120993954,2.091061311737727,-0.494620854391908,0.636729348836684,-0.25924591628631555,0.7000985832429797
0.7293767084480367,4.4801641613846295,0.5145882608396786,2.5925137468001087,1.3370837392005415,-1.1234235324094537,1.1350027402641225,-0.9309947268811091,0.3641536489922191
0.7293767084480367,4.4801641613846295,0.5145882608396786,0.5018464543701509,0.40608909364795837,-1.2146720002623952,0.9055026533743934,1.5314845557686403,0.783506498455941
0.7293767084480367,4.276583845995561,0.9074171574248168,-0.17902110288550122,0.48735589509450994,-0.5648169979042821,0.9055026533743934,1.1259034575421412,0.5306382019050297
0.5601979232243077,4.510883216625336,0.7399967745952056,-0.17902110288550122,0.4865474498051343,-0.5648169979042821,2.775580341458632,1.1259034575421412,1.1100720932457329
0.5601979232243077,3.2285538766348876,0.7915365306216381,-0.12757558959393345,0.291670089281322,-0.5648169979042821,2.4745763027697123,1.1259034575421412,0.8616153818314755
0.5601979232243077,3.2285538766348876,0.9351625801784729,0.7725990961669413,0.6910861134154026,1.3330406264568715,1.9544822928850174,1.1259034575421412,0.4141963392341997
0.8715660396055773,1.0435658469718723,0.9538727657077621,0.7725990961669413,0.34275959607289924,1.3330406264568715,1.9544822928850174,0.17084776177050798,0.642363679584212
0.8715660396055773,0.6441811337020469,0.9538727657077621,0.7725990961669413,2.109580906625485,1.3330406264568715,1.2402923953558644,-0.25084235902890045,0.8493219185729911
0.8715660396055773,0.3150259686111368,1.5783141271944154,0.7725990961669413,0.9427262974812858,0.13582117247415382,0.37297730394923784,0.8589571024660427,0.8493219185729911
0.40730343798381413,0.553066531021059,1.5783141271944154,-0.2229394392805928,0.9427262974812858,-0.04879917895160232,0.37297730394923784,0.4138107393297965,0.4839341531323629
0.40730343798381413,0.13632481220353265,1.5783141271944154,0.4623258925254956,0.2795576027318989,1.1864033875526339,1.984873414534072,0.4138107393297965,0.4839341531323629
0.40730343798381413,0.13632481220353265,0.8962564174720752,0.4623258925254956,0.31686831930536125,0.244565223567906,0.720900625992291,0.4138107393297965,1.1827303158197133
0.40730343798381413,0.13632481220353265,0.8962564174720752,-0.1619379512227921,0.31686831930536125,0.7606468082231036,0.720900625992291,0.4138107393297965,0.6281716624049122
0.39125198844124703,0.2642352843640563,0.8962564174720752,-0.1619379512227921,0.31686831930536125,0.2385819355674832,1.1445360320814968,0.4138107393297965,0.976675907483224
0.39125198844124703,0.1929240555335054,0.8962564174720752,-0.1619379512227921,0.3461563785999925,0.34304736547486325,1.1445360320814968,-0.4396004787903801,0.976675907483224
0.3878356006465499,0.1929240555335054,0.8962564174720752,-0.1619379512227921,1.916333956257105,0.34304736547486325,0.7478648845843713,-0.7248820720426016,0.8308870899757166
0.29165293139289133,0.1929240555335054,0.8962564174720752,-0.1619379512227921,2.455530930008286,0.30427564453322503,0.7478648845843713,-0.7248820720426016,1.2660840822687043
0.2890717437642028,0.1929240555335054,0.8962564174720752,-0.1619379512227921,2.455530930008286,0.08259331726147082,1.6492396811931125,-0.7248820720426016,1.2341561440117845
0.2890717437642028,0.2750833883997285,0.8962564174720752,-0.1619379512227921,0.6862071291328574,0.08259331726147082,0.9565186129136909,0.5037741096973843,1.3633180548294774
0.22486157505151178,0.23502201712795798,0.8962564174720752,-0.1619379512227921,0.6862071291328574,0.08259331726147082,1.4055144578562142,0.5037741096973843,1.3143837912575933
0.22486157505151178,0.29792477025613207,0.8962564174720752,-0.1619379512227921,1.1506418412145087,0.08259331726147082,0.18145772550337103,0.5037741096973843,1.3143837912575933
0.22486157505151178,0.24608747267448447,0.8962564174720752,-0.1619379512227921,1.3037587053490547,0.08259331726147082,0.18145772550337103,0.5037741096973843,0.6044085338991921
0.22486157505151178,0.1192842866948939,0.8962564174720752,-0.1619379512227921,0.8400874937405431,0.08259331726147082,0.18714578749148483,0.5037741096973843,0.7723401516797896
0.1975944284137355,0.11787263607461894,1.1750717201606231,-0.1619379512227921,2.3378972431878475,0.08259331726147082,0.18714578749148483,-0.2114404734088947,0.7723401516797896
0.2468413732024647,0.22444299772574677,1.1750717201606231,-0.1619379512227921,1.363019694737383,0.08259331726147082,0.4641976331372433,-0.2114404734088947,2.8093491610837025
0.23669758997783893,0.22444299772574677,1.1750717201606231,-0.1619379512227921,1.363019694737383,0.08259331726147082,0.2353120647367106,-0.2114404734088947,2.8093491610837025
0.23669758997783893,0.22444299772574677,0.8164577985474993,0.29994350416016285,0.6936095827366402,0.08259331726147082,0.4884652116545906,0.23653560400253965,2.970317227130555
0.23669758997783893,0.4860946414188837,0.8164577985474993,0.29994350416016285,0.6936095827366402,0.08259331726147082,0.3742641750622845,-0.3467643325516199,2.970317227130555
0.23669758997783893,0.504608425699821,1.159279486213539,0.29994350416016285,4.907762863154291,0.08259331726147082,0.3109566167610975,-0.3467643325516199,1.3939596445104958
0.23669758997783893,0.2015689723212804,1.159279486213539,-0.05539509053883562,4.907762863154291,0.08259331726147082,0.5555833038162136,-0.31038803615830274,1.3939596445104958
0.23669758997783893,0.2015689723212804,1.0889520026173891,0.43727284345788886,4.907762863154291,0.08259331726147082,0.4568774248769202,-0.31038803615830274,0.6872051409493418
0.40308405491836563,0.2015689723212804,0.8989877056011082,0.43727284345788886,4.907762863154291,0.007893991338436823,0.4155287791071278,0.5217201922854058,0.7641784962568486
0.40308405491836563,0.2015689723212804,0.5527986666204939,-0.4333113096226474,2.580722603728019,0.007893991338436823,0.537440348642893,-0.6699788174731107,0.9461828867085473
0.40308405491836563,0.15790133965134784,0.9782634332306089,0.014548334168180632,0.7797216865228274,0.007893991338436823,0.1655403722978758,-0.446328736446129,0.6225916921687444
0.40308405491836563,0.15790133965134784,0.9782634332306089,-0.6548201490954981,0.7797216865228274,0.007893991338436823,0.7914013093352131,-1.0019574879033613,0.6225916921687444
0.40308405491836563,0.15790133965134784,0.888050125481718,-0.9281942946785302,0.7797216865228274,0.007893991338436823,1.2665442994604557,-0.5621731227496664,0.3860909833351541
0.40308405491836563,0.15790133965134784,0.888050125481718,-1.0180169650835498,0.41445797096486636,0.007893991338436823,1.3630318852423116,-0.5621731227496664,1.014908884168964
0.44095175306967727,0.15790133965134784,0.888050125481718,-1.0117825548255437,0.5787277064436819,0.007893991338436823,1.5241859049492632,-0.5621731227496664,0.8838184936387231
0.44095175306967727,0.15790133965134784,0.888050125481718,-1.0975186393446974,0.6785683203394699,0.007893991338436823,1.5241859049492632,-0.5621731227496664,0.8838184936387231
0.4687203844513145,0.15790133965134784,0.8777489004418871,-0.7849996967650545,0.4724246363456187,0.007893991338436823,1.5241859049492632,-0.4717070500056778,2.283261827422515
0.4687203844513145,0.15790133965134784,0.9743435735246567,-0.5315289295744867,0.4724246363456187,0.007893991338436823,1.6747230231913819,0.7631538589282311,1.807587201398841
0.4687203844513145,0.37626746540511424,0.6159484461997939,-0.5315289295744867,1.1571602255004942,0.007893991338436823,1.6747230231913819,-0.8296332171929387,1.807587201398841
0.35667801102775826,0.37626746540511424,0.6159484461997939,0.07972676577851356,1.3004395153919954,0.007893991338436823,1.0920723908251533,-0.3159784953628305,2.825113688273241
0.35667801102775826,0.37626746540511424,0.6159484461997939,0.22836672616454423,0.37363230969689865,0.007893991338436823,1.9334346455078761,0.1907290254658558,1.0559680879112956
0.35335901564285455,0.33177192387294346,0.6159484461997939,0.06707752228861646,0.37363230969689865,0.007893991338436823,0.5890533208547389,-0.005391684871984909,2.2900706219615374
0.35335901564285455,0.21505177680982188,0.7787019547594997,0.24244844805907068,0.37363230969689865,0.007893991338436823,0.3945084271919658,0.375973918219082,2.2900706219615374
0.35335901564285455,0.19392314766815935,1.001076787773059,0.24244844805907068,1.2775565666095379,0.007893991338436823,0.3945084271919658,0.6373732890119548,2.2900706219615374
0.35335901564285455,0.16670447333148145,1.001076787773059,0.3988677961993248,1.912716079504009,0.007893991338436823,0.5632247031755974,-0.34330322295915283,2.2900706219615374
0.35335901564285455,0.46241437840943694,1.001076787773059,-0.5376712799229838,1.148904470071964,0.007893991338436823,0.5632247031755974,-0.34330322295915283,1.2949812970142651
0.35335901564285455,0.46241437840943694,1.001076787773059,0.5275681034454726,1.148904470071964,0.007893991338436823,1.6375510540095166,0.33459026032146644,1.0775997184967978
0.3627020179557834,0.46241437840943694,1.001076787773059,0.6372143511681346,1.148904470071964,0.007893991338436823,1.6375510540095166,0.33459026032146644,2.783605207354244
0.3627020179557834,0.46241437840943694,1.20315009756536,-0.20595056320405014,0.7451985925460158,0.007893991338436823,3.1870461137683885,0.5134370010928333,1.3350278570850893
0.3627020179557834,0.46241437840943694,1.1429014046111956,-0.20595056320405014,0.983715446906576,0.007893991338436823,3.1870461137683885,0.5134370010928333,7.829964986428934
0.3627020179557834,0.46241437840943694,0.6981112952523302,0.040383504339172344,0.983715446906576,0.007893991338436823,3.615491524522929,0.5134370010928333,1.5516370006164673
0.3627020179557834,0.46241437840943694,0.6000448384668916,0.040383504339172344,4.105134520188984,0.007893991338436823,1.3737743042657866,0.5134370010928333,0.9210869584758369
0.3627020179557834,0.39771671062192476,0.6000448384668916,-0.49830907674010794,1.6127858523933154,0.007893991338436823,3.6190547599263727,0.5134370010928333,0.3091608720343833
0.3627020179557834,0.5375307452555849,0.6434876967132048,-0.7622815440634828,1.8784227121099781,0.007893991338436823,3.6190547599263727,0.43564325211364385,0.2404766544704358
0.3627020179557834,0.47132182756745267,0.747230675086302,-0.7622815440634828,1.8784227121099781,0.007893991338436823,3.6190547599263727,1.016966712504174,0.2404766544704358
0.4922980086838428,0.47132182756745267,0.9828674993787301,-0.8482503859205601,1.0398286880276764,0.007893991338436823,0.9607757225315671,1.1517200396059164,0.2404766544704358
0.7416934668434164,0.5395874142317599,0.9828674993787301,-0.8482503859205601,2.390028250210465,0.007893991338436823,0.9607757225315671,0.1632800110610496,0.3548778813965689
0.7416934668434164,0.5395874142317599,0.9828674993787301,-0.8482503859205601,1.856996190765283,0.007893991338436823,0.9607757225315671,0.08343699608297289,0.6096752821388222
0.7416934668434164,2.2373810891533905,0.7826372432710311,0.07519126663216957,1.856996190765283,0.007893991338436823,0.598537329398603,-1.0787751693502212,1.4889640041802006
0.7416934668434164,2.2373810891533905,0.7826372432710311,0.07519126663216957,0.86709132583655,-0.13407153405754305,1.7425055850127746,-1.6433136677946047,1.8220476523103941
0.7416934668434164,1.7910074001453513,0.7826372432710311,0.34671827377510367,0.45667194589003285,0.37997876295502564,1.7425055850127746,-1.23345186424498,5.097683548224541
0.7416934668434164,0.6064809967528041,1.1112781321820873,0.34671827377510367,1.661500949543305,0.37997876295502564,1.7425055850127746,-1.23345186424498,5.097683548224541
0.7416934668434164,0.5749271588370864,1.1112781321820873,0.25963020940758824,0.854829677601209,0.37997876295502564,1.4233103808919199,-1.23345186424498,1.6449824352167557
0.7416934668434164,0.5749271588370864,1.1112781321820873,0.25963020940758824,0.854829677601209,-0.04373888573304957,1.5989056539259927,-1.23345186424498,0.5885544735995833
0.7416934668434164,0.5517563795563867,1.1112781321820873,1.1178261131191245,0.5833966848501211,-0.04373888573304957,2.2321712694142652,-1.23345186424498,1.6744370450984423
1.0075160526191402,0.5517563795563867,0.7669149906505983,-0.5913463705446933,0.6568878190107786,-0.34182671203776455,2.801440700608427,-1.7618155978424923,2.090978484045128
1.0075160526191402,0.5517563795563867,0.6148969803684288,-0.05121331557173081,0.6084293250675384,-0.8613154179954485,2.801440700608427,-2.296530268985525,2.090978484045128
1.0075160526191402,0.49956159066862327,0.5021964727340826,-0.5422762986558401,0.8057977571120062,0.42918549277235707,0.48025935339451153,-0.7757987215087945,1.677855845258511
0.39978756599713605,0.22099665019228512,0.5021964727340826,-1.8325089346634105,1.812464099407053,0.42918549277235707,0.48025935339451153,-0.4263413921463463,1.614619630723991
0.39978756599713605,0.48024127262703475,0.5004211334485276,-2.0323948910983543,0.6731395969592726,0.42918549277235707,0.3673678526252956,-0.26026719922570096,1.614619630723991
0.39978756599713605,0.48024127262703475,0.6323522696642887,-1.9773168425561842,0.3837096747710279,0.652744205593631,0.4056010603073472,-0.021813242534190563,0.803624331226383
0.39978756599713605,0.48024127262703475,0.6323522696642887,-1.2108809016859143,0.21739194043575114,0.4733586719350631,0.1681927737227887,-0.021813242534190563,0.803624331226383
0.5084993194513723,0.48024127262703475,0.6323522696642887,-1.2108809016859143,0.21739194043575114,-0.7110675182594821,0.33174640512300996,-0.01793149838788039,1.783984037638167
0.5084993194513723,0.48024127262703475,0.6323522696642887,-0.19391029254798609,0.9896158454642712,-0.40288395141805905,0.6405264820314778,-0.01793149838788039,3.701454444106715
0.2836280946616835,0.6465823452860217,0.6323522696642887,0.3328124717978447,0.4890870237675552,-0.40288395141805905,0.15510236492009302,-0.01793149838788039,3.701454444106715
0.2836280946616835,0.9778626064772235,0.6323522696642887,-0.37420565519996263,1.0470827630685287,-0.11790476412865974,0.15510236492009302,-0.01793149838788039,0.23928310488722404
0.3164185351902263,0.9778626064772235,0.6323522696642887,0.8610216120366005,2.1749174259804556,-0.15796735783577823,0.15510236492009302,-0.01793149838788039,0.2602577371108654
0.1981358766916228,0.9778626064772235,0.38530550988306,0.8610216120366005,4.816531397814853,0.30936723384568177,0.15510236492009302,-0.01793149838788039,0.2602577371108654
0.1981358766916228,0.9778626064772235,0.7633684573692852,0.8610216120366005,7.078208023025513,0.30936723384568177,0.13594847523202036,-0.01793149838788039,0.2602577371108654
0.1981358766916228,0.29880680479981153,0.7633684573692852,0.29593630090748835,7.078208023025513,0.30936723384568177,0.13169224452823666,-0.01793149838788039,0.3427363113016509
0.35345752567810945,0.29880680479981153,0.4716078606787438,0.29593630090748835,7.078208023025513,0.2900177900556411,0.12721169558715628,-0.01793149838788039,1.4479796746590872
0.35345752567810945,0.6370785946534591,0.5221497682219776,-0.25284818581303004,0.9549990776049792,1.1555150329220918,0.12721169558715628,-0.01793149838788039,1.4479796746590872
0.35345752567810945,1.789106573560864,0.5221497682219776,-0.8436728792838948,0.9549990776049792,1.1555150329220918,0.044057562715484354,-0.01793149838788039,1.4479796746590872
0.2539759484960243,1.6354091773864987,0.45351333173397773,-1.1544785958057175,0.9549990776049792,1.1555150329220918,0.16763510709009144,-0.01793149838788039,1.710385570370978
0.49943496911431645,0.9479987425778753,0.45351333173397773,-1.1544785958057175,1.0518204474960313,1.9767505255804867,0.8333560848180964,-0.01793149838788039,1.710385570370978
0.49943496911431645,1.1961751400173612,0.45351333173397773,-0.9277446512945241,1.2150030508918248,0.9838062749218136,0.933818782592976,-0.01793149838788039,0.7771215339976064
0.49943496911431645,1.1961751400173612,0.45351333173397773,-0.5387304682181566,0.7921865682717674,0.9838062749218136,0.933818782592976,-0.01793149838788039,3.3597864436286606
0.49943496911431645,1.1961751400173612,0.45351333173397773,-0.005399369404938792,0.7921865682717674,1.5382306619848738,0.7298595351589267,-0.01793149838788039,3.3597864436286606
0.49943496911431645,1.1961751400173612,0.6994634053483694,-0.9087575228559636,1.6914890612238227,1.1012014541266617,0.7668952913854544,0.35711791646647173,3.3597864436286606
0.49943496911431645,1.1961751400173612,0.6994634053483694,-1.8941631849034943,2.741995107230118,1.1012014541266617,0.7668952913854544,0.4373065148061718,3.3597864436286606
0.49943496911431645,0.37943227733847773,0.6994634053483694,-1.8610171577462415,2.2502709123224247,1.2537609276511632,0.2735652267666552,0.4373065148061718,2.1636203925387734
0.49943496911431645,0.287697211298954,0.6994634053483694,-1.8610171577462415,0.9014737551405658,1.0199179940650536,0.22653796825753839,-0.25665463845692693,0.762797490160422
0.6639586954410972,0.2850496024267699,0.7846046205315823,-1.7700224663180266,0.9792502821332824,1.147035918011622,0.10133063122218416,-0.5688353550042852,0.4188636986268254
0.6639586954410972,0.3764382788412302,0.7846046205315823,-1.1200079948306771,0.5341863443631193,0.132850789587452,0.159614099568926,0.4865966416143649,0.4188636986268254
0.6639586954410972,0.3764382788412302,0.63571469406568,-1.1200079948306771,1.8050981688765328,0.8708589291131374,0.159614099568926,1.1549445049059939,0.4188636986268254
0.6639586954410972,0.517482614001468,1.2472058920556006,-1.4799934431147213,0.9938757518094183,0.8708589291131374,0.24576143359233896,0.2742205807260282,0.4188636986268254
0.6446462487286012,0.36752956754430566,0.9477110531796326,-0.1252409969081496,1.6541538415988302,0.9108887847731909,0.16204956225628514,0.6138679472376186,0.729431471856875
0.6446462487286012,0.3672583564016681,0.9792320556316351,-0.1252409969081496,0.30542841856618624,0.9108887847731909,0.2625598127522699,0.6138679472376186,1.0684885119219427
0.6446462487286012,0.3672583564016681,0.9792320556316351,0.39376897554979073,0.30542841856618624,0.9108887847731909,1.5628252096371213,0.2760587253285738,1.184291251900957
0.6446462487286012,0.29367721012811004,0.9792320556316351,0.5866519180802607,0.30542841856618624,1.6716514215100924,0.5065833362144073,0.2760587253285738,1.184291251900957
0.6446462487286012,0.29367721012811004,0.9792320556316351,0.5866519180802607,0.30542841856618624,2.2571559615691656,0.7336508128682292,0.2760587253285738,1.184291251900957
0.6446462487286012,0.5128869107374822,0.9792320556316351,0.5866519180802607,0.3868048868140364,2.2571559615691656,0.38779806147208573,0.2760587253285738,0.3723660219047958
0.9746456432777347,0.4184916877023231,1.135121498144719,0.5866519180802607,0.3868048868140364,1.7696186854999616,0.4547792403726944,0.4179479797172819,0.3723660219047958
0.9746456432777347,0.4184916877023231,0.8019798522974759,0.7734765370042067,0.3814832165246732,1.7577716577937639,0.4547792403726944,0.9580710218169363,0.42266589663149295
0.33189384207838674,0.4184916877023231,0.8019798522974759,0.13148738955543315,0.4285761611877516,-1.1597060767386274,0.4547792403726944,0.9580710218169363,0.42266589663149295
0.33189384207838674,0.2700495055223924,0.8019798522974759,0.13148738955543315,2.244650503423075,-1.1597060767386274,0.4547792403726944,0.9580710218169363,0.7535561977213052
0.33189384207838674,0.16518469874804168,0.8019798522974759,0.12273883169993983,2.244650503423075,-1.6342346962306136,0.8522659058678831,1.0801805746171727,1.4723579130057909
0.33189384207838674,0.16518469874804168,0.7171668396525783,0.12273883169993983,2.244650503423075,-1.6342346962306136,0.8522659058678831,1.0801805746171727,0.9387819782689388
0.33189384207838674,0.16518469874804168,0.7171668396525783,0.12273883169993983,1.7484759080774588,-2.5448465034680607,0.8522659058678831,1.0801805746171727,0.21200819737235352
0.33189384207838674,0.4703068101350839,0.7171668396525783,0.12273883169993983,1.7484759080774588,-2.4863496448459395,0.8522659058678831,-0.0534484479629449,0.21200819737235352
0.2813094192483159,0.4703068101350839,0.7171668396525783,0.12273883169993983,1.7484759080774588,-2.7530744283731123,0.34256924650526144,0.5182308278961001,0.5428081254587587
0.2813094192483159,0.4703068101350839,0.7171668396525783,0.10060856690021097,2.9405550234157776,-2.602093379222598,0.10747284273830715,0.43656358907575865,0.572288261485646
0.2813094192483159,0.4703068101350839,0.5985407467402398,0.10060856690021097,2.9405550234157776,-4.442784824634804,0.10747284273830715,-0.6644137853475274,3.462178060469435
0.2813094192483159,0.4703068101350839,0.5985407467402398,0.10060856690021097,0.6070622851588778,-3.452508594903853,0.08408759872931655,-1.1281343717266457,3.462178060469435
0.40627428591758624,0.4703068101350839,0.5985407467402398,0.10060856690021097,1.7224091538141812,-4.327955105317593,0.2488645175002701,-1.1281343717266457,0.7900444066758464
0.40627428591758624,0.48007334918407224,0.5985407467402398,0.10060856690021097,0.5226583747717474,-4.327955105317593,0.2488645175002701,-0.15319207756713138,1.4841883702254866
0.40627428591758624,0.48007334918407224,0.6558991499253979,0.10060856690021097,0.20511558111779368,-4.327955105317593,0.2488645175002701,-0.5478409894258525,1.4841883702254866
0.40627428591758624,0.7841844089616351,0.6017262483159589,-0.13380901020705427,0.3502729047535175,-4.272768616643104,0.2488645175002701,-0.5478409894258525,2.5377818908838514
0.40627428591758624,0.5052258220930014,0.7590476509920008,-0.13380901020705427,0.3502729047535175,-4.215522764940337,0.5006800235707279,0.6290423240662912,2.5377818908838514
0.48829899033202173,0.35500675315196856,0.7590476509920008,-0.13380901020705427,0.3502729047535175,-3.2802073033196684,0.5006800235707279,0.3444102308082276,1.9061795741069665
0.48829899033202173,0.35500675315196856,0.5984219845099246,-0.13380901020705427,0.24689705570251688,-3.4213411930781614,0.5006800235707279,0.40821221648292494,1.9061795741069665
0.48829899033202173,0.35500675315196856,0.5984219845099246,-0.13380901020705427,0.24689705570251688,-5.081799340293426,0.28157055356684696,0.749203761806218,0.9638170371914462
0.5411501319981582,0.7506055700100679,0.3912806727048755,-0.13380901020705427,2.3722594757515574,-5.981583647446948,0.28157055356684696,-0.834587041004742,2.4081862921251593
0.5411501319981582,0.7203516870867235,0.3912806727048755,0.10590576983305658,0.5811483484845751,-5.78824127632928,0.47467442862010006,-0.5611629421960882,1.2068203671684987
0.5411501319981582,0.6063079641723159,0.325984628520596,0.10590576983305658,0.6560256131065675,-5.964498557903154,3.5804875735222454,0.26858719192844527,1.0934787301655637
0.5411501319981582,0.7368775205156909,0.22926932850272633,0.10590576983305658,0.3451338664314065,-4.7597357001719525,3.477108781863307,-0.601716932788893,0.8766289714708652
0.5411501319981582,0.7368775205156909,0.22926932850272633,0.10590576983305658,0.3451338664314065,-4.3597768318804615,2.0005657972601787,-0.13190838714882425,0.9976644556693934
0.24509533549660287,0.24670825660872625,0.22926932850272633,0.10590576983305658,0.9940243160217876,-3.521794865413126,1.711985416236558,-0.002596389260581894,0.9143458213029402
0.24509533549660287,0.528269714629943,0.282491161817931,0.10590576983305658,0.6077994223073684,-3.521794865413126,1.7932807309362717,-0.002596389260581894,0.9392438965117131
0.25498116779407276,0.528269714629943,0.282491161817931,0.2914683341103903,0.41765296323769957,-2.2386166085342816,1.7932807309362717,-0.002596389260581894,0.8244914492388732
0.25498116779407276,0.528269714629943,0.3611322936782899,0.1424212107256706,2.0183982039266835,-0.8725705198284488,1.634304418185733,-0.002596389260581894,0.8244914492388732
0.3216591987560307,0.7635702196433924,0.488168233362551,0.013264059178273196,0.7092794162666849,-0.4713170451918157,1.240842518489835,-0.002596389260581894,1.4259513990094448
0.24137956379937914,1.5460275802148629,0.39055354707239864,0.013264059178273196,1.3367331898657464,-0.7002155414962522,1.709716133916873,-0.002596389260581894,1.6698785061800965
0.1339522552383667,1.5460275802148629,0.39055354707239864,0.013264059178273196,3.2311431798608434,0.22029220137091843,1.6885407700119328,0.05991960018417308,1.7467428508666245
0.39393073073298157,1.2521734156478292,0.3924078583605719,0.013264059178273196,1.921471494676534,1.4563444752406784,1.575673834736512,0.05991960018417308,1.7467428508666245
0.19302710298741302,0.888632258857685,0.3924078583605719,0.013264059178273196,1.921471494676534,1.4276245804892402,1.575673834736512,0.05991960018417308,0.3150416810491579
0.19302710298741302,0.4061740452211256,0.3924078583605719,0.013264059178273196,1.9520540023498125,1.390184633347541,2.1412125641543684,0.05991960018417308,0.7759701223398394
0.19302710298741302,0.519554657066705,0.6540806872752468,0.013264059178273196,1.3499254009589599,1.390184633347541,2.6431513569401295,-0.21454420667454294,0.6292393970673434
0.4921525912137803,0.4417973899643335,0.6540806872752468,0.013264059178273196,1.2861840145216923,0.6523736169887435,3.8572967997138785,-1.07593599866511,0.6292393970673434
0.3431208809047771,0.4417973899643335,0.5045256579562817,0.013264059178273196,1.2861840145216923,0.8670931969808131,1.330968351547882,-0.18912160441467352,0.6292393970673434
0.3431208809047771,0.4417973899643335,0.49591458093443863,0.013264059178273196,7.273809808450926,0.8670931969808131,2.473080743311911,-0.58581711864876,0.3076726177902915
0.3431208809047771,0.30359183929851175,0.49591458093443863,0.013264059178273196,7.273809808450926,-0.27876995416467687,2.473080743311911,-0.58581711864876,0.3076726177902915
0.3431208809047771,2.619504980997586,0.49591458093443863,0.013264059178273196,25.054856166481528,-0.27876995416467687,4.021762067184754,-0.58581711864876,0.3076726177902915
0.3431208809047771,1.1263393312102528,0.49591458093443863,0.013264059178273196,25.054856166481528,0.569775205238937,0.6504720296479701,-0.58581711864876,0.3076726177902915
0.19541882979344413,1.1263393312102528,0.49591458093443863,0.013264059178273196,25.054856166481528,0.569775205238937,0.6504720296479701,-0.0906183113345293,0.3566907627738785
0.19541882979344413,1.1263393312102528,0.49591458093443863,0.013264059178273196,17.496752911724208,-0.2600568151008241,0.5857226924810776,-0.24489365029839008,0.8893816218108189
0.19541882979344413,1.1263393312102528,0.6937920368594177,0.013264059178273196,10.904619309736898,-0.2600568151008241,1.0091720929488672,-0.24489365029839008,0.8893816218108189
0.22334925762065244,0.9070220506932715,0.6937920368594177,0.013264059178273196,2.113304656933751,-0.8708293661277964,0.5796770293671709,-0.305307230797941,0.8893816218108189
0.48782592265215363,0.9070220506932715,0.9192211425295262,0.013264059178273196,2.113304656933751,0.05966001469537441,0.21906140392429035,-0.305307230797941,1.009717634335774
0.48782592265215363,0.7266705193199642,0.9192211425295262,0.013264059178273196,2.1560871458676427,1.7313660122964625,0.36654616033825704,0.06688800947360918,2.8198157859389243
0.34802470931058127,0.7785691205042108,0.9297107677877331,0.13383748956970898,2.1560871458676427,2.4460275238420195,1.9186220619810046,0.06688800947360918,1.957498204308112
0.8915511184730456,0.7785691205042108,0.49731390927544344,0.13704615349541002,2.1560871458676427,1.7631333229026054,0.2118010555469321,0.46752652049508164,0.34508622762147295
0.3908446438618245,0.7785691205042108,0.49731390927544344,0.2464940331617158,1.6322865914140872,2.274053655152694,0.2236957054099101,0.46752652049508164,0.5143999026467472
0.3908446438618245,0.446562865952755,0.4987120358953994,0.38618524433981494,0.5734448904911795,0.9553568455035224,0.16733639275201506,1.0041206247064827,1.6589826545286785
0.27564176257310596,0.446562865952755,0.4987120358953994,0.5884514575056237,0.5734448904911795,0.9553568455035224,0.16733639275201506,1.618064814574053,5.338349002611195
0.7079688739074188,0.5504167232290536,0.39885899563682836,0.9721336627787449,0.5734448904911795,0.38538796925314567,0.045387352043866805,1.618064814574053,4.213776353075304
0.3910327388844776,0.351434929118573,0.39885899563682836,0.4073151530986061,0.3546828255939616,-0.3610857874564666,0.11907083569311043,0.9967006773506485,6.322068768618267
0.3910327388844776,0.30454892809727474,0.39885899563682836,0.4073151530986061,0.6175386483210948,-1.1018142923428669,0.1781242683661099,0.34852650116432715,6.322068768618267
0.3910327388844776,0.38902725589245,0.39885899563682836,0.4073151530986061,1.2807772743996872,-1.1611090351236388,0.1781242683661099,-0.662891749767314,5.142204831455451
0.24543842586586204,0.21835427541158323,0.7421616056565918,-0.1515881605828483,1.4886365696924029,0.2601757320205891,0.1781242683661099,0.27805277731272826,3.7312366499256293
0.32719189992061537,0.31817729094988306,0.7421616056565918,-0.1515881605828483,1.4998875986229663,-0.6669058434398757,0.15846238926207148,0.27805277731272826,0.8589846344180414
0.16746278792488903,0.31817729094988306,0.6907886929002776,-0.1515881605828483,1.4998875986229663,-0.6669058434398757,0.17188493071758912,0.27805277731272826,0.985469381311397
0.16746278792488903,0.31817729094988306,0.6907886929002776,-0.23172851755298685,1.4998875986229663,0.8367626588787437,0.34511788163498336,0.27805277731272826,1.0236217448581373
0.20693780207809506,0.31817729094988306,0.6907886929002776,-0.4930050981067229,2.417872133899425,0.8367626588787437,0.34511788163498336,0.27805277731272826,2.163469936211123
0.20693780207809506,0.39032449092817756,0.7707396750658746,-0.4930050981067229,2.717659801409752,-0.49864529108508415,0.34511788163498336,0.25040486160647224,2.163469936211123
0.20693780207809506,0.39032449092817756,0.7707396750658746,-0.4930050981067229,3.2126647004816102,0.8818798766930808,0.21620993297231766,-0.28925075612098894,3.4325825724154906
0.2996413244282956,0.39032449092817756,0.5884343095927361,0.10222172451934086,3.2126647004816102,0.8818798766930808,0.17807849059199643,-0.28925075612098894,3.4325825724154906
0.2996413244282956,0.2482536454781361,0.6733612078697268,0.10222172451934086,7.205538753133887,0.767587495276725,0.20018421614751217,-0.28925075612098894,1.0332172572221474
0.37668511331207116,0.2544193847955892,0.6733612078697268,0.48495079395169177,2.2764656104121133,0.24028731169676465,0.20018421614751217,-0.28925075612098894,1.0332172572221474
0.37668511331207116,0.22503772212746748,0.6733612078697268,0.48495079395169177,2.2764656104121133,-1.4667437452098047,0.5677766688744249,-0.28925075612098894,0.2665606785748355
0.28165231545394004,0.22503772212746748,0.5525931250172244,0.1646640228165328,2.3563308635349314,-1.4667437452098047,2.5033133525405815,-0.28925075612098894,0.07766113001606931
0.28165231545394004,0.19059961027409175,0.635201373833686,0.9967848794905523,1.5244293945628171,-1.2787355943078134,0.3684465945718348,-0.28925075612098894,0.07766113001606931
0.5390740723894463,0.3938177046579853,0.635201373833686,1.125348710392368,0.20754336148536923,-2.0581350932179268,0.17562270656315362,-0.28925075612098894,0.07766113001606931
0.5390740723894463,0.16253419295140534,0.635201373833686,0.7595085945376395,0.20754336148536923,-1.7352201347598073,0.21295440790100056,1.1322530676114393,0.07766113001606931
0.5390740723894463,0.6835782868228012,0.7402206196766461,-0.8597261480526602,1.0738624427394579,-1.7352201347598073,1.0287675269956458,1.6947612951263342,0.07474879016016568
0.5390740723894463,0.4640787111830793,0.7653620593767978,-1.0928710749431831,0.7764941705535547,-1.6946169330788168,1.8603151478948676,1.6947612951263342,0.17708046854487736
0.5390740723894463,0.24737843406052426,0.7653620593767978,1.5390730891151752,1.2533882977815844,-1.7701498770832154,0.5890307971816211,1.7908864778125062,0.2285628322611595
0.5390740723894463,0.24737843406052426,0.6710253139249011,1.1617189557838337,0.4424756626525628,-1.7701498770832154,0.49853494442040824,1.7908864778125062,0.2285628322611595
0.5390740723894463,0.24737843406052426,0.6710253139249011,0.4072511155975458,1.326847627444839,-0.47013349963205653,0.49853494442040824,-0.08291699941392494,0.3600561573002952
0.8050595037523549,0.2697166283034115,0.3494353909530828,0.8169968002769371,0.44047855198426783,0.3511605645745659,1.1384922478165056,0.5152978276251327,0.17675106655851222
0.7517232059992113,0.2697166283034115,0.3159355388508943,0.9435862865933602,0.2822039279646525,0.7917231952334117,1.1384922478165056,-0.0571846899897559,0.7336870132237394
0.7517232059992113,0.2697166283034115,0.8705966505928705,0.9435862865933602,0.2822039279646525,1.294072583846503,0.2675261242819317,1.3494497564609222,0.7336870132237394
0.7517232059992113,0.2697166283034115,0.8705966505928705,1.2096306670643941,0.2822039279646525,-0.00850748078452157,0.07356732760702303,-1.130411435798992,0.7214158097951865
0.7517232059992113,0.2697166283034115,0.7723464658254316,1.4553584425455839,0.5711251739009512,0.8756098621934895,0.13904290973536204,-1.05973206080017,0.7214158097951865
0.43308098792975247,0.2697166283034115,0.7723464658254316,0.21128226501071623,1.5708314628094995,0.059735416125046736,0.5293110080592532,-0.3711600837205691,0.7214158097951865
0.43308098792975247,0.2697166283034115,0.7723464658254316,0.21128226501071623,0.9780512585561755,0.19354844326680737,1.8637042564709354,-0.1137058080375995,1.0388237860124363
0.43308098792975247,0.5310200576821448,0.7723464658254316,0.21128226501071623,0.9780512585561755,0.19354844326680737,2.074648087049815,0.029073632789286263,0.9265953817264829
0.25804944577784067,0.5572918301270513,0.7723464658254316,0.8722856810433417,1.3472858781110393,-0.14995094122396435,0.9335089427134504,-0.1638493473697114,2.444872374260932
0.32402731511135996,0.5572918301270513,0.7723464658254316,-0.10949862557335677,1.4245935891261483,0.02455200550960468,2.6669942347148274,-0.9165615278393435,0.5255635342893717
0.32402731511135996,0.21913455074014193,0.9244336709873111,0.27104673635103516,2.6805418497417572,0.02455200550960468,0.4995023375493942,-0.9165615278393435,0.5255635342893717
0.32402731511135996,0.29090797757892106,0.9244336709873111,0.27104673635103516,0.7402568197722081,0.02455200550960468,0.5128083911041326,-0.9165615278393435,0.8137960733981057
0.38992801821951,0.7063081428443296,0.37906230977262995,0.8108828386725595,0.7402568197722081,0.8136099081051443,1.02525338272906,-1.026932927800469,1.9817013073492669
0.38992801821951,0.7479998893694769,0.4611856868638081,1.001976309455538,0.7402568197722081,0.8136099081051443,0.23741312093062394,-0.8556987680950155,1.846537595586552
0.38992801821951,0.7479998893694769,0.6326132257640998,1.001976309455538,1.6015042021443233,0.8136099081051443,0.35597837918703007,-1.979242117056244,2.884468183907572
0.8050972535298347,0.7539003848662328,0.6326132257640998,0.12359440945915057,3.4189508263782358,0.33015589521221606,1.0350409200336184,-2.4374142112292105,1.2432802164460819
0.8050972535298347,0.737453681959129,0.6326132257640998,-0.9368354077058327,4.381499671392254,-0.08298862519344469,1.0350409200336184,-2.4374142112292105,0.7758717151045987
0.9518741120999393,1.3228459382152915,0.6326132257640998,0.30748889019924897,0.8539954167888736,-0.9148519251471432,1.6080747006292075,-2.5811458490125103,1.8159439978111518
0.9518741120999393,1.3228459382152915,0.6326132257640998,0.30748889019924897,0.8539954167888736,-1.7019484709077601,1.6080747006292075,-2.5811458490125103,1.8159439978111518
0.9518741120999393,1.143047740141583,0.6783717837568616,0.039617417915132014,0.7113580575570914,-0.923496250079459,0.5605812067900079,-2.4689931149715276,7.29460241777824
1.649486140308118,0.5908267781491421,0.660275968941246,0.13769185639713638,0.7113580575570914,-1.4166732398672943,2.291730537929225,-2.532073148902277,3.100313026386571
1.649486140308118,0.9909843847808788,0.660275968941246,0.042253731944194586,1.0524660968832589,-2.6502000815396825,2.291730537929225,-3.2321765543021614,3.100313026386571
1.794330295337007,0.9909843847808788,0.660275968941246,-0.6116157175983938,2.0768112301100357,-2.6502000815396825,2.291730537929225,-4.044758926997501,0.549686731508503
1.794330295337007,0.6805034791039202,0.660275968941246,-0.04906375709044031,1.25342956406872,-3.17657336485862,4.228057468263712,-5.314186281996899,2.475742899235084
1.794330295337007,0.6805034791039202,0.660275968941246,0.7967298963102484,3.887433963582524,-2.36050012088787,4.228057468263712,-5.70823585875753,0.1220954789297422
1.0170633969414227,0.6805034791039202,0.42888082957378665,0.9989858397602425,3.887433963582524,-1.885118516125482,4.228057468263712,-5.70823585875753,0.1174022859164331
1.3604217166228585,0.43585063834482435,0.42888082957378665,-0.02598345659505652,2.2954643851317447,0.27732038886663646,2.8652683348437074,-5.894009046318435,0.1244077285712201
1.3604217166228585,0.56395972953,0.9409026175866438,-0.6922366266478368,2.2954643851317447,0.6751789452961524,3.468057053984098,-6.514852409264623,0.17421940507877076
0.8815900165303099,0.4358375771298918,0.9409026175866438,-0.3792401803403835,2.396701924105153,0.6751789452961524,1.985485534963142,-6.514852409264623,0.3832259395966381
0.9358681290506705,0.5606526570469657,0.9409026175866438,-1.1191384284685306,0.5961404844313595,0.6751789452961524,1.985485534963142,-6.120520032631817,0.41540278804260544
0.9358681290506705,0.5606526570469657,0.8190198593362652,0.8528994506901448,0.5961404844313595,0.6991315421813111,2.1878089928194533,-4.692542904780584,0.8191488829442849
0.5189258338038675,0.2647139534684244,0.805339856810375,0.8528994506901448,0.32363704438328983,0.39387554240573935,1.3697249961229085,-5.266932222498819,0.8191488829442849
0.5189258338038675,0.2647139534684244,0.4149598367968473,1.1829376561688152,1.0435253970756095,-1.7367325510571128,0.97050300927385,-4.129941921957384,0.3576891751029205
0.6850697917787126,0.2647139534684244,0.4060215083180936,0.5130830340837086,0.8573047801279559,-0.8132441011231348,0.97050300927385,-2.5563524673327778,0.34020836424026696
0.6850697917787126,0.3014898037265631,0.3786690107214715,-0.0216176280388084,0.7916886204964807,-2.173261818612538,0.8794029733911619,-4.058503051960189,0.34020836424026696
0.6850697917787126,0.5060471830596216,0.3786690107214715,0.17902027143327373,0.9253658675212199,-2.173261818612538,0.47249155569891815,-4.105403276350985,1.0692954447583656
0.6850697917787126,0.8231809838331501,0.3786690107214715,-3.6370341160823267,1.5649850382841366,-2.178722443473079,0.6250175959170973,-4.259632280846812,1.7915650454330625
0.7497163478087313,0.6909060781500524,0.3786690107214715,-5.097752185004127,1.3887435643642823,-1.2808254036615825,0.7833179116304079,-3.444967054192313,1.7915650454330625
0.7497163478087313,0.4757734541119437,0.3786690107214715,-4.919970312875261,1.3887435643642823,-1.1803882070478278,1.0856747055128668,-3.3286926573372067,2.549187870880767
0.7497163478087313,0.4757734541119437,0.3786690107214715,-4.468091514526356,1.3887435643642823,-2.330384601617747,1.0856747055128668,-3.261464439010187,2.549187870880767
0.4418204684893177,0.6134320392772088,0.3786690107214715,-3.2083647658494385,4.034414302194656,-1.6053306375464458,0.6169263627774132,-1.928664551105144,3.339705210446046
0.4205360016287593,1.2267090270051095,0.3786690107214715,-2.0941536972718184,1.5082575168209065,0.009110112853560892,0.6169263627774132,-1.1424813403063059,2.7870079457656716
0.4205360016287593,1.2267090270051095,0.3786690107214715,-1.6656445750582993,1.5082575168209065,0.009110112853560892,0.6169263627774132,-0.4030349890556755,2.209069145645128
0.1891974780651115,1.4469725405741456,0.2653959289714961,-1.1964849361391694,0.8476712227320744,-0.8741797278257766,0.6169263627774132,0.7444785788791075,2.767646440715943
0.1891974780651115,1.4469725405741456,0.34690672464289257,-1.1964849361391694,0.4650951987810857,-0.032689742513998254,0.4384626888028673,0.8436333742369411,1.5797169439532424
0.2835216900468264,1.7179890238079665,0.18363719234323272,0.3854562573506646,2.2629449943273907,-0.7425981457116113,0.5077809509744985,-0.8114657886025718,1.722342829267442
0.2835216900468264,0.5769166268428151,0.22534497843700535,-0.15910023869739975,3.011582798907275,-0.11517975935539282,0.2699193157697977,-0.05408633898908943,2.249455839514256
0.2835216900468264,0.5129837731355802,0.16629035768424352,-0.15910023869739975,2.9988628910583794,-0.11517975935539282,0.2699193157697977,0.2773998274567032,1.9041515169961318
0.2835216900468264,0.27005069530624526,0.25194448054366525,-0.15910023869739975,0.7913788560100486,-0.13554830917127836,0.7382804989543945,-0.8798163107825531,0.8538163699846779
0.2835216900468264,0.27005069530624526,0.3978946289111626,-0.3558696966677635,0.4098257444332199,0.24050125173555148,1.404798196163101,-0.8798163107825531,0.8538163699846779
0.7500486057841658,0.6146781202915118,0.6495087971424153,0.06051079882745902,0.685114465922083,-0.148830240127569,1.404798196163101,0.9190738648831137,0.8538163699846779
0.4313604401033872,0.5535554018820185,0.568166065671976,0.8141274614776325,1.656281893125324,-0.3148771953429774,0.7928516379142614,-0.12938761088324535,0.5351632813078292
0.4313604401033872,0.35700548164514667,0.49978900908138896,0.8141274614776325,1.656281893125324,0.28057511209116903,1.2125156821748473,-0.3136695274505574,0.5646235549535312
