{
    "selected features": [
        9,
        12,
        16
    ],
    "precision": 0.6666666666666666,
    "recall": 0.6666666666666666,
    "training rmse": 1.5389,
    "testing rmse": 2.4242,
    "beta_error": 0.2582,
    "tune time": 0.0103,
    "fit time": 0.2043,
    "prediction time (test)": 0.0207,
    "total runtime": 0.2353,
    "lambda": 0.6338
}