{
    "n": 100,
    "active_prop": 0.5,
    "noise_constant": 0.5,
    "seed": 37,
    "active_indices": [
        0,
        3,
        7,
        20,
        6,
        13,
        5,
        15,
        28,
        25,
        21,
        26,
        4,
        9,
        1
    ],
    "gp_features": [
        28,
        13,
        4
    ],
    "lengthscales": [
        1.558869801042321,
        0.7319727659431449,
        2.037025560091056
    ],
    "beta": [
        -4.88867939354384,
        1.0961072610377176,
        0.0,
        -3.9500801266346475,
        1.0846930819229463,
        -2.7708372114919886,
        0.258562426694259,
        1.9212473287648288,
        0.0,
        -4.149117163223199,
        0.0,
        0.0,
        0.0,
        -2.3664183214090615,
        0.0,
        -4.356127834564462,
        0.0,
        0.0,
        0.0,
        0.0,
        -4.846806944853197,
        -1.634777109576886,
        0.0,
        0.0,
        0.0,
        1.961373128573051,
        -2.241358816358412,
        0.0,
        -4.774298246706612,
        0.0
    ]
}