{
    "n": 500,
    "active_prop": 0.1,
    "seed": 18,
    "active_indices": [
        14,
        16,
        23
    ],
    "gp_features": [
        14,
        16,
        23
    ],
    "lengthscales": [
        1.7787089866155414,
        3.298167979582514,
        0.9463218124484497
    ],
    "beta": [
        0.0,
        0.0,
        0.0,
        0.0,
        0.0,
        0.0,
        0.0,
        0.0,
        0.0,
        0.0,
        0.0,
        0.0,
        0.0,
        0.0,
        -0.5597201227248716,
        0.0,
        4.239629111088371,
        0.0,
        0.0,
        0.0,
        0.0,
        0.0,
        0.0,
        -3.920428099849318,
        0.0,
        0.0,
        0.0,
        0.0,
        0.0,
        0.0
    ]
}