{
    "n": 500,
    "active_prop": 0.3,
    "noise": 0.1,
    "seed": 77,
    "active_indices": [
        1,
        18,
        27,
        5,
        10,
        22,
        14,
        21,
        8
    ],
    "gp_features": [
        22,
        21,
        8
    ],
    "lengthscales": [
        0.5865048173519197,
        0.8690415226806921,
        1.5941626209787243
    ],
    "beta": [
        0.0,
        -0.6411323379659422,
        0.0,
        0.0,
        0.0,
        4.636210053221507,
        0.0,
        0.0,
        3.6658118198547065,
        0.0,
        2.0204354312215944,
        0.0,
        0.0,
        0.0,
        1.2062186872227487,
        0.0,
        0.0,
        0.0,
        0.647877591731671,
        0.0,
        0.0,
        3.79295490221892,
        0.2838127483195043,
        0.0,
        0.0,
        0.0,
        0.0,
        -1.643240037023208,
        0.0,
        0.0
    ]
}