{
    "n": 1000,
    "active_prop": 0.1,
    "noise": 0.5,
    "seed": 96,
    "active_indices": [
        3,
        0,
        14
    ],
    "gp_features": [
        14,
        0,
        3
    ],
    "lengthscales": [
        0.8559342658809587,
        0.9124463571527831,
        0.5679739673119834
    ],
    "beta": [
        -3.949994064752272,
        0.0,
        0.0,
        3.4791414020111073,
        0.0,
        0.0,
        0.0,
        0.0,
        0.0,
        0.0,
        0.0,
        0.0,
        0.0,
        0.0,
        4.323083304411867,
        0.0,
        0.0,
        0.0,
        0.0,
        0.0,
        0.0,
        0.0,
        0.0,
        0.0,
        0.0,
        0.0,
        0.0,
        0.0,
        0.0,
        0.0
    ]
}