{
    "n": 1000,
    "active_prop": 0.1,
    "noise_constant": 0.5,
    "seed": 96,
    "active_indices": [
        19,
        12,
        9
    ],
    "gp_features": [
        12,
        9,
        19
    ],
    "lengthscales": [
        1.067197970078872,
        0.9449726409429512,
        0.8114365146360675
    ],
    "beta": [
        0.0,
        0.0,
        0.0,
        0.0,
        0.0,
        0.0,
        0.0,
        0.0,
        0.0,
        3.7201982886130764,
        0.0,
        0.0,
        1.8656087912066033,
        0.0,
        0.0,
        0.0,
        0.0,
        0.0,
        0.0,
        -3.0337529263551444,
        0.0,
        0.0,
        0.0,
        0.0,
        0.0,
        0.0,
        0.0,
        0.0,
        0.0,
        0.0
    ]
}