{
    "n": 1000,
    "active_prop": 0.1,
    "noise": 1.0,
    "seed": 103,
    "active_indices": [
        27,
        20,
        5
    ],
    "gp_features": [
        5,
        20,
        27
    ],
    "lengthscales": [
        5.140840195032909,
        1.188211766254803,
        0.5256140203184986
    ],
    "beta": [
        0.0,
        0.0,
        0.0,
        0.0,
        0.0,
        -2.3865032170368714,
        0.0,
        0.0,
        0.0,
        0.0,
        0.0,
        0.0,
        0.0,
        0.0,
        0.0,
        0.0,
        0.0,
        0.0,
        0.0,
        0.0,
        1.396841659397153,
        0.0,
        0.0,
        0.0,
        0.0,
        0.0,
        0.0,
        1.502840710893242,
        0.0,
        0.0
    ]
}