{
    "n": 1000,
    "active_prop": 0.2,
    "seed": 39,
    "active_indices": [
        15,
        17,
        9,
        13,
        11,
        25
    ],
    "gp_features": [
        13,
        15,
        25
    ],
    "lengthscales": [
        1.479167445780328,
        0.9412023222839857,
        1.983279625078516
    ],
    "beta": [
        0.0,
        0.0,
        0.0,
        0.0,
        0.0,
        0.0,
        0.0,
        0.0,
        0.0,
        4.953585853396525,
        0.0,
        -2.192172635776722,
        0.0,
        4.339411466963604,
        0.0,
        4.852410794960996,
        0.0,
        4.194550236778291,
        0.0,
        0.0,
        0.0,
        0.0,
        0.0,
        0.0,
        0.0,
        2.8900290406863247,
        0.0,
        0.0,
        0.0,
        0.0
    ]
}