{
    "n": 500,
    "active_prop": 0.1,
    "noise_constant": 1.0,
    "seed": 57,
    "active_indices": [
        4,
        14,
        7
    ],
    "gp_features": [
        7,
        14,
        4
    ],
    "lengthscales": [
        1.436768001494679,
        1.1574332807153107,
        1.3750068999630312
    ],
    "beta": [
        0.0,
        0.0,
        0.0,
        0.0,
        -2.082485803669228,
        0.0,
        0.0,
        -0.002815560975463427,
        0.0,
        0.0,
        0.0,
        0.0,
        0.0,
        0.0,
        2.1715297982508996,
        0.0,
        0.0,
        0.0,
        0.0,
        0.0,
        0.0,
        0.0,
        0.0,
        0.0,
        0.0,
        0.0,
        0.0,
        0.0,
        0.0,
        0.0
    ]
}