{
    "selected features": [
        1,
        7,
        8,
        9,
        19,
        21
    ],
    "precision": 0.3333333333333333,
    "recall": 0.6666666666666666,
    "training rmse": 1.392,
    "testing rmse": 1.844,
    "beta_error": 0.4082,
    "tune time": 1319.9581,
    "fit time": 95.2148,
    "prediction time (test)": 2.1903,
    "total runtime": 1417.3632,
    "lambda": 6.3246
}