{
    "n": 1000,
    "active_prop": 0.1,
    "noise_constant": 1.0,
    "seed": 101,
    "active_indices": [
        8,
        19,
        16
    ],
    "gp_features": [
        19,
        16,
        8
    ],
    "lengthscales": [
        1.535834535726522,
        0.5656862706383242,
        0.8543626003397173
    ],
    "beta": [
        0.0,
        0.0,
        0.0,
        0.0,
        0.0,
        0.0,
        0.0,
        0.0,
        -3.697663473218763,
        0.0,
        0.0,
        0.0,
        0.0,
        0.0,
        0.0,
        0.0,
        0.584861506823124,
        0.0,
        0.0,
        -4.9342400077430035,
        0.0,
        0.0,
        0.0,
        0.0,
        0.0,
        0.0,
        0.0,
        0.0,
        0.0,
        0.0
    ]
}