{
    "selected features": [
        1,
        2,
        4,
        7,
        10,
        13,
        14,
        16,
        17,
        19,
        20,
        22,
        24,
        28,
        29
    ],
    "precision": 0.3333333333333333,
    "recall": 0.8333333333333334,
    "training rmse": 0.0,
    "testing rmse": 3.2064,
    "beta_error": 0.6055,
    "tune time": 0.0091,
    "fit time": 1.3601,
    "prediction time (test)": 0.024,
    "total runtime": 1.3932,
    "lambda": 0.273
}