{
    "n": 100,
    "active_prop": 0.1,
    "noise": 0.1,
    "seed": 3,
    "active_indices": [
        22,
        17,
        4
    ],
    "gp_features": [
        4,
        17,
        22
    ],
    "lengthscales": [
        1.3390013784499004,
        0.849335672729944,
        1.1529452649728809
    ],
    "beta": [
        0.0,
        0.0,
        0.0,
        0.0,
        4.459973913167413,
        0.0,
        0.0,
        0.0,
        0.0,
        0.0,
        0.0,
        0.0,
        0.0,
        0.0,
        0.0,
        0.0,
        0.0,
        1.9598073567245322,
        0.0,
        0.0,
        0.0,
        0.0,
        4.216324887213839,
        0.0,
        0.0,
        0.0,
        0.0,
        0.0,
        0.0,
        0.0
    ]
}