{
    "n": 500,
    "active_prop": 0.1,
    "noise": 1.0,
    "seed": 58,
    "active_indices": [
        19,
        23,
        15
    ],
    "gp_features": [
        23,
        15,
        19
    ],
    "lengthscales": [
        0.4301711834558305,
        1.9123601011251583,
        1.2870688719930925
    ],
    "beta": [
        0.0,
        0.0,
        0.0,
        0.0,
        0.0,
        0.0,
        0.0,
        0.0,
        0.0,
        0.0,
        0.0,
        0.0,
        0.0,
        0.0,
        0.0,
        -1.9892376985966722,
        0.0,
        0.0,
        0.0,
        1.6106145033186037,
        0.0,
        0.0,
        0.0,
        -1.264733848104246,
        0.0,
        0.0,
        0.0,
        0.0,
        0.0,
        0.0
    ]
}