{
    "selected features": [
        0,
        1,
        6,
        10,
        11,
        12,
        13,
        22,
        23,
        24,
        25,
        28,
        29
    ],
    "precision": 0.3076923076923077,
    "recall": 0.6666666666666666,
    "training rmse": 0.0,
    "testing rmse": 2.4886,
    "beta_error": 0.6055,
    "tune time": 0.0093,
    "fit time": 0.3158,
    "prediction time (test)": 0.0206,
    "total runtime": 0.3457,
    "lambda": 0.1664
}