{
    "n": 1000,
    "active_prop": 0.5,
    "noise_constant": 0.1,
    "seed": 120,
    "active_indices": [
        27,
        26,
        15,
        16,
        18,
        22,
        29,
        5,
        13,
        0,
        8,
        2,
        3,
        12,
        20
    ],
    "gp_features": [
        27,
        18,
        26
    ],
    "lengthscales": [
        0.8168415875729866,
        2.0378923134557385,
        0.8404580567911414
    ],
    "beta": [
        4.441176363021471,
        0.0,
        -1.0743257385114724,
        -0.5702095143580994,
        0.0,
        0.7629973578284979,
        0.0,
        0.0,
        -1.7894921420954244,
        0.0,
        0.0,
        0.0,
        0.05271656268255409,
        3.4342259089887133,
        0.0,
        2.294060344144283,
        -2.8507651524577127,
        0.0,
        -2.9695322182232156,
        0.0,
        1.394617291016214,
        0.0,
        -3.560583176457631,
        0.0,
        0.0,
        0.0,
        2.205363014218042,
        -4.885126599407766,
        0.0,
        4.591187108974369
    ]
}