{
    "n": 500,
    "active_prop": 0.3,
    "noise": 0.1,
    "seed": 76,
    "active_indices": [
        6,
        15,
        12,
        11,
        16,
        10,
        14,
        26,
        19
    ],
    "gp_features": [
        16,
        10,
        6
    ],
    "lengthscales": [
        1.9547009419399786,
        1.2583874212604393,
        2.909480633688832
    ],
    "beta": [
        0.0,
        0.0,
        0.0,
        0.0,
        0.0,
        0.0,
        -2.249178343401943,
        0.0,
        0.0,
        0.0,
        -1.236947085345017,
        3.759894315952625,
        3.41597237809151,
        0.0,
        -2.5629697902215334,
        0.8985528971054411,
        4.705667222073549,
        0.0,
        0.0,
        -1.9011786768521919,
        0.0,
        0.0,
        0.0,
        0.0,
        0.0,
        0.0,
        3.0099884128064858,
        0.0,
        0.0,
        0.0
    ]
}