{
    "n": 500,
    "active_prop": 0.1,
    "noise_constant": 0.5,
    "seed": 52,
    "active_indices": [
        13,
        1,
        5
    ],
    "gp_features": [
        13,
        5,
        1
    ],
    "lengthscales": [
        1.0711453185827269,
        1.3200357411182408,
        1.1605033675743759
    ],
    "beta": [
        0.0,
        -0.7897630113901757,
        0.0,
        0.0,
        0.0,
        2.335369730118277,
        0.0,
        0.0,
        0.0,
        0.0,
        0.0,
        0.0,
        0.0,
        4.422108294498594,
        0.0,
        0.0,
        0.0,
        0.0,
        0.0,
        0.0,
        0.0,
        0.0,
        0.0,
        0.0,
        0.0,
        0.0,
        0.0,
        0.0,
        0.0,
        0.0
    ]
}