{
    "n": 100,
    "active_prop": 0.1,
    "noise": 0.5,
    "seed": 8,
    "active_indices": [
        7,
        15,
        4
    ],
    "gp_features": [
        7,
        4,
        15
    ],
    "lengthscales": [
        0.6188969662484343,
        0.9597308323105208,
        0.44473363957892875
    ],
    "beta": [
        0.0,
        0.0,
        0.0,
        0.0,
        -3.7123241543923715,
        0.0,
        0.0,
        4.126454687934878,
        0.0,
        0.0,
        0.0,
        0.0,
        0.0,
        0.0,
        0.0,
        -1.9716141785941343,
        0.0,
        0.0,
        0.0,
        0.0,
        0.0,
        0.0,
        0.0,
        0.0,
        0.0,
        0.0,
        0.0,
        0.0,
        0.0,
        0.0
    ]
}