{
    "n": 1000,
    "active_prop": 0.2,
    "noise": 1.0,
    "seed": 115,
    "active_indices": [
        3,
        4,
        6,
        0,
        25,
        24
    ],
    "gp_features": [
        4,
        25,
        0
    ],
    "lengthscales": [
        2.7334007297075225,
        0.6922734674963609,
        1.2308190788765894
    ],
    "beta": [
        3.628302444185179,
        0.0,
        0.0,
        0.667856702253312,
        3.29468183781154,
        0.0,
        1.8695927250957922,
        0.0,
        0.0,
        0.0,
        0.0,
        0.0,
        0.0,
        0.0,
        0.0,
        0.0,
        0.0,
        0.0,
        0.0,
        0.0,
        0.0,
        0.0,
        0.0,
        0.0,
        3.484669022396675,
        4.860944093923392,
        0.0,
        0.0,
        0.0,
        0.0
    ]
}