{
    "n": 1000,
    "active_prop": 0.2,
    "noise_constant": 1.0,
    "seed": 115,
    "active_indices": [
        22,
        20,
        27,
        3,
        24,
        18
    ],
    "gp_features": [
        18,
        27,
        22
    ],
    "lengthscales": [
        1.0517155175180826,
        0.8963426480398866,
        2.0339444201739756
    ],
    "beta": [
        0.0,
        0.0,
        0.0,
        1.5491372087915503,
        0.0,
        0.0,
        0.0,
        0.0,
        0.0,
        0.0,
        0.0,
        0.0,
        0.0,
        0.0,
        0.0,
        0.0,
        0.0,
        0.0,
        2.3449707671456235,
        0.0,
        -0.8737280188144769,
        0.0,
        2.0214669909098326,
        0.0,
        1.6417616225274214,
        0.0,
        0.0,
        4.630079526910411,
        0.0,
        0.0
    ]
}