{
    "selected features": [
        0,
        1,
        2,
        3,
        6,
        7,
        8,
        11,
        13,
        14,
        15,
        18,
        20,
        24,
        26,
        27,
        28
    ],
    "precision": 0.6470588235294118,
    "recall": 0.7333333333333333,
    "training rmse": 0.0,
    "testing rmse": 2.2596,
    "beta_error": 0.5774,
    "tune time": 0.0074,
    "fit time": 0.3296,
    "prediction time (test)": 0.0294,
    "total runtime": 0.3664,
    "lambda": 0.1647
}