{
    "n": 500,
    "active_prop": 0.5,
    "noise_constant": 0.5,
    "seed": 81,
    "active_indices": [
        11,
        28,
        16,
        19,
        26,
        24,
        6,
        15,
        21,
        14,
        8,
        27,
        2,
        3,
        20
    ],
    "gp_features": [
        8,
        3,
        20
    ],
    "lengthscales": [
        0.8026701649118592,
        0.7739632546631628,
        0.7568499226990749
    ],
    "beta": [
        0.0,
        0.0,
        2.4775465038943514,
        -4.012710170106459,
        0.0,
        0.0,
        -2.9165867008623723,
        0.0,
        1.3636693916563294,
        0.0,
        0.0,
        -3.377411283515197,
        0.0,
        0.0,
        -0.894657540242461,
        -0.39768675678588394,
        -1.449963672249849,
        0.0,
        0.0,
        -4.947045333773924,
        -1.4394966498256245,
        -3.889061982053701,
        0.0,
        0.0,
        3.5079658001878258,
        0.0,
        -4.341011538161538,
        -4.942602446034522,
        -3.5784117507982938,
        0.0
    ]
}