{
    "n": 500,
    "active_prop": 0.3,
    "noise": 1.0,
    "seed": 85,
    "active_indices": [
        23,
        22,
        4,
        29,
        0,
        10,
        25,
        8,
        6
    ],
    "gp_features": [
        22,
        4,
        0
    ],
    "lengthscales": [
        1.6784880021603303,
        0.8716488729400557,
        0.6098868812192432
    ],
    "beta": [
        2.32319580977226,
        0.0,
        0.0,
        0.0,
        -3.4993142246925735,
        0.0,
        0.696207133473596,
        0.0,
        -2.5281680104756763,
        0.0,
        -2.324114739231211,
        0.0,
        0.0,
        0.0,
        0.0,
        0.0,
        0.0,
        0.0,
        0.0,
        0.0,
        0.0,
        0.0,
        -1.6879276451989922,
        -4.070376535743858,
        0.0,
        3.433212933169255,
        0.0,
        0.0,
        0.0,
        -1.6108906134994108
    ]
}