{
    "n": 100,
    "active_prop": 0.1,
    "noise_constant": 0.1,
    "seed": 4,
    "active_indices": [
        0,
        29,
        28
    ],
    "gp_features": [
        0,
        29,
        28
    ],
    "lengthscales": [
        1.027512938712987,
        0.7662137554160058,
        1.437638990003072
    ],
    "beta": [
        0.6114894418066621,
        0.0,
        0.0,
        0.0,
        0.0,
        0.0,
        0.0,
        0.0,
        0.0,
        0.0,
        0.0,
        0.0,
        0.0,
        0.0,
        0.0,
        0.0,
        0.0,
        0.0,
        0.0,
        0.0,
        0.0,
        0.0,
        0.0,
        0.0,
        0.0,
        0.0,
        0.0,
        0.0,
        -4.113099721944872,
        -1.5445520879886745
    ]
}