{
    "n": 500,
    "active_prop": 0.3,
    "noise": 0.5,
    "seed": 84,
    "active_indices": [
        10,
        8,
        16,
        29,
        1,
        9,
        3,
        11,
        26
    ],
    "gp_features": [
        16,
        9,
        10
    ],
    "lengthscales": [
        0.8836249722793641,
        0.26565788568548376,
        1.1893121033192955
    ],
    "beta": [
        0.0,
        0.38722633744014345,
        0.0,
        -1.4458341459412374,
        0.0,
        0.0,
        0.0,
        0.0,
        -0.16305671154127488,
        3.4300954546287112,
        -1.1851074605135947,
        1.3218796915403441,
        0.0,
        0.0,
        0.0,
        0.0,
        -2.2175193730932574,
        0.0,
        0.0,
        0.0,
        0.0,
        0.0,
        0.0,
        0.0,
        0.0,
        0.0,
        4.058185773879213,
        0.0,
        0.0,
        3.3073854854043887
    ]
}