{
    "n": 100,
    "active_prop": 0.5,
    "noise_constant": 1.0,
    "seed": 41,
    "active_indices": [
        6,
        7,
        2,
        8,
        1,
        14,
        15,
        22,
        20,
        9,
        25,
        5,
        24,
        26,
        13
    ],
    "gp_features": [
        14,
        26,
        5
    ],
    "lengthscales": [
        0.9189285129127196,
        0.42833894504300524,
        1.8453484827130469
    ],
    "beta": [
        0.0,
        -2.7007126872602027,
        -1.867177713875562,
        0.0,
        0.0,
        -2.581293030445165,
        4.734220647314443,
        -4.122625589752075,
        0.6349413758043712,
        -1.3813578403747107,
        0.0,
        0.0,
        0.0,
        -2.095962099919225,
        -3.359339045856977,
        1.7092360815781298,
        0.0,
        0.0,
        0.0,
        0.0,
        -3.118335600436759,
        0.0,
        3.290239618740353,
        0.0,
        -2.1273668184905437,
        -1.3552490998374642,
        -1.2650819122010892,
        0.0,
        0.0,
        0.0
    ]
}