{
    "n": 500,
    "active_prop": 0.3,
    "noise": 1.0,
    "seed": 89,
    "active_indices": [
        26,
        24,
        3,
        14,
        22,
        21,
        13,
        11,
        25
    ],
    "gp_features": [
        25,
        11,
        14
    ],
    "lengthscales": [
        1.2819340271534252,
        4.082054534949604,
        0.7973669856605915
    ],
    "beta": [
        0.0,
        0.0,
        0.0,
        4.276714366058918,
        0.0,
        0.0,
        0.0,
        0.0,
        0.0,
        0.0,
        0.0,
        0.20938961896992847,
        0.0,
        -1.53363803946579,
        -1.0752878455808315,
        0.0,
        0.0,
        0.0,
        0.0,
        0.0,
        0.0,
        -1.7302617307468324,
        -1.3286951918691692,
        0.0,
        -2.5605426497590855,
        -0.3519551321624146,
        -2.70778991171814,
        0.0,
        0.0,
        0.0
    ]
}