{
    "n": 1000,
    "active_prop": 0.2,
    "noise": 0.5,
    "seed": 113,
    "active_indices": [
        17,
        24,
        8,
        29,
        9,
        15
    ],
    "gp_features": [
        24,
        29,
        9
    ],
    "lengthscales": [
        0.43354962565919936,
        0.7585999584981883,
        1.9033647808243301
    ],
    "beta": [
        0.0,
        0.0,
        0.0,
        0.0,
        0.0,
        0.0,
        0.0,
        0.0,
        1.4522072521715348,
        -0.5251740323853014,
        0.0,
        0.0,
        0.0,
        0.0,
        0.0,
        -1.485112256868406,
        0.0,
        4.8673607212195,
        0.0,
        0.0,
        0.0,
        0.0,
        0.0,
        0.0,
        -2.489336608374776,
        0.0,
        0.0,
        0.0,
        0.0,
        -4.366544941613968
    ]
}