{
    "n": 1000,
    "active_prop": 0.3,
    "seed": 40,
    "active_indices": [
        8,
        4,
        7,
        10,
        11,
        9,
        16,
        3,
        14
    ],
    "gp_features": [
        9,
        4,
        8
    ],
    "lengthscales": [
        1.7986995465611937,
        0.7613719695785984,
        0.8745687307695009
    ],
    "beta": [
        0.0,
        0.0,
        0.0,
        1.860389550703923,
        -2.770851864717483,
        0.0,
        0.0,
        -4.9852602402392865,
        -1.3936417355258115,
        2.043697935986261,
        -3.5646066390354747,
        -2.6751172107975463,
        0.0,
        0.0,
        -0.44416245403438737,
        0.0,
        1.6449862058563758,
        0.0,
        0.0,
        0.0,
        0.0,
        0.0,
        0.0,
        0.0,
        0.0,
        0.0,
        0.0,
        0.0,
        0.0,
        0.0
    ]
}