{
    "n": 500,
    "active_prop": 0.3,
    "noise": 0.5,
    "seed": 82,
    "active_indices": [
        28,
        9,
        21,
        13,
        16,
        19,
        4,
        11,
        10
    ],
    "gp_features": [
        11,
        21,
        10
    ],
    "lengthscales": [
        0.7828311876352408,
        3.8805279065792035,
        1.326579362229188
    ],
    "beta": [
        0.0,
        0.0,
        0.0,
        0.0,
        -3.964576885687743,
        0.0,
        0.0,
        0.0,
        0.0,
        -3.804323344924371,
        0.3584208788192713,
        -0.7634670832962804,
        0.0,
        0.8070857558048337,
        0.0,
        0.0,
        0.12080322442590141,
        0.0,
        0.0,
        -1.2797254154397963,
        0.0,
        -2.0772340877853,
        0.0,
        0.0,
        0.0,
        0.0,
        0.0,
        0.0,
        0.36990210806242985,
        0.0
    ]
}