{
    "n": 100,
    "active_prop": 0.1,
    "noise": 0.5,
    "seed": 9,
    "active_indices": [
        10,
        2,
        7
    ],
    "gp_features": [
        10,
        2,
        7
    ],
    "lengthscales": [
        0.6950121004630514,
        1.6503426490689215,
        0.987028296818028
    ],
    "beta": [
        0.0,
        0.0,
        0.14151684259714514,
        0.0,
        0.0,
        0.0,
        0.0,
        2.6616906775971794,
        0.0,
        0.0,
        4.15154330509022,
        0.0,
        0.0,
        0.0,
        0.0,
        0.0,
        0.0,
        0.0,
        0.0,
        0.0,
        0.0,
        0.0,
        0.0,
        0.0,
        0.0,
        0.0,
        0.0,
        0.0,
        0.0,
        0.0
    ]
}