{
    "n": 1000,
    "active_prop": 0.5,
    "noise_constant": 0.1,
    "seed": 123,
    "active_indices": [
        17,
        21,
        2,
        23,
        16,
        27,
        29,
        1,
        9,
        14,
        28,
        6,
        15,
        12,
        11
    ],
    "gp_features": [
        23,
        11,
        15
    ],
    "lengthscales": [
        1.0869145590354767,
        0.9068743661121524,
        0.524049627803406
    ],
    "beta": [
        0.0,
        4.98865933962222,
        -3.0532375493671706,
        0.0,
        0.0,
        0.0,
        -2.2376249035931925,
        0.0,
        0.0,
        -4.479382395333747,
        0.0,
        3.448186316086357,
        -4.901926223649845,
        0.0,
        -4.420850552891884,
        -0.7769795877202279,
        1.8850846622691,
        3.3349828340903365,
        0.0,
        0.0,
        0.0,
        -1.292929825439911,
        0.0,
        4.245553975370445,
        0.0,
        0.0,
        0.0,
        -0.26059414714806106,
        -2.3304347718770426,
        -2.94488894885275
    ]
}