{
    "n": 11000,
    "active_prop": 0.1,
    "noise_constant": 1.0,
    "seed": 2,
    "active_indices": [
        12,
        9,
        21
    ],
    "gp_features": [
        12,
        21,
        9
    ],
    "lengthscales": [
        0.4469841896833498,
        0.9359996344112214,
        0.29889209821625706
    ],
    "beta": [
        0.0,
        0.0,
        0.0,
        0.0,
        0.0,
        0.0,
        0.0,
        0.0,
        0.0,
        -4.301738597861807,
        0.0,
        0.0,
        -4.931718432134769,
        0.0,
        0.0,
        0.0,
        0.0,
        0.0,
        0.0,
        0.0,
        0.0,
        2.385590599148334,
        0.0,
        0.0,
        0.0,
        0.0,
        0.0,
        0.0,
        0.0,
        0.0
    ]
}