{
    "n": 1000,
    "active_prop": 0.5,
    "seed": 40,
    "active_indices": [
        8,
        4,
        7,
        10,
        11,
        9,
        16,
        3,
        14,
        27,
        21,
        13,
        17,
        18,
        29
    ],
    "gp_features": [
        18,
        7,
        13
    ],
    "lengthscales": [
        0.6798782185800442,
        2.2832799405046744,
        1.2747092200802865
    ],
    "beta": [
        0.0,
        0.0,
        0.0,
        1.860389550703923,
        -2.770851864717483,
        0.0,
        0.0,
        -4.9852602402392865,
        -1.3936417355258115,
        2.043697935986261,
        -3.5646066390354747,
        -2.6751172107975463,
        0.0,
        2.437429458036725,
        -0.44416245403438737,
        0.0,
        1.6449862058563758,
        -0.08728262430106692,
        -3.0064519970503047,
        0.0,
        0.0,
        -4.530262294370651,
        0.0,
        0.0,
        0.0,
        0.0,
        0.0,
        0.49139042874053995,
        0.0,
        4.259724974503122
    ]
}