{
    "n": 1000,
    "active_prop": 0.2,
    "noise_constant": 1.0,
    "seed": 116,
    "active_indices": [
        13,
        6,
        8,
        1,
        0,
        4
    ],
    "gp_features": [
        0,
        13,
        8
    ],
    "lengthscales": [
        0.6529403226742762,
        0.5933525984310207,
        1.475639613876308
    ],
    "beta": [
        3.098751117113432,
        4.274704990529317,
        0.0,
        0.0,
        3.4598876249833292,
        0.0,
        -4.633380573315949,
        0.0,
        4.98824807043572,
        0.0,
        0.0,
        0.0,
        0.0,
        1.9292355909792027,
        0.0,
        0.0,
        0.0,
        0.0,
        0.0,
        0.0,
        0.0,
        0.0,
        0.0,
        0.0,
        0.0,
        0.0,
        0.0,
        0.0,
        0.0,
        0.0
    ]
}