{
    "n": 500,
    "active_prop": 0.5,
    "seed": 28,
    "active_indices": [
        12,
        20,
        14,
        29,
        26,
        0,
        10,
        19,
        2,
        18,
        13,
        17,
        6,
        3,
        16
    ],
    "gp_features": [
        29,
        14,
        17
    ],
    "lengthscales": [
        1.6707389784978899,
        0.9039033449993434,
        0.729219821123766
    ],
    "beta": [
        -1.7887711464327607,
        0.0,
        0.6006973247258856,
        -3.8438301425782004,
        0.0,
        0.0,
        -4.997534578169105,
        0.0,
        0.0,
        0.0,
        -2.866917806777672,
        0.0,
        -3.075047068220451,
        -1.9349655652313835,
        -1.4591196645195792,
        0.0,
        1.6604725837717025,
        0.6669541984877236,
        -2.54265941213493,
        2.3796460208512595,
        2.2660218394821374,
        0.0,
        0.0,
        0.0,
        0.0,
        0.0,
        2.735646691930297,
        0.0,
        0.0,
        -1.2521625624050072
    ]
}