{
    "n": 500,
    "active_prop": 0.1,
    "noise": 1.0,
    "seed": 57,
    "active_indices": [
        20,
        22,
        29
    ],
    "gp_features": [
        29,
        22,
        20
    ],
    "lengthscales": [
        1.8538275947934097,
        0.5326047236128245,
        0.7214747335829702
    ],
    "beta": [
        0.0,
        0.0,
        0.0,
        0.0,
        0.0,
        0.0,
        0.0,
        0.0,
        0.0,
        0.0,
        0.0,
        0.0,
        0.0,
        0.0,
        0.0,
        0.0,
        0.0,
        0.0,
        0.0,
        0.0,
        1.4927442439558467,
        0.0,
        0.5297788837415895,
        0.0,
        0.0,
        0.0,
        0.0,
        0.0,
        0.0,
        -2.949774551295655
    ]
}