{
    "n": 100,
    "active_prop": 0.2,
    "noise": 0.1,
    "seed": 15,
    "active_indices": [
        0,
        14,
        9,
        21,
        6,
        25
    ],
    "gp_features": [
        21,
        6,
        0
    ],
    "lengthscales": [
        0.6570783182121097,
        1.3431376883366497,
        0.8184593260420961
    ],
    "beta": [
        3.952215905733164,
        0.0,
        0.0,
        0.0,
        0.0,
        0.0,
        0.22443689003612377,
        0.0,
        0.0,
        3.4889138045856587,
        0.0,
        0.0,
        0.0,
        0.0,
        4.104327524241162,
        0.0,
        0.0,
        0.0,
        0.0,
        0.0,
        0.0,
        1.7536843375702649,
        0.0,
        0.0,
        0.0,
        2.89924289237595,
        0.0,
        0.0,
        0.0,
        0.0
    ]
}