{
    "n": 1000,
    "active_prop": 0.3,
    "seed": 43,
    "active_indices": [
        6,
        16,
        4,
        10,
        0,
        13,
        24,
        19,
        11
    ],
    "gp_features": [
        10,
        0,
        24
    ],
    "lengthscales": [
        1.2562396907046984,
        0.9559915392398943,
        1.01777139435857
    ],
    "beta": [
        -1.5316603088110137,
        0.0,
        0.0,
        0.0,
        1.6057493183502656,
        0.0,
        -1.7930994877016984,
        0.0,
        0.0,
        0.0,
        -1.9810936102795251,
        0.23670156553198574,
        0.0,
        1.080874181791991,
        0.0,
        0.0,
        0.34905916091712097,
        0.0,
        0.0,
        0.555471164744203,
        0.0,
        0.0,
        0.0,
        0.0,
        2.902843037812187,
        0.0,
        0.0,
        0.0,
        0.0,
        0.0
    ]
}