{
    "n": 500,
    "active_prop": 0.2,
    "noise": 1.0,
    "seed": 72,
    "active_indices": [
        21,
        10,
        19,
        6,
        15,
        0
    ],
    "gp_features": [
        19,
        6,
        15
    ],
    "lengthscales": [
        0.5825614884471799,
        1.8629756138010904,
        0.60256461215368
    ],
    "beta": [
        -2.7266775415543365,
        0.0,
        0.0,
        0.0,
        0.0,
        0.0,
        -0.45272458541715377,
        0.0,
        0.0,
        0.0,
        -1.7889015295470312,
        0.0,
        0.0,
        0.0,
        0.0,
        -0.995374573979392,
        0.0,
        0.0,
        0.0,
        2.97849530906449,
        0.0,
        -4.104709150888021,
        0.0,
        0.0,
        0.0,
        0.0,
        0.0,
        0.0,
        0.0,
        0.0
    ]
}