{
    "n": 500,
    "active_prop": 0.3,
    "noise": 0.1,
    "seed": 79,
    "active_indices": [
        10,
        6,
        20,
        28,
        12,
        9,
        19,
        1,
        3
    ],
    "gp_features": [
        1,
        19,
        12
    ],
    "lengthscales": [
        1.5127899633069857,
        0.633536526120548,
        1.034601330242398
    ],
    "beta": [
        0.0,
        -3.187862907970228,
        0.0,
        0.2801311473787349,
        0.0,
        0.0,
        -1.098832339941489,
        0.0,
        0.0,
        -3.9868569494418638,
        2.211412125280523,
        0.0,
        3.0146519741467035,
        0.0,
        0.0,
        0.0,
        0.0,
        0.0,
        0.0,
        0.10663861816324349,
        0.6454389412347625,
        0.0,
        0.0,
        0.0,
        0.0,
        0.0,
        0.0,
        0.0,
        -4.169068685198346,
        0.0
    ]
}