{
    "n": 1000,
    "active_prop": 0.2,
    "noise": 0.1,
    "seed": 107,
    "active_indices": [
        25,
        0,
        16,
        10,
        11,
        22
    ],
    "gp_features": [
        10,
        16,
        11
    ],
    "lengthscales": [
        1.2096390898479121,
        1.7077049270290752,
        0.7584202921524992
    ],
    "beta": [
        -1.2746078118254998,
        0.0,
        0.0,
        0.0,
        0.0,
        0.0,
        0.0,
        0.0,
        0.0,
        0.0,
        3.0362147560722246,
        4.559763689987154,
        0.0,
        0.0,
        0.0,
        0.0,
        -3.6894237293521437,
        0.0,
        0.0,
        0.0,
        0.0,
        0.0,
        -0.37421740470466247,
        0.0,
        0.0,
        -2.949605873628501,
        0.0,
        0.0,
        0.0,
        0.0
    ]
}