{
    "n": 100,
    "active_prop": 0.5,
    "noise_constant": 1.0,
    "seed": 42,
    "active_indices": [
        21,
        16,
        1,
        3,
        25,
        9,
        8,
        5,
        12,
        10,
        27,
        14,
        28,
        0,
        11
    ],
    "gp_features": [
        1,
        0,
        14
    ],
    "lengthscales": [
        2.1314425144402946,
        0.7358857478084995,
        0.7251486204045968
    ],
    "beta": [
        -0.8166613589771989,
        -2.14241675407294,
        0.0,
        -0.6723312040073735,
        0.0,
        -1.260789529871864,
        0.0,
        0.0,
        -4.4341434385328435,
        -1.67543842851288,
        1.4173439729855817,
        2.509397983633183,
        4.444485826943033,
        0.0,
        1.3228215363763987,
        0.0,
        2.8375984248410724,
        0.0,
        0.0,
        0.0,
        0.0,
        -4.316467996900414,
        0.0,
        0.0,
        0.0,
        1.8544388322190155,
        0.0,
        1.7147914866720697,
        -3.010078610405632,
        0.0
    ]
}