{
    "n": 1000,
    "active_prop": 0.2,
    "noise_constant": 0.5,
    "seed": 112,
    "active_indices": [
        17,
        22,
        16,
        24,
        28,
        4
    ],
    "gp_features": [
        22,
        28,
        17
    ],
    "lengthscales": [
        1.1015991525044262,
        0.6466995740119584,
        1.0839936475640048
    ],
    "beta": [
        0.0,
        0.0,
        0.0,
        0.0,
        -0.05738850068035006,
        0.0,
        0.0,
        0.0,
        0.0,
        0.0,
        0.0,
        0.0,
        0.0,
        0.0,
        0.0,
        0.0,
        -0.8538812656545964,
        2.5467457514344165,
        0.0,
        0.0,
        0.0,
        0.0,
        -2.8985067253558405,
        0.0,
        -2.3698995168703885,
        0.0,
        0.0,
        0.0,
        -0.5275509046126103,
        0.0
    ]
}