{
    "selected features": [
        0,
        2,
        7,
        8,
        9,
        11,
        16,
        17,
        19,
        21,
        22,
        24,
        28,
        29
    ],
    "precision": 0.35714285714285715,
    "recall": 0.8333333333333334,
    "training rmse": 0.9917,
    "testing rmse": 0.9924,
    "beta_error": 0.5774,
    "tune time": 0.2025,
    "fit time": 36.4297,
    "prediction time (test)": 0.6207,
    "total runtime": 37.2529,
    "lambda": 0.0287
}