{
    "n": 500,
    "active_prop": 0.5,
    "noise_constant": 0.5,
    "seed": 80,
    "active_indices": [
        8,
        25,
        1,
        10,
        17,
        16,
        12,
        18,
        5,
        11,
        13,
        27,
        9,
        7,
        2
    ],
    "gp_features": [
        12,
        16,
        5
    ],
    "lengthscales": [
        0.5887945262285648,
        0.3923085388078638,
        1.9840479848903554
    ],
    "beta": [
        0.0,
        -1.22974760602379,
        3.111321395798747,
        0.0,
        0.0,
        0.3370234677974313,
        0.0,
        4.1543397250366745,
        -1.5462407759822696,
        -4.624232977213044,
        4.9906529098787935,
        1.20938480182045,
        0.4395352648161266,
        4.0078478204045265,
        0.0,
        0.0,
        3.566303898950199,
        3.7662860242412126,
        -1.4357653324527275,
        0.0,
        0.0,
        0.0,
        0.0,
        0.0,
        0.0,
        -3.3408478524431615,
        0.0,
        4.332412876608908,
        0.0,
        0.0
    ]
}