{
    "selected features": [
        0,
        1,
        3,
        4,
        8,
        10,
        14,
        16,
        17,
        19,
        20,
        21,
        22,
        24,
        25,
        28,
        29
    ],
    "precision": 0.7647058823529411,
    "recall": 0.8666666666666667,
    "training rmse": 0.6659,
    "testing rmse": 2.1238,
    "beta_error": 0.4472,
    "tune time": 172.8248,
    "fit time": 24.995,
    "prediction time (test)": 0.5584,
    "total runtime": 198.3783,
    "lambda": 6.3246
}