{
    "n": 100,
    "active_prop": 0.5,
    "seed": 10,
    "active_indices": [
        29,
        5,
        13,
        25,
        14,
        3,
        23,
        27,
        12,
        2,
        20,
        11,
        7,
        1,
        22
    ],
    "gp_features": [
        3,
        11,
        29
    ],
    "lengthscales": [
        1.2053544317036307,
        1.1085922076774721,
        0.43603691501666986
    ],
    "beta": [
        0.0,
        -1.9978370045283778,
        -0.5541612426071643,
        0.48953740144037106,
        0.0,
        3.3550868271551,
        0.0,
        3.5369475155016232,
        0.0,
        0.0,
        0.0,
        -0.05721011733193304,
        0.5036863398249452,
        -1.591047569527444,
        -3.833874621807344,
        0.0,
        0.0,
        0.0,
        0.0,
        0.0,
        -1.8978912815031643,
        0.0,
        2.6110301703497765,
        3.747893459485315,
        0.0,
        2.2105137199710567,
        0.0,
        -2.030859151075448,
        0.0,
        -4.68445469012853
    ]
}