{
    "n": 500,
    "active_prop": 0.1,
    "noise": 0.1,
    "seed": 45,
    "active_indices": [
        12,
        1,
        15
    ],
    "gp_features": [
        15,
        12,
        1
    ],
    "lengthscales": [
        0.622393520225546,
        0.772929534527206,
        2.0949684795225956
    ],
    "beta": [
        0.0,
        0.43041716662559004,
        0.0,
        0.0,
        0.0,
        0.0,
        0.0,
        0.0,
        0.0,
        0.0,
        0.0,
        0.0,
        -3.1027626735729075,
        0.0,
        0.0,
        -3.3954667282563813,
        0.0,
        0.0,
        0.0,
        0.0,
        0.0,
        0.0,
        0.0,
        0.0,
        0.0,
        0.0,
        0.0,
        0.0,
        0.0,
        0.0
    ]
}