{
    "n": 1000,
    "active_prop": 0.1,
    "noise": 0.5,
    "seed": 97,
    "active_indices": [
        1,
        25,
        11
    ],
    "gp_features": [
        11,
        1,
        25
    ],
    "lengthscales": [
        1.6386044976735936,
        1.5192853414527683,
        2.3334991092668727
    ],
    "beta": [
        0.0,
        -3.075815478127656,
        0.0,
        0.0,
        0.0,
        0.0,
        0.0,
        0.0,
        0.0,
        0.0,
        0.0,
        3.329740551080839,
        0.0,
        0.0,
        0.0,
        0.0,
        0.0,
        0.0,
        0.0,
        0.0,
        0.0,
        0.0,
        0.0,
        0.0,
        0.0,
        4.325809347409805,
        0.0,
        0.0,
        0.0,
        0.0
    ]
}