{
    "n": 1000,
    "active_prop": 0.2,
    "noise_constant": 1.0,
    "seed": 118,
    "active_indices": [
        17,
        6,
        19,
        20,
        14,
        23
    ],
    "gp_features": [
        6,
        17,
        20
    ],
    "lengthscales": [
        0.358098040782176,
        0.3605256958777579,
        0.546174051199723
    ],
    "beta": [
        0.0,
        0.0,
        0.0,
        0.0,
        0.0,
        0.0,
        1.962916800102085,
        0.0,
        0.0,
        0.0,
        0.0,
        0.0,
        0.0,
        0.0,
        4.910401510898058,
        0.0,
        0.0,
        2.6770043048538206,
        0.0,
        -0.3405386026571211,
        -2.2944891923048516,
        0.0,
        0.0,
        -3.0496186041701656,
        0.0,
        0.0,
        0.0,
        0.0,
        0.0,
        0.0
    ]
}