{
    "n": 1000,
    "active_prop": 0.2,
    "noise": 1.0,
    "seed": 118,
    "active_indices": [
        8,
        12,
        10,
        25,
        6,
        3
    ],
    "gp_features": [
        3,
        25,
        12
    ],
    "lengthscales": [
        1.0507626183720982,
        2.6440734538209574,
        2.201983543223364
    ],
    "beta": [
        0.0,
        0.0,
        0.0,
        -0.29487449963273793,
        0.0,
        0.0,
        -3.2492877296083744,
        0.0,
        -0.662345270735738,
        0.0,
        -0.6676849726593561,
        0.0,
        -4.073338992495699,
        0.0,
        0.0,
        0.0,
        0.0,
        0.0,
        0.0,
        0.0,
        0.0,
        0.0,
        0.0,
        0.0,
        0.0,
        1.519429309079464,
        0.0,
        0.0,
        0.0,
        0.0
    ]
}