beta0,beta1,beta2,ell0,ell1,ell2,inv_sigma_gp,inv_sigma_noise,lambda,lambda2,log_likelihood,log_prior,nu0,nu1,nu2,sigma_noise,tau_sq0,tau_sq1,tau_sq2,zeta0,zeta1,zeta2
0.8820455371825602,1.132932487614288,-0.5652253722193347,1.4277263611876307,1.5391172798151949,1.04753740303357,,,1.6573819980790954,,-543295.8731193787,-15.337905183606466,,,,1.2403606318467264,0.5689098355456683,0.7510247326881654,0.05551383624976199,,,
-0.36133950570187257,1.2362426396239725,-0.48901663219092256,1.2460896439795066,2.0713325361156945,0.8235791042938287,,,1.563692022544483,,-12027.077886003182,-15.549095325510333,,,,1.240795762509359,0.48378725252629257,0.8813330391494167,0.651137970011226,,,
-0.36133950570187257,1.2362426396239725,-0.48901663219092256,1.2460896439795066,2.0713325361156945,0.8235791042938287,,,1.563692022544483,,-224880.35389657854,-11.131162973218629,,,,1.240795762509359,0.48378725252629257,0.8813330391494167,0.651137970011226,,,
-0.36133950570187257,1.2362426396239725,-0.48901663219092256,1.2460896439795066,2.0713325361156945,0.8235791042938287,,,1.563692022544483,,-6513.136154565486,-11.624192950668096,,,,1.240795762509359,0.48378725252629257,0.8813330391494167,0.651137970011226,,,
-0.36133950570187257,1.2362426396239725,-0.48901663219092256,1.2460896439795066,2.0713325361156945,0.8235791042938287,,,1.563692022544483,,-21154.16557037152,-16.736916426448758,,,,1.240795762509359,0.48378725252629257,0.8813330391494167,0.651137970011226,,,
-0.36133950570187257,1.2362426396239725,-0.48901663219092256,1.2460896439795066,2.0713325361156945,0.8235791042938287,,,1.563692022544483,,-54183.18124862394,-16.09652761338756,,,,1.240795762509359,0.48378725252629257,0.8813330391494167,0.651137970011226,,,
-0.36133950570187257,1.2362426396239725,-0.48901663219092256,1.2460896439795066,2.0713325361156945,0.8235791042938287,,,1.563692022544483,,-13246.431886136319,-13.720450800316684,,,,1.240795762509359,0.48378725252629257,0.8813330391494167,0.651137970011226,,,
-0.36133950570187257,1.2362426396239725,-0.48901663219092256,1.2460896439795066,2.0713325361156945,0.8235791042938287,,,1.563692022544483,,-93441.6865270743,-9.542005415890902,,,,1.240795762509359,0.48378725252629257,0.8813330391494167,0.651137970011226,,,
-0.36133950570187257,1.2362426396239725,-0.48901663219092256,1.2460896439795066,2.0713325361156945,0.8235791042938287,,,1.563692022544483,,-429726.061826196,-19.88443445630529,,,,1.240795762509359,0.48378725252629257,0.8813330391494167,0.651137970011226,,,
-0.3105447281922941,1.4189196086075138,-1.1039089411179368,2.316468403946151,1.6968246357991976,0.8604612395057831,,,1.3385578599900625,,-161845.9504031363,-15.117924231963999,,,,1.4214444259621235,0.9021699567298351,1.2967964352675467,1.4436808890016233,,,
-0.3105447281922941,1.4189196086075138,-1.1039089411179368,2.316468403946151,1.6968246357991976,0.8604612395057831,,,1.3385578599900625,,-580830.4163861438,-13.739612585832477,,,,1.4214444259621235,0.9021699567298351,1.2967964352675467,1.4436808890016233,,,
-0.3105447281922941,1.4189196086075138,-1.1039089411179368,2.316468403946151,1.6968246357991976,0.8604612395057831,,,1.3385578599900625,,-1687633.9814709364,-15.15158029296285,,,,1.4214444259621235,0.9021699567298351,1.2967964352675467,1.4436808890016233,,,
-0.30461189725444254,1.3405109128695194,-0.9886255543719557,2.2305740690946445,1.6827454922295482,0.8727609168480122,,,1.3305611947936036,,-28798.970782559394,-7.519264169946967,,,,1.4680500778007746,0.9061250796130815,1.3000976928734773,1.502596871102103,,,
-0.30461189725444254,1.3405109128695194,-0.9886255543719557,2.2305740690946445,1.6827454922295482,0.8727609168480122,,,1.3305611947936036,,-33732.074745519785,-12.511180977256044,,,,1.4680500778007746,0.9061250796130815,1.3000976928734773,1.502596871102103,,,
-0.30461189725444254,1.3405109128695194,-0.9886255543719557,2.2305740690946445,1.6827454922295482,0.8727609168480122,,,1.3305611947936036,,-1265076.0147512231,-18.58509657450773,,,,1.4680500778007746,0.9061250796130815,1.3000976928734773,1.502596871102103,,,
-0.30461189725444254,1.3405109128695194,-0.9886255543719557,2.2305740690946445,1.6827454922295482,0.8727609168480122,,,1.3305611947936036,,-16185.219899709162,-15.746432061416758,,,,1.4680500778007746,0.9061250796130815,1.3000976928734773,1.502596871102103,,,
-0.3756567961586252,1.3674099845607737,-0.7693039736240449,2.2645080337379295,1.7592264313159995,0.9311350301872228,,,1.317610498150389,,-708996.4121841583,-10.81449417656469,,,,1.5234352895379188,0.877533498499197,1.2741575938514251,1.7534848025844423,,,
-0.22652682198072926,1.3626397238522756,-0.9424927338127108,2.0095233083750883,1.6204776532056742,1.13025506146264,,,1.3049410028573425,,-65204.18315833873,-13.601920395065271,,,,1.6987836187891454,0.9058459345618541,1.329170775700793,1.7635896817759362,,,
4.032666587937017,-0.03380243008015317,-8.525714171086118,0.8444920436671117,3.351407349502718,3.0382358500521383,,,1.7476119461889292,,-640670.348374095,-14.589779471640423,,,,8.2973213457512,0.3264120643948831,0.783444018188229,0.8149715958713646,,,
4.032666587937017,-0.03380243008015317,-8.525714171086118,0.8444920436671117,3.351407349502718,3.0382358500521383,,,1.7476119461889292,,-552162.0023707893,-15.079488961467135,,,,8.2973213457512,0.3264120643948831,0.783444018188229,0.8149715958713646,,,
5.1822184542624345,-1.8560235172242456,-7.165603758003828,0.9481735630288423,4.095032123855132,3.598039837986414,,,2.0092623350640713,,-556705.6365676288,-13.930495835219471,,,,8.877064162224443,0.29602662774733185,0.28268154460626443,0.3432677381406222,,,
5.1822184542624345,-1.8560235172242456,-7.165603758003828,0.9481735630288423,4.095032123855132,3.598039837986414,,,2.0092623350640713,,-480078.861613927,-16.657747459554322,,,,8.877064162224443,0.29602662774733185,0.28268154460626443,0.3432677381406222,,,
5.1822184542624345,-1.8560235172242456,-7.165603758003828,0.9481735630288423,4.095032123855132,3.598039837986414,,,2.0092623350640713,,-2728313.3102305643,-13.252739100343021,,,,8.877064162224443,0.29602662774733185,0.28268154460626443,0.3432677381406222,,,
5.758780660003734,-2.1139381637927466,-7.873581028668316,0.944048064183074,4.12305602335985,3.6364601693695113,,,2.014740913910767,,-99217.31952563733,-11.541999978492044,,,,9.70408821900491,0.2944604138444672,0.27768786558102676,0.3406996244160244,,,
5.758780660003734,-2.1139381637927466,-7.873581028668316,0.944048064183074,4.12305602335985,3.6364601693695113,,,2.014740913910767,,-846846.7770544682,-15.687853701100178,,,,9.70408821900491,0.2944604138444672,0.27768786558102676,0.3406996244160244,,,
5.758780660003734,-2.1139381637927466,-7.873581028668316,0.944048064183074,4.12305602335985,3.6364601693695113,,,2.014740913910767,,-505550.5858788509,-13.479543055781837,,,,9.70408821900491,0.2944604138444672,0.27768786558102676,0.3406996244160244,,,
5.758780660003734,-2.1139381637927466,-7.873581028668316,0.944048064183074,4.12305602335985,3.6364601693695113,,,2.014740913910767,,-12027.077886003182,-15.549095325510333,,,,9.70408821900491,0.2944604138444672,0.27768786558102676,0.3406996244160244,,,
5.758780660003734,-2.1139381637927466,-7.873581028668316,0.944048064183074,4.12305602335985,3.6364601693695113,,,2.014740913910767,,-186786.70492317222,-11.224207642200794,,,,9.70408821900491,0.2944604138444672,0.27768786558102676,0.3406996244160244,,,
5.758780660003734,-2.1139381637927466,-7.873581028668316,0.944048064183074,4.12305602335985,3.6364601693695113,,,2.014740913910767,,-6513.136154565486,-11.624192950668096,,,,9.70408821900491,0.2944604138444672,0.27768786558102676,0.3406996244160244,,,
5.758780660003734,-2.1139381637927466,-7.873581028668316,0.944048064183074,4.12305602335985,3.6364601693695113,,,2.014740913910767,,-21154.16557037152,-16.736916426448758,,,,9.70408821900491,0.2944604138444672,0.27768786558102676,0.3406996244160244,,,
5.758780660003734,-2.1139381637927466,-7.873581028668316,0.944048064183074,4.12305602335985,3.6364601693695113,,,2.014740913910767,,-54183.18124862394,-16.09652761338756,,,,9.70408821900491,0.2944604138444672,0.27768786558102676,0.3406996244160244,,,
5.758780660003734,-2.1139381637927466,-7.873581028668316,0.944048064183074,4.12305602335985,3.6364601693695113,,,2.014740913910767,,-13246.431886136319,-13.720450800316684,,,,9.70408821900491,0.2944604138444672,0.27768786558102676,0.3406996244160244,,,
5.758780660003734,-2.1139381637927466,-7.873581028668316,0.944048064183074,4.12305602335985,3.6364601693695113,,,2.014740913910767,,-77857.17868440722,-10.253709263067128,,,,9.70408821900491,0.2944604138444672,0.27768786558102676,0.3406996244160244,,,
6.5502671401918935,-2.098139238466179,-6.687237577951882,0.9928563477806092,4.481273236176817,3.90857962112728,,,2.128516060606268,,-429726.061826196,-19.88443445630529,,,,10.210236741851181,0.2846668132137463,0.11675981264432365,0.18915863876326955,,,
6.5502671401918935,-2.098139238466179,-6.687237577951882,0.9928563477806092,4.481273236176817,3.90857962112728,,,2.128516060606268,,-161845.9504031363,-15.117924231963999,,,,10.210236741851181,0.2846668132137463,0.11675981264432365,0.18915863876326955,,,
6.5502671401918935,-2.098139238466179,-6.687237577951882,0.9928563477806092,4.481273236176817,3.90857962112728,,,2.128516060606268,,-580830.4163861438,-13.739612585832477,,,,10.210236741851181,0.2846668132137463,0.11675981264432365,0.18915863876326955,,,
-0.09005611568738507,-0.14590419167204677,-0.07766851596482355,2.708805742596277,3.1346291435742013,0.5396776693129768,,,1.203788609611818,,-1687633.9814709364,-15.15158029296285,,,,1.5757833001461028,0.5188511921735584,0.24540096140712683,0.027476369461925138,,,
0.42647433710584043,-1.4899935369694137,-1.046249323839302,1.8768484413501514,2.129140650827845,0.387666982860875,,,1.0300420587221077,,-28798.970782559394,-7.519264169946967,,,,2.265163623781895,0.9025734151231147,0.3988329646679377,1.4061893514341053,,,
0.42647433710584043,-1.4899935369694137,-1.046249323839302,1.8768484413501514,2.129140650827845,0.387666982860875,,,1.0300420587221077,,-33732.074745519785,-12.511180977256044,,,,2.265163623781895,0.9025734151231147,0.3988329646679377,1.4061893514341053,,,
0.42647433710584043,-1.4899935369694137,-1.046249323839302,1.8768484413501514,2.129140650827845,0.387666982860875,,,1.0300420587221077,,-221491.1516316457,-20.388093975467843,,,,2.265163623781895,0.9025734151231147,0.3988329646679377,1.4061893514341053,,,
0.5001810186628511,-1.7348706753590721,-1.225458782435627,1.8828554933874042,2.098869084634308,0.435894533462735,,,1.0198064889985128,,-16185.219899709162,-15.746432061416758,,,,2.3593925726141993,0.8811932880675719,0.6340895922449624,1.6555459561258086,,,
1.276659373366558,-1.4660585450574277,-2.2294588896313208,1.5095142279371516,2.896199182608741,1.6989545019758305,,,1.4957115029812302,,-708996.4121841583,-10.81449417656469,,,,3.3384562929359083,0.45940031352671923,0.38079176148679184,0.7096449495882422,,,
1.5601083088158276,-1.489335783163033,-3.6533414158679727,1.5961031168814295,2.5416190446398055,1.649892587082589,,,1.3500610219335236,,-65204.18315833873,-13.601920395065271,,,,3.79184427123466,0.5303769474185157,1.049028870564572,2.154857631801294,,,
1.5601083088158276,-1.489335783163033,-3.6533414158679727,1.5961031168814295,2.5416190446398055,1.649892587082589,,,1.3500610219335236,,-640670.348374095,-14.589779471640423,,,,3.79184427123466,0.5303769474185157,1.049028870564572,2.154857631801294,,,
1.5601083088158276,-1.489335783163033,-3.6533414158679727,1.5961031168814295,2.5416190446398055,1.649892587082589,,,1.3500610219335236,,-498004.6319154659,-14.818841190458537,,,,3.79184427123466,0.5303769474185157,1.049028870564572,2.154857631801294,,,
1.5601083088158276,-1.489335783163033,-3.6533414158679727,1.5961031168814295,2.5416190446398055,1.649892587082589,,,1.3500610219335236,,-556705.6365676288,-13.930495835219471,,,,3.79184427123466,0.5303769474185157,1.049028870564572,2.154857631801294,,,
1.5601083088158276,-1.489335783163033,-3.6533414158679727,1.5961031168814295,2.5416190446398055,1.649892587082589,,,1.3500610219335236,,-480078.861613927,-16.657747459554322,,,,3.79184427123466,0.5303769474185157,1.049028870564572,2.154857631801294,,,
1.5601083088158276,-1.489335783163033,-3.6533414158679727,1.5961031168814295,2.5416190446398055,1.649892587082589,,,1.3500610219335236,,-2728313.3102305643,-13.252739100343021,,,,3.79184427123466,0.5303769474185157,1.049028870564572,2.154857631801294,,,
2.451250407126465,-1.5231205091901228,-4.955451942651628,1.3302959226879876,3.1862844365692027,2.459707575768234,,,1.6535930974855895,,-99217.31952563733,-11.541999978492044,,,,5.044755104608978,0.3876118798898104,0.5822512819155294,1.0570185507145669,,,
2.451250407126465,-1.5231205091901228,-4.955451942651628,1.3302959226879876,3.1862844365692027,2.459707575768234,,,1.6535930974855895,,-846846.7770544682,-15.687853701100178,,,,5.044755104608978,0.3876118798898104,0.5822512819155294,1.0570185507145669,,,
2.451250407126465,-1.5231205091901228,-4.955451942651628,1.3302959226879876,3.1862844365692027,2.459707575768234,,,1.6535930974855895,,-505550.5858788509,-13.479543055781837,,,,5.044755104608978,0.3876118798898104,0.5822512819155294,1.0570185507145669,,,
2.451250407126465,-1.5231205091901228,-4.955451942651628,1.3302959226879876,3.1862844365692027,2.459707575768234,,,1.6535930974855895,,-11337.814814189747,-16.57772781100445,,,,5.044755104608978,0.3876118798898104,0.5822512819155294,1.0570185507145669,,,
2.3743151828025972,-1.601701970030001,-7.9484067562503675,1.0160649483951365,2.416637370368794,2.177761869811804,,,1.4291995326503593,,-186786.70492317222,-11.224207642200794,,,,6.52989431325189,0.4064436963114578,1.2324577399975343,1.8536115598817076,,,
2.3743151828025972,-1.601701970030001,-7.9484067562503675,1.0160649483951365,2.416637370368794,2.177761869811804,,,1.4291995326503593,,-6250.399389906974,-12.958990311719244,,,,6.52989431325189,0.4064436963114578,1.2324577399975343,1.8536115598817076,,,
-18.06906957153628,-13.914580860996526,-133.90134612908287,0.8449617269635793,0.8700431760457925,2.0930727829459435,,,0.801602775682287,,-20080.59360465982,-17.074319011848566,,,,33.53610713769602,1.3357257414590935,1.155093763518756,4.0863048019115835,,,
-18.06906957153628,-13.914580860996526,-133.90134612908287,0.8449617269635793,0.8700431760457925,2.0930727829459435,,,0.801602775682287,,-54183.18124862394,-16.09652761338756,,,,33.53610713769602,1.3357257414590935,1.155093763518756,4.0863048019115835,,,
0.47422424079137293,-3.464447916412864,-32.71234654684272,0.8447810917010401,1.8243497743403672,2.456572571107706,,,1.2530105913978726,,-13246.431886136319,-13.720450800316684,,,,15.455538058886566,0.580626379931963,0.877050879737495,1.6389173629456473,,,
0.47422424079137293,-3.464447916412864,-32.71234654684272,0.8447810917010401,1.8243497743403672,2.456572571107706,,,1.2530105913978726,,-48624.16187215457,-12.743570598852012,,,,15.455538058886566,0.580626379931963,0.877050879737495,1.6389173629456473,,,
0.47422424079137293,-3.464447916412864,-32.71234654684272,0.8447810917010401,1.8243497743403672,2.456572571107706,,,1.2530105913978726,,-386849.245791192,-14.944440846853508,,,,15.455538058886566,0.580626379931963,0.877050879737495,1.6389173629456473,,,
0.47422424079137293,-3.464447916412864,-32.71234654684272,0.8447810917010401,1.8243497743403672,2.456572571107706,,,1.2530105913978726,,-161845.9504031363,-15.117924231963999,,,,15.455538058886566,0.580626379931963,0.877050879737495,1.6389173629456473,,,
0.47422424079137293,-3.464447916412864,-32.71234654684272,0.8447810917010401,1.8243497743403672,2.456572571107706,,,1.2530105913978726,,-350279.13152137934,-13.265086697228382,,,,15.455538058886566,0.580626379931963,0.877050879737495,1.6389173629456473,,,
-2.0533435471329136,-2.506047982651882,-57.599013153032054,0.9079775226735977,2.4535027799801887,3.1183177203039216,,,1.350394333234798,,-1687633.9814709364,-15.15158029296285,,,,17.488926100136627,0.3870051736259453,1.0026745944852609,1.9217125679877771,,,
-2.0533435471329136,-2.506047982651882,-57.599013153032054,0.9079775226735977,2.4535027799801887,3.1183177203039216,,,1.350394333234798,,-28798.970782559394,-7.519264169946967,,,,17.488926100136627,0.3870051736259453,1.0026745944852609,1.9217125679877771,,,
-2.0533435471329136,-2.506047982651882,-57.599013153032054,0.9079775226735977,2.4535027799801887,3.1183177203039216,,,1.350394333234798,,-33732.074745519785,-12.511180977256044,,,,17.488926100136627,0.3870051736259453,1.0026745944852609,1.9217125679877771,,,
-2.0533435471329136,-2.506047982651882,-57.599013153032054,0.9079775226735977,2.4535027799801887,3.1183177203039216,,,1.350394333234798,,-128170.22782004355,-18.683706991039884,,,,17.488926100136627,0.3870051736259453,1.0026745944852609,1.9217125679877771,,,
-3.989087052244825,-4.9148030678507,-107.51716159477647,0.8576480391649528,2.4805300831825847,3.2189760562108836,,,1.3296518850039853,,-15015.023209129724,-15.796456528521865,,,,30.803576864661654,0.3703776905153008,1.0448501319111727,1.9946369380322537,,,
-3.989087052244825,-4.9148030678507,-107.51716159477647,0.8576480391649528,2.4805300831825847,3.2189760562108836,,,1.3296518850039853,,-708996.4121841583,-10.81449417656469,,,,30.803576864661654,0.3703776905153008,1.0448501319111727,1.9946369380322537,,,
-3.989087052244825,-4.9148030678507,-107.51716159477647,0.8576480391649528,2.4805300831825847,3.2189760562108836,,,1.3296518850039853,,-65204.18315833873,-13.601920395065271,,,,30.803576864661654,0.3703776905153008,1.0448501319111727,1.9946369380322537,,,
-3.989087052244825,-4.9148030678507,-107.51716159477647,0.8576480391649528,2.4805300831825847,3.2189760562108836,,,1.3296518850039853,,-640670.348374095,-14.589779471640423,,,,30.803576864661654,0.3703776905153008,1.0448501319111727,1.9946369380322537,,,
-3.989087052244825,-4.9148030678507,-107.51716159477647,0.8576480391649528,2.4805300831825847,3.2189760562108836,,,1.3296518850039853,,-498004.6319154659,-14.818841190458537,,,,30.803576864661654,0.3703776905153008,1.0448501319111727,1.9946369380322537,,,
-3.989087052244825,-4.9148030678507,-107.51716159477647,0.8576480391649528,2.4805300831825847,3.2189760562108836,,,1.3296518850039853,,-556705.6365676288,-13.930495835219471,,,,30.803576864661654,0.3703776905153008,1.0448501319111727,1.9946369380322537,,,
-3.989087052244825,-4.9148030678507,-107.51716159477647,0.8576480391649528,2.4805300831825847,3.2189760562108836,,,1.3296518850039853,,-278661.9437235676,-14.436534054163598,,,,30.803576864661654,0.3703776905153008,1.0448501319111727,1.9946369380322537,,,
3.686479146337936,3.2143295789000543,-5.8005925928603705,1.958672371627461,1.6097821279992974,1.438672364522167,,,0.8801515799189147,,-1424716.0518393265,-11.546751975982389,,,,5.654598274656978,1.1371630193874698,5.526483174978046,13.355757425370754,,,
3.686479146337936,3.2143295789000543,-5.8005925928603705,1.958672371627461,1.6097821279992974,1.438672364522167,,,0.8801515799189147,,-99217.31952563733,-11.541999978492044,,,,5.654598274656978,1.1371630193874698,5.526483174978046,13.355757425370754,,,
3.5357282852653005,4.729439729506653,-5.4893089723873345,2.0230360122299293,1.6613375619824824,1.4943939743084285,,,0.8893394695387866,,-752165.4130661556,-15.160853539177568,,,,5.563137343370238,1.0906338849020747,5.613608477733337,13.421861236412811,,,
3.5357282852653005,4.729439729506653,-5.4893089723873345,2.0230360122299293,1.6613375619824824,1.4943939743084285,,,0.8893394695387866,,-505550.5858788509,-13.479543055781837,,,,5.563137343370238,1.0906338849020747,5.613608477733337,13.421861236412811,,,
3.5357282852653005,4.729439729506653,-5.4893089723873345,2.0230360122299293,1.6613375619824824,1.4943939743084285,,,0.8893394695387866,,-11337.814814189747,-16.57772781100445,,,,5.563137343370238,1.0906338849020747,5.613608477733337,13.421861236412811,,,
3.327166325797381,6.133312683881923,-6.394606297319448,1.8135546370825102,1.651158490467869,1.5266829223370704,,,0.8841700440358347,,-186786.70492317222,-11.224207642200794,,,,5.754418078991055,1.040458660210622,5.8513914293366955,12.541044181813369,,,
3.327166325797381,6.133312683881923,-6.394606297319448,1.8135546370825102,1.651158490467869,1.5266829223370704,,,0.8841700440358347,,-6250.399389906974,-12.958990311719244,,,,5.754418078991055,1.040458660210622,5.8513914293366955,12.541044181813369,,,
3.327166325797381,6.133312683881923,-6.394606297319448,1.8135546370825102,1.651158490467869,1.5266829223370704,,,0.8841700440358347,,-20080.59360465982,-17.074319011848566,,,,5.754418078991055,1.040458660210622,5.8513914293366955,12.541044181813369,,,
3.434637435392538,6.407292722537421,-6.396656626546789,1.808195086318453,1.6450943810702205,1.5520106300747583,,,0.8830142371195162,,-54183.18124862394,-16.09652761338756,,,,5.8585117641251205,1.059530927728515,5.9497877913488795,12.882200115500115,,,
3.434637435392538,6.407292722537421,-6.396656626546789,1.808195086318453,1.6450943810702205,1.5520106300747583,,,0.8830142371195162,,-13246.431886136319,-13.720450800316684,,,,5.8585117641251205,1.059530927728515,5.9497877913488795,12.882200115500115,,,
3.434637435392538,6.407292722537421,-6.396656626546789,1.808195086318453,1.6450943810702205,1.5520106300747583,,,0.8830142371195162,,-48624.16187215457,-12.743570598852012,,,,5.8585117641251205,1.059530927728515,5.9497877913488795,12.882200115500115,,,
3.434637435392538,6.407292722537421,-6.396656626546789,1.808195086318453,1.6450943810702205,1.5520106300747583,,,0.8830142371195162,,-386849.245791192,-14.944440846853508,,,,5.8585117641251205,1.059530927728515,5.9497877913488795,12.882200115500115,,,
3.434637435392538,6.407292722537421,-6.396656626546789,1.808195086318453,1.6450943810702205,1.5520106300747583,,,0.8830142371195162,,-161845.9504031363,-15.117924231963999,,,,5.8585117641251205,1.059530927728515,5.9497877913488795,12.882200115500115,,,
3.434637435392538,6.407292722537421,-6.396656626546789,1.808195086318453,1.6450943810702205,1.5520106300747583,,,0.8830142371195162,,-350279.13152137934,-13.265086697228382,,,,5.8585117641251205,1.059530927728515,5.9497877913488795,12.882200115500115,,,
3.434637435392538,6.407292722537421,-6.396656626546789,1.808195086318453,1.6450943810702205,1.5520106300747583,,,0.8830142371195162,,-1687633.9814709364,-15.15158029296285,,,,5.8585117641251205,1.059530927728515,5.9497877913488795,12.882200115500115,,,
3.3632952508487346,4.386874222034592,-7.142030389205731,1.7418181073453491,1.8759885791883866,1.743859640767265,,,1.0416685381658515,,-28798.970782559394,-7.519264169946967,,,,6.069097599377489,0.796140660988352,3.9670365367293274,8.567606733671813,,,
3.3632952508487346,4.386874222034592,-7.142030389205731,1.7418181073453491,1.8759885791883866,1.743859640767265,,,1.0416685381658515,,-33732.074745519785,-12.511180977256044,,,,6.069097599377489,0.796140660988352,3.9670365367293274,8.567606733671813,,,
3.3632952508487346,4.386874222034592,-7.142030389205731,1.7418181073453491,1.8759885791883866,1.743859640767265,,,1.0416685381658515,,-94252.16209083813,-17.13265108595373,,,,6.069097599377489,0.796140660988352,3.9670365367293274,8.567606733671813,,,
2.334473904688501,3.50922928865435,-0.4716420327635104,0.7311231456946233,0.916302616947052,0.8731420720441713,,,2.2660720210711527,,-14866.666515462664,-15.945186463391451,,,,2.750967714172216,0.5440648465235091,0.5606034798731013,0.8682743691226953,,,
2.334473904688501,3.50922928865435,-0.4716420327635104,0.7311231456946233,0.916302616947052,0.8731420720441713,,,2.2660720210711527,,-708996.4121841583,-10.81449417656469,,,,2.750967714172216,0.5440648465235091,0.5606034798731013,0.8682743691226953,,,
2.334473904688501,3.50922928865435,-0.4716420327635104,0.7311231456946233,0.916302616947052,0.8731420720441713,,,2.2660720210711527,,-65204.18315833873,-13.601920395065271,,,,2.750967714172216,0.5440648465235091,0.5606034798731013,0.8682743691226953,,,
2.334473904688501,3.50922928865435,-0.4716420327635104,0.7311231456946233,0.916302616947052,0.8731420720441713,,,2.2660720210711527,,-640670.348374095,-14.589779471640423,,,,2.750967714172216,0.5440648465235091,0.5606034798731013,0.8682743691226953,,,
2.4258917899700334,3.3491550330977,-0.41961074782572755,0.7274591886225357,0.86286039650034,0.8646333278789057,,,2.1943381756466724,,-498004.6319154659,-14.818841190458537,,,,2.9215232158812987,0.5588585875566212,0.5559417016959844,0.8586258570897354,,,
2.4258917899700334,3.3491550330977,-0.41961074782572755,0.7274591886225357,0.86286039650034,0.8646333278789057,,,2.1943381756466724,,-393802.5712373168,-13.186411693901025,,,,2.9215232158812987,0.5588585875566212,0.5559417016959844,0.8586258570897354,,,
3.9651998274337683,6.257483407849054,0.15086077051709654,0.8445168652974285,0.9585380060929772,0.8572382155825964,,,2.2866344722073486,,-278661.9437235676,-14.436534054163598,,,,5.015623780344884,0.5519122938912774,0.5612189777883255,0.7303837190118392,,,
3.9651998274337683,6.257483407849054,0.15086077051709654,0.8445168652974285,0.9585380060929772,0.8572382155825964,,,2.2866344722073486,,-1424716.0518393265,-11.546751975982389,,,,5.015623780344884,0.5519122938912774,0.5612189777883255,0.7303837190118392,,,
3.9651998274337683,6.257483407849054,0.15086077051709654,0.8445168652974285,0.9585380060929772,0.8572382155825964,,,2.2866344722073486,,-99217.31952563733,-11.541999978492044,,,,5.015623780344884,0.5519122938912774,0.5612189777883255,0.7303837190118392,,,
3.9651998274337683,6.257483407849054,0.15086077051709654,0.8445168652974285,0.9585380060929772,0.8572382155825964,,,2.2866344722073486,,-615882.5334861014,-14.440137177827946,,,,5.015623780344884,0.5519122938912774,0.5612189777883255,0.7303837190118392,,,
4.124738938336937,6.480856381972714,0.15173103016652012,0.8404548891685482,0.963915306991135,0.8593270599187887,,,2.294225131071184,,-505550.5858788509,-13.479543055781837,,,,5.14088480365329,0.5498890344841199,0.5602962027352235,0.7301662576945965,,,
4.124738938336937,6.480856381972714,0.15173103016652012,0.8404548891685482,0.963915306991135,0.8593270599187887,,,2.294225131071184,,-11337.814814189747,-16.57772781100445,,,,5.14088480365329,0.5498890344841199,0.5602962027352235,0.7301662576945965,,,
4.124738938336937,6.480856381972714,0.15173103016652012,0.8404548891685482,0.963915306991135,0.8593270599187887,,,2.294225131071184,,-167557.03533216176,-11.264405528288407,,,,5.14088480365329,0.5498890344841199,0.5602962027352235,0.7301662576945965,,,
4.124738938336937,6.480856381972714,0.15173103016652012,0.8404548891685482,0.963915306991135,0.8593270599187887,,,2.294225131071184,,-6250.399389906974,-12.958990311719244,,,,5.14088480365329,0.5498890344841199,0.5602962027352235,0.7301662576945965,,,
4.124738938336937,6.480856381972714,0.15173103016652012,0.8404548891685482,0.963915306991135,0.8593270599187887,,,2.294225131071184,,-20080.59360465982,-17.074319011848566,,,,5.14088480365329,0.5498890344841199,0.5602962027352235,0.7301662576945965,,,
4.124738938336937,6.480856381972714,0.15173103016652012,0.8404548891685482,0.963915306991135,0.8593270599187887,,,2.294225131071184,,-54010.23233744906,-15.229399320907472,,,,5.14088480365329,0.5498890344841199,0.5602962027352235,0.7301662576945965,,,
4.007115682352205,6.989224492026883,-0.4498794830117319,0.7666737787566056,0.9335497859261146,0.9638020309176064,,,2.1379107303158618,,-13246.431886136319,-13.720450800316684,,,,5.742320548098676,0.5509162859946112,0.6955088672996922,0.9011395097193818,,,
4.007115682352205,6.989224492026883,-0.4498794830117319,0.7666737787566056,0.9335497859261146,0.9638020309176064,,,2.1379107303158618,,-48624.16187215457,-12.743570598852012,,,,5.742320548098676,0.5509162859946112,0.6955088672996922,0.9011395097193818,,,
1.9875863225130173,17.8223893460788,-10.866186087446096,0.5992038631880935,1.5921510328234896,1.7138599875975231,,,0.8535866578174665,,-386849.245791192,-14.944440846853508,,,,7.186910881920915,0.7247198547356141,7.34769374912193,6.998306179712938,,,
1.9875863225130173,17.8223893460788,-10.866186087446096,0.5992038631880935,1.5921510328234896,1.7138599875975231,,,0.8535866578174665,,-161845.9504031363,-15.117924231963999,,,,7.186910881920915,0.7247198547356141,7.34769374912193,6.998306179712938,,,
1.9875863225130173,17.8223893460788,-10.866186087446096,0.5992038631880935,1.5921510328234896,1.7138599875975231,,,0.8535866578174665,,-350279.13152137934,-13.265086697228382,,,,7.186910881920915,0.7247198547356141,7.34769374912193,6.998306179712938,,,
1.9875863225130173,17.8223893460788,-10.866186087446096,0.5992038631880935,1.5921510328234896,1.7138599875975231,,,0.8535866578174665,,-1687633.9814709364,-15.15158029296285,,,,7.186910881920915,0.7247198547356141,7.34769374912193,6.998306179712938,,,
1.9875863225130173,17.8223893460788,-10.866186087446096,0.5992038631880935,1.5921510328234896,1.7138599875975231,,,0.8535866578174665,,-28798.970782559394,-7.519264169946967,,,,7.186910881920915,0.7247198547356141,7.34769374912193,6.998306179712938,,,
1.9875863225130173,17.8223893460788,-10.866186087446096,0.5992038631880935,1.5921510328234896,1.7138599875975231,,,0.8535866578174665,,-33732.074745519785,-12.511180977256044,,,,7.186910881920915,0.7247198547356141,7.34769374912193,6.998306179712938,,,
1.9875863225130173,17.8223893460788,-10.866186087446096,0.5992038631880935,1.5921510328234896,1.7138599875975231,,,0.8535866578174665,,-67252.24039357655,-15.076579987951346,,,,7.186910881920915,0.7247198547356141,7.34769374912193,6.998306179712938,,,
1.9875863225130173,17.8223893460788,-10.866186087446096,0.5992038631880935,1.5921510328234896,1.7138599875975231,,,0.8535866578174665,,-14866.666515462664,-15.945186463391451,,,,7.186910881920915,0.7247198547356141,7.34769374912193,6.998306179712938,,,
1.9875863225130173,17.8223893460788,-10.866186087446096,0.5992038631880935,1.5921510328234896,1.7138599875975231,,,0.8535866578174665,,-367254.8589785555,-10.550070053406051,,,,7.186910881920915,0.7247198547356141,7.34769374912193,6.998306179712938,,,
1.9875863225130173,17.8223893460788,-10.866186087446096,0.5992038631880935,1.5921510328234896,1.7138599875975231,,,0.8535866578174665,,-65204.18315833873,-13.601920395065271,,,,7.186910881920915,0.7247198547356141,7.34769374912193,6.998306179712938,,,
1.9875863225130173,17.8223893460788,-10.866186087446096,0.5992038631880935,1.5921510328234896,1.7138599875975231,,,0.8535866578174665,,-575675.5360678427,-14.561126592480651,,,,7.186910881920915,0.7247198547356141,7.34769374912193,6.998306179712938,,,
1.9875863225130173,17.8223893460788,-10.866186087446096,0.5992038631880935,1.5921510328234896,1.7138599875975231,,,0.8535866578174665,,-498004.6319154659,-14.818841190458537,,,,7.186910881920915,0.7247198547356141,7.34769374912193,6.998306179712938,,,
1.9875863225130173,17.8223893460788,-10.866186087446096,0.5992038631880935,1.5921510328234896,1.7138599875975231,,,0.8535866578174665,,-393802.5712373168,-13.186411693901025,,,,7.186910881920915,0.7247198547356141,7.34769374912193,6.998306179712938,,,
1.9875863225130173,17.8223893460788,-10.866186087446096,0.5992038631880935,1.5921510328234896,1.7138599875975231,,,0.8535866578174665,,-278661.9437235676,-14.436534054163598,,,,7.186910881920915,0.7247198547356141,7.34769374912193,6.998306179712938,,,
1.9875863225130173,17.8223893460788,-10.866186087446096,0.5992038631880935,1.5921510328234896,1.7138599875975231,,,0.8535866578174665,,-1424716.0518393265,-11.546751975982389,,,,7.186910881920915,0.7247198547356141,7.34769374912193,6.998306179712938,,,
1.9875863225130173,17.8223893460788,-10.866186087446096,0.5992038631880935,1.5921510328234896,1.7138599875975231,,,0.8535866578174665,,-99217.31952563733,-11.541999978492044,,,,7.186910881920915,0.7247198547356141,7.34769374912193,6.998306179712938,,,
1.9875863225130173,17.8223893460788,-10.866186087446096,0.5992038631880935,1.5921510328234896,1.7138599875975231,,,0.8535866578174665,,-615882.5334861014,-14.440137177827946,,,,7.186910881920915,0.7247198547356141,7.34769374912193,6.998306179712938,,,
1.983882515741831,17.760468597172615,-11.088606371210874,0.5944707548491086,1.5769884234302252,1.711245570882162,,,0.8516977380224079,,-505550.5858788509,-13.479543055781837,,,,7.265820503152796,0.7231061643984444,7.359256522277468,7.044874301771725,,,
1.2041114032996383,-0.6687408167765385,-0.799116376210652,0.8116682491449718,2.2012232566721535,0.5279796769446219,,,0.8965173015146574,,-9820.592633901262,-16.64633289027498,,,,2.978279402068226,0.23654971441116215,2.6940057258264964,0.14630787043905652,,,
0.8945490623319854,1.0616524818124193,-0.9228223570857871,1.8953794004723514,1.877364607355064,0.5758738986170466,,,0.9244278455173989,,-70165.2304300062,-13.351840751027185,,,,3.4663035028876688,0.34677033867733026,2.5433312170351123,0.1417688076004715,,,
1.5768638669718913,1.9480062465531445,-4.823071717447561,1.9427018263855753,1.7972831786758339,0.9163701536348288,,,0.9115781025014463,,-6250.399389906974,-12.958990311719244,,,,4.029287693031669,0.6092310663513828,3.62663098094166,4.827443673823428,,,
1.5768638669718913,1.9480062465531445,-4.823071717447561,1.9427018263855753,1.7972831786758339,0.9163701536348288,,,0.9115781025014463,,-18946.3243883185,-16.5671951548005,,,,4.029287693031669,0.6092310663513828,3.62663098094166,4.827443673823428,,,
1.5768638669718913,1.9480062465531445,-4.823071717447561,1.9427018263855753,1.7972831786758339,0.9163701536348288,,,0.9115781025014463,,-54010.23233744906,-15.229399320907472,,,,4.029287693031669,0.6092310663513828,3.62663098094166,4.827443673823428,,,
1.5768638669718913,1.9480062465531445,-4.823071717447561,1.9427018263855753,1.7972831786758339,0.9163701536348288,,,0.9115781025014463,,-13246.431886136319,-13.720450800316684,,,,4.029287693031669,0.6092310663513828,3.62663098094166,4.827443673823428,,,
1.5768638669718913,1.9480062465531445,-4.823071717447561,1.9427018263855753,1.7972831786758339,0.9163701536348288,,,0.9115781025014463,,-48624.16187215457,-12.743570598852012,,,,4.029287693031669,0.6092310663513828,3.62663098094166,4.827443673823428,,,
1.5768638669718913,1.9480062465531445,-4.823071717447561,1.9427018263855753,1.7972831786758339,0.9163701536348288,,,0.9115781025014463,,-386849.245791192,-14.944440846853508,,,,4.029287693031669,0.6092310663513828,3.62663098094166,4.827443673823428,,,
1.5768638669718913,1.9480062465531445,-4.823071717447561,1.9427018263855753,1.7972831786758339,0.9163701536348288,,,0.9115781025014463,,-161845.9504031363,-15.117924231963999,,,,4.029287693031669,0.6092310663513828,3.62663098094166,4.827443673823428,,,
2.941280318786341,-0.21138003059133817,-2.440779226924837,1.4658717821295655,1.197409742221744,0.8575886597567837,,,0.9299671145045396,,-350279.13152137934,-13.265086697228382,,,,5.375384222694394,0.9936183619464403,2.2621722921439007,2.964789621870802,,,
9.224975714767817,-2.740046816180308,10.915982275986446,1.6326736240863253,0.6236517623973794,0.20429311248337,,,0.7785287186280567,,-1687633.9814709364,-15.15158029296285,,,,12.52664505226595,1.7654026056608172,2.114511967102899,4.481871864770371,,,
9.224975714767817,-2.740046816180308,10.915982275986446,1.6326736240863253,0.6236517623973794,0.20429311248337,,,0.7785287186280567,,-28798.970782559394,-7.519264169946967,,,,12.52664505226595,1.7654026056608172,2.114511967102899,4.481871864770371,,,
9.224975714767817,-2.740046816180308,10.915982275986446,1.6326736240863253,0.6236517623973794,0.20429311248337,,,0.7785287186280567,,-33732.074745519785,-12.511180977256044,,,,12.52664505226595,1.7654026056608172,2.114511967102899,4.481871864770371,,,
9.224975714767817,-2.740046816180308,10.915982275986446,1.6326736240863253,0.6236517623973794,0.20429311248337,,,0.7785287186280567,,-23359.31225019597,-15.683249820453652,,,,12.52664505226595,1.7654026056608172,2.114511967102899,4.481871864770371,,,
9.224975714767817,-2.740046816180308,10.915982275986446,1.6326736240863253,0.6236517623973794,0.20429311248337,,,0.7785287186280567,,-14866.666515462664,-15.945186463391451,,,,12.52664505226595,1.7654026056608172,2.114511967102899,4.481871864770371,,,
9.224975714767817,-2.740046816180308,10.915982275986446,1.6326736240863253,0.6236517623973794,0.20429311248337,,,0.7785287186280567,,-367254.8589785555,-10.550070053406051,,,,12.52664505226595,1.7654026056608172,2.114511967102899,4.481871864770371,,,
6.784423838389546,-2.542785184286919,-4.199891191913353,1.3626793463140765,2.2515160953919344,1.7674521542922301,,,1.504055191499585,,-65204.18315833873,-13.601920395065271,,,,11.432168374444968,0.5139843437274997,0.4261462629319069,0.8539594771119269,,,
6.784423838389546,-2.542785184286919,-4.199891191913353,1.3626793463140765,2.2515160953919344,1.7674521542922301,,,1.504055191499585,,-509604.42813748505,-13.618611194130676,,,,11.432168374444968,0.5139843437274997,0.4261462629319069,0.8539594771119269,,,
-1.8185315453376043,1.4703214494568884,3.817640743675763,0.9228811230005175,3.018368512515979,0.42506259502603827,,,1.3813523610998337,,-498004.6319154659,-14.818841190458537,,,,1.2415707993772764,0.2657351706620825,1.215133970702536,2.1769032577691294,,,
-1.8185315453376043,1.4703214494568884,3.817640743675763,0.9228811230005175,3.018368512515979,0.42506259502603827,,,1.3813523610998337,,-61858.43016232613,-16.65467138273904,,,,1.2415707993772764,0.2657351706620825,1.215133970702536,2.1769032577691294,,,
-2.4933450359034,1.177404576315048,0.9971124022199345,2.9311383895109686,1.9649475145475153,0.5067376941112672,,,1.1463921441479523,,-278661.9437235676,-14.436534054163598,,,,1.3121049170552623,1.3547072785164187,1.3551488298440053,1.8024832426267312,,,
-2.4933450359034,1.177404576315048,0.9971124022199345,2.9311383895109686,1.9649475145475153,0.5067376941112672,,,1.1463921441479523,,-1424716.0518393265,-11.546751975982389,,,,1.3121049170552623,1.3547072785164187,1.3551488298440053,1.8024832426267312,,,
-2.4933450359034,1.177404576315048,0.9971124022199345,2.9311383895109686,1.9649475145475153,0.5067376941112672,,,1.1463921441479523,,-48584.45638982476,-11.619093829415812,,,,1.3121049170552623,1.3547072785164187,1.3551488298440053,1.8024832426267312,,,
-2.4933450359034,1.177404576315048,0.9971124022199345,2.9311383895109686,1.9649475145475153,0.5067376941112672,,,1.1463921441479523,,-369418.1603327243,-14.821642314568551,,,,1.3121049170552623,1.3547072785164187,1.3551488298440053,1.8024832426267312,,,
-2.4933450359034,1.177404576315048,0.9971124022199345,2.9311383895109686,1.9649475145475153,0.5067376941112672,,,1.1463921441479523,,-505550.5858788509,-13.479543055781837,,,,1.3121049170552623,1.3547072785164187,1.3551488298440053,1.8024832426267312,,,
-2.4152618009081177,1.2014423568856294,0.9661088364336251,2.8934848711225025,1.9585605066308187,0.5223422396355775,,,1.138334917302429,,-9820.592633901262,-16.64633289027498,,,,1.3467003124018648,1.3364960935872219,1.4106387044261484,1.8763797840818057,,,
-1.7575625503286605,1.38346516133428,0.8051288424721521,2.583697107587169,1.8073650106319037,0.572975863543157,,,1.3749285013089874,,-52191.25432010231,-14.13555437159321,,,,1.5141618532067649,1.0083995295975234,1.0554291094753705,1.397148156509475,,,
-1.082832627999374,0.9493863384047486,0.259846835071999,2.280092667085487,2.0330881187907233,0.9040397444436965,,,1.3673319305653002,,-6250.399389906974,-12.958990311719244,,,,1.8570921073955915,0.8651355601379535,1.0535109498192494,1.6242346398145326,,,
-1.082832627999374,0.9493863384047486,0.259846835071999,2.280092667085487,2.0330881187907233,0.9040397444436965,,,1.3673319305653002,,-18946.3243883185,-16.5671951548005,,,,1.8570921073955915,0.8651355601379535,1.0535109498192494,1.6242346398145326,,,
-1.082832627999374,0.9493863384047486,0.259846835071999,2.280092667085487,2.0330881187907233,0.9040397444436965,,,1.3673319305653002,,-21355.55592507308,-15.721746843353712,,,,1.8570921073955915,0.8651355601379535,1.0535109498192494,1.6242346398145326,,,
-1.082832627999374,0.9493863384047486,0.259846835071999,2.280092667085487,2.0330881187907233,0.9040397444436965,,,1.3673319305653002,,-13246.431886136319,-13.720450800316684,,,,1.8570921073955915,0.8651355601379535,1.0535109498192494,1.6242346398145326,,,
-0.7269744129121329,1.35749725721293,0.052309149947964824,2.1708760750124,1.9432903416742258,1.0540069720276453,,,1.2717518578330311,,-48624.16187215457,-12.743570598852012,,,,2.205773316866747,0.8868254542548506,1.5998188561036868,2.8803555143284156,,,
0.34936085653472027,0.47380155572902716,-1.7241908433867483,1.7406415853672854,2.707709125177545,1.959643641213006,,,1.5727917448878523,,-386849.245791192,-14.944440846853508,,,,3.025651635508895,0.5459412096674077,0.838981208362474,1.4188771682311019,,,
0.34936085653472027,0.47380155572902716,-1.7241908433867483,1.7406415853672854,2.707709125177545,1.959643641213006,,,1.5727917448878523,,-112479.25767721653,-14.56583713987404,,,,3.025651635508895,0.5459412096674077,0.838981208362474,1.4188771682311019,,,
0.34936085653472027,0.47380155572902716,-1.7241908433867483,1.7406415853672854,2.707709125177545,1.959643641213006,,,1.5727917448878523,,-350279.13152137934,-13.265086697228382,,,,3.025651635508895,0.5459412096674077,0.838981208362474,1.4188771682311019,,,
0.34936085653472027,0.47380155572902716,-1.7241908433867483,1.7406415853672854,2.707709125177545,1.959643641213006,,,1.5727917448878523,,-1687633.9814709364,-15.15158029296285,,,,3.025651635508895,0.5459412096674077,0.838981208362474,1.4188771682311019,,,
0.5247442681997487,0.039126401539143,-3.390388367428575,1.258249930337088,2.7213825891759598,2.3927667472133742,,,1.294966153244919,,-28798.970782559394,-7.519264169946967,,,,1.9232961330482006,0.2598290838054827,1.6440143601645485,0.7570215734336314,,,
0.5247442681997487,0.039126401539143,-3.390388367428575,1.258249930337088,2.7213825891759598,2.3927667472133742,,,1.294966153244919,,-33732.074745519785,-12.511180977256044,,,,1.9232961330482006,0.2598290838054827,1.6440143601645485,0.7570215734336314,,,
0.5247442681997487,0.039126401539143,-3.390388367428575,1.258249930337088,2.7213825891759598,2.3927667472133742,,,1.294966153244919,,-23359.31225019597,-15.683249820453652,,,,1.9232961330482006,0.2598290838054827,1.6440143601645485,0.7570215734336314,,,
0.5247442681997487,0.039126401539143,-3.390388367428575,1.258249930337088,2.7213825891759598,2.3927667472133742,,,1.294966153244919,,-14866.666515462664,-15.945186463391451,,,,1.9232961330482006,0.2598290838054827,1.6440143601645485,0.7570215734336314,,,
0.5247442681997487,0.039126401539143,-3.390388367428575,1.258249930337088,2.7213825891759598,2.3927667472133742,,,1.294966153244919,,-187020.40217296168,-11.618500224804393,,,,1.9232961330482006,0.2598290838054827,1.6440143601645485,0.7570215734336314,,,
0.5247442681997487,0.039126401539143,-3.390388367428575,1.258249930337088,2.7213825891759598,2.3927667472133742,,,1.294966153244919,,-52219.65978629518,-10.623095047143623,,,,1.9232961330482006,0.2598290838054827,1.6440143601645485,0.7570215734336314,,,
0.6275598965058219,0.7595776769709744,-4.721299911708704,1.1098712351975797,2.4671455742025348,2.2399165837202992,,,1.209722873966879,,-509604.42813748505,-13.618611194130676,,,,2.3030487144211014,0.3119401729907812,2.2833579735635268,1.456627070221461,,,
0.6275598965058219,0.7595776769709744,-4.721299911708704,1.1098712351975797,2.4671455742025348,2.2399165837202992,,,1.209722873966879,,-395158.7885756858,-17.233366097359216,,,,2.3030487144211014,0.3119401729907812,2.2833579735635268,1.456627070221461,,,
0.6275598965058219,0.7595776769709744,-4.721299911708704,1.1098712351975797,2.4671455742025348,2.2399165837202992,,,1.209722873966879,,-61858.43016232613,-16.65467138273904,,,,2.3030487144211014,0.3119401729907812,2.2833579735635268,1.456627070221461,,,
0.5987239448050138,0.9427530255362037,-5.16370929223352,1.1050179854660604,2.5479712283423144,2.345317420867405,,,1.2069844411654758,,-278661.9437235676,-14.436534054163598,,,,2.2931325621979814,0.24152154734361383,2.4134893494811416,1.5144956673652499,,,
0.6370104785745269,0.9326845868814723,-5.19917311945884,1.0843872705807538,2.509624164513741,2.351709646821289,,,1.2068852929052856,,-1424716.0518393265,-11.546751975982389,,,,2.331405138306774,0.259122655990181,2.40269845028462,1.521004779063617,,,
0.6370104785745269,0.9326845868814723,-5.19917311945884,1.0843872705807538,2.509624164513741,2.351709646821289,,,1.2068852929052856,,-48584.45638982476,-11.619093829415812,,,,2.331405138306774,0.259122655990181,2.40269845028462,1.521004779063617,,,
0.6370104785745269,0.9326845868814723,-5.19917311945884,1.0843872705807538,2.509624164513741,2.351709646821289,,,1.2068852929052856,,-355473.31915382977,-14.479507159605998,,,,2.331405138306774,0.259122655990181,2.40269845028462,1.521004779063617,,,
0.6370104785745269,0.9326845868814723,-5.19917311945884,1.0843872705807538,2.509624164513741,2.351709646821289,,,1.2068852929052856,,-505550.5858788509,-13.479543055781837,,,,2.331405138306774,0.259122655990181,2.40269845028462,1.521004779063617,,,
0.6370104785745269,0.9326845868814723,-5.19917311945884,1.0843872705807538,2.509624164513741,2.351709646821289,,,1.2068852929052856,,-9820.592633901262,-16.64633289027498,,,,2.331405138306774,0.259122655990181,2.40269845028462,1.521004779063617,,,
0.6470201522373678,0.9518517028969788,-5.167127237449205,1.0833152282032346,2.5028310303304986,2.3451508727570634,,,1.2137968490437352,,-52191.25432010231,-14.13555437159321,,,,2.337018106684753,0.26368792884048714,2.373771209784371,1.508587959590599,,,
0.9768113774721641,0.7677191853220302,-5.055378351097713,1.1975566181711308,2.1120477945114917,1.8999504933871052,,,1.1370865270602928,,-3744.0715651271134,-16.08191895575727,,,,2.812829230929921,0.4100799426933005,2.3484977785314665,1.7984333112768707,,,
1.1428845911925458,0.5374159408546344,-4.852305157281197,1.214852470552528,2.1266564626884383,1.8860718969059387,,,1.1808838850408248,,-18946.3243883185,-16.5671951548005,,,,3.054014974821647,0.42773553174707274,2.02184897406792,1.6379469245398126,,,
2.1192761604436052,-0.4758113283463267,-1.3127200199900664,4.2876877972719685,0.9260402375095738,0.48841900609984856,,,0.5548282960741723,,-21355.55592507308,-15.721746843353712,,,,0.9261754915269276,15.368257856671631,1.686396387913225,0.8128717894267642,,,
2.1192761604436052,-0.4758113283463267,-1.3127200199900664,4.2876877972719685,0.9260402375095738,0.48841900609984856,,,0.5548282960741723,,-13246.431886136319,-13.720450800316684,,,,0.9261754915269276,15.368257856671631,1.686396387913225,0.8128717894267642,,,
-0.5679239735523703,0.7836769237072904,-1.0621605372054894,5.3600352609281945,0.6908821799319326,0.6055200542943877,,,0.7719430937784043,,-48624.16187215457,-12.743570598852012,,,,1.4089106143773953,5.5721079326983505,1.8974021660675715,0.3524192736682344,,,
-0.5679239735523703,0.7836769237072904,-1.0621605372054894,5.3600352609281945,0.6908821799319326,0.6055200542943877,,,0.7719430937784043,,-367925.7877705634,-14.748557451486635,,,,1.4089106143773953,5.5721079326983505,1.8974021660675715,0.3524192736682344,,,
-0.5679239735523703,0.7836769237072904,-1.0621605372054894,5.3600352609281945,0.6908821799319326,0.6055200542943877,,,0.7719430937784043,,-112479.25767721653,-14.56583713987404,,,,1.4089106143773953,5.5721079326983505,1.8974021660675715,0.3524192736682344,,,
-0.5679239735523703,0.7836769237072904,-1.0621605372054894,5.3600352609281945,0.6908821799319326,0.6055200542943877,,,0.7719430937784043,,-160410.11024610876,-14.570458799970057,,,,1.4089106143773953,5.5721079326983505,1.8974021660675715,0.3524192736682344,,,
-0.5679239735523703,0.7836769237072904,-1.0621605372054894,5.3600352609281945,0.6908821799319326,0.6055200542943877,,,0.7719430937784043,,-1687633.9814709364,-15.15158029296285,,,,1.4089106143773953,5.5721079326983505,1.8974021660675715,0.3524192736682344,,,
0.4754630075517128,1.6429074498721028,-4.416530012368557,3.9307216415204738,1.0778957166237755,0.9767699700935536,,,0.819025168057083,,-28798.970782559394,-7.519264169946967,,,,2.025306611027928,3.4436585366308954,3.7545331030437086,6.077238156307061,,,
0.5655554513494433,2.2932017066615713,-5.45878417201908,4.378588223405651,0.9753228714976744,0.9315158837579973,,,0.7300336140120104,,-19950.473100112922,-15.846674472942016,,,,1.9755612988284186,4.600169580213011,4.9689928883705345,8.448806546860807,,,
0.6455161133627318,2.1027905348520353,-5.4403015466347675,4.097521515566531,1.1103494828482021,1.0529040058052388,,,0.7824776843062814,,-23359.31225019597,-15.683249820453652,,,,1.99933436556579,3.709741256629941,4.446929001843346,7.032195991232103,,,
1.066341310658458,2.3186023461534426,-2.836221493212842,3.327118248588488,1.0757129892121222,1.0071166981972641,,,1.30859939570319,,-14866.666515462664,-15.945186463391451,,,,2.3371540726876505,1.4124456597634178,1.621244827928185,2.450454776655295,,,
1.066341310658458,2.3186023461534426,-2.836221493212842,3.327118248588488,1.0757129892121222,1.0071166981972641,,,1.30859939570319,,-171850.59256153036,-11.733642606779721,,,,2.3371540726876505,1.4124456597634178,1.621244827928185,2.450454776655295,,,
1.066341310658458,2.3186023461534426,-2.836221493212842,3.327118248588488,1.0757129892121222,1.0071166981972641,,,1.30859939570319,,-52219.65978629518,-10.623095047143623,,,,2.3371540726876505,1.4124456597634178,1.621244827928185,2.450454776655295,,,
1.066341310658458,2.3186023461534426,-2.836221493212842,3.327118248588488,1.0757129892121222,1.0071166981972641,,,1.30859939570319,,-167645.71274027534,-12.660429249889289,,,,2.3371540726876505,1.4124456597634178,1.621244827928185,2.450454776655295,,,
1.066341310658458,2.3186023461534426,-2.836221493212842,3.327118248588488,1.0757129892121222,1.0071166981972641,,,1.30859939570319,,-285606.1739417219,-21.62490176714694,,,,2.3371540726876505,1.4124456597634178,1.621244827928185,2.450454776655295,,,
0.4855008232072674,1.7135321427531278,-8.721550373542447,2.2688897804084087,1.6777115214287082,1.9549526070203638,,,1.3176620893098572,,-61858.43016232613,-16.65467138273904,,,,3.869531709940926,0.9577304288039704,1.3697300946691962,2.2515547817591255,,,
0.962348605483419,1.1216521350750575,-7.892020556478744,2.004701211225186,1.4657885762694791,1.7705230213698062,,,1.2686095960551145,,-271489.4754816857,-15.500170232889502,,,,4.4873101862613085,1.0130390610570779,1.2603290501991027,2.054249782574851,,,
0.962348605483419,1.1216521350750575,-7.892020556478744,2.004701211225186,1.4657885762694791,1.7705230213698062,,,1.2686095960551145,,-1424716.0518393265,-11.546751975982389,,,,4.4873101862613085,1.0130390610570779,1.2603290501991027,2.054249782574851,,,
0.0340471529055854,-0.4248538569200379,0.37744764050190377,1.4618111679390555,0.08403483185744287,1.2181717542991657,,,0.9319696114449988,,-48584.45638982476,-11.619093829415812,,,,0.27761089188121013,0.6435596580998784,3.349047639540434,2.098614502945059,,,
0.0340471529055854,-0.4248538569200379,0.37744764050190377,1.4618111679390555,0.08403483185744287,1.2181717542991657,,,0.9319696114449988,,-341538.63769966294,-14.4474290076562,,,,0.27761089188121013,0.6435596580998784,3.349047639540434,2.098614502945059,,,
0.0340471529055854,-0.4248538569200379,0.37744764050190377,1.4618111679390555,0.08403483185744287,1.2181717542991657,,,0.9319696114449988,,-505550.5858788509,-13.479543055781837,,,,0.27761089188121013,0.6435596580998784,3.349047639540434,2.098614502945059,,,
0.0340471529055854,-0.4248538569200379,0.37744764050190377,1.4618111679390555,0.08403483185744287,1.2181717542991657,,,0.9319696114449988,,-9820.592633901262,-16.64633289027498,,,,0.27761089188121013,0.6435596580998784,3.349047639540434,2.098614502945059,,,
0.0340471529055854,-0.4248538569200379,0.37744764050190377,1.4618111679390555,0.08403483185744287,1.2181717542991657,,,0.9319696114449988,,-52191.25432010231,-14.13555437159321,,,,0.27761089188121013,0.6435596580998784,3.349047639540434,2.098614502945059,,,
0.0340471529055854,-0.4248538569200379,0.37744764050190377,1.4618111679390555,0.08403483185744287,1.2181717542991657,,,0.9319696114449988,,-3744.0715651271134,-16.08191895575727,,,,0.27761089188121013,0.6435596580998784,3.349047639540434,2.098614502945059,,,
0.0340471529055854,-0.4248538569200379,0.37744764050190377,1.4618111679390555,0.08403483185744287,1.2181717542991657,,,0.9319696114449988,,-18023.085123539957,-16.726535983480336,,,,0.27761089188121013,0.6435596580998784,3.349047639540434,2.098614502945059,,,
0.0340471529055854,-0.4248538569200379,0.37744764050190377,1.4618111679390555,0.08403483185744287,1.2181717542991657,,,0.9319696114449988,,-21355.55592507308,-15.721746843353712,,,,0.27761089188121013,0.6435596580998784,3.349047639540434,2.098614502945059,,,
0.03539416904214834,-0.43783276047991604,0.38527810277603297,1.4643942212142111,0.060238894625624706,1.2228966135447352,,,0.9217860572573942,,-13246.431886136319,-13.720450800316684,,,,0.2750542634424821,0.64906499409464,3.4340785806817333,2.1484907292541333,,,
0.03539416904214834,-0.43783276047991604,0.38527810277603297,1.4643942212142111,0.060238894625624706,1.2228966135447352,,,0.9217860572573942,,-48624.16187215457,-12.743570598852012,,,,0.2750542634424821,0.64906499409464,3.4340785806817333,2.1484907292541333,,,
0.03539416904214834,-0.43783276047991604,0.38527810277603297,1.4643942212142111,0.060238894625624706,1.2228966135447352,,,0.9217860572573942,,-288324.804961607,-14.432864347508243,,,,0.2750542634424821,0.64906499409464,3.4340785806817333,2.1484907292541333,,,
0.03539416904214834,-0.43783276047991604,0.38527810277603297,1.4643942212142111,0.060238894625624706,1.2228966135447352,,,0.9217860572573942,,-112479.25767721653,-14.56583713987404,,,,0.2750542634424821,0.64906499409464,3.4340785806817333,2.1484907292541333,,,
0.03539416904214834,-0.43783276047991604,0.38527810277603297,1.4643942212142111,0.060238894625624706,1.2228966135447352,,,0.9217860572573942,,-158848.17245016844,-14.990881552462394,,,,0.2750542634424821,0.64906499409464,3.4340785806817333,2.1484907292541333,,,
0.03539416904214834,-0.43783276047991604,0.38527810277603297,1.4643942212142111,0.060238894625624706,1.2228966135447352,,,0.9217860572573942,,-1410106.387341978,-15.759431342593373,,,,0.2750542634424821,0.64906499409464,3.4340785806817333,2.1484907292541333,,,
0.03539416904214834,-0.43783276047991604,0.38527810277603297,1.4643942212142111,0.060238894625624706,1.2228966135447352,,,0.9217860572573942,,-28798.970782559394,-7.519264169946967,,,,0.2750542634424821,0.64906499409464,3.4340785806817333,2.1484907292541333,,,
0.03539416904214834,-0.43783276047991604,0.38527810277603297,1.4643942212142111,0.060238894625624706,1.2228966135447352,,,0.9217860572573942,,-19950.473100112922,-15.846674472942016,,,,0.2750542634424821,0.64906499409464,3.4340785806817333,2.1484907292541333,,,
0.03539416904214834,-0.43783276047991604,0.38527810277603297,1.4643942212142111,0.060238894625624706,1.2228966135447352,,,0.9217860572573942,,-9044.878456530436,-16.053748052625064,,,,0.2750542634424821,0.64906499409464,3.4340785806817333,2.1484907292541333,,,
0.03539416904214834,-0.43783276047991604,0.38527810277603297,1.4643942212142111,0.060238894625624706,1.2228966135447352,,,0.9217860572573942,,-14866.666515462664,-15.945186463391451,,,,0.2750542634424821,0.64906499409464,3.4340785806817333,2.1484907292541333,,,
9.335871647572027,-2.8312702699210046,1.0627656112709005,0.6828604708846701,0.21234663280342758,0.7610624967080679,,,0.9593997340378918,,-171850.59256153036,-11.733642606779721,,,,11.908135353029659,1.5634703009918003,0.23937019002184878,0.20341577981203832,,,
9.335871647572027,-2.8312702699210046,1.0627656112709005,0.6828604708846701,0.21234663280342758,0.7610624967080679,,,0.9593997340378918,,-52219.65978629518,-10.623095047143623,,,,11.908135353029659,1.5634703009918003,0.23937019002184878,0.20341577981203832,,,
9.335871647572027,-2.8312702699210046,1.0627656112709005,0.6828604708846701,0.21234663280342758,0.7610624967080679,,,0.9593997340378918,,-167645.71274027534,-12.660429249889289,,,,11.908135353029659,1.5634703009918003,0.23937019002184878,0.20341577981203832,,,
9.335871647572027,-2.8312702699210046,1.0627656112709005,0.6828604708846701,0.21234663280342758,0.7610624967080679,,,0.9593997340378918,,-113599.53252611095,-22.659467821662986,,,,11.908135353029659,1.5634703009918003,0.23937019002184878,0.20341577981203832,,,
9.335871647572027,-2.8312702699210046,1.0627656112709005,0.6828604708846701,0.21234663280342758,0.7610624967080679,,,0.9593997340378918,,-61858.43016232613,-16.65467138273904,,,,11.908135353029659,1.5634703009918003,0.23937019002184878,0.20341577981203832,,,
9.335871647572027,-2.8312702699210046,1.0627656112709005,0.6828604708846701,0.21234663280342758,0.7610624967080679,,,0.9593997340378918,,-259045.65708518997,-16.379981180543886,,,,11.908135353029659,1.5634703009918003,0.23937019002184878,0.20341577981203832,,,
9.335871647572027,-2.8312702699210046,1.0627656112709005,0.6828604708846701,0.21234663280342758,0.7610624967080679,,,0.9593997340378918,,-1284837.8133417778,-11.549174349045739,,,,11.908135353029659,1.5634703009918003,0.23937019002184878,0.20341577981203832,,,
9.335871647572027,-2.8312702699210046,1.0627656112709005,0.6828604708846701,0.21234663280342758,0.7610624967080679,,,0.9593997340378918,,-48584.45638982476,-11.619093829415812,,,,11.908135353029659,1.5634703009918003,0.23937019002184878,0.20341577981203832,,,
9.335871647572027,-2.8312702699210046,1.0627656112709005,0.6828604708846701,0.21234663280342758,0.7610624967080679,,,0.9593997340378918,,-341538.63769966294,-14.4474290076562,,,,11.908135353029659,1.5634703009918003,0.23937019002184878,0.20341577981203832,,,
9.335871647572027,-2.8312702699210046,1.0627656112709005,0.6828604708846701,0.21234663280342758,0.7610624967080679,,,0.9593997340378918,,-356962.75473597005,-14.082565741965212,,,,11.908135353029659,1.5634703009918003,0.23937019002184878,0.20341577981203832,,,
9.335871647572027,-2.8312702699210046,1.0627656112709005,0.6828604708846701,0.21234663280342758,0.7610624967080679,,,0.9593997340378918,,-9820.592633901262,-16.64633289027498,,,,11.908135353029659,1.5634703009918003,0.23937019002184878,0.20341577981203832,,,
9.335871647572027,-2.8312702699210046,1.0627656112709005,0.6828604708846701,0.21234663280342758,0.7610624967080679,,,0.9593997340378918,,-52191.25432010231,-14.13555437159321,,,,11.908135353029659,1.5634703009918003,0.23937019002184878,0.20341577981203832,,,
9.335871647572027,-2.8312702699210046,1.0627656112709005,0.6828604708846701,0.21234663280342758,0.7610624967080679,,,0.9593997340378918,,-3744.0715651271134,-16.08191895575727,,,,11.908135353029659,1.5634703009918003,0.23937019002184878,0.20341577981203832,,,
8.743336283627794,-3.3918066053667624,1.1847614731962375,0.721230281016058,0.4425569910633227,0.796000934963843,,,1.0163245411642503,,-18023.085123539957,-16.726535983480336,,,,12.106474570209395,1.4333920192303442,0.3368378398577998,0.3074010748356163,,,
23.440659303209358,-7.421323855378613,2.454282069187292,0.6012977433359699,0.34401154679719115,0.7899015827205974,,,0.9870742474601472,,-21355.55592507308,-15.721746843353712,,,,28.540760407948355,1.5095209020262894,0.19775857859120016,0.1348339862215921,,,
24.739182839415623,-7.633923397400369,2.2645115760482257,0.5990714590329224,0.3382409393335696,0.7892553095365793,,,0.9666376629548369,,-13246.431886136319,-13.720450800316684,,,,29.803580188789677,1.5598415893643547,0.17874801521801734,0.10361625564353087,,,
24.739182839415623,-7.633923397400369,2.2645115760482257,0.5990714590329224,0.3382409393335696,0.7892553095365793,,,0.9666376629548369,,-37323.91656164483,-10.514391982274402,,,,29.803580188789677,1.5598415893643547,0.17874801521801734,0.10361625564353087,,,
24.739182839415623,-7.633923397400369,2.2645115760482257,0.5990714590329224,0.3382409393335696,0.7892553095365793,,,0.9666376629548369,,-195602.13246617824,-13.740186069205397,,,,29.803580188789677,1.5598415893643547,0.17874801521801734,0.10361625564353087,,,
9.150146170524154,-1.0889872939621983,-10.580798779724363,0.15292270097784372,0.5868322862288258,2.6389818949802737,,,1.2010425395118,,-106778.22687370284,-14.96397853944448,,,,11.37061904706281,1.1526500693127884,1.7748509414397777,1.863333111130267,,,
9.150146170524154,-1.0889872939621983,-10.580798779724363,0.15292270097784372,0.5868322862288258,2.6389818949802737,,,1.2010425395118,,-154807.393382572,-15.024647070596394,,,,11.37061904706281,1.1526500693127884,1.7748509414397777,1.863333111130267,,,
9.150146170524154,-1.0889872939621983,-10.580798779724363,0.15292270097784372,0.5868322862288258,2.6389818949802737,,,1.2010425395118,,-1410106.387341978,-15.759431342593373,,,,11.37061904706281,1.1526500693127884,1.7748509414397777,1.863333111130267,,,
9.150146170524154,-1.0889872939621983,-10.580798779724363,0.15292270097784372,0.5868322862288258,2.6389818949802737,,,1.2010425395118,,-28798.970782559394,-7.519264169946967,,,,11.37061904706281,1.1526500693127884,1.7748509414397777,1.863333111130267,,,
9.150146170524154,-1.0889872939621983,-10.580798779724363,0.15292270097784372,0.5868322862288258,2.6389818949802737,,,1.2010425395118,,-19950.473100112922,-15.846674472942016,,,,11.37061904706281,1.1526500693127884,1.7748509414397777,1.863333111130267,,,
9.150146170524154,-1.0889872939621983,-10.580798779724363,0.15292270097784372,0.5868322862288258,2.6389818949802737,,,1.2010425395118,,-9044.878456530436,-16.053748052625064,,,,11.37061904706281,1.1526500693127884,1.7748509414397777,1.863333111130267,,,
9.150146170524154,-1.0889872939621983,-10.580798779724363,0.15292270097784372,0.5868322862288258,2.6389818949802737,,,1.2010425395118,,-14866.666515462664,-15.945186463391451,,,,11.37061904706281,1.1526500693127884,1.7748509414397777,1.863333111130267,,,
14.4290198958517,-1.7275181464649971,-15.581270967648992,0.02508063460170673,0.5406522016056293,2.679925484676204,,,1.2017834242856409,,-156516.25516002416,-12.092370923288058,,,,16.300187258041607,1.170710160858072,1.8438217868105213,1.858121321616066,,,
14.4290198958517,-1.7275181464649971,-15.581270967648992,0.02508063460170673,0.5406522016056293,2.679925484676204,,,1.2017834242856409,,-52219.65978629518,-10.623095047143623,,,,16.300187258041607,1.170710160858072,1.8438217868105213,1.858121321616066,,,
14.4290198958517,-1.7275181464649971,-15.581270967648992,0.02508063460170673,0.5406522016056293,2.679925484676204,,,1.2017834242856409,,-167645.71274027534,-12.660429249889289,,,,16.300187258041607,1.170710160858072,1.8438217868105213,1.858121321616066,,,
14.4290198958517,-1.7275181464649971,-15.581270967648992,0.02508063460170673,0.5406522016056293,2.679925484676204,,,1.2017834242856409,,-113599.53252611095,-22.659467821662986,,,,16.300187258041607,1.170710160858072,1.8438217868105213,1.858121321616066,,,
14.4290198958517,-1.7275181464649971,-15.581270967648992,0.02508063460170673,0.5406522016056293,2.679925484676204,,,1.2017834242856409,,-61858.43016232613,-16.65467138273904,,,,16.300187258041607,1.170710160858072,1.8438217868105213,1.858121321616066,,,
14.4290198958517,-1.7275181464649971,-15.581270967648992,0.02508063460170673,0.5406522016056293,2.679925484676204,,,1.2017834242856409,,-134701.7378611458,-15.309417292635557,,,,16.300187258041607,1.170710160858072,1.8438217868105213,1.858121321616066,,,
14.4290198958517,-1.7275181464649971,-15.581270967648992,0.02508063460170673,0.5406522016056293,2.679925484676204,,,1.2017834242856409,,-691691.3960770816,-11.515377056723176,,,,16.300187258041607,1.170710160858072,1.8438217868105213,1.858121321616066,,,
14.4290198958517,-1.7275181464649971,-15.581270967648992,0.02508063460170673,0.5406522016056293,2.679925484676204,,,1.2017834242856409,,-48584.45638982476,-11.619093829415812,,,,16.300187258041607,1.170710160858072,1.8438217868105213,1.858121321616066,,,
14.4290198958517,-1.7275181464649971,-15.581270967648992,0.02508063460170673,0.5406522016056293,2.679925484676204,,,1.2017834242856409,,-310932.57112874207,-13.997772493473075,,,,16.300187258041607,1.170710160858072,1.8438217868105213,1.858121321616066,,,
14.4290198958517,-1.7275181464649971,-15.581270967648992,0.02508063460170673,0.5406522016056293,2.679925484676204,,,1.2017834242856409,,-356962.75473597005,-14.082565741965212,,,,16.300187258041607,1.170710160858072,1.8438217868105213,1.858121321616066,,,
14.4290198958517,-1.7275181464649971,-15.581270967648992,0.02508063460170673,0.5406522016056293,2.679925484676204,,,1.2017834242856409,,-9820.592633901262,-16.64633289027498,,,,16.300187258041607,1.170710160858072,1.8438217868105213,1.858121321616066,,,
-0.23567352700512537,-0.36090960987962073,0.21445992228881963,0.6768283178493746,5.509059176696108,1.4380558945069917,,,2.27353725068361,,-52191.25432010231,-14.13555437159321,,,,0.6964103342944148,0.7941152552109169,0.28299432843252614,0.29302601167083486,,,
-1.2783295399561982,-0.7907180165574884,0.39869280135890706,0.31523043285634067,8.008065784172013,1.539344273015615,,,2.673935002692233,,-3744.0715651271134,-16.08191895575727,,,,2.28271975843364,0.8025401488971998,0.11142200778669055,0.19198764862052295,,,
-0.5988720777015951,-0.9629240085458384,0.008982955299629038,0.4503880279452769,6.81889441348377,1.922116377988388,,,2.470625100856275,,-18023.085123539957,-16.726535983480336,,,,2.80127460838275,0.7417028153195941,0.19728971555071886,0.271589510905142,,,
-0.14417456966209038,-0.9183716321386054,-0.2847439636918778,0.8344812464349449,5.526427089790108,1.6632564085238326,,,2.178718622007229,,-19386.11050103627,-15.799366441115437,,,,3.0397175271477463,0.7357340399829647,0.3518054347525754,0.4768624855333587,,,
0.62819727081371,-0.4331969569483388,-1.2058915539714545,1.372281964883312,3.7167365725070285,1.3008051314536933,,,1.6871644153062557,,-13246.431886136319,-13.720450800316684,,,,3.4510196117866085,0.7178127669634914,0.8157395306839679,1.0931954540831703,,,
-0.08935352599952388,-1.737413281316087,-0.9589708706820717,1.5896363886857112,4.36901845077824,1.3356149910279358,,,1.725144860367011,,-25724.709361965084,-9.721763137598613,,,,7.362490992760884,0.7431101816626069,0.8873294106070252,0.9215630684829064,,,
-0.08935352599952388,-1.737413281316087,-0.9589708706820717,1.5896363886857112,4.36901845077824,1.3356149910279358,,,1.725144860367011,,-195602.13246617824,-13.740186069205397,,,,7.362490992760884,0.7431101816626069,0.8873294106070252,0.9215630684829064,,,
-0.08935352599952388,-1.737413281316087,-0.9589708706820717,1.5896363886857112,4.36901845077824,1.3356149910279358,,,1.725144860367011,,-104712.09606618725,-14.894428886984546,,,,7.362490992760884,0.7431101816626069,0.8873294106070252,0.9215630684829064,,,
2.355358827096127,-6.937044377750195,-3.6917514575301493,1.4399544369900175,4.754742661783002,1.4504503435077865,,,1.7718930273906506,,-111845.39632608935,-15.02997381576734,,,,17.59630453570293,0.7190576071921314,0.8720885780708943,0.8784439389895766,,,
2.355358827096127,-6.937044377750195,-3.6917514575301493,1.4399544369900175,4.754742661783002,1.4504503435077865,,,1.7718930273906506,,-1410106.387341978,-15.759431342593373,,,,17.59630453570293,0.7190576071921314,0.8720885780708943,0.8784439389895766,,,
2.355358827096127,-6.937044377750195,-3.6917514575301493,1.4399544369900175,4.754742661783002,1.4504503435077865,,,1.7718930273906506,,-28798.970782559394,-7.519264169946967,,,,17.59630453570293,0.7190576071921314,0.8720885780708943,0.8784439389895766,,,
2.355358827096127,-6.937044377750195,-3.6917514575301493,1.4399544369900175,4.754742661783002,1.4504503435077865,,,1.7718930273906506,,-19950.473100112922,-15.846674472942016,,,,17.59630453570293,0.7190576071921314,0.8720885780708943,0.8784439389895766,,,
2.355358827096127,-6.937044377750195,-3.6917514575301493,1.4399544369900175,4.754742661783002,1.4504503435077865,,,1.7718930273906506,,-9044.878456530436,-16.053748052625064,,,,17.59630453570293,0.7190576071921314,0.8720885780708943,0.8784439389895766,,,
2.355358827096127,-6.937044377750195,-3.6917514575301493,1.4399544369900175,4.754742661783002,1.4504503435077865,,,1.7718930273906506,,-14866.666515462664,-15.945186463391451,,,,17.59630453570293,0.7190576071921314,0.8720885780708943,0.8784439389895766,,,
2.355358827096127,-6.937044377750195,-3.6917514575301493,1.4399544369900175,4.754742661783002,1.4504503435077865,,,1.7718930273906506,,-156516.25516002416,-12.092370923288058,,,,17.59630453570293,0.7190576071921314,0.8720885780708943,0.8784439389895766,,,
-2.472783378344726,-9.064025501521622,0.19184537582262762,2.1404089715029375,6.840991461284603,0.8417802018678484,,,1.9947178452843422,,-52219.65978629518,-10.623095047143623,,,,18.3173741043617,0.63789496266787,0.6974666560797518,0.7023944369792692,,,
-2.472783378344726,-9.064025501521622,0.19184537582262762,2.1404089715029375,6.840991461284603,0.8417802018678484,,,1.9947178452843422,,-167645.71274027534,-12.660429249889289,,,,18.3173741043617,0.63789496266787,0.6974666560797518,0.7023944369792692,,,
-2.472783378344726,-9.064025501521622,0.19184537582262762,2.1404089715029375,6.840991461284603,0.8417802018678484,,,1.9947178452843422,,-113599.53252611095,-22.659467821662986,,,,18.3173741043617,0.63789496266787,0.6974666560797518,0.7023944369792692,,,
-23.836870188632297,47.23280226452949,-4.774511055097512,7.259444806144574,0.2743553783721109,0.812936825661747,,,1.0517267787963955,,-61858.43016232613,-16.65467138273904,,,,18.346665658450846,0.743189716412126,2.0014154420769183,0.1254436191164565,,,
-23.836870188632297,47.23280226452949,-4.774511055097512,7.259444806144574,0.2743553783721109,0.812936825661747,,,1.0517267787963955,,-134701.7378611458,-15.309417292635557,,,,18.346665658450846,0.743189716412126,2.0014154420769183,0.1254436191164565,,,
-25.32476250748959,49.975380768177125,-4.85911526093797,7.293732721867276,0.26037425219448274,0.8039104440281937,,,1.050175174241385,,-691691.3960770816,-11.515377056723176,,,,19.287687317548855,0.7473889300713572,2.0045203774062545,0.11995676190523576,,,
-25.81230848052327,51.35952639659352,-4.954349342922344,7.37425220293948,0.2609592217482245,0.8044323259149164,,,1.0512324893879823,,-48584.45638982476,-11.619093829415812,,,,19.43437682644304,0.739109941090734,2.0224274874950665,0.11911008617631336,,,
-25.81230848052327,51.35952639659352,-4.954349342922344,7.37425220293948,0.2609592217482245,0.8044323259149164,,,1.0512324893879823,,-310932.57112874207,-13.997772493473075,,,,19.43437682644304,0.739109941090734,2.0224274874950665,0.11911008617631336,,,
-25.81230848052327,51.35952639659352,-4.954349342922344,7.37425220293948,0.2609592217482245,0.8044323259149164,,,1.0512324893879823,,-356962.75473597005,-14.082565741965212,,,,19.43437682644304,0.739109941090734,2.0224274874950665,0.11911008617631336,,,
-25.81230848052327,51.35952639659352,-4.954349342922344,7.37425220293948,0.2609592217482245,0.8044323259149164,,,1.0512324893879823,,-9820.592633901262,-16.64633289027498,,,,19.43437682644304,0.739109941090734,2.0224274874950665,0.11911008617631336,,,
-25.81230848052327,51.35952639659352,-4.954349342922344,7.37425220293948,0.2609592217482245,0.8044323259149164,,,1.0512324893879823,,-52191.25432010231,-14.13555437159321,,,,19.43437682644304,0.739109941090734,2.0224274874950665,0.11911008617631336,,,
-25.81230848052327,51.35952639659352,-4.954349342922344,7.37425220293948,0.2609592217482245,0.8044323259149164,,,1.0512324893879823,,-2352.010645709638,-16.26937481671166,,,,19.43437682644304,0.739109941090734,2.0224274874950665,0.11911008617631336,,,
-25.81230848052327,51.35952639659352,-4.954349342922344,7.37425220293948,0.2609592217482245,0.8044323259149164,,,1.0512324893879823,,-18023.085123539957,-16.726535983480336,,,,19.43437682644304,0.739109941090734,2.0224274874950665,0.11911008617631336,,,
-25.81230848052327,51.35952639659352,-4.954349342922344,7.37425220293948,0.2609592217482245,0.8044323259149164,,,1.0512324893879823,,-19386.11050103627,-15.799366441115437,,,,19.43437682644304,0.739109941090734,2.0224274874950665,0.11911008617631336,,,
-25.81230848052327,51.35952639659352,-4.954349342922344,7.37425220293948,0.2609592217482245,0.8044323259149164,,,1.0512324893879823,,-13246.431886136319,-13.720450800316684,,,,19.43437682644304,0.739109941090734,2.0224274874950665,0.11911008617631336,,,
-25.81230848052327,51.35952639659352,-4.954349342922344,7.37425220293948,0.2609592217482245,0.8044323259149164,,,1.0512324893879823,,-25724.709361965084,-9.721763137598613,,,,19.43437682644304,0.739109941090734,2.0224274874950665,0.11911008617631336,,,
-25.81230848052327,51.35952639659352,-4.954349342922344,7.37425220293948,0.2609592217482245,0.8044323259149164,,,1.0512324893879823,,-195602.13246617824,-13.740186069205397,,,,19.43437682644304,0.739109941090734,2.0224274874950665,0.11911008617631336,,,
-25.81230848052327,51.35952639659352,-4.954349342922344,7.37425220293948,0.2609592217482245,0.8044323259149164,,,1.0512324893879823,,-104712.09606618725,-14.894428886984546,,,,19.43437682644304,0.739109941090734,2.0224274874950665,0.11911008617631336,,,
-25.81230848052327,51.35952639659352,-4.954349342922344,7.37425220293948,0.2609592217482245,0.8044323259149164,,,1.0512324893879823,,-111845.39632608935,-15.02997381576734,,,,19.43437682644304,0.739109941090734,2.0224274874950665,0.11911008617631336,,,
-25.81230848052327,51.35952639659352,-4.954349342922344,7.37425220293948,0.2609592217482245,0.8044323259149164,,,1.0512324893879823,,-1410106.387341978,-15.759431342593373,,,,19.43437682644304,0.739109941090734,2.0224274874950665,0.11911008617631336,,,
-25.81230848052327,51.35952639659352,-4.954349342922344,7.37425220293948,0.2609592217482245,0.8044323259149164,,,1.0512324893879823,,-28798.970782559394,-7.519264169946967,,,,19.43437682644304,0.739109941090734,2.0224274874950665,0.11911008617631336,,,
-3.1019873579057418,2.104233066590943,-0.8413252498615225,0.47865461390466985,0.3986795930509367,1.3028792503612674,,,0.5157141517406504,,-19950.473100112922,-15.846674472942016,,,,1.7484948153091833,6.809921928471279,11.418991518163164,2.905228243981759,,,
-3.1019873579057418,2.104233066590943,-0.8413252498615225,0.47865461390466985,0.3986795930509367,1.3028792503612674,,,0.5157141517406504,,-9044.878456530436,-16.053748052625064,,,,1.7484948153091833,6.809921928471279,11.418991518163164,2.905228243981759,,,
-3.1019873579057418,2.104233066590943,-0.8413252498615225,0.47865461390466985,0.3986795930509367,1.3028792503612674,,,0.5157141517406504,,-14866.666515462664,-15.945186463391451,,,,1.7484948153091833,6.809921928471279,11.418991518163164,2.905228243981759,,,
-3.1019873579057418,2.104233066590943,-0.8413252498615225,0.47865461390466985,0.3986795930509367,1.3028792503612674,,,0.5157141517406504,,-154142.15078236864,-12.193348073996939,,,,1.7484948153091833,6.809921928471279,11.418991518163164,2.905228243981759,,,
-1.2407240955579246,-0.42158951995382804,-0.8311229317026465,0.9453148909036859,0.9762371681931212,0.997418589699551,,,0.7289089841678985,,-52219.65978629518,-10.623095047143623,,,,1.892573190721325,2.872704874785996,4.074113169933581,1.9061266202092746,,,
-1.2407240955579246,-0.42158951995382804,-0.8311229317026465,0.9453148909036859,0.9762371681931212,0.997418589699551,,,0.7289089841678985,,-167645.71274027534,-12.660429249889289,,,,1.892573190721325,2.872704874785996,4.074113169933581,1.9061266202092746,,,
0.01758527316598714,-0.9488258064716126,-1.1935666806351013,1.1791698401456276,1.7720421079656556,1.2881981677461618,,,1.1128179230403181,,-113599.53252611095,-22.659467821662986,,,,2.3066526438439308,1.0656407184021743,1.3085821042123793,1.0102102176722922,,,
0.1937885736875148,-0.5447355159328451,-1.1066136680916505,1.1551198134713445,1.7135791722677096,1.2572269852853366,,,1.2349620716722232,,-61858.43016232613,-16.65467138273904,,,,2.399801074148304,0.9390678209960024,1.1244460669353122,0.9412662990246167,,,
0.1937885736875148,-0.5447355159328451,-1.1066136680916505,1.1551198134713445,1.7135791722677096,1.2572269852853366,,,1.2349620716722232,,-107435.76291627673,-15.340484892977765,,,,2.399801074148304,0.9390678209960024,1.1244460669353122,0.9412662990246167,,,
0.3276804788254457,-0.3891712255032165,-1.6327108958250502,1.1476520935088264,1.8379460159896133,1.419407787669718,,,1.230832313035669,,-270604.9316254414,-13.183437360347304,,,,2.3832770410375788,0.8390878422707506,1.309205881205477,1.0234278160682106,,,
0.3276804788254457,-0.3891712255032165,-1.6327108958250502,1.1476520935088264,1.8379460159896133,1.419407787669718,,,1.230832313035669,,-48584.45638982476,-11.619093829415812,,,,2.3832770410375788,0.8390878422707506,1.309205881205477,1.0234278160682106,,,
0.35110399263314096,-0.31930751307453714,-1.627346621946086,1.1796597532358235,1.8769439969196235,1.4154177747422985,,,1.2254888585639305,,-247621.99791379593,-14.110476978151112,,,,2.3983587326666553,0.8356293906085942,1.34106263965059,1.1231047829046805,,,
1.3276061579150216,1.720871626026305,-1.0192814173584315,1.0390321199278243,1.4984203452614884,1.184873553788339,,,1.7496648366881011,,-345015.67467037064,-13.924725806834665,,,,3.079428523085744,0.6319521436498649,0.7845281670770902,0.8430161103618726,,,
1.5052374426613375,1.2417937428571793,-1.4907698895716475,1.0958452760772723,1.8276507036849579,1.4335393463413935,,,1.73134389438792,,-9820.592633901262,-16.64633289027498,,,,3.332679160092973,0.58847629568215,0.7485367223133941,0.8810939016285232,,,
1.7356919966955895,1.742984831686006,-1.3213038254121152,1.0628476832669254,1.7160521848018941,1.3593485224681237,,,1.8139234929021102,,-30122.643722113273,-15.169248155694742,,,,3.4913438487648154,0.5805008345634359,0.7096299717887193,0.8498992140927415,,,
1.7356919966955895,1.742984831686006,-1.3213038254121152,1.0628476832669254,1.7160521848018941,1.3593485224681237,,,1.8139234929021102,,-2352.010645709638,-16.26937481671166,,,,3.4913438487648154,0.5805008345634359,0.7096299717887193,0.8498992140927415,,,
1.7356919966955895,1.742984831686006,-1.3213038254121152,1.0628476832669254,1.7160521848018941,1.3593485224681237,,,1.8139234929021102,,-18023.085123539957,-16.726535983480336,,,,3.4913438487648154,0.5805008345634359,0.7096299717887193,0.8498992140927415,,,
1.7356919966955895,1.742984831686006,-1.3213038254121152,1.0628476832669254,1.7160521848018941,1.3593485224681237,,,1.8139234929021102,,-19386.11050103627,-15.799366441115437,,,,3.4913438487648154,0.5805008345634359,0.7096299717887193,0.8498992140927415,,,
11.44070237877163,-27.26664992693256,-16.176998888202284,0.4417913750187047,0.3947567293581318,0.125461206886265,,,0.6257086519516971,,-13246.431886136319,-13.720450800316684,,,,9.23139260236988,3.352433177557348,1.378413683681317,10.208529316308598,,,
11.44070237877163,-27.26664992693256,-16.176998888202284,0.4417913750187047,0.3947567293581318,0.125461206886265,,,0.6257086519516971,,-25724.709361965084,-9.721763137598613,,,,9.23139260236988,3.352433177557348,1.378413683681317,10.208529316308598,,,
11.44070237877163,-27.26664992693256,-16.176998888202284,0.4417913750187047,0.3947567293581318,0.125461206886265,,,0.6257086519516971,,-195602.13246617824,-13.740186069205397,,,,9.23139260236988,3.352433177557348,1.378413683681317,10.208529316308598,,,
11.44070237877163,-27.26664992693256,-16.176998888202284,0.4417913750187047,0.3947567293581318,0.125461206886265,,,0.6257086519516971,,-104712.09606618725,-14.894428886984546,,,,9.23139260236988,3.352433177557348,1.378413683681317,10.208529316308598,,,
11.44070237877163,-27.26664992693256,-16.176998888202284,0.4417913750187047,0.3947567293581318,0.125461206886265,,,0.6257086519516971,,-111845.39632608935,-15.02997381576734,,,,9.23139260236988,3.352433177557348,1.378413683681317,10.208529316308598,,,
11.44070237877163,-27.26664992693256,-16.176998888202284,0.4417913750187047,0.3947567293581318,0.125461206886265,,,0.6257086519516971,,-1410106.387341978,-15.759431342593373,,,,9.23139260236988,3.352433177557348,1.378413683681317,10.208529316308598,,,
10.21451199546346,-16.427687522902794,-6.880794751251583,0.5186575259646611,0.3365943093039405,0.3281260259058353,,,0.7484420595327894,,-28798.970782559394,-7.519264169946967,,,,9.944118888031516,2.415135068333246,0.7816303032566441,4.9665122106578945,,,
10.21451199546346,-16.427687522902794,-6.880794751251583,0.5186575259646611,0.3365943093039405,0.3281260259058353,,,0.7484420595327894,,-19950.473100112922,-15.846674472942016,,,,9.944118888031516,2.415135068333246,0.7816303032566441,4.9665122106578945,,,
10.21451199546346,-16.427687522902794,-6.880794751251583,0.5186575259646611,0.3365943093039405,0.3281260259058353,,,0.7484420595327894,,-9044.878456530436,-16.053748052625064,,,,9.944118888031516,2.415135068333246,0.7816303032566441,4.9665122106578945,,,
10.21451199546346,-16.427687522902794,-6.880794751251583,0.5186575259646611,0.3365943093039405,0.3281260259058353,,,0.7484420595327894,,-14866.666515462664,-15.945186463391451,,,,9.944118888031516,2.415135068333246,0.7816303032566441,4.9665122106578945,,,
10.21451199546346,-16.427687522902794,-6.880794751251583,0.5186575259646611,0.3365943093039405,0.3281260259058353,,,0.7484420595327894,,-88844.53717778005,-13.157132922617835,,,,9.944118888031516,2.415135068333246,0.7816303032566441,4.9665122106578945,,,
10.21451199546346,-16.427687522902794,-6.880794751251583,0.5186575259646611,0.3365943093039405,0.3281260259058353,,,0.7484420595327894,,-52219.65978629518,-10.623095047143623,,,,9.944118888031516,2.415135068333246,0.7816303032566441,4.9665122106578945,,,
10.21451199546346,-16.427687522902794,-6.880794751251583,0.5186575259646611,0.3365943093039405,0.3281260259058353,,,0.7484420595327894,,-167645.71274027534,-12.660429249889289,,,,9.944118888031516,2.415135068333246,0.7816303032566441,4.9665122106578945,,,
10.21451199546346,-16.427687522902794,-6.880794751251583,0.5186575259646611,0.3365943093039405,0.3281260259058353,,,0.7484420595327894,,-113599.53252611095,-22.659467821662986,,,,9.944118888031516,2.415135068333246,0.7816303032566441,4.9665122106578945,,,
45.03331283035006,-39.460713143550215,-31.89932486133024,0.3328993782652032,0.07267438540630167,0.20836291061295797,,,0.5942407526543501,,-61858.43016232613,-16.65467138273904,,,,29.30630754567399,3.7222418770034102,0.3644478393280619,7.678024383974799,,,
45.03331283035006,-39.460713143550215,-31.89932486133024,0.3328993782652032,0.07267438540630167,0.20836291061295797,,,0.5942407526543501,,-107435.76291627673,-15.340484892977765,,,,29.30630754567399,3.7222418770034102,0.3644478393280619,7.678024383974799,,,
45.03331283035006,-39.460713143550215,-31.89932486133024,0.3328993782652032,0.07267438540630167,0.20836291061295797,,,0.5942407526543501,,-231263.06498001266,-13.437501792340148,,,,29.30630754567399,3.7222418770034102,0.3644478393280619,7.678024383974799,,,
45.03331283035006,-39.460713143550215,-31.89932486133024,0.3328993782652032,0.07267438540630167,0.20836291061295797,,,0.5942407526543501,,-48584.45638982476,-11.619093829415812,,,,29.30630754567399,3.7222418770034102,0.3644478393280619,7.678024383974799,,,
-0.7178705854249053,0.008756501811560765,1.7104845736805554,3.237309203633439,0.2771315880266453,2.6371621186630727,,,1.2722452068350691,,-247621.99791379593,-14.110476978151112,,,,0.9603311112962285,0.5602904631898254,0.022960486900935113,1.1085413801644775,,,
-0.7178705854249053,0.008756501811560765,1.7104845736805554,3.237309203633439,0.2771315880266453,2.6371621186630727,,,1.2722452068350691,,-345015.67467037064,-13.924725806834665,,,,0.9603311112962285,0.5602904631898254,0.022960486900935113,1.1085413801644775,,,
-0.7178705854249053,0.008756501811560765,1.7104845736805554,3.237309203633439,0.2771315880266453,2.6371621186630727,,,1.2722452068350691,,-9820.592633901262,-16.64633289027498,,,,0.9603311112962285,0.5602904631898254,0.022960486900935113,1.1085413801644775,,,
-0.7178705854249053,0.008756501811560765,1.7104845736805554,3.237309203633439,0.2771315880266453,2.6371621186630727,,,1.2722452068350691,,-30122.643722113273,-15.169248155694742,,,,0.9603311112962285,0.5602904631898254,0.022960486900935113,1.1085413801644775,,,
-0.6260738475566491,0.12074998480557969,2.402827236584595,2.523827011345554,0.8810288016408625,1.9562878588959505,,,1.2280220980863887,,-2352.010645709638,-16.26937481671166,,,,1.0732671153553275,0.5991540330630102,0.30885513822322086,2.5294928394548926,,,
-0.753270232964699,0.20307276330564766,1.266827187058685,3.2355100926522447,0.8333157560075659,1.6173428630726798,,,1.1309980495464,,-18023.085123539957,-16.726535983480336,,,,1.1415042625809517,1.1804667438797334,0.4945481081668519,2.275004146875684,,,
-0.753270232964699,0.20307276330564766,1.266827187058685,3.2355100926522447,0.8333157560075659,1.6173428630726798,,,1.1309980495464,,-19386.11050103627,-15.799366441115437,,,,1.1415042625809517,1.1804667438797334,0.4945481081668519,2.275004146875684,,,
-0.5717327909409851,0.03822744822525261,-1.0699846888138569,2.117854516864265,1.296619918020293,2.0096791597332686,,,1.1895970974102723,,-13246.431886136319,-13.720450800316684,,,,2.013120527727253,0.8693502627228055,0.6929390859607247,1.9450878994522753,,,
-0.5717327909409851,0.03822744822525261,-1.0699846888138569,2.117854516864265,1.296619918020293,2.0096791597332686,,,1.1895970974102723,,-25724.709361965084,-9.721763137598613,,,,2.013120527727253,0.8693502627228055,0.6929390859607247,1.9450878994522753,,,
-0.5717327909409851,0.03822744822525261,-1.0699846888138569,2.117854516864265,1.296619918020293,2.0096791597332686,,,1.1895970974102723,,-136819.76474192477,-14.29782497613305,,,,2.013120527727253,0.8693502627228055,0.6929390859607247,1.9450878994522753,,,
-0.5717327909409851,0.03822744822525261,-1.0699846888138569,2.117854516864265,1.296619918020293,2.0096791597332686,,,1.1895970974102723,,-104712.09606618725,-14.894428886984546,,,,2.013120527727253,0.8693502627228055,0.6929390859607247,1.9450878994522753,,,
-0.5717327909409851,0.03822744822525261,-1.0699846888138569,2.117854516864265,1.296619918020293,2.0096791597332686,,,1.1895970974102723,,-111845.39632608935,-15.02997381576734,,,,2.013120527727253,0.8693502627228055,0.6929390859607247,1.9450878994522753,,,
-0.5717327909409851,0.03822744822525261,-1.0699846888138569,2.117854516864265,1.296619918020293,2.0096791597332686,,,1.1895970974102723,,-1410106.387341978,-15.759431342593373,,,,2.013120527727253,0.8693502627228055,0.6929390859607247,1.9450878994522753,,,
-0.0467639065383598,0.5563590545902455,-1.8807220619651808,2.0167335093418832,1.4104161900644492,1.8602249585523722,,,1.0989262944109077,,-24156.362878459397,-7.647054550383977,,,,2.5623418236103266,0.9094481712401206,1.8012990681476253,4.251081124733776,,,
-0.08128260210462705,0.5045772348006894,-1.9847869915259466,2.017707195813974,1.3630661699743876,1.8780353155065068,,,1.0994735389426777,,-19950.473100112922,-15.846674472942016,,,,2.553824364618419,0.915352123127215,1.7829756857809735,4.247130915437896,,,
-0.08128260210462705,0.5045772348006894,-1.9847869915259466,2.017707195813974,1.3630661699743876,1.8780353155065068,,,1.0994735389426777,,-9044.878456530436,-16.053748052625064,,,,2.553824364618419,0.915352123127215,1.7829756857809735,4.247130915437896,,,
-0.08128260210462705,0.5045772348006894,-1.9847869915259466,2.017707195813974,1.3630661699743876,1.8780353155065068,,,1.0994735389426777,,-14866.666515462664,-15.945186463391451,,,,2.553824364618419,0.915352123127215,1.7829756857809735,4.247130915437896,,,
0.07640131591186156,0.6059811774128705,-3.1732666171490456,2.014498742815247,1.3884068129886833,1.8515130526076065,,,1.143524630497099,,-72726.89761834581,-13.494114403062309,,,,2.8575654443584377,0.9450109439762868,1.6242944612428252,3.5813482628012614,,,
-0.26455601101448656,0.7812843842182439,2.8975805719247605,0.9632430678020476,2.2019199259097997,0.46702653065258837,,,1.1252518957833872,,-52219.65978629518,-10.623095047143623,,,,1.444945012223493,0.707818818590222,1.1082330921962233,6.502555171922465,,,
-0.4736236114391637,0.37677245014244426,2.827334541382951,1.7075436752281858,1.5719377514778246,1.1773107263946612,,,1.175388193749237,,-101865.7700402567,-13.891983355617418,,,,1.2401196464416324,0.6512470466380488,0.6920704218670122,4.43414657815738,,,
-0.4736236114391637,0.37677245014244426,2.827334541382951,1.7075436752281858,1.5719377514778246,1.1773107263946612,,,1.175388193749237,,-113599.53252611095,-22.659467821662986,,,,1.2401196464416324,0.6512470466380488,0.6920704218670122,4.43414657815738,,,
-0.4736236114391637,0.37677245014244426,2.827334541382951,1.7075436752281858,1.5719377514778246,1.1773107263946612,,,1.175388193749237,,-61858.43016232613,-16.65467138273904,,,,1.2401196464416324,0.6512470466380488,0.6920704218670122,4.43414657815738,,,
-0.4736236114391637,0.37677245014244426,2.827334541382951,1.7075436752281858,1.5719377514778246,1.1773107263946612,,,1.175388193749237,,-107435.76291627673,-15.340484892977765,,,,1.2401196464416324,0.6512470466380488,0.6920704218670122,4.43414657815738,,,
-0.4736236114391637,0.37677245014244426,2.827334541382951,1.7075436752281858,1.5719377514778246,1.1773107263946612,,,1.175388193749237,,-231263.06498001266,-13.437501792340148,,,,1.2401196464416324,0.6512470466380488,0.6920704218670122,4.43414657815738,,,
-1.3044738402510487,0.3041088232984872,6.696049402257529,2.267921548911298,1.9990820547722,1.2676558924253158,,,1.0229339907976636,,-48584.45638982476,-11.619093829415812,,,,1.4712633208771497,0.65317776069695,0.8481254966070332,5.897400073409909,,,
-0.48808458430102114,0.9240041982769748,12.933472948874947,2.7489733878309215,2.8885009648886504,1.615750292185135,,,1.0503631555659074,,-247621.99791379593,-14.110476978151112,,,,1.6262889738625115,0.07752956750177822,0.6903100074440364,8.120539013581842,,,
-0.6775416068467844,1.7200935654820393,25.54106787474175,2.8678203992302524,3.1474445644835782,1.652459745192723,,,1.0606284887019064,,-345015.67467037064,-13.924725806834665,,,,2.949202034749988,0.03717697635080683,0.5007671643553907,8.549845267358867,,,
-0.6775416068467844,1.7200935654820393,25.54106787474175,2.8678203992302524,3.1474445644835782,1.652459745192723,,,1.0606284887019064,,-9820.592633901262,-16.64633289027498,,,,2.949202034749988,0.03717697635080683,0.5007671643553907,8.549845267358867,,,
-0.6775416068467844,1.7200935654820393,25.54106787474175,2.8678203992302524,3.1474445644835782,1.652459745192723,,,1.0606284887019064,,-30122.643722113273,-15.169248155694742,,,,2.949202034749988,0.03717697635080683,0.5007671643553907,8.549845267358867,,,
-0.6775416068467844,1.7200935654820393,25.54106787474175,2.8678203992302524,3.1474445644835782,1.652459745192723,,,1.0606284887019064,,-2352.010645709638,-16.26937481671166,,,,2.949202034749988,0.03717697635080683,0.5007671643553907,8.549845267358867,,,
-0.6775416068467844,1.7200935654820393,25.54106787474175,2.8678203992302524,3.1474445644835782,1.652459745192723,,,1.0606284887019064,,-18023.085123539957,-16.726535983480336,,,,2.949202034749988,0.03717697635080683,0.5007671643553907,8.549845267358867,,,
-0.6775416068467844,1.7200935654820393,25.54106787474175,2.8678203992302524,3.1474445644835782,1.652459745192723,,,1.0606284887019064,,-19386.11050103627,-15.799366441115437,,,,2.949202034749988,0.03717697635080683,0.5007671643553907,8.549845267358867,,,
-0.6775416068467844,1.7200935654820393,25.54106787474175,2.8678203992302524,3.1474445644835782,1.652459745192723,,,1.0606284887019064,,-13246.431886136319,-13.720450800316684,,,,2.949202034749988,0.03717697635080683,0.5007671643553907,8.549845267358867,,,
-0.6775416068467844,1.7200935654820393,25.54106787474175,2.8678203992302524,3.1474445644835782,1.652459745192723,,,1.0606284887019064,,-25724.709361965084,-9.721763137598613,,,,2.949202034749988,0.03717697635080683,0.5007671643553907,8.549845267358867,,,
-1.5910358401536173,1.986621543656083,15.161127014427683,2.7255870125665624,2.798413972899468,1.7242954183529475,,,1.126988813180847,,-73443.7470458159,-14.784496082080665,,,,3.1257506782014315,0.3360198733810531,0.7828620267610934,6.505206392735315,,,
-1.5910358401536173,1.986621543656083,15.161127014427683,2.7255870125665624,2.798413972899468,1.7242954183529475,,,1.126988813180847,,-104712.09606618725,-14.894428886984546,,,,3.1257506782014315,0.3360198733810531,0.7828620267610934,6.505206392735315,,,
0.9713286551909025,0.2511094591188928,-0.9567363735535562,0.354692282089244,0.8099177825311779,0.5485945427581035,,,1.6421921701896405,,-111845.39632608935,-15.02997381576734,,,,0.7722414414340195,0.5928657740413741,0.3378077285157312,2.047406461520808,,,
0.9713286551909025,0.2511094591188928,-0.9567363735535562,0.354692282089244,0.8099177825311779,0.5485945427581035,,,1.6421921701896405,,-1410106.387341978,-15.759431342593373,,,,0.7722414414340195,0.5928657740413741,0.3378077285157312,2.047406461520808,,,
0.9713286551909025,0.2511094591188928,-0.9567363735535562,0.354692282089244,0.8099177825311779,0.5485945427581035,,,1.6421921701896405,,-7066.105214527302,-7.35128753422886,,,,0.7722414414340195,0.5928657740413741,0.3378077285157312,2.047406461520808,,,
0.9577678181145625,0.22672156745049443,-1.7434136232763273,0.5125398698190713,1.1366455912111628,1.1631152649412038,,,1.52770707091722,,-19950.473100112922,-15.846674472942016,,,,1.1127185683789529,0.5902139030727647,0.45464384351973713,1.9589004152393177,,,
0.9577678181145625,0.22672156745049443,-1.7434136232763273,0.5125398698190713,1.1366455912111628,1.1631152649412038,,,1.52770707091722,,-9044.878456530436,-16.053748052625064,,,,1.1127185683789529,0.5902139030727647,0.45464384351973713,1.9589004152393177,,,
0.9423600092275958,0.46282011320378,-1.7088596311880506,0.03820540967577424,0.29949577279033734,0.908176897517001,,,1.5426967828328693,,-14866.666515462664,-15.945186463391451,,,,0.8447624951382035,0.6487182412929957,0.4876730356741412,2.517610443299489,,,
0.9423600092275958,0.46282011320378,-1.7088596311880506,0.03820540967577424,0.29949577279033734,0.908176897517001,,,1.5426967828328693,,-65201.193366636435,-13.684362003383294,,,,0.8447624951382035,0.6487182412929957,0.4876730356741412,2.517610443299489,,,
0.9423600092275958,0.46282011320378,-1.7088596311880506,0.03820540967577424,0.29949577279033734,0.908176897517001,,,1.5426967828328693,,-8083.794076784273,-12.545982859852234,,,,0.8447624951382035,0.6487182412929957,0.4876730356741412,2.517610443299489,,,
0.9423600092275958,0.46282011320378,-1.7088596311880506,0.03820540967577424,0.29949577279033734,0.908176897517001,,,1.5426967828328693,,-101700.7458690831,-13.850888510735759,,,,0.8447624951382035,0.6487182412929957,0.4876730356741412,2.517610443299489,,,
0.9423600092275958,0.46282011320378,-1.7088596311880506,0.03820540967577424,0.29949577279033734,0.908176897517001,,,1.5426967828328693,,-113599.53252611095,-22.659467821662986,,,,0.8447624951382035,0.6487182412929957,0.4876730356741412,2.517610443299489,,,
0.9423600092275958,0.46282011320378,-1.7088596311880506,0.03820540967577424,0.29949577279033734,0.908176897517001,,,1.5426967828328693,,-61858.43016232613,-16.65467138273904,,,,0.8447624951382035,0.6487182412929957,0.4876730356741412,2.517610443299489,,,
0.9423600092275958,0.46282011320378,-1.7088596311880506,0.03820540967577424,0.29949577279033734,0.908176897517001,,,1.5426967828328693,,-107435.76291627673,-15.340484892977765,,,,0.8447624951382035,0.6487182412929957,0.4876730356741412,2.517610443299489,,,
0.9423600092275958,0.46282011320378,-1.7088596311880506,0.03820540967577424,0.29949577279033734,0.908176897517001,,,1.5426967828328693,,-231263.06498001266,-13.437501792340148,,,,0.8447624951382035,0.6487182412929957,0.4876730356741412,2.517610443299489,,,
0.9423600092275958,0.46282011320378,-1.7088596311880506,0.03820540967577424,0.29949577279033734,0.908176897517001,,,1.5426967828328693,,-32024.90405925951,-12.165944696235735,,,,0.8447624951382035,0.6487182412929957,0.4876730356741412,2.517610443299489,,,
0.9423600092275958,0.46282011320378,-1.7088596311880506,0.03820540967577424,0.29949577279033734,0.908176897517001,,,1.5426967828328693,,-247621.99791379593,-14.110476978151112,,,,0.8447624951382035,0.6487182412929957,0.4876730356741412,2.517610443299489,,,
0.9423600092275958,0.46282011320378,-1.7088596311880506,0.03820540967577424,0.29949577279033734,0.908176897517001,,,1.5426967828328693,,-345015.67467037064,-13.924725806834665,,,,0.8447624951382035,0.6487182412929957,0.4876730356741412,2.517610443299489,,,
0.9423600092275958,0.46282011320378,-1.7088596311880506,0.03820540967577424,0.29949577279033734,0.908176897517001,,,1.5426967828328693,,-9306.26845179327,-17.215077984851415,,,,0.8447624951382035,0.6487182412929957,0.4876730356741412,2.517610443299489,,,
0.9423600092275958,0.46282011320378,-1.7088596311880506,0.03820540967577424,0.29949577279033734,0.908176897517001,,,1.5426967828328693,,-30122.643722113273,-15.169248155694742,,,,0.8447624951382035,0.6487182412929957,0.4876730356741412,2.517610443299489,,,
1.588955192018204,1.8416035463492524,-0.32794384171897306,3.87636067207972,3.475114071864141,0.28206713268368744,,,1.1835931346694561,,-2352.010645709638,-16.26937481671166,,,,1.4023914658447663,1.357172166813743,1.1855744576504905,1.7546767050977727,,,
1.588955192018204,1.8416035463492524,-0.32794384171897306,3.87636067207972,3.475114071864141,0.28206713268368744,,,1.1835931346694561,,-17400.676448606948,-16.734238692820302,,,,1.4023914658447663,1.357172166813743,1.1855744576504905,1.7546767050977727,,,
1.2206698323307723,1.6994152303036663,-0.8065952733139273,2.823884106566533,2.6024248593272015,0.5462184262482692,,,1.121328519578252,,-19386.11050103627,-15.799366441115437,,,,1.799075259066488,1.2190048316074484,1.5876792775673867,2.089176591930383,,,
1.2206698323307723,1.6994152303036663,-0.8065952733139273,2.823884106566533,2.6024248593272015,0.5462184262482692,,,1.121328519578252,,-13246.431886136319,-13.720450800316684,,,,1.799075259066488,1.2190048316074484,1.5876792775673867,2.089176591930383,,,
1.2206698323307723,1.6994152303036663,-0.8065952733139273,2.823884106566533,2.6024248593272015,0.5462184262482692,,,1.121328519578252,,-25724.709361965084,-9.721763137598613,,,,1.799075259066488,1.2190048316074484,1.5876792775673867,2.089176591930383,,,
1.2206698323307723,1.6994152303036663,-0.8065952733139273,2.823884106566533,2.6024248593272015,0.5462184262482692,,,1.121328519578252,,-73443.7470458159,-14.784496082080665,,,,1.799075259066488,1.2190048316074484,1.5876792775673867,2.089176591930383,,,
1.2206698323307723,1.6994152303036663,-0.8065952733139273,2.823884106566533,2.6024248593272015,0.5462184262482692,,,1.121328519578252,,-104182.21904077665,-14.887542041671272,,,,1.799075259066488,1.2190048316074484,1.5876792775673867,2.089176591930383,,,
0.045917037387954565,1.4397647903544617,2.6503888926665296,2.797948238566081,2.701471193912667,0.916515731699547,,,1.0972781860629002,,-42399.83659050478,-15.313010234498615,,,,1.7352446359630258,0.8568712537506197,1.3029884439879595,4.00262922799353,,,
0.8298589852733309,1.5000964910926777,4.144668496133738,2.8881193643343486,3.0777705428796085,1.0611001570718124,,,0.9566257740529936,,-1410106.387341978,-15.759431342593373,,,,1.8488583143862534,0.7251323260361263,1.5182169291807346,6.267838678964341,,,
0.9732520502643328,3.413318230810896,2.398909356120208,2.076319106482157,2.5508719742212884,1.2926118046057442,,,0.9214009092967228,,-6657.378289308626,-7.30363982032885,,,,2.510081004999514,0.725006777653048,3.292598293477562,6.4901790296659785,,,
0.9732520502643328,3.413318230810896,2.398909356120208,2.076319106482157,2.5508719742212884,1.2926118046057442,,,0.9214009092967228,,-19950.473100112922,-15.846674472942016,,,,2.510081004999514,0.725006777653048,3.292598293477562,6.4901790296659785,,,
1.0034110973406756,2.57511463642664,1.7371758572501685,1.986914589220233,2.860499463576421,1.3147869489096013,,,1.0820330400741331,,-8604.934222311684,-17.714222543024526,,,,2.8538292199995148,0.72276545815439,2.380683656391154,4.375986578354352,,,
1.0034110973406756,2.57511463642664,1.7371758572501685,1.986914589220233,2.860499463576421,1.3147869489096013,,,1.0820330400741331,,-14866.666515462664,-15.945186463391451,,,,2.8538292199995148,0.72276545815439,2.380683656391154,4.375986578354352,,,
1.0034110973406756,2.57511463642664,1.7371758572501685,1.986914589220233,2.860499463576421,1.3147869489096013,,,1.0820330400741331,,-65201.193366636435,-13.684362003383294,,,,2.8538292199995148,0.72276545815439,2.380683656391154,4.375986578354352,,,
1.0034110973406756,2.57511463642664,1.7371758572501685,1.986914589220233,2.860499463576421,1.3147869489096013,,,1.0820330400741331,,-8083.794076784273,-12.545982859852234,,,,2.8538292199995148,0.72276545815439,2.380683656391154,4.375986578354352,,,
1.0034110973406756,2.57511463642664,1.7371758572501685,1.986914589220233,2.860499463576421,1.3147869489096013,,,1.0820330400741331,,-101700.7458690831,-13.850888510735759,,,,2.8538292199995148,0.72276545815439,2.380683656391154,4.375986578354352,,,
1.0034110973406756,2.57511463642664,1.7371758572501685,1.986914589220233,2.860499463576421,1.3147869489096013,,,1.0820330400741331,,-113599.53252611095,-22.659467821662986,,,,2.8538292199995148,0.72276545815439,2.380683656391154,4.375986578354352,,,
1.0275986392901009,2.562469172583138,1.681159908519413,1.9654924822390158,2.8351680556307954,1.3296934825071711,,,1.083412124523582,,-61858.43016232613,-16.65467138273904,,,,2.8797692036162084,0.7287839735861875,2.373470463719575,4.342156931946208,,,
-1.7878940052068981,-0.39856523908801417,0.17650455691114653,1.7656772256230655,0.15335823218856678,0.19000580516522134,,,1.1368988351711375,,-107435.76291627673,-15.340484892977765,,,,1.0699478358307326,1.4672998877071775,0.08973418738693556,0.45649863009837005,,,
-1.7878940052068981,-0.39856523908801417,0.17650455691114653,1.7656772256230655,0.15335823218856678,0.19000580516522134,,,1.1368988351711375,,-181657.49613435948,-13.18607240694698,,,,1.0699478358307326,1.4672998877071775,0.08973418738693556,0.45649863009837005,,,
-1.9863321374974214,-0.9348684796004377,0.062369731161623546,1.3160009226285156,0.2390717243943429,0.5788356609735837,,,0.9663643969454451,,-8422.147820805592,-12.023046654199803,,,,1.237778955532139,1.998923830313267,1.2170653747761166,0.7001623745624631,,,
-1.9863321374974214,-0.9348684796004377,0.062369731161623546,1.3160009226285156,0.2390717243943429,0.5788356609735837,,,0.9663643969454451,,-247621.99791379593,-14.110476978151112,,,,1.237778955532139,1.998923830313267,1.2170653747761166,0.7001623745624631,,,
-1.9863321374974214,-0.9348684796004377,0.062369731161623546,1.3160009226285156,0.2390717243943429,0.5788356609735837,,,0.9663643969454451,,-321803.42654028354,-14.074292607594472,,,,1.237778955532139,1.998923830313267,1.2170653747761166,0.7001623745624631,,,
-1.9863321374974214,-0.9348684796004377,0.062369731161623546,1.3160009226285156,0.2390717243943429,0.5788356609735837,,,0.9663643969454451,,-9306.26845179327,-17.215077984851415,,,,1.237778955532139,1.998923830313267,1.2170653747761166,0.7001623745624631,,,
-1.9863321374974214,-0.9348684796004377,0.062369731161623546,1.3160009226285156,0.2390717243943429,0.5788356609735837,,,0.9663643969454451,,-19918.043300082096,-14.149997473870568,,,,1.237778955532139,1.998923830313267,1.2170653747761166,0.7001623745624631,,,
-1.9863321374974214,-0.9348684796004377,0.062369731161623546,1.3160009226285156,0.2390717243943429,0.5788356609735837,,,0.9663643969454451,,-2352.010645709638,-16.26937481671166,,,,1.237778955532139,1.998923830313267,1.2170653747761166,0.7001623745624631,,,
-1.9877720634768572,-0.899229373670924,0.13622554282775184,1.3458037905689224,0.29492735256602787,0.5994547325099793,,,0.9682611834281428,,-17400.676448606948,-16.734238692820302,,,,1.2517291442784704,1.953717281027249,1.2005589788119968,0.8810506863525636,,,
-0.9383830353375116,-0.11822153364548367,0.13058629935386318,1.2229433547656225,0.4575717184686029,0.6626348983522088,,,1.4104085077919863,,-17169.815473514507,-14.979165278556936,,,,1.533838758176663,1.0506566083198179,0.7886879862620156,0.7839891020879146,,,
-0.9383830353375116,-0.11822153364548367,0.13058629935386318,1.2229433547656225,0.4575717184686029,0.6626348983522088,,,1.4104085077919863,,-13246.431886136319,-13.720450800316684,,,,1.533838758176663,1.0506566083198179,0.7886879862620156,0.7839891020879146,,,
-0.23988880022078882,0.5085238472364139,0.516537339591578,1.5784846568873867,1.5758599744525488,0.9661371491955679,,,1.2682090199344742,,-11599.880814843158,-12.562169212351057,,,,1.9545728779443896,0.9395750109663638,1.3280176446822178,2.00087103730314,,,
-0.20863274521940475,0.41245197035679887,0.44027198548265883,1.5675478994613095,1.8268280943548092,1.0043729646614314,,,1.3150072694956898,,-73443.7470458159,-14.784496082080665,,,,2.102095951962247,0.9079663849679955,1.262665472465204,1.83998406079334,,,
-0.20863274521940475,0.41245197035679887,0.44027198548265883,1.5675478994613095,1.8268280943548092,1.0043729646614314,,,1.3150072694956898,,-77840.53032296624,-13.39512509561003,,,,2.102095951962247,0.9079663849679955,1.262665472465204,1.83998406079334,,,
-0.20863274521940475,0.41245197035679887,0.44027198548265883,1.5675478994613095,1.8268280943548092,1.0043729646614314,,,1.3150072694956898,,-33737.33926687798,-13.78625113779453,,,,2.102095951962247,0.9079663849679955,1.262665472465204,1.83998406079334,,,
-0.16638798943007596,0.5208560782232684,0.0996263550663371,1.397592944202565,1.6789279975699962,1.0825864058844312,,,1.2515332208443455,,-1410106.387341978,-15.759431342593373,,,,2.3942723923577094,0.8933572371549189,1.5996142511058367,2.255257629541525,,,
-0.07114092866479563,-0.15957587757467656,1.0806288636480406,1.1167350961448128,1.677640845552965,1.1533336696067265,,,1.2237372589644258,,-6657.378289308626,-7.30363982032885,,,,3.0412285138484587,0.8882678878554351,1.7190035990570334,2.5552733539103407,,,
0.437542252932015,-6.489794987144561,9.676043350766191,0.442884577312858,1.7207859568947548,1.170752730318743,,,1.1586844414243604,,-19950.473100112922,-15.846674472942016,,,,7.536174280881992,0.871439708281652,2.0922064278331174,3.313184356356635,,,
-1.7757942580554522,-5.498374336750981,-8.467724658978485,0.0747825984582915,0.3229335063531895,1.236189816873058,,,0.9394210193297367,,-8604.934222311684,-17.714222543024526,,,,6.888926513103773,0.6461190397269212,3.2549339715449617,3.4761196944077355,,,
-1.7757942580554522,-5.498374336750981,-8.467724658978485,0.0747825984582915,0.3229335063531895,1.236189816873058,,,0.9394210193297367,,-14866.666515462664,-15.945186463391451,,,,6.888926513103773,0.6461190397269212,3.2549339715449617,3.4761196944077355,,,
-1.7757942580554522,-5.498374336750981,-8.467724658978485,0.0747825984582915,0.3229335063531895,1.236189816873058,,,0.9394210193297367,,-65201.193366636435,-13.684362003383294,,,,6.888926513103773,0.6461190397269212,3.2549339715449617,3.4761196944077355,,,
-1.7757942580554522,-5.498374336750981,-8.467724658978485,0.0747825984582915,0.3229335063531895,1.236189816873058,,,0.9394210193297367,,-8083.794076784273,-12.545982859852234,,,,6.888926513103773,0.6461190397269212,3.2549339715449617,3.4761196944077355,,,
-1.7757942580554522,-5.498374336750981,-8.467724658978485,0.0747825984582915,0.3229335063531895,1.236189816873058,,,0.9394210193297367,,-101700.7458690831,-13.850888510735759,,,,6.888926513103773,0.6461190397269212,3.2549339715449617,3.4761196944077355,,,
-0.34264898349612843,-2.771869982666327,-8.736004768199846,0.619602757190143,0.6972120806294496,1.3083954288559618,,,0.9256888900675104,,-92837.07970752005,-18.969398203941733,,,,6.458504593252161,0.7608548595416768,3.863742554837725,6.043261876212664,,,
-0.34264898349612843,-2.771869982666327,-8.736004768199846,0.619602757190143,0.6972120806294496,1.3083954288559618,,,0.9256888900675104,,-61858.43016232613,-16.65467138273904,,,,6.458504593252161,0.7608548595416768,3.863742554837725,6.043261876212664,,,
-0.34264898349612843,-2.771869982666327,-8.736004768199846,0.619602757190143,0.6972120806294496,1.3083954288559618,,,0.9256888900675104,,-107435.76291627673,-15.340484892977765,,,,6.458504593252161,0.7608548595416768,3.863742554837725,6.043261876212664,,,
-0.34264898349612843,-2.771869982666327,-8.736004768199846,0.619602757190143,0.6972120806294496,1.3083954288559618,,,0.9256888900675104,,-141990.34425658046,-13.078653042284923,,,,6.458504593252161,0.7608548595416768,3.863742554837725,6.043261876212664,,,
-0.34264898349612843,-2.771869982666327,-8.736004768199846,0.619602757190143,0.6972120806294496,1.3083954288559618,,,0.9256888900675104,,-8422.147820805592,-12.023046654199803,,,,6.458504593252161,0.7608548595416768,3.863742554837725,6.043261876212664,,,
-0.34264898349612843,-2.771869982666327,-8.736004768199846,0.619602757190143,0.6972120806294496,1.3083954288559618,,,0.9256888900675104,,-168828.88051264337,-12.457809442849738,,,,6.458504593252161,0.7608548595416768,3.863742554837725,6.043261876212664,,,
-0.34264898349612843,-2.771869982666327,-8.736004768199846,0.619602757190143,0.6972120806294496,1.3083954288559618,,,0.9256888900675104,,-264294.2553442488,-13.770045234467384,,,,6.458504593252161,0.7608548595416768,3.863742554837725,6.043261876212664,,,
-0.34264898349612843,-2.771869982666327,-8.736004768199846,0.619602757190143,0.6972120806294496,1.3083954288559618,,,0.9256888900675104,,-9306.26845179327,-17.215077984851415,,,,6.458504593252161,0.7608548595416768,3.863742554837725,6.043261876212664,,,
-0.34264898349612843,-2.771869982666327,-8.736004768199846,0.619602757190143,0.6972120806294496,1.3083954288559618,,,0.9256888900675104,,-19918.043300082096,-14.149997473870568,,,,6.458504593252161,0.7608548595416768,3.863742554837725,6.043261876212664,,,
0.3932730744967487,2.3679658620820203,-9.372507662311985,0.6127929702486637,0.9959706108448543,1.4437521426598345,,,0.9022598327370871,,-2352.010645709638,-16.26937481671166,,,,6.684676535255192,0.7500582596114895,4.904695155310988,6.328614855016388,,,
1.6352544123970314,7.964261899994282,-43.84800588356816,0.3386249091787852,0.7573810227636726,1.5699245599163147,,,0.7424766678273478,,-17400.676448606948,-16.734238692820302,,,,17.87403107431177,0.607818792903837,8.185339255491744,10.371854865474324,,,
1.6352544123970314,7.964261899994282,-43.84800588356816,0.3386249091787852,0.7573810227636726,1.5699245599163147,,,0.7424766678273478,,-17169.815473514507,-14.979165278556936,,,,17.87403107431177,0.607818792903837,8.185339255491744,10.371854865474324,,,
1.6352544123970314,7.964261899994282,-43.84800588356816,0.3386249091787852,0.7573810227636726,1.5699245599163147,,,0.7424766678273478,,-13069.918164464149,-13.682855078918426,,,,17.87403107431177,0.607818792903837,8.185339255491744,10.371854865474324,,,
0.7473282797514026,-0.032925256526877694,-0.22796795730532302,0.38615044361965806,1.145726827356016,0.3238686227101668,,,2.8004314330739084,,-11599.880814843158,-12.562169212351057,,,,1.0702058816332767,0.23208776558037275,0.1351617648166871,0.4383597558326258,,,
0.7473282797514026,-0.032925256526877694,-0.22796795730532302,0.38615044361965806,1.145726827356016,0.3238686227101668,,,2.8004314330739084,,-73443.7470458159,-14.784496082080665,,,,1.0702058816332767,0.23208776558037275,0.1351617648166871,0.4383597558326258,,,
0.65851188594829,-0.013875026940667456,-0.12919937299726333,0.5345788871381254,1.1936019205263957,0.4197334115200919,,,2.6677113002819053,,-67893.8646776414,-13.25025573382183,,,,1.0869342390789425,0.24122782740669607,0.14730554830684509,0.5254906873217251,,,
0.36740689793379133,0.05790840605282058,0.32098981685026573,0.9652338362783139,1.3325082199231586,0.6978785215180727,,,2.238530797153526,,-33737.33926687798,-13.78625113779453,,,,1.1385709254636562,0.2827313713978114,0.20244850706132553,0.9211381694459604,,,
0.36740689793379133,0.05790840605282058,0.32098981685026573,0.9652338362783139,1.3325082199231586,0.6978785215180727,,,2.238530797153526,,-1410106.387341978,-15.759431342593373,,,,1.1385709254636562,0.2827313713978114,0.20244850706132553,0.9211381694459604,,,
0.3911395786159648,0.015602693938232591,0.25541171399761625,1.1268813087406448,2.1186103939634036,0.8629779241323956,,,2.1175975658484907,,-6657.378289308626,-7.30363982032885,,,,1.457554463114294,0.36183271383465093,0.32012333846518765,0.9212111747265535,,,
0.33303889219019256,0.09201012536511244,-0.18796472262098374,2.0580015705274395,1.8045687400513377,0.8063477514832872,,,1.904979734326918,,-19950.473100112922,-15.846674472942016,,,,1.4465688246185486,0.5500208455985512,0.37709252787817643,0.9006671764296753,,,
0.4087306832774351,0.20221230349837852,-0.24014302192442405,2.1752444354093186,1.9267061864425497,0.7665266223998755,,,1.8071809486851198,,-8604.934222311684,-17.714222543024526,,,,1.491299647556822,0.5894486355386994,0.4484406633631985,0.9707141440048108,,,
0.4087306832774351,0.20221230349837852,-0.24014302192442405,2.1752444354093186,1.9267061864425497,0.7665266223998755,,,1.8071809486851198,,-14866.666515462664,-15.945186463391451,,,,1.491299647556822,0.5894486355386994,0.4484406633631985,0.9707141440048108,,,
0.4584464520025609,0.16853391028833903,-0.2178634007204753,2.084047397033937,1.8219445984605804,0.7661927189995114,,,1.76708127120854,,-65201.193366636435,-13.684362003383294,,,,1.5755198113257125,0.6069936979570822,0.4446746747463966,0.9568927905680545,,,
0.4584464520025609,0.16853391028833903,-0.2178634007204753,2.084047397033937,1.8219445984605804,0.7661927189995114,,,1.76708127120854,,-8083.794076784273,-12.545982859852234,,,,1.5755198113257125,0.6069936979570822,0.4446746747463966,0.9568927905680545,,,
0.6510928632658233,0.47103600969077924,-0.19220739100914133,1.896680076167201,1.6926686109075775,0.7802249134911681,,,1.856107844027871,,-81463.12138638605,-13.762023199073203,,,,1.7593581708070665,0.5938489283104036,0.4712892848181243,0.9047032167896752,,,
0.6510928632658233,0.47103600969077924,-0.19220739100914133,1.896680076167201,1.6926686109075775,0.7802249134911681,,,1.856107844027871,,-92837.07970752005,-18.969398203941733,,,,1.7593581708070665,0.5938489283104036,0.4712892848181243,0.9047032167896752,,,
0.6510928632658233,0.47103600969077924,-0.19220739100914133,1.896680076167201,1.6926686109075775,0.7802249134911681,,,1.856107844027871,,-61858.43016232613,-16.65467138273904,,,,1.7593581708070665,0.5938489283104036,0.4712892848181243,0.9047032167896752,,,
0.6510928632658233,0.47103600969077924,-0.19220739100914133,1.896680076167201,1.6926686109075775,0.7802249134911681,,,1.856107844027871,,-105863.98533722063,-15.301069269081436,,,,1.7593581708070665,0.5938489283104036,0.4712892848181243,0.9047032167896752,,,
0.6510928632658233,0.47103600969077924,-0.19220739100914133,1.896680076167201,1.6926686109075775,0.7802249134911681,,,1.856107844027871,,-65346.00069368974,-13.218311814598861,,,,1.7593581708070665,0.5938489283104036,0.4712892848181243,0.9047032167896752,,,
0.9526357209256804,0.2459170599122803,-0.07240388303667404,1.6020826926688723,1.3851715405932343,0.782275093346483,,,1.6956174999696514,,-8422.147820805592,-12.023046654199803,,,,2.2373130220757353,0.6651228467899846,0.449704687499712,0.8455965495594193,,,
0.9526357209256804,0.2459170599122803,-0.07240388303667404,1.6020826926688723,1.3851715405932343,0.782275093346483,,,1.6956174999696514,,-168828.88051264337,-12.457809442849738,,,,2.2373130220757353,0.6651228467899846,0.449704687499712,0.8455965495594193,,,
