{
    "n": 500,
    "active_prop": 0.5,
    "noise_constant": 1.0,
    "seed": 86,
    "active_indices": [
        5,
        6,
        29,
        8,
        21,
        15,
        7,
        10,
        18,
        27,
        9,
        19,
        2,
        28,
        14
    ],
    "gp_features": [
        19,
        14,
        28
    ],
    "lengthscales": [
        2.231549244037451,
        0.5631434739869238,
        1.5108890298408348
    ],
    "beta": [
        0.0,
        0.0,
        4.180153011767128,
        0.0,
        0.0,
        3.089796204130126,
        -0.9371933679583089,
        4.663004752430442,
        -1.751289779197669,
        -4.434380115051369,
        4.360097324406468,
        0.0,
        0.0,
        0.0,
        2.3722839666548854,
        0.81155061020044,
        0.0,
        0.0,
        -3.2719461225523503,
        2.9912303181557744,
        0.0,
        2.465730194942699,
        0.0,
        0.0,
        0.0,
        0.0,
        0.0,
        3.273795537860453,
        1.1424273365095603,
        3.412080754528988
    ]
}