{
    "n": 100,
    "active_prop": 0.3,
    "noise": 1.0,
    "seed": 41,
    "active_indices": [
        17,
        22,
        29,
        7,
        6,
        4,
        12,
        27,
        8
    ],
    "gp_features": [
        29,
        22,
        17
    ],
    "lengthscales": [
        0.4229853838109753,
        0.5713731085684005,
        1.5966482069073833
    ],
    "beta": [
        0.0,
        0.0,
        0.0,
        0.0,
        2.9371310003766737,
        0.0,
        -2.7719534464336837,
        3.5350981798549146,
        3.6653033914028263,
        0.0,
        0.0,
        0.0,
        1.6321190410218067,
        0.0,
        0.0,
        0.0,
        0.0,
        4.890218063057038,
        0.0,
        0.0,
        0.0,
        0.0,
        2.220467131437963,
        0.0,
        0.0,
        0.0,
        0.0,
        -1.5862771202874661,
        0.0,
        -4.129681254335855
    ]
}