{
    "n": 1000,
    "active_prop": 0.3,
    "noise": 1.0,
    "seed": 134,
    "active_indices": [
        19,
        10,
        20,
        11,
        4,
        12,
        26,
        0,
        23
    ],
    "gp_features": [
        12,
        19,
        10
    ],
    "lengthscales": [
        1.5252780669013717,
        1.1985006260004125,
        0.4255035993786107
    ],
    "beta": [
        2.2283197715080627,
        0.0,
        0.0,
        0.0,
        -1.7427403993225687,
        0.0,
        0.0,
        0.0,
        0.0,
        0.0,
        1.4106337163621108,
        -2.999039769045674,
        0.5825891105368166,
        0.0,
        0.0,
        0.0,
        0.0,
        0.0,
        0.0,
        2.0245353574102465,
        -0.7336596000118654,
        0.0,
        0.0,
        -3.7674193968692316,
        0.0,
        0.0,
        -2.4397364827793266,
        0.0,
        0.0,
        0.0
    ]
}