{
    "n": 500,
    "active_prop": 0.2,
    "noise_constant": 1.0,
    "seed": 72,
    "active_indices": [
        26,
        7,
        19,
        9,
        16,
        4
    ],
    "gp_features": [
        19,
        16,
        9
    ],
    "lengthscales": [
        1.0073105500883655,
        1.48235087458217,
        0.8773972213539565
    ],
    "beta": [
        0.0,
        0.0,
        0.0,
        0.0,
        -2.609901888503363,
        0.0,
        0.0,
        4.374481946836649,
        0.0,
        -0.8695725282788604,
        0.0,
        0.0,
        0.0,
        0.0,
        0.0,
        0.0,
        2.160126128008666,
        0.0,
        0.0,
        2.0780637495391208,
        0.0,
        0.0,
        0.0,
        0.0,
        0.0,
        0.0,
        -3.5316677053165035,
        0.0,
        0.0,
        0.0
    ]
}