{
    "n": 100,
    "active_prop": 0.2,
    "noise": 0.1,
    "seed": 18,
    "active_indices": [
        11,
        1,
        29,
        12,
        24,
        15
    ],
    "gp_features": [
        11,
        12,
        24
    ],
    "lengthscales": [
        1.403886680927033,
        0.7235662432572703,
        0.8555119636412177
    ],
    "beta": [
        0.0,
        -1.3097354063563795,
        0.0,
        0.0,
        0.0,
        0.0,
        0.0,
        0.0,
        0.0,
        0.0,
        0.0,
        -4.290513577883419,
        3.012577867716722,
        0.0,
        0.0,
        -2.9680492186599086,
        0.0,
        0.0,
        0.0,
        0.0,
        0.0,
        0.0,
        0.0,
        0.0,
        -3.816522017058721,
        0.0,
        0.0,
        0.0,
        0.0,
        -3.559712369129524
    ]
}