beta0,beta1,beta2,ell0,ell1,ell2,inv_sigma_gp,inv_sigma_noise,lambda,lambda2,log_likelihood,log_prior,nu0,nu1,nu2,sigma_noise,tau_sq0,tau_sq1,tau_sq2,zeta0,zeta1,zeta2
0.8820455371825602,1.132932487614288,-0.5652253722193347,1.4277263611876307,1.5391172798151949,1.04753740303357,,,1.6573819980790954,,-543295.8731193787,-15.337905183606466,,,,1.2403606318467264,0.5689098355456683,0.7510247326881654,0.05551383624976199,,,
0.8820455371825602,1.132932487614288,-0.5652253722193347,1.4277263611876307,1.5391172798151949,1.04753740303357,,,1.6573819980790954,,-16979.135283048334,-16.454817889117304,,,,1.2403606318467264,0.5689098355456683,0.7510247326881654,0.05551383624976199,,,
0.8820455371825602,1.132932487614288,-0.5652253722193347,1.4277263611876307,1.5391172798151949,1.04753740303357,,,1.6573819980790954,,-163632.85671495457,-11.377989841588114,,,,1.2403606318467264,0.5689098355456683,0.7510247326881654,0.05551383624976199,,,
0.8820455371825602,1.132932487614288,-0.5652253722193347,1.4277263611876307,1.5391172798151949,1.04753740303357,,,1.6573819980790954,,-6564.927065438187,-12.072654229122575,,,,1.2403606318467264,0.5689098355456683,0.7510247326881654,0.05551383624976199,,,
0.5614088972519906,0.548158276178947,-1.3515921558604325,1.1984307959570162,2.0785411663107,0.942510896051906,,,1.55328152110509,,-21154.16557037152,-16.736916426448758,,,,1.2496707645936056,0.6728157990103424,0.7692656093282949,0.781587756915925,,,
0.5614088972519906,0.548158276178947,-1.3515921558604325,1.1984307959570162,2.0785411663107,0.942510896051906,,,1.55328152110509,,-45717.85104497308,-16.258136038110585,,,,1.2496707645936056,0.6728157990103424,0.7692656093282949,0.781587756915925,,,
-1.1703481237568567,1.3351028838895413,1.990906583716951,0.8971464450392945,3.748379257403453,0.9749551634873853,,,1.8016405214963338,,-19007.35447665201,-14.08660105322675,,,,1.588448975629064,0.32957451005466937,0.6426641769907722,1.2456253695555533,,,
-1.1703481237568567,1.3351028838895413,1.990906583716951,0.8971464450392945,3.748379257403453,0.9749551634873853,,,1.8016405214963338,,-207997.56684068553,-9.350941303916159,,,,1.588448975629064,0.32957451005466937,0.6426641769907722,1.2456253695555533,,,
-1.2064905711931542,1.6822104638126294,0.6431701549765444,2.4514390598004283,2.541467854854298,0.915162125962298,,,1.5889094317287498,,-429726.061826196,-19.88443445630529,,,,1.9215941744192202,0.5600330031074872,0.7849502934838332,1.1527039322661323,,,
-1.0577350340045517,1.9844821424831367,1.259089422030288,1.958462479782758,2.557613698865849,0.9452863729050163,,,1.6349979452417363,,-374243.1464165249,-14.273993699771934,,,,2.072058011656867,0.5123475318689522,0.8282113423635895,1.4188079051202713,,,
-1.0577350340045517,1.9844821424831367,1.259089422030288,1.958462479782758,2.557613698865849,0.9452863729050163,,,1.6349979452417363,,-247376.7835047436,-12.99959132911158,,,,2.072058011656867,0.5123475318689522,0.8282113423635895,1.4188079051202713,,,
-0.4209209144332316,-1.0067480078577267,0.5208099212558327,1.3507048459279405,1.656099922837523,0.6445982072604257,,,1.3417934058070575,,-1991271.177172505,-14.860828496873012,,,,3.0613620940031097,0.7911818168786582,0.8207177456618598,2.5204788971596748,,,
-0.7756803484998791,-1.261755092891711,-1.9746747889019036,1.2539644756836004,1.5104499677986032,0.9425183261140653,,,1.2535549085101407,,-15747.712596383108,-11.291634080708556,,,,3.729400602668472,0.8319374230612583,0.8529206902720909,2.6685241523933487,,,
-0.7756803484998791,-1.261755092891711,-1.9746747889019036,1.2539644756836004,1.5104499677986032,0.9425183261140653,,,1.2535549085101407,,-33732.074745519785,-12.511180977256044,,,,3.729400602668472,0.8319374230612583,0.8529206902720909,2.6685241523933487,,,
-0.32771622274986106,-0.7917764765976615,-1.4009540020115885,1.2053383604893555,1.2140472698034432,1.166312206938054,,,1.3338989602467601,,-845511.1556276834,-16.552619580329758,,,,4.215692409591197,0.767138061200831,0.850932317030309,2.312701828684249,,,
-0.32771622274986106,-0.7917764765976615,-1.4009540020115885,1.2053383604893555,1.2140472698034432,1.166312206938054,,,1.3338989602467601,,-22046.76690135134,-15.424393879832149,,,,4.215692409591197,0.767138061200831,0.850932317030309,2.312701828684249,,,
-0.32771622274986106,-0.7917764765976615,-1.4009540020115885,1.2053383604893555,1.2140472698034432,1.166312206938054,,,1.3338989602467601,,-1611303.1128763242,-11.593241938493797,,,,4.215692409591197,0.767138061200831,0.850932317030309,2.312701828684249,,,
-0.6781419065728093,-0.9177355499115346,-6.688444192277292,1.2847244565956086,1.3056471292107432,1.5769279672198089,,,1.2709411229400476,,-121020.63548281475,-12.771404199674663,,,,6.114332627764573,0.7426190699051138,0.8926337895650072,2.1550611743163537,,,
-0.8986469037806981,-1.145833655503885,-7.854108393774694,1.281343928217034,1.2597479494654542,1.5913118892261335,,,1.253995303868772,,-372821.45477025793,-12.045575122435817,,,,6.982193627697166,0.7515260292785487,0.9098800346230212,2.2675399267004437,,,
-0.8986469037806981,-1.145833655503885,-7.854108393774694,1.281343928217034,1.2597479494654542,1.5913118892261335,,,1.253995303868772,,-683490.3117712401,-15.636520815932029,,,,6.982193627697166,0.7515260292785487,0.9098800346230212,2.2675399267004437,,,
-2.2019870991563333,-3.6364257631008545,-18.93942246032329,0.9119762421854625,1.4594753002023735,1.869763079135626,,,1.2130921114660258,,-287960.03554167936,-16.35989047594111,,,,13.726986025329884,0.6605669859083291,0.9486790248041009,2.6682547444654423,,,
-2.861492530396163,-4.606277125904464,-21.047698288549693,0.9529415990182271,1.4477444375335968,1.897304089494185,,,1.2344356519232849,,-937696.7980082482,-14.905047106168482,,,,14.715643740345316,0.6626354059645988,0.7037301336039246,2.5593057407999025,,,
-3.7344054798344235,0.02840789197534413,-17.5480928536977,1.828162195356402,1.3148936971019745,1.7837548391472002,,,1.2273289760894623,,-2728313.3102305643,-13.252739100343021,,,,14.55901311756768,0.6706042410150043,0.9144229690961544,2.172210155689078,,,
2.294996816062774,-0.12575078186152863,-6.223360534295001,1.0544221314845141,4.258345828776619,3.0521306518446494,,,1.8923161431608932,,-746995.5752677408,-14.200330473440914,,,,6.091950048226099,0.22345854371231896,0.6521509038879278,0.6770060377647429,,,
2.294996816062774,-0.12575078186152863,-6.223360534295001,1.0544221314845141,4.258345828776619,3.0521306518446494,,,1.8923161431608932,,-381024.2268207861,-11.459087892558118,,,,6.091950048226099,0.22345854371231896,0.6521509038879278,0.6770060377647429,,,
2.294996816062774,-0.12575078186152863,-6.223360534295001,1.0544221314845141,4.258345828776619,3.0521306518446494,,,1.8923161431608932,,-543295.8731193787,-15.337905183606466,,,,6.091950048226099,0.22345854371231896,0.6521509038879278,0.6770060377647429,,,
-0.09206517994639868,4.891009711829531,-7.231247228366535,3.272715046504072,2.7416063459373223,2.1952007713791852,,,1.6059285402789327,,-16979.135283048334,-16.454817889117304,,,,8.057684544611403,0.3137449567665204,0.9262202605908477,0.782479729284575,,,
-0.09206517994639868,4.891009711829531,-7.231247228366535,3.272715046504072,2.7416063459373223,2.1952007713791852,,,1.6059285402789327,,-163632.85671495457,-11.377989841588114,,,,8.057684544611403,0.3137449567665204,0.9262202605908477,0.782479729284575,,,
-0.09206517994639868,4.891009711829531,-7.231247228366535,3.272715046504072,2.7416063459373223,2.1952007713791852,,,1.6059285402789327,,-6564.927065438187,-12.072654229122575,,,,8.057684544611403,0.3137449567665204,0.9262202605908477,0.782479729284575,,,
-0.5204432456765069,11.374724141448645,-9.420853043786693,4.335184478996675,3.3659152472111407,2.484493670529824,,,1.8242696603490896,,-21154.16557037152,-16.736916426448758,,,,12.026590405333511,0.2447339637942142,0.8235364770784753,0.6666867397548848,,,
-0.5204432456765069,11.374724141448645,-9.420853043786693,4.335184478996675,3.3659152472111407,2.484493670529824,,,1.8242696603490896,,-45717.85104497308,-16.258136038110585,,,,12.026590405333511,0.2447339637942142,0.8235364770784753,0.6666867397548848,,,
-0.5204432456765069,11.374724141448645,-9.420853043786693,4.335184478996675,3.3659152472111407,2.484493670529824,,,1.8242696603490896,,-19007.35447665201,-14.08660105322675,,,,12.026590405333511,0.2447339637942142,0.8235364770784753,0.6666867397548848,,,
-0.5204432456765069,11.374724141448645,-9.420853043786693,4.335184478996675,3.3659152472111407,2.484493670529824,,,1.8242696603490896,,-207997.56684068553,-9.350941303916159,,,,12.026590405333511,0.2447339637942142,0.8235364770784753,0.6666867397548848,,,
-0.5204432456765069,11.374724141448645,-9.420853043786693,4.335184478996675,3.3659152472111407,2.484493670529824,,,1.8242696603490896,,-429726.061826196,-19.88443445630529,,,,12.026590405333511,0.2447339637942142,0.8235364770784753,0.6666867397548848,,,
-0.5204432456765069,11.374724141448645,-9.420853043786693,4.335184478996675,3.3659152472111407,2.484493670529824,,,1.8242696603490896,,-374243.1464165249,-14.273993699771934,,,,12.026590405333511,0.2447339637942142,0.8235364770784753,0.6666867397548848,,,
-0.5204432456765069,11.374724141448645,-9.420853043786693,4.335184478996675,3.3659152472111407,2.484493670529824,,,1.8242696603490896,,-124809.10820314345,-13.641140183053693,,,,12.026590405333511,0.2447339637942142,0.8235364770784753,0.6666867397548848,,,
-0.5204432456765069,11.374724141448645,-9.420853043786693,4.335184478996675,3.3659152472111407,2.484493670529824,,,1.8242696603490896,,-1806122.7648959856,-15.023859546086197,,,,12.026590405333511,0.2447339637942142,0.8235364770784753,0.6666867397548848,,,
-0.5204432456765069,11.374724141448645,-9.420853043786693,4.335184478996675,3.3659152472111407,2.484493670529824,,,1.8242696603490896,,-15747.712596383108,-11.291634080708556,,,,12.026590405333511,0.2447339637942142,0.8235364770784753,0.6666867397548848,,,
-0.5204432456765069,11.374724141448645,-9.420853043786693,4.335184478996675,3.3659152472111407,2.484493670529824,,,1.8242696603490896,,-33732.074745519785,-12.511180977256044,,,,12.026590405333511,0.2447339637942142,0.8235364770784753,0.6666867397548848,,,
-0.5204432456765069,11.374724141448645,-9.420853043786693,4.335184478996675,3.3659152472111407,2.484493670529824,,,1.8242696603490896,,-623594.3291150802,-15.209170076740454,,,,12.026590405333511,0.2447339637942142,0.8235364770784753,0.6666867397548848,,,
-0.5204432456765069,11.374724141448645,-9.420853043786693,4.335184478996675,3.3659152472111407,2.484493670529824,,,1.8242696603490896,,-22046.76690135134,-15.424393879832149,,,,12.026590405333511,0.2447339637942142,0.8235364770784753,0.6666867397548848,,,
-0.5204432456765069,11.374724141448645,-9.420853043786693,4.335184478996675,3.3659152472111407,2.484493670529824,,,1.8242696603490896,,-1611303.1128763242,-11.593241938493797,,,,12.026590405333511,0.2447339637942142,0.8235364770784753,0.6666867397548848,,,
-0.3571163550591557,59.21625273232642,-16.975162277044728,6.960848283278931,5.176778371037955,3.252443088587923,,,2.1993826919181325,,-121020.63548281475,-12.771404199674663,,,,31.746625053278084,0.10308520264354668,0.7994033881994341,0.2192470773003713,,,
-0.3571163550591557,59.21625273232642,-16.975162277044728,6.960848283278931,5.176778371037955,3.252443088587923,,,2.1993826919181325,,-372821.45477025793,-12.045575122435817,,,,31.746625053278084,0.10308520264354668,0.7994033881994341,0.2192470773003713,,,
-0.3571163550591557,59.21625273232642,-16.975162277044728,6.960848283278931,5.176778371037955,3.252443088587923,,,2.1993826919181325,,-683490.3117712401,-15.636520815932029,,,,31.746625053278084,0.10308520264354668,0.7994033881994341,0.2192470773003713,,,
-0.3571163550591557,59.21625273232642,-16.975162277044728,6.960848283278931,5.176778371037955,3.252443088587923,,,2.1993826919181325,,-287960.03554167936,-16.35989047594111,,,,31.746625053278084,0.10308520264354668,0.7994033881994341,0.2192470773003713,,,
0.1683138813716699,-0.2409233038407859,-0.49455920533385567,2.136922528285363,2.5645552268634857,1.0094005904490244,,,1.2031747160086381,,-451061.2831278277,-14.277195679946441,,,,1.9520227127686665,0.6601626004352831,0.5864061893113133,0.4367978606941427,,,
0.1683138813716699,-0.2409233038407859,-0.49455920533385567,2.136922528285363,2.5645552268634857,1.0094005904490244,,,1.2031747160086381,,-2728313.3102305643,-13.252739100343021,,,,1.9520227127686665,0.6601626004352831,0.5864061893113133,0.4367978606941427,,,
0.891661993130107,1.0300548286762763,-0.5569095581077443,1.5335660000978177,1.9067002889520948,0.9596094989505466,,,1.7252891145172753,,-518957.1136391696,-14.494516121683862,,,,2.2502968767051947,0.5597321904140108,0.5667576152967341,0.7422390241219731,,,
0.891661993130107,1.0300548286762763,-0.5569095581077443,1.5335660000978177,1.9067002889520948,0.9596094989505466,,,1.7252891145172753,,-319568.5861321742,-11.40346786433482,,,,2.2502968767051947,0.5597321904140108,0.5667576152967341,0.7422390241219731,,,
3.030330716503755,5.1943105912439345,-0.6763137215412288,1.7289020509423292,0.8816623010077884,0.5938955678719865,,,1.767805656492304,,-543295.8731193787,-15.337905183606466,,,,4.383985264342389,0.42122295218252737,0.6904642073598328,0.853845815827815,,,
3.030330716503755,5.1943105912439345,-0.6763137215412288,1.7289020509423292,0.8816623010077884,0.5938955678719865,,,1.767805656492304,,-16979.135283048334,-16.454817889117304,,,,4.383985264342389,0.42122295218252737,0.6904642073598328,0.853845815827815,,,
3.030330716503755,5.1943105912439345,-0.6763137215412288,1.7289020509423292,0.8816623010077884,0.5938955678719865,,,1.767805656492304,,-116352.70973553427,-12.825342995025105,,,,4.383985264342389,0.42122295218252737,0.6904642073598328,0.853845815827815,,,
3.030330716503755,5.1943105912439345,-0.6763137215412288,1.7289020509423292,0.8816623010077884,0.5938955678719865,,,1.767805656492304,,-6564.927065438187,-12.072654229122575,,,,4.383985264342389,0.42122295218252737,0.6904642073598328,0.853845815827815,,,
3.030330716503755,5.1943105912439345,-0.6763137215412288,1.7289020509423292,0.8816623010077884,0.5938955678719865,,,1.767805656492304,,-21154.16557037152,-16.736916426448758,,,,4.383985264342389,0.42122295218252737,0.6904642073598328,0.853845815827815,,,
3.030330716503755,5.1943105912439345,-0.6763137215412288,1.7289020509423292,0.8816623010077884,0.5938955678719865,,,1.767805656492304,,-39483.86069565205,-16.55854087477718,,,,4.383985264342389,0.42122295218252737,0.6904642073598328,0.853845815827815,,,
3.030330716503755,5.1943105912439345,-0.6763137215412288,1.7289020509423292,0.8816623010077884,0.5938955678719865,,,1.767805656492304,,-19007.35447665201,-14.08660105322675,,,,4.383985264342389,0.42122295218252737,0.6904642073598328,0.853845815827815,,,
3.030330716503755,5.1943105912439345,-0.6763137215412288,1.7289020509423292,0.8816623010077884,0.5938955678719865,,,1.767805656492304,,-207997.56684068553,-9.350941303916159,,,,4.383985264342389,0.42122295218252737,0.6904642073598328,0.853845815827815,,,
3.030330716503755,5.1943105912439345,-0.6763137215412288,1.7289020509423292,0.8816623010077884,0.5938955678719865,,,1.767805656492304,,-231294.9575629432,-16.099823629806814,,,,4.383985264342389,0.42122295218252737,0.6904642073598328,0.853845815827815,,,
3.030330716503755,5.1943105912439345,-0.6763137215412288,1.7289020509423292,0.8816623010077884,0.5938955678719865,,,1.767805656492304,,-320390.4638707974,-13.881960819810494,,,,4.383985264342389,0.42122295218252737,0.6904642073598328,0.853845815827815,,,
3.030330716503755,5.1943105912439345,-0.6763137215412288,1.7289020509423292,0.8816623010077884,0.5938955678719865,,,1.767805656492304,,-124809.10820314345,-13.641140183053693,,,,4.383985264342389,0.42122295218252737,0.6904642073598328,0.853845815827815,,,
3.030330716503755,5.1943105912439345,-0.6763137215412288,1.7289020509423292,0.8816623010077884,0.5938955678719865,,,1.767805656492304,,-1806122.7648959856,-15.023859546086197,,,,4.383985264342389,0.42122295218252737,0.6904642073598328,0.853845815827815,,,
3.030330716503755,5.1943105912439345,-0.6763137215412288,1.7289020509423292,0.8816623010077884,0.5938955678719865,,,1.767805656492304,,-15747.712596383108,-11.291634080708556,,,,4.383985264342389,0.42122295218252737,0.6904642073598328,0.853845815827815,,,
3.030330716503755,5.1943105912439345,-0.6763137215412288,1.7289020509423292,0.8816623010077884,0.5938955678719865,,,1.767805656492304,,-33732.074745519785,-12.511180977256044,,,,4.383985264342389,0.42122295218252737,0.6904642073598328,0.853845815827815,,,
3.030330716503755,5.1943105912439345,-0.6763137215412288,1.7289020509423292,0.8816623010077884,0.5938955678719865,,,1.767805656492304,,-623594.3291150802,-15.209170076740454,,,,4.383985264342389,0.42122295218252737,0.6904642073598328,0.853845815827815,,,
3.030330716503755,5.1943105912439345,-0.6763137215412288,1.7289020509423292,0.8816623010077884,0.5938955678719865,,,1.767805656492304,,-19098.146206152513,-15.45127288554336,,,,4.383985264342389,0.42122295218252737,0.6904642073598328,0.853845815827815,,,
3.6033957077047356,4.881076185369963,-1.3766189227000927,1.3548912690352855,1.1594926641830434,1.206195404119053,,,1.6697504201943931,,-549533.873897167,-11.392130765673762,,,,5.5413898490746405,0.47318889896751165,0.7430576739807532,0.7669723150233502,,,
3.6033957077047356,4.881076185369963,-1.3766189227000927,1.3548912690352855,1.1594926641830434,1.206195404119053,,,1.6697504201943931,,-36458.23227904122,-14.860354406959253,,,,5.5413898490746405,0.47318889896751165,0.7430576739807532,0.7669723150233502,,,
3.6033957077047356,4.881076185369963,-1.3766189227000927,1.3548912690352855,1.1594926641830434,1.206195404119053,,,1.6697504201943931,,-372821.45477025793,-12.045575122435817,,,,5.5413898490746405,0.47318889896751165,0.7430576739807532,0.7669723150233502,,,
-22.91431962069368,-15.8848998131968,-166.48333286234043,0.8546108839614779,0.909192886271551,2.172361350385967,,,0.7912180586429831,,-433572.1382026403,-14.86318609479554,,,,37.601265684970976,1.3157934233675808,1.2352383500164001,4.426137196860255,,,
-22.91431962069368,-15.8848998131968,-166.48333286234043,0.8546108839614779,0.909192886271551,2.172361350385967,,,0.7912180586429831,,-287960.03554167936,-16.35989047594111,,,,37.601265684970976,1.3157934233675808,1.2352383500164001,4.426137196860255,,,
-22.91431962069368,-15.8848998131968,-166.48333286234043,0.8546108839614779,0.909192886271551,2.172361350385967,,,0.7912180586429831,,-431084.79256567854,-14.023017425640466,,,,37.601265684970976,1.3157934233675808,1.2352383500164001,4.426137196860255,,,
-22.91431962069368,-15.8848998131968,-166.48333286234043,0.8546108839614779,0.909192886271551,2.172361350385967,,,0.7912180586429831,,-2728313.3102305643,-13.252739100343021,,,,37.601265684970976,1.3157934233675808,1.2352383500164001,4.426137196860255,,,
-22.91431962069368,-15.8848998131968,-166.48333286234043,0.8546108839614779,0.909192886271551,2.172361350385967,,,0.7912180586429831,,-518957.1136391696,-14.494516121683862,,,,37.601265684970976,1.3157934233675808,1.2352383500164001,4.426137196860255,,,
-22.91431962069368,-15.8848998131968,-166.48333286234043,0.8546108839614779,0.909192886271551,2.172361350385967,,,0.7912180586429831,,-319568.5861321742,-11.40346786433482,,,,37.601265684970976,1.3157934233675808,1.2352383500164001,4.426137196860255,,,
-22.91431962069368,-15.8848998131968,-166.48333286234043,0.8546108839614779,0.909192886271551,2.172361350385967,,,0.7912180586429831,,-543295.8731193787,-15.337905183606466,,,,37.601265684970976,1.3157934233675808,1.2352383500164001,4.426137196860255,,,
-22.91431962069368,-15.8848998131968,-166.48333286234043,0.8546108839614779,0.909192886271551,2.172361350385967,,,0.7912180586429831,,-16076.573340902014,-15.864727053318601,,,,37.601265684970976,1.3157934233675808,1.2352383500164001,4.426137196860255,,,
-22.91431962069368,-15.8848998131968,-166.48333286234043,0.8546108839614779,0.909192886271551,2.172361350385967,,,0.7912180586429831,,-116352.70973553427,-12.825342995025105,,,,37.601265684970976,1.3157934233675808,1.2352383500164001,4.426137196860255,,,
-22.91431962069368,-15.8848998131968,-166.48333286234043,0.8546108839614779,0.909192886271551,2.172361350385967,,,0.7912180586429831,,-6564.927065438187,-12.072654229122575,,,,37.601265684970976,1.3157934233675808,1.2352383500164001,4.426137196860255,,,
-22.91431962069368,-15.8848998131968,-166.48333286234043,0.8546108839614779,0.909192886271551,2.172361350385967,,,0.7912180586429831,,-21154.16557037152,-16.736916426448758,,,,37.601265684970976,1.3157934233675808,1.2352383500164001,4.426137196860255,,,
-22.91431962069368,-15.8848998131968,-166.48333286234043,0.8546108839614779,0.909192886271551,2.172361350385967,,,0.7912180586429831,,-39483.86069565205,-16.55854087477718,,,,37.601265684970976,1.3157934233675808,1.2352383500164001,4.426137196860255,,,
-22.91431962069368,-15.8848998131968,-166.48333286234043,0.8546108839614779,0.909192886271551,2.172361350385967,,,0.7912180586429831,,-19007.35447665201,-14.08660105322675,,,,37.601265684970976,1.3157934233675808,1.2352383500164001,4.426137196860255,,,
-22.91431962069368,-15.8848998131968,-166.48333286234043,0.8546108839614779,0.909192886271551,2.172361350385967,,,0.7912180586429831,,-207997.56684068553,-9.350941303916159,,,,37.601265684970976,1.3157934233675808,1.2352383500164001,4.426137196860255,,,
-5.65124323357862,-9.055998452996548,-73.12205242754064,0.77110418155358,1.0321217440643191,2.1716812236237826,,,0.9612663287547826,,-194701.1215162819,-23.880705418876246,,,,25.74508638268846,1.0434854492124601,1.1021595402554252,2.7407418585725307,,,
-3.4128418549666657,-1.8601902145484541,-45.63948480032999,1.4105613165877395,1.45084432681708,2.227805141832097,,,1.164190130897196,,-320390.4638707974,-13.881960819810494,,,,21.37128904638669,0.691596295736265,0.9794124335142805,1.827018988133611,,,
-3.4128418549666657,-1.8601902145484541,-45.63948480032999,1.4105613165877395,1.45084432681708,2.227805141832097,,,1.164190130897196,,-124809.10820314345,-13.641140183053693,,,,21.37128904638669,0.691596295736265,0.9794124335142805,1.827018988133611,,,
-3.4128418549666657,-1.8601902145484541,-45.63948480032999,1.4105613165877395,1.45084432681708,2.227805141832097,,,1.164190130897196,,-1806122.7648959856,-15.023859546086197,,,,21.37128904638669,0.691596295736265,0.9794124335142805,1.827018988133611,,,
-3.4128418549666657,-1.8601902145484541,-45.63948480032999,1.4105613165877395,1.45084432681708,2.227805141832097,,,1.164190130897196,,-15747.712596383108,-11.291634080708556,,,,21.37128904638669,0.691596295736265,0.9794124335142805,1.827018988133611,,,
-3.4128418549666657,-1.8601902145484541,-45.63948480032999,1.4105613165877395,1.45084432681708,2.227805141832097,,,1.164190130897196,,-33732.074745519785,-12.511180977256044,,,,21.37128904638669,0.691596295736265,0.9794124335142805,1.827018988133611,,,
-3.4128418549666657,-1.8601902145484541,-45.63948480032999,1.4105613165877395,1.45084432681708,2.227805141832097,,,1.164190130897196,,-623594.3291150802,-15.209170076740454,,,,21.37128904638669,0.691596295736265,0.9794124335142805,1.827018988133611,,,
-3.4128418549666657,-1.8601902145484541,-45.63948480032999,1.4105613165877395,1.45084432681708,2.227805141832097,,,1.164190130897196,,-19098.146206152513,-15.45127288554336,,,,21.37128904638669,0.691596295736265,0.9794124335142805,1.827018988133611,,,
-3.4128418549666657,-1.8601902145484541,-45.63948480032999,1.4105613165877395,1.45084432681708,2.227805141832097,,,1.164190130897196,,-468996.0475168292,-11.197701332895221,,,,21.37128904638669,0.691596295736265,0.9794124335142805,1.827018988133611,,,
3.686479146337936,3.2143295789000543,-5.8005925928603705,1.958672371627461,1.6097821279992974,1.438672364522167,,,0.8801515799189147,,-31366.210266821836,-15.038427109384788,,,,5.654598274656978,1.1371630193874698,5.526483174978046,13.355757425370754,,,
3.686479146337936,3.2143295789000543,-5.8005925928603705,1.958672371627461,1.6097821279992974,1.438672364522167,,,0.8801515799189147,,-167602.322084513,-11.174865003600894,,,,5.654598274656978,1.1371630193874698,5.526483174978046,13.355757425370754,,,
3.686479146337936,3.2143295789000543,-5.8005925928603705,1.958672371627461,1.6097821279992974,1.438672364522167,,,0.8801515799189147,,-213437.82889547228,-14.337879395038904,,,,5.654598274656978,1.1371630193874698,5.526483174978046,13.355757425370754,,,
3.686479146337936,3.2143295789000543,-5.8005925928603705,1.958672371627461,1.6097821279992974,1.438672364522167,,,0.8801515799189147,,-287960.03554167936,-16.35989047594111,,,,5.654598274656978,1.1371630193874698,5.526483174978046,13.355757425370754,,,
3.6481503850136545,0.6163875799289246,-5.145923924455008,1.573522269318619,1.7432637103207185,1.5536332667630544,,,1.1095762194688468,,-431084.79256567854,-14.023017425640466,,,,6.372735072503947,0.7933411562408506,2.597177565472559,5.82317928231847,,,
3.6481503850136545,0.6163875799289246,-5.145923924455008,1.573522269318619,1.7432637103207185,1.5536332667630544,,,1.1095762194688468,,-2728313.3102305643,-13.252739100343021,,,,6.372735072503947,0.7933411562408506,2.597177565472559,5.82317928231847,,,
3.6481503850136545,0.6163875799289246,-5.145923924455008,1.573522269318619,1.7432637103207185,1.5536332667630544,,,1.1095762194688468,,-518957.1136391696,-14.494516121683862,,,,6.372735072503947,0.7933411562408506,2.597177565472559,5.82317928231847,,,
3.7811191355620095,-2.351319817464234,-6.900037389717986,1.933577896043604,1.7735842188995532,1.5801150776402326,,,1.161873773451911,,-301804.4374734369,-11.447860979592864,,,,6.456273151042008,0.8212474633745709,1.7153789777740658,5.9211135442137826,,,
3.7811191355620095,-2.351319817464234,-6.900037389717986,1.933577896043604,1.7735842188995532,1.5801150776402326,,,1.161873773451911,,-526480.1858255244,-14.166478535490679,,,,6.456273151042008,0.8212474633745709,1.7153789777740658,5.9211135442137826,,,
3.7811191355620095,-2.351319817464234,-6.900037389717986,1.933577896043604,1.7735842188995532,1.5801150776402326,,,1.161873773451911,,-16076.573340902014,-15.864727053318601,,,,6.456273151042008,0.8212474633745709,1.7153789777740658,5.9211135442137826,,,
11.037545893900806,-4.594291256226171,-5.1014518972035106,2.74584676407133,1.8941137706197388,1.6335263876045332,,,1.240340681969707,,-20151.94458887638,-12.945230391159331,,,,9.791673292354659,0.8713292621015385,1.8335607078469616,7.900978904872123,,,
11.037545893900806,-4.594291256226171,-5.1014518972035106,2.74584676407133,1.8941137706197388,1.6335263876045332,,,1.240340681969707,,-6564.927065438187,-12.072654229122575,,,,9.791673292354659,0.8713292621015385,1.8335607078469616,7.900978904872123,,,
11.037545893900806,-4.594291256226171,-5.1014518972035106,2.74584676407133,1.8941137706197388,1.6335263876045332,,,1.240340681969707,,-18602.502482015225,-14.84330317589362,,,,9.791673292354659,0.8713292621015385,1.8335607078469616,7.900978904872123,,,
9.107501540275464,-1.303734650693248,-0.045354352187114956,2.4114420780218815,2.027304156849013,1.549031895170599,,,1.3378871364729563,,-39483.86069565205,-16.55854087477718,,,,10.65454192459199,0.7457175715050396,1.5850405441172863,6.3939137075162344,,,
13.544883688179265,-3.6780458997471484,-2.257396094092,2.5505122938544327,1.9888648415921173,1.5760615934057312,,,1.2706192227302064,,-19007.35447665201,-14.08660105322675,,,,13.329956578908002,0.8138990374959547,1.7840183023625487,7.411906170212036,,,
13.544883688179265,-3.6780458997471484,-2.257396094092,2.5505122938544327,1.9888648415921173,1.5760615934057312,,,1.2706192227302064,,-63662.625714626614,-10.20213805965152,,,,13.329956578908002,0.8138990374959547,1.7840183023625487,7.411906170212036,,,
13.544883688179265,-3.6780458997471484,-2.257396094092,2.5505122938544327,1.9888648415921173,1.5760615934057312,,,1.2706192227302064,,-194701.1215162819,-23.880705418876246,,,,13.329956578908002,0.8138990374959547,1.7840183023625487,7.411906170212036,,,
17.501233500896614,-8.270943180865684,-3.414518186006703,2.8898402357153814,2.0338250304818195,1.6056011474908374,,,1.3304617102794782,,-307744.09087913396,-13.147240510592573,,,,15.961777839913921,0.8249329726911675,1.2727756859373247,7.3676152390553415,,,
17.501233500896614,-8.270943180865684,-3.414518186006703,2.8898402357153814,2.0338250304818195,1.6056011474908374,,,1.3304617102794782,,-124809.10820314345,-13.641140183053693,,,,15.961777839913921,0.8249329726911675,1.2727756859373247,7.3676152390553415,,,
17.501233500896614,-8.270943180865684,-3.414518186006703,2.8898402357153814,2.0338250304818195,1.6056011474908374,,,1.3304617102794782,,-1806122.7648959856,-15.023859546086197,,,,15.961777839913921,0.8249329726911675,1.2727756859373247,7.3676152390553415,,,
17.501233500896614,-8.270943180865684,-3.414518186006703,2.8898402357153814,2.0338250304818195,1.6056011474908374,,,1.3304617102794782,,-15747.712596383108,-11.291634080708556,,,,15.961777839913921,0.8249329726911675,1.2727756859373247,7.3676152390553415,,,
17.501233500896614,-8.270943180865684,-3.414518186006703,2.8898402357153814,2.0338250304818195,1.6056011474908374,,,1.3304617102794782,,-33732.074745519785,-12.511180977256044,,,,15.961777839913921,0.8249329726911675,1.2727756859373247,7.3676152390553415,,,
17.501233500896614,-8.270943180865684,-3.414518186006703,2.8898402357153814,2.0338250304818195,1.6056011474908374,,,1.3304617102794782,,-351281.0346299467,-14.05886522255361,,,,15.961777839913921,0.8249329726911675,1.2727756859373247,7.3676152390553415,,,
2.456429989684217,3.8589247548829197,-0.3882786158088939,0.6249488250516366,0.9160119192234927,0.8846272309444064,,,2.297648907990219,,-19098.146206152513,-15.45127288554336,,,,2.922885463636382,0.5182594989232273,0.558643745721096,0.868370811662672,,,
2.456429989684217,3.8589247548829197,-0.3882786158088939,0.6249488250516366,0.9160119192234927,0.8846272309444064,,,2.297648907990219,,-468996.0475168292,-11.197701332895221,,,,2.922885463636382,0.5182594989232273,0.558643745721096,0.868370811662672,,,
2.594698881529096,4.109955373978433,-0.37023084458085154,0.5640108801916286,0.8495697311315666,0.8795984185482459,,,2.3310118217414537,,-31366.210266821836,-15.038427109384788,,,,2.98267461875718,0.5167357833892706,0.5583456404217173,0.87300492044831,,,
2.594698881529096,4.109955373978433,-0.37023084458085154,0.5640108801916286,0.8495697311315666,0.8795984185482459,,,2.3310118217414537,,-166347.33223236844,-11.187592824159243,,,,2.98267461875718,0.5167357833892706,0.5583456404217173,0.87300492044831,,,
2.594698881529096,4.109955373978433,-0.37023084458085154,0.5640108801916286,0.8495697311315666,0.8795984185482459,,,2.3310118217414537,,-143403.89558596257,-14.88320444124865,,,,2.98267461875718,0.5167357833892706,0.5583456404217173,0.87300492044831,,,
2.583438747123923,4.090480753410528,-0.36400244447081903,0.529312436518188,0.8486137944259357,0.8881086077577178,,,2.345714912148303,,-287960.03554167936,-16.35989047594111,,,,2.954543925895768,0.5183516478970952,0.5561104883437953,0.8733290498534048,,,
2.583438747123923,4.090480753410528,-0.36400244447081903,0.529312436518188,0.8486137944259357,0.8881086077577178,,,2.345714912148303,,-431084.79256567854,-14.023017425640466,,,,2.954543925895768,0.5183516478970952,0.5561104883437953,0.8733290498534048,,,
2.583438747123923,4.090480753410528,-0.36400244447081903,0.529312436518188,0.8486137944259357,0.8881086077577178,,,2.345714912148303,,-1864046.1169739957,-12.390366092451751,,,,2.954543925895768,0.5183516478970952,0.5561104883437953,0.8733290498534048,,,
2.583438747123923,4.090480753410528,-0.36400244447081903,0.529312436518188,0.8486137944259357,0.8881086077577178,,,2.345714912148303,,-471671.41090177884,-14.377159711638074,,,,2.954543925895768,0.5183516478970952,0.5561104883437953,0.8733290498534048,,,
2.583438747123923,4.090480753410528,-0.36400244447081903,0.529312436518188,0.8486137944259357,0.8881086077577178,,,2.345714912148303,,-301804.4374734369,-11.447860979592864,,,,2.954543925895768,0.5183516478970952,0.5561104883437953,0.8733290498534048,,,
2.583438747123923,4.090480753410528,-0.36400244447081903,0.529312436518188,0.8486137944259357,0.8881086077577178,,,2.345714912148303,,-526480.1858255244,-14.166478535490679,,,,2.954543925895768,0.5183516478970952,0.5561104883437953,0.8733290498534048,,,
2.583438747123923,4.090480753410528,-0.36400244447081903,0.529312436518188,0.8486137944259357,0.8881086077577178,,,2.345714912148303,,-16076.573340902014,-15.864727053318601,,,,2.954543925895768,0.5183516478970952,0.5561104883437953,0.8733290498534048,,,
2.583438747123923,4.090480753410528,-0.36400244447081903,0.529312436518188,0.8486137944259357,0.8881086077577178,,,2.345714912148303,,-20151.94458887638,-12.945230391159331,,,,2.954543925895768,0.5183516478970952,0.5561104883437953,0.8733290498534048,,,
2.583438747123923,4.090480753410528,-0.36400244447081903,0.529312436518188,0.8486137944259357,0.8881086077577178,,,2.345714912148303,,-6564.927065438187,-12.072654229122575,,,,2.954543925895768,0.5183516478970952,0.5561104883437953,0.8733290498534048,,,
2.583438747123923,4.090480753410528,-0.36400244447081903,0.529312436518188,0.8486137944259357,0.8881086077577178,,,2.345714912148303,,-18602.502482015225,-14.84330317589362,,,,2.954543925895768,0.5183516478970952,0.5561104883437953,0.8733290498534048,,,
2.583438747123923,4.090480753410528,-0.36400244447081903,0.529312436518188,0.8486137944259357,0.8881086077577178,,,2.345714912148303,,-39369.09553949654,-16.677564461767247,,,,2.954543925895768,0.5183516478970952,0.5561104883437953,0.8733290498534048,,,
2.583438747123923,4.090480753410528,-0.36400244447081903,0.529312436518188,0.8486137944259357,0.8881086077577178,,,2.345714912148303,,-19007.35447665201,-14.08660105322675,,,,2.954543925895768,0.5183516478970952,0.5561104883437953,0.8733290498534048,,,
2.583438747123923,4.090480753410528,-0.36400244447081903,0.529312436518188,0.8486137944259357,0.8881086077577178,,,2.345714912148303,,-56275.97807531311,-10.46515819577243,,,,2.954543925895768,0.5183516478970952,0.5561104883437953,0.8733290498534048,,,
2.583438747123923,4.090480753410528,-0.36400244447081903,0.529312436518188,0.8486137944259357,0.8881086077577178,,,2.345714912148303,,-104216.11749311125,-28.502793384790362,,,,2.954543925895768,0.5183516478970952,0.5561104883437953,0.8733290498534048,,,
2.583438747123923,4.090480753410528,-0.36400244447081903,0.529312436518188,0.8486137944259357,0.8881086077577178,,,2.345714912148303,,-294556.51199044817,-13.20889371248947,,,,2.954543925895768,0.5183516478970952,0.5561104883437953,0.8733290498534048,,,
2.583438747123923,4.090480753410528,-0.36400244447081903,0.529312436518188,0.8486137944259357,0.8881086077577178,,,2.345714912148303,,-124809.10820314345,-13.641140183053693,,,,2.954543925895768,0.5183516478970952,0.5561104883437953,0.8733290498534048,,,
2.583438747123923,4.090480753410528,-0.36400244447081903,0.529312436518188,0.8486137944259357,0.8881086077577178,,,2.345714912148303,,-1806122.7648959856,-15.023859546086197,,,,2.954543925895768,0.5183516478970952,0.5561104883437953,0.8733290498534048,,,
4.2571936901461465,7.655260282479102,-0.05181300446323808,0.5603749524933658,0.8399450469602601,0.927478549798104,,,2.4159607960343044,,-15747.712596383108,-11.291634080708556,,,,5.258782025488253,0.5115391101665769,0.5601024243829495,0.7768206206123094,,,
2.9984873096766322,23.148500184952916,0.7856595952027888,0.2262166039519186,1.6298062611020008,1.454539984570734,,,0.8869328284333339,,-33732.074745519785,-12.511180977256044,,,,6.078434659203782,0.6141422556241624,8.259601358192143,5.194299510435616,,,
2.9984873096766322,23.148500184952916,0.7856595952027888,0.2262166039519186,1.6298062611020008,1.454539984570734,,,0.8869328284333339,,-351281.0346299467,-14.05886522255361,,,,6.078434659203782,0.6141422556241624,8.259601358192143,5.194299510435616,,,
2.9984873096766322,23.148500184952916,0.7856595952027888,0.2262166039519186,1.6298062611020008,1.454539984570734,,,0.8869328284333339,,-19098.146206152513,-15.45127288554336,,,,6.078434659203782,0.6141422556241624,8.259601358192143,5.194299510435616,,,
2.9984873096766322,23.148500184952916,0.7856595952027888,0.2262166039519186,1.6298062611020008,1.454539984570734,,,0.8869328284333339,,-194431.74434477167,-10.47018945091068,,,,6.078434659203782,0.6141422556241624,8.259601358192143,5.194299510435616,,,
2.9984873096766322,23.148500184952916,0.7856595952027888,0.2262166039519186,1.6298062611020008,1.454539984570734,,,0.8869328284333339,,-31366.210266821836,-15.038427109384788,,,,6.078434659203782,0.6141422556241624,8.259601358192143,5.194299510435616,,,
2.9984873096766322,23.148500184952916,0.7856595952027888,0.2262166039519186,1.6298062611020008,1.454539984570734,,,0.8869328284333339,,-145453.44157141185,-11.8838900717807,,,,6.078434659203782,0.6141422556241624,8.259601358192143,5.194299510435616,,,
2.9984873096766322,23.148500184952916,0.7856595952027888,0.2262166039519186,1.6298062611020008,1.454539984570734,,,0.8869328284333339,,-116942.55022171888,-16.197170087926978,,,,6.078434659203782,0.6141422556241624,8.259601358192143,5.194299510435616,,,
3.228331448654382,27.105595606130883,1.0525884912335675,0.1883302492075467,1.668478575610067,1.4576192961262122,,,0.8531844464033893,,-287960.03554167936,-16.35989047594111,,,,6.456666278108209,0.6025571543738771,9.235143779130635,5.59443070315697,,,
3.228331448654382,27.105595606130883,1.0525884912335675,0.1883302492075467,1.668478575610067,1.4576192961262122,,,0.8531844464033893,,-423325.20243396313,-14.053376431539236,,,,6.456666278108209,0.6025571543738771,9.235143779130635,5.59443070315697,,,
3.228331448654382,27.105595606130883,1.0525884912335675,0.1883302492075467,1.668478575610067,1.4576192961262122,,,0.8531844464033893,,-1864046.1169739957,-12.390366092451751,,,,6.456666278108209,0.6025571543738771,9.235143779130635,5.59443070315697,,,
3.228331448654382,27.105595606130883,1.0525884912335675,0.1883302492075467,1.668478575610067,1.4576192961262122,,,0.8531844464033893,,-471671.41090177884,-14.377159711638074,,,,6.456666278108209,0.6025571543738771,9.235143779130635,5.59443070315697,,,
3.228331448654382,27.105595606130883,1.0525884912335675,0.1883302492075467,1.668478575610067,1.4576192961262122,,,0.8531844464033893,,-301804.4374734369,-11.447860979592864,,,,6.456666278108209,0.6025571543738771,9.235143779130635,5.59443070315697,,,
3.228331448654382,27.105595606130883,1.0525884912335675,0.1883302492075467,1.668478575610067,1.4576192961262122,,,0.8531844464033893,,-280590.62556195725,-16.77240072981004,,,,6.456666278108209,0.6025571543738771,9.235143779130635,5.59443070315697,,,
3.137236807247483,25.96402550747879,-0.6432109980370178,0.22188871787895914,1.6302357336464421,1.493618614708952,,,0.8501714135626729,,-8890.809510557803,-18.091548079889222,,,,6.737752989860329,0.6336712906570215,8.886156832455988,5.543465202727616,,,
3.137236807247483,25.96402550747879,-0.6432109980370178,0.22188871787895914,1.6302357336464421,1.493618614708952,,,0.8501714135626729,,-20151.94458887638,-12.945230391159331,,,,6.737752989860329,0.6336712906570215,8.886156832455988,5.543465202727616,,,
3.137236807247483,25.96402550747879,-0.6432109980370178,0.22188871787895914,1.6302357336464421,1.493618614708952,,,0.8501714135626729,,-6564.927065438187,-12.072654229122575,,,,6.737752989860329,0.6336712906570215,8.886156832455988,5.543465202727616,,,
2.556973875428853,36.24503136357228,0.979121252313067,0.1664086108981328,1.6729764672646228,1.3685179431511705,,,0.7216971137720076,,-18602.502482015225,-14.84330317589362,,,,6.1756822621218035,0.5504292819830608,13.991536723874296,8.469490848464954,,,
2.556973875428853,36.24503136357228,0.979121252313067,0.1664086108981328,1.6729764672646228,1.3685179431511705,,,0.7216971137720076,,-39369.09553949654,-16.677564461767247,,,,6.1756822621218035,0.5504292819830608,13.991536723874296,8.469490848464954,,,
2.556973875428853,36.24503136357228,0.979121252313067,0.1664086108981328,1.6729764672646228,1.3685179431511705,,,0.7216971137720076,,-19007.35447665201,-14.08660105322675,,,,6.1756822621218035,0.5504292819830608,13.991536723874296,8.469490848464954,,,
2.556973875428853,36.24503136357228,0.979121252313067,0.1664086108981328,1.6729764672646228,1.3685179431511705,,,0.7216971137720076,,-56275.97807531311,-10.46515819577243,,,,6.1756822621218035,0.5504292819830608,13.991536723874296,8.469490848464954,,,
2.556973875428853,36.24503136357228,0.979121252313067,0.1664086108981328,1.6729764672646228,1.3685179431511705,,,0.7216971137720076,,-53282.12639491703,-18.04735353836254,,,,6.1756822621218035,0.5504292819830608,13.991536723874296,8.469490848464954,,,
2.556973875428853,36.24503136357228,0.979121252313067,0.1664086108981328,1.6729764672646228,1.3685179431511705,,,0.7216971137720076,,-294556.51199044817,-13.20889371248947,,,,6.1756822621218035,0.5504292819830608,13.991536723874296,8.469490848464954,,,
2.556973875428853,36.24503136357228,0.979121252313067,0.1664086108981328,1.6729764672646228,1.3685179431511705,,,0.7216971137720076,,-124809.10820314345,-13.641140183053693,,,,6.1756822621218035,0.5504292819830608,13.991536723874296,8.469490848464954,,,
0.6941882379387333,-1.5271732166048033,-0.020879124385877683,0.9883546097106091,1.8901337576926402,0.45057655801007584,,,0.8305175516048107,,-1806122.7648959856,-15.023859546086197,,,,2.257268101265192,0.5475029554847198,2.5522997384869286,0.0002784889098863201,,,
0.6941882379387333,-1.5271732166048033,-0.020879124385877683,0.9883546097106091,1.8901337576926402,0.45057655801007584,,,0.8305175516048107,,-15747.712596383108,-11.291634080708556,,,,2.257268101265192,0.5475029554847198,2.5522997384869286,0.0002784889098863201,,,
0.6941882379387333,-1.5271732166048033,-0.020879124385877683,0.9883546097106091,1.8901337576926402,0.45057655801007584,,,0.8305175516048107,,-33732.074745519785,-12.511180977256044,,,,2.257268101265192,0.5475029554847198,2.5522997384869286,0.0002784889098863201,,,
0.6941882379387333,-1.5271732166048033,-0.020879124385877683,0.9883546097106091,1.8901337576926402,0.45057655801007584,,,0.8305175516048107,,-351281.0346299467,-14.05886522255361,,,,2.257268101265192,0.5475029554847198,2.5522997384869286,0.0002784889098863201,,,
-0.05639991712983794,-2.243436223181567,-6.864139341213018,0.9274950817956377,1.4437606810283246,1.2340675894452793,,,0.8128700941169449,,-19098.146206152513,-15.45127288554336,,,,3.9444019026860655,0.8787337428218852,1.9844789741910642,1.9083858073791353,,,
0.6155784099711774,-2.1159455046230624,-7.140335551673508,0.7728658507536106,1.2726905757322577,1.5145330748211674,,,0.9037803835038852,,-194431.74434477167,-10.47018945091068,,,,4.53577979573006,0.9753029055351882,1.9105746404722015,1.8925024855981152,,,
0.6155784099711774,-2.1159455046230624,-7.140335551673508,0.7728658507536106,1.2726905757322577,1.5145330748211674,,,0.9037803835038852,,-31366.210266821836,-15.038427109384788,,,,4.53577979573006,0.9753029055351882,1.9105746404722015,1.8925024855981152,,,
0.6155784099711774,-2.1159455046230624,-7.140335551673508,0.7728658507536106,1.2726905757322577,1.5145330748211674,,,0.9037803835038852,,-133204.15478429073,-12.237756701940743,,,,4.53577979573006,0.9753029055351882,1.9105746404722015,1.8925024855981152,,,
-0.600243354152878,-0.9418407282592693,-4.735574704749868,0.7616981762635875,1.5996933523961716,1.503057303524099,,,1.0382703746472708,,-116942.55022171888,-16.197170087926978,,,,4.328873270504955,0.7181319042704132,1.4720495550670236,1.8446840068435821,,,
-0.600243354152878,-0.9418407282592693,-4.735574704749868,0.7616981762635875,1.5996933523961716,1.503057303524099,,,1.0382703746472708,,-287960.03554167936,-16.35989047594111,,,,4.328873270504955,0.7181319042704132,1.4720495550670236,1.8446840068435821,,,
1.2206001719928976,-0.9992439613597672,-5.988727190121283,0.5080296759427494,1.17764785595524,1.9763817051961587,,,1.109002558563294,,-340743.30552290956,-13.48408637926286,,,,5.834462401803474,0.9304900934408428,1.6200349772234086,1.8537982173290855,,,
1.2206001719928976,-0.9992439613597672,-5.988727190121283,0.5080296759427494,1.17764785595524,1.9763817051961587,,,1.109002558563294,,-825913.5288924814,-11.379821644332202,,,,5.834462401803474,0.9304900934408428,1.6200349772234086,1.8537982173290855,,,
2.265662470274033,-1.0266419261219832,-6.630415641718142,0.4197498550935065,1.037298011749271,2.1343776752487003,,,1.1320196758523917,,-309919.0676028657,-12.496610441457591,,,,6.618274627684435,0.9883254205428982,1.6603617466290042,1.8546159942114169,,,
2.265662470274033,-1.0266419261219832,-6.630415641718142,0.4197498550935065,1.037298011749271,2.1343776752487003,,,1.1320196758523917,,-301804.4374734369,-11.447860979592864,,,,6.618274627684435,0.9883254205428982,1.6603617466290042,1.8546159942114169,,,
5.161932509399674,2.456228601684479,-16.325749894966577,0.2721303637105622,1.1922452770048544,2.6723514872337533,,,1.0226886251784026,,-280590.62556195725,-16.77240072981004,,,,13.483883924620574,1.0361431543893278,2.3775175398315787,1.934767148706084,,,
5.161932509399674,2.456228601684479,-16.325749894966577,0.2721303637105622,1.1922452770048544,2.6723514872337533,,,1.0226886251784026,,-8890.809510557803,-18.091548079889222,,,,13.483883924620574,1.0361431543893278,2.3775175398315787,1.934767148706084,,,
5.161932509399674,2.456228601684479,-16.325749894966577,0.2721303637105622,1.1922452770048544,2.6723514872337533,,,1.0226886251784026,,-20151.94458887638,-12.945230391159331,,,,13.483883924620574,1.0361431543893278,2.3775175398315787,1.934767148706084,,,
4.638220976810521,4.343397265209593,-15.520325264041759,0.27398954805809755,1.2411725851739472,2.749681165308706,,,1.0297826394706746,,-6564.927065438187,-12.072654229122575,,,,13.187921364650597,0.9963614414160438,2.4082478577594615,1.7857105556592148,,,
4.638220976810521,4.343397265209593,-15.520325264041759,0.27398954805809755,1.2411725851739472,2.749681165308706,,,1.0297826394706746,,-18451.2727235542,-15.411854169297461,,,,13.187921364650597,0.9963614414160438,2.4082478577594615,1.7857105556592148,,,
3.051555278817362,6.0908397571911035,-13.508642847024346,0.947051483167288,1.5933062384554706,2.705731635321141,,,1.1984349625366832,,-39369.09553949654,-16.677564461767247,,,,12.980192987875478,0.7077237962371845,1.7996919243665679,1.3559865118501138,,,
3.051555278817362,6.0908397571911035,-13.508642847024346,0.947051483167288,1.5933062384554706,2.705731635321141,,,1.1984349625366832,,-15883.069117267227,-14.335575680340295,,,,12.980192987875478,0.7077237962371845,1.7996919243665679,1.3559865118501138,,,
3.051555278817362,6.0908397571911035,-13.508642847024346,0.947051483167288,1.5933062384554706,2.705731635321141,,,1.1984349625366832,,-56275.97807531311,-10.46515819577243,,,,12.980192987875478,0.7077237962371845,1.7996919243665679,1.3559865118501138,,,
3.051555278817362,6.0908397571911035,-13.508642847024346,0.947051483167288,1.5933062384554706,2.705731635321141,,,1.1984349625366832,,-53282.12639491703,-18.04735353836254,,,,12.980192987875478,0.7077237962371845,1.7996919243665679,1.3559865118501138,,,
-1.8185315453376043,1.4703214494568884,3.817640743675763,0.9228811230005175,3.018368512515979,0.42506259502603827,,,1.3813523610998337,,-294556.51199044817,-13.20889371248947,,,,1.2415707993772764,0.2657351706620825,1.215133970702536,2.1769032577691294,,,
-1.8185315453376043,1.4703214494568884,3.817640743675763,0.9228811230005175,3.018368512515979,0.42506259502603827,,,1.3813523610998337,,-124809.10820314345,-13.641140183053693,,,,1.2415707993772764,0.2657351706620825,1.215133970702536,2.1769032577691294,,,
-1.3922827398097908,1.1774465057616064,2.0856160928465806,0.9644423910591005,3.410147701543107,1.255102450854438,,,1.5609751471634503,,-1806122.7648959856,-15.023859546086197,,,,1.6588851321040723,0.2461050321626064,0.9537262763857031,1.4804619310130465,,,
-2.4122461692955297,1.5106052370425829,6.525912890623671,0.7862269527907825,4.460180122544102,0.8927121525507746,,,1.8895197334876335,,-15747.712596383108,-11.291634080708556,,,,1.87673974332363,0.2140714180741236,0.5448575880725057,1.4589780343046994,,,
-2.4122461692955297,1.5106052370425829,6.525912890623671,0.7862269527907825,4.460180122544102,0.8927121525507746,,,1.8895197334876335,,-33732.074745519785,-12.511180977256044,,,,1.87673974332363,0.2140714180741236,0.5448575880725057,1.4589780343046994,,,
-2.4249212453434397,2.6457150434580274,9.463849409626519,0.5917797183018594,5.4408435042362875,1.0078390478245174,,,2.0224796113791474,,-351281.0346299467,-14.05886522255361,,,,2.1902610175917556,0.12437481528472705,0.5669781330648269,1.5230406442887787,,,
-3.404981435395021,2.3240221893476685,6.528399173426437,0.6859915481459176,3.8164733658588617,1.4252620605908692,,,1.6877826934197662,,-19098.146206152513,-15.45127288554336,,,,3.306405735158596,0.21822870578576592,0.6196202697600866,1.7517318063291478,,,
-3.404981435395021,2.3240221893476685,6.528399173426437,0.6859915481459176,3.8164733658588617,1.4252620605908692,,,1.6877826934197662,,-154962.45514710882,-11.028054883881921,,,,3.306405735158596,0.21822870578576592,0.6196202697600866,1.7517318063291478,,,
-1.4470685898756273,3.138657352965273,2.762106277260996,0.6184541721241434,2.537161492225464,1.1937191679327628,,,1.9981319877710562,,-31366.210266821836,-15.038427109384788,,,,3.1449588287434653,0.39652174609080487,0.5818912246622324,1.229901995643459,,,
-1.4470685898756273,3.138657352965273,2.762106277260996,0.6184541721241434,2.537161492225464,1.1937191679327628,,,1.9981319877710562,,-133204.15478429073,-12.237756701940743,,,,3.1449588287434653,0.39652174609080487,0.5818912246622324,1.229901995643459,,,
-0.5857947254958253,2.8684000124514264,2.9233512760203735,1.1701563304050941,2.370398283013192,1.3077754983152856,,,1.8319680492359882,,-116942.55022171888,-16.197170087926978,,,,3.8168749850006978,0.4529661397520115,0.7306877846581378,2.0229494485826334,,,
-0.5857947254958253,2.8684000124514264,2.9233512760203735,1.1701563304050941,2.370398283013192,1.3077754983152856,,,1.8319680492359882,,-287960.03554167936,-16.35989047594111,,,,3.8168749850006978,0.4529661397520115,0.7306877846581378,2.0229494485826334,,,
-0.5857947254958253,2.8684000124514264,2.9233512760203735,1.1701563304050941,2.370398283013192,1.3077754983152856,,,1.8319680492359882,,-340743.30552290956,-13.48408637926286,,,,3.8168749850006978,0.4529661397520115,0.7306877846581378,2.0229494485826334,,,
-0.5857947254958253,2.8684000124514264,2.9233512760203735,1.1701563304050941,2.370398283013192,1.3077754983152856,,,1.8319680492359882,,-379680.00647380337,-10.697993680862712,,,,3.8168749850006978,0.4529661397520115,0.7306877846581378,2.0229494485826334,,,
-0.5857947254958253,2.8684000124514264,2.9233512760203735,1.1701563304050941,2.370398283013192,1.3077754983152856,,,1.8319680492359882,,-159171.59312028633,-13.951559738313222,,,,3.8168749850006978,0.4529661397520115,0.7306877846581378,2.0229494485826334,,,
-0.5857947254958253,2.8684000124514264,2.9233512760203735,1.1701563304050941,2.370398283013192,1.3077754983152856,,,1.8319680492359882,,-176921.3193337619,-12.262996952108608,,,,3.8168749850006978,0.4529661397520115,0.7306877846581378,2.0229494485826334,,,
-0.5857947254958253,2.8684000124514264,2.9233512760203735,1.1701563304050941,2.370398283013192,1.3077754983152856,,,1.8319680492359882,,-194976.04349443654,-15.188384793335594,,,,3.8168749850006978,0.4529661397520115,0.7306877846581378,2.0229494485826334,,,
-0.5857947254958253,2.8684000124514264,2.9233512760203735,1.1701563304050941,2.370398283013192,1.3077754983152856,,,1.8319680492359882,,-8890.809510557803,-18.091548079889222,,,,3.8168749850006978,0.4529661397520115,0.7306877846581378,2.0229494485826334,,,
-0.6143477877971507,2.8299891141165165,2.3462865193248996,1.184579494705895,2.315229386542835,1.3629729337793268,,,1.7989080804797426,,-20151.94458887638,-12.945230391159331,,,,4.014721365176562,0.4589622869597473,0.7369375798802984,2.018026232241907,,,
-0.6143477877971507,2.8299891141165165,2.3462865193248996,1.184579494705895,2.315229386542835,1.3629729337793268,,,1.7989080804797426,,-6564.927065438187,-12.072654229122575,,,,4.014721365176562,0.4589622869597473,0.7369375798802984,2.018026232241907,,,
-0.6143477877971507,2.8299891141165165,2.3462865193248996,1.184579494705895,2.315229386542835,1.3629729337793268,,,1.7989080804797426,,-18451.2727235542,-15.411854169297461,,,,4.014721365176562,0.4589622869597473,0.7369375798802984,2.018026232241907,,,
-0.6143477877971507,2.8299891141165165,2.3462865193248996,1.184579494705895,2.315229386542835,1.3629729337793268,,,1.7989080804797426,,-39369.09553949654,-16.677564461767247,,,,4.014721365176562,0.4589622869597473,0.7369375798802984,2.018026232241907,,,
-0.07592577534277294,5.342729277423855,2.1665012822209424,0.924056347051665,2.1508937580334764,1.3643917558241316,,,1.5941505554852144,,-15883.069117267227,-14.335575680340295,,,,4.409523277367372,0.4637589733146054,1.4320315297460926,2.3563521200181414,,,
0.3810342822172956,0.25887602565623796,-4.775881180356491,1.4195845843840744,1.504838850099139,1.8708641998493658,,,0.4122329401852403,,-54057.61024556006,-10.715688956777054,,,,1.2475720560367658,0.8664480753505206,18.18716186514189,2.09158915013345,,,
0.3810342822172956,0.25887602565623796,-4.775881180356491,1.4195845843840744,1.504838850099139,1.8708641998493658,,,0.4122329401852403,,-53217.060829619084,-15.743009923096203,,,,1.2475720560367658,0.8664480753505206,18.18716186514189,2.09158915013345,,,
0.4990502662339383,0.16571182138745955,-4.722766949399883,1.3022512959806396,1.4198021640458829,1.9420163962099413,,,0.5364851392353978,,-294556.51199044817,-13.20889371248947,,,,1.359704761968828,0.9993204151271353,10.567570808550252,1.9856188403162032,,,
0.4990502662339383,0.16571182138745955,-4.722766949399883,1.3022512959806396,1.4198021640458829,1.9420163962099413,,,0.5364851392353978,,-124809.10820314345,-13.641140183053693,,,,1.359704761968828,0.9993204151271353,10.567570808550252,1.9856188403162032,,,
0.44320206491876996,-0.034758732042370115,-2.7106224632212537,1.2354735487178474,1.4369863534872391,1.6966224327903323,,,0.9136741740431061,,-1806122.7648959856,-15.023859546086197,,,,1.406419005688717,0.5203542691302939,3.249746844519083,0.8382415267848405,,,
0.4367056271663609,-0.18783732214847496,-2.7516663935189904,1.04229826168043,1.3808989449748843,1.7859218969142912,,,0.9053688657232826,,-15747.712596383108,-11.291634080708556,,,,1.4160264515184466,0.3798434724700863,3.3572837948823375,0.7375545828758895,,,
0.4367056271663609,-0.18783732214847496,-2.7516663935189904,1.04229826168043,1.3808989449748843,1.7859218969142912,,,0.9053688657232826,,-33732.074745519785,-12.511180977256044,,,,1.4160264515184466,0.3798434724700863,3.3572837948823375,0.7375545828758895,,,
0.4367056271663609,-0.18783732214847496,-2.7516663935189904,1.04229826168043,1.3808989449748843,1.7859218969142912,,,0.9053688657232826,,-337595.9765886286,-13.502621185162722,,,,1.4160264515184466,0.3798434724700863,3.3572837948823375,0.7375545828758895,,,
0.4367056271663609,-0.18783732214847496,-2.7516663935189904,1.04229826168043,1.3808989449748843,1.7859218969142912,,,0.9053688657232826,,-19098.146206152513,-15.45127288554336,,,,1.4160264515184466,0.3798434724700863,3.3572837948823375,0.7375545828758895,,,
0.4367056271663609,-0.18783732214847496,-2.7516663935189904,1.04229826168043,1.3808989449748843,1.7859218969142912,,,0.9053688657232826,,-149919.74104946468,-11.886570845646904,,,,1.4160264515184466,0.3798434724700863,3.3572837948823375,0.7375545828758895,,,
0.4367056271663609,-0.18783732214847496,-2.7516663935189904,1.04229826168043,1.3808989449748843,1.7859218969142912,,,0.9053688657232826,,-31366.210266821836,-15.038427109384788,,,,1.4160264515184466,0.3798434724700863,3.3572837948823375,0.7375545828758895,,,
0.5786074164998759,0.3562438868634395,-2.72046706507913,1.1439556205423627,1.3069828386752853,1.609432558813503,,,1.0775123232666932,,-133204.15478429073,-12.237756701940743,,,,1.573774467419635,0.3963342904771631,2.2944855968102904,0.7838997175116009,,,
0.5786074164998759,0.3562438868634395,-2.72046706507913,1.1439556205423627,1.3069828386752853,1.609432558813503,,,1.0775123232666932,,-112706.8742002819,-16.415256267968754,,,,1.573774467419635,0.3963342904771631,2.2944855968102904,0.7838997175116009,,,
0.5786074164998759,0.3562438868634395,-2.72046706507913,1.1439556205423627,1.3069828386752853,1.609432558813503,,,1.0775123232666932,,-287960.03554167936,-16.35989047594111,,,,1.573774467419635,0.3963342904771631,2.2944855968102904,0.7838997175116009,,,
0.5786074164998759,0.3562438868634395,-2.72046706507913,1.1439556205423627,1.3069828386752853,1.609432558813503,,,1.0775123232666932,,-340743.30552290956,-13.48408637926286,,,,1.573774467419635,0.3963342904771631,2.2944855968102904,0.7838997175116009,,,
0.5786074164998759,0.3562438868634395,-2.72046706507913,1.1439556205423627,1.3069828386752853,1.609432558813503,,,1.0775123232666932,,-379680.00647380337,-10.697993680862712,,,,1.573774467419635,0.3963342904771631,2.2944855968102904,0.7838997175116009,,,
0.5786074164998759,0.3562438868634395,-2.72046706507913,1.1439556205423627,1.3069828386752853,1.609432558813503,,,1.0775123232666932,,-121234.30052117544,-18.653611429919703,,,,1.573774467419635,0.3963342904771631,2.2944855968102904,0.7838997175116009,,,
0.5786074164998759,0.3562438868634395,-2.72046706507913,1.1439556205423627,1.3069828386752853,1.609432558813503,,,1.0775123232666932,,-173218.3151486193,-12.964033434995084,,,,1.573774467419635,0.3963342904771631,2.2944855968102904,0.7838997175116009,,,
0.4668472175536172,0.73179838375078,-2.9179854110239214,1.150115004513762,1.5569754563222729,1.5385176228050295,,,1.2950138909975966,,-169061.8075198568,-15.429569806307395,,,,1.8260517213044174,0.4229766018852368,1.558800839485482,1.366807554850147,,,
0.4668472175536172,0.73179838375078,-2.9179854110239214,1.150115004513762,1.5569754563222729,1.5385176228050295,,,1.2950138909975966,,-8890.809510557803,-18.091548079889222,,,,1.8260517213044174,0.4229766018852368,1.558800839485482,1.366807554850147,,,
0.4668472175536172,0.73179838375078,-2.9179854110239214,1.150115004513762,1.5569754563222729,1.5385176228050295,,,1.2950138909975966,,-20151.94458887638,-12.945230391159331,,,,1.8260517213044174,0.4229766018852368,1.558800839485482,1.366807554850147,,,
0.4668472175536172,0.73179838375078,-2.9179854110239214,1.150115004513762,1.5569754563222729,1.5385176228050295,,,1.2950138909975966,,-6564.927065438187,-12.072654229122575,,,,1.8260517213044174,0.4229766018852368,1.558800839485482,1.366807554850147,,,
0.41003991372291115,0.6280281583308244,-3.9846706563131566,1.2115344072185443,1.531947224858042,1.701067928752455,,,1.2653818567465507,,-18451.2727235542,-15.411854169297461,,,,2.3281792335895792,0.4765969768450988,1.443146536071668,1.458672411293473,,,
0.9671169795218109,0.3445972645198752,-0.9506511850285374,2.4553554778867954,1.553304048474046,0.797490524478019,,,1.4528024809197524,,-39369.09553949654,-16.677564461767247,,,,1.5172637129755262,1.2942715372543825,0.6220559365581348,0.7517953724459078,,,
-0.7868495255048309,2.5385435563062466,-1.7549234379758536,4.394378161533316,1.032771658224417,0.8404180079528794,,,1.2739721027450945,,-15883.069117267227,-14.335575680340295,,,,2.6043939563723106,1.1361830071356613,1.1406679131935227,0.920398818406285,,,
-0.7868495255048309,2.5385435563062466,-1.7549234379758536,4.394378161533316,1.032771658224417,0.8404180079528794,,,1.2739721027450945,,-54057.61024556006,-10.715688956777054,,,,2.6043939563723106,1.1361830071356613,1.1406679131935227,0.920398818406285,,,
-0.7868495255048309,2.5385435563062466,-1.7549234379758536,4.394378161533316,1.032771658224417,0.8404180079528794,,,1.2739721027450945,,-53217.060829619084,-15.743009923096203,,,,2.6043939563723106,1.1361830071356613,1.1406679131935227,0.920398818406285,,,
-0.7868495255048309,2.5385435563062466,-1.7549234379758536,4.394378161533316,1.032771658224417,0.8404180079528794,,,1.2739721027450945,,-294556.51199044817,-13.20889371248947,,,,2.6043939563723106,1.1361830071356613,1.1406679131935227,0.920398818406285,,,
-0.7868495255048309,2.5385435563062466,-1.7549234379758536,4.394378161533316,1.032771658224417,0.8404180079528794,,,1.2739721027450945,,-124809.10820314345,-13.641140183053693,,,,2.6043939563723106,1.1361830071356613,1.1406679131935227,0.920398818406285,,,
-0.7868495255048309,2.5385435563062466,-1.7549234379758536,4.394378161533316,1.032771658224417,0.8404180079528794,,,1.2739721027450945,,-1806122.7648959856,-15.023859546086197,,,,2.6043939563723106,1.1361830071356613,1.1406679131935227,0.920398818406285,,,
-0.7868495255048309,2.5385435563062466,-1.7549234379758536,4.394378161533316,1.032771658224417,0.8404180079528794,,,1.2739721027450945,,-15747.712596383108,-11.291634080708556,,,,2.6043939563723106,1.1361830071356613,1.1406679131935227,0.920398818406285,,,
-0.7868495255048309,2.5385435563062466,-1.7549234379758536,4.394378161533316,1.032771658224417,0.8404180079528794,,,1.2739721027450945,,-33732.074745519785,-12.511180977256044,,,,2.6043939563723106,1.1361830071356613,1.1406679131935227,0.920398818406285,,,
-0.7868495255048309,2.5385435563062466,-1.7549234379758536,4.394378161533316,1.032771658224417,0.8404180079528794,,,1.2739721027450945,,-337595.9765886286,-13.502621185162722,,,,2.6043939563723106,1.1361830071356613,1.1406679131935227,0.920398818406285,,,
-0.7868495255048309,2.5385435563062466,-1.7549234379758536,4.394378161533316,1.032771658224417,0.8404180079528794,,,1.2739721027450945,,-19098.146206152513,-15.45127288554336,,,,2.6043939563723106,1.1361830071356613,1.1406679131935227,0.920398818406285,,,
-0.7868495255048309,2.5385435563062466,-1.7549234379758536,4.394378161533316,1.032771658224417,0.8404180079528794,,,1.2739721027450945,,-149919.74104946468,-11.886570845646904,,,,2.6043939563723106,1.1361830071356613,1.1406679131935227,0.920398818406285,,,
-1.3344139899659073,4.9388044714330235,-2.2544755818311497,5.206358465458774,0.5710805174340847,0.6569528083528163,,,1.2094962589840563,,-31366.210266821836,-15.038427109384788,,,,3.4110254232310657,1.289181637394895,1.3317234164058072,1.054201467802796,,,
-2.048670648039781,7.961840998438319,-0.6821480400910026,6.675543934538709,0.7276598060783559,0.8182783797432819,,,1.3486892765907033,,-133204.15478429073,-12.237756701940743,,,,2.7572319746588847,1.098975010546846,1.355900683857774,0.14890336719876027,,,
-2.048670648039781,7.961840998438319,-0.6821480400910026,6.675543934538709,0.7276598060783559,0.8182783797432819,,,1.3486892765907033,,-112706.8742002819,-16.415256267968754,,,,2.7572319746588847,1.098975010546846,1.355900683857774,0.14890336719876027,,,
-2.048670648039781,7.961840998438319,-0.6821480400910026,6.675543934538709,0.7276598060783559,0.8182783797432819,,,1.3486892765907033,,-247233.6459565756,-16.708056938643367,,,,2.7572319746588847,1.098975010546846,1.355900683857774,0.14890336719876027,,,
-2.048670648039781,7.961840998438319,-0.6821480400910026,6.675543934538709,0.7276598060783559,0.8182783797432819,,,1.3486892765907033,,-340743.30552290956,-13.48408637926286,,,,2.7572319746588847,1.098975010546846,1.355900683857774,0.14890336719876027,,,
-2.048670648039781,7.961840998438319,-0.6821480400910026,6.675543934538709,0.7276598060783559,0.8182783797432819,,,1.3486892765907033,,-379680.00647380337,-10.697993680862712,,,,2.7572319746588847,1.098975010546846,1.355900683857774,0.14890336719876027,,,
-1.9007034554054256,8.032474714752606,-0.9654663878555982,6.088620171318107,0.7747410045768273,0.9953582142273603,,,1.3226560616188514,,-121234.30052117544,-18.653611429919703,,,,2.972807635326903,1.093272076798124,1.4143867716554417,0.23987187199097706,,,
-1.9007034554054256,8.032474714752606,-0.9654663878555982,6.088620171318107,0.7747410045768273,0.9953582142273603,,,1.3226560616188514,,-128598.94378554549,-11.779133413468832,,,,2.972807635326903,1.093272076798124,1.4143867716554417,0.23987187199097706,,,
-1.9007034554054256,8.032474714752606,-0.9654663878555982,6.088620171318107,0.7747410045768273,0.9953582142273603,,,1.3226560616188514,,-169061.8075198568,-15.429569806307395,,,,2.972807635326903,1.093272076798124,1.4143867716554417,0.23987187199097706,,,
-1.9007034554054256,8.032474714752606,-0.9654663878555982,6.088620171318107,0.7747410045768273,0.9953582142273603,,,1.3226560616188514,,-8890.809510557803,-18.091548079889222,,,,2.972807635326903,1.093272076798124,1.4143867716554417,0.23987187199097706,,,
-1.9007034554054256,8.032474714752606,-0.9654663878555982,6.088620171318107,0.7747410045768273,0.9953582142273603,,,1.3226560616188514,,-20151.94458887638,-12.945230391159331,,,,2.972807635326903,1.093272076798124,1.4143867716554417,0.23987187199097706,,,
0.03537775873191797,-0.41980374458870706,0.3763704091257147,1.4750824510307998,0.10267349406067776,1.213026567002055,,,0.9335380117606613,,-6564.927065438187,-12.072654229122575,,,,0.2788401146578452,0.6498645858722325,3.3299328650897646,2.095575734780081,,,
0.035503404904872894,-0.421009470494189,0.37613965279250944,1.4703719503912052,0.09151268180373595,1.215996469859848,,,0.9341326084240437,,-7240.0960291072415,-19.0051170798087,,,,0.278104218767407,0.6430491214736053,3.3272530626551347,2.091607282922265,,,
0.035503404904872894,-0.421009470494189,0.37613965279250944,1.4703719503912052,0.09151268180373595,1.215996469859848,,,0.9341326084240437,,-39369.09553949654,-16.677564461767247,,,,0.278104218767407,0.6430491214736053,3.3272530626551347,2.091607282922265,,,
0.035503404904872894,-0.421009470494189,0.37613965279250944,1.4703719503912052,0.09151268180373595,1.215996469859848,,,0.9341326084240437,,-15883.069117267227,-14.335575680340295,,,,0.278104218767407,0.6430491214736053,3.3272530626551347,2.091607282922265,,,
0.035503404904872894,-0.421009470494189,0.37613965279250944,1.4703719503912052,0.09151268180373595,1.215996469859848,,,0.9341326084240437,,-46343.864382856926,-11.124340487209684,,,,0.278104218767407,0.6430491214736053,3.3272530626551347,2.091607282922265,,,
0.035503404904872894,-0.421009470494189,0.37613965279250944,1.4703719503912052,0.09151268180373595,1.215996469859848,,,0.9341326084240437,,-39122.079963888034,-15.928466172750243,,,,0.278104218767407,0.6430491214736053,3.3272530626551347,2.091607282922265,,,
0.035503404904872894,-0.421009470494189,0.37613965279250944,1.4703719503912052,0.09151268180373595,1.215996469859848,,,0.9341326084240437,,-294556.51199044817,-13.20889371248947,,,,0.278104218767407,0.6430491214736053,3.3272530626551347,2.091607282922265,,,
0.035503404904872894,-0.421009470494189,0.37613965279250944,1.4703719503912052,0.09151268180373595,1.215996469859848,,,0.9341326084240437,,-124809.10820314345,-13.641140183053693,,,,0.278104218767407,0.6430491214736053,3.3272530626551347,2.091607282922265,,,
0.035503404904872894,-0.421009470494189,0.37613965279250944,1.4703719503912052,0.09151268180373595,1.215996469859848,,,0.9341326084240437,,-1806122.7648959856,-15.023859546086197,,,,0.278104218767407,0.6430491214736053,3.3272530626551347,2.091607282922265,,,
0.035503404904872894,-0.421009470494189,0.37613965279250944,1.4703719503912052,0.09151268180373595,1.215996469859848,,,0.9341326084240437,,-15747.712596383108,-11.291634080708556,,,,0.278104218767407,0.6430491214736053,3.3272530626551347,2.091607282922265,,,
0.035503404904872894,-0.421009470494189,0.37613965279250944,1.4703719503912052,0.09151268180373595,1.215996469859848,,,0.9341326084240437,,-33732.074745519785,-12.511180977256044,,,,0.278104218767407,0.6430491214736053,3.3272530626551347,2.091607282922265,,,
0.035503404904872894,-0.421009470494189,0.37613965279250944,1.4703719503912052,0.09151268180373595,1.215996469859848,,,0.9341326084240437,,-337595.9765886286,-13.502621185162722,,,,0.278104218767407,0.6430491214736053,3.3272530626551347,2.091607282922265,,,
0.21354906446368246,0.1622016264862183,0.2157615422498465,1.597362783543081,0.47963676578256714,0.9104184668359809,,,1.4067890316879004,,-19098.146206152513,-15.45127288554336,,,,0.5150489345692347,0.47098705756020826,1.2819969326147498,1.1315231172831512,,,
0.3052692899406782,0.3574423011360679,0.1764362303383265,1.6265257563634639,0.5687680190477047,0.8402436142461561,,,1.4943720716145592,,-149800.34163707972,-11.88343651623197,,,,0.6403361983751735,0.455547170154775,1.0984670850418996,1.0453705332674885,,,
0.3197852420281618,0.36702536176576445,0.14293034128157858,1.5486725423877634,0.6046066734288633,0.9455566469366203,,,1.4713606530317422,,-31366.210266821836,-15.038427109384788,,,,0.6774267614275283,0.47167046073380514,1.133986624804137,1.0700692918881287,,,
0.34689608284123613,-0.005171684718804578,0.2708456804461835,0.20249118682863365,0.5722961627401227,0.9789765666416201,,,1.5019110311044137,,-133204.15478429073,-12.237756701940743,,,,0.565435620654146,0.3388500006491715,1.0870003126029308,1.2651096147552168,,,
0.34689608284123613,-0.005171684718804578,0.2708456804461835,0.20249118682863365,0.5722961627401227,0.9789765666416201,,,1.5019110311044137,,-112706.8742002819,-16.415256267968754,,,,0.565435620654146,0.3388500006491715,1.0870003126029308,1.2651096147552168,,,
0.32794336224887755,-0.01366047166114335,0.34347127611301254,0.059013668187903434,0.36141426130409315,0.9420601112043343,,,1.4912790029962162,,-247233.6459565756,-16.708056938643367,,,,0.5221164891459968,0.2985251785252148,1.1460966953696148,1.3473367457392385,,,
0.32794336224887755,-0.01366047166114335,0.34347127611301254,0.059013668187903434,0.36141426130409315,0.9420601112043343,,,1.4912790029962162,,-113121.5541446913,-12.56650150077063,,,,0.5221164891459968,0.2985251785252148,1.1460966953696148,1.3473367457392385,,,
0.32794336224887755,-0.01366047166114335,0.34347127611301254,0.059013668187903434,0.36141426130409315,0.9420601112043343,,,1.4912790029962162,,-349072.10768158815,-11.258628214784189,,,,0.5221164891459968,0.2985251785252148,1.1460966953696148,1.3473367457392385,,,
0.32794336224887755,-0.01366047166114335,0.34347127611301254,0.059013668187903434,0.36141426130409315,0.9420601112043343,,,1.4912790029962162,,-121234.30052117544,-18.653611429919703,,,,0.5221164891459968,0.2985251785252148,1.1460966953696148,1.3473367457392385,,,
0.32794336224887755,-0.01366047166114335,0.34347127611301254,0.059013668187903434,0.36141426130409315,0.9420601112043343,,,1.4912790029962162,,-128598.94378554549,-11.779133413468832,,,,0.5221164891459968,0.2985251785252148,1.1460966953696148,1.3473367457392385,,,
0.32794336224887755,-0.01366047166114335,0.34347127611301254,0.059013668187903434,0.36141426130409315,0.9420601112043343,,,1.4912790029962162,,-158566.41181152748,-12.868761229142432,,,,0.5221164891459968,0.2985251785252148,1.1460966953696148,1.3473367457392385,,,
4.375418424755532,-1.7606854295982173,-2.7385484653552803,0.846587422456923,1.9951977303871895,1.7706112329237642,,,1.4466328156280424,,-8890.809510557803,-18.091548079889222,,,,8.381886502470673,0.5531277283771285,0.5505987491054484,0.5604935419927362,,,
4.375418424755532,-1.7606854295982173,-2.7385484653552803,0.846587422456923,1.9951977303871895,1.7706112329237642,,,1.4466328156280424,,-20151.94458887638,-12.945230391159331,,,,8.381886502470673,0.5531277283771285,0.5505987491054484,0.5604935419927362,,,
4.375418424755532,-1.7606854295982173,-2.7385484653552803,0.846587422456923,1.9951977303871895,1.7706112329237642,,,1.4466328156280424,,-6564.927065438187,-12.072654229122575,,,,8.381886502470673,0.5531277283771285,0.5505987491054484,0.5604935419927362,,,
4.375418424755532,-1.7606854295982173,-2.7385484653552803,0.846587422456923,1.9951977303871895,1.7706112329237642,,,1.4466328156280424,,-7240.0960291072415,-19.0051170798087,,,,8.381886502470673,0.5531277283771285,0.5505987491054484,0.5604935419927362,,,
4.375418424755532,-1.7606854295982173,-2.7385484653552803,0.846587422456923,1.9951977303871895,1.7706112329237642,,,1.4466328156280424,,-39369.09553949654,-16.677564461767247,,,,8.381886502470673,0.5531277283771285,0.5505987491054484,0.5604935419927362,,,
4.375418424755532,-1.7606854295982173,-2.7385484653552803,0.846587422456923,1.9951977303871895,1.7706112329237642,,,1.4466328156280424,,-15883.069117267227,-14.335575680340295,,,,8.381886502470673,0.5531277283771285,0.5505987491054484,0.5604935419927362,,,
4.375418424755532,-1.7606854295982173,-2.7385484653552803,0.846587422456923,1.9951977303871895,1.7706112329237642,,,1.4466328156280424,,-46343.864382856926,-11.124340487209684,,,,8.381886502470673,0.5531277283771285,0.5505987491054484,0.5604935419927362,,,
4.375418424755532,-1.7606854295982173,-2.7385484653552803,0.846587422456923,1.9951977303871895,1.7706112329237642,,,1.4466328156280424,,-39122.079963888034,-15.928466172750243,,,,8.381886502470673,0.5531277283771285,0.5505987491054484,0.5604935419927362,,,
4.375418424755532,-1.7606854295982173,-2.7385484653552803,0.846587422456923,1.9951977303871895,1.7706112329237642,,,1.4466328156280424,,-236497.42065342414,-12.74595915125435,,,,8.381886502470673,0.5531277283771285,0.5505987491054484,0.5604935419927362,,,
4.375418424755532,-1.7606854295982173,-2.7385484653552803,0.846587422456923,1.9951977303871895,1.7706112329237642,,,1.4466328156280424,,-124809.10820314345,-13.641140183053693,,,,8.381886502470673,0.5531277283771285,0.5505987491054484,0.5604935419927362,,,
4.375418424755532,-1.7606854295982173,-2.7385484653552803,0.846587422456923,1.9951977303871895,1.7706112329237642,,,1.4466328156280424,,-1806122.7648959856,-15.023859546086197,,,,8.381886502470673,0.5531277283771285,0.5505987491054484,0.5604935419927362,,,
4.375418424755532,-1.7606854295982173,-2.7385484653552803,0.846587422456923,1.9951977303871895,1.7706112329237642,,,1.4466328156280424,,-15747.712596383108,-11.291634080708556,,,,8.381886502470673,0.5531277283771285,0.5505987491054484,0.5604935419927362,,,
4.375418424755532,-1.7606854295982173,-2.7385484653552803,0.846587422456923,1.9951977303871895,1.7706112329237642,,,1.4466328156280424,,-32274.420814208588,-12.689789168697065,,,,8.381886502470673,0.5531277283771285,0.5505987491054484,0.5604935419927362,,,
8.453942455693547,-2.6115680603040694,-7.359371173643788,0.5216975697816555,1.3992691589068833,2.1696499122866006,,,1.3468779026866213,,-337595.9765886286,-13.502621185162722,,,,13.258802205834776,0.7628239027726392,0.9649982813471225,1.003643767802564,,,
8.453942455693547,-2.6115680603040694,-7.359371173643788,0.5216975697816555,1.3992691589068833,2.1696499122866006,,,1.3468779026866213,,-19098.146206152513,-15.45127288554336,,,,13.258802205834776,0.7628239027726392,0.9649982813471225,1.003643767802564,,,
8.453942455693547,-2.6115680603040694,-7.359371173643788,0.5216975697816555,1.3992691589068833,2.1696499122866006,,,1.3468779026866213,,-101489.98911264754,-13.673820728347044,,,,13.258802205834776,0.7628239027726392,0.9649982813471225,1.003643767802564,,,
8.453942455693547,-2.6115680603040694,-7.359371173643788,0.5216975697816555,1.3992691589068833,2.1696499122866006,,,1.3468779026866213,,-31366.210266821836,-15.038427109384788,,,,13.258802205834776,0.7628239027726392,0.9649982813471225,1.003643767802564,,,
6.596842124031034,2.3438915409070415,-4.366868761893683,0.6025917671808069,1.7183312162458038,2.437798566588129,,,1.4526081046126298,,-133204.15478429073,-12.237756701940743,,,,11.81620023167167,0.6279983993032571,0.8997365914687344,0.5081712330840079,,,
6.596842124031034,2.3438915409070415,-4.366868761893683,0.6025917671808069,1.7183312162458038,2.437798566588129,,,1.4526081046126298,,-8525.68900810893,-16.989625014301257,,,,11.81620023167167,0.6279983993032571,0.8997365914687344,0.5081712330840079,,,
6.596842124031034,2.3438915409070415,-4.366868761893683,0.6025917671808069,1.7183312162458038,2.437798566588129,,,1.4526081046126298,,-247233.6459565756,-16.708056938643367,,,,11.81620023167167,0.6279983993032571,0.8997365914687344,0.5081712330840079,,,
6.596842124031034,2.3438915409070415,-4.366868761893683,0.6025917671808069,1.7183312162458038,2.437798566588129,,,1.4526081046126298,,-113121.5541446913,-12.56650150077063,,,,11.81620023167167,0.6279983993032571,0.8997365914687344,0.5081712330840079,,,
6.596842124031034,2.3438915409070415,-4.366868761893683,0.6025917671808069,1.7183312162458038,2.437798566588129,,,1.4526081046126298,,-349072.10768158815,-11.258628214784189,,,,11.81620023167167,0.6279983993032571,0.8997365914687344,0.5081712330840079,,,
6.596842124031034,2.3438915409070415,-4.366868761893683,0.6025917671808069,1.7183312162458038,2.437798566588129,,,1.4526081046126298,,-121234.30052117544,-18.653611429919703,,,,11.81620023167167,0.6279983993032571,0.8997365914687344,0.5081712330840079,,,
9.150146170524154,-1.0889872939621983,-10.580798779724363,0.15292270097784372,0.5868322862288258,2.6389818949802737,,,1.2010425395118,,-128598.94378554549,-11.779133413468832,,,,11.37061904706281,1.1526500693127884,1.7748509414397777,1.863333111130267,,,
9.150146170524154,-1.0889872939621983,-10.580798779724363,0.15292270097784372,0.5868322862288258,2.6389818949802737,,,1.2010425395118,,-101314.20975346737,-12.335259087850702,,,,11.37061904706281,1.1526500693127884,1.7748509414397777,1.863333111130267,,,
9.150146170524154,-1.0889872939621983,-10.580798779724363,0.15292270097784372,0.5868322862288258,2.6389818949802737,,,1.2010425395118,,-8890.809510557803,-18.091548079889222,,,,11.37061904706281,1.1526500693127884,1.7748509414397777,1.863333111130267,,,
9.150146170524154,-1.0889872939621983,-10.580798779724363,0.15292270097784372,0.5868322862288258,2.6389818949802737,,,1.2010425395118,,-20151.94458887638,-12.945230391159331,,,,11.37061904706281,1.1526500693127884,1.7748509414397777,1.863333111130267,,,
9.150146170524154,-1.0889872939621983,-10.580798779724363,0.15292270097784372,0.5868322862288258,2.6389818949802737,,,1.2010425395118,,-6564.927065438187,-12.072654229122575,,,,11.37061904706281,1.1526500693127884,1.7748509414397777,1.863333111130267,,,
9.150146170524154,-1.0889872939621983,-10.580798779724363,0.15292270097784372,0.5868322862288258,2.6389818949802737,,,1.2010425395118,,-7240.0960291072415,-19.0051170798087,,,,11.37061904706281,1.1526500693127884,1.7748509414397777,1.863333111130267,,,
9.150146170524154,-1.0889872939621983,-10.580798779724363,0.15292270097784372,0.5868322862288258,2.6389818949802737,,,1.2010425395118,,-39369.09553949654,-16.677564461767247,,,,11.37061904706281,1.1526500693127884,1.7748509414397777,1.863333111130267,,,
9.150146170524154,-1.0889872939621983,-10.580798779724363,0.15292270097784372,0.5868322862288258,2.6389818949802737,,,1.2010425395118,,-15883.069117267227,-14.335575680340295,,,,11.37061904706281,1.1526500693127884,1.7748509414397777,1.863333111130267,,,
9.150146170524154,-1.0889872939621983,-10.580798779724363,0.15292270097784372,0.5868322862288258,2.6389818949802737,,,1.2010425395118,,-44955.13069996296,-11.30611155462075,,,,11.37061904706281,1.1526500693127884,1.7748509414397777,1.863333111130267,,,
9.150146170524154,-1.0889872939621983,-10.580798779724363,0.15292270097784372,0.5868322862288258,2.6389818949802737,,,1.2010425395118,,-39122.079963888034,-15.928466172750243,,,,11.37061904706281,1.1526500693127884,1.7748509414397777,1.863333111130267,,,
9.150146170524154,-1.0889872939621983,-10.580798779724363,0.15292270097784372,0.5868322862288258,2.6389818949802737,,,1.2010425395118,,-236497.42065342414,-12.74595915125435,,,,11.37061904706281,1.1526500693127884,1.7748509414397777,1.863333111130267,,,
9.681793615038815,-1.1642700341192598,-10.902811350475215,0.12995522682729077,0.5765740259320876,2.6530282906268923,,,1.2044897080778885,,-106290.99389792825,-13.780282070088978,,,,11.839521457131383,1.1492717191213553,1.7725845798811564,1.8568917341245337,,,
55.379432377592074,-7.723021996579764,-65.21228778318476,0.07515226872713243,0.5801943211813557,2.7181091692969446,,,1.1962719781965307,,-1435979.262167136,-12.459841983861676,,,,66.19822042747676,1.1843035901713688,1.7979223240050028,1.8943553851385897,,,
55.379432377592074,-7.723021996579764,-65.21228778318476,0.07515226872713243,0.5801943211813557,2.7181091692969446,,,1.1962719781965307,,-15747.712596383108,-11.291634080708556,,,,66.19822042747676,1.1843035901713688,1.7979223240050028,1.8943553851385897,,,
55.379432377592074,-7.723021996579764,-65.21228778318476,0.07515226872713243,0.5801943211813557,2.7181091692969446,,,1.1962719781965307,,-3117.8192848436247,-13.45432455926693,,,,66.19822042747676,1.1843035901713688,1.7979223240050028,1.8943553851385897,,,
55.379432377592074,-7.723021996579764,-65.21228778318476,0.07515226872713243,0.5801943211813557,2.7181091692969446,,,1.1962719781965307,,-337595.9765886286,-13.502621185162722,,,,66.19822042747676,1.1843035901713688,1.7979223240050028,1.8943553851385897,,,
55.379432377592074,-7.723021996579764,-65.21228778318476,0.07515226872713243,0.5801943211813557,2.7181091692969446,,,1.1962719781965307,,-19098.146206152513,-15.45127288554336,,,,66.19822042747676,1.1843035901713688,1.7979223240050028,1.8943553851385897,,,
55.379432377592074,-7.723021996579764,-65.21228778318476,0.07515226872713243,0.5801943211813557,2.7181091692969446,,,1.1962719781965307,,-101489.98911264754,-13.673820728347044,,,,66.19822042747676,1.1843035901713688,1.7979223240050028,1.8943553851385897,,,
55.379432377592074,-7.723021996579764,-65.21228778318476,0.07515226872713243,0.5801943211813557,2.7181091692969446,,,1.1962719781965307,,-25941.93243353044,-17.302568198258243,,,,66.19822042747676,1.1843035901713688,1.7979223240050028,1.8943553851385897,,,
55.379432377592074,-7.723021996579764,-65.21228778318476,0.07515226872713243,0.5801943211813557,2.7181091692969446,,,1.1962719781965307,,-133204.15478429073,-12.237756701940743,,,,66.19822042747676,1.1843035901713688,1.7979223240050028,1.8943553851385897,,,
55.379432377592074,-7.723021996579764,-65.21228778318476,0.07515226872713243,0.5801943211813557,2.7181091692969446,,,1.1962719781965307,,-7031.222538937526,-16.911247344203936,,,,66.19822042747676,1.1843035901713688,1.7979223240050028,1.8943553851385897,,,
55.379432377592074,-7.723021996579764,-65.21228778318476,0.07515226872713243,0.5801943211813557,2.7181091692969446,,,1.1962719781965307,,-247233.6459565756,-16.708056938643367,,,,66.19822042747676,1.1843035901713688,1.7979223240050028,1.8943553851385897,,,
135.69879767306034,-36.711664552745695,-160.23366196557447,0.06967961179518974,0.5146600071316056,2.799044363534905,,,1.2188735271083961,,-113121.5541446913,-12.56650150077063,,,,158.6956185061877,1.1976305461858516,1.5415564157083275,1.7561157688975337,,,
-0.15971015922038964,-0.35302534403209435,0.13420508983248577,1.1400159505296243,4.802911308813208,1.3216523723814348,,,2.0527611959748726,,-349072.10768158815,-11.258628214784189,,,,0.8498270637799689,0.7613117235168876,0.2804611459031798,0.3075389515562941,,,
-0.11489767670986371,-0.34723394090639764,0.06460181184505512,1.3934868164003942,4.233792730524607,1.242260048865749,,,1.8736333560386114,,-121234.30052117544,-18.653611429919703,,,,0.9922839239119674,0.7507064009178448,0.31253899081246045,0.32109153993712775,,,
-0.11489767670986371,-0.34723394090639764,0.06460181184505512,1.3934868164003942,4.233792730524607,1.242260048865749,,,1.8736333560386114,,-118713.02833273934,-11.939532290499931,,,,0.9922839239119674,0.7507064009178448,0.31253899081246045,0.32109153993712775,,,
-0.11489767670986371,-0.34723394090639764,0.06460181184505512,1.3934868164003942,4.233792730524607,1.242260048865749,,,1.8736333560386114,,-101314.20975346737,-12.335259087850702,,,,0.9922839239119674,0.7507064009178448,0.31253899081246045,0.32109153993712775,,,
-0.27777682207864135,-0.45164000113465214,-0.45671385537855075,1.254044893892391,3.373504552957865,1.482937180286675,,,1.6625589272546992,,-8890.809510557803,-18.091548079889222,,,,1.326468808352999,0.7838239505248227,0.3666148067253648,0.5616722784448028,,,
-0.27777682207864135,-0.45164000113465214,-0.45671385537855075,1.254044893892391,3.373504552957865,1.482937180286675,,,1.6625589272546992,,-20151.94458887638,-12.945230391159331,,,,1.326468808352999,0.7838239505248227,0.3666148067253648,0.5616722784448028,,,
-0.27777682207864135,-0.45164000113465214,-0.45671385537855075,1.254044893892391,3.373504552957865,1.482937180286675,,,1.6625589272546992,,-6564.927065438187,-12.072654229122575,,,,1.326468808352999,0.7838239505248227,0.3666148067253648,0.5616722784448028,,,
-0.27777682207864135,-0.45164000113465214,-0.45671385537855075,1.254044893892391,3.373504552957865,1.482937180286675,,,1.6625589272546992,,-6952.888511219021,-18.316829347057094,,,,1.326468808352999,0.7838239505248227,0.3666148067253648,0.5616722784448028,,,
-0.0499784619258487,-0.4724403422310646,-0.9573875112310062,1.1984133979127933,2.8499938377628053,1.5625393579877882,,,1.5010842420083463,,-39369.09553949654,-16.677564461767247,,,,1.3488823028942516,0.7452134363303642,0.6524485875411687,0.5784822645225718,,,
-0.0499784619258487,-0.4724403422310646,-0.9573875112310062,1.1984133979127933,2.8499938377628053,1.5625393579877882,,,1.5010842420083463,,-15108.292179011483,-13.902797322777518,,,,1.3488823028942516,0.7452134363303642,0.6524485875411687,0.5784822645225718,,,
-0.0499784619258487,-0.4724403422310646,-0.9573875112310062,1.1984133979127933,2.8499938377628053,1.5625393579877882,,,1.5010842420083463,,-44955.13069996296,-11.30611155462075,,,,1.3488823028942516,0.7452134363303642,0.6524485875411687,0.5784822645225718,,,
-0.0499784619258487,-0.4724403422310646,-0.9573875112310062,1.1984133979127933,2.8499938377628053,1.5625393579877882,,,1.5010842420083463,,-39122.079963888034,-15.928466172750243,,,,1.3488823028942516,0.7452134363303642,0.6524485875411687,0.5784822645225718,,,
-0.0499784619258487,-0.4724403422310646,-0.9573875112310062,1.1984133979127933,2.8499938377628053,1.5625393579877882,,,1.5010842420083463,,-236497.42065342414,-12.74595915125435,,,,1.3488823028942516,0.7452134363303642,0.6524485875411687,0.5784822645225718,,,
-0.0499784619258487,-0.4724403422310646,-0.9573875112310062,1.1984133979127933,2.8499938377628053,1.5625393579877882,,,1.5010842420083463,,-83490.68502992191,-16.791412907480716,,,,1.3488823028942516,0.7452134363303642,0.6524485875411687,0.5784822645225718,,,
-0.0499784619258487,-0.4724403422310646,-0.9573875112310062,1.1984133979127933,2.8499938377628053,1.5625393579877882,,,1.5010842420083463,,-966035.9141252444,-12.38759521827752,,,,1.3488823028942516,0.7452134363303642,0.6524485875411687,0.5784822645225718,,,
-0.0499784619258487,-0.4724403422310646,-0.9573875112310062,1.1984133979127933,2.8499938377628053,1.5625393579877882,,,1.5010842420083463,,-14578.496390263874,-11.555504236959266,,,,1.3488823028942516,0.7452134363303642,0.6524485875411687,0.5784822645225718,,,
0.382866060828185,0.1622501362766683,-0.9881718527679715,1.3555309214136737,2.2670230716257738,1.275651198197068,,,1.5847661995899733,,-3117.8192848436247,-13.45432455926693,,,,1.696807058722917,0.6258092867912578,0.6664589457947104,0.6799653396942109,,,
0.382866060828185,0.1622501362766683,-0.9881718527679715,1.3555309214136737,2.2670230716257738,1.275651198197068,,,1.5847661995899733,,-337595.9765886286,-13.502621185162722,,,,1.696807058722917,0.6258092867912578,0.6664589457947104,0.6799653396942109,,,
0.382866060828185,0.1622501362766683,-0.9881718527679715,1.3555309214136737,2.2670230716257738,1.275651198197068,,,1.5847661995899733,,-19098.146206152513,-15.45127288554336,,,,1.696807058722917,0.6258092867912578,0.6664589457947104,0.6799653396942109,,,
0.382866060828185,0.1622501362766683,-0.9881718527679715,1.3555309214136737,2.2670230716257738,1.275651198197068,,,1.5847661995899733,,-101489.98911264754,-13.673820728347044,,,,1.696807058722917,0.6258092867912578,0.6664589457947104,0.6799653396942109,,,
0.382866060828185,0.1622501362766683,-0.9881718527679715,1.3555309214136737,2.2670230716257738,1.275651198197068,,,1.5847661995899733,,-25941.93243353044,-17.302568198258243,,,,1.696807058722917,0.6258092867912578,0.6664589457947104,0.6799653396942109,,,
0.382866060828185,0.1622501362766683,-0.9881718527679715,1.3555309214136737,2.2670230716257738,1.275651198197068,,,1.5847661995899733,,-58402.12570823825,-12.108638231070824,,,,1.696807058722917,0.6258092867912578,0.6664589457947104,0.6799653396942109,,,
0.382866060828185,0.1622501362766683,-0.9881718527679715,1.3555309214136737,2.2670230716257738,1.275651198197068,,,1.5847661995899733,,-7031.222538937526,-16.911247344203936,,,,1.696807058722917,0.6258092867912578,0.6664589457947104,0.6799653396942109,,,
-15.84621532856702,35.62597568312459,-11.156309253660245,6.61094312809941,0.43773279152048783,0.8894899227766289,,,1.0322682702410377,,-247233.6459565756,-16.708056938643367,,,,14.394043023204981,0.7782300737884488,2.314938293000474,1.3021602150657523,,,
-15.84621532856702,35.62597568312459,-11.156309253660245,6.61094312809941,0.43773279152048783,0.8894899227766289,,,1.0322682702410377,,-113121.5541446913,-12.56650150077063,,,,14.394043023204981,0.7782300737884488,2.314938293000474,1.3021602150657523,,,
-17.79127063952111,39.69715789114725,-12.231173483899427,6.656327921698547,0.4280889525837017,0.8881060423423559,,,1.0251125863384762,,-275622.1839754154,-11.33622023672999,,,,15.867430503872166,0.7830210533302795,2.350733579378648,1.3306938023908224,,,
-17.79127063952111,39.69715789114725,-12.231173483899427,6.656327921698547,0.4280889525837017,0.8881060423423559,,,1.0251125863384762,,-121234.30052117544,-18.653611429919703,,,,15.867430503872166,0.7830210533302795,2.350733579378648,1.3306938023908224,,,
-17.79127063952111,39.69715789114725,-12.231173483899427,6.656327921698547,0.4280889525837017,0.8881060423423559,,,1.0251125863384762,,-118713.02833273934,-11.939532290499931,,,,15.867430503872166,0.7830210533302795,2.350733579378648,1.3306938023908224,,,
-17.79127063952111,39.69715789114725,-12.231173483899427,6.656327921698547,0.4280889525837017,0.8881060423423559,,,1.0251125863384762,,-80490.7558393415,-12.211328492240327,,,,15.867430503872166,0.7830210533302795,2.350733579378648,1.3306938023908224,,,
-17.79127063952111,39.69715789114725,-12.231173483899427,6.656327921698547,0.4280889525837017,0.8881060423423559,,,1.0251125863384762,,-8890.809510557803,-18.091548079889222,,,,15.867430503872166,0.7830210533302795,2.350733579378648,1.3306938023908224,,,
-17.79127063952111,39.69715789114725,-12.231173483899427,6.656327921698547,0.4280889525837017,0.8881060423423559,,,1.0251125863384762,,-20151.94458887638,-12.945230391159331,,,,15.867430503872166,0.7830210533302795,2.350733579378648,1.3306938023908224,,,
-17.79127063952111,39.69715789114725,-12.231173483899427,6.656327921698547,0.4280889525837017,0.8881060423423559,,,1.0251125863384762,,-6552.701288013621,-11.558584984050137,,,,15.867430503872166,0.7830210533302795,2.350733579378648,1.3306938023908224,,,
-17.79127063952111,39.69715789114725,-12.231173483899427,6.656327921698547,0.4280889525837017,0.8881060423423559,,,1.0251125863384762,,-5071.145596263824,-18.736472065479187,,,,15.867430503872166,0.7830210533302795,2.350733579378648,1.3306938023908224,,,
-17.79127063952111,39.69715789114725,-12.231173483899427,6.656327921698547,0.4280889525837017,0.8881060423423559,,,1.0251125863384762,,-39369.09553949654,-16.677564461767247,,,,15.867430503872166,0.7830210533302795,2.350733579378648,1.3306938023908224,,,
-17.79127063952111,39.69715789114725,-12.231173483899427,6.656327921698547,0.4280889525837017,0.8881060423423559,,,1.0251125863384762,,-15108.292179011483,-13.902797322777518,,,,15.867430503872166,0.7830210533302795,2.350733579378648,1.3306938023908224,,,
-17.79127063952111,39.69715789114725,-12.231173483899427,6.656327921698547,0.4280889525837017,0.8881060423423559,,,1.0251125863384762,,-14279.427122449151,-11.508748605216416,,,,15.867430503872166,0.7830210533302795,2.350733579378648,1.3306938023908224,,,
-17.79127063952111,39.69715789114725,-12.231173483899427,6.656327921698547,0.4280889525837017,0.8881060423423559,,,1.0251125863384762,,-39122.079963888034,-15.928466172750243,,,,15.867430503872166,0.7830210533302795,2.350733579378648,1.3306938023908224,,,
-17.79127063952111,39.69715789114725,-12.231173483899427,6.656327921698547,0.4280889525837017,0.8881060423423559,,,1.0251125863384762,,-236497.42065342414,-12.74595915125435,,,,15.867430503872166,0.7830210533302795,2.350733579378648,1.3306938023908224,,,
-17.79127063952111,39.69715789114725,-12.231173483899427,6.656327921698547,0.4280889525837017,0.8881060423423559,,,1.0251125863384762,,-83490.68502992191,-16.791412907480716,,,,15.867430503872166,0.7830210533302795,2.350733579378648,1.3306938023908224,,,
-17.79127063952111,39.69715789114725,-12.231173483899427,6.656327921698547,0.4280889525837017,0.8881060423423559,,,1.0251125863384762,,-922503.3057347629,-12.288759775679335,,,,15.867430503872166,0.7830210533302795,2.350733579378648,1.3306938023908224,,,
-17.79127063952111,39.69715789114725,-12.231173483899427,6.656327921698547,0.4280889525837017,0.8881060423423559,,,1.0251125863384762,,-14578.496390263874,-11.555504236959266,,,,15.867430503872166,0.7830210533302795,2.350733579378648,1.3306938023908224,,,
-16.927261027512856,38.28711616162443,-12.301164458974,6.512888321597853,0.48268262837619935,0.9001953684888135,,,1.0440386953996463,,-3117.8192848436247,-13.45432455926693,,,,15.836025181832348,0.7674896752301921,2.2770899852198503,1.492224572686601,,,
-16.927261027512856,38.28711616162443,-12.301164458974,6.512888321597853,0.48268262837619935,0.9001953684888135,,,1.0440386953996463,,-337595.9765886286,-13.502621185162722,,,,15.836025181832348,0.7674896752301921,2.2770899852198503,1.492224572686601,,,
-16.927261027512856,38.28711616162443,-12.301164458974,6.512888321597853,0.48268262837619935,0.9001953684888135,,,1.0440386953996463,,-19098.146206152513,-15.45127288554336,,,,15.836025181832348,0.7674896752301921,2.2770899852198503,1.492224572686601,,,
-6.256643781791574,19.478564993370824,-8.306726755172797,4.398369155353873,0.9247590280519339,1.4503016791491807,,,1.2062172374314037,,-100066.42785814292,-14.309199883226725,,,,14.117734399622176,0.6951135606004422,1.5624396499256084,0.9816409764323721,,,
-0.30169568447937,10.7367972146138,-6.359876940415438,2.8530987623939055,1.2478242349087199,1.8523141122423603,,,1.312119295280153,,-25941.93243353044,-17.302568198258243,,,,13.080520429111406,0.6616266818694091,1.2317862398121342,0.7454048775855824,,,
-3.8160842311019776,4.264630993524879,0.40602016295333265,0.37780234777900734,0.25456393633605456,1.019751394787304,,,0.37264723961897217,,-58402.12570823825,-12.108638231070824,,,,1.3040519713098917,15.459754108461894,27.600786011185992,0.9849889464910617,,,
-3.8160842311019776,4.264630993524879,0.40602016295333265,0.37780234777900734,0.25456393633605456,1.019751394787304,,,0.37264723961897217,,-7031.222538937526,-16.911247344203936,,,,1.3040519713098917,15.459754108461894,27.600786011185992,0.9849889464910617,,,
-0.22497791743903894,1.4093477613742644,-0.40726217599449416,0.27531764098867617,0.4059890426044606,1.7576855093182022,,,0.856139196643501,,-247233.6459565756,-16.708056938643367,,,,2.1860454762066923,2.6279220838164243,4.437883177210852,1.7727629606896846,,,
0.12108600610711442,0.7949291097848319,-0.3881873072308287,0.3519764380973537,0.5447479626525977,1.5962948944150317,,,1.0416352543215002,,-113121.5541446913,-12.56650150077063,,,,2.1024801885130007,1.6806233988005348,2.7454713818487937,1.1945089205030914,,,
0.12108600610711442,0.7949291097848319,-0.3881873072308287,0.3519764380973537,0.5447479626525977,1.5962948944150317,,,1.0416352543215002,,-275622.1839754154,-11.33622023672999,,,,2.1024801885130007,1.6806233988005348,2.7454713818487937,1.1945089205030914,,,
0.054339958901708896,-0.25675389932793247,-2.1404163092883235,0.6152469514606524,0.9560005649418709,1.4305943222827666,,,0.9438924378323347,,-61537.74970429995,-17.334369708672842,,,,2.6736034087447007,1.4085696509765573,2.487292672315234,1.4367029444707884,,,
0.054339958901708896,-0.25675389932793247,-2.1404163092883235,0.6152469514606524,0.9560005649418709,1.4305943222827666,,,0.9438924378323347,,-118713.02833273934,-11.939532290499931,,,,2.6736034087447007,1.4085696509765573,2.487292672315234,1.4367029444707884,,,
-0.8741412136070116,0.3128770028500998,-1.1615203717748617,0.6260346830697211,1.392189536215779,1.4297812141346289,,,1.0906218759944235,,-80490.7558393415,-12.211328492240327,,,,2.7539761830534624,0.9738664081752675,1.8052332563459148,1.5517490313748044,,,
-1.2277280183366734,2.7881324647467176,-0.41734842103093994,0.7056440848682581,1.7547607999865829,1.8139399751325957,,,1.1972191179413176,,-8890.809510557803,-18.091548079889222,,,,2.2193172029376314,0.7334435412495822,1.8908601636440767,0.46658012165181034,,,
-1.2277280183366734,2.7881324647467176,-0.41734842103093994,0.7056440848682581,1.7547607999865829,1.8139399751325957,,,1.1972191179413176,,-20151.94458887638,-12.945230391159331,,,,2.2193172029376314,0.7334435412495822,1.8908601636440767,0.46658012165181034,,,
-1.222270724146007,2.7706159481931807,-0.4162097510284872,0.7041119518595581,1.7564878444638075,1.811061563674897,,,1.1999782254738618,,-5784.7199094774405,-12.746613390696426,,,,2.220401044336811,0.729377810443347,1.878521616832785,0.4692813757231183,,,
0.47752039126512386,3.1714024779017156,-0.45867165665111703,0.619820711483591,1.3186958423899116,1.3659982618059354,,,1.8436158909684153,,-5071.145596263824,-18.736472065479187,,,,2.522669413676506,0.5646419707967886,0.8461922365274424,0.7846978721990145,,,
0.47752039126512386,3.1714024779017156,-0.45867165665111703,0.619820711483591,1.3186958423899116,1.3659982618059354,,,1.8436158909684153,,-39369.09553949654,-16.677564461767247,,,,2.522669413676506,0.5646419707967886,0.8461922365274424,0.7846978721990145,,,
0.47752039126512386,3.1714024779017156,-0.45867165665111703,0.619820711483591,1.3186958423899116,1.3659982618059354,,,1.8436158909684153,,-15108.292179011483,-13.902797322777518,,,,2.522669413676506,0.5646419707967886,0.8461922365274424,0.7846978721990145,,,
0.7050521826132328,3.9683119919656304,-0.6547014608214059,0.6965923472728561,1.1171319350702391,1.43827377778128,,,1.8397196268150409,,-14279.427122449151,-11.508748605216416,,,,2.5126569915912684,0.6365087720900996,0.9463004092760149,0.7876369932473202,,,
0.7050521826132328,3.9683119919656304,-0.6547014608214059,0.6965923472728561,1.1171319350702391,1.43827377778128,,,1.8397196268150409,,-39122.079963888034,-15.928466172750243,,,,2.5126569915912684,0.6365087720900996,0.9463004092760149,0.7876369932473202,,,
0.7050521826132328,3.9683119919656304,-0.6547014608214059,0.6965923472728561,1.1171319350702391,1.43827377778128,,,1.8397196268150409,,-236497.42065342414,-12.74595915125435,,,,2.5126569915912684,0.6365087720900996,0.9463004092760149,0.7876369932473202,,,
0.7050521826132328,3.9683119919656304,-0.6547014608214059,0.6965923472728561,1.1171319350702391,1.43827377778128,,,1.8397196268150409,,-83490.68502992191,-16.791412907480716,,,,2.5126569915912684,0.6365087720900996,0.9463004092760149,0.7876369932473202,,,
0.7050521826132328,3.9683119919656304,-0.6547014608214059,0.6965923472728561,1.1171319350702391,1.43827377778128,,,1.8397196268150409,,-352009.62728856126,-12.172021972898033,,,,2.5126569915912684,0.6365087720900996,0.9463004092760149,0.7876369932473202,,,
0.7050521826132328,3.9683119919656304,-0.6547014608214059,0.6965923472728561,1.1171319350702391,1.43827377778128,,,1.8397196268150409,,-14578.496390263874,-11.555504236959266,,,,2.5126569915912684,0.6365087720900996,0.9463004092760149,0.7876369932473202,,,
2.124919845000327,4.083189910874786,-2.2388696583095866,0.41502977595885415,0.8738558085037815,2.018142627787064,,,1.5809725487834336,,-3117.8192848436247,-13.45432455926693,,,,4.454144865901184,0.7786122754426686,1.1672197272766793,1.0747309114835801,,,
1.8916446672834923,3.816224083735532,-3.6262587029033937,0.5766799095945342,0.9675447247109749,2.052186725869946,,,1.5210832941249268,,-337595.9765886286,-13.502621185162722,,,,5.111093132575161,0.7703354862913149,1.1493558662157282,1.1462870763686785,,,
1.8916446672834923,3.816224083735532,-3.6262587029033937,0.5766799095945342,0.9675447247109749,2.052186725869946,,,1.5210832941249268,,-19098.146206152513,-15.45127288554336,,,,5.111093132575161,0.7703354862913149,1.1493558662157282,1.1462870763686785,,,
7.352282829255613,-16.134000358329406,-11.05882613147862,0.50623846696826,0.5420622163400797,0.22911244437811273,,,0.6713944611106684,,-100066.42785814292,-14.309199883226725,,,,6.473775510416249,2.8292354533375033,1.297932958916568,10.070201511462646,,,
7.352282829255613,-16.134000358329406,-11.05882613147862,0.50623846696826,0.5420622163400797,0.22911244437811273,,,0.6713944611106684,,-25941.93243353044,-17.302568198258243,,,,6.473775510416249,2.8292354533375033,1.297932958916568,10.070201511462646,,,
18.378630486111966,-28.21104589361342,-25.740111769420086,0.38111726941695356,0.19220393389503587,0.17163696771256903,,,0.6234957339550115,,-58402.12570823825,-12.108638231070824,,,,12.565185932534359,3.879925466792892,0.7203233356390683,14.70719010062343,,,
20.630008302788955,-31.341180766377565,-29.24057101463601,0.36194606648804006,0.18943029800651925,0.15540967700859576,,,0.6167982222803183,,-6544.320363522416,-17.084492325419333,,,,13.713428763573404,3.978711947815932,0.7350537274259961,15.114373085540853,,,
20.630008302788955,-31.341180766377565,-29.24057101463601,0.36194606648804006,0.18943029800651925,0.15540967700859576,,,0.6167982222803183,,-247233.6459565756,-16.708056938643367,,,,13.713428763573404,3.978711947815932,0.7350537274259961,15.114373085540853,,,
20.630008302788955,-31.341180766377565,-29.24057101463601,0.36194606648804006,0.18943029800651925,0.15540967700859576,,,0.6167982222803183,,-113121.5541446913,-12.56650150077063,,,,13.713428763573404,3.978711947815932,0.7350537274259961,15.114373085540853,,,
20.630008302788955,-31.341180766377565,-29.24057101463601,0.36194606648804006,0.18943029800651925,0.15540967700859576,,,0.6167982222803183,,-193341.87022567316,-11.835678226609158,,,,13.713428763573404,3.978711947815932,0.7350537274259961,15.114373085540853,,,
20.630008302788955,-31.341180766377565,-29.24057101463601,0.36194606648804006,0.18943029800651925,0.15540967700859576,,,0.6167982222803183,,-59484.352963146135,-17.26699005709215,,,,13.713428763573404,3.978711947815932,0.7350537274259961,15.114373085540853,,,
20.630008302788955,-31.341180766377565,-29.24057101463601,0.36194606648804006,0.18943029800651925,0.15540967700859576,,,0.6167982222803183,,-118713.02833273934,-11.939532290499931,,,,13.713428763573404,3.978711947815932,0.7350537274259961,15.114373085540853,,,
20.630008302788955,-31.341180766377565,-29.24057101463601,0.36194606648804006,0.18943029800651925,0.15540967700859576,,,0.6167982222803183,,-80490.7558393415,-12.211328492240327,,,,13.713428763573404,3.978711947815932,0.7350537274259961,15.114373085540853,,,
20.630008302788955,-31.341180766377565,-29.24057101463601,0.36194606648804006,0.18943029800651925,0.15540967700859576,,,0.6167982222803183,,-8890.809510557803,-18.091548079889222,,,,13.713428763573404,3.978711947815932,0.7350537274259961,15.114373085540853,,,
20.630008302788955,-31.341180766377565,-29.24057101463601,0.36194606648804006,0.18943029800651925,0.15540967700859576,,,0.6167982222803183,,-20151.94458887638,-12.945230391159331,,,,13.713428763573404,3.978711947815932,0.7350537274259961,15.114373085540853,,,
30.855847749883598,-39.79829766294546,-45.70810338807985,0.35737799729052533,0.05429762763922241,0.12450502612805991,,,0.5363301553685136,,-5784.7199094774405,-12.746613390696426,,,,15.690248663875364,5.258892092342166,0.8271313684494409,19.94823998982926,,,
30.855847749883598,-39.79829766294546,-45.70810338807985,0.35737799729052533,0.05429762763922241,0.12450502612805991,,,0.5363301553685136,,-5071.145596263824,-18.736472065479187,,,,15.690248663875364,5.258892092342166,0.8271313684494409,19.94823998982926,,,
30.855847749883598,-39.79829766294546,-45.70810338807985,0.35737799729052533,0.05429762763922241,0.12450502612805991,,,0.5363301553685136,,-39369.09553949654,-16.677564461767247,,,,15.690248663875364,5.258892092342166,0.8271313684494409,19.94823998982926,,,
30.855847749883598,-39.79829766294546,-45.70810338807985,0.35737799729052533,0.05429762763922241,0.12450502612805991,,,0.5363301553685136,,-11615.223869185907,-14.77727639364731,,,,15.690248663875364,5.258892092342166,0.8271313684494409,19.94823998982926,,,
27.292404733091235,-48.03929698134408,-37.83366963418265,0.23738585387279765,0.2778898273852575,1.2272114374112884,,,0.8796529465402253,,-14279.427122449151,-11.508748605216416,,,,23.223886100695164,2.0550057597563134,1.5904732059491944,5.752304840983167,,,
27.292404733091235,-48.03929698134408,-37.83366963418265,0.23738585387279765,0.2778898273852575,1.2272114374112884,,,0.8796529465402253,,-39122.079963888034,-15.928466172750243,,,,23.223886100695164,2.0550057597563134,1.5904732059491944,5.752304840983167,,,
27.292404733091235,-48.03929698134408,-37.83366963418265,0.23738585387279765,0.2778898273852575,1.2272114374112884,,,0.8796529465402253,,-236497.42065342414,-12.74595915125435,,,,23.223886100695164,2.0550057597563134,1.5904732059491944,5.752304840983167,,,
27.292404733091235,-48.03929698134408,-37.83366963418265,0.23738585387279765,0.2778898273852575,1.2272114374112884,,,0.8796529465402253,,-83490.68502992191,-16.791412907480716,,,,23.223886100695164,2.0550057597563134,1.5904732059491944,5.752304840983167,,,
15.557260361430851,-24.98672773573365,-29.67459342201358,1.460110331526228,1.1687984921562444,1.5955187402054036,,,1.2299487116333074,,-352009.62728856126,-12.172021972898033,,,,24.41592500616252,0.9199286537148134,1.130451799782765,2.5347316815245637,,,
15.557260361430851,-24.98672773573365,-29.67459342201358,1.460110331526228,1.1687984921562444,1.5955187402054036,,,1.2299487116333074,,-14578.496390263874,-11.555504236959266,,,,24.41592500616252,0.9199286537148134,1.130451799782765,2.5347316815245637,,,
15.557260361430851,-24.98672773573365,-29.67459342201358,1.460110331526228,1.1687984921562444,1.5955187402054036,,,1.2299487116333074,,-3117.8192848436247,-13.45432455926693,,,,24.41592500616252,0.9199286537148134,1.130451799782765,2.5347316815245637,,,
-0.2836662571399154,-0.9627449720903974,1.6935161774070604,1.8789276415779033,0.4089029390551402,1.439444961744354,,,1.018699290482706,,-210484.6295395674,-12.861219253421568,,,,1.6660795522038412,1.050493837865966,0.2984170586182449,3.04469939992196,,,
-0.2836662571399154,-0.9627449720903974,1.6935161774070604,1.8789276415779033,0.4089029390551402,1.439444961744354,,,1.018699290482706,,-19098.146206152513,-15.45127288554336,,,,1.6660795522038412,1.050493837865966,0.2984170586182449,3.04469939992196,,,
-0.2836662571399154,-0.9627449720903974,1.6935161774070604,1.8789276415779033,0.4089029390551402,1.439444961744354,,,1.018699290482706,,-100066.42785814292,-14.309199883226725,,,,1.6660795522038412,1.050493837865966,0.2984170586182449,3.04469939992196,,,
-0.7426542466629575,-1.460887527402507,-1.4083648947544603,1.5372085358893743,0.5758031016040497,1.683950902908371,,,0.9488913959397053,,-12815.167834783526,-12.813462602474267,,,,2.4458907648604695,1.1120300726230465,0.5157127426801309,3.3651238755726456,,,
-0.8355854818501747,-1.5224047574089936,-1.4727688163713142,1.5508297526744905,0.555214779044918,1.709554738207399,,,0.9187699050602993,,-58402.12570823825,-12.108638231070824,,,,2.4701296703513793,1.1824444900804174,0.5330636780040375,3.63354777575036,,,
0.4043700893924236,-0.4339565328123625,-0.9823537525906763,1.1228055819925409,0.7909404214222956,1.4693121252661605,,,1.2204790390686455,,-6459.266041469615,-17.090448226914276,,,,2.6530849201262217,0.8126880309629441,0.9640236049819165,2.89585932326548,,,
0.7097854950067446,0.27907563017878895,-0.809510574045356,1.0401663359199742,0.798970984369528,1.3883841130930241,,,1.431195718039468,,-143861.30553976368,-17.092673457299732,,,,2.6913210527207885,0.7025931848332914,0.811446029139062,2.1393434045587836,,,
0.7097854950067446,0.27907563017878895,-0.809510574045356,1.0401663359199742,0.798970984369528,1.3883841130930241,,,1.431195718039468,,-101782.15111614339,-12.577070935606459,,,,2.6913210527207885,0.7025931848332914,0.811446029139062,2.1393434045587836,,,
0.7097854950067446,0.27907563017878895,-0.809510574045356,1.0401663359199742,0.798970984369528,1.3883841130930241,,,1.431195718039468,,-193341.87022567316,-11.835678226609158,,,,2.6913210527207885,0.7025931848332914,0.811446029139062,2.1393434045587836,,,
0.7097854950067446,0.27907563017878895,-0.809510574045356,1.0401663359199742,0.798970984369528,1.3883841130930241,,,1.431195718039468,,-59484.352963146135,-17.26699005709215,,,,2.6913210527207885,0.7025931848332914,0.811446029139062,2.1393434045587836,,,
0.7097854950067446,0.27907563017878895,-0.809510574045356,1.0401663359199742,0.798970984369528,1.3883841130930241,,,1.431195718039468,,-99064.11447004337,-12.32551394776625,,,,2.6913210527207885,0.7025931848332914,0.811446029139062,2.1393434045587836,,,
0.7097854950067446,0.27907563017878895,-0.809510574045356,1.0401663359199742,0.798970984369528,1.3883841130930241,,,1.431195718039468,,-37387.68565149275,-12.221218078481566,,,,2.6913210527207885,0.7025931848332914,0.811446029139062,2.1393434045587836,,,
0.7097854950067446,0.27907563017878895,-0.809510574045356,1.0401663359199742,0.798970984369528,1.3883841130930241,,,1.431195718039468,,-8890.809510557803,-18.091548079889222,,,,2.6913210527207885,0.7025931848332914,0.811446029139062,2.1393434045587836,,,
0.49425804409270985,0.15889506009976043,-0.46792332452835517,1.1345942117405088,0.7828230917508461,1.4919007827650574,,,1.4428208667026952,,-20151.94458887638,-12.945230391159331,,,,5.2026639824333945,0.695975171706187,0.8487486784694261,1.9219364881801526,,,
0.49425804409270985,0.15889506009976043,-0.46792332452835517,1.1345942117405088,0.7828230917508461,1.4919007827650574,,,1.4428208667026952,,-5784.7199094774405,-12.746613390696426,,,,5.2026639824333945,0.695975171706187,0.8487486784694261,1.9219364881801526,,,
0.49425804409270985,0.15889506009976043,-0.46792332452835517,1.1345942117405088,0.7828230917508461,1.4919007827650574,,,1.4428208667026952,,-4099.321830610505,-19.609198886004503,,,,5.2026639824333945,0.695975171706187,0.8487486784694261,1.9219364881801526,,,
0.49425804409270985,0.15889506009976043,-0.46792332452835517,1.1345942117405088,0.7828230917508461,1.4919007827650574,,,1.4428208667026952,,-39369.09553949654,-16.677564461767247,,,,5.2026639824333945,0.695975171706187,0.8487486784694261,1.9219364881801526,,,
0.49425804409270985,0.15889506009976043,-0.46792332452835517,1.1345942117405088,0.7828230917508461,1.4919007827650574,,,1.4428208667026952,,-11615.223869185907,-14.77727639364731,,,,5.2026639824333945,0.695975171706187,0.8487486784694261,1.9219364881801526,,,
0.49425804409270985,0.15889506009976043,-0.46792332452835517,1.1345942117405088,0.7828230917508461,1.4919007827650574,,,1.4428208667026952,,-12427.309207472621,-11.537147571061803,,,,5.2026639824333945,0.695975171706187,0.8487486784694261,1.9219364881801526,,,
0.49425804409270985,0.15889506009976043,-0.46792332452835517,1.1345942117405088,0.7828230917508461,1.4919007827650574,,,1.4428208667026952,,-39122.079963888034,-15.928466172750243,,,,5.2026639824333945,0.695975171706187,0.8487486784694261,1.9219364881801526,,,
0.49425804409270985,0.15889506009976043,-0.46792332452835517,1.1345942117405088,0.7828230917508461,1.4919007827650574,,,1.4428208667026952,,-236497.42065342414,-12.74595915125435,,,,5.2026639824333945,0.695975171706187,0.8487486784694261,1.9219364881801526,,,
0.49425804409270985,0.15889506009976043,-0.46792332452835517,1.1345942117405088,0.7828230917508461,1.4919007827650574,,,1.4428208667026952,,-83490.68502992191,-16.791412907480716,,,,5.2026639824333945,0.695975171706187,0.8487486784694261,1.9219364881801526,,,
0.49425804409270985,0.15889506009976043,-0.46792332452835517,1.1345942117405088,0.7828230917508461,1.4919007827650574,,,1.4428208667026952,,-45935.67993624844,-13.894032735293813,,,,5.2026639824333945,0.695975171706187,0.8487486784694261,1.9219364881801526,,,
2.185073388163038,0.07897326992270282,0.8903784030791332,0.3283270540435242,1.4570332559718318,0.5184743991263785,,,0.9615991791133757,,-8244.659567864472,-11.676233418786056,,,,1.9493100179921294,1.0016057748483758,0.8860098494111035,12.45067267034893,,,
2.185073388163038,0.07897326992270282,0.8903784030791332,0.3283270540435242,1.4570332559718318,0.5184743991263785,,,0.9615991791133757,,-3117.8192848436247,-13.45432455926693,,,,1.9493100179921294,1.0016057748483758,0.8860098494111035,12.45067267034893,,,
2.516071192619624,0.047696409992722365,-0.29712867114999053,0.29143027630985546,1.2739841400117053,0.964528857807929,,,1.0166611813054087,,-210484.6295395674,-12.861219253421568,,,,2.3607714773946027,1.0459479195332926,1.1469473475429568,9.342542408111015,,,
2.5965262495326478,2.9742145724207116,-0.03147439736321132,0.2663999651923406,1.4105557832171378,1.1526049239217595,,,0.9689249540448543,,-19098.146206152513,-15.45127288554336,,,,3.0849682326739947,0.9070751479995666,3.4344439182854547,8.008428392606792,,,
2.3813962939608775,3.391026839957667,-0.24836228132665722,0.3773004633541948,1.2015122653129287,1.0508729110101296,,,1.6167063484837207,,-100066.42785814292,-14.309199883226725,,,,3.046040159301552,0.6046947339053356,1.206444728133567,2.4808990172308842,,,
-0.5587557990140578,3.147769310778465,4.246730984086746,0.4462137042588551,2.5636302706830247,1.0370459188309002,,,1.75732904574438,,-12815.167834783526,-12.813462602474267,,,,2.7062914807714074,0.40028098215423663,0.9343015986275207,2.073255244676959,,,
-0.5587557990140578,3.147769310778465,4.246730984086746,0.4462137042588551,2.5636302706830247,1.0370459188309002,,,1.75732904574438,,-58402.12570823825,-12.108638231070824,,,,2.7062914807714074,0.40028098215423663,0.9343015986275207,2.073255244676959,,,
-0.5587557990140578,3.147769310778465,4.246730984086746,0.4462137042588551,2.5636302706830247,1.0370459188309002,,,1.75732904574438,,-6459.266041469615,-17.090448226914276,,,,2.7062914807714074,0.40028098215423663,0.9343015986275207,2.073255244676959,,,
-0.553164409152895,3.318015597280002,4.454109475901545,0.4267044623045274,2.607781449254234,1.0388872834662217,,,1.7705638168824471,,-143861.30553976368,-17.092673457299732,,,,2.738266268644617,0.39302428292846525,0.9364633690465983,2.084679286323435,,,
-0.553164409152895,3.318015597280002,4.454109475901545,0.4267044623045274,2.607781449254234,1.0388872834662217,,,1.7705638168824471,,-83563.75695500382,-13.163603227748874,,,,2.738266268644617,0.39302428292846525,0.9364633690465983,2.084679286323435,,,
-0.553164409152895,3.318015597280002,4.454109475901545,0.4267044623045274,2.607781449254234,1.0388872834662217,,,1.7705638168824471,,-193341.87022567316,-11.835678226609158,,,,2.738266268644617,0.39302428292846525,0.9364633690465983,2.084679286323435,,,
-5.45821222304999,32.369043579639204,39.21072429195714,0.3223539324692195,2.8593692222650278,1.0211791171682023,,,1.8333276637732079,,-41525.72519849154,-14.81284240405422,,,,23.704089516607855,0.3865341657054374,0.8744035134841884,2.084499450150722,,,
2.966181658149584,11.273155718388104,16.71215018517246,1.3201808237557529,2.461943723805485,1.2733014116019556,,,1.6157508847927495,,-99064.11447004337,-12.32551394776625,,,,14.955220267228786,0.5041605790505985,1.1071249693029563,3.4957588082604327,,,
2.966181658149584,11.273155718388104,16.71215018517246,1.3201808237557529,2.461943723805485,1.2733014116019556,,,1.6157508847927495,,-32769.36389023418,-12.192413684657978,,,,14.955220267228786,0.5041605790505985,1.1071249693029563,3.4957588082604327,,,
2.966181658149584,11.273155718388104,16.71215018517246,1.3201808237557529,2.461943723805485,1.2733014116019556,,,1.6157508847927495,,-8890.809510557803,-18.091548079889222,,,,14.955220267228786,0.5041605790505985,1.1071249693029563,3.4957588082604327,,,
4.417437208990212,9.117141928000851,14.33983151764034,1.5116833057699812,2.388308461817827,1.3204263756296186,,,1.5670337381025372,,-20151.94458887638,-12.945230391159331,,,,14.676688050498273,0.5358578269036044,1.1763952041188968,3.896519805728154,,,
4.524286900169169,9.20945424122872,14.365829242770742,1.514048127873276,2.3852608611872608,1.3215058672181348,,,1.5667702109706005,,-5784.7199094774405,-12.746613390696426,,,,14.81420344234588,0.5357807834723385,1.1784189286248166,3.9020632572407044,,,
4.524286900169169,9.20945424122872,14.365829242770742,1.514048127873276,2.3852608611872608,1.3215058672181348,,,1.5667702109706005,,-4099.321830610505,-19.609198886004503,,,,14.81420344234588,0.5357807834723385,1.1784189286248166,3.9020632572407044,,,
4.524286900169169,9.20945424122872,14.365829242770742,1.514048127873276,2.3852608611872608,1.3215058672181348,,,1.5667702109706005,,-39369.09553949654,-16.677564461767247,,,,14.81420344234588,0.5357807834723385,1.1784189286248166,3.9020632572407044,,,
4.524286900169169,9.20945424122872,14.365829242770742,1.514048127873276,2.3852608611872608,1.3215058672181348,,,1.5667702109706005,,-11615.223869185907,-14.77727639364731,,,,14.81420344234588,0.5357807834723385,1.1784189286248166,3.9020632572407044,,,
4.524286900169169,9.20945424122872,14.365829242770742,1.514048127873276,2.3852608611872608,1.3215058672181348,,,1.5667702109706005,,-12427.309207472621,-11.537147571061803,,,,14.81420344234588,0.5357807834723385,1.1784189286248166,3.9020632572407044,,,
4.524286900169169,9.20945424122872,14.365829242770742,1.514048127873276,2.3852608611872608,1.3215058672181348,,,1.5667702109706005,,-36376.216305346876,-15.593134707350641,,,,14.81420344234588,0.5357807834723385,1.1784189286248166,3.9020632572407044,,,
12.959599845615564,49.617926840718255,266.3149285703637,1.597609784308021,3.028822324353395,1.3820469797480386,,,1.5098935897531922,,-176099.85717575625,-12.848679548852552,,,,121.99409930443704,0.5759700563465864,1.4579576004540036,5.915056257198065,,,
0.9456284749935238,0.41148935510586315,-1.2729650754998252,0.2632140077099865,0.9255796086233316,0.5465598128782795,,,1.5415342500818565,,-73614.89871819671,-16.182805763279003,,,,0.5949322672612462,0.6743305347671034,0.47382613665668677,3.049253456209267,,,
0.9456284749935238,0.41148935510586315,-1.2729650754998252,0.2632140077099865,0.9255796086233316,0.5465598128782795,,,1.5415342500818565,,-45935.67993624844,-13.894032735293813,,,,0.5949322672612462,0.6743305347671034,0.47382613665668677,3.049253456209267,,,
0.9456284749935238,0.41148935510586315,-1.2729650754998252,0.2632140077099865,0.9255796086233316,0.5465598128782795,,,1.5415342500818565,,-8244.659567864472,-11.676233418786056,,,,0.5949322672612462,0.6743305347671034,0.47382613665668677,3.049253456209267,,,
0.9456284749935238,0.41148935510586315,-1.2729650754998252,0.2632140077099865,0.9255796086233316,0.5465598128782795,,,1.5415342500818565,,-3117.8192848436247,-13.45432455926693,,,,0.5949322672612462,0.6743305347671034,0.47382613665668677,3.049253456209267,,,
0.9456284749935238,0.41148935510586315,-1.2729650754998252,0.2632140077099865,0.9255796086233316,0.5465598128782795,,,1.5415342500818565,,-210484.6295395674,-12.861219253421568,,,,0.5949322672612462,0.6743305347671034,0.47382613665668677,3.049253456209267,,,
0.9456284749935238,0.41148935510586315,-1.2729650754998252,0.2632140077099865,0.9255796086233316,0.5465598128782795,,,1.5415342500818565,,-18700.74550325725,-15.428301640532977,,,,0.5949322672612462,0.6743305347671034,0.47382613665668677,3.049253456209267,,,
0.9456284749935238,0.41148935510586315,-1.2729650754998252,0.2632140077099865,0.9255796086233316,0.5465598128782795,,,1.5415342500818565,,-100066.42785814292,-14.309199883226725,,,,0.5949322672612462,0.6743305347671034,0.47382613665668677,3.049253456209267,,,
0.9456284749935238,0.41148935510586315,-1.2729650754998252,0.2632140077099865,0.9255796086233316,0.5465598128782795,,,1.5415342500818565,,-12815.167834783526,-12.813462602474267,,,,0.5949322672612462,0.6743305347671034,0.47382613665668677,3.049253456209267,,,
0.9456284749935238,0.41148935510586315,-1.2729650754998252,0.2632140077099865,0.9255796086233316,0.5465598128782795,,,1.5415342500818565,,-58402.12570823825,-12.108638231070824,,,,0.5949322672612462,0.6743305347671034,0.47382613665668677,3.049253456209267,,,
0.9375690373040229,0.2787960883812994,-1.5548190306668466,0.21029873838179286,0.9408847226202819,0.4786407855066741,,,1.3246486036307452,,-6459.266041469615,-17.090448226914276,,,,0.5133975491597527,0.771594865518532,0.4225157794746168,4.40610267725982,,,
0.9375690373040229,0.2787960883812994,-1.5548190306668466,0.21029873838179286,0.9408847226202819,0.4786407855066741,,,1.3246486036307452,,-143861.30553976368,-17.092673457299732,,,,0.5133975491597527,0.771594865518532,0.4225157794746168,4.40610267725982,,,
0.9375690373040229,0.2787960883812994,-1.5548190306668466,0.21029873838179286,0.9408847226202819,0.4786407855066741,,,1.3246486036307452,,-73831.48290523313,-13.018947232685907,,,,0.5133975491597527,0.771594865518532,0.4225157794746168,4.40610267725982,,,
0.9375690373040229,0.2787960883812994,-1.5548190306668466,0.21029873838179286,0.9408847226202819,0.4786407855066741,,,1.3246486036307452,,-173505.39194131148,-12.07396481398381,,,,0.5133975491597527,0.771594865518532,0.4225157794746168,4.40610267725982,,,
0.9375690373040229,0.2787960883812994,-1.5548190306668466,0.21029873838179286,0.9408847226202819,0.4786407855066741,,,1.3246486036307452,,-41525.72519849154,-14.81284240405422,,,,0.5133975491597527,0.771594865518532,0.4225157794746168,4.40610267725982,,,
0.9375690373040229,0.2787960883812994,-1.5548190306668466,0.21029873838179286,0.9408847226202819,0.4786407855066741,,,1.3246486036307452,,-99064.11447004337,-12.32551394776625,,,,0.5133975491597527,0.771594865518532,0.4225157794746168,4.40610267725982,,,
0.9375690373040229,0.2787960883812994,-1.5548190306668466,0.21029873838179286,0.9408847226202819,0.4786407855066741,,,1.3246486036307452,,-32769.36389023418,-12.192413684657978,,,,0.5133975491597527,0.771594865518532,0.4225157794746168,4.40610267725982,,,
0.9406481946525738,0.2738016674621338,-1.5743724409100543,0.18029473458482193,0.9460156379059845,0.4457488611368785,,,1.320635369693642,,-2765.302858947802,-23.2099191699485,,,,0.4988034606774519,0.774524829492653,0.4060009408700195,4.502354289409889,,,
0.9406481946525738,0.2738016674621338,-1.5743724409100543,0.18029473458482193,0.9460156379059845,0.4457488611368785,,,1.320635369693642,,-20151.94458887638,-12.945230391159331,,,,0.4988034606774519,0.774524829492653,0.4060009408700195,4.502354289409889,,,
0.9406481946525738,0.2738016674621338,-1.5743724409100543,0.18029473458482193,0.9460156379059845,0.4457488611368785,,,1.320635369693642,,-5784.7199094774405,-12.746613390696426,,,,0.4988034606774519,0.774524829492653,0.4060009408700195,4.502354289409889,,,
0.9406481946525738,0.2738016674621338,-1.5743724409100543,0.18029473458482193,0.9460156379059845,0.4457488611368785,,,1.320635369693642,,-4099.321830610505,-19.609198886004503,,,,0.4988034606774519,0.774524829492653,0.4060009408700195,4.502354289409889,,,
0.9406481946525738,0.2738016674621338,-1.5743724409100543,0.18029473458482193,0.9460156379059845,0.4457488611368785,,,1.320635369693642,,-39369.09553949654,-16.677564461767247,,,,0.4988034606774519,0.774524829492653,0.4060009408700195,4.502354289409889,,,
0.9406481946525738,0.2738016674621338,-1.5743724409100543,0.18029473458482193,0.9460156379059845,0.4457488611368785,,,1.320635369693642,,-11615.223869185907,-14.77727639364731,,,,0.4988034606774519,0.774524829492653,0.4060009408700195,4.502354289409889,,,
0.9486674942899731,0.22878908122186853,-1.6153552707197893,0.07313162015018526,0.7885347367269695,0.3749554109090987,,,1.305210123162844,,-8793.603613928455,-12.520659101673173,,,,0.46387342278155924,0.7946153447663719,0.29956002785749253,4.359411815595966,,,
-0.5287237422811558,0.8720907333497874,0.35464494424384546,2.709824458108744,3.028206209399003,0.43453950245655915,,,0.7618399564980585,,-36376.216305346876,-15.593134707350641,,,,0.910094683108135,3.3357914442862833,4.3860242645060055,3.659514860245817,,,
-0.5255701844943367,1.263332753648131,-0.3750518038084604,3.4959715616844544,2.0969773090726216,0.6239547825102041,,,1.0329388500138041,,-176099.85717575625,-12.848679548852552,,,,1.306857071290602,1.7743167633340282,2.0821861414778273,1.7150504386312588,,,
-0.4184824546776462,1.2193424417804994,-0.7294427583561746,3.2960366169089808,2.035259788684576,0.7440824852376897,,,0.9979737091378129,,-73614.89871819671,-16.182805763279003,,,,1.3115028454366333,1.7539048221563946,2.3056751593223854,1.7221766996936467,,,
-0.4184824546776462,1.2193424417804994,-0.7294427583561746,3.2960366169089808,2.035259788684576,0.7440824852376897,,,0.9979737091378129,,-45935.67993624844,-13.894032735293813,,,,1.3115028454366333,1.7539048221563946,2.3056751593223854,1.7221766996936467,,,
-0.4184824546776462,1.2193424417804994,-0.7294427583561746,3.2960366169089808,2.035259788684576,0.7440824852376897,,,0.9979737091378129,,-8244.659567864472,-11.676233418786056,,,,1.3115028454366333,1.7539048221563946,2.3056751593223854,1.7221766996936467,,,
-0.6595204799470211,1.4023209282173104,-0.6137004053197387,3.5604166611173644,2.0298046491078745,0.7190727758350655,,,0.9040951882451008,,-3117.8192848436247,-13.45432455926693,,,,1.319733021521898,2.1561013199792325,2.8772641099075438,2.0721030892662635,,,
-0.5603803514192317,1.181223005402542,-0.9349553030998603,3.1508508372364297,1.918564327288065,0.8359471845481048,,,0.9040489418726089,,-210484.6295395674,-12.861219253421568,,,,1.4732071318826794,1.9827134880958148,2.735315925391356,2.04573062899358,,,
-0.5603803514192317,1.181223005402542,-0.9349553030998603,3.1508508372364297,1.918564327288065,0.8359471845481048,,,0.9040489418726089,,-18700.74550325725,-15.428301640532977,,,,1.4732071318826794,1.9827134880958148,2.735315925391356,2.04573062899358,,,
-0.5603803514192317,1.181223005402542,-0.9349553030998603,3.1508508372364297,1.918564327288065,0.8359471845481048,,,0.9040489418726089,,-100066.42785814292,-14.309199883226725,,,,1.4732071318826794,1.9827134880958148,2.735315925391356,2.04573062899358,,,
-0.5603803514192317,1.181223005402542,-0.9349553030998603,3.1508508372364297,1.918564327288065,0.8359471845481048,,,0.9040489418726089,,-12815.167834783526,-12.813462602474267,,,,1.4732071318826794,1.9827134880958148,2.735315925391356,2.04573062899358,,,
-1.3161586476610199,0.36977321314856737,-5.285629649677442,2.1219519023772344,1.4662852877835086,1.4347674906751753,,,0.8553341177988126,,-58402.12570823825,-12.108638231070824,,,,2.586953186367017,1.7270021276299732,2.160154226275675,2.9584292178102958,,,
-1.3161586476610199,0.36977321314856737,-5.285629649677442,2.1219519023772344,1.4662852877835086,1.4347674906751753,,,0.8553341177988126,,-6459.266041469615,-17.090448226914276,,,,2.586953186367017,1.7270021276299732,2.160154226275675,2.9584292178102958,,,
-1.3161586476610199,0.36977321314856737,-5.285629649677442,2.1219519023772344,1.4662852877835086,1.4347674906751753,,,0.8553341177988126,,-143861.30553976368,-17.092673457299732,,,,2.586953186367017,1.7270021276299732,2.160154226275675,2.9584292178102958,,,
-1.3161586476610199,0.36977321314856737,-5.285629649677442,2.1219519023772344,1.4662852877835086,1.4347674906751753,,,0.8553341177988126,,-73831.48290523313,-13.018947232685907,,,,2.586953186367017,1.7270021276299732,2.160154226275675,2.9584292178102958,,,
-1.3161586476610199,0.36977321314856737,-5.285629649677442,2.1219519023772344,1.4662852877835086,1.4347674906751753,,,0.8553341177988126,,-173505.39194131148,-12.07396481398381,,,,2.586953186367017,1.7270021276299732,2.160154226275675,2.9584292178102958,,,
-1.3161586476610199,0.36977321314856737,-5.285629649677442,2.1219519023772344,1.4662852877835086,1.4347674906751753,,,0.8553341177988126,,-39090.10646168815,-15.840936354215,,,,2.586953186367017,1.7270021276299732,2.160154226275675,2.9584292178102958,,,
-1.3036050583718002,0.3342311487947047,-5.586511733392567,2.0775516182303075,1.4653215653670106,1.4842636433569003,,,0.8777962784926666,,-99064.11447004337,-12.32551394776625,,,,2.737106330846788,1.6133314107923649,2.030527985193146,2.8342187798513616,,,
-0.7209580142852113,0.10383699648566198,-6.42142611239828,2.1676424695590923,1.5283742292269697,1.4977211741042609,,,0.938824836194909,,-14119.86196550321,-12.207750246526677,,,,3.0140731497030067,1.437720417634621,1.8617432344770386,3.8440054766591274,,,
-0.7133125075911004,-0.017233944157377553,-6.353994662087673,2.03583010148341,1.488423507871714,1.5116402016267823,,,0.9920563842985615,,-2765.302858947802,-23.2099191699485,,,,3.2923486054089453,1.2746623101141636,1.6355551241976762,3.4693951716065135,,,
-0.7133125075911004,-0.017233944157377553,-6.353994662087673,2.03583010148341,1.488423507871714,1.5116402016267823,,,0.9920563842985615,,-19681.1006893254,-12.385180340621242,,,,3.2923486054089453,1.2746623101141636,1.6355551241976762,3.4693951716065135,,,
-0.7133125075911004,-0.017233944157377553,-6.353994662087673,2.03583010148341,1.488423507871714,1.5116402016267823,,,0.9920563842985615,,-5784.7199094774405,-12.746613390696426,,,,3.2923486054089453,1.2746623101141636,1.6355551241976762,3.4693951716065135,,,
-0.7133125075911004,-0.017233944157377553,-6.353994662087673,2.03583010148341,1.488423507871714,1.5116402016267823,,,0.9920563842985615,,-4099.321830610505,-19.609198886004503,,,,3.2923486054089453,1.2746623101141636,1.6355551241976762,3.4693951716065135,,,
-1.3860156986790977,-0.14550486117598077,-9.72258630513359,2.1526263256180376,1.3547507182763767,1.5521556473973606,,,0.8496835298253512,,-39369.09553949654,-16.677564461767247,,,,3.9261816887524508,1.6621796922065868,2.214332752646204,5.135338778461251,,,
-1.7878940052068981,-0.39856523908801417,0.17650455691114653,1.7656772256230655,0.15335823218856678,0.19000580516522134,,,1.1368988351711375,,-11615.223869185907,-14.77727639364731,,,,1.0699478358307326,1.4672998877071775,0.08973418738693556,0.45649863009837005,,,
-1.7878940052068981,-0.39856523908801417,0.17650455691114653,1.7656772256230655,0.15335823218856678,0.19000580516522134,,,1.1368988351711375,,-8793.603613928455,-12.520659101673173,,,,1.0699478358307326,1.4672998877071775,0.08973418738693556,0.45649863009837005,,,
-1.7878940052068981,-0.39856523908801417,0.17650455691114653,1.7656772256230655,0.15335823218856678,0.19000580516522134,,,1.1368988351711375,,-36376.216305346876,-15.593134707350641,,,,1.0699478358307326,1.4672998877071775,0.08973418738693556,0.45649863009837005,,,
-1.7878940052068981,-0.39856523908801417,0.17650455691114653,1.7656772256230655,0.15335823218856678,0.19000580516522134,,,1.1368988351711375,,-176099.85717575625,-12.848679548852552,,,,1.0699478358307326,1.4672998877071775,0.08973418738693556,0.45649863009837005,,,
-1.6701759635464988,-0.6535538492854216,0.14851349367829528,1.6331250967819364,0.18898542019665548,0.39128689861459165,,,1.1423066599155036,,-73614.89871819671,-16.182805763279003,,,,1.156020530742356,1.4387109982394768,0.24284286187344997,0.5843227479790252,,,
-1.6701759635464988,-0.6535538492854216,0.14851349367829528,1.6331250967819364,0.18898542019665548,0.39128689861459165,,,1.1423066599155036,,-45935.67993624844,-13.894032735293813,,,,1.156020530742356,1.4387109982394768,0.24284286187344997,0.5843227479790252,,,
-1.2832368139634673,-0.7745430632565148,0.05842580324085636,1.4871007811650747,0.5243169943398363,0.6473647681254566,,,1.2046320603133034,,-8244.659567864472,-11.676233418786056,,,,1.3762956910306248,1.2016048348091812,0.32524145744087546,0.577942713710901,,,
-0.9687679479859654,-1.1676159453960684,-0.6670876081367806,1.226827481511605,0.7970307095459495,0.9633682943161745,,,1.1045302145772589,,-3117.8192848436247,-13.45432455926693,,,,1.8444942176169303,1.1463910639228636,0.7120354340860743,0.8986726442696142,,,
-0.9687679479859654,-1.1676159453960684,-0.6670876081367806,1.226827481511605,0.7970307095459495,0.9633682943161745,,,1.1045302145772589,,-210484.6295395674,-12.861219253421568,,,,1.8444942176169303,1.1463910639228636,0.7120354340860743,0.8986726442696142,,,
-0.9687679479859654,-1.1676159453960684,-0.6670876081367806,1.226827481511605,0.7970307095459495,0.9633682943161745,,,1.1045302145772589,,-18700.74550325725,-15.428301640532977,,,,1.8444942176169303,1.1463910639228636,0.7120354340860743,0.8986726442696142,,,
-0.032118511820921625,-3.4976568674182915,-2.2245354601397866,0.8923230658555018,0.5620331514022504,0.6508795294264573,,,0.9461929095645908,,-62035.562262325446,-12.864162973002308,,,,2.772602282720849,1.611885605646452,0.715818511762922,3.2350360838152588,,,
-0.032118511820921625,-3.4976568674182915,-2.2245354601397866,0.8923230658555018,0.5620331514022504,0.6508795294264573,,,0.9461929095645908,,-9937.22170667301,-13.737250178173909,,,,2.772602282720849,1.611885605646452,0.715818511762922,3.2350360838152588,,,
-0.032118511820921625,-3.4976568674182915,-2.2245354601397866,0.8923230658555018,0.5620331514022504,0.6508795294264573,,,0.9461929095645908,,-58402.12570823825,-12.108638231070824,,,,2.772602282720849,1.611885605646452,0.715818511762922,3.2350360838152588,,,
0.7001619065537499,-1.6635698351891268,-1.3967700749196337,0.8125077414368043,0.6250437773908356,0.7030392027757575,,,1.3813926972958197,,-6459.266041469615,-17.090448226914276,,,,2.8106577064146903,0.9185949269423003,0.6145650635585058,1.7377350984433244,,,
0.7001619065537499,-1.6635698351891268,-1.3967700749196337,0.8125077414368043,0.6250437773908356,0.7030392027757575,,,1.3813926972958197,,-143861.30553976368,-17.092673457299732,,,,2.8106577064146903,0.9185949269423003,0.6145650635585058,1.7377350984433244,,,
0.18257493464532518,-0.268123376951912,-1.4400041019669665,1.981398749363529,0.6455019409176301,0.7260139948939944,,,1.3749348244477926,,-73831.48290523313,-13.018947232685907,,,,2.7998418201501623,0.953196800233126,0.7567736748806297,1.4329533667445238,,,
0.18257493464532518,-0.268123376951912,-1.4400041019669665,1.981398749363529,0.6455019409176301,0.7260139948939944,,,1.3749348244477926,,-173505.39194131148,-12.07396481398381,,,,2.7998418201501623,0.953196800233126,0.7567736748806297,1.4329533667445238,,,
0.18257493464532518,-0.268123376951912,-1.4400041019669665,1.981398749363529,0.6455019409176301,0.7260139948939944,,,1.3749348244477926,,-39090.10646168815,-15.840936354215,,,,2.7998418201501623,0.953196800233126,0.7567736748806297,1.4329533667445238,,,
-0.003424066167179695,0.32818661603466115,-1.4667263508081645,2.393334108083462,0.6584640227193326,0.7530279773925151,,,1.3697815310187273,,-92464.8636238847,-13.022225300568083,,,,2.8162760610538715,0.966295665779345,0.8182690775478434,1.3213846840426424,,,
-0.003424066167179695,0.32818661603466115,-1.4667263508081645,2.393334108083462,0.6584640227193326,0.7530279773925151,,,1.3697815310187273,,-13548.163327757471,-12.238707558908754,,,,2.8162760610538715,0.966295665779345,0.8182690775478434,1.3213846840426424,,,
-0.003424066167179695,0.32818661603466115,-1.4667263508081645,2.393334108083462,0.6584640227193326,0.7530279773925151,,,1.3697815310187273,,-2765.302858947802,-23.2099191699485,,,,2.8162760610538715,0.966295665779345,0.8182690775478434,1.3213846840426424,,,
-0.003424066167179695,0.32818661603466115,-1.4667263508081645,2.393334108083462,0.6584640227193326,0.7530279773925151,,,1.3697815310187273,,-19681.1006893254,-12.385180340621242,,,,2.8162760610538715,0.966295665779345,0.8182690775478434,1.3213846840426424,,,
-0.003424066167179695,0.32818661603466115,-1.4667263508081645,2.393334108083462,0.6584640227193326,0.7530279773925151,,,1.3697815310187273,,-5784.7199094774405,-12.746613390696426,,,,2.8162760610538715,0.966295665779345,0.8182690775478434,1.3213846840426424,,,
-0.5730140300689524,-1.3910822443413813,0.9193479445590933,0.3246897428749327,2.3498439335388452,0.3986963258971359,,,0.7641012792162496,,-4099.321830610505,-19.609198886004503,,,,1.5645955101102027,1.932157074472901,2.9207624334059132,13.705001010511454,,,
-0.2649018398119948,-0.6479630930109663,0.3065987665254755,0.758251354743674,3.114074953001741,0.740891169524349,,,1.330811026654897,,-39369.09553949654,-16.677564461767247,,,,1.2679408677467014,0.9821920887279373,0.8235771670863653,2.943446885557514,,,
-0.2649018398119948,-0.6479630930109663,0.3065987665254755,0.758251354743674,3.114074953001741,0.740891169524349,,,1.330811026654897,,-11615.223869185907,-14.77727639364731,,,,1.2679408677467014,0.9821920887279373,0.8235771670863653,2.943446885557514,,,
-0.2649018398119948,-0.6479630930109663,0.3065987665254755,0.758251354743674,3.114074953001741,0.740891169524349,,,1.330811026654897,,-8793.603613928455,-12.520659101673173,,,,1.2679408677467014,0.9821920887279373,0.8235771670863653,2.943446885557514,,,
-0.12968473678603346,-0.5251164876301154,0.2806529561755936,0.723615729509287,2.9401869113004926,0.7690743597209755,,,1.35929159248092,,-36376.216305346876,-15.593134707350641,,,,1.3390060650217706,0.9336403288571481,0.8728196151427602,2.883956367955627,,,
-0.12968473678603346,-0.5251164876301154,0.2806529561755936,0.723615729509287,2.9401869113004926,0.7690743597209755,,,1.35929159248092,,-176099.85717575625,-12.848679548852552,,,,1.3390060650217706,0.9336403288571481,0.8728196151427602,2.883956367955627,,,
-0.08066524717636744,-0.5104886717109376,-0.699572944451277,0.6718404875114624,1.992204198000982,1.0851280863086967,,,1.1792254206251034,,-73614.89871819671,-16.182805763279003,,,,1.7583578495915466,1.0790181959226814,1.3670166220554933,2.440945995653077,,,
-1.6751122693033769,0.5691840542787754,1.6997226931237994,0.6782585783133732,2.819585655043893,1.2393928999610777,,,1.4324290565522872,,-45935.67993624844,-13.894032735293813,,,,2.232400227988102,0.5370165121968072,0.8964136627997358,2.0069778125588384,,,
-4.575942303279745,1.047323504080837,10.135068944990271,0.4776561589526652,3.6123674530956857,0.9382305705535664,,,1.6525221064341225,,-8244.659567864472,-11.676233418786056,,,,3.2718324433204007,0.5630134411066917,0.48937778698131507,2.216944518782775,,,
-4.575942303279745,1.047323504080837,10.135068944990271,0.4776561589526652,3.6123674530956857,0.9382305705535664,,,1.6525221064341225,,-3117.8192848436247,-13.45432455926693,,,,3.2718324433204007,0.5630134411066917,0.48937778698131507,2.216944518782775,,,
-4.575942303279745,1.047323504080837,10.135068944990271,0.4776561589526652,3.6123674530956857,0.9382305705535664,,,1.6525221064341225,,-210484.6295395674,-12.861219253421568,,,,3.2718324433204007,0.5630134411066917,0.48937778698131507,2.216944518782775,,,
-4.575942303279745,1.047323504080837,10.135068944990271,0.4776561589526652,3.6123674530956857,0.9382305705535664,,,1.6525221064341225,,-14806.904395509224,-13.838726051395307,,,,3.2718324433204007,0.5630134411066917,0.48937778698131507,2.216944518782775,,,
-4.575942303279745,1.047323504080837,10.135068944990271,0.4776561589526652,3.6123674530956857,0.9382305705535664,,,1.6525221064341225,,-44500.332365934446,-12.617392425008653,,,,3.2718324433204007,0.5630134411066917,0.48937778698131507,2.216944518782775,,,
-4.575942303279745,1.047323504080837,10.135068944990271,0.4776561589526652,3.6123674530956857,0.9382305705535664,,,1.6525221064341225,,-9937.22170667301,-13.737250178173909,,,,3.2718324433204007,0.5630134411066917,0.48937778698131507,2.216944518782775,,,
-3.793339157663823,1.9453053502029303,11.326214231239149,0.7472185750994164,3.2442939556479873,1.045435153714865,,,1.6408469502352188,,-58402.12570823825,-12.108638231070824,,,,4.362150957664375,0.5447552831088117,0.6810239578476299,2.613676173480821,,,
-3.733100073756069,2.108398677744967,10.68093477983225,0.8967162162535223,3.1808306930574,1.0397068240733656,,,1.6341215784609495,,-6459.266041469615,-17.090448226914276,,,,4.299047327521824,0.5542753361737288,0.6926165842479821,2.571337788997036,,,
-3.733100073756069,2.108398677744967,10.68093477983225,0.8967162162535223,3.1808306930574,1.0397068240733656,,,1.6341215784609495,,-143861.30553976368,-17.092673457299732,,,,4.299047327521824,0.5542753361737288,0.6926165842479821,2.571337788997036,,,
-2.8789385481714014,2.1892448509259776,8.149586744833728,0.6518857912880036,2.405827225555871,1.5398796477244576,,,1.5169177006493941,,-73831.48290523313,-13.018947232685907,,,,5.95974312928539,0.6710422659034303,0.8974695520714335,2.445868563961488,,,
-2.8789385481714014,2.1892448509259776,8.149586744833728,0.6518857912880036,2.405827225555871,1.5398796477244576,,,1.5169177006493941,,-173505.39194131148,-12.07396481398381,,,,5.95974312928539,0.6710422659034303,0.8974695520714335,2.445868563961488,,,
-3.336658354544713,3.4190853311333043,8.972354088565625,0.7122309097299608,2.71562373633567,1.5853995585404703,,,1.5885164578501563,,-29491.551582665685,-14.66704013462255,,,,5.377737233986136,0.6092574729955913,0.8665315342484254,2.298258109244923,,,
-3.336658354544713,3.4190853311333043,8.972354088565625,0.7122309097299608,2.71562373633567,1.5853995585404703,,,1.5885164578501563,,-92464.8636238847,-13.022225300568083,,,,5.377737233986136,0.6092574729955913,0.8665315342484254,2.298258109244923,,,
-2.7019205047035477,3.7654916688845264,5.926530538394613,0.7652781972768583,2.4620859046309223,1.8384888724580981,,,1.509236201328584,,-12737.19052611117,-12.593967208060105,,,,6.197778789881964,0.6232833256608828,0.999453834117081,2.1640379803657144,,,
-2.66965847303757,3.8616593642217807,6.3826859282680655,0.7935104741166953,2.48130932441473,1.823006588621852,,,1.509258504311172,,-2765.302858947802,-23.2099191699485,,,,6.403962447153751,0.6216771320081338,1.0150191469759278,2.2913777697083466,,,
0.7893816598896618,-0.2916992203364502,-0.35790934500397814,0.6995954838941701,1.3472322808828547,0.41079644745576765,,,1.9499002194468633,,-19681.1006893254,-12.385180340621242,,,,1.6302650628441926,0.2997526481410964,0.2967535347156522,0.35893449580045883,,,
0.7391741559825187,-0.2858019634429488,-0.3696122792749268,0.879489033470743,1.4995904700563027,0.48571678273681107,,,1.872812787820193,,-5784.7199094774405,-12.746613390696426,,,,1.6646062681741947,0.3183703225304754,0.3117161037983158,0.3629566787763294,,,
0.7391741559825187,-0.2858019634429488,-0.3696122792749268,0.879489033470743,1.4995904700563027,0.48571678273681107,,,1.872812787820193,,-4099.321830610505,-19.609198886004503,,,,1.6646062681741947,0.3183703225304754,0.3117161037983158,0.3629566787763294,,,
0.7485935196175063,-0.25044704343650465,-0.3786104182671169,0.9124560489119675,1.5201097611651484,0.5096020887329316,,,1.8656564284144301,,-14928.572915365665,-16.864864476975427,,,,1.6867334278867145,0.3287738318513128,0.3227092518267963,0.3793050251395439,,,
0.7485935196175063,-0.25044704343650465,-0.3786104182671169,0.9124560489119675,1.5201097611651484,0.5096020887329316,,,1.8656564284144301,,-11615.223869185907,-14.77727639364731,,,,1.6867334278867145,0.3287738318513128,0.3227092518267963,0.3793050251395439,,,
0.7485935196175063,-0.25044704343650465,-0.3786104182671169,0.9124560489119675,1.5201097611651484,0.5096020887329316,,,1.8656564284144301,,-8793.603613928455,-12.520659101673173,,,,1.6867334278867145,0.3287738318513128,0.3227092518267963,0.3793050251395439,,,
0.7485935196175063,-0.25044704343650465,-0.3786104182671169,0.9124560489119675,1.5201097611651484,0.5096020887329316,,,1.8656564284144301,,-29482.974528184488,-15.1020258909547,,,,1.6867334278867145,0.3287738318513128,0.3227092518267963,0.3793050251395439,,,
-0.29495685013689843,0.1858153078027321,0.5168645108468034,0.8333160906944316,2.3225936785693677,0.829587303498083,,,1.8054899370013437,,-113694.06814580134,-12.78333503420259,,,,2.0351154590392566,0.29501571626331774,0.41337952214516505,0.7984147911186186,,,
-0.26641153711486343,0.04263714305510499,0.9983485243732395,0.11496104715672528,2.447828703702542,0.8276159619096127,,,2.0042156953128756,,-73614.89871819671,-16.182805763279003,,,,2.3079796333006675,0.18857628756674263,0.2669400420699172,0.719749293419083,,,
-0.29885922103095747,-0.020694326103491454,0.48401117329161913,0.2628547794251004,2.2538798844246513,0.982073679649859,,,1.8288871438252627,,-45935.67993624844,-13.894032735293813,,,,2.583816439959794,0.22760468005149037,0.3557569398173608,0.8026572867070036,,,
-0.29885922103095747,-0.020694326103491454,0.48401117329161913,0.2628547794251004,2.2538798844246513,0.982073679649859,,,1.8288871438252627,,-8244.659567864472,-11.676233418786056,,,,2.583816439959794,0.22760468005149037,0.3557569398173608,0.8026572867070036,,,
-0.29885922103095747,-0.020694326103491454,0.48401117329161913,0.2628547794251004,2.2538798844246513,0.982073679649859,,,1.8288871438252627,,-2541.1323460645626,-13.554659652379224,,,,2.583816439959794,0.22760468005149037,0.3557569398173608,0.8026572867070036,,,
-0.29968529042421266,0.0962924386087377,0.5491468122786446,0.23024042699798597,2.34153876540873,0.9992336906782764,,,1.8632620458892848,,-210484.6295395674,-12.861219253421568,,,,2.5747330291530717,0.20910898555730068,0.3509460746882754,0.7701577165015391,,,
-0.29968529042421266,0.0962924386087377,0.5491468122786446,0.23024042699798597,2.34153876540873,0.9992336906782764,,,1.8632620458892848,,-11258.354862780432,-12.93108899092764,,,,2.5747330291530717,0.20910898555730068,0.3509460746882754,0.7701577165015391,,,
-0.29968529042421266,0.0962924386087377,0.5491468122786446,0.23024042699798597,2.34153876540873,0.9992336906782764,,,1.8632620458892848,,-44500.332365934446,-12.617392425008653,,,,2.5747330291530717,0.20910898555730068,0.3509460746882754,0.7701577165015391,,,
-0.29968529042421266,0.0962924386087377,0.5491468122786446,0.23024042699798597,2.34153876540873,0.9992336906782764,,,1.8632620458892848,,-9937.22170667301,-13.737250178173909,,,,2.5747330291530717,0.20910898555730068,0.3509460746882754,0.7701577165015391,,,
-0.3805744849697474,0.48164669897911083,0.7090310091565581,0.2288317200896821,2.7483831102239153,0.9542883245876319,,,2.0009103477116126,,-58402.12570823825,-12.108638231070824,,,,2.19071945117459,0.1387746580525583,0.30371629000058625,0.5803226333982833,,,
-0.3805744849697474,0.48164669897911083,0.7090310091565581,0.2288317200896821,2.7483831102239153,0.9542883245876319,,,2.0009103477116126,,-3145.469274467724,-19.894502703179626,,,,2.19071945117459,0.1387746580525583,0.30371629000058625,0.5803226333982833,,,
-0.3805744849697474,0.48164669897911083,0.7090310091565581,0.2288317200896821,2.7483831102239153,0.9542883245876319,,,2.0009103477116126,,-15230.321170259205,-18.424840224765028,,,,2.19071945117459,0.1387746580525583,0.30371629000058625,0.5803226333982833,,,
-0.3805744849697474,0.48164669897911083,0.7090310091565581,0.2288317200896821,2.7483831102239153,0.9542883245876319,,,2.0009103477116126,,-58425.95884744277,-13.061163335113191,,,,2.19071945117459,0.1387746580525583,0.30371629000058625,0.5803226333982833,,,
-0.6674436174828378,0.7709353107007212,1.4449716217484032,0.3514572852899584,2.740072925133116,1.1143845213257784,,,1.904767720654459,,-173505.39194131148,-12.07396481398381,,,,2.578333074411273,0.22178233522376603,0.4030142550223602,0.8834194285433078,,,
-0.6674436174828378,0.7709353107007212,1.4449716217484032,0.3514572852899584,2.740072925133116,1.1143845213257784,,,1.904767720654459,,-27866.12401203536,-14.83536594382333,,,,2.578333074411273,0.22178233522376603,0.4030142550223602,0.8834194285433078,,,
-0.6674436174828378,0.7709353107007212,1.4449716217484032,0.3514572852899584,2.740072925133116,1.1143845213257784,,,1.904767720654459,,-92464.8636238847,-13.022225300568083,,,,2.578333074411273,0.22178233522376603,0.4030142550223602,0.8834194285433078,,,
