{
    "n": 500,
    "active_prop": 0.2,
    "noise": 0.1,
    "seed": 61,
    "active_indices": [
        21,
        13,
        4,
        6,
        16,
        2
    ],
    "gp_features": [
        6,
        2,
        4
    ],
    "lengthscales": [
        1.1467867035394244,
        1.7937463309441324,
        1.410712908450492
    ],
    "beta": [
        0.0,
        0.0,
        3.3510820946833455,
        0.0,
        3.0825701123719593,
        0.0,
        2.167478179421149,
        0.0,
        0.0,
        0.0,
        0.0,
        0.0,
        0.0,
        -4.778314516781476,
        0.0,
        0.0,
        3.1878790890636175,
        0.0,
        0.0,
        0.0,
        0.0,
        3.015226899038044,
        0.0,
        0.0,
        0.0,
        0.0,
        0.0,
        0.0,
        0.0,
        0.0
    ]
}