{
    "n": 100,
    "active_prop": 0.1,
    "noise_constant": 1.0,
    "seed": 10,
    "active_indices": [
        0,
        6,
        15
    ],
    "gp_features": [
        6,
        15,
        0
    ],
    "lengthscales": [
        0.5726196841730844,
        0.3330578590541126,
        0.8699993772949977
    ],
    "beta": [
        -0.27283961299645476,
        0.0,
        0.0,
        0.0,
        0.0,
        0.0,
        1.4126066935202868,
        0.0,
        0.0,
        0.0,
        0.0,
        0.0,
        0.0,
        0.0,
        0.0,
        -4.41562001373611,
        0.0,
        0.0,
        0.0,
        0.0,
        0.0,
        0.0,
        0.0,
        0.0,
        0.0,
        0.0,
        0.0,
        0.0,
        0.0,
        0.0
    ]
}