{
    "selected features": [
        1,
        2,
        3,
        4,
        5,
        6,
        7,
        8,
        9,
        10,
        11,
        13,
        16,
        18,
        19,
        20,
        24,
        25,
        29
    ],
    "precision": 0.6842105263157895,
    "recall": 0.8666666666666667,
    "training rmse": 1.6288,
    "testing rmse": 4.1267,
    "beta_error": 0.5164,
    "tune time": 0.0078,
    "fit time": 0.2492,
    "prediction time (test)": 0.025,
    "total runtime": 0.282,
    "lambda": 0.2377
}