{
    "selected features": [
        0,
        1,
        2,
        3,
        7,
        8,
        9,
        10,
        11,
        13,
        16,
        18,
        19,
        23,
        24,
        25,
        26,
        29
    ],
    "precision": 0.7222222222222222,
    "recall": 0.8666666666666667,
    "training rmse": 1.5366,
    "testing rmse": 3.9601,
    "beta_error": 0.483,
    "tune time": 0.0074,
    "fit time": 0.2407,
    "prediction time (test)": 0.0199,
    "total runtime": 0.268,
    "lambda": 0.2585
}