{
    "selected features": [
        0,
        1,
        2,
        3,
        7,
        8,
        9,
        10,
        11,
        13,
        16,
        18,
        19,
        23,
        24,
        25,
        26,
        29
    ],
    "precision": 0.7222222222222222,
    "recall": 0.8666666666666667,
    "training rmse": 0.0,
    "testing rmse": 4.3538,
    "beta_error": 0.483,
    "tune time": 0.0077,
    "fit time": 1.6094,
    "prediction time (test)": 0.0259,
    "total runtime": 1.643,
    "lambda": 0.2585
}