{
    "n": 1000,
    "active_prop": 0.5,
    "seed": 44,
    "active_indices": [
        4,
        12,
        23,
        9,
        1,
        18,
        13,
        5,
        2,
        14,
        20,
        29,
        15,
        7,
        21
    ],
    "gp_features": [
        15,
        12,
        5
    ],
    "lengthscales": [
        1.1941636788432777,
        0.7919109211616421,
        0.8765815139791252
    ],
    "beta": [
        0.0,
        -3.9706677806782897,
        3.361067222885561,
        0.0,
        3.7453047782962727,
        2.9643660179644113,
        0.0,
        0.6679923160638657,
        0.0,
        2.4648665155003613,
        0.0,
        0.0,
        -0.9770695030574394,
        1.4731677569617654,
        0.5521555091911203,
        -1.5429244716035706,
        0.0,
        0.0,
        2.4233525947181747,
        0.0,
        -2.76506341700385,
        3.8620736668150766,
        0.0,
        3.3534126576288834,
        0.0,
        0.0,
        0.0,
        0.0,
        0.0,
        4.7409260479352575
    ]
}