{
    "n": 100,
    "active_prop": 0.5,
    "noise_constant": 0.1,
    "seed": 32,
    "active_indices": [
        1,
        24,
        20,
        8,
        3,
        25,
        28,
        5,
        27,
        15,
        0,
        29,
        2,
        17,
        7
    ],
    "gp_features": [
        15,
        20,
        17
    ],
    "lengthscales": [
        1.0121044296830368,
        0.6567945308456519,
        0.4947022216729489
    ],
    "beta": [
        4.834383671515846,
        -0.6790793930868944,
        1.658860782401991,
        3.779992947348733,
        0.0,
        3.3802548324680455,
        0.0,
        3.0297684794365303,
        -1.4106431580614265,
        0.0,
        0.0,
        0.0,
        0.0,
        0.0,
        0.0,
        -4.455221035273459,
        0.0,
        -0.7894739157466768,
        0.0,
        0.0,
        -4.850620286884459,
        0.0,
        0.0,
        0.0,
        0.3267104061141701,
        -0.6723036076053095,
        0.0,
        4.753515621155698,
        -0.5851392589012718,
        -0.15536289775013046
    ]
}