{
    "n": 1000,
    "active_prop": 0.2,
    "seed": 37,
    "active_indices": [
        13,
        6,
        9,
        15,
        2,
        10
    ],
    "gp_features": [
        9,
        13,
        2
    ],
    "lengthscales": [
        0.5550097885421887,
        0.8868477299869963,
        0.972245641632158
    ],
    "beta": [
        0.0,
        0.0,
        3.6655582468070858,
        0.0,
        0.0,
        0.0,
        -3.8386864967861656,
        0.0,
        0.0,
        -4.761393341108418,
        -4.310013579708407,
        0.0,
        0.0,
        1.356416338810721,
        0.0,
        3.9100159009585607,
        0.0,
        0.0,
        0.0,
        0.0,
        0.0,
        0.0,
        0.0,
        0.0,
        0.0,
        0.0,
        0.0,
        0.0,
        0.0,
        0.0
    ]
}