{
    "n": 1000,
    "active_prop": 0.3,
    "noise": 0.1,
    "seed": 124,
    "active_indices": [
        23,
        24,
        29,
        14,
        22,
        6,
        13,
        20,
        12
    ],
    "gp_features": [
        13,
        24,
        22
    ],
    "lengthscales": [
        1.8689833264933198,
        1.950389726526789,
        0.7838291662986031
    ],
    "beta": [
        0.0,
        0.0,
        0.0,
        0.0,
        0.0,
        0.0,
        2.1212595210267136,
        0.0,
        0.0,
        0.0,
        0.0,
        0.0,
        0.9161782242110306,
        -3.7114153982637363,
        3.7701173053260533,
        0.0,
        0.0,
        0.0,
        0.0,
        0.0,
        -3.3261658062945934,
        0.0,
        -3.9762171960484363,
        0.7335202497546174,
        -1.174392924079556,
        0.0,
        0.0,
        0.0,
        0.0,
        -1.5862084169813242
    ]
}