{
    "n": 1000,
    "active_prop": 0.1,
    "noise_constant": 0.1,
    "seed": 90,
    "active_indices": [
        17,
        7,
        0
    ],
    "gp_features": [
        17,
        0,
        7
    ],
    "lengthscales": [
        0.8978272747317549,
        0.4387768712905049,
        0.952755938724374
    ],
    "beta": [
        2.946837852636995,
        0.0,
        0.0,
        0.0,
        0.0,
        0.0,
        0.0,
        0.3377537875497296,
        0.0,
        0.0,
        0.0,
        0.0,
        0.0,
        0.0,
        0.0,
        0.0,
        0.0,
        0.10244573370477017,
        0.0,
        0.0,
        0.0,
        0.0,
        0.0,
        0.0,
        0.0,
        0.0,
        0.0,
        0.0,
        0.0,
        0.0
    ]
}