{
    "n": 1000,
    "active_prop": 0.1,
    "noise_constant": 0.5,
    "seed": 99,
    "active_indices": [
        18,
        1,
        27
    ],
    "gp_features": [
        27,
        1,
        18
    ],
    "lengthscales": [
        0.9391958302199432,
        1.4469531792403405,
        1.6851703327268777
    ],
    "beta": [
        0.0,
        2.0166218655511603,
        0.0,
        0.0,
        0.0,
        0.0,
        0.0,
        0.0,
        0.0,
        0.0,
        0.0,
        0.0,
        0.0,
        0.0,
        0.0,
        0.0,
        0.0,
        0.0,
        -3.80100876808108,
        0.0,
        0.0,
        0.0,
        0.0,
        0.0,
        0.0,
        0.0,
        0.0,
        -0.5894086344942453,
        0.0,
        0.0
    ]
}