{
    "n": 500,
    "active_prop": 0.2,
    "seed": 21,
    "active_indices": [
        22,
        3,
        19,
        9,
        17,
        16
    ],
    "gp_features": [
        3,
        17,
        22
    ],
    "lengthscales": [
        1.9383623851841179,
        0.9114306549355351,
        1.5903542637353834
    ],
    "beta": [
        0.0,
        0.0,
        0.0,
        2.132395523517995,
        0.0,
        0.0,
        0.0,
        0.0,
        0.0,
        1.366726046851796,
        0.0,
        0.0,
        0.0,
        0.0,
        0.0,
        0.0,
        -0.014075753686894288,
        1.8346856781742726,
        0.0,
        -2.5200214303699866,
        0.0,
        0.0,
        0.8778938869262891,
        0.0,
        0.0,
        0.0,
        0.0,
        0.0,
        0.0,
        0.0
    ]
}