{
    "n": 100,
    "active_prop": 0.2,
    "seed": 9,
    "active_indices": [
        10,
        2,
        7,
        4,
        28,
        6
    ],
    "gp_features": [
        28,
        10,
        4
    ],
    "lengthscales": [
        0.7745430614277337,
        0.8740282893271946,
        0.7749138645139995
    ],
    "beta": [
        0.0,
        0.0,
        0.14151684259714514,
        0.0,
        -0.511877608990968,
        0.0,
        -2.002515857905043,
        2.6616906775971794,
        0.0,
        0.0,
        4.15154330509022,
        0.0,
        0.0,
        0.0,
        0.0,
        0.0,
        0.0,
        0.0,
        0.0,
        0.0,
        0.0,
        0.0,
        0.0,
        0.0,
        0.0,
        0.0,
        0.0,
        0.0,
        2.7574340586632964,
        0.0
    ]
}