{
    "selected features": [
        9,
        17,
        18,
        19,
        21,
        22,
        24
    ],
    "precision": 0.14285714285714285,
    "recall": 0.3333333333333333,
    "training rmse": 0.2603,
    "testing rmse": 1.0467,
    "beta_error": 0.5164,
    "tune time": 0.0174,
    "fit time": 0.3823,
    "prediction time (test)": 0.0205,
    "total runtime": 0.4202,
    "lambda": 0.1253
}