{
    "selected features": [
        9,
        17,
        18,
        19,
        21,
        22,
        24
    ],
    "precision": 0.14285714285714285,
    "recall": 0.3333333333333333,
    "training rmse": 0.8449,
    "testing rmse": 1.012,
    "beta_error": 0.5164,
    "tune time": 0.0078,
    "fit time": 0.2285,
    "prediction time (test)": 0.0261,
    "total runtime": 0.2624,
    "lambda": 0.1253
}