{
    "selected features": [
        0,
        2,
        5,
        9,
        10,
        13,
        16,
        17,
        22,
        25,
        28,
        29
    ],
    "precision": 0.08333333333333333,
    "recall": 0.3333333333333333,
    "training rmse": 0.0,
    "testing rmse": 1.1577,
    "beta_error": 0.6583,
    "tune time": 0.0083,
    "fit time": 0.6031,
    "prediction time (test)": 0.024,
    "total runtime": 0.6353,
    "lambda": 0.0749
}