{
    "n": 11000,
    "active_prop": 0.5,
    "noise_constant": 0.5,
    "seed": 7,
    "active_indices": [
        14,
        7,
        26,
        19,
        28,
        21,
        0,
        13,
        3,
        27,
        20,
        5,
        6,
        2,
        25
    ],
    "gp_features": [
        5,
        3,
        14
    ],
    "lengthscales": [
        0.787484872807259,
        0.8213468243576365,
        0.4738590930315666
    ],
    "beta": [
        -3.0715043902535246,
        0.0,
        1.2374484016855716,
        -1.790733918058164,
        0.0,
        0.2836843300385459,
        1.9385609733596159,
        -4.331126734891021,
        0.0,
        0.0,
        0.0,
        0.0,
        0.0,
        -4.4554971299066,
        -0.47852957527037,
        0.0,
        0.0,
        0.0,
        0.0,
        -0.317103911484125,
        -0.5815788746826076,
        -0.3088014360547149,
        0.0,
        0.0,
        0.0,
        -1.5958702231382071,
        -2.493192114366348,
        3.143066478117335,
        -3.3937212101632097,
        0.0
    ]
}