{
    "n": 500,
    "active_prop": 0.5,
    "noise_constant": 1.0,
    "seed": 87,
    "active_indices": [
        26,
        28,
        20,
        27,
        24,
        14,
        17,
        25,
        6,
        5,
        12,
        23,
        29,
        0,
        15
    ],
    "gp_features": [
        29,
        23,
        0
    ],
    "lengthscales": [
        0.8371246301637894,
        1.0953388646869768,
        1.4275572701351378
    ],
    "beta": [
        -0.6093846282817319,
        0.0,
        0.0,
        0.0,
        0.0,
        0.33070801862834465,
        -0.08558678432318878,
        0.0,
        0.0,
        0.0,
        0.0,
        0.0,
        -0.4808140455693568,
        0.0,
        4.78510101412907,
        1.000644710494326,
        0.0,
        3.8534078799962614,
        0.0,
        0.0,
        -3.9544243871607865,
        0.0,
        0.0,
        0.3332613839486598,
        4.226166976878693,
        -2.318178177795547,
        -3.024085317566101,
        2.2394859624089856,
        -2.0595713842084318,
        -3.834246427174709
    ]
}