{
    "n": 500,
    "active_prop": 0.1,
    "noise_constant": 0.5,
    "seed": 51,
    "active_indices": [
        21,
        8,
        9
    ],
    "gp_features": [
        9,
        21,
        8
    ],
    "lengthscales": [
        1.016485964295459,
        2.058133424924955,
        1.3324342569203613
    ],
    "beta": [
        0.0,
        0.0,
        0.0,
        0.0,
        0.0,
        0.0,
        0.0,
        0.0,
        4.643823955363596,
        -3.520483165054645,
        0.0,
        0.0,
        0.0,
        0.0,
        0.0,
        0.0,
        0.0,
        0.0,
        0.0,
        0.0,
        0.0,
        4.923574803553281,
        0.0,
        0.0,
        0.0,
        0.0,
        0.0,
        0.0,
        0.0,
        0.0
    ]
}