{
    "n": 100,
    "active_prop": 0.3,
    "noise": 1.0,
    "seed": 42,
    "active_indices": [
        12,
        3,
        29,
        17,
        2,
        10,
        13,
        28,
        16
    ],
    "gp_features": [
        17,
        3,
        16
    ],
    "lengthscales": [
        1.0998919469813968,
        1.2518336051898735,
        0.7749913998985629
    ],
    "beta": [
        0.0,
        0.0,
        -1.4166534332832628,
        0.5731057531430848,
        0.0,
        0.0,
        0.0,
        0.0,
        0.0,
        0.0,
        4.128924447365755,
        0.0,
        -4.482141112671831,
        0.6568817214100573,
        0.0,
        0.0,
        -3.604011326401999,
        3.3459095259527203,
        0.0,
        0.0,
        0.0,
        0.0,
        0.0,
        0.0,
        0.0,
        0.0,
        0.0,
        0.0,
        -3.1732761576033184,
        -3.439641886600231
    ]
}