{
    "n": 500,
    "active_prop": 0.3,
    "seed": 26,
    "active_indices": [
        13,
        28,
        16,
        12,
        1,
        4,
        22,
        17,
        18
    ],
    "gp_features": [
        1,
        18,
        4
    ],
    "lengthscales": [
        1.1512413411304072,
        2.048883908468312,
        0.5115896843181091
    ],
    "beta": [
        0.0,
        4.534207181443261,
        0.0,
        0.0,
        -1.096943614897199,
        0.0,
        0.0,
        0.0,
        0.0,
        0.0,
        0.0,
        0.0,
        -2.3815019095574543,
        -2.78891745296711,
        0.0,
        0.0,
        -2.263570938722661,
        -0.8875356051271392,
        -1.5700740925318635,
        0.0,
        0.0,
        0.0,
        -2.896143668120672,
        0.0,
        0.0,
        0.0,
        0.0,
        0.0,
        -4.034740922539369,
        0.0
    ]
}