{
    "n": 1000,
    "active_prop": 0.1,
    "noise": 0.5,
    "seed": 95,
    "active_indices": [
        20,
        3,
        0
    ],
    "gp_features": [
        3,
        0,
        20
    ],
    "lengthscales": [
        0.9926055132255025,
        0.9179597842425334,
        1.309714765110929
    ],
    "beta": [
        -3.7032535298890945,
        0.0,
        0.0,
        -2.0972923217200723,
        0.0,
        0.0,
        0.0,
        0.0,
        0.0,
        0.0,
        0.0,
        0.0,
        0.0,
        0.0,
        0.0,
        0.0,
        0.0,
        0.0,
        0.0,
        0.0,
        -1.8467007334171148,
        0.0,
        0.0,
        0.0,
        0.0,
        0.0,
        0.0,
        0.0,
        0.0,
        0.0
    ]
}