{
    "n": 500,
    "active_prop": 0.1,
    "noise": 1.0,
    "seed": 56,
    "active_indices": [
        6,
        14,
        23
    ],
    "gp_features": [
        14,
        23,
        6
    ],
    "lengthscales": [
        0.7312319209928715,
        0.7610244177093247,
        0.4283654932638733
    ],
    "beta": [
        0.0,
        0.0,
        0.0,
        0.0,
        0.0,
        0.0,
        0.1464111715994587,
        0.0,
        0.0,
        0.0,
        0.0,
        0.0,
        0.0,
        0.0,
        -3.2526445000135573,
        0.0,
        0.0,
        0.0,
        0.0,
        0.0,
        0.0,
        0.0,
        0.0,
        -1.15391948360684,
        0.0,
        0.0,
        0.0,
        0.0,
        0.0,
        0.0
    ]
}