{
    "n": 1000,
    "active_prop": 0.5,
    "noise_constant": 0.5,
    "seed": 128,
    "active_indices": [
        11,
        13,
        23,
        25,
        14,
        26,
        4,
        3,
        28,
        18,
        7,
        5,
        29,
        0,
        16
    ],
    "gp_features": [
        28,
        4,
        18
    ],
    "lengthscales": [
        0.6055677444847942,
        0.5423364583905385,
        0.8650065525528721
    ],
    "beta": [
        1.6566122482355192,
        0.0,
        0.0,
        4.490636508716765,
        2.003455141158641,
        -2.0233128847989867,
        0.0,
        0.8975565796298763,
        0.0,
        0.0,
        0.0,
        1.1728263688888694,
        0.0,
        -3.957170744344951,
        -2.4965829312256895,
        0.0,
        3.13690019363556,
        0.0,
        -2.388773234211621,
        0.0,
        0.0,
        0.0,
        0.0,
        -1.1468774774890678,
        0.0,
        1.337013639208207,
        0.3815574064859115,
        0.0,
        1.517034879620164,
        0.16858651949682368
    ]
}