{
    "n": 1000,
    "active_prop": 0.1,
    "noise_constant": 1.0,
    "seed": 103,
    "active_indices": [
        2,
        12,
        17
    ],
    "gp_features": [
        17,
        2,
        12
    ],
    "lengthscales": [
        2.2151018919304635,
        1.4506856542944573,
        1.199744000792456
    ],
    "beta": [
        0.0,
        0.0,
        0.3038779023408562,
        0.0,
        0.0,
        0.0,
        0.0,
        0.0,
        0.0,
        0.0,
        0.0,
        0.0,
        -1.3990279136659933,
        0.0,
        0.0,
        0.0,
        0.0,
        -1.3769923129089676,
        0.0,
        0.0,
        0.0,
        0.0,
        0.0,
        0.0,
        0.0,
        0.0,
        0.0,
        0.0,
        0.0,
        0.0
    ]
}