sigma_noise,sigma_gp,lambda,zeta0,tau_sq0,nu0,beta0,ell0,zeta1,tau_sq1,nu1,beta1,ell1,zeta2,tau_sq2,nu2,beta2,ell2
0.5567571144848517,5.382081673093497,0.06536386574194725,0.9974405271882997,466.91900056586064,1.713801598779699,20.618026458813578,2.0137599770873438,0.23336118923570282,109.24037100833092,0.8069771662394816,4.69589745853752,0.8959168136333628,0.11836471790925907,55.408552472039126,1.6293284833253983,6.752472549773239,0.8685469680771842
0.5567571144848517,1.2387669813795266,0.3489860414357448,0.9974405271882997,16.379509511592758,-0.5850111056859133,-1.3181970406425474,2.1578902751503306,0.23336118923570282,3.832150102721061,0.8069771662394816,0.8795251803052755,1.5151659315895607,0.11836471790925907,1.9437309493498238,1.6293284833253983,1.2647145064993288,0.8685469680771842
24.01603707941081,0.21856580737989662,0.8421365008910068,0.9974405271882997,2.812885296084786,-1.0229241367525677,-41.20223578829181,2.1578902751503306,0.23336118923570282,0.6581026537274911,0.8069771662394816,15.722058677271383,3.1622801158707565,0.04817557523505166,0.1358600974346822,0.8438177597037347,7.469576301991108,0.45140417947456507
24.01603707941081,0.5337307916715949,0.5538272318554294,0.9974405271882997,6.503818202145869,0.09831141729154735,6.021289371874859,2.1578902751503306,0.49732202038266576,3.242791846056726,0.835970775758078,36.153635655339,3.1622801158707565,0.30760870873684026,2.0057648195435354,1.128389393276415,38.37959127991574,0.45140417947456507
2.1340071090939947,0.5337307916715949,0.5538272318554294,0.9974405271882997,6.503818202145869,-0.2244276923074165,-1.2213960250194684,2.1578902751503306,0.840625957241436,5.481307659831049,0.835970775758078,4.176659267793939,0.38022526176524124,0.30760870873684026,2.0057648195435354,1.128389393276415,3.4103178790341624,0.45140417947456507
2.1340071090939947,1.187949020960656,0.5538272318554294,1.4482880013790418,9.443572432204022,-0.2244276923074165,-1.4717717532782695,5.061800857090092,0.840625957241436,5.481307659831049,0.835970775758078,4.176659267793939,0.38022526176524124,0.30760870873684026,2.0057648195435354,1.128389393276415,3.4103178790341624,1.6277268284693263
0.746421577788894,1.187949020960656,0.29054107964891496,1.4482880013790418,34.31388064369398,0.6121065236160732,2.6763697457047395,5.061800857090092,0.840625957241436,19.916714586675887,0.835970775758078,2.7847366524092805,2.531626439983642,1.3123060200137222,31.092097770522603,-0.39281264129478943,-1.6349130242293675,0.4615325553500651
0.746421577788894,1.996403960137058,0.3186932833269189,0.0773598549055024,1.52335043575965,0.6121065236160732,0.5639116985689092,5.061800857090092,0.840625957241436,16.553390900731006,-0.024815479145775865,-0.07536163918310991,2.531626439983642,1.2565719898460497,24.744093569379203,-0.835800042139705,-3.103289907291516,1.4818550360200908
0.746421577788894,1.996403960137058,0.3186932833269189,0.06668615781320024,1.3131667282464072,1.7119659097845035,1.4643309214812914,3.3282867321607625,0.12856122902868664,2.5315947722740115,-0.024815479145775865,-0.029471615724224832,2.531626439983642,0.9318119212781539,18.349001533922845,-0.5008712752386526,-1.601461601299378,0.43605615888391186
0.746421577788894,1.2512168719785917,0.19029245952278598,0.06598111824660283,3.64423612190044,1.7119659097845035,2.439397375794172,2.3308532952036,0.12856122902868664,7.10062950056742,-0.024815479145775865,-0.04935774125604698,2.531626439983642,0.9318119212781539,51.465369981269376,2.389038632605219,12.792779311993355,0.43605615888391186
0.746421577788894,1.6192082193168633,0.19029245952278598,0.5793887498072822,32.00050964245587,2.910057893386967,12.287520691294828,2.3308532952036,0.4377619029886736,24.17824647501088,0.5105724656955177,1.873932641972967,2.531626439983642,0.9318119212781539,51.465369981269376,0.7986529477804294,4.276611842264969,0.43605615888391186
0.746421577788894,1.6192082193168633,0.19029245952278598,0.5793887498072822,32.00050964245587,0.9676379217892019,4.085785032897722,2.3308532952036,0.4377619029886736,24.17824647501088,0.5105724656955177,1.873932641972967,2.531626439983642,0.9318119212781539,51.465369981269376,0.7986529477804294,4.276611842264969,0.43605615888391186
2.1940815481711926,1.6192082193168633,0.27078440875612503,0.5793887498072822,15.803480466571905,0.9676379217892019,8.439991653614326,3.6930432291521793,0.825719648601603,22.52243306740168,-0.1639018381584295,-1.7066491225468807,0.15608927797954192,0.9318119212781539,25.41621925060903,0.7986529477804294,8.834181917022079,4.8720974534549795
2.454268742340914,1.4560090080576436,0.39829709793695967,0.5793887498072822,7.304420549772836,0.442447598820762,2.9347887360321314,1.606760615791079,0.825719648601603,10.409942498198204,-0.8967625377481356,-7.101069101251852,0.24842865482483162,0.04503574886713527,0.567770861289473,0.7986529477804294,1.4769533060662303,4.8720974534549795
2.454268742340914,1.4560090080576436,0.39829709793695967,0.66658179712598,8.40367331718307,0.442447598820762,3.1478826899718517,0.6925242655627102,0.825719648601603,10.409942498198204,-0.8967625377481356,-7.101069101251852,0.24842865482483162,0.04503574886713527,0.567770861289473,0.7986529477804294,1.4769533060662303,2.7985004163734244
2.454268742340914,1.4560090080576436,1.0167203150877777,0.66658179712598,1.2896754802672397,0.07639099848698844,0.21291414964459796,2.0532304523484206,2.5639361706970933,4.960599924233132,-0.8967625377481356,-4.901925140852914,0.2407285433704744,0.04503574886713527,0.08713334402445498,0.7986529477804294,0.5785919754576657,4.655372040198149
2.454268742340914,1.4560090080576436,0.9737396457212661,0.43849118996831893,0.9249221126223198,0.07639099848698844,0.18030878382184592,2.0532304523484206,0.7276211289835978,1.534792231188888,0.8171544526379269,2.4845690092316843,0.3146046775258601,0.04503574886713527,0.0949952038688133,-1.5551957477999903,-1.176408126559083,4.655372040198149
2.454268742340914,1.4560090080576436,0.9737396457212661,0.43849118996831893,0.9249221126223198,0.07639099848698844,0.18030878382184592,0.4716392755680453,0.7276211289835978,1.534792231188888,0.1348878175826782,0.4101282079623145,0.3146046775258601,0.05469074267055538,0.11536076073817696,-1.5551957477999903,-1.2963916706618333,0.7421322223116544
2.454268742340914,1.4560090080576436,0.9737396457212661,0.43849118996831893,0.9249221126223198,0.07639099848698844,0.18030878382184592,0.4716392755680453,0.7276211289835978,1.534792231188888,0.1348878175826782,0.4101282079623145,0.30003676513657207,4.265430627409139,8.997195832902023,-1.5551957477999903,-11.4488209410789,0.5072820766276145
2.454268742340914,1.4560090080576436,0.9737396457212661,0.07501221807924689,0.15822543486758756,0.07639099848698844,0.07457657804401233,1.7552360044891735,0.7276211289835978,1.534792231188888,0.1492884865828967,0.4539136340768557,0.2671120814787203,0.5258619678861884,1.1092158141653086,-1.5551957477999903,-4.0198995660607135,0.5072820766276145
1.4753263206122784,1.4560090080576436,0.6990940651331465,0.2881837043231893,1.1793105525157586,0.07639099848698844,0.12238955887276035,1.7552360044891735,0.7276211289835978,2.977584307409219,0.1492884865828967,0.3800549902967987,0.2671120814787203,1.0921095872296243,4.469150550161378,-1.5617026436301753,-4.870784646332099,0.5072820766276145
0.590825786030251,0.5807485459939598,0.6990940651331465,0.2881837043231893,1.1793105525157586,-0.17468659688704097,-0.11208128928646978,1.4088294364301281,1.2566935683416043,5.142664086106284,0.1492884865828967,0.20002295344791926,0.2671120814787203,1.0921095872296243,4.469150550161378,1.240782377913893,1.5497710739274233,0.5072820766276145
0.6502426387944552,0.8874644271774405,0.6990940651331465,0.2881837043231893,1.1793105525157586,-0.17468659688704097,-0.12335283095004805,1.4088294364301281,1.2566935683416043,5.142664086106284,0.1492884865828967,0.22013841667834058,5.574045259287056,1.0921095872296243,4.469150550161378,1.240782377913893,1.7056250022680757,0.5072820766276145
0.6502426387944552,1.801247421258595,1.6440012071003358,0.2881837043231893,0.21325300075791492,0.1885440039081095,0.05661555191328101,1.4088294364301281,1.077723869609966,0.7975046671098798,0.1492884865828967,0.08668987493458961,5.273094434869456,1.0921095872296243,0.8081499513658128,-1.305381418698683,-0.7630602779962553,0.5072820766276145
0.6502426387944552,0.4712776260234501,1.6440012071003358,0.2881837043231893,0.21325300075791492,-0.403420241112264,-0.12113808516918505,0.889089249139773,1.077723869609966,0.7975046671098798,0.1492884865828967,0.08668987493458961,0.5947402729406311,0.04010316940958584,0.029675936176135256,-1.305381418698683,-0.14622279635032398,0.5072820766276145
1.2218084706659786,0.4712776260234501,1.6440012071003358,1.5188731840252274,1.1239506585731844,-0.403420241112264,-0.5225579260322356,0.889089249139773,1.4612412907841037,1.0813036456135399,1.2371403274832489,1.5717950955101154,0.5947402729406311,0.3126682463221799,0.23137131201264255,0.7141183260127097,0.4196894620106191,0.8539200199788163
6.8624919165179,0.4712776260234501,1.6440012071003358,1.5188731840252274,1.1239506585731844,-0.403420241112264,-2.935034114924662,0.889089249139773,1.6409100454062773,1.2142566908094856,1.8324660930427692,13.857122171125809,0.35762446221471966,0.8949599851050782,0.662261257381441,0.02500705140755688,0.1396558098094219,0.8539200199788163
6.8624919165179,0.4712776260234501,1.485291048225354,1.5188731840252274,1.3769823803110803,-0.17520483842660434,-1.4108866783236598,0.889089249139773,1.6409100454062773,1.4876187452410574,1.8324660930427692,15.337819212932612,0.35762446221471966,0.8949599851050782,0.8113541956855638,0.02500705140755688,0.1545786734388435,0.8539200199788163
6.8624919165179,5.247359020649055,0.5617512217505205,1.5188731840252274,9.626390143490234,-0.17520483842660434,-3.7304366634830473,0.889089249139773,0.4350166490236744,2.757070192863511,-0.8793856190440383,-10.020401344478852,0.35762446221471966,0.8949599851050782,5.67212198493235,0.02500705140755688,0.4087117410974315,0.8539200199788163
6.8624919165179,4.8036862178662325,0.5617512217505205,1.6858919369785152,10.684929917658012,-0.17520483842660434,-3.9301921174933825,1.472783448831971,0.5105843556063017,3.2360069687998245,1.4404934371050162,17.782706228315007,0.616447432741276,0.8949599851050782,5.67212198493235,1.346495672277559,22.006936428755207,0.8539200199788163
6.8624919165179,4.8036862178662325,0.20236641282330844,1.2117224286433215,59.17745386551062,-0.17520483842660434,-9.24924064650266,1.0898108145398275,0.5105843556063017,24.935646509550082,1.6294361390428915,55.83795527115512,0.7537002577830183,2.1198885540095516,103.52998685134612,1.346495672277559,94.01992214364249,0.6430035793563489
6.8624919165179,0.36898282616018824,0.20236641282330844,1.2117224286433215,59.17745386551062,-0.17520483842660434,-9.24924064650266,1.0898108145398275,0.5105843556063017,24.935646509550082,1.6294361390428915,55.83795527115512,1.9263059031693637,2.1198885540095516,103.52998685134612,0.4614753946678508,32.22281480079967,0.6430035793563489
6.312501015203104,0.36898282616018824,0.20355354405562381,0.24883080218770307,12.010934505691987,-0.17520483842660434,-3.832974727599522,1.0898108145398275,0.20926044087158935,10.100893570422691,1.6294361390428915,32.690284692585344,1.9263059031693637,2.1198885540095516,102.3259273277909,-0.19607278481684587,-12.520210270533179,0.6430035793563489
0.9747079263803818,0.46597013745075677,0.19183212584510634,0.1106376518173444,6.012987017742868,0.006825177011092531,0.016312989256825276,1.0898108145398275,0.20926044087158935,11.372984636056405,1.6294361390428915,5.356104827428473,1.9263059031693637,1.8987513095334838,103.19422716053403,-0.19607278481684587,-1.9414200763813854,2.127959040175543
0.9747079263803818,0.46597013745075677,0.26219903445519455,0.1106376518173444,3.21862788266686,0.006825177011092531,0.011935037878867282,1.0898108145398275,0.24596037603131823,7.155384367996146,1.6294361390428915,4.248428621018006,0.06615827356665877,1.8987513095334838,55.23774055874005,-0.19607278481684587,-1.4203970704333448,2.127959040175543
2.822360181361202,0.46597013745075677,1.6081397487571278,1.2257603788819746,0.9479556112710664,0.006825177011092531,0.01875514199195157,1.8269208939024189,1.1073786550461804,0.8564037702134853,0.3856931041014071,1.007380629434395,0.06615827356665877,0.13449756918787234,0.10401521179062234,-0.19607278481684587,-0.17847532536164548,2.664949174954946
1.5679944372088426,0.6724850836276347,0.2168129353647174,1.2257603788819746,52.151306919332114,0.006825177011092531,0.0772842568308731,1.8269208939024189,1.1073786550461804,47.1146278752344,0.6083322982182707,6.547315594433292,0.06615827356665877,0.15177341720988002,6.457364913628383,-1.7119152288891106,-6.821100333854445,2.664949174954946
1.5679944372088426,0.6724850836276347,0.48764534251698977,0.22855721139879565,1.922280511578226,0.006825177011092531,0.014837707942175036,1.8269208939024189,1.1073786550461804,9.313608590624396,-0.07480725913090702,-0.3579705110553894,0.06615827356665877,0.15177341720988002,1.2764903819600988,-1.7119152288891106,-3.032742562795441,0.43420257317089234
2.876818619107547,0.6724850836276347,0.48764534251698977,0.03779038846291472,0.3178360762394845,0.006825177011092531,0.01106949976710575,1.8269208939024189,1.1073786550461804,9.313608590624396,-0.07480725913090702,-0.6567728857053503,0.06615827356665877,0.5823279920953819,4.897669794361738,-1.7119152288891106,-10.899071128211128,0.43420257317089234
2.876818619107547,0.34449111177920483,0.48764534251698977,0.03779038846291472,0.3178360762394845,0.006825177011092531,0.01106949976710575,2.912416630226433,0.8908694601242123,7.492657926110891,-0.07480725913090702,-0.5890798621502018,3.0426887780164296,0.5823279920953819,4.897669794361738,-1.7119152288891106,-10.899071128211128,0.43420257317089234
7.1649481768450825,0.588121267161267,0.48764534251698977,0.04711049594813439,0.3962228437144859,0.006825177011092531,0.030781992508470992,2.912416630226433,0.33221496343221335,2.7940940736546884,-0.07480725913090702,-0.8959366622167598,3.0426887780164296,0.2654051654353857,2.2321902427241693,1.7067919524172486,18.27087063911155,0.43420257317089234
10.414331210369797,0.7224126691877634,0.3259192700963088,0.19458296399615477,3.6636563660184867,0.006825177011092531,0.1360512921671804,2.912416630226433,0.33221496343221335,6.25502582892652,-0.642103777327157,-16.7244237959952,0.8971964503649047,0.3511108850601668,6.610802933675557,1.7067919524172486,45.70240742552031,0.11760528841198906
0.8402046109636279,0.8286265781724147,0.6101466692195533,0.19458296399615477,1.0453610650603087,0.006825177011092531,0.005863165323625707,1.2224929546534862,0.33221496343221335,1.7847635829482629,-0.642103777327157,-0.7207433321383342,0.43455150029337936,1.2426268584449347,6.675783478363565,1.584179253171651,3.439065941089282,6.92357246369886
0.8402046109636279,0.8286265781724147,0.8037913351496379,1.6777559525616135,5.193643595169967,0.006825177011092531,0.013068780137424628,1.2224929546534862,0.33221496343221335,1.0284011297441524,-0.8804258182465254,-0.7501689816059639,0.43455150029337936,1.0779307687174802,3.33683109539174,0.5451996536594812,0.8367731645244277,3.779341504346109
0.8402046109636279,0.8286265781724147,0.8037913351496379,1.6777559525616135,5.193643595169967,0.006825177011092531,0.013068780137424628,1.2224929546534862,0.33221496343221335,1.0284011297441524,-0.32535826566283077,-0.2772223096495179,0.4788574179233712,1.0779307687174802,3.33683109539174,0.5451996536594812,0.8367731645244277,3.3820503743786188
5.034971817198444,5.390957714290964,0.8037913351496379,1.715014848244411,5.3089818388702,-0.10673534121253958,-1.2382573273952533,1.2224929546534862,0.33221496343221335,1.0284011297441524,-0.32535826566283077,-1.66126976449598,0.4788574179233712,1.0779307687174802,3.33683109539174,-1.1201123046095725,-10.302099118875073,3.3820503743786188
5.034971817198444,5.390957714290964,0.8037913351496379,0.8254803913451744,2.5553483752523416,-0.17121876539397188,-1.378076933443,1.3786877938004631,1.672096345256325,5.176123774610005,-0.08042837965922237,-0.9213161619960263,0.7649818793964535,1.0779307687174802,3.33683109539174,0.28178891746788515,2.5917199073770902,3.3820503743786188
1.786459648258444,0.7237638508685191,0.5914621234632392,0.8254803913451744,4.719357538711177,-0.17121876539397188,-0.6644862712458529,1.8410424190044918,1.672096345256325,9.55954929417231,1.485258337002278,8.203778354791861,0.7649818793964535,1.0779307687174802,6.162642690113747,0.28178891746788515,1.2496851631236465,1.2369321282725176
0.3816862223333932,1.5183127874582956,0.5914621234632392,0.8254803913451744,4.719357538711177,1.4071626473052499,1.1667887211822934,0.556257900583743,0.7976219482965046,4.560087912688625,0.08860480921920821,0.07221881966147632,0.4397301519782962,1.0779307687174802,6.162642690113747,-0.04692272387378499,-0.044460382293707724,1.2369321282725176
0.3816862223333932,1.332813609393712,0.5914621234632392,0.8254803913451744,4.719357538711177,2.762835925187062,2.290883574943429,1.0906113634692784,0.7976219482965046,4.560087912688625,0.08860480921920821,0.07221881966147632,0.4397301519782962,1.0779307687174802,6.162642690113747,-0.04692272387378499,-0.044460382293707724,0.6449476000045145
0.3816862223333932,0.511976075346849,0.5914621234632392,0.8254803913451744,4.719357538711177,2.762835925187062,2.290883574943429,0.5320872813698355,0.7976219482965046,4.560087912688625,0.08860480921920821,0.07221881966147632,0.4397301519782962,2.126204395646068,12.155732405807402,-0.04692272387378499,-0.0624424973592231,0.6449476000045145
0.3816862223333932,2.310017289945126,0.32100770012176816,0.8254803913451744,16.02159896852288,0.8785322750281765,1.3421996863467587,0.5320872813698355,0.7976219482965046,15.48089950782959,0.08860480921920821,0.13306439818977087,0.4397301519782962,0.15445377355573225,2.9977652346804624,-0.04692272387378499,-0.031009053334828864,0.6449476000045145
0.3816862223333932,8.870455798030772,0.624946325049565,0.8254803913451744,4.227185633244173,-0.5639377190163815,-0.44255095973137193,0.5320872813698355,0.5569155951866787,2.85189766781311,1.841332206953741,1.1868766944833151,1.7869513493343623,0.3657591848287431,1.8730087201897547,-0.04692272387378499,-0.024510919198828935,0.6325679615687185
0.5171522016996333,8.870455798030772,0.624946325049565,0.8254803913451744,4.227185633244173,0.4266752985444704,0.4536715434155147,0.798746708242095,0.5569155951866787,2.85189766781311,1.841332206953741,1.6081164574022646,1.7869513493343623,0.3657591848287431,1.8730087201897547,-0.23747669073547295,-0.16807737858532637,0.6325679615687185
0.5171522016996333,7.015791434465028,0.624946325049565,0.9673239092661678,4.953549199733439,-0.12335971654134148,-0.14198745704760743,1.7257331428793756,0.5569155951866787,2.85189766781311,0.7795808978967984,0.6808423091986742,1.7869513493343623,0.6023231690854233,3.08442438321147,-0.23747669073547295,-0.21568822187965184,4.373904623409141
0.5171522016996333,7.015791434465028,0.513426053672294,0.3509793482147153,2.6629054878611322,0.10436433318301291,0.0880741289911124,1.7257331428793756,1.2807592194755608,9.717212056829556,0.7795808978967984,1.2567543791201048,1.7869513493343623,0.6023231690854233,4.569869083699652,-0.23747669073547295,-0.2625374397268096,4.373904623409141
0.7451586143133676,7.015791434465028,0.144952741583942,2.823327842209929,268.7437908168288,0.10436433318301291,1.274882173490196,0.3800574892128348,1.2807592194755608,121.91148424904468,0.7795808978967984,6.4140482830030905,1.7869513493343623,0.755314062416841,71.89599498734644,-0.23747669073547295,-1.5004518522463273,3.291278922053065
0.7451586143133676,7.015791434465028,0.144952741583942,2.823327842209929,268.7437908168288,0.4041916431627322,4.9374791638658335,0.3800574892128348,1.2807592194755608,121.91148424904468,0.7795808978967984,6.4140482830030905,0.6287884252776942,0.755314062416841,71.89599498734644,-0.23747669073547295,-1.5004518522463273,1.9024976295588836
9.928921791396675,7.015791434465028,0.2469542641713909,2.823327842209929,92.58875567105397,0.4041916431627322,38.61611184233678,0.3800574892128348,1.2807592194755608,42.001463901072235,1.0565843112622522,67.9889699078627,0.47391616290169347,0.3377672986664708,11.076805683828354,-0.23747669073547295,-7.847482334831626,0.7034153351662534
48.119532130833775,7.015791434465028,0.5012249193345338,2.823327842209929,22.47636092482334,0.4041916431627322,92.20866296338906,2.127099639522671,1.2807592194755608,10.196055181531868,1.8617146808050586,286.05570135622673,0.47391616290169347,0.3377672986664708,2.688947277014708,-1.5398295923809466,-121.50249641421748,0.7034153351662534
64.51445136720127,7.015791434465028,0.5003888214776887,2.823327842209929,22.55153501544658,0.4041916431627322,123.83185896064447,2.127099639522671,0.8131796887720534,6.495331484720064,-0.5530295699866481,-90.92975513443156,0.47391616290169347,0.3377672986664708,2.6979406886688237,-1.5398295923809466,-163.17208726153504,0.7034153351662534
64.51445136720127,6.999872876899513,0.5165882632886607,0.3498783627515866,2.622152895299158,0.41226018660712627,43.06826826909424,2.127099639522671,0.8131796887720534,6.09435078677908,-0.9788835623713101,-155.90202933700334,0.22130846275505495,2.686158127457329,20.13133151690347,-0.6758881156254306,-195.6446916702553,0.7034153351662534
64.51445136720127,6.999872876899513,0.5165882632886607,2.058766274484623,15.42936209295393,0.41226018660712627,104.47259671297414,3.640447281631382,0.7056492503854327,5.2884671415864855,-0.9788835623713101,-145.22886703450098,0.14569118516304105,2.686158127457329,20.13133151690347,-0.6758881156254306,-195.6446916702553,0.7034153351662534
2.5252425112716628,6.999872876899513,0.23395442955734772,2.058766274484623,75.22713052980723,0.41226018660712627,9.029459108309757,3.640447281631382,0.21654219093590277,7.912431762961282,-0.9788835623713101,-6.953270365788675,0.4820981896665593,0.23532934003828182,8.59891246517767,-0.6758881156254306,-5.004949110478568,0.256709688974971
2.5252425112716628,6.999872876899513,0.23395442955734772,2.058766274484623,75.22713052980723,0.41226018660712627,9.029459108309757,1.816651540869337,1.1137629294968536,40.69679512187195,-0.9788835623713101,-15.769365981802919,1.7165493173935256,0.23532934003828182,8.59891246517767,-0.12618108111573056,-0.9343704602721351,0.256709688974971
2.5252425112716628,0.4984608634289838,0.23395442955734772,0.08308706672346974,3.0359937848262755,0.41226018660712627,1.813948389912379,0.2406229277605772,0.2643412363383533,9.659004490645232,-0.9788835623713101,-7.682460069727531,4.727446192932509,0.17002219918976982,6.212595538371896,-0.8830592941751528,-5.558140207369738,1.6173950107854342
2.5252425112716628,0.4984608634289838,0.23395442955734772,0.10705404889897846,3.911745111661032,0.41226018660712627,2.0590161906864455,4.77623109188147,0.2643412363383533,9.659004490645232,-0.9710315138827612,-7.62083573431351,2.4087262143308874,0.2871658521950877,10.493013857141726,-0.8830592941751528,-7.223423552487151,1.6173950107854342
2.5252425112716628,2.0141581252635246,0.5579778419299078,0.2794963784080237,1.7954456984272462,0.19994952225585252,0.6765651136089865,4.77623109188147,0.712487998562004,4.576923391585757,-0.9710315138827612,-5.245939023584826,0.43441853561565996,0.4115259805362573,2.6435854222992194,-0.8830592941751528,-3.6256813436103648,1.8911654614787168
2.5252425112716628,0.6687513585140882,0.5579778419299078,1.607858636361493,10.328659314933958,-0.9245566959879468,-7.503408941576691,0.33772662356573935,0.712487998562004,4.576923391585757,-0.9710315138827612,-5.245939023584826,0.43441853561565996,0.4115259805362573,2.6435854222992194,0.2944324976692515,1.2088864482754285,1.8911654614787168
0.369998385167927,0.6687513585140882,0.5579778419299078,1.607858636361493,10.328659314933958,-0.299483447520419,-0.35611857661891827,0.33772662356573935,0.712487998562004,4.576923391585757,-0.418522636520131,-0.3312879220062133,3.029163875015611,0.4115259805362573,2.6435854222992194,0.2944324976692515,0.17712597174995867,4.520461368650643
0.369998385167927,4.479646639830728,0.49357356491547916,1.607858636361493,13.200004384553646,-0.34550725054368814,-0.46445541641124705,0.33772662356573935,0.7480276054254001,6.141067036668573,-0.418522636520131,-0.3837432066189824,3.029163875015611,0.4115259805362573,3.378496482581962,0.2944324976692515,0.2002383727412632,2.8071378406581697
2.6836922503631797,4.004283350016004,0.46339184670724554,1.607858636361493,14.975491398067442,-0.44590773845925435,-4.630930491195041,2.9613825137683323,0.3573056688184095,3.3279219011314907,-0.418522636520131,-2.0489823978057427,11.72891142704844,0.36054251365837037,3.3580696647230743,0.6564863043855274,3.2285181564371492,2.8071378406581697
2.117850786508796,6.353396661717109,0.46339184670724554,0.7876208586235004,7.335849760987859,-0.44590773845925435,-2.5577941048402204,0.4725617091286296,0.33683336859859814,3.137244220328518,-0.418522636520131,-1.5699595936775737,2.226360954820482,0.6394090395155818,5.955414459060267,0.23904181213273373,1.2354501502096866,2.8071378406581697
2.117850786508796,65.82143330528811,0.46339184670724554,5.258400385684423,48.97640125976036,0.08124935721230309,1.2042280184549812,1.7649002355527637,0.0657495937008679,0.6123874653072441,-0.418522636520131,-0.6936293436391007,9.58622155355678,0.6394090395155818,5.955414459060267,0.6464937461301672,3.3413016268577924,2.8071378406581697
0.5362691072198633,65.82143330528811,0.46339184670724554,5.258400385684423,48.97640125976036,0.08124935721230309,0.3049271877224934,1.7649002355527637,0.0657495937008679,0.6123874653072441,-0.418522636520131,-0.17563654211353733,9.58622155355678,0.6394090395155818,5.955414459060267,0.6464937461301672,0.8460637792812054,0.42781345070860377
0.5362691072198633,13.05268668673047,0.46339184670724554,1.9305539985054712,17.98105514023769,0.08124935721230309,0.18476099805804366,1.7649002355527637,0.0657495937008679,0.6123874653072441,-0.418522636520131,-0.17563654211353733,0.1582107417811474,0.6394090395155818,5.955414459060267,0.6464937461301672,0.8460637792812054,0.42781345070860377
0.5362691072198633,1.2625464195767477,0.8715345260178982,1.4995119837055502,3.9483054529088992,0.08124935721230309,0.08657810682237947,0.6462061181284727,0.24584780562189526,0.6473320934214174,0.04747799390649354,0.020485129285527755,14.45241293322509,0.6394090395155818,1.6836025485571244,0.10318902579927891,0.07180192353505531,0.42781345070860377
0.5362691072198633,2.1798110660890524,0.8715345260178982,1.1300281124614964,2.975432145161297,-0.29554198365203915,-0.2733864518862473,0.6462061181284727,2.0867235456949,5.494468896354223,0.04747799390649354,0.05968126218149926,2.3191899529106212,0.6394090395155818,1.6836025485571244,0.7084459285030783,0.4929572693713206,0.42781345070860377
0.5362691072198633,1.1847243909614573,0.8715345260178982,1.1300281124614964,2.975432145161297,-0.29554198365203915,-0.2733864518862473,0.6462061181284727,2.0867235456949,5.494468896354223,0.04747799390649354,0.05968126218149926,2.3191899529106212,0.48739281954276403,1.2833346768952638,0.7084459285030783,0.4303873051875072,1.1807601873094937
0.5362691072198633,1.1847243909614573,0.5915882963306166,1.1300281124614964,6.457733172337945,-0.3503588227309184,-0.4774587820942721,0.6462061181284727,2.0867235456949,11.924927985357325,-0.09212807564296308,-0.17060928449850044,2.3191899529106212,0.423101717879766,2.41788497887342,-0.07024568605427284,-0.05857607348090639,3.0618508349592903
0.5362691072198633,0.7822137206432475,0.9354376455971385,1.1300281124614964,2.582792736098465,-0.07412732948487122,-0.06388603160425871,0.9592413550124168,2.345119056394423,5.360005116109871,2.3199064926407003,2.880287646923506,3.3547370037006474,1.4757572000072852,3.3729912861382005,-0.07024568605427284,-0.0691846976526297,8.776847655870425
0.5362691072198633,0.7822137206432475,0.9354376455971385,1.1300281124614964,2.582792736098465,0.8316657419178757,0.7167643059795975,0.9592413550124168,2.345119056394423,5.360005116109871,2.3199064926407003,2.880287646923506,3.3547370037006474,1.0122587018203668,2.3136189208772344,1.1987076034190827,0.9777818086275226,3.6997956633416913
0.5362691072198633,0.7822137206432475,0.9354376455971385,1.1300281124614964,2.582792736098465,0.2665532814115964,0.22972676176005505,0.9592413550124168,0.5171865685953738,1.1820818418987222,2.3199064926407003,1.352623824908293,0.47550169263489855,2.167266209366258,4.953504573040924,-1.1110707922139411,-1.3261138000085502,0.1864454817922712
0.5362691072198633,0.9902791632526478,1.5589166656495617,1.1300281124614964,0.9299796464672601,-0.22459872869909397,-0.11615202744971725,0.5206123227543641,0.5171865685953738,0.42562921834949424,2.3199064926407003,0.8116503428511315,0.47550169263489855,0.6786587882453333,0.5585160696484877,-1.1110707922139411,-0.44528938971533716,0.1864454817922712
0.5362691072198633,0.9902791632526478,0.8844532579391159,1.9138556909703022,4.893159939713989,-0.22459872869909397,-0.26643101469496666,0.5206123227543641,0.5171865685953738,1.32229227665854,1.2761836508070947,0.7869727354573436,0.9718615036910334,0.6786587882453333,1.735128730470428,-1.1110707922139411,-0.784856683417799,0.1864454817922712
0.5362691072198633,1.6988179785932913,0.06723568666132287,1.010975661657875,447.27127448571,1.9655948165439143,22.29267995033197,1.108827366045174,0.5171865685953738,228.81133983305133,1.2761836508070947,10.352249442927171,0.9718615036910334,0.6786587882453333,300.24914809684174,-1.585947080823931,-14.737111288491613,0.7062458657855494
0.5362691072198633,1.6988179785932913,0.06723568666132287,0.39827048232036,176.20102340084688,1.9655948165439143,13.992038478821836,0.7561965691773825,0.23918374598017803,105.81858986138852,1.4073443280398752,7.763617519430355,0.9718615036910334,0.6786587882453333,300.24914809684174,-1.585947080823931,-14.737111288491613,0.7062458657855494
0.5362691072198633,1.6988179785932913,0.10445833404044169,0.39827048232036,72.99984286860052,0.0980365741125293,0.4491918504842843,0.9273862571342787,0.23918374598017803,43.84049696967378,1.4073443280398752,4.997132681559746,0.9718615036910334,0.6786587882453333,124.39281117362268,-1.3765042748146552,-8.232997529879162,0.7574367271124296
0.5362691072198633,3.13901162520923,0.44230936935463033,0.21102252955944423,2.157280124612255,-0.24717552943172855,-0.19468904891421668,0.9273862571342787,0.2777646104594975,2.8395834071174013,1.4073443280398752,1.2717755206415882,0.9718615036910334,0.6786587882453333,6.937918516717786,-0.08916373798553878,-0.12594636678610524,0.38021989048802707
0.5362691072198633,3.13901162520923,0.44230936935463033,0.21102252955944423,2.157280124612255,-0.4417242608897205,-0.3479263357204963,0.5035360958729631,0.07382074613098598,0.7546683699835111,-0.803957498434855,-0.37453632389612035,0.7986190380319493,0.6786587882453333,6.937918516717786,-0.08916373798553878,-0.12594636678610524,0.40640695468421145
0.5362691072198633,3.13901162520923,0.572067479364804,2.894519240374444,17.689351698278323,-0.1631767879318154,-0.3680417759019078,0.5035360958729631,1.2387764790065936,7.570567335343666,-0.803957498434855,-1.1862605362615217,0.7986190380319493,0.22445815438809424,1.3717370329187428,-0.08916373798553878,-0.056002379219396096,0.5480393127469425
0.5362691072198633,1.467893902279062,0.572067479364804,2.894519240374444,17.689351698278323,-0.1631767879318154,-0.3680417759019078,0.5035360958729631,0.27359221493460967,1.6720113117172408,1.3871307277210765,0.9618775251533881,2.7045894994224917,0.22445815438809424,1.3717370329187428,0.09063068146150866,0.05692374396576875,0.5480393127469425
0.5362691072198633,13.335804770287849,0.572067479364804,0.3279538319072692,2.0042328938381018,-0.1631767879318154,-0.1238840092904382,1.571671014110649,0.27359221493460967,1.6720113117172408,1.6578018162012726,1.149568873571312,4.011712133864826,0.22445815438809424,1.3717370329187428,-0.25805115267608303,-0.16207797964360945,0.5480393127469425
0.5362691072198633,13.335804770287849,0.5953214787893345,0.3279538319072692,1.8507152414895978,-0.1631767879318154,-0.1190449453839807,1.571671014110649,0.6179016980086077,3.4869545008706626,1.739186133146676,1.741614306943653,0.6278948509719137,0.40603589603276924,2.2913494165002177,-0.25805115267608303,-0.20947598604169254,0.5480393127469425
1.965004127263311,13.335804770287849,0.5953214787893345,0.3279538319072692,1.8507152414895978,-0.1631767879318154,-0.4362060127275834,1.571671014110649,1.6212414567061386,9.149020325852588,-0.26504602444376646,-1.5753318641030145,1.9335743940444559,0.2972084207973601,1.677212158399959,-0.5613401067684258,-1.4285108417049375,0.5480393127469425
1.965004127263311,13.335804770287849,0.5953214787893345,0.3279538319072692,1.8507152414895978,-0.1631767879318154,-0.4362060127275834,0.4615005816763544,1.6212414567061386,9.149020325852588,-0.26504602444376646,-1.5753318641030145,1.9335743940444559,0.2972084207973601,1.677212158399959,-1.0664068891723075,-2.7138160706552306,3.5481581420540054
1.965004127263311,13.335804770287849,0.5448962740588351,0.4059011688819486,2.7341517886932603,-0.1631767879318154,-0.5301919841210496,0.4615005816763544,1.6212414567061386,10.920688503969197,-0.26504602444376646,-1.7211145305436675,1.9335743940444559,0.3825918812710859,2.5771403403400743,-1.0664068891723075,-3.363995788841396,3.5481581420540054
2.109426439309149,0.8304784550654826,0.5448962740588351,0.15937127402021228,1.0735254966841898,0.1271296224212573,0.27785442911874153,0.4615005816763544,1.0720448398910978,7.221298043120711,-1.0478651705897453,-5.939876637045171,1.9335743940444559,0.26874089181517685,1.8102396503942788,-0.5150153871341617,-1.4616810829468865,3.5481581420540054
2.109426439309149,2.2151971052708843,0.5448962740588351,2.372574402886663,15.981670033936442,1.0075416344585468,8.496468789510267,0.4615005816763544,1.0720448398910978,7.221298043120711,-1.0478651705897453,-5.939876637045171,1.9335743940444559,0.26874089181517685,1.8102396503942788,-0.5150153871341617,-1.4616810829468865,3.5481581420540054
11.201219238145967,1.1952953996937947,0.7203708944449071,2.372574402886663,9.144027454774228,1.0075416344585468,34.12691727889229,0.4769595651866332,0.17729605035568305,0.6833083717429131,-1.0478651705897453,-9.70239773228789,1.6143717733129694,0.5310279048459007,2.0466096807140297,0.09290749181058355,1.4887903509456912,3.5481581420540054
0.31198055614911735,1.1952953996937947,0.5514599532467056,1.5811530049039138,10.39862541450837,1.0075416344585468,1.0136277610598572,0.4769595651866332,0.09567072591000861,0.6291889771494545,0.21231472433747345,0.05254098312615882,1.720730985617037,0.5310279048459007,3.492363009789355,0.35339319627250637,0.20603708729229492,3.5481581420540054
0.31198055614911735,1.1952953996937947,1.1283827980066905,1.5811530049039138,2.483653348322695,1.0075416344585468,0.4953772059544614,0.4769595651866332,0.09567072591000861,0.15027825770555037,1.5125068525060341,0.18292495400505543,1.720730985617037,0.5310279048459007,0.8341313141946407,0.35339319627250637,0.10069384496645142,3.5481581420540054
0.8487283379343763,0.4717676169415231,0.2929024577765089,1.5811530049039138,36.860214789979054,1.0075416344585468,5.191712506468037,0.6642772094356981,0.049337213404420134,1.1501608494469986,1.5125068525060341,1.376719120426419,1.720730985617037,1.1756751113960888,27.407617728890116,0.531979193837095,2.363736133226041,0.27885807899379206
0.8487283379343763,1.2966482106122872,0.2929024577765089,1.5811530049039138,36.860214789979054,1.0075416344585468,5.191712506468037,4.605347416378696,0.06541819052073056,1.5250444114435566,1.5125068525060341,1.5852848142048912,1.720730985617037,1.1756751113960888,27.407617728890116,1.3038019464835675,5.793165986896453,3.668194472196609
0.8487283379343763,4.03598171077519,0.6627682551421518,1.6253603917758093,7.400418336831171,1.413175244896851,3.2628180740266046,4.605347416378696,0.5833395670798681,2.655999771287932,1.7733669763197057,2.45290843327593,2.1163737882767606,1.1756751113960888,5.35295907083463,1.3038019464835675,2.5602200206545893,0.9323095389739595
0.8487283379343763,4.03598171077519,0.6627682551421518,0.7845771716213729,3.572253462619637,1.413175244896851,2.2669182406593933,1.1388732439149218,3.2007991438020698,14.573538764794511,-0.6797934207438368,-2.2025621419883734,0.8682054841200241,1.1756751113960888,5.35295907083463,-0.2591307706995707,-0.5088439919130433,0.9323095389739595
1.6295579619926588,4.03598171077519,1.2880262861526786,0.7845771716213729,0.9458368076433901,-1.6844441003253978,-2.6695282498991575,1.1388732439149218,2.1011486818417504,2.533012472833438,-0.6797934207438368,-1.7630532667536822,0.8682054841200241,1.1756751113960888,1.4173198436180086,-0.703359304116554,-1.3645233855218537,0.46284856124928564
1.6295579619926588,4.03598171077519,1.2880262861526786,0.7234941152608596,0.8721989232913198,0.49456918818429507,0.752670061748019,0.484314115891839,2.1011486818417504,2.533012472833438,-0.6797934207438368,-1.7630532667536822,0.7657609210113341,0.7550367326382662,0.910224715532138,-0.703359304116554,-1.0935064806043373,4.125862835601683
1.6295579619926588,15.785110825488406,1.2880262861526786,0.7234941152608596,0.8721989232913198,0.49456918818429507,0.752670061748019,0.3459566727675979,2.1011486818417504,2.533012472833438,-0.6797934207438368,-1.7630532667536822,0.7657609210113341,0.7550367326382662,0.910224715532138,-0.703359304116554,-1.0935064806043373,4.125862835601683
1.6295579619926588,53.7776825811225,1.2880262861526786,0.7113304799161626,0.8575352108613605,0.49456918818429507,0.7463161668072704,0.3459566727675979,0.6951957905134388,0.8380842458460867,-0.08740952242344024,-0.13039844078620505,0.7657609210113341,0.31598573674055086,0.38093249626661163,-0.49535007726385205,-0.4982026794737528,3.65640153949025
1.6295579619926588,53.7776825811225,0.34823819988454746,0.1628359592002022,2.6855144530368023,0.49456918818429507,1.3207195780130392,0.34212742489369996,0.6951957905134388,11.4652706458947,0.7533692824959153,4.15690286686077,0.3214673953022415,0.2610582901968596,4.305411500335681,-0.5963599746922622,-2.016441530105026,3.65640153949025
1.6295579619926588,53.7776825811225,0.38944078574262403,0.1628359592002022,2.147323350939916,0.49456918818429507,1.1809882920262438,2.441849278798738,1.9313354668492804,25.468586710414723,0.32625723519144345,2.6830723706117383,0.3214673953022415,0.2610582901968596,3.4425845817443346,-0.5963599746922622,-1.8031033069050257,3.65640153949025
20.91717910380603,53.7776825811225,0.38944078574262403,0.12000872730054632,1.5825591823499616,0.48470253110482814,12.75435153274837,1.7867695139269784,2.3361592311860258,30.80701150580606,0.32625723519144345,37.878088287659864,0.46139365723637393,0.31337951060738267,4.132546300820516,0.3577808200576479,15.213496337704173,0.7949527974229853
16.35179743662359,1.1826401335233545,0.38944078574262403,0.05215622013279207,0.6877858547829153,0.48470253110482814,6.573057115006398,1.7867695139269784,1.7623941026510452,23.240751175411688,0.32625723519144345,25.71880173634628,0.4428633048589337,0.06641778294726627,0.8758535703098357,0.3577808200576479,5.47517879677147,0.7949527974229853
16.35179743662359,1.7489888572650394,0.38944078574262403,1.457575915445789,19.22110333846015,1.4664333469172988,105.12765651542756,5.3992565555746355,1.7623941026510452,23.240751175411688,0.32625723519144345,25.71880173634628,0.4428633048589337,0.06641778294726627,0.8758535703098357,0.3577808200576479,5.47517879677147,0.5751943906417648
16.35179743662359,2.2989628393915065,0.38944078574262403,1.457575915445789,19.22110333846015,-1.3916468707918632,-99.76626249732126,5.3992565555746355,1.514406737201712,19.970533324373523,-0.860613001369928,-62.88806509451908,0.49899357590553356,5.20002998174239,68.57297282631927,0.6826429272885332,92.43481627373171,1.2232352986944028
16.35179743662359,2.2989628393915065,0.5913787771332287,1.457575915445789,8.335462641542179,-0.5664870174025239,-26.74362749704391,1.6352198589930589,1.514406737201712,8.660461968585642,-0.860613001369928,-41.413690229071754,0.3433708391698763,5.20002998174239,29.737494416856023,0.6826429272885332,60.87111826048398,1.2232352986944028
0.8519407082534097,2.2989628393915065,0.5913787771332287,0.9898513024423139,5.6606784351718025,-0.5664870174025239,-1.1482423858858,1.6548143976498229,1.514406737201712,8.660461968585642,-0.860613001369928,-2.1576838094948867,0.4313253938791539,1.4658713359445639,8.382901795092046,0.018828594710894708,0.046443449334061124,2.5828954867349583
24.73174873276916,2.2989628393915065,0.5913787771332287,0.27025438994091583,1.5455080913410304,-0.5664870174025239,-17.41728380030467,1.6548143976498229,0.575376019450081,3.290412021866159,0.10597757682091402,4.754380678510203,0.4313253938791539,1.4658713359445639,8.382901795092046,1.2935201634186866,92.62435946544188,2.5828954867349583
10.083172024360364,2.2989628393915065,0.76747944712252,0.3168941798258121,1.0759962320132324,-0.25391359496794447,-2.6557580475551554,2.5661471253755535,0.4869529367342461,1.653421105372881,0.10597757682091402,1.3740511507358708,1.0727610074963647,0.11689256197577622,0.3969020709229939,1.2935201634186866,8.216976821540497,1.9557402366952035
0.265127336194527,7.807931708699866,0.6949396782974405,0.5119682644923125,2.120209709324437,-0.13421725136479817,-0.05181461296830828,2.8764362809665847,0.4869529367342461,2.016613950616269,-0.909554516788409,-0.3424479942654752,1.0727610074963647,0.11689256197577622,0.4840861475947415,1.2935201634186866,0.23861021874987176,1.9557402366952035
0.265127336194527,3.875539400813651,0.6949396782974405,0.38670590132463084,1.6014617770392119,-1.406125230238083,-0.4717770365516753,2.8764362809665847,0.4456126093998284,1.8454116135182843,1.7845941202694378,0.6427477881914341,1.1964530427141975,0.30812784013411065,1.27604713743994,1.2935201634186866,0.38740129672090495,1.9557402366952035
0.4036883674931976,3.875539400813651,0.6949396782974405,0.38670590132463084,1.6014617770392119,-1.1976558507218604,-0.6118381658708393,2.8764362809665847,0.4456126093998284,1.8454116135182843,-1.278526754848615,-0.7011366681125202,0.49073003041871693,0.30812784013411065,1.27604713743994,1.2935201634186866,0.5898652296014669,1.9557402366952035
3.6297934888395793,3.875539400813651,1.0747503167855879,1.8049160093891197,3.125156921393899,1.5953351065017711,10.236930483536602,2.8764362809665847,0.4730577655690431,0.8190850668932737,-1.278526754848615,-4.20006722846933,0.49073003041871693,0.4008422579070743,0.6940461219075954,1.2935201634186866,3.9115536030654336,22.02082844531564
3.6297934888395793,20.05155670660815,0.8146322421478249,1.8049160093891197,5.439560392949322,1.6399585019031426,13.883426881307598,2.8764362809665847,0.4730577655690431,1.4256764701407851,-1.278526754848615,-5.541179627774976,0.49073003041871693,0.4008422579070743,1.2080371931930862,0.5447286983080465,2.173213159540706,22.02082844531564
1.044244531000456,6.8458276886292895,0.8146322421478249,0.10753414406514873,0.3240807150602337,1.6399585019031426,0.9749035734499324,1.527183850781303,0.4657881142852187,1.4037675796504026,-1.278526754848615,-1.5818293671433532,0.49073003041871693,0.4008422579070743,1.2080371931930862,0.5447286983080465,0.6252052530057584,22.02082844531564
1.044244531000456,4.140896011891086,0.8146322421478249,4.0388679808456445,12.17212667330425,1.5147898009636642,5.5187130538500275,1.527183850781303,0.616939800159588,1.8593005349417755,-1.278526754848615,-1.8204838359135587,0.6224466086108968,0.4008422579070743,1.2080371931930862,0.5447286983080465,0.6252052530057584,0.13870864627469878
1.044244531000456,12.882969317057743,0.6965433006164456,4.0388679808456445,16.649201680529234,1.5147898009636642,6.454331819500056,1.527183850781303,0.616939800159588,2.54317675306925,-1.278526754848615,-2.129120799427183,2.2280641901645843,1.236060169446759,5.095342345426053,0.5447286983080465,1.2840121990247806,4.082876007455549
2.4988093688342667,72.33062979725848,0.30794898082922223,4.0388679808456445,85.17891641410002,0.6170614543418703,14.230743783368126,1.527183850781303,0.616939800159588,13.011136763950953,-1.7115084608541318,-15.426585017415999,10.436241367206907,1.0916158142691241,23.021958786697223,0.5447286983080465,6.531072694815788,4.082876007455549
2.4988093688342667,0.47053333083426124,0.30794898082922223,3.219117738631182,67.89054806604518,-0.142854248191289,-2.941243245574223,1.527183850781303,0.616939800159588,13.011136763950953,-1.7115084608541318,-15.426585017415999,10.436241367206907,1.5044582788278404,31.728723639524897,-0.5298654152337255,-7.458045013355296,1.0325963181161035
2.4988093688342667,1.174132804509411,0.30794898082922223,1.752804815810446,36.966302341204425,1.4735587062938267,22.387395617090863,1.527183850781303,0.616939800159588,13.011136763950953,-1.7115084608541318,-15.426585017415999,2.2500794406738804,0.4517647004033761,9.527627007615912,-0.012021821334632699,-0.09272477075771182,1.0325963181161035
11.774795603278132,3.4268811394607868,0.3635572675887932,1.460197851350911,22.095103450755104,1.4735587062938267,81.55842669333752,0.7716300716550919,0.616939800159588,9.335275144257439,-1.7115084608541318,-61.573804547689235,4.269932078868913,0.4517647004033761,6.835914586216702,-0.012021821334632699,-0.3701024500833421,0.8835807463573475
9.022128096917003,3.4268811394607868,1.2062233923847885,1.460197851350911,2.00717947658609,0.6856329624084114,8.763826705304242,3.607554930651843,0.616939800159588,0.8480418622886068,-1.7115084608541318,-14.219904670156026,0.4250622648968988,0.4517647004033761,0.6209931305246159,0.26468115908409634,1.881808451912381,0.8835807463573475
9.022128096917003,3.4268811394607868,0.35847457019703516,1.460197851350911,22.726104288552328,1.2469082557822655,53.629776494127185,0.7569545448604211,0.616939800159588,9.601875680897729,-1.7115084608541318,-47.84825222384982,0.4250622648968988,0.4517647004033761,7.031137380290815,0.26468115908409634,6.3320568971921265,0.8835807463573475
5.1943211745872695,3.4268811394607868,0.35847457019703516,1.460197851350911,22.726104288552328,1.2469082557822655,30.876338779430444,0.672373262141011,0.2530820341844314,3.9388968399818247,-1.7115084608541318,-17.643922973743727,0.4250622648968988,1.4492183781873864,22.555222889215397,0.26468115908409634,6.529431780838584,0.8835807463573475
5.1943211745872695,0.7825595105471095,0.6720826153010453,2.565138471319689,11.357833201600076,1.2469082557822655,21.82785413802033,0.672373262141011,0.5573449580448727,2.467793119164338,-1.7115084608541318,-13.965684423928389,0.4250622648968988,0.17299531619391703,0.7659827989627847,0.26468115908409634,1.2032651424970038,0.8835807463573475
5.1943211745872695,0.7825595105471095,0.07140163094063912,2.106957443429503,826.5506952564139,-1.353090187045221,-202.06462609692775,5.752628982296452,0.5573449580448727,218.64412307246496,-1.7115084608541318,-131.45489239463086,1.8020773622158468,1.0453714494719273,410.09489824142105,0.26468115908409634,27.841588509921507,0.8835807463573475
1.049899268061974,0.7825595105471095,0.04024541045622592,2.106957443429503,2601.6749615510953,-0.01643550337825128,-0.8801509490311095,5.752628982296452,1.1980119853027218,1479.3074229002561,-1.7115084608541318,-69.11238839014986,1.8020773622158468,0.29428144883149643,363.37927918832276,0.26468115908409634,5.297253301653113,0.8835807463573475
1.049899268061974,0.7825595105471095,0.13787520554186336,2.106957443429503,221.6733138255403,0.8523019539388078,13.322871032150761,11.47180826062442,1.1980119853027218,126.04302360872744,1.6757395638682089,19.75211305650945,1.8020773622158468,1.1708911170635576,123.1896329267516,0.26468115908409634,3.084308007206554,1.4661885792889673
1.5896303318096163,0.7825595105471095,0.10713236230624401,2.106957443429503,367.15073055531013,0.7503135179648639,22.85394144266316,11.47180826062442,1.1980119853027218,208.76120540050616,1.6757395638682089,38.48819659770226,1.6178127442452046,0.1111189373869145,19.36318133399474,0.26468115908409634,1.8514309739975736,1.4661885792889673
1.5896303318096163,0.7825595105471095,0.10713236230624401,2.106957443429503,367.15073055531013,0.7503135179648639,22.85394144266316,11.47180826062442,1.2908795057343052,224.94396128750557,1.6757395638682089,39.9521203981064,1.6178127442452046,0.1111189373869145,19.36318133399474,0.44585488091823944,3.1187317574718434,1.4661885792889673
1.5896303318096163,0.7825595105471095,0.1497467005258951,2.106957443429503,187.91923479324072,0.7503135179648639,16.350254971645825,5.2958721191267815,1.1069945060593884,98.73268259296103,1.6757395638682089,26.46873176985814,0.5059898158541924,0.04714056380656816,4.20446018303674,1.326828925035862,4.32480164549196,1.4661885792889673
2.2189376546552624,0.4712353893566347,0.14118395510884235,0.5673297327693095,56.92392692317591,0.22159221985672173,3.709770423571564,3.721154817131023,0.6396514789377852,64.18044382341881,-0.9597115192444459,-17.060319713464168,0.5059898158541924,0.01977659832592965,1.9843163029708253,1.326828925035862,4.147300279083807,1.4661885792889673
2.2189376546552624,0.32174232794034446,0.10643907185466352,0.5673297327693095,100.15286623856237,-0.09211723146283174,-2.0455856500016694,5.595017693172854,0.6396514789377852,112.92009797661034,-0.6618635902890784,-15.606273513123753,5.250718777441833,0.015384848387292755,2.7159455491814244,-0.9174600561728168,-3.355002087296396,1.4661885792889673
1.1259631421715466,0.32174232794034446,0.38491178123107334,0.28929513664600665,3.905248914912906,-0.09211723146283174,-0.2049695801484007,5.595017693172854,0.2624396235349126,3.5427213430620816,1.0442532160567564,2.2130870285091606,3.177141269969782,0.05241791835482537,0.7075992398298092,-0.9174600561728168,-0.8689704705588852,1.4661885792889673
1.1259631421715466,3.9596166231522405,0.20001635611949947,0.36622083229039487,18.308047006027987,-0.09211723146283174,-0.4437987357584578,5.595017693172854,0.2624396235349126,13.119835193076991,1.0442532160567564,4.258868058039773,3.177141269969782,0.8456540397735819,42.275787027690235,-0.9174600561728168,-6.716719166129663,7.354564426431062
0.9393394919543144,3.9596166231522405,0.44054669199835034,0.36622083229039487,3.7738892573240936,-0.48236109195866733,-0.8802163413005455,9.536991129376617,0.2624396235349126,2.704428554105939,1.0442532160567564,1.6131180815171198,2.0286237464491608,0.8456540397735819,8.714426965158601,-0.9174600561728168,-2.54407062808687,1.3291666218969966
0.34023654200248016,3.9596166231522405,0.44054669199835034,0.440468456634304,4.539007697312584,-0.7618686644190202,-0.5522573782614568,9.536991129376617,0.44094603943472827,4.543929166658639,1.0442532160567564,0.757360330451662,0.8871249510621402,0.693894802851182,7.150554832764432,-0.9174600561728168,-0.8347145651949646,4.5092148392609825
0.34023654200248016,3.9596166231522405,0.8996476247101036,0.3842296742055059,0.9494585788319017,-0.7618686644190202,-0.2525800696558574,0.6350014675336283,1.6072849874792277,3.971714374079467,1.0442532160567564,0.7080693270967688,0.8871249510621402,0.693894802851182,1.7146629154456001,-0.9174600561728168,-0.40874974863405883,4.5092148392609825
1.4656725899196652,3.9596166231522405,0.8996476247101036,0.3842296742055059,0.9494585788319017,-0.7773444330969344,-1.1101674001799455,0.6350014675336283,1.6072849874792277,3.971714374079467,1.0442532160567564,3.0502244067629594,0.8871249510621402,0.9584487730013432,2.3683944031098343,-0.04302808495609922,-0.09705457150330514,4.5092148392609825
1.4656725899196652,3.9596166231522405,0.43185667705771097,1.11216765597582,11.926718775377543,-0.6260894368179224,-3.1690845932347558,0.6350014675336283,1.7708037726001886,18.989833492010156,1.0442532160567564,6.6696549391119095,0.8871249510621402,0.9584487730013432,10.278260579483366,-0.04302808495609922,-0.20218493625035946,4.5092148392609825
28.835352215801173,0.7520612300470926,0.43185667705771097,1.11216765597582,11.926718775377543,-0.2632143691064502,-26.211709383464875,2.2037602087745682,1.7708037726001886,18.989833492010156,-1.4510247394776323,-182.33105967141728,0.8871249510621402,0.33329373295148385,3.5741918955738408,1.3359053133323164,72.82657245916964,4.5092148392609825
28.835352215801173,7.30825310827982,0.43185667705771097,1.11216765597582,11.926718775377543,-0.774004534534765,-77.07779020416746,2.2037602087745682,1.7708037726001886,18.989833492010156,-1.4510247394776323,-182.33105967141728,1.838998361257454,0.5241346416051125,5.620741115126786,1.3359053133323164,91.32669241825705,0.9060136637085282
7.570156428286423,1.3362340584852181,0.43185667705771097,0.8455339035205999,9.067378491140595,-0.774004534534765,-17.643682379037006,0.9983666570631524,1.7708037726001886,18.989833492010156,-0.8153578119698845,-26.897608539393772,0.9704178146140869,0.5241346416051125,5.620741115126786,1.3359053133323164,23.97603270146137,0.9060136637085282
7.570156428286423,1.3362340584852181,0.09164504015161447,0.711398836375304,169.40460605957023,-1.0858713371472586,-106.99065112992844,0.9983666570631524,0.6670684143867703,158.84825245111392,0.25752495888231386,24.570579582808,1.2749998032238488,0.19957375163807384,47.52427337151611,-0.25613355603131227,-13.366850031408967,0.9060136637085282
2.148877068091097,1.3362340584852181,0.2920731260846496,0.711398836375304,16.678613632986547,-1.5255519197692102,-13.388087378368528,0.9983666570631524,0.6670684143867703,15.639295120320407,0.25752495888231386,2.188464395131406,1.2749998032238488,0.578638411400837,13.566070119164882,-0.28905117149408405,-2.2877751266071464,0.9060136637085282
2.148877068091097,1.3362340584852181,0.235145227294601,0.711398836375304,25.73183805134203,-2.1610889164278917,-23.556979932925127,0.9983666570631524,0.6670684143867703,24.128372904886813,0.25752495888231386,2.7182845451086792,1.2749998032238488,0.3829204882418625,13.850525874043274,1.7799719838843253,14.235013045295137,0.9060136637085282
2.148877068091097,1.3362340584852181,0.235145227294601,0.711398836375304,25.73183805134203,-0.4677326213289441,-5.098525974966774,0.9983666570631524,0.6670684143867703,24.128372904886813,0.25752495888231386,2.7182845451086792,1.2749998032238488,0.3829204882418625,13.850525874043274,1.7799719838843253,14.235013045295137,0.9060136637085282
2.148877068091097,1.3362340584852181,0.3043751303603345,0.711398836375304,15.35765181064758,-0.4677326213289441,-3.938869932742792,7.623481029312414,0.6736298264733029,14.542295819536813,0.25752495888231386,2.110315482599511,1.2749998032238488,3.0315909498123026,65.44587348040815,-0.8336618457621894,-14.49247737668039,0.9060136637085282
2.148877068091097,0.4323094684941339,0.22773577532512823,0.9670905839494639,37.29362767635394,-0.4677326213289441,-6.137995233535808,7.623481029312414,0.6736298264733029,25.976987427162307,0.25752495888231386,2.8204947123509068,1.2749998032238488,3.0315909498123026,116.90634365147766,-0.03499931658066113,-0.8131865265083882,0.9060136637085282
0.31640907305538335,6.23698494395807,0.6396845822448812,0.23860097207181877,1.1661930193867074,-1.2212735210295327,-0.41729875426982155,7.623481029312414,1.117358803361998,5.4612352385506115,-0.4991702055288184,-0.36909913349117246,1.2749998032238488,3.0315909498123026,14.817291700902484,-0.03499931658066113,-0.042627798862191035,0.9060136637085282
0.31640907305538335,7.098626050560941,0.29973970908694203,0.07982880344639212,1.77705574858727,-1.2212735210295327,-0.515124725029852,7.623481029312414,1.1206497480548818,24.946598106924373,0.17626265137581587,0.278557523221218,1.2749998032238488,1.472616817382075,32.78167863999694,-0.03499931658066113,-0.06340508467023541,1.8953550585927788
0.31640907305538335,1.969939647275065,0.29973970908694203,0.07982880344639212,1.77705574858727,1.226849309958342,0.5174765542387224,7.623481029312414,1.1206497480548818,24.946598106924373,0.17626265137581587,0.278557523221218,1.7399796270628083,1.6957714096623078,37.74928599367021,-0.03499931658066113,-0.06803977415024093,1.351557801313712
0.31640907305538335,1.9687156670218624,0.29973970908694203,0.07982880344639212,1.77705574858727,-0.41569406286865473,-0.17533688084160107,0.7010791570231488,1.1206497480548818,24.946598106924373,0.17626265137581587,0.278557523221218,1.7399796270628083,1.6957714096623078,37.74928599367021,-0.4160677030717544,-0.8088487237449056,1.5066842850123594
7.107219691735873,3.0487782542684125,0.2906133031509955,0.17017242207088681,4.02984362891654,0.04020452162645266,0.5736126711915235,0.7825382367035151,1.1206497480548818,26.53804413481694,0.17626265137581587,6.453487820201528,1.7399796270628083,1.6957714096623078,40.15746810302691,1.0243766613611975,46.1362802999048,1.5066842850123594
7.107219691735873,4.897384248685771,0.2671208177622938,0.17017242207088681,4.769838829653651,0.04020452162645266,0.6240602080388116,0.7825382367035151,1.1206497480548818,31.41119235223153,-0.7614789155135212,-30.331915261380157,1.7399796270628083,1.6957714096623078,47.53153429675241,1.0243766613611975,50.19382961378517,0.35038756527948905
7.107219691735873,4.897384248685771,0.2671208177622938,2.383653739358744,66.81249537428769,0.04020452162645266,2.335626991106824,3.955289301038922,0.5702515860565726,15.983836421574683,1.5245567552073909,43.31954136182789,1.7399796270628083,1.6957714096623078,47.53153429675241,0.49936133224650536,24.468399732172276,0.35038756527948905
0.3970084455885255,1.5106160227889094,0.2671208177622938,2.383653739358744,66.81249537428769,0.36693095160143563,1.190729022354055,0.9799918625259593,1.010628010419799,28.327343924316576,1.5245567552073909,3.2214119839543973,1.7399796270628083,0.1698985117141974,4.762161273917638,-0.6078056550563509,-0.5265826328536108,0.35038756527948905
0.6904007343144788,1.5106160227889094,0.08487182019042212,2.1328318516165417,592.1879703201339,0.36693095160143563,6.164748764926142,0.9799918625259593,1.010628010419799,280.6042819482312,-1.1200910091109875,-12.953934680082916,2.259925282166021,0.1698985117141974,47.17289585495692,-0.6078056550563509,-2.8821212657546407,0.35038756527948905
0.6904007343144788,0.389626917904056,0.08487182019042212,0.13502561298826601,37.490317690139754,0.07404730775659446,0.31301855179649074,0.5864928524142026,1.010628010419799,280.6042819482312,-1.1200910091109875,-12.953934680082916,3.1561307044736218,0.1698985117141974,47.17289585495692,-0.6078056550563509,-2.8821212657546407,0.35038756527948905
0.6904007343144788,0.389626917904056,0.09045435544372421,0.46796497465706727,114.38903022552189,-0.2557640796519336,-1.8885695553319897,0.5864928524142026,1.010628010419799,247.03720212263022,-1.5914045561548658,-17.268834275687468,1.305292075475644,0.1698985117141974,41.52987305511158,1.7026072849065979,7.575233666747944,3.805920784487397
0.6904007343144788,0.389626917904056,0.09045435544372421,0.46796497465706727,114.38903022552189,0.9307758411918916,6.872876437167201,1.3389433776784525,0.5114380994318896,125.01557035816585,-1.5914045561548658,-12.284681325930679,1.8684203824207506,0.04073785355000342,9.957932352670468,1.7026072849065979,3.7093713878049592,4.914447387009489
1.2727187687888948,0.389626917904056,0.47091429365891907,2.2930904649161405,20.680804947811303,0.12763369543066316,0.7387228142496468,0.5653230843721089,0.5114380994318896,4.612531314858978,-1.5914045561548658,-4.349934420795213,1.8684203824207506,1.045272949461323,9.427053278433824,1.7026072849065979,6.653266455087535,4.914447387009489
1.58473733242058,2.7874256919659297,1.6826413079264324,0.24393410155774534,0.17231354649628838,-0.5338090693111897,-0.351158307799481,11.355728375573504,0.4106595507989729,0.29008737666796675,-1.5914045561548658,-1.3583206443581899,1.291939163863209,1.045272949461323,0.7383743717180867,0.29873353213670284,0.4067987127225504,4.914447387009489
1.58473733242058,2.7874256919659297,0.46106841668222326,0.24393410155774534,2.294942273936131,-0.5338090693111897,-1.281531011334034,5.602838863321693,0.4106595507989729,3.8635023037198666,0.5825705173336269,1.8146646485226297,1.291939163863209,0.6359064945623438,5.982635012170244,1.6742625561651974,6.489737157494206,4.914447387009489
1.58473733242058,2.7874256919659297,0.46106841668222326,0.24393410155774534,2.294942273936131,-0.5338090693111897,-1.281531011334034,0.7014146810644685,0.4106595507989729,3.8635023037198666,-0.8302308111451717,-2.586108390783215,1.291939163863209,0.6359064945623438,5.982635012170244,0.6088895186436931,2.3601632368829275,4.914447387009489
1.58473733242058,2.7874256919659297,0.46106841668222326,0.14009055395128767,1.3179778160940456,-0.5338090693111897,-0.9711745369870676,1.4810029758450574,0.4106595507989729,3.8635023037198666,-0.8302308111451717,-2.586108390783215,1.291939163863209,0.7124420094332828,6.702684350959416,0.6088895186436931,2.4981595440913495,4.914447387009489
1.58473733242058,0.784969532934763,0.46106841668222326,0.12027118071701572,1.1315163201908922,-0.5338090693111897,-0.8998573082701194,2.5597850917322376,0.4106595507989729,3.8635023037198666,-0.9567513319580613,-2.9802105803046586,0.7201817185110583,2.6588736977172496,25.01479543442886,0.6088895186436931,4.8260772021884994,4.914447387009489
0.5641769772750541,0.784969532934763,0.7768369039070523,0.12027118071701572,0.3985950240416201,-0.5338090693111897,-0.1901372656812525,1.571797019110237,2.7492115006765245,9.111260217740785,1.6655737889242488,2.8364064385136816,0.7201817185110583,2.6588736977172496,8.811868472122667,0.6088895186436931,1.0197362568013948,1.081335733006566
0.6104015721584025,0.784969532934763,0.1534636703585369,1.0836648293469764,92.02669224418725,1.1421545071134218,6.688017603701861,1.571797019110237,3.135045966868902,266.2335277027323,0.3246754277483579,3.2336755154018832,7.2749363072608935,2.6588736977172496,225.79615474227367,-0.40370563725948894,-3.702872243064786,1.081335733006566
0.6104015721584025,0.784969532934763,0.1534636703585369,1.0836648293469764,92.02669224418725,0.23494586844593568,1.3757526624437677,0.36465427272641615,0.08125790753285915,6.900562098558909,0.01643235850390401,0.026348614234905005,8.645250234492883,3.2881589916112657,279.2361506770639,0.7892001137850684,8.049865127587745,0.28936541360250906
0.6104015721584025,0.6440581206593348,0.3472999058249996,1.2816059990642752,21.25079570455415,0.23494586844593568,0.6611059318333685,1.3990748664036032,0.07497249440380896,1.2431473972495581,0.01643235850390401,0.011183477217964128,8.645250234492883,0.487873403784147,8.089614156825121,0.7133527312752743,1.2384653944104091,0.28936541360250906
1.9892614125032968,0.6440581206593348,0.3472999058249996,1.5962726542060803,26.468402994420252,-0.5310431565694231,-5.434824744466721,0.2859238678757747,0.06604758302418495,1.0951600528175598,0.01643235850390401,0.03420822630885522,5.303876465350332,1.1312732832783896,18.75807186180594,0.7133527312752743,6.145967853732082,0.24090409849958147
1.9892614125032968,3.742219507516722,0.40012449383936527,1.7916370145861646,22.381528702101125,-0.5310431565694231,-4.997658171572356,0.2859238678757747,0.06604758302418495,0.8250811202969316,0.01643235850390401,0.029692043247607994,0.3728052943148268,1.201705499017196,15.011972792903375,0.040961185729080696,0.3157063102800408,0.24090409849958147
1.9892614125032968,0.7034815580108028,0.40012449383936527,1.7916370145861646,22.381528702101125,-0.8934414648833349,-8.408196174941294,0.12230855603671259,0.04311983195631412,0.5386625464326765,0.01643235850390401,0.023991099369191023,0.3728052943148268,1.201705499017196,15.011972792903375,-0.9862985887593482,-7.601847523436269,0.24090409849958147
1.9892614125032968,1.60704976516574,1.4588207134390154,1.7916370145861646,1.6837444594779332,-0.3298479860921628,-0.8514198771472148,0.09631913177382899,0.1775852574071801,0.16689105595050877,0.01643235850390401,0.0133539052640221,0.3728052943148268,1.201705499017196,1.1293386770990155,-1.4916491673040047,-3.153338906774851,0.24090409849958147
1.9892614125032968,1.5448368400257386,1.4588207134390154,1.4076966132634967,1.3229249864296515,-0.3298479860921628,-0.7546981835476194,0.09631913177382899,0.9293131527777431,0.8733498244179321,0.01643235850390401,0.030548217796320727,0.2521857162624495,1.201705499017196,1.1293386770990155,-1.4916491673040047,-3.153338906774851,1.4476161897711135
1.9892614125032968,1.5448368400257386,1.3302298005853097,1.4076966132634967,1.5910569155125682,-0.03458818772291222,-0.08678856817149858,0.09631913177382899,1.4819985716479838,1.6750371166510054,-0.8043095123734292,-2.07074814402809,3.8078194100611387,1.201705499017196,1.3582343145574516,-0.8479805568796142,-1.9659166551943534,1.4476161897711135
1.9892614125032968,1.5448368400257386,1.3139617588672636,0.9365555765169856,1.0849209563237459,-0.03458818772291222,-0.0716669157720866,0.1879515179715606,1.4819985716479838,1.7167708440777147,-0.8043095123734292,-2.096385889546389,0.7862522574167353,1.201705499017196,1.3920748665678309,0.9346304581962692,2.193628523100671,0.8364776313115332
1.9892614125032968,1.5448368400257386,0.39512499504451787,1.3402576253950131,17.16916900700517,-0.03458818772291222,-0.285098087213742,0.07170751445404513,0.5496621712022357,7.041364686395396,-0.8183365858237809,-4.319686658582034,0.7862522574167353,1.201705499017196,15.394267802201675,0.2999485656064539,2.3410903048369787,0.44396024282019825
0.4527834132854138,1.5448368400257386,0.39512499504451787,1.3402576253950131,17.16916900700517,0.6966251265157501,1.3069659760508605,0.27726758213076397,1.9897580980576732,25.489497258812964,-0.8183365858237809,-1.8706955441589204,0.7862522574167353,1.201705499017196,15.394267802201675,0.2999485656064539,0.5328645357371905,0.44396024282019825
0.4527834132854138,1.5448368400257386,0.39512499504451787,1.3402576253950131,17.16916900700517,-0.9414393970732078,-1.76627172011818,0.4052588336807006,0.8894541379317256,11.394218640337165,-0.8183365858237809,-1.250733410773302,0.7862522574167353,1.5939899478052397,20.419568813323867,-0.11434976335969621,-0.23396401351508136,1.946910497128949
0.4527834132854138,1.5448368400257386,0.34339258209438767,0.8832168763533248,14.980128397648164,-0.9472682112879985,-1.6600502726224604,0.4052588336807006,2.0188152045584578,34.2408662980664,-0.8183365858237809,-2.1681775777015835,2.080736168912877,2.268203159776929,38.47070348757355,-0.11434976335969621,-0.3211373677325116,0.15273030386346145
0.4527834132854138,1.5448368400257386,0.7185467268020463,0.8832168763533248,3.4212697996656534,-0.9472682112879985,-0.7933359491586169,0.4052588336807006,1.0251884169148353,3.971217334794945,-0.8183365858237809,-0.7383874467649214,3.0210493541475323,2.268203159776929,8.786216814709764,-0.2914346295977342,-0.3911403521468825,4.319176034687278
14.29766268427394,3.0381020765218127,0.7185467268020463,0.8832168763533248,3.4212697996656534,-0.9472682112879985,-25.05138099930395,0.2278724049318015,1.0251884169148353,3.971217334794945,-1.474487510319055,-42.01147917427987,3.0210493541475323,2.268203159776929,8.786216814709764,-0.2914346295977342,-12.351143290841051,4.319176034687278
14.29766268427394,12.230785332519805,0.33293748654153765,2.9465370608490424,53.16386058274134,-0.9472682112879985,-98.75208307544507,0.2278724049318015,0.1644442633704029,2.967039514831881,0.004528535898176589,0.11152815730335798,3.657051793200532,2.268203159776929,40.92479886370992,2.314954887867382,211.73899911819004,0.7465309959818531
20.449146230032344,12.230785332519805,0.33293748654153765,3.957282314435889,71.40056306999088,-1.445597729451092,-249.78908451312262,0.183745679801294,0.1644442633704029,2.967039514831881,-1.873703413919243,-65.99905143857897,0.928782781550646,2.1260856012213316,38.36059623758301,2.314954887867382,293.19758388976857,0.602762866923937
0.9824840901452866,43.497031797700316,0.33293748654153765,3.957282314435889,71.40056306999088,-1.445597729451092,-12.001175925167766,0.183745679801294,0.05316017085305834,0.959159804686908,-0.4149055732668252,-0.39922734470247945,0.928782781550646,0.43190484387202094,7.792784692823916,2.314954887867382,6.3491325988021154,0.4468913488779339
0.9824840901452866,1.055691087138718,0.33293748654153765,3.957282314435889,71.40056306999088,-1.445597729451092,-12.001175925167766,0.183745679801294,0.05316017085305834,0.959159804686908,-0.21004793609575625,-0.20211075770200998,0.7967671270559589,0.43190484387202094,7.792784692823916,-0.10189248807570017,-0.27945638206818685,0.4468913488779339
0.5949632876778711,0.8517958494956295,0.33293748654153765,1.1225347323136714,20.25370079370821,-1.445597729451092,-3.870702747124224,0.7382333844676117,0.05316017085305834,0.959159804686908,-0.21004793609575625,-0.1223922932529844,0.38903321179830824,0.7058929557745409,12.736304995370814,1.1704953773441908,2.485315889739419,1.4602879574844936
0.5949632876778711,0.8517958494956295,0.8076083180359972,0.6266958144931607,1.9216983761298294,0.15377338819130149,0.1268276552651401,0.7382333844676117,0.05316017085305834,0.1630102062923884,-0.21004793609575625,-0.050456367991354854,0.17493075172118625,0.7058929557745409,2.1645482791846935,1.280633022698458,1.1209816495844125,1.4602879574844936
0.3696289917426052,1.0305135350620882,0.932761042584637,0.8425525165958413,1.9368062478952504,1.173868346456205,0.6038492181368523,0.7382333844676117,0.0700420500934132,0.16100821914865593,0.05164292927514233,0.007659508793505139,0.11689456126499632,0.7058929557745409,1.622661923334079,2.383960629630911,1.1224813377258547,1.0312887402438797
0.9852810355631778,1.0305135350620882,1.155836345679577,1.5815714278715998,2.36769693771058,0.5855963896478698,0.8878131439940549,0.7382333844676117,0.0700420500934132,0.10485669163884838,-0.7337192169598861,-0.23409281984532535,0.11689456126499632,0.7058929557745409,1.056759473701455,2.2775417484087503,2.306824446444086,0.9682551987060485
0.9852810355631778,1.0305135350620882,1.155836345679577,1.5815714278715998,2.36769693771058,0.5855963896478698,0.8878131439940549,0.7382333844676117,0.5256893850793372,0.786985099316269,-0.7337192169598861,-0.6413177679276744,0.17550324809544723,1.0201039787918902,1.5271501648093906,2.2775417484087503,2.7731115642566735,0.9682551987060485
0.9852810355631778,1.0305135350620882,0.5060767879413808,1.5815714278715998,12.350540665593348,0.5855963896478698,2.0276897191325958,1.6937373835354146,0.5256893850793372,4.105124822993586,-0.7337192169598861,-1.464715242752384,0.17550324809544723,2.7451305338133825,21.436810056596855,2.2775417484087503,10.389784749436453,0.4350866505957369
0.9852810355631778,1.0305135350620882,0.5060767879413808,1.5815714278715998,12.350540665593348,0.2487102171476449,0.8611855524873787,0.5882434417774279,0.5256893850793372,4.105124822993586,-0.7337192169598861,-1.464715242752384,0.4410678342236062,0.43569069678016387,3.4023222558121313,1.3753871176498444,2.499613139835684,0.557038068749371
0.9852810355631778,1.0305135350620882,0.7541424407894692,1.1471696029927574,4.034139036023732,-0.312263121419146,-0.6179541474009139,1.7405341707692874,0.5256893850793372,1.8486403960140971,1.6559311494010303,2.2183425974984963,0.4410678342236062,0.43569069678016387,1.5321508196589961,0.65071456649385,0.7935995471029079,0.557038068749371
0.9852810355631778,1.0305135350620882,0.7541424407894692,1.1471696029927574,4.034139036023732,0.9829386810955971,1.9451897869441008,1.7405341707692874,0.19909578480416254,0.7001406551314658,1.6559311494010303,1.365196127310911,1.2265385577776375,0.43569069678016387,1.5321508196589961,0.65071456649385,0.7935995471029079,0.557038068749371
0.9852810355631778,1.4497679168992594,0.7541424407894692,1.1471696029927574,4.034139036023732,-1.1713182126205082,-2.317984090229774,1.7405341707692874,0.6891553050527854,2.4234849936255127,1.6559311494010303,2.539934790240213,1.2265385577776375,0.13803358278655578,0.4854091872280666,0.65071456649385,0.4466883730830453,0.557038068749371
4.756192693610435,0.6426580675536878,0.43331632030934225,1.1471696029927574,12.219333933162744,-1.1713182126205082,-19.47413176878504,1.7405341707692874,0.6891553050527854,7.34069206705069,1.929510939032586,24.864240030360115,1.2265385577776375,0.13803358278655578,1.4702956194616315,-0.7062821299068102,-4.073239916866745,0.557038068749371
4.756192693610435,0.6426580675536878,0.43331632030934225,1.1471696029927574,12.219333933162744,1.5708314358233975,26.116368752891223,0.8622113815125274,0.25287001716904106,2.6935016177312514,1.929510939032586,15.061398758638036,1.2265385577776375,0.13803358278655578,1.4702956194616315,-0.04556243482019884,-0.2627657140975099,0.6064469709766391
4.756192693610435,0.9033314283820479,0.43331632030934225,1.1471696029927574,12.219333933162744,0.8771919034510172,14.584039187864139,2.3943448125688764,0.13139419543085207,1.399574698161667,-1.9966785284856159,-11.23480736905389,0.3593074972688998,0.1086473239319612,1.1572813022640036,-0.6983408673800008,-3.5731098457924833,0.6064469709766391
4.756192693610435,0.9033314283820479,0.4969186620329827,0.6876651569924805,5.569758963478371,0.8771919034510172,9.846281693830548,2.3943448125688764,0.13139419543085207,1.064230156651691,-1.5901983679276408,-7.802405644789904,1.684276717753119,0.1086473239319612,0.8799913739625406,-0.9536652181029031,-4.254951286490419,0.6268813120948769
2.0828293793308097,0.9033314283820479,0.4969186620329827,0.3799495020323799,3.0774092930189454,0.8771919034510172,3.2050952452052095,0.4731351321168935,0.13139419543085207,1.064230156651691,-0.11062212567795537,-0.2376914035053596,0.5243468534736323,0.459902797742704,3.724992758480296,1.659815606741321,6.672310606587518,0.6268813120948769
9.650738510699467,1.4468700101833574,0.4969186620329827,0.3799495020323799,3.0774092930189454,0.8771919034510172,14.850729695055305,0.2428665037072203,0.05764478645112274,0.46689520731010115,-0.11062212567795537,-0.7294780959947195,2.5540256302910884,0.459902797742704,3.724992758480296,1.659815606741321,30.915986477505594,0.6268813120948769
9.650738510699467,1.4468700101833574,0.4969186620329827,0.3799495020323799,3.0774092930189454,0.8771919034510172,14.850729695055305,0.2428665037072203,0.8355820441740741,6.767815022960397,-0.24562267671317198,-6.166706065249484,2.5540256302910884,0.459902797742704,3.724992758480296,1.1994850157572872,22.341796508304693,0.6268813120948769
10.169211559236528,1.4468700101833574,1.57839149648583,0.3799495020323799,0.305018661045361,-0.7714768942503762,-4.3328475728009535,0.6882482031049325,0.2863649567835696,0.22989017019686278,-0.24562267671317198,-1.1976114601605479,2.5540256302910884,0.459902797742704,0.36920415694225667,1.1994850157572872,7.411658500700677,0.6268813120948769
1.0870504840758253,1.4468700101833574,1.57839149648583,0.3799495020323799,0.305018661045361,-2.0282555076320703,-1.2176867570070373,0.6882482031049325,0.2863649567835696,0.22989017019686278,-0.24562267671317198,-0.12802016261721075,2.3775758496403827,0.8576506975791522,0.6885111469310965,-0.40459611125012396,-0.36494456980711976,3.943733143251103
1.0870504840758253,3.2271223852639728,0.4289974018584261,0.3799495020323799,4.129015863104619,-2.0282555076320703,-4.480181964546238,0.6882482031049325,0.2863649567835696,3.1120068400454457,-1.3476533305159808,-2.584331220195871,0.406082674029349,0.8576506975791522,9.320326296954246,-0.40459611125012396,-1.3427246952472967,4.880991015639274
2.667265530160006,3.2271223852639728,0.4289974018584261,0.3799495020323799,4.129015863104619,-1.0793693132381987,-5.850050228824346,0.9646041250943062,2.3255897690849343,25.272824404984135,-1.1939626634415559,-16.009725607857984,0.15312327269601636,0.8576506975791522,9.320326296954246,-0.40459611125012396,-3.294606229049707,2.5727479774941084
12.99443526006788,2.148529974983961,0.4289974018584261,0.3799495020323799,4.129015863104619,-1.745413079449965,-46.08705014741133,0.3312462966503313,2.3255897690849343,25.272824404984135,-0.4971419182780302,-32.47616082911161,0.15312327269601636,0.8576506975791522,9.320326296954246,-0.40459611125012396,-16.050725683930903,2.5727479774941084
12.99443526006788,2.148529974983961,0.4289974018584261,0.08313544718336213,0.9034557970736453,-1.7254120732908362,-21.310993510034013,0.6642163151417122,2.3255897690849343,25.272824404984135,-0.4971419182780302,-32.47616082911161,1.0728519247772896,0.8576506975791522,9.320326296954246,-0.40459611125012396,-16.050725683930903,2.5727479774941084
15.8307964891677,6.494411274827433,0.5048885185268834,0.22701160237271062,1.7810949016135211,-1.7254120732908362,-36.45349129713845,0.2093849909131962,2.3255897690849343,18.246186704418726,-0.4971419182780302,-33.61779363459451,1.0728519247772896,0.8576506975791522,6.728983315643685,-0.132349377821122,-5.434998088295582,2.5727479774941084
7.931719160246515,6.494411274827433,0.5048885185268834,0.2993133571303535,2.3483623250869803,-0.4605597117154856,-5.598037784382937,0.3851543533035095,2.3255897690849343,18.246186704418726,-0.4971419182780302,-16.84355541296871,1.1763422531624814,0.8576506975791522,6.728983315643685,-0.132349377821122,-2.7231023089921416,2.5727479774941084
1.917854656778778,6.494411274827433,1.500474280419596,0.2993133571303535,0.26588815014269823,0.76611050567875,0.7576290184567391,4.691579315487767,2.3255897690849343,2.0658842880288923,-0.4971419182780302,-1.3704054321929309,1.1763422531624814,0.8576506975791522,0.7618743100348927,2.1561495652599514,3.609410184356075,2.5727479774941084
1.917854656778778,6.494411274827433,0.6986662527605814,0.2439110123059921,0.9993597909724393,0.26754151877734084,0.5129414739063186,5.882645012725609,2.3255897690849343,9.528478782272956,-0.9393302554657708,-5.560908997291068,0.6519767449916777,0.8576506975791522,3.513993131170372,2.1561495652599514,7.7516655881284375,1.9904990362723882
1.2775167596369859,28.076025906520712,0.6986662527605814,0.8160993199592753,3.343747533563966,0.26754151877734084,0.6249921088346486,9.18917561412162,0.09423968642180956,0.3861217762716577,-0.9393302554657708,-0.745670676917635,0.6519767449916777,0.2676999505994767,1.096828569342349,2.1561495652599514,2.8847944015630835,1.9904990362723882
1.2775167596369859,13.978096751028597,0.6986662527605814,1.1446984886224965,4.69009427455089,0.26754151877734084,0.7401991476911668,9.18917561412162,0.2446450028554441,1.0023671198959727,-0.9393302554657708,-1.2014295886331685,1.5847598232763873,1.142771452657377,4.682198762818594,1.5316904812849819,4.23411395936801,0.20261011802918966
1.2775167596369859,13.978096751028597,0.6986662527605814,1.1446984886224965,4.69009427455089,0.26754151877734084,0.7401991476911668,8.899602777651621,0.24031006749529948,0.9846058878202418,0.17001397852764688,0.21551745555524493,1.5847598232763873,2.3735848363488232,9.725125665638663,1.2272182857143938,4.889180094742885,0.20261011802918966
1.2775167596369859,13.978096751028597,0.6986662527605814,1.1446984886224965,4.69009427455089,0.5183602684916069,1.4341319085273427,8.899602777651621,0.31560775227964194,1.2931179054424182,0.17001397852764688,0.2469848414187537,2.724676126522716,0.5094935016019931,2.0875126319594854,1.2272182857143938,2.265181364722295,7.337705155251511
4.933580317023026,13.978096751028597,0.6986662527605814,1.1446984886224965,4.69009427455089,0.5183602684916069,5.538404801777852,3.362939095314646,0.31560775227964194,1.2931179054424182,0.17001397852764688,0.9538188388016657,0.3636618436214667,2.0147170298178176,8.2547613195154,0.4264251091203617,6.044456163303006,7.337705155251511
4.933580317023026,0.5138501470884823,0.6986662527605814,1.1446984886224965,4.69009427455089,-0.9685063911701177,-10.347977600632737,0.14814051359323172,0.31560775227964194,1.2931179054424182,0.17001397852764688,0.9538188388016657,0.3636618436214667,0.4339810254878686,1.7781205646158786,0.4264251091203617,2.805340453783489,7.337705155251511
0.2627005602508322,0.5138501470884823,0.6986662527605814,1.1446984886224965,4.69009427455089,-0.9685063911701177,-0.5510033968170209,1.7995289554640768,0.31560775227964194,1.2931179054424182,0.24911542564562406,0.07441846062972825,0.3636618436214667,2.053971435593439,8.41559569259183,0.4264251091203617,0.32497219182383885,0.3478205171375239
0.5502390740912438,0.975725632800161,0.6986662527605814,1.1446984886224965,4.69009427455089,-0.5167735843608532,-0.615804020265196,1.7995289554640768,0.2056770723835096,0.8427065023499057,0.24911542564562406,0.12583174541944295,1.6915624876990567,2.053971435593439,8.41559569259183,0.4264251091203617,0.6806700288869472,0.35137153691005973
0.5502390740912438,1.1177427813262923,0.6986662527605814,1.1446984886224965,4.69009427455089,1.2289524748399998,1.4644592866667876,1.7995289554640768,0.8528828047140612,3.494457972130243,0.35968430364277376,0.36996686066516576,0.6119150338073804,2.053971435593439,8.41559569259183,0.4264251091203617,0.6806700288869472,0.18517542037097648
0.9101168092315929,3.387734202743469,0.6986662527605814,1.1446984886224965,4.69009427455089,1.2289524748399998,2.422272564761066,1.7995289554640768,0.8528828047140612,3.494457972130243,0.35968430364277376,0.6119395633727281,0.6119150338073804,0.8028776369550343,3.289575242454593,0.7079609557552832,1.16862818031219,7.362233796313854
0.9101168092315929,3.387734202743469,0.6986662527605814,2.9315249065868296,12.011135086438005,1.0492513450058407,3.3095480884196724,0.38624534355585544,0.8528828047140612,3.494457972130243,0.6583488245318794,1.120064701603169,0.6119150338073804,0.8028776369550343,3.289575242454593,-0.6790998898437824,-1.120987339862105,7.362233796313854
0.9101168092315929,3.387734202743469,0.6986662527605814,0.8412692683078993,3.446874629313591,1.0492513450058407,1.7729211210817875,0.600269554369314,0.8528828047140612,3.494457972130243,1.6821629246996888,2.8619042733787636,0.6119150338073804,0.8028776369550343,3.289575242454593,-0.6790998898437824,-1.120987339862105,7.362233796313854
0.9101168092315929,3.387734202743469,0.5678901862943014,0.818379450467429,5.07523298568317,-0.4233255228814985,-0.867959739919734,0.600269554369314,0.8528828047140612,5.289207764117797,1.5073223874063026,3.154994441774572,0.6119150338073804,0.8028776369550343,4.97909748859673,0.4500147331349663,0.9139010638222493,7.362233796313854
0.9101168092315929,23.578347012331836,0.5678901862943014,0.818379450467429,5.07523298568317,-0.4233255228814985,-0.867959739919734,4.054091833511112,0.8528828047140612,5.289207764117797,1.5073223874063026,3.154994441774572,0.6119150338073804,0.8560862241662102,5.309073976620126,0.4500147331349663,0.9436984819963888,7.362233796313854
0.9101168092315929,23.578347012331836,0.5775593518898148,0.818379450467429,4.906722200298616,1.4063596489492594,2.83523634878577,1.1530310397365622,1.2317773360230502,7.385313984896467,1.5073223874063026,3.728101837176026,0.6119150338073804,0.8560862241662102,5.13279906904669,0.4500147331349663,0.9278996262341183,0.37576300887095815
0.9101168092315929,12.36005597920395,0.5775593518898148,0.33416477800483396,2.0035372758415013,-0.6016799074865791,-0.7751064625761833,1.1530310397365622,1.2317773360230502,7.385313984896467,1.5073223874063026,3.728101837176026,1.1575338270199607,0.8560862241662102,5.13279906904669,0.4500147331349663,0.9278996262341183,1.3936136338114231
0.9101168092315929,1.6007949973912716,0.5775593518898148,0.04833384833130907,0.28979315951499357,0.15770434346415685,0.0772653640578912,0.06543397472316068,0.07183124133266107,0.4306754602900469,1.5073223874063026,0.9002815466386545,1.1575338270199607,0.8560862241662102,5.13279906904669,0.4500147331349663,0.9278996262341183,1.3936136338114231
0.8761347364798582,1.6007949973912716,0.5775593518898148,0.04833384833130907,0.28979315951499357,0.15770434346415685,0.07438041874540835,1.9923359713116089,0.13889922534228685,0.8327920651013511,0.3815201305203373,0.30503989768627104,2.446468894952537,0.8560862241662102,5.13279906904669,0.8936540001828094,1.7738522156686392,1.3936136338114231
0.8761347364798582,1.1077765230913614,0.9366106266061243,0.018952364050118815,0.04320910033679364,0.8864747734105373,0.16144510901461975,2.551220984823902,0.13889922534228685,0.31667345290785276,-0.6401760545110258,-0.31562845801826706,2.446468894952537,0.8560862241662102,1.9517731645046512,0.7099746814669373,0.8690173196790051,1.3936136338114231
0.8761347364798582,0.5254362756150768,1.3785347914254016,0.17867510026925867,0.18804360460031308,0.8864747734105373,0.3367957204456799,0.6138785707996568,0.13889922534228685,0.14618215392180534,-0.3273224285776318,-0.10964626501027329,5.629389582355354,0.8560862241662102,0.9009735503060631,0.28246782372893614,0.2349069705626733,1.3936136338114231
1.170977435834623,0.5254362756150768,0.6843744861473692,0.10869998905998147,0.4641644500600682,0.8864747734105373,0.7072139935239045,0.6138785707996568,0.7160783369938228,3.057756586408276,-0.3273224285776318,-0.6702329062152755,1.790015288120693,0.8560862241662102,3.655610224807293,0.28246782372893614,0.6324081412325157,1.3936136338114231
1.170977435834623,0.5304277106893728,0.6843744861473692,0.030068605133748413,0.12839723064073372,1.1462693266072281,0.48096450411004893,0.6138785707996568,0.26704228841446015,1.140308642315342,0.06371628092971343,0.07967281333508441,1.790015288120693,0.3036265073418369,1.2965284727509518,-0.11691092890513838,-0.15588153258470636,1.6294607373598007
1.170977435834623,0.93561360885441,0.38853465691609285,0.030068605133748413,0.398367362732906,-0.3701540516566355,-0.27357279610483276,0.6138785707996568,0.26704228841446015,3.537940376703031,0.06371628092971343,0.1403376499767149,2.1634065866342045,0.8136662221617956,10.779950237985437,-0.11691092890513838,-0.44948170100242535,1.6294607373598007
1.093980637046191,0.9204449917298021,0.38853465691609285,0.1552058417380623,2.056262389921675,-0.985136350192474,-1.54541543522957,0.6138785707996568,0.26704228841446015,3.537940376703031,0.06371628092971343,0.13110984637689851,2.1634065866342045,0.8136662221617956,10.779950237985437,-0.11691092890513838,-0.41992634747292007,0.4966878719878144
1.093980637046191,0.9204449917298021,0.38853465691609285,0.1552058417380623,2.056262389921675,-0.985136350192474,-1.54541543522957,0.8628666631639791,0.22733482494370608,3.0118714941161393,0.06371628092971343,0.12097016492521255,2.1634065866342045,0.8136662221617956,10.779950237985437,-0.11691092890513838,-0.41992634747292007,0.4966878719878144
0.3228084250212744,0.9204449917298021,0.3062747932307337,0.1552058417380623,3.309143102678299,0.8721539932185637,0.5121483863753304,0.7547746768385388,0.33757649739809015,7.197467089392658,0.06371628092971343,0.055180435433221695,3.3438794528156524,0.5098397714415533,10.870291634925932,-1.5282657868473335,-1.6265385076905634,0.4966878719878144
1.067098826191274,0.7991584378387707,0.42499072858525544,1.2230159277246335,13.542635735744765,0.8721539932185637,3.4249119776467016,2.6051904765808738,1.9998507616078995,22.14464241744971,-1.7031231661339825,-8.55234150511812,0.39929359132903863,0.5098397714415533,5.645530979366701,-1.5282657868473335,-3.8748592364357193,0.4966878719878144
0.5239467547126762,0.7991584378387707,0.42499072858525544,1.2230159277246335,13.542635735744765,0.8721539932185637,1.6816357321556177,1.8457495762071663,4.130909877496364,45.74217429220526,-1.3529847482186876,-4.79444629070093,0.39929359132903863,0.5098397714415533,5.645530979366701,-0.9155215090055079,-1.139746071952422,0.4966878719878144
2.008583520952161,0.7991584378387707,0.42499072858525544,2.872192524223886,31.80421140619125,0.8721539932185637,9.879282052298617,0.5541603064747321,4.130909877496364,45.74217429220526,-1.3529847482186876,-18.379817653175586,0.1818827319954497,2.637744248373551,29.208131071717172,-0.12491603687968444,-1.3560008973712523,0.4966878719878144
4.750050885176449,0.3492303246416348,0.42499072858525544,2.872192524223886,31.80421140619125,0.8721539932185637,23.363276641432986,0.5541603064747321,4.130909877496364,45.74217429220526,-1.3529847482186876,-43.465988943024776,0.38735899690481906,2.637744248373551,29.208131071717172,-0.12491603687968444,-3.2067739258385486,0.10413759885761788
4.750050885176449,7.058564872408598,0.9934041975524235,2.872192524223886,5.820919076214017,0.8721539932185637,9.995101678093631,0.5541603064747321,3.2292655834937998,6.544579960634702,-0.6812201513814524,-8.27802316985047,0.38735899690481906,0.6099261789091253,1.2361047875277125,-0.12491603687968444,-0.6596963839115536,0.2826571039612823
4.750050885176449,7.058564872408598,0.9934041975524235,0.5337897903008162,1.0818032380645874,0.6383086840253391,3.153574923276633,1.6256199953445516,0.3896689158729341,0.7897211648182639,-0.6812201513814524,-2.8755613470322072,0.38735899690481906,0.6099261789091253,1.2361047875277125,-0.3471245987775431,-1.8332061142866491,0.8584039273395915
0.2193794474392626,12.240854164908166,0.9934041975524235,0.7825635545555639,1.5859797296468598,0.31764740204138564,0.08775867592688785,2.4797128452371444,0.3896689158729341,0.7897211648182639,-0.6812201513814524,-0.13280680031413886,3.0069557031255356,0.6099261789091253,1.2361047875277125,0.40392519823485307,0.09852002861408568,0.8584039273395915
0.32873003631937364,18.332784803282333,0.7229516048428768,0.7825635545555639,2.994547191192668,0.1638929644916974,0.09323205979882111,0.985108903020004,0.3896689158729341,1.4911018417987616,-0.6812201513814524,-0.2734516369543631,0.45240244085429654,0.34802536042855853,1.3317491716401657,-0.10699486768775157,-0.04058948597027865,1.897735243446716
0.9231348189745505,1.0980968906979907,0.7229516048428768,0.6460850025485683,2.4723001964387445,-0.010536507090873198,-0.015293694037195047,0.55338019050207,0.3896689158729341,1.4911018417987616,-0.6812201513814524,-0.7679028366392189,0.45240244085429654,0.34802536042855853,1.3317491716401657,-0.10699486768775157,-0.1139827933065421,0.20571562195597434
3.026579392147448,0.9432222927682365,0.7229516048428768,0.8755740865692477,3.3504600442402306,-0.010536507090873198,-0.05837151374521258,0.55338019050207,0.17899033430946434,0.6849220101509162,-0.9710701190116544,-2.4323340669704594,1.6925637393819253,0.34802536042855853,1.3317491716401657,-0.10699486768775157,-0.3737026988801003,0.10512715903547189
3.026579392147448,0.8228005549603636,0.46502129643824364,0.8755740865692477,8.097989516547416,-0.010536507090873198,-0.09074805791139451,0.55338019050207,0.43024617474973975,3.979250946438861,-0.9710701190116544,-5.862776323989845,0.6099395760211613,0.34802536042855853,3.218808965996286,-0.10699486768775157,-0.5809819205244985,0.10512715903547189
8.205154421385313,0.8228005549603636,1.7104207230705386,0.6255818243844758,0.42766944054560063,-0.010536507090873198,-0.05653762122268263,0.55338019050207,2.3274286395073527,1.5911109712103373,1.1733331598118695,12.14390437003506,4.328759572109768,0.34802536042855853,0.23792221159335875,-0.10699486768775157,-0.42822024834235506,1.9014733146081637
8.205154421385313,0.8228005549603636,1.7104207230705386,0.6255818243844758,0.42766944054560063,-0.010536507090873198,-0.05653762122268263,0.55338019050207,2.3274286395073527,1.5911109712103373,0.4979450108203347,5.153691040239402,1.7327658814169005,0.34802536042855853,0.23792221159335875,-0.6429623312484161,-2.5732962254365694,1.9014733146081637
1.7495856949114335,0.8200576030921191,0.9006063112278099,0.6255818243844758,1.5425673889272193,-0.1959644461562893,-0.4258283546590287,1.4401931257536194,2.3274286395073527,5.739002284620053,0.4979450108203347,2.087059368814118,1.7327658814169005,0.34802536042855853,0.8581652320940708,-0.6429623312484161,-1.0420923478140667,1.9014733146081637
1.7495856949114335,0.8200576030921191,0.9006063112278099,2.7761745311156316,6.845525446463975,0.9632893523764001,4.409561190644443,1.4401931257536194,2.3274286395073527,5.739002284620053,0.4979450108203347,2.087059368814118,1.7327658814169005,0.5446304112720407,1.3429563946697005,2.167391969795049,4.394440968337614,0.3132660992245239
1.7495856949114335,2.1219123634404773,0.5477441348064517,2.7761745311156316,18.506372077126812,0.9632893523764001,7.2502440203086325,1.4401931257536194,0.46125178622288115,3.0747696448499884,1.2630674129059574,3.8749673013657504,1.7327658814169005,4.153101619797768,27.685162798179373,-0.6592795186234262,-6.069156606023917,0.3132660992245239
0.8799591781378233,0.6964410085862582,1.2093139686185548,0.8160735295474971,1.1160435659051562,0.3482426916867024,0.3237316124641003,1.4401931257536194,0.547794449990289,0.7491512090696153,-0.9214705670940226,-0.7018248405707505,1.7327658814169005,2.9381272372564915,4.018115868516173,1.4786583925841974,2.6082042970903463,0.3132660992245239
0.8799591781378233,0.6964410085862582,1.2093139686185548,0.8160735295474971,1.1160435659051562,0.022058687034583246,0.02050608524750057,1.4401931257536194,0.547794449990289,0.7491512090696153,-0.49034974427534606,-0.3734678495323427,0.9391050052583304,0.7743443891396021,1.0589757442239316,1.4786583925841974,1.3389778241517403,0.3132660992245239
0.8799591781378233,0.6964410085862582,1.2093139686185548,0.8160735295474971,1.1160435659051562,0.022058687034583246,0.02050608524750057,1.4401931257536194,0.547794449990289,0.7491512090696153,-0.49034974427534606,-0.3734678495323427,0.20243555787948903,0.7743443891396021,1.0589757442239316,2.0746796769728295,1.878696319323622,0.3340874160823392
1.3729965928525605,0.6964410085862582,0.9014678215726423,0.8160735295474971,2.008439846308921,0.022058687034583246,0.042921859936404266,1.4401931257536194,0.44083420067782614,1.0849377442104102,-0.49034974427534606,-0.7012579887582472,0.20243555787948903,0.7743443891396021,1.9057401932593876,1.819563423400665,3.448803927702693,0.3340874160823392
1.3729965928525605,0.6964410085862582,0.9014678215726423,0.09640912236171133,0.23727264258442496,0.3120436393962254,0.20869335819878929,1.0390846523255608,0.44083420067782614,1.0849377442104102,-0.49034974427534606,-0.7012579887582472,1.9819413706670965,0.7743443891396021,1.9057401932593876,-2.147868631489681,-4.071074235283682,0.3340874160823392
0.3993989084530714,0.6964410085862582,0.9014678215726423,0.8694978806959035,2.1399226008949634,-0.32609904528553063,-0.19052651942021245,0.8917038329962359,0.22394240718158542,0.5511450103169354,-0.49034974427534606,-0.14539375961471906,1.9819413706670965,0.7743443891396021,1.9057401932593876,-2.147868631489681,-1.1842582962464288,0.3340874160823392
0.3993989084530714,0.6964410085862582,0.9014678215726423,0.8694978806959035,2.1399226008949634,-0.32609904528553063,-0.19052651942021245,0.9883799128979702,0.6826567778125863,1.6800876689039264,0.21633247475489858,0.11199395047768164,1.9268449421848781,0.5178367995282805,1.27444896127727,-2.147868631489681,-0.9684468989830228,0.3340874160823392
0.3993989084530714,0.3276842673228729,1.2105811935031614,0.49806965098245326,0.6797234132580682,-0.32609904528553063,-0.10737978145719433,1.7645621783041692,0.6826567778125863,0.9316323413467185,0.21633247475489858,0.08339708489463363,1.7181761836060603,2.778642178098515,3.7920562752507356,-2.147868631489681,-1.6705211400900584,0.3340874160823392
0.5806495095548813,0.2571118129174793,1.2105811935031614,0.49806965098245326,0.6797234132580682,-0.32609904528553063,-0.15610963405163195,1.7645621783041692,0.5574497536090476,0.760760364530542,0.21633247475489858,0.10956194183863126,0.23818254571643727,0.22910697843375558,0.31266586324835366,0.5297309966382984,0.17199256895630363,0.3340874160823392
0.5806495095548813,2.7895084822297616,1.0212779257867992,1.558243979376056,2.987979153455091,-0.6684335261264474,-0.6709050632863929,1.7645621783041692,0.08747547958348842,0.16773683254570199,0.21633247475489858,0.05144580898538137,1.8741804764621584,0.3643225857076985,0.6985993885651627,-0.8369813525027041,-0.40620376681862547,0.3340874160823392
1.0288199955526536,2.7895084822297616,0.3820415838250058,1.558243979376056,21.352276247291567,-0.6684335261264474,-3.177749876303549,1.7645621783041692,0.08747547958348842,1.1986573538239198,0.21633247475489858,0.24367369108652148,1.8741804764621584,1.7005677687982585,23.302507987972543,-0.8369813525027041,-4.156774941985288,0.3340874160823392
0.49900219891661646,2.7895084822297616,0.9636908610581878,0.5958185038377938,1.2831236250239237,0.20435300074631135,0.11550950676854674,1.7645621783041692,0.08747547958348842,0.18838262615359916,0.21633247475489858,0.04685377647274585,1.8741804764621584,1.7005677687982585,3.662253968354947,1.8501987838399852,1.7668312811415805,0.7802532572372352
0.49900219891661646,1.5457907916996767,0.9636908610581878,0.38033508537080035,0.81906978437451,1.0255349544696613,0.46314116038313174,1.7645621783041692,0.09299032111686553,0.20025910097631763,0.21633247475489858,0.04830813918753933,1.8741804764621584,1.7005677687982585,3.662253968354947,1.1450076000382112,1.0934150765647255,1.4581985012238243
2.998610973548518,1.5457907916996767,0.9636908610581878,0.38033508537080035,0.81906978437451,0.044125262658387454,0.11974789339997242,0.41996049578530675,0.13648190641237043,0.29392030858056795,0.21633247475489858,0.3516872646754772,1.8741804764621584,1.7005677687982585,3.662253968354947,-0.5940994893956288,-3.409208277511259,3.1427584611617583
2.998610973548518,1.5457907916996767,0.9636908610581878,2.34547435125384,5.051091116835777,-0.566778367680847,-3.81967131750652,0.41996049578530675,0.13648190641237043,0.29392030858056795,0.9953011778315236,1.6180406994208023,1.8741804764621584,1.7005677687982585,3.662253968354947,-0.5940994893956288,-3.409208277511259,1.7222915363472986
2.998610973548518,2.097945406151389,0.5979427572927876,0.5276707812250141,2.951710925021775,-0.566778367680847,-2.919915634131848,0.36158421820208153,3.6631570094989043,20.491148931737445,0.9953011778315236,13.510076210946442,1.8741804764621584,1.7005677687982585,9.512720128729713,-0.8755859843186595,-8.097879069992656,1.7222915363472986
2.998610973548518,0.4616289552224079,0.5979427572927876,0.243694505468372,1.3631903826261613,-0.566778367680847,-1.9843197219770743,0.36158421820208153,0.11942801014693721,0.6680623124250697,0.5361668673965764,1.3141005144820759,1.8741804764621584,1.7005677687982585,9.512720128729713,-0.7480720380725661,-6.9185631205237685,1.14935907988506
0.7981477852652238,0.4616289552224079,0.5979427572927876,0.39448729309879177,2.206702539258909,-0.566778367680847,-0.6719987672566339,0.36158421820208153,0.11942801014693721,0.6680623124250697,-0.05893581701095285,-0.038447765757513866,9.527679817359447,1.7005677687982585,9.512720128729713,-0.7480720380725661,-1.84153125582976,1.14935907988506
0.7981477852652238,0.4616289552224079,0.5979427572927876,0.39448729309879177,2.206702539258909,-0.566778367680847,-0.6719987672566339,0.36158421820208153,0.5070465041127746,2.8363418232277646,-0.05893581701095285,-0.07922128923069267,9.527679817359447,2.5018813607770913,13.995147748317299,-0.7480720380725661,-2.2336518297452375,1.14935907988506
0.7981477852652238,2.968714556022447,0.5582156245180496,0.07374233849699899,0.4733069970522038,-0.566778367680847,-0.31122038913996947,0.36158421820208153,0.4155975710673464,2.667466781679031,-0.05893581701095285,-0.0768266915468476,8.618245855660794,2.5018813607770913,16.058047222064662,0.05884017467901603,0.18819307199946675,1.14935907988506
0.889900162773823,2.968714556022447,0.4329985545528459,0.07374233849699899,0.7866363449060522,-0.566778367680847,-0.4473439378647147,0.4092985812664566,1.0438894124939102,11.135548026643523,-0.05893581701095285,-0.17501545132853727,8.618245855660794,0.6913700097328953,7.375095345750111,-0.05608737247607186,-0.13554709081338978,1.14935907988506
0.889900162773823,3.3989639821917907,0.4044963943782876,0.11026261367244469,1.3478109147350192,1.3781525265889663,1.4238133358613148,0.4092985812664566,1.0438894124939102,12.760132351979866,1.4357425376192812,4.563997978745399,20.361608587960212,0.6913700097328953,8.45106073765531,-0.05608737247607186,-0.1450981892836164,1.14935907988506
0.889900162773823,3.3989639821917907,0.4044963943782876,0.19766748742577567,2.4162169584710944,1.3781525265889663,1.9063671067866508,0.4092985812664566,1.0438894124939102,12.760132351979866,1.231195751405238,3.9137761636365735,20.361608587960212,0.6990418846740784,8.544839004266386,-0.05608737247607186,-0.14590101847810283,4.440617856162794
0.889900162773823,3.3989639821917907,1.0316083920434347,0.19766748742577567,0.3714800580516591,0.7381411226888664,0.4003579341541789,0.4092985812664566,1.0438894124939102,1.9618001149448687,-0.8622216868225396,-1.0747008841597718,3.8779071783851626,0.6990418846740784,1.3137219645025233,-0.05608737247607186,-0.057208177410820904,4.440617856162794
0.889900162773823,3.3989639821917907,1.0316083920434347,0.30864877651948236,0.5800491872093262,0.7381411226888664,0.5002799508903549,0.4092985812664566,1.0438894124939102,1.9618001149448687,-0.4065653055028475,-0.5067560929751087,3.8779071783851626,0.6990418846740784,1.3137219645025233,-0.05608737247607186,-0.057208177410820904,4.440617856162794
0.889900162773823,2.290828215942284,1.0316083920434347,0.30864877651948236,0.5800491872093262,0.5636072505768981,0.38198848292443394,0.4092985812664566,1.0438894124939102,1.9618001149448687,-0.949133594977472,-1.1830306860722386,1.734057184322492,0.6990418846740784,1.3137219645025233,0.894750483669289,0.9126304575955675,0.9292585491102737
0.920505885306372,3.273022565481841,1.215000528814083,0.5908131585265857,0.8004371206805615,0.5636072505768981,0.46415897409162826,0.4092985812664566,0.27070976062594476,0.36675916608889264,-0.949133594977472,-0.5291080919966757,1.734057184322492,0.6990418846740784,0.9470660314997945,0.894750483669289,0.8015278949542393,1.7159152787139005
0.920505885306372,1.4499956875522357,0.27559692808791103,0.5908131585265857,15.557199109400432,0.5636072505768981,2.0462978411545953,1.4352200142468612,2.098701848940144,55.262686797046776,-0.949133594977472,-6.494861781395513,1.3014648754721907,0.6990418846740784,18.40706089350887,0.8575214681918796,3.386599153905043,0.26166362872082183
0.920505885306372,1.3411008165215725,0.27559692808791103,0.8347466324849623,21.98041695593972,0.5636072505768981,2.4323222033923066,4.9358540388553935,2.098701848940144,55.262686797046776,0.015070916098424814,0.10312933552900001,1.3014648754721907,0.33678368824383415,8.868135076534191,0.8575214681918796,2.350648652892553,0.4872828319312438
0.920505885306372,0.3383145987755167,0.27559692808791103,0.8347466324849623,21.98041695593972,0.7452896490589289,3.216396807367116,4.9358540388553935,2.098701848940144,55.262686797046776,0.015070916098424814,0.10312933552900001,0.32146894072911053,0.33678368824383415,8.868135076534191,0.8575214681918796,2.350648652892553,0.4872828319312438
0.920505885306372,0.4629606984423473,0.40314709678425326,0.6568704098607747,8.083186905386047,-1.039050316183414,-2.7192833208276204,5.714972280523883,2.098701848940144,25.825793107742605,0.015070916098424814,0.07050063933053734,0.4828280308351699,0.33678368824383415,4.144326579328138,-0.19294789050925243,-0.36157099962800987,0.4872828319312438
1.9516072365416277,1.2806939948578289,0.5343537185287119,0.07143960533345879,0.5003931666802455,-1.039050316183414,-1.4344475855815664,5.714972280523883,0.6554902206661669,4.5913303372276015,0.015070916098424814,0.06302332936593533,0.4828280308351699,0.33678368824383415,2.3589751855425813,-0.19294789050925243,-0.578354529053232,0.4872828319312438
1.7526240367583013,1.2806939948578289,0.9038652660102078,0.21472267797645592,0.5256546560361937,-1.039050316183414,-1.320309050355702,5.714972280523883,0.523616196381616,1.2818454678277544,0.015070916098424814,0.029905168364312364,1.8518522944236673,1.5491761193786604,3.792480830835975,-0.19294789050925243,-0.6585526407708079,0.98583502911154
1.7526240367583013,1.2806939948578289,0.9038652660102078,0.48376673450108726,1.1842914722487055,-1.4010027606912456,-2.672126756483532,0.6368166839477909,0.4104688187620967,1.0048535523743374,0.015070916098424814,0.026477672236425224,1.8518522944236673,0.874728313995571,2.141390072775073,-0.19294789050925243,-0.4948535508789348,0.98583502911154
1.3018782262134003,1.2806939948578289,0.9038652660102078,0.48376673450108726,1.1842914722487055,-1.8028052089049729,-2.5541621732824478,0.6368166839477909,0.4104688187620967,1.0048535523743374,0.015070916098424814,0.019668054438631902,0.17712615692612452,0.874728313995571,2.141390072775073,-0.19294789050925243,-0.3675854316395612,4.913370771931362
1.3018782262134003,0.9471684858571108,0.9038652660102078,2.2377111394148543,5.478057978703349,-1.8028052089049729,-5.493289408092913,0.7944609672948109,2.342040323244718,5.733462399686945,-0.5402423657966738,-1.6840984899485036,0.4445052316012551,0.874728313995571,2.141390072775073,-0.19294789050925243,-0.3675854316395612,4.913370771931362
5.273667485203918,0.9471684858571108,0.8045021315705575,1.7834114974012045,5.510958740642866,0.06391525680392207,0.7912812250301579,0.13816676810468562,2.342040323244718,7.237189851658744,-0.5402423657966738,-7.6645447556596045,2.0222032017916747,0.874728313995571,2.703017029287003,-0.19294789050925243,-1.6729276875107348,4.913370771931362
4.211619989371465,3.30197888360144,0.8045021315705575,1.7834114974012045,5.510958740642866,0.06391525680392207,0.6319275596918853,0.30818131239452246,2.342040323244718,7.237189851658744,2.4639008217029046,27.916269573163483,0.3335801326139545,0.874728313995571,2.703017029287003,-0.19294789050925243,-1.3360219826640725,4.913370771931362
4.211619989371465,4.070207841019371,0.7823629358047262,1.4769821753544259,4.826015522054572,0.06391525680392207,0.5913547283562667,1.424113977328343,2.342040323244718,7.652579118325815,0.8916847681917703,10.388777394693935,0.692806831761874,0.874728313995571,2.858160708615353,-0.19294789050925243,-1.3738285438749893,4.913370771931362
1.066189127101601,4.779084686358806,0.7823629358047262,1.4769821753544259,4.826015522054572,0.06391525680392207,0.14970391042513465,1.424113977328343,2.342040323244718,7.652579118325815,0.8916847681917703,2.6299622306984527,0.692806831761874,0.874728313995571,2.858160708615353,-0.19294789050925243,-0.3477904131136809,2.37325615233325
1.066189127101601,64.26761145645828,0.7823629358047262,3.8840250680835564,12.690989491543657,-1.3072975573325825,-4.965425168951475,1.2040260936338978,2.2913150826584903,7.486835209892835,0.8916847681917703,2.6013257169738218,0.692806831761874,0.3816345306657644,1.2469846958735484,-0.19294789050925243,-0.22972319395161295,0.189404307686663
0.23802543763116774,64.26761145645828,0.7823629358047262,1.8760560327466653,6.129982937747304,-1.3072975573325825,-0.7704198339351572,1.2040260936338978,1.7690489252816821,5.780338933768551,-1.1169506125212645,-0.6391959213027357,1.8384628516212982,1.8427936074022688,6.021298497479961,-0.19294789050925243,-0.11269599589442567,7.170636356445803
22.846475340271997,5.711578083016319,0.7823629358047262,1.8760560327466653,6.129982937747304,-1.3072975573325825,-73.94746508114913,2.920930601684879,0.2471831352340478,0.8076669220082978,0.34853095575896065,7.156105160814888,1.8384628516212982,0.03644634768268965,0.11908785534033281,-1.3468402486339914,-10.618643286227165,2.349488520369463
1.7096982262852065,1.3859977831334376,0.78140116314361,0.20465681591955306,0.6703600149666388,-1.3072975573325825,-1.8299868199529938,4.683309689842974,0.16407410991074942,0.537430049818827,0.34853095575896065,0.4368393893230744,3.4860632052972687,0.03354904083708071,0.10989096755273565,-0.8762125279321573,-0.4966036623908946,2.349488520369463
1.7096982262852065,1.3859977831334376,0.78140116314361,0.14038234888734447,0.4598269208789206,-1.3072975573325825,-1.515622722640693,0.9417287609726332,0.044007471101526766,0.1441478938959925,0.34853095575896065,0.22623769588976095,3.4860632052972687,0.03354904083708071,0.10989096755273565,-0.8762125279321573,-0.4966036623908946,2.349488520369463
1.7096982262852065,1.3859977831334376,0.78140116314361,0.14038234888734447,0.4598269208789206,-0.17597554862029607,-0.20401823488623708,0.9417287609726332,0.044007471101526766,0.1441478938959925,-0.39497070286717706,-0.2563825688482828,2.0407807089631524,0.027915850555167508,0.09143927072199028,-0.8762125279321573,-0.4529969691694724,0.46073285425586846
1.7096982262852065,1.3859977831334376,0.78140116314361,1.4724413741027689,4.823029309559024,-0.9654712814920146,-3.625089819822913,0.6711696079300051,0.044007471101526766,0.1441478938959925,0.8292999011688919,0.5383134431588662,2.0407807089631524,0.19768830487603145,0.6475344318242401,-0.8762125279321573,-1.2054809528150308,0.02415899378572797
1.355585887575943,0.34397635425301837,0.9389386163543622,0.04490921673546206,0.10188050156122846,-0.4941252914269995,-0.21380096426814937,0.6793401072517484,0.018908971855515107,0.042896663016743906,0.8292999011688919,0.23283614874118175,2.0407807089631524,0.41639289891070913,0.944623853883843,-0.8239118742779526,-1.0855185643154495,0.30968303013829135
2.029603867231915,0.34397635425301837,0.5995387498634964,0.06506617597673313,0.36203517071156727,0.3644990846855904,0.44512614655752636,0.6793401072517484,0.02007493548929415,0.11169909077627668,0.8292999011688919,0.5625326239858394,2.0407807089631524,0.41639289891070913,2.3168546787524273,-0.8239118742779526,-2.5453144368321303,0.2880612225007595
2.029603867231915,13.303380593513847,0.9776693894420165,0.21895391309405426,0.45814048511745037,2.301274239734997,3.1613966841271153,0.7948500303400976,0.5624465264747913,1.1768664960150608,-0.1634926484913326,-0.3599756383597811,0.4473982809916389,0.23887950208832873,0.49983290741349073,-0.8239118742779526,-1.1822367800344737,2.511591075168474
2.029603867231915,1.2797462732090523,0.9776693894420165,0.21895391309405426,0.45814048511745037,2.301274239734997,3.1613966841271153,2.6070944193034533,0.48700071556409424,1.0190032273377914,-0.9141422929494154,-1.8728925563248955,0.6659340138360546,2.6162864468676466,5.474333502590884,-0.8239118742779526,-3.9125299001028577,3.137061345099741
1.0746382838412238,1.2797462732090523,0.9776693894420165,0.21895391309405426,0.45814048511745037,2.5050263361922855,1.8221072660917432,2.6070944193034533,0.48700071556409424,1.0190032273377914,-0.658748593844634,-0.7146111515566494,1.2955965517348174,2.6162864468676466,5.474333502590884,-1.4135600928516538,-3.554202841957025,3.137061345099741
1.5224200992155157,1.2797462732090523,1.072663301807344,0.21895391309405426,0.38058867537819585,2.5050263361922855,2.35274433176334,2.80357652131006,2.3358737322041185,4.060247551768597,-0.658748593844634,-2.020833192840717,0.6764345370030267,2.6162864468676466,4.547664753520787,-1.4135600928516538,-4.589263621283705,3.137061345099741
1.5224200992155157,1.2797462732090523,1.072663301807344,3.0679297613092955,5.332717317130042,2.5050263361922855,8.806859875355439,0.5653326738137109,2.3358737322041185,4.060247551768597,-0.658748593844634,-2.020833192840717,0.6764345370030267,2.6162864468676466,4.547664753520787,-1.4135600928516538,-4.589263621283705,1.7214923409132346
1.5224200992155157,0.9988758240360643,1.072663301807344,1.3845799986619218,2.4066958210494507,2.5050263361922855,5.9163983459986715,0.5653326738137109,2.3358737322041185,4.060247551768597,-0.658748593844634,-2.020833192840717,0.6764345370030267,2.6162864468676466,4.547664753520787,-1.4135600928516538,-4.589263621283705,1.7214923409132346
1.5224200992155157,2.1837109685957015,0.26998129746865046,1.3845799986619218,37.99099683199136,2.0033739957230505,18.79909253703993,0.43291484238615213,2.3358737322041185,64.09320634839462,-1.0389075903846252,-12.662440783386792,0.6764345370030267,2.6162864468676466,71.78735082883458,0.8198609255811373,10.575445241846666,0.6176872538929646
1.5224200992155157,2.1837109685957015,0.8875166812192351,1.3845799986619218,3.515563932154506,2.0033739957230505,5.718656901649305,0.43291484238615213,1.0189727826965278,2.587256761008375,-1.0389075903846252,-2.5440825169496826,0.9672969012206121,0.021494826624433725,0.05457715500859617,0.720043162064769,0.25609345889083757,0.8252798881496589
1.5224200992155157,2.1837109685957015,0.34291296344815225,1.3845799986619218,23.54942146547721,-1.067293906684657,-7.885126410317704,0.43291484238615213,1.0189727826965278,17.33104590905614,-0.2775914671095828,-1.7593530874711911,0.5077117960397094,0.08821415889337333,1.5003773050385283,1.6660860270830553,3.1069350479907807,4.0245555703938685
1.5224200992155157,3.14112290002088,0.6394245878059336,1.3845799986619218,6.772817680805619,0.1764613107688615,0.6991473280784514,0.43291484238615213,1.0189727826965278,4.984411796773229,-0.2775914671095828,-0.943512327304352,0.2248988537722611,0.08821415889337333,0.43150877206649496,1.6660860270830553,1.6661985242125203,4.0245555703938685
1.5224200992155157,3.14112290002088,0.6394245878059336,1.3845799986619218,6.772817680805619,0.1764613107688615,0.6991473280784514,1.151291385853059,1.0189727826965278,4.984411796773229,0.43450295681241957,1.4768425711042181,0.2248988537722611,0.08821415889337333,0.43150877206649496,1.6660860270830553,1.6661985242125203,4.0245555703938685
1.1745862347631961,3.14112290002088,0.6394245878059336,0.8396716363604027,4.107341511728224,0.1764613107688615,0.4200633727524668,1.2676227582195907,0.12325694950409592,0.602924242506945,-0.5624241668039691,-0.5129561649812995,0.49426343440034237,0.07629797468868538,0.3732195124012948,0.020714349523421882,0.01486409175593298,4.0245555703938685
1.1745862347631961,3.14112290002088,0.2588804228525738,0.8396716363604027,25.05769162598261,1.6566370884934565,9.740535132446663,1.2676227582195907,0.057636154508492556,1.7199925823877702,-0.5624241668039691,-0.8663874795804595,0.49426343440034237,0.07629797468868538,2.2769033020135296,-1.2625084812885798,-2.2376466354189066,0.7211683060632653
1.1745862347631961,1.7710755199985073,0.2588804228525738,0.8396716363604027,25.05769162598261,1.6566370884934565,9.740535132446663,1.2676227582195907,0.014019214321724097,0.41836491087754396,-0.5778495300587274,-0.4390129158592243,0.7732583154606844,0.07629797468868538,2.2769033020135296,-0.7469482474600364,-1.3238772313474503,1.5180541414386335
1.1745862347631961,5.5891576475229,0.07876026187214732,0.09307156449425641,30.007699839806303,1.6566370884934565,10.659298898832473,0.18283773274787668,0.014019214321724097,4.520009711260108,-0.5778495300587274,-1.4430100483905204,0.28032373756819007,0.019829903172648586,6.393464915849598,-0.7469482474600364,-2.218418931388901,1.5180541414386335
1.1745862347631961,2.6449791803755955,0.037560791058862904,0.06132441526525437,86.93485838304426,1.6566370884934565,18.14300676385746,0.20177062015174038,0.06940639739228735,98.39205644402593,-1.0514203406962277,-12.250147004278638,0.28032373756819007,0.027341777876525954,38.760313936220896,0.3720487267270478,2.7206856907655683,8.299477513886346
1.1745862347631961,4.428618133895318,0.0934290272966805,0.3352541371398185,76.81401870097294,-0.02554536863900192,-0.2629767323019319,0.2578282127099587,0.023802353256060834,5.4536371235762005,-1.0514203406962277,-2.884060723689027,1.0295266248493067,0.2377914698746317,54.48320062420003,0.3720487267270478,3.225641037630568,8.299477513886346
1.1745862347631961,4.428618133895318,0.0934290272966805,0.21533593423842426,49.338148727105526,-0.02554536863900192,-0.21076015345197702,0.7555375625525826,0.023802353256060834,5.4536371235762005,-1.4496197230134347,-3.976327207688967,1.0295266248493067,0.2377914698746317,54.48320062420003,-0.862428738024611,-7.477207498804445,8.299477513886346
30.194608151935554,4.428618133895318,0.16277891835193747,0.3673934549438997,27.730972118575025,-0.02554536863900192,-4.061852225984951,0.7555375625525826,0.023802353256060834,1.7966090185277983,-1.4496197230134347,-58.6692146674777,1.0305374786179862,0.8098964201818873,61.13123340868204,-0.03484090050543298,-8.225273515835937,8.262191639399
30.194608151935554,4.428618133895318,0.16277891835193747,2.1161361834924914,159.72661655744182,-0.02554536863900192,-9.748329906975373,7.052263529371491,0.023802353256060834,1.7966090185277983,-1.4496197230134347,-58.6692146674777,1.0305374786179862,0.8098964201818873,61.13123340868204,-0.4984932484412114,-117.68476861231359,4.801536669254769
281.4782408038562,12.261330060353988,0.17425230758591667,2.1161361834924914,139.38515831786376,0.8950825241716655,2974.5150618286075,7.052263529371491,0.05369160740391757,3.5365461149028126,-1.4756992709907322,-781.1462523990842,1.9380493893258004,2.4346493748612565,160.36490997637551,-0.4984932484412114,-1776.8827904186337,4.801536669254769
12.645056059213564,0.49066643760019396,1.664195032370383,2.1161361834924914,1.5281471163525338,1.1854991948367117,18.53124532631388,1.0677653449148612,0.05369160740391757,0.03877287088925206,-0.29588887645683926,-0.7367385199545371,2.027397125973771,2.5973718800935037,1.8756667834625353,0.657679001565058,11.389707699147161,4.801536669254769
1.887298153787566,0.2885766804765905,0.5373984706476186,1.4885473405399545,10.308602522392942,0.30460900824408776,1.8457936813527707,1.0677653449148612,0.09778975306533512,0.6772211186429771,-1.7027520642026461,-2.644582848026215,2.027397125973771,2.14468987387637,14.852571256197225,-1.4563726089200293,-10.592874808266941,1.9043607465325314
1.887298153787566,0.7825983553968179,0.5373984706476186,1.7011374155321217,11.780847659390073,0.30460900824408776,1.9732019125789488,0.20816685300717092,0.09778975306533512,0.6772211186429771,-0.7036308696275354,-1.0928250614279056,2.027397125973771,2.14468987387637,14.852571256197225,-1.1421455826378044,-8.30735561462466,1.9043607465325314
1.887298153787566,0.7825983553968179,0.5373984706476186,1.7011374155321217,11.780847659390073,0.30460900824408776,1.9732019125789488,0.20816685300717092,0.10341447266458478,0.7161738593919179,-0.7036308696275354,-1.123814502201086,2.027397125973771,0.11702077748348437,0.8104012879436205,-0.9225818478966631,-1.5674564446725705,5.2253541328047195
1.4225444241493648,0.4692913667832767,0.5373984706476186,1.7011374155321217,11.780847659390073,0.30460900824408776,1.4872940837815274,0.3190717675909052,0.06588066482775021,0.4562418467483338,-0.7036308696275354,-0.6760958660693204,2.027397125973771,0.11702077748348437,0.8104012879436205,-0.9225818478966631,-1.181464847507574,4.252591000751833
1.4225444241493648,0.4692913667832767,0.6803699303560555,1.934511847845208,8.35816936140891,-0.45858846960186017,-1.8860124364694129,0.3190717675909052,0.06588066482775021,0.284641189913566,0.35315112957325,0.268025003619682,1.025098695800012,1.424246031435123,6.153536643525275,0.02677876467234641,0.094497163377567,5.6741263170428935
1.4225444241493648,4.673656204447084,0.6803699303560555,0.42632283029310514,1.8419522331662046,-1.2219348692803547,-2.359136541284912,0.3190717675909052,0.8554547673443182,3.696041373151924,0.35315112957325,0.9658170088654786,1.025098695800012,0.8585686449888664,3.709495060061533,0.02677876467234641,0.07336919853750748,2.3474226102436533
1.4225444241493648,0.6067361287875145,1.2900671034421574,0.26579164979036496,0.31940868932900696,-1.5018553760871334,-1.2074448807666198,3.151951717314541,0.8554547673443182,1.0280220850926232,-0.2763759869837036,-0.3986276015770111,1.025098695800012,0.8585686449888664,1.0317641122705292,0.02677876467234641,0.038694263551137635,2.3474226102436533
0.8971060702412152,19.273836775295475,1.2900671034421574,0.5158617365343507,0.6199243703531707,0.8672437893819196,0.6125680601022474,3.151951717314541,1.2179424458755728,1.4636328892277481,-0.2763759869837036,-0.29995781530165133,1.025098695800012,0.8585686449888664,1.0317641122705292,0.02677876467234641,0.024401950565442716,2.106728523590294
0.8971060702412152,28.3106695446643,1.120536667128488,0.5158617365343507,0.8216959880608876,-0.28100933037887876,-0.22851784436403763,3.151951717314541,0.3343118065394042,0.5325122038325939,-0.2763759869837036,-0.1809292922862785,1.025098695800012,0.8585686449888664,1.3675804214551328,-0.8457335466559487,-0.887265898971426,1.6742572632746544
0.8971060702412152,28.3106695446643,0.3100152778027261,0.5158617365343507,10.734878119104483,-0.28100933037887876,-0.825967757195525,0.40909422156471814,0.3343118065394042,6.956896088258654,0.10827833353590816,0.25620825392100843,1.025098695800012,0.582950884759425,12.130976682547267,-1.1682992678149149,-3.6504447844784336,1.6742572632746544
0.8971060702412152,40.745602966373255,0.11811380476810192,0.5158617365343507,73.9540550679625,-0.28100933037887876,-2.1679313794505592,0.3617017439323982,0.3343118065394042,47.927016096955256,0.9894791989779987,6.145265623647535,0.5564407099336159,0.582950884759425,83.57197051102708,-1.1682992678149149,-9.581383447815426,2.303567467769428
0.8971060702412152,1.5647368359834997,0.11811380476810192,0.5158617365343507,73.9540550679625,1.243653705238538,9.594542249260602,0.6523472224122449,0.3343118065394042,47.927016096955256,0.6560160927363189,4.074257596739749,0.5564407099336159,0.582950884759425,83.57197051102708,-0.2483214807506814,-2.036518716519922,0.7021595116269501
0.3230393517166764,1.5647368359834997,0.17715241649858404,0.5158617365343507,32.87525648458037,0.641461637954966,1.1881210594553788,0.6523472224122449,0.158342434142442,10.090975480750595,0.3934808542203798,0.40378075062369484,0.5564407099336159,0.582950884759425,37.15076831077002,0.8917793511798676,1.7558877223654992,0.09774024683482624
0.3230393517166764,0.9934039483065409,0.19802936579559446,0.045186256113638495,2.304502385363107,-0.8027139927491442,-0.39364509528993974,0.6523472224122449,0.158342434142442,8.075475787765495,-0.4689012916422721,-0.4304482225029362,0.5564407099336159,0.582950884759425,29.73053800029582,0.8917793511798676,1.570775889058385,0.5483118528843136
0.3230393517166764,2.8940309843438636,0.19802936579559446,0.3947560132758659,20.13258571240836,-0.8027139927491442,-1.1634990740322533,0.6523472224122449,1.4203579802005784,72.43836146128086,-0.4689012916422721,-1.2892025865055543,1.1713309548029887,1.1845489851574054,60.41208536970954,-1.0444220949153706,-2.62236653810608,0.5483118528843136
0.3230393517166764,2.8940309843438636,0.4845830358735278,0.05047031375328552,0.42986252697007443,0.31333676581919123,0.06636385109201637,0.39005849657647645,1.4203579802005784,12.097382107742206,-0.9917969908938782,-1.1143558969226666,1.3464592728986984,1.1845489851574054,10.08896482333542,0.8531229981767621,0.8753674298664013,0.5483118528843136
4.100500383524789,2.033492197560541,0.8477274113439655,0.041156947767868865,0.114540929383223,0.3410159475717104,0.4732513890847768,0.39005849657647645,1.4203579802005784,3.95289573042787,-1.3680479941667256,-11.153107028865266,1.3464592728986984,1.1845489851574054,3.296632744127041,0.8531229981767621,6.351609513216472,0.5483118528843136
4.100500383524789,1.1761144149972278,0.8477274113439655,0.041156947767868865,0.114540929383223,1.0517108562048145,1.459531811220661,1.3357643627271802,0.7262372596383055,2.0211384755950736,-1.3272550345895138,-7.737297094093976,1.3464592728986984,1.0403555700743632,2.8953384628381227,-0.5880097394313222,-4.10271213766033,0.5483118528843136
8.801636804041838,0.8537058317299536,0.8477274113439655,0.041156947767868865,0.114540929383223,1.0517108562048145,3.1328539701944775,12.390724929553663,0.9413443109843144,2.6197873772828655,-1.3272550345895138,-18.908228747065007,1.3464592728986984,1.0403555700743632,2.8953384628381227,0.6444487461535771,9.651648487209467,0.5483118528843136
8.49013809062913,0.8537058317299536,0.31716614662545567,0.038618724835663365,0.7678109007909157,-0.15145083685106298,-1.1267136823033705,5.175281985644949,0.9413443109843144,18.715647045492485,-1.3272550345895138,-48.749656350602045,1.3464592728986984,1.0403555700743632,20.684172012432068,0.4920924609451711,19.001178417944388,0.5483118528843136
8.49013809062913,0.8537058317299536,0.2008102202917535,0.03378812694346472,1.6758011638127717,-0.15145083685106298,-1.6645531818876174,5.175281985644949,0.9413443109843144,46.68817228417469,1.1425541299006772,66.28190392580332,1.3464592728986984,0.7090544635598227,35.167214129045384,0.4920924609451711,24.775957561341926,0.33640888017929405
8.49013809062913,0.8537058317299536,1.4153390108182287,0.03378812694346472,0.033734413062084065,-0.15145083685106298,-0.2361690652114162,4.441724244100253,0.02701466688628034,0.026971720953968218,1.1425541299006772,1.59311038044013,1.3464592728986984,0.5377656885111332,0.536910788135874,-0.9739098840293925,-6.058771761659345,0.3193968540533871
1.142542836609834,0.8537058317299536,1.4153390108182287,0.03378812694346472,0.033734413062084065,-1.1359593429298704,-0.23838112157469712,7.161387053133706,0.02701466688628034,0.026971720953968218,1.1425541299006772,0.21438954627954218,0.7703138921928208,0.5377656885111332,0.536910788135874,2.2211193858876257,1.8594969038318778,0.8228856702274974
0.37655519970801915,1.385177150887847,1.4153390108182287,0.03378812694346472,0.033734413062084065,1.3283744571935627,0.09187254440213237,7.161387053133706,0.02701466688628034,0.026971720953968218,1.1425541299006772,0.07065774326164094,0.8965767276042252,0.5377656885111332,0.536910788135874,1.7870465244928928,0.4930779405087231,0.9873675032073441
0.37655519970801915,5.638788254021273,0.15389398462684642,0.1293396108212671,10.922404505900698,1.1623754371961097,1.4465525034780138,7.161387053133706,0.02701466688628034,2.2813206058881823,-0.9221956854589488,-0.5244992803204567,0.33068188944225524,0.3568681044149431,30.13661295966337,1.7870465244928928,3.6941262050653436,0.9873675032073441
0.7673940476533612,0.5085027963591592,0.04626016603246078,0.7667701511353939,716.606626236988,1.1623754371961097,23.878402039795755,7.161387053133706,0.07465562918752673,69.77151951266619,1.761511331086974,11.291274304665174,2.0794985754884214,0.3568681044149431,333.52113138168414,1.7870465244928928,25.0447074559535,0.9616562964191622
4.35476670437839,0.9716938038509635,0.05075918122014609,0.7667701511353939,595.2041874268199,0.4214700138799533,44.777986825492064,4.792952949688085,2.613350876000051,2028.6097239277078,1.761511331086974,345.50122087706126,2.0794985754884214,0.9353232217105957,726.0432573377371,-0.6118079757860277,-71.78955748765907,0.29745064003940475
4.35476670437839,5.582859391066228,0.019344029711782753,0.7667701511353939,4098.276849515331,0.0811810061307382,22.631845499018613,0.25979640815841404,2.613350876000051,13967.98685879002,1.581272611554049,813.8391003856335,2.0794985754884214,0.9353232217105957,4999.168917405827,-0.2847977007429024,-87.69004203026827,0.29745064003940475
1.7605700387755943,3.1211703777889603,0.019344029711782753,0.7667701511353939,4098.276849515331,-0.2088672056590537,-23.540962187500146,1.1544580269254738,1.6119364054548508,8615.569663978846,0.8274402908708368,135.21720989309614,1.1213494338841872,0.9353232217105957,4999.168917405827,-0.2847977007429024,-35.45183271063429,0.7559049125447189
1.7605700387755943,3.1211703777889603,0.0067327790369980005,0.012858784064544281,567.337088777435,-0.2088672056590537,-8.758790754142579,1.403868549040902,0.44732801035399333,19736.373971984198,0.8274402908708368,204.65561001111544,1.1213494338841872,0.9353232217105957,41267.00868508806,-0.2847977007429024,-101.85709370872752,0.7559049125447189
1.7605700387755943,0.8451802620492102,0.023423120946092044,0.11993819910116728,437.2179638469727,-0.4332244631602171,-15.948332360728154,1.2993944906404606,1.180967287971267,4305.051408860562,0.8274402908708368,95.58266652551775,1.1213494338841872,0.018733005261673607,68.28855592816592,-0.08103313061218193,-1.1789350754150274,0.5209232036344186
1.9312804128559753,0.580919939765857,0.023423120946092044,0.13654991087020033,497.77364043790743,-0.4332244631602171,-18.6669883112542,2.1060556867768145,1.180967287971267,4305.051408860562,0.8274402908708368,104.85066064037798,0.22585250800396287,0.018733005261673607,68.28855592816592,1.6536831545488133,26.391957476230736,3.4318073566583047
0.4473248286036233,3.0771961777536756,0.023423120946092044,0.13654991087020033,497.77364043790743,-0.4332244631602171,-4.323663871539684,2.1060556867768145,1.180967287971267,4305.051408860562,0.8274402908708368,24.28560010639505,0.22585250800396287,0.018733005261673607,68.28855592816592,0.8588092783479762,3.1746342432861447,3.4318073566583047
0.4473248286036233,3.0771961777536756,0.005559289562570282,0.13654991087020033,8836.551763845317,-1.6828797497063583,-70.76483553710953,4.4291078807594,1.180967287971267,76423.91346183972,0.8274402908708368,102.32324510859216,1.5275238911452251,0.018733005261673607,1212.2686102996988,0.5348198581430951,8.329711477014001,3.4318073566583047
0.4473248286036233,3.0771961777536756,0.005559289562570282,0.13654991087020033,8836.551763845317,1.1902519619196321,50.049912566635534,4.4291078807594,1.180967287971267,76423.91346183972,-0.6048980884612748,-74.80314417152753,1.5275238911452251,0.018733005261673607,1212.2686102996988,-0.7416095165446147,-11.550418720188347,0.1510280149128235
0.5981164086726232,3.171420470170624,0.012804158843236758,0.13654991087020033,1665.7863932521097,1.1902519619196321,29.055896384743374,4.4291078807594,1.180967287971267,14406.741290723892,-0.6048980884612748,-43.42609796584966,1.5275238911452251,0.018733005261673607,228.52585600937266,-2.090565215024451,-18.902406958325006,0.19740478908365186
0.3551803924455117,3.171420470170624,0.07386474692602249,0.13654991087020033,50.05494497288578,1.1902519619196321,2.9909653575463504,4.4291078807594,1.180967287971267,432.9058308238001,-0.6048980884612748,-4.47020986409735,0.6042579388809888,0.01156325826913611,4.238730385690697,-0.37335111140168076,-0.2730136289984735,0.19740478908365186
0.3551803924455117,3.171420470170624,0.013101864154535766,1.7830561589785074,20774.416442114634,0.8962830168993564,45.8837142760522,4.4291078807594,0.3200128347551874,3728.4747665123946,-2.2492069974815525,-48.78024899910499,0.4309207058436941,0.01156325826913611,134.7237110290337,-0.1303963338024528,-0.5375716811692396,0.19740478908365186
0.3551803924455117,3.171420470170624,0.02372857005015318,1.3082676092275587,4647.115325159437,-1.2700522463580306,-30.75121607427661,4.4291078807594,0.3200128347551874,1136.7219811523094,-2.2492069974815525,-26.934290370631793,0.4309207058436941,0.01156325826913611,41.07400835445759,-0.1303963338024528,-0.2968232440942778,0.8900868381448437
0.7532792712500731,0.727893360393001,0.02372857005015318,0.8568691878761565,3043.696799148979,-1.2700522463580306,-52.781083035963704,0.1733674546688068,0.38621021823895274,1371.8626153032187,1.0102840377662479,28.1873870276922,0.4309207058436941,0.007109091041757045,25.252299831537336,-0.1303963338024528,-0.4935962667757758,4.012626872096412
0.6187491947911077,0.727893360393001,0.02372857005015318,0.8568691878761565,3043.696799148979,0.1037938963445113,3.5431305605141765,0.1733674546688068,0.38621021823895274,1371.8626153032187,0.8531009381227963,19.55106308053905,0.4309207058436941,0.0008656928604043292,3.0750394874037696,-0.1303963338024528,-0.14148336367102385,4.012626872096412
0.34954467895138797,2.0496359134960622,0.02372857005015318,0.8568691878761565,3043.696799148979,0.1037938963445113,2.0015903773028683,0.43647819184041087,0.4100903994138919,1456.687734508888,0.8531009381227963,11.381155223909456,2.5574683507262748,0.0007054239853116002,2.505746217176564,-0.1303963338024528,-0.07215004695450848,4.012626872096412
0.3371157652792097,2.0496359134960622,0.054854578457987115,2.109407785444241,1402.054114678359,0.1037938963445113,1.310186940889404,0.3471529054956894,0.4100903994138919,272.5736274682662,0.8531009381227963,4.74811686137216,0.35509994846687554,0.0028705323748211414,1.9079486456848525,-0.0281195571765928,-0.01309395610113734,0.6547466242799118
0.7868342645254424,2.0496359134960622,0.2092072193433815,2.109407785444241,96.39115983368632,0.1037938963445113,0.8018140875434124,0.3471529054956894,0.4100903994138919,18.739425116817753,0.8531009381227963,2.905773878471268,0.49322829405461094,0.0024844803990729043,0.11353041782779912,-1.8714351062717616,-0.49615132359622466,0.6547466242799118
0.7868342645254424,2.0496359134960622,0.2077196405219161,0.5597055324807547,25.943852751118424,0.1037938963445113,0.4159798698901416,0.3961388850062351,0.4215343386477887,19.539247294816327,0.8531009381227963,2.967136993713494,0.49322829405461094,0.0024844803990729043,0.11516233071861533,-1.8714351062717616,-0.49970449843982306,1.765783778987254
0.7868342645254424,2.0496359134960622,0.3014457505222126,5.858818019413475,128.95009673575092,0.1037938963445113,0.9273974886289176,0.32425102957417623,1.0722098384743195,23.598883244734868,0.8531009381227963,3.2608393963732083,0.49322829405461094,0.0024844803990729043,0.05468235858102325,-1.8714351062717616,-0.344335385731224,5.385866724342684
0.5564917801317831,2.0496359134960622,0.3014457505222126,5.822837140693982,128.15817287395117,0.1037938963445113,0.6538885350362771,1.1905158481850446,0.9538026164955591,20.99279056908265,0.8531009381227963,2.175175284438927,0.49322829405461094,0.0024844803990729043,0.05468235858102325,-1.8714351062717616,-0.24353262231596298,5.385866724342684
0.5564917801317831,2.0496359134960622,0.3014457505222126,3.1156017611791382,68.5730717634315,0.3919519774849795,1.806210721478199,1.1905158481850446,0.058834212855573935,1.294916041761188,1.4883398811122754,0.9425006935882221,1.2324709821015358,0.0018331392851206765,0.04034661724654162,-1.2085156190903494,-0.1350873199601376,3.325435474708736
0.513835334284184,1.3963096626497784,0.7666610122099096,3.1156017611791382,10.601447815705768,0.21620310472628593,0.3617166347849335,1.7520889684078846,3.2989926025592444,11.225471225563439,1.4883398811122754,2.562290551854215,0.6989044871665423,0.02567678361431728,0.08737030674271154,-2.6950552154506306,-0.40932998832332196,3.325435474708736
0.3178884723680887,0.2586780807994216,0.7666610122099096,3.1156017611791382,10.601447815705768,-0.06839278740373503,-0.07078930905878164,0.15304480728859476,1.643290721634823,5.591619907433792,-0.38315863246335136,-0.2880197141752682,1.6041707065415196,0.02567678361431728,0.08737030674271154,-2.6950552154506306,-0.25323537717354205,6.865249228732499
0.3178884723680887,1.0512349556330824,0.7666610122099096,3.3712047580079347,11.471187288247648,-0.06839278740373503,-0.07363584394826678,0.15304480728859476,0.07447969061511037,0.2534317971007861,-0.38315863246335136,-0.06131743021264267,1.6041707065415196,0.06813022245764565,0.2318264827863623,-2.6950552154506306,-0.41250001602150743,6.865249228732499
0.3178884723680887,1.161240530218969,0.7666610122099096,3.3712047580079347,11.471187288247648,-1.1775760475949337,-1.2678501545205605,0.13140816521879944,0.07447969061511037,0.2534317971007861,-0.38315863246335136,-0.06131743021264267,1.6041707065415196,0.07895722771480002,0.26866749779164767,-2.6950552154506306,-0.4440685453274371,6.865249228732499
0.9032364654200254,1.161240530218969,0.7666610122099096,0.9902988527895358,3.3696866334509408,1.3087558158995136,2.169975571551044,0.18287650795148017,0.07447969061511037,0.2534317971007861,-0.38315863246335136,-0.1742250623979097,1.7526641101215037,0.42550185361082477,1.447853750998656,-2.6950552154506306,-2.9290816473645362,0.6308704119682541
0.8536170162001369,1.161240530218969,0.7666610122099096,0.7082676533082903,2.4100200030887384,0.17397775316672304,0.230551050437325,0.18287650795148017,4.251914575907645,14.467975674870553,-0.38315863246335136,-1.2440721365964764,1.361048689386543,0.42550185361082477,1.447853750998656,-2.6950552154506306,-2.768172047689853,0.6308704119682541
0.55479539484509,1.335510835143792,0.7666610122099096,0.17701433772068234,0.6023261019300828,0.17397775316672304,0.07491045022418123,0.18287650795148017,0.6708940010995722,2.2828488002379896,-0.38315863246335136,-0.3211811405240186,0.532177049451036,0.42550185361082477,1.447853750998656,-2.6950552154506306,-1.799131314220616,0.6308704119682541
0.55479539484509,2.939546640941443,0.37015238156719776,0.23274827969264747,3.3974680349371096,0.014157491474566714,0.01447760908627871,0.18287650795148017,0.2375931184998887,3.4681890087022484,-0.7496175435148148,-0.7745045405902125,0.532177049451036,0.42550185361082477,6.211126236285277,-1.5430168035415206,-2.1334805163466313,1.6490279513956272
0.47163262677224455,2.939546640941443,0.877785729814248,0.4107107294256259,1.0660780750226972,0.014157491474566714,0.006894212347066247,0.3341006404667231,1.3445447422495145,3.490022460829863,-0.7496175435148148,-0.660476993164,0.532177049451036,0.42550185361082477,1.1044712604669404,-1.5430168035415206,-0.7648067400186874,1.6490279513956272
0.4731187341061059,0.23144037276191154,0.877785729814248,0.4107107294256259,1.0660780750226972,0.014157491474566714,0.006915935906779007,2.686199183819347,1.3445447422495145,3.490022460829863,-0.75532030841629,-0.6675986010593561,0.532177049451036,0.42550185361082477,1.1044712604669404,0.4598458999590527,0.22864392855949633,1.2665062296957448
0.4731187341061059,2.225367267067391,0.877785729814248,0.5548725593039937,1.4402776151793677,0.014157491474566714,0.008038584094013534,2.686199183819347,0.2521795805954757,0.6545802253991021,-0.8217521831093061,-0.314552001062558,0.532177049451036,1.3691627070937578,3.553923086481475,0.4598458999590527,0.41014410715505667,1.1041495767395195
0.3032982560241,2.225367267067391,0.4831866135424476,0.5548725593039937,4.753280632357424,-0.6052763066208525,-0.40023983869992624,2.686199183819347,1.5832089516618708,13.56245920026903,0.14586809087854324,0.16292939107847165,1.4699413544393656,1.3691627070937578,11.728845604363947,1.1706948895931668,1.2160215468859492,1.1041495767395195
0.3032982560241,1.2337808438223847,0.4831866135424476,0.5548725593039937,4.753280632357424,-0.6052763066208525,-0.40023983869992624,1.7348975376080424,1.061414644223434,9.092541317264384,0.14586809087854324,0.13340522930007992,1.4699413544393656,0.7763934089731384,6.650924959401599,-0.9144195582277233,-0.7152476564656457,0.19582138017847023
0.3032982560241,1.2337808438223847,1.0823578631059798,0.07663727893044182,0.13083631957418246,-1.725963599029471,-0.18935017231263368,1.7348975376080424,1.061414644223434,1.8120631046723121,-1.9202956996805647,-0.7840155588323356,0.28782611789204277,0.7763934089731384,1.325470548920399,-0.9144195582277233,-0.31930113389675413,1.3127694822357312
0.3032982560241,1.2337808438223847,1.0823578631059798,0.5139562633569369,0.8774338919411997,-1.725963599029471,-0.49035289986001945,3.1931769488318427,1.061414644223434,1.8120631046723121,-0.21467322371802422,-0.08764647417979592,0.48696269704963485,0.7763934089731384,1.325470548920399,-0.9144195582277233,-0.31930113389675413,1.3127694822357312
0.3032982560241,1.2337808438223847,1.2665701848086757,0.5139562633569369,0.6407633122671913,0.6014559497468017,0.14602343397120549,2.693398632731445,1.061414644223434,1.3232946295455053,-0.21467322371802422,-0.07489900807695656,0.48696269704963485,0.7763934089731384,0.9679508701901874,-0.9144195582277233,-0.27286138353557743,1.3127694822357312
0.3032982560241,2.7622198763911614,1.2665701848086757,2.1294064613704102,2.654789200230586,-0.7337030914303515,-0.3625812010174671,0.6349406382628319,1.061414644223434,1.3232946295455053,-0.21467322371802422,-0.07489900807695656,1.6940995905487615,0.7763934089731384,0.9679508701901874,-0.9144195582277233,-0.27286138353557743,1.8952405357892
0.9985667103577978,0.6873997252501617,1.2665701848086757,2.1294064613704102,2.654789200230586,-0.23664677669333034,-0.3850283411838137,0.25143098736123476,1.061414644223434,1.3232946295455053,-0.21467322371802422,-0.24659441529570056,1.6940995905487615,0.7763934089731384,0.9679508701901874,-0.2479191476828395,-0.24356440010031802,1.8952405357892
0.6817616938173492,0.6873997252501617,0.24426436056001463,0.9610265411255633,32.21403795721253,-0.16505587362866722,-0.6386841852067027,1.9662166595029904,1.061414644223434,35.579091912808586,-0.21467322371802422,-0.8729872555130151,1.6940995905487615,0.7763934089731384,26.02505308240235,-0.2479191476828395,-0.8622604730495604,1.8952405357892
0.6186219019001117,0.6873997252501617,0.24426436056001463,0.563447903686735,18.88702484222524,-0.16505587362866722,-0.44374967832040413,1.785107547008905,1.061414644223434,35.579091912808586,0.3699563975170973,1.3651276505517886,3.3148435744810505,0.7763934089731384,26.02505308240235,-0.2479191476828395,-0.7824042016565921,1.8952405357892
0.6186219019001117,3.6799377315934323,0.5579564875100915,1.083436824059934,6.960379589637819,-0.23904555935276828,-0.3901417562740619,1.785107547008905,1.934035558590111,12.424925319780078,0.3699563975170973,0.8067198202012643,8.026922209483482,0.6390938485986428,4.105763881072406,-0.984012145863491,-1.2334533698413956,0.8257998780553774
0.6186219019001117,3.6799377315934323,0.5579564875100915,1.8659641258292583,11.987610470677412,-0.6359091095181182,-1.3620299247205643,0.6536621398813187,1.934035558590111,12.424925319780078,-0.010849357561292017,-0.02365790087665733,8.026922209483482,0.6390938485986428,4.105763881072406,-0.984012145863491,-1.2334533698413956,0.8257998780553774
0.6186219019001117,3.6799377315934323,0.5579564875100915,1.8659641258292583,11.987610470677412,0.28899963525710093,0.6189975038284691,0.6343556917226918,0.6824324073841187,4.384186040367647,-0.010849357561292017,-0.014053153879643928,1.561876274785983,0.9316804619504586,5.985443292506712,-0.19710743519790574,-0.29831593945826324,0.8257998780553774
0.6186219019001117,3.6799377315934323,1.363195126460771,1.8659641258292583,2.0082475048094746,2.1344092253840614,1.8711629051668122,0.6343556917226918,0.6824324073841187,0.734469200323567,-0.010849357561292017,-0.00575196332859732,1.561876274785983,0.24718469165723803,0.2660330031946019,0.30904771483055693,0.09860946148506558,0.8257998780553774
0.6186219019001117,3.6799377315934323,1.363195126460771,0.2997143816911718,0.322568183844005,-0.7479103711158657,-0.2627759482119485,0.6343556917226918,0.037350387661683006,0.040198427068851926,-0.010849357561292017,-0.0013456553556374796,1.561876274785983,0.24718469165723803,0.2660330031946019,-0.2679264290541271,-0.08548867899291722,0.8257998780553774
0.6186219019001117,0.8056273644400578,1.0810334755640416,0.2997143816911718,0.5129314086494893,-0.10755666960836907,-0.047653223603304144,0.6343556917226918,0.037350387661683006,0.06392148034008031,-0.010849357561292017,-0.0016968862335588015,1.561876274785983,1.5451221861438063,2.644323222003282,1.0443214971787067,1.0505501262361197,5.852533514265656
0.6186219019001117,0.8056273644400578,1.0810334755640416,0.6731061251757564,1.1519543073270209,-0.10755666960836907,-0.07141349113060566,0.6343556917226918,0.037350387661683006,0.06392148034008031,-0.010849357561292017,-0.0016968862335588015,3.5559791039988746,1.5451221861438063,2.644323222003282,-1.4964943092754668,-1.5054198249947044,5.852533514265656
2.683838306116262,0.8056273644400578,0.2806424665235885,0.6731061251757564,17.092546141651855,-0.10755666960836907,-1.1934303384799094,1.012217158829548,0.07748615004322229,1.9676475156230517,-0.010849357561292017,-0.040844541048031605,3.5559791039988746,0.5917172662175693,15.025795037885025,-1.4964943092754668,-15.568621028010181,5.852533514265656
39.7917867502387,0.8056273644400578,0.253577126159801,0.6731061251757564,20.935984451045726,-0.4695012931351734,-85.48244328386635,1.4142307477625706,0.1466528105723478,4.561421813006276,-0.010849357561292017,-0.9220353683064838,0.3251316225177512,0.5917172662175693,18.40450268033381,-1.4964943092754668,-255.46449734075696,7.5658938247663245
39.7917867502387,6.567876891819009,0.5654789930161456,0.6731061251757564,4.209985367314077,-0.4695012931351734,-38.33279851727772,2.0358751435160514,0.1466528105723478,0.9172493957380865,-0.659235186029158,-25.123349325344556,0.3251316225177512,0.18293128092155703,1.1441554119013302,-1.4964943092754668,-63.69583273063178,3.635472101750284
11.104526268060384,0.30382999238617925,0.5654789930161456,0.36572172542647957,2.287429953415303,-0.4695012931351734,-7.885163999838286,3.804731423290401,0.1466528105723478,0.9172493957380865,-0.4961786289140575,-5.2769357648546755,0.3251316225177512,0.3402323730786046,2.128005166753547,-1.4964943092754668,-24.24160913474518,2.9811520836346186
11.104526268060384,0.4251741080435045,0.6840449978102949,0.36572172542647957,1.5631887214712947,-0.8950155484561051,-12.426142288497452,7.425895337191511,0.1466528105723478,0.6268318328407462,-0.4961786289140575,-4.362280744794588,0.30656908103555225,0.3402323730786046,1.4542406734401259,-1.4964943092754668,-20.03979382421908,2.9811520836346186
11.104526268060384,0.4251741080435045,0.6840449978102949,0.36572172542647957,1.5631887214712947,-0.8950155484561051,-12.426142288497452,0.25830631877874666,0.47246350508084606,2.0194305426835895,-0.4961786289140575,-7.829833927443863,0.5231701194115896,0.27246039577465203,1.1645658108658372,-1.0786204487149764,-12.925599740691005,0.6129809777324104
11.104526268060384,0.4251741080435045,1.0824005669888432,0.36572172542647957,0.6243163857594092,-0.8950155484561051,-7.8529527180239045,0.25830631877874666,0.47246350508084606,0.8065331846264429,-0.4961786289140575,-4.948222400375475,0.5231701194115896,0.27246039577465203,0.46511179874328845,-1.0786204487149764,-8.168594987819201,3.085465364612341
1.0645895566119437,0.4251741080435045,0.8264641062187226,1.3034786412938208,3.8166815152823212,-0.8950155484561051,-1.8614687183313914,0.8549460692961587,0.47246350508084606,1.3834079587968378,-0.04052192629799051,-0.05073964434739233,0.5231701194115896,0.27246039577465203,0.7977841164834356,-1.0786204487149764,-1.0256366789083555,1.4364072357996485
1.0645895566119437,0.4251741080435045,0.8264641062187226,0.7669137936269459,2.2455801017542005,0.1469375975570404,0.2344117688338943,0.8549460692961587,0.47246350508084606,1.3834079587968378,-0.04052192629799051,-0.05073964434739233,0.5231701194115896,0.03259826782527541,0.0954501303645879,0.4116638843400502,0.13539830638943234,1.4364072357996485
1.0645895566119437,0.4251741080435045,0.6682706494599945,0.7669137936269459,3.4345652389752854,0.1469375975570404,0.2899018731003717,1.2018075940816704,0.47246350508084606,2.1158919616778196,-0.04052192629799051,-0.06275076550093772,0.5231701194115896,0.03259826782527541,0.14598886922349338,0.4116638843400502,0.1674498803203385,1.4364072357996485
1.0645895566119437,1.012037230750954,0.6995310456235636,0.7669137936269459,3.1344587414933884,0.48892046203221895,0.921513482840877,1.2018075940816704,0.652226779832649,2.6657206435342697,1.225865706542632,2.1307495971265555,0.321262924197144,0.03259826782527541,0.13323260892107536,-0.09562733330429718,-0.03715947013704296,1.4364072357996485
0.5175638567060469,1.012037230750954,0.6995310456235636,1.1404448044202538,4.661119953913141,0.5762159204280792,0.6438642820990668,1.2018075940816704,0.5683156898479373,2.3227670394962674,1.174653837566087,0.9265666608123656,0.20017304745076975,0.03259826782527541,0.13323260892107536,-0.09562733330429718,-0.01806555264217342,1.4364072357996485
0.5175638567060469,1.012037230750954,0.6995310456235636,1.7815427460026532,7.281355844628988,0.5762159204280792,0.8047395052471865,0.2521757738694089,0.5683156898479373,2.3227670394962674,-0.5868100550258848,-0.46287562840049423,0.20017304745076975,0.036842673085410955,0.15057994741026137,-0.11066576811605834,-0.022225974601490447,1.7418582579453832
0.5175638567060469,1.1818092152970547,0.2593215879796688,1.7815427460026532,52.98450704182505,-0.34613641104767223,-1.304024274224516,1.4796173658503504,0.5683156898479373,16.902163441372096,-0.5868100550258848,-1.2486267527948653,1.077116076434808,0.036842673085410955,1.0957305828971156,-0.06938929922818855,-0.03759311676460019,1.7418582579453832
1.3002360242719178,1.1818092152970547,0.4803800333388366,1.7815427460026532,15.440321781570388,-0.34613641104767223,-1.7684698261032168,1.4796173658503504,2.2292070616070125,19.320150709934197,0.9281290719936672,5.30439461799439,0.8881919655692732,0.05179713846136038,0.4489168093229512,-2.377828425545463,-2.071503362787505,0.16727242172943724
1.3002360242719178,1.1818092152970547,0.4803800333388366,1.7815427460026532,15.440321781570388,-0.34613641104767223,-1.7684698261032168,1.8390976501325036,2.2292070616070125,19.320150709934197,0.9281290719936672,5.30439461799439,4.121675136377008,0.004054260767167893,0.03513757442639295,-2.377828425545463,-0.5795469147118166,0.16727242172943724
1.3002360242719178,1.6942710260480396,0.4803800333388366,1.321527834669152,11.45345238354627,-0.34613641104767223,-1.5231325106512041,0.9171778436028923,0.6821555201615447,5.912123500826227,0.9281290719936672,2.9342851762825144,1.794226073079686,0.004054260767167893,0.03513757442639295,-2.377828425545463,-0.5795469147118166,4.346841956658832
1.3002360242719178,1.6942710260480396,0.4803800333388366,1.321527834669152,11.45345238354627,0.0762540449435683,0.33554694396542595,0.9171778436028923,0.6821555201615447,5.912123500826227,0.9281290719936672,2.9342851762825144,1.794226073079686,0.004054260767167893,0.03513757442639295,-2.377828425545463,-0.5795469147118166,0.23327799213936826
1.3002360242719178,1.6942710260480396,0.27952796931347745,0.8164368089290092,20.897870481960553,0.7753805929318798,4.608802924964313,2.6945638138787746,0.6821555201615447,17.46074840450995,0.9281290719936672,5.042686834774233,0.8371973556784679,0.004054260767167893,0.103774616094919,-2.3391167261328363,-0.9797598910618405,0.4604318485358744
1.3201661748686844,1.6942710260480396,0.34145767541833844,1.4598186373846855,25.041200226770925,0.9733706094204452,6.430346865654939,2.6945638138787746,0.6821555201615447,11.701448747609689,0.14614376461349832,0.6599768604228254,0.8371973556784679,0.005500590275882464,0.09435513353259432,-2.50899227950891,-1.0174444165711092,7.070536969860009
1.3201661748686844,1.5521572427113723,0.19367433830208086,1.4598186373846855,77.83675785499568,0.9733706094204452,11.337027466465049,2.6945638138787746,0.6821555201615447,36.37217164002471,0.14614376461349832,1.1635726579242425,0.8371973556784679,0.002957326550743073,0.15768308797641398,-2.50899227950891,-1.31528686842501,7.070536969860009
17.225298377444187,1.5521572427113723,0.19367433830208086,1.4598186373846855,77.83675785499568,0.9733706094204452,147.92356033706534,2.6945638138787746,0.6821555201615447,36.37217164002471,0.14614376461349832,15.182093434998455,0.8371973556784679,0.002957326550743073,0.15768308797641398,-2.50899227950891,-17.161634036570103,0.250997331637554
1.23543594179586,0.7351747128599335,0.19367433830208086,1.5338024937021,81.78153795430597,0.9733706094204452,10.874920664267147,2.6945638138787746,0.6821555201615447,36.37217164002471,-1.2706786701104962,-9.467614968274479,0.969935923714819,0.002957326550743073,0.15768308797641398,-2.50899227950891,-1.2308697965133155,0.250997331637554
1.23543594179586,2.4159438949276577,0.13833922922295921,1.5338024937021,160.29085001691087,0.027732606350456157,0.43377576557623615,2.6945638138787746,0.6821555201615447,71.28902751129506,-1.2706786701104962,-13.254621083107207,3.1871784636104863,0.016354499819909385,1.709135751505593,-0.30136638319979037,-0.4867470378715933,0.250997331637554
1.23543594179586,2.4159438949276577,0.32871426991590946,0.1428059716751807,2.643256133823322,1.0571819253731398,2.1234380028413433,5.274245737319256,0.6821555201615447,12.626305060895557,-1.2706786701104962,-5.5782003767238635,0.5107211273918878,0.7024648914852636,13.002219805186643,-0.30136638319979037,-1.342529352411032,0.250997331637554
1.23543594179586,2.4159438949276577,0.32871426991590946,0.17048557831557973,3.155589681053877,1.0571819253731398,2.3201188089092146,1.2420073177840567,0.6821555201615447,12.626305060895557,-1.2706786701104962,-5.5782003767238635,0.5107211273918878,0.7024648914852636,13.002219805186643,-0.30136638319979037,-1.342529352411032,2.068797353176201
0.37015188991187825,5.041181792681337,0.32871426991590946,1.4810288802261056,27.41298998988227,1.0571819253731398,2.048839339044016,1.7565710995865345,0.6821555201615447,12.626305060895557,0.911976113310712,1.1995036489922444,0.915687456850016,0.7024648914852636,13.002219805186643,0.9957064141173706,1.328984842490709,0.7569865217473716
0.7627680492849922,5.041181792681337,0.39280808413431756,1.4810288802261056,19.196970113509952,1.0571819253731398,3.5331214535379587,0.38005922586296426,0.6289023933267534,8.151779219298819,-1.1724362372602255,-2.55333577674366,0.4513702310443553,0.7024648914852636,9.105290050504525,0.6907925580222044,1.589963065063632,0.7569865217473716
0.4642461297622557,5.041181792681337,0.39411525443699835,1.4810288802261056,19.06983930831115,-1.728255070494701,-3.503722066435559,0.38005922586296426,0.6289023933267534,8.097794540996745,-1.3792212576466734,-1.8220723212301322,0.4513702310443553,0.7024648914852636,9.044990802818836,0.8838919337307736,1.2341033388420175,0.3847057373171658
3.6833936315630758,2.0054950721413607,0.9117593665221632,1.4810288802261056,3.563141389640575,0.8990439743431509,6.250943816825664,0.2398838188781577,0.6289023933267534,1.5130482447880846,-1.1266601469491504,-5.104667434133666,0.4513702310443553,0.7024648914852636,1.6900289812298548,0.8838919337307736,4.232474785763916,0.8064718284006286
3.6833936315630758,2.0054950721413607,0.9117593665221632,0.4663482395031965,1.1219664493687471,1.2999717966331445,5.071915369245214,0.2398838188781577,0.6289023933267534,1.5130482447880846,-1.1266601469491504,-5.104667434133666,0.4513702310443553,0.7024648914852636,1.6900289812298548,-2.021748614471604,-9.681047769930878,0.8064718284006286
1.6924742160398831,2.0054950721413607,0.9117593665221632,0.4663482395031965,1.1219664493687471,1.2999717966331445,2.330482931508248,0.2398838188781577,0.1632038418236724,0.39264485082931094,-1.1266601469491504,-1.1948542888720624,0.6024536480455461,0.7534326121035507,1.8126499491902708,-2.021748614471604,-4.606872436827189,0.8064718284006286
3.2518651445987756,2.0054950721413607,1.6610366835909298,0.18609891966616138,0.1349010717292916,1.1075176131696274,1.3227898951822652,0.2398838188781577,0.1632038418236724,0.1183046801767891,-1.1266601469491504,-1.2601621246340184,0.6024536480455461,0.7534326121035507,0.5461550611411193,-2.021748614471604,-4.858672904283859,1.8192536259235708
3.2518651445987756,2.0527521734041083,1.6610366835909298,0.18609891966616138,0.1349010717292916,1.1536066700675616,1.3778374520049397,0.12115472087710803,0.07344998642491514,0.05324309192658169,-1.1266601469491504,-0.8453899747651441,0.6024536480455461,0.7534326121035507,0.5461550611411193,-1.5090767144229495,-3.6266181118510556,1.8192536259235708
7.588609484799489,0.6799193910732986,1.0386318602977849,0.18609891966616138,0.3450250015814021,1.0624281057044684,4.735731143271533,0.40631929992417326,0.07344998642491514,0.13617532937789692,-1.5204457286194102,-4.257771438767175,0.6024536480455461,0.7534326121035507,1.3968543645972336,0.08251092688983608,0.7400298445376262,1.8192536259235708
7.588609484799489,0.6799193910732986,1.0386318602977849,0.5972788700549506,1.107347336862152,1.0624281057044684,8.48405915874155,0.40631929992417326,0.07344998642491514,0.13617532937789692,-1.5204457286194102,-4.257771438767175,1.2341639385185637,0.7534326121035507,1.3968543645972336,0.08251092688983608,0.7400298445376262,1.8192536259235708
4.6689640083551565,0.6799193910732986,1.0386318602977849,3.501412679809247,6.491574037912014,-0.44429115319013257,-5.285221573099543,0.40631929992417326,0.07344998642491514,0.13617532937789692,-0.9294249546056964,-1.6013419178531012,0.47550293296430685,0.7534326121035507,1.3968543645972336,0.08251092688983608,0.45531038541063273,1.0631611674149797
4.6689640083551565,0.7905430985704277,1.0386318602977849,3.501412679809247,6.491574037912014,-0.44429115319013257,-5.285221573099543,0.40631929992417326,0.6136799848802027,1.1377547926317533,-0.35367930177000584,-1.7613858673200138,1.2044611819068354,0.7534326121035507,1.3968543645972336,-1.2534519884719577,-6.91677732243719,1.0631611674149797
4.6689640083551565,2.0282501480040835,1.0386318602977849,1.5661673224546169,2.903654056004174,1.4504800798714261,11.539971369435106,0.40631929992417326,1.9635445430137513,3.640386307850548,-0.35367930177000584,-3.15067717505118,0.7853899588594839,0.7534326121035507,1.3968543645972336,0.1010045668999402,0.5573616733799023,1.571238422765164
0.789459801097907,2.0282501480040835,1.0386318602977849,1.4922960564599355,2.7666976797266734,1.4504800798714261,1.904682723781568,0.40631929992417326,1.9635445430137513,3.640386307850548,-0.35367930177000584,-0.5327376633207096,0.8905383678953785,0.7534326121035507,1.3968543645972336,0.1010045668999402,0.0942424561463065,0.30196468066755516
0.784328385716817,0.2736110110375296,1.0386318602977849,1.4922960564599355,2.7666976797266734,0.20776197074639757,0.2710471480540167,0.40631929992417326,0.46579556802594274,0.863578987363586,0.8218042664125066,0.5989869460326387,0.8905383678953785,0.7534326121035507,1.3968543645972336,0.1010045668999402,0.09362988893471659,0.30196468066755516
0.784328385716817,9.832576358150567,1.0386318602977849,1.4922960564599355,2.7666976797266734,-3.0839175904377814,-4.023291965891546,0.40631929992417326,0.46579556802594274,0.863578987363586,-0.8712616051381862,-0.6350348244544899,0.47955908033987166,0.05297373295460452,0.09821261901585653,0.4627606273700349,0.11374648378200256,0.30196468066755516
0.784328385716817,9.832576358150567,0.6197335532019145,1.1026966921576205,5.742170019114547,-3.0839175904377814,-5.796138049269186,0.40631929992417326,0.46579556802594274,2.425578461219033,-0.10494522767826364,-0.12819417469093713,1.0262486891981122,0.03216710990918686,0.16750663662614193,0.4627606273700349,0.14854920890531664,0.30298940717922523
0.784328385716817,2.0767071671569526,0.6059505313605574,0.7757741215391551,4.225624895886661,-1.3535708637836508,-2.1823499932876165,0.5842877224348745,0.0746834466983912,0.4067991222151357,-0.10494522767826364,-0.05249895158585434,1.0262486891981122,0.03216710990918686,0.17521355338755262,0.9821253704866262,0.32243985081898,2.2930844116254123
3.29048372347806,1.2740935684537413,0.6059505313605574,0.7757741215391551,4.225624895886661,-1.3535708637836508,-9.155587458794413,1.9139865854181612,0.0746834466983912,0.4067991222151357,0.38781226033418204,0.8139004437051565,1.2004732513972045,0.03216710990918686,0.17521355338755262,0.9821253704866262,1.352728143264749,2.2930844116254123
3.29048372347806,1.2740935684537413,0.6059505313605574,0.7757741215391551,4.225624895886661,-1.3535708637836508,-9.155587458794413,2.9656823988307224,0.08993048645371948,0.4898494186736739,0.38781226033418204,0.8931256869340782,1.2004732513972045,0.024346169484040534,0.13261305969722953,0.9821253704866262,1.1768465121635856,4.181386703376925
3.29048372347806,0.21045751078604635,0.30745367307148275,0.47090296271754983,9.963273377296694,-0.2995907207827784,-3.1116384414533544,1.8931890640985116,2.723122160145146,57.61528949558605,-1.0863788510372485,-27.133756513987198,0.5127097692552075,0.024346169484040534,0.5151115228913681,0.9821253704866262,2.3194088470348038,3.056179756529034
3.29048372347806,0.21045751078604635,0.2319091716158601,0.1946430275531406,7.238240310490076,-0.2995907207827784,-2.6521898187318964,1.8931890640985116,2.723122160145146,101.26544391409088,-1.0863788510372485,-35.97258808837083,1.2210261785298437,0.024346169484040534,0.9053672642719955,0.9821253704866262,3.074957167095388,1.4815276519013068
3.29048372347806,0.21045751078604635,0.04718259123694129,0.1946430275531406,174.86595742620648,-0.2995907207827784,-13.035891580040426,1.8931890640985116,2.723122160145146,2446.4342222189052,-1.0863788510372485,-176.81040582444803,1.2210261785298437,0.02268560612647129,20.38059253890397,0.9821253704866262,14.589321005103105,0.2590975965814832
3.29048372347806,0.21045751078604635,0.04718259123694129,0.5930068792001488,532.7533022643205,-0.1591464245590973,-12.08703300825942,0.2104240759704717,2.723122160145146,2446.4342222189052,-1.6196430967998707,-263.6002651952695,0.8687185026180815,0.02268560612647129,20.38059253890397,0.9821253704866262,14.589321005103105,0.2590975965814832
0.2990253531854499,0.21045751078604635,0.16943086098978902,0.14020043956751102,9.767745497442446,0.40953919234678915,0.3827371769148304,0.2104240759704717,2.723122160145146,189.71954938796992,-0.09847975910510476,-0.4056122211044988,0.6183312155297344,0.023039007410746576,1.6051245031475057,0.9821253704866262,0.3720739837754314,3.3527661761172025
4.340494153411443,0.21045751078604635,0.16943086098978902,0.28850455456202,20.100072956317895,0.46232914733363145,8.996824869183996,1.1755829810639684,2.723122160145146,189.71954938796992,-0.09847975910510476,-5.887652854520471,0.6183312155297344,0.007598264565665934,0.5293700556760494,0.9821253704866262,3.101600023135683,3.3527661761172025
0.5447013074138911,8.910603270513361,0.1786042836413984,0.7803426101690076,48.92508355871318,0.46232914733363145,1.7614709284250463,1.1755829810639684,1.4538227305312832,91.15021740949723,-0.6669890160140025,-3.4686138519567438,0.4186799370874526,0.007598264565665934,0.4763878377676982,0.9821253704866262,0.3692373967243231,6.458278375873469
0.5447013074138911,32.1754638885089,0.32371286939239724,1.6480948468940813,31.455186637488197,0.6036559987126884,1.8441407798465572,1.1755829810639684,1.6292553160695353,31.095619371462465,-0.6669890160140025,-2.025940589225766,0.4186799370874526,0.018610657832146448,0.3551990449213632,0.9821253704866262,0.31883151465137005,6.458278375873469
0.5447013074138911,32.1754638885089,0.32371286939239724,1.6480948468940813,31.455186637488197,0.6036559987126884,1.8441407798465572,1.1755829810639684,4.697897778624475,89.66307473684559,-0.08909379413991014,-0.4595287477324543,0.584932823817278,0.018610657832146448,0.3551990449213632,0.9821253704866262,0.31883151465137005,0.582653700189343
0.5447013074138911,32.1754638885089,0.32371286939239724,1.6480948468940813,31.455186637488197,-2.079486702799419,-6.352734401644339,1.1755829810639684,4.697897778624475,89.66307473684559,-0.08909379413991014,-0.4595287477324543,0.584932823817278,0.018610657832146448,0.3551990449213632,0.9821253704866262,0.31883151465137005,0.582653700189343
0.30700921001393044,0.6091275039778431,0.2029936310355928,1.6480948468940813,79.9921506032751,-1.3536940753166313,-3.717026170101902,0.8799208323328134,0.1264390270398456,6.136861426491016,-0.08909379413991014,-0.06775978458951783,0.3689363029123218,0.018610657832146448,0.9032893628304364,0.6814189761184907,0.19882870126521604,0.582653700189343
0.30700921001393044,0.6091275039778431,0.37421056724364765,1.6480948468940813,23.538571477161348,-1.4947453764590017,-2.2264280975619712,0.8799208323328134,0.1264390270398456,1.805839076002775,-0.08909379413991014,-0.036756858079478295,0.40320149442931336,0.018610657832146448,0.26580284529408843,0.6814189761184907,0.10785628081325248,1.5204294471375543
3.4986646043938228,0.450405853277483,1.0013939674201147,1.6480948468940813,3.287019310974897,-1.4947453764590017,-9.481360460716237,0.8817654676029574,0.24787557165531604,0.4943719060134461,-0.08909379413991014,-0.21916775391562196,0.40320149442931336,1.9637131800318426,3.9164998034821363,0.4956863976192195,3.4320876242050438,1.4089038682109338
1.1691204396473671,0.450405853277483,1.0013939674201147,1.6480948468940813,3.287019310974897,-1.4947453764590017,-3.168309501964475,0.8817654676029574,0.24787557165531604,0.4943719060134461,-1.0630421317004446,-0.8738494597321954,0.40320149442931336,1.9637131800318426,3.9164998034821363,0.4956863976192195,1.1468729489187766,1.4089038682109338
1.8280347577483895,6.1415599692864715,1.0013939674201147,1.6480948468940813,3.287019310974897,-0.42095940084055683,-1.39516569603349,0.8817654676029574,0.24787557165531604,0.4943719060134461,-1.0630421317004446,-1.36634954899251,0.40320149442931336,1.9637131800318426,3.9164998034821363,0.4956863976192195,1.7932486185745544,1.4089038682109338
0.7061417045429746,1.081471374939736,0.5603514424024048,0.46917840558482365,2.9884570760893716,1.8723137774761922,2.2855672575154533,1.2750025160504639,0.07535733663382607,0.4799926066884841,0.5111461726320674,0.2500657705522756,0.40320149442931336,1.512741164681032,9.635486169163405,-0.8114566165659446,-1.7786642804990864,1.7054569775895603
0.7061417045429746,1.081471374939736,0.3932893920247469,0.6114971664056894,7.906785905127193,1.8723137774761922,3.7176669823250656,3.404101143731741,0.07535733663382607,0.9743860803910299,0.5111461726320674,0.3562890788969446,0.6313714104267364,1.512741164681032,19.56005878050197,-0.8114566165659446,-2.534207927643736,2.219123564942994
0.7061417045429746,1.081471374939736,0.30029242402203365,0.6114971664056894,13.562373275814767,1.8723137774761922,4.868983931215723,3.404101143731741,0.07535733663382607,1.6713476114803971,-0.7304479845943213,-0.6668291081820968,0.6313714104267364,2.8873981952425174,64.03949890719979,-0.8114566165659446,-4.585441211792011,0.9501739437918809
0.7061417045429746,1.081471374939736,0.6722625336211745,0.6114971664056894,2.706117368654792,1.8723137774761922,2.17492261446332,3.404101143731741,0.07535733663382607,0.33348608746466535,-0.7304479845943213,-0.2978653714730021,0.6313714104267364,2.8873981952425174,12.777881625021996,-0.40644858421431657,-1.0259516798880464,0.9501739437918809
0.7061417045429746,1.8159855146216488,0.6260361852048318,0.4292724898784681,2.1906055332967447,1.0893810829657298,1.138554387553115,2.684277781923269,0.07535733663382607,0.3845534072106516,-0.7304479845943213,-0.31985967271034865,0.6313714104267364,2.4607678461100306,12.55745892631852,-0.4673993177972114,-1.1695823853173857,0.9501739437918809
18.46446926658089,1.8159855146216488,0.6260361852048318,0.4292724898784681,2.1906055332967447,1.0893810829657298,29.771365098612307,1.5733768575930311,0.071942369724089,0.3671266081846688,-0.7304479845943213,-8.172107202908588,0.6313714104267364,2.4607678461100306,12.55745892631852,-0.4673993177972114,-30.5826973105976,0.9501739437918809
59.465112640511194,1.8159855146216488,0.6260361852048318,0.4292724898784681,2.1906055332967447,1.696147622013803,149.28218526469985,1.5733768575930311,0.071942369724089,0.3671266081846688,-0.7304479845943213,-26.31839931683439,0.6212205775133689,2.4607678461100306,12.55745892631852,-1.0113307825235938,-213.11123966550713,0.9501739437918809
59.465112640511194,1.8159855146216488,0.6260361852048318,0.4292724898784681,2.1906055332967447,1.5439591804569641,135.88770070877416,1.032587974784999,0.04978081122535727,0.254034728741042,-0.8510163014845584,-25.50625347739051,0.6212205775133689,2.4607678461100306,12.55745892631852,-1.0113307825235938,-213.11123966550713,0.9501739437918809
59.465112640511194,1.8159855146216488,0.6260361852048318,0.5435910862062886,2.7739807916212165,-0.3956174595977888,-39.18225443805334,1.736204096878071,1.3762190930955767,7.022935854140825,-0.8510163014845584,-134.10947918500003,1.0102667101336855,2.4607678461100306,12.55745892631852,-1.0113307825235938,-213.11123966550713,0.9501739437918809
98.49245882019373,1.8159855146216488,0.5457603485977381,0.8240915132017333,5.533519928695077,-0.3956174595977888,-91.6598555733656,1.736204096878071,1.3762190930955767,9.240886061680438,-0.17166715090267481,-51.39809072979705,1.0102667101336855,2.4607678461100306,16.523295893970232,-1.3624346264268326,-545.4651296614818,0.9501739437918809
21.145265701761872,1.1183721817766124,0.5457603485977381,0.8240915132017333,5.533519928695077,-0.3956174595977888,-19.678379680034492,3.358322457002643,1.3762190930955767,9.240886061680438,-1.0246013872086597,-65.86048035905877,1.0102667101336855,2.4607678461100306,16.523295893970232,-1.3624346264268326,-117.1054640720699,0.9501739437918809
21.145265701761872,1.1183721817766124,0.7968588351726456,0.8240915132017333,2.595629209738178,-0.3956174595977888,-13.477518074688147,0.6021476420045203,1.3762190930955767,4.334657522633434,-1.0246013872086597,-45.10715967877404,0.3957616529198485,0.01972683682762893,0.06213333478778115,-0.04784759505667391,-0.25219448913927384,0.9501739437918809
49.23005917403034,3.0878308423256513,0.7968588351726456,0.4614143431927477,1.4533101333978562,-0.1054875234796972,-6.26052285319557,5.314321038074372,1.2387326681395587,3.9016185034936295,-1.0246013872086597,-99.6340303242172,0.3957616529198485,0.13205338096125338,0.41592663845793837,2.015222531377865,63.9825781824757,0.3979231368492479
49.23005917403034,5.491571021229375,0.7968588351726456,0.473368242952171,1.4909611598782682,-0.1054875234796972,-6.341100251956202,0.4202284326596951,1.2387326681395587,3.9016185034936295,-0.48910813156589505,-47.56172987918607,0.6595751920509675,0.7212546675026021,2.271725473007594,2.015222531377865,149.53101865896494,0.9142909721504388
49.23005917403034,5.491571021229375,0.7485881940384141,0.473368242952171,1.689441535936686,0.18011532123868018,11.52530954604313,0.4202284326596951,0.7740413998748277,2.762537857055275,-0.48910813156589505,-40.02113121850337,3.30350796367784,1.0255670151588667,3.6602276115744066,2.015222531377865,189.80489756962695,0.9142909721504388
0.689096769831509,2.333057183071098,0.5021409430018479,0.2689582653507263,2.133357422089242,0.18011532123868018,0.18128533886278658,0.40922316699989686,0.7740413998748277,6.1396401529953994,-0.48910813156589505,-0.8351347520635495,3.30350796367784,1.0255670151588667,8.134723061163475,2.015222531377865,3.960724278552403,0.9142909721504388
0.689096769831509,2.333057183071098,0.4782821041588215,0.2689582653507263,2.3515089083647385,-0.33270542755051363,-0.3515712993481956,0.38064119061207297,0.7740413998748277,6.767463512880864,-0.11462148794811011,-0.2054751080628724,1.2254867677070274,0.368018816219213,3.217597807068054,2.015222531377865,2.4909734747977765,0.9142909721504388
0.689096769831509,2.333057183071098,0.4782821041588215,0.8676246450191996,7.585664189270962,-0.33270542755051363,-0.6314470030562916,0.1909657021731886,0.7740413998748277,6.767463512880864,-0.11462148794811011,-0.2054751080628724,1.2254867677070274,0.6969699119242094,6.093625546754515,2.015222531377865,3.428002310662627,0.9142909721504388
0.689096769831509,2.333057183071098,0.4782821041588215,0.8676246450191996,7.585664189270962,-0.33270542755051363,-0.6314470030562916,4.3183044508080775,0.7740413998748277,6.767463512880864,-0.11462148794811011,-0.2054751080628724,1.2254867677070274,0.09207012222481606,0.8049714044800245,2.015222531377865,1.2459294483769567,0.9142909721504388
0.689096769831509,2.333057183071098,0.4782821041588215,0.8676246450191996,7.585664189270962,-0.33270542755051363,-0.6314470030562916,4.3183044508080775,0.7740413998748277,6.767463512880864,-0.11462148794811011,-0.2054751080628724,1.2254867677070274,0.09603745355117083,0.8396578824887678,1.882853350822307,1.188907028296678,0.9142909721504388
0.689096769831509,2.333057183071098,0.4782821041588215,0.8676246450191996,7.585664189270962,-0.33270542755051363,-0.6314470030562916,4.3183044508080775,0.7740413998748277,6.767463512880864,0.24977636878104265,0.44775920541243347,1.5896769555596804,0.09603745355117083,0.8396578824887678,1.9544576671895117,1.2341207858886694,0.9142909721504388
0.689096769831509,2.333057183071098,0.20048767290218203,0.08754446334906962,4.355954459068781,-0.33270542755051363,-0.47849980507182804,1.2518278589166747,0.7740413998748277,38.514018571848716,0.24977636878104265,1.0681714831695763,5.046140207316794,0.3389976806622744,16.867525394574276,2.0498244663434733,5.801263244935121,0.9142909721504388
0.689096769831509,2.333057183071098,0.47427443521155527,0.10245748795417153,0.9109913813966961,-0.33270542755051363,-0.21882514958684146,3.6612994299855504,0.7740413998748277,6.882318298157064,0.24977636878104265,0.45154281787424283,0.18142990333247652,0.3389976806622744,3.014166866309821,1.3301385619053283,1.5913318096324467,7.031017716822446
0.48679276183609316,1.4238960362085422,0.47427443521155527,0.560777736986009,4.986103948809509,-0.33270542755051363,-0.36164682939534126,3.6612994299855504,0.910316372152789,8.093994747816124,-0.7371975274914078,-1.0209616781370114,0.18142990333247652,0.03017239482664306,0.26827508844902315,1.3301385619053283,0.3353753737237168,7.031017716822446
0.48679276183609316,1.4238960362085422,0.47427443521155527,0.560777736986009,4.986103948809509,1.1964617517245943,1.3005396461057148,3.6612994299855504,1.1412692803693825,10.147491403794332,-0.7371975274914078,-1.1431608114480853,0.1237545694804621,0.10789337494182953,0.9593240732758674,1.3301385619053283,0.6341962470061255,7.031017716822446
0.48679276183609316,3.2680224677317997,0.7527727794307505,0.2361327546256251,0.8334094416159489,-1.1726256858596047,-0.5211139787291503,3.6612994299855504,1.1412692803693825,4.028007868684155,0.007104120459898278,0.006940641042617907,0.17043445413796388,0.2796760536128772,0.9870916215939736,0.854155917583897,0.41310456949470287,7.031017716822446
0.48679276183609316,4.784522262778441,0.49888754659180895,0.6750996976873894,5.424910568052968,1.1137894567876816,1.2628259743809518,3.6612994299855504,1.1412692803693825,9.1709177196773,0.007104120459898278,0.01047275219511043,0.17043445413796388,1.211180012046115,9.732700621362202,0.854155917583897,1.297173143111925,7.031017716822446
0.48679276183609316,0.852329027779356,0.47763106924265286,0.6750996976873894,5.918515244551363,1.1137894567876816,1.3190267398858384,3.6612994299855504,1.1412692803693825,10.005366106877057,0.007104120459898278,0.010938831213319343,0.44625411781399077,0.1986028702539909,1.7411267094866871,0.854155917583897,0.5486513535500527,15.15006390175784
0.48679276183609316,0.852329027779356,0.6861468389725727,0.6750996976873894,2.867898490218171,1.1791615501134642,0.9720739593135752,1.665977938303372,1.1412692803693825,4.848238648774126,0.007104120459898278,0.0076145882366900645,0.3534865999938368,0.1986028702539909,0.8436870490470302,-0.8217034421177366,-0.3674091007078399,4.253214874033627
0.48679276183609316,0.8932133290716727,0.6861468389725727,0.27656977074483874,1.1748991010900949,2.3715972871479707,1.2513688577720459,13.76307351382306,0.43227991589781184,1.8363730903773001,1.565909720777922,1.0329785233965123,0.3179334597261004,0.1986028702539909,0.8436870490470302,-0.8217034421177366,-0.3674091007078399,2.2450410940368393
1.0370320828899848,0.8932133290716727,0.6861468389725727,0.27656977074483874,1.1748991010900949,1.0172286940568995,1.1434339439096228,13.76307351382306,0.43227991589781184,1.8363730903773001,1.060022658444424,1.4896622116164746,0.44741455652486845,0.1986028702539909,0.8436870490470302,-0.8217034421177366,-0.7827047870281976,2.2450410940368393
1.0370320828899848,0.8932133290716727,0.6262756538079967,0.27656977074483874,1.4102744807571828,1.4645928342376306,1.8036859448453642,4.2762531866388445,5.430955461155485,27.693329868876752,0.9814178687085907,5.355915823678451,0.44741455652486845,0.5510284020447346,2.8097839163089384,-0.8217034421177366,-1.4283799972740963,0.5817582245984968
1.0370320828899848,2.9009162311202688,0.6262756538079967,0.09017482043314679,0.4598161531581684,1.4645928342376306,1.029914587164998,0.7116854771854881,4.056241007157042,20.68343609928361,0.9814178687085907,4.62868363035097,0.42495374710360095,0.5510284020447346,2.8097839163089384,0.3136383381796052,0.5452024485615411,0.8264622848923356
1.0370320828899848,2.9009162311202688,0.6262756538079967,0.06398539452422185,0.3262719884232844,0.5516508699386845,0.32677317264019295,0.7116854771854881,2.107779500785507,10.747912300810944,-0.6200230749687373,-2.1079587213204305,0.42495374710360095,1.9985685418749124,10.191027765108275,0.3136383381796052,1.0383178710071626,1.8034356738382153
1.0370320828899848,6.008827499012139,0.6262756538079967,0.0008455142651960142,0.004311415481564708,-0.7975477038774684,-0.054307373585749,0.7116854771854881,2.107779500785507,10.747912300810944,0.8704482586208929,2.959355985760063,0.37691922098913316,0.5029822197293925,2.564788577032878,0.5297282146758505,0.8797739188123289,1.8034356738382153
74.55479904855501,6.008827499012139,0.6262756538079967,0.0054154559013726575,0.027614295079334047,1.308765720761027,16.214534908023513,1.8332878354694901,2.107779500785507,10.747912300810944,-0.4858170223791808,-118.7436484950086,0.3709677271722544,0.2358242010344337,1.2025061588189494,0.5297282146758505,43.30842238995924,1.1443014528203104
94.4233590529559,33.63425454518145,0.6262756538079967,0.01612678417634531,0.08223310927773535,1.4936505251678889,40.44378544441789,1.8332878354694901,4.8637734015837095,24.80117581168103,0.1750803699915009,82.32903734888693,0.3709677271722544,0.31166853852683085,1.58924883639865,0.5297282146758505,63.05630270439906,1.1443014528203104
94.4233590529559,33.63425454518145,0.6262756538079967,0.004828878311822404,0.02462324004356882,0.3676843583063034,5.447875830779156,1.4726858201357163,0.4413972472843317,2.250756733265208,-0.6896143289595689,-97.68997577875025,0.3709677271722544,0.5593084916387218,2.8520054469604443,0.5297282146758505,84.4710177130537,1.1443014528203104
94.4233590529559,8.71520218094859,0.6262756538079967,0.019767273968896663,0.1007965619575615,0.3676843583063034,11.022432821154899,0.9728019894512346,0.4413972472843317,2.250756733265208,-0.6896143289595689,-97.68997577875025,0.3709677271722544,0.5593084916387218,2.8520054469604443,0.5297282146758505,84.4710177130537,0.5340689680180792
16.88782143539395,5.393911934900086,0.5896848485158613,0.11838957322229982,0.6809316369463222,0.3676843583063034,5.123898751069168,0.9728019894512346,0.4413972472843317,2.5387484890460517,0.800224977912958,21.532555258222022,0.3709677271722544,0.5593084916387218,3.2169289609179557,0.9756246325701827,29.551336034795163,3.936550535141514
16.88782143539395,5.393911934900086,0.11210835863503305,0.5626746556031578,89.53881885670192,0.3676843583063034,58.75630326658494,0.974060620682049,0.4413972472843317,70.23985845972203,0.800224977912958,113.26025766678396,0.8717566735893788,0.5593084916387218,89.0031587866202,-0.8287265114364684,-132.0345442919963,3.936550535141514
1.0834284141031256,60.696926810404854,0.2145200358797472,0.8395833353718793,36.4886741893956,0.3676843583063034,2.4063257472944453,0.974060620682049,1.2870269956914973,55.934779479564966,-1.1525066709757774,-9.338661510543691,0.8717566735893788,0.5593084916387218,24.307801814251167,-0.8287265114364684,-4.426742876066223,0.5803350241267341
0.18013855961972017,5.944380799720279,0.7776105189378064,0.8395833353718793,2.7769595385208232,0.3676843583063034,0.11037395802607897,0.974060620682049,1.2870269956914973,4.256899513657269,-1.1525066709757774,-0.42834808826004855,1.0564973861410367,0.9047237903496711,2.992414515022997,-0.8287265114364684,-0.2582431405076011,1.122467961639416
0.18013855961972017,5.944380799720279,1.0790656795390738,0.8395833353718793,1.4421088633184485,0.3676843583063034,0.07953913501775034,0.9349363392120413,1.2870269956914973,2.2106596922802475,-1.1525066709757774,-0.30868183977475144,0.5878149848775132,0.6521622131897256,1.120185297086328,-0.8287265114364684,-0.1580020974775238,1.122467961639416
0.18013855961972017,5.3296585645448875,1.0703689454451537,1.081407238937253,1.887783853527813,-1.4837679380469673,-0.3672390048166272,2.3570577751078816,1.2870269956914973,2.246728793778487,-1.1525066709757774,-0.311189875804353,0.7073709269260819,0.6521622131897256,1.1384622292249722,0.6025403101199418,0.11581161175887594,1.122467961639416
0.18013855961972017,5.3296585645448875,1.0703689454451537,1.5547926732923414,2.7141602150815003,-1.4837679380469673,-0.4403423018523909,1.6973208914864402,1.2870269956914973,2.246728793778487,0.6387933082943082,0.17248144004620297,0.7073709269260819,2.251395540281393,3.930201311602602,-0.2141454464382072,-0.07647560616406396,0.8522284267052463
70.23347974089299,5.3296585645448875,1.0703689454451537,1.5547926732923414,2.7141602150815003,-1.4837679380469673,-171.6832431740087,2.9625730709018456,0.4569313791611057,0.7976529550497864,1.6773323574281278,105.21321716523595,0.5116527166312133,2.119087626882293,3.6992349063340044,-0.2141454464382072,-28.927372328434064,0.8522284267052463
70.23347974089299,5.3296585645448875,0.5069431248520444,1.5547926732923414,12.099961988539501,-1.5548508475349856,-379.8611895592544,1.2397699928652721,0.4569313791611057,3.5560061570863484,1.6773323574281278,222.14910269650815,0.5116527166312133,2.119087626882293,16.491510524914194,-0.2141454464382072,-61.07778071301803,0.8522284267052463
1833.3191068590183,5.3296585645448875,0.6529182976179595,1.5547926732923414,7.294319833705218,0.369211592277519,1828.1246049050417,0.5924718500532458,0.25171259309214483,1.1809112505639998,1.6773323574281278,3341.687389661583,0.2196406135816355,1.2107861662327537,5.680411091741014,1.6322755292981843,7132.165591794225,0.8522284267052463
1833.3191068590183,5.3296585645448875,1.0468917224092356,1.5547926732923414,2.837258783951634,0.369211592277519,1140.1522997251418,0.5924718500532458,0.5176713603386891,0.9446710417093475,-1.140351712118981,-2031.969500121487,4.385827992293909,1.2107861662327537,2.2094995330512956,1.8927340296228035,5157.920121868171,0.8522284267052463
1833.3191068590183,0.5008340340985447,0.7564164524672896,0.35084574628096765,1.2263777943014562,0.6409976308050256,1301.3874915342108,0.5924718500532458,0.5176713603386891,1.809515058383466,-1.140351712118981,-2812.2762836880624,4.736647291558345,1.2107861662327537,4.232290924587993,-1.4824987866294517,-5591.394923731475,0.8522284267052463
1833.3191068590183,0.7173090447702712,0.7564164524672896,0.8423086359439599,2.944281405774189,0.1034813497216569,325.529092468087,0.5924718500532458,0.5176713603386891,1.809515058383466,-1.140351712118981,-2812.2762836880624,1.2913461192520126,1.2107861662327537,4.232290924587993,-0.5144407646918546,-1940.265655662581,0.8522284267052463
3731.6558745676825,22.06723670579044,0.6367580210000855,0.8423086359439599,4.154821788368599,-0.6561485624337555,-4990.912651060446,1.0395440775704485,0.5176713603386891,2.5534966108227053,0.15393601196338635,917.9297830113998,1.2913461192520126,1.2107861662327537,5.972396019520121,-0.5144407646918546,-4691.495034348382,1.4393917580980722
2609.557237349528,22.06723670579044,0.6367580210000855,0.8423086359439599,4.154821788368599,-0.6561485624337555,-3490.158971602107,1.0395440775704485,0.5176713603386891,2.5534966108227053,0.15393601196338635,641.9108270302628,1.2913461192520126,1.2107861662327537,5.972396019520121,-0.5144407646918546,-3280.7754070547917,0.5982885965098271
5262.661984672895,22.06723670579044,0.6367580210000855,1.190801153366149,5.873816753731232,-1.0743473134881758,-13702.833338477274,0.46784528309818846,0.5176713603386891,2.5534966108227053,0.15393601196338635,1294.533669778107,1.2913461192520126,1.2107861662327537,5.972396019520121,-0.5144407646918546,-6616.299411962051,0.5982885965098271
592.2357781737786,22.06723670579044,1.070371442560044,1.190801153366149,2.078740201069105,-1.0743473134881758,-917.3592620576977,0.9230012166754841,0.6434243494899144,1.1232035322190885,0.15393601196338635,96.61934784585128,0.5635753403516863,2.3579071440748662,4.116116579935286,-0.5144407646918546,-618.121498711204,0.2678462431880667
592.2357781737786,2.566770077092519,1.070371442560044,0.6407287828623336,1.1184979752102018,0.5738871905218423,359.4502357179663,0.39435771821210824,1.7557237283438474,3.064905912932952,0.15393601196338635,159.60388003616904,7.480097528095206,2.3579071440748662,4.116116579935286,-0.19680669375101084,-236.47124576264733,1.5951312150585737
592.2357781737786,1.8540518429473396,0.2161347486831601,0.07855926003026636,3.3633974368224244,0.5738871905218423,623.3188576442022,1.3223964603172051,1.7557237283438474,75.1686903034082,0.15393601196338635,790.41170544459,7.480097528095206,1.201393884869362,51.43588561586463,1.2321423243432328,5233.456603901952,1.5951312150585737
145.26368413391296,0.6558166223568996,1.2931374506693172,0.07855926003026636,0.09395891664251375,0.9760292716034074,43.4599174750623,0.8432026606876588,1.7557237283438474,2.099891207926181,-1.611447553913606,-339.2123280940933,7.480097528095206,1.201393884869362,1.4368983088661533,1.2321423243432328,214.55119963107103,1.0563499866695767
21.34565822626428,0.6558166223568996,1.2931374506693172,0.07855926003026636,0.09395891664251375,0.9760292716034074,6.38618351513884,0.8432026606876588,1.7557237283438474,2.099891207926181,-2.566564865459151,-79.38897483601697,7.480097528095206,0.1122183133692931,0.13421601918814746,1.2321423243432328,9.635463358582937,1.0563499866695767
21.34565822626428,0.6558166223568996,1.2931374506693172,0.9827696258073747,1.1754180132864531,1.94517721178353,45.015792009968735,0.8432026606876588,0.5600375161906275,0.6698194239630391,-2.566564865459151,-44.83742517822917,2.726595506792202,0.1122183133692931,0.13421601918814746,1.021209533038972,7.985950034041334,1.536528317932474
21.34565822626428,0.6558166223568996,1.2945093925191196,0.7773878293712502,0.9278063083120919,2.255645312960712,46.37768029302575,2.307690323386435,0.5600375161906275,0.6684004055393511,-2.566564865459151,-44.789905754735685,1.5915043512600895,0.18354745759142208,0.21906245839441948,1.021209533038972,10.202541978934116,1.536528317932474
21.34565822626428,0.6558166223568996,0.4185730109316434,0.7524143611303092,8.589040045746845,2.255645312960712,141.1083376788753,0.8678052618018884,1.2185682373715392,13.910329108466675,-2.566564865459151,-204.3292302194112,0.26303835607624143,0.18354745759142208,2.09525036334961,1.6600637426617006,51.292312326189794,1.536528317932474
21.34565822626428,0.6558166223568996,0.7474553035780518,2.7778466087446425,9.944153067415307,2.7933222439036074,188.02452126732592,0.8678052618018884,1.2185682373715392,4.362238374634092,-2.566564865459151,-114.42383337822268,0.26303835607624143,0.18354745759142208,0.657064363337496,-0.44933095455789074,-7.774632088424008,1.536528317932474
1.905744279656369,0.6558166223568996,0.7474553035780518,2.599208127906139,9.30466189047397,2.7933222439036074,16.238128089528807,0.8678052618018884,1.2185682373715392,4.362238374634092,-0.785889693465446,-3.1281020658693697,0.4419505708192698,0.18354745759142208,0.657064363337496,-0.44933095455789074,-0.6941205781471909,1.536528317932474
1.905744279656369,0.9237379330120228,0.5887454336959158,0.8020209562591353,4.627651103579064,2.7933222439036074,11.451594698454038,0.28495203842623407,1.2185682373715392,7.031123818461404,-0.7763086044501093,-3.92293757785945,0.32144615038140945,0.18354745759142208,1.059066584299618,-0.44933095455789074,-0.881236741322654,0.9923383348240589
1.905744279656369,8.515761531737507,0.5887454336959158,1.1010756766566245,6.3531931808497,2.7933222439036074,13.417811770817892,1.84957824918125,1.8789516303870655,10.841527915291733,-0.7763086044501093,-4.8712932067984385,0.1476108550064468,0.18354745759142208,1.059066584299618,-0.44933095455789074,-0.881236741322654,0.9923383348240589
1.905744279656369,8.515761531737507,0.5887454336959158,1.1010756766566245,6.3531931808497,2.13158057593118,10.23911473321699,0.55801261447108,2.6281150032438836,15.16419140943828,0.47496928009313977,3.524842977315134,0.5958162066760097,0.04921003729054598,0.2839413130012812,-0.44933095455789074,-0.45629452344557725,1.4726035481112019
1.905744279656369,0.5266795182742218,0.5887454336959158,1.1010756766566245,6.3531931808497,-0.11326450830027213,-0.5440696489651898,2.0385499305499666,2.6281150032438836,15.16419140943828,0.47496928009313977,3.524842977315134,0.5958162066760097,0.04921003729054598,0.2839413130012812,0.16529287599280884,0.16785452530039388,1.4726035481112019
0.28734905753343215,0.5266795182742218,0.6079265645046698,1.133933174671532,6.136421950128395,0.11912332069914458,0.08479381510290321,3.4723069051004867,0.23746449762967498,1.2850689865856104,0.6846046553179382,0.2230040992819187,0.5958162066760097,0.027211333867179707,0.1472575546466423,0.16529287599280884,0.018226475888161224,1.4726035481112019
0.28734905753343215,5.363070954359634,0.6079265645046698,1.133933174671532,6.136421950128395,0.40270825638571195,0.2866539417468389,3.4723069051004867,2.269866839695679,12.28366980533216,0.1964537784349743,0.19784916878393058,3.528492867992532,0.6158804335880825,3.332914404254253,0.16529287599280884,0.08671135910574287,1.4726035481112019
0.28734905753343215,5.363070954359634,0.6079265645046698,1.133933174671532,6.136421950128395,0.40270825638571195,0.2866539417468389,0.6678747349331208,2.269866839695679,12.28366980533216,0.1964537784349743,0.19784916878393058,3.528492867992532,0.6158804335880825,3.332914404254253,-0.06144936845454768,-0.03223586148452766,1.1731260471590204
0.4700410359639828,5.363070954359634,0.6079265645046698,1.133933174671532,6.136421950128395,-0.9871769991111378,-1.1494455679124702,0.6678747349331208,2.269866839695679,12.28366980533216,0.1964537784349743,0.32363853585631364,3.528492867992532,0.6158804335880825,3.332914404254253,1.198830329213488,1.0287398813673219,1.2861790642407174
0.33680321873080954,1.0280453393376097,0.6079265645046698,0.38506217200382115,2.083812359694679,0.6951994636740834,0.3379986506362399,0.6678747349331208,2.312645996832622,12.51517459302758,0.1964537784349743,0.2340750235131302,0.29555172841969096,0.6158804335880825,3.332914404254253,-0.9358349704637208,-0.5754234855465035,1.2861790642407174
7.752121817725239,1.0280453393376097,0.6079265645046698,0.38506217200382115,2.083812359694679,0.6951994636740834,7.779636797512587,0.5142861511236588,0.2593151822779649,1.403316713961556,-0.7475319760460197,-6.864805108021261,0.13644092900966104,0.6777606027930019,3.6677867204264305,-0.9358349704637208,-13.893827274256065,1.2861790642407174
17.04466034545444,5.780741777805659,0.6079265645046698,0.7793184850321808,4.217379969571448,0.6951994636740834,24.334316102296686,0.5142861511236588,0.2593151822779649,1.403316713961556,0.19178190754768776,3.872343137778452,0.13644092900966104,0.6777606027930019,3.6677867204264305,-0.9358349704637208,-30.54848367406024,0.45993639729199
4.060330031968029,5.780741777805659,0.6079265645046698,0.7793184850321808,4.217379969571448,0.6951994636740834,5.796850889076729,0.36123731839581236,2.888534186428642,15.631665940483208,-1.0921395810291896,-17.532430055476087,0.10933352465840401,0.6777606027930019,3.6677867204264305,-1.1434629842400412,-8.891713945323524,0.2727881732936428
4.865693505139945,6.884304041832731,0.6079265645046698,0.5188456403816288,2.8077984201216464,-1.5132842540091391,-12.338098261382726,0.36123731839581236,2.888534186428642,15.631665940483208,-0.3625572807682822,-6.974675591967645,1.9012073538721688,1.3427759216370232,7.266600734231239,-2.090025590000227,-27.41334309640153,0.2727881732936428
4.865693505139945,6.884304041832731,0.6079265645046698,0.08419447936212651,0.4556290112837071,-1.5132842540091391,-4.97016660047723,0.36123731839581236,0.8913307865139022,4.823548622936706,-1.345642954125536,-14.379968043390862,1.9012073538721688,0.3602950620365672,1.9497820300076356,-0.623878728680799,-4.238751524911407,0.2727881732936428
6.354536520860368,6.884304041832731,0.6079265645046698,0.04169403114937683,0.22563249197509902,-1.3403574558990716,-4.045808611880248,1.8833302714767983,0.8913307865139022,4.823548622936706,0.5601700111809307,7.817845175936856,1.9012073538721688,2.2245590676507527,12.03848110012611,-0.5937004784179787,-13.08992404533838,1.343778126348413
6.354536520860368,6.884304041832731,0.6079265645046698,0.04169403114937683,0.22563249197509902,-1.3403574558990716,-4.045808611880248,0.3989987894086938,0.8913307865139022,4.823548622936706,0.5601700111809307,7.817845175936856,0.9175137961350239,0.4903798212840916,2.6537520609178857,-1.6273459914416488,-16.84588962036621,1.343778126348413
6.354536520860368,6.884304041832731,0.6265613821719481,0.44584828780734825,2.2713802811860733,-1.3403574558990716,-12.836583202625631,2.832655375211917,0.8913307865139022,4.5408970447287285,0.5601700111809307,7.5853314533394185,0.9175137961350239,0.4903798212840916,2.4982467956398837,-1.5109681122020804,-15.1759835991536,1.343778126348413
6.354536520860368,2.303956850749835,0.8716098242556778,0.6518553236303418,1.7160778231482172,-0.2619073796585445,-2.180218924526072,2.832655375211917,0.8913307865139022,2.3465222118722417,0.5601700111809307,5.452756069718817,0.9175137961350239,0.4903798212840916,1.2909765491187977,-1.4731400968619648,-10.63621499223328,0.5536937776738592
0.47788892798118116,1.82814251288669,0.8716098242556778,0.9236811034854272,2.4316878299383324,-1.6086577057756175,-1.1987938959353435,0.2980979255459788,0.8913307865139022,2.3465222118722417,0.5601700111809307,0.4100710955309755,0.9175137961350239,0.6313876917545588,1.6621946256331945,-1.4731400968619648,-0.9076365076833699,0.5536937776738592
0.47788892798118116,5.391400284628073,0.3431622424142797,0.9236811034854272,15.687475496955106,-0.20975915815255242,-0.39703101154627224,0.21621668787913065,0.6821578052348237,11.58552861403947,-0.16730546135576096,-0.2721416500069496,0.9175137961350239,0.6313876917545588,10.723266835386713,-2.157507650945807,-3.376314311366584,0.5536937776738592
0.36570187197729137,5.391400284628073,0.3431622424142797,3.858185518484857,65.52606798553298,1.034109718766503,3.061264514040554,0.751649498148411,0.5747135354338728,9.760732866426514,-0.16730546135576096,-0.19115185409558685,2.7788589869360654,4.670653574955083,79.32474014613163,0.023857157698288223,0.07770522347609408,0.9299679439873986
0.36570187197729137,5.391400284628073,1.3525111970486967,3.858185518484857,4.218240760032483,1.034109718766503,0.7767110524140034,1.3632644515304222,0.5747135354338728,0.6283471981569125,-0.16730546135576096,-0.04849948675931518,0.31616195535589836,3.5275407559643175,3.8567394253576466,0.023857157698288223,0.017133892329901354,0.9299679439873986
46.09038591774666,2.2592670872697793,1.3525111970486967,3.858185518484857,4.218240760032483,1.034109718766503,97.89097320935655,1.3632644515304222,0.6650169911649855,0.7270779916637938,-0.009071062556624598,-0.3564995663893369,0.31616195535589836,5.160638027820935,5.6422413003293626,0.023857157698288223,2.6118899457063054,0.49595691372029227
42.33599924586197,1.7625643882243642,0.6154262777064148,3.858185518484857,20.373283581653734,0.19770794580763562,37.78021749116286,3.7797605691888707,0.6650169911649855,3.511645482756104,0.29121427359524227,23.103501492248977,0.31616195535589836,1.02423054199368,5.408485202448941,0.023857157698288223,2.348909795334411,0.49595691372029227
42.33599924586197,7.475606900144416,0.6154262777064148,0.15836355703373306,0.8362443021440473,0.14146918148662524,5.476943255534327,3.7797605691888707,2.498462505854572,13.193218653180267,0.29121427359524227,44.7814191521453,0.31616195535589836,1.02423054199368,5.408485202448941,0.38584171338852136,37.98890846464659,0.49595691372029227
42.33599924586197,7.475606900144416,0.8108189132832945,0.0268232629593765,0.08160069575980962,0.14146918148662524,1.7108762061304967,7.407021372948603,1.626152624176014,4.94701877789321,0.29121427359524227,27.42169221219603,1.5255258989837182,1.02423054199368,3.1158746410423266,0.38584171338852136,28.834271312019304,2.2624494465501557
42.33599924586197,1.1605504024819333,0.9582291991586949,0.0268232629593765,0.0584255489727924,-1.6087171706355954,-16.462315206417813,1.222143775829231,1.626152624176014,3.5420321504106465,0.29121427359524227,23.203244797176687,0.7359639750623899,1.02423054199368,2.2309452724416956,0.38584171338852136,24.398518173996116,2.2624494465501557
42.33599924586197,1.1605504024819333,0.9582291991586949,0.0268232629593765,0.0584255489727924,-0.19546905596495123,-2.000272808131082,1.222143775829231,0.21627445757843117,0.4710819087129608,0.5657201703128816,16.43840557156217,1.4361677343340764,1.02423054199368,2.2309452724416956,0.38584171338852136,24.398518173996116,1.9322504798630618
4.812968327114254,1.1605504024819333,0.29840129855749997,0.20046913189156051,4.502731887451917,-0.19546905596495123,-1.9963149686153263,1.6176812214827014,0.15968440938907258,3.586667310327057,-0.7749815294320388,-7.0639871870540505,1.4361677343340764,0.15262804115725512,3.4281744094639253,0.38584171338852136,3.4383781277600742,1.9322504798630618
2.542626658119202,1.1605504024819333,0.29840129855749997,0.2197397023409687,4.9355676623824705,1.0506416372301444,5.934795505218792,0.4246581213334928,0.15968440938907258,3.586667310327057,-0.7749815294320388,-3.7318097510076824,1.4361677343340764,1.9816419747358383,44.50960816243193,0.38584171338852136,6.5451357575455855,0.37395462177385774
2.5634039739823278,1.1605504024819333,0.17531847724314878,0.2197397023409687,14.298258610522028,-2.386476991566716,-23.132143553350982,0.4246581213334928,1.1682721498262847,76.01838515175044,-0.7749815294320388,-17.32079114394074,1.4361677343340764,1.9816419747358383,128.94360521282968,0.38584171338852136,11.231199329450126,0.538555823657287
2.5634039739823278,3.2738626022078976,0.24996879387885917,0.13681425964973315,4.3791494907152755,-2.386476991566716,-12.801745535574797,1.690477309581093,0.18634999759587972,5.964688908568611,-0.12923229604406372,-0.8090623890239276,1.4361677343340764,0.8758053215204366,28.03276820355493,0.38584171338852136,5.236718435984838,0.538555823657287
2.5634039739823278,3.2738626022078976,0.37418397772749906,1.5639462025889181,22.339910596705646,-1.5995967387546244,-19.38064732559332,1.690477309581093,3.1655962411663805,45.21839491400514,0.37206675030935366,6.413505707562011,0.7458531345191646,0.8758053215204366,12.510284912932102,0.5622751191042799,5.097996345011572,1.088617597451024
2.5634039739823278,3.2738626022078976,0.49992454907258393,1.5639462025889181,12.515346513725337,-2.857813686069353,-25.916264532522177,1.690477309581093,3.1655962411663805,25.332414769229366,-1.2264494229418368,-15.823588907338733,0.24122752248661966,0.8758053215204366,7.008557621258527,-0.8927006036692733,-6.0581107126145435,1.1893912405038545
2.5634039739823278,3.2738626022078976,0.9280391884475696,1.5639462025889181,3.6317770032980414,-1.7499390294299964,-8.548689788841774,1.690477309581093,2.1091674944398604,4.897883309368453,0.09865704193563252,0.5596923359095771,0.24122752248661966,0.8758053215204366,2.033784551411466,-0.8927006036692733,-3.2634379064335373,1.1893912405038545
2.5634039739823278,2.989654472110977,0.9280391884475696,0.4107560204894987,0.9538526751818791,0.6049438663934856,1.5145122206008381,1.690477309581093,0.10725530291772807,0.24906697044537474,0.3440026069701694,0.4400852938577356,0.24122752248661966,1.123547722972177,2.609088967154697,0.38497953135969176,1.5940397128535522,1.1893912405038545
2.5634039739823278,3.896913612567556,0.9280391884475696,2.2508839726130807,5.2269756052325285,0.6049438663934856,3.545335730428632,1.690477309581093,0.10725530291772807,0.24906697044537474,0.12708170888622192,0.16257664932168941,0.24122752248661966,0.1269250804814189,0.2947438905961743,0.38497953135969176,0.5357684045165159,1.1893912405038545
2.5634039739823278,20.59937010665299,0.9280391884475696,0.8526170385147285,1.9799370003725043,0.6049438663934856,2.1820154272442367,1.690477309581093,0.6949012240937006,1.6136912388990403,0.12708170888622192,0.41381889817720957,0.24122752248661966,0.19676294449050472,0.4569205358335819,0.38497953135969176,0.6670755630703123,2.089222629423158
0.6537769115804841,20.59937010665299,0.7060676821253701,0.8526170385147285,3.4205137120429288,0.6049438663934856,0.731459567406421,5.239892354614152,0.4736007518524772,1.899982984819573,0.12708170888622192,0.11452161958599355,1.9575346164566962,0.19676294449050472,0.7893700445209749,-0.2674613316930988,-0.15535702730898654,0.5660743275985974
0.6537769115804841,20.59937010665299,0.7060676821253701,0.8043658908145082,3.2269406248595893,0.6049438663934856,0.7104608387221627,5.239892354614152,0.4736007518524772,1.899982984819573,0.12708170888622192,0.11452161958599355,1.9575346164566962,0.06222971039011089,0.24965203376258543,-0.2674613316930988,-0.08736915512249312,0.5660743275985974
0.6537769115804841,0.5414157521494875,0.7060676821253701,0.8043658908145082,3.2269406248595893,0.6049438663934856,0.7104608387221627,0.5090156205450385,0.4736007518524772,1.899982984819573,0.12708170888622192,0.11452161958599355,0.7267096201805109,0.06222971039011089,0.24965203376258543,-0.2674613316930988,-0.08736915512249312,1.9181564692298771
4.082992548047251,1.2732523282258033,0.7060676821253701,2.021906796078061,8.111449347183465,0.6049438663934856,7.034656490856726,0.22425009759999728,0.4736007518524772,1.899982984819573,0.0899767777413479,0.5063885523070834,0.7468022830216379,0.06222971039011089,0.24965203376258543,-0.2674613316930988,-0.5456411858166519,1.9181564692298771
4.082992548047251,1.2732523282258033,0.6504633100992889,0.21481512163300898,1.0154282359624396,0.6049438663934856,2.4889620957823952,1.6612635732886838,0.7786549465226386,3.68069162338437,0.47002440870826645,3.681829858831842,0.7468022830216379,0.06789147572819972,0.32092210693318024,1.612783096542425,3.7303911116561976,0.6218444578221891
4.082992548047251,1.2732523282258033,0.6504633100992889,0.17404462821836267,0.8227066533632423,-0.3335429107270821,-1.2352441518627924,1.6612635732886838,0.7786549465226386,3.68069162338437,0.47002440870826645,3.681829858831842,1.9991351554702286,0.16305088722118477,0.7707393852187593,1.612783096542425,5.78107130896292,0.6218444578221891
9.004798771526163,5.480839762816689,0.6504633100992889,3.022726885862592,14.288389970755418,-0.3335429107270821,-11.353176092172022,0.7164057680653523,0.7786549465226386,3.68069162338437,0.47002440870826645,8.12005816803015,1.9991351554702286,2.4721655079043057,11.685893626180915,1.612783096542425,49.64562008596573,0.6218444578221891
9.004798771526163,2.07871772551193,0.6504633100992889,7.004193632123994,33.1087305685939,-0.3335429107270821,-17.28211900600363,0.7164057680653523,0.7786549465226386,3.68069162338437,-0.2699207680531217,-4.6631032277115345,1.9991351554702286,2.4721655079043057,11.685893626180915,1.612783096542425,49.64562008596573,0.2630338331237192
9.004798771526163,2.07871772551193,0.6504633100992889,7.004193632123994,33.1087305685939,0.6339604353312891,32.84788654212466,0.7164057680653523,4.296790729527089,20.310872892073977,-0.5216088034173143,-21.168165332449973,1.9991351554702286,0.484108567916957,2.288374791296264,-1.5141047324869081,-20.624978596093282,0.5849760375149212
9.460907518728128,2.07871772551193,0.6504633100992889,1.6709599879026051,7.898605740514298,0.6339604353312891,16.856607341349978,0.7774563147091699,4.296790729527089,20.310872892073977,0.024766784102353112,1.056006787661941,1.9991351554702286,1.1006139031848956,5.202587349023207,-1.5141047324869081,-32.67370656230757,1.2620997634661175
9.460907518728128,2.07871772551193,0.6504633100992889,1.6709599879026051,7.898605740514298,-0.20191252252951553,-5.368726374545635,0.7774563147091699,0.8710010087989531,4.117210237169456,-0.24028078104210626,-4.612680289571029,1.9991351554702286,1.1006139031848956,5.202587349023207,-1.5141047324869081,-32.67370656230757,1.229811601467702
1.564099847070149,2.2940953529353902,0.6504633100992889,2.631117736938008,12.437258708410715,-0.20191252252951553,-1.113756014202062,0.6751305343614883,0.8710010087989531,4.117210237169456,-0.24028078104210626,-0.7625793319742163,1.2614006002198515,0.9040227342919898,4.273303496391286,-1.5141047324869081,-4.89555866844983,1.229811601467702
1.564099847070149,5.714319772410516,0.6504633100992889,2.631117736938008,12.437258708410715,-0.20191252252951553,-1.113756014202062,0.6751305343614883,0.787867401250381,3.724238774916173,1.444498215422238,4.360138068852212,1.2614006002198515,0.9040227342919898,4.273303496391286,-1.2156820396398753,-3.930667819433172,1.229811601467702
1.564099847070149,5.714319772410516,0.6504633100992889,1.4434778566798452,6.823300717923148,-0.20191252252951553,-0.8249449800393771,0.6751305343614883,0.787867401250381,3.724238774916173,1.444498215422238,4.360138068852212,1.2614006002198515,0.9040227342919898,4.273303496391286,1.1076840033733217,3.581477495094193,1.229811601467702
1.564099847070149,5.714319772410516,0.6504633100992889,0.26345621466071667,1.2453540387315336,-0.20191252252951553,-0.35243103464675013,0.8772567909312418,0.787867401250381,3.724238774916173,1.444498215422238,4.360138068852212,0.6128725694906844,3.456921167301718,16.340820590700016,-1.105988150985407,-6.992812420950492,0.826593208606167
1.564099847070149,2.1444447508336615,0.3053920882745562,1.7956927283404271,38.507600385297465,1.5155254524778536,14.709602477400365,0.8772567909312418,0.787867401250381,16.895364426848,1.444498215422238,9.286782302643633,0.6128725694906844,0.676860713754264,14.51488969710588,0.7893366876182095,4.703635206217018,0.826593208606167
1.564099847070149,1.0358876271899666,0.3053920882745562,1.7956927283404271,38.507600385297465,1.5155254524778536,14.709602477400365,3.5331602357010765,0.5060986356448427,10.852994896831376,0.23485088626886497,1.2101284642808707,0.6128725694906844,0.676860713754264,14.51488969710588,0.7893366876182095,4.703635206217018,0.5838464859460116
0.7549934025598578,1.0358876271899666,0.09916785359460849,1.3468439947183803,273.90847065366563,1.5155254524778536,18.936910327835513,0.5927011823063433,0.5060986356448427,102.92558294279026,1.03825039788234,7.952559562144132,0.6128725694906844,0.676860713754264,137.6535691416473,-0.4164822629594913,-3.6892102393309214,1.8772651301796195
0.7549934025598578,1.0358876271899666,0.12706154971078282,1.6608782227736294,205.74983260264528,-1.4673295128054291,-15.89060947327592,0.5927011823063433,0.5060986356448427,62.69557161780306,0.501650737314946,2.998907322789905,0.6128725694906844,0.676860713754264,83.8496023613815,1.1826788693208508,8.176369277995336,1.8772651301796195
0.6472062761845376,0.7066534060650187,0.07616519247081731,1.6608782227736294,572.6044233377154,-1.4673295128054291,-22.724677162399708,2.6660503449065636,0.5060986356448427,174.48258002412103,0.501650737314946,4.288646125560327,0.9224345613742436,0.676860713754264,233.35451893154206,1.1826788693208508,11.692776952041138,0.49645741028164897
0.6472062761845376,0.7066534060650187,0.07616519247081731,1.6608782227736294,572.6044233377154,-1.4673295128054291,-22.724677162399708,2.6660503449065636,0.5060986356448427,174.48258002412103,0.501650737314946,4.288646125560327,0.9224345613742436,1.313523571117441,452.85042375000836,2.0249395284859824,27.888950252283284,0.5346924665737853
0.6472062761845376,0.7066534060650187,0.11269259049560841,0.8899827708865521,140.1589613244422,0.9957081048052481,7.629308870084066,0.8727565956947417,0.5060986356448427,79.70295765280675,-0.3908086715138729,-2.2581049903402315,0.7934297605977937,1.313523571117441,206.86029598033699,2.229810373512092,20.756265753122538,0.6783697834480408
0.6472062761845376,2.1906337461705423,0.38264942678321534,0.8899827708865521,12.156525369352352,0.9957081048052481,2.246878003943764,0.8727565956947417,0.5060986356448427,6.912943828656882,-0.3908086715138729,-0.6650256949598642,0.6766070873901997,1.313523571117441,17.94178846813533,2.229810373512092,6.112846885459547,0.6783697834480408
0.6472062761845376,2.1906337461705423,0.619151616478817,1.2614943598256563,6.581445458031092,0.20979877085532173,0.3483423704588535,0.8727565956947417,0.7706447679913184,4.020593884187364,-0.3908086715138729,-0.5071682006441738,0.5600277296481879,0.35418227212116615,1.847833316107049,2.229810373512092,1.9617427136984735,0.6783697834480408
0.6472062761845376,2.695449196008861,0.619151616478817,1.2614943598256563,6.581445458031092,0.20979877085532173,0.3483423704588535,0.8727565956947417,0.7706447679913184,4.020593884187364,-0.3908086715138729,-0.5071682006441738,0.876011327431405,0.35418227212116615,1.847833316107049,0.8123387525992403,0.7146794399635189,3.554596748434028
0.6472062761845376,0.9289582282068348,0.619151616478817,0.24687723425273775,1.2880034218214929,0.20979877085532173,0.1541005426352598,0.8727565956947417,0.7706447679913184,4.020593884187364,-0.3908086715138729,-0.5071682006441738,0.876011327431405,0.35418227212116615,1.847833316107049,0.8123387525992403,0.7146794399635189,1.5288703336082548
0.7306583323474773,0.9289582282068348,0.619151616478817,0.19457653335846628,1.015141155199851,-0.7275754581912077,-0.5356185386883925,0.2948186469462338,0.6104396218145767,3.1847745058083405,0.8086843732851635,1.0544663772696339,0.5503010167934552,0.35418227212116615,1.847833316107049,0.8123387525992403,0.806831619194439,1.5288703336082548
0.7306583323474773,3.761809655107386,0.619151616478817,0.19457653335846628,1.015141155199851,-0.10253715849644773,-0.07548468324050338,0.2948186469462338,0.5308996699312186,2.7698001137491586,-0.2917901983500465,-0.35482095046879125,0.5503010167934552,1.684173414126431,8.786638941826908,-0.1580683535075902,-0.3423502594171153,1.5288703336082548
1.6099162632108435,0.7595448897026275,1.583876934310619,0.19457653335846628,0.15512349771866027,-0.10253715849644773,-0.06501646607853234,0.2948186469462338,0.5308996699312186,0.4232525490917814,-0.23398619616648242,-0.24507178617655734,0.5503010167934552,0.13593537833724756,0.10837263357208296,-0.5842051748600094,-0.3096196396675933,1.5288703336082548
1.6099162632108435,0.7595448897026275,1.583876934310619,1.6287852141085317,1.2985268834010641,-0.10253715849644773,-0.1881092008309864,2.5579010756551863,0.5308996699312186,0.4232525490917814,0.6510716397032561,0.6819175331071654,0.30165119142631225,0.13593537833724756,0.10837263357208296,-0.5842051748600094,-0.3096196396675933,1.5288703336082548
1.6099162632108435,2.286084044506017,1.583876934310619,1.6287852141085317,1.2985268834010641,-0.10253715849644773,-0.1881092008309864,0.4289296534722569,0.5308996699312186,0.4232525490917814,0.576083702460757,0.603376884031272,0.3437994575180064,0.511243888290015,0.40758224422022493,-0.5842051748600094,-0.6004492619708376,1.5288703336082548
1.6099162632108435,2.286084044506017,0.21524614955912594,0.09896718710859968,4.272188826104125,-0.10253715849644773,-0.3412005995476511,0.4289296534722569,0.5308996699312186,22.917733684535882,0.22801841479407692,1.757353148823581,12.336128270183154,1.243058260159203,53.66000352643268,-0.5842051748600094,-6.889600436428415,2.8312363136043324
1.6099162632108435,2.286084044506017,1.322739059764082,0.0796035192275722,0.09099424110483971,-0.10253715849644773,-0.04979566303066242,0.19692525178815867,0.5308996699312186,0.6068677997777321,0.22801841479407692,0.28596985619170184,12.336128270183154,1.243058260159203,1.4209314378290816,-0.5842051748600094,-1.1211281280274465,2.0745938963908213
7.511780218698618,1.7624060769624088,0.6608496560657521,0.8012014220109546,3.6691576356882396,0.9603600776848874,13.818476238062317,0.667818733487939,0.5308996699312186,2.4312919625420526,0.6154044135066322,7.20812047123566,2.1962656159534437,1.243058260159203,5.692671757147877,-0.5842051748600094,-10.4704740264872,0.39442052399096134
7.511780218698618,5.51889319430181,1.0438982452543362,0.8012014220109546,1.470467302692779,0.9603600776848874,8.747917060681846,0.667818733487939,0.5308996699312186,0.974374962646499,1.4415804455432046,10.689190409545976,0.23197483896468316,0.18667285287828023,0.34260589025032656,-0.5842051748600094,-2.568654453498571,0.39442052399096134
7.511780218698618,5.51889319430181,1.0438982452543362,2.100190480441593,3.854538129955761,-0.1841838997577364,-2.716318615601681,0.1995049880726188,1.8407431984028846,3.3783673013358184,-1.6500167752052466,-22.781623216502602,2.2847796888532907,1.5596437545849806,2.8624576566650903,-0.5842051748600094,-7.424681151786335,0.39442052399096134
7.511780218698618,1.8532504154739158,1.0438982452543362,0.07702118016902516,0.14135911887062586,-0.1841838997577364,-0.5201833552619562,0.650744446240021,1.8407431984028846,3.3783673013358184,-1.6540733272027242,-22.8376316405098,2.2847796888532907,1.5596437545849806,2.8624576566650903,0.5613822794183077,7.134624286651926,1.1764408959317756
1.670916681228278,1.3114822650473357,1.114704023404507,0.07702118016902516,0.12397126341502322,-0.1841838997577364,-0.10835949501951049,0.650744446240021,4.109710335737565,6.614881536131798,-1.5535520582360467,-6.676389122305684,0.7367305283888326,1.5596437545849806,2.510361517558368,1.6853421826869166,4.461809461224394,1.1764408959317756
1.670916681228278,0.6569385039956314,1.114704023404507,0.17694231172784414,0.2848016855667112,-0.8834474687525116,-0.7877833599211252,0.650744446240021,0.28445494779851904,0.45785119347494435,-1.5535520582360467,-1.7564782673720654,0.9243440219749635,1.5596437545849806,2.510361517558368,-0.4378308902122834,-1.1591224787663,1.1764408959317756
1.670916681228278,2.4323267405443794,1.114704023404507,0.7560566667270174,1.216928901658062,-0.8834474687525116,-1.6284263764634008,5.4798423622602455,0.5824539859133041,0.9375025980688289,-1.5535520582360467,-2.5134302946810188,0.36476115041547913,1.3403664881126385,2.157418603633747,1.6025147708940857,3.933000898777253,1.1764408959317756
1.670916681228278,5.765437345162455,0.3767577555703233,0.8898463024434228,12.537778519679854,0.744564033823935,4.405215365510905,5.4798423622602455,0.5824539859133041,8.2066746282289,-1.5535520582360467,-7.436425184629685,0.3625427880229363,0.41724925381421585,5.878968893234165,2.0317476217200148,8.23142709272929,1.1764408959317756
1.4646752636527138,0.539144226043452,0.3767577555703233,0.381274096424294,5.372085227676491,0.744564033823935,2.527637836952421,3.9968915545333052,0.5824539859133041,8.2066746282289,-1.5535520582360467,-6.5185464603325265,0.3625427880229363,0.41724925381421585,5.878968893234165,2.0317476217200148,7.215421201264697,1.1764408959317756
2.3493513291697927,0.539144226043452,0.3767577555703233,0.381274096424294,5.372085227676491,-0.6151008607400683,-3.349390229901568,0.7785817954025597,0.5824539859133041,8.2066746282289,-1.5535520582360467,-10.455802846458411,2.8599415320616948,0.41724925381421585,5.878968893234165,-0.4476166534174042,-2.549792177481083,1.1764408959317756
2.3493513291697927,0.539144226043452,0.3975210429875695,0.2683009266078384,3.395720385181296,-0.8244824473023472,-3.569401012403117,0.7785817954025597,0.5824539859133041,7.37176311092965,-2.0120669860883513,-12.834415294240959,4.2156735505877245,0.41724925381421585,5.280868071505289,-0.8451838909012424,-4.563014377476305,1.070462673057634
2.3493513291697927,0.539144226043452,0.29546319862500914,1.6657683097713754,38.162586448497386,-0.7832203785663777,-11.367130521067747,0.7785817954025597,0.5824539859133041,13.343962938482786,-2.1090008549009696,-18.09952329944209,0.8205891824842791,0.41724925381421585,9.559138942582894,-2.061703369976163,-14.97557599128699,1.1994527685928082
2.3493513291697927,0.539144226043452,0.27341935710047066,0.19345686499399364,5.175539479081316,-0.018294530406007703,-0.09777932761406058,0.6677900173391363,0.6471738442890422,17.313801611799896,-2.1090008549009696,-20.616784982635583,0.4528841728661983,0.6048126990113101,16.180516526409885,0.9293174032571767,8.782299189338152,0.4025616410046103
2.3493513291697927,1.6719041407074453,0.6040045159359612,0.19345686499399364,1.0605564020365512,3.5802616432460184,8.662228147631586,1.8292019287190149,0.6471738442890422,3.5478935514263594,-2.1090008549009696,-9.332758194192905,0.6458267230588713,0.6048126990113101,3.315664088681297,-1.7672464364010945,-7.560148822444246,1.4263999935004708
2.3493513291697927,1.6719041407074453,0.6040045159359612,0.07627614344916699,0.41815601767445154,3.5802616432460184,5.4391609308764055,1.8292019287190149,0.6471738442890422,3.5478935514263594,-2.1090008549009696,-9.332758194192905,0.6458267230588713,0.6048126990113101,3.315664088681297,-1.7672464364010945,-7.560148822444246,1.4263999935004708
2.3493513291697927,2.058582362511814,0.7299799436355549,1.8105540755523526,6.795472199986907,-0.21425089000806796,-1.3121407466692045,2.728013447271586,0.6471738442890422,2.4290088469648015,2.3291010751466112,8.528071866489919,0.6458267230588713,0.2594079174481418,0.9736242155250525,1.5505505139841445,3.594426191013481,1.4263999935004708
2.3493513291697927,2.058582362511814,0.7299799436355549,1.8105540755523526,6.795472199986907,-0.21425089000806796,-1.3121407466692045,1.3528802513216778,0.6471738442890422,2.4290088469648015,0.33959873676851404,1.2434507303418665,0.37801456000731154,0.617966488312357,2.319386174958092,1.5505505139841445,5.547795177728097,1.4263999935004708
2.3493513291697927,8.122265898663864,0.7299799436355549,1.8105540755523526,6.795472199986907,-0.21425089000806796,-1.3121407466692045,2.547795755897553,0.6471738442890422,2.4290088469648015,-0.006225960263484154,-0.022796536024767045,2.869379420098825,0.617966488312357,2.319386174958092,1.2749228356956825,4.561612598917409,1.4263999935004708
2.3493513291697927,8.122265898663864,0.7185342469095031,1.8105540755523526,7.01368975418952,-0.21425089000806796,-1.3330421374002193,2.547795755897553,0.6471738442890422,2.507009661937187,-0.006225960263484154,-0.023159667272673812,9.12468520869643,1.1975695925323004,4.639122186124313,1.2749228356956825,6.451337655956131,1.4263999935004708
2.3493513291697927,3.479165197675566,0.16903099978072436,2.485803464365003,174.0059360740507,0.17592236032030328,5.451939686286658,2.547795755897553,0.6471738442890422,45.302089321419224,-0.006225960263484154,-0.09844948029670837,9.12468520869643,1.1975695925323004,83.82972384972278,1.2749228356956825,27.424005361115853,1.610242723820391
0.7464986333446074,0.4122378636565151,0.15084942306869192,0.3503618103131357,30.793528113332105,0.17592236032030328,0.7287520431268711,0.646531271716873,0.6471738442890422,56.880531444099205,-1.3026855965319557,-7.3341611956095605,9.12468520869643,0.01800611809129533,1.582569467718875,0.15871832251336637,0.1490518851250573,0.14963150119664126
0.7464986333446074,3.6851323968121186,0.2429915781482269,0.7186558217302236,24.34268619001807,-0.03890259682696112,-0.14328207408873395,0.646531271716873,0.8688416647880993,29.42985968419394,-1.3026855965319557,-5.275489026466353,10.824646815746831,0.01800611809129533,0.609912657691305,0.15871832251336637,0.0925315644672268,8.97496445772833
2.1326466323683193,3.6851323968121186,0.8103087201413554,0.7186558217302236,2.1890209528410574,-0.5887668261222683,-1.8577496679720693,0.646531271716873,1.3684128975973129,4.168176774476807,-1.3026855965319557,-5.671939335633307,10.824646815746831,0.022249941644293544,0.06777317734877125,0.15871832251336637,0.08812008135137658,4.4581752719029195
2.1326466323683193,2.993941210479936,0.8691406545373294,0.9887918457535997,2.6179101830098053,-0.5887668261222683,-2.0316065496985996,0.646531271716873,1.3684128975973129,3.622989079619357,-0.9414227753308679,-3.8215286028883595,10.824646815746831,0.022249941644293544,0.058908605539294764,0.15871832251336637,0.08215525296834364,4.4581752719029195
2.1326466323683193,2.993941210479936,0.5819014735994585,0.45419944700870796,2.682734428765437,0.8191263365384573,2.8612686221075903,2.128435815184798,1.3684128975973129,8.082547033749693,2.3230702514829824,14.08495179297387,2.629244277568785,0.09568835469580028,0.5651844036028091,0.15871832251336637,0.2544726136944085,0.9752398547317489
2.1326466323683193,2.993941210479936,0.5819014735994585,0.45419944700870796,2.682734428765437,0.664258566500546,2.3203040953682583,2.128435815184798,1.3684128975973129,8.082547033749693,2.0936180207590356,12.693765449610382,2.629244277568785,0.09568835469580028,0.5651844036028091,-0.27632178215751363,-0.443025890223845,1.1419480771139485
2.1326466323683193,0.6693600190692702,1.8419899566317623,0.02593008519509679,0.015284788144606333,-1.761514232753249,-0.464445510918168,2.128435815184798,2.327595166864426,1.3720278488965287,1.274092456971298,3.1827410759437726,0.5540853773098796,0.09568835469580028,0.05640460563190966,-0.27632178215751363,-0.1399559305064682,1.1419480771139485
10.137386209071805,3.216523399330677,1.5473297711565832,0.035316011025170575,0.029500941488501842,-1.761514232753249,-3.0671151910929626,2.128435815184798,2.327595166864426,1.944337620057005,1.274092456971298,18.00996117155795,0.5540853773098796,0.07851270595476068,0.06558494793833125,-0.27632178215751363,-0.7173699865919738,1.1419480771139485
0.643270817436583,24.733042710688242,1.4386580645038651,0.035316011025170575,0.03412608517115161,-1.761514232753249,-0.20932603219953533,0.2430866838531527,0.009566628233622993,0.009244293464193273,1.274092456971298,0.07880098682428566,0.802907599859513,4.1879664728111,4.046858532330201,0.395371799478944,0.5116330023833906,1.1419480771139485
3.120850521762331,1.4170168496509987,0.4392968747968236,0.10122302346401944,1.0490424768452058,-1.761514232753249,-5.630612774224284,0.4440254184963156,0.07355542335063511,0.7623044724066762,1.0075649097384878,2.745429119955679,0.802907599859513,0.43762591844512233,4.53541261371743,-0.14661169085438847,-0.9744284875777196,1.1419480771139485
3.120850521762331,0.7104786835812078,0.9301423927726195,0.10122302346401944,0.23399707241138007,-1.761514232753249,-2.6592816477643013,0.4440254184963156,0.028185952802714645,0.06515741392870922,1.0075649097384878,0.8026531629554583,0.802907599859513,0.43762591844512233,1.0116590102043341,0.34618646835716604,1.0866761442985904,0.3526845568792226
3.120850521762331,0.7104786835812078,0.6450429769464845,3.417923871218094,16.429149391891197,-1.761514232753249,-22.28264102599947,4.013253760286832,0.18446982220183386,0.8867026831026078,1.0075649097384878,2.960976858853234,0.802907599859513,0.21642119647345984,1.0402853610566647,0.34618646835716604,1.1019434296638313,0.569565159796334
3.120850521762331,0.7179358738279772,0.6450429769464845,3.417923871218094,16.429149391891197,-1.761514232753249,-22.28264102599947,3.8994993803038875,0.1612011070452264,0.7748554881769272,1.4337109854547134,3.938627760114904,0.802907599859513,0.952149976682224,4.576759108687536,0.36575800549864235,2.442000990027557,0.569565159796334
3.120850521762331,4.984259326907828,0.6450429769464845,3.417923871218094,16.429149391891197,-0.5977320377085971,-7.561135855928997,3.8994993803038875,2.923348154850885,14.051841225895474,1.4337109854547134,16.772631204188773,0.7671296184863147,0.952149976682224,4.576759108687536,-1.5568714746903822,-10.394527598531779,1.099589057174057
3.120850521762331,4.984259326907828,0.6450429769464845,5.591946961035944,26.879162753747984,-0.5977320377085971,-9.671356014819752,1.4840198557403133,2.923348154850885,14.051841225895474,-0.6251390027851347,-7.313347007482073,0.7671296184863147,0.952149976682224,4.576759108687536,-1.725294289082185,-11.519010653734616,1.099589057174057
3.120850521762331,1.1408272189889874,1.327029218104583,5.591946961035944,6.350853123947691,-0.5977320377085971,-4.7010572109475355,1.214738839183332,2.923348154850885,3.3200877781898765,-0.035818127165494595,-0.20368104988146446,0.4411198441980613,0.952149976682224,1.0813701732175915,-1.725294289082185,-5.599166033567823,1.099589057174057
1.1149058488646337,1.1408272189889874,0.8159342568888328,5.591946961035944,16.79897193610184,-0.5977320377085971,-2.7314048750031414,1.834932070125173,0.4027408360011031,1.2098884429067167,0.626917675850618,0.7688141586940219,0.36381324217066213,0.952149976682224,2.860388492361791,-1.725294289082185,-3.253223416303969,1.099589057174057
1.1554178418190442,1.1408272189889874,0.5765354638695629,4.40724299635964,26.51825474968579,-1.1582612724996113,-6.891568453527234,5.4773847162118745,0.8190440017464183,4.928164275819125,0.626917675850618,1.6080226899776997,0.462188825618836,0.952149976682224,5.729059110746205,-0.39651685072912324,-1.096585172797498,1.099589057174057
0.4607318451190745,1.1408272189889874,0.5765354638695629,4.40724299635964,26.51825474968579,-1.1582612724996113,-2.7480664868037303,4.6054956465587376,0.8190440017464183,4.928164275819125,0.626917675850618,0.6412115462752167,1.2329713256807922,0.6680768816580945,4.019799442603586,-0.39651685072912324,-0.36627904410747736,1.099589057174057
0.4607318451190745,1.1408272189889874,0.5765354638695629,0.399556954280339,2.404122738266635,-1.89249250550166,-1.3519502717984972,2.725663653991646,0.8190440017464183,4.928164275819125,0.25848409375396175,0.26437759187223675,1.2329713256807922,0.6680768816580945,4.019799442603586,-0.39651685072912324,-0.36627904410747736,1.099589057174057
0.4607318451190745,1.3183693969009347,0.5765354638695629,0.2886763487656788,1.7369573139263172,-1.740702716985578,-1.0569815610373519,4.948175709998879,0.8190440017464183,4.928164275819125,-1.49238304525786,-1.5264097296129313,1.2329713256807922,0.6680768816580945,4.019799442603586,-0.39651685072912324,-0.36627904410747736,1.099589057174057
0.4607318451190745,1.0786494449686965,0.5765354638695629,0.2886763487656788,1.7369573139263172,-0.9265251619133302,-0.5626003811124348,4.948175709998879,0.9796323836769685,5.894419965689569,-1.49238304525786,-1.6693564333651107,1.2329713256807922,0.6680768816580945,4.019799442603586,-0.39651685072912324,-0.36627904410747736,1.099589057174057
0.31219705083498567,1.0786494449686965,0.5765354638695629,0.2886763487656788,1.7369573139263172,1.569454316872636,0.6457613497486487,0.9917471392248415,0.7351544653025913,4.423403340221073,-2.0173252095315366,-1.3245946075347577,1.2329713256807922,2.9743206507644957,17.896402079343815,-0.39651685072912324,-0.5236888274904778,1.248858357467561
0.31219705083498567,1.6023889183622502,0.7656036617545631,0.35571047898774155,1.2137203990100534,1.1781564210482702,0.4052201904400236,0.9917471392248415,0.7351544653025913,2.5084219433182144,-2.0173252095315366,-0.9974818625397222,1.2682935229527472,2.9743206507644957,10.148685125337936,-0.39651685072912324,-0.3943622479398761,1.248858357467561
0.31219705083498567,1.6023889183622502,0.7656036617545631,0.35571047898774155,1.2137203990100534,1.1781564210482702,0.4052201904400236,0.9917471392248415,0.7351544653025913,2.5084219433182144,0.9684642275655913,0.47886453654121036,0.47804644233974863,2.9743206507644957,10.148685125337936,-0.39651685072912324,-0.3943622479398761,1.248858357467561
0.3712984782640897,1.6023889183622502,0.7656036617545631,0.41786143905828044,1.425785807570232,1.1781564210482702,0.5223399793314462,2.4340233816558454,1.1416020657293133,3.89526257047781,-0.8111995534654284,-0.594455351550112,0.7422112498499581,0.1370341627346409,0.4675745261865863,-0.39651685072912324,-0.10067235747553693,1.248858357467561
0.3712984782640897,1.6023889183622502,0.7656036617545631,0.1669452549948768,0.5696342207343287,1.001245663022033,0.2805833221528775,2.4340233816558454,0.2933409816820723,1.0009093191360132,-0.8111995534654284,-0.3013340708238805,0.7104918266362639,0.1370341627346409,0.4675745261865863,-1.175053710539978,-0.2983364439188719,1.248858357467561
0.3712984782640897,1.6023889183622502,0.7656036617545631,0.1669452549948768,0.5696342207343287,1.001245663022033,0.2805833221528775,2.476692937376392,0.2933409816820723,1.0009093191360132,-0.8111995534654284,-0.3013340708238805,1.5818947853313057,0.1370341627346409,0.4675745261865863,-1.1031459674652295,-0.28007966112951826,0.395702395371895
0.3712984782640897,11.512652823320463,0.5649294982143009,0.49036871532516974,3.0730119291161637,0.7735330026045364,0.5034822216531943,2.476692937376392,0.6193150299391843,3.881084611244084,-0.8111995534654284,-0.5933725173669152,1.5818947853313057,0.1370341627346409,0.8587571017876932,0.06942027095646197,0.023886066912801367,0.12256292188118113
0.3712984782640897,11.512652823320463,0.5649294982143009,0.49036871532516974,3.0730119291161637,1.174261188071639,0.7643108048147305,0.8011222105812299,0.35865615116099003,2.247603887694507,-1.5154877070986599,-0.8435978700691289,1.5818947853313057,0.1370341627346409,0.8587571017876932,0.06942027095646197,0.023886066912801367,1.6860944026105573
0.3712984782640897,1.1985534325576284,0.5649294982143009,0.49036871532516974,3.0730119291161637,1.174261188071639,0.7643108048147305,0.588040894723916,2.5698991818187573,16.104883112533166,-1.5154877070986599,-2.2581582609949624,0.6444653155178899,0.11978239978781308,0.7506448350850116,-2.1986093196461676,-0.7072752880188895,0.3595882072161886
0.3712984782640897,1.1985534325576284,0.6048175448397617,0.09117195106004175,0.49847396761035584,0.23093707265114027,0.06053939367376527,0.588040894723916,2.5698991818187573,14.050679256344704,1.5471935575335953,2.1533591875964455,0.6444653155178899,0.11978239978781308,0.6548988738082369,-2.1986093196461676,-0.6606300974052343,0.3595882072161886
0.3712984782640897,1.1985534325576284,0.6048175448397617,0.19809020365528812,1.0830393406385184,0.23093707265114027,0.08923576310667174,0.2689723260022494,1.0986933815600934,6.0070015254234,1.6505723163820865,1.5020576351580437,0.687743597952365,0.6113586201621939,3.342545086310032,-2.1986093196461676,-1.4924846421237712,0.3595882072161886
0.34714286667850375,1.1985534325576284,0.6048175448397617,1.0069283397465543,5.505284890549576,0.23093707265114027,0.18810130168275296,0.26794021565951226,1.0986933815600934,6.0070015254234,0.5821841635367007,0.49533327584095954,0.687743597952365,0.6113586201621939,3.342545086310032,-2.1986093196461676,-1.3953878819077172,0.3595882072161886
0.34714286667850375,1.1985534325576284,0.6048175448397617,0.2559370869851021,1.399311671240681,-0.1033081686250279,-0.04242287882514812,0.2297887183118105,2.797602197050561,15.295623826683995,0.6821140402118424,0.9260806960026458,0.687743597952365,2.15991304251789,11.809119048995756,-0.739188514287122,-0.881804287239241,0.3595882072161886
2.811146860359386,1.1985534325576284,0.6048175448397617,0.1510790733323423,0.8260104586033643,-1.0900931955782807,-2.785094505790212,0.2297887183118105,0.06973268942986689,0.381256844545919,0.6821140402118424,1.1839935816608158,0.687743597952365,0.15934014841770835,0.871177100609496,1.4025589203107967,3.680085212904,0.3202022664448069
2.811146860359386,1.1985534325576284,0.6497984676787071,0.1510790733323423,0.7156108921691458,-1.0900931955782807,-2.5923022366553714,0.17357289634636275,0.40534194103217047,1.9199688061199445,0.6821140402118424,2.656975867852948,0.5486250429215574,0.48794831053658516,2.3112474688495594,0.4334852378259193,1.852597489896507,0.3202022664448069
2.811146860359386,1.1985534325576284,0.6497984676787071,1.6938139206292455,8.023028366368262,-1.0900931955782807,-8.679932088664636,0.17357289634636275,0.40534194103217047,1.9199688061199445,0.3136423694394563,1.2217021753108117,0.5486250429215574,0.48794831053658516,2.3112474688495594,0.4334852378259193,1.852597489896507,0.4029297333570419
2.811146860359386,0.6826596805681275,0.4520656286976622,1.6938139206292455,16.576495388550796,0.9684605262858126,11.084390492400633,0.17357289634636275,0.40534194103217047,3.9668754250229945,-0.9661065285111596,-5.409197425470796,0.5486250429215574,0.48794831053658516,4.775301950792811,0.4334852378259193,2.6629208985168633,0.16566190416961724
2.811146860359386,0.6826596805681275,0.38394585648076635,1.6938139206292455,22.980301553750444,0.9684605262858126,13.050985893185437,0.17357289634636275,0.40534194103217047,5.499352628912959,-0.7823245405954076,-5.157346046969026,0.7551695803808608,0.39061028508066625,5.299485399090037,-0.8475729046874818,-5.485010323779269,0.16566190416961724
2.811146860359386,1.1920035554498007,0.6057170094687222,3.670245259375478,20.007164505378068,0.9684605262858126,12.177502575978762,0.17357289634636275,0.34245177960725715,1.8667660076012753,-0.7823245405954076,-3.0047990307533903,0.7551695803808608,0.39061028508066625,2.1292866494789235,-0.8475729046874818,-3.4767836360025854,0.39598957637252935
2.811146860359386,1.1920035554498007,0.6057170094687222,3.670245259375478,20.007164505378068,0.9684605262858126,12.177502575978762,1.0401365987091742,0.34245177960725715,1.8667660076012753,-0.23169154490309618,-0.8898947859014225,0.7551695803808608,0.39061028508066625,2.1292866494789235,-0.9272528422547788,-3.803634460892785,0.21981906257871495
0.40843331139862077,1.1920035554498007,1.331178954575564,1.3177274982424347,1.4872456884621392,1.0092877298226492,0.5027215567397064,1.0401365987091742,0.7697630380493525,0.8687886994870866,-0.23169154490309618,-0.08820402883236503,0.7551695803808608,0.8626140219301512,0.9735844373239085,-0.9272528422547788,-0.3736854086721196,0.16725496433945225
0.40843331139862077,1.2158950828837916,1.331178954575564,0.2248239271904607,0.253746253928156,-0.133031279924692,-0.027369996680877962,1.3451781127986504,0.14684536383146699,0.16573618940205437,-0.5698137668067822,-0.09474641099078439,0.7131255099995327,1.4368185283633723,1.6216571060868878,-0.9272528422547788,-0.4822795460209225,0.16725496433945225
3.1936769177380215,1.2158950828837916,1.3153959788436878,0.2075639210777671,0.2399213200301603,-0.07929096220208488,-0.12403638164648771,0.8106174649630772,0.24269955147376482,0.2805342877411588,0.5232541319657935,0.8851087227786154,0.7131255099995327,0.13081587734254363,0.1512089278809082,-0.9272528422547788,-1.1515369281491343,0.16725496433945225
3.1936769177380215,1.2158950828837916,1.3153959788436878,0.565305907684154,0.6534321518315056,0.01862211967013322,0.048075116198669,3.8881944565771196,0.24269955147376482,0.2805342877411588,0.5232541319657935,0.8851087227786154,0.7131255099995327,0.13081587734254363,0.1512089278809082,-0.9272528422547788,-1.1515369281491343,0.16725496433945225
3.1936769177380215,1.2158950828837916,0.9727309761884076,0.565305907684154,1.1948902782645596,0.01862211967013322,0.06501058985287599,3.0053802008147033,0.2859860121854728,0.6044902433091097,-0.2632384344374443,-0.6536344390724473,0.7131255099995327,0.13081587734254363,0.2765062560899113,-0.7179032133686927,-1.2056169846115026,0.17708760363042433
3.1936769177380215,1.2158950828837916,0.9727309761884076,0.565305907684154,1.1948902782645596,0.01862211967013322,0.06501058985287599,3.0053802008147033,0.5929752235101745,1.2533750668318424,-0.2632384344374443,-0.9411975851988443,0.7131255099995327,0.18508463922888463,0.3912144434801504,-1.8774714696976993,-3.750349704538335,0.7054654103575245
3.1936769177380215,1.2158950828837916,0.9727309761884076,0.24921626845736564,0.5267698290735977,0.01862211967013322,0.043164880106439416,1.851146094512092,0.5929752235101745,1.2533750668318424,-0.2632384344374443,-0.9411975851988443,0.7131255099995327,1.2185291256086517,2.5756118699284656,1.3911890158977749,7.130456396153715,0.6670927518810513
3.1936769177380215,1.2158950828837916,0.9727309761884076,0.24921626845736564,0.5267698290735977,-0.029587306381675567,-0.0685814802643452,1.851146094512092,0.2563135858126929,0.5417714687068724,-0.2632384344374443,-0.6187972054691888,0.10057908188397022,1.2185291256086517,2.5756118699284656,1.0568089543354036,5.416611317255478,0.9576550325177445
3.1936769177380215,1.2158950828837916,0.587770745172096,0.24921626845736564,1.4427479037317419,-0.029587306381675567,-0.11349889526476824,1.851146094512092,0.2563135858126929,1.4838352685330052,-0.2632384344374443,-1.024078205121391,0.3145146535050989,1.2185291256086517,7.054235875089782,0.5881084443719153,4.988539132058292,0.9576550325177445
3.1936769177380215,3.0738934210990885,0.587770745172096,0.24921626845736564,1.4427479037317419,1.185359750481685,4.547119647712033,1.2567092267161084,0.2563135858126929,1.4838352685330052,1.1228917313000653,4.368393054733389,0.11464950816736302,1.5332513956466503,8.876207202104881,0.5881084443719153,5.595799054393155,0.9576550325177445
3.1936769177380215,3.0738934210990885,0.587770745172096,1.9236060596438882,11.13602505701458,1.1349768695762428,12.096036538550008,1.2567092267161084,0.2563135858126929,1.4838352685330052,1.1228917313000653,4.368393054733389,0.21724121451896775,1.5332513956466503,8.876207202104881,-1.4596243805967744,-13.88819495260876,0.9576550325177445
0.9373204166469119,3.0738934210990885,0.587770745172096,1.9236060596438882,11.13602505701458,0.5738146497579389,1.7948361512593622,0.56681261280613,0.2563135858126929,1.4838352685330052,1.1228917313000653,1.2820908637935229,0.20484540139701848,1.5332513956466503,8.876207202104881,-1.4596243805967744,-4.076081900191956,0.9576550325177445
0.9373204166469119,3.6570156462432335,0.4791069015308488,1.3008623073787393,11.334346154132637,0.5738146497579389,1.8107477102228728,0.56681261280613,0.43813457791604016,3.8174439677645147,1.1228917313000653,2.0564222601198345,1.0346522470910295,1.5332513956466503,13.359140287940157,-1.4596243805967744,-5.0005576797228795,0.9576550325177445
0.28303639892773935,3.6570156462432335,0.43523156912849514,1.3008623073787393,13.734743327942871,0.5738146497579389,0.6018997955125701,0.56681261280613,0.43813457791604016,4.625905398780523,1.1228917313000653,0.683563000447632,1.0346522470910295,1.5332513956466503,16.18835003287228,1.0332052135007017,1.1766035982186969,0.9576550325177445
0.28303639892773935,3.663212523669085,1.0839347649055298,1.3008623073787393,2.2143947067027265,-0.16804700726599964,-0.07077837540760153,2.857795193898866,0.43813457791604016,0.7458152063116416,1.1228917313000653,0.2744705741668267,0.6541175393607057,1.5332513956466503,2.6099793616174076,1.0332052135007017,0.4724408210484776,0.9576550325177445
0.3589660998630966,2.350642457047888,0.7507213153871465,1.0286395104961938,3.65036005406512,-0.16804700726599964,-0.11525295540276244,2.857795193898866,0.43813457791604016,1.5548196867898871,1.1228917313000653,0.5026102437795443,0.6541175393607057,0.2834420929944451,1.0058584016556322,1.0332052135007017,0.3719704578934292,0.9576550325177445
0.3589660998630966,4.54160928607007,0.7507213153871465,3.4434653491078784,12.219915946916482,-0.16804700726599964,-0.21087171416076178,2.857795193898866,3.39877620498714,12.061326407156326,1.1228917313000653,1.3998737041007525,0.6541175393607057,0.24452148287649997,0.8677398100551054,-1.2084339566620939,-0.4040835007783294,0.9576550325177445
0.3589660998630966,4.54160928607007,0.1521620797270735,0.11927463363310932,10.3030359667956,-0.16804700726599964,-0.19362740586569516,1.448118744804207,3.39877620498714,293.58894189343397,0.32592246820244386,2.0046455022853173,0.6541175393607057,0.24452148287649997,21.12195658030879,-0.6382746597707926,-1.0529993716821642,0.9576550325177445
1.7240968933143583,3.722387268266881,0.20723628789588086,0.11927463363310932,5.554519273689872,-0.745245492060721,-3.028197984217294,1.448118744804207,0.2349377918686647,10.940855178534738,0.26219115693585626,1.495220848322852,1.1673996360177896,0.0821724568782044,3.826702137693565,-0.6382746597707926,-2.1526905363219937,0.9576550325177445
2.4574299705130764,3.722387268266881,0.20723628789588086,2.833686306011687,131.9623856548471,-0.745245492060721,-21.038055059817157,1.448118744804207,0.28154534622496624,13.111329747066653,0.26219115693585626,2.333042017804226,1.1673996360177896,0.6711606683775632,31.25538729142578,-0.36142428073287397,-4.96547635677727,0.6704955668531346
0.31645346969684784,1.2046743355162985,0.38855522205824317,0.4340357270931767,5.749763410095353,-0.866198757179289,-0.65728300854014,1.448118744804207,0.3287461814127568,4.354970448526824,-0.7601249770261903,-0.501981221767525,0.23081147288756163,0.6711606683775632,8.891007842089504,0.5261504522520288,0.49647262446535334,0.6704955668531346
7.250326369611481,1.2046743355162985,0.7413470299043468,0.4340357270931767,1.579473599259361,-0.866198757179289,-7.892803639416132,1.448118744804207,1.7062140970029385,6.208982239661942,-0.3416574389196797,-6.172465147768468,0.23081147288756163,0.6711606683775632,2.4423808695731055,0.5870732173147191,6.652065538128265,0.6704955668531346
3.1407755311229053,1.2046743355162985,0.11070036807422808,3.6013957280641065,587.7636326138174,0.2021647993745893,15.393727465548826,0.6435093701812318,1.588162581987479,259.19512290643894,-0.3416574389196797,-17.275920331124574,0.34465350352716645,0.1535918369663299,25.066863752761222,0.5870732173147191,9.23164652178085,0.6704955668531346
3.1407755311229053,1.2046743355162985,0.11070036807422808,0.8494577169309807,138.6352378786144,0.2021647993745893,7.476171475631049,0.6435093701812318,1.588162581987479,259.19512290643894,-0.3416574389196797,-17.275920331124574,0.34465350352716645,0.1483527487595219,24.21182150010854,0.5870732173147191,9.072832613080603,0.6473978993098057
3.1407755311229053,1.2046743355162985,0.6291094826716609,0.8494577169309807,4.292588906531262,0.2021647993745893,1.315534031729646,0.6435093701812318,1.588162581987479,8.025507268140354,-0.3416574389196797,-3.0399330993309146,0.34465350352716645,0.5112029684828999,2.583276539559464,0.4143832529285899,2.09182112254738,3.0586781593251167
3.1407755311229053,0.6888531961973414,0.5038288023620674,0.6538610242470103,5.151686940168088,0.2021647993745893,1.4411764933218654,1.3594869693585625,1.588162581987479,12.512928786221249,-0.21373973522765383,-2.3746611783333247,0.34465350352716645,0.21071004343170793,1.6601573402535525,0.4143832529285899,1.6769253079625717,3.0586781593251167
2.0823428565505924,0.6888531961973414,0.5038288023620674,0.6538610242470103,5.151686940168088,1.748543634280793,8.264249948032854,0.6540323273029259,2.1252733554872876,16.74475551186079,-0.0697700245952553,-0.5945118545961279,0.34465350352716645,0.21071004343170793,1.6601573402535525,-0.5038182808586595,-1.3517637131618476,3.0586781593251167
3.1357653030834682,4.238252671802741,0.5038288023620674,0.6538610242470103,5.151686940168088,2.0412510305977807,14.528296658354348,0.6540323273029259,2.4542455213590486,19.336684909322674,-0.0697700245952553,-0.9620628322248952,3.2258859450341397,3.350835792760755,26.400804379023654,-0.5038182808586595,-8.11757017310483,3.0586781593251167
3.1357653030834682,5.422875754703343,0.5038288023620674,0.6538610242470103,5.151686940168088,2.0412510305977807,14.528296658354348,1.5333159155946647,1.1236720357531154,8.853267494094531,-0.0697700245952553,-0.650974864071244,1.5790634550695732,1.1169317474625795,8.800161629282801,-1.1664438322704134,-10.850573816728659,3.0586781593251167
3.1357653030834682,1.7421547188085311,0.5038288023620674,0.6538610242470103,5.151686940168088,1.229728012247421,8.75240384608008,1.5333159155946647,1.1236720357531154,8.853267494094531,-0.0697700245952553,-0.650974864071244,2.7817671212504815,0.5901334027845071,4.6495852044140245,1.4473719403496907,9.786576709832175,3.0586781593251167
2.9806356981109827,1.7421547188085311,0.5038288023620674,0.6538610242470103,5.151686940168088,0.0018153378079721616,0.012281207897781279,1.5333159155946647,1.1236720357531154,8.853267494094531,-0.8090076704417942,-7.17485834307282,1.8418209281060576,0.5901334027845071,4.6495852044140245,1.6341848640465304,10.503092434208629,3.0586781593251167
7.626207062397231,1.2591222167176062,0.5038288023620674,0.6538610242470103,5.151686940168088,-0.4724133231699322,-8.177215853292838,1.5333159155946647,1.1236720357531154,8.853267494094531,-0.8090076704417942,-18.357478373596354,0.4000579281218045,0.5901334027845071,4.6495852044140245,1.797651700297139,29.56114474778821,3.0586781593251167
7.626207062397231,0.9963303007767709,0.5038288023620674,1.4833969657596704,11.687493966152248,-0.4724133231699322,-12.316616806143086,1.5333159155946647,1.1236720357531154,8.853267494094531,-0.8090076704417942,-18.357478373596354,0.4000579281218045,0.5901334027845071,4.6495852044140245,1.797651700297139,29.56114474778821,3.0586781593251167
7.626207062397231,1.6768687146730383,0.5038288023620674,1.4833969657596704,11.687493966152248,-0.4024383124297959,-10.492249560298102,1.5333159155946647,1.1236720357531154,8.853267494094531,-0.9257704751369753,-21.006984355241382,0.4000579281218045,0.5901334027845071,4.6495852044140245,0.8939098789084031,14.699732610895243,2.2415205475414925
0.2778900085396716,1.5784971726625727,0.5038288023620674,1.4833969657596704,11.687493966152248,-0.4024383124297959,-0.382325223542394,2.643893569936063,1.1236720357531154,8.853267494094531,-0.9257704751369753,-0.7654697825678716,1.0734489512459588,0.7868648946414663,6.199607334095836,0.8939098789084031,0.6185128981908217,2.2415205475414925
0.2778900085396716,1.5784971726625727,0.8763212920959086,1.4833969657596704,3.863319748770262,-0.4024383124297959,-0.21981259753425247,1.292596783596643,1.1236720357531154,2.926461673489232,0.8792647100352029,0.41798817462496485,0.47999375256496796,0.7868648946414663,2.0492900803026943,0.8939098789084031,0.3556054332488676,1.483727935249472
0.860901167189151,1.5784971726625727,0.22391947491314523,1.4833969657596704,59.17028320202943,-0.4024383124297959,-2.665044344338094,1.292596783596643,1.1236720357531154,44.82144302328626,-0.3537524659472999,-2.0388988917683193,0.839219106075965,0.7868648946414663,31.38675602846944,0.8939098789084031,4.311419178548743,1.483727935249472
0.860901167189151,2.3137555171383632,0.5446462452813162,0.38399632383273347,2.5889760585702235,-0.3019539782314026,-0.4182713033000235,3.6645666985560448,1.1236720357531154,7.576010023254526,1.4985917636409385,3.5510509886428756,0.839219106075965,0.8955094178472498,6.037694371367452,-0.3321218061527641,-0.702564578960799,1.483727935249472
0.6186919155426508,4.398017922627062,0.5446462452813162,0.38399632383273347,2.5889760585702235,0.34602361876163235,0.344464286811245,3.6645666985560448,0.13895857398719827,0.9368850659690816,1.4985917636409385,0.8974307382426533,0.839219106075965,0.8955094178472498,6.037694371367452,-0.3321218061527641,-0.5049023531573049,1.483727935249472
4.093245869592117,4.398017922627062,0.46421884656962914,0.38399632383273347,3.56378525008376,0.34602361876163235,2.6738025860944092,3.6645666985560448,0.22619594920168234,2.099274751767648,1.4985917636409385,8.887626902110727,0.6347897228043081,0.8955094178472498,8.311025539987408,-0.11420588907305632,-1.347670245055598,0.4933356632361526
7.87671500823105,3.695737712198714,0.4797710922337548,0.49349898394796976,4.287934127515206,0.34602361876163235,5.643843057752689,0.45088453483649366,0.22619594920168234,1.9653806018572246,-0.4870918630621113,-5.378724988991113,1.2223695300990431,2.1682303956985995,18.83940881834124,-0.0017435502429020006,-0.05960919189473893,0.4933356632361526
0.26400630803579955,2.715615720976076,0.6428500068626859,0.49349898394796976,2.3883444021394458,-0.7278083514970533,-0.2969475968407542,0.45088453483649366,0.43749308196677467,2.117297476341397,-0.4870918630621113,-0.18711823763122518,1.2223695300990431,2.1682303956985995,10.493397345396197,0.1465994315475017,0.1253731822139582,1.3307947736359798
0.26400630803579955,2.715615720976076,0.6064662277436961,0.654757208683042,3.56038564673441,-0.7278083514970533,-0.36255997591913897,0.45088453483649366,0.43749308196677467,2.3789643992054725,0.7963585672180096,0.3242775863548697,1.665615757124109,1.9507695860803798,10.607736642314414,-0.06164211778399131,-0.05300333777836814,1.3307947736359798
0.26400630803579955,2.715615720976076,0.6064662277436961,0.654757208683042,3.56038564673441,-0.3673210387719032,-0.18298210881724616,0.6052396983544179,0.43749308196677467,2.3789643992054725,-1.1445232647348105,-0.4660504163491927,1.7131082646463722,0.03773393480395087,0.20518653034919726,-0.06164211778399131,-0.007371676675605473,0.9096434062272776
0.26400630803579955,1.840019050576965,0.6064662277436961,0.7120950243394976,3.8721725704537504,-0.3673210387719032,-0.19082596168489535,5.847860467532353,0.43749308196677467,2.3789643992054725,-1.1445232647348105,-0.4660504163491927,1.7131082646463722,0.006717179567157217,0.036526134268223785,-0.06164211778399131,-0.003110238624826507,0.11717684378405097
0.26400630803579955,1.840019050576965,0.3648924150554202,0.7120950243394976,10.696415758150424,-0.3673210387719032,-0.3171606105350928,8.303326272621327,2.393205885030828,35.9484679237664,1.4154523186554564,2.2405247257333296,3.2660421195546268,0.006717179567157217,0.1008990976156737,-0.06164211778399131,-0.005169344739311137,0.22935122529617435
0.8480487281984623,1.840019050576965,0.5985582355546665,1.9051249968349213,10.635077272888259,0.16580572458033177,0.45855417605432486,6.735493823495029,0.1919107757103475,1.0713133954833747,0.2001355616009941,0.1756723209070423,3.2660421195546268,0.039038494662628535,0.21792659696557715,-0.06164211778399131,-0.024403576338021864,0.22935122529617435
0.8480487281984623,2.57482418834897,0.5985582355546665,1.9051249968349213,10.635077272888259,0.07574358284200759,0.2094773042935053,0.906781724220722,0.1919107757103475,1.0713133954833747,0.2001355616009941,0.1756723209070423,3.2660421195546268,0.14460593156352664,0.8072411305563041,-0.06164211778399131,-0.04696777632664499,0.36453754056921206
0.8480487281984623,2.57482418834897,0.5985582355546665,0.6109893958975777,3.410757535112589,-0.07715328811170606,-0.12083720471372097,0.906781724220722,0.117203645379123,0.6542719387662166,0.2001355616009941,0.1372853573389038,0.5907669739873374,0.14460593156352664,0.8072411305563041,-0.06164211778399131,-0.04696777632664499,0.18251354835703576
0.8480487281984623,2.57482418834897,1.1033809345110197,0.6109893958975777,1.003720322857284,-0.07715328811170606,-0.06555134476277333,1.9290845603453917,0.3560510952611417,0.5849131305531051,-0.4091714148233194,-0.2653821928862749,0.5907669739873374,0.14460593156352664,0.23755553417223668,-0.06164211778399131,-0.025478915256462672,0.17615184286457553
0.8600855875696781,2.5477924337599966,0.5838146916169923,0.5531942111418469,3.2460677728767124,-0.07715328811170606,-0.11955697036824177,1.9290845603453917,0.3560510952611417,2.089259002618691,-0.13535624039352534,-0.1682736420099179,0.4045309255640229,0.16610234795423276,0.974665800606391,-0.06164211778399131,-0.05234161095199064,0.6530808170003759
0.8600855875696781,3.6735208727274204,0.5838146916169923,0.005366964785123803,0.03149261340098774,-0.07715328811170606,-0.011776072227776971,0.5704164517449729,0.3560510952611417,2.089259002618691,-0.13535624039352534,-0.1682736420099179,3.3410776584735187,0.16610234795423276,0.974665800606391,0.45777397407134335,0.38870545198905493,1.7537512139463196
0.5312072017595707,1.8721924448578586,0.5838146916169923,0.013411912520729295,0.07869926353046705,-0.07715328811170606,-0.011497508198196796,1.0588249546152995,0.8025818760956974,4.709440392934905,-0.13535624039352534,-0.15603674766023273,1.2398727447848263,0.1732086471417522,1.0163645897701699,-0.5582588355911362,-0.29896773593799836,1.7537512139463196
0.5312072017595707,0.7668828677402912,0.5838146916169923,0.0009447689141014894,0.005543774434208974,-0.8328547056319157,-0.032940938922434014,1.0588249546152995,0.8025818760956974,4.709440392934905,-0.13535624039352534,-0.15603674766023273,1.0124855857311585,0.1732086471417522,1.0163645897701699,0.05074245205288208,0.02717441272582603,1.7537512139463196
0.5312072017595707,0.7668828677402912,0.5838146916169923,0.0009447689141014894,0.005543774434208974,-0.8328547056319157,-0.032940938922434014,1.0588249546152995,1.952555193958307,11.45732612926044,-0.13535624039352534,-0.24337943300188913,1.0124855857311585,0.1732086471417522,1.0163645897701699,-0.39707423235972034,-0.21264756897613737,7.506221569742952
0.7007475007001737,0.7668828677402912,0.5838146916169923,0.01590759695278054,0.09334359755093716,0.8680081715307918,0.18583505419912655,1.0588249546152995,0.07120680208729088,0.4178317502420448,-0.13535624039352534,-0.061311304926224656,1.2274470194473668,0.6564585256443134,3.852008610006534,-0.8852410639802715,-1.21749373069058,7.506221569742952
0.7007475007001737,0.7668828677402912,0.29525949059647194,0.045407817261714535,1.0417245265665689,0.8680081715307918,0.6208144484458532,1.0588249546152995,0.21919928317913678,5.028765601689605,-0.13535624039352534,-0.21270149235793226,0.6307638473508169,0.16902069395904157,3.8775922960492295,0.9577340971838364,1.3215621104794053,7.506221569742952
0.3370546698538978,0.7668828677402912,0.29525949059647194,0.04712580773306185,1.0811378460858736,0.7679149334995717,0.26912497169214383,1.0588249546152995,3.4924470811490935,80.12205830550558,0.6728011872164681,2.0298462635407604,0.6307638473508169,0.7622267922250018,17.486644198077954,0.9577340971838364,1.3498904808260446,1.5760747268168023
0.3370546698538978,0.5865579736885361,0.5621859162036054,0.16150711987683028,1.0220255314126188,0.7679149334995717,0.2616642159516338,1.0588249546152995,3.4924470811490935,22.100388433426033,1.3821567512555883,2.190068009621956,0.6307638473508169,0.5080719311689307,3.2151058470039313,0.9577340971838364,0.5788192093246466,1.0098754689553842
0.3370546698538978,0.5865579736885361,0.5621859162036054,0.16150711987683028,1.0220255314126188,0.7679149334995717,0.2616642159516338,0.8923337988983872,3.4924470811490935,22.100388433426033,0.5994251018662421,0.9498066978069403,0.6307638473508169,3.1648126531000327,20.02710057657318,0.9577340971838364,1.444622376095387,1.0098754689553842
0.3370546698538978,0.5865579736885361,0.714884406165855,1.0404671548512545,4.0718026719148135,0.7679149334995717,0.5222841225099994,0.8923337988983872,3.4924470811490935,13.6674716642804,1.386609567878561,1.727820539147347,0.3321286265016761,1.3498735316207147,5.282645038022445,0.9577340971838364,0.7419438048668598,1.0098754689553842
0.3370546698538978,1.1522155549616604,0.714884406165855,1.0404671548512545,4.0718026719148135,0.7679149334995717,0.5222841225099994,0.8923337988983872,0.7262409354316589,2.84209815519577,1.5561101103413486,0.8842197464974304,0.3321286265016761,1.3498735316207147,5.282645038022445,0.9577340971838364,0.7419438048668598,4.417935160472208
0.5950241805825697,1.1522155549616604,0.17712159323647925,0.5734761368820708,36.559675009494406,0.7679149334995717,2.7627964640400786,0.8923337988983872,0.7851283797653755,50.052716336226055,1.5561101103413486,6.5507159040052025,0.3321286265016761,1.3498735316207147,86.05578235266708,0.32125716708119645,1.7732806246931727,0.142814690820863
0.5950241805825697,1.1522155549616604,0.17712159323647925,0.5226920429398145,33.322138430771304,-0.6763404233335651,-2.3230919081038,2.984891990570284,0.7851283797653755,50.052716336226055,1.5561101103413486,6.5507159040052025,0.3321286265016761,1.5982399104237395,101.88938641802824,-1.6785307968100374,-10.081575393212688,0.08653832121792804
0.5950241805825697,1.1522155549616604,0.18726652096307816,0.5226920429398145,29.809562349587907,-0.6763404233335651,-2.1972413322039763,2.984891990570284,0.7851283797653755,44.7765251168015,1.5561101103413486,6.19583912698259,1.1989011038508717,0.21723931624326975,12.389339056920086,-0.9170186216764035,-1.9205996217546877,1.5393327787740745
0.5950241805825697,1.1522155549616604,0.32437649444556504,0.5226920429398145,9.93521185637738,1.0012326596069707,1.87783828318658,5.835975797021593,0.7851283797653755,14.92354225166864,-1.7127160323951192,-3.9369140892061343,1.1989011038508717,1.3651859228975656,25.949144530775172,-0.49045327595022137,-1.4865987974190944,1.5393327787740745
0.5950241805825697,2.5538315010120143,0.16757403918579317,0.5226920429398145,37.2273745243717,1.0012326596069707,3.6349699654872465,0.22547975605144818,0.7851283797653755,55.91871664785274,-1.7127160323951192,-7.620765110126364,1.1989011038508717,0.32938649521390445,23.459692157605925,-0.49045327595022137,-1.4134921766792767,1.5393327787740745
0.5950241805825697,2.5538315010120143,0.16757403918579317,0.5226920429398145,37.2273745243717,0.9175256511786183,3.3310721065647364,0.22547975605144818,2.681560663417096,190.9871490780385,-1.8364828931486015,-15.101621292489256,1.1989011038508717,0.32938649521390445,23.459692157605925,-0.49045327595022137,-1.4134921766792767,1.5393327787740745
1.0042668575152223,2.5538315010120143,0.16757403918579317,0.5226920429398145,37.2273745243717,0.9175256511786183,5.622099783140098,0.22547975605144818,1.220007740489364,86.8918624098122,-1.8364828931486015,-17.191967070983065,1.1989011038508717,0.32938649521390445,23.459692157605925,-0.49045327595022137,-2.3856565711434405,1.5393327787740745
1.0058906505166072,3.0771899978769652,1.1685022203879927,0.31961297149224843,0.46816108240870036,1.0371327266323496,0.7138102244499804,0.08612877566568002,1.220007740489364,1.7870368078860834,-1.8364828931486015,-2.469473713697148,1.1989011038508717,0.41874190073303813,0.613362657284422,-0.49045327595022137,-0.38637327321054327,1.5393327787740745
1.0058906505166072,6.0552737558694085,1.1685022203879927,0.8028215006265144,1.175952843714297,0.032172939685107815,0.035094290735940226,0.08612877566568002,1.220007740489364,1.7870368078860834,-0.1964340099501245,-0.26414001777946583,0.19784616479221795,0.41874190073303813,0.613362657284422,-0.49045327595022137,-0.38637327321054327,1.2072123688272933
3.144680134477472,7.913970128906135,1.1685022203879927,0.8028215006265144,1.175952843714297,0.032172939685107815,0.10971403189224291,0.08612877566568002,1.220007740489364,1.7870368078860834,-0.342432558093369,-1.4395218996994819,0.19784616479221795,0.521809217508368,0.7643330836635936,-0.49045327595022137,-1.348389760716345,1.2072123688272933
5.25638609086135,1.6481202012198886,1.1685022203879927,2.670936464115069,3.912320893131536,0.032172939685107815,0.3344993180271532,1.770171619212049,0.665984768091743,0.9755178222017172,-0.03421450072659199,-0.17762948982279453,0.18729272324421284,0.521809217508368,0.7643330836635936,-0.49045327595022137,-2.2538563161263974,3.8034994278964986
1.1056761232908756,1.6481202012198886,1.1685022203879927,0.8242092907562256,1.2072811434723016,-0.5487699749819115,-0.6666877597335672,6.145924604857092,0.030583335890307647,0.0447977050719374,-0.03421450072659199,-0.008006929807966766,0.18729272324421284,0.21267364240348038,0.3115190292889255,-0.02407284719742875,-0.01485585599248459,3.8034994278964986
8.767804880516186,1.6481202012198886,0.4029893180141444,0.8242092907562256,10.1503363206962,0.03352091289589332,0.936368790635205,2.146880297206595,0.004215015521244965,0.051908933346694164,-0.6240362307158287,-1.2465845322584084,0.20196689673275117,0.21267364240348038,2.6191272303690623,1.085669413813825,15.405179998741746,33.407399165363564
38.70982339283105,0.50292007049729,0.5540326480404165,0.8242092907562256,5.3702782233226225,1.8162765562855727,162.93018863474907,1.4288421617842164,0.004215015521244965,0.02746366283245844,-0.06760620507578208,-0.4336975589336065,0.733608247364705,0.21267364240348038,1.3857119099278807,1.085669413813825,49.47152152322905,1.9666860600117477
38.70982339283105,0.50292007049729,0.5540326480404165,0.12597867893286896,0.820835877080931,-1.0041454992732206,-35.2164845766302,1.4288421617842164,0.013144023171070577,0.08564215690614635,-1.3869812983697063,-15.71214916196775,2.0055697637989414,0.21267364240348038,1.3857119099278807,1.085669413813825,49.47152152322905,1.9666860600117477
38.70982339283105,0.50292007049729,0.448742212122245,0.15154084191876233,1.5051016864761388,-1.1733294007254678,-55.72166234614476,1.4288421617842164,0.013144023171070577,0.13054626852650753,-1.860519925181348,-26.021824691285936,1.4503575666140327,0.21267364240348038,2.1122718720415823,1.085669413813825,61.07925069602413,1.237432871835774
38.70982339283105,0.9875843425314252,0.504768878744139,0.13842971453025754,1.0866112002809947,-0.7935488796313143,-32.02078402519375,1.4288421617842164,0.020313185165573476,0.15944939704018057,1.1911162411511884,18.411398453489632,3.780517306819008,0.8782816467073381,6.894117188292187,1.085669413813825,110.3463883956862,0.13674179989181603
38.70982339283105,0.8492903580565585,0.504768878744139,0.13842971453025754,1.0866112002809947,-0.7935488796313143,-32.02078402519375,0.3224333668076429,0.0059959161185099506,0.04706525352903319,-1.7286571016490822,-14.517112615141274,3.780517306819008,0.17170247549373224,1.3477874574875448,-0.8706922650823095,-39.1288047172539,0.42324701404999565
38.70982339283105,0.8492903580565585,0.504768878744139,0.3886810735815656,3.0509721798108287,1.664280111769222,112.52959014282739,0.3224333668076429,0.1357738699759167,1.0657640111587396,-1.7286571016490822,-69.08131086840604,3.780517306819008,2.888080758663286,22.670139213453453,-0.8706922650823095,-160.47706388255173,0.42324701404999565
38.70982339283105,0.916667714473034,0.504768878744139,1.1049188293710535,8.673117469541012,1.1134918740549442,126.939229014529,0.10044278471426733,1.5048283336608566,11.812227796645955,-1.7286571016490822,-229.983114719238,3.780517306819008,2.031170757130084,15.943779858755379,-1.249249431502292,-193.09276213607805,0.42324701404999565
38.70982339283105,0.916667714473034,0.504768878744139,0.6261812536687389,4.915242120893945,1.1134918740549442,95.5610030834765,0.051335581608607274,1.6251495997991847,12.756695795164585,0.9445846427494793,130.59638934006134,0.20790821372247356,2.031170757130084,15.943779858755379,-1.249249431502292,-193.09276213607805,0.42324701404999565
38.70982339283105,0.916667714473034,0.504768878744139,2.2800417677054097,17.897305721566358,-0.46982412759571535,-76.9396726682344,0.051335581608607274,0.0486674964099445,0.3820180289190863,0.9445846427494793,22.599769000057325,0.2227812373554102,2.031170757130084,15.943779858755379,-1.249249431502292,-193.09276213607805,0.42324701404999565
1.2835498275690556,3.8270179031800162,0.501063525403149,0.7637477204107186,6.084071976438199,-0.46982412759571535,-1.4874597417266306,3.8927283222466498,0.0486674964099445,0.3876889490575749,0.9445846427494793,0.7549102532530282,0.9829563278163802,2.031170757130084,16.180459532069424,0.6177594235592874,3.1895362143109955,0.42324701404999565
6.887648478736442,3.7025804226342114,0.39377390380746463,0.7637477204107186,9.851130227715132,0.7182754618107883,15.527625009459838,3.8927283222466498,0.0486674964099445,0.6277332582196123,0.9445846427494793,5.154652871384143,0.9829563278163802,2.031170757130084,26.19887052815665,0.6177594235592874,21.778684200718175,0.42324701404999565
0.33908743241965505,7.81135410461045,0.39377390380746463,0.7637477204107186,9.851130227715132,0.7182754618107883,0.7644441368179228,0.12126226947188784,3.484626567754237,44.94613757464675,1.6942705430985845,3.8515952497824597,1.3195928036207654,2.031170757130084,26.19887052815665,1.4931805441485362,2.591584063637237,0.42324701404999565
4.767659381065646,7.81135410461045,0.39377390380746463,0.7637477204107186,9.851130227715132,-0.35684510977504313,-5.3398369960195895,0.12126226947188784,3.484626567754237,44.94613757464675,1.6942705430985845,54.15445241853445,1.3195928036207654,2.031170757130084,26.19887052815665,1.4931805441485362,36.438360409443774,0.42324701404999565
4.767659381065646,7.81135410461045,1.1245053452537292,0.5089794701373069,0.8050210055009541,0.7614096486423381,3.2570708256994143,3.8435360670225065,3.9824715179455614,6.2988262078440505,1.366119214519908,16.34645686961634,1.3195928036207654,2.031170757130084,3.2125757936914145,1.4931805441485362,12.759810780207987,0.19198554172525162
0.350921852354221,1.5145612344526918,0.8991103856711716,0.5089794701373069,1.259227595242311,-0.7067406424649547,-0.2783060172508161,3.8435360670225065,0.6844433058477774,1.6933293947394155,1.5838322374198117,0.7232531190282643,4.9987515194441565,0.6275433507168434,1.5525575210730918,1.4931805441485362,0.6528998748601085,0.19198554172525162
0.24621746112272344,0.2963427140974879,0.8991103856711716,0.5089794701373069,1.259227595242311,-0.7067406424649547,-0.1952679792465725,3.8435360670225065,0.6844433058477774,1.6933293947394155,1.5838322374198117,0.5074564194893124,4.9987515194441565,0.65962637336475,1.6319316998511266,1.4931805441485362,0.46965847171163155,0.19198554172525162
0.24621746112272344,0.2963427140974879,0.8991103856711716,0.24235364229013653,0.5995888087527306,-0.7067406424649547,-0.1347428331756434,3.8435360670225065,0.6844433058477774,1.6933293947394155,1.5838322374198117,0.5074564194893124,0.4111450055174665,0.65962637336475,1.6319316998511266,1.4931805441485362,0.46965847171163155,9.453202471160498
0.24621746112272344,0.2963427140974879,0.4966808528707267,0.24235364229013653,1.964828777493619,-1.3876584950451822,-0.47892091395852737,4.4224031269407265,0.06693371340124428,0.5426503395308265,1.5838322374198117,0.28726853967970634,2.2951753205058654,0.14004158489909957,1.1353563059974907,-1.8519419669292176,-0.4858613027873349,9.453202471160498
0.24621746112272344,0.2963427140974879,0.4966808528707267,0.24235364229013653,1.964828777493619,-1.1123648845041012,-0.3839091599585026,1.5185380705229135,0.06693371340124428,0.5426503395308265,-1.9462158468951347,-0.3529960882409267,2.2951753205058654,0.14004158489909957,1.1353563059974907,-1.2168838473735588,-0.3192523210682115,0.9955550596721597
0.8832672454960241,0.2963427140974879,0.4966808528707267,0.20655550297916925,1.6746032474200536,-1.1123648845041012,-1.2714385076610721,1.5185380705229135,0.24941872480539334,2.0221073779312593,-0.44583716114600036,-0.559977396725971,0.7034928738878542,1.7251435389474965,13.986221286384923,-1.8960070997188576,-6.262998137045651,0.9955550596721597
0.8832672454960241,0.2963427140974879,0.4966808528707267,0.20655550297916925,1.6746032474200536,1.0964862848249093,1.2532891905070525,1.5185380705229135,0.24941872480539334,2.0221073779312593,-0.44583716114600036,-0.559977396725971,0.7034928738878542,1.7251435389474965,13.986221286384923,-1.8960070997188576,-6.262998137045651,4.139875516981741
0.8832672454960241,0.2963427140974879,0.34300253986087503,0.20655550297916925,3.5113336108481255,1.0964862848249093,1.8148108882435419,0.3899538742868962,0.9568850734451465,16.26653694356264,-0.44583716114600036,-1.5882393150320229,1.0816365482412253,4.822486112557818,81.97969713051063,-1.6155673603020628,-12.920233153135612,1.4899891842421953
0.8832672454960241,0.31082302344690604,0.34300253986087503,0.23514491503999804,3.997338399080268,1.0964862848249093,1.9363363000571585,0.34015417901280165,0.9568850734451465,16.26653694356264,-0.44583716114600036,-1.5882393150320229,1.0816365482412253,4.822486112557818,81.97969713051063,-0.14195219400077308,-1.1352392281224428,0.8704406343974719
0.8832672454960241,0.9285353157648,0.34300253986087503,0.23514491503999804,3.997338399080268,1.0964862848249093,1.9363363000571585,3.401304046090237,0.41527321097215436,7.059423556090893,-0.44583716114600036,-1.0462922542531843,1.0816365482412253,3.253249995160813,55.30351836548106,-0.14195219400077308,-0.9324179290835386,0.8704406343974719
1.0498140038898534,6.570539725074814,0.34300253986087503,0.23514491503999804,3.997338399080268,1.0964862848249093,2.3014472396728545,3.209347829961513,0.11610569309556605,1.9737349850146213,-0.44583716114600036,-0.6575564558319865,0.55932562306451,3.253249995160813,55.30351836548106,0.5412994478292504,4.2259691914932365,0.14893651731022586
0.5519440323631282,0.701862013565697,0.34300253986087503,0.11584416499734042,1.969289146543915,-0.41211760441540934,-0.31920593121139584,3.209347829961513,1.7661913965317257,30.02431368027056,-0.44583716114600036,-1.348366180766728,0.55932562306451,3.253249995160813,55.30351836548106,-1.256601656195531,-5.15785407144946,0.5578806753436499
0.5519440323631282,0.26546767745858724,0.34300253986087503,0.11584416499734042,1.969289146543915,-0.41211760441540934,-0.31920593121139584,3.209347829961513,1.7661913965317257,30.02431368027056,-0.3247388558048259,-0.9821229114742186,1.9080955135550106,3.253249995160813,55.30351836548106,-1.256601656195531,-5.15785407144946,0.16920531425324478
0.5519440323631282,0.26546767745858724,0.34300253986087503,0.11584416499734042,1.969289146543915,-0.41211760441540934,-0.31920593121139584,1.0444223462478373,1.7661913965317257,30.02431368027056,-0.24605903475826355,-0.7441678483851161,7.644010874203689,4.727397111344865,80.36323472130194,-1.256601656195531,-6.217579894165667,0.04217876730158069
0.5519440323631282,1.4663017165556733,0.34300253986087503,0.1263768697019798,2.148339520458515,-0.41211760441540934,-0.3334015907421249,1.0019317926311342,1.7661913965317257,30.02431368027056,-0.12524146000284433,-0.3787736057344557,7.644010874203689,1.7065369207965364,29.01021934404937,-1.256601656195531,-3.73566717334351,0.05110694809070327
0.33914388813293816,1.1037134436490046,0.3239921088348553,0.1263768697019798,2.407846095439604,-0.41211760441540934,-0.21688000952690217,2.281477626779768,1.7661913965317257,33.65107133897711,-0.12524146000284433,-0.2463948148458804,7.644010874203689,0.35436895629159243,6.751756945427422,-1.256601656195531,-1.1073630359427495,0.05110694809070327
0.9676962310675726,1.1037134436490046,0.3239921088348553,0.1263768697019798,2.407846095439604,-0.005182525362123658,-0.0077820648904336365,2.281477626779768,1.7661913965317257,33.65107133897711,-2.1754032478547534,-12.211760263796954,0.29487254435903126,0.35436895629159243,6.751756945427422,-1.256601656195531,-3.159694376934488,0.05110694809070327
0.9676962310675726,1.1037134436490046,0.5639455826238322,0.04622734313988064,0.290706358424051,0.2804435083581514,0.14632270008368786,8.746760924912898,1.7661913965317257,11.106912798600279,-2.1754032478547534,-7.015772589342847,1.9954013094649625,0.7257041992405067,4.563680512978631,-1.256601656195531,-2.59773169996288,0.05857766955302217
0.9676962310675726,1.1037134436490046,0.5639455826238322,0.04622734313988064,0.290706358424051,0.2804435083581514,0.14632270008368786,8.746760924912898,1.8196702616988178,11.44322124917104,-2.1754032478547534,-7.1211964985439655,0.7936911396517644,0.35926309462894357,2.259270355203137,-1.0177713729971367,-1.48038059178193,0.05857766955302217
0.9676962310675726,1.197351290562671,0.6360621819462461,0.2596410922654776,1.2835248274710276,0.6889679988973878,0.7553360916747754,0.5815883497605626,0.4311049081926458,2.131148995260375,-2.1754032478547534,-3.0731639428438076,1.090351090120851,0.35926309462894357,1.7760020092614366,-1.245395548143351,-1.6060833686686622,0.33130829606759665
4.154628270704966,1.197351290562671,0.6360621819462461,0.04163349457597719,0.20581343067224595,0.6889679988973878,1.2985781115704775,0.4807596138020481,0.4311049081926458,2.131148995260375,-1.6119093855577549,-9.77641666932755,4.644890717549183,0.35926309462894357,1.7760020092614366,-1.245395548143351,-6.895427670745932,0.755047713511299
4.154628270704966,0.9565811926697896,0.7019081268301314,0.04163349457597719,0.16900996807946175,-0.7417931949849115,-1.266984135068901,0.4807596138020481,0.4311049081926458,1.7500579164589192,-1.6119093855577549,-8.859291808446391,4.644890717549183,0.08332216452213125,0.3382439189796629,-0.8948434997130454,-2.162192011229076,0.755047713511299
4.154628270704966,0.9565811926697896,0.5450567991255054,1.8399912958198021,12.386888869358641,-0.7417931949849115,-10.84666276204204,0.4807596138020481,0.4311049081926458,2.9022140490279447,-1.6119093855577549,-11.408735618535555,4.644890717549183,0.13716361770835483,0.9233905037119139,-1.3033883526451215,-5.203537751086448,0.755047713511299
0.3492876564730887,2.5425654543828777,0.5450567991255054,0.7462876728566402,5.024035977370623,-0.3911438786850414,-0.3062288805178392,0.4807596138020481,0.4311049081926458,2.9022140490279447,-1.6119093855577549,-0.959154530290424,0.5419455014963885,0.33541000430591783,2.257992447272638,-1.3033883526451215,-0.684097993327835,1.5177177912973865
1.0899074916984457,2.5425654543828777,0.5450567991255054,0.3738764470857146,2.516949950493104,1.783304776216329,3.0835606889571814,7.47829305482559,0.42352878666648136,2.851211321124527,-1.6119093855577549,-2.966504184139106,2.3749503102136855,3.1736056107121295,21.364829336080785,-1.2057246892538842,-6.074177877160907,1.5177177912973865
14.174130143760095,0.5770937896431867,0.5450567991255054,0.06295253009408354,0.42379874083748703,1.3906104431770974,12.831627202949473,7.47829305482559,1.0999452109880323,7.404871491428154,-1.6119093855577549,-62.172138102684684,2.3749503102136855,2.769417658897469,18.643821224337955,-1.2057246892538842,-73.7924678711553,0.39312087520569294
1.0237476104223515,2.2277413101454684,0.5918526746171965,0.2630581896042005,1.5019469506191214,1.3906104431770974,1.7447197783892205,7.47829305482559,0.789525447895531,4.507844217612427,0.9432908501066604,2.0503262526958737,1.4493249684779743,1.5589513483783073,8.900928830170045,-1.2057246892538842,-3.6826353632556237,0.31052712574744273
1.8603132084325955,2.2277413101454684,0.5374268498121039,0.2630581896042005,1.8215584133332081,-1.1161354954163025,-2.8023639709259784,1.3948370651804314,0.789525447895531,5.467104918188068,0.07488071645804295,0.32571275419220985,1.4493249684779743,2.692786412799472,18.64632214235349,-1.4883366088564816,-11.955942712419407,0.31052712574744273
1.8603132084325955,2.2277413101454684,0.5374268498121039,0.2630581896042005,1.8215584133332081,-1.1161354954163025,-2.8023639709259784,1.7615024517402935,0.789525447895531,5.467104918188068,0.2990833321502494,1.3009391530358128,1.4493249684779743,2.692786412799472,18.64632214235349,-1.4883366088564816,-11.955942712419407,0.31052712574744273
1.8603132084325955,0.6423300026440106,1.0374393926352228,0.2728823686664395,0.5070841111439123,0.31009632511133045,0.4107926745872542,1.7615024517402935,0.789525447895531,1.4671369642828904,2.0479740587972315,4.614725262827487,1.4493249684779743,3.411153594121747,6.338781786099765,-1.4883366088564816,-6.970920576183797,0.31052712574744273
0.5381953067017832,0.6423300026440106,0.20739718311441005,2.0623169352101205,95.89140828435876,0.012866632372011022,0.06781014093541753,1.7615024517402935,0.1461207992769052,6.794168725027201,2.0479740587972315,2.8729794619506097,1.4493249684779743,3.411153594121747,158.60817337528164,-1.4883366088564816,-10.087971631618046,0.31052712574744273
1.9061229240166218,0.6423300026440106,0.20739718311441005,2.0623169352101205,95.89140828435876,0.5455841396661588,10.18362713433681,1.7615024517402935,0.1461207992769052,6.794168725027201,2.0479740587972315,10.175213244078726,1.4493249684779743,3.411153594121747,158.60817337528164,-1.4883366088564816,-35.72850551539901,0.17390270018818485
1.359576275820946,0.6423300026440106,0.1796165308804951,1.6876086352965964,104.61865354429891,0.5455841396661588,7.586996392347631,1.7615024517402935,0.042713663080881155,2.647916007304178,-1.4801251190418947,-3.2745687222069044,1.4493249684779743,1.3926162800648874,86.33141421361191,-0.47738192922003675,-6.030509146934976,0.17390270018818485
1.359576275820946,0.6423300026440106,1.4634264947647735,0.596325041561624,0.5568923034916284,0.5455841396661588,0.5535424381183048,1.8771855833213886,0.055935754630227146,0.05223693300216819,-1.4801251190418947,-0.4599290505422955,1.3253588340114393,1.3926162800648874,1.3005277894323244,0.02612382006629621,0.04050420195142636,0.17390270018818485
11.449643485969695,3.088470691505125,1.4634264947647735,0.596325041561624,0.5568923034916284,0.5455841396661588,4.661646193393653,0.8614372218937671,0.06299844788666509,0.05883259684706152,-1.5921921324983135,-4.421773033845818,1.3253588340114393,1.3926162800648874,1.3005277894323244,0.02612382006629621,0.3411052989634736,0.17390270018818485
11.449643485969695,17.877301467401704,1.4634264947647735,0.9444012827389601,0.8819515685399885,0.5455841396661588,5.866459397609861,0.8614372218937671,0.07298378400095187,0.06815764014100252,-1.8676088539218552,-5.5825826405350645,1.3253588340114393,0.05296018041252127,0.04945812234553524,0.02612382006629621,0.06651926779063135,0.17390270018818485
11.449643485969695,17.877301467401704,1.1009520585273411,0.8011727683300588,1.3219631805873386,-0.6649003396370222,-8.75302559623441,0.8614372218937671,1.5251157681466996,2.5164945331648143,0.655422749447542,11.904508546287643,1.3253588340114393,1.1236594918375953,1.8540775903092424,0.02612382006629621,0.40727954625277346,0.17390270018818485
5.8003513586258935,5.219343144189417,1.1009520585273411,0.8011727683300588,1.3219631805873386,-0.6649003396370222,-4.43425369282628,0.8614372218937671,1.5251157681466996,2.5164945331648143,0.655422749447542,6.030784487294023,1.3253588340114393,0.32694007142727066,0.539462590055722,0.02612382006629621,0.111293974555167,0.0645784526288212
1.784421800087341,7.988841337310892,1.1332399972442995,1.1061562004836993,1.7226722784170814,-0.6649003396370222,-1.5572394870752602,0.8130103875689068,0.4785407546254896,0.7452554094310027,0.44462116501545784,0.6849205884732439,0.6622338091113604,2.328332006671041,3.626027681343295,0.15031992855260617,0.5107750072174201,0.12105619099320654
1.784421800087341,18.3384436150953,1.263166538053825,1.0833573871602244,1.3579398077326865,-0.6649003396370222,-1.3825929403518178,1.2880762879282113,0.4785407546254896,0.5998293342806964,-0.09567137092800332,-0.1322188477251781,0.6622338091113604,0.43721383754626614,0.548027900609902,0.15031992855260617,0.1985708138086337,0.12105619099320654
1.784421800087341,48.86949675898768,0.26909180101022595,1.0833573871602244,29.922702443149277,-1.1741363960806308,-11.460840746974634,0.6123591244079115,0.4785407546254896,13.217459701930178,-0.09567137092800332,-0.6206596541383742,0.6622338091113604,0.039562744054378714,1.092736554164064,-0.5287741120202696,-0.9863372627020286,0.12105619099320654
1.784421800087341,0.18299720124153493,0.26909180101022595,1.0833573871602244,29.922702443149277,1.4659125271934847,14.308891266160796,0.6123591244079115,0.4785407546254896,13.217459701930178,-0.12557564085591283,-0.8146609907000124,0.6622338091113604,0.041347944217511846,1.1420443946938799,-0.5287741120202696,-1.0083451139491757,0.12105619099320654
1.784421800087341,0.8289439850683279,0.7185024238390533,1.0833573871602244,4.197060887005406,-0.22570783408874284,-0.8251193812416773,0.6123591244079115,1.2112717722287303,4.692617080020937,0.3164863907019619,1.2233764565537693,0.6622338091113604,0.2778910817213846,1.0765845175041493,-0.5287741120202696,-0.9790204642701692,0.12105619099320654
1.784421800087341,0.8289439850683279,0.5680759255593435,0.40791533414218695,2.5280593042274977,-0.22570783408874284,-0.6403800332806939,0.7354658834114789,1.2112717722287303,7.506868748071121,0.3164863907019619,1.547326527587009,0.6622338091113604,0.8965580271510816,5.556427210772837,-0.5287741120202696,-2.2241574069011345,0.12105619099320654
1.784421800087341,0.8289439850683279,0.5957605307575061,0.6846432157066198,3.857898960533668,-0.22570783408874284,-0.7910784941504944,0.7354658834114789,1.2112717722287303,6.825400447709147,0.3164863907019619,1.4754232681105497,5.055337513297089,0.8965580271510816,5.052018630513146,-0.5287741120202696,-2.120802255746131,0.12105619099320654
1.784421800087341,0.8289439850683279,0.5957605307575061,0.9060810141303763,5.105679750240563,-0.22570783408874284,-0.9100619125167324,0.7354658834114789,1.2112717722287303,6.825400447709147,-1.3802605453201935,-6.4346164146379685,5.055337513297089,0.8965580271510816,5.052018630513146,-0.5287741120202696,-2.120802255746131,1.4223682761623104
0.35415813925352124,0.8289439850683279,0.5957605307575061,0.9060810141303763,5.105679750240563,-1.0859486268122729,-0.8690270462125707,0.7354658834114789,0.39940070050222776,2.2505847015713956,-1.44369932060887,-0.7670464432910774,5.055337513297089,0.8965580271510816,5.052018630513146,-0.9275367772327835,-0.7383475489412755,5.177744065657626
15.838097348422563,0.35656445413524435,0.5311928140132456,0.660594727083651,4.68231595632292,-1.0859486268122729,-37.217110034683735,0.25213445467143014,0.39940070050222776,2.83096457821305,-1.44369932060887,-38.47219610525618,3.0257037899809074,0.8965580271510816,6.354831160750878,-0.48841084973261323,-19.5002562851503,5.177744065657626
15.838097348422563,0.4930729628285875,0.5311928140132456,0.30949481681143437,2.1937088804099893,-0.683412164319962,-16.03153876064816,0.25213445467143014,0.39940070050222776,2.83096457821305,-1.8451224480221704,-49.16945768775556,3.0257037899809074,1.679111905944024,11.901597374781822,0.7539185161637607,41.19362819190429,5.177744065657626
13.682363174344752,0.4930729628285875,0.5311928140132456,1.688724665333994,11.969732912094777,-0.683412164319962,-32.35087625514205,3.8586217404418743,0.39940070050222776,2.83096457821305,0.9612218942993493,22.128500512159597,4.8091746159849675,1.679111905944024,11.901597374781822,0.952015280135889,44.93737088765183,5.177744065657626
13.682363174344752,1.9792089631503127,0.5311928140132456,1.688724665333994,11.969732912094777,1.917901148337214,90.78823286850842,3.8586217404418743,0.39940070050222776,2.83096457821305,1.0769627833497555,24.79299695966988,0.7131691572643454,1.679111905944024,11.901597374781822,0.952015280135889,44.93737088765183,5.177744065657626
9.147598320604097,1.4566307017329767,0.5311928140132456,1.688724665333994,11.969732912094777,1.917901148337214,60.698161270547736,1.2893844000448902,0.39940070050222776,2.83096457821305,1.0769627833497555,16.5758191374627,0.7131691572643454,1.679111905944024,11.901597374781822,-0.3461399097823632,-10.923489343528864,5.177744065657626
9.147598320604097,1.0343030154429358,0.5311928140132456,2.1737258509145447,15.407436388937363,1.8172338311413778,65.25038690450604,1.2893844000448902,0.15520105999381062,1.1000699367605282,1.0769627833497555,10.332797775195278,0.7131691572643454,0.3927646306292028,2.7839279087093227,-0.3461399097823632,-5.283086903650972,5.177744065657626
9.147598320604097,1.0343030154429358,0.9037634113410288,2.1737258509145447,5.322617479031452,1.8723812120378105,39.5151821896434,2.46245240754864,0.07438267356873829,0.1821345218429854,1.4018370100685826,5.472688669817341,0.4712941189758139,0.3927646306292028,0.961729321686441,-0.3461399097823632,-3.1051686357414754,0.4046573647407758
350.05472134595186,0.7851917377751554,1.506172297399241,1.6422518071092922,1.4478395408042042,1.8723812120378105,788.6611192511339,0.6776106749999095,0.04838189913941426,0.04265437634472523,1.4018370100685826,101.34801789691439,0.4712941189758139,0.3927646306292028,0.3462685563764299,-0.3461399097823632,-71.3007575076109,1.3030881058276729
350.05472134595186,2.7480252188405947,0.8093364379581576,1.6422518071092922,5.014314352062304,1.0004250782767645,784.1990067191944,0.6776106749999095,0.04838189913941426,0.14772524541277643,1.405958806404784,189.1628706159133,4.4995628865650525,0.3927646306292028,1.1992346824163942,-0.3461399097823632,-132.69046184609888,1.3030881058276729
350.05472134595186,4.928902622136201,0.8093364379581576,0.6982988910778944,2.132127446231547,1.0004250782767645,511.3603962702017,0.6776106749999095,0.04838189913941426,0.14772524541277643,1.405958806404784,189.1628706159133,0.08136079521157184,0.3927646306292028,1.1992346824163942,-1.0724411872161679,-411.11328804576533,1.3030881058276729
155.43459563751523,16.406435220106133,0.8093364379581576,1.3944554555574273,4.257713691556835,1.0004250782767645,320.8636242574541,0.6776106749999095,1.0041458066112523,3.065974844939778,1.405958806404784,382.65251995976706,0.684210584134805,0.9565096097587119,2.9205264645383537,1.2286550435918802,326.3684947469278,4.248250893355677
155.43459563751523,18.336238127278165,0.8093364379581576,1.1448302754679605,3.495529038910902,0.2403115689801164,69.83591437508444,1.029654862931084,0.5226597688073964,1.5958456362362707,1.405958806404784,276.0677808714045,0.38740635206219115,1.733897682483138,5.294138205021418,1.2286550435918802,439.41541956381786,4.248250893355677
155.43459563751523,25.165593015734746,0.8093364379581576,1.1448302754679605,3.495529038910902,-0.9684044267849202,-281.4238570220485,7.127231432198906,0.5502052680305695,1.6799507603661696,2.5092585858402208,505.52353918987103,0.31985974746784407,1.733897682483138,5.294138205021418,-1.4691144957590332,-525.413187296266,4.248250893355677
17.75422094859115,25.165593015734746,0.49480714631243666,1.1448302754679605,9.351885371857326,-0.9684044267849202,-52.57847357684243,7.127231432198906,0.8921023998983874,7.287402825190246,3.006791376242167,144.1090663896258,0.31985974746784407,0.23263107098195598,1.9003158427710036,-1.4691144957590332,-35.955899575229544,1.0357731517245872
17.75422094859115,25.165593015734746,0.49480714631243666,0.3385329241038502,2.7654065136640296,-1.1490482462210696,-33.9249624205182,7.127231432198906,0.8921023998983874,7.287402825190246,1.089005170371859,52.19368381716564,0.31985974746784407,0.23263107098195598,1.9003158427710036,-1.4691144957590332,-35.955899575229544,1.0357731517245872
3.3267476620592875,25.165593015734746,0.1797446044703743,0.3385329241038502,20.956520799433065,0.5085219030376806,7.744423877402145,1.2491638283489845,3.272332087370751,202.57023931474507,0.9922979338777751,46.98397621863443,4.0563460771316295,0.0033237383153774404,0.20575248721365874,1.141697525821006,1.7228341317334048,1.1832488330847477
2.225713097532443,7.116991591248294,0.2926437639527312,0.7141728263013688,16.678414742549474,0.5085219030376806,4.62227978547937,1.2491638283489845,3.272332087370751,76.42031412924598,0.9116478254862177,17.73783828563144,1.9686942044899576,0.0008130444551264669,0.0189874105081214,1.141697525821006,0.35014917815910335,1.1832488330847477
1.3155403424763743,7.116991591248294,0.9440036124135907,0.7141728263013688,1.6028246204151402,0.5085219030376806,0.8469481753969708,1.12620411689617,0.3364634759398588,0.7551280631885745,0.9116478254862177,1.0421772206891993,1.3980731983726267,0.0008130444551264669,0.001824723123277725,1.141697525821006,0.0641584285940938,1.1832488330847477
1.3155403424763743,2.076221974267041,0.9440036124135907,0.7141728263013688,1.6028246204151402,0.5085219030376806,0.8469481753969708,0.6967231177250034,0.677727911161931,1.521030963301419,-0.28629508117710456,-0.46450146142828475,1.3980731983726267,0.0008130444551264669,0.001824723123277725,1.141697525821006,0.0641584285940938,1.1832488330847477
1.3155403424763743,2.076221974267041,0.9440036124135907,0.1220216279826873,0.27385425817259684,0.5085219030376806,0.35008506476725604,0.6967231177250034,0.677727911161931,1.521030963301419,-0.28629508117710456,-0.46450146142828475,16.106224775343442,0.0007249800881924708,0.0016270794573403173,1.141697525821006,0.06058423265600595,1.1832488330847477
1.3155403424763743,0.280020469956367,0.9440036124135907,0.8892634428736099,1.995782096127371,0.5782644995218795,1.0747000351059084,0.6967231177250034,0.677727911161931,1.521030963301419,-0.28629508117710456,-0.46450146142828475,16.106224775343442,0.000204166112426164,0.00045821187757290896,1.1254019472320433,0.03169166118870918,0.6334883347710649
0.6700637218341546,0.280020469956367,0.9440036124135907,0.8892634428736099,1.995782096127371,-0.12801094168771354,-0.12117687791104405,0.6967231177250034,0.677727911161931,1.521030963301419,-0.8640561542202204,-0.7140474960697142,2.0611072518292324,0.000496066801684331,0.001113327270134356,1.1254019472320433,0.025161422540998655,2.110336755031204
0.6700637218341546,1.624409824087991,0.9440036124135907,0.8892634428736099,1.995782096127371,-0.12801094168771354,-0.12117687791104405,0.6967231177250034,0.677727911161931,1.521030963301419,-1.12810548126743,-0.9322552594148026,2.0611072518292324,0.0004666544657030054,0.0010473168948881585,1.1254019472320433,0.024404101480085837,2.110336755031204
0.6700637218341546,3.529783072773261,0.9440036124135907,0.8503635851055872,1.9084787887694912,-0.12801094168771354,-0.11849686657559212,0.7466079356003997,2.0311859838715867,4.558609322133052,-0.9902466708879647,-1.4166927893188979,0.3689522874936319,0.0004666544657030054,0.0010473168948881585,1.1254019472320433,0.024404101480085837,2.110336755031204
0.6700637218341546,0.24480702693574513,0.9440036124135907,0.8503635851055872,1.9084787887694912,-0.12801094168771354,-0.11849686657559212,0.8713660657616229,2.0311859838715867,4.558609322133052,-0.9902466708879647,-1.4166927893188979,0.7773248561431321,0.0021332890631790935,0.004787760198933863,-1.9998931450172226,-0.09272334535481329,2.110336755031204
0.6700637218341546,2.806130512159536,1.15106964571437,0.8503635851055872,1.283605138218596,-1.444679296260627,-1.0967389758201,0.20519576773605067,1.3508592430798982,2.0390923315609037,-0.9902466708879647,-0.9474972147442243,0.7773248561431321,0.009834614326740787,0.01484513413240201,-1.9998931450172226,-0.16327322084941842,1.9029173029400939
0.6700637218341546,0.5642235684289463,1.15106964571437,0.8503635851055872,1.283605138218596,-1.444679296260627,-1.0967389758201,0.24471427644365276,1.3508592430798982,2.0390923315609037,-0.9902466708879647,-0.9474972147442243,0.7773248561431321,0.009834614326740787,0.01484513413240201,-0.8592660623717765,-0.07015131679389251,3.8191601342140555
0.6013349972353179,0.5642235684289463,1.15106964571437,0.7119552359428549,1.0746807777809642,-0.6702518672658699,-0.417824837775701,0.12170838169558988,1.3508592430798982,2.0390923315609037,-0.9902466708879647,-0.8503120172646951,0.39302360378432083,0.009834614326740787,0.01484513413240201,-0.8592660623717765,-0.06295586601053176,3.8191601342140555
0.6091862339242312,1.0708866574944005,1.15106964571437,0.7119552359428549,1.0746807777809642,0.6143504855442146,0.38797704160521,0.20595075385869627,1.3508592430798982,2.0390923315609037,-0.8265982923217723,-0.7190565227581767,0.39302360378432083,0.009834614326740787,0.01484513413240201,-2.0280289650040535,-0.15052765543130547,5.263400364213725
0.6091862339242312,1.931978497740862,1.15106964571437,0.7119552359428549,1.0746807777809642,0.6143504855442146,0.38797704160521,0.20595075385869627,1.0825259335076018,1.6340490995186552,-0.8265982923217723,-0.6436905532871635,0.3098168137918723,0.27496102969164526,0.4150476298655805,-2.2823858582465903,-0.895752682968961,0.20597230808440292
0.6091862339242312,1.931978497740862,1.15106964571437,0.257705916857864,0.3890014163612321,0.6143504855442146,0.23342204950862686,0.3198890372002249,1.0825259335076018,1.6340490995186552,-0.8265982923217723,-0.6436905532871635,1.29363550270698,0.18256634168294902,0.27557987942405543,-2.2823858582465903,-0.7298992232088759,0.204233957588215
0.6091862339242312,1.931978497740862,1.15106964571437,0.6160290779369174,0.9298823510107239,0.6143504855442146,0.36089452130895483,0.3198890372002249,1.0825259335076018,1.6340490995186552,-0.8265982923217723,-0.6436905532871635,1.29363550270698,0.18256634168294902,0.27557987942405543,-2.2823858582465903,-0.7298992232088759,0.204233957588215
0.6091862339242312,1.931978497740862,1.3573219981435485,1.6484292383548915,1.7895116463397356,0.6143504855442146,0.5006492284920763,0.3198890372002249,1.0825259335076018,1.1751749607462303,2.0093005977682417,1.3269246408900317,1.29363550270698,0.18256634168294902,0.1981914583105328,-1.2068357677243282,-0.3272960172644919,0.204233957588215
0.29518689010482463,1.931978497740862,1.3573219981435485,1.6484292383548915,1.7895116463397356,-1.481019641197392,-0.5848239480998046,0.3198890372002249,0.5454305906514629,0.5921117943860557,1.11621610325189,0.2535404198895461,1.1144014373476023,0.18256634168294902,0.1981914583105328,-1.2068357677243282,-0.15859434783619367,0.204233957588215
0.29518689010482463,0.5718872772340929,1.3573219981435485,0.9329906067864492,1.0128415087056826,-0.623498945433398,-0.18522667663328637,0.7008979267112962,0.1999288150511433,0.21703991572606304,-1.3597700669283548,-0.18699601361973395,1.1144014373476023,0.2121845269172156,0.2303445445255425,-0.1903589660501528,-0.026968660013551582,0.6544731586584699
8.941815327171883,1.4941296098272918,0.28035528136269355,0.7121653227094269,18.12146626621525,-0.7618507491007754,-28.999617030546254,0.7008979267112962,0.1999288150511433,5.087306503228767,-1.3597700669283548,-27.424273090860453,1.1606983642659336,0.2121845269172156,5.399160313106139,-0.1903589660501528,-3.9551425872115833,0.6544731586584699
8.154069295860635,1.4941296098272918,0.6413344181509556,0.7121653227094269,3.4629141369421195,-1.3181082795841945,-20.000753048476696,0.7008979267112962,0.1999288150511433,0.9721567421855124,-0.2334346117882744,-1.8767559191950285,1.1606983642659336,1.5249008818958731,7.414852496977421,-0.1903589660501528,-4.226676343849037,0.8116397873489279
40.481959499043434,1.4941296098272918,0.6413344181509556,0.14764182560854613,0.7179105030818567,-2.108176076958412,-72.31086561132567,0.7008979267112962,0.23046377329059042,1.120633416331948,-0.2334346117882744,-10.003651656789852,0.7594105256463098,1.5249008818958731,7.414852496977421,0.10241195428343047,11.289207035619427,0.8116397873489279
19.403912734960247,1.4941296098272918,0.6413344181509556,0.7011238977429808,3.4092250490449088,-2.108176076958412,-75.53079031217261,2.314503197043612,0.36938822522916803,1.7961555644123384,-0.2334346117882744,-6.070528983577298,0.7594105256463098,2.6485645939331035,12.878683477652993,0.10241195428343047,7.131414853761257,4.1065028963080685
3.3767706380786326,1.4941296098272918,0.7038416752604302,0.7011238977429808,2.8305759297721487,-2.108176076958412,-11.976939292373784,2.915150918499308,0.7214282482859146,2.912548611207624,-0.2334346117882744,-1.3452512500868645,0.7594105256463098,2.6485645939331035,10.692779424817205,0.10241195428343047,1.130830518510622,4.1065028963080685
3.3767706380786326,1.4941296098272918,0.7038416752604302,0.7011238977429808,2.8305759297721487,-2.108176076958412,-11.976939292373784,2.915150918499308,0.7214282482859146,2.912548611207624,-1.9294608314178903,-11.119214822405086,0.7594105256463098,2.6485645939331035,10.692779424817205,0.4261393820863641,4.705421566986793,3.349919232363558
3.3767706380786326,0.41058775804238845,0.7038416752604302,0.7011238977429808,2.8305759297721487,-1.0964854912764768,-6.2293374388984075,0.7576957076512146,0.7214282482859146,2.912548611207624,-1.9294608314178903,-11.119214822405086,0.7594105256463098,2.6485645939331035,10.692779424817205,0.4261393820863641,4.705421566986793,4.337082549684085
18.074050178573472,0.41058775804238845,0.7038416752604302,0.7011238977429808,2.8305759297721487,-0.050675013708739725,-1.540943670010653,0.7576957076512146,0.7214282482859146,2.912548611207624,0.8445995285327976,26.052110383302484,0.7594105256463098,2.6485645939331035,10.692779424817205,0.4261393820863641,25.185609159836783,4.337082549684085
18.074050178573472,0.41058775804238845,0.7038416752604302,0.7011238977429808,2.8305759297721487,-0.050675013708739725,-1.540943670010653,0.7576957076512146,0.4977751811132975,2.0096169173993577,0.8445995285327976,21.640284067127585,0.6374032544077793,4.041843994380766,16.317724098718827,0.08782129448898518,6.411875940842309,2.4692909556659024
9.343711242820627,0.864237851483121,1.3131258148122449,1.087943913082214,1.2618967559756618,0.48528926936972916,5.093684117681804,0.3180826908485349,0.07435626251177332,0.08624518720294629,0.8445995285327976,2.317595707579782,0.6374032544077793,4.041843994380766,4.688099968516826,0.08782129448898518,1.77671461534949,2.4692909556659024
9.343711242820627,0.864237851483121,1.3131258148122449,1.087943913082214,1.2618967559756618,0.8605427618056123,9.032412779470993,0.3180826908485349,1.059273330477068,1.2286419946351919,0.42000667174483824,4.349990168386017,1.8737420732404997,0.8091007183268928,0.9384689407579124,-1.0044864782222804,-9.092293691037456,0.5166397586271302
10.36260055202005,0.864237851483121,0.4760010970501034,1.087943913082214,9.603302187980137,0.8605427618056123,27.63449364229804,0.3180826908485349,0.6184030027245662,5.458655393634741,0.42000667174483824,10.168755047973674,1.8737420732404997,0.8091007183268928,7.141947857028713,-0.42930219548915594,-11.888859775611007,0.9293559098905868
10.36260055202005,6.020316155308055,0.4760010970501034,1.7877179744215976,15.780221506654998,0.02151529819504794,0.8856715104658623,0.3180826908485349,0.05584013281445799,0.49290194392002856,0.42000667174483824,3.055661289042038,1.8737420732404997,0.8091007183268928,7.141947857028713,-0.803274823983786,-22.24545283943948,0.9293559098905868
3.0697211317197075,3.647453663770107,1.3901476015652519,1.7877179744215976,1.8501509920440886,0.02151529819504794,0.08983589108835557,3.3136929453304727,0.05584013281445799,0.05779025472738178,0.42000667174483824,0.30994341753286586,0.48000131876522145,1.503084111857735,1.5555767746750129,-0.803274823983786,-3.0754509483946206,0.9293559098905868
1.8289117349115345,3.647453663770107,1.3901476015652519,2.0426970689622275,2.1140347989222295,-0.8388420723134585,-2.2306375921252073,3.3136929453304727,0.7627867918712601,0.7894258266074353,0.42000667174483824,0.6825030569362028,0.48000131876522145,1.503084111857735,1.5555767746750129,-0.803274823983786,-1.8323255072074465,0.9293559098905868
0.4184634680561565,12.227247489156547,0.30568153592936825,0.3731390568865527,7.986606577471863,0.7102289057164736,0.8399182918363138,3.3136929453304727,0.7627867918712601,16.32656216692929,0.42000667174483824,0.7101680214425163,1.5924192551063592,1.7752467545037804,37.997087532078254,-0.4729774787901254,-1.2200374632213762,0.9293559098905868
0.4184634680561565,23.271734268012327,0.27153118635582774,0.3731390568865527,10.121882021551007,0.7102289057164736,0.9455544202839423,2.054453491821321,0.7627867918712601,20.691583398801594,2.0985871256279616,3.9946746826928488,0.8479814697805014,0.16080647042718998,4.3620845685444145,-0.4729774787901254,-0.4133758038666756,0.28836738506944065
0.4184634680561565,24.237116507894005,0.27153118635582774,0.3731390568865527,10.121882021551007,-0.8219884429983199,-1.0943440902553918,2.054453491821321,2.0104733412144546,54.536703118251204,2.0985871256279616,6.485283926825515,0.8479814697805014,0.8858582898861573,24.030057782899853,-0.41228455089283045,-0.8457305501227064,0.2468505929588629
0.4184634680561565,5.121128929771662,0.27153118635582774,0.3731390568865527,10.121882021551007,-0.8219884429983199,-1.0943440902553918,7.827113136493274,2.0104733412144546,54.536703118251204,2.0985871256279616,6.485283926825515,0.8479814697805014,0.2902739122503194,7.874057243557522,0.07185205737089279,0.08437155275706794,0.2468505929588629
0.4184634680561565,5.121128929771662,1.0950487779483633,1.309399064808519,2.183911787384064,-0.8219884429983199,-0.5083242255394927,7.827113136493274,0.8181398516833516,1.364553644370601,0.6733678531292935,0.32915862233934223,0.9839139790093037,0.2902739122503194,0.48414011860185924,-0.91500869405439,-0.2664209095875257,1.9635422535112808
3.155908152662261,3.426769515673866,0.5319548591673716,1.309399064808519,9.254489380611542,0.6394622106872508,6.139252146813032,7.827113136493274,0.8181398516833516,5.782398027270546,0.6733678531292935,5.110115612373662,0.9839139790093037,0.2902739122503194,2.0515799274547257,0.3047674440938406,1.3776444560689,1.9635422535112808
3.155908152662261,4.2279986037383255,0.649956277103415,1.309399064808519,6.19917272731508,2.2174970513169865,17.424257274586445,7.827113136493274,0.8181398516833516,3.8733724438902932,0.6733678531292935,4.182359531973103,0.9839139790093037,0.2902739122503194,1.3742625671848756,0.3047674440938406,1.1275291714649271,1.9635422535112808
3.155908152662261,17.034668309588003,0.4331119304940426,0.1348994259240156,1.438267951272381,1.7955529789068208,6.795829599545976,2.4680239198290166,0.8181398516833516,8.722826804301617,0.6733678531292935,6.27632406202352,0.9839139790093037,0.2902739122503194,3.094836484443196,0.3047674440938406,1.6920445063124905,1.9635422535112808
6.4665087978376325,32.6317055688397,0.4331119304940426,0.1348994259240156,1.438267951272381,1.7955529789068208,13.924768962936414,1.8640672563689271,0.8181398516833516,8.722826804301617,0.6733678531292935,12.86029339317675,2.0328105032978288,0.2902739122503194,3.094836484443196,-1.6733473038709474,-19.035961382720316,1.9635422535112808
6.4665087978376325,32.6317055688397,0.8819595913907898,0.5469119631624669,1.4062095522851505,1.7955529789068208,13.768705739581879,0.503016412856882,1.4019603359772472,3.604693532349119,2.945711279979875,36.16547922197609,0.22310258073915415,0.2902739122503194,0.7463467169839986,-0.5368831741704676,-2.999300498050546,1.9635422535112808
6.4665087978376325,41.13447203146844,0.2311619935166879,0.5469119631624669,20.469845118764155,1.1520961906792646,33.706673306998525,0.503016412856882,0.7398179138743634,27.68993756422314,2.945711279979875,100.23537945859034,0.22310258073915415,0.2902739122503194,10.864384811448478,-0.5368831741704676,-11.443325096293941,1.9635422535112808
2.3648869842968083,6.043797163005138,0.2311619935166879,0.5469119631624669,20.469845118764155,-1.0381106533595599,-11.107372002686702,0.503016412856882,0.7398179138743634,27.68993756422314,1.6755301348485345,20.85084320341725,1.5997534705483973,0.07691478863494634,2.8787701069762996,-0.5368831741704676,-2.1542379715107343,1.9635422535112808
1.783983935163462,1.4134650037308019,0.21658368089503136,2.436416721485244,103.87956117850344,0.26685485446906454,4.852115162149212,0.503016412856882,0.7398179138743634,31.5430277454407,0.22453163596093195,2.2496770032979034,1.5997534705483973,0.002026246672531693,0.08639146715988824,-0.5368831741704676,-0.2815179928680938,0.7904674209488686
0.7439574643220077,0.5456672910714863,0.21658368089503136,1.9683048208409184,83.9210465317461,0.26685485446906454,1.8186899155896517,0.503016412856882,0.7398179138743634,31.5430277454407,0.22453163596093195,0.938160913855812,0.6043925273447689,0.002026246672531693,0.08639146715988824,-0.5368831741704676,-0.11739870971202322,0.7904674209488686
0.5317604896129547,0.5456672910714863,0.21658368089503136,1.9683048208409184,83.9210465317461,-0.8155935173305491,-3.9730613964368704,0.503016412856882,0.7398179138743634,31.5430277454407,-0.3952877280694801,-1.1805410315295428,0.6043925273447689,0.12015069952333247,5.122769775675089,0.7280748012021807,0.8762831993406115,0.7904674209488686
3.5618038233521427,0.5456672910714863,0.21658368089503136,1.9295451642389023,82.26848189297098,0.6972417652776739,22.5252765253801,0.503016412856882,0.7398179138743634,31.5430277454407,1.1019774394174768,22.04420231103242,2.459846163923286,0.12015069952333247,5.122769775675089,0.9360874589888344,7.546382980279296,0.7904674209488686
2.3176822444976137,0.5456672910714863,0.47104334635655626,1.9295451642389023,17.392547449039387,0.790009333885987,7.636031558368191,0.503016412856882,0.7398179138743634,6.668575791427322,1.1019774394174768,6.595430417096699,1.426583081831035,0.12015069952333247,1.0830152002786182,-1.367090166168594,-3.2973749101145726,0.7904674209488686
4.932046694463898,0.7302587647304754,0.34979456828418237,1.3735773098478803,22.452100682978404,-0.25216391534316696,-5.893029421208865,0.3643611852341494,0.7398179138743634,12.092851396342454,1.1019774394174768,18.9001060506561,1.426583081831035,0.37776229986400184,6.174794188846462,-1.367090166168594,-16.75465857936665,0.7904674209488686
2.6976846571601194,0.7302587647304754,0.34979456828418237,0.687423453960947,11.236426584449937,-0.25216391534316696,-2.280280274239153,0.3643611852341494,0.7398179138743634,12.092851396342454,1.1019774394174768,10.33780279671424,1.426583081831035,0.37776229986400184,6.174794188846462,-1.367090166168594,-9.164306054978782,0.7904674209488686
2.6976846571601194,0.7302587647304754,0.34979456828418237,1.1444341649093188,18.706592567716466,-0.5966952038478689,-6.962113076271858,0.3643611852341494,0.14800394718417745,2.41923006432407,1.1019774394174768,4.623836519703444,0.23663342377834845,0.37776229986400184,6.174794188846462,-1.367090166168594,-9.164306054978782,1.354272162765371
2.6976846571601194,0.7302587647304754,0.34979456828418237,3.3275829827944916,54.39171688773861,0.40963851462283773,8.150013881342819,0.41834346261011446,0.22754013004491377,3.719305693650533,1.1019774394174768,5.733170041099979,0.23663342377834845,0.37776229986400184,6.174794188846462,-1.367090166168594,-9.164306054978782,1.354272162765371
2.6976846571601194,0.7302587647304754,0.45828728469051994,1.4054804869749178,13.383792677240713,-0.49367325746119606,-4.872147010732214,1.1338405647653824,0.22754013004491377,2.166767845228622,1.1019774394174768,4.37592707984608,0.21491659278448305,0.37776229986400184,3.59726965227349,-1.1180932196364362,-5.720785874456806,1.0113791227553703
2.6976846571601194,0.7302587647304754,0.749516524767004,3.958597976759879,14.093179046752045,-0.49367325746119606,-4.999600105582433,1.447282607658466,0.22754013004491377,0.8100756408886354,1.1019774394174768,2.67563378946153,1.5434561982373283,0.37776229986400184,1.3448882054584927,-0.37826094585153835,-1.1833842329214221,0.6241581185265088
2.6976846571601194,0.7302587647304754,0.44342019768969465,3.958597976759879,40.26618193982291,-0.019141701177442128,-0.3276739676506468,1.447282607658466,0.22754013004491377,2.3144993072771487,1.1019774394174768,4.52264409667188,1.5434561982373283,0.37776229986400184,3.842533539811514,-0.37826094585153835,-2.000283348265587,0.6241581185265088
2.6976846571601194,0.7302587647304754,0.44342019768969465,1.9963729016661667,20.30676389725698,-0.019141701177442128,-0.2326976909230263,1.447282607658466,0.22754013004491377,2.3144993072771487,1.1019774394174768,4.52264409667188,1.5434561982373283,0.7981227970127895,8.118368660699874,-0.37826094585153835,-2.9074822404536285,1.0828582078533946
2.6976846571601194,0.7302587647304754,0.44342019768969465,1.9963729016661667,20.30676389725698,-1.2072166505518898,-14.67563015550079,1.447282607658466,0.22754013004491377,2.3144993072771487,0.9763304437618984,4.006974153858306,0.6816151944204125,0.9463107662236822,9.625711352372406,-0.37826094585153835,-3.1659139264082947,0.6837200190184574
2.6976846571601194,0.7302587647304754,0.44342019768969465,1.9963729016661667,20.30676389725698,-1.2072166505518898,-14.67563015550079,1.447282607658466,0.5504700048991744,5.599286792903312,0.9763304437618984,6.232386379345708,0.6816151944204125,0.964749927612946,9.813271350047536,-0.37826094585153835,-3.1966095311826623,0.6837200190184574
6.839322302375532,1.339913067141176,0.44342019768969465,0.47619603309282876,4.843784648026375,-1.2072166505518898,-18.17149673208664,1.447282607658466,0.5504700048991744,5.599286792903312,0.30982517636866314,5.014136263423385,0.6816151944204125,0.10359229834985519,1.0537231508246956,-0.37826094585153835,-2.6556316465839562,0.5447591735055364
4.516616624057676,1.339913067141176,0.44342019768969465,0.47619603309282876,4.843784648026375,-1.2072166505518898,-12.000265610475068,1.447282607658466,1.13412608536873,11.536136673705595,0.30982517636866314,4.7529159090911985,0.6816151944204125,0.10359229834985519,1.0537231508246956,0.2658425856511254,1.2325400552490995,0.5447591735055364
1.2180780318366182,1.339913067141176,0.44342019768969465,1.8757134874780235,19.079436961565243,-1.2072166505518898,-6.423076650636342,1.447282607658466,1.5215137244360615,15.47657751854509,0.30982517636866314,1.4846677674421442,0.6816151944204125,1.923706053331201,19.56760913761044,0.21307368510037575,1.1480843849074542,2.1421757501137053
1.2180780318366182,1.339913067141176,0.44342019768969465,0.3350412078425875,3.407981894481218,-1.2072166505518898,-2.7146195156868176,0.8871688286543175,0.11271516558612962,1.1465193968959744,-0.01912649671244343,-0.024946018733673442,1.0630971566649081,0.2979869227549495,3.031072040601554,-1.3564424714961143,-2.8765678316301155,2.1421757501137053
1.6208606516138453,4.659200097721549,0.44342019768969465,3.6453498093546326,37.079875127384284,-1.2072166505518898,-11.915164090325693,2.155823061569714,0.11271516558612962,1.1465193968959744,-0.01912649671244343,-0.03319493425135228,1.8553048017392717,0.2979869227549495,3.031072040601554,-0.04380362709740582,-0.12361007836384826,0.3931495457079062
0.38671448598158364,11.13440864124076,0.21045222860077994,3.9449529362426112,178.1413601156164,-1.2072166505518898,-6.231004134256156,3.622007951921055,0.11271516558612962,5.089853599697087,-0.01912649671244343,-0.01668700961689847,1.8553048017392717,0.2979869227549495,13.456129027180165,0.41105725886079286,0.5831131478731221,0.39193866388631493
2.948793254312088,11.13440864124076,0.21045222860077994,3.9449529362426112,178.1413601156164,0.622741724633955,24.50951240213649,0.6545978164467706,0.11271516558612962,5.089853599697087,-0.006241573510544137,-0.04152322336914515,1.8553048017392717,0.2979869227549495,13.456129027180165,0.41105725886079286,4.44638145008831,0.39193866388631493
2.948793254312088,0.471928938904037,0.21045222860077994,3.9449529362426112,178.1413601156164,0.622741724633955,24.50951240213649,0.6545978164467706,0.11271516558612962,5.089853599697087,-0.006241573510544137,-0.04152322336914515,1.8553048017392717,0.6882782485588513,31.080427401258003,-0.7557997739576439,-12.42494781171776,0.7112713959074449
2.948793254312088,0.471928938904037,0.5307259052031402,0.6607556297758359,4.691700653626198,-0.49437510435300136,-3.1576650797605197,0.6545978164467706,2.140087582495804,15.19570905967037,-0.006241573510544137,-0.07174619922171711,1.8553048017392717,0.6882782485588513,4.887125229240612,-0.2630542596604209,-1.7148115380075872,1.5997933054399112
2.948793254312088,0.471928938904037,0.5307259052031402,0.6607556297758359,4.691700653626198,-0.49437510435300136,-3.1576650797605197,2.0111440997329555,2.140087582495804,15.19570905967037,-0.006241573510544137,-0.07174619922171711,1.8553048017392717,0.6882782485588513,4.887125229240612,-0.5596138517638469,-3.6480393477463933,1.5997933054399112
5.712675790973995,0.471928938904037,0.5307259052031402,0.6607556297758359,4.691700653626198,-0.49437510435300136,-6.117321663963202,0.6397084583830432,2.140087582495804,15.19570905967037,-1.6751701995068229,-37.30430909047016,0.9667467658087895,0.1776864626231701,1.2616641542842,0.8124229951459405,5.2130713246116365,1.5997933054399112
6.444045110410352,0.471928938904037,0.5307259052031402,0.3918791279508367,2.7825408939355545,-0.49437510435300136,-5.3141761056521055,0.6397084583830432,2.140087582495804,15.19570905967037,0.42848517997125035,10.763533391489824,0.9667467658087895,0.1776864626231701,1.2616641542842,0.8124229951459405,5.880478432306847,1.5997933054399112
6.779546098824728,3.092490059992998,0.6700601346248916,0.3918791279508367,1.7456395305460661,-0.49437510435300136,-4.428274098318637,0.8312975222797748,0.254938061491773,1.1356306734372803,1.2122006631203175,8.757773169367885,1.3987016295184,0.1776864626231701,0.7915106752937734,-0.5285445307910752,-3.1879433087759854,1.5997933054399112
6.779546098824728,0.4805584182478458,0.6700601346248916,0.20403494151564916,0.9088809128080316,-0.49437510435300136,-3.1952931042976087,0.8312975222797748,0.20360912528343073,0.9069840992380016,1.2122006631203175,7.826633042023291,2.451684530597261,0.2467100901002347,1.098978881869873,-0.6255453077191727,-4.445842390012581,0.6539730487345586
18.398436493775204,0.8317354513582963,0.6700601346248916,0.20403494151564916,0.9088809128080316,0.4795881630808043,8.412069751340379,0.8312975222797748,0.20360912528343073,0.9069840992380016,1.2122006631203175,21.240037147724532,1.0542204529875252,0.2467100901002347,1.098978881869873,0.7992453435623611,15.415432229832112,1.927821738974355
18.398436493775204,0.8317354513582963,0.6700601346248916,0.20403494151564916,0.9088809128080316,0.4795881630808043,8.412069751340379,0.8312975222797748,0.28835519312870506,1.2844884763213587,1.2122006631203175,25.276709749915387,0.221562321017716,0.2467100901002347,1.098978881869873,0.7992453435623611,15.415432229832112,1.927821738974355
11.08092692454897,0.8317354513582963,0.6700601346248916,0.14458363217703432,0.6440529382565817,0.035753710693523566,0.3179493895163468,0.8962617096377974,0.28835519312870506,1.2844884763213587,-0.9573032437655469,-12.022387657647398,0.5459432125467516,0.3121712313056209,1.3905778664861603,0.8596259586427485,11.232676948877728,1.927821738974355
11.08092692454897,1.5566258001100308,0.6700601346248916,0.34599159617855535,1.541231886179428,0.7866645806730699,10.82180440604071,0.8962617096377974,0.4847723789468105,2.159435825101088,-0.9573032437655469,-15.58819293323204,0.5459432125467516,0.3121712313056209,1.3905778664861603,0.8596259586427485,11.232676948877728,1.927821738974355
11.08092692454897,1.5566258001100308,0.6700601346248916,0.7840572204252032,3.4926108092085313,0.7866645806730699,16.290738948089416,1.6158959068004917,0.4847723789468105,2.159435825101088,1.0794268761924912,17.576786157350014,0.13381401680160684,0.3121712313056209,1.3905778664861603,0.8596259586427485,11.232676948877728,1.927821738974355
11.08092692454897,1.5566258001100308,0.4287733233998842,1.269362989458438,13.808939038249331,-0.34397451434782456,-14.1638889532083,0.6494403502100722,1.0601657022442788,11.533157713208542,0.3445019754508156,12.964086583625532,0.17760407654853885,2.024318970181631,22.02183101709622,0.8596259586427485,44.70049427934365,1.0702143413134202
24.51062742253794,1.6453623314034251,1.2823373399504345,0.8734117145656367,1.0622932726816559,-0.34397451434782456,-8.689662521864339,8.550426061322359,1.0601657022442788,1.2894341518902155,0.3445019754508156,9.588390863585337,0.18518884518012493,2.024318970181631,2.462092490773663,-0.8803974649187402,-33.85987835944301,1.0702143413134202
24.51062742253794,1.6453623314034251,0.34789581407427006,0.8734117145656367,14.43280027041848,-0.34397451434782456,-32.02993043479286,8.550426061322359,2.003493754410208,33.10698118448507,0.12220898552916917,17.235240917628097,0.8768701415736821,2.024318970181631,33.45111004697325,-0.8803974649187402,-124.80686627986852,1.0702143413134202
24.51062742253794,1.6453623314034251,0.5955505212311166,0.8734117145656367,4.925062998087656,-0.34397451434782456,-18.71055154199115,0.5312916543542523,0.34653158921494,1.954049710175664,0.12220898552916917,4.187216062948947,0.8768701415736821,2.024318970181631,11.414889782336694,0.3572584623549512,29.58508452343732,1.2691378958331372
24.51062742253794,1.6453623314034251,0.07035545636308961,0.8734117145656367,352.90144718655245,-0.34397451434782456,-158.38258039074373,2.0484864772677764,2.550075732472544,1030.3564761235398,0.12220898552916917,96.1504497460604,0.8768701415736821,0.3477869080464072,140.523078767213,0.3572584623549512,103.8032094040943,1.7982330312329842
24.51062742253794,1.9858458933605612,0.07035545636308961,0.30737081263139926,124.19298114689511,-0.34397451434782456,-93.95701711837735,0.1555815023068002,1.1791663770413774,476.44142389202403,0.12220898552916917,65.38262072784582,0.8768701415736821,1.1891271885606953,480.4660834445558,0.3572584623549512,191.94125100572577,1.7982330312329842
24.51062742253794,0.6170193162410622,0.07035545636308961,0.8533867848242426,344.8103870740126,-0.34397451434782456,-156.55641385236393,0.1555815023068002,1.1791663770413774,476.44142389202403,0.12220898552916917,65.38262072784582,3.1250944739256408,0.5809704353636375,234.74073451647237,0.3572584623549512,134.1625124690537,1.376814796645109
24.51062742253794,1.0528030773751325,0.047635841070911296,0.8533867848242426,752.1565358763223,0.13587477602140152,91.33713534671726,0.1555815023068002,1.1791663770413774,1039.2915769839803,0.12220898552916917,96.56645114494235,0.45364284764803503,1.4241339083762847,1255.2006267227644,-1.1099350722185948,-963.8480583069681,0.8368326522995311
5.337565653360421,1.0528030773751325,0.047635841070911296,0.8533867848242426,752.1565358763223,0.13587477602140152,19.89006434224075,0.7121004103528595,1.967381405451822,1734.0071453964422,0.12220898552916917,27.16262953079789,0.45364284764803503,1.4241339083762847,1255.2006267227644,-1.1099350722185948,-209.89272132409212,0.45017902719734276
5.337565653360421,7.999931445369799,0.5558056099239411,0.8533867848242426,5.524971690464583,0.13587477602140152,1.7046966187096193,0.5370355650784819,1.967381405451822,12.73716298724545,0.12220898552916917,2.3279986389021787,0.45364284764803503,0.0600308600358161,0.38865003319735464,-0.41401932379939377,-1.3776636394767858,0.45017902719734276
1.05455416764274,7.033370510085273,0.8705606771435355,0.8533867848242426,2.2520488992185865,0.2404041210523405,0.38045185733678333,0.5370355650784819,1.967381405451822,5.191830020432522,0.12220898552916917,0.29365152732480826,0.45364284764803503,0.12064946349258623,0.31838844505396346,-0.41401932379939377,-0.24635884144450332,0.45017902719734276
1.05455416764274,76.04846139497474,0.8705606771435355,0.8533867848242426,2.2520488992185865,-0.5759731568184969,-0.9115070753717188,1.300911879800676,1.967381405451822,5.191830020432522,0.12220898552916917,0.29365152732480826,0.45364284764803503,0.12064946349258623,0.31838844505396346,-0.41401932379939377,-0.24635884144450332,0.45017902719734276
1.05455416764274,7.708286950621332,0.8705606771435355,2.0706471371132316,5.464343588079314,-0.5759731568184969,-1.419842381918782,2.004090293916354,0.3953189353464832,1.0432286848344696,0.12220898552916917,0.13163209438431492,0.45364284764803503,0.12064946349258623,0.31838844505396346,-0.41401932379939377,-0.24635884144450332,0.45017902719734276
7.971363676522722,7.708286950621332,0.9506504468206463,2.0706471371132316,4.582414585260575,-0.5759731568184969,-9.828382642908482,2.004090293916354,1.338245920285463,2.961585059022165,-0.980412294259169,-13.44941755917824,0.45364284764803503,0.12064946349258623,0.2670014853342235,-0.41401932379939377,-1.7053364458018432,1.010587648903566
7.971363676522722,0.9652735876370705,0.3954877573290896,2.0706471371132316,26.477074886394647,-0.5759731568184969,-23.62489401468507,1.6937961332563034,1.338245920285463,17.11196312144647,-0.980412294259169,-32.3289269393771,0.11470855367092678,0.06611533730636762,0.8454075567121655,-0.41401932379939377,-3.0344941025515992,1.010587648903566
23.505714105526888,0.9652735876370705,0.41414405054110354,1.088038571051268,12.687364979288551,-0.5759731568184969,-48.22379783660422,1.5404656314337,1.338245920285463,15.604974744875587,-0.3514858672758072,-32.63719693673148,0.13230799866108323,0.06611533730636762,0.7709555869183731,-0.5976818832289781,-12.33554157784945,1.010587648903566
24.967568608842523,0.9652735876370705,0.41414405054110354,1.088038571051268,12.687364979288551,-0.5759731568184969,-51.222905871269155,1.711382109869006,1.338245920285463,15.604974744875587,-0.3514858672758072,-34.66695162120379,0.13230799866108323,0.06611533730636762,0.7709555869183731,-1.1708762562124013,-25.668585154990417,1.010587648903566
24.967568608842523,0.9652735876370705,0.41414405054110354,1.088038571051268,12.687364979288551,-0.5759731568184969,-51.222905871269155,0.4994678440304985,0.17150685104285468,1.9999015416583439,-0.3514858672758072,-12.410475653304399,0.38319628665331346,0.06611533730636762,0.7709555869183731,1.193897608186247,26.17327173513785,0.511466828907731
24.967568608842523,4.769221709090337,0.2993435660238552,0.5043622875113734,11.257261260757359,0.6816892509452943,57.10564887204816,0.4994678440304985,0.061331587249898664,1.3689082596078819,0.9016551290632033,26.339278928813084,0.5371749364071594,0.5660403374169388,12.633902494714258,1.193897608186247,105.95271614010512,0.32674699176948263
24.967568608842523,4.769221709090337,0.3311976823480147,0.11543663489831474,2.1047430093674655,0.029930808653581997,1.0841621477992447,0.4994678440304985,0.18877952599183662,3.4419955847900634,0.9016551290632033,41.76590188549244,0.7591371190375559,0.5660403374169388,10.32054896825216,1.193897608186247,95.76233642228704,2.6799248156147906
24.967568608842523,1.450699411233801,1.9555089000147725,1.094085140832407,0.5722180086780533,0.029930808653581997,0.565295415410758,0.4994678440304985,0.5106621716772571,0.26708167406610567,0.9016551290632033,11.634259711753167,0.4435057108508629,1.6095197242880863,0.8417957041802628,0.12116318877056065,2.7755579489282405,2.6799248156147906
24.967568608842523,1.450699411233801,1.6494288285425607,1.094085140832407,0.80429237924023,-0.7283805655757544,-16.30953497416058,0.10053357451526847,0.5106621716772571,0.37540194790854825,-1.227826175804944,-18.782846124786495,0.3401959081835445,1.6095197242880863,1.1832026596182796,0.12116318877056065,3.2906107724767897,2.6799248156147906
24.967568608842523,1.450699411233801,0.40402832332470784,1.094085140832407,13.40471216529672,-1.0960485660219157,-100.1924038903043,1.3236570219766046,0.4698486043706907,5.75657694981916,-1.227826175804944,-73.55213727066698,0.1481249221092744,1.361894093263053,16.685902804529025,0.12116318877056065,12.35724909721341,2.6799248156147906
11.566899908440366,1.450699411233801,0.40402832332470784,1.094085140832407,13.40471216529672,-1.3941461934999375,-59.04104576371914,0.8849523819902709,0.4698486043706907,5.75657694981916,-1.227826175804944,-34.07501239669617,0.06448104458906037,1.361894093263053,16.685902804529025,-0.38889539592617983,-18.374885177260772,2.6799248156147906
0.5855185297528345,1.450699411233801,0.4487266926224703,1.094085140832407,10.867191159355524,1.9447366624366653,3.753704651937158,0.8849523819902709,0.4698486043706907,4.666853071204295,-1.4332376006124854,-1.8128876936471305,0.3493430945355247,1.361894093263053,13.527250209272177,0.9174582369319153,1.9757487202183004,2.6799248156147906
0.5855185297528345,2.426837288635201,0.4487266926224703,1.094085140832407,10.867191159355524,0.8104758551180948,1.5643696374951317,5.741363817331071,0.4698486043706907,4.666853071204295,1.2804379273525959,1.6196129378580149,0.6777466318816999,1.361894093263053,13.527250209272177,0.9174582369319153,1.9757487202183004,1.5085495405325706
0.8744597526637655,2.426837288635201,0.4487266926224703,0.2132033904401191,2.117679797728278,0.8104758551180948,1.031359453709162,1.5814428913115008,0.24819660114627579,2.4652559559549463,1.2804379273525959,1.7580424758284137,1.0178234296437283,0.24066564313855535,2.3904534042808496,0.4443102862675922,0.6007120375685576,0.2974761312320025
1.1482709009786056,1.2830188655679229,0.4487266926224703,0.11434895677058464,1.1357909231391115,0.8104758551180948,0.9918217717417886,1.5814428913115008,0.25675539470461034,2.5502676631984227,0.9574570758232626,1.7557252474633038,0.9519351340435712,1.6053825122739789,15.94574132639659,0.4443102862675922,2.037291082928079,0.11357350957063145
6.937839924705047,2.001432436700097,0.4487266926224703,1.289265094930011,12.805850037438034,0.22609444974978954,5.613301665583342,0.6577374509954892,0.25675539470461034,2.5502676631984227,-1.1535056654298743,-12.780177605171977,0.9519351340435712,1.6053825122739789,15.94574132639659,0.4443102862675922,12.309289908276927,0.11357350957063145
0.6333667190291028,4.172690212001504,0.29449970532277486,0.31121378686078494,7.17660584776038,0.22609444974978954,0.38362304455933866,0.3509867025543126,0.3942513243778903,9.091455711386299,0.08362894984588354,0.15970870790167668,0.7636715823704097,1.6053825122739789,37.0202028698409,0.4838834145063637,1.8647274882884992,3.4308975634364427
2.856116876005443,0.3400460579142607,0.29449970532277486,0.31121378686078494,7.17660584776038,0.22609444974978954,1.7299176269793388,1.7066704490445148,0.5949116301786551,13.718692629612342,-0.9364973093512989,-9.906924931116016,0.18664371603873425,2.891927483596571,66.68799573253509,0.4838834145063637,11.286012956484548,3.4308975634364427
2.856116876005443,0.3400460579142607,0.29449970532277486,0.8803714981014742,20.301411789005567,0.16992649646593513,2.1867553555193733,0.5927461230965937,1.1403929513606819,26.29751980474052,-0.9364973093512989,-13.716392518935178,0.18664371603873425,2.891927483596571,66.68799573253509,0.4838834145063637,11.286012956484548,3.4308975634364427
2.856116876005443,0.3400460579142607,0.34586412290069196,0.8803714981014742,14.71922490153279,0.16992649646593513,1.8619994534627309,0.5927461230965937,0.8484438709022715,14.18541624651521,-0.9364973093512989,-10.074037224273056,0.21077857750209034,1.8362022599591956,30.700078418402992,0.39024495441871765,6.175654830449494,2.212995848343048
2.856116876005443,7.838268821979701,0.34586412290069196,2.2917178224773807,38.31599513687059,0.16992649646593513,3.004188182001098,0.5934464037236472,0.8484438709022715,14.18541624651521,0.6706756918342629,7.21455557585482,0.21077857750209034,1.8362022599591956,30.700078418402992,0.39024495441871765,6.175654830449494,2.212995848343048
2.856116876005443,7.838268821979701,0.26880750858925384,1.4924795258244514,41.310037231407264,0.16992649646593513,3.1193554963112824,0.5934464037236472,0.3835745005632995,10.616880583695275,-0.27316688635466924,-2.5421577353912395,0.20246686670005246,1.4982305269932528,41.469218023029725,0.39024495441871765,7.177549479294753,0.8210624452005704
0.7534734621195475,1.9504683410625323,1.1444961767671455,1.4924795258244514,2.2788182312237275,-0.8901190003127187,-1.0124436827541656,0.5934464037236472,0.3835745005632995,0.5856673741861407,0.2538125478739245,0.1463546634008809,0.20246686670005246,1.0585777151966382,1.6163077314073644,2.544992363675842,2.4379032677114356,0.8210624452005704
0.7805492103575281,1.9504683410625323,1.4833468433436825,1.3094201621421688,1.1902100031457297,2.1585809819464945,1.8381478183374673,0.5934464037236472,0.349744326366671,0.31790345667510855,0.2538125478739245,0.11170201373826737,0.20246686670005246,1.0585777151966382,0.9622043574409194,0.8959459611645886,0.685986808654952,1.0846585352924283
0.7805492103575281,1.9504683410625323,0.5238423019203556,0.5696153194461959,4.1515524033371065,2.1585809819464945,3.433000741511396,0.49052953176024333,1.982987728971778,14.452696742785532,0.9297279630347999,2.7588661269594197,1.6135217742236714,1.0585777151966382,7.715278553105733,0.8959459611645886,1.9424860563254738,2.2265105910699163
0.7805492103575281,0.2902091378318141,0.5238423019203556,2.06768530782361,15.070001834546447,0.8740577668925913,2.648482316785955,0.45575632148871065,1.982987728971778,14.452696742785532,-0.7414262800511437,-2.200101460855024,1.6135217742236714,1.0585777151966382,7.715278553105733,0.8959459611645886,1.9424860563254738,0.5481715873585047
0.7805492103575281,0.2902091378318141,0.7713941970016301,2.06768530782361,6.949630309157282,0.8518541446760683,1.7528565700561598,0.23356344697601822,1.982987728971778,6.66495601231252,0.09462351374184697,0.19067686527488106,0.359761380103238,1.0585777151966382,3.5579513702075443,0.5348107408245409,0.7874090707522622,0.3519616013117324
0.7805492103575281,0.23142321707618452,0.7713941970016301,3.0866419216241945,10.374412475084878,0.5243329900839135,1.3182240411629524,0.23356344697601822,0.2065453243831349,0.6942128190960715,-0.6050594814718503,-0.3934999432301416,0.6744039188798905,1.0585777151966382,3.5579513702075443,0.5348107408245409,0.7874090707522622,1.2531309218537345
0.7805492103575281,0.23142321707618452,0.5954331164536655,3.0866419216241945,17.41206482400435,-0.42273050077851426,-1.3768575503338274,1.427358505537751,0.2065453243831349,1.1651434369691096,-0.6050594814718503,-0.509786178061567,0.6744039188798905,1.3927757548418918,7.856791407746984,1.1244334079160834,2.4601219767963562,1.2531309218537345
16.768815187150235,1.7151330670362068,0.5954331164536655,3.0866419216241945,17.41206482400435,-0.42273050077851426,-29.579518490582863,1.427358505537751,0.2065453243831349,1.1651434369691096,-0.6050594814718503,-10.951917049486811,0.6744039188798905,0.24954791630680245,1.4077254847698164,1.1244334079160834,22.371500042527224,1.2531309218537345
6.482610877487722,1.1291663914172987,0.5954331164536655,0.8437829897323379,4.759866705523366,-0.42273050077851426,-5.978757424557396,1.427358505537751,0.2065453243831349,1.1651434369691096,-0.3148069292338711,-2.202844967350805,0.6744039188798905,0.24954791630680245,1.4077254847698164,-2.1074078686793847,-16.209049083358792,1.2531309218537345
6.482610877487722,1.1291663914172987,0.5954331164536655,1.6289862646691056,9.189279209590337,-0.42273050077851426,-8.307192252803237,1.427358505537751,0.12470638615324449,0.7034815617760485,-0.3148069292338711,-1.7116721962772803,0.8002459538070407,0.4883139536665323,2.7546292804944033,-2.1074078686793847,-22.674103810450084,0.434417035175925
2.922108389968827,1.1291663914172987,0.5954331164536655,1.0440390793407126,5.889531921703624,-1.0637858948932082,-7.543813424658884,0.4957692102442985,2.316196717443606,13.065904116293668,0.15828477388387696,1.6718803551211698,0.24585871298347461,0.4883139536665323,2.7546292804944033,0.9290624603955817,4.505809365157324,1.142017108703218
2.922108389968827,1.1291663914172987,0.5954331164536655,0.9516842971056237,5.368549087958531,-1.0637858948932082,-7.202429451507229,0.1757590363512913,2.316196717443606,13.065904116293668,0.15828477388387696,1.6718803551211698,0.24585871298347461,0.4128291605856228,2.328811792193156,1.2695092447686793,5.661081207148637,0.549398327835674
2.922108389968827,1.1291663914172987,0.5954331164536655,0.2824318380392902,1.593227072389112,0.01974688109562006,0.07283391769256639,0.1757590363512913,0.4415658478200911,2.4909184030858142,0.0996068990569738,0.459373027667315,0.24585871298347461,0.26676588222844816,1.5048538029802545,0.8421926159100811,3.018942946724066,0.549398327835674
2.922108389968827,1.1291663914172987,0.5954331164536655,0.2824318380392902,1.593227072389112,0.01974688109562006,0.07283391769256639,0.32965401320208326,0.4415658478200911,2.4909184030858142,0.0996068990569738,0.459373027667315,1.3928815616309387,0.26676588222844816,1.5048538029802545,0.8421926159100811,3.018942946724066,0.9006914178578558
2.922108389968827,1.1291663914172987,0.7799334719175149,0.034321203837022064,0.11284371881249679,0.01974688109562006,0.019383559305851186,0.32965401320208326,0.4415658478200911,1.4518119062846808,-0.494265556531215,-1.7402508128015977,1.3928815616309387,0.26676588222844816,0.8770920258479651,0.8421926159100811,2.304784538537965,0.38909301631283216
2.922108389968827,1.1291663914172987,0.7799334719175149,4.080569110882345,13.416388175949264,-1.0595888479439963,-11.341004103040788,0.32965401320208326,0.22647840377126696,0.7446319608608877,-0.494265556531215,-1.2463140899584684,1.2144103864484836,1.4036573413417148,4.615045412964296,0.00401596896148837,0.025210105217517546,1.2821405050481736
11.423183955481123,1.1291663914172987,1.4070077885625967,4.080569110882345,4.1224721499771215,-1.0595888479439963,-24.57555953076368,0.32965401320208326,0.13307760506602445,0.13444416838996118,-1.0248926815078967,-4.292759392516529,0.3929045546477731,0.1639730848648601,0.16565691140936326,0.00401596896148837,0.018671632811440107,1.4428590913749801
1.4282508264814602,1.1291663914172987,0.5031662050710589,1.9422434614531554,15.343015906539346,0.7277676610398554,4.071482806350211,0.32965401320208326,0.13307760506602445,1.051264608096311,-1.0248926815078967,-1.5008555579875944,0.3929045546477731,3.34146025087664,26.3963188950119,0.9222454578651722,6.767413170318769,6.3637582099843435
1.4282508264814602,1.1291663914172987,0.5031662050710589,1.9422434614531554,15.343015906539346,0.7277676610398554,4.071482806350211,0.15834143884174293,0.18251407044600948,1.4417946779572188,-0.3653945458103258,-0.6266402019672467,0.3929045546477731,3.34146025087664,26.3963188950119,0.555360975326852,4.075224384848604,2.1475873840818345
1.4282508264814602,1.1291663914172987,0.5031662050710589,1.9422434614531554,15.343015906539346,-0.2912359082903344,-1.6293139372277587,0.15834143884174293,0.18251407044600948,1.4417946779572188,-0.3653945458103258,-0.6266402019672467,4.65488968715422,3.34146025087664,26.3963188950119,-1.3894338705262819,-10.195629584831416,2.1475873840818345
0.31849487770930857,1.1291663914172987,0.6442099335470252,0.13390945285473604,0.6453367487260111,-0.2912359082903344,-0.07451446218406754,0.36671756146715156,0.18251407044600948,0.8795722356221412,-0.3653945458103258,-0.1091441011232205,4.65488968715422,3.34146025087664,16.103173064541924,-0.6023787114144781,-0.7698884377118352,2.1475873840818345
0.30261863094879266,1.1291663914172987,0.7073002410591108,0.3052873674454408,1.2204815466040493,-0.2912359082903344,-0.09736574510207545,0.5959863722042678,0.18251407044600948,0.7296569682489582,-0.12752860035909103,-0.03296572433346985,4.65488968715422,0.6502755708148458,2.5996795774026595,1.717944421017233,0.8382328619173977,2.1475873840818345
1.649238166906411,0.5839837020428743,0.7073002410591108,0.3052873674454408,1.2204815466040493,0.415062952672679,0.7562457668494463,0.4024896265106514,0.18251407044600948,0.7296569682489582,-0.12752860035909103,-0.17965956226823912,1.0576111451184773,0.6502755708148458,2.5996795774026595,1.717944421017233,4.568276659949905,2.1475873840818345
0.5856479290927198,0.45690166897211715,0.7073002410591108,0.7808148205508731,3.1215509759590763,0.415062952672679,0.4294729337306969,0.4024896265106514,0.4000171749449078,1.5991935219271538,-0.12752860035909103,-0.09444842413087234,5.796933188164937,0.5612884425685951,2.2439257549676497,1.717944421017233,1.507127391196981,2.1475873840818345
0.5032775765955922,0.45690166897211715,0.7073002410591108,0.7808148205508731,3.1215509759590763,0.415062952672679,0.3690683199994114,0.4024896265106514,0.6400610026924067,2.5588436528628247,-0.08079771542925165,-0.06504718964036559,5.796933188164937,1.6250001170295332,6.4964452104897745,2.138101176304798,2.742671056543913,2.1475873840818345
0.5032775765955922,1.6585283986879638,1.3798715389082468,0.7808148205508731,0.8201640510789681,-2.2421883742386752,-1.0219509275882694,0.4024896265106514,1.2029374072741117,1.2635595421310073,-0.08079771542925165,-0.045709294480137865,0.7893887059792075,1.6250001170295332,1.7068921387102491,-0.3261939174394679,-0.21447984074916884,0.5196944007506142
0.6817047152424824,0.6779229008267498,1.3798715389082468,0.12907324852885224,0.13557790607081419,-0.8807227586010631,-0.2210700849143197,4.33041441736469,1.7030256196800133,1.7888497433265937,1.1415751137885608,1.0408489827244165,0.7893887059792075,1.6250001170295332,1.7068921387102491,0.574868829006552,0.5119978033244278,0.5196944007506142
0.6817047152424824,2.520135693185003,1.3798715389082468,0.12907324852885224,0.13557790607081419,-0.7290715434668373,-0.18300413660121503,3.2040770995289622,0.3614927308887537,0.379710188380066,1.1415751137885608,0.47954229316122027,0.7893887059792075,0.4655886630452313,0.48905204405599256,0.574868829006552,0.2740580717849807,0.5196944007506142
0.6817047152424824,2.520135693185003,0.5431248282045137,0.09593876312935697,0.6504662952255196,-0.9029959628281687,-0.4964717089061478,3.2040770995289622,0.7548376629353182,5.1178110087181485,1.1415751137885608,1.7605279029170948,0.7893887059792075,0.4655886630452313,3.156698323718156,1.0067098166806026,1.219318438729411,0.5196944007506142
1.7961966902587438,2.520135693185003,0.5431248282045137,0.09593876312935697,0.6504662952255196,-2.518514887561479,-3.648470282556881,4.02996497965831,0.7548376629353182,5.1178110087181485,-0.20622026517238323,-0.8379678467511363,0.2675348540623054,0.4655886630452313,3.156698323718156,-0.628779338646694,-2.0066364379223725,0.5196944007506142
2.645874680534268,2.520135693185003,0.7171235999090483,0.09593876312935697,0.37310930562338046,-2.518514887561479,-4.070350734660865,4.02996497965831,1.55223630923553,6.036702919771625,-0.20622026517238323,-1.3406040071936487,1.1827385898383422,0.4963995276493012,1.9305156438516846,-0.628779338646694,-2.311554809976237,0.39543884219941006
0.7003256998617559,3.205974761577046,0.9349552644020889,0.13980109279128206,0.31985923869571486,-2.735876769427913,-1.0836175880001313,4.850297772389924,0.4041633031300703,0.9247092699120253,-0.20622026517238323,-0.13887817812565134,0.8388851066290458,0.4963995276493012,1.1357420162649778,-0.46686841413308033,-0.34844513325716475,0.39543884219941006
0.7003256998617559,1.5115834798168901,0.6278072822758676,0.13980109279128206,0.7093945764746439,-2.747798994314834,-1.6207982388637232,4.850297772389924,0.4041633031300703,2.050851316867736,-0.47621995668604195,-0.4776114646385424,0.3835647318227981,0.4963995276493012,2.5188868387797667,1.5764115636584586,1.7521609799169302,0.39543884219941006
0.7003256998617559,2.9678177330144213,0.44151895177705147,0.13980109279128206,1.4343061543104922,-2.747798994314834,-2.3046551758719658,3.205825143402373,0.2972689647714824,3.0498667581505106,-0.46809774707371465,-0.5725020525433331,0.3835647318227981,0.22764297737853406,2.335530552161439,1.5764115636584586,1.6871840159410774,1.3178556161701909
0.7003256998617559,2.9678177330144213,0.44151895177705147,2.0833513970379087,21.374394653867647,-2.747798994314834,-8.89676124938184,3.205825143402373,0.3167587397347246,3.249824452455802,1.1714554458187898,1.478957828792985,1.2087519229182553,0.574104141380732,5.890090604848793,1.0724348517394642,1.8227704140466408,1.3178556161701909
0.7003256998617559,2.9678177330144213,0.44151895177705147,2.583686619080839,26.507644143311076,-2.4019494767023626,-8.660630256164099,3.205825143402373,0.3973409190612814,4.076567029557028,1.1714554458187898,1.6564301751347064,1.1482582451308627,1.1604029896041896,11.905294273732409,1.0724348517394642,2.5914393582129542,1.3178556161701909
0.7003256998617559,2.9678177330144213,0.6705881389355032,1.5180001085802062,6.751341296648812,0.7426113572422128,1.351315263988596,3.205825143402373,0.3973409190612814,1.767183111874648,1.1714554458187898,1.0906028188603165,2.4210766713193497,1.1604029896041896,5.160919673317381,1.0724348517394642,1.706218053376611,1.3178556161701909
0.7003256998617559,2.9678177330144213,0.6705881389355032,1.5180001085802062,6.751341296648812,0.7426113572422128,1.351315263988596,3.205825143402373,0.3973409190612814,1.767183111874648,1.1714554458187898,1.0906028188603165,1.2573891583128516,1.1604029896041896,5.160919673317381,1.0724348517394642,1.706218053376611,1.3178556161701909
0.7003256998617559,0.5678174641827245,0.6705881389355032,1.5180001085802062,6.751341296648812,1.3040732754963549,2.3729964608702576,3.205825143402373,0.3973409190612814,1.767183111874648,1.2927762016859194,1.2035501433251201,1.2573891583128516,0.6155199136158349,2.7375393375900594,1.0724348517394642,1.2426567046889354,1.3178556161701909
0.7003256998617559,0.5678174641827245,1.040389583531784,1.5180001085802062,2.8048510780065596,-1.205930143164419,-1.4144158635149542,0.7644731455074693,0.4587917003762287,0.8477222024603926,1.2927762016859194,0.8335855767325276,0.7435749915586173,1.692107238762413,3.126553671451657,1.0724348517394642,1.328017895238556,2.414356117781013
0.7003256998617559,0.5678174641827245,1.040389583531784,1.5180001085802062,2.8048510780065596,-0.047168451278643,-0.055323109820341144,0.7644731455074693,0.4587917003762287,0.8477222024603926,1.2927762016859194,0.8335855767325276,0.7435749915586173,1.692107238762413,3.126553671451657,1.5637598868047817,1.936435682004001,2.414356117781013
0.6593340806071386,0.6813199920187732,1.040389583531784,1.5180001085802062,2.8048510780065596,-0.047168451278643,-0.052084925281083966,0.600432530616913,0.4587917003762287,0.8477222024603926,1.2927762016859194,0.7847939607968203,0.23606626672014921,1.571879543808313,2.904405611058133,1.5637598868047817,1.757131348038749,2.414356117781013
1.0431856741048644,7.970890738267921,0.7040271095247707,1.5180001085802062,6.125238916818031,-0.7323694573817116,-1.890833791944411,1.2066622885474658,0.9866564871296628,3.981229433606632,1.2927762016859194,2.690875262200043,0.23606626672014921,0.1583963628191136,0.6391406432305932,-1.5497111374699344,-1.2924405822407277,2.414356117781013
1.0565024219975319,7.970890738267921,0.7343378561429633,1.245193658214918,4.618224716473133,0.9845945341507193,2.235452510012808,0.24425912709674616,1.18793572727774,4.4058641811269545,-0.668483248816919,-1.4824381351458435,0.23606626672014921,0.1583963628191136,0.5874668513967161,-1.2608284326748906,-1.020982207872554,2.414356117781013
1.0565024219975319,3.8325773265988095,0.7343378561429633,0.9035503403900248,3.3511241299999526,0.9845945341507193,1.9042465392791887,0.7928739479305609,1.18793572727774,4.4058641811269545,-0.668483248816919,-1.4824381351458435,3.5955532053845314,1.2018640760240438,4.45752220557598,-0.4868752165988244,-1.0860127472525765,0.2997868870517084
1.0565024219975319,3.8325773265988095,0.7343378561429633,0.9035503403900248,3.3511241299999526,0.9845945341507193,1.9042465392791887,1.5035875057114225,0.178951918417359,0.66370412926781,-0.9168394002543481,-0.7891344901588454,0.31781284501291845,1.2018640760240438,4.45752220557598,-0.7327505173630234,-1.634456582060672,1.5570727139919514
1.440080569701703,2.393582805924294,0.7343378561429633,1.635882815117992,6.067228499109175,0.9257176141296812,3.283677474041916,0.790221849817388,0.8562779814887795,3.175798489009546,-0.9168394002543481,-2.3529165688576263,0.31781284501291845,0.33079321790919786,1.2268592960712514,0.423234495092515,0.6750955210870622,2.0289858796217173
1.440080569701703,2.2905027312605757,0.7343378561429633,0.12921408952502159,0.47923445323075264,-0.591241749371217,-0.5894214011321501,0.5534584009955402,0.2243902766971024,0.8322277544076144,-0.9168394002543481,-1.2044843366145794,0.31781284501291845,0.3333648845687656,1.236397197626879,0.423234495092515,0.677714618678651,2.0289858796217173
0.299185205766125,2.2905027312605757,0.9647699665492365,0.12921408952502159,0.277646572629292,-0.591241749371217,-0.09320760874852907,0.5534584009955402,0.2243902766971024,0.4821547826967019,-1.1011682075764293,-0.22876365052314057,0.11909204605134507,0.3333648845687656,0.7163121140713843,0.423234495092515,0.10716977513817112,5.442356332414796
0.299185205766125,17.079310962798953,0.5352650394362204,0.07488439043286262,0.5227373566608994,-0.591241749371217,-0.12789305942791288,0.5534584009955402,0.5416649383582121,3.781141789851608,-1.1011682075764293,-0.6406270321667196,0.1996589495209482,2.0600409548169316,14.380304855384436,1.2024899256452461,1.3642865814575273,5.442356332414796
0.299185205766125,17.079310962798953,0.5352650394362204,0.20085184817949933,1.4020647506230115,0.7902400682323951,0.27995175620876667,0.08615444294659211,0.6406994001104395,4.4724609346753565,-1.1011682075764293,-0.6967340840493108,5.193945323245263,0.2982847019956011,2.0822037243310185,0.8908714882076781,0.38460664536170813,4.658812665694614
0.299185205766125,2.923792990091984,0.8029454030938205,0.25835491305438046,0.8014467798717391,0.7902400682323951,0.21165888550706888,0.08615444294659211,0.6406994001104395,1.9875235388931203,0.9716809950578753,0.40984530417381326,0.17994277485507373,0.2982847019956011,0.9253135969938253,0.8908714882076781,0.2563891522434092,4.658812665694614
16.88487382759609,0.41163384578462464,0.8029454030938205,0.25835491305438046,0.8014467798717391,0.7349267573259055,11.109108882346831,2.3914515310404654,0.6406994001104395,1.9875235388931203,2.106182793804808,50.136039132567454,0.17994277485507373,0.2982847019956011,0.9253135969938253,-0.7998298993352883,-12.99092054746465,4.658812665694614
16.88487382759609,6.703203687359142,0.5647638294200821,0.25835491305438046,1.619992380237379,-0.6996882831953226,-15.0369206170726,0.4628087818174332,3.240213518857649,20.317481672147117,2.106182793804808,160.29826382397601,0.17994277485507373,0.2982847019956011,1.8703687058296414,-1.557271522480809,-35.96050444306366,4.658812665694614
16.88487382759609,2.658373753721179,0.5647638294200821,0.25835491305438046,1.619992380237379,-0.6996882831953226,-15.0369206170726,0.7113824088255629,1.018767287285815,6.3880931201441395,2.106182793804808,89.88340152459212,2.2652680614247482,1.1580237877293658,7.261289092885678,0.9904327909160515,45.063995401735596,3.444420534478446
9.738574859603773,2.658373753721179,0.5647638294200821,0.25835491305438046,1.619992380237379,-0.6996882831953226,-8.672743343094876,1.0092148515947774,1.018767287285815,6.3880931201441395,0.4344824086773382,10.69432119326112,2.2652680614247482,1.0555960040998182,6.619024438257093,-1.2518738366480622,-31.365553969378315,2.4006369742592915
9.738574859603773,4.1720888288000655,0.4024195064955484,0.25835491305438046,3.190719835645707,-0.8049792887233269,-14.003108364664413,1.0092148515947774,1.018767287285815,12.581920556570207,0.4344824086773382,15.008630776255135,2.0946762206924836,0.15512686415915186,1.9158387841842155,-1.2518738366480622,-16.874676291590994,3.2491162553700894
3.0856274740851957,10.889855582238273,0.4807810500202873,0.2008368849911624,1.7377159572364573,-0.8049792887233269,-3.2742934095043004,1.0092148515947774,1.0848428749904993,9.386466908447717,0.4344824086773382,4.107397807182362,2.131646236655024,0.15512686415915186,1.3422157352085622,-1.2518738366480622,-4.475228541057036,3.2491162553700894
3.0856274740851957,1.2525764131999277,0.4807810500202873,0.10164745799688209,0.8794918810928438,0.7906489679625346,2.287932031268771,0.48850000548450506,1.0848428749904993,9.386466908447717,0.4344824086773382,4.107397807182362,2.131646236655024,0.6514337160402216,5.636448521369712,-1.382599164996765,-10.128439901194847,3.2491162553700894
0.31461740225316104,1.2525764131999277,0.4807810500202873,0.05520138234454356,0.47762303705240816,-0.4117452172165301,-0.08952698044431746,0.48850000548450506,1.7865835947763289,15.458190469924451,0.13347427553689684,0.16510477749036093,1.5411317830155529,0.6514337160402216,5.636448521369712,-0.1497572057369807,-0.11185959469602358,3.2491162553700894
0.31461740225316104,1.2525764131999277,0.5305452568870388,0.9212640836647548,6.545898445066303,-0.4117452172165301,-0.33143314325161455,0.5387221510607356,1.7865835947763289,12.69429144410566,0.13347427553689684,0.14961824133710555,1.5411317830155529,0.09796557878344668,0.6960791603615161,-0.1497572057369807,-0.03930970501762879,3.2491162553700894
0.31461740225316104,1.2525764131999277,0.5305452568870388,0.9212640836647548,6.545898445066303,-0.4117452172165301,-0.33143314325161455,0.5387221510607356,1.7865835947763289,12.69429144410566,0.13347427553689684,0.14961824133710555,0.3485629799695305,0.1602458062116637,1.138601615224844,-0.1497572057369807,-0.05027549633209578,3.2491162553700894
10.747588905465996,6.281725459762156,0.3771483764359007,0.1691089169562012,2.3777819110314136,1.2368266052402457,20.4977350159347,0.5387221510607356,0.8331856898750224,11.715135414344628,0.13347427553689684,4.910008852271564,0.7210199670297314,0.2215599207501862,3.1152773091545005,-0.06218767207911821,-1.1796786025166572,3.2491162553700894
10.747588905465996,6.281725459762156,0.3749986105032132,0.1691089169562012,2.4051224201967276,1.2368266052402457,20.61524300449866,0.5387221510607356,0.8331856898750224,11.849839848625503,0.13347427553689684,4.938156609260965,1.4406074722894149,0.6034635945278519,8.582656947340949,-1.5824989271965375,-49.827069729466814,3.2491162553700894
10.747588905465996,2.430191252946906,0.3749986105032132,0.1691089169562012,2.4051224201967276,1.2368266052402457,20.61524300449866,0.5387221510607356,0.8331856898750224,11.849839848625503,-1.549103241736241,-57.31227519937175,1.1263183576599543,0.6034635945278519,8.582656947340949,-0.6615065346180908,-20.82840731229134,3.2491162553700894
10.747588905465996,3.478833330511136,0.3749986105032132,0.1512079020256666,2.1505283211472017,1.2368266052402457,19.493617862276693,0.5185386556608991,0.8331856898750224,11.849839848625503,-1.549103241736241,-57.31227519937175,0.9929626417641435,0.6034635945278519,8.582656947340949,-0.6615065346180908,-20.82840731229134,7.429872920939325
93.29178788847672,3.478833330511136,0.3749986105032132,0.553529838720388,7.872482713014413,0.8020680869181517,209.9474048771823,0.5185386556608991,0.8331856898750224,11.849839848625503,-0.4770553906775552,-153.20342142466632,0.7568807280775327,1.8037998782871953,25.654232827594104,-0.6615065346180908,-312.5770375342008,3.5951225491765775
78.13867169008977,3.478833330511136,0.17983329620980826,0.553529838720388,34.23188570260941,0.8020680869181517,366.68460152385603,0.5185386556608991,1.9132792618275776,118.32272160695388,-0.4770553906775552,-405.4795045669944,0.41027163326913474,1.8037998782871953,111.552199980134,-0.6615065346180908,-545.9328564732011,3.5951225491765775
78.13867169008977,3.478833330511136,0.18455855798389345,0.553529838720388,32.50144397203506,0.8020680869181517,357.29635776180004,0.5185386556608991,1.9132792618275776,112.34143921653632,-0.4770553906775552,-395.0979930075433,1.3916384622603215,1.8037998782871953,105.91317139549822,-0.6615065346180908,-531.9553108850139,1.4588569936896183
176.51081249224802,1.5280761465487174,0.18455855798389345,0.7333164740130239,43.057921410347156,-1.1513550468622498,-1333.5432743943402,0.5185386556608991,0.9030486393078572,53.02403357755204,-0.4770553906775552,-613.163793758078,1.6830882067639168,1.9601275819770465,115.09221784852814,-0.6615065346180908,-1252.6462201278591,1.4588569936896183
323.1852706634626,1.5280761465487174,0.6383266034569254,0.7333164740130239,3.599445046993983,-1.1513550468622498,-705.9575742034779,0.5185386556608991,0.21386620754719948,1.049750944858062,-2.0031895768644628,-663.3103108349691,1.6830882067639168,1.9601275819770465,9.621182349570763,-0.6615065346180908,-663.1319012112684,1.4588569936896183
323.1852706634626,1.5280761465487174,0.6383266034569254,0.7333164740130239,3.599445046993983,-1.4088791046752906,-863.8593957555585,0.5185386556608991,0.21386620754719948,1.049750944858062,-2.0031895768644628,-663.3103108349691,0.5065113807480108,1.9601275819770465,9.621182349570763,-1.1606951785676851,-1163.5470856455122,1.3918183443209737
1154.3959246834625,1.5280761465487174,0.6383266034569254,0.7333164740130239,3.599445046993983,-1.2019699061082645,-2632.4865018014166,2.7430692314403,0.07195857270056667,0.3532048403036573,-2.0031895768644628,-1374.3272570542988,0.5065113807480108,1.9601275819770465,9.621182349570763,-1.1606951785676851,-4156.111480851447,0.9252875628854554
1154.3959246834625,1.3284540642554792,0.6383266034569254,0.6975032559809676,3.4236577643805677,-1.0855327907247847,-2318.6911493014977,0.4139373399612822,0.07195857270056667,0.3532048403036573,-2.0031895768644628,-1374.3272570542988,0.5065113807480108,1.9601275819770465,9.621182349570763,-1.1606951785676851,-4156.111480851447,0.5972923437326804
9.277998375367064,1.3284540642554792,0.6383266034569254,0.6975032559809676,3.4236577643805677,-1.0855327907247847,-18.63555843901315,0.4139373399612822,0.10253715796774933,0.5032982054256974,-2.0031895768644628,-13.185270225059053,0.5065113807480108,1.2328567471391143,6.051412002049452,-1.1606951785676851,-26.49115133904446,0.5972923437326804
9.277998375367064,2.4210269675964615,0.9026551894609985,0.9255514888827894,2.271887451820837,0.4440529043955639,6.2098686410400274,0.4139373399612822,1.6227683092473986,3.983297529391761,-2.0031895768644628,-37.09349178006847,2.429394199130277,1.2328567471391143,3.026208490139129,-1.1606951785676851,-18.733628137686864,0.34508296522416176
2.124319474236501,1.4899606181000655,0.38120905264614396,0.9255514888827894,12.73808576686705,0.4440529043955639,3.366717138169828,0.4139373399612822,0.9345512592663889,12.861946890105889,-1.5350932498641594,-11.695207952636766,2.429394199130277,2.8914767630871796,39.79452190776169,0.38852645209736947,5.206574277026293,0.34508296522416176
2.124319474236501,0.6111487553767669,0.2895508072304703,0.6108045275265055,14.570776048163633,0.08388833517340322,0.680240910847809,2.3007247089922314,0.9345512592663889,22.29377237828178,-1.087389099651777,-10.906780849253401,1.7094881784812308,1.753203784886762,41.822774005664726,0.12309572525654261,1.691099727120333,0.36744256772238465
2.124319474236501,0.6111487553767669,0.12888250328954343,0.6108045275265055,73.54350391530078,-0.8239559847449172,-15.010529134554417,12.787675789546203,0.9345512592663889,112.52400906920985,-1.2380286091432233,-27.89800255455693,0.7306519185977931,1.4273716444960711,171.8617125362268,-0.23759420593215103,-6.616757883872684,0.8017099426657314
2.124319474236501,0.6111487553767669,0.2162865936395237,0.6108045275265055,26.113978457261666,-0.8239559847449172,-8.944588464814,4.578302811899962,0.9345512592663889,39.95525630845984,-1.2380286091432233,-16.62407431503572,0.7306519185977931,1.4273716444960711,61.02500995829482,-0.23759420593215103,-3.942844100432944,0.8017099426657314
5.52362633233081,0.6111487553767669,0.26357830777733493,0.6108045275265055,17.5838071671293,0.9731681269095258,22.54076358777284,4.578302811899962,0.23573559790379411,6.786343435852103,-1.2380286091432233,-17.814469303213066,0.7306519185977931,4.506737137388966,129.73970100990954,-0.23759420593215103,-14.948464460431794,1.264261540574451
5.52362633233081,0.6935153068116182,0.15311011304582128,2.4297218645429672,207.29021557830026,1.2430577164509038,98.85644457532858,4.591422381647264,0.3174163357507286,27.08017803437728,-1.2380286091432233,-35.58612743853421,0.7306519185977931,4.506737137388966,384.48948679968146,-0.2826785111671269,-30.616766442479694,1.264261540574451
5.52362633233081,2.9449989698665955,0.396403564418404,2.4297218645429672,30.925124418731272,0.5716571640017443,17.559642490492468,4.591422381647264,0.3174163357507286,4.040026070010891,-1.2380286091432233,-13.745073162929437,3.4820302483180576,2.0580415474430076,26.194434779704697,-1.132462521581538,-32.01493653982686,1.1244678687959797
10.075829630654418,2.9449989698665955,0.396403564418404,2.4297218645429672,30.925124418731272,0.5716571640017443,32.0311251095698,4.591422381647264,0.18210480041661659,2.317801758429418,-0.17288703312297815,-2.6520480052986506,3.4820302483180576,2.0580415474430076,26.194434779704697,-1.132462521581538,-58.399505470419854,0.643549374328701
10.075829630654418,1.7548935495145355,0.396403564418404,2.4297218645429672,30.925124418731272,0.5716571640017443,32.0311251095698,4.591422381647264,0.18210480041661659,2.317801758429418,-0.3616515886877878,-5.547653615585475,3.6211599344164354,2.813846922151143,35.8142087918184,-0.39950906834321254,-24.089907798941574,0.7548247783970085
0.8114295532889612,1.7548935495145355,0.396403564418404,1.8185002127005114,23.1455896882382,1.1880941060139438,4.638053859460291,4.591422381647264,0.17533202641632697,2.2315989375735,-0.3616515886877878,-0.43837852537429556,3.6211599344164354,0.6446929274293003,8.205551953732535,-0.39950906834321254,-0.9286057375186711,0.3522163505488161
2.1081944675047875,0.5054072265762211,0.17460242237072388,1.8185002127005114,119.30065347368028,1.1880941060139438,27.35791034363698,4.591422381647264,0.19445396507869148,12.756932851817409,-0.16975818977834156,-1.278246285982183,5.108041326996444,0.6446929274293003,42.29435168333529,-0.8501672058310991,-11.656178887907936,2.1766361293721554
3.2205996308101663,0.27460668162543234,0.11442588651133732,1.4052252122683677,214.6482525715141,1.1552450144556077,54.50979144521301,1.4187137266958971,0.19445396507869148,29.70285719707971,-0.03520686442875018,-0.6179640351979193,5.108041326996444,0.8074228452084184,123.3338978671899,-0.8501672058310991,-30.407612066662264,0.7063751279442966
3.2205996308101663,0.27460668162543234,0.11442588651133732,1.4052252122683677,214.6482525715141,1.4380696971717788,67.85476526246158,1.9115836485662578,0.7077705216731627,108.11199825651829,-0.03520686442875018,-1.178965330298325,11.253687545206587,0.42546121528417996,64.98923133487088,1.0370134657683456,26.92413966845008,0.7063751279442966
3.2205996308101663,0.27460668162543234,0.16592158679465768,0.5210031733005854,37.84988630197584,1.4380696971717788,28.493707607806297,1.9115836485662578,0.9631763779203437,69.97292581172262,-0.03520686442875018,-0.9484820222276032,10.065808418870285,0.42546121528417996,30.90894537626146,2.541267292814913,45.50186308055531,1.6677689817077326
0.9160435518502045,0.2861151618777171,0.16592158679465768,0.5210031733005854,37.84988630197584,1.4380696971717788,8.104539562364058,1.9115836485662578,0.9631763779203437,69.97292581172262,1.4068199810730095,10.780022487653826,1.675793474089105,0.42546121528417996,30.90894537626146,-1.2479984835518851,-6.3558300085867545,2.7463348685539093
0.9160435518502045,0.2861151618777171,0.16592158679465768,0.5210031733005854,37.84988630197584,1.7069519620231837,9.619881243919536,1.9115836485662578,2.7338217631167003,198.60693409661036,1.4068199810730095,18.16150579420943,0.6858890391157344,0.9162515080878645,66.56392356583868,-0.4832893837873715,-3.611959182895824,3.238640135467335
0.9160435518502045,3.4720483100765347,0.2564653037499155,0.8424882929393962,25.61749332663963,1.7069519620231837,7.914176599263885,1.9115836485662578,2.7338217631167003,83.12716195559298,1.4068199810730095,11.749682377675587,0.7498078992538362,0.9162515080878645,27.860407189839503,0.2621581488236353,1.267573681678339,3.238640135467335
0.22667650903377837,0.865730476583009,0.2564653037499155,0.8424882929393962,25.61749332663963,0.09674290929084362,0.11099258725783952,3.825671829578586,1.0227723966404967,31.09938175425054,-0.8760453407341968,-1.1074113682653304,1.2862182500314374,0.13720153821947756,4.171879323663183,0.5016752208384132,0.23227102414665377,2.38574439136227
3.0232902416015004,1.2035666381619528,0.5763420530136534,0.7334689964823993,4.416224455003462,0.09674290929084362,0.6146452857196216,1.0144897093903864,1.3166071416059686,7.927305290717917,-0.42334114978566995,-3.603571297953244,1.2862182500314374,0.13720153821947756,0.8260918883481243,-1.000115309077142,-2.748173176270951,2.38574439136227
1.371339703289092,0.8752138538097963,0.5763420530136534,0.7334689964823993,4.416224455003462,0.09674290929084362,0.2787980697811831,0.5798887881285495,1.3166071416059686,7.927305290717917,-0.014229044604567365,-0.05493935831724852,1.2862182500314374,0.13720153821947756,0.8260918883481243,0.3283659160438137,0.4092769632223968,2.38574439136227
1.371339703289092,0.8752138538097963,0.25535518214954506,0.7334689964823993,22.4968858719066,-0.6206685802215093,-4.037067523337504,0.5798887881285495,1.3166071416059686,40.382839281411144,-0.014229044604567365,-0.12399929501047786,0.15722520516426242,3.4729492191811033,106.52194243730284,-0.9161276460474821,-12.966434712484865,2.38574439136227
1.371339703289092,0.3900102247937063,0.25535518214954506,0.58589390585553,17.970477820181102,-0.6206685802215093,-3.608150326270493,0.5798887881285495,1.3166071416059686,40.382839281411144,-0.5164694024803098,-4.500782981696779,0.9562815688566226,0.5037408856413831,15.450688805711902,1.7134075234217536,9.235908935641621,2.38574439136227
0.5106871734582775,66.13571962853256,1.0565178155927442,1.4195698231453244,2.5435079815194075,0.408383880031167,0.33261366951227916,0.5761823710473577,1.3166071416059686,2.3590250501242234,-0.8682638232294809,-0.6810404897540693,0.9562815688566226,0.5037408856413831,0.9025755143256147,1.7134075234217536,0.8312992590751181,2.38574439136227
0.9562945492689418,5.593193898851576,1.0565178155927442,1.64784522725799,2.952519431945044,-0.1079954714052509,-0.1774571928258239,0.5761823710473577,0.2791273560639301,0.5001252114784743,1.107423899562511,0.7489364128953828,0.9562815688566226,0.5037408856413831,0.9025755143256147,1.7134075234217536,1.5566612822512824,2.38574439136227
0.672547285931056,0.9815226267203494,1.0565178155927442,1.1624295514066296,2.0827780315911295,-0.028207690740830377,-0.027378638788934866,0.1295518870192488,0.5350184386015187,0.9586169321547372,1.107423899562511,0.7292211633088634,0.7907779407970869,0.5037408856413831,0.9025755143256147,1.7134075234217536,1.0947759989768868,2.38574439136227
0.672547285931056,0.9815226267203494,1.0565178155927442,1.1624295514066296,2.0827780315911295,-1.3071517112759863,-1.2687332286141542,2.318463205899003,0.5350184386015187,0.9586169321547372,0.050297962975406785,0.033120414944523134,0.2476770124980308,0.5037408856413831,0.9025755143256147,-0.13822206928176262,-0.08831652826899973,0.3125345076904513
1.8617400611611203,2.000664097872334,0.833435045934026,2.1217425845413485,6.109127251938833,1.4765287862262526,6.794391193022282,2.318463205899003,0.0907363747603138,0.26125697991313773,-0.34993639214840033,-0.33299836799723703,0.33170224339788357,0.07080855081892665,0.2038788544048146,-0.6663602410601026,-0.5601627338675353,0.3125345076904513
1.8617400611611203,2.000664097872334,0.6902764295212552,1.013677114578186,4.254843094684092,1.4765287862262526,5.670256916931613,0.3036209530449147,0.028968204577273487,0.12159213564005286,-0.34993639214840033,-0.22717518856561478,0.7944299128275454,0.1161076592240313,0.4873542718727315,-1.0534582003453226,-1.3691743067316928,0.3125345076904513
12.669574849332937,2.6518914511546128,0.8601106596677401,1.013677114578186,2.7404442863073233,1.4765287862262526,30.96809200113555,0.3109930557372023,0.028968204577273487,0.07831463251629685,-1.3139559478103346,-4.658695272045867,0.6099113541140789,0.1161076592240313,0.31389341511317337,-0.9913740897578156,-7.037051158072757,0.3125345076904513
15.531319367249097,5.84555575111659,0.8601106596677401,1.4928914772183282,4.0359852856324,1.4765287862262526,46.07072594286982,0.3109930557372023,0.028968204577273487,0.07831463251629685,-1.3139559478103346,-5.710979647327895,0.6099113541140789,1.4023505896305521,3.7912108357619756,-0.9913740897578156,-29.980224643229576,0.19179061958913618
4.818268090197974,5.84555575111659,0.8601106596677401,1.4928914772183282,4.0359852856324,-0.005261068808500413,-0.05092601922245598,0.3109930557372023,0.0970733071135554,0.26243464117565435,-0.03161872324092774,-0.07804514114252953,1.700778205269715,1.4023505896305521,3.7912108357619756,-0.9913740897578156,-9.300739771023423,0.47347805790330516
4.818268090197974,5.84555575111659,0.3868850468510753,0.46474553707415,6.209853213536753,-0.005261068808500413,-0.06316923388605068,0.3109930557372023,0.0970733071135554,1.2970775188564614,-0.03161872324092774,-0.17350750146154528,1.700778205269715,1.4023505896305521,18.73797728181954,-0.9913740897578156,-20.67711193535034,0.47347805790330516
4.818268090197974,5.84555575111659,0.2200794101258096,0.46474553707415,19.19050471405713,0.6336200942493961,13.37405487603799,0.3109930557372023,0.0970733071135554,4.008399455538134,-0.03161872324092774,-0.30501471170605726,1.700778205269715,1.4023505896305521,57.906560589030754,-0.40747747598263695,-14.940270244224456,0.47347805790330516
2.2992329723378626,5.84555575111659,0.337622038802317,0.01888873290753492,0.3314143010696005,-0.5732050477716502,-0.7587148905351102,2.132179320081425,4.4773738355507815,78.5582456801244,-0.03161872324092774,-0.6443520229187387,1.700778205269715,1.4023505896305521,24.60509356514614,-0.40747747598263695,-4.6472827503562275,0.47347805790330516
2.2992329723378626,3.766954996027423,0.337622038802317,0.01888873290753492,0.3314143010696005,-0.5732050477716502,-0.7587148905351102,2.132179320081425,4.4773738355507815,78.5582456801244,-0.03161872324092774,-0.6443520229187387,1.700778205269715,1.4023505896305521,24.60509356514614,-0.40747747598263695,-4.6472827503562275,0.47347805790330516
2.2992329723378626,6.035149263906139,0.337622038802317,0.5689066149250813,9.981812389546576,-0.5732050477716502,-4.163875029848407,0.9229180647123121,4.4773738355507815,78.5582456801244,-0.03161872324092774,-0.6443520229187387,0.5694038546070251,1.4023505896305521,24.60509356514614,-0.40747747598263695,-4.6472827503562275,0.47347805790330516
2.2992329723378626,6.035149263906139,0.337622038802317,0.5689066149250813,9.981812389546576,-1.8282261747258974,-13.280597139627874,0.8312825572453626,5.326501034772115,93.45669856347621,-0.03161872324092774,-0.7028012506303344,0.5694038546070251,1.4023505896305521,24.60509356514614,-0.3200286394836408,-3.6499283115115535,0.47347805790330516
1.2845715743156703,0.8565511218851226,0.337622038802317,0.8223051883903676,14.427844398582565,-1.3275478432164864,-6.477526731540336,1.2924761054664151,5.326501034772115,93.45669856347621,-0.03161872324092774,-0.3926520364899187,0.27286893030023185,1.4197957360570184,24.91117926386857,-1.440566208751565,-9.236101018895335,0.47347805790330516
1.2845715743156703,0.8565511218851226,0.5324197121155162,2.509891763134182,17.708294520472823,-1.4332589497786157,-7.747673991045496,0.9816174534950104,1.6555232979973544,11.680381830423318,0.4488030160736692,1.9703464435872196,0.27286893030023185,1.948368591803595,13.746523003451289,0.3495697637917663,1.6649017129553643,0.47347805790330516
2.219918522856698,0.8565511218851226,0.5324197121155162,2.509891763134182,17.708294520472823,0.9038787217924638,8.443753880442937,0.9816174534950104,1.6555232979973544,11.680381830423318,0.4488030160736692,3.405032972875999,0.27286893030023185,0.95358534669032,6.7279276411955,0.3495697637917663,2.0128506491028637,0.47347805790330516
2.219918522856698,0.8565511218851226,0.5324197121155162,2.509891763134182,17.708294520472823,0.9038787217924638,8.443753880442937,3.38688692380344,1.6555232979973544,11.680381830423318,-0.07942867485622668,-0.6026190715993411,0.27286893030023185,0.95358534669032,6.7279276411955,0.3495697637917663,2.0128506491028637,0.47347805790330516
1.6676986080056202,0.8565511218851226,0.5324197121155162,0.5005484532241663,3.531570389470527,0.9038787217924638,2.832772269943002,1.2667532321336,1.6555232979973544,11.680381830423318,1.393305399322265,7.941314694569248,0.27286893030023185,0.95358534669032,6.7279276411955,0.3495697637917663,1.5121402840102107,0.47347805790330516
1.6965612233622127,0.8565511218851226,0.9192878920483415,0.9245220560188087,2.187984252749544,1.0516948202581464,2.639255088164441,2.7126251612861885,0.7463743309599397,1.766377851307423,0.6626734560063937,1.4942075160479198,3.646536803153731,0.33977117095662807,0.8041062587437625,0.3495697637917663,0.5318144321284328,0.47347805790330516
1.6965612233622127,1.0455483336575822,0.9192878920483415,0.9245220560188087,2.187984252749544,1.0516948202581464,2.639255088164441,2.7126251612861885,0.7463743309599397,1.766377851307423,0.6626734560063937,1.4942075160479198,3.646536803153731,0.05308354729749848,0.1256281175888457,0.3495697637917663,0.21020683041204224,0.815920834628044
6.563375568828857,1.0455483336575822,0.21387796266331996,0.9245220560188087,40.42175776222543,1.1154040456511587,46.54436065052369,2.7126251612861885,0.7463743309599397,32.63282061211525,0.6233225242096158,23.370466616383077,4.570657336105129,0.2203611532241414,9.63458372663169,0.3495697637917663,7.1216002928365745,1.7535527264738375
6.563375568828857,1.0455483336575822,0.21387796266331996,0.9245220560188087,40.42175776222543,0.735980675843855,30.71151672961208,0.427223592798801,0.7463743309599397,32.63282061211525,0.6233225242096158,23.370466616383077,4.570657336105129,2.5614845444876853,111.99268540420752,0.3495697637917663,24.280406111249466,1.4470364140743537
6.563375568828857,1.0455483336575822,0.21979315202896632,0.2575400168012656,10.662189595339106,1.1024322576043808,23.626662031005015,1.0856122287640462,0.7463743309599397,30.89999264824987,0.6233225242096158,22.74150827840354,4.570657336105129,0.4352742232767123,18.020408448297754,0.3495697637917663,9.739651836092456,0.467532733986103
6.563375568828857,1.072642851717987,0.2937588931629255,1.692261301751774,39.220702886793,1.1024322576043808,45.314464776339676,1.0856122287640462,0.4720264070913012,10.939922486015638,0.24436241678333975,5.304797256163813,4.570657336105129,1.6997400235061078,39.39403352054092,0.3495697637917663,14.400459240188072,1.2864449138824674
6.563375568828857,8.592046436580157,0.17012665544867117,1.692261301751774,116.93719993927559,1.1024322576043808,78.24480521210347,1.0856122287640462,0.4720264070913012,32.61756697119693,-0.15707343919308958,-5.887837162869385,2.665290165819467,1.6997400235061078,117.45398820369518,0.024333225640276845,1.730855543953143,1.2864449138824674
6.563375568828857,1.507617938143396,0.17012665544867117,1.692261301751774,116.93719993927559,1.1024322576043808,78.24480521210347,1.0856122287640462,0.4720264070913012,32.61756697119693,0.6275033207952343,23.52171946436043,1.4002823916386238,1.6997400235061078,117.45398820369518,0.08349926255302427,5.939416485197925,1.1673179765863895
6.563375568828857,1.2865842103882472,0.13356980504903482,1.692261301751774,189.70589854957336,-0.9269368152987787,-83.79494204055517,1.0856122287640462,0.4720264070913012,52.915110452320036,0.5969795029033342,28.50207835362997,1.4002823916386238,1.6997400235061078,190.54427831334831,-1.2281805035288165,-111.27238870909501,1.1673179765863895
1.8882394577053996,1.2865842103882472,0.9432114502240657,1.692261301751774,3.8043397083231105,-0.9269368152987787,-3.4138689471800916,1.0856122287640462,1.4949191779420032,3.3606987192174875,0.5969795029033342,2.0664803449938,0.17655176938736009,0.3837591751540391,0.8627215353565916,-1.2281805035288165,-2.1540440839795414,0.9694623992361558
1.8882394577053996,1.2865842103882472,0.9432114502240657,0.2457143426143218,0.5523856330842755,-0.4084827698756923,-0.5732604738193297,0.25378530944257316,1.4949191779420032,3.3606987192174875,0.5969795029033342,2.0664803449938,0.17655176938736009,0.08780225163152838,0.19738653363769795,-1.2281805035288165,-1.0303339916096013,1.9532372174927162
1.8882394577053996,1.2865842103882472,0.9432114502240657,1.1914578663899058,2.678493248772477,-0.4084827698756923,-1.2623392589515883,0.25378530944257316,1.4949191779420032,3.3606987192174875,-0.11280536083982029,-0.39048252050819277,0.3615639391258492,0.14196049633358854,0.31913862986529884,-1.2281805035288165,-1.3101136022801096,1.9532372174927162
1.8882394577053996,1.2865842103882472,0.9432114502240657,1.1914578663899058,2.678493248772477,-0.4780049121745459,-1.4771843786538674,0.25378530944257316,0.3104490422359165,0.6979144518440428,-0.414514686474433,-0.6538800494736492,2.175302921915048,0.14196049633358854,0.31913862986529884,-1.2281805035288165,-1.3101136022801096,2.6259710548990776
1.8882394577053996,1.2865842103882472,0.9432114502240657,1.1914578663899058,2.678493248772477,-0.4780049121745459,-1.4771843786538674,0.6775280520015382,1.198694082360925,2.694760845111206,0.5021151579065907,1.5563974656987374,2.175302921915048,0.14196049633358854,0.31913862986529884,-1.2281805035288165,-1.3101136022801096,3.1643496248149257
56.28007132584262,1.2865842103882472,0.9553787828895413,1.1914578663899058,2.610703192215618,0.8570105127061253,77.93266695156443,0.6540390923618439,1.198694082360925,2.6265590715278613,0.5021151579065907,45.79853199427916,2.175302921915048,0.14196049633358854,0.3110615418315837,1.213372594863889,38.08658038063407,3.1643496248149257
56.28007132584262,3.914443501091818,0.9553787828895413,1.1914578663899058,2.610703192215618,0.0010905084496292128,0.09916591518167604,0.6540390923618439,1.6645369237229328,3.6473063655128195,0.5021151579065907,53.96896551976554,1.1480913555750971,0.7018570194948542,1.53789774104737,1.5549128825529748,108.52365958155234,3.1643496248149257
43.40791499393474,1.3840423851160955,0.8861724054936185,1.1914578663899058,3.034395878392208,0.2795555807850896,21.13845356975594,1.4551468972344792,0.4625466111222939,1.1780102091285023,0.5021151579065907,23.656298150862,1.4467631505442429,0.7018570194948542,1.7874841463163205,1.5549128825529748,90.2393767160431,3.1643496248149257
43.40791499393474,1.3840423851160955,0.8861724054936185,1.1914578663899058,3.034395878392208,0.2795555807850896,21.13845356975594,1.4551468972344792,0.4625466111222939,1.1780102091285023,-0.0684346243904429,-3.224180455280616,0.27253891215200826,0.4608117055491795,1.1735917647428782,-0.6816540250693957,-32.05468076781341,1.2907351863467287
43.40791499393474,1.411491649656105,1.0170366740809973,0.5911766446474713,1.1430731837243568,0.2795555807850896,12.97400648479006,0.6707411198977256,0.20252777503445904,0.3915988067141915,-0.0684346243904429,-1.8589405189186374,1.4035850855382905,0.4608117055491795,0.8910052657334872,-0.6816540250693957,-27.930136923539273,0.8857533803975124
12.167469636730829,1.411491649656105,1.0170366740809973,0.5911766446474713,1.1430731837243568,0.2795555807850896,3.6366830793989844,0.6707411198977256,0.20252777503445904,0.3915988067141915,-0.0684346243904429,-0.5210709227474207,1.4035850855382905,0.918922865145617,1.776788874475035,-0.6816540250693957,-11.055596704315095,0.8857533803975124
1.2886027713610182,3.478079510335952,1.0170366740809973,1.548595104531114,2.994295448684223,-0.07841987274802475,-0.1748608235051508,0.6707411198977256,1.5085155388660065,2.916799361614641,-0.0684346243904429,-0.15060806441786387,1.4035850855382905,1.4468903698804922,2.797643642680871,-0.6816540250693957,-1.469194391047567,0.8857533803975124
0.6489117103075379,2.4602934139168817,1.0170366740809973,1.548595104531114,2.994295448684223,-0.07841987274802475,-0.0880560236004041,0.6477955083143351,1.5085155388660065,2.916799361614641,-0.0684346243904429,-0.07584287325742778,2.9892970670537817,2.400995866467416,4.642460107382169,-0.6816540250693957,-0.953067599047092,0.8857533803975124
0.6489117103075379,2.4602934139168817,1.0170366740809973,1.548595104531114,2.994295448684223,0.01819761487555406,0.02043371850527792,0.6477955083143351,1.5085155388660065,2.916799361614641,-0.0684346243904429,-0.07584287325742778,0.15076392341589398,2.400995866467416,4.642460107382169,-0.6816540250693957,-0.953067599047092,0.8857533803975124
0.6489117103075379,0.9336248961004407,0.7346023553062881,2.5392652299742164,9.410949190558124,0.01819761487555406,0.036225700773405436,2.8759835619153384,1.5085155388660065,5.5908153751940075,-0.0684346243904429,-0.1050023635417286,0.15076392341589398,2.030276710899752,7.524551095926692,-0.6816540250693957,-1.2133606680249405,0.8857533803975124
0.6489117103075379,1.2587665137473796,0.5315556071837462,2.5392652299742164,17.973831010858028,-0.7598406189999012,-2.090395417392554,10.815586107931864,1.5085155388660065,10.677814610609365,-0.0684346243904429,-0.14511178610108655,0.15076392341589398,2.030276710899752,14.371027522541764,0.4597785101957168,1.13104058986599,0.8857533803975124
0.6489117103075379,1.8076407555969727,0.5315556071837462,2.5392652299742164,17.973831010858028,0.28839582513313444,0.7934049538532593,3.8093942607448015,0.19280410021571973,1.3647366468736588,-0.0684346243904429,-0.05187832270445426,0.1914467800215275,2.030276710899752,14.371027522541764,0.4597785101957168,1.13104058986599,0.641518729908572
1.4259551830415964,1.793695610917996,0.5315556071837462,2.5392652299742164,17.973831010858028,0.07025310903518028,0.42470928122465296,1.3096726284451403,2.045579050672636,14.479342977698584,-0.0684346243904429,-0.37132671179707777,0.1914467800215275,2.030276710899752,14.371027522541764,0.4597785101957168,2.4854123692504713,0.641518729908572
1.4259551830415964,1.793695610917996,0.5315556071837462,2.5392652299742164,17.973831010858028,0.07025310903518028,0.42470928122465296,1.5974031451799993,1.7098052024073598,12.102615121409684,-0.0684346243904429,-0.3394856138700411,0.15564973207801666,2.030276710899752,14.371027522541764,-0.5226629981851634,-2.82534536049972,0.641518729908572
1.4259551830415964,1.793695610917996,0.5315556071837462,1.4516019200056411,10.274959581706781,0.07025310903518028,0.3211156601990006,1.4232623870773053,0.42436765941460747,3.003826660860063,-0.8585863602338156,-2.1219116379881537,0.08299650506034614,2.030276710899752,14.371027522541764,-1.4132760725751443,-7.63970858587708,0.641518729908572
0.6639022781436256,1.793695610917996,0.5315556071837462,1.94074810382867,13.737311896801684,0.004275298419511506,0.010520138865414712,1.4232623870773053,0.6357802006477297,4.500280534541773,-0.8585863602338156,-1.2092272832685331,0.39132062391903477,1.8973970749999225,13.430457749737002,0.28327444281674263,0.6892185541390154,1.3303879802738527
0.6639022781436256,6.265690485441888,0.4631415606211405,1.94074810382867,18.095544542964767,0.8617692997289438,2.43377825037047,1.4232623870773053,0.6357802006477297,5.928017612208222,0.305918014404445,0.49449733262764084,0.39132062391903477,1.8973970749999225,17.6913393441518,0.28327444281674263,0.7910280963261608,1.3303879802738527
2.912777558422256,6.220598410355471,0.41246487869357745,1.9604298586138493,23.046626066235053,0.8617692997289438,12.050415342469948,1.9838208795168022,1.2415164569608845,14.59514882051714,-0.4028097308357754,-4.482409575005829,0.39132062391903477,2.9643167800705417,34.84822477681328,0.28327444281674263,4.870853231054522,9.590823610335852
2.912777558422256,6.220598410355471,0.41246487869357745,1.9604298586138493,23.046626066235053,0.8617692997289438,12.050415342469948,0.6359709461752435,1.2415164569608845,14.59514882051714,-0.4028097308357754,-4.482409575005829,0.39132062391903477,2.9643167800705417,34.84822477681328,0.28327444281674263,4.870853231054522,10.390514588388651
2.912777558422256,6.220598410355471,0.6292380135752155,3.3480961962784797,16.91211878861158,0.46409359721332827,5.559194985103921,0.6359709461752435,1.2415164569608845,6.271227756680695,-0.4028097308357754,-2.9382149230065706,1.3585514371846716,2.9643167800705417,14.973547524516157,0.027775157605682887,0.3130590078434347,10.390514588388651
12.602985292309787,17.479813218182418,0.8453674648490798,1.5955622568984686,4.465321069741303,-0.21792796603154113,-5.803804042381151,0.6359709461752435,1.2415164569608845,3.4744928126303627,-1.080885291592743,-25.39210734351699,1.3585514371846716,0.1460042008187981,0.40860557547545817,0.027775157605682887,0.22375982080294493,10.390514588388651
12.602985292309787,17.479813218182418,0.8453674648490798,1.5955622568984686,4.465321069741303,-0.21792796603154113,-5.803804042381151,1.4277021417007587,1.2415164569608845,3.4744928126303627,-1.080885291592743,-25.39210734351699,1.3585514371846716,0.14472023469549905,0.4050122835444081,0.5302258176531616,4.252735744444772,0.7198201462870908
7.448020157571873,2.275073581380044,0.7088198329150829,0.6219489033486899,2.4757853039061475,-0.21792796603154113,-2.5539377011827327,0.28749357803705433,1.2415164569608845,4.94209119455289,-1.080885291592743,-17.89681826312959,1.3585514371846716,0.14472023469549905,0.5760862802520124,0.878390403047677,4.965605252694362,0.7198201462870908
5.336305977551282,2.275073581380044,0.7088198329150829,0.6219489033486899,2.4757853039061475,-0.21792796603154113,-1.8298276230173427,0.4067769675633672,1.2415164569608845,4.94209119455289,0.3527083379716376,4.184194145847948,2.298889253245729,0.12951566335193057,0.5155616067910238,-0.2936566747743541,-1.1251770997455772,0.7198201462870908
5.336305977551282,2.275073581380044,0.7088198329150829,0.49413708705816206,1.9670061827695111,-0.8495006996877896,-6.357806806851285,0.3294389302064687,1.2415164569608845,4.94209119455289,0.6278992749085186,7.4487960374377655,0.4718887058611306,0.12951566335193057,0.5155616067910238,0.09099477100950065,0.34865624156221114,0.7198201462870908
79.01260854824298,0.9815024452361819,1.0988111310658009,0.49413708705816206,0.8185238643921116,-1.8625649659532537,-133.1445832870283,0.23978904357935937,1.9643190544986235,3.2538379844337046,0.6278992749085186,89.49202676647704,0.4718887058611306,0.12586285705152422,0.20848820061368808,0.09099477100950065,3.2828691815435005,2.4526706041254887
10.61189928905815,1.6320068521985558,1.0988111310658009,0.49413708705816206,0.8185238643921116,-1.8625649659532537,-17.882170133173997,1.689995254783539,1.9643190544986235,3.2538379844337046,0.6278992749085186,12.019352261224249,0.4718887058611306,0.9465198652970854,1.5678829178342568,1.9179547495907623,25.48521434330268,1.4476573521161313
0.9687529351347763,6.403776361981498,0.8104533856164979,0.06799016127662451,0.20702366146342463,-1.596947810754481,-0.7039045093248013,2.3019547430255303,1.9643190544986235,5.981167205798203,1.1971515196051354,2.83631932634518,0.4718887058611306,1.1603247712745453,3.533080053430533,0.9894932333999445,1.8017834727780642,1.4476573521161313
0.9687529351347763,1.1436297820271,0.8104533856164979,0.5165910536319589,1.5729712857572742,-1.596947810754481,-1.9402788607030197,2.87245316918334,1.9643190544986235,5.981167205798203,1.1971515196051354,2.83631932634518,0.4824405236038825,1.1971228188920764,3.645126655607161,0.6750225313866925,1.248497313526281,1.4476573521161313
0.9687529351347763,0.5992238190105678,0.6479564336074225,2.6170460292809787,12.466649347025914,-1.596947810754481,-5.462338713654457,2.87245316918334,0.7869924425516551,3.748943927725448,1.1971515196051354,2.2455184352595,0.4824405236038825,1.3313637314798454,6.342129487981274,1.0585863982086356,2.5825984925282275,1.4476573521161313
0.9687529351347763,0.5992238190105678,0.6479564336074225,2.6170460292809787,12.466649347025914,0.034582417084257244,0.11828869696238668,2.87245316918334,0.7869924425516551,3.748943927725448,1.510857671720295,2.8339426541597605,0.4824405236038825,1.3313637314798454,6.342129487981274,1.0585863982086356,2.5825984925282275,1.4476573521161313
3.1699330481776142,0.5992238190105678,0.887157530399026,2.6170460292809787,6.650279070058448,0.034582417084257244,0.28269971398272314,2.87245316918334,0.7869924425516551,1.9998575915125911,0.4654713043801033,2.0866160213211304,0.4824405236038825,1.3313637314798454,3.3831809830749946,1.0585863982086356,6.172186133744447,1.4476573521161313
0.2774289012674678,0.5992238190105678,0.8826383758716758,0.2895309576857174,0.7432918834755573,0.10652797695945956,0.02547974496391713,2.87245316918334,0.7869924425516551,2.020388768030195,0.4654713043801033,0.1835532536423947,0.14240034293022918,1.3313637314798454,3.4179137991761532,0.5175617260712604,0.26545713765118095,0.39251560389327234
6.448632483660068,1.7647530748656879,0.8826383758716758,0.6221637925795629,1.597236098388977,0.8000101389428557,6.520001207081636,1.4702018345342085,0.5348553785779118,1.3730955228689166,0.4654713043801033,3.5173121696841148,0.14240034293022918,1.3313637314798454,3.4179137991761532,0.5175617260712604,6.170357569294684,0.39251560389327234
79.29503108361828,3.32786195641556,0.9533382517336307,0.6221637925795629,1.3691174034144349,0.8000101389428557,74.22698325609232,2.1586425224473933,0.5348553785779118,1.1769887863205901,0.4654713043801033,40.04285631757607,0.5334027877226087,1.3313637314798454,2.92976427877027,-0.6085404411082225,-82.59461981083776,0.39251560389327234
79.29503108361828,0.3381016798263173,0.9533382517336307,0.6221637925795629,1.3691174034144349,0.8000101389428557,74.22698325609232,2.1586425224473933,0.8161820122646897,1.7960688337589172,-0.5511079064178124,-58.56580319463745,0.5334027877226087,1.3313637314798454,2.92976427877027,-0.041531591788891764,-5.636907265678973,0.07514463296989399
79.29503108361828,53.33881258823773,0.9533382517336307,0.6221637925795629,1.3691174034144349,-0.2144571909013323,-19.89788571831943,2.57866551093668,0.8161820122646897,1.7960688337589172,-0.5511079064178124,-58.56580319463745,0.5334027877226087,1.3313637314798454,2.92976427877027,-0.041531591788891764,-5.636907265678973,13.09824228829381
79.29503108361828,17.45751528397108,0.2396292046444015,0.6572978772870053,22.89352843209763,0.26723591890106185,101.39047809125029,2.57866551093668,0.8161820122646897,28.427424991347582,-1.0292056752780923,-435.1278763814602,0.5334027877226087,0.6311504076065052,21.982818294056884,-1.5396263744656093,-572.404449323906,1.1259348110423684
20.157909042196486,17.45751528397108,0.2396292046444015,1.1976767215807744,41.71479480679742,0.26723591890106185,34.79247852410929,5.991849218435813,1.0999709820168722,38.31172718102351,-1.0292056752780923,-128.4143386010154,0.5334027877226087,0.6311504076065052,21.982818294056884,-1.5396263744656093,-145.5132391921544,1.1259348110423684
0.33997180225145507,7.991146419690864,0.2396292046444015,1.3052198080708357,45.460494881773805,1.1579159661537801,2.6542206239347736,5.991849218435813,1.0999709820168722,38.31172718102351,-1.0292056752780923,-2.1657630281855234,0.5334027877226087,0.6351961615957044,22.12373094139921,-1.5396263744656093,-2.461996457708186,1.1259348110423684
1.295803242910265,0.27792945039547584,0.2396292046444015,1.2896520644097533,44.9182740798451,1.1579159661537801,10.056054889078432,0.4363360683262248,1.0999709820168722,38.31172718102351,-1.0292056752780923,-8.254810359896387,0.04197760467599583,0.6351961615957044,22.12373094139921,-1.5396263744656093,-9.383904702697144,1.535067032949008
1.6643960472838244,0.26976126126577177,1.2355468028756087,0.9593580645005992,1.2568756826087806,1.1579159661537801,2.1606274033125024,0.4363360683262248,0.21546041103224237,0.28227932949340306,-1.0292056752780923,-0.9101194310668893,0.04197760467599583,0.6351961615957044,0.8321841851735219,-0.3046300865167726,-0.4625292460144246,1.535067032949008
1.6643960472838244,5.272924093291311,1.2355468028756087,0.9593580645005992,1.2568756826087806,1.1579159661537801,2.1606274033125024,0.32598002329374,0.21546041103224237,0.28227932949340306,1.3122042948872847,1.1603731450311459,0.0497446751606764,0.6351961615957044,0.8321841851735219,-0.3046300865167726,-0.4625292460144246,1.052948773693885
1.6643960472838244,4.54355993027961,1.2355468028756087,0.5224929442479137,0.6845292704155487,1.1579159661537801,1.5945191142072883,1.5012448666377718,0.21546041103224237,0.28227932949340306,1.3122042948872847,1.1603731450311459,1.156660037682583,0.40564820479829616,0.5314484582670295,-0.3046300865167726,-0.36962390019412394,1.052948773693885
0.8748327830109837,4.54355993027961,1.2355468028756087,0.5509525718346316,0.7218148420633653,-0.6156699987670702,-0.45759992468295246,0.6490276338712586,0.0559979912420223,0.07336417555803361,0.02313898638954459,0.005482913577712697,1.156660037682583,0.40564820479829616,0.5314484582670295,-0.3046300865167726,-0.19428014492217674,0.67925109384266
1.4276189775426997,4.54355993027961,1.2355468028756087,0.5509525718346316,0.7218148420633653,-0.6156699987670702,-0.7467465203476388,2.3453923569737665,0.0559979912420223,0.07336417555803361,0.02313898638954459,0.00894743730205057,1.156660037682583,0.07704986918411295,0.10094469469656366,0.12074956741386794,0.054769609623437306,0.67925109384266
0.9869723825328197,2.2339426065217767,1.0092581151323636,0.5509525718346316,1.0817818984976741,-0.7800536584023559,-0.8007543995447713,1.9939378891897253,0.6382142485353246,1.2531180662789172,-1.9402907560972318,-2.14371877051382,1.156660037682583,0.07704986918411295,0.15128553350324497,2.031308190695114,0.7797933381795313,0.67925109384266
0.4755769922693158,0.6963719586219422,1.0092581151323636,1.8393008234868824,3.6114221776192923,-0.7800536584023559,-0.7049924147090647,1.015058917069663,0.6382142485353246,1.2531180662789172,0.03930160122202131,0.020923150371444404,0.5629586170682548,0.07704986918411295,0.15128553350324497,2.031308190695114,0.37574685667634583,1.0804260660370586
0.4755769922693158,0.6963719586219422,0.8793915496341964,1.8393008234868824,4.75683606863857,0.07139841904013955,0.07405741073370434,1.015058917069663,0.6382142485353246,1.6505622778967588,0.03930160122202131,0.024013034143094792,1.2823065229165096,0.6147027578621315,1.5897563969698523,-2.339929044754829,-1.4031006141395344,1.1726571110066777
0.4755769922693158,0.6963719586219422,0.8793915496341964,0.8425613749020874,2.1790488467122344,0.5131400089029128,0.36023855853637604,0.9368217692024039,0.6382142485353246,1.6505622778967588,-1.0250095456556718,-0.6262744634189699,1.2823065229165096,1.535200429564411,3.970365631706302,-2.339929044754829,-2.2173731048865655,1.1726571110066777
2.0054692124336184,0.6963719586219422,0.8793915496341964,1.9804713144385775,5.121933976828154,-0.3463201356886385,-1.5718486634235467,0.4884278029697162,0.6382142485353246,1.6505622778967588,-1.0250095456556718,-2.6409481016459253,2.021377969053517,1.535200429564411,3.970365631706302,-2.4116706755054667,-9.63716408018792,1.1726571110066777
4.061346882140049,0.6963719586219422,0.8793915496341964,1.9804713144385775,5.121933976828154,-0.3463201356886385,-3.1832065178624784,0.4884278029697162,0.6382142485353246,1.6505622778967588,-1.0250095456556718,-5.348277735711382,2.021377969053517,0.9438733973988839,2.441063997603032,-2.4116706755054667,-15.303038463621434,0.28427399414119714
1.8353746589563542,0.8750442074976823,0.6593830956972215,1.9804713144385775,9.11009558608479,-0.3463201356886385,-1.9185094420323865,0.4884278029697162,0.6382142485353246,2.935762192650736,-1.0250095456556718,-3.22339165775017,2.0729572624525296,0.9438733973988839,4.341783094143932,-2.4116706755054667,-9.223097408067973,0.28427399414119714
1.8353746589563542,0.8750442074976823,0.6593830956972215,1.9804713144385775,9.11009558608479,-0.3463201356886385,-1.9185094420323865,2.069477292578858,2.5307334928323284,11.64128147402348,0.017900201482726308,0.1120941751510941,0.40100201176559375,0.9438733973988839,4.341783094143932,1.2388153418425079,4.737676119907101,0.8468934359636615
1.8353746589563542,4.473695962660525,0.6593830956972215,0.34653864068696993,1.5940650682058135,-0.3463201356886385,-0.8025193200472723,2.069477292578858,0.10199515859513213,0.4691739977980627,-0.5710003827864003,-0.7178407326124175,1.3001552783638268,0.9438733973988839,4.341783094143932,1.2388153418425079,4.737676119907101,0.8468934359636615
2.640660975878805,1.057911063837745,0.6593830956972215,0.34653864068696993,1.5940650682058135,-0.3463201356886385,-1.1546315301327366,6.655259248331001,0.042124029916480406,0.19376899640630146,-0.11598253611049908,-0.13481784886351433,0.6806763790043637,0.5823772044077454,2.6789138325971686,1.2027510544339874,5.198376923501894,0.8468934359636615
0.600385874428173,1.3096059624800727,0.6593830956972215,0.5915945684640551,2.7213133700166376,-0.9010645397502766,-0.8924330439440321,1.4628392841385705,0.05004631918795743,0.23021123719898332,-0.5710906250815089,-0.16451244471086737,0.6806763790043637,0.8502057640088373,3.9109154076066144,1.2027510544339874,1.4280566085055704,0.8468934359636615
0.600385874428173,0.9407706650539343,0.6593830956972215,0.5060792948845136,2.3279462403338433,-0.9010645397502766,-0.8254159147026913,1.4628392841385705,0.05004631918795743,0.23021123719898332,-1.3108475171119172,-0.3776120990472805,0.6806763790043637,0.8502057640088373,3.9109154076066144,1.2027510544339874,1.4280566085055704,0.8468934359636615
0.600385874428173,0.9407706650539343,0.44506002865931343,0.5060792948845136,5.10988800908639,0.10159386595456499,0.13788075210273004,1.4628392841385705,0.0829772806408004,0.8378224828774694,-0.6523765159749009,-0.35851290252430906,0.5252269539196606,0.06217084912446478,0.6277397231363062,1.2027510544339874,0.5721317086869839,0.8468934359636615
0.600385874428173,6.983116005895148,0.3877721815484377,0.5060792948845136,6.731242941944983,0.2281550817354516,0.3553924888125314,1.4628392841385705,0.0829772806408004,1.1036615018653029,-0.6523765159749009,-0.4114781056110174,0.5252269539196606,0.24952760149809042,3.3189085650851813,1.2027510544339874,1.3155393893720135,0.8468934359636615
1.6615197828925359,6.983116005895148,0.3877721815484377,0.5060792948845136,6.731242941944983,0.2281550817354516,0.9835202259144395,3.136076273252241,0.250053247119038,3.3259000551772133,-1.52495901818075,-4.620811860995688,1.8371029133813848,0.24952760149809042,3.3189085650851813,1.2027510544339874,3.6406498115862385,1.838166044166832
1.6615197828925359,12.064545847636262,0.5480764177212182,2.659996053456586,17.710415740298835,0.0374436104776357,0.26181686197462334,3.7332138410669535,0.250053247119038,1.664869749688192,-1.52495901818075,-3.2692928174381217,1.8371029133813848,3.459443224712357,23.03318369965238,-0.10455308146714914,-0.8337183098177681,1.838166044166832
0.616917316992184,12.064545847636262,0.8699908222385597,0.3285128862954673,0.8680666335560395,0.0374436104776357,0.021521929848229322,0.27432858732327137,1.781213887128554,4.706702254755007,0.225041604613901,0.3011952647803407,1.8371029133813848,1.0346326332743403,2.7339264436826114,-0.10455308146714914,-0.10664910401563725,1.838166044166832
2.0488651177136683,1.446885758953327,0.6526430815926646,0.3285128862954673,1.5425204428926813,1.0567870369250212,2.6891579407920614,0.5113795822682813,1.4730950377848875,6.916864771214023,0.225041604613901,1.2126370324230298,1.8371029133813848,1.0346326332743403,4.8580803197904165,-0.10455308146714914,-0.4721527800608218,1.838166044166832
2.103996427718046,1.446885758953327,0.6526430815926646,0.10519871401649075,0.4939567782753878,0.251783538743357,0.37232037720258904,0.3135447368283296,1.4730950377848875,6.916864771214023,0.225041604613901,1.245266934498724,0.34005150305963994,1.0346326332743403,4.8580803197904165,-0.10455308146714914,-0.4848575701721441,1.5579919757540115
0.8681403934182671,1.446885758953327,0.6526430815926646,0.006620177453419308,0.031084805143052896,-0.6073155195692593,-0.09295621202884402,1.6155271663179822,1.4730950377848875,6.916864771214023,0.225041604613901,0.5138157613694172,0.10078370681499532,1.4267867050118035,6.699425660120789,0.6271174407880973,1.4091513113651104,1.5579919757540115
8.196459626942048,13.97376923249734,0.6526430815926646,0.01196086309302411,0.05616180249025696,-0.6073155195692593,-1.179671812475166,1.4396825418291697,1.4730950377848875,6.916864771214023,0.34714924675361974,7.483369228947379,0.5138317355442666,1.4267867050118035,6.699425660120789,-0.09899512494003138,-2.100191508956179,1.5579919757540115
2.7051581649469267,7.197670039975567,0.6526430815926646,0.01196086309302411,0.05616180249025696,-0.268774971327153,-0.17230663677900288,1.4396825418291697,0.07914908017886547,0.3716416594454196,0.34714924675361974,0.5724941919453473,1.0520019472109114,1.4267867050118035,6.699425660120789,1.019935669820943,7.141414304504999,1.5579919757540115
2.7051581649469267,8.658588427319554,0.6526430815926646,0.08573645274367606,0.40257243041381224,-0.268774971327153,-0.4613212938962474,1.4396825418291697,0.07914908017886547,0.3716416594454196,0.34714924675361974,0.5724941919453473,1.0520019472109114,1.4267867050118035,6.699425660120789,1.019935669820943,7.141414304504999,1.5579919757540115
2.7051581649469267,8.658588427319554,0.6526430815926646,0.024629148904886204,0.11564528291491574,-1.889315068034852,-1.7380449821693076,0.15647746767061638,0.07914908017886547,0.3716416594454196,0.34714924675361974,0.5724941919453473,1.0520019472109114,0.1176242329918597,0.5523003557502115,1.019935669820943,2.0504685119393815,1.5579919757540115
2.7051581649469267,13.082350699142278,0.6526430815926646,0.024629148904886204,0.11564528291491574,-1.7646840672693778,-1.6233926993563195,0.15647746767061638,0.07914908017886547,0.3716416594454196,-0.2310098966486422,-0.3809653206797967,1.0520019472109114,0.1176242329918597,0.5523003557502115,-0.21139903471471455,-0.4249945138334075,1.5579919757540115
1.4647674904774042,3.2827378623964205,0.5608136532525404,0.024629148904886204,0.15661820555398603,-1.7646840672693778,-1.0229555878862637,1.7083409210751772,0.1148093537238511,0.7300794286673499,-0.2310098966486422,-0.2891241267878305,0.6012796959187339,0.0863686237820734,0.5492231552602308,-0.21139903471471455,-0.2294806714019145,1.5579919757540115
1.4647674904774042,3.2827378623964205,0.435271287498389,0.024629148904886204,0.2599916259453179,1.0689721916481931,0.7983894327442351,1.7083409210751772,0.1148093537238511,1.211957045843079,-0.2310098966486422,-0.37251425132868204,0.6012796959187339,0.0863686237820734,0.9117293908319267,-0.21139903471471455,-0.2956682358246057,1.5579919757540115
1.6131826325856258,7.48003218780088,0.435271287498389,4.637483576749866,48.954468547417186,1.0689721916481931,12.065521988415643,0.4139404668025931,0.1148093537238511,1.211957045843079,0.6469997574572108,1.149029740032354,0.5311410232212618,0.4389170498404123,4.633321187176369,-0.21139903471471455,-0.7340619975756667,4.366284695757148
1.6131826325856258,3.6230333912152344,0.435271287498389,4.637483576749866,48.954468547417186,1.0689721916481931,12.065521988415643,0.4139404668025931,0.5447215960673645,5.750221170695266,0.6469997574572108,2.502821806781015,0.5311410232212618,1.0260912133713465,10.831682571040638,-0.04205530034043761,-0.2232812417560123,0.650821183453805
1.6131826325856258,1.2575323949274233,0.6452692357854496,4.637483576749866,22.275653839818297,1.0689721916481931,8.138889937694165,4.8292698544953945,0.5447215960673645,2.6165116301228935,0.6469997574572108,1.6882975505418976,0.5311410232212618,1.1385950639105038,5.4691189925833745,0.639118250103841,2.411145636135263,0.650821183453805
1.6131826325856258,2.1341700525179252,0.6452692357854496,4.637483576749866,22.275653839818297,-1.089867469957292,-8.297981419871105,1.2313938191653722,0.5447215960673645,2.6165116301228935,0.37702096618078396,0.9838080561383415,2.7051015994481085,1.1385950639105038,5.4691189925833745,0.639118250103841,2.411145636135263,0.650821183453805
1.6131826325856258,0.5206256185385421,1.1518443887639527,1.8733463891639364,2.8239724874362877,1.2400570439389844,3.3616727369265464,0.479889843459437,0.5447215960673645,0.821139544456135,-0.6437119908449245,-0.9409869934955989,2.7051015994481085,1.034697658888649,1.5597530378887028,0.0824837071247495,0.16618033471811874,0.650821183453805
1.6131826325856258,1.267051707219991,1.2052646576424058,1.8733463891639364,2.579189426068619,-1.2421252882056943,-3.218033502715698,1.0731632490433352,0.5447215960673645,0.7499628412848862,0.10675496940627593,0.14913909763885663,2.102589017294712,1.034697658888649,1.4245530225590448,-0.13261494690598746,-0.2553379238345754,1.2065454913288236
1.6131826325856258,1.267051707219991,1.2052646576424058,1.8733463891639364,2.579189426068619,-1.2421252882056943,-3.218033502715698,1.0731632490433352,0.5447215960673645,0.7499628412848862,0.10675496940627593,0.14913909763885663,2.102589017294712,1.034697658888649,1.4245530225590448,-1.6381600757061652,-3.1541270603232263,1.2065454913288236
1.4955394443774375,1.267051707219991,1.576340654509374,2.0656999060623575,1.662635590260244,-1.2421252882056943,-2.3953104647807777,1.0731632490433352,2.032300090151619,1.6357528264675163,-0.7960649022371601,-1.5226678860100615,2.102589017294712,1.034697658888649,0.8328049721929406,-1.4915796199204434,-2.0357102689089794,0.48809746510381685
1.9404869158154432,0.39308103260599214,1.576340654509374,2.0656999060623575,1.662635590260244,1.4736055425473678,3.6871474156320634,1.224830164866285,2.032300090151619,1.6357528264675163,-0.7960649022371601,-1.9756865130126164,2.102589017294712,1.034697658888649,0.8328049721929406,-1.4915796199204434,-2.6413674049589697,1.2836780945135609
3.4692976301402565,0.39308103260599214,0.8241019588985032,0.6421353628164317,1.8910137651596843,-0.8477020198177294,-4.0441953220625,2.0148233073116266,0.4767688442258792,1.4040286510247,-1.7188028080966276,-7.065706591826792,2.102589017294712,0.3070971817065446,0.9043653900351124,-1.2558761603074178,-4.143433211194033,1.2836780945135609
5.920401604360492,3.0286730467337475,0.8241019588985032,0.6421353628164317,1.8910137651596843,-1.2067897312899172,-9.824944794619144,2.0148233073116266,0.4767688442258792,1.4040286510247,-1.7188028080966276,-12.057720352030064,2.102589017294712,0.3070971817065446,0.9043653900351124,-0.4579952418372981,-2.578600725573847,0.4097600959054077
0.7001076222440238,3.0286730467337475,0.8241019588985032,0.6421353628164317,1.8910137651596843,1.581291646642693,1.5223837084692455,2.0148233073116266,0.4767688442258792,1.4040286510247,-1.2754385284806526,-1.0580649381246126,2.102589017294712,0.906832935777199,2.670517251586211,-0.4579952418372981,-0.5239905636109233,5.737843963085632
0.7001076222440238,7.318509169791955,0.8241019588985032,0.6421353628164317,1.8910137651596843,-0.1132647038460004,-0.10904524807036278,2.0148233073116266,0.8222650503780246,2.421474690405848,-2.1187949119085356,-2.3083076684371493,0.2902861234586636,0.906832935777199,2.670517251586211,-0.47593274758522774,-0.5445127937304468,5.737843963085632
0.7001076222440238,7.318509169791955,0.8241019588985032,1.483698144587578,4.369318024241974,-0.9915465540277207,-1.4510579056476447,1.5612328206705448,0.8222650503780246,2.421474690405848,-1.722464487707006,-1.8765280033655205,0.2902861234586636,0.906832935777199,2.670517251586211,-0.47593274758522774,-0.5445127937304468,5.737843963085632
0.7001076222440238,7.318509169791955,0.7215133607820667,1.4970174815317023,5.751327682117822,-0.9915465540277207,-1.6647996335953783,0.6948265849597137,0.8222650503780246,3.1590250645827136,0.3566121333894141,0.4437490715163752,0.18615928961837178,0.5753519058444133,2.2104199742921606,-0.47593274758522774,-0.4953906352753032,2.019579995519797
0.6003701405863098,7.318509169791955,0.48008983124567844,1.4970174815317023,12.990080814681246,-0.6465938702716825,-1.399125249164176,0.6948265849597137,3.6313984760087017,31.510760732999753,-0.9711587799440482,-3.2729454675155862,0.4575841374215488,0.5753519058444133,4.9925053287639445,-0.47593274758522774,-0.6384456634259298,2.019579995519797
0.6003701405863098,7.318509169791955,0.48008983124567844,1.4970174815317023,12.990080814681246,-0.6465938702716825,-1.399125249164176,0.7446352825826049,2.072761497944405,17.985988607366426,-0.9711587799440482,-2.472728772598835,1.08969973728994,0.46734478922858197,4.055294380522497,-0.47593274758522774,-0.5754079604148978,2.019579995519797
0.8706609685712076,7.576044603078765,0.48008983124567844,1.4970174815317023,12.990080814681246,0.42257613761685087,1.326050218399663,0.9081226221599351,0.06876526676187317,0.5966973555752227,0.01673074339702796,0.011252301765254099,1.08969973728994,0.46734478922858197,4.055294380522497,-1.5578672197099304,-2.7314339784274946,2.019579995519797
0.8706609685712076,0.7957073725573219,0.48008983124567844,1.4970174815317023,12.990080814681246,0.42257613761685087,1.326050218399663,0.7337842132909418,0.17086698385038215,1.482665337018174,1.7936591512092113,1.901562308221167,1.9216122550943555,0.46734478922858197,4.055294380522497,-1.5578672197099304,-2.7314339784274946,3.28759921593423
0.6113638230909582,0.7957073725573219,0.48008983124567844,1.4970174815317023,12.990080814681246,0.42257613761685087,0.9311306701411118,0.7337842132909418,0.17086698385038215,1.482665337018174,-0.7878024997152617,-0.5864603535473467,1.9216122550943555,0.46734478922858197,4.055294380522497,-1.5578672197099304,-1.9179680493916673,1.7988189627272941
2.4885247900606156,0.7957073725573219,0.48008983124567844,1.4970174815317023,12.990080814681246,-0.2937994211958801,-2.635110513684277,2.5718410461460732,0.5679949108178793,4.928666421652385,0.3200600866464651,1.7682277529275312,1.9216122550943555,0.46734478922858197,4.055294380522497,-1.8506852451306666,-9.27439794989952,2.191962929931401
6.939666495147509,0.7957073725573219,0.48008983124567844,0.12154883649349747,1.0547166138404058,-0.2937994211958801,-2.0939071945972696,0.7933454072453888,0.5679949108178793,4.928666421652385,0.14032825019582817,2.1619638226135174,0.7146664999936423,0.6888119274482203,5.977032809606005,-2.863385018757045,-48.58040913556856,2.191962929931401
6.939666495147509,2.7689155672719554,0.48008983124567844,0.36635780398379086,3.178999269914546,-0.10517495467114701,-1.301356085616387,2.420947258118643,2.221662634010518,19.27804953167681,0.14032825019582817,4.275779054476016,0.7146664999936423,1.1526925019191114,10.002267133905397,-2.863385018757045,-62.8445430450364,2.191962929931401
6.939666495147509,1.1454057669551216,0.48008983124567844,0.36635780398379086,3.178999269914546,-0.10517495467114701,-1.301356085616387,2.420947258118643,2.221662634010518,19.27804953167681,0.14032825019582817,4.275779054476016,0.7146664999936423,1.1526925019191114,10.002267133905397,-1.2991160469128868,-28.512531076297325,0.7542594544234917
17.106848209594684,1.1454057669551216,0.48008983124567844,0.36635780398379086,3.178999269914546,-0.10517495467114701,-3.2079496959743503,2.89154028572521,0.6255230232414173,5.427855535151057,0.14032825019582817,5.592799519828204,0.7146664999936423,0.13796042063803118,1.1971249737723866,-1.468934155201112,-27.494262601191313,0.8373068090952629
9.399013199132087,1.1454057669551216,0.48008983124567844,0.36635780398379086,3.178999269914546,0.04029662108966786,0.6752989978638941,2.89154028572521,0.6804529326172291,5.90449924221374,0.14032825019582817,3.2049326313835036,0.3049509033427676,0.19577080273075423,1.698763427949764,-1.468934155201112,-17.994966390101716,0.8373068090952629
9.399013199132087,1.1454057669551216,0.48008983124567844,0.36635780398379086,3.178999269914546,0.04029662108966786,0.6752989978638941,5.192765949112526,1.6565470365211716,14.374367796769809,0.8601440640505505,30.651224747035084,1.28775299209089,2.1674024231266973,18.807217004269514,-1.5551021353354582,-63.387473940080966,0.8373068090952629
9.399013199132087,0.2830660208096233,0.48008983124567844,0.36635780398379086,3.178999269914546,0.04029662108966786,0.6752989978638941,4.091027591151858,1.6565470365211716,14.374367796769809,-0.4799200109952443,-17.101944583960144,1.28775299209089,1.1325034482921836,9.827080510221222,-2.3743422240109116,-69.95807204554048,0.8373068090952629
9.399013199132087,2.599422866801633,0.2540796743118463,0.36635780398379086,11.34999302580609,1.0378569956545223,32.86378448081352,1.1021449371648477,1.6565470365211716,51.320859299251914,-0.4799200109952443,-32.31454744077324,0.9001474345571785,1.1325034482921836,35.08566243176394,-3.3950297774223794,-189.01257014144088,0.8373068090952629
8.887333207219722,2.599422866801633,0.37209189895972716,0.1382197678293809,1.9966398058315975,1.0378569956545223,13.03343357189312,1.1021449371648477,0.3512205849440019,5.07352176565867,-0.10260944816709688,-2.0540621460203052,0.9001474345571785,1.1325034482921836,16.359465079502648,-3.3950297774223794,-122.0392698142607,0.0918037356954872
8.887333207219722,2.599422866801633,0.37209189895972716,0.1382197678293809,1.9966398058315975,1.0378569956545223,13.03343357189312,1.1021449371648477,2.2123359604773345,31.95807742937598,-0.10260944816709688,-5.155242956022518,0.9001474345571785,0.3992408169490231,5.767193215207388,0.5640970097450286,12.03947395503108,0.0918037356954872
8.887333207219722,2.599422866801633,0.5594918159954795,0.7314911771783483,4.673600773118267,1.0378569956545223,19.940442243595907,1.1021449371648477,2.2123359604773345,14.134927908724828,-1.7378775846460843,-58.0680769664909,2.72322975177385,0.2295875341143891,1.4668672848171784,0.5640970097450286,6.071844938651182,0.0918037356954872
8.887333207219722,9.89778331756151,0.5594918159954795,0.22746898437619842,1.4533315703708463,1.0378569956545223,11.11965554072417,1.1021449371648477,2.2123359604773345,14.134927908724828,-1.42768049465799,-47.70339498005605,2.72322975177385,1.286387275590546,8.218910566933124,0.5640970097450286,14.37250234359502,0.6965920858043929
8.887333207219722,5.03491147306407,0.5594918159954795,0.22746898437619842,1.4533315703708463,1.0378569956545223,11.11965554072417,1.1021449371648477,1.7463380323261446,11.157601120341829,-1.42768049465799,-42.382630221536346,2.72322975177385,2.0998684751603585,13.416357209956264,0.5640970097450286,18.362954882755574,0.6965920858043929
3.161712732585267,5.414293002589717,0.47885488699115697,0.22746898437619842,1.9840121900657663,1.0378569956545223,4.622022904594979,0.5037048150586172,1.7463380323261446,15.23177304199137,-1.0809090901824265,-13.337880047926065,2.83828135844785,0.41835742501387896,3.6489644217135377,1.176598125004463,7.106166429140951,0.6965920858043929
3.161712732585267,5.414293002589717,0.16214379619949643,0.6217390828414496,47.29742425639907,1.0378569956545223,22.567251577602153,0.5037048150586172,0.40009757156183884,30.436536978874468,-1.0809090901824265,-18.854247168712753,2.83828135844785,0.22060403707387666,16.781963724191872,1.1614348395999496,15.043145171693341,1.5283710472105403
1.2681033586395736,5.414293002589717,0.8334921522523883,1.3487008761301253,3.882778401420646,2.446100759745743,6.112238581412633,0.5037048150586172,0.3141412099614118,0.9043819327337896,-1.0809090901824265,-1.3035261885298097,0.9607545478118485,0.38686706085549133,1.1137525708597975,1.1614348395999496,1.5543322641745259,1.6388759298366267
1.2681033586395736,46.584423962366365,0.8334921522523883,1.3487008761301253,3.882778401420646,2.446100759745743,6.112238581412633,0.5037048150586172,0.3141412099614118,0.9043819327337896,-1.0809090901824265,-1.3035261885298097,0.9607545478118485,0.38686706085549133,1.1137525708597975,1.1614348395999496,1.5543322641745259,1.6388759298366267
1.2903910598897332,8.66931094409812,0.3311961980230633,1.3487008761301253,24.590929798795514,0.5437000472575579,3.4791102489780092,0.5037048150586172,0.3141412099614118,5.7277522227430016,-1.0809090901824265,-3.3381252353887754,0.9679324361226235,0.38686706085549133,7.053766260062742,1.2948475839040519,4.43762427376575,1.6388759298366267
1.2903910598897332,4.256503246710424,0.3311961980230633,1.3487008761301253,24.590929798795514,0.5437000472575579,3.4791102489780092,3.398122436393719,0.5426968323754526,9.8950181935567,-1.0809090901824265,-4.387517010073824,0.6840089788830418,0.38686706085549133,7.053766260062742,1.2948475839040519,4.43762427376575,1.6388759298366267
1.1138120118993589,4.256503246710424,0.3311961980230633,0.7879317580384811,14.366398725684812,0.40929765075067287,1.7279258707523253,3.398122436393719,0.5426968323754526,9.8950181935567,2.025433529115725,7.096401692320325,8.26762279660671,0.32500173272002214,5.9257726715036805,1.2948475839040519,3.510775357758801,1.6388759298366267
1.8923200880057576,2.129278427886248,1.5682242261981716,0.7879317580384811,0.6407701671141819,0.40929765075067287,0.619990440785824,1.2706089777705352,0.4168374208331978,0.33898491980023504,2.025433529115725,2.231530278445315,0.22569243126414776,0.32500173272002214,0.26430133379296616,-1.6974632692703404,-1.6513710341595706,1.6388759298366267
1.8923200880057576,1.384876265768311,1.5682242261981716,0.7879317580384811,0.6407701671141819,0.40929765075067287,0.619990440785824,1.8684411980534588,0.5771968801857164,0.4693941291249782,1.9838456881059605,2.5720020727775674,0.1928462969422364,0.3210447841424746,0.26108342237433096,-0.13853339290179023,-0.13394876662094557,1.1799966689015486
1.8923200880057576,1.384876265768311,1.5682242261981716,0.7879317580384811,0.6407701671141819,0.40929765075067287,0.619990440785824,1.3800625128124298,0.531889481715859,0.43254876911396384,0.12135443808144952,0.1510315931511794,2.938949025815417,0.3210447841424746,0.26108342237433096,-0.13853339290179023,-0.13394876662094557,0.3208881081904121
0.6194780406819896,1.1027284998684423,1.5682242261981716,1.6077986731580742,1.3075109791870385,-0.10669648573949847,-0.07557857575100363,0.6658073056275641,0.531889481715859,0.43254876911396384,0.12135443808144952,0.04944235174556121,1.628232435960834,0.36323851550811326,0.29539665321254116,1.2664359101611118,0.42639481787005407,0.20160147847832696
2.4915402840325402,3.457215376612379,1.1613758480471457,0.29636331074978356,0.4394493768764802,0.2661333246935088,0.4395634762799806,0.6658073056275641,0.531889481715859,0.7886890611251514,1.4745908491090154,3.262814296121971,1.628232435960834,1.1629952416451148,1.7244966421729397,1.2664359101611118,4.143642763844948,0.20160147847832696
2.4915402840325402,22.713377484842056,0.4200261770730257,1.4919214981214732,16.91310139932808,0.2661333246935088,2.7269601980218843,0.6262360834205399,0.531889481715859,6.029741342841037,1.4745908491090154,9.021708472041706,0.8592066301239724,1.1629952416451148,13.184243590327538,1.2664359101611118,11.457206458892143,0.20160147847832696
1.6374063777221182,22.713377484842056,0.4200261770730257,1.4919214981214732,16.91310139932808,0.2661333246935088,1.7921211423515913,1.525653885127385,0.531889481715859,6.029741342841037,-2.0804238617853645,-8.364840134542991,0.8592066301239724,1.1629952416451148,13.184243590327538,1.14292919727415,6.795218314855461,0.20160147847832696
1.6374063777221182,22.713377484842056,0.4200261770730257,1.4919214981214732,16.91310139932808,-0.8547285859170576,-5.755675925058619,2.5795891428816438,0.531889481715859,6.029741342841037,-2.6244030602432002,-10.55203819316922,0.8592066301239724,1.1629952416451148,13.184243590327538,1.14292919727415,6.795218314855461,0.2981620391688793
1.6374063777221182,0.4292757708340889,0.4200261770730257,1.1963365145788951,13.562215441139884,-0.8547285859170576,-5.154066599544487,2.5795891428816438,0.531889481715859,6.029741342841037,-2.1459701366318256,-8.628384559588635,0.8592066301239724,1.1629952416451148,13.184243590327538,-0.9047273581086146,-5.379003291221197,1.3550891431590577
1.6374063777221182,3.408526893292921,0.7851004226457009,0.3018064946819911,0.9792828630319902,-0.8547285859170576,-1.3849649540229187,2.5795891428816438,0.531889481715859,1.7258417683162879,-0.6401269624411952,-1.3769655840960988,1.6265226634186163,1.6316373790123604,5.29423505492435,-0.9047273581086146,-3.4085982012114924,1.3550891431590577
0.43467353090232025,3.408526893292921,0.7851004226457009,0.3018064946819911,0.9792828630319902,-0.8547285859170576,-0.36765925364147906,2.5795891428816438,0.531889481715859,1.7258417683162879,-0.6401269624411952,-0.365535703606257,1.6265226634186163,1.6316373790123604,5.29423505492435,-1.1576998101421692,-1.1578725729128176,1.9970236499789695
0.8505771456525987,0.6713792731105575,0.19147449864923516,0.3018064946819911,16.464050701165927,-1.2406874639726877,-4.281978189814406,2.5795891428816438,1.8444719808908463,100.61904148969556,-1.0696470502659143,-9.126290635343423,1.6265226634186163,1.6316373790123604,89.00855683136476,-1.1576998101421692,-9.290210430401668,3.738523086194479
0.8505771456525987,1.1138172464332012,0.11372844018002413,0.3018064946819911,46.66813134858607,-2.157502190431777,-12.536466960968271,2.5795891428816438,1.8444719808908463,285.2094378011974,-1.0696470502659143,-15.365126974075249,1.6265226634186163,1.6316373790123604,252.2989692360493,-1.1576998101421692,-15.641104210092728,3.738523086194479
0.8505771456525987,0.7626666589572808,0.11372844018002413,0.3018064946819911,46.66813134858607,-1.8928577662816912,-10.998713676417465,2.5795891428816438,1.8444719808908463,285.2094378011974,-1.0696470502659143,-15.365126974075249,3.1223837340645084,1.6316373790123604,252.2989692360493,-1.1576998101421692,-15.641104210092728,0.30344709025623895
5.213281087694493,4.2309799611212515,0.5589434027702913,0.1972288449311021,1.262597013998377,-2.3290327731262863,-13.643290310182755,2.5795891428816438,1.8444719808908463,11.807729322199204,2.082682279033448,37.30932208233213,3.1223837340645084,1.809509366099221,11.583909662083554,-1.1576998101421692,-20.54161970741097,0.30344709025623895
2.7280127381693715,4.2309799611212515,0.5589434027702913,0.3386689364129736,2.1680519804210228,1.1170365151406934,4.48692292325995,2.5795891428816438,0.5655832535927314,3.620686048245769,-0.19971784269588255,-1.036713357939888,12.866246623720217,1.809509366099221,11.583909662083554,0.8389955932572208,7.78993178446179,0.30344709025623895
4.347171482544598,6.497963445982014,1.0892285565842006,0.3386689364129736,0.570909568483833,1.1170365151406934,3.6690852551775737,0.305703524311526,0.11212960861233993,0.18902196093081003,-0.19971784269588255,-0.3774676788202902,10.457458550077414,1.809509366099221,3.050371912785758,0.8389955932572208,6.370050107400069,0.30344709025623895
1.0371658272908904,2.5089093289921527,0.24897061533786655,2.2084436567844072,71.25578584190635,0.7473931010221047,6.543458476805345,0.1847860476850877,0.11212960861233993,3.6178796562332494,0.7433258822929117,1.4664069572121325,0.5785715733297171,0.18381128800778582,5.930700442989101,0.06959839498343123,0.17579253052099933,2.285289327583761
1.0371658272908904,3.125999944900616,0.24897061533786655,1.9009277545164016,61.33373634443586,0.5181815137792023,4.209008719996004,0.2126585755107797,0.5123630986453267,16.53147686979048,0.7433258822929117,3.1346083132362272,0.5785715733297171,0.05942778199656357,1.9174468381830303,0.06959839498343123,0.0999560508834304,2.190919954357263
1.0371658272908904,1.4434856327415402,0.7416694301759281,1.9009277545164016,6.911540380135247,0.4919751733625657,1.3414633486422947,3.448352052041354,0.5123630986453267,1.862889442886421,0.7433258822929117,1.0522549923683575,0.5785715733297171,0.022040503937115836,0.08013657152302452,-0.10033208253787393,-0.029458009977582272,2.190919954357263
1.0371658272908904,1.4434856327415402,0.7416694301759281,0.17525596244882824,0.6372092040040187,0.505661589616624,0.4186481581247224,3.448352052041354,0.5123630986453267,1.862889442886421,0.7433258822929117,1.0522549923683575,1.5632369308661185,0.039126939706070105,0.14226075824665824,-0.10033208253787393,-0.0392491797853861,0.3880852875139065
0.28995613541376275,1.4434856327415402,0.7416694301759281,0.17525596244882824,0.6372092040040187,1.4592235344519227,0.3377498371163147,0.3683709290318191,0.5123630986453267,1.862889442886421,0.3196808017150996,0.12651511052461395,1.7834274249214728,0.1091991825132125,0.39703484660301175,0.7498826572717787,0.13700610666318166,0.3880852875139065
0.28995613541376275,1.4434856327415402,0.7416694301759281,2.8344109905672075,10.305571039541247,0.3105819435152113,0.28909763357549145,0.3683709290318191,0.5123630986453267,1.862889442886421,0.3196808017150996,0.12651511052461395,0.6520126245583805,0.9244993139931011,3.361366219673196,0.7498826572717787,0.3986424360461458,0.3880852875139065
0.20946200372898366,1.4434856327415402,0.7416694301759281,1.6712000972942396,6.076278768770763,1.1561654973730668,0.5969584495826195,0.1719619746227796,0.8183970354401034,2.975591336382083,0.3196808017150996,0.11550703933127132,0.6520126245583805,0.7112179715350919,2.5859013934978328,0.3000698331793589,0.10107263094602287,0.3880852875139065
0.20946200372898366,1.4434856327415402,0.7416694301759281,0.9926666383016571,3.6092142577929924,1.1561654973730668,0.46007813145618154,0.34357943340466374,0.8183970354401034,2.975591336382083,1.3597630536847376,0.4913094676956762,0.6520126245583805,0.9893888497468517,3.597296620260341,0.3000698331793589,0.11921083099907605,9.134352599499838
21.065980365342813,0.31416471766039494,0.7416694301759281,1.2329017953819557,4.482679851076954,1.1561654973730668,51.566842694184736,0.34357943340466374,0.8183970354401034,2.975591336382083,1.2459235867157994,45.27513202617552,0.20225150744977147,0.8876416620971286,3.2273563138307777,0.6056767684466275,22.92165909220062,9.134352599499838
21.065980365342813,0.31416471766039494,0.7416694301759281,1.2329017953819557,4.482679851076954,1.1561654973730668,51.566842694184736,0.6278025028256401,3.6506807205146035,13.273427753826937,1.2459235867157994,95.62349827562566,0.19470493366205352,0.8876416620971286,3.2273563138307777,-0.36181113556539135,-13.692635968953617,6.256608364803903
2.3950263392422784,0.31416471766039494,0.7416694301759281,1.2329017953819557,4.482679851076954,1.1561654973730668,5.862720098577566,0.29928724971405035,3.6506807205146035,13.273427753826937,1.2459235867157994,10.871594535300666,0.6360696706247339,0.16752382808204147,0.6090961109242274,0.44985923525716254,0.8408719159154695,0.22565804613160045
0.7140837318727061,8.72942179120215,0.7416694301759281,0.2631713580260191,0.9568588093736349,0.48718669546552895,0.3403051242270134,0.29928724971405035,3.6506807205146035,13.273427753826937,1.03613218936529,2.695602499570482,1.6666111889984703,0.1998948682280197,0.7267932462226838,0.3021371760366876,0.183932615431205,0.303467081916275
0.7140837318727061,8.72942179120215,0.7416694301759281,0.2631713580260191,0.9568588093736349,0.48718669546552895,0.3403051242270134,0.29928724971405035,2.0077023918031838,7.299759877393118,0.3269814402964465,0.6308506122240521,1.6666111889984703,2.6134970241940647,9.502354928094523,0.3021371760366876,0.6650724054286223,0.303467081916275
0.7140837318727061,8.72942179120215,0.4508176871566396,0.2631713580260191,2.5898029665008138,0.48718669546552895,0.559858041868933,0.29928724971405035,2.0077023918031838,19.75729292557968,-0.8068573155877391,-2.56100012453953,1.6666111889984703,1.4810011088344686,14.574158425976183,0.3021371760366876,0.8236544476995469,0.12792520674792524
4.517194640855866,0.9735786571607997,0.4508176871566396,0.2631713580260191,2.5898029665008138,-0.01765267994600328,-0.12832545520054486,0.878303332193496,2.0077023918031838,19.75729292557968,-0.8068573155877391,-16.200531564361977,1.3461787328787942,1.4810011088344686,14.574158425976183,0.3021371760366876,5.210323791172341,2.9833120552874446
3.2056862182975543,0.9735786571607997,0.704813361350121,0.2631713580260191,1.0595473268833742,-0.15989183349190728,-0.5276032630184598,0.878303332193496,2.0077023918031838,8.08315813076476,-0.7956045524944679,-7.251182022522232,1.3461787328787942,1.4810011088344686,5.962619860105491,-0.3511013760290908,-2.748350404195083,2.9833120552874446
6.2446774265799325,0.9735786571607997,0.704813361350121,0.2631713580260191,1.0595473268833742,-0.15989183349190728,-1.0277712671800474,0.878303332193496,0.24912114781082123,1.0029801427212186,-0.8618866313222102,-5.3902178927115365,0.33554806977518514,1.4810011088344686,5.962619860105491,-0.3511013760290908,-5.353787164647512,2.9833120552874446
9.363621037137921,0.9735786571607997,0.704813361350121,0.2631713580260191,1.0595473268833742,-0.5717333754607188,-5.510583075716616,0.878303332193496,0.24912114781082123,1.0029801427212186,-0.8618866313222102,-8.082396288416986,0.33554806977518514,0.5379869685300137,2.1659752743598686,-0.7241804043071851,-9.979696756954471,6.370344916468507
9.363621037137921,0.9735786571607997,1.0248030102766927,1.2031480824654464,2.291227926375414,-0.5717333754607188,-8.103479186483305,0.878303332193496,0.07877574685974383,0.1500174365538325,-0.8618866313222102,-3.1258263164189253,0.33554806977518514,0.5379869685300137,1.0245212408069637,-0.7241804043071851,-6.863586021888125,6.370344916468507
0.39105425742563416,0.9735786571607997,0.5339660958381117,1.648330377152386,11.562370808803136,-0.5717333754607188,-0.7602457663671984,0.878303332193496,0.07877574685974383,0.5525799976496835,-0.8618866313222102,-0.25054442472793803,0.17355002078620652,0.5379869685300137,3.773760956340644,-0.7241804043071851,-0.5501371596982264,0.929991601186763
0.38263720188549927,0.9735786571607997,0.5339660958381117,2.070398605844468,14.523008696932898,-0.05195503440896787,-0.07576055150831608,0.878303332193496,0.042102972291475624,0.2953353190200899,-0.8618866313222102,-0.1792235312631891,0.0721449513640493,0.5379869685300137,3.773760956340644,1.5184393078567493,1.1286825827334177,0.608172229619358
0.38263720188549927,0.9735786571607997,0.5339660958381117,0.3302656018766287,2.316679597258372,-0.05195503440896787,-0.03025852931372883,0.878303332193496,0.5648252265971581,3.9620204799992234,-0.8618866313222102,-0.6564409941184931,2.0934288649643387,0.5379869685300137,3.773760956340644,1.5184393078567493,1.1286825827334177,0.5069766979811369
0.38263720188549927,0.9735786571607997,0.5339660958381117,1.8706341595775204,13.121741915607213,-0.05195503440896787,-0.0720129454395982,2.6026459076531947,0.5648252265971581,3.9620204799992234,-0.9621715714663416,-0.7328212782659991,0.630835384151583,0.5379869685300137,3.773760956340644,1.5184393078567493,1.1286825827334177,0.5069766979811369
0.38263720188549927,0.9735786571607997,0.5339660958381117,1.8706341595775204,13.121741915607213,-0.33307748681579263,-0.46166634587165245,2.6026459076531947,0.5648252265971581,3.9620204799992234,-0.9621715714663416,-0.7328212782659991,1.1706933135623603,0.5379869685300137,3.773760956340644,-0.3068792258719304,-0.22810871363258922,0.5069766979811369
2.0200962429589278,0.9735786571607997,1.294483848921969,0.12337925479756837,0.1472579892678498,-0.33307748681579263,-0.2582003181619057,1.4945509762618001,0.5648252265971581,0.6741411049444466,-0.7401261620032601,-1.2275896583602026,1.1706933135623603,0.5379869685300137,0.6421085892277345,-0.3068792258719304,-0.4967567654052932,0.5163284180705798
2.0200962429589278,15.294984852351154,0.5939051861906061,0.17718814245226108,1.0046861502813407,0.7308442697289148,1.4798309796327653,3.5631716019032673,0.5648252265971581,3.2026526980753007,-0.7401261620032601,-2.6756711724368083,1.1706933135623603,1.7908725795991904,10.154544501343771,-0.3068792258719304,-1.975466978362395,0.4569179952718337
2.1120587313976387,3.6782283245969163,0.6957206685057661,0.05964585413723202,0.2464565964476722,-1.1791137445048516,-1.236322906379635,3.5631716019032673,0.5648252265971581,2.333857146460521,-0.7401261620032601,-2.38808005545622,1.1706933135623603,1.454033974586901,6.008066607135336,-1.1413570516998797,-5.908740084165013,0.4569179952718337
1.2826476101916546,3.6782283245969163,0.6957206685057661,0.19685016741923647,0.8133846513569418,-1.1791137445048516,-1.3639895549125152,3.5631716019032673,0.5648252265971581,2.333857146460521,0.14840675496023592,0.2908025163062685,1.1706933135623603,0.089264870026731,0.3688423339284399,-0.8711993708884549,-0.678649119839397,0.4569179952718337
0.8938153909307007,3.6782283245969163,1.2063618426711846,0.19685016741923647,0.2705269898841097,1.7092679276266889,0.7946269175482186,5.309116914953462,0.5648252265971581,0.7762272715598793,0.14840675496023592,0.11686808993920017,0.1825900974962433,0.089264870026731,0.12267480849685067,-0.8711993708884549,-0.27273638269009715,0.4569179952718337
0.8938153909307007,1.0399336547737938,1.2063618426711846,0.19685016741923647,0.2705269898841097,0.9324746981139413,0.4335010814149071,0.9888404535181176,1.3053525516005822,1.7939181924594028,0.3708242453019568,0.4439328339177549,0.6459853517782125,0.1664148924903516,0.2287004401750037,-0.8711993708884549,-0.37239074764558155,0.4569179952718337
0.8938153909307007,0.5567232687277708,1.2063618426711846,0.4770613716690528,0.6556152761239746,0.9324746981139413,0.6748533642242036,0.9888404535181176,1.3053525516005822,1.7939181924594028,0.3708242453019568,0.4439328339177549,0.6459853517782125,0.15066856311021978,0.2070605952880112,-0.8711993708884549,-0.3543350476036634,0.4569179952718337
0.8938153909307007,1.4439342133760442,1.2634206655345699,0.4770613716690528,0.5977344621430299,1.372936684477617,0.9487515226027511,0.6491969301998836,1.3053525516005822,1.6355426191984455,0.3708242453019568,0.4238838624035552,1.284838119931103,0.15066856311021978,0.1887803076938845,0.22225359894476582,0.08631275434245442,0.4569179952718337
0.8938153909307007,2.6009694699046433,1.2634206655345699,0.506583641220328,0.6347244155524515,1.372936684477617,0.9776669637997915,0.6491969301998836,1.3053525516005822,1.6355426191984455,-0.3876052755300151,-0.44306601674836615,1.284838119931103,0.15066856311021978,0.1887803076938845,0.22225359894476582,0.08631275434245442,0.14920812314854703
0.8938153909307007,9.469608445919304,1.2634206655345699,0.506583641220328,0.6347244155524515,-0.5775506924806253,-0.4112733226098057,0.6491969301998836,2.9501730882444535,3.6964219466378436,0.5416643878899468,0.9308268073060114,14.712665408879671,0.15066856311021978,0.1887803076938845,1.2027365652909086,0.4670858253433308,1.2758580071633687
0.4204459108268563,9.469608445919304,1.2634206655345699,3.3863375180087707,4.242914549715243,-0.5775506924806253,-0.5001869821040047,0.6491969301998836,1.8081928414526887,2.2655767993858578,0.5416643878899468,0.3427913156060889,5.3200548819001225,0.15066856311021978,0.1887803076938845,1.2027365652909086,0.21971463823900153,1.2758580071633687
0.4204459108268563,9.469608445919304,0.2446794560688016,0.38128589957744563,12.737544895001552,0.14365956988242723,0.21556962124185908,0.6491969301998836,1.8081928414526887,60.4059513408412,0.5416643878899468,1.7700285878546949,5.3200548819001225,0.9905014539267036,33.089492037176846,1.2027365652909086,2.908879276116036,1.2758580071633687
0.4204459108268563,4.652779493984023,0.2446794560688016,0.2302638585828256,7.692380546056066,0.45475478078741527,0.5302953108319453,0.6491969301998836,0.49359284122721614,16.489361347877512,0.5416643878899468,0.9247883159837447,0.5924409402904057,0.9905014539267036,33.089492037176846,0.9108152499225447,2.2028527953079315,1.898769236473325
0.4204459108268563,12.342226511023316,0.19118336011673062,0.2302638585828256,12.599566213278356,0.45475478078741527,0.6786802372914341,1.2053108313192034,0.49359284122721614,27.00838821914171,-0.6213500378923764,-1.3576749213973591,0.5924409402904057,0.9905014539267036,54.198208654655126,-1.0027278650043963,-3.103742499672517,1.898769236473325
10.359722490416868,8.958887391197747,0.19118336011673062,0.04941680263351973,2.703986116890249,-0.8088550616015775,-13.779106543932292,1.2053108313192034,0.24160091629602135,13.21990676606983,-0.6213500378923764,-23.404461183054373,1.2489023189819597,0.9905014539267036,54.198208654655126,-1.0027278650043963,-76.47573718837127,1.0379866406893112
40.121588092580225,8.958887391197747,1.227076077001123,0.04941680263351973,0.06563895518203658,0.39257296175161827,4.035332537196849,1.2053108313192034,0.24160091629602135,0.3209117318718763,-0.6213500378923764,-14.122358800867895,1.2489023189819597,0.9905014539267036,1.315655345494501,-1.0027278650043963,-46.145809197992754,9.327026818879375
40.121588092580225,48.57398203555565,1.227076077001123,0.013472021683117268,0.0178945091617429,0.39257296175161827,2.106970206942495,1.2053108313192034,0.24160091629602135,0.3209117318718763,-0.6213500378923764,-14.122358800867895,1.2489023189819597,0.5918257281210887,0.7861055425177642,-1.0027278650043963,-35.669878324805396,2.8535822942589606
40.121588092580225,48.57398203555565,1.1804528079088552,0.013472021683117268,0.019335949791833767,0.39257296175161827,2.1901872896327297,1.2053108313192034,1.8879089749504534,2.709653681521362,-0.6213500378923764,-41.03659686749967,0.8506818309661806,0.5918257281210887,0.8494280096658022,-0.9704461594032464,-35.88499163865061,2.656183918541114
13.59912392149979,48.57398203555565,0.9498810288165038,0.018814016642619637,0.04170355632766822,2.3137472146144957,6.425595550089493,1.2053108313192034,1.8879089749504534,4.184779878423345,1.1883409162252334,33.058891828706216,0.8506818309661806,0.4057768822219792,0.8994538160381718,-0.9704461594032464,-12.516180316365656,0.37361771298851343
13.59912392149979,123.56173988647762,0.9498810288165038,0.07791640552318604,0.17271119018916675,-0.1716038940451754,-0.96983601674273,0.8698508289654938,0.5349900042944756,1.1858704179251527,1.0440987107627844,15.462193665627623,1.5762545937811825,0.4057768822219792,0.8994538160381718,-0.9704461594032464,-12.516180316365656,0.8228292745540688
1.077276815605144,45.092557826475876,0.9498810288165038,0.2502666527363202,0.554746476926305,0.3298433307258237,0.2646563368382309,0.8661285247528108,0.5349900042944756,1.1858704179251527,1.0440987107627844,1.224862928709919,1.5762545937811825,0.4057768822219792,0.8994538160381718,-1.6152974462230854,-1.650324146961978,1.4502616841922822
1.077276815605144,45.092557826475876,0.47867524546962775,1.9121945182587239,16.69091429750776,0.3298433307258237,1.4516940079783327,0.8661285247528108,0.5349900042944756,4.669751025033649,1.1215352387637607,2.6108811343218963,1.5762545937811825,0.4057768822219792,3.54189236524136,-0.5636315545908701,-1.1427212191126972,1.4502616841922822
1.077276815605144,69.27204054520934,0.5664702749808598,1.3534981062760816,8.435938344562107,0.3298433307258237,1.0320523311081093,0.8661285247528108,1.0556893405282783,6.579787697088531,-0.9468480568195139,-2.6164566644648293,1.5762545937811825,0.4057768822219792,2.529082784970682,-0.9309801584399577,-1.5949580365804055,1.4502616841922822
2.4361469865792236,93.99820500313879,0.5390114195186201,1.3534981062760816,9.31733510725837,-0.6266556591250755,-4.659918402055619,0.15983899849760771,0.7504378035624686,5.165932970666624,-0.9468480568195139,-5.242738108046584,1.5762545937811825,0.11378863797814827,0.7833087216929262,1.2202398886822563,2.6309657043763135,1.4502616841922822
2.4361469865792236,93.99820500313879,0.5390114195186201,1.3534981062760816,9.31733510725837,0.43289187676198815,3.219057856175774,3.6811309217791823,0.804424853408906,5.537574004029781,-0.6989990436470978,-4.007189136825965,0.0801433828063298,0.10005590085705425,0.688774039225465,0.8719092018212575,1.7628409649418708,1.4502616841922822
2.4361469865792236,77.18319450559345,0.442174141871178,1.3534981062760816,13.845255187889721,0.43289187676198815,3.924039830161241,3.6811309217791823,0.804424853408906,8.228653829128671,-0.6989990436470978,-4.884773894239668,0.0801433828063298,3.7618977371482325,38.481349859338614,0.8719092018212575,13.176494899421854,1.4502616841922822
2.4361469865792236,14.415037329821637,0.9439448092192726,1.3534981062760816,3.0380466823828587,-0.7285344434140767,-3.0935048317646943,3.6811309217791823,0.804424853408906,1.8056030117760287,0.4852092766893127,1.5883408992061796,0.0801433828063298,1.0402747193949333,2.3349889780931017,0.0492449868420195,0.18331919074215353,1.4502616841922822
2.4361469865792236,5.717377393773429,0.9439448092192726,1.3534981062760816,3.0380466823828587,-1.6019104286985177,-6.802036192016461,2.765427938494027,0.804424853408906,1.8056030117760287,0.4852092766893127,1.5883408992061796,2.5898216353097196,1.0402747193949333,2.3349889780931017,0.0492449868420195,0.18331919074215353,1.4502616841922822
2.4361469865792236,5.717377393773429,0.9439448092192726,0.8389673963206703,1.8831368165205973,-1.6019104286985177,-5.355285810796267,2.765427938494027,0.804424853408906,1.8056030117760287,-1.5177631770827813,-4.968423823053406,2.5898216353097196,1.0402747193949333,2.3349889780931017,-0.5864304401802604,-2.1830436073683708,1.2785237578743187
2.4361469865792236,101.53458410755273,0.717941726735807,0.8389673963206703,3.2553425058270573,-0.28863750702198043,-1.2686873148144675,0.7365990070652085,0.804424853408906,3.1213113042652725,-1.5177631770827813,-6.532449226897302,1.291551242119455,1.1247972357120577,4.364413048598016,-1.2647921666005706,-6.437030666369891,1.3822005657908951
2.4361469865792236,101.53458410755273,0.5330332159121834,0.8389673963206703,5.905634074094303,0.0943023996293183,0.5582895501949655,0.6723507872113368,0.804424853408906,5.662483244490899,-1.5177631770827813,-8.798547140719453,1.8026405482215584,1.1247972357120577,7.917638886564381,-0.5119214357120716,-3.509171943988344,1.3822005657908951
2.4361469865792236,12.403455797272308,0.5330332159121834,0.8389673963206703,5.905634074094303,0.0943023996293183,0.5582895501949655,0.3454910708961897,1.317683042629127,9.275394859840878,1.7777562610254987,13.189912317285808,0.3643977777739306,0.2949190887606322,2.0759855833776943,-0.9252762012156346,-3.247783318020566,1.3822005657908951
1.0410868131472535,33.35681391729521,1.086898182093922,0.10345695799104045,0.17515073952955446,0.7800260702181856,0.33986156369378445,0.3454910708961897,1.317683042629127,2.2308133146736453,0.6853139899274676,1.0656342170694824,1.4925390382609316,0.9505923355422644,1.6093354549992944,1.768696107271336,2.3359495293960566,1.3822005657908951
1.0410868131472535,20.153729379877838,1.086898182093922,0.015402981633959992,0.026076966465434597,-1.13545822099452,-0.19089152121192748,0.3454910708961897,0.2522813199641786,0.4271076650547247,0.6853139899274676,0.4662783230348251,1.4925390382609316,0.9505923355422644,1.6093354549992944,1.768696107271336,2.3359495293960566,0.5904886437009229
1.0410868131472535,8.876394031381528,0.46588933176360126,0.18989087476594635,1.7497200128809764,-1.13545822099452,-1.5636602073569836,1.348960877774629,0.72609941116449,6.690530403957241,0.6853139899274676,1.845469267926667,0.5691405285374228,0.9505923355422644,8.759085636103707,1.768696107271336,5.4496618056324575,0.5203349538153673
1.0410868131472535,0.6158031930386323,0.46588933176360126,0.27019798726949334,2.489697445168519,-0.455363002853165,-0.7480282069228881,1.100017514375333,0.72609941116449,6.690530403957241,-0.03599906674295206,-0.09694121574140102,1.076427778758423,0.9505923355422644,8.759085636103707,0.40630227731948065,1.2518883222202841,1.7769884815224066
1.0410868131472535,0.6158031930386323,0.46588933176360126,0.2855011264212494,2.6307058473191414,-0.455363002853165,-0.768919425770973,1.100017514375333,0.7043968550895113,6.490555567136532,-0.03599906674295206,-0.09548147596993184,0.3709318626917504,0.38843151392383723,3.5791419381468694,0.40630227731948065,0.8002499632670071,1.7769884815224066
1.0410868131472535,0.6158031930386323,0.46588933176360126,0.22168772329175226,2.0427071418344993,-0.25276116441164825,-0.37609741340957353,1.4441148536372506,0.624333997862311,5.752828787208153,-0.8809869412116664,-2.1998706269848314,0.3709318626917504,0.8902750161893299,8.203301052325019,0.027041313371002684,0.08063230066228533,0.07281610170881556
1.0410868131472535,0.6158031930386323,0.46588933176360126,0.22168772329175226,2.0427071418344993,-0.9010105353927287,-1.3406637550699774,1.4441148536372506,0.624333997862311,5.752828787208153,-0.8809869412116664,-2.1998706269848314,0.3709318626917504,0.8902750161893299,8.203301052325019,-0.5052722725600255,-1.5066304375979163,0.07281610170881556
1.0410868131472535,6.068229120256003,0.7315053255610016,1.053214168528796,3.936513127237344,-0.9010105353927287,-1.861112674379204,3.112372906398445,0.0920748822463578,0.3441408153081738,-1.1747587767477539,-0.7174699821223673,0.3709318626917504,0.8902750161893299,3.3275086803818645,0.1752104273153139,0.3327411344026239,0.07281610170881556
1.0410868131472535,2.8209999645876382,1.8840759061253496,1.053214168528796,0.5934032178013418,1.0070987812347603,0.8076700235276021,3.112372906398445,3.1119843413211767,1.7533580320771063,-1.1747587767477539,-1.6194626920312376,0.3709318626917504,1.136906208400282,0.6405570894905833,0.1752104273153139,0.14599090993615269,0.5071212762886826
1.0410868131472535,1.4759119874882558,1.1575010739416574,0.8444439318188742,1.2605440000771715,1.6365250304305485,1.912883858740498,0.7574849902515122,3.1119843413211767,4.645415807935396,-0.9218136784573363,-2.068437441372543,0.3709318626917504,0.922327471544463,1.37680468359514,0.1752104273153139,0.21403414478705896,0.5071212762886826
1.0410868131472535,0.8273867026104164,1.1575010739416574,1.1159898834721091,1.6658943225840188,1.6365250304305485,2.1990409753902638,2.022108982248734,3.1119843413211767,4.645415807935396,-0.46975076313876074,-1.0540634070603108,0.3709318626917504,0.922327471544463,1.37680468359514,0.1752104273153139,0.21403414478705896,0.5071212762886826
3.4417176573629216,0.8273867026104164,1.1575010739416574,1.1159898834721091,1.6658943225840188,1.6365250304305485,7.269785822553446,0.7734145832195723,3.1119843413211767,4.645415807935396,-0.46975076313876074,-3.48461683910165,0.3709318626917504,0.8039929833727596,1.2001608314145091,0.1752104273153139,0.660624860945436,0.5071212762886826
18.462887370282605,0.8273867026104164,0.6250839033706943,1.1159898834721091,5.712334391278628,0.7684862858108678,33.911152756454065,0.25301209363111526,4.027314987855302,20.614317611968445,-0.999545663642091,-83.78894868652486,1.3519616248657513,1.7587071513113852,9.002163454535268,0.1752104273153139,9.70583750982227,0.08609395086547005
18.462887370282605,0.8273867026104164,0.7488040794628169,0.9729221390577969,3.47033721969295,-0.8695729739027934,-29.90828379505403,0.1961937144839897,0.07336453953601836,0.26168557784494495,-0.34515494644019096,-3.259895032409472,1.3519616248657513,1.7587071513113852,6.273170936007954,0.1752104273153139,8.102203183072628,0.08609395086547005
18.462887370282605,1.5814843821171454,0.7488040794628169,0.9729221390577969,3.47033721969295,0.02723915851652814,0.9368695988726258,0.21942785576214424,0.8544881616898228,3.0478924800405234,0.6807387994759097,21.942188718316633,2.109886843787495,0.12037771185422004,0.4293778886291294,0.1752104273153139,2.1197244402824174,0.08609395086547005
15.20294678659599,1.5814843821171454,0.7488040794628169,0.43691602831012943,1.5584453206023585,0.4073093110671339,7.730327583986657,0.8749240901790372,0.8544881616898228,3.0478924800405234,1.3395996783596527,35.55515949705316,1.5241196695822021,0.12037771185422004,0.4293778886291294,0.1752104273153139,1.7454506016069193,0.18914112134781252
3.2611314671320217,1.614331368200816,0.6583625155334623,0.6822947154265381,3.148268842460565,0.4073093110671339,2.3568315909719817,0.8749240901790372,1.2573746044959062,5.8018231727926235,-1.107931026523485,-8.702885619540947,1.5241196695822021,0.12037771185422004,0.5554511723286846,0.1752104273153139,0.42584465415589623,0.18914112134781252
3.2611314671320217,3.2050167015393303,0.6583625155334623,2.1539732960655784,9.938941138150264,0.4073093110671339,4.187576022750318,1.1245238819547438,1.2573746044959062,5.8018231727926235,0.7647071233114642,6.006834782405831,0.6556991582478133,0.2587521287718296,1.1939433891458955,0.10520762054271843,0.3748930359454052,2.364023679079662
3.2611314671320217,1.3292321128199573,0.73641460009722,2.1539732960655784,7.943749308135505,0.4073093110671339,3.743737677066076,1.1245238819547438,1.2573746044959062,4.637136710457813,-0.37352354592996084,-2.6230782157437584,2.4377353966779225,3.571237400762101,13.170550759988565,0.10520762054271843,1.2451379604315376,2.364023679079662
1.9761080394999095,2.014606839680544,0.73641460009722,0.09230481561055769,0.3404156943279111,1.9820002266318466,2.285173462528994,1.1245238819547438,0.07540233435385564,0.2780801611836727,-0.37352354592996084,-0.3892366015595434,1.4349887483629253,0.07370122076657838,0.27180653657250564,0.6358528456422183,0.6550843928009596,5.262980303433598
1.9761080394999095,0.6470149825275789,0.73641460009722,0.09230481561055769,0.3404156943279111,0.13721469585112844,0.15820350442685854,1.1245238819547438,0.14208660676586302,0.524008531699681,0.45393191084083084,0.6493376399647093,0.998887972705258,0.12167326783315387,0.4487251252992207,0.971925381011002,1.28657113135985,5.262980303433598
1.9761080394999095,0.6716477000384321,0.73641460009722,0.14107992405628558,0.5202959345693802,0.13721469585112844,0.19558544322520655,1.1245238819547438,0.21897616111850274,0.8075734882881833,0.45393191084083084,0.8061065049670136,0.998887972705258,0.12167326783315387,0.4487251252992207,0.971925381011002,1.28657113135985,0.6536339978975758
1.9761080394999095,0.6716477000384321,0.8608597723068653,0.14107992405628558,0.38074164782364067,0.13721469585112844,0.1673117743341198,1.1245238819547438,0.17707120772943338,0.47787368659292195,0.45393191084083084,0.6200946121648323,0.998887972705258,0.12167326783315387,0.3283676313321505,0.971925381011002,1.1005854793958945,0.737506371044574
2.3414845331449476,0.6716477000384321,0.8608597723068653,0.11071844203414061,0.2988031241619228,0.13721469585112844,0.17562425203770465,0.27237524667856455,0.052756110487946345,0.1423763768963542,1.084732231887747,0.9583691095230724,0.998887972705258,0.12167326783315387,0.3283676313321505,0.16874188368786247,0.22640934919479463,0.737506371044574
2.3414845331449476,0.6716477000384321,0.8608597723068653,1.3097802569487993,3.534789918929923,0.13721469585112844,0.6040511625851528,0.6863991378623041,1.0467809545038949,2.825016445069879,-0.9280731293647553,-3.652447500294613,0.998887972705258,0.12167326783315387,0.3283676313321505,0.16874188368786247,0.22640934919479463,0.737506371044574
2.3414845331449476,0.6716477000384321,0.8608597723068653,0.5246971247923288,1.4160345579861198,0.502105673392258,1.3990181477933552,12.125008277738734,1.0467809545038949,2.825016445069879,-0.9280731293647553,-3.652447500294613,0.998887972705258,0.48436836859934557,1.3071966975300262,-1.0940941621532896,-2.9289803972959576,0.737506371044574
2.3414845331449476,0.6392522978380424,0.8608597723068653,0.5246971247923288,1.4160345579861198,0.502105673392258,1.3990181477933552,12.125008277738734,1.0467809545038949,2.825016445069879,-0.9280731293647553,-3.652447500294613,0.998887972705258,0.48436836859934557,1.3071966975300262,-0.6575190174733797,-1.7602326926217544,0.09077491714599935
2.3414845331449476,0.6392522978380424,0.5663116356123336,0.11986004851743423,0.7474694979872685,0.502105673392258,1.0164433046302273,12.125008277738734,1.0467809545038949,6.5279202223237105,-0.9280731293647553,-5.552146425645367,1.8173119373741158,0.48436836859934557,3.0206110025493857,0.3507634073882494,1.4274239313309327,0.09077491714599935
2.3414845331449476,0.6392522978380424,0.5663116356123336,4.086378792767734,25.483416222475785,-0.6611950464659728,-7.815372968895566,9.467132848173511,1.0467809545038949,6.5279202223237105,-0.9280731293647553,-5.552146425645367,0.6060433465717353,0.48436836859934557,3.0206110025493857,0.001673209608005266,0.00680908950675103,0.09077491714599935
2.3414845331449476,0.6392522978380424,0.5663116356123336,0.956523839937219,5.9650601121417965,-0.6611950464659728,-3.781188226149924,9.467132848173511,1.0467809545038949,6.5279202223237105,0.22204798227892586,1.3283898349428096,0.6060433465717353,0.48436836859934557,3.0206110025493857,0.001673209608005266,0.00680908950675103,1.9208153673802402
2.3414845331449476,0.6392522978380424,0.8188842237729578,0.3641328115347138,1.0860374503580588,1.0374304995599601,2.5314695385387482,9.467132848173511,1.0467809545038949,3.1220567960391197,0.34211904666047566,1.4154317925786248,0.6060433465717353,1.833927387582874,5.469745546296216,0.001673209608005266,0.009162736655684378,1.2101460801334143
1.1616000058888136,0.24667002772552213,0.8188842237729578,0.30662647125573644,0.9145229995927517,1.306403997947037,1.4512138763650668,0.9665116520937292,1.0467809545038949,3.1220567960391197,0.34211904666047566,0.7021893825564569,0.6060433465717353,2.079984320550067,6.203618011664909,0.001673209608005266,0.004840937542418112,1.2101460801334143
1.1616000058888136,0.5600589403687152,0.8188842237729578,0.7667790946157584,2.286942529003516,1.306403997947037,2.2948892511185788,1.82544020898182,1.0467809545038949,3.1220567960391197,0.34211904666047566,0.7021893825564569,0.6060433465717353,2.079984320550067,6.203618011664909,0.001673209608005266,0.004840937542418112,1.2101460801334143
1.1616000058888136,0.5600589403687152,0.213118866986549,0.7667790946157584,33.7641998506303,0.0036343757260790532,0.024530966524781938,1.6146543577779,1.0467809545038949,46.09374668125789,0.04799299340845248,0.37849090621659487,0.6060433465717353,2.079984320550067,91.5896205026592,-0.8319968968892684,-9.249141887245846,2.563931857331994
1.1616000058888136,0.5600589403687152,0.26450303539766523,2.4840681963485802,71.01207280071714,0.40218678578819445,3.936864775039941,1.6146543577779,1.0467809545038949,29.92433358186424,-1.1603769966189441,-7.373402807916906,0.6060433465717353,0.3958251116366159,11.315454899832794,0.4658346600912102,1.820222227101466,3.752961017242889
1.1616000058888136,0.5600589403687152,0.9007582386660548,2.4840681963485802,6.123179969211356,0.40218678578819445,1.1560401429026117,1.6146543577779,1.2829765267993436,3.162512277808539,-1.1603769966189441,-2.3970209313850694,0.6060433465717353,0.03903487728520878,0.09622021611353271,-0.03314477167947527,-0.011942762650358046,3.752961017242889
1.150305215766397,0.5600589403687152,0.9007582386660548,2.4840681963485802,6.123179969211356,0.40218678578819445,1.144799413976149,2.6055131288133624,1.2829765267993436,3.162512277808539,-1.1603769966189441,-2.3737135551783024,2.8048923457991837,0.14709552763301745,0.36258762528622507,-0.6731961338272194,-0.4662954644144296,3.5015289636579796
1.150305215766397,0.38757159251326,0.9007582386660548,2.4840681963485802,6.123179969211356,-0.35709843286508847,-1.0164582505479085,1.032819550788779,4.453401740306158,10.977548994499145,1.0307637938707779,3.928483526771872,3.9638434944133065,0.07811783775200014,0.19255895633793932,-2.505667184246929,-1.264789745835968,3.5015289636579796
2.5830148587254853,0.38757159251326,0.9007582386660548,2.4840681963485802,6.123179969211356,-0.5907779541696523,-3.7760670482985565,1.032819550788779,4.453401740306158,10.977548994499145,-0.573192690235955,-4.905465659797329,3.9638434944133065,0.07811783775200014,0.19255895633793932,-2.505667184246929,-2.8400903185345454,3.5015289636579796
2.151927258887782,0.38757159251326,0.9007582386660548,0.7741849157045496,1.908350815519425,-0.5907779541696523,-1.756228315027429,1.032819550788779,4.453401740306158,10.977548994499145,-0.573192690235955,-4.08677682793682,4.484698270841723,1.619927271115805,3.9930893333186086,-2.2534340625859204,-9.690070902651579,3.5015289636579796
2.151927258887782,0.3537253289345772,0.9007582386660548,0.7741849157045496,1.908350815519425,-0.5907779541696523,-1.756228315027429,0.9783635179094048,4.453401740306158,10.977548994499145,-0.573192690235955,-4.08677682793682,0.3149885473284592,1.619927271115805,3.9930893333186086,1.5451557249835504,6.644378364258314,3.5015289636579796
2.151927258887782,0.22991122847851334,0.5172803880653739,0.7741849157045496,5.7865895011210915,-0.8869176799528578,-4.591157975763358,2.0204221925327426,0.09075700998906176,0.6783567472093032,-0.573192690235955,-1.0159148409016707,0.3149885473284592,1.619927271115805,12.108029941513069,1.5451557249835504,11.57008595435824,3.5015289636579796
0.4532008192108064,0.2402828584739903,0.5172803880653739,3.1585453870046054,23.60832044708863,0.9315473225765489,2.0512951532058272,0.7642071821709523,0.09075700998906176,0.6783567472093032,-0.573192690235955,-0.2139539969315769,2.3141276271844187,1.619927271115805,12.108029941513069,1.5451557249835504,2.4366866543457073,4.374200518822899
0.4532008192108064,0.2402828584739903,0.5172803880653739,2.494177594619088,18.64255114014934,0.5452514304924906,1.066940427779,0.804109841077358,0.09075700998906176,0.6783567472093032,-1.6749542500311623,-0.6252053848142737,2.3141276271844187,0.6165925908440584,4.60867699727815,-0.19014814665180024,-0.18499965506238392,0.7853155930609161
1.4114005508071936,0.2402828584739903,0.9256889284865617,1.0035938791018393,2.342382747330016,0.8732825366804717,1.8864008715820184,0.804109841077358,0.04607373401020265,0.10753584881083107,-1.6749542500311623,-0.7752287409859646,2.3141276271844187,3.214565107337608,7.502777771358444,-0.19014814665180024,-0.7351118453212916,0.7853155930609161
1.4114005508071936,3.4871184170829204,0.9256889284865617,1.0035938791018393,2.342382747330016,0.6073826961516453,1.3120235425290872,0.804109841077358,0.054489002483358195,0.1271770404284112,-1.6749542500311623,-0.8430582619439344,2.3141276271844187,3.214565107337608,7.502777771358444,0.507406887605116,1.961632653507636,0.7853155930609161
0.8731302253705763,0.2804841978511932,0.9087828604630664,1.0035938791018393,2.430343969445195,0.6073826961516453,0.8267521056643261,0.33802744727449846,0.09588763355298827,0.23220541376600815,-1.6749542500311623,-0.7047225073365054,0.8231054456781957,3.214565107337608,7.7845222910273755,0.507406887605116,1.2360936174217947,0.7853155930609161
6.309769336594596,4.7463426266755135,0.9087828604630664,0.6036685733265245,1.461868498082806,0.6073826961516453,4.63372282483098,0.33802744727449846,0.09588763355298827,0.23220541376600815,1.0810654739497998,3.2870147366783335,0.8231054456781957,3.214565107337608,7.7845222910273755,-0.2927537019529606,-5.153851039317118,0.7853155930609161
4.117750172656059,4.7463426266755135,0.4992927137582864,0.02599912446916649,0.20858268904105104,-0.3401824266604401,-0.6397510390644361,0.33802744727449846,0.2585645061550714,2.0743806218688876,-0.6938286206135567,-4.11487292651917,0.4371273035142948,3.214565107337608,25.78943129339574,0.6677126837343537,13.962735230725107,0.21982679584736156
4.117750172656059,3.9998620086449757,0.4992927137582864,0.02189727189851469,0.17567483323032307,-0.3401824266604401,-0.5871196879387317,0.33802744727449846,0.019596867455989653,0.15721942158471566,-0.6938286206135567,-1.132831461125071,0.4371273035142948,3.214565107337608,25.78943129339574,0.9137328895572138,19.107335713827112,0.21982679584736156
4.117750172656059,3.535660122261201,1.0093069743829814,0.0357523123839371,0.07019199456272601,-0.3401824266604401,-0.3711211118314798,0.33802744727449846,0.019596867455989653,0.03847424466271155,-0.6938286206135567,-0.5603988764683587,4.9547275590831354,3.214565107337608,6.311108890320193,0.035674804774241675,0.36904084496247225,0.21982679584736156
1.0262680783911562,0.7835971279147704,1.0093069743829814,0.04672266502079516,0.0917299282316959,-1.2358976503954764,-0.38414824552545507,1.1651169884605674,0.0414495418052477,0.08137728216786858,-0.8280796714494674,-0.24242898012698003,1.2732616206480196,1.3394939949027391,2.6298090651406247,0.035674804774241675,0.05937239044461997,0.09136363880302485
1.0262680783911562,0.7835971279147704,1.0093069743829814,0.9926507264059224,1.948856724072338,-1.3446825493262273,-1.9265067958415376,0.39941272973588876,0.0414495418052477,0.08137728216786858,0.37876476780785406,0.11088734518378271,1.2732616206480196,0.22161473971102993,0.4350929930844252,0.035674804774241675,0.024149796216936054,0.41505029902924745
1.3659104405852445,1.194256148983683,0.6762202615330811,0.8029108448608406,3.511728731998792,0.7140377831601503,1.827695733684613,0.39941272973588876,0.06801774125233165,0.2974923776037318,0.37876476780785406,0.2821822686279505,3.22697759076761,0.18653091240760514,0.8158389797577944,-0.1961947036119226,-0.24205370222368291,0.41505029902924745
23.770834869602606,1.194256148983683,0.6762202615330811,0.2771022102722973,1.2119749032437779,0.7140377831601503,18.68583207022265,2.930220637296139,0.5567349120335773,2.435017535519761,0.04422556693102575,1.6404722583381546,3.22697759076761,0.18653091240760514,0.8158389797577944,0.915025896802205,19.64626719978877,0.41505029902924745
23.770834869602606,0.589183663689937,0.6762202615330811,1.4741497447777407,6.447557717198248,-0.3511127203000899,-21.19281358287409,2.4020442583082993,2.174900799468676,9.51246539466663,0.16388929846614134,12.015492488273058,3.22697759076761,0.18653091240760514,0.8158389797577944,0.915025896802205,19.64626719978877,0.41505029902924745
23.770834869602606,0.589183663689937,0.6762202615330811,1.4741497447777407,6.447557717198248,0.2993103403696977,18.0660736001252,2.4020442583082993,2.174900799468676,9.51246539466663,0.16388929846614134,12.015492488273058,1.2002457563303746,2.0291718320724184,8.875083791010931,0.915025896802205,64.79836556451178,0.7986471990551619
7.460372983601119,0.45741881195924994,0.6762202615330811,2.3200914325166937,10.14749246019367,-1.2339210743277809,-29.324275499775784,2.4020442583082993,2.174900799468676,9.51246539466663,0.19623267681925904,4.515214780718426,1.2002457563303746,2.0291718320724184,8.875083791010931,1.7586357366930567,39.086129425628606,0.18867461573951846
4.742235633744588,0.45741881195924994,0.6762202615330811,2.3200914325166937,10.14749246019367,1.2137676871271328,18.33572428071799,4.613793426273767,2.174900799468676,9.51246539466663,0.19623267681925904,2.870126262346405,0.6965969621531245,2.0469875685034356,8.953005311073802,1.7586357366930567,24.954188116645117,0.18867461573951846
4.742235633744588,0.6724647969445565,0.6762202615330811,2.3200914325166937,10.14749246019367,-0.2245994662148778,-3.392901236199317,1.5900677777255077,0.4199077642068416,1.8365702366495196,0.19623267681925904,1.261125271708291,0.3769784487111845,2.0469875685034356,8.953005311073802,1.7586357366930567,24.954188116645117,0.3466621188000064
0.5814395942335566,0.9384388918062199,1.3739323516074673,0.7777816631997735,0.8240565126665738,-0.7772077560870931,-0.41022320799046574,1.5900677777255077,1.355745724468052,1.4364070877829431,0.19623267681925904,0.13674602168898253,0.3769784487111845,2.8880605090410567,3.0598883774907644,1.7586357366930567,1.788682626228601,0.2973741656898932
1.321479302977329,0.27569928607090155,0.4165759249252236,0.7777816631997735,8.963948675619935,-0.21509717773442438,-0.8510297814619378,1.5900677777255077,1.008862965344925,11.627165141540297,-0.07617092575011786,-0.34323101125106215,0.3769784487111845,2.8880605090410567,33.28495309162279,1.7586357366930567,13.407883701833955,5.554160034107927
2.7465482377145625,0.27569928607090155,0.5320629860049074,0.7777816631997735,5.494922871394832,1.143960671949249,7.365108101164151,1.5900677777255077,0.26416079501714457,1.8662604982148059,-0.6441231991902215,-2.4168088585315655,2.5844621143781206,2.8880605090410567,20.40375917299785,0.3576119919604779,4.4366421324024365,5.554160034107927
2.7465482377145625,0.27569928607090155,0.6766052596141907,1.5544775611159718,6.791156114598819,-0.8461802691024856,-6.056503637799762,0.29058723616107096,1.6551098396796313,7.2307954706040505,-0.6441231991902215,-4.757175909076581,2.5844621143781206,2.8880605090410567,12.617274302258199,1.3131805677393817,12.811336865920271,12.9903483478071
2.7465482377145625,1.1258452025096937,0.6766052596141907,0.3608645734809038,1.5765345965994944,0.4254375148142331,1.4671508408091627,0.29058723616107096,0.07363011866308197,0.32167310940046484,-0.6441231991902215,-1.0033756349257432,1.6421198820428506,0.3395901522807937,1.4835915273447948,1.3131805677393817,4.39307735596264,3.6311322524347394
2.8846333920976424,1.0928595464410302,0.4370564594950433,0.3608645734809038,3.778323661299549,0.4254375148142331,2.3854811471639294,2.9855624382509935,0.029815112405634205,0.3121701406704438,-0.6441231991902215,-1.0381383815669276,1.6421198820428506,0.3395901522807937,3.555576251584413,0.4810556534685061,2.6166217550368684,3.6311322524347394
2.8846333920976424,1.0928595464410302,0.4370564594950433,0.3608645734809038,3.778323661299549,0.4254375148142331,2.3854811471639294,0.7711533310151322,0.2616276885042179,2.7392937921042693,-0.6441231991902215,-3.075239005307848,1.6421198820428506,0.18491786806515031,1.9361267568277893,0.9832724569519102,3.946675266556443,0.11234901388526508
2.8846333920976424,1.9673162912369644,0.17961132397834362,0.3608645734809038,22.372103310782396,0.4254375148142331,5.804700512632211,0.4033579576465449,4.384776946648433,271.83794158266636,0.9819025482124523,46.699695640950594,3.095297319137947,0.18491786806515031,11.46413904933257,0.19302117815024522,1.8852385472803008,0.11234901388526508
2.8846333920976424,1.9673162912369644,0.29108474876893026,0.3608645734809038,8.517955007782453,0.4254375148142331,3.5817401934694737,3.164000230316187,1.787370607084973,42.1896288309062,0.9819025482124523,18.397629388489445,3.2226031300663056,0.38544023755650825,9.098046311462202,0.19302117815024522,1.6794599830012635,0.2594150835057734
0.636328668192089,0.3200936428394417,0.40017373505393733,1.2066576729444112,15.070127022182813,-1.0267751278046064,-2.5363856423159334,3.6540299623255095,1.787370607084973,22.322737167666812,-0.9657420637370339,-2.903463431289661,3.2226031300663056,0.38544023755650825,4.813820414586211,0.19302117815024522,0.26948301275622444,0.33292204734392317
2.8323521875790894,0.3200936428394417,0.40017373505393733,1.2066576729444112,15.070127022182813,1.0180945180836811,11.194219281603605,3.6540299623255095,0.34509653686591635,4.309961940402246,-0.9657420637370339,-5.678650234388379,3.2226031300663056,1.4445836166330521,18.041619495695404,0.19302117815024522,2.322148430798063,0.5800327539235824
2.301791765438493,0.7624417246948236,0.40017373505393733,1.2956092383656799,16.181056343544928,1.0180945180836811,9.426653984472852,1.3782971332613572,1.2401584012613769,15.48852259732583,-0.9657420637370339,-8.748471408476583,0.2822584861953351,1.5506032782635604,19.365714807435243,0.07999241191995854,0.8102734145915811,0.5800327539235824
2.301791765438493,0.2843315676185313,0.4906606410608217,0.08817433895200932,0.7325036013667917,0.8269417151927324,1.6290927641921324,2.5315815110786843,1.2401584012613769,10.302549539766526,-0.9657420637370339,-7.135091316828662,3.466426075714011,0.8982949774098147,7.462537444148261,0.07999241191995854,0.5029885344218098,0.5800327539235824
2.301791765438493,3.9738149720993174,0.4906606410608217,0.6186224533057311,5.1391729194526805,1.388667084374243,7.246207880218142,0.2424468377006782,1.4502719634421193,12.048056711384419,-0.4662121595168253,-3.7248443534650804,9.685015095227966,0.8982949774098147,7.462537444148261,0.07999241191995854,0.5029885344218098,0.386267997928525
2.301791765438493,1.9616319470307304,0.4906606410608217,0.6186224533057311,5.1391729194526805,0.8112223352993194,4.233041702218892,0.2424468377006782,1.4502719634421193,12.048056711384419,-0.4662121595168253,-3.7248443534650804,0.11722337262547597,0.8982949774098147,7.462537444148261,0.03677628969757143,0.23124758477044988,0.3403951536223398
2.301791765438493,1.9616319470307304,0.4906606410608217,0.6186224533057311,5.1391729194526805,0.8112223352993194,4.233041702218892,0.2424468377006782,1.4502719634421193,12.048056711384419,-0.4662121595168253,-3.7248443534650804,0.1666158850820435,0.8982949774098147,7.462537444148261,-1.1075942344789123,-6.964500599032359,0.3403951536223398
0.7409715362505852,0.7662334861375031,0.5231830394488293,1.671897230783555,12.216091048814874,0.8112223352993194,2.10091051777436,0.2424468377006782,0.45080265574510625,3.2938904295264737,-0.4662121595168253,-0.6269598009025991,0.1666158850820435,2.1630158128813237,15.804558811190104,-1.1075942344789123,-3.262671881437342,0.07571263188890288
0.7409715362505852,4.343002620669688,0.5231830394488293,1.6444982880963723,12.015894546096213,0.06515256121906077,0.16734435708293852,0.2424468377006782,0.45080265574510625,3.2938904295264737,-0.4662121595168253,-0.6269598009025991,0.8406083984303423,1.2563882199875867,9.180081529792183,-1.1075942344789123,-2.486597431895958,0.10397312180795094
0.7409715362505852,2.691009978894316,0.35326208719783786,1.6444982880963723,26.35538472457391,0.06515256121906077,0.2478378873536754,0.2424468377006782,0.45080265574510625,7.224742958398056,-0.4662121595168253,-0.9285308164551382,0.9303242035748169,1.2563882199875867,20.13537815203548,-0.15080796644435213,-0.5014246778970712,0.8452043391906935
0.7409715362505852,117.79715600748084,0.38894233057091937,2.039321211662939,26.96157184750633,1.5174989124554545,5.8385165775961685,0.2424468377006782,0.45080265574510625,5.959996945261622,-0.4662121595168253,-0.8433505650232759,0.9303242035748169,0.5317420038288134,7.030084401896128,-0.15080796644435213,-0.2962825532713578,0.8452043391906935
0.9294745014058093,6.120824716184718,0.38894233057091937,2.039321211662939,26.96157184750633,2.160139136362799,10.425377973331125,0.2424468377006782,0.45080265574510625,5.959996945261622,-0.4662121595168253,-1.057898728339577,0.7531983126682824,0.5634139115336486,7.448814129340675,-0.15080796644435213,-0.38256508608707773,0.8452043391906935
0.9294745014058093,6.120824716184718,0.09897592986751227,0.15929382263711186,32.5214386194078,2.160139136362799,11.449962909621206,0.2424468377006782,0.21187800366150705,43.257028909261756,-0.6906077552385941,-4.221796295779612,7.905231531677138,1.2645704153960402,258.1747896019164,-1.2146959906633379,-18.141032192989055,0.8452043391906935
0.9294745014058093,0.39431131693894095,0.09897592986751227,0.15929382263711186,32.5214386194078,2.160139136362799,11.449962909621206,0.2424468377006782,0.07015605125774606,14.323064617241851,-0.4277192601399531,-1.5045764596717892,7.905231531677138,1.2645704153960402,258.1747896019164,0.15070973918505226,2.2507938211436596,0.8452043391906935
0.9294745014058093,0.39431131693894095,0.1486882297628309,0.5180436587037607,46.86441236811207,2.160139136362799,13.744874960203783,2.0455342258825415,0.5960536810276007,53.92152771660949,-0.4277192601399531,-2.9192909514638266,7.905231531677138,1.2645704153960402,114.39836859295309,-0.4189719102636047,-4.165165884790326,0.8452043391906935
0.9294745014058093,3.402819338988156,0.13480655820006004,0.5180436587037607,57.013055427771164,0.25236405661549655,1.7711369277119933,2.0455342258825415,3.042158557636183,334.80335402727513,0.3636018337795618,6.183842859856319,7.847405531384754,1.2645704153960402,139.17171260370966,-0.4189719102636047,-4.594072798438475,0.8452043391906935
1.5318208556212403,3.402819338988156,0.1940531893508546,0.5180436587037607,27.51406682139665,0.25236405661549655,2.027742817685163,3.4400491069987984,0.18006451732894915,9.56349349849744,0.3636018337795618,1.7224329561283225,1.3679802496193378,1.2645704153960402,67.16320975075259,-0.4189719102636047,-5.259671330432117,2.4469602764419274
1.5318208556212403,3.402819338988156,0.13124384160205188,3.187384996518486,370.08940454204185,0.25236405661549655,7.4368462644316224,3.4400491069987984,0.18006451732894915,20.90741158354275,0.3636018337795618,2.546737465923856,1.2818183153084457,1.2645704153960402,146.83011702276133,-0.4270414160343693,-7.926574523632068,2.4469602764419274
0.6943555859083252,3.402819338988156,0.2140845045753352,4.385228291639678,191.3602521434702,0.25236405661549655,2.424014987721302,5.031568616296737,0.7277165816586918,31.75570786603731,0.3636018337795618,1.4227182337377473,0.958152533683988,1.2645704153960402,55.1826489865314,-0.4270414160343693,-2.202689098602865,2.4469602764419274
0.6431234688539494,9.687565489083429,0.2140845045753352,4.385228291639678,191.3602521434702,0.25236405661549655,2.2451622181708957,6.047508842390225,0.7277165816586918,31.75570786603731,0.3636018337795618,1.3177448331264496,0.958152533683988,0.19288631972399436,8.417070292048189,-0.4270414160343693,-0.7967917554089843,4.159477792190045
0.6431234688539494,9.687565489083429,0.9534060902777118,0.5696322830436286,1.2533395556201763,0.25236405661549655,0.1817005454926565,6.047508842390225,0.7277165816586918,1.6011662334167285,0.5306321724122002,0.43182337501481743,2.0584590881525213,0.19288631972399436,0.4244001989430195,-1.276540259636842,-0.5348311129539519,4.159477792190045
1.0725850707799673,3.2694308195605704,0.9534060902777118,0.5696322830436286,1.2533395556201763,-1.391245710739934,-1.6705903149617773,1.135285798838528,0.7277165816586918,1.6011662334167285,0.5306321724122002,0.7201841134488215,2.0584590881525213,0.19288631972399436,0.4244001989430195,-0.4192316555391725,-0.292936578903405,5.145664236257532
1.0725850707799673,5.253969974730094,0.9534060902777118,0.5696322830436286,1.2533395556201763,-1.391245710739934,-1.6705903149617773,1.135285798838528,0.7277165816586918,1.6011662334167285,0.5306321724122002,0.7201841134488215,2.0584590881525213,0.1141587837501498,0.2511790914150032,-0.3409949762984524,-0.18330380122005963,5.145664236257532
1.401262908866983,2.579002411422302,0.7100447391004573,0.4443246713292656,1.7626212272273636,-0.013476179535490296,-0.02507066840076176,1.8851083553846517,0.22067933260641084,0.8754275896919063,-0.8873698623314633,-1.1634143492983404,2.0584590881525213,0.07917720579912488,0.31409334808389894,-1.9139061747841335,-1.5030368887972192,0.981636570429055
1.401262908866983,2.579002411422302,0.7100447391004573,0.4443246713292656,1.7626212272273636,-0.013476179535490296,-0.02507066840076176,0.7807558579343226,0.22067933260641084,0.8754275896919063,-1.4836745661331365,-1.9452185083152078,2.0584590881525213,0.07917720579912488,0.31409334808389894,-1.9139061747841335,-1.5030368887972192,0.981636570429055
0.9334103931115257,2.579002411422302,0.7100447391004573,1.6144299116351948,6.40438988815511,-1.5851436616611752,-3.7443819436422165,0.7807558579343226,0.22067933260641084,0.8754275896919063,-1.4836745661331365,-1.2957505412045918,2.0584590881525213,1.7532697464624907,6.955162905820793,-1.9139061747841335,-4.711366929315706,4.858131637160907
0.9334103931115257,1.0706127762053192,0.7100447391004573,1.6144299116351948,6.40438988815511,0.0013618606027328006,0.0032169489579805585,0.7807558579343226,0.22067933260641084,0.8754275896919063,0.17440642340012502,0.1523158937065653,2.0584590881525213,1.2130625607090597,4.812178925522877,1.7762219260694068,3.636978573007376,0.9487070634360023
1.1053255095904913,1.0706127762053192,0.21667102549345124,0.45431727747772493,19.354750228816666,0.0013618606027328006,0.006622418695108387,0.7807558579343226,4.059543630821614,172.94401272553014,0.17440642340012502,2.5351603558037907,5.913686762777047,1.2130625607090597,51.67869248733062,1.7762219260694068,14.113774635871911,0.9487070634360023
1.9280467477077494,1.0706127762053192,0.21667102549345124,0.6029519558427116,25.686860447178027,0.0013618606027328006,0.01330778357030858,0.7807558579343226,4.059543630821614,172.94401272553014,-0.2934844946756003,-7.441414342711786,5.6400265975707065,1.2130625607090597,51.67869248733062,1.7762219260694068,24.61900774791189,0.9487070634360023
1.9280467477077494,1.6887066995379825,0.21667102549345124,0.5801058593917469,24.71357478882321,0.0013618606027328006,0.013053230320432528,0.7807558579343226,0.11773812541737008,5.015860331162549,1.2740231038916128,5.501328528346853,5.6400265975707065,1.2130625607090597,51.67869248733062,1.7762219260694068,24.61900774791189,0.9137042988498503
1.9280467477077494,6.234512994630425,0.21667102549345124,0.5801058593917469,24.71357478882321,-0.8955063501316995,-8.583294515035192,0.7807558579343226,0.11773812541737008,5.015860331162549,-0.9414626199732417,-4.065307099855855,3.891946771796479,1.2130625607090597,51.67869248733062,-0.3780516858717007,-5.23991807948376,0.9137042988498503
0.37004451689280443,3.6063661014880095,0.21667102549345124,0.5801058593917469,24.71357478882321,-0.8955063501316995,-1.6473672518267692,2.571809020854337,1.0006265789580764,42.62852959405318,0.47835399321088934,1.1557224604259648,4.231673859202133,1.2130625607090597,51.67869248733062,0.30173026438893413,0.8026544269512608,0.9137042988498503
0.37004451689280443,3.6063661014880095,0.21667102549345124,0.626651307990198,26.696496364935655,-1.546203804886978,-2.9562955208104973,4.008820413504425,0.7389420901045994,31.48028986908931,0.815262446986353,1.6926640595683182,4.231673859202133,1.2130625607090597,51.67869248733062,0.30173026438893413,0.8026544269512608,0.9137042988498503
0.37004451689280443,9.2892699349948,0.12545361197094082,0.626651307990198,79.6323636584698,0.3478597313632128,1.1486902479688985,4.008820413504425,0.7389420901045994,93.90183103659882,0.815262446986353,2.92340134206361,4.231673859202133,1.2130625607090597,154.1511806377167,0.7298790428922388,3.353345448162986,0.9137042988498503
0.7356261533295884,3.071964778029439,0.1402425281185601,1.288067256825076,130.98123226718045,0.6610993781656411,5.565810883904639,4.008820413504425,0.7389420901045994,75.14168613722507,0.815262446986353,5.198703720726153,0.7009300926458001,0.7044157595488393,71.63076595980795,0.7298790428922388,4.544204344294112,0.9137042988498503
0.7356261533295884,3.071964778029439,0.10280810982813929,1.288067256825076,243.73269300445213,0.6610993781656411,7.592430117560033,0.1838258376688929,0.7389420901045994,139.8252650560089,0.815262446986353,7.091652146438416,0.7009300926458001,0.6719905553174439,127.1564561968526,0.7298790428922388,6.054485770768859,0.9137042988498503
7.750148228607872,3.071964778029439,0.14071961978881564,0.08682328173976195,8.769137641060333,-0.8383694396826833,-19.240833934999994,0.4023386259272403,0.7389420901045994,74.63303352575862,0.815262446986353,54.58495971153504,0.7009300926458001,0.057138178914247384,5.77094697894957,0.7298790428922388,13.588904447564621,2.480192819870688
7.750148228607872,6.21511887606463,0.42835331388187736,0.08682328173976195,0.9463721051128113,-0.8383694396826833,-6.320863520854136,0.4023386259272403,0.7389420901045994,8.054454604294111,-1.8412864863457767,-40.499479687699875,0.7009300926458001,0.17110778736905166,1.8650715993321623,0.7062547963616242,7.475137291987279,2.480192819870688
0.8014809492143328,3.1175648279029393,0.3956710911407493,0.040483040860455975,0.5171713776213734,-0.8383694396826833,-0.4832210931407955,0.4023386259272403,0.7291852522175186,9.31535115483109,0.7632556301397075,1.8670796087324442,0.7009300926458001,0.1645757134223872,2.102456896137364,0.7062547963616242,0.8207637451661731,0.417805815119178
0.5360375112675742,3.0184667794562623,0.4200231334412653,0.040483040860455975,0.45894083500789234,-0.8383694396826833,-0.30444508832900424,0.4023386259272403,2.5621547236402504,29.04617349126742,-0.8803486770982221,-2.5432810868972533,0.7009300926458001,1.0451866779025476,11.848883791836714,1.8462114782000976,3.406554559129795,0.417805815119178
0.5360375112675742,3.0184667794562623,0.4200231334412653,0.34892975006731564,3.955683848132384,-0.5965896838763928,-0.6360360159002735,0.4023386259272403,0.7620528796904662,8.639103621954852,-0.8803486770982221,-1.3870248427686744,0.7098530058559286,1.0451866779025476,11.848883791836714,2.2680403921862773,4.184896166838426,0.440797868374714
0.5360375112675742,0.5471626791187728,0.4200231334412653,0.34892975006731564,3.955683848132384,-0.5965896838763928,-0.6360360159002735,2.4521436787826834,0.41676808127337306,4.7247412041884,-0.8803486770982221,-1.0257438238957557,0.7098530058559286,0.4112785515189052,4.662508493508381,2.0015117828345694,2.31666454040971,0.440797868374714
0.5360375112675742,0.5157486434246432,0.4200231334412653,0.34892975006731564,3.955683848132384,-2.3476401795881987,-2.5028654483104553,2.2947681116175023,0.41676808127337306,4.7247412041884,0.2917566679847614,0.33994212526360595,0.7098530058559286,0.4112785515189052,4.662508493508381,1.840088371394165,2.1298238250648627,0.3433027087203457
0.5360375112675742,0.5157486434246432,0.4240273284062766,0.34892975006731564,3.881327593528196,-2.03121559035854,-2.1450694283062273,2.2947681116175023,0.41676808127337306,4.635928732462836,0.12249945675325441,0.1413831717933696,0.7098530058559286,0.4112785515189052,4.5748658299519445,0.02893635969397712,0.033176323514217204,0.3433027087203457
0.8975304653947491,0.5157486434246432,0.4240273284062766,0.8576747210265784,9.540363240307945,-1.3759976644145335,-3.814603043402525,2.2947681116175023,1.1507536704749448,12.800433249691627,0.12249945675325441,0.39336498261651764,0.510002634299483,1.8966207840225342,21.09710215900358,-1.8722785300652902,-7.718467131739525,2.221288256617386
11.241363431559257,0.5157486434246432,0.4240273284062766,0.8576747210265784,9.540363240307945,-1.3759976644145335,-47.77702909411533,1.0905096260509166,1.1507536704749448,12.800433249691627,-0.923501467706979,-37.142310248948846,0.510002634299483,1.8966207840225342,21.09710215900358,-1.2544346548748546,-64.7706767754244,2.221288256617386
11.241363431559257,1.0752001165749347,0.3243789200144397,0.8576747210265784,16.30224285455315,-1.3759976644145335,-62.45401521487541,0.9020791537472982,5.208880970752215,99.00774793038549,-0.18267709194679815,-20.433260375092328,0.510002634299483,1.899420774620729,36.103219544337044,-1.2544346548748546,-84.73054466595246,2.221288256617386
4.259990303852823,1.8260925486049273,0.3243789200144397,0.8576747210265784,16.30224285455315,-0.9282845685728489,-15.966635863777052,0.9020791537472982,5.208880970752215,99.00774793038549,-0.8009924724815607,-33.95249049603383,0.510002634299483,1.899420774620729,36.103219544337044,-1.2544346548748546,-32.10920996502819,0.727757294513613
4.259990303852823,3.627449605995176,1.4198580710642443,0.8576747210265784,0.8508690694640206,-0.9282845685728489,-3.647716770644378,4.153966788509357,5.208880970752215,5.167548484147799,-0.8009924724815607,-7.756741623230633,0.510002634299483,1.899420774620729,1.8843488649026954,-1.2544346548748546,-7.335628161176582,0.727757294513613
4.259990303852823,3.334130453091417,1.4198580710642443,0.8576747210265784,0.8508690694640206,1.0243086857850623,4.025045872731917,0.19512285610641034,1.3563079281571038,1.345545620554609,0.809209957354116,3.9987020218528038,0.510002634299483,1.899420774620729,1.8843488649026954,-1.2544346548748546,-7.335628161176582,0.727757294513613
0.4073045136002218,22.1537068489046,1.2939412253893707,2.5735873415810073,3.0742544315599694,-0.5635809573524442,-0.4024810498330202,0.4268082286945878,1.3563079281571038,1.6201648148204695,0.809209957354116,0.4195271184763056,0.510002634299483,1.899420774620729,2.268935131685736,-1.2544346548748546,-0.7696234747809715,0.727757294513613
0.4073045136002218,11.912562816999381,0.14445637034905956,0.3962066347090261,37.97330019054689,0.859340818967284,2.156869332581936,1.245542063327136,1.3563079281571038,129.9914832182266,-0.8216278386702096,-3.815503164826466,0.28291483265867495,1.7965134448915816,172.1817313567248,-1.2544346548748546,-6.7044136456571595,0.715501537363828
0.4073045136002218,73.63295085134833,0.6913797391999248,0.3776178749035007,1.5799714619462313,-0.09823658785025569,-0.05029410838780981,1.245542063327136,1.3563079281571038,5.6748580046621555,-0.8216278386702096,-0.797208403711696,2.9099803836721665,1.7965134448915816,7.516699188714965,-1.5427345323829262,-1.72275694311691,3.129152411456676
0.9093116292497059,73.63295085134833,0.6913797391999248,0.3776178749035007,1.5799714619462313,-0.09823658785025569,-0.11228212826698154,4.917608420570272,1.3563079281571038,5.6748580046621555,-0.8216278386702096,-1.7797761827460505,0.5628544353923032,2.3420889733957115,9.799413600984348,-0.434916849914289,-1.2379953779077724,0.7055484706874371
0.9093116292497059,14.689675314448968,0.6913797391999248,0.03377835094862159,0.14133025494109566,-0.493591416097398,-0.1687321789700279,0.8785049090907777,0.6391549303402284,2.6742551579632083,-0.8216278386702096,-1.2217695924475298,0.5628544353923032,2.3420889733957115,9.799413600984348,-0.434916849914289,-1.2379953779077724,0.7055484706874371
6.358175439383398,1.1982183759768985,1.4684819604623185,0.03377835094862159,0.0313278945033919,0.19416952897167683,0.21851396022376882,0.8785049090907777,1.1247642284544055,1.043168008521343,-1.4823943330628069,-9.626610119094652,1.4577247858549087,2.3420889733957115,2.172181714486345,-0.434916849914289,-4.0755555563052495,0.27813540053901725
17.208870915313533,0.8410337544592976,0.923680203076206,0.03377835094862159,0.07918176314520162,-0.16984329523643926,-0.8224573160968276,1.6013382486995713,1.1247642284544055,2.6366241166461246,-1.4823943330628069,-41.42287450460632,1.4577247858549087,0.6471746320748435,1.5170790459391688,-0.434916849914289,-9.218552124493508,0.27813540053901725
2.462891082115363,7.55117052573704,0.923680203076206,0.03377835094862159,0.07918176314520162,-0.16984329523643926,-0.1177080587798986,1.2927264276841317,1.1247642284544055,2.6366241166461246,1.5900520783230463,6.358880523053727,1.4577247858549087,0.6471746320748435,1.5170790459391688,-0.9006032035104192,-2.7320132329136375,0.7823075201919155
0.8107143087614962,4.745426449938476,0.923680203076206,0.03377835094862159,0.07918176314520162,-0.16984329523643926,-0.038746174446106986,1.2927264276841317,0.5270865004105847,1.2355735925660178,-0.7380223945865221,-0.6650766297264538,1.6481912183239158,0.6471746320748435,1.5170790459391688,0.23212027853546124,0.23178483938475533,2.3737624544878577
1.6453352143754172,1.3176959341178602,0.923680203076206,0.03377835094862159,0.07918176314520162,-1.2526670010994478,-0.5799661063340994,0.5488079948758947,0.41469479551577887,0.9721097730917556,-0.9613858105775379,-1.5595875349494708,0.4955667947512944,0.6471746320748435,1.5170790459391688,0.23212027853546124,0.47040462253674287,0.2880319536331453
1.3383154329085762,1.3176959341178602,0.3446164306892333,0.010562809869931087,0.17788425050811768,0.5976905332743359,0.33736778704243814,0.16994844176816934,0.41469479551577887,6.983716813831348,-0.9613858105775379,-3.4001611775399057,2.2033627025552547,2.272420919895153,38.268973611389434,-0.016155091204747396,-0.13374923525644788,0.2880319536331453
1.3383154329085762,1.3176959341178602,0.20724761530251182,0.11428402476966391,5.321529061561725,-1.0683652226759006,-3.29834779257431,0.16994844176816934,0.1371977547579418,6.388485535024729,-0.9613858105775379,-3.2520345574019633,2.2033627025552547,0.38014863320029535,17.70126667629689,-0.016155091204747396,-0.09096410959546018,1.309979615675515
3.8607672452933905,0.6288884731745924,0.94787810277637,0.03826354506214404,0.08517462276072725,0.3478867847383571,0.3919824840903365,0.9467323958523927,0.1371977547579418,0.30540209973089383,2.2932783960117398,4.8929007805279605,2.7777939743708817,0.44689031899045967,0.9947775166575383,-0.4728412454748143,-1.8207568526947964,1.309979615675515
3.8607672452933905,1.810608848872845,1.0066510084832023,0.2718867675752881,0.5366117786541383,-0.2671151558271144,-0.7554439557070001,0.8179430609041761,0.1371977547579418,0.2707815899412125,2.2932783960117398,4.607230777931768,2.7777939743708817,0.44689031899045967,0.8820091212066105,-0.4728412454748143,-1.7144527116203818,1.309979615675515
0.6081737965355346,1.810608848872845,1.0066510084832023,0.9780812916407877,1.9303989901986092,-0.2671151558271144,-0.2257094671042672,0.8179430609041761,0.1371977547579418,0.2707815899412125,2.2932783960117398,0.7257617089313024,1.219735590406284,0.44689031899045967,0.8820091212066105,-0.4728412454748143,-0.27007202153352633,0.5360750396760133
2.6377091685544376,2.6290491395474036,1.0066510084832023,0.9780812916407877,1.9303989901986092,1.2376911201561582,4.535892203347026,1.4909689010855747,1.072686245954164,2.117116914194438,2.2932783960117398,8.801488170978702,8.901886935417732,0.44689031899045967,0.8820091212066105,-0.7593251092695781,-1.881010450584032,0.5360750396760133
2.6377091685544376,1.5571387310977476,1.0066510084832023,0.6664583737685181,1.3153615990077119,0.15168248092414216,0.45886497743611043,1.3658487118344271,1.0467824555468037,2.06599166389873,2.2932783960117398,8.694567252988568,3.8668506115441015,0.44689031899045967,0.8820091212066105,-0.7593251092695781,-1.881010450584032,0.7701640723165849
2.6377091685544376,1.5571387310977476,0.5711464956408435,0.6664583737685181,4.086090598947005,0.15168248092414216,0.8087537887725244,0.516508499677267,2.49857891200386,15.318915936694737,-0.4980793523258864,-5.142087517810987,4.549906345726118,0.44689031899045967,2.7399075517079248,-0.7593251092695781,-3.315298406800642,0.500347674046919
2.6377091685544376,1.5571387310977476,0.5711464956408435,0.10370598255621948,0.6358267178509679,0.15168248092414216,0.3190301433115442,1.4007826032671644,0.728097664036789,4.464004260781236,-0.4980793523258864,-2.775797292145164,4.549906345726118,0.37439431072404916,2.2954307929217075,-0.7593251092695781,-3.0344974153772313,0.500347674046919
1.0704236913169827,1.5571387310977476,0.5711464956408435,0.10370598255621948,0.6358267178509679,-1.0645729991053317,-0.9086581917117624,1.4007826032671644,0.728097664036789,4.464004260781236,0.621198826855291,1.4049104398075938,0.22873936025494312,0.37439431072404916,2.2954307929217075,0.8148610968143002,1.3215128744073337,0.500347674046919
1.8885934290096962,2.788492509080786,0.5711464956408435,0.3283444541180828,2.0130967514173355,-0.6870948870581057,-1.8411429746463894,2.8860688200558267,1.1007579973717043,6.748803949064761,0.621198826855291,3.0477722275938994,0.2402451033017894,1.6308717716823227,9.998958789695939,0.8148610968143002,4.8663063722050195,0.500347674046919
0.25004911632756865,2.1409368777331212,0.5711464956408435,1.7268114701010495,10.587170019690523,0.11793578136812977,0.09595350793161957,2.8860688200558267,5.292004430098314,32.44555159407627,0.621198826855291,0.8847764038462066,0.24912005578983143,1.6308717716823227,9.998958789695939,2.0164989084974057,1.5944125516348595,0.5116601533825964
0.4127582064287787,2.1409368777331212,1.035384929856124,1.7268114701010495,3.2215972169448026,0.11793578136812977,0.08737293529698406,0.18286852726486053,6.377953675312922,11.898923632345692,-0.5997539859223513,-0.8539308393109295,0.24912005578983143,1.6308717716823227,3.0426089076986247,2.173487558325808,1.5648616279962089,1.1533968046010108
0.4127582064287787,2.1409368777331212,0.21913330981415807,1.7268114701010495,71.92139849605576,1.2093039090219166,4.233116638718703,0.44046757592344565,6.377953675312922,265.6406653615297,0.933115238300861,6.277377957553475,1.7634031344597456,1.013036888600989,42.19281086429929,2.173487558325808,5.827363434836189,1.1533968046010108
4.156414272245258,2.1409368777331212,0.21913330981415807,1.7268114701010495,71.92139849605576,1.604606834760465,56.5609280767694,0.5664532492091623,2.8748972481372737,119.7389722031412,0.933115238300861,42.43965767808904,1.3303167944695011,1.013036888600989,42.19281086429929,2.22064401982641,59.953839565718226,1.1533968046010108
4.7254432483342566,0.34735444051315945,0.21913330981415807,1.7268114701010495,71.92139849605576,0.8392636069280224,33.633340549042515,1.1162074762087861,2.8748972481372737,119.7389722031412,-1.0386216931843064,-53.705368888539674,1.3303167944695011,1.013036888600989,42.19281086429929,2.22064401982641,68.16174900547092,1.1533968046010108
4.7254432483342566,1.2723334968173765,0.4518053648389247,1.4226911286139106,13.939200084253663,-1.7184836108838097,-30.318441464492444,1.890383920104102,0.5206735251993957,5.101439307770985,0.44333517682765256,4.731742538780419,1.3303167944695011,0.3519574582768251,3.448398133223628,2.22064401982641,19.486336458945676,0.7104878021789433
1.6749998117032334,0.6298567940826286,1.1890018395848783,1.4226911286139106,2.0126838694971108,-1.7184836108838097,-4.083644617121783,1.890383920104102,0.5206735251993957,0.7365978351632878,0.44333517682765256,0.6373267890675297,2.5910715198519854,0.3519574582768251,0.49791489155704716,2.22064401982641,2.6246491951504938,1.949822616537094
1.6749998117032334,0.6298567940826286,1.1890018395848783,1.4226911286139106,2.0126838694971108,-1.7184836108838097,-4.083644617121783,0.9005702847417626,0.06802215434709465,0.0962310722751361,0.44333517682765256,0.23035869906853323,1.0384352821758736,0.1714086265326408,0.24249211285306627,2.22064401982641,1.8316501080768033,1.949822616537094
1.2388497380791015,1.943122737906233,1.1890018395848783,1.4226911286139106,2.0126838694971108,-0.34548265917824517,-0.6072012683245805,0.9005702847417626,0.06802215434709465,0.0962310722751361,0.44333517682765256,0.17037602751435824,1.0384352821758736,0.09024416712417002,0.12766859639026396,2.22064401982641,0.9829685430896326,1.3881164779347352
1.2388497380791015,1.943122737906233,1.1890018395848783,0.3130142917499204,0.44282191914763547,-0.34548265917824517,-0.28481275971052383,0.9005702847417626,0.17006186127571193,0.24058684145992787,-1.1462657324452505,-0.6965300826164127,1.0384352821758736,0.11968768738258292,0.169322400995804,2.22064401982641,1.1320217911773922,1.3881164779347352
3.970920809260936,0.6452650401037548,1.1890018395848783,0.3130142917499204,0.44282191914763547,-0.10882441958130742,-0.2875624271372494,0.9005702847417626,0.6807529544574658,0.9630625108936565,-1.1462657324452505,-4.466874740988669,4.109108821687142,0.22941725283522588,0.32455702778976664,2.22064401982641,5.023607261436413,1.3881164779347352
3.970920809260936,0.6452650401037548,0.6049209743194306,0.3130142917499204,1.710790684946829,-0.49725024218382596,-2.5826447266383683,0.9005702847417626,0.6807529544574658,3.7206793553258306,-0.6621148322592579,-5.07149107109919,4.109108821687142,0.3969436548989979,2.1695095883752953,1.2937985646706474,7.567260386038551,1.3881164779347352
3.970920809260936,0.6452650401037548,0.6049209743194306,0.4258896389906329,2.3277148884392047,-0.49725024218382596,-3.0125282048114927,0.7911835567468835,0.6807529544574658,3.7206793553258306,0.5016690036947707,3.8425507916866057,4.109108821687142,0.3969436548989979,2.1695095883752953,1.2937985646706474,7.567260386038551,1.450124407624565
2.9234468107418152,12.553713306225202,1.0753722918250403,0.4258896389906329,0.7365621298991782,-0.49725024218382596,-1.2475986409424609,0.6749784259542215,0.6807529544574658,1.1773398555990169,0.8530387589999244,2.705919573241486,0.45747575093080817,0.3969436548989979,0.6865010019856359,0.7826696120209812,1.8958075853959744,1.545192040294017
2.9234468107418152,12.553713306225202,1.0753722918250403,0.6845798412515225,1.18395833050391,-0.49725024218382596,-1.5817520602864834,0.6749784259542215,0.6807529544574658,1.1773398555990169,0.5158603767412848,1.6363578744305254,0.45747575093080817,2.185652160274719,3.7800135598651994,1.533770351851837,8.717705909346186,1.545192040294017
2.9234468107418152,21.851211038850785,0.8786706721185059,0.4904584694035834,1.2705155132327601,1.6659250954855889,5.489599400070404,0.6749784259542215,0.6807529544574658,1.7634667220019786,0.5158603767412848,2.0026774234191995,1.524656793049221,2.835236327701293,7.3445805562416,1.533770351851837,12.151755829443466,1.545192040294017
1.2826543501740062,21.851211038850785,0.8786706721185059,0.4904584694035834,1.2705155132327601,-0.5232085067532055,-0.7564398869052535,1.3394468138409532,1.6452330456539892,4.261918669542916,0.5158603767412848,1.3659801497834545,0.33002757141794475,0.6453826754426953,1.67184125114349,0.9498723647494532,1.5753331407672873,1.545192040294017
1.2826543501740062,38.40282849708915,0.3014915448932483,2.0300090114383122,44.666064332376706,-0.40636549060851945,-3.4834958833044083,1.5141790952044998,1.6452330456539892,36.19988120489495,0.5158603767412848,3.981029374259059,2.156096034425017,0.6453826754426953,14.200283810513916,0.9498723647494532,4.5911703099291366,1.545192040294017
1.2826543501740062,38.40282849708915,0.3014915448932483,2.0300090114383122,44.666064332376706,-0.7663300030565365,-6.569227635207402,0.6119066234594382,1.6452330456539892,36.19988120489495,0.5158603767412848,3.981029374259059,2.156096034425017,0.793355207282064,17.456107104558807,0.9498723647494532,5.090361083878995,1.545192040294017
1.2826543501740062,12.009371372593437,0.3014915448932483,2.0300090114383122,44.666064332376706,-0.5740386764331032,-4.920844442813776,1.0432179851988337,1.6452330456539892,36.19988120489495,0.5158603767412848,3.981029374259059,2.156096034425017,0.793355207282064,17.456107104558807,0.9498723647494532,5.090361083878995,1.654394365763204
1.2826543501740062,12.009371372593437,0.3014915448932483,0.6364022541099185,14.002688590629914,-1.2508814504215584,-6.003873124141632,3.520479473920762,1.6452330456539892,36.19988120489495,0.5158603767412848,3.981029374259059,1.0908270852855015,0.793355207282064,17.456107104558807,-1.563015439364202,-8.376191645643033,1.654394365763204
1.2826543501740062,12.009371372593437,0.3014915448932483,0.6364022541099185,14.002688590629914,-1.2508814504215584,-6.003873124141632,2.0202707654315484,1.6452330456539892,36.19988120489495,1.4806495350336677,11.426559506640055,1.0908270852855015,2.69294042564089,59.252471105884574,-1.563015439364202,-15.43213948184091,1.654394365763204
1.2826543501740062,0.5299153024399117,0.3014915448932483,0.6364022541099185,14.002688590629914,0.8044866206586043,3.861305640815085,2.0202707654315484,1.6452330456539892,36.19988120489495,1.4806495350336677,11.426559506640055,1.0908270852855015,2.69294042564089,59.252471105884574,1.4585275141934302,14.40049757044724,1.654394365763204
1.2826543501740062,0.5299153024399117,1.6164994494596072,0.6364022541099185,0.4870915357171989,0.8044866206586043,0.7201678932482951,4.259222227992831,1.6452330456539892,1.2592335832328352,0.9132017023281004,1.3144058993152201,1.0908270852855015,2.69294042564089,2.061131114871557,0.6021941423256347,1.1089168301802959,1.654394365763204
1.2826543501740062,0.5299153024399117,1.1729036126616121,0.6364022541099185,0.9252030525434698,-0.10475359432436193,-0.12924004494994398,2.6921747345176037,1.6452330456539892,2.3918435645917007,0.9132017023281004,1.8115183461563003,1.873082550841347,0.11187585955085212,0.1626453804868126,0.8457021255538941,0.43746964825503326,0.2207236462610366
0.8762130461100996,0.5299153024399117,1.1729036126616121,0.6364022541099185,0.9252030525434698,-1.4238180684288144,-1.2000041377963757,2.6921747345176037,1.6452330456539892,2.3918435645917007,0.9132017023281004,1.2374931780760812,1.873082550841347,0.11187585955085212,0.1626453804868126,0.8457021255538941,0.2988463829138812,1.807052161384752
2.840152486756489,0.5299153024399117,1.1729036126616121,0.14287458388375252,0.20771139681930564,-0.4056467382723905,-0.5250731479344766,2.6921747345176037,1.6452330456539892,2.3918435645917007,0.9132017023281004,4.01120405894452,1.873082550841347,0.05086223081148574,0.07394362748097583,0.007108453836059625,0.00548993473071776,2.8953979698047867
2.840152486756489,3.0479505182298725,1.1729036126616121,0.14287458388375252,0.20771139681930564,-0.4056467382723905,-0.5250731479344766,0.45220164400888024,1.417428100947386,2.0606602149635225,0.9132017023281004,3.723158827481881,1.873082550841347,0.03792933441211621,0.05514175311668663,1.8708682974370707,1.247743046528684,0.07778267657433999
1.3913307163383182,3.0479505182298725,1.1729036126616121,0.14287458388375252,0.20771139681930564,-0.4056467382723905,-0.257222245091493,0.4715449721694255,1.417428100947386,2.0606602149635225,-0.0040497133750556635,-0.008088311203445912,1.873082550841347,0.015968466514543613,0.023214993140395407,1.9340686291908324,0.41000252719424674,2.1611916783485388
1.3913307163383182,1.1333627306290088,1.1729036126616121,0.18290882080673118,0.26591326202041615,-0.4056467382723905,-0.2910371039775487,0.4715449721694255,1.417428100947386,2.0606602149635225,-0.0040497133750556635,-0.008088311203445912,1.4218792669378109,0.2897619566132453,0.42125659524021597,0.2628343324570175,0.23734813505513563,2.1611916783485388
1.3913307163383182,2.2994277903746694,1.1729036126616121,0.18290882080673118,0.26591326202041615,-0.4056467382723905,-0.2910371039775487,0.4715449721694255,1.031602887098474,1.4997466366473846,-0.10319290484197408,-0.17582845472927733,1.7385946009879913,0.08239025130856001,0.1197791357875005,0.6423391881177274,0.30930388803588044,0.2833904779276268
0.9183405424538525,2.8553683216612455,1.1729036126616121,0.811414807311218,1.17963670265952,-0.4056467382723905,-0.404600005439848,0.4715449721694255,1.031602887098474,1.4997466366473846,-0.10319290484197408,-0.11605464940777156,0.538071220367875,0.08239025130856001,0.1197791357875005,0.6423391881177274,0.20415440914688104,0.2833904779276268
0.9183405424538525,2.8553683216612455,1.1729036126616121,0.811414807311218,1.17963670265952,0.5597770869829377,0.5583326354427983,0.4715449721694255,0.5773982435493241,0.8394228870421386,-0.30935789947297854,-0.26028873400218444,0.538071220367875,0.09475033973269009,0.1377482606073149,1.20047710763283,0.4091670964883604,0.31644971070331196
0.9183405424538525,2.8553683216612455,1.1729036126616121,0.811414807311218,1.17963670265952,0.5597770869829377,0.5583326354427983,0.4715449721694255,0.5773982435493241,0.8394228870421386,-0.30935789947297854,-0.26028873400218444,0.538071220367875,0.09475033973269009,0.1377482606073149,-0.7935092080992461,-0.2704573512067758,0.31644971070331196
0.9183405424538525,2.8553683216612455,0.6445470318370867,0.811414807311218,3.906282957206818,-0.2354625595416696,-0.42737338021073845,0.4715449721694255,0.5317470081770472,2.559916650363791,-0.16335911534340622,-0.24002697021012273,0.538071220367875,0.09475033973269009,0.4561435580820048,-0.7935092080992461,-0.49216021272672167,0.31644971070331196
0.9183405424538525,2.8553683216612455,0.6445470318370867,1.2291269243645044,5.917217080126013,-0.50252084039484,-1.1225781537344344,1.1950394018691393,0.5317470081770472,2.559916650363791,-0.16335911534340622,-0.24002697021012273,0.538071220367875,1.0991225414505452,5.291354819833038,2.0843754270105634,4.403146594527867,1.4399682256846817
0.9927257305951969,2.695742411830843,0.2784092309828316,1.2291269243645044,31.71461665804006,-0.50252084039484,-2.8093968370370983,1.1950394018691393,1.4761946977096494,38.08959678814182,-0.16335911534340622,-1.000865776027992,4.443779577533251,2.919790575715517,75.33806069576802,2.0843754270105634,17.9602526417717,1.4399682256846817
0.9927257305951969,2.695742411830843,0.3656845135314641,1.2291269243645044,18.382881617429057,-0.50252084039484,-2.138898378199436,1.1950394018691393,0.26472115385126943,3.959182356527706,-0.16335911534340622,-0.3226824934229041,4.443779577533251,0.09876725740804344,1.4771678698267383,2.0843754270105634,2.5148966910443944,1.4399682256846817
0.9927257305951969,1.0401014129028827,0.3656845135314641,1.3798564816716674,20.637200153049513,-0.50252084039484,-2.2662548372485634,1.1950394018691393,0.26472115385126943,3.959182356527706,-0.16335911534340622,-0.3226824934229041,4.443779577533251,0.09876725740804344,1.4771678698267383,1.471188455897622,1.7750578574734324,1.4399682256846817
22.25504636094996,4.829130655678425,0.856712371338816,1.3798564816716674,3.7600518770172826,0.09755052516437435,4.209737669379353,1.1950394018691393,0.26472115385126943,0.7213542021549822,-0.16335911534340622,-3.0877786443768462,2.6257839062855926,0.6411073325452968,1.7469909813998183,1.608873145957544,47.32554649068462,1.4399682256846817
6.057144418240494,4.829130655678425,1.5700792918477673,0.49389091248103134,0.4006986319684863,0.9327197287152091,3.5762512395042547,1.1950394018691393,0.3762202263501541,0.30523122861300034,-0.16335911534340622,-0.5466706826467381,2.6257839062855926,0.5739542286239703,0.46565480030164674,0.496246101734098,2.0511483823722725,1.4399682256846817
6.9553080086728905,4.829130655678425,1.5700792918477673,0.49389091248103134,0.4006986319684863,-0.47155175124949444,-2.0761305494542603,1.1950394018691393,0.3762202263501541,0.30523122861300034,-0.16335911534340622,-0.6277319334948319,2.349270602301531,0.5739542286239703,0.46565480030164674,-0.7600400465101649,-3.607321789304338,0.7838237841631089
6.9553080086728905,4.829130655678425,1.5700792918477673,1.2103999328866968,0.9820095591677331,1.04053820651746,7.171867477022059,1.1950394018691393,1.0047244300955043,0.8151429687624548,-0.8232245546052869,-5.169536145008349,2.349270602301531,0.5739542286239703,0.46565480030164674,0.03134014145958597,0.1487473925698371,2.8412260954811632
0.287403656377974,4.62009601514522,1.5700792918477673,1.2103999328866968,0.9820095591677331,-1.0863477134098363,-0.3093990680582412,1.1950394018691393,1.0047244300955043,0.8151429687624548,-0.8232245546052869,-0.21361291088774997,0.3387065867606399,1.9282276448811144,1.564390354028539,0.03134014145958597,0.011265897772486738,2.8412260954811632
0.287403656377974,3.6160078368228414,0.7373443265117711,1.2103999328866968,4.452646328978739,-1.5469929148435972,-0.9381876548948634,1.1950394018691393,1.0047244300955043,3.6960366765971853,0.7384690064116047,0.40803056595796916,0.3387065867606399,1.9282276448811144,7.093288351346023,-0.2335883734989781,-0.17879991954160754,3.4753851215171285
0.287403656377974,3.2495228252109496,0.7373443265117711,0.6788102060185346,2.4971099962748102,-0.12017108474966176,-0.05457718189382472,1.151848242069826,1.0047244300955043,3.6960366765971853,0.7384690064116047,0.40803056595796916,1.4304023092836946,3.2335335498025057,11.89506120990959,-0.2335883734989781,-0.23154043890711667,1.2547940365961825
0.287403656377974,6.519109711370051,0.3368495629990128,1.4458504012457931,25.484808760883176,-0.48169412883097046,-0.6988827662999796,1.151848242069826,1.046416202475532,18.444312621416945,0.7384690064116047,0.9114981656068187,1.4304023092836946,3.2335335498025057,56.99482053441547,-0.2335883734989781,-0.5068287085374908,1.2547940365961825
0.287403656377974,0.4525462374539653,0.5706389236302868,1.4458504012457931,8.880359998195518,0.6727606461879503,0.5761932336162643,0.44232756249620375,1.046416202475532,6.427049837189657,0.7384690064116047,0.5380596136095098,1.4304023092836946,3.2335335498025057,19.86024416063209,-0.2335883734989781,-0.2991822357649396,1.2547940365961825
0.287403656377974,0.4525462374539653,0.7068135669777,0.4386885713647038,1.7562104703283858,-0.5062095002012539,-0.19280170112227665,0.44232756249620375,1.046416202475532,4.189138288676781,1.2210070817691945,0.7182453457054029,1.4304023092836946,0.6169570425823289,2.4698761003854566,-0.2335883734989781,-0.10550695652582928,0.2833415941956728
0.287403656377974,0.4525462374539653,0.7068135669777,0.4949467786885756,1.981430043377054,-1.0747809418658059,-0.43481209650269853,0.44232756249620375,0.7482054168319592,2.995305263843543,1.2210070817691945,0.6073387855053528,1.0866353381288794,1.0142842724945704,4.060503909876178,1.0720768787956068,0.6208807360373877,0.2833415941956728
0.287403656377974,3.7323096307888024,0.7068135669777,0.4949467786885756,1.981430043377054,-1.0570922560839362,-0.4276559828709846,0.44232756249620375,0.7482054168319592,2.995305263843543,-0.10795233343803567,-0.05369636266787754,1.0866353381288794,1.0142842724945704,4.060503909876178,-0.30015851862623544,-0.17383328160375272,0.2833415941956728
0.287403656377974,3.7323096307888024,0.6699023155901443,0.5167466163303879,2.3029509028765593,-1.0570922560839362,-0.46104946237201067,0.44232756249620375,0.7482054168319592,3.3344782254531915,-0.10795233343803567,-0.0566550028978122,0.7009864592327708,1.0142842724945704,4.520294487272298,-0.30015851862623544,-0.18341140039432202,1.1234962629057357
0.287403656377974,1.2602869507797296,0.9889235969161915,1.8759647186921287,3.8364468191204018,-1.0570922560839362,-0.595072350318379,1.2130028309680054,0.7482054168319592,1.530119550145284,-0.10795233343803567,-0.03837841239643023,0.7009864592327708,1.0142842724945704,2.0742648473733114,-0.6908539569723485,-0.28596352515358753,1.1234962629057357
8.844113826504348,0.3303065112029562,0.9889235969161915,1.8759647186921287,3.8364468191204018,-1.0570922560839362,-18.311832450384063,1.4576990292734442,0.3407572892532743,0.696866633696196,1.2564208375645909,9.276075810695152,0.7009864592327708,1.0142842724945704,2.0742648473733114,0.7937586152054391,10.110552279575403,6.505834404999626
9.825149254552061,1.5667229526993651,1.019961164821368,1.8759647186921287,3.6065120659431678,-0.8549550868037912,-15.95240444459587,1.4576990292734442,0.3407572892532743,0.6551004200690975,-1.084654049513159,-8.6255011511422,1.2826060377002064,1.0142842724945704,1.9499452364958834,1.2329680879539264,16.916176193228768,0.3999563498602513
9.825149254552061,1.5667229526993651,0.9988417344469598,1.8759647186921287,3.76063602251841,-0.8549550868037912,-16.289700818338787,0.6466362139161963,0.20640039574196456,0.4137587213422812,-0.5234171682552436,-3.307963436521252,1.2826060377002064,1.0142842724945704,2.033275964206952,1.0601365121444908,14.852484649405453,0.3999563498602513
9.825149254552061,5.101585446134862,0.843438620635729,1.8759647186921287,5.274091929807762,-0.8549550868037912,-19.291069463653063,0.9236779297792781,0.20640039574196456,0.5802745918647916,0.24595443636951864,1.840816906676537,3.642380794098404,1.0142842724945704,2.8515613554950145,1.0601365121444908,17.58904698586972,0.3999563498602513
9.825149254552061,11.060025651595486,0.843438620635729,1.8759647186921287,5.274091929807762,-0.6971379241826882,-15.730108316486952,0.7251383674424171,0.20640039574196456,0.5802745918647916,0.24595443636951864,1.840816906676537,0.3329119715635669,1.4114662553768993,3.9681997814272223,1.0579500317517185,20.706232055518143,0.3999563498602513
9.825149254552061,1.322805553918546,0.843438620635729,1.8759647186921287,5.274091929807762,-1.483917639822681,-33.48287963895007,0.7251383674424171,0.6234832575749221,1.7528623989467504,0.6673035721749634,8.68033564893303,0.3329119715635669,1.4114662553768993,3.9681997814272223,1.0579500317517185,20.706232055518143,0.3999563498602513
2.571775453805567,1.2711389697065092,0.843438620635729,1.8676183267226354,5.25062686242632,-1.483917639822681,-8.744770624535457,5.514658612899087,0.6234832575749221,1.7528623989467504,0.6673035721749634,2.272115524593845,2.7974968491353964,1.4114662553768993,3.9681997814272223,0.15104556848489892,0.7738161676845098,1.3194353122985092
2.571775453805567,1.2711389697065092,0.843438620635729,1.8676183267226354,5.25062686242632,-0.7572525640770184,-4.462511799836919,3.709075994104106,1.499499257081066,4.215695983897592,0.6673035721749634,3.5236368132161915,2.7974968491353964,1.4114662553768993,3.9681997814272223,0.15104556848489892,0.7738161676845098,1.3194353122985092
3.221395744626902,1.2711389697065092,0.843438620635729,1.8676183267226354,5.25062686242632,-0.7572525640770184,-5.589724600983307,3.709075994104106,1.499499257081066,4.215695983897592,1.5314430026215597,10.129302954556731,2.7974968491353964,1.4114662553768993,3.9681997814272223,0.24470970883135734,1.5703340414724185,1.3194353122985092
3.221395744626902,1.2711389697065092,0.843438620635729,0.30293648675488405,0.8516764010104267,1.001244172786897,2.97660624769915,2.952502602217552,1.499499257081066,4.215695983897592,1.5314430026215597,10.129302954556731,2.7974968491353964,1.4114662553768993,3.9681997814272223,0.8450525747357911,5.422812324361209,1.3194353122985092
3.221395744626902,0.6855208647526242,0.644399062409525,0.30293648675488405,1.4590553937795576,1.001244172786897,3.896009187765625,4.583189462067814,1.499499257081066,7.222149112671373,1.5314430026215597,13.258003945640844,2.7974968491353964,1.4114662553768993,6.79814925929287,0.4806805422849248,4.037346008933315,1.3194353122985092
3.221395744626902,0.6855208647526242,0.8091848065102402,0.30293648675488405,0.9253076242990987,-0.3132227293120404,-0.9706002984409157,4.583189462067814,2.048324097174138,6.256525664682882,1.5314430026215597,12.339896971568924,2.7974968491353964,1.4114662553768993,4.311268350444377,0.4806805422849248,3.21516415267313,1.0299014515211378
3.5916562028822585,0.6855208647526242,0.8091848065102402,0.07959754245915142,0.24312757337982363,-0.3132227293120404,-0.5547089027807772,3.8393083612245595,2.048324097174138,6.256525664682882,1.5314430026215597,13.758218801520359,4.24104513292225,0.4939724420341642,1.5088194614790407,0.4806805422849248,2.120654604902265,1.0299014515211378
1.2819426528934825,0.6855208647526242,0.6350255068377166,2.200459897779151,10.913426157556762,-0.3132227293120404,-1.3264852474378486,0.4714185284188181,1.57429022890763,7.807867883021475,-0.033337267465510134,-0.11941663387132241,4.24104513292225,0.4939724420341642,2.449911391454451,0.4806805422849248,0.9644957729905325,1.0299014515211378
1.2819426528934825,0.6855208647526242,0.7648890369852159,2.200459897779151,7.52222953140539,-0.3132227293120404,-1.1012734211580222,3.2953712230685936,1.57429022890763,5.381680649051512,-0.033337267465510134,-0.099141973256516,4.24104513292225,0.4939724420341642,1.688635223445804,0.31096790109312283,0.5180266253326308,0.47610901217053314
2.351710741671171,0.6855208647526242,0.7648890369852159,0.10730188442366966,0.3668094131603145,-0.6473271270488465,-0.9219936839569712,9.181301482905608,0.4975669177831161,1.7009228691584004,-0.033337267465510134,-0.1022483273954749,0.292575823226442,0.4939724420341642,1.688635223445804,-1.1058453300842572,-3.3794514617097438,0.47610901217053314
14.749842205600833,0.6855208647526242,0.7648890369852159,0.09227699312604788,0.3154471133341762,0.08123754997660604,0.6729882320206306,1.7316841607214566,0.4975669177831161,1.7009228691584004,-0.033337267465510134,-0.6412977021987617,0.9661534631980686,0.4939724420341642,1.688635223445804,-1.477436756661895,-28.318105522364608,0.47610901217053314
24.259148056742706,0.6855208647526242,0.7648890369852159,0.03338905024540575,0.11413982142326558,0.27403323064638097,2.245935967360899,0.3444973719458922,1.8566576505852375,6.3469482097981595,-0.033337267465510134,-2.0374549822511265,0.9661534631980686,0.03850481853408902,0.13162797621118016,-1.0281317195515713,-9.048954513224402,2.190073844247998
0.29425364172915136,0.6855208647526242,0.7648890369852159,0.03338905024540575,0.11413982142326558,0.27403323064638097,0.027242293749995986,0.35776187690918865,0.4511706891484346,1.5423182603973526,0.24373645830364127,0.08906956737049042,0.9661534631980686,0.03850481853408902,0.13162797621118016,0.9537987204804379,0.10182459325852525,2.190073844247998
0.29425364172915136,7.870043463024599,0.46826166789754564,0.03338905024540575,0.30454876727380675,1.7764182599251868,0.2884665749647498,0.35776187690918865,0.4511706891484346,4.115225686275279,0.24373645830364127,0.14549201927331476,0.9661534631980686,0.03850481853408902,0.351210799123344,0.9537987204804379,0.16632690740760273,2.190073844247998
0.29425364172915136,5.130395044124666,0.46826166789754564,0.03338905024540575,0.30454876727380675,1.1536316618479885,0.18733435800091178,0.35776187690918865,0.4511706891484346,4.115225686275279,0.24373645830364127,0.14549201927331476,0.9661534631980686,0.23512578681917887,2.144633285575944,0.4082924878386034,0.1759420941832999,3.0714431237940416
11.632373153464107,4.4381855346111365,0.46826166789754564,1.9358234556945602,17.657065497771082,0.17768152864048425,8.685000970749945,0.35776187690918865,1.7369162132153495,15.8427894086448,1.1047889847405,51.152102074918744,5.035185007891912,0.23512578681917887,2.144633285575944,0.4082924878386034,6.955305908587212,0.5007410611817373
11.632373153464107,2.7981144510552105,0.6761399897900197,1.9358234556945602,8.468812116106438,0.17768152864048425,6.01480921357449,0.35776187690918865,1.7369162132153495,7.598635623444367,-0.7530000204158198,-24.14521756577613,5.035185007891912,0.23512578681917887,1.0286248502495179,0.34063520755170007,4.018707204436601,0.09293837676022797
0.9741632656429267,2.7981144510552105,0.27159349372226954,0.21028433558956405,5.701619021641946,-1.3139101756893947,-3.0563038064063015,0.5250814783233698,1.7369162132153495,47.09449466362634,-0.7530000204158198,-5.03398372876791,5.197941684079107,0.09324812059201168,2.528316037469798,0.34063520755170007,0.5276390899457355,0.6282740961406522
0.9741632656429267,1.7785264491324289,0.27159349372226954,0.21028433558956405,5.701619021641946,-1.3139101756893947,-3.0563038064063015,0.5556549830950934,1.7607497274081516,47.740713115862775,-0.7530000204158198,-5.068403566176911,5.033685910882664,0.035791972686080274,0.9704583639903416,0.34063520755170007,0.3268960979450999,0.6282740961406522
0.9741632656429267,1.7785264491324289,0.29887378985807667,0.21028433558956405,4.708268883893636,0.20958048791198025,0.4430096887236952,3.3949684654055,1.7607497274081516,39.423208251044926,-0.7530000204158198,-4.605775008862651,7.822418819137887,0.035791972686080274,0.8013827126903021,0.34063520755170007,0.29705801022982425,0.6282740961406522
0.9087042256739192,2.929444314482273,0.4880750128588982,0.21028433558956405,1.7654839326780327,-0.31738362994574454,-0.38321187208654256,3.3949684654055,1.7607497274081516,14.782724278967116,-0.7530000204158198,-2.630842044980506,7.822418819137887,1.561248244949413,13.107769932801205,0.34063520755170007,1.1206667498776672,0.6282740961406522
0.9087042256739192,2.929444314482273,0.4813148012278419,0.6398383089736015,5.52384902739829,-0.31738362994574454,-0.6778412131893751,3.7669562204427427,1.471791029444023,12.706259272861576,-0.7530000204158198,-2.439081948695552,11.937548575463774,1.0361420148635643,8.945216284770382,0.34063520755170007,0.9257793821832149,0.6282740961406522
0.6016037462117952,2.929444314482273,1.026245857727351,0.14465190134610956,0.27469535001118134,0.28919796046431834,0.09118668164918887,3.7669562204427427,1.471791029444023,2.79494530119646,0.48809806900465125,0.49091271176482537,4.653680706505649,1.0361420148635643,1.9676436381794746,0.34063520755170007,0.2874572647508701,0.6282740961406522
0.6016037462117952,2.929444314482273,0.744925245046797,2.0626594674161054,7.434164130930134,0.28919796046431834,0.474375040564304,3.7669562204427427,1.451094172630855,5.229982175529811,0.48809806900465125,0.671533566750272,0.5348587149586943,1.0361420148635643,3.7344263186098052,0.34063520755170007,0.3960153440707766,0.6282740961406522
0.6016037462117952,0.5240122685944706,0.9146149509606855,1.6756318146142302,4.006194223682996,0.28919796046431834,0.34823447035012023,3.7669562204427427,0.48198114315696533,1.1523474636843791,0.23300586647239896,0.15047664948767212,0.3443948647671734,1.2086561108093101,2.889722603326305,0.34063520755170007,0.34835988895599884,0.6282740961406522
0.6016037462117952,0.8520473615121698,0.38643319603311554,1.6756318146142302,22.441906030521352,0.1626780647091405,0.46362772500014765,1.5151629201849204,0.48198114315696533,6.455222101224012,0.23300586647239896,0.3561500274942772,0.25138705168973496,1.2086561108093101,16.18765329318043,0.34063520755170007,0.8245025686842312,0.6282740961406522
0.6016037462117952,0.8520473615121698,0.38643319603311554,2.070520212621241,27.730686204856195,0.8845835531848051,2.802397265832372,1.5151629201849204,0.48198114315696533,6.455222101224012,-0.16561341027182364,-0.2531404960514929,1.226933542682455,1.2513316442142701,16.759211019718926,0.34063520755170007,0.8389321743869846,0.5395105146374306
0.6016037462117952,0.8520473615121698,0.38643319603311554,0.4728623449406196,6.333093116265804,0.8845835531848051,1.3392366600972672,1.5151629201849204,0.48198114315696533,6.455222101224012,-0.16561341027182364,-0.2531404960514929,0.2898088482897365,1.2513316442142701,16.759211019718926,0.34063520755170007,0.8389321743869846,0.5395105146374306
2.0089432370121556,3.4484366650453993,0.38643319603311554,0.13018333101366028,1.7435584929028292,0.8845835531848051,2.346522847007392,3.1134313496170147,0.48198114315696533,6.455222101224012,-0.16561341027182364,-0.8453153604158495,0.25762558446278766,1.2513316442142701,16.759211019718926,0.34063520755170007,2.8014571529168966,0.8227022151999698
2.0089432370121556,3.4484366650453993,0.38643319603311554,0.2013851252138911,2.6971713096981316,-0.8835408327609676,-2.9150671052817705,0.8844017505682737,0.24830933233365007,3.3256319521578197,-0.16561341027182364,-0.6067366901602336,0.25762558446278766,1.2513316442142701,16.759211019718926,-0.9698681173173043,-7.97640383145722,0.8227022151999698
2.0089432370121556,7.769225953544077,0.8256468378266503,0.596643875965342,1.7504775252944451,0.6588145074991053,1.7510925062183398,1.2063203422192517,0.021080285389050938,0.06184688603502909,0.032110026265424585,0.016042322607757526,0.25762558446278766,0.24578647281068858,0.7211063651334564,-0.9698681173173043,-1.6545504471150834,0.8227022151999698
2.0089432370121556,0.3804360615269947,1.152212352850349,0.596643875965342,0.8988353183786779,-0.35327305522408936,-0.6728499812648056,0.9319741221402327,0.8577649899769212,1.2922104775022862,0.032110026265424585,0.07332886377880492,0.25762558446278766,0.24578647281068858,0.37027374526307966,-0.4653044571569802,-0.5688088409755613,0.4302959260367661
2.0089432370121556,0.48041901714059243,1.152212352850349,0.596643875965342,0.8988353183786779,-1.5791747362669724,-3.0077235611334348,2.3343151858835944,0.8577649899769212,1.2922104775022862,0.032110026265424585,0.07332886377880492,0.25762558446278766,0.2521998621123662,0.3799354229355992,0.7305790637637479,0.9046691517101787,0.4302959260367661
2.0089432370121556,2.233472380150017,0.25310326448801473,0.31549587644515337,9.849817632685273,-1.5791747362669724,-9.95662036400384,2.3343151858835944,0.8577649899769212,26.779521869419902,0.032110026265424585,0.3338179886274064,0.25762558446278766,1.1456894095204244,35.768555439224066,0.7305790637637479,8.777798129748266,0.4302959260367661
2.0089432370121556,0.7570278947806952,0.27934911068817103,1.3335467486960755,34.1777646057342,-2.1432949873420295,-25.1722155102308,1.8626468857552672,0.8577649899769212,21.983848667574982,0.032110026265424585,0.30245459689590226,0.6304730597845053,1.1456894095204244,29.363127305554887,0.7305790637637479,7.953092659514786,0.4302959260367661
2.0089432370121556,4.261639490264935,0.27934911068817103,1.3335467486960755,34.1777646057342,-2.0657591695895197,-24.26158569690371,0.701279974222442,0.8577649899769212,21.983848667574982,0.032110026265424585,0.30245459689590226,0.6304730597845053,1.1456894095204244,29.363127305554887,0.10380629470457059,1.1300365988770278,0.4302959260367661
2.0089432370121556,4.261639490264935,0.3415837083309286,0.47083652561751166,8.070600386653211,-1.6121030819861226,-9.200541658082331,0.701279974222442,6.120996120489991,104.91988401269438,0.4335796334306456,8.922066186366768,0.6304730597845053,2.2167774116049257,37.99774159780567,0.10380629470457059,1.2854945739919792,0.4302959260367661
2.0089432370121556,4.261639490264935,0.5487352921479305,0.47083652561751166,3.127334645479668,-1.6121030819861226,-5.727269929949603,0.701279974222442,0.8854249896736162,5.881065073590353,0.4335796334306456,2.112343448934969,0.6582980817162606,0.3839428151344532,2.550179525851792,0.10380629470457059,0.33302492002715084,0.4302959260367661
2.0089432370121556,1.3920688668472787,0.5487352921479305,1.2278226478381005,8.15529827481562,-1.1977583668798812,-6.871583117320643,0.701279974222442,0.10717785788067533,0.711884082779974,-0.30272647179577855,-0.5131244470446032,0.47243345050201124,0.3839428151344532,2.550179525851792,0.10380629470457059,0.33302492002715084,0.4054274119726577
2.0089432370121556,1.3920688668472787,0.5487352921479305,1.2278226478381005,8.15529827481562,-1.1977583668798812,-6.871583117320643,0.31697606270708373,0.10717785788067533,0.711884082779974,-0.30272647179577855,-0.5131244470446032,0.47243345050201124,0.3839428151344532,2.550179525851792,-1.5359054074084695,-4.9273965218310884,0.4054274119726577
1.2676203391975938,2.544962463737482,0.364524197394917,0.5472270757782522,8.236540688222712,-1.1977583668798812,-4.357434185591014,0.21399596562010972,0.10717785788067533,1.6131781967390302,-1.0233175236362246,-1.6475582641120592,0.47243345050201124,0.09281507287616751,1.3969979887009303,-0.8779337172737511,-1.3153726813738946,0.4054274119726577
1.2676203391975938,0.49516686746857497,0.37325603200815355,0.15861978573657648,2.27705586049608,-1.1977583668798812,-2.291106379478848,4.416991498471016,3.784966260110799,54.33483322615438,0.8314755680069272,7.769227890908155,0.47243345050201124,0.09281507287616751,1.3324006501057417,-0.8779337172737511,-1.2846012651780663,2.5650382863820145
1.2676203391975938,0.49516686746857497,0.37325603200815355,0.15861978573657648,2.27705586049608,0.9733888758422908,1.861926015148988,4.416991498471016,3.784966260110799,54.33483322615438,0.8314755680069272,7.769227890908155,0.47243345050201124,0.09281507287616751,1.3324006501057417,-0.8779337172737511,-1.2846012651780663,2.5650382863820145
3.0416827227048704,1.276019759186365,0.1976218598466163,0.15861978573657648,8.123017524839728,0.9733888758422908,8.438378172107884,4.416991498471016,0.6811130738557745,34.880222600452775,0.8314755680069272,14.936643903143073,1.896233879609088,0.3926682580255052,20.108784831462287,-2.121191480458487,-28.932549086231038,2.5650382863820145
2.6011300318137787,1.276019759186365,0.4066926304724961,2.3900786938858185,28.900781762179605,-1.697596274894612,-23.738390631063137,4.416991498471016,0.6811130738557745,8.23600509607884,-1.1390376104960125,-8.50273083610418,1.896233879609088,0.3853531973725316,4.6596828326664745,1.2291323764846944,6.90142702762225,2.5650382863820145
1.2186142780834608,1.276019759186365,0.6935359681945445,0.05628262775332534,0.23402722484957791,-1.697596274894612,-1.0007690532244236,4.416991498471016,0.16246015639184916,0.6755210455994841,-1.5622863630883668,-1.5647549933609963,1.896233879609088,0.3853531973725316,1.602326383253791,1.2291323764846944,1.896009079235631,0.5855581773852503
1.2186142780834608,1.276019759186365,0.6935359681945445,0.36266860899436,1.5080022289469617,-1.8551020681069832,-2.7760997282830164,2.630666301300539,0.16246015639184916,0.6755210455994841,-0.1525936504375489,-0.1528347696803339,2.9050109074759853,0.3853531973725316,1.602326383253791,1.2291323764846944,1.896009079235631,0.5855581773852503
1.6957387641290824,1.2207782016845716,0.6935359681945445,0.5936341005354661,2.468373398151835,-1.8551020681069832,-4.942335080749999,1.0940953934412054,2.029868169230003,8.440338225454017,-0.1525936504375489,-0.7517532872615388,0.6002543477662419,0.17744705095804633,0.7378376339402465,1.481204517343999,2.1575177506590992,1.5716382609222879
1.6957387641290824,1.449400110633095,0.6935359681945445,1.0039839164873883,4.17463752401418,-0.564450547414044,-1.955663962291469,1.0940953934412054,2.029868169230003,8.440338225454017,-0.1525936504375489,-0.7517532872615388,4.722951897665545,0.010159704784725223,0.04224478513122984,1.7097819012095905,0.5959176058615375,1.2881933861618582
1.1161159405654575,1.449400110633095,0.6935359681945445,1.0039839164873883,4.17463752401418,-0.564450547414044,-1.287195745521542,1.030497349705053,0.8938432207644267,3.7166645687353896,-0.1525936504375489,-0.32833898946051004,2.7573492424373356,0.010159704784725223,0.04224478513122984,1.7097819012095905,0.39222618084529204,1.2881933861618582
1.1161159405654575,1.449400110633095,0.6935359681945445,0.43655216372134453,1.8152153773905597,-0.5413705166826109,-0.8140816996277306,0.4200661171760538,0.8938432207644267,3.7166645687353896,-0.1525936504375489,-0.32833898946051004,2.7573492424373356,0.010159704784725223,0.04224478513122984,1.7097819012095905,0.39222618084529204,1.2881933861618582
1.7402528110706086,1.449400110633095,0.2117256430903462,1.0975439594191516,48.96716921129715,-0.019931518682190452,-0.24271981593373587,0.3992816662937935,0.8938432207644267,39.87901519926926,-0.1525936504375489,-1.6769534952651806,1.036229485331931,0.027865896616079296,1.243243209635269,1.7097819012095905,3.3176541240173107,1.6030406764475817
1.7402528110706086,0.8517154152331209,0.12895782606689696,1.0975439594191516,131.99470596293244,0.607013205920743,12.136368089894399,2.1101081967445405,0.8938432207644267,107.49689986376528,-0.2544687509993061,-4.591396216144659,2.417250558354284,0.027865896616079296,3.3512560464361103,2.0757198037724187,6.612792236106793,1.6030406764475817
0.766853749506257,0.8517154152331209,0.5419020127615811,0.3281376221870727,2.234830007973043,0.607013205920743,0.6958777201880276,2.1540373066064964,0.10773823857016739,0.7337672741027574,0.15694177660110809,0.10309326145098734,2.417250558354284,0.027697905759763112,0.18864070062237018,0.7876654580348197,0.26234454985825123,1.6030406764475817
0.724532214790339,1.380859667730038,1.9678708186742302,0.3281376221870727,0.16947000841628132,0.8893567181901805,0.2652651004056742,1.0347430609453074,0.813081831195735,0.4199243715410062,0.15694177660110809,0.07368546105119418,2.417250558354284,0.7228745603983916,0.37333591015293616,0.7549947244882445,0.33423467226951153,0.35454830459530023
3.4897212197033007,1.380859667730038,0.08793679111164715,0.11507557665833817,29.762672665781814,-2.0404458265335976,-38.84648848746191,0.39777487543468265,0.813081831195735,210.29213231076753,1.158758917736563,58.64018557849087,2.417250558354284,0.7228745603983916,186.9612957355477,0.7549947244882445,36.02554054422216,0.31549880346652054
3.4897212197033007,1.380859667730038,0.08793679111164715,0.19995855517278724,51.71645623814581,-2.4505573215466927,-61.49927258307823,0.39777487543468265,0.813081831195735,210.29213231076753,1.158758917736563,58.64018557849087,2.417250558354284,0.8005300972287804,207.04580359102894,0.7549947244882445,37.9112293521957,1.6283063638532733
5.339146125365968,1.380859667730038,0.2748742328552318,0.19995855517278724,5.293000379159316,-0.10904259420637841,-1.339426678142448,0.39777487543468265,0.2971182877358077,7.864865838232569,1.158758917736563,17.350442520628885,2.417250558354284,0.5705643580588101,15.103116547978894,0.7549947244882445,15.665671340942508,0.39533802422384945
0.7023969739818924,1.380859667730038,0.653079799862429,0.19995855517278724,0.9376429308997339,-0.10904259420637841,-0.0741647520155426,0.39777487543468265,1.6951343645408001,7.948800952594614,0.3213996811676416,0.6364713870215639,1.1566638690740052,0.5705643580588101,2.675482609358218,0.7549947244882445,0.867416372331231,0.39533802422384945
0.7023969739818924,1.380859667730038,0.653079799862429,2.453475963741831,11.50480604116716,-0.10904259420637841,-0.259787623879643,0.39777487543468265,1.2914099355368451,6.055661864047091,0.3213996811676416,0.5555317462234204,2.263904363132034,0.5705643580588101,2.675482609358218,0.7549947244882445,0.867416372331231,1.737738132875908
0.7023969739818924,1.380859667730038,0.653079799862429,2.453475963741831,11.50480604116716,0.2721195965804656,0.6483090751943151,3.0333952396892845,1.112561147204251,5.217006564026891,0.3213996811676416,0.5156306979659355,2.263904363132034,0.15304585216014968,0.7176605234894178,0.7549947244882445,0.449247922770952,1.0234230995111373
0.7023969739818924,0.5223536642730879,0.653079799862429,2.453475963741831,11.50480604116716,0.2721195965804656,0.6483090751943151,4.672376190905507,0.4558612705821343,2.137618455299179,-1.5641427393981013,-1.6062905713399733,2.319929474274008,0.15304585216014968,0.7176605234894178,0.7356661520963268,0.4377467549938093,1.0234230995111373
0.7023969739818924,0.5223536642730879,0.653079799862429,2.453475963741831,11.50480604116716,0.13850767479836137,0.32998646067479404,2.231142845903226,0.18125535478028507,0.8499401385982149,-1.5641427393981013,-1.012868779344703,0.895249771809372,0.15304585216014968,0.7176605234894178,0.7356661520963268,0.4377467549938093,0.5780905515232072
0.7023969739818924,0.5223536642730879,1.2963361543516416,2.453475963741831,2.9199575398503153,0.13850767479836137,0.16624352485377616,2.231142845903226,0.18125535478028507,0.21571759725811965,-1.5641427393981013,-0.5102720752490164,0.36477860354925645,1.223163176581813,1.4557242837138917,2.636075373314547,2.2339837985417175,0.9880019968036934
0.7023969739818924,5.496659183484996,0.6264638363489338,2.453475963741831,12.503160090190752,-0.32352136397455056,-0.8035177830124033,2.231142845903226,0.18125535478028507,0.9236955044653927,-1.7466936942344673,-1.1791357294217248,0.36477860354925645,1.223163176581813,6.233362478067435,2.636075373314547,4.62276319597865,1.0192905932138652
0.7023969739818924,5.496659183484996,0.6264638363489338,2.453475963741831,12.503160090190752,-0.663596443635628,-1.6481494039662852,0.18770665152422764,0.05169683686661146,0.26345227630187357,-1.0713759339396072,-0.38625622908099266,9.25552813695359,1.223163176581813,6.233362478067435,2.636075373314547,4.62276319597865,1.0192905932138652
0.7023969739818924,2.8250856364116643,0.6264638363489338,2.982537388271127,15.199310281263188,-0.7001713552253973,-1.9173390240733261,0.18770665152422764,0.3079702387095135,1.5694472880536,-1.0713759339396072,-0.9427529185641278,0.35445908074272137,1.223163176581813,6.233362478067435,2.636075373314547,4.62276319597865,0.5904996753646393
0.9054706920991968,2.8250856364116643,0.5247822370205019,1.7491965902170559,12.70311894975461,-0.7001713552253973,-2.259612244912366,8.040304987801862,0.5488672202552733,3.9860159947251623,0.012250657519232266,0.02214640894841764,0.3474117950713898,0.1666451593714725,1.2102203341443423,0.48441671806321507,0.48253158220054987,3.9482210141460943
0.9054706920991968,2.8250856364116643,0.5570293709921549,1.7491965902170559,11.274892954591003,-0.7001713552253973,-2.1288004375279708,8.040304987801862,0.5488672202552733,3.53786371942002,0.012250657519232266,0.02086432535724432,0.3474117950713898,0.5574708496384142,3.593320607947255,0.48441671806321507,0.8314602755113384,3.936252282897518
0.9054706920991968,0.9241881101303571,0.2575424536813842,1.7491965902170559,52.743744591458594,-0.7432108734685677,-4.887333019836001,3.1451264309345173,0.33073772749377484,9.972776258114271,2.0893925055947893,5.9745124193211225,0.3474117950713898,0.5574708496384142,16.80948858176275,0.48441671806321507,1.7983357215584457,4.728655920981343
0.7710122400878971,0.9241881101303571,0.40432289273399424,0.03698211128074677,0.4524442083146679,-0.7432108734685677,-0.3854391671412084,3.1451264309345173,0.33073772749377484,4.046290600872685,2.505109347708229,3.885227868935759,0.3474117950713898,0.5574708496384142,6.82017463276814,-0.027043898420342494,-0.05445381558468889,4.728655920981343
1.8141512900368473,0.9241881101303571,1.0593818486051358,0.21118975061087575,0.3763550761593992,-1.0200859137376854,-1.1352960882307266,0.26224818168279235,0.33073772749377484,0.5893980283591287,2.505109347708229,3.4890285952379756,1.8628483929743833,1.8563674134191308,3.308178059002855,1.4149134842303601,4.668719971852207,4.728655920981343
1.8141512900368473,0.9241881101303571,0.698967496397093,0.3148536564930032,1.2889164779371276,-1.0200859137376854,-2.1009834936023872,0.26224818168279235,0.33073772749377484,1.3539411026394703,0.7344990544702705,1.5504745048696806,1.8628483929743833,1.8563674134191308,7.599411659729649,1.4149134842303601,7.0760904046254005,4.728655920981343
1.8141512900368473,0.9241881101303571,0.969790752414864,0.3148536564930032,0.6695494534873526,-1.2542831088764999,-1.8619173792101469,0.26224818168279235,0.33073772749377484,0.7033275940247082,0.7344990544702705,1.117489809216779,1.8628483929743833,3.019905575672857,6.421955362681658,-0.30254397686746404,-1.390899191055423,4.728655920981343
1.8141512900368473,0.9241881101303571,0.3251933540439819,0.2412425665197417,4.5624762117940225,-0.4708620275922569,-1.8245991866342504,2.7909684430606547,1.5736453049628623,29.761411401278835,0.7344990544702705,7.269281794466443,1.8628483929743833,0.8165258252968386,15.442464022730611,-0.30254397686746404,-2.1568518355011235,4.728655920981343
1.8141512900368473,0.38214004475025903,0.3251933540439819,1.5749102346390615,29.78533425884294,-1.209016036508928,-11.970348721246927,2.7909684430606547,1.1998367149330649,22.691793363387298,0.7344990544702705,6.347448020038497,1.8628483929743833,0.757200507168998,14.320479803195145,-0.30254397686746404,-2.0770205708173175,4.728655920981343
1.8141512900368473,0.38214004475025903,0.4778292476427688,1.5749102346390615,13.795592029172214,-0.021953385259005254,-0.14792622423671647,3.278346171476799,1.1998367149330649,10.510096040256073,-1.4503426308671181,-8.529969080009778,0.24197943867211974,0.757200507168998,6.632777571338732,0.656606909819725,3.0677973465435584,4.728655920981343
1.8141512900368473,0.3424234373691347,0.4778292476427688,1.5905533127628981,13.932619219122744,-0.10196721881882806,-0.6904789765809225,1.3031423213869218,0.28101871413413787,2.46161301608763,-1.4503426308671181,-4.12813607507681,0.24197943867211974,0.757200507168998,6.632777571338732,0.3506150400953414,1.6381428120487915,4.728655920981343
1.8141512900368473,0.38638680597381553,0.4778292476427688,1.5905533127628981,13.932619219122744,-0.10196721881882806,-0.6904789765809225,1.3031423213869218,0.28101871413413787,2.46161301608763,0.2415319305911181,0.6874766380962126,0.24197943867211974,0.757200507168998,6.632777571338732,-1.659008324927737,-7.7512150131108655,4.728655920981343
1.8141512900368473,1.0049550890150893,0.4778292476427688,1.5905533127628981,13.932619219122744,-0.10196721881882806,-0.6904789765809225,1.3031423213869218,0.28101871413413787,2.46161301608763,0.2415319305911181,0.6874766380962126,0.24197943867211974,0.757200507168998,6.632777571338732,0.259744613979197,1.2135782088603655,4.728655920981343
0.7179483427804747,1.0049550890150893,0.4778292476427688,1.5905533127628981,13.932619219122744,-0.1614321863922626,-0.4326131437202025,1.3031423213869218,0.03474772531976784,0.3043763586710806,-0.2950652226895456,-0.11687366984985542,0.24197943867211974,0.757200507168998,6.632777571338732,0.259744613979197,0.4802722180177705,0.12959823538616302
0.7179483427804747,1.1146256925917435,0.4778292476427688,1.5905533127628981,13.932619219122744,-0.1614321863922626,-0.4326131437202025,1.3031423213869218,2.075882180380287,18.183908537313048,-0.2950652226895456,-0.9033474890350754,0.24197943867211974,4.318292576317077,37.82653851324197,-0.6631084322542227,-2.9280335486126807,0.12959823538616302
0.7179483427804747,0.4182338624164776,0.4778292476427688,1.5905533127628981,13.932619219122744,-0.1614321863922626,-0.4326131437202025,0.49289593950654037,0.28511855878309206,2.4975260369798455,-0.2950652226895456,-0.3347851877682801,1.181153009884641,4.318292576317077,37.82653851324197,-0.6631084322542227,-2.9280335486126807,0.12959823538616302
0.5248997318808799,0.4182338624164776,0.4778292476427688,0.2930586661603294,2.5670782435976984,1.5743976337771246,1.3240681299357608,0.6023718669809546,0.28511855878309206,2.4975260369798455,1.1199488674379874,0.9290296143789131,1.181153009884641,1.338351080197482,11.723427207543573,-0.6631084322542227,-1.1917583324178531,0.11711692853615681
2.9861419445949005,0.4182338624164776,0.18192214886522287,0.2930586661603294,17.70978993181917,1.5743976337771246,19.78479620199005,0.6023718669809546,1.4885200273337746,89.95255911990277,-0.5649850598431485,-16.001259677442356,1.181153009884641,1.338351080197482,80.87771911291512,-0.6631084322542227,-17.8077662288078,0.23217197209390772
2.9861419445949005,0.7936360077660755,0.04510348505806906,3.7749060716489344,3711.21354857586,1.5743976337771246,286.406485905217,0.27161689541636475,0.06029927489679934,59.28186866608579,-0.5649850598431485,-12.989976159031858,1.181153009884641,1.338351080197482,1315.769602556075,-0.9455358030756602,-102.41848574466079,0.29333562141609537
2.9861419445949005,8.199707468852504,0.20070628490875767,0.5317362877479497,26.40002575592828,0.9000500947318691,13.809542948389605,0.27161689541636475,0.020619146215778105,1.0237142051509198,0.9894942457288656,2.989600005314186,7.075186569953969,1.338351080197482,66.44741726642522,-0.9455358030756602,-23.01587438357692,3.532761665575298
2.9861419445949005,8.199707468852504,0.20070628490875767,0.5317362877479497,26.40002575592828,0.9000500947318691,13.809542948389605,0.27161689541636475,0.08297100631368327,4.1194042124783925,1.2771150346610938,7.740297795895086,7.075186569953969,3.586770106533168,178.07854264396943,-0.9455358030756602,-37.6785535712295,3.532761665575298
0.7237651928811738,48.1257013552502,0.20070628490875767,1.7830737876423512,88.5273301881402,-0.4436555802785752,-3.0212198205316363,0.43878216176439494,0.08297100631368327,4.1194042124783925,1.2771150346610938,1.8760521874534397,3.45017333346759,0.032876799535691795,1.632290995581204,0.20925117396838888,0.19349261273751095,3.532761665575298
0.7237651928811738,48.1257013552502,0.20070628490875767,1.7830737876423512,88.5273301881402,-0.4436555802785752,-3.0212198205316363,0.43878216176439494,0.11972978133743313,5.9444303198622235,-1.2852392030191906,-2.2679672439109857,3.45017333346759,0.032876799535691795,1.632290995581204,0.20925117396838888,0.19349261273751095,0.5227252153488011
0.7237651928811738,48.1257013552502,0.8467794082337385,1.7830737876423512,4.973461203372274,-0.06287710846247868,-0.10148915161033827,1.3160468886025345,0.17138980799503667,0.47805119823101366,-1.2852392030191906,-0.6431597578093623,3.45017333346759,0.032876799535691795,0.0917020305693641,0.20925117396838888,0.04586221993853093,0.5227252153488011
45.5842004518078,7.085243129471334,0.8467794082337385,1.7830737876423512,4.973461203372274,-0.06287710846247868,-6.391992701767172,1.3160468886025345,0.6524880050236735,1.8199604532024674,0.32094445480836975,19.736729713627863,0.4873183792740997,0.4312815467555008,1.2029575306331097,-1.9115850733646378,-95.57253816911404,0.5227252153488011
17.62450021292344,7.085243129471334,0.302718092983888,1.7830737876423512,38.915494521012455,-0.4947079387755489,-54.39099039398706,1.3160468886025345,0.6524880050236735,14.240517448298789,0.774855403489194,51.5347722883245,2.0456769776086983,1.7092733213331002,37.30480310587855,-1.9115850733646378,-205.77509793684325,0.5227252153488011
14.834270764477168,4.5748014185381205,0.302718092983888,0.7135621241913622,15.573456985808594,-0.4577656740238311,-26.79797262851845,1.3160468886025345,0.6524880050236735,14.240517448298789,1.0607666268057314,59.381195202102084,2.0456769776086983,1.309690482520938,28.583928018007924,-1.9115850733646378,-151.60753521851888,0.5227252153488011
14.834270764477168,2.853249802852087,0.2568072908209472,0.7135621241913622,21.639493271026772,-0.9859378746213092,-68.03608192281098,0.5454724114304171,0.5185619983976344,15.725917189974702,-0.3093159776420249,-18.196025967200008,2.0456769776086983,0.21013424975608866,6.37253370021876,-1.106016781288456,-41.41751027321917,0.5227252153488011
14.834270764477168,2.853249802852087,0.6415890208947622,0.7135621241913622,3.4669528731881707,-0.9859378746213092,-27.232638507907087,1.208241496250847,0.08482613132820795,0.41214098921385495,-0.3093159776420249,-2.945719978928249,2.1696573729863275,0.21013424975608866,1.0209700266430302,-1.106016781288456,-16.57808699871566,0.5227252153488011
14.834270764477168,0.733626877427367,0.8002920242128053,0.7135621241913622,2.2282545804650815,-0.9859378746213092,-21.832232920046064,1.208241496250847,0.08482613132820795,0.2648882406551645,-0.3093159776420249,-2.3615649537051513,2.1696573729863275,0.21013424975608866,0.656190384351213,-1.106016781288456,-13.290546805431946,0.5227252153488011
14.834270764477168,0.733626877427367,0.8002920242128053,0.9412228608006233,2.9391752725022577,-0.9859378746213092,-25.074281351687908,1.208241496250847,0.09021367248066285,0.28171202213600766,-0.3093159776420249,-2.4354052966651296,1.6910242272914087,0.21013424975608866,0.656190384351213,0.6124462939279718,7.359514134840369,0.5227252153488011
14.834270764477168,1.8355679173903445,0.8002920242128053,0.9412228608006233,2.9391752725022577,-0.9859378746213092,-25.074281351687908,1.208241496250847,0.13941143408590223,0.43534284687987346,1.85825765829023,18.188121200032576,1.6910242272914087,0.10660244480346268,0.3328895661205096,0.05362351360363693,0.458956537480103,0.19129814853671406
2.4639285772475525,11.932337172360077,0.8002920242128053,0.9412228608006233,2.9391752725022577,1.1607557119939311,4.903223464968022,1.208241496250847,1.225426489522739,3.8266635738222132,0.121057199371571,0.583483901451254,1.6910242272914087,0.5304351188332328,1.6564002531932571,0.05362351360363693,0.1700458454880534,0.08497687425424374
2.4639285772475525,1.4502423407840048,0.8002920242128053,0.9412228608006233,2.9391752725022577,1.0020143747522456,4.232673889737585,1.208241496250847,1.225426489522739,3.8266635738222132,0.4235783427133147,2.041606325436453,1.6910242272914087,0.5304351188332328,1.6564002531932571,0.05362351360363693,0.1700458454880534,0.08497687425424374
2.4639285772475525,1.4502423407840048,0.17465601564378838,0.9412228608006233,61.7099742947513,1.0020143747522456,19.394551871372954,0.2884257011957354,0.05504578349752528,3.6090006162592356,-0.6169962747664657,-2.888046188649255,1.6910242272914087,0.5304351188332328,34.77724448850368,0.05362351360363693,0.779167745199002,0.08497687425424374
2.4639285772475525,1.4502423407840048,0.09788286635724963,0.9412228608006233,196.47581797555955,-1.2682742913285714,-43.80219321138095,3.1684181208939246,0.07029288408493105,14.67330690066349,-0.6169962747664657,-5.823373651472417,1.6910242272914087,2.3414560322279816,488.76786608697734,0.05362351360363693,2.9210211700716244,0.32610658712407475
2.4639285772475525,1.4502423407840048,0.34498343223578337,0.88616483513857,14.891828657513772,0.1864321679973926,1.7726499384457983,0.49063114991261403,0.07029288408493105,1.1812583213952321,-0.6169962747664657,-1.652277911380462,0.9943970660810706,0.7179036318474173,12.064231680336137,-0.30841872157920414,-2.639481860134925,0.32610658712407475
2.4639285772475525,1.4502423407840048,0.19408677914101174,0.88616483513857,47.049238858122216,0.1864321679973926,3.150832130988568,0.49063114991261403,0.5446768815600787,28.918584539647224,-0.6169962747664657,-8.175214803065334,4.193828617238249,0.7179036318474173,38.115729842316384,-0.30841872157920414,-4.69159988878926,0.3742021976109017
1.3740704293428814,1.4502423407840048,0.5347529188295769,0.88616483513857,6.197808888503388,0.1864321679973926,0.637747747977088,0.49063114991261403,0.2540719658574018,1.7769713103818878,-0.6169962747664657,-1.1301386907720592,2.040620747460507,1.4316978543882608,10.013249607440422,-0.30841872157920414,-1.3410261518423559,0.3742021976109017
1.3740704293428814,1.4502423407840048,0.5347529188295769,0.88616483513857,6.197808888503388,0.1864321679973926,0.637747747977088,0.49063114991261403,0.2540719658574018,1.7769713103818878,-0.6169962747664657,-1.1301386907720592,2.8291940862975338,1.4316978543882608,10.013249607440422,-1.2389123730979976,-5.386877565857576,0.3742021976109017
1.3740704293428814,1.4502423407840048,0.7391731544630615,0.22352284724019286,0.8182001320074201,-0.6855697145782512,-0.8520996565214524,0.49063114991261403,0.3790274282002448,1.38742099797353,-0.6169962747664657,-0.9986094393917301,2.8291940862975338,1.4316978543882608,5.240696366919652,0.2946878638817061,0.926970137314199,0.6608679714991852
1.3740704293428814,1.4502423407840048,0.32951555103548613,0.7631076115345489,14.056071264372296,-0.6836960900337696,-3.522119322351454,0.49063114991261403,0.3790274282002448,6.981500985452026,-0.6169962747664657,-2.2400924237784525,0.35692547139155284,1.4316978543882608,26.371178541729446,0.2946878638817061,2.079390299906678,0.5529489007214454
1.3740704293428814,4.71268918051854,0.32951555103548613,1.1764523445895878,21.669680323900764,1.6621879071351278,10.632009699603282,1.2382649371486691,0.3790274282002448,6.981500985452026,-0.6169962747664657,-2.2400924237784525,0.35692547139155284,1.4316978543882608,26.371178541729446,0.023167360304564344,0.16347461228024027,0.5529489007214454
1.3740704293428814,0.6076805848807962,0.4331784947405231,0.5922328453434768,6.312315678546839,1.6621879071351278,5.738302870012534,1.6114677076256514,0.39187882638888916,4.176841725943909,-0.6169962747664657,-1.7326687585191807,0.35692547139155284,1.4316978543882608,15.259756165593139,0.023167360304564344,0.12435388090561322,1.7775261881283309
1.3740704293428814,0.43356968935817497,0.4331784947405231,0.5922328453434768,6.312315678546839,1.002114485105798,3.459558574141552,0.7468074206593648,0.39187882638888916,4.176841725943909,-0.6169962747664657,-1.7326687585191807,3.671032355866639,1.4316978543882608,15.259756165593139,-0.9121260434412181,-4.895957583680805,5.166010378659793
1.3740704293428814,0.351520764707035,0.4331784947405231,0.5922328453434768,6.312315678546839,1.002114485105798,3.459558574141552,0.7468074206593648,0.3131230757881819,3.3374233059738914,0.5127122366926289,1.2870289721932675,3.671032355866639,1.4316978543882608,15.259756165593139,-1.1593052407760194,-6.222724727784879,5.166010378659793
1.3740704293428814,0.351520764707035,1.135955588712524,1.1618285111851068,1.800732987300998,1.002114485105798,1.847783111498596,0.5416815117377068,0.3131230757881819,0.48531349181798034,-0.09156587405336603,-0.08765038364614397,3.671032355866639,1.4316978543882608,2.219006961376117,-1.1593052407760194,-2.37293654571618,5.166010378659793
1.3740704293428814,0.7490613426210436,1.135955588712524,1.1618285111851068,1.800732987300998,1.002114485105798,1.847783111498596,0.5416815117377068,0.29672110084301007,0.45989185940294514,-0.09156587405336603,-0.08532386107922037,3.671032355866639,1.4316978543882608,2.219006961376117,-0.27550413676809327,-0.5639186399221187,5.166010378659793
1.3740704293428814,0.7490613426210436,1.135955588712524,0.601700165177783,0.9325828428800417,1.002114485105798,1.3297501373149117,0.5416815117377068,0.08405081093364436,0.13027143541453226,-0.09156587405336603,-0.04541164541456069,3.671032355866639,1.4316978543882608,2.219006961376117,1.5800341790541819,3.2341101507042254,1.762065806021103
1.3740704293428814,1.5636795450809666,1.2592327613530876,0.601700165177783,0.7589236697192607,1.9224165691118325,2.3012062424725914,0.5416815117377068,0.037306968461535174,0.047055232904188046,-1.1886618831101554,-0.35430011519820176,0.22069590229290606,2.1745011528318265,2.7426955986097963,1.5800341790541819,3.595541285978936,1.2143994374182625
1.3740704293428814,1.5636795450809666,1.2592327613530876,0.601700165177783,0.7589236697192607,1.9224165691118325,2.3012062424725914,0.5416815117377068,0.037306968461535174,0.047055232904188046,-1.6306008807699253,-0.48602726150135606,1.5133719938410766,3.177707654381099,4.008038710850822,-0.02289575900117624,-0.06298396430342067,1.2143994374182625
1.3740704293428814,1.2386109583481781,1.2592327613530876,3.0748768121360968,3.8783382974666223,1.2373564556334025,3.3483177596597886,1.7794118002350985,0.037306968461535174,0.047055232904188046,-1.6306008807699253,-0.48602726150135606,1.5726077076245322,3.177707654381099,4.008038710850822,-0.02289575900117624,-0.06298396430342067,0.4746445008778826
1.3740704293428814,1.3997198238801072,0.15389175430224836,4.57618725960776,386.4586944791471,-1.0742276101272143,-29.017289675693696,0.6179937585816009,0.037306968461535174,3.150570881108431,-1.6306008807699253,-3.976960645930398,0.5688383166861529,3.177707654381099,268.35718948567956,-0.02289575900117624,-0.5153718056588688,0.7637742452060134
1.3740704293428814,1.3997198238801072,0.16254984577610068,4.57618725960776,346.3862624816635,-1.0742276101272143,-27.471706244741195,1.7806887484227618,2.3543420232193215,178.20768420572867,0.9295725268624397,17.051221130818806,0.9089708948204891,0.0782425205001691,5.922426838258695,-0.02289575900117624,-0.07656210947216123,0.7637742452060134
1.3740704293428814,4.703481274169123,0.19766092140693448,4.57618725960776,234.25677079857758,-1.0742276101272143,-22.591828377120784,0.33922434987187267,2.3543420232193215,120.5196659198821,-1.4407776027231365,-21.733761738639025,0.9089708948204891,1.5100324888954764,77.29913890803347,-0.02289575900117624,-0.27659948463633205,0.7637742452060134
1.3740704293428814,4.703481274169123,0.6710161476236854,4.57618725960776,20.326745078954527,-1.0742276101272143,-6.6548646095970625,0.4791843208297147,2.3543420232193215,10.4576380772388,-0.34841627390616914,-1.5481898973815469,0.9089708948204891,1.5100324888954764,6.707340351572166,-0.02289575900117624,-0.08147778438345701,0.7637742452060134
1.3740704293428814,4.703481274169123,1.0317480067184885,4.57618725960776,8.597783525982202,-1.0742276101272143,-4.3281126633738545,0.6044297716336762,2.3543420232193215,4.423359865631396,-0.7545747399037626,-2.1806571650598388,1.8795044594119226,1.5100324888954764,2.837063196980326,-0.02289575900117624,-0.05299056420548827,0.7637742452060134
0.6459240456766234,4.703481274169123,1.0317480067184885,3.736680464914478,7.020510289575636,-1.0742276101272143,-1.8384935174823582,0.6044297716336762,2.3543420232193215,4.423359865631396,-0.7545747399037626,-1.025084936121338,2.9798705330618005,0.1777293136636279,0.33391950075754545,-0.02289575900117624,-0.008545891773225697,0.7637742452060134
0.6459240456766234,4.703481274169123,1.0317480067184885,3.736680464914478,7.020510289575636,0.8551308386897833,1.463518986766909,0.6044297716336762,2.3543420232193215,4.423359865631396,-0.6936542525722753,-0.9423248454871845,1.131845012320934,0.1777293136636279,0.33391950075754545,-0.02289575900117624,-0.008545891773225697,0.5085037084685705
0.6459240456766234,4.703481274169123,1.0317480067184885,3.5173649114234924,6.608458171551496,-1.4865682352850151,-2.4684047507989106,0.6044297716336762,0.6911613872661841,1.2985604941659554,-0.39204555708098154,-0.2885686062583146,3.945125286766073,0.1777293136636279,0.33391950075754545,-0.02289575900117624,-0.008545891773225697,0.5085037084685705
0.6459240456766234,4.703481274169123,1.0317480067184885,3.5173649114234924,6.608458171551496,-1.1968145519468942,-1.987276907800051,0.6044297716336762,0.6911613872661841,1.2985604941659554,-0.39204555708098154,-0.2885686062583146,3.945125286766073,1.2944837261947184,2.4320881608072495,0.011464411683176176,0.01154842829392576,0.5085037084685705
0.6459240456766234,4.703481274169123,1.0317480067184885,3.5173649114234924,6.608458171551496,-1.1968145519468942,-1.987276907800051,1.5462844034398675,0.5191960817300737,0.9754704659170689,-0.39204555708098154,-0.25010654173221886,0.2188540933694947,1.2944837261947184,2.4320881608072495,-1.2621507533077274,-1.2714003887428855,1.7740182915290736
5.815214062631721,8.49451188966761,1.0317480067184885,3.5173649114234924,6.608458171551496,-1.1968145519468942,-17.891330564225157,1.5462844034398675,0.5191960817300737,0.9754704659170689,0.3389446163714649,1.946711115753343,0.2188540933694947,2.544740588968849,4.781082475984592,1.0211418854305654,12.984191567530006,1.7740182915290736
5.815214062631721,8.49451188966761,0.1592962006773107,3.5173649114234924,277.2276777847091,-0.20156666128458467,-19.51653442240273,0.4244055299009978,0.4129219762302651,32.54521593844563,0.3389446163714649,11.244445012017835,0.2188540933694947,2.544740588968849,200.5684772009678,-1.8863429656836495,-155.35230506529916,1.7740182915290736
5.815214062631721,8.49451188966761,0.5898156629071913,0.4320862757701135,2.4840930810588766,-0.020660416347250077,-0.18936020183234842,0.5138530797403438,4.385491121435422,25.21248362352262,0.6607988146317527,19.294910832336168,1.1274970256544712,1.2838956435663602,7.3812024677258385,-1.2307872507054363,-19.44519282484942,1.7740182915290736
5.815214062631721,2.8387292434545395,0.5898156629071913,0.4320862757701135,2.4840930810588766,-0.020660416347250077,-0.18936020183234842,0.5138530797403438,4.385491121435422,25.21248362352262,0.6607988146317527,19.294910832336168,1.35491848673898,1.2838956435663602,7.3812024677258385,-1.2162580554353095,-19.21564624524716,1.329305979283121
5.815214062631721,0.4454516147952229,0.5898156629071913,0.4320862757701135,2.4840930810588766,0.5612986416645191,5.144505429483437,0.5138530797403438,4.385491121435422,25.21248362352262,0.6607988146317527,19.294910832336168,1.35491848673898,1.2838956435663602,7.3812024677258385,-1.2162580554353095,-19.21564624524716,1.329305979283121
5.815214062631721,0.4454516147952229,0.4204773139129423,0.4320862757701135,4.887821410531459,1.163448016563303,14.95789066307245,0.11655047187847731,0.10905571707272022,1.2336537833765944,0.6607988146317527,4.268070739192432,0.794500941631407,1.2838956435663602,14.52361013856988,-1.2162580554353095,-26.95434153833355,1.329305979283121
5.815214062631721,0.4454516147952229,0.4204773139129423,2.112889502584474,23.901306586081304,1.163448016563303,33.07680180498411,0.046378309109955995,0.10707254675742404,1.2112198786880959,0.6607988146317527,4.229085411069332,0.794500941631407,1.2838956435663602,14.52361013856988,-1.2162580554353095,-26.95434153833355,1.329305979283121
1.6138038655714844,0.4454516147952229,0.5919242593516463,4.689592047137032,26.76903906218279,-0.7497067612009425,-6.259772785383693,0.2705016816117424,0.013226073009755085,0.0754968153900637,0.6607988146317527,0.2930112687509977,0.794500941631407,1.2838956435663602,7.328708401272572,0.49851220032339527,2.177911679578048,1.329305979283121
1.6138038655714844,0.4454516147952229,1.5671240062020755,5.197815618117464,4.232959745688362,-0.5292349448829253,-1.7572005606375036,0.12295496958869563,0.03549885883693227,0.02890930566117901,-0.7634493517848895,-0.20948349576043115,0.794500941631407,1.2838956435663602,1.04556971161847,0.49851220032339527,0.8226271518817531,0.4656130106345332
1.6138038655714844,0.3299346315044727,1.1158695965617718,5.197815618117464,8.348798431653172,-2.1211454734814668,-9.890840395093862,2.3902933524594596,0.1447902077021966,0.23256389756677173,-0.7634493517848895,-0.5941582485527379,0.5892757183852602,1.2838956435663602,2.062209728650466,0.49851220032339527,1.155295172338869,1.3286336532899012
1.6138038655714844,0.3299346315044727,1.0458243145338777,5.197815618117464,9.504590192335689,-2.1097685681425706,-10.496687486423873,1.3067064174025644,0.1447902077021966,0.2647596007976452,-0.7634493517848895,-0.6339526781817957,0.5892757183852602,0.5133747015079909,0.938743601434891,0.49851220032339527,0.7794711359908026,1.3286336532899012
11.883575236538174,0.3299346315044727,1.0458243145338777,5.197815618117464,9.504590192335689,0.16224942379093,5.944248834943552,1.3067064174025644,0.1447902077021966,0.2647596007976452,-0.19066133190676915,-1.1658310059518742,0.5892757183852602,0.4203690130904173,0.7686758231774433,0.49851220032339527,5.193911225421535,1.3286336532899012
11.883575236538174,5.172908767554172,0.4563639198575392,5.197815618117464,49.91467662426012,0.30455834520851477,25.57006047326355,1.3067064174025644,0.1447902077021966,1.3904218477130437,-0.19066133190676915,-2.671671356146139,0.2975179840160861,0.4203690130904173,4.036807938729266,1.1495991353908244,27.44811927204956,1.3286336532899012
1.5245118562380493,0.2857388881016475,1.0802714480640734,5.197815618117464,8.908099719800465,0.2202015674115771,1.0019446882856695,1.3067064174025644,0.23247322949503058,0.39841634691840494,0.9282331033300921,0.8932158753536475,0.2975179840160861,0.4203690130904173,0.7204351525419805,1.1495991353908244,1.4875606530001853,1.3286336532899012
1.5245118562380493,0.2857388881016475,1.0802714480640734,3.037068651476032,5.20497693471993,0.2202015674115771,0.765879802998123,2.5833424364903683,0.23247322949503058,0.39841634691840494,0.9282331033300921,0.8932158753536475,0.2975179840160861,0.4203690130904173,0.7204351525419805,0.17122198210146866,0.22155817246353132,0.9648243639642526
1.0421676330714347,0.5805072096857927,1.1186494141528789,3.4405993608906944,5.498903533012747,0.2202015674115771,0.5381409455437441,2.5833424364903683,0.29956449452674383,0.47877595864339356,-0.998474488498124,-0.7200136356540006,0.2975179840160861,0.4203690130904173,0.6718505727599635,0.17122198210146866,0.1462626531560512,0.9648243639642526
1.0421676330714347,0.5805072096857927,1.198826807170355,3.4405993608906944,4.787967662572504,0.2202015674115771,0.5021501436767937,2.1189320616177993,0.29956449452674383,0.41687652708207723,-0.998474488498124,-0.6718592100952057,0.3512231411251146,0.22629017696903153,0.3149073565499489,0.17122198210146866,0.10013559999978161,0.9648243639642526
0.7250682563828406,0.5805072096857927,0.5970973226880065,3.4405993608906944,19.300735194822494,0.2202015674115771,0.7014330486078864,0.4117626079961312,0.597107348506913,3.3495939537206247,-0.998474488498124,-1.324988005864846,0.3512231411251146,0.031633032337756016,0.17745186710789546,0.17122198210146866,0.05229723150289767,0.8200721550695587
1.0491174000032832,0.5805072096857927,0.3884198044042697,3.4405993608906944,45.61013624489328,0.19339315004755436,1.3702375418828137,4.120722801310779,0.597107348506913,7.915524204241255,0.3839328972463545,1.1332331149115382,0.42670724712548636,0.031633032337756016,0.4193417377112637,1.6880213060284404,1.146795708923865,0.8200721550695587
1.0491174000032832,0.5805072096857927,1.2491591009855785,5.57157452771355,7.141220235798884,0.015935322694598048,0.044675679428205266,4.1595327910564235,1.1297178154309813,1.4479863249014062,1.9865831828756992,2.5079165122612492,10.654254904150543,0.031633032337756016,0.04054481359379167,0.3578749367310643,0.07560021460245442,0.8200721550695587
2.985869632605853,0.5805072096857927,1.2491591009855785,5.57157452771355,7.141220235798884,0.015935322694598048,0.12715045477302603,0.7569011718946878,1.5190044782056398,1.946944344740342,1.9865831828756992,8.276645707490701,0.8799085971028083,0.031633032337756016,0.04054481359379167,0.3578749367310643,0.21516408459076913,0.8200721550695587
2.985869632605853,0.5805072096857927,1.2491591009855785,5.57157452771355,7.141220235798884,1.4366016922263565,11.462871633983408,0.7569011718946878,1.5190044782056398,1.946944344740342,2.0510428776470766,8.545202323007496,0.7669169687638949,0.056800526776439444,0.0728025927325081,-0.07360725113083011,-0.059301388781988866,0.8200721550695587
2.985869632605853,5.4462600287965,1.272932980578714,5.57157452771355,6.876965763127252,1.4366016922263565,11.248785791149801,0.7569011718946878,1.5190044782056398,1.8748994092598137,-1.4892055115943443,-6.088558215495103,0.4666067209443316,0.2144719948688592,0.2647216793971562,-0.07360725113083011,-0.11308010310732072,0.8200721550695587
3.0406657847833625,12.409471079904984,0.9816105059838638,4.256498278315086,8.834949305770643,0.15864707092088914,1.433846882361702,0.6138811143378479,0.37064238900470114,0.7693194037241555,-2.3812016953840693,-6.35065051359755,0.4666067209443316,2.2715685390054583,4.714953836335392,-0.07360725113083011,-0.4859907563614913,0.8200721550695587
1.3896686432765335,12.409471079904984,0.9816105059838638,4.256498278315086,8.834949305770643,0.018710235598325797,0.07728452556707964,0.6138811143378479,0.37064238900470114,0.7693194037241555,-2.3812016953840693,-2.902423517678153,0.4666067209443316,0.04344647942946574,0.0901791609382445,-0.07360725113083011,-0.030717435319693214,1.4072107202734785
1.3896686432765335,14.11105995911646,0.9816105059838638,4.256498278315086,8.834949305770643,-0.6198645993746466,-2.5604135889547055,0.6138811143378479,0.48762002339464766,1.0121226194588633,-2.3812016953840693,-3.329078274973492,0.4666067209443316,0.04344647942946574,0.0901791609382445,-0.07360725113083011,-0.030717435319693214,1.4072107202734785
0.6224685476761762,14.11105995911646,0.9816105059838638,4.256498278315086,8.834949305770643,-0.6198645993746466,-1.1468755058106554,2.404388022040753,0.48762002339464766,1.0121226194588633,-2.3812016953840693,-1.4911803104639083,1.3272842844796338,0.04344647942946574,0.0901791609382445,-0.07360725113083011,-0.013759134196698898,2.2035392636139477
2.0070273952911277,14.11105995911646,0.9816105059838638,2.333553790706647,4.843612776308514,-0.6198645993746466,-2.7380088209196383,2.404388022040753,0.48762002339464766,1.0121226194588633,-2.3477934883825373,-4.740561222418636,3.7130503039463396,1.2008274101074756,2.49248292835655,-0.07360725113083011,-0.23323299864428046,2.2035392636139477
2.0070273952911277,14.11105995911646,1.7805796173287087,2.333553790706647,1.4720583216270298,-0.6198645993746466,-1.5094288387527046,2.614412400213153,0.48762002339464766,0.3076017000716715,-2.4017675279653026,-2.67349043751301,0.243852639697297,1.912537980644554,1.2064720603603574,-0.07360725113083011,-0.16226786954377828,2.2035392636139477
3.552755165645009,14.11105995911646,0.21385755426804515,0.2413855554258612,10.555822585118246,0.44432949150871504,5.128808225308651,2.614412400213153,0.21287283799768258,9.308957643011537,-2.4017675279653026,-26.03435218289295,0.243852639697297,1.912537980644554,83.63554138675404,-0.07360725113083011,-2.391560187662249,2.2035392636139477
0.3150802389390991,4.660305199483712,1.8521016860141473,0.2413855554258612,0.14073807928825915,-0.08625922447081835,-0.010196063351783744,2.614412400213153,0.8521683202109918,0.496850494658671,-2.4017675279653026,-0.5334147224975245,8.681384817468455,0.28457093391369603,0.1659169977657615,0.0672233389980984,0.008627534142464819,2.2035392636139477
0.3150802389390991,4.660305199483712,1.8521016860141473,0.2413855554258612,0.14073807928825915,-0.08625922447081835,-0.010196063351783744,2.614412400213153,0.8521683202109918,0.496850494658671,-0.7325214188922742,-0.16268756440092907,0.09625947665699348,0.28457093391369603,0.1659169977657615,0.0672233389980984,0.008627534142464819,0.7356685240343213
7.066936177835966,4.660305199483712,1.8521016860141473,0.05575488183752779,0.032507475299894534,-0.08625922447081835,-0.10990775552006614,0.2683494239251427,0.8521683202109918,0.496850494658671,-0.7325214188922742,-3.6489201557675814,0.6653847852240317,0.1663145862075622,0.09696850078364788,-0.6831746830295908,-1.5034129045520221,1.2269088396872132
7.066936177835966,4.660305199483712,1.8521016860141473,0.013087980541264898,0.007630851149688923,0.5455370580164162,0.33677660730906905,2.3570703422245973,0.8521683202109918,0.496850494658671,-0.7325214188922742,-3.6489201557675814,0.6653847852240317,0.03778104328375548,0.022027960438152465,0.8033822079085504,0.8426369951778236,4.786781481404202
7.066936177835966,4.660305199483712,1.8521016860141473,0.013087980541264898,0.007630851149688923,0.5455370580164162,0.33677660730906905,2.3570703422245973,0.8521683202109918,0.496850494658671,-0.007060563301269807,-0.03517089204031193,0.8516939595846527,0.03778104328375548,0.022027960438152465,0.15467181468481794,0.16222937461362347,4.786781481404202
0.47476301765860596,4.660305199483712,1.3617073751113444,0.021840142503582682,0.023556886210896476,0.5455370580164162,0.039752100432997234,2.3570703422245973,1.3974903770654508,1.5073400637359997,-0.5912671536172158,-0.34464045609080207,2.470514267931502,0.03778104328375548,0.040750820990219504,1.338733689689609,0.12830372215775743,3.4110706295246684
0.47476301765860596,1.5931142860806238,1.3617073751113444,0.1474429333488776,0.1590326804383506,0.5455370580164162,0.10328668248991855,0.7734993039176653,1.3974903770654508,1.5073400637359997,0.9165951301392918,0.5342690893097088,2.470514267931502,3.8911582174341155,4.197022585436594,1.4117208163356156,1.3730816187488766,3.4110706295246684
0.47476301765860596,1.5931142860806238,0.5291508253654094,0.01893362538601668,0.13523989346821355,-1.097942730816928,-0.19169420286137273,0.8619000482919401,0.4756819888821324,3.397721259906143,0.9165951301392918,0.8021365410712447,0.618448857973521,3.8911582174341155,27.793928107524767,1.4117208163356156,3.5334639525299942,6.536392066816893
0.47476301765860596,68.7081713866839,0.5291508253654094,0.01393685349748202,0.09954874166220641,-1.61122495050378,-0.24135202526338648,0.8619000482919401,0.4756819888821324,3.397721259906143,0.12946545212061422,0.11329862721011047,0.618448857973521,3.071620475740433,21.940099555403425,0.34631323289847193,0.770132170031698,6.536392066816893
0.47476301765860596,190.91766791039635,0.3935438857837163,0.037351538355669865,0.4823387461293136,0.13369934122752847,0.044084124885659805,0.8619000482919401,0.4756819888821324,6.142714977062718,0.12946545212061422,0.15233894939469653,0.618448857973521,1.3842938559874525,17.876065944420347,0.34631323289847193,0.6951554664678486,0.5345376528532847
8.01809664826575,190.91766791039635,0.3935438857837163,0.05134454660905255,0.6630373291768096,0.13369934122752847,0.8729101516214075,1.0143302854406122,0.4756819888821324,6.142714977062718,0.12946545212061422,2.572796056369073,0.5898498231827622,1.3842938559874525,17.876065944420347,0.34631323289847193,11.740223034216017,0.5345376528532847
8.01809664826575,210.06465467715947,0.3935438857837163,0.05134454660905255,0.6630373291768096,0.13369934122752847,0.8729101516214075,1.7824725798727872,1.9050982982180027,24.601469306713938,0.09243200002652728,3.675988635460826,1.0185339188819433,1.3842938559874525,17.876065944420347,0.34631323289847193,11.740223034216017,0.5345376528532847
8.01809664826575,210.06465467715947,0.3935438857837163,0.9766905451978853,12.612484349137727,0.13369934122752847,3.807157768844877,1.7824725798727872,1.9050982982180027,24.601469306713938,0.09243200002652728,3.675988635460826,1.0185339188819433,1.3842938559874525,17.876065944420347,0.34631323289847193,11.740223034216017,0.5345376528532847
8.132465316818237,552.4152244375143,0.2598476293871253,0.9628105603468292,28.518936263751133,0.13369934122752847,5.806549711011051,0.38048801066501226,1.301287039646035,38.544780949579746,0.09243200002652728,4.6668878133323215,1.0185339188819433,1.3842938559874525,41.0034848755577,0.34631323289847193,18.034399700627567,0.5345376528532847
8.132465316818237,47.642351313734665,0.2598476293871253,1.1646324941489412,34.49700412442776,0.13369934122752847,6.386195030255372,1.088404420946275,0.2080220524517252,6.161718514167919,0.09243200002652728,1.8659306450873308,1.0185339188819433,1.3842938559874525,41.0034848755577,0.34631323289847193,18.034399700627567,0.5345376528532847
1.3020820485302242,12.686801229610856,0.2598476293871253,0.30868790444921207,9.143492016962037,-0.1475166820793566,-0.5808119352413164,0.6128568495750716,0.2080220524517252,6.161718514167919,-1.9712436957148083,-6.371322611720547,2.4355075029743,0.8095615818379568,23.97962393110998,0.34631323289847193,2.2081502552310392,0.5345376528532847
1.3020820485302242,52.13916905365935,0.30863457874034594,0.30868790444921207,6.48127493373845,-0.1475166820793566,-0.4890009574046324,0.3200677364208785,0.2080220524517252,4.367673934700661,-1.9712436957148083,-5.364185320624767,0.4381174433959708,3.198437014260202,67.15504348851661,0.00714629854022264,0.07625333170734154,0.5345376528532847
1.3020820485302242,18.50731103044141,1.2151660986704447,0.30868790444921207,0.4180982198896526,-0.1475166820793566,-0.12419915652463825,0.3200677364208785,0.15043041424172893,0.20374847055945425,-1.9712436957148083,-1.1585795206819993,0.4381174433959708,3.198437014260202,4.332080404891224,0.00714629854022264,0.019367241181919934,0.5345376528532847
3.705154614403515,18.50731103044141,0.8664291978327305,0.6152966954875654,1.6392621828707923,-0.5892339717919106,-2.7952349856440035,0.8461010247937358,0.15043041424172893,0.40077395349027606,-0.43069758201436814,-1.0102491961953195,0.4381174433959708,3.198437014260202,8.521217292766814,1.532926561475868,16.579770132797805,0.5345376528532847
1.1595110381866462,18.50731103044141,0.8664291978327305,0.6152966954875654,1.6392621828707923,-0.5892339717919106,-0.8747558894250065,0.8461010247937358,0.15043041424172893,0.40077395349027606,-0.43069758201436814,-0.31615282389402805,0.5779089115506731,0.7234881316366005,1.9275038248140448,1.532926561475868,2.4677085228224147,0.5345376528532847
1.1595110381866462,18.50731103044141,0.8664291978327305,0.7123665929260723,1.8978740251463315,-0.5892339717919106,-0.941231289578156,2.5564236252298294,0.15043041424172893,0.40077395349027606,0.22739159661652297,0.1669164128199985,0.5779089115506731,0.7234881316366005,1.9275038248140448,1.532926561475868,2.4677085228224147,0.17403992503422613
1.1595110381866462,12.361486807721258,0.8664291978327305,1.4971354893686806,3.9886409407921684,-0.5892339717919106,-1.3645050158888028,2.5564236252298294,0.15043041424172893,0.40077395349027606,-0.6716450863613541,-0.49301992761270397,1.5903749957982336,0.9346738011666449,2.4901408163072754,1.532926561475868,2.8048406326154263,0.9847140564485156
1.1595110381866462,17.869840131523837,0.8482113691357218,2.322441488209259,6.456045733921284,1.5648692181221597,4.610374816017299,2.5564236252298294,0.15043041424172893,0.41817442508149805,0.23607467863887588,0.17701213030541138,1.5903749957982336,0.9346738011666449,2.5982556879324057,1.532926561475868,2.8650828175550878,0.9847140564485156
1.2091211134381628,47.92012513564389,0.8216516955006354,2.105079216568076,6.236241537526663,1.5648692181221597,4.72508163746618,0.43817474365584536,0.15043041424172893,0.4456461260070944,-0.08158922645757094,-0.06585635475525593,1.5903749957982336,0.9346738011666449,2.768946430612802,1.532926561475868,3.084241887722672,0.9847140564485156
1.2091211134381628,585.9819668738253,0.8216516955006354,2.105079216568076,6.236241537526663,-1.7796567329078483,-5.37362691544712,0.22916986735776249,0.15043041424172893,0.4456461260070944,-0.08158922645757094,-0.06585635475525593,1.5903749957982336,0.9346738011666449,2.768946430612802,1.532926561475868,3.084241887722672,1.187107498534148
0.8073233711775749,33.9721217989619,0.8216516955006354,2.949733521783943,8.738507590784982,0.14289364284891626,0.3410193851044595,0.22916986735776249,0.15043041424172893,0.4456461260070944,-0.08158922645757094,-0.04397191790266314,1.5903749957982336,0.9346738011666449,2.768946430612802,-0.16194689270507445,-0.21755918412387373,1.187107498534148
0.8073233711775749,33.9721217989619,0.8216516955006354,0.1623843966515806,0.4810594829280354,-0.6142785248967026,-0.3439634115731051,4.0656294555417105,0.15043041424172893,0.4456461260070944,-0.08158922645757094,-0.04397191790266314,0.6019630389900184,0.9346738011666449,2.768946430612802,0.9774995657534973,1.313171277661125,0.4710399825644003
0.8073233711775749,33.9721217989619,0.8216516955006354,0.14878166035704765,0.44076173620366904,-0.44841563857200084,-0.24034230274948393,4.0656294555417105,0.15043041424172893,0.4456461260070944,-0.08158922645757094,-0.04397191790266314,0.630330568457919,0.9346738011666449,2.768946430612802,2.1395521453976265,2.8742707647431502,0.2934625011309664
0.8073233711775749,33.9721217989619,0.8216516955006354,0.45061060946768833,1.3349220199864755,-0.44841563857200084,-0.4182695256164725,4.0656294555417105,3.4314229654448973,10.165499835591751,-1.3986826131504708,-3.600236828000901,1.6117487517064737,0.9346738011666449,2.768946430612802,2.1395521453976265,2.8742707647431502,0.2934625011309664
0.32743936657252476,8.627304147786413,0.8216516955006354,0.5993760581384906,1.7756357294981506,0.572403173074296,0.2497525101111205,1.2833608385458442,1.0710030846289964,3.172818329407766,-0.49996808940476667,-0.2916055467753292,5.0937087427917795,0.9406315102446056,2.7865959862818044,2.1693509760812058,1.1857625139490757,5.300368923820992
0.32743936657252476,1.4502127358264878,0.8216516955006354,0.5993760581384906,1.7756357294981506,0.572403173074296,0.2497525101111205,1.2833608385458442,1.0710030846289964,3.172818329407766,-0.3984238430440853,-0.23238003596893306,5.319114684343212,0.9803292862227385,2.9041995983234776,1.406132150722685,0.7846396679102717,3.8116595401096487
0.32743936657252476,0.6953078549505255,0.317990498726963,0.15014264144152545,2.9696533727406984,0.5622027937181082,0.31723184052258335,1.2833608385458442,1.0710030846289964,21.183242095303562,0.5333352768113937,0.8037619017644367,0.8078369117626558,0.9803292862227385,19.389815866278386,1.2260173901297609,1.767723617438785,0.3591595220520906
0.25586732620759367,0.3440332838622504,0.2970837732564292,0.24431427455627214,5.536317335326401,0.5622027937181082,0.338468547677375,0.29672049560360453,1.0710030846289964,24.269613203684738,-0.7007386629319299,-0.883288016381813,0.2536845896562207,0.9803292862227385,22.21488708140557,1.2260173901297609,1.4785414908339978,0.3591595220520906
0.25586732620759367,0.3440332838622504,0.2970837732564292,0.24431427455627214,5.536317335326401,-0.4041324107995322,-0.24330386060169476,0.29672049560360453,1.0710030846289964,24.269613203684738,-0.7007386629319299,-0.883288016381813,3.524420341205469,0.4247517381190799,9.62514537977622,1.3973765142907575,1.109256339802643,0.7161653627442753
0.25586732620759367,4.268342288835746,0.15925871858873955,0.24431427455627214,19.26515040114111,-0.6719947153196361,-0.7546870371979238,2.4281556405282663,1.0710030846289964,84.45284477518867,1.221019029149715,2.8710741221679066,3.524420341205469,0.4247517381190799,33.493360684192986,1.3973765142907575,2.0692246042000075,0.7161653627442753
0.25586732620759367,3.5177936087827697,0.49518371719738247,0.6008505160644146,4.900763251804778,-1.5256400278145885,-0.864169167063476,1.573683038961777,1.0710030846289964,8.735504787611191,1.221019029149715,0.9233817062031782,0.30662404551418765,0.17173095889740894,1.4007024210850356,1.432305615799987,0.4337339977698193,0.4504363539606738
0.25586732620759367,0.9728371501526989,0.49518371719738247,0.6008505160644146,4.900763251804778,0.8379585275628982,0.4746453354629545,1.573683038961777,1.0710030846289964,8.735504787611191,1.221019029149715,0.9233817062031782,1.401626664013187,2.398551225773288,19.563487740403076,1.432305615799987,1.6209651088324535,0.4504363539606738
5.025259795263353,0.9728371501526989,0.49518371719738247,0.6008505160644146,4.900763251804778,0.6633208161030149,7.379280290045827,0.8860878481813336,1.0710030846289964,8.735504787611191,1.221019029149715,18.135308765839582,1.401626664013187,0.07917901133110478,0.6458138566433596,1.432305615799987,5.784261157881888,0.4504363539606738
14.467230133605245,0.9728371501526989,0.8072549974001064,0.358264056689434,1.0995418159127655,0.6633208161030149,10.062708486873936,0.8860878481813336,1.0710030846289964,3.2869964333094384,1.221019029149715,32.02634949521173,1.401626664013187,0.07917901133110478,0.2430068891243814,1.432305615799987,10.21481198946255,1.0208998039182415
34.48365176929476,0.9728371501526989,0.5575996182459338,0.358264056689434,2.3045614843758426,-0.36242909547580093,-18.97275748981736,0.6774275556083116,1.0710030846289964,6.889310865542094,1.221019029149715,110.5155969780992,1.401626664013187,0.41232842935948755,2.6523347778613067,1.432305615799987,80.43834294214423,3.7703290572519625
10.62511950254177,1.7137293466071644,0.3505266737291899,1.8474439396334779,30.07177899273615,0.3397240790399251,19.794280205351452,0.448637585973494,1.8441868997135398,30.018762507341563,1.221019029149715,71.08085582229084,1.401626664013187,0.41232842935948755,6.711678300008663,-1.4152702827280996,-38.957293469645265,3.7703290572519625
21.52370639579564,1.7137293466071644,0.3505266737291899,1.8474439396334779,30.07177899273615,0.3397240790399251,40.09802198969848,0.448637585973494,1.8441868997135398,30.018762507341563,1.221019029149715,143.9911777665067,2.146649736356469,0.6926112901885456,11.273984124549917,-0.2922615040402001,-21.121627716928938,3.7703290572519625
21.52370639579564,1.7137293466071644,0.3505266737291899,2.721013372648563,44.29131029264192,0.3397240790399251,48.66342292619552,0.6340023083972792,1.8441868997135398,30.018762507341563,1.221019029149715,143.9911777665067,0.7722499596958383,0.6926112901885456,11.273984124549917,-0.5119629950938603,-36.99937089808809,3.01836129120023
70.56035114848856,1.7137293466071644,0.9505141650092825,2.721013372648563,6.023424695737138,0.3397240790399251,58.8313488859808,2.1620161139960397,1.8441868997135398,4.082420552191883,1.8836704987557369,268.5496188826191,0.7722499596958383,0.6926112901885456,1.533212586091496,-0.4730941107194803,-41.33419300967939,3.01836129120023
10.660168892477438,1.7137293466071644,0.9505141650092825,1.3600076984687934,3.0106077536016564,0.3397240790399251,6.283729816746978,2.1620161139960397,0.6355060576897339,1.4068004665676794,0.25872738909206805,3.2713178483402094,1.1272664927783633,0.6926112901885456,1.533212586091496,-0.31530505870010883,-4.161943802977423,3.3636497927773785
10.660168892477438,1.1426776162225953,0.9505141650092825,0.21613135360046237,0.4784434159296076,-0.9425559404270795,-6.950027316148372,2.1620161139960397,1.1006685579626685,2.4365165715449804,1.0625144223706111,17.68005468468599,5.9230844080853995,1.144695910711823,2.5339785856985726,-0.31530505870010883,-5.350526189485424,2.6468984456739517
10.660168892477438,1.057436510409235,0.9505141650092825,0.21198608667341637,0.4692671643794407,-0.9425559404270795,-6.883056011711737,0.9108988335009798,1.1006685579626685,2.4365165715449804,1.0625144223706111,17.68005468468599,0.15182722773445378,1.144695910711823,2.5339785856985726,0.6423646642992632,10.900519559383886,2.6468984456739517
0.6200136324279053,1.2932799133111061,0.9505141650092825,0.21198608667341637,0.4692671643794407,-0.6693630626297293,-0.2842975159261245,0.9108988335009798,1.1006685579626685,2.4365165715449804,0.4608694051918326,0.4460297241490761,0.15182722773445378,0.007161362714362169,0.01585289122884128,0.6423646642992632,0.05014609526556849,3.077877731447195
0.6200136324279053,0.9201984064128862,0.9505141650092825,0.4020809523465599,0.890074397426558,-0.97067897599818,-0.5677929768573586,0.9108988335009798,1.1006685579626685,2.4365165715449804,0.1714202798544351,0.16590066356261152,0.15182722773445378,0.007717097897674075,0.017083105332564203,0.6423646642992632,0.052055460271342384,3.077877731447195
0.6200136324279053,5.790518388883968,1.6561888488367231,1.111241132138294,0.8102491638460251,-0.97067897599818,-0.5417340801543872,0.9108988335009798,0.3234868212946488,0.23586683293917055,0.19379168132003394,0.05835388928249436,0.30366322729328593,0.06037462142414074,0.04402148652678062,0.6423646642992632,0.08356323285025487,3.077877731447195
0.6200136324279053,0.7498429298417874,0.44724102773937296,1.111241132138294,11.111048168362228,-0.9085555065264984,-1.8777173476991855,0.4457660556968372,0.8612265019613993,8.611208558083085,-1.0346986803903426,-1.8825528949913282,0.5278321747989426,0.06037462142414074,0.6036721530451571,0.6423646642992632,0.30944498790479563,3.077877731447195
0.6200136324279053,0.7498429298417874,0.44724102773937296,1.3633020663930326,13.631348309230523,0.1141182915056943,0.26123171836943565,3.709349525433692,0.8612265019613993,8.611208558083085,0.8762581063956036,1.5942827281197907,0.5278321747989426,0.06037462142414074,0.6036721530451571,0.6423646642992632,0.30944498790479563,0.4458385180089604
0.6200136324279053,2.599157382572607,0.8896340139701767,2.3874390753970403,6.033086261458207,0.1141182915056943,0.17379059381336803,3.709349525433692,0.8612265019613993,2.1763293692103693,1.2196836565030809,1.115605776633477,2.259323982160594,0.06037462142414074,0.15256736928214532,-0.8275152229471349,-0.20040477226905715,0.4458385180089604
0.6200136324279053,2.599157382572607,0.8896340139701767,4.750263012221088,12.003969781963153,0.1141182915056943,0.24514268944849224,1.213152704881074,0.26881802948485667,0.679306281458782,1.2196836565030809,0.6232772256625102,1.5450162097163451,0.31371261552183755,0.7927554215959052,-1.1143138016237661,-0.6151462184872104,4.113164905678797
0.6200136324279053,1.6158973743187814,0.8896340139701767,4.750263012221088,12.003969781963153,0.6418521456200104,1.3787917706227084,0.6942559637999894,0.02215036325410205,0.05597422510662718,1.2196836565030809,0.17891324305554981,7.327772075146772,0.31371261552183755,0.7927554215959052,-1.4678404571183346,-0.8103072089954664,3.6981928965268596
0.6200136324279053,0.6115474862212079,0.8896340139701767,4.750263012221088,12.003969781963153,0.27385779292411483,0.5882863737098263,0.17927023333197709,0.1254305423059351,0.3169644366432018,1.2196836565030809,0.42574907352346686,0.20617318822281996,1.734804713760635,4.383871652583072,-0.21212431393338282,-0.27537252362371484,3.6981928965268596
0.6589977881312572,0.34784295014473865,0.8896340139701767,4.750263012221088,12.003969781963153,-1.6167778380084414,-3.6914479665092474,0.11342902585287705,0.1254305423059351,0.3169644366432018,0.22350034045491296,0.08292155058236277,0.20617318822281996,1.734804713760635,4.383871652583072,-1.8086863168983471,-2.4956065991192298,1.6868561684379852
0.6589977881312572,0.4874293952125128,1.263136712721266,4.750263012221088,5.954522436307107,-1.6167778380084414,-2.5999067549328294,0.14532009433128448,0.4982495164848508,0.6245628751829897,2.85066088438054,1.4846278264792048,0.5900755270241723,0.015180284791790458,0.019028703494879416,-1.8086863168983471,-0.16441892693262172,1.6868561684379852
0.6589977881312572,0.4874293952125128,1.263136712721266,4.750263012221088,5.954522436307107,-0.49024093222787646,-0.7883462287025538,0.5641458864076603,0.4982495164848508,0.6245628751829897,-0.24024834307713006,-0.12512164366942502,0.5900755270241723,0.16151832478701916,0.2024655237709354,-2.59745835684824,-0.7702081168788095,1.6868561684379852
0.6589977881312572,1.1663969989240937,1.263136712721266,4.750263012221088,5.954522436307107,-0.49024093222787646,-0.7883462287025538,0.8626009003603491,0.8559781130101143,1.0729807730211052,-0.24024834307713006,-0.1639986707441473,0.5900755270241723,1.5985837741786362,2.003847560687479,-2.59745835684824,-2.4230640299129003,1.6868561684379852
0.6589977881312572,0.9418057455762375,1.263136712721266,4.750263012221088,5.954522436307107,-0.4465790790943744,-0.7181345123949454,0.8626009003603491,0.8559781130101143,1.0729807730211052,-0.24024834307713006,-0.1639986707441473,0.5900755270241723,0.6930230696432036,0.8687143020191187,-2.59745835684824,-1.5954053212971118,2.106836026002199
0.6589977881312572,3.002643195089455,1.263136712721266,7.64283598042734,9.580403907191426,0.5287161536137874,1.0784461041888282,0.8626009003603491,3.351340273574683,4.200952831318989,-0.24024834307713006,-0.32450265968228076,1.0351713446927473,0.6930230696432036,0.8687143020191187,0.8430235051535191,0.5178000958338556,1.5022224827549833
0.6589977881312572,0.4027520946539772,1.263136712721266,7.64283598042734,9.580403907191426,0.5287161536137874,1.0784461041888282,0.8626009003603491,1.6422557546778644,2.0585910111136125,0.13941030556784728,0.13181470804913525,0.4990516792673202,0.5841618099615914,0.7322551603776696,0.8430235051535191,0.4753952752793937,0.4199219906691536
0.6589977881312572,0.4027520946539772,1.263136712721266,7.64283598042734,9.580403907191426,0.8716484964505349,1.7779406185985231,0.32073685505710786,1.6422557546778644,2.0585910111136125,0.47630267367469026,0.45035191349535264,0.4990516792673202,1.5941360021454742,1.9982722150076913,-0.49172300051618767,-0.4580699525712848,0.3733169330793996
0.6589977881312572,0.4027520946539772,1.5398855157903377,1.5624574744883812,1.3178358979677005,0.8716484964505349,0.6594107289840897,1.283593001693343,1.6422557546778644,1.385140794226858,0.38627022026634394,0.29958643441698674,0.4990516792673202,0.41161108610493735,0.3471684024220746,0.43299102372593157,0.16812525093117497,0.3733169330793996
1.98783881370972,0.4027520946539772,0.44965757098078524,1.5624574744883812,15.455191170847376,0.8124290178922404,6.348977438604354,1.283593001693343,0.6151030522303301,6.084348161286334,0.6628459965086198,3.250130749000727,0.1758661304995015,2.291478332158427,22.666367735198385,0.43299102372593157,4.097802514033023,0.3733169330793996
1.98783881370972,0.4027520946539772,0.21207288780494904,0.5732474893140026,25.491879476950185,0.8124290178922404,8.153940186718083,1.283593001693343,0.6151030522303301,27.35316449815414,0.6628459965086198,6.891243445082764,0.1758661304995015,2.291478332158427,101.90029709040469,-0.8167620185108875,-16.389451712349366,2.1497204715782288
0.579393988155645,0.4027520946539772,0.12879125919633436,2.2310035199994753,269.00321622875464,1.4471899244404374,13.752392255134605,1.0814533423388422,1.7493880801313515,210.93244173262914,-0.17642514378846363,-1.4845887140456062,0.16898176408740104,2.291478332158427,276.2949658050133,-0.8167620185108875,-7.866037352620468,2.5799021219950276
0.579393988155645,0.5054490376687014,0.5616064220394412,2.2310035199994753,14.147057556633232,1.4471899244404374,3.1537885714852325,1.0814533423388422,2.199871867407917,13.949648060369421,-0.17642514378846363,-0.3817825638114055,0.16898176408740104,3.185872617875333,20.20199559935913,0.004529985474170828,0.011796900871988222,2.5799021219950276
0.579393988155645,0.5054490376687014,0.8091032127055309,1.9657731620036585,6.005588149808163,-0.6883415001466076,-0.9773625895572713,0.7241968048305903,1.1325576559990924,3.460050716589242,-0.17642514378846363,-0.19014096643694467,0.8522745393126285,0.0726621809664788,0.22198854953676958,-0.4129499670102038,-0.11272927324072957,4.576094218638273
0.579393988155645,0.3981983202822452,0.8091032127055309,1.071917617653494,3.274790737090366,-0.6883415001466076,-0.7217216199312,0.7241968048305903,1.1325576559990924,3.460050716589242,0.8026745251159535,0.8650768629830804,0.8522745393126285,0.0726621809664788,0.22198854953676958,-0.4129499670102038,-0.11272927324072957,4.694521198302209
0.579393988155645,1.1991006855394177,0.8091032127055309,1.05306488470407,3.217194188423909,-1.2796694708551226,-1.3298738044060745,0.7241968048305903,1.1325576559990924,3.460050716589242,0.6072774689381037,0.6544890504820613,0.8522745393126285,0.0726621809664788,0.22198854953676958,-0.4129499670102038,-0.11272927324072957,0.5110498021881759
0.579393988155645,5.065061075851521,1.0394146149493555,1.05306488470407,1.9494292975811816,-0.411551601874629,-0.3329293059308045,2.6584939734648367,1.1325576559990924,2.0965859823774706,0.6072774689381037,0.5094686815149602,0.8522745393126285,0.05048108933791644,0.09345038084410354,-0.4129499670102038,-0.07314117925367813,0.5110498021881759
0.579393988155645,38.395353348763514,1.0867088401290546,0.11996520910719102,0.20316968679445538,-0.411551601874629,-0.1074800195068996,2.6584939734648367,1.1325576559990924,1.9180676294274495,-1.6614442972098806,-1.3331890193126084,0.8522745393126285,0.05048108933791644,0.08549334583048394,-0.5192960218881939,-0.08797416169871612,0.5110498021881759
0.579393988155645,17.62820169953731,0.6881515905178615,3.361228424490169,14.195797225631699,-0.411551601874629,-0.8984174416949819,2.6584939734648367,1.1325576559990924,4.783238983032967,1.18829810862113,1.5057762067383837,0.8522745393126285,0.05048108933791644,0.2132016088965322,-0.5192960218881939,-0.13892621994667362,0.6272516279412247
0.579393988155645,17.62820169953731,0.2921501075796215,3.361228424490169,78.76185245460371,0.1985692209673119,1.0210426364199157,2.6584939734648367,0.3212683084050373,7.528106962494145,1.18829810862113,1.889044901767565,0.7474511534295282,0.18111814821590763,4.244043862861272,-0.5192960218881939,-0.6198390196450487,0.2896375932114232
1.2410492549544776,25.633267103201636,0.6799837653225075,2.2613104860817312,9.781221736070021,0.1985692209673119,0.77072154986244,1.9804909724404591,0.8679034366212928,3.754086849789292,1.18829810862113,2.857370665915796,0.7474511534295282,0.18111814821590763,0.7834204011479375,-0.5192960218881939,-0.5704288106131254,0.2896375932114232
2.7593239110935985,25.633267103201636,0.6799837653225075,2.2613104860817312,9.781221736070021,-0.07462872781631186,-0.6440287793206448,1.9804909724404591,0.8679034366212928,3.754086849789292,1.18829810862113,6.35302037356132,0.7474511534295282,0.18111814821590763,0.7834204011479375,-0.6824498871432704,-1.6667516321879035,0.2896375932114232
2.7593239110935985,25.633267103201636,0.6799837653225075,2.2613104860817312,9.781221736070021,-0.07462872781631186,-0.6440287793206448,1.9804909724404591,0.8679034366212928,3.754086849789292,1.18829810862113,6.35302037356132,0.7474511534295282,5.633664025878033,24.368222481077865,0.18930303661061687,2.5785300111038563,0.6098349851212455
4.374030260319479,25.633267103201636,0.8683567734467018,1.0957016732218006,2.906202874445938,-1.0522036768852399,-7.845932406530778,1.9804909724404591,0.8679034366212928,2.301998366794247,1.1377369683258076,7.550507766339889,0.7474511534295282,0.3646849753474015,0.9672783655659539,0.18930303661061687,0.8143575009019031,1.727556616629176
17.11339921612506,54.5803024784894,0.8683567734467018,1.0957016732218006,2.906202874445938,-1.0522036768852399,-30.69722098490624,1.9804909724404591,1.8596106706298543,4.9323698305978745,1.1377369683258076,43.24201943940859,0.7474511534295282,0.7799183201262357,2.068629554173447,0.18930303661061687,4.65945610367378,1.727556616629176
0.2600346161749946,14.621992793849898,0.8683567734467018,1.0957016732218006,2.906202874445938,-1.6712030578230235,-0.740838171755562,0.22042638958333977,1.4932734386992814,3.9607090743240416,0.09677938616755499,0.05008417226393259,3.219886244342308,0.7799183201262357,2.068629554173447,-0.5414406802775239,-0.20249924621727983,1.727556616629176
0.2600346161749946,6.041622772107598,0.8683567734467018,1.0957016732218006,2.906202874445938,-1.7282084647932043,-0.7661084590987309,0.08823117839295296,1.4932734386992814,3.9607090743240416,0.09677938616755499,0.05008417226393259,1.3529132403792354,0.7799183201262357,2.068629554173447,-0.5414406802775239,-0.20249924621727983,2.1122038440557276
0.5045781033815112,3.186977028816687,0.8721654162259386,1.0957016732218006,2.880876209198513,-1.7282084647932043,-1.480085576872302,0.3979215789210013,0.8918699712988511,2.3449512260563186,0.10030892263041341,0.0775059194922575,1.3529132403792354,0.7799183201262357,2.050602083104529,1.4244026905600173,1.0292049882618304,0.707032828367321
0.5769264716957279,3.186977028816687,0.8721654162259386,1.0588497630026974,2.783983237317249,-2.229949698482881,-2.1465887120089606,1.0944266445655677,0.8918699712988511,2.3449512260563186,0.10030892263041341,0.08861901927280445,1.3529132403792354,0.7799183201262357,2.050602083104529,1.4244026905600173,1.1767763970538123,0.707032828367321
0.5769264716957279,0.5468423528220007,0.9949838386970604,1.0588497630026974,2.1391059025947072,-2.229949698482881,-1.8816189415969131,0.6423640740090211,0.8918699712988511,1.8017705500940688,-0.9825439883771097,-0.7608905869442086,1.247837592287829,0.7799183201262357,1.5756039623531835,2.1863429637684746,1.5832966319208028,0.707032828367321
0.5769264716957279,1.1757530953698998,0.9002966575638317,1.0588497630026974,2.61272116762618,-1.1887922374314985,-1.1085951112257695,0.6734865045536556,2.653379851374864,6.547238282209688,-1.260581997266721,-1.8608897367883088,1.247837592287829,0.5685312895819876,1.4028559920874106,2.1863429637684746,1.4939817816719099,3.4983405589974703
3.132957831129394,1.1757530953698998,0.9002966575638317,2.688388683683461,6.633622885977421,-0.30452525270575337,-2.4572721077398003,0.6734865045536556,2.653379851374864,6.547238282209688,1.580408223512252,12.66930827689555,1.247837592287829,0.12717229857137632,0.3137987729919954,2.1863429637684746,3.8370588411345623,3.4983405589974703
3.132957831129394,1.1757530953698998,0.9002966575638317,2.0618355051056425,5.087597368937605,-0.3585459590594631,-2.5337032509423167,0.28433596173180004,1.6846465146261458,4.156880194456997,0.5365118761146668,3.427027924544839,1.6021687962278768,1.206759477445321,2.9776896979358023,-1.0932418525635428,-5.910313504363949,1.9271769889658996
3.132957831129394,3.768071595521303,0.3116683319840525,2.0618355051056425,42.45204894108919,0.2290830194005869,4.676239824503653,0.9281951025882839,1.6846465146261458,34.68593692864948,0.8241080841980065,15.206015851459336,0.9818758492810383,1.206759477445321,24.846508011805305,-1.0932418525635428,-17.072749930222326,1.9271769889658996
3.132957831129394,0.4796769926476129,0.3116683319840525,1.5921224617771663,32.7809180219295,0.4527132850253814,8.120604220239855,0.9281951025882839,1.5337188078322572,31.578419195292657,0.3477225418479401,6.121848642965238,1.9548279260907773,0.15980833482303183,3.2903649366314083,1.2571954369362883,7.14462402650613,3.3323804159506754
3.7572860802335075,0.4796769926476129,0.3134830392769584,0.5233408503045355,10.650905562819384,0.4527132850253814,5.551249790047252,0.5319780349066744,1.5337188078322572,31.213871748470567,0.3477225418479401,7.299295236330293,1.9548279260907773,0.23816749622781383,4.847126894412055,-1.0033603031727059,-8.299909804712541,3.3323804159506754
3.7572860802335075,1.7210370568994642,0.3134830392769584,0.8196837784054576,16.682004682208998,0.4527132850253814,6.947389087236878,0.5319780349066744,0.28638525199357134,5.828442919739196,0.3477225418479401,3.1541575535950117,1.9548279260907773,0.23816749622781383,4.847126894412055,0.6635183250475569,5.488698560481848,3.3323804159506754
2.2471849685121934,1.7210370568994642,1.1240035205023653,0.8196837784054576,1.2976004668988803,1.6733676507786241,4.2835188934251445,0.5319780349066744,0.28638525199357134,0.4533621946535491,0.9343380558508854,1.4137268629599928,1.9548279260907773,0.23816749622781383,0.3770310727711857,0.6635183250475569,0.9155463061938639,0.3517488452156943
45.0641344792567,1.7210370568994642,1.1240035205023653,0.8196837784054576,1.2976004668988803,1.6733676507786241,85.8999477846944,1.1473948346655731,0.28638525199357134,0.4533621946535491,0.9343380558508854,28.350304208178553,3.1256856979853866,1.3632815675460004,2.1581429877794798,0.4365297881344018,28.89914716752032,0.14472592396462441
25.31109310531875,15.17664718543978,1.1240035205023653,0.8196837784054576,1.2976004668988803,2.2039436282015394,63.54507256742923,1.1473948346655731,0.28638525199357134,0.4533621946535491,1.0290074460152459,17.536869480797993,0.20449743334667214,1.3632815675460004,2.1581429877794798,0.4365297881344018,16.23173313043691,0.14472592396462441
1.1862095341328258,15.17664718543978,0.48986394667157607,0.8196837784054576,6.831646435756535,0.4839232062858203,1.5003775258634993,1.1473948346655731,0.28638525199357134,2.3868750822922133,1.9770211459463471,3.623160476604455,0.20449743334667214,1.3632815675460004,11.362256893720426,0.4365297881344018,1.7454507416005562,0.09385294655930977
1.1862095341328258,44.39154970375316,0.48986394667157607,0.6382761808703817,5.319706588013655,0.4839232062858203,1.3239808358567244,1.4313152668801261,0.28638525199357134,2.3868750822922133,2.7156011745946946,4.976708957405934,1.6483311917985148,0.8784386851737415,7.321338631675783,0.4365297881344018,1.4011045463977734,0.5249072553227355
1.1862095341328258,1.0613544390257585,0.2735734685042689,3.758964322937183,100.45007054456404,0.4839232062858203,5.753246505635018,2.2338634108119924,0.2541518387934873,6.791650024464225,2.7156011745946946,8.394890726517353,0.8944625888443197,0.8784386851737415,23.47434567450961,0.10649091143341533,0.6120271697204375,0.5116448127236579
1.1862095341328258,1.0613544390257585,0.2904553815287762,3.758964322937183,89.11264707930503,0.6657306503397666,7.454690802964419,2.2338634108119924,0.2541518387934873,6.025101908193593,2.7156011745946946,7.906960999240919,0.8944625888443197,0.3400750618663977,8.062058153532401,0.10649091143341533,0.35867154015925756,0.8539259847131002
1.1862095341328258,1.0613544390257585,0.2904553815287762,1.7285933899742711,40.979248396811904,0.6657306503397666,5.055242075850558,0.48646058676082576,2.9197219701761936,69.21697870617228,2.7156011745946946,26.799933567548255,0.8944625888443197,1.0214595851190205,24.215438002178065,0.10649091143341533,0.6216130435460343,0.8539259847131002
1.1818589329941107,0.5354370868283593,0.5038411255186737,2.2494065988452583,17.721918443938502,0.6657306503397666,3.312222944745213,0.48646058676082576,0.939774137410938,7.403997404234968,0.9645592014713893,3.101899047355876,0.8944625888443197,1.0214595851190205,8.047555062100106,0.10649091143341533,0.35703448431689133,0.8539259847131002
1.1818589329941107,0.3728966845187235,0.44400057115937847,2.2494065988452583,22.82080200070649,-0.7365434048596844,-4.158430415888015,0.48646058676082576,0.939774137410938,9.534247621683576,1.9545408006574296,7.1326940598955995,0.8944625888443197,1.0214595851190205,10.362967262428906,0.10649091143341533,0.4051541104045762,0.6138868768817776
1.1818589329941107,0.3728966845187235,0.575028085305998,2.2494065988452583,13.60566729596935,-0.7365434048596844,-3.210878784813246,0.48646058676082576,3.0743140854521656,18.595168446401406,1.5436876009495926,7.8672892248737085,0.8944625888443197,1.0214595851190205,6.178358007192958,0.3613752653918773,1.0615992444750824,0.6138868768817776
1.1818589329941107,7.20820314187832,0.575028085305998,0.6328011880103409,3.8275349743273015,-0.08627837630077073,-0.19949278321197214,0.23425320025796587,2.835296298716289,17.149455392204484,1.5436876009495926,7.555274092994503,0.5046635293471287,1.0214595851190205,6.178358007192958,-0.686257249047991,-2.015993475134148,0.420165837782901
1.1818589329941107,7.20820314187832,0.575028085305998,0.6328011880103409,3.8275349743273015,-0.08627837630077073,-0.19949278321197214,0.23425320025796587,0.793600575201155,4.8001394668352715,1.5436876009495926,3.9971641712917765,0.38474711846031845,3.1857711144687926,19.269322801321458,-0.686257249047991,-3.560293596814621,1.7987457594339935
2.8897003661687943,7.20820314187832,0.575028085305998,0.34436415109522245,2.0829066967553733,-1.4018505228411011,-5.846412161321578,0.6850288745321276,0.8157307379194784,4.933995049594627,1.4379381555154342,9.229801808016873,3.4577163488686455,3.1857711144687926,19.269322801321458,-0.7660017039235254,-9.716632443440934,1.7987457594339935
2.8897003661687943,7.20820314187832,0.35680076461531024,0.34436415109522245,5.409988939566521,-1.4018505228411011,-9.42220848281835,1.166802643824513,0.6779355049696627,10.650422153295393,1.4379381555154342,13.560522760036655,3.4577163488686455,1.739722538316451,27.331183168378203,-1.656724184438647,-25.02835125459576,1.7987457594339935
2.8897003661687943,7.20820314187832,0.35680076461531024,0.10076695174404561,1.5830570420159022,-1.7786819909134304,-6.466948506288179,0.18821613955254657,0.6779355049696627,10.650422153295393,1.4379381555154342,13.560522760036655,3.4577163488686455,1.739722538316451,27.331183168378203,-0.13121015538056513,-1.9822091618392053,1.6577511326583962
2.8897003661687943,7.20820314187832,1.0785461229617985,0.10076695174404561,0.17324897455982366,-0.4709109226569195,-0.5664047845226841,0.18821613955254657,0.22926035681119336,0.39416813783994975,1.525778020083108,2.768120075871813,2.337511916282635,1.739722538316451,2.9911110792308837,-0.26817702331057924,-1.3402649172008712,1.0543605828110434
11.047131351896702,0.7881076439400804,0.8945596799952561,0.10076695174404561,0.2518427643072671,0.7751984839815329,4.297611680932036,0.23939522848566805,0.06360086297423297,0.15895506281110688,1.525778020083108,6.720135882195842,2.337511916282635,1.739722538316451,4.348018130886452,0.5918173474448803,13.632731528799194,1.9712962282843578
1.727950083486401,0.7881076439400804,0.8945596799952561,0.04842641131378806,0.12103016990851627,-0.6546869702807441,-0.39356068847055825,0.23939522848566805,1.5605390117805862,3.900191994836015,1.525778020083108,5.206735786153228,0.21725373296764386,1.739722538316451,4.348018130886452,0.9837581595974296,3.5445835146152582,1.9712962282843578
1.727950083486401,7.356609876762949,0.8945596799952561,1.0673290147069399,2.667532210083263,-0.6037290815102563,-1.7038373133106486,0.23939522848566805,1.7316699049406101,4.32789251019212,0.7451491369541572,2.6786293816735234,0.21725373296764386,0.022531500265873985,0.05631206673157038,0.9837581595974296,0.4033854911043382,0.6555464158968216
1.727950083486401,51.7199480251321,0.354818173918992,1.0673290147069399,16.955734140642857,-0.8153558678631799,-5.8014518589382345,0.23939522848566805,1.7316699049406101,27.509544032762214,0.7451491369541572,6.753300756919032,0.21725373296764386,0.24840631299318808,3.9462165311099437,0.9837581595974296,3.376836208054329,0.6555464158968216
1.727950083486401,0.45878937224018096,0.5056834357756683,1.0673290147069399,8.34777731178519,-0.914933556144728,-4.567790492444466,0.23939522848566805,1.86373561869471,14.57662042212678,1.0654581231792857,7.029039758250898,0.21725373296764386,2.4359402900502753,19.051938817318188,0.9837581595974296,7.419747552157117,0.6555464158968216
1.727950083486401,0.5277052587820031,0.3155443232683781,1.0673290147069399,21.439150268552822,-0.914933556144728,-7.320226731374791,0.3184022340513926,1.86373561869471,37.436355087771375,0.36221146964582307,3.8294832115984363,0.21725373296764386,0.2711174102477534,5.4458623523117025,0.34273876147692695,1.3820626984238915,0.6555464158968216
0.9398388003858047,0.5277052587820031,0.3155443232683781,0.40608071394775547,8.156833860529488,-0.2734908955191079,-0.7341030900054587,0.616746101970162,1.86373561869471,37.436355087771375,-0.45439080461944226,-2.6129414817784875,0.21725373296764386,0.1798319495819988,3.612235905751976,-0.13864458757756687,-0.24765342771068982,0.6555464158968216
0.9398388003858047,1.3738992334475024,0.3155443232683781,0.40608071394775547,8.156833860529488,-0.2734908955191079,-0.7341030900054587,0.9496866820974218,0.33939091421118806,6.8172538264155085,-0.45439080461944226,-1.1150327844118504,0.21725373296764386,5.461152069574147,109.69668981702526,-0.13864458757756687,-1.3647498398567233,1.0381199169308015
0.9925058295264452,1.3738992334475024,0.3155443232683781,0.40608071394775547,8.156833860529488,-0.2734908955191079,-0.7752410264448572,0.9496866820974218,0.33939091421118806,6.8172538264155085,-0.6365571368626359,-1.649586866129428,0.21725373296764386,5.461152069574147,109.69668981702526,-0.13864458757756687,-1.4412281886500617,1.0381199169308015
8.497141679111762,1.3738992334475024,0.8632313936962375,0.6760784948763748,1.8145655651404855,0.8306082876020026,9.50726177926852,0.5888163368973325,0.33939091421118806,0.9109105979798721,-0.43926268311886774,-3.5623373724611898,0.21725373296764386,5.461152069574147,14.657496971941073,-0.13864458757756687,-4.510302666112852,1.0381199169308015
8.497141679111762,1.1822535820039537,0.5927206775581539,0.9357593233949194,5.32713867113991,0.8306082876020026,16.289813822204486,0.5888163368973325,0.47565807571677565,2.7078506898524886,-0.2962692185566054,-4.142588054450897,0.21725373296764386,5.461152069574147,31.089526603120284,1.197538849388637,56.73741243240229,1.0381199169308015
7.935217889176572,1.1822535820039537,0.5927206775581539,0.9357593233949194,5.32713867113991,0.8306082876020026,15.212553460309634,0.5888163368973325,0.47565807571677565,2.7078506898524886,-0.2962692185566054,-3.8686348984832035,0.21725373296764386,0.4104831773657891,2.3368196857118804,-0.6892217668277467,-8.360465178496776,0.3321364196360475
7.935217889176572,1.1822535820039537,0.5927206775581539,0.9357593233949194,5.32713867113991,0.8374398978276189,15.33767409458265,0.5785631470906554,0.7720128687072408,4.394954455369447,0.09179216473280793,1.5270092143323344,0.21725373296764386,0.23592698045610724,1.34309721499038,-0.6892217668277467,-6.3382821118316475,0.3321364196360475
7.935217889176572,8.959961217029555,0.7807029359692618,0.9357593233949194,3.0705949641367,-0.9899806593615531,-13.765653485834102,6.171198820092679,0.7720128687072408,2.5332783415941886,-0.1468518585304268,-1.854725993921599,0.21725373296764386,0.23592698045610724,0.7741693616946909,-0.6892217668277467,-4.812113154429711,0.3321364196360475
1.1573030509066833,42.18301684544135,0.7807029359692618,1.6442531310494821,5.395442244325657,-0.9899806593615531,-2.6612601580172988,6.171198820092679,0.7720128687072408,2.5332783415941886,-0.1468518585304268,-0.2705004552287265,1.154101973803404,0.23592698045610724,0.7741693616946909,-1.2964957811586797,-1.3201892614141195,0.3321364196360475
1.1573030509066833,7.568133835653609,0.8674797751970954,0.8409119103868998,2.2349189754789927,-0.9899806593615531,-1.7127922910016855,6.171198820092679,0.7720128687072408,2.051803748140447,0.6615239084836569,1.0966310852939651,1.154101973803404,0.06400039868201902,0.17009594427893754,0.007525732551779241,0.0035920540065427003,0.9188119171784201
0.6765274617689943,7.568133835653609,0.3896342401889587,0.41675075147787866,5.490250470670731,0.4464704936031766,0.7077408636156013,6.171198820092679,0.7720128687072408,10.170453204350789,1.4314410868216974,3.0883681280759374,1.154101973803404,0.0847604538554905,1.1166293522546242,0.007525732551779241,0.00538007996275265,0.3154445434927418
0.6765274617689943,7.568133835653609,0.5474913184686675,0.14296279674225776,0.9538905739595533,0.4464704936031766,0.2950037056673696,1.0920291039508687,0.7720128687072408,5.151100952249609,1.6935549465049715,2.6003676385137897,3.28934093159931,2.3845732461065263,15.910586489700393,0.007525732551779241,0.020308474642072298,0.11111868120191681
1.9632641893247378,7.568133835653609,0.5474913184686675,0.14296279674225776,0.9538905739595533,0.4464704936031766,0.856092684752839,0.9744944399201111,0.7720128687072408,5.151100952249609,1.6935549465049715,7.546195760367039,3.28934093159931,1.6038820552423279,10.701581174274184,0.1423036212648359,0.9139420762233019,0.5313595658456959
1.9632641893247378,7.568133835653609,0.5474913184686675,0.14296279674225776,0.9538905739595533,-0.8013393553343656,-1.5365422126104535,0.9744944399201111,0.7720128687072408,5.151100952249609,1.6935549465049715,7.546195760367039,0.6953537268697342,0.5858060622053713,3.90867340062952,0.7553216754745566,2.9317395408993883,1.1692871201698216
1.5398988258004946,0.42035585081817306,0.5474913184686675,0.14296279674225776,0.9538905739595533,-0.8013393553343656,-1.2051967136453272,0.9744944399201111,0.4635454749329939,3.0929141651961523,1.6935549465049715,4.586436798697252,0.9961919884052561,1.6997393511103962,11.341169745968479,0.7553216754745566,3.916995395187358,1.1692871201698216
1.5398988258004946,0.42035585081817306,0.19228861656344023,0.11554040193459772,6.249664731993268,1.077448906941,4.147794512346281,1.8983935596104724,0.4635454749329939,25.07351331531343,1.6935549465049715,13.05867385635659,0.8654110717213661,1.6997393511103962,91.94014300061774,0.7553216754745566,11.152615332480181,1.1692871201698216
18.579949841354974,4.096289419300773,0.26734593633856446,0.33144831370455013,9.274673610099308,1.077448906941,60.96639838726512,1.8983935596104724,0.8175954533332122,22.878170324698274,1.6935549465049715,150.506228625895,0.703364407421936,0.4177398610365752,11.689306310654759,-0.47610412244009415,-30.2441127707337,1.1692871201698216
11.83487196451889,4.096289419300773,0.26734593633856446,0.33144831370455013,9.274673610099308,1.077448906941,38.83377109259811,1.8983935596104724,0.8175954533332122,22.878170324698274,0.9890500561197413,55.98768110377761,0.703364407421936,0.4177398610365752,11.689306310654759,-0.47610412244009415,-19.264594650595726,1.1692871201698216
11.83487196451889,4.096289419300773,0.26734593633856446,1.9081964703923944,53.39565390762171,-0.8344350183948832,-72.16207957532441,1.8983935596104724,0.8175954533332122,22.878170324698274,0.9890500561197413,55.98768110377761,0.703364407421936,0.09047627800605447,2.531730931389687,-0.47610412244009415,-8.96549514282528,1.1692871201698216
11.83487196451889,4.096289419300773,0.26734593633856446,1.9081964703923944,53.39565390762171,-0.8344350183948832,-72.16207957532441,1.8983935596104724,0.8175954533332122,22.878170324698274,0.6395561601276152,36.203694767139645,0.703364407421936,0.6807175585516134,19.048017187553455,0.8246859497163659,42.59680703165375,1.1692871201698216
2.180253509524463,4.096289419300773,1.0343093532707464,1.9081964703923944,3.56740305419408,-0.17811184227051935,-0.7334590639279441,1.8983935596104724,0.8175954533332122,1.5285074480387844,0.6395561601276152,1.7239293366132111,0.703364407421936,0.6807175585516134,1.2726120895303812,0.8246859497163659,2.028353342393446,1.1692871201698216
2.180253509524463,4.096289419300773,1.0343093532707464,1.9081964703923944,3.56740305419408,-0.17811184227051935,-0.7334590639279441,0.9788982291388113,0.8175954533332122,1.5285074480387844,0.6395561601276152,1.7239293366132111,0.703364407421936,0.6807175585516134,1.2726120895303812,0.8246859497163659,2.028353342393446,1.1692871201698216
2.180253509524463,4.096289419300773,1.0343093532707464,0.6617464921021776,1.237145385004343,-0.17811184227051935,-0.4319268078271179,0.9788982291388113,0.9779830525315656,1.828354565520038,-2.0983666649836072,-6.186123455241164,0.703364407421936,0.6807175585516134,1.2726120895303812,0.8246859497163659,2.028353342393446,1.1692871201698216
2.180253509524463,4.096289419300773,0.4337840828156797,0.7864607576652197,8.359105931288546,-0.17811184227051935,-1.1227413154097217,0.13549683614091398,1.2473542059974134,13.2578337064456,-1.62984813709897,-12.938693297081688,0.703364407421936,0.6807175585516134,7.23518640410441,-1.0256299870144017,-6.014819051283328,1.1692871201698216
2.180253509524463,37.09600193942711,0.8347798367947472,0.7864607576652197,2.257164191246393,-0.8128054609970164,-2.6624115151957413,0.20453978565994002,1.2473542059974134,3.579941173334973,1.1044793948985805,4.556197668461172,1.010960173356916,0.2567939569585599,0.7370057800418109,-1.0256299870144017,-1.919699055826243,1.1692871201698216
2.180253509524463,42.41560915534218,0.8347798367947472,2.6305063209364157,7.549626112422555,-0.8128054609970164,-4.869185602166164,0.6291373205663221,6.046190788651058,17.352735287265677,1.1044793948985805,10.031100538499231,1.4048453252746862,0.2567939569585599,0.7370057800418109,1.0620627027374043,1.9878911434798308,1.7940599285257146
7.413617127697886,42.41560915534218,0.8347798367947472,2.6305063209364157,7.549626112422555,-0.4496359893053884,-9.15912404306746,0.6291373205663221,6.046190788651058,17.352735287265677,0.047595127931113534,1.469862204452981,0.4148547021489734,2.18514758067463,6.271434173435283,1.0620627027374043,19.71804008253505,1.7940599285257146
7.413617127697886,6.303070691648244,0.41383024961008286,2.6305063209364157,30.72025946468521,-1.3754789942755539,-56.519271512065735,0.6291373205663221,6.046190788651058,70.6101894992709,0.047595127931113534,2.9650112148643926,3.9291848025329554,0.8176379312509705,9.548750822714869,1.0620627027374043,24.330643269833935,0.261594793271485
7.010102351732115,6.303070691648244,0.3528343930032277,2.6305063209364157,42.2598081834432,-0.7533421733227714,-34.33052147467078,2.1382897953707745,6.046190788651058,97.1337194422469,0.047595127931113534,3.2883032900804636,0.5864676333575971,0.8176379312509705,13.135578448590449,0.9236429151485085,23.46675631431923,0.261594793271485
2.781811472604901,6.303070691648244,0.3528343930032277,0.027105405132267495,0.4354557951475948,-0.7533421733227714,-1.3829039331750015,1.8382474055437958,1.5444244789317683,24.81160441014898,0.047595127931113534,0.6595042772332861,0.5864676333575971,1.0479917116382755,16.83627534333622,1.7414056120977093,19.876991109107525,0.22958984282446204
2.781811472604901,2.2072594853085614,0.38244576971002464,0.055439799362102714,0.7580745600835641,-0.7533421733227714,-1.8246347251874142,1.8382474055437958,0.8895810382653249,12.163982590143505,0.047595127931113534,0.46177252293936044,0.5864676333575971,1.0479917116382755,14.330063689127952,1.7673945065480283,18.611666204174224,0.1733325611314865
2.781811472604901,2.2072594853085614,0.38244576971002464,0.055439799362102714,0.7580745600835641,-0.7533421733227714,-1.8246347251874142,1.8382474055437958,0.8895810382653249,12.163982590143505,1.2896707748909755,12.512510279298091,0.5864676333575971,1.0479917116382755,14.330063689127952,1.8893582231311958,19.896013288911945,3.93999304927897
0.651207436702688,2.2072594853085614,0.38244576971002464,0.03369782257142664,0.4607783995529842,-0.07232693197452733,-0.0319716794966532,0.5102655776257623,0.06967176143391446,0.9526800332427919,1.1486168005587618,0.7300759586459217,0.32664838857289796,1.0479917116382755,14.330063689127952,1.8893582231311958,4.657552081465284,1.0750480334603458
0.651207436702688,0.4752683416489936,0.5930923213651975,0.03369782257142664,0.1915963504061776,-0.07232693197452733,-0.020616408497540952,0.5102655776257623,0.06967176143391446,0.39613405847850736,0.6720180674497481,0.2754364375106675,0.37197399213113763,1.0479917116382755,5.95858639768831,2.546219119739092,4.047498969863499,1.0750480334603458
1.1609303065063956,0.4752683416489936,0.5930923213651975,0.08693206129524493,0.4942712735266773,0.03086772412860897,0.02519378647288306,0.2783090998373729,0.22726107894664388,1.292142636909366,2.360164570679835,3.114609931250595,0.37197399213113763,1.0479917116382755,5.95858639768831,1.7744036492114357,5.0284043238322775,1.0750480334603458
1.1675297640985955,0.4752683416489936,0.5930923213651975,0.11240398361575335,0.6390974664978885,1.1981331351870892,1.1182955274043245,0.2783090998373729,0.07680034835984406,0.4366652006811319,2.5729583724688503,1.985066280659475,0.37197399213113763,1.0479917116382755,5.95858639768831,1.7744036492114357,5.056988934730609,1.0750480334603458
1.1675297640985955,0.5040555140221986,0.5930923213651975,0.11240398361575335,0.6390974664978885,1.1981331351870892,1.1182955274043245,1.920230239345515,0.07680034835984406,0.4366652006811319,3.821371089247796,2.948230712288605,0.48024669681255067,1.0479917116382755,5.95858639768831,0.8576088396604199,2.444155485375199,1.0750480334603458
1.1675297640985955,0.5040555140221986,1.1510687293372026,0.11240398361575335,0.16967161245124268,0.5368577434864834,0.258185457202875,1.564239783786169,0.03194514946379707,0.04822057764471226,3.1374132847222063,0.8043700587491976,0.48024669681255067,1.0479917116382755,1.58192296953685,0.4603907105903758,0.6760630169914685,1.0750480334603458
1.7421861277201605,0.5040555140221986,1.1510687293372026,0.1794979282841764,0.27094860826058287,0.5368577434864834,0.4868523103006697,1.564239783786169,0.03194514946379707,0.04822057764471226,3.1374132847222063,1.2002797710157223,0.48024669681255067,1.0479917116382755,1.58192296953685,0.09249504193861913,0.202677561742476,1.0750480334603458
1.7421861277201605,0.22964765260527473,0.2531608574410849,0.1794979282841764,5.60139655853411,0.5368577434864834,2.2136142050438763,1.1194060210241528,0.010542224333880655,0.32897972510081214,2.753085247894151,2.7510518598144778,0.8720718383927976,0.43346598161342625,13.526701287644313,0.09249504193861913,0.592664555277693,1.0750480334603458
0.7333669404560261,0.22964765260527473,0.3274872652508614,0.19088374934870028,3.559673121907401,0.5368577434864834,0.7428234574352605,1.1194060210241528,0.010542224333880655,0.1965954290738508,2.753085247894151,0.8952157117490973,0.8720718383927976,0.43346598161342625,8.083439314636593,0.09249504193861913,0.19285809527311554,1.0750480334603458
3.3918258833195676,10.159008738697606,0.3274872652508614,0.6759856113023844,12.606038070603446,-0.03259435261062826,-0.3925230969286801,0.7878966529293561,0.0124334620669015,0.23186395323235967,1.2644038047033226,2.0650756323866895,0.8720718383927976,0.43346598161342625,8.083439314636593,1.6728289303807382,16.131812732101267,2.2847044041728437
0.406041149502871,10.159008738697606,0.6485914949226872,0.6759856113023844,3.2138451576081004,0.07762428512101988,0.05650412272650787,0.7878966529293561,0.0124334620669015,0.059112533148491346,1.2644038047033226,0.12482329076622313,0.8720718383927976,0.030784765923359565,0.14636032074746472,-1.2380505293554829,-0.19231807135678133,2.215804322484621
0.5082317352120779,4.578373485729996,0.6485914949226872,0.41471940953852976,1.971704639605534,0.07762428512101988,0.05539624441001391,0.7878966529293561,0.0124334620669015,0.059112533148491346,2.445384559222274,0.302168181458396,0.5550295712590908,0.030784765923359565,0.14636032074746472,-1.2380505293554829,-0.24071980694066597,2.215804322484621
0.5082317352120779,5.584503039027826,0.6485914949226872,0.672955152280694,3.1994374159500714,0.07762428512101988,0.07056611420405678,0.7878966529293561,0.0124334620669015,0.059112533148491346,2.445384559222274,0.302168181458396,0.6786654298936234,0.030784765923359565,0.14636032074746472,-2.9972620504604537,-0.5827713207416753,0.4966264418718782
0.5082317352120779,5.584503039027826,1.2290433712227489,0.672955152280694,0.8910081993606273,0.07762428512101988,0.037239191532321664,0.7878966529293561,1.1590340183356134,1.5345878698974242,2.445384559222274,1.5395890942631991,1.0746255647368297,0.030784765923359565,0.04075974269630079,1.5494942687389255,0.15898914398242986,0.29311125622426065
0.5227147893856214,5.584503039027826,1.2290433712227489,0.672955152280694,0.8910081993606273,0.19404378125816196,0.09574263309801655,0.9590749108701354,1.1590340183356134,1.5345878698974242,2.445384559222274,1.583462687178262,1.0746255647368297,0.6998075176412413,0.9265613526835329,1.5494942687389255,0.7796359431587657,0.29311125622426065
0.5227147893856214,5.584503039027826,0.7248904332836617,1.3670532432103262,5.2032020275096915,0.559927521172968,0.6676240092886666,0.4345237239781402,1.1590340183356134,4.411450822496403,2.445384559222274,2.6847427278619436,1.0746255647368297,0.6998075176412413,2.663568454807588,1.5494942687389255,1.3218637519683125,0.29311125622426065
0.5227147893856214,5.584503039027826,1.5706391447944106,1.931171930677277,1.5656623275195645,0.559927521172968,0.3662230312816326,0.4345237239781402,1.1590340183356134,0.9396656351489513,-0.38239976154401534,-0.1937622071719984,2.264021558619581,0.6998075176412413,0.5673561475707743,-0.18739849426334976,-0.07378341758093787,0.21812122596676103
0.5227147893856214,5.458066544933417,0.484946276197935,1.931171930677277,16.42342298997413,-0.6719927295125512,-1.4235122259335249,0.4345237239781402,1.1590340183356134,9.856867553071456,0.6961729530861029,1.1424873365276715,0.16505558270242854,0.6998075176412413,5.951430160728942,1.5261906067430266,1.94618551106335,0.21812122596676103
1.9717448446268482,5.458066544933417,0.484946276197935,0.7998878566533837,6.802551552080142,-0.9075291838428472,-4.667101377093697,10.954803144680948,0.7318076671283849,6.223571642500298,0.6961729530861029,3.424425380325481,0.16505558270242854,0.6998075176412413,5.951430160728942,0.05031177904887363,0.24200874483812895,23.522473207332094
0.7385142254772735,0.8924751609804132,0.484946276197935,0.7998878566533837,6.802551552080142,0.9565239721107532,1.8424285074426678,10.954803144680948,0.7318076671283849,6.223571642500298,0.27970843850836835,0.5153286412946259,0.6719444517170308,0.6998075176412413,5.951430160728942,0.05031177904887363,0.09064403096572159,23.522473207332094
0.34693559009357644,0.8924751609804132,0.484946276197935,0.721464565517643,6.135609959709102,0.9565239721107532,0.8220033441645123,10.954803144680948,0.7318076671283849,6.223571642500298,-0.9298553864119032,-0.8047928543238007,0.6719444517170308,0.6998075176412413,5.951430160728942,0.05031177904887363,0.042582308216513536,23.522473207332094
0.34693559009357644,0.8924751609804132,0.484946276197935,2.676184860142568,22.75929722221667,1.1846825883702687,1.9607863871530824,10.954803144680948,0.7318076671283849,6.223571642500298,-0.3571210779906576,-0.30908945186018316,1.4667859166007227,0.7815414405565664,6.646526629015716,0.05031177904887363,0.04500035116542129,25.36570199486511
0.34693559009357644,0.17180730839623617,0.6090543175765327,0.3310731551398614,1.785015168037859,-1.4388812651953005,-0.6669522887274283,10.954803144680948,0.7318076671283849,3.94561674853622,0.12343154228195174,0.08506138673406818,1.005630976040453,0.31721682858489875,1.7103073498716732,0.05031177904887363,0.02282735586940705,25.82114860670371
0.34693559009357644,0.26056698152501195,1.2084758707998553,1.296599021876324,1.7756596194684608,-1.8437623763400857,-0.8523808059490385,10.954803144680948,0.17713628798735115,0.2425836734524989,0.12343154228195174,0.021091418715363793,1.005630976040453,0.31721682858489875,0.43442043656560825,0.05031177904887363,0.011504656391621881,27.981395765262924
7.244390493743806,0.26056698152501195,1.2084758707998553,1.0925627972414997,1.4962371620393582,0.7724352532196699,6.844853492568462,1.4810421353593168,0.03896453865121556,0.053360951772167105,0.21543681489342437,0.3605234806703653,1.0882928604725008,0.31721682858489875,0.43442043656560825,0.05031177904887363,0.24022967310668425,27.981395765262924
15.870793136838456,9.367549777258974,1.2084758707998553,1.5847782299032085,2.1703137679215745,0.7724352532196699,18.06017607498408,1.4810421353593168,0.007864774079222293,0.010770609504631679,0.494087043852907,0.8138085289425441,1.0882928604725008,0.24722937432464392,0.33857438524012434,0.05031177904887363,0.46461727651754336,0.14617564979955117
15.870793136838456,7.11589744075604,1.2084758707998553,1.5847782299032085,2.1703137679215745,0.7724352532196699,18.06017607498408,1.1856638466131195,0.02628905303374313,0.036002194293291025,0.494087043852907,1.487875465436243,4.89690230763829,0.24722937432464392,0.33857438524012434,0.05031177904887363,0.46461727651754336,0.14617564979955117
15.870793136838456,7.11589744075604,1.2084758707998553,1.5847782299032085,2.1703137679215745,-0.10900234281499588,-2.548565068229425,1.1856638466131195,0.02159651298704841,0.029575879192731556,0.494087043852907,1.348562033271484,0.2770533805991548,0.24722937432464392,0.33857438524012434,-1.5452149758875682,-14.26969165677071,0.1768011523793993
0.2535507993305089,1.1823257333838204,0.5666699181493713,0.21050057222759766,1.3110611828601562,-0.11523614280628922,-0.0334553191133469,1.1856638466131195,0.02159651298704841,0.1345096099398739,0.494087043852907,0.04594572474635423,0.6572601029045492,1.285485588809584,8.00639275598805,-1.8707986479144336,-1.342179115184114,0.1768011523793993
15.494698149238443,1.1823257333838204,0.5666699181493713,1.1684005686973067,7.277151864435349,-0.11523614280628922,-4.816732768489812,1.1856638466131195,0.09446859603007904,0.5883789670672249,-1.5151362450007366,-18.007912735151955,1.4779712215100602,1.285485588809584,8.00639275598805,-1.8707986479144336,-82.02167102964204,0.1768011523793993
15.494698149238443,1.1823257333838204,0.5666699181493713,1.1684005686973067,7.277151864435349,-0.07983750867134431,-3.3371122532128505,1.953344616284115,0.1897827805454164,1.182024514780592,-1.5151362450007366,-25.52395966076583,1.4779712215100602,0.6068108661311788,3.7794014690950877,-1.8707986479144336,-56.35360211802446,0.1768011523793993
15.494698149238443,0.34437898175889486,1.005714834748917,0.5122168881894013,1.0128244494876182,-0.07983750867134431,-1.2449651223456992,0.5364726509482666,0.1897827805454164,0.3752641598905371,0.645535326204234,6.12733574525501,1.4779712215100602,0.6068108661311788,1.199868445581512,-1.3833699862010005,-23.479469777970127,0.8488446578756933
18.181265881512438,2.772321138312073,1.005714834748917,2.784194733728555,5.50528606821773,-0.5350787799467316,-22.826103994205617,0.597348531315928,0.009032263262978317,0.017859811493701826,0.645535326204234,1.568492935002865,1.0317644207777215,0.6068108661311788,1.199868445581512,0.26864434300548745,5.350182961190126,0.9001870683072121
7.82390068063417,2.772321138312073,0.7788536645276144,2.784194733728555,9.179475522624369,-0.5350787799467316,-12.68381768513897,0.597348531315928,0.2776199043158167,0.9153113772496688,-0.6445464017761637,-4.824607052210878,2.009377351888872,0.6068108661311788,2.0006522622266822,-1.6282455613679205,-18.018931589070696,1.5243398281901503
1.3554010505507192,2.772321138312073,0.7788536645276144,0.3873168577190052,1.276981660751185,-0.5350787799467316,-0.8195545696899265,1.9263508651509904,0.051735180656293796,0.17057062091954203,-2.00928460925785,-1.1247639564961058,1.2037560643891938,1.3423445432786663,4.42570296132032,0.7820644125925986,2.229982592971699,0.6423365294990359
1.3554010505507192,2.772321138312073,0.7788536645276144,0.5961154492426636,1.9653895285022671,-0.5350787799467316,-1.0167398954006115,2.522717755942061,0.051735180656293796,0.17057062091954203,-2.00928460925785,-1.1247639564961058,1.2037560643891938,0.9362355231220246,3.0867636389789728,0.7820644125925986,1.8623531155481263,0.6423365294990359
3.9008711734607524,2.8359694151358936,1.8043701942179613,1.1106404573010262,0.682263591504488,-0.5350787799467316,-1.7240721406831927,0.25468439676341825,0.39086285831550427,0.24010605389622283,-2.00928460925785,-3.8406490199159595,1.2037560643891938,0.9362355231220246,0.5751270866285283,0.7820644125925986,2.313588105911515,2.430479632527872
3.9008711734607524,2.8359694151358936,0.6679991714291296,1.1106404573010262,4.977962693753357,-0.8766851091679185,-7.630114526589074,1.5989862967785082,1.2126739627217142,5.435283494700373,-2.174868640425043,-19.779064178750364,0.7481248962293371,0.9362355231220246,4.196268446760633,0.7820644125925986,6.2493631707248625,2.430479632527872
3.9008711734607524,22.87410055772114,0.6679991714291296,1.1106404573010262,4.977962693753357,-0.8766851091679185,-7.630114526589074,2.708305430649169,1.0023353817613572,4.492532308036294,-2.174868640425043,-17.982093174835633,0.7481248962293371,0.9362355231220246,4.196268446760633,0.11221140532998297,0.8966650476778283,2.7576321689077536
3.9008711734607524,29.763182744321487,0.5109491818264777,1.1106404573010262,8.508403332323043,-0.8766851091679185,-9.97537595314482,2.0034233326992816,0.6348609965921603,4.86354821982017,1.5226621255170523,13.099109309727995,0.7481248962293371,0.9362355231220246,7.17232061231458,0.11221140532998297,1.1722721753993637,2.5325590526118713
1.4249659467947275,29.763182744321487,0.5109491818264777,1.1106404573010262,8.508403332323043,0.4643396897402473,1.9300311892752344,1.1892783118473607,0.6348609965921603,4.86354821982017,1.5226621255170523,4.785029771476503,0.819073243525305,0.9362355231220246,7.17232061231458,0.11221140532998297,0.42822432632070007,2.5325590526118713
0.17292139214505203,16.31082072400939,0.5109491818264777,0.4365427096533757,3.3442698949957306,0.4643396897402473,0.14683689413083434,1.1892783118473607,0.6348609965921603,4.86354821982017,0.32974875160028616,0.12575014552524813,0.47000893318503234,0.8640719376277217,6.619489237177947,0.11221140532998297,0.04992268843743261,2.5325590526118713
0.17292139214505203,2.4170644637483605,1.0112900246524594,0.20504330322678826,0.4009813175861593,0.4643396897402473,0.050844806561667705,1.1892783118473607,0.2814626897820438,0.5504265607510139,0.32974875160028616,0.04230401374364421,0.47000893318503234,1.8929276512854591,3.701796702271194,0.11221140532998297,0.037332924056385906,0.5964824684016835
8.330873874510042,0.5083152640550307,1.2015878082665707,2.7783676846904304,3.8486523981840692,-0.024539775503819306,-0.40106566978078073,1.1892783118473607,0.6063387235155143,0.8399129442904758,0.32974875160028616,2.517623923331752,0.5392468729287899,1.8929276512854591,2.6221225451376675,-0.4192800203669348,-5.656153923553808,0.5964824684016835
6.185341169883988,0.5083152640550307,1.2015878082665707,2.7783676846904304,3.8486523981840692,-1.4479744640388035,-17.57028905952665,6.312158514847031,1.7895997723781847,2.4789906295359123,0.32974875160028616,3.2113250124664465,0.5874512616165953,0.4704444225975888,0.6516693471563563,-0.4192800203669348,-2.0935410158565286,2.2454019135996606
6.185341169883988,5.009668042850289,1.2015878082665707,2.7783676846904304,3.8486523981840692,-1.4479744640388035,-17.57028905952665,1.466147899053738,1.8029008220114016,2.4974155186718328,0.32974875160028616,3.2232368713576918,1.03687337624842,1.9448387773958895,2.6940309110095533,-0.4192800203669348,-4.256661489967181,2.2454019135996606
6.185341169883988,0.35529903830259607,1.2015878082665707,2.7783676846904304,3.8486523981840692,-1.4479744640388035,-17.57028905952665,6.085317861446394,1.8029008220114016,2.4974155186718328,1.41258291283717,13.80775304352256,0.9671420342298471,2.9721689556392215,4.117109928236033,-0.9908117036305668,-12.435149724909564,2.2454019135996606
5.509353211658347,0.35529903830259607,0.866300508914637,1.763939562160746,4.700851774912757,-1.640692606961585,-19.59819688463586,6.085317861446394,1.8029008220114016,4.8046824908004595,1.41258291283717,17.05873849525219,1.3206382484930324,2.9721689556392215,7.920750806984849,-0.9908117036305668,-15.36296069591512,1.7404354821468622
5.509353211658347,1.7108690028980127,0.27166871158457034,1.763939562160746,47.800721331899176,-1.640692606961585,-62.494969832711405,6.085317861446394,1.8029008220114016,48.856526397340055,0.8324090721779531,32.05521649521185,1.3206382484930324,1.7669633060309908,47.882661292440424,1.2735875103114915,48.5532771087898,3.140819594981296
3.8044241492277133,1.7108690028980127,0.27166871158457034,1.763939562160746,47.800721331899176,-1.640692606961585,-43.15522408940964,6.085317861446394,1.8029008220114016,48.856526397340055,0.8324090721779531,22.135382332184573,1.3206382484930324,1.7669633060309908,47.882661292440424,2.0812401375935234,54.78986908789751,2.612103850141764
9.574329106745454,1.7108690028980127,1.3266836921807657,1.763939562160746,2.0043747125380236,0.9685301848522516,13.128374883884675,6.085317861446394,1.8029008220114016,2.048646617136397,0.8324090721779531,11.407190177581775,1.3206382484930324,1.7669633060309908,2.0078106101621387,2.0812401375935234,28.235268183360702,1.750318290621793
0.46883527248731344,1.7108690028980127,0.26197939348397464,1.763939562160746,51.401930700456454,0.9478232062048101,3.185938085332098,0.6868973539951364,0.3534329831695334,10.299183769018724,0.8324090721779531,1.252444490309223,1.3206382484930324,1.3721715418927183,39.98564804516837,1.874759507540914,5.5579919356713186,1.750318290621793
0.4211420983940891,0.26593304133284246,0.26197939348397464,1.763939562160746,51.401930700456454,0.24856178657211092,0.7505035215895873,0.6868973539951364,0.3534329831695334,10.299183769018724,0.8324090721779531,1.1250371542495545,1.3206382484930324,1.3721715418927183,39.98564804516837,1.874759507540914,4.9925944654886925,1.750318290621793
0.4211420983940891,0.43079701731648684,0.20780260990911645,0.6589394574712096,30.519225915814122,0.24856178657211092,0.5782954503413232,0.6868973539951364,0.033668346650755715,1.55937220938276,0.8324090721779531,0.43776431506757657,1.3206382484930324,1.3721715418927183,63.55305150944704,1.874759507540914,6.294227346577688,1.750318290621793
0.4211420983940891,0.5673267322448722,0.45149221799666245,0.6188684287219028,6.071944388811578,0.24856178657211092,0.2579448795879051,0.6868973539951364,0.07460732709152383,0.7319997596794119,0.8324090721779531,0.29993070668028693,0.6537603389664077,4.75714871522461,46.67412507664084,1.874759507540914,5.394017042814343,0.6540193047711333
5.868021590827774,1.1836971523762496,0.45149221799666245,0.446337560146024,4.3791809665287325,0.24856178657211092,3.0522669289602673,1.212417710193856,0.07460732709152383,0.7319997596794119,0.8324090721779531,4.17911168050745,0.6537603389664077,0.13049730801446122,1.2803567937531477,1.073980171752114,7.131049835961141,0.6540193047711333
19.622419017724706,1.1836971523762496,0.45149221799666245,0.446337560146024,4.3791809665287325,0.5777106017497454,23.722438485326624,0.8637195609160565,0.07460732709152383,0.7319997596794119,0.8324090721779531,13.974774844892295,0.6537603389664077,0.13049730801446122,1.2803567937531477,-1.5781165883768171,-35.039438291066965,1.6198569555093765
8.839040863507803,3.9662369099835253,0.20139963591613366,2.7295920318893403,134.58925065937908,1.4394117107545739,147.60305996204923,1.47499141480566,0.006914965227538983,0.34095937320931663,0.8324090721779531,4.296286783806268,0.6367584008891525,0.4853436887097993,23.93106464723115,-0.585609642324426,-25.32178812681123,0.867393433694458
10.598245063518426,2.2620371575676774,0.20139963591613366,0.42547298908298503,20.978992504183374,-0.16266690859994126,-7.896333540209856,1.47499141480566,0.006914965227538983,0.34095937320931663,0.8324090721779531,5.151362110556447,1.2111551559349563,0.2287539381669933,11.279275717245985,0.12542440354216433,4.4643332743335895,0.4558489554997548
2.341937823697486,1.5083421960786525,0.20139963591613366,2.376861661982511,117.1970119599915,-0.16266690859994126,-4.124134719194372,1.47499141480566,0.014197194001145066,0.7000275791241067,0.8324090721779531,1.6310592620276667,1.2111551559349563,0.2287539381669933,11.279275717245985,-1.7330129966559669,-13.630688308208232,0.1446529064032269
5.702844928605843,0.6769150516870617,0.20139963591613366,1.0863107953716826,53.563226381148866,-0.16266690859994126,-6.789286567060691,0.2464761182408041,0.012940302451516407,0.6380534489799998,-1.2223217276201792,-5.568082026007455,0.7091177996796003,1.6988994306518477,83.7684161756623,-1.7330129966559669,-90.4551991763895,0.1446529064032269
5.702844928605843,3.1630782865763867,0.20139963591613366,1.5311318283264361,75.49622178979693,-0.16266690859994126,-8.060340427961824,0.2464761182408041,0.07064438943922755,3.4832954254097297,-1.071290224154284,-11.402336643760767,0.5068825038346305,1.6068438657023376,79.22939006449484,-0.2912723316616994,-14.785429714885284,0.18875096224551452
5.702844928605843,3.1630782865763867,0.20139963591613366,0.5991533552098848,29.54273025626284,-0.16266690859994126,-5.042153816741347,0.41048082840757916,0.07064438943922755,3.4832954254097297,-1.071290224154284,-11.402336643760767,0.5068825038346305,0.5729762150521077,28.25200195801157,-0.2912723316616994,-8.829079119727956,0.18875096224551452
1.8587910726645864,5.029985812679671,0.20139963591613366,0.9688354012467189,47.770813052901325,-0.16266690859994126,-2.0898307141450063,0.20706896200116323,3.378255845697207,166.57321588579688,-0.5604081851302496,-13.444282606147869,3.043828993963639,0.8950090528114288,44.130623310719834,0.2685530578298384,3.3161236087043533,0.18875096224551452
1.8587910726645864,98.21285438276666,0.20139963591613366,0.47267025240568933,23.30616969021118,-0.16266690859994126,-1.4597054963117329,0.4200464015389973,3.378255845697207,166.57321588579688,-0.2466590736026688,-5.917390896269956,0.2359565283744315,0.20847627429873825,10.279435611740483,0.9706323101094184,5.784555032220519,0.18875096224551452
1.8587910726645864,139.8049376164415,0.20139963591613366,0.3900166495937955,19.230730453582535,-0.7792993157176762,-6.352325785395097,0.4200464015389973,0.7368264822589283,36.3310424981618,-0.5823325022026168,-6.524399388603282,4.1646794290416125,0.21359222013897605,10.531689907989648,0.9706323101094184,5.855100495149611,0.18875096224551452
1.8989315443927115,63.099671250576996,1.570001185879772,1.0799375887057296,0.8762513345555624,-0.7792993157176762,-1.385249333926691,0.7374703453187573,0.7368264822589283,0.5978541678404317,-0.5823325022026168,-0.8550233397639286,4.609376078493444,1.6894889690482955,1.3708356661792855,0.9706323101094184,2.158026385890903,0.21699840786988842
1.8989315443927115,5.000402085850566,1.570001185879772,1.0799375887057296,0.8762513345555624,-0.7792993157176762,-1.385249333926691,1.4558758283918296,0.1055309074448422,0.08562679867104796,-0.5823325022026168,-0.3235826243947707,4.609376078493444,0.20495919963543174,0.1663019919745795,0.9706323101094184,0.7516450096290093,0.21699840786988842
1.8989315443927115,5.000402085850566,0.8415538533359287,1.0799375887057296,3.049754125929714,-0.7792993157176762,-2.5843183872107143,1.4558758283918296,0.05246239513714174,0.14815430789607453,-0.5823325022026168,-0.4256351455458861,4.609376078493444,0.14581834371217345,0.4117924035827004,0.9706323101094184,1.1827779462724777,0.46786056211944516
1.8989315443927115,0.5183298352616718,0.8415538533359287,1.0799375887057296,3.049754125929714,-1.15951736493107,-3.8452004076532154,0.575220298185529,1.074665465828016,3.034865600271499,-0.5823325022026168,-1.9264159741191855,5.388904123030757,0.14581834371217345,0.4117924035827004,0.9706323101094184,1.1827779462724777,0.46786056211944516
0.3341117187288712,2.210781722137811,0.8415538533359287,1.0799375887057296,3.049754125929714,-0.7754446835301005,-0.4524545344509174,0.5285234034169715,1.419082411334809,4.0075023633443605,0.447212393286161,0.29911792015261324,0.6876651884769421,1.644743167025405,4.644770505434506,1.486228736550204,1.0701865612083892,0.46786056211944516
0.3341117187288712,12.905471003652424,0.8415538533359287,1.0799375887057296,3.049754125929714,-0.7754446835301005,-0.4524545344509174,0.5285234034169715,1.419082411334809,4.0075023633443605,-0.35070730091759084,-0.23457050834832632,0.2852149720745394,2.4696161861705237,6.97421983641007,1.486228736550204,1.3113698035178647,0.46786056211944516
0.3341117187288712,54.363459514162365,0.8415538533359287,1.6470497357478904,4.651284277667002,-0.15212257447294175,-0.10961546156769808,0.5210987833231963,1.419082411334809,4.0075023633443605,-0.35070730091759084,-0.23457050834832632,0.2852149720745394,2.4696161861705237,6.97421983641007,1.486228736550204,1.3113698035178647,0.46786056211944516
2.502241692089242,54.363459514162365,0.6246386717027272,0.7757529361423349,3.9764514782178106,-0.15212257447294175,-0.7590506672342298,2.273744587154196,1.419082411334809,7.274110208755738,-0.35070730091759084,-2.3668133013155646,0.2852149720745394,2.4696161861705237,12.659067696169936,1.1442421087493218,10.187040743718752,0.46786056211944516
2.502241692089242,20.50785213196408,0.6246386717027272,0.40179863170271335,2.059589707678524,-0.15212257447294175,-0.5462774570562158,1.1027911293488586,1.419082411334809,7.274110208755738,1.4388700434037789,9.710481500334664,0.5528723786096599,1.9024957781663012,9.752050939069182,0.34106297631418636,2.665089597866909,0.46786056211944516
2.502241692089242,20.50785213196408,0.9809962637690293,0.40179863170271335,0.8350331991760354,0.9641631472104941,2.204609400053978,1.1027911293488586,1.419082411334809,2.949191043308737,1.1459286549782612,4.9242295343902045,0.6649473490761039,1.9024957781663012,3.9538390893190773,0.34106297631418636,1.6969667345973618,0.46786056211944516
105.68580313571411,20.50785213196408,0.483691553801181,1.22822322325988,10.499540492325668,0.9641631472104941,330.18118821500434,0.606168191499235,1.2561483424986268,10.738260062716178,1.1459286549782612,396.8635294348822,0.6649473490761039,0.5363780652085549,4.58526032418205,0.34106297631418636,77.18505685905252,0.4047710668333832
105.68580313571411,21.935468036444306,0.6750412597696377,2.1548656154548707,9.45778745576142,0.9641631472104941,313.3732737748402,0.606168191499235,1.2561483424986268,5.51328303308194,-0.6560601465614002,-162.80414312000187,0.6649473490761039,0.5363780652085549,2.3541838063085905,1.9199259515447167,311.3302461801393,0.4047710668333832
105.68580313571411,20.991438672595656,0.6092164145459549,1.1018650063019364,5.937658197286788,-0.03545299939821123,-9.130135695550802,0.606168191499235,1.2561483424986268,6.769050165117378,-0.6560601465614002,-180.39486665727787,0.6649473490761039,1.1474245817623925,6.1831666626164825,1.9199259515447167,504.55278467921516,0.4047710668333832
26.914061773173742,20.991438672595656,0.6092164145459549,1.1018650063019364,5.937658197286788,-0.03545299939821123,-2.32509030368029,1.7334239451892297,1.2561483424986268,6.769050165117378,-0.6560601465614002,-45.939553286478514,1.1630112146513987,1.1474245817623925,6.1831666626164825,1.9199259515447167,128.4899618659786,0.4047710668333832
26.914061773173742,6.097667031457299,0.6092164145459549,1.4933489774559345,8.047261458243742,-1.1213493397177614,-85.61389042468674,1.615924304944664,1.643860691372055,8.85832915420508,-0.6560601465614002,-52.55315675666283,0.7026556279661978,2.330534190978577,12.558630471044445,1.4447495767189837,137.79801504150535,0.4047710668333832
26.914061773173742,2.202074739352284,0.8055653703344842,1.5233796600699634,4.695010537753922,-1.1213493397177614,-65.3940842085526,1.6557264435523666,1.643860691372055,5.066329471825027,-0.6560601465614002,-39.74382081378694,0.7026556279661978,2.330534190978577,7.182636654566932,1.4447495767189837,104.21104946489758,0.4047710668333832
2.7925272422327105,2.202074739352284,0.8055653703344842,1.5233796600699634,4.695010537753922,-1.1213493397177614,-6.785105985573015,0.5938874640980715,1.643860691372055,5.066329471825027,-0.6560601465614002,-4.123706903412812,0.6334374254609849,2.330534190978577,7.182636654566932,1.882382509918687,14.08793198472818,0.4047710668333832
2.7925272422327105,2.202074739352284,0.8055653703344842,0.44905394611396743,1.3839708276846967,0.4665355038367758,1.5326591632645048,0.5938874640980715,1.643860691372055,5.066329471825027,-0.6560601465614002,-4.123706903412812,0.5036208913281429,0.3145287010452963,0.9693680469423485,-0.5742787181896856,-1.578935869403759,0.4047710668333832
2.7925272422327105,0.5622021454992211,0.8055653703344842,0.44905394611396743,1.3839708276846967,1.2052329814706635,3.959422932934779,0.5938874640980715,1.863335946664563,5.742745642648282,-0.6560601465614002,-4.390367407350955,0.5036208913281429,0.32031714644396614,0.9872078624895247,0.09338780825015103,0.25911461188805246,0.4047710668333832
0.45449624237222136,0.19537435254434615,0.9404822957156657,0.5347416850014342,1.2091294158293877,-1.0167602482332807,-0.508142182858233,0.7931052069590807,1.3310367542637018,3.0096694128605246,-0.6560601465614002,-0.517289128078965,1.2826929854706264,0.21217151461841216,0.47975092782510315,-1.8081618023212842,-0.5692139029366658,0.14217205621736395
0.45449624237222136,0.2894057175226704,0.9404822957156657,0.058335037053473995,0.13190407864811124,-1.0167602482332807,-0.16783323580739584,0.7931052069590807,0.3709102521685124,0.838682506168266,-0.6560601465614002,-0.27306921745129203,1.2826929854706264,0.21217151461841216,0.47975092782510315,-1.8081618023212842,-0.5692139029366658,1.0550717183342961
0.45449624237222136,0.2894057175226704,0.8324414503691296,1.1956394240797548,3.450824143622916,0.36344985941571695,0.306857128099756,1.2449878229300844,0.45454529951299333,1.3118971006974065,-0.41339352424204034,-0.21520078553538977,1.2826929854706264,0.21217151461841216,0.6123640375925077,0.3913815102812004,0.13919878376765987,0.6091397138687323
8.120855079505157,0.2894057175226704,0.7430557918059928,1.1956394240797548,4.330991935063172,0.36344985941571695,6.142426282836473,1.2449878229300844,0.055121993921310425,0.19966965483890906,0.33051813219595483,1.199369729973937,1.4875638013913848,0.21217151461841216,0.7685537128969622,0.13547746829818286,0.9645082463860167,0.6091397138687323
0.713061618861961,0.2894057175226704,0.377047666251992,1.1956394240797548,16.820453791122908,0.36344985941571695,1.062895137211558,1.2449878229300844,0.677877752278199,9.536496688373775,0.22314151850693198,0.49136234997294437,1.4875638013913848,0.31298077068366886,4.403065409830048,2.473730336293962,3.7013229871108337,0.8523148513068669
0.713061618861961,1.54768404989004,0.09621152536865295,1.4039739164444727,303.3435987428165,0.36344985941571695,4.513765402466423,1.2449878229300844,0.3932080264839397,84.95680468926744,0.22314151850693198,1.4665826061107898,1.4875638013913848,0.10654785029738571,23.020803997107688,2.473730336293962,8.463298514635325,2.3257952269132747
0.713061618861961,1.2716170938362181,0.1769296955170952,2.5704921105371956,164.2270949694063,0.36344985941571695,3.3211919099041065,0.5321165628799096,0.3932080264839397,25.121809027694493,0.22314151850693198,0.7975040549336159,1.4875638013913848,0.10654785029738571,6.807273929316986,2.473730336293962,4.602205736937154,0.5631548071476641
0.713061618861961,1.2716170938362181,0.1769296955170952,1.673261834271176,106.90362714558468,0.36344985941571695,2.679586532410093,4.420809475724109,0.3932080264839397,25.121809027694493,-0.9997119460350564,-3.5729537741931514,0.32008886146674637,0.10155479756987897,6.488270987776684,-1.2989623163540518,-2.359326811390797,0.5631548071476641
0.713061618861961,1.2716170938362181,0.1769296955170952,0.22018898142438612,14.067733028771045,0.36344985941571695,0.9720388544800341,4.4099687076035,0.9937393699388555,63.48937202055064,-0.9997119460350564,-5.68005391787512,3.4812909713901266,0.10155479756987897,6.488270987776684,-1.2989623163540518,-2.359326811390797,0.5631548071476641
0.713061618861961,1.2716170938362181,0.4214957971325629,0.22018898142438612,2.4787862654417747,1.191553126922427,1.3377039580153467,3.7091696119998456,0.9937393699388555,11.18706070439358,-0.9997119460350564,-2.384294735670305,3.4812909713901266,1.1100989268863137,12.496983070846317,-1.2989623163540518,-3.2743583218140784,1.3906911458242968
0.713061618861961,1.5782761641579304,0.4214957971325629,0.22018898142438612,2.4787862654417747,1.191553126922427,1.3377039580153467,0.2886171584401777,0.9937393699388555,11.18706070439358,-0.9997119460350564,-2.384294735670305,3.4812909713901266,0.28123378324307224,3.166000563568392,-1.5942216013117814,-2.0226989273185145,2.0799083846674016
0.713061618861961,1.5782761641579304,1.1425099578199254,2.998661897267566,4.594492099274777,-0.4442084500205332,-0.6789419307162572,0.2886171584401777,0.842898695847059,1.2914731741138243,-0.9997119460350564,-0.8101112017064038,3.4812909713901266,0.28123378324307224,0.4309009949860833,2.159754341122026,1.01092785888249,2.0799083846674016
0.713061618861961,5.783448265599935,1.1425099578199254,4.57325366754631,7.007051332685164,-0.4442084500205332,-0.8384584117059635,2.118714013995798,0.842898695847059,1.2914731741138243,-2.5354223380758767,-2.054565862974976,3.4812909713901266,0.28123378324307224,0.4309009949860833,0.8236467253559623,0.3855287634736753,2.0799083846674016
0.713061618861961,5.70670284124211,1.1425099578199254,4.57325366754631,7.007051332685164,-0.20358684888039244,-0.3842770346862726,3.101451441100494,0.842898695847059,1.2914731741138243,-2.5354223380758767,-2.054565862974976,3.4812909713901266,0.9252124544443322,1.4175927322678783,0.8236467253559623,0.6992681955822727,0.470983296728369
0.713061618861961,15.861159275658125,1.1425099578199254,4.57325366754631,7.007051332685164,-0.20358684888039244,-0.3842770346862726,3.101451441100494,0.842898695847059,1.2914731741138243,1.138901878101267,0.9229030149670173,1.8676868314208352,0.9252124544443322,1.4175927322678783,0.8236467253559623,0.6992681955822727,0.470983296728369
0.713061618861961,0.8211290892535392,1.1425099578199254,0.28533616888921076,0.43718659139044513,-0.20358684888039244,-0.09598650926600157,3.101451441100494,0.4992163666636215,0.7648897178287022,-0.6692196778377826,-0.41734496154798395,1.7920116316795984,0.9252124544443322,1.4175927322678783,0.2982707207081885,0.25322899034716495,0.7305231903306091
0.713061618861961,0.8211290892535392,0.9800391599267905,1.3468103501960578,2.804462144864853,-0.20358684888039244,-0.24310929971204914,3.101451441100494,0.4992163666636215,1.039517852087559,-0.6692196778377826,-0.4865323692271279,1.7920116316795984,0.43436132738090394,0.9044702542237414,0.2982707207081885,0.20227156221797427,0.7305231903306091
0.713061618861961,6.239051309843663,0.9273647309038696,1.5050672869435315,3.50013473108328,-0.20358684888039244,-0.27159336891788805,1.1309280966535953,0.7551936345416371,1.7562533528451947,-0.6692196778377826,-0.6323963381759613,0.771425709194893,0.43436132738090394,1.0101363447296676,0.2982707207081885,0.21376061144785105,0.7305231903306091
0.713061618861961,12.542012239960085,0.9273647309038696,0.8620379848498676,2.0047270420802574,-0.20358684888039244,-0.20554381148089648,1.1309280966535953,0.7551936345416371,1.7562533528451947,0.15946882484090474,0.15069416549203318,0.771425709194893,0.2825542656781307,0.6570988601607038,0.2982707207081885,0.1724062641691877,0.7305231903306091
0.3090391315600504,17.065561805857854,0.9273647309038696,0.031093191228913408,0.07230929770691177,-0.20358684888039244,-0.016918438105490336,1.1309280966535953,0.7551936345416371,1.7562533528451947,1.1498283779283858,0.4709123505660016,0.2305158017900435,0.2825542656781307,0.6570988601607038,0.2982707207081885,0.07472044595443685,0.7305231903306091
0.3090391315600504,34.04153016512121,0.7415797263594477,0.0591460063778886,0.21509966039787629,-0.20358684888039244,-0.02917985016285026,0.5499651515772145,0.7551936345416371,2.7464558348485895,2.34417988193106,1.2005789346953115,0.2305158017900435,0.2825542656781307,1.027581240278946,0.2982707207081885,0.09343986060099857,1.3199788233615073
0.3090391315600504,20.486266814948795,0.6462170383355764,0.08088610485761855,0.38738884297334847,-0.20358684888039244,-0.03915946496689548,0.5499651515772145,0.8964178022127289,4.293225095103499,1.2793017376876674,0.8191780261229171,1.3855992857317785,0.2825542656781307,1.353240711132172,0.9073121166694991,0.3261802886791538,1.3199788233615073
8.925768700673789,20.486266814948795,1.3160550932087345,0.06779303449694035,0.07828290418965386,-0.20358684888039244,-0.5084272431774864,0.47966621953805344,0.2514059845973968,0.2903069725523475,1.2793017376876674,6.152439498770038,0.6902664662098862,0.2734379328269777,0.31574800650467094,0.9073121166694991,4.5506417591566,1.3199788233615073
8.925768700673789,29.513608206381008,1.3160550932087345,0.06779303449694035,0.07828290418965386,-0.20358684888039244,-0.5084272431774864,0.47966621953805344,0.4798850895887992,0.5541395036981108,-0.678885080593183,-4.510777949622477,0.6902664662098862,0.2734379328269777,0.31574800650467094,0.9073121166694991,4.5506417591566,1.3199788233615073
8.925768700673789,36.698922863648114,0.605736096107063,0.06779303449694035,0.36952868882710793,1.4478451356463327,7.855825362255539,0.47966621953805344,0.4798850895887992,2.6157747511867395,0.09123224485012715,1.3170254321561217,1.1053134039687402,0.2734379328269777,1.4904652305792299,0.9073121166694991,9.886971080303379,1.3199788233615073
0.32220849094192916,124.67787179145765,0.8011977504552469,0.06779303449694035,0.21122028635209578,1.4478451356463327,0.21440104894583834,0.47966621953805344,1.4515458185530095,4.52252839429678,0.09123224485012715,0.06251381356331384,1.1053134039687402,1.289825427664584,4.018662067528833,-1.0780674445373857,-0.6963437085441816,1.3199788233615073
0.32220849094192916,138.10107744999326,0.567567585426801,0.06779303449694035,0.4209009450595326,-1.1873408076516514,-0.2482003134590822,8.925834509914433,1.0476895220935227,6.504702337790114,0.29363399795991396,0.24129983945519048,1.4838168416952928,1.289825427664584,8.008031289561776,-0.5698050643149046,-0.5195485851030224,0.917213081208331
0.32220849094192916,115.43653704002533,0.567567585426801,0.2268201095843513,1.4082390497930717,0.1659047805200924,0.06343574909534075,0.7169834376179989,1.0476895220935227,6.504702337790114,0.8502144000679467,0.6986813504711876,1.4838168416952928,0.1049756975880679,0.6517538365257218,-0.5698050643149046,-0.14821941126677282,0.917213081208331
1.1399746510185267,115.43653704002533,0.567567585426801,0.2268201095843513,1.4082390497930717,0.1659047805200924,0.22443587915904137,0.48330336162425624,1.0476895220935227,6.504702337790114,-1.6193429224018199,-4.708122297947966,1.4838168416952928,0.1049756975880679,0.6517538365257218,0.9884565566253476,0.9096924262316485,0.917213081208331
1.1399746510185267,4.08176048702577,0.567567585426801,1.7247587279244878,10.708365305817045,0.22709351451866763,0.8471523403723147,0.7937547452022021,1.0476895220935227,6.504702337790114,-1.6193429224018199,-4.708122297947966,1.4838168416952928,0.1049756975880679,0.6517538365257218,0.8801296274975067,0.8099974155364233,0.917213081208331
2.069534337785145,39.36002652451487,0.567567585426801,3.017893655744061,18.73694401228155,1.0109512421825524,9.05632973261393,0.8636179309070026,1.0476895220935227,6.504702337790114,-1.755096952998621,-9.263763574427978,1.4838168416952928,2.332491152842465,14.481542799484815,0.8801296274975067,6.931491474972107,0.4691436406821117
5.045730524424739,7.126670837636736,1.0300743497004679,3.017893655744061,5.688487161062104,1.0109512421825524,12.166135635241103,0.8636179309070026,1.0476895220935227,1.9748106046960479,2.0171421334488406,14.302872882037743,1.4838168416952928,2.332491152842465,4.396558490714611,0.17858683267419884,1.8894261211194614,0.4691436406821117
1.0049852559937291,13.654979082530417,1.0300743497004679,1.9114615256979188,3.602951458246787,0.19946096717338868,0.3804931270566285,0.8636179309070026,1.1819931492058902,2.2279621553011055,2.0171421334488406,3.02586881850239,1.4838168416952928,0.5817799411537186,1.0966084638262215,0.9194760135198636,0.9676669122223056,2.9305668948484795
1.0049852559937291,13.654979082530417,1.274988196295881,1.9114615256979188,2.351707088748966,-0.582820657991129,-0.8982272809837442,0.8636179309070026,1.1819931492058902,1.4542284165647923,2.23772620394972,2.711957949417085,2.807483362867601,0.5817799411537186,0.7157748106928826,0.9194760135198636,0.7817867398536569,3.0472663735952774
1.0049852559937291,0.6999644989201242,0.5231651951356565,0.3440152512237733,2.513795848799581,-0.582820657991129,-0.9286661795345799,0.8636179309070026,0.8748846209327843,6.392976242930726,2.23772620394972,5.686148310733158,0.39060425094917645,0.5817799411537186,4.251195247258901,0.63504942483783,1.3158995642681754,3.0472663735952774
1.0049852559937291,0.6999644989201242,0.3561996506028175,0.505226786127318,7.96396578148966,-0.3008362558141319,-0.8532072906546524,0.8636179309070026,2.0503835799390058,32.3205046088897,2.23772620394972,12.785146363727852,0.21388089508143673,0.5817799411537186,9.170684672561462,0.63504942483783,1.9327162481889306,1.6116367527311717
0.21202856847298773,0.6999644989201242,0.3561996506028175,0.505226786127318,7.96396578148966,-0.5975952051230364,-0.35757420197239237,0.8636179309070026,2.0503835799390058,32.3205046088897,2.23772620394972,2.6973692052212117,0.21388089508143673,0.5817799411537186,9.170684672561462,0.10792895766614197,0.0693000015659148,1.3851755172789655
0.2147281267977662,1.9953598083446369,0.8566299345065383,0.37642442478327065,1.0259384298526104,-2.016639641170349,-0.4386093489352498,1.731912443411497,2.0503835799390058,5.588285913724497,1.0459569079616993,0.5309358329874732,0.21388089508143673,0.5817799411537186,1.5856314310386288,0.10792895766614197,0.029182872744119653,1.3851755172789655
3.182112458874238,0.5713677517652398,0.8566299345065383,0.7296685526840421,1.9886993509640145,-2.016639641170349,-9.049579295869949,0.0923167371057333,2.0503835799390058,5.588285913724497,1.0459569079616993,7.868077434510483,0.3250056907248653,0.12256515558422494,0.3340492672523015,-1.0560978333599875,-1.942338583751598,1.3851755172789655
3.182112458874238,0.5713677517652398,0.8566299345065383,0.7296685526840421,1.9886993509640145,-2.070299805589971,-9.29037685981299,0.0923167371057333,1.7548060768045606,4.782694407168824,0.6442285697296295,4.483238268857774,0.3250056907248653,0.12256515558422494,0.3340492672523015,-0.44254465966159073,-0.8139128216551588,0.8274891805425613
0.8416241082812163,0.5713677517652398,0.42329861141394914,1.220487884431842,13.622906649248009,-2.070299805589971,-6.431115346032852,0.0923167371057333,1.7548060768045606,19.586887896859466,0.6442285697296295,2.399611125565899,0.3250056907248653,1.5186520553369873,16.95097136681142,-0.44254465966159073,-1.5334604054381338,0.8274891805425613
13.802550390667554,0.3230976553820873,0.42329861141394914,1.9838817032562168,22.14379642055337,-2.070299805589971,-134.46790007325725,0.07808040171736333,1.7548060768045606,19.586887896859466,-0.6754916943391729,-41.263121019743316,0.3250056907248653,1.5977385705697815,17.833723443233897,-0.44254465966159073,-25.795114468899122,0.8274891805425613
13.802550390667554,0.767505469483382,0.42329861141394914,1.3718924995841648,15.312862743687713,-2.070299805589971,-111.82033205215588,0.1454129446930474,1.7548060768045606,19.586887896859466,-0.6170057279498486,-37.69044421364247,0.3250056907248653,1.5977385705697815,17.833723443233897,0.362424832370036,21.125077058901976,0.8274891805425613
13.802550390667554,1.6559719633616328,0.19219675196908062,1.3718924995841648,74.27762165656338,-2.070299805589971,-246.2757086193579,0.1454129446930474,1.7548060768045606,95.00950103090129,0.20753046189360969,27.92059780312947,0.3250056907248653,1.5977385705697815,86.50548136013037,0.1196292531779233,15.357430069671633,2.2432955671212595
13.802550390667554,1.6559719633616328,0.19219675196908062,1.2154468585141334,65.8072712896501,-1.800043582494836,-201.5483760420991,0.1454129446930474,0.7378963805663714,39.95151820865679,1.6645747215782705,145.22095228176053,4.128202180815151,2.946351837582415,159.5227083210981,-0.6009390950127346,-104.76134296643727,1.5639062693764008
25.66093677230924,1.6559719633616328,0.10453342805375888,1.2154468585141334,222.46187099732958,-0.06969623677943781,-26.675319418680164,0.1454129446930474,0.9509979839745261,174.0600910255275,1.6645747215782705,563.5408527712243,1.5403594179282527,1.0805190940984106,197.7661940854627,-1.5147483392620542,-546.6244073820459,1.5639062693764008
12.754331640548214,1.6559719633616328,0.10453342805375888,0.7816896906805444,143.07178459509396,-0.06969623677943781,-10.63271153734271,0.7645633478721148,0.02885930743611698,5.282086570016073,-1.1630186177636612,-34.091580031714976,1.5403594179282527,0.6565063459173002,120.15961784863538,-1.5147483392620542,-211.7763503655824,1.5639062693764008
30.41768567912801,1.5358252454044166,0.10453342805375888,0.14007576164999683,25.63790905357129,-0.06969623677943781,-10.73437587020807,0.6459986498911843,0.02885930743611698,5.282086570016073,-1.1630186177636612,-81.30468886450961,1.9855000260748963,0.36047113155975374,65.97662563819517,-1.437317848215867,-355.1191040381297,1.5639062693764008
30.41768567912801,1.5358252454044166,0.5818354639692334,0.14007576164999683,0.8275468895827927,1.2769599911252205,35.334566176202294,2.1515886220637297,0.02885930743611698,0.17049652147490363,-1.1630186177636612,-14.607321777657894,1.5190833625922162,0.36047113155975374,2.129610149484921,-1.9356723969396348,-85.92273226598142,1.5639062693764008
25.971304750149862,1.5358252454044166,0.5818354639692334,0.14007576164999683,0.8275468895827927,1.2769599911252205,30.16944799998981,0.941910808854874,0.02885930743611698,0.17049652147490363,-1.1630186177636612,-12.472060151879692,1.5190833625922162,0.36047113155975374,2.129610149484921,-0.7015391965714397,-26.5886179269048,0.46906736194687393
25.971304750149862,1.5358252454044166,0.4221459753574758,1.6924319010772806,18.993976318591102,1.2769599911252205,144.53698954351094,0.941910808854874,0.02885930743611698,0.3238848202185454,-1.1630186177636612,-17.189994288056635,1.5190833625922162,0.36047113155975374,4.0455277001240235,-0.908339323778627,-47.449263303153934,0.46906736194687393
8.775861209615131,1.5358252454044166,0.4221459753574758,0.6058401765710921,6.799277394450936,1.2769599911252205,29.22122488312947,1.120125749498262,0.02885930743611698,0.3238848202185454,0.8995647924489281,4.4928042067992235,0.41515016115826575,0.36047113155975374,4.0455277001240235,-0.908339323778627,-16.033393518458503,0.46906736194687393
32.5826129074003,1.8429317282560864,0.4221459753574758,0.6058401765710921,6.799277394450936,-0.5701720406202622,-48.44212721528265,1.120125749498262,0.052085184896801494,0.5845462779622425,0.8995647924489281,22.409275101346065,0.18128655839096885,0.36047113155975374,4.0455277001240235,1.3783868213761579,90.33262083644861,1.3813710069756129
67.59133574860968,1.8429317282560864,0.4221459753574758,0.6258013128901497,7.023299022910559,0.8716307337998301,156.13279844802975,0.11106513152252749,0.16756805946463774,1.8805978256482068,0.8995647924489281,83.38183402613267,0.18128655839096885,0.36047113155975374,4.0455277001240235,0.5505874562802341,74.85226243680252,0.6150747293775249
0.4503074757731653,1.8429317282560864,1.0656518392732188,0.6258013128901497,1.1021375214780957,0.5583875622139574,0.2639749929443928,0.11106513152252749,0.16756805946463774,0.2951145066863553,0.8995647924489281,0.22005786016510742,0.44060304521598176,0.36047113155975374,0.6348480760880248,0.6216227980032119,0.22303395962270559,0.6150747293775249
0.4503074757731653,0.7349945396046432,0.676805903808674,1.4525855283491467,6.342251092439457,0.5583875622139574,0.6332374756796678,0.11106513152252749,0.1795093585520649,0.7837703206872987,-0.7263711211654627,-0.2895757122374766,2.2946293984586172,0.36047113155975374,1.5738821455325829,1.5475062741566865,0.87423397396206,0.6150747293775249
0.4503074757731653,0.7349945396046432,0.676805903808674,0.1551125138296273,0.6772492848700092,0.5583875622139574,0.20692795727543237,0.11106513152252749,0.09072956507786487,0.39614168804615385,-0.7263711211654627,-0.20586996951206796,1.9682399761263711,0.36047113155975374,1.5738821455325829,1.5475062741566865,0.87423397396206,0.6150747293775249
13.648646465357727,0.7349945396046432,0.676805903808674,0.03187488805428762,0.1391715252825373,1.4651251054133367,7.460011351007918,0.09710205329278904,1.3279888577120853,5.798239497225298,-0.7263711211654627,-23.872408031190158,4.316569123653711,0.690992080823018,3.016996379171847,0.7415175187657951,17.57917117283773,0.6150747293775249
0.7762144622163664,0.7349945396046432,0.676805903808674,0.03187488805428762,0.1391715252825373,0.2249668323332319,0.06514414926431943,0.09710205329278904,0.11548697594377501,0.5042370208481683,-0.7263711211654627,-0.4003664373987585,3.7192161927170186,0.690992080823018,3.016996379171847,-0.787574730675937,-1.0618444415233759,0.6150747293775249
0.7762144622163664,0.3737363579080576,0.676805903808674,0.03187488805428762,0.1391715252825373,-0.9366360546753278,-0.27122379916756967,0.09710205329278904,0.11548697594377501,0.5042370208481683,-0.7263711211654627,-0.4003664373987585,6.158998307384221,0.690992080823018,3.016996379171847,-1.0750597629656249,-1.4494449722006104,0.6150747293775249
0.7762144622163664,0.1524862941764056,0.765045235580995,0.08710746506383721,0.2976536012340727,-0.9366360546753278,-0.39665065173862113,0.09710205329278904,0.11548697594377501,0.39462879857777233,-0.7263711211654627,-0.35418868834931544,4.5914427656265335,0.7034535061300063,2.403760334971083,-0.8559413944260835,-1.0300809186273452,0.6150747293775249
0.23559271898337902,0.618946490089344,0.765045235580995,0.03734241231725666,0.12760219226737077,0.3784933689554555,0.03185291682552218,0.06563159998066881,0.11548697594377501,0.39462879857777233,0.5979042230839844,0.0884887118400924,4.5914427656265335,0.7034535061300063,2.403760334971083,-0.18444565063335694,-0.06737144547167528,0.2721195115262054
0.23559271898337902,0.618946490089344,0.765045235580995,0.03734241231725666,0.12760219226737077,0.3784933689554555,0.03185291682552218,0.2185088650230991,0.11548697594377501,0.39462879857777233,0.5979042230839844,0.0884887118400924,4.5914427656265335,0.7034535061300063,2.403760334971083,-1.1725343439518656,-0.4282851525420215,0.6482940955350215
14.11535795561167,0.618946490089344,0.3939451557457487,0.5647688475575763,7.278287387919903,-0.749827989399092,-28.554078139491907,0.32511522879711735,0.11548697594377501,1.4883034078732467,1.7761054752168517,30.584852275472127,4.5914427656265335,0.7034535061300063,9.065543901360638,-1.1725343439518656,-49.83269799079651,0.2779002868658949
14.11535795561167,0.8320873578695319,1.0703980481890458,0.5647688475575763,0.9858483452678894,-0.749827989399092,-10.50893242833319,4.726198862497463,0.1305697086367148,0.22791967325799248,0.9373645313827209,6.316715531596368,2.2295998542974487,0.8804550265297655,1.5369033450427272,-1.1725343439518656,-20.51827027198796,0.2779002868658949
24.195290924966812,0.8320873578695319,1.0703980481890458,0.832266468501024,1.4527864352681714,-0.749827989399092,-21.867210426936634,3.1718431535170306,0.1305697086367148,0.22791967325799248,0.8833866554219862,10.204050275432536,0.7428674972069161,0.8804550265297655,1.5369033450427272,-1.1725343439518656,-35.17059362355603,0.15840752039576333
274.5309800759913,0.8320873578695319,0.6576446566015489,0.879187654398875,4.0656406045873466,0.6411708502063753,354.9193052403102,3.1718431535170306,0.04517048938755976,0.2088825688853756,0.8833866554219862,110.83917763688984,0.7428674972069161,0.8804550265297655,4.071501332465735,-1.1725343439518656,-649.5225349327914,2.1357645331742185
12.697386436204333,0.8320873578695319,0.5012142541752749,3.4705945894707453,27.63039248355357,-0.06816571782294611,-4.549606929161841,3.1718431535170306,0.30748071698800417,2.4479416055329577,0.8833866554219862,17.549538428693058,3.7281834226437955,0.8804550265297655,7.009553354615479,0.8566054010625714,28.79654063397272,2.2238306920114925
23.400082108291617,0.8320873578695319,0.1506955508413435,6.134312418636022,540.2503111780268,0.2764777110263132,150.37478500397685,3.1718431535170306,0.30748071698800417,27.079897745238807,1.287143862042145,156.73571932064172,3.824491467181125,0.8804550265297655,77.54187749158186,0.8566054010625714,176.5087932501012,1.221881431418778
0.8734236224100393,4.282141672463545,0.1506955508413435,6.134312418636022,540.2503111780268,0.3032553149088965,6.156457242137058,0.8966836440627184,0.2823195976199275,24.863952152560074,-0.15564739562246266,-0.6778785198255538,3.824491467181125,0.8804550265297655,77.54187749158186,0.8566054010625714,6.588308061239681,1.221881431418778
1.3637068727894075,0.7515824130563861,0.1506955508413435,6.16491584883253,542.9455623420447,0.33357687089353777,10.599737340591762,2.100713604365963,0.2823195976199275,24.863952152560074,0.8256084840292427,5.614101460149784,3.824491467181125,0.8804550265297655,77.54187749158186,1.2683697954665518,15.231233522289465,0.8052057163816567
1.3637068727894075,0.7515824130563861,0.1506955508413435,6.16491584883253,542.9455623420447,0.04230812056794497,1.3443826731543107,2.100713604365963,0.2823195976199275,24.863952152560074,0.8256084840292427,5.614101460149784,3.824491467181125,0.8804550265297655,77.54187749158186,1.6079630755265828,19.309243397392155,6.042467802533473
1.3637068727894075,1.6456318683249034,0.7119538583609143,2.816575204307052,11.113418049724203,0.04230812056794497,0.19233954673436668,2.100713604365963,1.592503946082128,6.283575198554065,0.7947714599436426,2.716856504407939,5.9210346891713055,0.8804550265297655,3.4740292994284236,1.6079630755265828,4.087086594064777,0.12265746487842404
1.6365918005425852,1.6456318683249034,0.7119538583609143,0.9687279503492247,3.822329569691742,0.04230812056794497,0.13537178932505584,3.692661857458743,1.592503946082128,6.283575198554065,-0.25291140262475786,-1.0375575370848051,5.9210346891713055,0.785361792620561,3.098817992974705,-0.924234807793441,-2.6626907282769796,0.12265746487842404
1.6365918005425852,1.6456318683249034,0.7119538583609143,0.9687279503492247,3.822329569691742,0.5697361358057164,1.8229644595841017,3.692661857458743,1.1377240949834333,4.4891410935735205,-0.25291140262475786,-0.8769814533532337,5.9210346891713055,0.7502666096071232,2.9603422158097668,-0.924234807793441,-2.6025174535994613,0.12265746487842404
1.6365918005425852,2.9930088673709014,1.2618709060929387,0.9687279503492247,1.216751727512671,0.46111069179971037,0.8324277491946285,3.692661857458743,0.13914655895658037,0.17477230416117143,-1.1989375657296408,-0.8203010074027,0.8096811824972762,0.7502666096071232,0.9423576485074548,0.3860035514875886,0.6132528163601445,0.12265746487842404
1.8597253642110236,2.437474249923258,1.2618709060929387,0.9687279503492247,1.216751727512671,-2.0101656264833627,-4.123648533400543,2.407212948109137,0.13914655895658037,0.17477230416117143,-1.0732408381830212,-0.8344153984715923,0.8096811824972762,0.7502666096071232,0.9423576485074548,0.3860035514875886,0.6968639442533547,0.5307693748020387
1.8597253642110236,10.083938526195054,1.2618709060929387,0.9687279503492247,1.216751727512671,-2.0101656264833627,-4.123648533400543,2.407212948109137,0.9787547671150028,1.2293457139015382,0.5563656265056076,1.1472184437404598,0.32552402151927495,0.7502666096071232,0.9423576485074548,0.3860035514875886,0.6968639442533547,4.876643546430921
1.8597253642110236,2.1833501412196967,0.8028041967795815,0.9687279503492247,3.006163225775751,0.26822207837698775,0.8648675779413126,2.438080556591902,0.9787547671150028,3.037278512396734,0.30258906340233727,0.9807184604010962,0.32552402151927495,0.7502666096071232,2.328232493462493,0.32258203326951873,0.9153815660208265,0.27880882746515967
1.4003636666050863,2.0615062849171872,0.8028041967795815,0.6886561475045656,2.1370424845141693,0.26822207837698775,0.5490879785687146,2.438080556591902,0.9787547671150028,3.037278512396734,0.30258906340233727,0.7384759736807774,0.21054070605435599,1.3324727553909848,4.134938601864892,0.32258203326951873,0.9185769466056948,0.27880882746515967
1.4003636666050863,3.3215476001252284,0.8028041967795815,0.6886561475045656,2.1370424845141693,0.8213178758190341,1.6813521650591898,2.438080556591902,0.9787547671150028,3.037278512396734,-0.9427448930006218,-2.300791856001485,4.190785290329532,1.0758935547956952,3.338720265178684,0.9704128004310101,2.4830608773997653,0.5893349017130974
0.6877702504358022,0.29415648012775275,0.5176251363171623,0.6886561475045656,5.140456739398143,0.8213178758190341,1.2807239056081512,9.18458281341504,0.9787547671150028,7.305890693150343,-0.9427448930006218,-1.7525651038763284,7.454581751802908,0.9214207316287139,6.877922206728849,-0.011291888469967537,-0.020367540854040245,0.5893349017130974
0.6877702504358022,0.20648375399783236,0.5176251363171623,0.6886561475045656,5.140456739398143,0.8213178758190341,1.2807239056081512,9.18458281341504,0.9787547671150028,7.305890693150343,-0.5045751126866416,-0.9380063910656379,6.837999865719948,1.7636382683090672,13.164634128427222,-0.011291888469967537,-0.02817827240736259,0.5893349017130974
0.6877702504358022,0.20648375399783236,0.5176251363171623,1.1667372997302063,8.709081647260788,0.27927890488413787,0.5668494117976912,2.1525284858977347,0.9787547671150028,7.305890693150343,-0.5045751126866416,-0.9380063910656379,0.7654340355662139,0.504852613688365,3.7684598182141658,-0.5025534838358037,-0.670976977381778,0.5893349017130974
2.6074190110284063,0.20648375399783236,0.5176251363171623,1.1667372997302063,8.709081647260788,1.2224854873114432,9.406774232304281,2.1525284858977347,0.9787547671150028,7.305890693150343,-0.9262740537608616,-6.52810170384926,0.7847467219142853,0.504852613688365,3.7684598182141658,-0.39040681007679057,-1.97610563618152,0.22298918674690466
1.8328293408208562,9.81081880885163,0.5176251363171623,1.1667372997302063,8.709081647260788,-1.3023350027553933,-7.044187751628039,2.1525284858977347,0.9787547671150028,7.305890693150343,-0.9262740537608616,-4.588789255608905,0.17745470494338708,0.504852613688365,3.7684598182141658,-0.39040681007679057,-1.3890611272050342,2.577369438446656
11.828012109101367,11.120225811203687,0.5176251363171623,1.8959991710159814,14.15263880509798,-0.9460535553639903,-42.096519876518464,6.234800884143624,2.4599698151844804,18.362383696135133,-0.9715883534291038,-49.24459722978107,0.5452528396251755,0.504852613688365,3.7684598182141658,-0.4805061766853692,-11.03297615637608,2.577369438446656
78.59082021066862,11.120225811203687,0.5176251363171623,1.8959991710159814,14.15263880509798,-0.6764054887141371,-199.98510751623814,4.0119556084097665,0.714353979432726,5.332277568707094,-0.9715883534291038,-176.32362086775393,0.4716346844310835,0.504852613688365,3.7684598182141658,0.4344316788514482,66.27889394227691,1.371318397137656
5.05621844436664,11.120225811203687,1.019659036025002,1.8959991710159814,3.647188369958667,0.8669019114980208,8.370952667641102,0.5516439627643062,0.714353979432726,1.3741480300461433,-0.9715883534291038,-5.758705755556918,0.4716346844310835,0.504852613688365,0.9711463007659302,-0.20740635892392145,-1.0334518000953243,1.371318397137656
5.05621844436664,11.120225811203687,1.019659036025002,1.8959991710159814,3.647188369958667,0.3814411011052227,3.68326030949352,0.5516439627643062,0.3007922613756413,0.5786110322373973,-0.1079727365626506,-0.41527261457739795,1.324965470899809,1.2858602361963036,2.473510838263934,-0.20740635892392145,-1.6493195421217708,1.371318397137656
5.05621844436664,1.4740098141912275,0.3595302304752331,0.34757032901683965,5.377765545622113,0.3814411011052227,4.472540152270963,3.1179346024505015,1.3482300341215074,20.860425703139597,1.6298808799741726,37.639450725222275,1.324965470899809,1.2858602361963036,19.895411942274745,-0.20740635892392145,-4.677613818994096,1.371318397137656
5.05621844436664,1.4740098141912275,0.3595302304752331,1.9081600312602618,29.52391621192578,0.3814411011052227,10.479493630394863,3.1179346024505015,1.3482300341215074,20.860425703139597,1.6298808799741726,37.639450725222275,1.324965470899809,0.5030097779432492,7.782795098148829,0.48188038741927974,6.797244277061433,8.723837888079178
5.05621844436664,1.4740098141912275,0.23338973125476498,1.9081600312602618,70.06180189604886,2.416950645753749,102.29025518168241,1.5871441578286132,0.8528324243296512,31.313398973380668,1.6298808799741726,46.11548700739633,0.39803752401832276,0.5030097779432492,18.46898102711003,0.843390310734035,18.32634691584246,0.18158542215517698
5.05621844436664,1.4740098141912275,0.17756613415842687,0.402481545691471,25.53028650493279,2.574113396799004,65.76295925228438,1.5108002306881776,0.8528324243296512,54.097029707103424,1.6298808799741726,60.61336622745894,1.3153150661819768,0.04962250497182223,3.147664240969247,0.7325029666350733,6.570968974290082,0.18158542215517698
8.683794115484176,1.4740098141912275,1.2003410600766529,0.402481545691471,0.558684526684489,1.516719374034687,9.844599985103446,1.8913595818076323,0.8528324243296512,1.183816461719311,0.7391409118994238,6.983593418449824,1.3153150661819768,0.04962250497182223,0.06888098597279038,0.7325029666350733,1.6694314224461944,0.0630666417975045
1.4285232492863877,0.31325102690020096,1.2003410600766529,0.7626521240828127,1.058637210896488,2.843740721838882,4.179755593475632,1.8913595818076323,0.8528324243296512,1.183816461719311,0.9695599526943397,1.506968481868789,1.3153150661819768,2.1239018676839123,2.94818761847255,0.7325029666350733,1.7966945888770702,0.0630666417975045
1.4285232492863877,0.31325102690020096,0.3091663123943249,0.7626521240828127,15.957768042511207,2.843740721838882,16.227939651894477,1.8913595818076323,0.8528324243296512,17.84470478326144,-0.41443855688994,-2.500933531824339,1.438703333084187,2.7024408192172547,56.54599571665283,0.7325029666350733,7.868602904520222,1.2412098462158896
2.058041493929021,0.31325102690020096,0.3091663123943249,0.7626521240828127,15.957768042511207,1.258052426244987,10.342819375596369,1.8913595818076323,0.8528324243296512,17.84470478326144,-0.4904011695416597,-4.263441494466151,0.3291465168295457,1.838675044665437,38.472521011609956,-0.6426219549932775,-8.203232268707177,0.9213200164454327
2.058041493929021,0.744169002452582,0.3091663123943249,0.7626521240828127,15.957768042511207,0.22109433854002436,1.817681648857707,5.937892598603016,0.9228679295621202,19.310130908683814,-0.4904011695416597,-4.435047064846963,0.3291465168295457,1.838675044665437,38.472521011609956,-1.6809769556198095,-21.458097250097573,0.9213200164454327
2.058041493929021,0.744169002452582,0.3144633409043964,1.7153183009096349,34.69242584024973,0.22109433854002436,2.6800881772930047,5.937892598603016,0.9228679295621202,18.665064781096472,-1.2312272978554217,-10.947302359576517,2.0081375470396017,1.838675044665437,37.18732412377729,-1.6809769556198095,-21.09664286696103,0.7590448297106789
1.285705734298418,0.744169002452582,0.3144633409043964,0.28552083145580703,5.7746776594607425,-0.49481961807279284,-1.5288059495002926,5.937892598603016,0.4962735573180871,10.037165448887535,-1.3380133653472541,-5.450138941260955,2.0081375470396017,0.5359155480804464,10.83892732827383,0.7911689737071297,3.348913890814754,0.7590448297106789
1.285705734298418,0.5731211125569879,0.3144633409043964,0.28552083145580703,5.7746776594607425,-0.20867694624948402,-0.6447330406831849,5.937892598603016,1.0262741868688203,20.756463159536246,-1.3380133653472541,-7.837520846024163,1.6481924045900764,0.6554839200838338,13.257205543090963,-1.627388225815752,-7.618311833860488,0.7590448297106789
1.285705734298418,0.5731211125569879,0.3144633409043964,0.6066682806113065,12.2699060131163,-1.0958636234534294,-4.9353585570629255,0.6696852466465945,0.11934788177612511,2.4138187854192537,-1.3380133653472541,-2.6727255412180284,0.8521200662363679,0.3315283200108754,6.705182151802734,-1.627388225815752,-5.4179880221491565,0.7590448297106789
1.285705734298418,0.8492812468366312,0.6698697606043449,0.6066682806113065,2.703961712835681,-0.918983087255405,-1.9428951699297534,1.0094542419414279,0.11934788177612511,0.531941611494015,-1.3380133653472541,-1.2546830032358396,2.338412591113132,0.3315283200108754,1.477644229440921,-1.627388225815752,-2.5434177128520106,0.5460826425708041
0.3352514434996537,14.086430410529553,0.3013328308491624,0.9229926178497075,20.329903636095263,-0.918983087255405,-1.3891394191810533,1.0094542419414279,0.20024828105415685,4.4106834425274055,-1.3380133653472541,-0.9420719061342115,2.338412591113132,0.1588540454113481,3.498930948050628,-1.627388225815752,-1.0205387788626383,0.23789089447724576
0.3352514434996537,4.375438838664218,0.20434546146065383,3.4980083080028828,167.54089821976385,-1.26151670867281,-5.474243146007262,1.0094542419414279,1.054017358329608,50.48330347007846,-1.3380133653472541,-3.187168255127156,0.8216718208567105,0.17268456429229606,8.270914321166329,0.8311873264206737,0.8013944494469248,0.23789089447724576
0.3352514434996537,0.3387388578659379,0.20434546146065383,3.4980083080028828,167.54089821976385,-1.26151670867281,-5.474243146007262,1.0094542419414279,1.054017358329608,50.48330347007846,-1.105909153643635,-2.6342924808025105,0.8216718208567105,0.14650567758969948,7.017048176105462,-0.1538580808541954,-0.13663696176628437,0.23789089447724576
0.4231229111075193,0.3387388578659379,0.20434546146065383,1.1475485791331297,54.963082637315416,-1.26151670867281,-3.9572646018999866,1.0094542419414279,1.054017358329608,50.48330347007846,-1.105909153643635,-3.324756760329829,0.4521627893771579,1.3184268956140088,63.14748476237291,-0.1538580808541954,-0.5173266854452033,0.23789089447724576
0.4231229111075193,0.3387388578659379,0.20434546146065383,1.1475485791331297,54.963082637315416,-1.26151670867281,-3.9572646018999866,20.05280614671854,1.054017358329608,50.48330347007846,-2.0039915408041065,-6.024712247819263,0.49551305143960256,1.3184268956140088,63.14748476237291,0.6318813420276799,2.124614309830272,0.23789089447724576
0.4231229111075193,0.3387388578659379,0.27401393339311264,2.5667839923310445,68.3713293481611,-1.602982987726747,-5.6083158879506225,20.05280614671854,3.6156144409876623,96.30898684085774,-2.0039915408041065,-8.321389164496525,0.49551305143960256,6.772592419851044,180.4012913677133,1.1140856569272508,6.331475723739154,0.23789089447724576
1.0417185814252223,0.38026605687772,0.39471590157186043,2.5667839923310445,32.94959434915873,-0.7368908395763457,-4.4063460856729915,8.303360830573553,3.6156144409876623,46.41334428975934,-2.1706587395296064,-15.405059966472852,0.8019160236328072,6.772592419851044,86.93921015286527,1.1140856569272508,10.821235261906248,0.23789089447724576
1.0417185814252223,0.38026605687772,0.39471590157186043,2.5667839923310445,32.94959434915873,-0.7368908395763457,-4.4063460856729915,0.17901747489578562,3.6156144409876623,46.41334428975934,-0.12505977622630038,-0.8875431762144831,5.262467829319493,2.409724769173134,30.93343805891032,-0.8303641009945157,-4.810974687309347,0.23789089447724576
1.0417185814252223,0.38026605687772,0.2126525238578823,2.5667839923310445,113.52152976697506,-0.7368908395763457,-8.178858337963641,1.719665194280758,1.29067465564036,57.082856125612174,-0.12505977622630038,-0.9842850878855259,1.1281696433190154,0.7809415425711655,34.538815434464546,1.04761617175495,6.413665768715762,0.5898311171449917
1.0417185814252223,0.38026605687772,0.1692833519404835,2.5667839923310445,179.13927746760172,-0.7368908395763457,-10.274222762646728,1.719665194280758,1.29067465564036,90.07790524951191,-0.6070823991864551,-6.00215479617935,0.11772843989985597,0.4444168101734,31.01644178348583,0.8891516288242134,5.158485643817285,0.8526047347024045
1.0417185814252223,0.27740700759616893,0.1692833519404835,2.5667839923310445,179.13927746760172,0.48066461416888473,6.70174611334833,0.30527115716722625,1.29067465564036,90.07790524951191,0.01888931835083274,0.18675654719679596,0.26268360285580084,0.11428515042319773,7.976113039997239,0.8891516288242134,2.6159045268583894,0.8526047347024045
1.0417185814252223,1.1928882425394514,0.6492878705586143,2.5667839923310445,12.177124271275122,0.9371107918206716,3.406541775618823,0.1769943162944571,4.140285840926176,19.642001568574724,0.01888931835083274,0.08720865080028704,0.26268360285580084,0.29409993757368985,1.3952445935104574,0.15220949661494998,0.1872911838063516,0.8526047347024045
1.337326546741417,1.1928882425394514,0.6492878705586143,2.5667839923310445,12.177124271275122,0.9371107918206716,4.373214446156747,0.1769943162944571,1.4993828693227518,7.113248167557301,0.01888931835083274,0.06737328636325429,0.26268360285580084,0.29409993757368985,1.3952445935104574,0.15220949661494998,0.24043871016698345,0.5516859027271044
1.337326546741417,1.1928882425394514,0.6492878705586143,2.5667839923310445,12.177124271275122,0.9371107918206716,4.373214446156747,0.1769943162944571,0.9119835964547095,4.3265571316377205,-1.1973098606896801,-3.3305445434670116,0.26268360285580084,0.29847844152988046,1.4160167297541395,0.15220949661494998,0.2422219006393522,0.6227044511722791
1.7686248509173907,1.1928882425394514,0.6492878705586143,2.5667839923310445,12.177124271275122,0.5440238423642844,3.3575773427700426,0.1769943162944571,0.20997431813319947,0.9961427893128529,-0.8496387511835786,-1.499791309371838,0.5146250974133728,1.166333732356648,5.533224004482298,0.8277994956180728,3.4438958303574694,0.6227044511722791
1.7686248509173907,1.1928882425394514,0.6492878705586143,2.5667839923310445,12.177124271275122,0.8268847044813722,5.10332292934819,0.6737514947654706,0.5380891181391024,2.552757879189553,-0.8496387511835786,-2.400904289784079,0.5146250974133728,0.16461728762701994,0.7809637174860208,0.8277994956180728,1.2938272959600843,0.6227044511722791
1.7686248509173907,1.203500368178675,0.6492878705586143,2.5667839923310445,12.177124271275122,0.8268847044813722,5.10332292934819,0.6737514947654706,0.5380891181391024,2.552757879189553,-0.8496387511835786,-2.400904289784079,0.5146250974133728,1.7562963627329353,8.33207590903082,-1.1489166954603895,-5.86544372484359,0.7123451830153134
1.7686248509173907,1.203500368178675,0.6492878705586143,3.9101486777136105,18.550203877670043,0.8268847044813722,6.298759481089218,0.6737514947654706,0.795753053250088,3.775145804097406,-0.8496387511835786,-2.9196910578504305,0.972895067598854,1.7562963627329353,8.33207590903082,-1.1489166954603895,-5.86544372484359,1.231485306169824
1.7686248509173907,0.2624031791154682,0.46683235668975176,0.6173457172627543,5.665477714587295,-0.6939818474485474,-2.92147451045482,0.6737514947654706,0.795753053250088,7.302749599515472,-0.8496387511835786,-4.060815327975638,0.972895067598854,1.7562963627329353,16.117805024051293,1.406318679231247,9.985559807131482,2.275187030664568
1.7686248509173907,0.2624031791154682,0.46683235668975176,0.6173457172627543,5.665477714587295,-0.6939818474485474,-2.92147451045482,0.6737514947654706,0.795753053250088,7.302749599515472,0.8150600911453805,3.895547968749888,0.972895067598854,0.23575893700404468,2.1635964521362525,0.8575129401619184,2.230820032290997,2.275187030664568
1.7686248509173907,0.6188728627195903,0.25830293141939936,0.6173457172627543,18.50545490546071,-0.6939818474485474,-5.279997494531857,0.6737514947654706,0.795753053250088,23.85336421882814,0.38420093284925405,3.31870735434505,0.972895067598854,0.23575893700404468,7.067071586131693,-0.18962200170073973,-0.891546901620542,2.9561112557671243
1.7686248509173907,2.5872348635318176,0.447334375068562,1.248388105216258,12.477140706235637,-0.6939818474485474,-4.335521757681058,0.6737514947654706,0.795753053250088,7.953234071465315,-0.0394243420397512,-0.19664008768522276,0.972895067598854,0.23575893700404468,2.3563164511587824,-0.18962200170073973,-0.514803223318514,2.9561112557671243
1.328982661560566,0.7191061559322156,0.28306843453504027,1.248388105216258,31.15994851618124,-0.18973023679048695,-1.4075188813128339,0.9032542308472875,0.795753053250088,19.86211184427413,-0.0394243420397512,-0.23350515921018578,1.2317361081388283,0.060214956595684,1.5029740667871643,-1.391786819657911,-2.2676069422584235,0.26730336880489824
1.328982661560566,0.7191061559322156,0.28306843453504027,0.3353313692238181,8.369919704629574,1.0045554339139813,3.8623699368745474,2.550336759301576,2.8604680448376447,71.39769806912915,-0.0394243420397512,-0.44271666882209404,1.2317361081388283,0.09635500539971707,2.40503493664051,-1.391786819657911,-2.8684859639013522,0.15416849139844238
1.328982661560566,0.7191061559322156,0.28306843453504027,0.3353313692238181,8.369919704629574,-0.2471501942581391,-0.9502566488302733,0.1988113717388756,0.20761116320449272,5.182004802677805,-0.0394243420397512,-0.11927039968587998,1.2317361081388283,0.1132497569683576,2.8267303908609076,-1.391786819657911,-3.109812668636692,0.15416849139844238
1.328982661560566,0.7191061559322156,0.8771518603831855,0.3353313692238181,0.8716750197618689,0.5387205327916292,0.6684364802318712,0.1988113717388756,0.20761116320449272,0.5396735331023328,-0.4311900281439931,-0.42097236139278893,0.6723686734305251,0.3473672883199883,0.902961713995965,-1.391786819657911,-1.7576269479841424,0.43970980151973676
1.5230515839420449,0.7191061559322156,0.8771518603831855,0.0660778778356897,0.171765724159862,-1.029897080122927,-0.6500947994626161,0.1988113717388756,0.11411816709886757,0.2966437520931703,-0.4311900281439931,-0.3576851616635145,0.6723686734305251,0.3473672883199883,0.902961713995965,-1.391786819657911,-2.0142900163671342,0.43970980151973676
1.0347217892349319,0.7191061559322156,1.1297111276272642,0.0660778778356897,0.10355027801016353,-0.1531873130828968,-0.05100608941230955,0.4035578592600214,0.40586326494938385,0.6360260846168061,-0.4311900281439931,-0.3558195178427648,0.6723686734305251,0.11633927540909621,0.18231463701163445,-1.391786819657911,-0.6149036663260576,0.43970980151973676
0.3921409772243738,1.7187323141892947,1.1297111276272642,0.0010404972574785327,0.0016305575150072486,-0.1531873130828968,-0.0024256776498398714,3.9292306865089643,1.1602253964640021,1.8181828214435969,-1.2367581131021559,-0.6539518456948155,0.6723686734305251,0.04964494136919489,0.07779831388292256,-1.5890377063838694,-0.17380470217777302,8.49706892967473
14.963556115197836,1.7187323141892947,1.1297111276272642,0.0037041192816467186,0.005804704902162532,0.062486722000310746,0.07123814993331065,3.9292306865089643,1.1602253964640021,1.8181828214435969,-1.6536151211620573,-33.36476164747611,0.67299356239347,0.5659207871876947,0.8868513451769015,-1.5890377063838694,-22.392079837925223,8.49706892967473
2.9129892734635026,1.862795697819713,1.1297111276272642,3.097568534728898e-05,4.8541825711216755e-05,0.062486722000310746,0.0012681910422698344,0.5973827692894506,2.6585916271200762,4.166264279678246,-1.3127846151497047,-7.805590645172306,0.67299356239347,1.533195914085789,2.402662863090314,-1.5890377063838694,-7.174960359786071,6.029034755882568
0.4338938556812943,1.862795697819713,1.1297111276272642,5.8621064279773954e-05,9.186474660273721e-05,-0.2192190031210261,-0.0009116667998542914,1.322703210651799,2.6585916271200762,4.166264279678246,-1.3127846151497047,-1.162653721988066,0.67299356239347,1.533195914085789,2.402662863090314,-0.8586859351450011,-0.5775163280241806,6.029034755882568
0.41857648702231764,1.862795697819713,0.759616692970526,0.00020750227523302616,0.0007192234826662003,0.40383340498756687,0.004533242992893543,1.322703210651799,0.40095415450215277,1.3897468982770076,-1.3127846151497047,-0.6477928705408792,0.67299356239347,0.1623825403077408,0.5628340028231639,-0.8586859351450011,-0.2696493275727567,3.225870526346947
0.41857648702231764,0.5623057960209148,0.5441725989238112,0.00020750227523302616,0.0014014561681749103,2.233836171590466,0.03500385752339749,1.322703210651799,0.40095415450215277,2.708016923435462,-1.3127846151497047,-0.9042614035019455,3.094459320075122,0.8258239553166753,5.577558485589805,-0.8586859351450011,-0.8488505700969493,0.41328221503720636
0.7020069022351558,0.5623057960209148,0.5441725989238112,0.0017691614030905297,0.01194879505814488,1.6330210032151882,0.12531273502892024,1.322703210651799,0.40095415450215277,2.708016923435462,-1.3127846151497047,-1.5165633196433437,3.094459320075122,0.8258239553166753,5.577558485589805,-0.8586859351450011,-1.42363218587224,0.41328221503720636
0.3675649380749779,3.3322623898860173,0.5441725989238112,0.007403644114038678,0.05000370573739109,1.6330210032151882,0.13422300057843708,1.235020029883969,0.40095415450215277,2.708016923435462,-1.3127846151497047,-0.7940598602330562,0.4347882260724137,0.8258239553166753,5.577558485589805,-0.8586859351450011,-0.7454018964423085,0.38345347058279544
0.3675649380749779,3.3322623898860173,0.9941840177053233,0.007403644114038678,0.01498104041628067,-0.009927352207614204,-0.0004466203376518118,1.235020029883969,0.6248999972125915,1.26446544028556,-1.3127846151497047,-0.5426015598066516,0.4347882260724137,2.4703237557715925,4.998622226632753,-0.8586859351450011,-0.7056568876308092,0.3145270171949071
0.3675649380749779,4.805347859557069,0.9680556486868875,2.4723492716821216,5.276417751980377,-0.009927352207614204,-0.008381796145900386,1.235020029883969,0.5053759078804719,1.078558940804288,-0.7298780986237812,-0.2786161913122083,0.5803831705170311,2.4703237557715925,5.2720949533250065,-0.7914407347608793,-0.6679502065467833,0.3145270171949071
5.397644365066493,4.805347859557069,0.80269977469307,2.057813413821639,6.387482265487721,-0.07863183610306221,-1.0726734644665215,1.235020029883969,0.5053759078804719,1.5686940454899108,-0.7298780986237812,-4.934279233569197,0.5803831705170311,2.4703237557715925,7.667920266250012,-0.5933157499205384,-8.868066435956505,0.3145270171949071
5.397644365066493,4.805347859557069,0.5772908151482375,2.057813413821639,12.349423775579899,-0.029573840643216262,-0.5609644532367764,1.235020029883969,0.5053759078804719,3.032880051449273,-0.7298780986237812,-6.860917799361908,0.5686715525768238,2.4703237557715925,14.824995657040525,0.6313650141267593,13.121457158762643,1.3025087776045607
0.6086241420113122,3.7547813496514677,0.3845748561251772,1.2123494579190346,16.394419582608954,-0.029573840643216262,-0.07287942316920226,1.235020029883969,3.27404124923125,44.27436793909217,-0.7298780986237812,-2.95580440686342,0.5686715525768238,1.8186105207113974,24.59279685336467,0.6313650141267593,1.9056083587481545,1.3025087776045607
0.6086241420113122,3.849393476002168,1.3855596437258237,1.581211116361543,1.647287502816757,-0.029573840643216262,-0.023101575832785833,1.235020029883969,1.3594248526766006,1.416233131465442,-0.7298780986237812,-0.5286483516343619,0.8910287319337215,1.8186105207113974,1.8946074640256816,0.6313650141267593,0.5289191726354319,1.3025087776045607
1.5699653828592857,3.849393476002168,1.3855596437258237,1.581211116361543,1.647287502816757,-0.029573840643216262,-0.05959125155159935,1.235020029883969,1.3594248526766006,1.416233131465442,-0.7298780986237812,-1.3636652812174266,0.8910287319337215,1.8186105207113974,1.8946074640256816,0.6313650141267593,1.3643638726259537,1.4922308410958447
5.539702894952744,3.849393476002168,1.3855596437258237,0.30365679628574554,0.3163461478932012,-0.029573840643216262,-0.09214578557650173,0.6045408961232746,2.4175794512495203,2.5186063871557955,-0.7298780986237812,-6.416777130570032,3.0173771636042517,0.6570577318889179,0.6845151663620459,0.6313650141267593,2.8937334425328096,1.4922308410958447
5.539702894952744,5.897570945479524,1.3936050891740712,0.30365679628574554,0.3127040846096057,0.42643353779410514,1.321005432946471,0.3694297068134319,2.4175794512495203,2.489609910007017,-2.1269704731148593,-18.59146384311999,3.0173771636042517,0.6570577318889179,0.6766344079868463,0.2268202185813043,1.0335828087378864,1.4922308410958447
5.539702894952744,4.77197022903804,1.0127621336342933,0.46609496570377973,0.9088443207179192,0.33169010832839896,1.7517161836091955,0.16963140942860433,2.4175794512495203,4.714067981478419,-0.5475643086781443,-6.585966633297428,3.0173771636042517,0.6570577318889179,1.2812049731310746,0.2268202185813043,1.4222552507675779,5.837575380865677
