{
    "selected features": [
        0,
        1,
        3,
        4,
        5,
        6,
        7,
        8,
        9,
        10,
        11,
        13,
        14,
        16,
        18,
        19,
        21,
        22,
        24,
        25,
        26,
        28,
        29
    ],
    "precision": 0.6086956521739131,
    "recall": 0.9333333333333333,
    "training rmse": 1.7719,
    "testing rmse": 3.7628,
    "beta_error": 0.5774,
    "tune time": 0.0933,
    "fit time": 21.466,
    "prediction time (test)": 1.336,
    "total runtime": 22.8953,
    "lambda": 0.0585
}