{
    "n": 500,
    "active_prop": 0.1,
    "noise": 0.5,
    "seed": 50,
    "active_indices": [
        2,
        26,
        14
    ],
    "gp_features": [
        26,
        14,
        2
    ],
    "lengthscales": [
        0.93041756893414,
        0.8690005069683993,
        2.464985289634969
    ],
    "beta": [
        0.0,
        0.0,
        -0.28789362087447046,
        0.0,
        0.0,
        0.0,
        0.0,
        0.0,
        0.0,
        0.0,
        0.0,
        0.0,
        0.0,
        0.0,
        -2.9926258266979264,
        0.0,
        0.0,
        0.0,
        0.0,
        0.0,
        0.0,
        0.0,
        0.0,
        0.0,
        0.0,
        0.0,
        0.2461262367141872,
        0.0,
        0.0,
        0.0
    ]
}