{
    "n": 1000,
    "active_prop": 0.3,
    "noise": 0.5,
    "seed": 129,
    "active_indices": [
        23,
        7,
        14,
        26,
        3,
        17,
        19,
        24,
        9
    ],
    "gp_features": [
        3,
        24,
        14
    ],
    "lengthscales": [
        0.599995020426165,
        0.6793378801861364,
        0.6704610298655405
    ],
    "beta": [
        0.0,
        0.0,
        0.0,
        -1.3070930050551421,
        0.0,
        0.0,
        0.0,
        4.065971844407063,
        0.0,
        -4.897561842402061,
        0.0,
        0.0,
        0.0,
        0.0,
        2.307942000172395,
        0.0,
        0.0,
        3.963764074859597,
        0.0,
        2.461677854682578,
        0.0,
        0.0,
        0.0,
        2.8671304673715703,
        -2.0288115098304704,
        0.0,
        -4.122857814925133,
        0.0,
        0.0,
        0.0
    ]
}