{
    "n": 100,
    "active_prop": 0.2,
    "noise_constant": 1.0,
    "seed": 27,
    "active_indices": [
        21,
        4,
        29,
        9,
        13,
        1
    ],
    "gp_features": [
        1,
        4,
        13
    ],
    "lengthscales": [
        0.5080515052242817,
        1.0171012252797416,
        0.8945842023127675
    ],
    "beta": [
        0.0,
        -2.7994629894865684,
        0.0,
        0.0,
        -2.8419958840098025,
        0.0,
        0.0,
        0.0,
        0.0,
        0.29365196269983773,
        0.0,
        0.0,
        0.0,
        0.6739168147244641,
        0.0,
        0.0,
        0.0,
        0.0,
        0.0,
        0.0,
        0.0,
        -1.4027189109390603,
        0.0,
        0.0,
        0.0,
        0.0,
        0.0,
        0.0,
        0.0,
        1.7412946052403093
    ]
}