{
    "selected features": [
        1,
        2,
        4,
        10,
        12,
        21,
        26,
        27,
        29
    ],
    "precision": 0.4444444444444444,
    "recall": 0.6666666666666666,
    "training rmse": 0.4959,
    "testing rmse": 1.0837,
    "beta_error": 0.483,
    "tune time": 795.4325,
    "fit time": 19.3896,
    "prediction time (test)": 0.9302,
    "total runtime": 815.7522,
    "lambda": 6.3246
}