{
    "n": 500,
    "active_prop": 0.3,
    "noise": 0.1,
    "seed": 75,
    "active_indices": [
        15,
        28,
        23,
        2,
        4,
        7,
        13,
        27,
        20
    ],
    "gp_features": [
        4,
        13,
        15
    ],
    "lengthscales": [
        2.0560830488535067,
        1.2260104039715358,
        0.9320692759114341
    ],
    "beta": [
        0.0,
        0.0,
        3.188241760502585,
        0.0,
        3.529441526645842,
        0.0,
        0.0,
        2.5400712535938723,
        0.0,
        0.0,
        0.0,
        0.0,
        0.0,
        -0.3837818377385629,
        0.0,
        -3.2883279326719728,
        0.0,
        0.0,
        0.0,
        0.0,
        -2.1822831872024273,
        0.0,
        0.0,
        2.615138565645484,
        0.0,
        0.0,
        0.0,
        2.909898610877251,
        1.606748624749617,
        0.0
    ]
}