{
    "selected features": [
        7,
        8,
        9,
        10,
        11,
        13,
        18,
        23,
        28
    ],
    "precision": 0.5555555555555556,
    "recall": 0.8333333333333334,
    "training rmse": 0.0,
    "testing rmse": 2.1715,
    "beta_error": 0.4082,
    "tune time": 0.0071,
    "fit time": 0.3665,
    "prediction time (test)": 0.0185,
    "total runtime": 0.3921,
    "lambda": 0.2296
}