{
    "n": 100,
    "active_prop": 0.3,
    "noise": 0.5,
    "seed": 39,
    "active_indices": [
        3,
        23,
        8,
        1,
        2,
        6,
        5,
        4,
        13
    ],
    "gp_features": [
        6,
        5,
        3
    ],
    "lengthscales": [
        0.5711887813090611,
        0.861067136879051,
        0.7090723091522271
    ],
    "beta": [
        0.0,
        -4.043510213729674,
        -0.9298494336481884,
        2.9268084965824688,
        3.8109518198662773,
        0.28728680381203375,
        -3.325447650442672,
        0.0,
        2.508862388592692,
        0.0,
        0.0,
        0.0,
        0.0,
        3.4088799890698613,
        0.0,
        0.0,
        0.0,
        0.0,
        0.0,
        0.0,
        0.0,
        0.0,
        0.0,
        3.19535311902958,
        0.0,
        0.0,
        0.0,
        0.0,
        0.0,
        0.0
    ]
}