{
    "n": 1000,
    "active_prop": 0.2,
    "noise_constant": 0.5,
    "seed": 114,
    "active_indices": [
        3,
        27,
        6,
        18,
        16,
        12
    ],
    "gp_features": [
        27,
        3,
        12
    ],
    "lengthscales": [
        1.2883709277818942,
        1.3694800425754587,
        0.6208139635208021
    ],
    "beta": [
        0.0,
        0.0,
        0.0,
        0.2086422414134237,
        0.0,
        0.0,
        -1.47528203635121,
        0.0,
        0.0,
        0.0,
        0.0,
        0.0,
        0.6105587191941595,
        0.0,
        0.0,
        0.0,
        2.7851472354651587,
        0.0,
        -4.068740320640388,
        0.0,
        0.0,
        0.0,
        0.0,
        0.0,
        0.0,
        0.0,
        0.0,
        -0.2965269552357679,
        0.0,
        0.0
    ]
}