{
    "selected features": [
        2,
        6,
        10,
        12,
        14,
        16,
        18,
        26,
        27
    ],
    "precision": 0.5555555555555556,
    "recall": 0.8333333333333334,
    "training rmse": 1.0661,
    "testing rmse": 1.1089,
    "beta_error": 0.4082,
    "tune time": 0.2497,
    "fit time": 38.5006,
    "prediction time (test)": 0.4804,
    "total runtime": 39.2307,
    "lambda": 0.0502
}