{
    "selected features": [
        6,
        10,
        12,
        16,
        18,
        27
    ],
    "precision": 0.8333333333333334,
    "recall": 0.8333333333333334,
    "training rmse": 0.7,
    "testing rmse": 1.1534,
    "beta_error": 0.2582,
    "tune time": 2087.2566,
    "fit time": 140.4401,
    "prediction time (test)": 0.5702,
    "total runtime": 2228.2669,
    "lambda": 6.3246
}