{
    "selected features": [
        2,
        6,
        10,
        12,
        14,
        16,
        18,
        26,
        27
    ],
    "precision": 0.5555555555555556,
    "recall": 0.8333333333333334,
    "training rmse": 0.9439,
    "testing rmse": 1.1058,
    "beta_error": 0.4082,
    "tune time": 0.2873,
    "fit time": 315.5299,
    "prediction time (test)": 0.2659,
    "total runtime": 316.0831,
    "lambda": 0.0502
}