{
    "selected features": [
        1,
        2,
        4,
        7,
        8,
        9,
        10,
        11,
        13,
        14,
        16,
        17,
        18,
        22,
        25,
        27,
        28
    ],
    "precision": 0.7647058823529411,
    "recall": 0.8666666666666667,
    "training rmse": 1.8389,
    "testing rmse": 2.838,
    "beta_error": 0.4472,
    "tune time": 1607.1005,
    "fit time": 30.3617,
    "prediction time (test)": 0.6704,
    "total runtime": 1638.1326,
    "lambda": 6.3246
}