{
    "selected features": [
        0,
        1,
        4,
        6,
        7,
        8,
        9,
        17,
        18,
        25,
        27,
        28
    ],
    "precision": 0.16666666666666666,
    "recall": 0.6666666666666666,
    "training rmse": 0.1161,
    "testing rmse": 0.985,
    "beta_error": 0.6055,
    "tune time": 0.0353,
    "fit time": 1342.028,
    "prediction time (test)": 2.4091,
    "total runtime": 1344.4724,
    "lambda": 0.0242
}