{
    "n": 1000,
    "active_prop": 0.3,
    "noise": 0.5,
    "seed": 125,
    "active_indices": [
        21,
        18,
        16,
        24,
        20,
        22,
        1,
        17,
        28
    ],
    "gp_features": [
        20,
        18,
        22
    ],
    "lengthscales": [
        0.8741730525113982,
        1.3347741224242384,
        1.5396102766395083
    ],
    "beta": [
        0.0,
        0.04207153201847724,
        0.0,
        0.0,
        0.0,
        0.0,
        0.0,
        0.0,
        0.0,
        0.0,
        0.0,
        0.0,
        0.0,
        0.0,
        0.0,
        0.0,
        3.9050604703461858,
        1.372654119164734,
        -4.4617396353736645,
        0.0,
        -1.0980324754252182,
        0.4142343580502317,
        3.7538708939930423,
        0.0,
        -2.964308288244389,
        0.0,
        0.0,
        0.0,
        1.847063681019911,
        0.0
    ]
}