{
    "n": 100,
    "active_prop": 0.1,
    "noise_constant": 0.5,
    "seed": 6,
    "active_indices": [
        29,
        1,
        26
    ],
    "gp_features": [
        26,
        29,
        1
    ],
    "lengthscales": [
        0.40838978221248834,
        0.7772513416307226,
        0.9769862062468196
    ],
    "beta": [
        0.0,
        -3.390178052150369,
        0.0,
        0.0,
        0.0,
        0.0,
        0.0,
        0.0,
        0.0,
        0.0,
        0.0,
        0.0,
        0.0,
        0.0,
        0.0,
        0.0,
        0.0,
        0.0,
        0.0,
        0.0,
        0.0,
        0.0,
        0.0,
        0.0,
        0.0,
        0.0,
        2.746683357129429,
        0.0,
        0.0,
        -1.5269806120811493
    ]
}