{
    "n": 100,
    "active_prop": 0.1,
    "noise": 0.5,
    "seed": 6,
    "active_indices": [
        10,
        18,
        26
    ],
    "gp_features": [
        10,
        18,
        26
    ],
    "lengthscales": [
        1.3910803519087171,
        0.912923065796174,
        0.7594884670728889
    ],
    "beta": [
        0.0,
        0.0,
        0.0,
        0.0,
        0.0,
        0.0,
        0.0,
        0.0,
        0.0,
        0.0,
        -2.6092073382054615,
        0.0,
        0.0,
        0.0,
        0.0,
        0.0,
        0.0,
        0.0,
        0.8413299163223975,
        0.0,
        0.0,
        0.0,
        0.0,
        0.0,
        0.0,
        0.0,
        0.5062678960152214,
        0.0,
        0.0,
        0.0
    ]
}