{
    "selected features": [
        0,
        2,
        3,
        5,
        6,
        7,
        8,
        9,
        14,
        15,
        16,
        17,
        19,
        21,
        22,
        23,
        24,
        26,
        28
    ],
    "precision": 0.7368421052631579,
    "recall": 0.9333333333333333,
    "training rmse": 0.4067,
    "testing rmse": 1.2345,
    "beta_error": 0.4472,
    "tune time": 0.6264,
    "fit time": 9.1833,
    "prediction time (test)": 0.8002,
    "total runtime": 10.6098,
    "lambda": 0.0692
}