{
    "n": 100,
    "active_prop": 0.2,
    "seed": 6,
    "active_indices": [
        10,
        18,
        26,
        17,
        14,
        24
    ],
    "gp_features": [
        24,
        26,
        10
    ],
    "lengthscales": [
        1.2168947423359093,
        0.48800619399985934,
        0.6903208196046481
    ],
    "beta": [
        0.0,
        0.0,
        0.0,
        0.0,
        0.0,
        0.0,
        0.0,
        0.0,
        0.0,
        0.0,
        -2.6092073382054615,
        0.0,
        0.0,
        0.0,
        -1.1830994446304466,
        0.0,
        0.0,
        -2.5759931421421833,
        0.8413299163223975,
        0.0,
        0.0,
        0.0,
        0.0,
        0.0,
        4.286526298757709,
        0.0,
        0.5062678960152214,
        0.0,
        0.0,
        0.0
    ]
}