{
    "n": 100,
    "active_prop": 0.2,
    "noise": 0.1,
    "seed": 19,
    "active_indices": [
        14,
        25,
        22,
        21,
        20,
        19
    ],
    "gp_features": [
        14,
        22,
        21
    ],
    "lengthscales": [
        1.3968591257433711,
        0.6747321073425727,
        1.0453561787999206
    ],
    "beta": [
        0.0,
        0.0,
        0.0,
        0.0,
        0.0,
        0.0,
        0.0,
        0.0,
        0.0,
        0.0,
        0.0,
        0.0,
        0.0,
        0.0,
        -3.928726786964506,
        0.0,
        0.0,
        0.0,
        0.0,
        -1.1500212062509094,
        3.260013137237639,
        1.0781602345301131,
        -2.9100383071530733,
        0.0,
        0.0,
        -4.979278177704782,
        0.0,
        0.0,
        0.0,
        0.0
    ]
}