{
    "n": 100,
    "active_prop": 0.2,
    "noise_constant": 0.1,
    "seed": 19,
    "active_indices": [
        3,
        26,
        14,
        29,
        28,
        19
    ],
    "gp_features": [
        19,
        28,
        3
    ],
    "lengthscales": [
        2.0267437724488384,
        1.7824109036088975,
        1.7686552670226088
    ],
    "beta": [
        0.0,
        0.0,
        0.0,
        0.5630200703472088,
        0.0,
        0.0,
        0.0,
        0.0,
        0.0,
        0.0,
        0.0,
        0.0,
        0.0,
        0.0,
        0.7685357332274201,
        0.0,
        0.0,
        0.0,
        0.0,
        -1.3283613777356362,
        0.0,
        0.0,
        0.0,
        0.0,
        0.0,
        0.0,
        -1.8707371219311475,
        0.0,
        0.4596058971014063,
        2.320884540295859
    ]
}