{
    "n": 500,
    "active_prop": 0.3,
    "noise": 1.0,
    "seed": 88,
    "active_indices": [
        10,
        27,
        21,
        1,
        29,
        15,
        12,
        23,
        22
    ],
    "gp_features": [
        15,
        12,
        29
    ],
    "lengthscales": [
        0.7211215121584182,
        1.4900584892882052,
        0.5180266960504755
    ],
    "beta": [
        0.0,
        1.667940574265221,
        0.0,
        0.0,
        0.0,
        0.0,
        0.0,
        0.0,
        0.0,
        0.0,
        -0.40130013785186325,
        0.0,
        -2.923193406387102,
        0.0,
        0.0,
        -2.9225826228244376,
        0.0,
        0.0,
        0.0,
        0.0,
        0.0,
        -4.957239588630281,
        -0.9900993464736985,
        4.007253990972968,
        0.0,
        0.0,
        0.0,
        3.4294473880433927,
        0.0,
        1.7011893919977394
    ]
}