{
    "n": 500,
    "active_prop": 0.3,
    "noise": 0.5,
    "seed": 80,
    "active_indices": [
        23,
        8,
        18,
        25,
        17,
        11,
        26,
        5,
        14
    ],
    "gp_features": [
        17,
        18,
        25
    ],
    "lengthscales": [
        0.7096482447095349,
        1.4560030456475734,
        1.1941455612264644
    ],
    "beta": [
        0.0,
        0.0,
        0.0,
        0.0,
        0.0,
        -4.676217878261605,
        0.0,
        0.0,
        2.8745479969821206,
        0.0,
        0.0,
        2.949883853819512,
        0.0,
        0.0,
        0.31852470526002996,
        0.0,
        0.0,
        1.8210743501404911,
        1.2199192548326199,
        0.0,
        0.0,
        0.0,
        0.0,
        -0.02452394496342336,
        0.0,
        0.273350297722982,
        -0.1742230952082382,
        0.0,
        0.0,
        0.0
    ]
}