{
    "selected features": [
        1,
        5,
        8,
        12,
        14,
        16,
        17,
        18,
        19,
        22,
        23,
        24,
        25,
        29
    ],
    "precision": 0.35714285714285715,
    "recall": 0.8333333333333334,
    "training rmse": 0.3648,
    "testing rmse": 0.9757,
    "beta_error": 0.5774,
    "tune time": 0.01,
    "fit time": 0.2236,
    "prediction time (test)": 0.02,
    "total runtime": 0.2536,
    "lambda": 0.0997
}