{
    "selected features": [
        1,
        5,
        8,
        12,
        14,
        16,
        17,
        18,
        19,
        22,
        23,
        24,
        25,
        29
    ],
    "precision": 0.35714285714285715,
    "recall": 0.8333333333333334,
    "training rmse": 0.0,
    "testing rmse": 1.0444,
    "beta_error": 0.5774,
    "tune time": 0.0248,
    "fit time": 0.3613,
    "prediction time (test)": 0.0401,
    "total runtime": 0.4263,
    "lambda": 0.0997
}