{
    "selected features": [
        12,
        14,
        17,
        18,
        20,
        22,
        25
    ],
    "precision": 0.7142857142857143,
    "recall": 0.8333333333333334,
    "training rmse": 0.0,
    "testing rmse": 0.9416,
    "beta_error": 0.3162,
    "tune time": 0.0088,
    "fit time": 0.266,
    "prediction time (test)": 0.0792,
    "total runtime": 0.354,
    "lambda": 0.119
}