{
    "n": 100,
    "active_prop": 0.5,
    "noise_constant": 0.1,
    "seed": 30,
    "active_indices": [
        26,
        9,
        6,
        0,
        19,
        2,
        17,
        22,
        7,
        28,
        23,
        14,
        21,
        25,
        3
    ],
    "gp_features": [
        19,
        0,
        23
    ],
    "lengthscales": [
        1.6892810075539189,
        0.8942607585500838,
        1.7634844576986912
    ],
    "beta": [
        -1.4848629169065286,
        0.0,
        -1.2265685860662057,
        -1.1384089667438957,
        0.0,
        0.0,
        -0.8125268759290272,
        4.883986478132467,
        0.0,
        2.421923686652587,
        0.0,
        0.0,
        0.0,
        0.0,
        -3.592188956997686,
        0.0,
        0.0,
        -2.0955990012464487,
        0.0,
        1.8576538985915247,
        0.0,
        -4.049358000765183,
        -0.9993010292839246,
        3.0248717389823447,
        0.0,
        0.14704576156297922,
        4.243933184996873,
        0.0,
        -0.11457193670574028,
        0.0
    ]
}