{
    "selected features": [
        0,
        2,
        3,
        6,
        7,
        9,
        14,
        16,
        17,
        19,
        21,
        22,
        23,
        26
    ],
    "precision": 0.9285714285714286,
    "recall": 0.8666666666666667,
    "training rmse": 0.2254,
    "testing rmse": 1.2731,
    "beta_error": 0.3162,
    "tune time": 1592.2312,
    "fit time": 24.4281,
    "prediction time (test)": 1.2786,
    "total runtime": 1617.938,
    "lambda": 6.3246
}