{
    "selected features": [
        0,
        2,
        3,
        5,
        6,
        7,
        8,
        9,
        14,
        15,
        16,
        17,
        19,
        21,
        22,
        23,
        24,
        26,
        28
    ],
    "precision": 0.7368421052631579,
    "recall": 0.9333333333333333,
    "training rmse": 0.0,
    "testing rmse": 1.2604,
    "beta_error": 0.4472,
    "tune time": 0.3412,
    "fit time": 15.6228,
    "prediction time (test)": 0.6514,
    "total runtime": 16.6154,
    "lambda": 0.0692
}