{
    "n": 500,
    "active_prop": 0.2,
    "noise_constant": 0.5,
    "seed": 69,
    "active_indices": [
        11,
        17,
        6,
        18,
        12,
        21
    ],
    "gp_features": [
        11,
        6,
        17
    ],
    "lengthscales": [
        1.2568830933079531,
        1.2321053777229132,
        1.1912818424250455
    ],
    "beta": [
        0.0,
        0.0,
        0.0,
        0.0,
        0.0,
        0.0,
        2.169740845025972,
        0.0,
        0.0,
        0.0,
        0.0,
        4.080842166204938,
        -3.5671057401055197,
        0.0,
        0.0,
        0.0,
        0.0,
        -4.142407021877129,
        4.143006334686634,
        0.0,
        0.0,
        4.303022177065085,
        0.0,
        0.0,
        0.0,
        0.0,
        0.0,
        0.0,
        0.0,
        0.0
    ]
}