{
    "n": 500,
    "active_prop": 0.2,
    "noise": 0.5,
    "seed": 69,
    "active_indices": [
        15,
        25,
        24,
        27,
        17,
        4
    ],
    "gp_features": [
        25,
        17,
        24
    ],
    "lengthscales": [
        0.41197305356621367,
        0.4379417917616672,
        0.5498711563043109
    ],
    "beta": [
        0.0,
        0.0,
        0.0,
        0.0,
        -0.7141555340271335,
        0.0,
        0.0,
        0.0,
        0.0,
        0.0,
        0.0,
        0.0,
        0.0,
        0.0,
        0.0,
        -1.8600072625103592,
        0.0,
        3.486093173312037,
        0.0,
        0.0,
        0.0,
        0.0,
        0.0,
        0.0,
        4.53681481404314,
        -1.4106316223280158,
        0.0,
        4.442175152166968,
        0.0,
        0.0
    ]
}