{
    "n": 1000,
    "active_prop": 0.5,
    "seed": 42,
    "active_indices": [
        16,
        7,
        14,
        15,
        21,
        0,
        13,
        26,
        9,
        25,
        2,
        4,
        18,
        12,
        20
    ],
    "gp_features": [
        15,
        16,
        20
    ],
    "lengthscales": [
        0.47171795190790483,
        1.2638490859367504,
        0.4253555727003487
    ],
    "beta": [
        2.38293109627116,
        0.0,
        -2.8417836210046232,
        0.0,
        0.2160278582505848,
        0.0,
        0.0,
        3.781897369912638,
        0.0,
        4.0928268116363515,
        0.0,
        0.0,
        2.2331835196077208,
        -0.07016613160894725,
        1.8308041404663822,
        1.379347057219226,
        -0.7422181498894389,
        0.0,
        -4.655779000863587,
        0.0,
        -3.7301594094119093,
        2.2853792981946643,
        0.0,
        0.0,
        0.0,
        -0.027522604375977977,
        -0.8069243860215227,
        0.0,
        0.0,
        0.0
    ]
}