{
    "n": 500,
    "active_prop": 0.1,
    "noise": 0.5,
    "seed": 54,
    "active_indices": [
        9,
        0,
        26
    ],
    "gp_features": [
        0,
        26,
        9
    ],
    "lengthscales": [
        2.2175395715603363,
        1.0370204234982965,
        0.6342488231063764
    ],
    "beta": [
        -0.4690607336893198,
        0.0,
        0.0,
        0.0,
        0.0,
        0.0,
        0.0,
        0.0,
        0.0,
        4.65570936285406,
        0.0,
        0.0,
        0.0,
        0.0,
        0.0,
        0.0,
        0.0,
        0.0,
        0.0,
        0.0,
        0.0,
        0.0,
        0.0,
        0.0,
        0.0,
        0.0,
        -3.103619785467029,
        0.0,
        0.0,
        0.0
    ]
}