{
    "n": 500,
    "active_prop": 0.1,
    "noise_constant": 0.5,
    "seed": 54,
    "active_indices": [
        5,
        22,
        19
    ],
    "gp_features": [
        5,
        22,
        19
    ],
    "lengthscales": [
        0.594755422948664,
        2.379546365226861,
        2.746011873998369
    ],
    "beta": [
        0.0,
        0.0,
        0.0,
        0.0,
        0.0,
        0.41120081792174723,
        0.0,
        0.0,
        0.0,
        0.0,
        0.0,
        0.0,
        0.0,
        0.0,
        0.0,
        0.0,
        0.0,
        0.0,
        0.0,
        0.5517282788349389,
        0.0,
        0.0,
        2.596573927392056,
        0.0,
        0.0,
        0.0,
        0.0,
        0.0,
        0.0,
        0.0
    ]
}