{
    "selected features": [
        12,
        14,
        17,
        18,
        21,
        25,
        26
    ],
    "precision": 0.7142857142857143,
    "recall": 0.8333333333333334,
    "training rmse": 0.6374,
    "testing rmse": 0.9717,
    "beta_error": 0.3162,
    "tune time": 0.0079,
    "fit time": 0.4041,
    "prediction time (test)": 0.0234,
    "total runtime": 0.4354,
    "lambda": 0.1131
}