{
    "selected features": [
        12,
        14,
        17,
        18,
        21,
        25,
        26
    ],
    "precision": 0.7142857142857143,
    "recall": 0.8333333333333334,
    "training rmse": 0.4449,
    "testing rmse": 0.9652,
    "beta_error": 0.3162,
    "tune time": 0.0089,
    "fit time": 0.4229,
    "prediction time (test)": 0.0273,
    "total runtime": 0.4592,
    "lambda": 0.1131
}