{
    "selected features": [
        0,
        1,
        2,
        3,
        6,
        7,
        8,
        9,
        11,
        13,
        17,
        20,
        22,
        23,
        24,
        25,
        26,
        27,
        28
    ],
    "precision": 0.5789473684210527,
    "recall": 0.7333333333333333,
    "training rmse": 0.656,
    "testing rmse": 2.4634,
    "beta_error": 0.6325,
    "tune time": 0.0086,
    "fit time": 0.2236,
    "prediction time (test)": 0.0222,
    "total runtime": 0.2544,
    "lambda": 0.1909
}