{
    "selected features": [
        0,
        6,
        7,
        8,
        13,
        14,
        16,
        17,
        18,
        22,
        26,
        27,
        28
    ],
    "precision": 0.6153846153846154,
    "recall": 0.5333333333333333,
    "training rmse": 0.9471,
    "testing rmse": 2.5134,
    "beta_error": 0.6325,
    "tune time": 0.0109,
    "fit time": 0.1813,
    "prediction time (test)": 0.0229,
    "total runtime": 0.2151,
    "lambda": 0.2278
}