{
    "n": 1000,
    "active_prop": 0.3,
    "noise": 0.1,
    "seed": 123,
    "active_indices": [
        13,
        29,
        12,
        21,
        19,
        4,
        5,
        22,
        15
    ],
    "gp_features": [
        4,
        29,
        12
    ],
    "lengthscales": [
        0.4763421446808924,
        0.5603896046137467,
        0.69989811156997
    ],
    "beta": [
        0.0,
        0.0,
        0.0,
        0.0,
        3.3105368711234515,
        -2.159383940273285,
        0.0,
        0.0,
        0.0,
        0.0,
        0.0,
        0.0,
        -3.520784788083141,
        -1.5952979237740763,
        0.0,
        4.28294921203263,
        0.0,
        0.0,
        0.0,
        0.19924663516390773,
        0.0,
        2.8778403648237285,
        -2.214831720855146,
        0.0,
        0.0,
        0.0,
        0.0,
        0.0,
        0.0,
        3.1347597703094063
    ]
}