{
    "selected features": [
        1,
        2,
        3,
        5,
        11,
        13,
        14,
        15,
        16,
        18,
        23,
        24,
        26,
        29
    ],
    "precision": 0.7857142857142857,
    "recall": 0.7333333333333333,
    "training rmse": 2.9391,
    "testing rmse": 3.4295,
    "beta_error": 0.483,
    "tune time": 1767.0033,
    "fit time": 25.926,
    "prediction time (test)": 0.7368,
    "total runtime": 1793.6662,
    "lambda": 6.3246
}