{
    "selected features": [
        0,
        1,
        3,
        5,
        7,
        8,
        9,
        10,
        11,
        12,
        13,
        16,
        17,
        18,
        19,
        20,
        21,
        22,
        24,
        25,
        26,
        27,
        28
    ],
    "precision": 0.6086956521739131,
    "recall": 0.9333333333333333,
    "training rmse": 0.1096,
    "testing rmse": 3.8682,
    "beta_error": 0.5774,
    "tune time": 0.0337,
    "fit time": 5.4139,
    "prediction time (test)": 0.5371,
    "total runtime": 5.9847,
    "lambda": 0.0975
}