{
    "n": 1000,
    "active_prop": 0.2,
    "noise": 0.5,
    "seed": 112,
    "active_indices": [
        17,
        18,
        4,
        1,
        6,
        3
    ],
    "gp_features": [
        17,
        1,
        18
    ],
    "lengthscales": [
        0.4520685243008049,
        0.8655963044333603,
        0.9021106207028675
    ],
    "beta": [
        0.0,
        4.277943634308526,
        0.0,
        4.8068434215969855,
        1.298077569319628,
        0.0,
        3.1627367509512325,
        0.0,
        0.0,
        0.0,
        0.0,
        0.0,
        0.0,
        0.0,
        0.0,
        0.0,
        0.0,
        1.3691192007048016,
        4.715310960861057,
        0.0,
        0.0,
        0.0,
        0.0,
        0.0,
        0.0,
        0.0,
        0.0,
        0.0,
        0.0,
        0.0
    ]
}