{
    "n": 500,
    "active_prop": 0.5,
    "noise_constant": 0.1,
    "seed": 76,
    "active_indices": [
        25,
        29,
        13,
        16,
        21,
        0,
        15,
        19,
        27,
        3,
        5,
        14,
        4,
        9,
        18
    ],
    "gp_features": [
        9,
        4,
        19
    ],
    "lengthscales": [
        0.8788696155421831,
        1.2357944537824355,
        1.1273644598063626
    ],
    "beta": [
        -0.9515120261259806,
        0.0,
        0.0,
        -3.497394205128339,
        -3.338948398545174,
        -4.662942595785575,
        0.0,
        0.0,
        0.0,
        2.771710417738408,
        0.0,
        0.0,
        0.0,
        -4.322564801896904,
        4.925842553250879,
        -1.417514045280038,
        -1.896658011607574,
        0.0,
        3.146442271736124,
        -1.1114370964215214,
        0.0,
        -0.361545045580435,
        0.0,
        0.0,
        0.0,
        1.8048418009609826,
        0.0,
        1.7646033349320973,
        0.0,
        2.877394156857024
    ]
}