{
    "selected features": [
        0,
        1,
        3,
        4,
        5,
        9,
        13,
        14,
        15,
        16,
        18,
        19,
        25,
        27,
        29
    ],
    "precision": 0.9333333333333333,
    "recall": 0.9333333333333333,
    "training rmse": 0.298,
    "testing rmse": 1.0821,
    "beta_error": 0.2582,
    "tune time": 89.8313,
    "fit time": 2.2008,
    "prediction time (test)": 0.1384,
    "total runtime": 92.1705,
    "lambda": 6.3246
}