{
    "n": 100,
    "active_prop": 0.3,
    "noise": 0.1,
    "seed": 31,
    "active_indices": [
        25,
        22,
        24,
        7,
        10,
        9,
        16,
        29,
        20
    ],
    "gp_features": [
        25,
        10,
        22
    ],
    "lengthscales": [
        0.7006980150913855,
        1.228434374666235,
        0.8315750382715624
    ],
    "beta": [
        0.0,
        0.0,
        0.0,
        0.0,
        0.0,
        0.0,
        0.0,
        0.03444531267593476,
        0.0,
        -4.114388774403127,
        4.217804924075075,
        0.0,
        0.0,
        0.0,
        0.0,
        0.0,
        -3.9952216535098684,
        0.0,
        0.0,
        0.0,
        -0.2260350890380236,
        0.0,
        -1.573836897225993,
        0.0,
        -4.818544624518833,
        4.335003646835331,
        0.0,
        0.0,
        0.0,
        0.3655173878236546
    ]
}