{
    "n": 100,
    "active_prop": 0.2,
    "noise": 0.5,
    "seed": 22,
    "active_indices": [
        2,
        11,
        18,
        20,
        0,
        25
    ],
    "gp_features": [
        2,
        25,
        20
    ],
    "lengthscales": [
        1.0267430965700306,
        0.7609584526103994,
        1.2659476374959768
    ],
    "beta": [
        2.553899658758514,
        0.0,
        -2.477983017798442,
        0.0,
        0.0,
        0.0,
        0.0,
        0.0,
        0.0,
        0.0,
        0.0,
        -3.5340166360428626,
        0.0,
        0.0,
        0.0,
        0.0,
        0.0,
        0.0,
        1.3115065649637936,
        0.0,
        2.0621386140478393,
        0.0,
        0.0,
        0.0,
        0.0,
        -3.62700752071919,
        0.0,
        0.0,
        0.0,
        0.0
    ]
}