{
    "n": 100,
    "active_prop": 0.3,
    "noise": 0.5,
    "seed": 36,
    "active_indices": [
        18,
        0,
        20,
        14,
        12,
        10,
        22,
        1,
        28
    ],
    "gp_features": [
        20,
        12,
        28
    ],
    "lengthscales": [
        2.218757298523664,
        1.454655376988966,
        1.0197402289842992
    ],
    "beta": [
        -1.519346462568234,
        -3.956894121880574,
        0.0,
        0.0,
        0.0,
        0.0,
        0.0,
        0.0,
        0.0,
        0.0,
        3.5578511298900644,
        0.0,
        -0.6772513078877305,
        0.0,
        4.44946906582493,
        0.0,
        0.0,
        0.0,
        -2.3866500106670863,
        0.0,
        -2.0291858641253957,
        0.0,
        -2.5199434021285883,
        0.0,
        0.0,
        0.0,
        0.0,
        0.0,
        -4.154817686571324,
        0.0
    ]
}