{
    "n": 100,
    "active_prop": 0.3,
    "noise": 1.0,
    "seed": 44,
    "active_indices": [
        7,
        24,
        4,
        16,
        26,
        29,
        15,
        22,
        20
    ],
    "gp_features": [
        22,
        20,
        4
    ],
    "lengthscales": [
        1.523767318106166,
        1.8716477385038346,
        0.904016282257867
    ],
    "beta": [
        0.0,
        0.0,
        0.0,
        0.0,
        -4.872536484263586,
        0.0,
        0.0,
        1.989231670847488,
        0.0,
        0.0,
        0.0,
        0.0,
        0.0,
        0.0,
        0.0,
        -1.1648018164238572,
        -3.8801393593000033,
        0.0,
        0.0,
        0.0,
        -3.0740306072003456,
        0.0,
        -2.664623223171544,
        0.0,
        -4.913821128501415,
        0.0,
        -3.6942682309381913,
        0.0,
        0.0,
        3.452282538792643
    ]
}