{
    "n": 100,
    "active_prop": 0.5,
    "noise_constant": 1.0,
    "seed": 44,
    "active_indices": [
        12,
        28,
        9,
        21,
        8,
        4,
        16,
        23,
        3,
        24,
        7,
        6,
        2,
        19,
        25
    ],
    "gp_features": [
        4,
        12,
        16
    ],
    "lengthscales": [
        1.8861954005638404,
        0.44439930200123295,
        0.650762709288778
    ],
    "beta": [
        0.0,
        0.0,
        -1.4785450742702122,
        0.5077326776629487,
        3.7822971578203006,
        0.0,
        1.243997992767932,
        -0.4351384136424663,
        -3.7095799878848656,
        2.321413736147515,
        0.0,
        0.0,
        -4.059862768973891,
        0.0,
        0.0,
        0.0,
        -3.360712110093033,
        0.0,
        0.0,
        1.0925256422493526,
        0.0,
        3.773275296102863,
        0.0,
        -3.271235458550803,
        0.7821665974844727,
        2.7889208610074654,
        0.0,
        0.0,
        2.875680392524515,
        0.0
    ]
}