{
    "selected features": [
        0,
        1,
        3,
        4,
        5,
        8,
        9,
        12,
        15,
        16,
        17,
        18,
        19,
        20,
        21,
        22,
        26,
        28,
        29
    ],
    "precision": 0.6842105263157895,
    "recall": 0.8666666666666667,
    "training rmse": 0.545,
    "testing rmse": 1.2238,
    "beta_error": 0.5164,
    "tune time": 0.3481,
    "fit time": 32.9515,
    "prediction time (test)": 0.7533,
    "total runtime": 34.0529,
    "lambda": 0.0704
}