{
    "selected features": [
        0,
        2,
        3,
        4,
        5,
        7,
        10,
        12,
        13,
        16,
        17,
        19,
        20,
        24,
        26,
        27,
        28,
        29
    ],
    "precision": 0.7222222222222222,
    "recall": 0.8666666666666667,
    "training rmse": 0.465,
    "testing rmse": 1.0628,
    "beta_error": 0.483,
    "tune time": 0.5369,
    "fit time": 9.5183,
    "prediction time (test)": 0.3956,
    "total runtime": 10.4508,
    "lambda": 0.0844
}