{
    "n": 100,
    "active_prop": 0.5,
    "noise_constant": 0.1,
    "seed": 34,
    "active_indices": [
        28,
        7,
        16,
        29,
        20,
        19,
        22,
        21,
        12,
        24,
        13,
        2,
        10,
        27,
        4
    ],
    "gp_features": [
        27,
        21,
        2
    ],
    "lengthscales": [
        0.9226157201484547,
        0.544575919293479,
        1.6758693467291776
    ],
    "beta": [
        0.0,
        0.0,
        2.905899534852967,
        0.0,
        4.366731959837933,
        0.0,
        0.0,
        1.190085746845602,
        0.0,
        0.0,
        -2.8990754963819674,
        0.0,
        4.0614735995807845,
        2.9136332435613985,
        0.0,
        0.0,
        -2.2015483660384327,
        0.0,
        0.0,
        -0.7727129698688673,
        3.39241046238255,
        -0.49230008018354354,
        0.3271885916296746,
        0.0,
        0.7259716559340053,
        0.0,
        0.0,
        -4.103848041584089,
        -2.435825783704505,
        -3.804794294083289
    ]
}