{
    "n": 1000,
    "active_prop": 0.2,
    "noise": 1.0,
    "seed": 117,
    "active_indices": [
        7,
        3,
        13,
        28,
        14,
        10
    ],
    "gp_features": [
        10,
        28,
        14
    ],
    "lengthscales": [
        0.4925282446762698,
        0.5138688202135809,
        0.6228940923194033
    ],
    "beta": [
        0.0,
        0.0,
        0.0,
        -2.7428725588735636,
        0.0,
        0.0,
        0.0,
        0.37557024596931576,
        0.0,
        0.0,
        1.1047781659376534,
        0.0,
        0.0,
        -4.229052248302433,
        -1.6113743622522914,
        0.0,
        0.0,
        0.0,
        0.0,
        0.0,
        0.0,
        0.0,
        0.0,
        0.0,
        0.0,
        0.0,
        0.0,
        0.0,
        4.88694396010704,
        0.0
    ]
}