{
    "selected features": [
        5,
        8,
        9,
        16,
        22,
        24,
        27
    ],
    "precision": 0.7142857142857143,
    "recall": 0.8333333333333334,
    "training rmse": 1.5582,
    "testing rmse": 1.9265,
    "beta_error": 0.3162,
    "tune time": 2557.1983,
    "fit time": 37.2691,
    "prediction time (test)": 1.9374,
    "total runtime": 2596.4048,
    "lambda": 6.3246
}