{
    "n": 100,
    "active_prop": 0.2,
    "noise": 1.0,
    "seed": 26,
    "active_indices": [
        16,
        18,
        9,
        10,
        7,
        15
    ],
    "gp_features": [
        16,
        15,
        10
    ],
    "lengthscales": [
        0.7784890154110209,
        0.5385129612789259,
        2.6105479098328725
    ],
    "beta": [
        0.0,
        0.0,
        0.0,
        0.0,
        0.0,
        0.0,
        0.0,
        4.885782953638472,
        0.0,
        3.764796328132679,
        -0.5684089109860153,
        0.0,
        0.0,
        0.0,
        0.0,
        -3.600089045291084,
        -4.748650152230857,
        0.0,
        1.7429114799268586,
        0.0,
        0.0,
        0.0,
        0.0,
        0.0,
        0.0,
        0.0,
        0.0,
        0.0,
        0.0,
        0.0
    ]
}