{
    "n": 1000,
    "active_prop": 0.3,
    "noise": 1.0,
    "seed": 130,
    "active_indices": [
        12,
        8,
        0,
        14,
        11,
        7,
        21,
        18,
        1
    ],
    "gp_features": [
        21,
        0,
        14
    ],
    "lengthscales": [
        0.7205899171579981,
        0.8080481222673669,
        0.7515546075702237
    ],
    "beta": [
        1.2449716637454618,
        2.4196869364657,
        0.0,
        0.0,
        0.0,
        0.0,
        0.0,
        4.874408675375175,
        -0.9305156589532508,
        0.0,
        0.0,
        -4.426412016473127,
        -0.6383683306349077,
        0.0,
        -1.5136725266819173,
        0.0,
        0.0,
        0.0,
        4.267185101752618,
        0.0,
        0.0,
        0.4638585984757162,
        0.0,
        0.0,
        0.0,
        0.0,
        0.0,
        0.0,
        0.0,
        0.0
    ]
}