{
    "n": 1000,
    "active_prop": 0.1,
    "noise": 0.1,
    "seed": 91,
    "active_indices": [
        20,
        14,
        16
    ],
    "gp_features": [
        16,
        20,
        14
    ],
    "lengthscales": [
        1.4737731039074173,
        2.1418234999576016,
        2.098503019150129
    ],
    "beta": [
        0.0,
        0.0,
        0.0,
        0.0,
        0.0,
        0.0,
        0.0,
        0.0,
        0.0,
        0.0,
        0.0,
        0.0,
        0.0,
        0.0,
        1.7528304994264756,
        0.0,
        0.6264637691014272,
        0.0,
        0.0,
        0.0,
        0.8558287606757595,
        0.0,
        0.0,
        0.0,
        0.0,
        0.0,
        0.0,
        0.0,
        0.0,
        0.0
    ]
}