{
    "n": 11000,
    "active_prop": 0.1,
    "noise_constant": 0.5,
    "seed": 1,
    "active_indices": [
        27,
        9,
        26
    ],
    "gp_features": [
        27,
        9,
        26
    ],
    "lengthscales": [
        1.668679542992421,
        0.7135884949455296,
        1.2595505003526626
    ],
    "beta": [
        0.0,
        0.0,
        0.0,
        0.0,
        0.0,
        0.0,
        0.0,
        0.0,
        0.0,
        4.649689348209806,
        0.0,
        0.0,
        0.0,
        0.0,
        0.0,
        0.0,
        0.0,
        0.0,
        0.0,
        0.0,
        0.0,
        0.0,
        0.0,
        0.0,
        0.0,
        0.0,
        -0.4500781305624155,
        1.0286473408645236,
        0.0,
        0.0
    ]
}