{
    "n": 1000,
    "active_prop": 0.2,
    "noise": 0.5,
    "seed": 114,
    "active_indices": [
        18,
        26,
        13,
        5,
        7,
        16
    ],
    "gp_features": [
        7,
        13,
        26
    ],
    "lengthscales": [
        1.51568492881021,
        1.2548393653041439,
        0.4667986762387179
    ],
    "beta": [
        0.0,
        0.0,
        0.0,
        0.0,
        0.0,
        -3.9611543499969804,
        0.0,
        3.3863241910624833,
        0.0,
        0.0,
        0.0,
        0.0,
        0.0,
        -1.9585691056279222,
        0.0,
        0.0,
        2.575701479115656,
        0.0,
        -3.916011173109548,
        0.0,
        0.0,
        0.0,
        0.0,
        0.0,
        0.0,
        0.0,
        4.210624866829352,
        0.0,
        0.0,
        0.0
    ]
}