{
    "n": 500,
    "active_prop": 0.5,
    "noise_constant": 0.1,
    "seed": 77,
    "active_indices": [
        27,
        2,
        23,
        13,
        14,
        20,
        21,
        0,
        5,
        12,
        19,
        28,
        7,
        26,
        25
    ],
    "gp_features": [
        2,
        25,
        28
    ],
    "lengthscales": [
        0.6289224568510366,
        0.7453201057245582,
        0.9505736986688423
    ],
    "beta": [
        -2.5887913833078944,
        0.0,
        -3.8428609065896624,
        0.0,
        0.0,
        2.980742229156127,
        0.0,
        -1.1399778571250274,
        0.0,
        0.0,
        0.0,
        0.0,
        1.9157213378573488,
        3.1258676988809615,
        2.20552808267151,
        0.0,
        0.0,
        0.0,
        0.0,
        -2.0663996195722047,
        -0.134714242534403,
        4.142311139689863,
        0.0,
        -1.4907489506380776,
        0.0,
        0.583716573492782,
        -1.0178428436697184,
        4.303699906381489,
        1.5353054527016852,
        0.0
    ]
}