{
    "n": 1000,
    "active_prop": 0.5,
    "noise_constant": 0.5,
    "seed": 129,
    "active_indices": [
        8,
        6,
        24,
        2,
        29,
        21,
        22,
        1,
        10,
        9,
        0,
        7,
        13,
        11,
        17
    ],
    "gp_features": [
        13,
        7,
        29
    ],
    "lengthscales": [
        2.2680668512899134,
        0.6154459961210588,
        1.2251199386301441
    ],
    "beta": [
        -4.164189536575672,
        3.261937252148604,
        4.196687809445116,
        0.0,
        0.0,
        0.0,
        -2.999940700366465,
        0.2587935880575145,
        0.6622499448907124,
        1.582424187189872,
        -0.11248631530453057,
        4.199854355973358,
        0.0,
        -0.5449137347147603,
        0.0,
        0.0,
        0.0,
        -0.20261626110032793,
        0.0,
        0.0,
        0.0,
        -0.7435374816831866,
        -2.766313641318906,
        0.0,
        -4.6138542746548445,
        0.0,
        0.0,
        0.0,
        0.0,
        1.74049687228087
    ]
}