{
    "n": 500,
    "active_prop": 0.1,
    "noise_constant": 0.1,
    "seed": 45,
    "active_indices": [
        4,
        26,
        27
    ],
    "gp_features": [
        4,
        27,
        26
    ],
    "lengthscales": [
        0.8003160828282037,
        0.8536160829713938,
        1.103281961509766
    ],
    "beta": [
        0.0,
        0.0,
        0.0,
        0.0,
        2.678218074158048,
        0.0,
        0.0,
        0.0,
        0.0,
        0.0,
        0.0,
        0.0,
        0.0,
        0.0,
        0.0,
        0.0,
        0.0,
        0.0,
        0.0,
        0.0,
        0.0,
        0.0,
        0.0,
        0.0,
        0.0,
        0.0,
        4.7964273829018715,
        -0.7832768896908373,
        0.0,
        0.0
    ]
}