{
    "n": 500,
    "active_prop": 0.5,
    "noise_constant": 0.1,
    "seed": 75,
    "active_indices": [
        26,
        10,
        4,
        2,
        22,
        3,
        28,
        17,
        11,
        21,
        13,
        29,
        12,
        1,
        20
    ],
    "gp_features": [
        22,
        28,
        26
    ],
    "lengthscales": [
        0.3469797218117397,
        2.6777416655989197,
        2.0166161079468745
    ],
    "beta": [
        0.0,
        -0.11095027015116798,
        -2.1430109097756276,
        -0.20268956337556787,
        4.627276405536513,
        0.0,
        0.0,
        0.0,
        0.0,
        0.0,
        3.7464020033441496,
        1.0373833988799852,
        -0.8715488307040413,
        3.4388592885975005,
        0.0,
        0.0,
        0.0,
        4.0665237256733935,
        0.0,
        0.0,
        2.3102173444202325,
        3.1776685902249984,
        4.50072095702599,
        0.0,
        0.0,
        0.0,
        4.789558371352381,
        0.0,
        2.7727900373593126,
        -3.7987445536128552
    ]
}