{
    "n": 11000,
    "active_prop": 0.2,
    "noise_constant": 0.1,
    "seed": 3,
    "active_indices": [
        12,
        17,
        14,
        25,
        3,
        18
    ],
    "gp_features": [
        17,
        18,
        3
    ],
    "lengthscales": [
        0.6368051678620508,
        1.5174980789344452,
        0.8386543509379134
    ],
    "beta": [
        0.0,
        0.0,
        0.0,
        0.5617829660577502,
        0.0,
        0.0,
        0.0,
        0.0,
        0.0,
        0.0,
        0.0,
        0.0,
        -1.1477299637794145,
        0.0,
        3.6907879682279425,
        0.0,
        0.0,
        3.5239233497969966,
        4.863150524804121,
        0.0,
        0.0,
        0.0,
        0.0,
        0.0,
        0.0,
        -4.564137812082054,
        0.0,
        0.0,
        0.0,
        0.0
    ]
}