{
    "n": 100,
    "active_prop": 0.1,
    "noise": 1.0,
    "seed": 13,
    "active_indices": [
        2,
        3,
        18
    ],
    "gp_features": [
        18,
        3,
        2
    ],
    "lengthscales": [
        0.9982311796090176,
        0.7815151278886163,
        1.6234372114047486
    ],
    "beta": [
        0.0,
        0.0,
        0.1985108844203518,
        -3.6314736577663362,
        0.0,
        0.0,
        0.0,
        0.0,
        0.0,
        0.0,
        0.0,
        0.0,
        0.0,
        0.0,
        0.0,
        0.0,
        0.0,
        0.0,
        4.890775231453903,
        0.0,
        0.0,
        0.0,
        0.0,
        0.0,
        0.0,
        0.0,
        0.0,
        0.0,
        0.0,
        0.0
    ]
}