{
    "n": 1000,
    "active_prop": 0.2,
    "seed": 36,
    "active_indices": [
        10,
        15,
        22,
        11,
        2,
        17
    ],
    "gp_features": [
        15,
        10,
        11
    ],
    "lengthscales": [
        0.6340499599624062,
        0.7224904442133895,
        1.7145314738008233
    ],
    "beta": [
        0.0,
        0.0,
        0.28676684281210374,
        0.0,
        0.0,
        0.0,
        0.0,
        0.0,
        0.0,
        0.0,
        3.7329235411686597,
        -1.4695145457019154,
        0.0,
        0.0,
        0.0,
        -3.7063540881175703,
        0.0,
        1.9595611283141618,
        0.0,
        0.0,
        0.0,
        0.0,
        0.21292458958778937,
        0.0,
        0.0,
        0.0,
        0.0,
        0.0,
        0.0,
        0.0
    ]
}