{
    "n": 1000,
    "active_prop": 0.1,
    "noise": 0.1,
    "seed": 90,
    "active_indices": [
        5,
        3,
        0
    ],
    "gp_features": [
        5,
        0,
        3
    ],
    "lengthscales": [
        0.9970551193519831,
        1.11085640525807,
        0.4112461024755606
    ],
    "beta": [
        -0.9740550595012483,
        0.0,
        0.0,
        -1.0009621113060096,
        0.0,
        1.4106320733289204,
        0.0,
        0.0,
        0.0,
        0.0,
        0.0,
        0.0,
        0.0,
        0.0,
        0.0,
        0.0,
        0.0,
        0.0,
        0.0,
        0.0,
        0.0,
        0.0,
        0.0,
        0.0,
        0.0,
        0.0,
        0.0,
        0.0,
        0.0,
        0.0
    ]
}