{
    "selected features": [
        0,
        1,
        4,
        6,
        7,
        8,
        9,
        17,
        18,
        25,
        27,
        28
    ],
    "precision": 0.16666666666666666,
    "recall": 0.6666666666666666,
    "training rmse": 0.0,
    "testing rmse": 0.9729,
    "beta_error": 0.6055,
    "tune time": 0.0115,
    "fit time": 918.2557,
    "prediction time (test)": 0.4886,
    "total runtime": 918.7559,
    "lambda": 0.0242
}