{
    "n": 100,
    "active_prop": 0.3,
    "noise": 0.1,
    "seed": 32,
    "active_indices": [
        14,
        5,
        20,
        18,
        21,
        28,
        16,
        22,
        0
    ],
    "gp_features": [
        5,
        22,
        16
    ],
    "lengthscales": [
        0.992648751795298,
        0.7311849338257043,
        1.533320830851408
    ],
    "beta": [
        -4.727636185262543,
        0.0,
        0.0,
        0.0,
        0.0,
        -3.0709413448980785,
        0.0,
        0.0,
        0.0,
        0.0,
        0.0,
        0.0,
        0.0,
        0.0,
        0.4693436756969529,
        0.0,
        -4.255894710777048,
        0.0,
        -1.4349449893812039,
        0.0,
        3.035979110952841,
        -2.3505174087955116,
        0.7347229125502537,
        0.0,
        0.0,
        0.0,
        0.0,
        0.0,
        -2.5700489002162676,
        0.0
    ]
}