{
    "n": 100,
    "active_prop": 0.5,
    "seed": 12,
    "active_indices": [
        25,
        10,
        5,
        29,
        9,
        20,
        0,
        7,
        19,
        4,
        17,
        2,
        1,
        18,
        11
    ],
    "gp_features": [
        20,
        11,
        1
    ],
    "lengthscales": [
        3.315184473735243,
        0.8070238523608327,
        0.823037836197623
    ],
    "beta": [
        -4.146982110452763,
        -3.2051592042544366,
        -0.1061938538934184,
        0.0,
        -3.177523778092477,
        4.6029867463613545,
        0.0,
        -3.645834335597754,
        0.0,
        1.7606079210460592,
        2.5696346499582203,
        4.9079060048264225,
        0.0,
        0.0,
        0.0,
        0.0,
        0.0,
        -2.420485760931763,
        4.49950510173062,
        3.54335165747003,
        -0.2678490929176389,
        0.0,
        0.0,
        0.0,
        0.0,
        -3.6845601487899513,
        0.0,
        0.0,
        0.0,
        -1.7086686721050826
    ]
}