{
    "n": 1000,
    "active_prop": 0.3,
    "noise": 0.5,
    "seed": 128,
    "active_indices": [
        14,
        15,
        2,
        8,
        25,
        20,
        1,
        4,
        16
    ],
    "gp_features": [
        16,
        8,
        25
    ],
    "lengthscales": [
        1.6107564459619437,
        0.7361469014244137,
        0.947411233048298
    ],
    "beta": [
        0.0,
        3.9423921230473873,
        0.2485173072397293,
        0.0,
        1.1045716238425474,
        0.0,
        0.0,
        0.0,
        0.3733973807739508,
        0.0,
        0.0,
        0.0,
        0.0,
        0.0,
        1.5543968616400843,
        0.9250627168528522,
        -2.9070400996357835,
        0.0,
        0.0,
        0.0,
        2.2850490376325725,
        0.0,
        0.0,
        0.0,
        0.0,
        -4.27905893527282,
        0.0,
        0.0,
        0.0,
        0.0
    ]
}