{
    "n": 100,
    "active_prop": 0.2,
    "noise": 1.0,
    "seed": 27,
    "active_indices": [
        22,
        3,
        8,
        6,
        17,
        12
    ],
    "gp_features": [
        3,
        8,
        6
    ],
    "lengthscales": [
        1.018813679320052,
        0.9480291525833162,
        1.145553101975335
    ],
    "beta": [
        0.0,
        0.0,
        0.0,
        -3.382224635560356,
        0.0,
        0.0,
        -4.209045073807508,
        0.0,
        2.705933261371868,
        0.0,
        0.0,
        0.0,
        -1.0403626439846003,
        0.0,
        0.0,
        0.0,
        0.0,
        -0.24907616389763731,
        0.0,
        0.0,
        0.0,
        0.0,
        2.367559495966791,
        0.0,
        0.0,
        0.0,
        0.0,
        0.0,
        0.0,
        0.0
    ]
}