{
    "n": 1000,
    "active_prop": 0.5,
    "noise_constant": 0.1,
    "seed": 122,
    "active_indices": [
        19,
        10,
        13,
        3,
        2,
        6,
        4,
        20,
        8,
        25,
        24,
        23,
        12,
        9,
        14
    ],
    "gp_features": [
        2,
        3,
        24
    ],
    "lengthscales": [
        1.0878271133573418,
        0.6577750733870799,
        1.668632948636591
    ],
    "beta": [
        0.0,
        0.0,
        2.067779493469038,
        1.1917668813531455,
        4.074953588464004,
        0.0,
        -3.063503184916735,
        0.0,
        2.801419600488286,
        1.8674223566259682,
        0.8957912040740643,
        0.0,
        -2.1652734654159067,
        4.389009349058156,
        -1.5345739515664771,
        0.0,
        0.0,
        0.0,
        0.0,
        -1.628239277003268,
        -0.7896200302917213,
        0.0,
        0.0,
        3.4655525948555965,
        1.279521749718854,
        -3.7112696894401633,
        0.0,
        0.0,
        0.0,
        0.0
    ]
}