{
    "n": 500,
    "active_prop": 0.1,
    "noise_constant": 1.0,
    "seed": 55,
    "active_indices": [
        24,
        18,
        13
    ],
    "gp_features": [
        24,
        13,
        18
    ],
    "lengthscales": [
        0.3500906267442294,
        0.40280376612914914,
        0.7067128596155938
    ],
    "beta": [
        0.0,
        0.0,
        0.0,
        0.0,
        0.0,
        0.0,
        0.0,
        0.0,
        0.0,
        0.0,
        0.0,
        0.0,
        0.0,
        -2.7561053243821796,
        0.0,
        0.0,
        0.0,
        0.0,
        1.5805093008559288,
        0.0,
        0.0,
        0.0,
        0.0,
        0.0,
        3.3921100069622234,
        0.0,
        0.0,
        0.0,
        0.0,
        0.0
    ]
}