{
    "n": 1000,
    "active_prop": 0.1,
    "seed": 33,
    "active_indices": [
        12,
        23,
        1
    ],
    "gp_features": [
        1,
        23,
        12
    ],
    "lengthscales": [
        0.7751415729952829,
        0.5623312021412792,
        0.6202088810864849
    ],
    "beta": [
        0.0,
        2.348908215657227,
        0.0,
        0.0,
        0.0,
        0.0,
        0.0,
        0.0,
        0.0,
        0.0,
        0.0,
        0.0,
        -4.029533561520138,
        0.0,
        0.0,
        0.0,
        0.0,
        0.0,
        0.0,
        0.0,
        0.0,
        0.0,
        0.0,
        3.716171339745509,
        0.0,
        0.0,
        0.0,
        0.0,
        0.0,
        0.0
    ]
}