{
    "n": 500,
    "active_prop": 0.2,
    "noise": 0.5,
    "seed": 66,
    "active_indices": [
        25,
        24,
        12,
        19,
        16,
        14
    ],
    "gp_features": [
        24,
        16,
        19
    ],
    "lengthscales": [
        1.0547029878582113,
        1.774234237009337,
        0.6785503880403926
    ],
    "beta": [
        0.0,
        0.0,
        0.0,
        0.0,
        0.0,
        0.0,
        0.0,
        0.0,
        0.0,
        0.0,
        0.0,
        0.0,
        -4.614173047557454,
        0.0,
        3.690952604885995,
        0.0,
        -1.9748293200521383,
        0.0,
        0.0,
        0.425044858815566,
        0.0,
        0.0,
        0.0,
        0.0,
        0.9181864676055307,
        -4.2751343854414365,
        0.0,
        0.0,
        0.0,
        0.0
    ]
}