{
    "selected features": [
        0,
        4,
        11,
        12,
        14,
        15,
        17,
        28,
        29
    ],
    "precision": 0.4444444444444444,
    "recall": 0.6666666666666666,
    "training rmse": 0.8866,
    "testing rmse": 1.6242,
    "beta_error": 0.483,
    "tune time": 103.6051,
    "fit time": 2.7547,
    "prediction time (test)": 0.0735,
    "total runtime": 106.4332,
    "lambda": 6.3246
}