{
    "selected features": [
        0,
        2,
        4,
        7,
        9,
        10,
        12,
        13,
        15,
        18,
        19,
        20,
        21,
        22,
        23,
        24,
        25,
        26
    ],
    "precision": 0.7777777777777778,
    "recall": 0.9333333333333333,
    "training rmse": 0.2147,
    "testing rmse": 1.1455,
    "beta_error": 0.4082,
    "tune time": 28.1911,
    "fit time": 0.3468,
    "prediction time (test)": 0.0206,
    "total runtime": 28.5585,
    "lambda": 6.3246
}