{
    "selected features": [
        0,
        1,
        4,
        6,
        7,
        10,
        12,
        13,
        15,
        18,
        20,
        21,
        22,
        23,
        24,
        25,
        26
    ],
    "precision": 0.8235294117647058,
    "recall": 0.9333333333333333,
    "training rmse": 0.0,
    "testing rmse": 1.1039,
    "beta_error": 0.3651,
    "tune time": 0.0073,
    "fit time": 0.6019,
    "prediction time (test)": 0.0235,
    "total runtime": 0.6327,
    "lambda": 0.0768
}