{
    "selected features": [
        0,
        2,
        3,
        4,
        5,
        6,
        7,
        9,
        10,
        12,
        13,
        15,
        17,
        18,
        20,
        22,
        23,
        24,
        25,
        26,
        29
    ],
    "precision": 0.6666666666666666,
    "recall": 0.9333333333333333,
    "training rmse": 0.0,
    "testing rmse": 1.1332,
    "beta_error": 0.5164,
    "tune time": 0.009,
    "fit time": 0.4713,
    "prediction time (test)": 0.0204,
    "total runtime": 0.5007,
    "lambda": 0.0649
}