{
    "n": 1000,
    "active_prop": 0.5,
    "noise_constant": 1.0,
    "seed": 132,
    "active_indices": [
        18,
        26,
        6,
        5,
        8,
        2,
        3,
        20,
        28,
        0,
        17,
        19,
        14,
        12,
        9
    ],
    "gp_features": [
        6,
        0,
        20
    ],
    "lengthscales": [
        1.0400308002802605,
        1.2150905889085968,
        1.2003539307168445
    ],
    "beta": [
        4.939609238832158,
        0.0,
        -3.016825036733147,
        -3.890961959454786,
        0.0,
        0.4491623185430207,
        0.34802051046653304,
        0.0,
        1.9975255934947231,
        0.9119686089105272,
        0.0,
        0.0,
        3.511672644900724,
        0.0,
        0.9204785335757828,
        0.0,
        0.0,
        -1.849835074940962,
        -2.663278786946013,
        -3.653075769891043,
        3.109644030258851,
        0.0,
        0.0,
        0.0,
        0.0,
        0.0,
        0.6779501218810005,
        0.0,
        -3.8915036632545794,
        0.0
    ]
}