{
    "n": 1000,
    "active_prop": 0.1,
    "noise": 1.0,
    "seed": 102,
    "active_indices": [
        4,
        19,
        5
    ],
    "gp_features": [
        19,
        5,
        4
    ],
    "lengthscales": [
        1.1005605287101359,
        0.3933849228953131,
        0.6906954296302825
    ],
    "beta": [
        0.0,
        0.0,
        0.0,
        0.0,
        -1.3891787052282267,
        -3.3911523681776687,
        0.0,
        0.0,
        0.0,
        0.0,
        0.0,
        0.0,
        0.0,
        0.0,
        0.0,
        0.0,
        0.0,
        0.0,
        0.0,
        -3.2445574515946065,
        0.0,
        0.0,
        0.0,
        0.0,
        0.0,
        0.0,
        0.0,
        0.0,
        0.0,
        0.0
    ]
}