{
    "n": 1000,
    "active_prop": 0.1,
    "noise_constant": 1.0,
    "seed": 102,
    "active_indices": [
        26,
        20,
        3
    ],
    "gp_features": [
        3,
        26,
        20
    ],
    "lengthscales": [
        1.0481554596243228,
        0.701124701215269,
        1.1366089272352382
    ],
    "beta": [
        0.0,
        0.0,
        0.0,
        0.156559531742956,
        0.0,
        0.0,
        0.0,
        0.0,
        0.0,
        0.0,
        0.0,
        0.0,
        0.0,
        0.0,
        0.0,
        0.0,
        0.0,
        0.0,
        0.0,
        0.0,
        3.685932126487142,
        0.0,
        0.0,
        0.0,
        0.0,
        0.0,
        1.685862319054639,
        0.0,
        0.0,
        0.0
    ]
}