{
    "n": 500,
    "active_prop": 0.1,
    "noise": 1.0,
    "seed": 55,
    "active_indices": [
        19,
        26,
        5
    ],
    "gp_features": [
        19,
        5,
        26
    ],
    "lengthscales": [
        1.0811908453588934,
        1.097340999052797,
        0.9062394096945209
    ],
    "beta": [
        0.0,
        0.0,
        0.0,
        0.0,
        0.0,
        -1.1640170941396977,
        0.0,
        0.0,
        0.0,
        0.0,
        0.0,
        0.0,
        0.0,
        0.0,
        0.0,
        0.0,
        0.0,
        0.0,
        0.0,
        -1.8390353667681856,
        0.0,
        0.0,
        0.0,
        0.0,
        0.0,
        0.0,
        -4.774479221419201,
        0.0,
        0.0,
        0.0
    ]
}