{
    "n": 1000,
    "active_prop": 0.1,
    "noise_constant": 0.1,
    "seed": 92,
    "active_indices": [
        17,
        11,
        3
    ],
    "gp_features": [
        11,
        3,
        17
    ],
    "lengthscales": [
        1.3263036142039109,
        1.2941091670977665,
        1.8382197853147066
    ],
    "beta": [
        0.0,
        0.0,
        0.0,
        -2.6549679986286288,
        0.0,
        0.0,
        0.0,
        0.0,
        0.0,
        0.0,
        0.0,
        -3.7092143741063897,
        0.0,
        0.0,
        0.0,
        0.0,
        0.0,
        -3.934120978527357,
        0.0,
        0.0,
        0.0,
        0.0,
        0.0,
        0.0,
        0.0,
        0.0,
        0.0,
        0.0,
        0.0,
        0.0
    ]
}