{
    "n": 1000,
    "active_prop": 0.1,
    "noise": 0.1,
    "seed": 92,
    "active_indices": [
        27,
        29,
        23
    ],
    "gp_features": [
        23,
        29,
        27
    ],
    "lengthscales": [
        0.38875491026515185,
        0.7473643662050431,
        0.4290325381831788
    ],
    "beta": [
        0.0,
        0.0,
        0.0,
        0.0,
        0.0,
        0.0,
        0.0,
        0.0,
        0.0,
        0.0,
        0.0,
        0.0,
        0.0,
        0.0,
        0.0,
        0.0,
        0.0,
        0.0,
        0.0,
        0.0,
        0.0,
        0.0,
        0.0,
        1.111500108647201,
        0.0,
        0.0,
        0.0,
        -3.9513422339651036,
        0.0,
        3.759927443602745
    ]
}