{
    "n": 500,
    "active_prop": 0.2,
    "noise": 1.0,
    "seed": 74,
    "active_indices": [
        16,
        3,
        21,
        1,
        29,
        25
    ],
    "gp_features": [
        25,
        29,
        3
    ],
    "lengthscales": [
        0.7466989494375238,
        0.6330175486703309,
        0.4831208489897087
    ],
    "beta": [
        0.0,
        3.593382768579703,
        0.0,
        -1.9868336347902793,
        0.0,
        0.0,
        0.0,
        0.0,
        0.0,
        0.0,
        0.0,
        0.0,
        0.0,
        0.0,
        0.0,
        0.0,
        -4.44288169079616,
        0.0,
        0.0,
        0.0,
        0.0,
        4.170661971902716,
        0.0,
        0.0,
        0.0,
        1.6657974007759595,
        0.0,
        0.0,
        0.0,
        3.7609597575785223
    ]
}