{
    "n": 100,
    "active_prop": 0.5,
    "noise_constant": 0.1,
    "seed": 33,
    "active_indices": [
        15,
        20,
        23,
        3,
        18,
        10,
        26,
        17,
        5,
        12,
        28,
        21,
        8,
        29,
        9
    ],
    "gp_features": [
        18,
        17,
        29
    ],
    "lengthscales": [
        0.7354578797088904,
        2.3491473746813956,
        1.4873401686781258
    ],
    "beta": [
        0.0,
        0.0,
        0.0,
        -4.230376170640277,
        0.0,
        -4.068743946883636,
        0.0,
        0.0,
        1.3410912991590154,
        -3.5109822411028233,
        -0.9199012716698629,
        0.0,
        4.168323693719033,
        0.0,
        0.0,
        -2.3459057295633032,
        0.0,
        4.9304820655666965,
        3.1247317658345874,
        0.0,
        1.993836408593225,
        -4.892890329470946,
        0.0,
        0.09418054416062471,
        0.0,
        0.0,
        1.1034089830068528,
        0.0,
        -0.028521160588176997,
        2.274089268372153
    ]
}