{
    "selected features": [
        0,
        1,
        3,
        4,
        5,
        8,
        9,
        12,
        15,
        16,
        17,
        18,
        19,
        20,
        21,
        22,
        26,
        28,
        29
    ],
    "precision": 0.6842105263157895,
    "recall": 0.8666666666666667,
    "training rmse": 0.4548,
    "testing rmse": 1.224,
    "beta_error": 0.5164,
    "tune time": 0.2344,
    "fit time": 8.6081,
    "prediction time (test)": 0.8316,
    "total runtime": 9.6742,
    "lambda": 0.0704
}