{
    "selected features": [
        1,
        2,
        3,
        4,
        7,
        8,
        9,
        10,
        11,
        12,
        13,
        15,
        16,
        18,
        19,
        21,
        22,
        23,
        24,
        25,
        27,
        28,
        29
    ],
    "precision": 0.5652173913043478,
    "recall": 0.8666666666666667,
    "training rmse": 1.2381,
    "testing rmse": 4.4905,
    "beta_error": 0.6325,
    "tune time": 0.0086,
    "fit time": 0.2092,
    "prediction time (test)": 0.0252,
    "total runtime": 0.243,
    "lambda": 0.2243
}