{
    "n": 100,
    "active_prop": 0.1,
    "seed": 1,
    "active_indices": [
        3,
        17,
        22
    ],
    "gp_features": [
        17,
        22,
        3
    ],
    "lengthscales": [
        1.144460094597428,
        2.599068244802103,
        2.063043692867453
    ],
    "beta": [
        0.0,
        0.0,
        0.0,
        2.476845596235215,
        0.0,
        0.0,
        0.0,
        0.0,
        0.0,
        0.0,
        0.0,
        0.0,
        0.0,
        0.0,
        0.0,
        0.0,
        0.0,
        -1.9775126902630555,
        0.0,
        0.0,
        0.0,
        0.0,
        0.12476011955182909,
        0.0,
        0.0,
        0.0,
        0.0,
        0.0,
        0.0,
        0.0
    ]
}