{
    "n": 1000,
    "active_prop": 0.2,
    "noise": 0.1,
    "seed": 106,
    "active_indices": [
        5,
        13,
        24,
        23,
        0,
        20
    ],
    "gp_features": [
        13,
        20,
        5
    ],
    "lengthscales": [
        0.36931390164014855,
        2.001100260785605,
        0.9545917963404035
    ],
    "beta": [
        -3.3387903061510094,
        0.0,
        0.0,
        0.0,
        0.0,
        1.5368645594864594,
        0.0,
        0.0,
        0.0,
        0.0,
        0.0,
        0.0,
        0.0,
        0.9858620020141444,
        0.0,
        0.0,
        0.0,
        0.0,
        0.0,
        0.0,
        0.8424565478485757,
        0.0,
        0.0,
        1.9204650108785435,
        2.0202564379655303,
        0.0,
        0.0,
        0.0,
        0.0,
        0.0
    ]
}