{
    "selected features": [
        0,
        1,
        2,
        3,
        6,
        7,
        8,
        10,
        11,
        12,
        13,
        14,
        15,
        18,
        20,
        21,
        22,
        23,
        24,
        26,
        27
    ],
    "precision": 0.6190476190476191,
    "recall": 0.8666666666666667,
    "training rmse": 0.0,
    "testing rmse": 1.4589,
    "beta_error": 0.5774,
    "tune time": 0.0575,
    "fit time": 1.7824,
    "prediction time (test)": 0.2028,
    "total runtime": 2.0428,
    "lambda": 0.1116
}