{
    "n": 100,
    "active_prop": 0.1,
    "noise_constant": 0.1,
    "seed": 1,
    "active_indices": [
        5,
        10,
        7
    ],
    "gp_features": [
        10,
        5,
        7
    ],
    "lengthscales": [
        1.4352021813967115,
        0.8406889675699815,
        1.0385950203981809
    ],
    "beta": [
        0.0,
        0.0,
        0.0,
        0.0,
        0.0,
        1.965242533103062,
        0.0,
        0.23454399439594553,
        0.0,
        0.0,
        -2.4661676964493706,
        0.0,
        0.0,
        0.0,
        0.0,
        0.0,
        0.0,
        0.0,
        0.0,
        0.0,
        0.0,
        0.0,
        0.0,
        0.0,
        0.0,
        0.0,
        0.0,
        0.0,
        0.0,
        0.0
    ]
}