{
    "n": 1000,
    "active_prop": 0.5,
    "noise_constant": 0.5,
    "seed": 126,
    "active_indices": [
        2,
        18,
        22,
        26,
        7,
        12,
        17,
        13,
        0,
        11,
        27,
        28,
        10,
        3,
        4
    ],
    "gp_features": [
        2,
        26,
        17
    ],
    "lengthscales": [
        1.3485950380511271,
        0.7091303808672945,
        1.3882779815795299
    ],
    "beta": [
        3.545952748224021,
        0.0,
        0.7972075382253454,
        -2.4769092918131355,
        -2.7783568868277095,
        0.0,
        0.0,
        3.9597807959738027,
        0.0,
        0.0,
        -4.824545053929523,
        -4.321148368578509,
        -3.7206552761875775,
        4.492113996954005,
        0.0,
        0.0,
        0.0,
        2.2279706928977907,
        -4.2370240958628305,
        0.0,
        0.0,
        0.0,
        -2.434072896446071,
        0.0,
        0.0,
        0.0,
        4.664446646837876,
        -4.200720632242829,
        -4.211294412467458,
        0.0
    ]
}