{
    "n": 100,
    "active_prop": 0.3,
    "seed": 11,
    "active_indices": [
        1,
        12,
        7,
        16,
        10,
        9,
        11,
        22,
        21
    ],
    "gp_features": [
        11,
        12,
        10
    ],
    "lengthscales": [
        0.8356402208475712,
        0.318484354883564,
        0.9014898851066939
    ],
    "beta": [
        0.0,
        3.5407743965116136,
        0.0,
        0.0,
        0.0,
        0.0,
        0.0,
        3.0767751637265697,
        0.0,
        -3.5305632727897587,
        4.4076477684262905,
        -0.5254650036262101,
        -0.3826296508657574,
        0.0,
        0.0,
        0.0,
        -0.7712795998435942,
        0.0,
        0.0,
        0.0,
        0.0,
        -0.2178999935533552,
        3.9691877812110903,
        0.0,
        0.0,
        0.0,
        0.0,
        0.0,
        0.0,
        0.0
    ]
}