{
    "selected features": [
        0,
        2,
        3,
        5,
        6,
        7,
        8,
        9,
        11,
        12,
        13,
        14,
        18,
        21,
        25,
        26,
        27,
        28,
        29
    ],
    "precision": 0.6842105263157895,
    "recall": 0.8666666666666667,
    "training rmse": 0.0,
    "testing rmse": 2.0039,
    "beta_error": 0.5164,
    "tune time": 0.0201,
    "fit time": 24.7843,
    "prediction time (test)": 0.5454,
    "total runtime": 25.3498,
    "lambda": 0.0465
}