{
    "n": 1000,
    "active_prop": 0.2,
    "noise_constant": 0.1,
    "seed": 106,
    "active_indices": [
        20,
        21,
        9,
        6,
        2,
        24
    ],
    "gp_features": [
        9,
        2,
        6
    ],
    "lengthscales": [
        0.6823479550007863,
        1.019993201099489,
        0.602890041054476
    ],
    "beta": [
        0.0,
        0.0,
        -1.3894466607004121,
        0.0,
        0.0,
        0.0,
        3.1045175791330113,
        0.0,
        0.0,
        -4.389135400753977,
        0.0,
        0.0,
        0.0,
        0.0,
        0.0,
        0.0,
        0.0,
        0.0,
        0.0,
        0.0,
        1.4724560391882333,
        -1.3094839583800013,
        0.0,
        0.0,
        -3.554401792642121,
        0.0,
        0.0,
        0.0,
        0.0,
        0.0
    ]
}