{
    "n": 100,
    "active_prop": 0.1,
    "noise_constant": 0.5,
    "seed": 8,
    "active_indices": [
        29,
        17,
        2
    ],
    "gp_features": [
        17,
        29,
        2
    ],
    "lengthscales": [
        1.0717350839562112,
        1.5613000010596263,
        0.44032852568719005
    ],
    "beta": [
        0.0,
        0.0,
        -0.02080557111554615,
        0.0,
        0.0,
        0.0,
        0.0,
        0.0,
        0.0,
        0.0,
        0.0,
        0.0,
        0.0,
        0.0,
        0.0,
        0.0,
        0.0,
        -3.1155004041329937,
        0.0,
        0.0,
        0.0,
        0.0,
        0.0,
        0.0,
        0.0,
        0.0,
        0.0,
        0.0,
        0.0,
        -4.7190034061065775
    ]
}