{
    "n": 500,
    "active_prop": 0.3,
    "noise": 1.0,
    "seed": 87,
    "active_indices": [
        2,
        3,
        11,
        12,
        1,
        21,
        14,
        23,
        10
    ],
    "gp_features": [
        21,
        2,
        23
    ],
    "lengthscales": [
        0.6177321373335786,
        0.8173117076264821,
        1.135135672798006
    ],
    "beta": [
        0.0,
        -1.7793172330291975,
        3.383737352959834,
        0.9570410272973975,
        0.0,
        0.0,
        0.0,
        0.0,
        0.0,
        0.0,
        1.3085474652909745,
        -4.509890102711478,
        -3.630139000030187,
        0.0,
        -0.13030183156157094,
        0.0,
        0.0,
        0.0,
        0.0,
        0.0,
        0.0,
        -0.23556771183564074,
        0.0,
        4.352016839852434,
        0.0,
        0.0,
        0.0,
        0.0,
        0.0,
        0.0
    ]
}