{
    "n": 100,
    "active_prop": 0.2,
    "noise_constant": 0.5,
    "seed": 22,
    "active_indices": [
        19,
        18,
        2,
        0,
        13,
        29
    ],
    "gp_features": [
        13,
        29,
        19
    ],
    "lengthscales": [
        0.6805291561377833,
        1.2999890932048874,
        1.1869544653814663
    ],
    "beta": [
        4.62963108681484,
        0.0,
        -3.583939317654554,
        0.0,
        0.0,
        0.0,
        0.0,
        0.0,
        0.0,
        0.0,
        0.0,
        0.0,
        0.0,
        3.864798861051943,
        0.0,
        0.0,
        0.0,
        0.0,
        1.920231710930116,
        -3.4728319238766634,
        0.0,
        0.0,
        0.0,
        0.0,
        0.0,
        0.0,
        0.0,
        0.0,
        0.0,
        -0.40452475152440037
    ]
}