{
    "n": 500,
    "active_prop": 0.3,
    "seed": 27,
    "active_indices": [
        29,
        24,
        2,
        12,
        0,
        5,
        3,
        25,
        19
    ],
    "gp_features": [
        25,
        12,
        3
    ],
    "lengthscales": [
        0.5602082067049237,
        0.9697996348189168,
        0.7292708980497871
    ],
    "beta": [
        -3.138359216395188,
        0.0,
        2.2231268273013587,
        -1.0964184615684003,
        0.0,
        -2.255250264039778,
        0.0,
        0.0,
        0.0,
        0.0,
        0.0,
        0.0,
        1.4330564093304883,
        0.0,
        0.0,
        0.0,
        0.0,
        0.0,
        0.0,
        3.540644753861704,
        0.0,
        0.0,
        0.0,
        0.0,
        4.890006368686198,
        3.3212613069565524,
        0.0,
        0.0,
        0.0,
        1.9956001927918754
    ]
}