{
    "selected features": [
        1,
        8,
        9,
        13,
        14,
        15,
        16,
        17,
        19,
        20,
        21,
        22,
        23,
        24,
        25,
        26,
        27,
        28,
        29
    ],
    "precision": 0.5789473684210527,
    "recall": 0.7333333333333333,
    "training rmse": 0.0,
    "testing rmse": 3.0868,
    "beta_error": 0.6325,
    "tune time": 0.0096,
    "fit time": 5.5789,
    "prediction time (test)": 0.0838,
    "total runtime": 5.6723,
    "lambda": 0.1132
}