{
    "selected features": [
        8,
        14,
        15,
        17,
        20,
        21,
        22,
        23,
        24,
        25,
        26,
        27,
        28,
        29
    ],
    "precision": 0.7857142857142857,
    "recall": 0.7333333333333333,
    "training rmse": 2.4631,
    "testing rmse": 2.9592,
    "beta_error": 0.483,
    "tune time": 153.724,
    "fit time": 3.5569,
    "prediction time (test)": 0.0358,
    "total runtime": 157.3167,
    "lambda": 6.3246
}