sigma_noise,sigma_gp,lambda,zeta0,tau_sq0,nu0,beta0,ell0,zeta1,tau_sq1,nu1,beta1,ell1,zeta2,tau_sq2,nu2,beta2,ell2
0.3931051142203884,1.8883792013787397,0.562653849066492,1.2192560532740206,7.702688367841211,-0.7627925768997426,-0.8322164880278082,0.7091794448598318,1.8931355665431093,11.959943334298803,-0.4179571204362622,-0.5682049114150796,0.2785280362884396,0.260786440318182,1.6475265182695142,-0.7885691314939657,-0.39789151082161545,6.4226545922032825
0.42412426369274886,1.8883792013787397,0.562653849066492,1.2192560532740206,7.702688367841211,-0.7627925768997426,-0.8978850502053658,0.7091794448598318,1.8931355665431093,11.959943334298803,0.1309668435669148,0.19209631789998616,0.2785280362884396,0.7910122380221891,4.99724462984824,-0.7885691314939657,-0.7476497566649069,1.0959200823198212
0.42412426369274886,1.8883792013787397,0.562653849066492,1.2192560532740206,7.702688367841211,-0.7627925768997426,-0.8978850502053658,0.7091794448598318,1.8931355665431093,11.959943334298803,0.03033122911837119,0.044488492448418904,0.13615189175117118,0.5737507619961532,3.6246884389874423,-0.7885691314939657,-0.6367489428838164,1.0959200823198212
1.9104637652136067,0.45730236730954543,0.562653849066492,1.4378415718007225,9.083609238738674,-0.027711934520719073,-0.15956398386908674,1.2127425670796046,1.8931355665431093,11.959943334298803,0.49497635039502086,3.270301663049044,0.13615189175117118,0.5737507619961532,3.6246884389874423,-0.7885691314939657,-2.8682296370548297,2.137602088556471
0.3081497882743819,0.45730236730954543,0.562653849066492,1.4378415718007225,9.083609238738674,0.022675706178512653,0.021059687199787316,1.2127425670796046,1.8931355665431093,11.959943334298803,0.49497635039502086,0.527485934782567,0.13615189175117118,0.5737507619961532,3.6246884389874423,-0.7885691314939657,-0.4626334042414729,2.137602088556471
0.5778863981641075,0.45730236730954543,0.36397351774497044,1.2045043011970196,18.184391740237224,-0.8962308780344902,-2.208573030230779,1.2127425670796046,1.063144645659026,16.05028615836981,0.49497635039502086,1.1459569729506411,1.8974954659536998,0.5737507619961532,8.66191063579365,0.44176200488467277,0.7513420270703332,2.7107281520812907
0.5778863981641075,7.16152315873405,1.5833092071298764,1.2045043011970196,0.9609634646831691,-0.8962308780344902,-0.5077101120803538,0.709543888846827,1.063144645659026,0.8481855657439854,0.49497635039502086,0.26343432397851835,1.8974954659536998,0.5737507619961532,0.4577430894721623,0.9526976247714413,0.37248471254281457,2.7107281520812907
0.5778863981641075,7.16152315873405,1.5833092071298764,1.2045043011970196,0.9609634646831691,-0.9971736009863283,-0.5648936374861829,0.709543888846827,0.6447176453573633,0.514361054260484,0.694248516602518,0.28773419125731586,1.8974954659536998,0.5737507619961532,0.4577430894721623,0.9526976247714413,0.37248471254281457,0.55176332085502
1.8272696190245372,7.16152315873405,0.6308726957581243,1.2045043011970196,6.052779984840974,-0.8761568577481498,-3.9387819768360037,0.709543888846827,0.17914902742995725,0.9002455586535975,0.694248516602518,1.2036440898909515,0.7438277754192756,0.5737507619961532,2.8831670630369404,0.9526976247714413,2.9559196186668175,0.22714424781608536
0.7511140739744152,9.939721038708162,0.6308726957581243,1.2045043011970196,6.052779984840974,0.5086451274750265,0.9399358885642949,0.709543888846827,1.1568779191046459,5.813451647040414,0.694248516602518,1.2572970379471125,0.7438277754192756,0.5737507619961532,2.8831670630369404,0.9526976247714413,1.2150548578063558,0.22714424781608536
0.9329123921764988,9.939721038708162,0.6308726957581243,0.8206972327069876,4.124102984776889,0.5086451274750265,0.963652608670307,0.709543888846827,1.1568779191046459,5.813451647040414,0.694248516602518,1.5616109829245728,0.7438277754192756,0.3949365998301107,1.984604242888326,-0.013733099890685274,-0.018048719634542677,0.22714424781608536
0.9329123921764988,1.2126588969824434,0.6308726957581243,0.8206972327069876,4.124102984776889,0.5086451274750265,0.963652608670307,0.46369771458423154,1.1568779191046459,5.813451647040414,-1.0134012233545575,-2.279498540730386,0.7438277754192756,0.498814943736332,2.506605501189486,-1.4281883503603423,-2.1094505180009095,5.101451527361271
0.9329123921764988,1.656886938559796,0.6308726957581243,0.7875061271420781,3.9573136597089937,0.46022026873950156,0.8540963005233677,0.46369771458423154,1.1568779191046459,5.813451647040414,-1.0134012233545575,-2.279498540730386,0.6841006785616897,0.5370213657834897,2.698597398959884,-0.16160228548056055,-0.24766087857644872,5.101451527361271
0.9329123921764988,1.656886938559796,0.6308726957581243,0.26279010592123664,1.3205521074134596,2.04948646887047,2.1971701421445267,1.5852886239031685,1.1568779191046459,5.813451647040414,-1.0134012233545575,-2.279498540730386,0.7817264085430318,0.5370213657834897,2.698597398959884,-0.16160228548056055,-0.24766087857644872,5.101451527361271
0.9329123921764988,19.385396096149837,0.858138751769565,0.26279010592123664,0.7137136076925159,-0.9418255248443899,-0.7422894820658467,0.436469731768059,1.1568779191046459,3.1419733646724883,-1.0134012233545575,-1.6758052079594854,0.7817264085430318,0.5370213657834897,1.4585003306637925,-0.16160228548056055,-0.18207135591903129,5.101451527361271
0.9329123921764988,19.385396096149837,0.7864813282262714,0.03596624413810237,0.11629157448442283,-2.127040398147144,-0.6766915067623606,0.436469731768059,1.1568779191046459,3.7405950474660896,-0.6265812093306815,-1.1305468801289407,0.7817264085430318,0.5370213657834897,1.736379809883373,-0.16160228548056055,-0.19866013406029467,5.101451527361271
0.9329123921764988,19.385396096149837,0.0352103081017442,0.01618438637214815,26.10878024910061,0.3147229584129003,1.5002463486199418,0.1336562648096051,1.1568779191046459,1866.284619657837,-0.6265812093306815,-25.25266207090732,0.7817264085430318,0.5370213657834897,866.3271196022497,-0.16160228548056055,-4.437407524236061,5.101451527361271
0.9329123921764988,2.781250958153991,0.05871782715824601,0.01618438637214815,9.38828534765699,1.3063271596125892,3.734100125019866,2.457433180479506,2.0032243423705816,1162.036132176898,2.101660899752086,66.83644202197841,0.7817264085430318,0.5370213657834897,311.5168968308988,-0.16160228548056055,-2.6609037435985545,0.16664720833842775
0.9329123921764988,2.781250958153991,0.05871782715824601,0.01618438637214815,9.38828534765699,1.3063271596125892,3.734100125019866,2.457433180479506,2.0032243423705816,1162.036132176898,1.7205868246515843,54.71762907287794,1.5682363018785574,0.5370213657834897,311.5168968308988,-0.16160228548056055,-2.6609037435985545,2.989348706067736
0.9329123921764988,2.781250958153991,0.05871782715824601,0.17179567859464764,99.65573084170285,0.5775782564518156,5.379016006306591,2.457433180479506,0.030169817158301655,17.50099422096156,1.7205868246515843,6.715043272622683,1.5682363018785574,0.5370213657834897,311.5168968308988,0.5102963420345377,8.402414871958529,0.30772802647345593
0.9329123921764988,0.5058027983887851,0.33085844340846826,0.17179567859464764,3.1387576667800525,0.5775782564518156,0.954620135686902,2.457433180479506,0.4793143727560003,8.757214818165044,1.7205868246515843,4.750074887859664,1.5682363018785574,0.5370213657834897,9.811538583893913,0.5102963420345377,1.4911861975800762,4.321975106371001
0.9329123921764988,1.1360774167045453,0.33085844340846826,0.17179567859464764,3.1387576667800525,-0.20768005934951683,-0.34325316824359897,2.457433180479506,1.3944819942388755,25.47759691285024,1.5228425516086492,7.170923617951851,1.5682363018785574,0.5370213657834897,9.811538583893913,-0.758329932730488,-2.215989094476002,0.5707932100073405
0.9329123921764988,3.534860450272202,0.2803569932960174,0.17179567859464764,4.3713888829947685,-0.20768005934951683,-0.40508427346483294,0.39885333750204827,1.3944819942388755,35.48298267464169,1.5228425516086492,8.462641142436144,1.5682363018785574,0.5370213657834897,13.664658200487192,-0.785593177224114,-2.709180565378788,0.5707932100073405
0.9329123921764988,3.534860450272202,0.2803569932960174,0.5137260008421446,13.071901152330133,-1.9442445919597753,-6.557844873380024,0.39885333750204827,0.18508061953645022,4.709427904810112,1.5228425516086492,3.0830455546986477,3.908016008488148,0.5370213657834897,13.664658200487192,-0.2805269172146483,-0.9674193898539128,0.5707932100073405
0.5812299085756633,2.6939492926190165,0.2803569932960174,0.5137260008421446,13.071901152330133,-1.9442445919597753,-4.0857165240516276,0.4088535759438607,0.18508061953645022,4.709427904810112,-1.7338753167564662,-2.1870055962698927,5.79243265116104,1.0001847847614875,25.44998037676542,-0.2805269172146483,-0.8225574097664654,0.5707932100073405
0.5812299085756633,2.6939492926190165,0.2803569932960174,0.5137260008421446,13.071901152330133,-1.7479709031431734,-3.673258823538631,0.7428772071001581,0.24920171547037073,6.341007047102425,-0.9444994163212864,-1.382384213610254,5.79243265116104,1.0001847847614875,25.44998037676542,-0.2805269172146483,-0.8225574097664654,0.5707932100073405
0.7786580172481774,2.119834436548659,0.26410839669453945,0.5137260008421446,14.729809325303162,-1.7479709031431734,-5.223715563252664,0.7428772071001581,0.24920171547037073,7.145236461459396,-0.4872140441595859,-1.0140861724748462,0.32875793140822496,4.2327368097525575,121.36315084235926,-0.2805269172146483,-2.406382830738793,0.5707932100073405
1.5361117213003874,0.5899019030811234,0.3355925483988801,0.11911353370873566,2.1152732947876642,-1.7479709031431734,-3.9051727066540383,0.7428772071001581,0.6152757095373135,10.926350992980089,-0.4872140441595859,-2.473888805135038,0.3597945055164244,0.3988514178394388,7.08298819181188,-0.8084337396069915,-3.305030656592558,0.5707932100073405
5.485930000027453,1.6235783523141079,0.9833601550067805,0.11911353370873566,0.24635755799865192,1.429204613731984,3.8915948189257095,0.7428772071001581,0.3187657805367186,0.6592899800839412,-0.4872140441595859,-2.1702426694999524,1.1044313734307492,0.3988514178394388,0.8249277663401048,-0.8084337396069915,-4.028122346593044,0.5707932100073405
3.243649705026588,1.6235783523141079,0.9833601550067805,0.11911353370873566,0.24635755799865192,0.814338994300118,1.3110586596354263,0.7428772071001581,1.7976168096286957,3.717935935981508,-0.4872140441595859,-3.047226219067475,1.1044313734307492,0.3988514178394388,0.8249277663401048,-0.8084337396069915,-2.381696059058746,0.5707932100073405
10.364800995034525,0.744665437876054,0.9833601550067805,0.11911353370873566,0.24635755799865192,0.814338994300118,4.189374111168552,0.7428772071001581,0.9735937750698288,2.0136434327890425,0.4796603039090821,7.0548215252005075,1.1044313734307492,0.3988514178394388,0.8249277663401048,-0.8084337396069915,-7.61050296046057,0.4036557664883433
10.364800995034525,1.3428121682732466,0.9833601550067805,0.11911353370873566,0.24635755799865192,-1.8091984861919213,-9.307437508296994,0.7428772071001581,0.9735937750698288,2.0136434327890425,-0.6227770414767235,-9.15977587014052,0.6080874549872682,0.079303289218418,0.1640196883158833,-0.1690258446870122,-0.7095158049559385,0.4036557664883433
10.364800995034525,1.3428121682732466,0.9833601550067805,0.11911353370873566,0.24635755799865192,-0.5515597016232734,-2.8375037311461555,2.119040601222204,0.9735937750698288,2.0136434327890425,-0.6227770414767235,-9.15977587014052,0.6080874549872682,0.6379844607803155,1.3195166737581085,-0.1690258446870122,-2.012433435103258,0.867860635866061
10.364800995034525,1.3428121682732466,0.9833601550067805,0.31472232755294877,0.6509270747788253,-0.5422942630707644,-4.534841852226581,2.119040601222204,0.9735937750698288,2.0136434327890425,-0.6227770414767235,-9.15977587014052,0.6080874549872682,0.6855647033610863,1.417924906695308,-0.1690258446870122,-2.0861267816791345,0.867860635866061
10.364800995034525,0.2960779296644672,0.9833601550067805,0.7914580763502785,1.636939757196251,-1.6258709482143536,-21.56072634228056,2.119040601222204,0.9735937750698288,2.0136434327890425,-0.6227770414767235,-9.15977587014052,0.6080874549872682,2.5924874050184576,5.361933664098568,-0.15372081890045222,-3.6893883815024253,0.867860635866061
0.25175540323981116,4.782656471580471,1.1093965561964467,0.7914580763502785,1.2861282687950988,-1.6258709482143536,-0.4642020063833439,2.119040601222204,1.936742388392578,3.147228147032042,-0.6227770414767235,-0.2781477221091315,0.6080874549872682,2.5924874050184576,4.21282116857675,-0.15372081890045222,-0.07943245797162107,0.867860635866061
0.25175540323981116,4.782656471580471,1.1093965561964467,2.7622310472804883,4.488656494900239,-1.6258709482143536,-0.8672075632427625,2.119040601222204,1.936742388392578,3.147228147032042,-0.6227770414767235,-0.2781477221091315,0.6080874549872682,0.63150090802704,1.0261960726064983,1.4022561910553408,0.3576196225761091,2.782185280234379
1.5498929188929351,4.782656471580471,1.1093965561964467,3.620234910639396,5.882922415452823,-1.6258709482143536,-6.112013790923203,5.033075817090516,0.46726402053982335,0.7593092846792188,-0.6227770414767235,-0.8410922732107173,1.3456959392088816,0.63150090802704,1.0261960726064983,-1.102341499555791,-1.7307447610445819,0.9269180219501804
1.5498929188929351,4.782656471580471,1.3547737160630258,3.620234910639396,3.9448747880644928,-1.6258709482143536,-5.005003397010061,1.1728238267850837,0.5040035141117908,0.5491993765576816,-0.6227770414767235,-0.7153182508214346,1.1231705051588492,0.63150090802704,0.6881299341637797,-1.102341499555791,-1.4172715744276927,1.258896990407021
0.25920256694096644,11.492243480251954,1.3547737160630258,0.7962901450766773,0.8676964326445877,-0.14590619164025465,-0.035228725044831474,3.7636953971082145,0.12134453109672945,0.1322259447822548,-0.6227770414767235,-0.05869893633168731,1.1231705051588492,0.549194318492385,0.5984426077992351,-1.102341499555791,-0.22103788124720275,1.258896990407021
0.25920256694096644,11.492243480251954,1.3547737160630258,0.7962901450766773,0.8676964326445877,-1.144782196085997,-0.27640511186507694,3.7636953971082145,0.12134453109672945,0.1322259447822548,-0.6227770414767235,-0.05869893633168731,1.1231705051588492,0.9937647859142462,1.0828793561705723,-1.102341499555791,-0.2973346294920187,0.310876463660912
0.6080083412663322,1.7004041739321696,0.33832899305891756,0.7962901450766773,13.913067886146058,-1.144782196085997,-2.5962341372530244,3.7636953971082145,0.12134453109672945,2.12017530192941,-0.6227770414767235,-0.5513508100355189,0.10042060031269548,0.9937647859142462,17.363415853846757,-0.6047188351198187,-1.5320770834033717,0.4379670225448198
0.6080083412663322,1.7004041739321696,0.33832899305891756,0.7962901450766773,13.913067886146058,-1.144782196085997,-2.5962341372530244,3.7636953971082145,0.02789736817572285,0.4874328530541686,-0.6227770414767235,-0.26436230514514497,0.10042060031269548,0.6962032320877227,12.164313335383623,-0.6047188351198187,-1.2823507565451409,0.4379670225448198
0.6080083412663322,1.7004041739321696,0.33832899305891756,0.7962901450766773,13.913067886146058,-1.144782196085997,-2.5962341372530244,1.0525721640852113,0.48860906558026257,8.537153374603147,-0.39070884227626135,-0.6940956447346476,0.11159977867292598,1.8544738509836876,32.40203428529717,-0.5094057205048402,-1.7630291527779036,2.040884549635407
4.469648683209373,1.0822848988760518,0.33832899305891756,0.7962901450766773,13.913067886146058,-0.5467179730468282,-9.114822004330216,1.0525721640852113,0.48860906558026257,8.537153374603147,-0.39070884227626135,-5.102501847339982,5.799780701624714,1.8544738509836876,32.40203428529717,0.8011046146320236,20.382092148597728,2.040884549635407
4.469648683209373,1.0822848988760518,0.8365009354164923,0.5086673501189327,1.4538881478904704,-0.5467179730468282,-2.946471455238236,1.0525721640852113,0.48860906558026257,1.396556962488127,-0.39070884227626135,-2.063744628369446,5.799780701624714,2.02567872540055,5.789855176679083,0.8011046146320236,8.615817129224096,2.040884549635407
4.469648683209373,0.36349990982237423,0.6699329405214198,0.5086673501189327,2.266737309828444,-0.5467179730468282,-3.6790639471563233,0.5644586545592577,0.327406633928752,1.4589983659028298,-0.2848402061029693,-1.537807882830212,0.5196779350248703,2.02567872540055,9.026884747994071,0.8011046146320236,10.75800076700805,2.040884549635407
0.5736988168495483,0.36349990982237423,0.4175578094147553,0.35174252677987755,4.034796669455426,-0.5467179730468282,-0.6300255068064577,0.5644586545592577,0.327406633928752,3.755642538384453,-0.2848402061029693,-0.31668491037977214,0.5196779350248703,2.0145893639845984,23.109114870298917,0.8011046146320236,2.2093516386608676,7.4439612921656675
0.9954452191882439,0.5851199453980672,0.4175578094147553,2.685772155484423,30.808172804894426,-0.5467179730468282,-3.0207423706093,1.239770287518243,0.327406633928752,3.755642538384453,-0.2848402061029693,-0.5494912500565146,0.5196779350248703,0.7601178511945013,8.719221421618107,0.8011046146320236,2.3547535042256964,0.5140340500317174
0.9954452191882439,0.5851199453980672,0.4175578094147553,2.685772155484423,30.808172804894426,-1.3424381649678103,-7.417279191028029,1.239770287518243,0.327406633928752,3.755642538384453,-0.2848402061029693,-0.5494912500565146,0.9164910768046288,0.1963178874469491,2.251939126260891,0.8011046146320236,1.1966989828473455,0.5140340500317174
0.8302194950032576,0.5851199453980672,0.4175578094147553,2.685772155484423,30.808172804894426,-0.5324339100910785,-2.4535313149532008,1.1868741837173538,0.327406633928752,3.755642538384453,0.08265962599238874,0.13299290967384214,0.9164910768046288,0.1963178874469491,2.251939126260891,0.8011046146320236,0.9980688098744638,0.9515764082185469
0.8302194950032576,4.806066161911275,0.4175578094147553,0.31909769188959125,3.6603316529671655,-0.45652208024049856,-0.7251284310953064,0.8037859428463737,0.10201596681384578,1.1702130160376383,0.34341482171918103,0.3084213434957036,0.4410406923584556,0.1963178874469491,2.251939126260891,0.8011046146320236,0.9980688098744638,2.846223533143488
0.9686247600035364,4.806066161911275,0.4275210122380543,0.31909769188959125,3.4917145212140803,-0.45652208024049856,-0.8262980319516752,0.8037859428463737,1.2337531901759253,13.500297994076455,-0.8966084189279653,-3.1910238942523237,1.1885954108307322,0.1963178874469491,2.148201117699603,0.8011046146320236,1.137318932738449,0.7009684697905578
0.9686247600035364,3.3170962953699337,1.044703802946781,0.0632789877118555,0.11595865448951609,-0.45652208024049856,-0.15058057027865904,1.1809820559180588,1.2337531901759253,2.2608509566619515,-1.6469774740720973,-2.3987179891462262,1.783634301066729,0.08977783188108784,0.16451774853481874,1.7044407390107472,0.6696437982084731,0.7009684697905578
0.1829590982320807,3.3170962953699337,0.4740467045295764,2.45143977531726,21.81769973153256,-1.074992667992625,-0.918679432438191,1.1809820559180588,0.03368798786907216,0.29982152173891624,-1.6469774740720973,-0.16499586956329823,2.5229236993079787,0.08977783188108784,0.7990185189338739,1.7044407390107472,0.2787496557026812,4.75167104182121
0.1829590982320807,3.3170962953699337,0.4740467045295764,3.0141496566357984,26.82579144571115,-0.858512391542338,-0.8135361409690239,1.1809820559180588,0.07354722338037266,0.6545668598337293,-1.1510608292021796,-0.17038418957119478,2.5229236993079787,0.4387330741334548,3.9047039091536018,1.5548131707709334,0.562116425010258,0.7092404939448124
0.1829590982320807,3.3170962953699337,0.30982386744040724,3.0141496566357984,62.80078405810846,-0.858512391542338,-1.244752800447993,1.1809820559180588,0.1699895805066887,3.541787951380055,0.790522299114224,0.2721945430388032,2.5229236993079787,0.4387330741334548,9.14114565849323,1.5548131707709334,0.8600674991229117,0.7092404939448124
28.326453478373345,3.3170962953699337,0.7146026062233002,3.0141496566357984,11.804989793456167,0.7577049350132712,73.74373452229447,1.1809820559180588,0.1699895805066887,0.6657682900573471,0.790522299114224,18.271234084759154,2.5229236993079787,0.4387330741334548,1.7183086615472898,1.5548131707709334,57.732585046452975,1.0247253799704248
13.050930440220997,1.6296673208203507,0.7146026062233002,1.8272863643402224,7.156611097019726,0.7577049350132712,26.45424062759556,0.47894283498913987,0.1699895805066887,0.6657682900573471,0.790522299114224,8.418159558140355,2.5229236993079787,1.3974011945884035,5.47295546628288,-0.8926341268107996,-27.253728090762753,1.0247253799704248
13.050930440220997,1.6296673208203507,0.7146026062233002,1.8272863643402224,7.156611097019726,0.7577049350132712,26.45424062759556,0.47894283498913987,0.15919856741504404,0.6235050271409002,-0.6877233743915516,-7.087208998245607,2.5229236993079787,1.3974011945884035,5.47295546628288,-0.6788048430786306,-20.725134816494737,3.238502391779447
0.2501330943433461,2.826949116484709,0.7146026062233002,1.8272863643402224,7.156611097019726,0.606250767620456,0.4056739922319946,0.47894283498913987,0.03860288580492887,0.15118913286932473,-0.6877233743915516,-0.06688754085090921,1.626199358087942,1.3974011945884035,5.47295546628288,0.09604390745768054,0.05620202107379156,3.3199243240133622
0.20531508936561796,2.826949116484709,1.0228565564417043,1.8272863643402224,3.493068822677292,0.25179923136685384,0.09662262671786576,0.47894283498913987,0.3350667580374792,0.6405187872339181,-0.6877233743915516,-0.11300576255227984,1.626199358087942,1.3974011945884035,2.6712936958576914,-0.6184592723418769,-0.2075356899623776,3.3199243240133622
0.20531508936561796,2.826949116484709,0.39002490410684476,1.8272863643402224,24.02436578297016,0.25179923136685384,0.25339686311906445,0.47894283498913987,0.3350667580374792,4.405311895222773,-0.6877233743915516,-0.296362319239566,1.626199358087942,0.8803811736557631,11.57486848099119,-0.6184592723418769,-0.4320062262741236,3.3199243240133622
0.780536700410149,3.724099805937928,0.6484722298955486,1.8272863643402224,8.690681696352737,1.0991524881088588,2.5291710230068762,0.2326626101089565,0.28387872692627913,1.3501439644206645,-0.5157040869799178,-0.46771784612466893,1.626199358087942,0.8803811736557631,4.187144774358487,-0.6184592723418769,-0.9877872631741181,4.2456586418403965
1.0946243848252828,4.974600802185458,0.760236622811296,1.8272863643402224,6.323230815874787,1.0990050970372875,3.0250624365518117,0.2326626101089565,0.28387872692627913,0.9823477858215632,-0.5157040869799178,-0.5594977278429024,1.626199358087942,0.8803811736557631,3.046513932142297,-1.0853420750142626,-2.0736399077121503,0.09628470715481133
1.0946243848252828,1.0461410882274584,0.3170840686242604,1.8272863643402224,36.34860640423901,2.0092433732762878,13.259939595478233,0.2326626101089565,0.28387872692627913,5.646950753285732,0.7359249785217697,1.9142808846495118,3.9652459307665877,0.8803811736557631,17.512651214069436,-0.9948112595589402,-4.557028659114859,0.09628470715481133
1.0946243848252828,1.0461410882274584,0.3170840686242604,0.09462661733406745,1.882324377811725,0.375724283689471,0.5642630567153916,3.705001246725554,0.28387872692627913,5.646950753285732,-0.8157066563636574,-2.1218082078078644,1.8668412194392185,0.8803811736557631,17.512651214069436,-1.4020788987207844,-6.4226391312092534,0.09628470715481133
3.861337301740457,1.0461410882274584,0.7588904058766812,4.987302630222165,17.31958944403128,-0.17686291536137677,-2.842125927304179,3.705001246725554,1.065954409916491,3.701779120828255,-0.8157066563636574,-6.060061024491591,1.0103962184803852,4.742238533398686,16.46854633332558,0.719267824817603,11.270832790289719,0.09628470715481133
3.861337301740457,1.0461410882274584,0.7588904058766812,2.015261962169266,6.998474404868782,-0.17686291536137677,-1.8066590850555482,3.705001246725554,1.4013955824601247,4.866678029483692,-0.8157066563636574,-6.948451880372895,0.2026841846443216,4.742238533398686,16.46854633332558,0.719267824817603,11.270832790289719,0.09628470715481133
3.861337301740457,1.0461410882274584,0.7588904058766812,2.4171110822296282,8.393990637574452,-0.17686291536137677,-1.9786034419821021,3.705001246725554,1.4013955824601247,4.866678029483692,-0.8157066563636574,-6.948451880372895,0.2026841846443216,4.742238533398686,16.46854633332558,0.719267824817603,11.270832790289719,0.09628470715481133
2.521174028035258,1.0461410882274584,0.6365991575727146,0.32538084145672164,1.6057940872570367,0.5336379185750417,1.7048824232522741,3.449156913953625,1.4013955824601247,6.916057903556424,-0.5422633017877685,-3.5953597238086323,0.2026841846443216,4.742238533398686,23.403524814803692,0.719267824817603,8.772716476502783,0.09628470715481133
2.521174028035258,1.0461410882274584,0.5045011250523304,0.378022106685617,2.9704545762994465,0.25388075578695024,1.1031741199180263,3.449156913953625,1.4013955824601247,11.012006566553776,-0.2414408309104773,-2.0199786185445037,0.2026841846443216,0.4054612596179806,3.1860683088198707,1.4742545670330316,6.634418261638129,0.09628470715481133
2.521174028035258,1.0461410882274584,0.3791402726753397,0.378022106685617,5.259535097469018,-1.1625429819008746,-6.721799005196314,3.449156913953625,0.8643264401218783,12.025633334910033,-0.2414408309104773,-2.110899322924803,0.2026841846443216,0.4054612596179806,5.6413042727109515,1.8853547051459727,11.289784601298846,0.03982230750843554
2.521174028035258,1.0461410882274584,0.3791402726753397,0.378022106685617,5.259535097469018,-0.2449824408194209,-1.416483306533743,1.024751721010535,2.0899442147146146,29.07802150889942,-0.2414408309104773,-3.2824337420655865,0.2026841846443216,0.553205562536636,7.696915129612534,-1.4319036229234228,-10.015553643856979,0.03982230750843554
0.8424441090341502,2.0489646545000477,0.9515205807366149,0.378022106685617,0.8350468100022183,-0.2449824408194209,-0.18859556066488972,1.024751721010535,2.0899442147146146,4.616664524943857,-0.2414408309104773,-0.437034752951015,0.2026841846443216,0.553205562536636,1.2220251993248759,-1.4319036229234228,-1.3335059764698256,0.03982230750843554
0.12427380610997368,2.0489646545000477,0.6229583218385112,0.18051768734222096,0.930318748254565,-0.2449824408194209,-0.029365029636362727,0.795569214383865,2.426182381978504,12.50361108582409,-0.2414408309104773,-0.10609820710674649,0.2026841846443216,0.553205562536636,2.8510087517954443,-1.4319036229234228,-0.3004641509236149,0.03982230750843554
0.48390969284629104,2.0489646545000477,0.8477051093390379,0.18051768734222096,0.5024121749941658,-0.2449824408194209,-0.08402903113807685,0.795569214383865,1.9745986845377375,5.495652168191675,1.4564541453993503,1.652230960387987,0.2026841846443216,1.9416802360793193,5.404034390837405,-1.4319036229234228,-1.610783459047522,0.03982230750843554
1.3302673165006549,2.0489646545000477,0.8477051093390379,0.18051768734222096,0.5024121749941658,-1.1967692854628718,-1.1284424969523381,1.8137519528107422,1.7821825522940946,4.960124548002165,-0.25944946325512164,-0.7686665607536591,0.2026841846443216,1.9416802360793193,5.404034390837405,-1.4319036229234228,-4.428042300469934,0.3445733357912758
1.3302673165006549,2.0489646545000477,0.8477051093390379,0.3414075692418698,0.9501967477408563,-0.8956505347330752,-1.1614065749036455,1.8137519528107422,1.7821825522940946,4.960124548002165,-0.25944946325512164,-0.7686665607536591,0.2026841846443216,0.35661185222359426,0.9925129162811361,0.2661124617475479,0.35267300406750973,0.9181483331816929
1.3302673165006549,2.0489646545000477,0.8477051093390379,0.3414075692418698,0.9501967477408563,0.032400632458566614,0.04201449796446607,1.8137519528107422,1.7821825522940946,4.960124548002165,-0.25944946325512164,-0.7686665607536591,0.2026841846443216,0.35661185222359426,0.9925129162811361,0.29900485465201915,0.39626457035647783,0.4355151442739496
1.3302673165006549,2.0489646545000477,0.8477051093390379,0.3414075692418698,0.9501967477408563,0.032400632458566614,0.04201449796446607,1.9026224995167231,1.7821825522940946,4.960124548002165,0.3811921158645749,1.129351469884951,0.2026841846443216,1.4464838839806833,4.025816666191966,0.29900485465201915,0.7980758282478385,0.4355151442739496
1.3302673165006549,2.0489646545000477,0.6798515259752518,0.41584987343626534,1.7994443326432727,0.032400632458566614,0.05781780720719878,1.9026224995167231,1.7821825522940946,7.711769314636665,0.3811921158645749,1.4081854267925489,0.6019158431756605,1.4464838839806833,6.25915118304778,-0.12950753435945128,-0.4310142976671051,0.4355151442739496
1.3302673165006549,2.0489646545000477,0.6798515259752518,0.41584987343626534,1.7994443326432727,0.032400632458566614,0.05781780720719878,1.9026224995167231,0.576429066672814,2.4942944159732185,0.3811921158645749,0.8008601567864833,0.6019158431756605,1.4464838839806833,6.25915118304778,-0.12950753435945128,-0.4310142976671051,0.4355151442739496
1.3302673165006549,2.0489646545000477,0.6798515259752518,0.06320356099817558,0.2734912210054365,0.032400632458566614,0.022540528975883684,1.9026224995167231,0.576429066672814,2.4942944159732185,0.3811921158645749,0.8008601567864833,0.6019158431756605,2.040232488470001,8.828389818458605,1.9415717539135229,7.674200062126552,0.2639571152109365
0.8068334944006912,1.0643807959587317,0.6798515259752518,0.22715332784308578,0.982926278300158,0.275010715668716,0.21998547582350025,19.030585651794073,0.576429066672814,2.4942944159732185,0.3811921158645749,0.4857375587683287,0.6019158431756605,0.23386816369960142,1.0119823730556823,1.9415717539135229,1.5758825195666049,2.0142147596244735
31.369046584272564,2.509194487173679,0.6798515259752518,0.22715332784308578,0.982926278300158,0.275010715668716,8.552860889961627,19.030585651794073,0.576429066672814,2.4942944159732185,0.7001534158322561,34.68713162627654,3.1132090574531848,0.23386816369960142,1.0119823730556823,0.5113230755423017,16.135528159471445,2.0142147596244735
8.792838562984628,2.509194487173679,0.6798515259752518,0.22715332784308578,0.982926278300158,0.8891777820569999,7.751364773893105,0.28994478883640384,1.4890736930638175,6.443443629621653,0.7001534158322561,15.62720568000931,3.1132090574531848,0.23386816369960142,1.0119823730556823,0.5113230755423017,4.522837308860305,0.18163182129251879
8.792838562984628,2.509194487173679,0.6798515259752518,0.22715332784308578,0.982926278300158,0.8891777820569999,7.751364773893105,0.28994478883640384,1.7565512832348336,7.600858996290226,0.7001534158322561,16.972806088289655,1.533138017040941,0.23386816369960142,1.0119823730556823,0.875352182970702,7.74280626262225,0.18163182129251879
6.195051978502068,2.509194487173679,0.6798515259752518,0.22715332784308578,0.982926278300158,0.8891777820569999,5.4612748016037544,0.7497962518817335,1.7565512832348336,7.600858996290226,0.20669400824804107,3.5302395803189754,3.4052013010209166,0.23386816369960142,1.0119823730556823,0.875352182970702,5.455244846453123,0.18163182129251879
16.533865615183977,2.509194487173679,0.14179948635031508,0.22715332784308578,22.594346465372602,0.5077552476656494,39.90512871526977,1.6330165626076631,1.3111555479277552,130.41720762435614,0.20669400824804107,39.02741075682811,2.17136293765272,0.23386816369960142,23.262253597708458,-0.03646034185894387,-2.9075087659175054,0.18163182129251879
16.533865615183977,2.509194487173679,0.5827970467540965,0.6249422106247156,3.67989282482236,0.5077552476656494,16.10446897574508,0.859370597006566,1.3111555479277552,7.720572896207818,0.20669400824804107,9.495701513456732,0.32389765176300683,0.23386816369960142,1.3771029751570896,0.7392756753141484,14.343793634743832,0.18163182129251879
16.533865615183977,2.509194487173679,0.3799878291472489,0.6249422106247156,8.65626377487627,0.5077552476656494,24.699835728081112,0.38227909180998904,1.3111555479277552,18.161212476605613,0.20669400824804107,14.56380013886309,0.32389765176300683,0.23386816369960142,3.239378744325821,-0.8413383020621906,-25.03663328465524,0.18163182129251879
16.533865615183977,2.509194487173679,0.3799878291472489,0.6249422106247156,8.65626377487627,0.5077552476656494,24.699835728081112,0.6653101696792865,0.6809970901398561,9.43269688293424,0.20669400824804107,10.495913189566355,0.5662504309690308,0.23386816369960142,3.239378744325821,-0.8413383020621906,-25.03663328465524,0.18163182129251879
0.927105304370099,2.509194487173679,0.3799878291472489,0.6249422106247156,8.65626377487627,0.5077552476656494,1.3849966640314488,1.0599137420489637,0.6809970901398561,9.43269688293424,-0.20011023764592212,-0.5697919548666246,0.5662504309690308,0.6360830875826179,8.810579434774873,-0.8413383020621906,-2.3152716933859474,0.26628718323713874
0.927105304370099,0.7725205308455704,0.3529248124055767,0.45168199418996885,7.252677874226125,0.2528955250603746,0.6314215571774002,1.0599137420489637,0.6809970901398561,10.934800571201066,-0.20011023764592212,-0.6134848001180512,0.5662504309690308,0.6360830875826179,10.213614434095911,0.5829362139231001,1.727188872612241,0.5015567996677638
0.9461134749900709,0.7725205308455704,0.3529248124055767,0.45168199418996885,7.252677874226125,0.2528955250603746,0.6443674098603498,1.0599137420489637,0.4555794550515942,7.315259576663623,0.4656571405672955,1.1915831838043065,0.5662504309690308,0.14310905751333974,2.297908502838885,0.5829362139231001,0.8360468790235747,0.5015567996677638
1.0448569423181882,0.7725205308455704,0.9102255379387216,0.8571000537688169,2.0690142679439116,-0.15353125985046234,-0.23074664175502335,1.0599137420489637,1.5546799046121245,3.752951467665855,0.4656571405672955,0.9425612335023367,0.5662504309690308,0.14310905751333974,0.3454610468930976,0.5829362139231001,0.357995370904209,1.6483186504457097
1.0448569423181882,0.23041613330682847,0.9102255379387216,4.918979659364425,11.874271917495419,-0.15353125985046234,-0.5527861346962287,1.0599137420489637,0.6693313707288772,1.6157462013110966,-0.7169266814091981,-0.9521780110653336,0.5662504309690308,0.24094146850735126,0.5816256035558836,0.5829362139231001,0.4645148759514652,1.6483186504457097
4.4151463063793885,0.23041613330682847,0.9102255379387216,4.918979659364425,11.874271917495419,-0.15353125985046234,-2.3358524616842264,1.0599137420489637,0.6693313707288772,1.6157462013110966,-0.7169266814091981,-4.02352231994889,0.5590684361809187,0.7047443712762498,1.701232140882607,-1.5284398056064847,-8.801875650280587,0.6894800760383855
4.4151463063793885,1.8347829800832423,0.9102255379387216,4.918979659364425,11.874271917495419,-0.15353125985046234,-2.3358524616842264,1.7334263935602217,0.7050796174574231,1.7020414152830359,-0.7169266814091981,-4.12957069035843,2.710195845704605,1.3722133925600477,3.3124826855234897,-1.5284398056064847,-12.282032651054303,0.6894800760383855
3.8225938284848793,1.8347829800832423,0.9102255379387216,4.918979659364425,11.874271917495419,-0.15353125985046234,-2.0223599819068094,0.3316568027262346,1.3934393106835103,3.3637214262685684,-0.5981860341749128,-4.193768317850824,2.710195845704605,1.3722133925600477,3.3124826855234897,-1.5284398056064847,-10.63367303260905,0.4028442526616201
2.3419117236222653,1.8347829800832423,0.9102255379387216,4.918979659364425,11.874271917495419,1.5117265944773968,12.19964712690688,0.5084268775899802,1.3934393106835103,3.3637214262685684,-0.5981860341749128,-2.569311737110006,1.6510738409667998,1.3722133925600477,3.3124826855234897,-1.5284398056064847,-6.5147187113268705,0.4028442526616201
1.877983304540491,1.8347829800832423,0.9102255379387216,4.918979659364425,11.874271917495419,1.5117265944773968,9.782919396372533,0.5084268775899802,5.773698100941491,13.937537043803212,-0.5981860341749128,-4.193928418704988,0.6798312309749209,2.7862605058421233,6.725950739878146,-1.5284398056064847,-7.444180719409952,0.4028442526616201
1.877983304540491,1.8347829800832423,1.0473702384335022,4.918979659364425,8.968185119171213,-1.0664020455488552,-5.997427112405334,0.5084268775899802,0.21055415454203893,0.38387811422411394,-0.5981860341749128,-0.6960247335460776,0.6798312309749209,3.848654489700096,7.0167897233833205,-1.5284398056064847,-7.603425546062385,0.4763873206322114
1.877983304540491,1.8347829800832423,1.0473702384335022,4.918979659364425,8.968185119171213,-1.0664020455488552,-5.997427112405334,0.24381467036598392,0.21055415454203893,0.38387811422411394,-0.5981860341749128,-0.6960247335460776,0.6798312309749209,1.843498468805128,3.361029457334502,0.796171445356503,2.74116061982038,0.3232534162590234
5.777340573902434,1.8347829800832423,1.0473702384335022,3.3227884712604374,6.058041338996279,-1.09820466421986,-15.616272189852326,0.24381467036598392,0.08601975787254816,0.15682949837750992,-0.5981860341749128,-1.3686049800640803,0.6798312309749209,4.141132409372102,7.550029604116545,1.2129899976655272,19.255709123838717,0.3232534162590234
69.42581863167213,1.8347829800832423,1.0473702384335022,3.3227884712604374,6.058041338996279,-1.6374024359196244,-279.7966805702391,0.24381467036598392,0.2559610743918421,0.4666631003602471,-0.5816261563000528,-27.58459864523983,0.6798312309749209,4.141132409372102,7.550029604116545,1.4847980444080713,283.24530742244644,0.3232534162590234
295.6757250729936,1.8347829800832423,1.0473702384335022,0.1405329093245147,0.256216783445857,-1.0875909198485187,-162.77399811722074,2.1095481887706002,0.3831996785486139,0.6986419730946624,0.8140339078608351,201.18032376918248,2.438913381189272,4.141132409372102,7.550029604116545,1.9872494582469478,1614.5161179892,5.440177747823283
295.6757250729936,1.8347829800832423,1.0473702384335022,0.1405329093245147,0.256216783445857,-0.6457941229618267,-96.65260111746949,0.9923213872135687,0.3831996785486139,0.6986419730946624,-0.4418083031893115,-109.18849524722015,2.438913381189272,0.06269497749607178,0.1143042263158482,1.9872494582469478,198.6548634847179,5.440177747823283
13.02136297936272,1.7542892767904275,0.24837335845546402,0.1405329093245147,4.556149994854491,-1.0036071853944935,-27.894540639761406,0.9923213872135687,0.3831996785486139,12.423532835400787,-0.4418083031893115,-20.277428326418708,2.438913381189272,0.06269497749607178,2.0326037706692603,-1.6620176701700515,-30.854495207055805,13.735764427057351
1.62811013283782,1.7021603275763089,0.4334809480891692,0.1405329093245147,1.495780970194699,-1.0036071853944935,-1.9983959601155987,0.9923213872135687,0.3831996785486139,4.078637450208653,-0.4418083031893115,-1.4526975501180133,2.438913381189272,0.06269497749607178,0.6673024469226607,-0.8804758965287156,-1.171015407622278,0.7237423351538234
1.62811013283782,0.8250852943082309,0.4334809480891692,0.1405329093245147,1.495780970194699,0.6735235271126176,1.3411289947028404,0.9923213872135687,0.22231540667192046,2.366244008462625,-0.8752104197440541,-2.1919266772274266,6.5351578286776375,0.06269497749607178,0.6673024469226607,0.11854006818903862,0.15765592995473043,0.7237423351538234
0.34228656094041526,0.8250852943082309,0.4334809480891692,0.20232130197876375,2.153434059107315,-1.087297908841001,-0.5461402559705502,0.21692254146511974,0.6945018531818452,7.39202412265967,-0.8752104197440541,-0.8144867340856988,5.123014437478401,0.5615288918470478,5.976708478295298,0.11854006818903862,0.09919414929741355,0.7237423351538234
0.45039916483544506,0.416913968043433,0.4334809480891692,0.3735385747722685,3.9758081894383945,-1.087297908841001,-0.9764698566563638,0.21692254146511974,0.6945018531818452,7.39202412265967,0.9593954243020976,1.1748350833511283,0.24141594008967024,0.5615288918470478,5.976708478295298,0.11854006818903862,0.1305250252226374,0.7237423351538234
0.45039916483544506,0.416913968043433,0.4639641209202897,0.3735385747722685,3.470536839182745,-0.3958301096881822,-0.3321274205676848,0.21692254146511974,0.7406154234141263,6.881037954895774,0.9593954243020976,1.1335017528417992,0.24141594008967024,0.656309750985166,6.097756222627138,0.11854006818903862,0.1318401772703139,0.7237423351538234
0.45039916483544506,0.416913968043433,0.4639641209202897,0.3735385747722685,3.470536839182745,-0.4549620051345652,-0.38174295871700903,0.21692254146511974,0.7406154234141263,6.881037954895774,1.0528701609078959,1.2439398215517607,0.24141594008967024,0.08583076277045995,0.7974513055623261,0.11854006818903862,0.04767764942870482,0.7237423351538234
0.45039916483544506,0.416913968043433,0.35077952001013185,0.3735385747722685,6.071513906717347,-0.4549620051345652,-0.5049184064495322,0.21692254146511974,0.5149909374137552,8.370687392185097,1.0528701609078959,1.3719963494589908,1.8755944228464598,0.08583076277045995,1.3950973339305393,0.24085036375549035,0.12812891173941537,0.28617785018463854
1.5675231025096934,0.416913968043433,0.35670939342331276,0.7983464101347135,12.548513447908624,-0.4549620051345652,-2.5263017318271714,0.21692254146511974,0.5149909374137552,8.094695011651785,1.0528701609078959,4.695577501301034,1.8755944228464598,0.8249329372065421,12.9664039629267,0.24085036375549035,1.3594743900784318,0.28617785018463854
1.5675231025096934,0.416913968043433,0.35670939342331276,0.7983464101347135,12.548513447908624,-0.4549620051345652,-2.5263017318271714,0.21692254146511974,0.5149909374137552,8.094695011651785,1.0528701609078959,4.695577501301034,1.8755944228464598,0.8249329372065421,12.9664039629267,0.24085036375549035,1.3594743900784318,0.28617785018463854
1.5675231025096934,0.6748001092974913,0.35670939342331276,0.7983464101347135,12.548513447908624,0.49415843358393086,2.743950687026813,0.46947861660933254,0.5149909374137552,8.094695011651785,1.0528701609078959,4.695577501301034,1.8755944228464598,0.14108719883907175,2.217627072013896,0.24085036375549035,0.562218994601931,0.28617785018463854
1.5675231025096934,0.6748001092974913,0.35670939342331276,0.7983464101347135,12.548513447908624,0.49415843358393086,2.743950687026813,0.6041742418746341,0.5149909374137552,8.094695011651785,1.0528701609078959,4.695577501301034,2.0541611138653098,0.20526185730764063,3.2263327599018057,0.24085036375549035,0.678134494078706,0.28617785018463854
1.5675231025096934,0.6748001092974913,0.19256292444094283,0.7983464101347135,43.060198408964034,-0.0768338039335954,-0.7903224133654543,1.3065619678944935,0.5149909374137552,27.77692949118761,1.0528701609078959,8.698229979234341,2.0541611138653098,0.20526185730764063,11.071154312534626,0.24085036375549035,1.2561968756162494,7.698776279522539
1.5675231025096934,50.137807108888474,0.19256292444094283,0.7983464101347135,43.060198408964034,-0.0768338039335954,-0.7903224133654543,1.3065619678944935,0.2597264973614629,14.008799145928009,1.0528701609078959,6.1771652864903395,0.2305037961047057,0.20526185730764063,11.071154312534626,0.24085036375549035,1.2561968756162494,7.698776279522539
0.4994191196130483,397.2083126796601,0.43322257715504314,0.7983464101347135,8.507446160075386,-0.0768338039335954,-0.11192242321340756,1.3065619678944935,1.4842340936878022,15.816494545101751,1.2561886760149452,2.4950264661914714,0.4423771367239922,0.20526185730764063,2.187338951605187,0.5789814786645995,0.42764941200393325,0.36781534543943906
0.4994191196130483,397.2083126796601,0.18908916754501515,0.7983464101347135,44.6568486688031,-0.8572231332010609,-2.8609026733519873,1.5559037721908897,0.25296693437427864,14.15013077425499,-1.0150446466197063,-1.9069114944579328,0.4423771367239922,0.31996524891298705,17.897794138727452,0.6280840328229002,1.3270358999500222,0.6941080058788933
0.24910964307876227,494.9340071670827,0.1905461606021314,0.7983464101347135,43.97653096863074,-0.0729534443385117,-0.12051658705864618,1.5559037721908897,0.25296693437427864,13.934562844308239,0.9303980524046838,0.8651790734365588,0.9934107431475242,0.31996524891298705,17.62513302381265,0.6280840328229002,0.656862538139695,0.2723792057659147
0.24910964307876227,219.65292436220383,0.1905461606021314,0.7983464101347135,43.97653096863074,0.6403663490952223,1.0578632381229691,1.5559037721908897,0.25296693437427864,13.934562844308239,0.9303980524046838,0.8651790734365588,0.9934107431475242,0.31996524891298705,17.62513302381265,0.6280840328229002,0.656862538139695,0.2421633275312084
0.24910964307876227,687.7877959783006,0.44515987188223954,0.7983464101347135,8.057296674753402,-2.37746738425911,-1.681124140852658,1.5559037721908897,0.25296693437427864,2.553064200304358,-0.2370754631819869,-0.0943643635575821,0.9934107431475242,0.31996524891298705,3.2292434754835715,-0.2928179606994803,-0.1310806681974894,0.2421633275312084
0.24910964307876227,687.7877959783006,0.47317509262090074,0.7983464101347135,7.131446374129182,-1.5738978396538807,-1.0470221976618044,1.5559037721908897,0.5312889979057436,4.745883428085193,-0.2370754631819869,-0.12865766954090727,0.9934107431475242,0.31996524891298705,2.8581765825474528,0.6262745664863374,0.26375447863251,0.3567694826945428
1.8738553749660949,740.5845059465743,0.47317509262090074,0.7983464101347135,7.131446374129182,-1.0772108263514337,-5.390457034535826,1.5559037721908897,0.5312889979057436,4.745883428085193,-0.2370754631819869,-0.9677901771294152,0.9934107431475242,0.31996524891298705,2.8581765825474528,1.2301679801007745,3.8971310999941062,0.3567694826945428
1.4867876026807267,416.552789892323,0.28315513543065185,0.7983464101347135,19.914641248798855,-1.0772108263514337,-7.147199164284862,1.5559037721908897,0.0897989341007791,2.2400220436136045,0.6543240451945115,1.45602206795475,0.9934107431475242,0.14179311750717805,3.537009787803452,0.11267482715819122,0.31506050334112307,0.2822253527799212
0.6442917479416348,416.552789892323,0.28315513543065185,0.2206185162747678,5.503298503857397,1.7781952732661248,2.687655219987106,1.5559037721908897,0.0897989341007791,2.2400220436136045,0.6543240451945115,0.6309596619670014,0.9934107431475242,0.36303288192315764,9.055805240982169,0.11267482715819122,0.21846054179095695,2.4775029966981985
0.6442917479416348,0.21430399260036787,0.28315513543065185,0.3264805401686263,8.14401211007531,1.4209703127045015,2.61268335812165,1.5559037721908897,0.0897989341007791,2.2400220436136045,0.6543240451945115,0.6309596619670014,0.9934107431475242,0.04571134888497851,1.14026330235445,-0.24101333690453913,-0.16581591752428718,0.7823686368974737
0.6442917479416348,0.6091653542895383,0.19566024681122637,0.6465391552242928,33.77688794299827,1.4209703127045015,5.320805577966511,1.5559037721908897,0.0897989341007791,4.691329999140532,0.6543240451945115,0.9131107184379451,0.9934107431475242,0.006700830132043239,0.3500688035151914,-0.24101333690453913,-0.09187563415998112,0.7823686368974737
6.1108017912150485,0.6091653542895383,0.19566024681122637,0.6465391552242928,33.77688794299827,1.4209703127045015,50.46531848408867,1.5559037721908897,0.0897989341007791,4.691329999140532,0.5041729607981287,6.673070902313865,0.9934107431475242,0.006700830132043239,0.3500688035151914,-0.0009118706390298936,-0.0032969179163777292,0.7823686368974737
6.1108017912150485,0.6091653542895383,0.19566024681122637,0.6465391552242928,33.77688794299827,0.6684152233965605,23.738558664269156,3.4862489709667552,0.03692110282719065,1.9288544906353071,-0.2598621502320162,-2.205418220157581,0.9934107431475242,0.018381427095298872,0.96029358502644,-0.0009118706390298936,-0.005460512974548705,0.7823686368974737
6.1108017912150485,0.6091653542895383,0.8009034652483695,5.021319832154759,15.6562423305081,0.6684152233965605,16.16174674969728,0.5581126829990498,0.052678551013642425,0.16424927864746294,-0.2598621502320162,-0.6435658050253983,0.9934107431475242,0.0035615317163482643,0.011104690695436329,-0.0009118706390298936,-0.0005871981284790818,0.7823686368974737
6.1108017912150485,0.6091653542895383,0.39122346220583326,5.021319832154759,65.61423896512181,0.6684152233965605,33.08594761499487,2.1029927135278577,0.18579090566578949,2.427753915183349,0.26809184878970826,2.552608073451645,0.9934107431475242,0.011474498075352337,0.14993875791375683,-0.7182623111070998,-1.6995667665328986,0.9125462473788227
7.606426059061313,0.6091653542895383,0.04522945613797663,5.021319832154759,4909.136964387508,0.6684152233965605,356.22923232062726,0.699149538868178,0.18579090566578949,181.64009326997376,0.26809184878970826,27.483378291060497,0.9934107431475242,0.07297680219074532,71.34640476060827,1.1787280267339983,75.73215315272257,0.9125462473788227
46.088266278040074,0.6091653542895383,0.04522945613797663,5.021319832154759,4909.136964387508,-2.1251993158086484,-6862.66205997188,2.258959029480906,0.18579090566578949,181.64009326997376,0.26809184878970826,166.52515216256728,0.9934107431475242,0.07395956917007396,72.30721543725689,0.8772084127348391,343.78266824241933,0.9125462473788227
48.07813968785185,0.6091653542895383,0.163627471623149,0.9516920407206189,71.09089690294998,-2.1251993158086484,-861.4980903142412,2.258959029480906,0.18579090566578949,13.87848332764373,0.8559364812321785,153.30636839905227,0.9934107431475242,0.07395956917007396,5.524741073672417,0.8772084127348391,99.1302970216596,0.9125462473788227
48.07813968785185,0.6091653542895383,0.163627471623149,0.9516920407206189,71.09089690294998,-1.416958041055554,-574.3963106633522,2.258959029480906,0.12945161659953114,9.669967947435092,0.7679620476786871,114.81534368321796,0.9934107431475242,0.7451318225501508,55.6609568111021,0.18957017657582464,67.99750902388392,0.9125462473788227
15.688106909354175,0.6091653542895383,0.5985427723186625,1.6539445235322303,9.233376662085023,-0.495295944783989,-23.611065643915367,2.258959029480906,0.2859030508029376,1.5960937742125607,0.6597068237767604,13.075271585333116,0.9934107431475242,0.7451318225501508,4.159802630996389,0.18957017657582464,6.065644000481707,0.9125462473788227
15.688106909354175,0.6091653542895383,0.5985427723186625,1.6539445235322303,9.233376662085023,0.6033501491072345,28.762076747973303,0.34594356727448405,0.2859030508029376,1.5960937742125607,0.6597068237767604,13.075271585333116,0.9934107431475242,0.7451318225501508,4.159802630996389,0.18957017657582464,6.065644000481707,0.9125462473788227
17.647313215128936,0.6091653542895383,0.5985427723186625,1.6539445235322303,9.233376662085023,0.4160810249872165,22.311911604309056,0.34594356727448405,1.0899111423753258,6.084581412841235,0.6597068237767604,28.71738716827923,0.9934107431475242,0.7451318225501508,4.159802630996389,1.1808334783812613,42.50143699932856,0.9125462473788227
147.00043645237173,0.413245424116004,0.5985427723186625,0.9574965809336445,5.345358600987341,0.4160810249872165,141.4115744692612,0.26202230841072066,1.0899111423753258,6.084581412841235,1.0810646232949959,391.99960838642505,0.9934107431475242,0.18230316715787268,1.0177329318548238,1.1808334783812613,175.11534156678854,0.8940173509641406
147.00043645237173,0.6445070654842212,0.5319287252261996,0.9574965809336445,6.767999844371211,0.4382564841080199,167.60120799964042,3.021907716847192,1.0899111423753258,7.7039632191499745,0.9536203477916141,389.0910433841137,0.9934107431475242,0.18230316715787268,1.2885976112309132,0.9399316330623524,156.84603739612507,2.917449907370066
147.00043645237173,0.6445070654842212,0.5530467287155729,0.7458647317414024,4.8771533604017865,0.20547711864041887,66.70606115725282,3.021907716847192,1.5700525549928266,10.266455522990938,1.86732321753769,879.5254004612078,0.9934107431475242,0.18230316715787268,1.1920666931657158,0.9399316330623524,150.85689580456673,2.917449907370066
164.63532128495592,0.6445070654842212,0.5530467287155729,0.9891145915033915,6.467745890746514,-0.3931760130271268,-164.62148094569358,3.021907716847192,1.0516845019415966,6.8768858272082545,1.86732321753769,806.1918800752726,0.9934107431475242,0.18230316715787268,1.1920666931657158,0.30263863050936635,54.39984414497438,2.917449907370066
24.687045917880265,0.6445070654842212,0.5530467287155729,0.9891145915033915,6.467745890746514,0.6315128827872488,39.648596058301976,3.021907716847192,0.5794283252367222,3.7888382212983402,0.00014404828917591317,0.006921978729080403,0.9934107431475242,0.25886881540213674,1.6927237060720755,0.30263863050936635,9.72045347779479,2.565455915454948
0.7190465500048979,0.6445070654842212,0.5530467287155729,0.5037709213319662,3.2941201497897805,0.6315128827872488,0.8241550786487669,1.4358989554249186,1.5509242079223395,10.141376700754707,0.00014404828917591317,0.00032984778264575715,3.2903980478445307,0.015939580511888356,0.10422771763916056,0.5120965807445208,0.11887772816369994,5.871356098363809
0.7190465500048979,0.6445070654842212,0.2745462093104731,0.5037709213319662,13.366945819776745,0.6315128827872488,1.6601805260606781,1.4358989554249186,1.2454870687226733,33.04747745826696,0.00014404828917591317,0.0005954348764648606,0.23597167362705823,0.015939580511888356,0.42293729167424504,0.5120965807445208,0.23946766135723666,8.208648223778622
0.7190465500048979,13.87661973913903,0.2745462093104731,0.5037709213319662,13.366945819776745,-0.15287549305410486,-0.40189349005862274,1.3463666990739338,5.360306781295599,142.22919046918324,-0.8252602295613644,-7.076887508955436,0.37395375528575886,4.319771479911104,114.61985771850182,-0.516729663619937,-3.977867682897319,8.208648223778622
0.7190465500048979,10.768247072127172,0.2745462093104731,0.6495078152416834,17.233896217951962,2.636177662591732,7.869070192984028,1.3463666990739338,5.360306781295599,142.22919046918324,-1.1061110584394704,-9.485279009686856,0.37395375528575886,4.319771479911104,114.61985771850182,0.31913040578384777,2.4567169589303526,6.403503023997202
0.7190465500048979,10.768247072127172,0.9436158116642946,0.33599271457658264,0.7546914627898818,2.636177662591732,1.6467072638141296,0.8218678918510268,0.08075068678910303,0.1813784980753364,-1.1061110584394704,-0.33872608439244095,0.37395375528575886,0.021735795085801222,0.04882194844277058,0.31913040578384777,0.05070289360914615,6.403503023997202
0.7190465500048979,10.768247072127172,1.4928417929669024,0.8047389510787734,0.7221999407870956,1.0018708398953349,0.6122058390743998,0.5340121118459624,2.7001035716312334,2.423164228520388,-1.1061110584394704,-1.2380756031509252,0.37395375528575886,0.021735795085801222,0.019506437339565905,0.31913040578384777,0.03204897687894752,4.141536484988898
0.7190465500048979,3.991259181029316,1.4928417929669024,0.8047389510787734,0.7221999407870956,1.0018708398953349,0.6122058390743998,0.5340121118459624,2.7001035716312334,2.423164228520388,-1.1061110584394704,-1.2380756031509252,0.37395375528575886,0.05802217564022811,0.05207106199536921,-0.2948793730682667,-0.048383760422946884,4.141536484988898
0.7190465500048979,3.991259181029316,1.4928417929669024,0.8047389510787734,0.7221999407870956,1.0018708398953349,0.6122058390743998,2.5344791207388897,2.7001035716312334,2.423164228520388,-1.1061110584394704,-1.2380756031509252,0.37395375528575886,0.001779726334087591,0.001597186580036036,-1.2935446427247763,-0.03717202792773768,8.641335663894838
1.1612047545974877,3.991259181029316,0.7189661447113899,0.8047389510787734,3.113638132570682,-1.7605911400043488,-3.607458852100147,0.9358129331465029,0.13155655252312543,0.509009161264576,-1.1061110584394704,-0.9163688948510481,0.37395375528575886,0.018884596565912057,0.07306692425787825,-0.8416929150386872,-0.2641939633073824,8.641335663894838
1.1612047545974877,3.991259181029316,1.0450537549162462,0.8047389510787734,1.4736955028396463,-1.7605911400043488,-2.4818252371212055,0.9358129331465029,0.104162472686564,0.19074976718483816,-1.1061110584394704,-0.5609698858032238,1.8422282725071588,0.018884596565912057,0.0345828234048055,-0.8416929150386872,-0.1817576506103784,8.641335663894838
1.1612047545974877,0.6368856632746988,1.0450537549162462,0.8047389510787734,1.4736955028396463,-1.7605911400043488,-2.4818252371212055,0.9358129331465029,0.104162472686564,0.19074976718483816,-1.1061110584394704,-0.5609698858032238,1.8422282725071588,0.018884596565912057,0.0345828234048055,-0.8416929150386872,-0.1817576506103784,3.204349774674366
5.264377706823831,2.045731486880402,0.8450017226405735,0.8047389510787734,2.2540826160491716,0.25429927330891955,2.009912148914158,0.9358129331465029,0.06386994430576264,0.17890041354982922,-1.1061110584394704,-2.4629264787383103,1.8422282725071588,0.37894166880243124,1.06141976475625,0.9823740876511571,5.328040593298974,2.336794283324507
5.264377706823831,2.045731486880402,0.37703505349944644,0.8047389510787734,11.321958538005171,0.25429927330891955,4.504565855151115,0.9358129331465029,0.8681079333882136,12.213503540693672,-1.1061110584394704,-20.350069974694147,2.56089675513791,0.37894166880243124,5.331370945512546,0.9823740876511571,11.941074013806906,2.2897743858283865
5.264377706823831,1.4786012985886834,0.37703505349944644,0.8047389510787734,11.321958538005171,0.25429927330891955,4.504565855151115,0.9358129331465029,0.8681079333882136,12.213503540693672,-1.1061110584394704,-20.350069974694147,0.7765432360056067,1.9970837521906109,28.097185315704422,0.7952493227579513,22.191249546738465,2.2897743858283865
4.331241625511741,1.4786012985886834,0.36302365742608345,0.8047389510787734,12.212797675965094,0.32420177300576725,4.9072183094095765,2.5801993542505155,0.8681079333882136,13.174491600236506,-0.4648890028523822,-7.308506164018637,0.7765432360056067,1.9970837521906109,30.307939953404446,0.7952493227579513,18.962427321442068,2.25193649209133
2.0896424551445616,1.4786012985886834,0.36302365742608345,0.8047389510787734,12.212797675965094,0.32420177300576725,2.367527051736212,2.5801993542505155,0.37497473337666526,5.690653529556688,0.2889078624064968,1.4401655453372986,0.8553438688416585,1.9970837521906109,30.307939953404446,0.7952493227579513,9.14857599956613,5.5624989093487915
2.0896424551445616,1.4786012985886834,0.36302365742608345,0.81393828830309,12.352407724817514,-0.42558231011905223,-3.1255853312025725,2.5801993542505155,0.6201307839828124,9.411165928115183,0.24048115213300691,1.541610793737722,0.8553438688416585,0.7094031437018613,10.76597206225743,0.7952493227579513,5.452578357139871,3.3993423744072007
2.0896424551445616,1.4786012985886834,0.5056493089852783,0.81393828830309,6.36682097024387,-0.42558231011905223,-2.243969087602391,0.24749266982626097,0.6201307839828124,4.850812078133015,0.24048115213300691,1.106777323187223,1.3071141327215021,0.7094031437018613,5.549121937848994,0.7952493227579513,3.914600301903806,3.3993423744072007
2.0896424551445616,1.4786012985886834,1.136190529785105,0.81393828830309,1.2610117810667503,0.0756924080320791,0.17761673278538415,1.377545893205433,0.6201307839828124,0.9607512456930793,-0.5447892207173339,-1.1158503842366785,1.3071141327215021,2.0147074545953028,3.12132980123628,0.7952493227579513,2.9359261053754584,1.7309837238364745
0.6906476749399592,1.194187428682947,1.136190529785105,0.81393828830309,1.2610117810667503,-0.1462641816513375,-0.11343683786426384,1.377545893205433,0.6201307839828124,0.9607512456930793,-0.5447892207173339,-0.3687996822406672,2.601693628742428,2.0147074545953028,3.12132980123628,0.7952493227579513,0.970352862749821,0.46342198765340914
0.6906476749399592,1.194187428682947,1.136190529785105,0.81393828830309,1.2610117810667503,-0.1462641816513375,-0.11343683786426384,1.377545893205433,0.6201307839828124,0.9607512456930793,-0.5447892207173339,-0.3687996822406672,2.601693628742428,2.0147074545953028,3.12132980123628,0.7952493227579513,0.970352862749821,2.034227326949459
0.5500415893950887,1.194187428682947,1.1497726342975565,1.8983144217994623,2.8719323604131977,0.481491454243268,0.4488189810075335,1.84196710179645,0.6201307839828124,0.938186870286964,-0.5447892207173339,-0.2902476483709756,5.099279271413485,0.47131064317885335,0.7130390373737032,0.7952493227579513,0.3693647868231399,2.034227326949459
0.7867433998500659,1.194187428682947,1.1497726342975565,1.8983144217994623,2.8719323604131977,-0.25307751128325684,-0.33742228869115104,3.9881848902426666,0.6201307839828124,0.938186870286964,-0.21974539600422865,-0.1674547874567365,5.141594326663518,0.47131064317885335,0.7130390373737032,-0.5499895467096187,-0.36537951673185254,2.034227326949459
0.7867433998500659,1.1197837971320785,1.1497726342975565,1.8983144217994623,2.8719323604131977,-0.25307751128325684,-0.33742228869115104,3.9881848902426666,0.6201307839828124,0.938186870286964,-0.45765991357887187,-0.3487551728016346,5.141594326663518,0.47131064317885335,0.7130390373737032,0.12539336958570446,0.08330370832446586,2.034227326949459
0.7867433998500659,1.1197837971320785,0.8706516296875811,1.8983144217994623,5.008518799939669,-0.25307751128325684,-0.4455960346371234,3.9881848902426666,0.470346199537149,1.2409629067817542,0.34100353586432236,0.29886247630810314,1.2330290317416779,0.47131064317885335,1.243507497949312,0.12539336958570446,0.11000992923121913,1.025592144970134
0.7867433998500659,1.1197837971320785,0.5820496298345825,1.8797377494003364,11.097041854259158,-0.25307751128325684,-0.6632698791499595,3.9881848902426666,0.470346199537149,2.7766913038377576,0.34100353586432236,0.4470496822136386,1.2330290317416779,0.47131064317885335,2.7823849020332942,0.12539336958570446,0.16455697118851703,1.2034775982281563
2.2835590824902474,0.5195949503960822,0.7362361842274957,1.8797377494003364,6.935742205394761,-0.25307751128325684,-1.521991681745046,3.9881848902426666,1.5107239656762252,5.574177553642562,0.34100353586432236,1.838491108633554,1.2330290317416779,0.2627267120915911,0.9693930688573745,0.12539336958570446,0.28192707180810606,1.2034775982281563
2.2835590824902474,0.5195949503960822,0.7362361842274957,0.5001550116786949,1.8454415914381026,1.2873252335515668,3.9934723966330594,3.9881848902426666,1.0496582747546461,3.8729653643334694,0.34100353586432236,1.53247338730499,1.2637685899811235,0.36057682485612447,1.3304344732341893,0.6065439054073921,1.5976117301174195,1.2034775982281563
2.2835590824902474,0.5195949503960822,0.8378301614054248,0.20004612703228253,0.5699649663901888,0.07032736099072245,0.12124411130524615,2.0168301947475316,1.8821501809455043,5.3625615278758945,-0.2778618595527342,-1.4693570277944685,1.2637685899811235,0.02105947507171237,0.060001976441696095,0.6065439054073921,0.339279230071076,1.2034775982281563
2.6138483089051365,0.5195949503960822,0.8378301614054248,2.762026959216323,7.86947803655544,0.07032736099072245,0.5156768853513618,0.4818642596243466,1.8821501809455043,5.3625615278758945,-0.9127103369362788,-5.524582883543681,1.2637685899811235,0.04545040668678534,0.1294958313063145,-0.15321345855298585,-0.14411367411651826,1.2034775982281563
2.6138483089051365,0.5195949503960822,0.8378301614054248,2.762026959216323,7.86947803655544,-0.4631597297858848,-3.3961286690065218,0.4818642596243466,1.8821501809455043,5.3625615278758945,-0.9127103369362788,-5.524582883543681,0.9467609941242666,0.0861646661561455,0.24549758487343284,-0.15321345855298585,-0.19842706494119436,1.2034775982281563
2.6138483089051365,0.5195949503960822,0.8378301614054248,0.04267055513890796,0.12157556802723608,-0.773374234729093,-0.7048443669597235,0.4818642596243466,1.8821501809455043,5.3625615278758945,-0.9127103369362788,-5.524582883543681,0.9467609941242666,0.0861646661561455,0.24549758487343284,-0.15321345855298585,-0.19842706494119436,1.2034775982281563
2.6138483089051365,0.9677421570635861,0.8378301614054248,0.29245404712925027,0.8332506288202141,-0.773374234729093,-1.8452614320455578,0.4818642596243466,1.8821501809455043,5.3625615278758945,-0.9127103369362788,-5.524582883543681,0.9467609941242666,0.0861646661561455,0.24549758487343284,-0.15321345855298585,-0.19842706494119436,0.9179265034000209
1.1208022762648109,0.9677421570635861,0.6630621592481082,0.29245404712925027,1.3303905282738786,-0.773374234729093,-0.9997888193233211,0.4818642596243466,1.8821501809455043,8.562011017109377,-0.9127103369362788,-2.9932973737325685,0.578052833216927,0.044857965441068445,0.20406150274288884,-0.15321345855298585,-0.07757226292089452,0.8643949277340849
0.34515731707309993,0.9677421570635861,0.9627078174808302,0.29245404712925027,0.6311006602502239,1.1192972485447403,0.3069105644793336,0.4818642596243466,0.09115131568222717,0.19669981001940678,-1.4833340614273383,-0.22706909246483775,0.3220050913954123,0.044857965441068445,0.09680116204659137,0.27963431250439,0.03002948127711835,1.0658932924685374
0.24649620051804863,0.9677421570635861,0.9627078174808302,0.43613490061778737,0.9411564874546143,1.1192972485447403,0.2676619180403373,0.4818642596243466,0.09115131568222717,0.19669981001940678,0.25162106540331486,0.027508011459304562,0.3220050913954123,0.044857965441068445,0.09680116204659137,-0.7230438700199793,-0.05545173809993505,1.0658932924685374
0.24649620051804863,0.9677421570635861,0.44512891022849344,0.43613490061778737,4.402295933399509,1.6202839339099024,0.8379941213107807,0.4818642596243466,0.09115131568222717,0.9200709821284089,0.25162106540331486,0.05949327726574968,0.3220050913954123,0.044857965441068445,0.45279118585112693,-0.7230438700199793,-0.11992890269541041,1.0658932924685374
0.24649620051804863,0.9677421570635861,0.44512891022849344,0.8421628607994107,8.500695844578638,1.389688964266151,0.9987460550037293,0.8024237286796368,0.09115131568222717,0.9200709821284089,0.25162106540331486,0.05949327726574968,0.3220050913954123,0.044857965441068445,0.45279118585112693,0.29138323961145574,0.04833077720369874,1.0658932924685374
1.559777322232482,0.9677421570635861,0.5465814303970086,0.8421628607994107,5.637886585949931,1.389688964266151,5.14681286812064,0.8024237286796368,0.09115131568222717,0.6102154391951022,0.25162106540331486,0.3065852059830026,0.3220050913954123,0.011393071281348702,0.07627128521069566,-0.24287359282463616,-0.10462209961413459,1.0658932924685374
1.6105607578951764,0.9677421570635861,0.5465814303970086,0.8421628607994107,5.637886585949931,1.9835864893461217,7.585538592471113,0.8024237286796368,0.09115131568222717,0.6102154391951022,2.0354638190255168,2.560837943021597,0.4337669702140557,0.048978220707065014,0.3278862870608438,0.5415203344799353,0.4994057166439483,1.0658932924685374
1.6105607578951764,0.9677421570635861,0.9276323310461165,0.8421628607994107,1.9573763075284463,2.8801244028464974,6.489713486182949,0.8024237286796368,3.1343101579095367,7.2848432638246345,2.0354638190255168,8.848111896718752,0.4337669702140557,0.048978220707065014,0.11383642435372435,0.5415203344799353,0.2942608637237355,1.360764519724156
1.6105607578951764,0.9677421570635861,0.9276323310461165,0.8421628607994107,1.9573763075284463,0.9057340733070693,2.0408683127114147,0.8024237286796368,3.1343101579095367,7.2848432638246345,2.0354638190255168,8.848111896718752,0.4337669702140557,0.048978220707065014,0.11383642435372435,0.5415203344799353,0.2942608637237355,0.7178007715799587
1.6105607578951764,0.9677421570635861,0.9276323310461165,0.8421628607994107,1.9573763075284463,0.9057340733070693,2.0408683127114147,0.8024237286796368,2.0142469160210448,4.6815638333770035,-0.8465653397455473,-2.950075095681556,0.4337669702140557,0.048978220707065014,0.11383642435372435,0.5415203344799353,0.2942608637237355,2.3134347992906594
5.3915319779533615,0.9677421570635861,0.9276323310461165,0.8421628607994107,1.9573763075284463,0.9057340733070693,6.83203456736121,0.8024237286796368,0.19742094977235225,0.45885078490323766,-0.8465653397455473,-3.0917787535041397,3.969467531356071,0.5853868099701472,1.3605708894447899,0.5415203344799353,3.405552204497193,0.44339450772533145
0.6991500601684819,0.9677421570635861,0.9276323310461165,0.8421628607994107,1.9573763075284463,0.029940214180851354,0.029286162362274035,0.7812156735586439,0.042505093022934766,0.09879141660724657,0.7147521798396423,0.15706719734278032,1.4115417812668964,0.5853868099701472,1.3605708894447899,-0.6188656564676482,-0.504693102229872,0.44339450772533145
0.6991500601684819,0.9677421570635861,0.9276323310461165,0.03836575976756035,0.08917067313805159,-0.08146405760492205,-0.01700777335269462,0.7812156735586439,0.07960272913507946,0.1850146845417835,-1.076776836980911,-0.32381667108675377,1.4115417812668964,0.8872102065268133,2.062076492431117,-0.6188656564676482,-0.6213254850205926,0.44339450772533145
0.6991500601684819,2.523080591899465,0.2823815546137575,0.03836575976756035,0.9622793120565437,-0.08146405760492205,-0.05587107296241044,0.43891397122309445,0.07960272913507946,1.9965735044479895,-0.6501166037983566,-0.6422502900290094,1.5635688379690058,0.8872102065268133,22.252759553273272,-1.4879365002557337,-4.907346619616701,0.44339450772533145
0.6991500601684819,2.523080591899465,0.2823815546137575,0.03836575976756035,0.9622793120565437,-0.08146405760492205,-0.05587107296241044,0.43891397122309445,0.08514514511866059,2.1355868400921643,-1.9284413264202824,-1.9703140179776915,1.5635688379690058,0.8872102065268133,22.252759553273272,-1.4879365002557337,-4.907346619616701,0.44339450772533145
0.6991500601684819,2.523080591899465,0.2823815546137575,0.43274006643484086,10.853865945861376,0.9292445163016388,2.1403886185113095,0.43891397122309445,0.08514514511866059,2.1355868400921643,-1.9660152811457083,-2.0087038246532156,1.5635688379690058,0.8872102065268133,22.252759553273272,1.721032576294839,5.6761181636979305,0.44339450772533145
0.6991500601684819,2.523080591899465,0.2823815546137575,0.2092360223230509,5.247999696560586,0.9292445163016388,1.4883233894895531,0.43891397122309445,0.08514514511866059,2.1355868400921643,0.28129450291662983,0.287402315374314,1.5635688379690058,0.8872102065268133,22.252759553273272,2.220692528161288,7.3240410255460215,0.44339450772533145
0.6991500601684819,0.5510811409504386,1.1879555793651484,0.2092360223230509,0.2965282317189783,0.4259565372128431,0.1621693257523607,0.43891397122309445,0.11138675259851874,0.15785674196177515,-0.06578334962701027,-0.01827334065430173,1.5635688379690058,0.8872102065268133,1.2573498137822439,-0.5683193633737567,-0.4455443221334136,0.44339450772533145
0.6991500601684819,0.5510811409504386,0.667613819829261,0.8106433767729211,3.63755189682829,0.4259565372128431,0.5679894724266286,0.43891397122309445,0.07493065376811563,0.33623187403299293,-1.6392845996582888,-0.6645753043877639,0.7468461630294547,0.8872102065268133,3.981125686222757,-1.3161398367430077,-1.8360114200790976,0.44339450772533145
0.7344827217529313,0.5510811409504386,0.667613819829261,0.8106433767729211,3.63755189682829,0.4259565372128431,0.5966937248555618,0.43891397122309445,0.07493065376811563,0.33623187403299293,1.3182752313255874,0.5614448683072969,0.7468461630294547,0.00829251413929379,0.03721050637204337,1.2737700470266191,0.18047016106052627,1.3621771456709877
1.7887675931559495,2.056368168935263,0.6197062360444106,0.8106433767729211,4.221707125652828,0.4259565372128431,1.5655367136899834,0.43891397122309445,0.07493065376811563,0.3902274218312538,1.2764011426574613,1.4262642444245488,0.7468461630294547,0.19977085061106262,1.0403761354096615,1.2737700470266191,2.3240214983350285,1.3621771456709877
1.7887675931559495,2.056368168935263,0.8606402280258008,0.6162397118602178,1.6639351396464168,-1.3023702104227615,-3.005083672392968,2.9801363067773763,0.5353745678498522,1.4455877139583815,0.7667998759202629,1.6491424711019909,0.40534992175910156,0.7548572350492059,2.038222228527226,1.2737700470266191,3.252900035126671,0.6119221827623516
1.7887675931559495,2.056368168935263,0.8606402280258008,0.9341094220048406,2.522228706840011,-0.9887252766675751,-2.808806279468491,2.9801363067773763,0.386886620041183,1.0446490704117093,-0.5371163705030565,-0.9819910249800192,0.40534992175910156,0.7548572350492059,2.038222228527226,1.2737700470266191,3.252900035126671,0.9509665913121753
1.7887675931559495,2.056368168935263,0.10476487424689739,0.9341094220048406,170.21442273609483,0.18017831737080114,4.204889845993019,1.1357470734520791,0.17604594411567376,32.07928112786441,-0.5371163705030565,-5.441700321831802,0.40534992175910156,1.2529455838487789,228.31309079061407,1.2737700470266191,34.42788606469099,0.9509665913121753
0.5071622859856583,2.056368168935263,0.10476487424689739,0.9341094220048406,170.21442273609483,0.18017831737080114,1.1921959872099384,1.4230588935869284,2.6181345718782083,477.0792953155253,-0.5371163705030565,-5.949913123181967,0.40534992175910156,1.2529455838487789,228.31309079061407,1.2737700470266191,9.761204007177144,0.9509665913121753
0.5071622859856583,2.056368168935263,0.6014676348972587,0.9424605518017133,5.210371038546401,0.18017831737080114,0.20858535033296993,0.362646810954719,2.6181345718782083,14.474295525953597,-0.5371163705030565,-1.0363681501110211,0.40534992175910156,1.291447303425214,7.139736103237238,1.2737700470266191,1.7261521072054393,0.9509665913121753
0.5071622859856583,2.056368168935263,0.6014676348972587,0.9424605518017133,5.210371038546401,0.18017831737080114,0.20858535033296993,0.3549377305499704,0.21570165622964835,1.192501543366357,-0.5371163705030565,-0.29747112426331374,0.40534992175910156,1.291447303425214,7.139736103237238,1.2737700470266191,1.7261521072054393,0.9509665913121753
0.8327269445099822,2.056368168935263,0.7742964105782751,0.9424605518017133,3.1439721103384426,1.5857754635608503,2.341443343706185,0.3549377305499704,0.21570165622964835,0.7195632645243114,-2.005523741171379,-1.4166576675030482,1.794055152762766,1.291447303425214,4.308163663909949,1.2737700470266191,2.2016067405073656,0.4826256481656375
0.8327269445099822,2.056368168935263,0.7742964105782751,0.9424605518017133,3.1439721103384426,-1.0340103010173014,-1.526746120288729,0.6143405238318025,0.21570165622964835,0.7195632645243114,-2.005523741171379,-1.4166576675030482,1.794055152762766,1.291447303425214,4.308163663909949,0.906378208473291,1.5666001707936899,0.4826256481656375
0.8327269445099822,1.7606036560477552,0.7742964105782751,0.9424605518017133,3.1439721103384426,-0.523487173989794,-0.7729439553198957,0.6143405238318025,0.21570165622964835,0.7195632645243114,1.1883274227213843,0.8394082405223086,0.21080834522867362,1.291447303425214,4.308163663909949,0.10863910254423459,0.18777375162995916,1.1982244317890778
0.8327269445099822,20.256788527817466,1.0741968687389907,0.9424605518017133,1.6335235978474292,-0.06559230130315236,-0.06981008905725851,0.6143405238318025,1.4274703697346294,2.474168844236259,2.3774209778060973,3.1140341771236293,0.21080834522867362,1.291447303425214,2.2384063094084414,-0.19214224015426146,-0.23938389426472784,2.7371889665349656
0.8327269445099822,0.9879004929862238,0.5147679114323084,0.9424605518017133,7.113285550261688,-0.06559230130315236,-0.14567687186064682,0.4329228372581671,1.4274703697346294,10.77393036244171,0.10795850032726317,0.29508459831217193,1.9664252978769368,1.5182929893952437,11.459420303462272,-0.19214224015426146,-0.5416350886157159,3.880873450394891
0.8327269445099822,0.9879004929862238,0.46551213042746264,1.0162955645796077,9.37967997655107,-0.06559230130315236,-0.16728210939703847,0.4329228372581671,1.4274703697346294,13.174528858303466,0.7338172235268589,2.2179822425863693,2.3022716262414527,1.977967158241757,18.25521983470447,-0.19214224015426146,-0.6836266753564889,3.880873450394891
0.8327269445099822,0.8427279928079803,0.46551213042746264,1.0162955645796077,9.37967997655107,-0.06559230130315236,-0.16728210939703847,0.3683002433241434,1.4274703697346294,13.174528858303466,0.7338172235268589,2.2179822425863693,2.3022716262414527,2.4300372117479503,22.427502560964722,1.8918132380975048,7.460558411125962,3.880873450394891
0.8327269445099822,0.8427279928079803,0.7934864803554164,1.0162955645796077,3.228278269861332,-0.06559230130315236,-0.09813885057365448,0.3683002433241434,1.4456996387341243,4.592286821995837,0.7338172235268589,1.3094985468231055,2.3022716262414527,2.4300372117479503,7.7190500471045125,1.2579546397429504,2.9103788587409865,3.880873450394891
0.8327269445099822,0.8427279928079803,0.3295717144137434,1.0162955645796077,18.71329067187561,-0.4462447593518479,-1.6074994312143749,0.3683002433241434,0.12156495889604849,2.23840434871658,0.8479930674318867,1.0564870781304563,0.8629123532774756,2.4300372117479503,44.744850092624304,1.2579546397429504,7.007113098984133,3.880873450394891
0.7889202449305194,1.5155913672591173,0.26222339414203394,1.9023734851188745,55.33283358592151,0.19077975885691129,1.1195844344660841,0.5313063698415257,0.12156495889604849,3.5358638527566084,-1.3621972969418141,-2.020788595282806,0.8629123532774756,2.4300372117479503,70.68057124274098,-0.9003531915608138,-5.971673224237563,1.7532474881977695
0.49097597689202277,1.5155913672591173,0.20425931289106486,1.9023734851188745,91.19311413144837,0.19077975885691129,0.8944860290389887,0.5313063698415257,0.12156495889604849,5.827397857313728,-1.2820892145277,-1.5195529031777142,2.125163668498232,0.18816990822958943,9.020205575569637,-0.9003531915608138,-1.3276431805308293,1.4623132678801958
0.49097597689202277,1.5155913672591173,0.20425931289106486,1.3264555267873592,63.58562668731235,1.2761692344051816,4.996294063649891,0.5313063698415257,0.1574739825694957,7.548750535858304,-1.2820892145277,-1.7294819204648941,2.125163668498232,0.7663891012964152,36.73800614354911,-0.9003531915608138,-2.6793592165110764,1.4623132678801958
0.49097597689202277,1.5155913672591173,0.20425931289106486,1.3264555267873592,63.58562668731235,0.9581697628311703,3.7513033294785116,3.755102104142952,0.1574739825694957,7.548750535858304,-2.1296715689057937,-2.872833210992665,2.125163668498232,0.7663891012964152,36.73800614354911,-1.0084309674255807,-3.00098764808389,1.4623132678801958
0.44364177140818045,2.1111595671358403,0.5539397296838731,1.3264555267873592,8.645650192414546,0.08189338768910992,0.10682677006026471,0.5625344005819292,0.1574739825694957,1.0263932263147022,-3.5837638539136045,-1.6107520923515146,0.6437273056427305,0.8791883565401073,5.730425808017406,0.8477243950576203,0.9002861288882147,0.8283546570958037
0.44364177140818045,1.87643411967305,0.8965451816105906,1.3264555267873592,3.3004892884585293,-2.70242896279397,-2.1780903016104696,0.5625344005819292,0.1574739825694957,0.3918270776407599,-3.5837638539136045,-0.99521986947946,0.6437273056427305,0.8791883565401073,2.187598223007182,0.8477243950576203,0.5562511127198134,0.8283546570958037
2.8126824778671837,1.87643411967305,0.8965451816105906,1.3264555267873592,3.3004892884585293,-1.7422524607155574,-8.902683992937844,0.5625344005819292,0.1574739825694957,0.3918270776407599,-1.0073011033071966,-1.7734838576740288,0.6437273056427305,1.0909197314765398,2.714428652596336,0.42174961926480636,1.954405257890784,1.5286561655634963
2.8126824778671837,1.1639086662338518,1.0565000703083811,0.2528899637479626,0.4531297007108277,-1.7422524607155574,-3.298701810896255,0.5625344005819292,0.1574739825694957,0.2821627933901453,-1.0073011033071966,-1.5049770955506956,0.6437273056427305,1.0909197314765398,1.9547162888447507,0.42174961926480636,1.6585068625361605,1.2810292291759648
5.5384632996444205,0.40873361000711333,1.0565000703083811,0.14208199388704706,0.25458333898374796,-0.8358480313022988,-2.3357781698044784,0.5625344005819292,2.7647947485658517,4.953975232457622,-0.8701302600784148,-10.726313101309318,0.6437273056427305,1.0909197314765398,1.9547162888447507,1.4158021351071317,10.9631084719957,1.2810292291759648
5.5384632996444205,0.40873361000711333,1.0565000703083811,0.7777838548239585,1.393637612702349,0.11446943322201586,0.7484344061721102,0.5625344005819292,2.7647947485658517,4.953975232457622,-0.9455854794920848,-11.656468442058046,0.35442359446712013,1.0909197314765398,1.9547162888447507,1.6051031802511775,12.428940342364573,1.2810292291759648
5.5384632996444205,0.40873361000711333,1.0565000703083811,0.7777838548239585,1.393637612702349,0.11446943322201586,0.7484344061721102,0.5625344005819292,2.7647947485658517,4.953975232457622,-0.9455854794920848,-11.656468442058046,0.35442359446712013,1.0909197314765398,1.9547162888447507,1.6051031802511775,12.428940342364573,1.9040306364067268
0.6834963233925984,0.40873361000711333,1.0565000703083811,0.7777838548239585,1.393637612702349,0.11446943322201586,0.0923635559618139,0.7480452261209268,2.7647947485658517,4.953975232457622,-0.9455854794920848,-1.43851333715618,0.35442359446712013,1.0909197314765398,1.9547162888447507,1.6051031802511775,1.533843336691882,1.9040306364067268
10.40902617483129,0.7830036788730976,0.9908081769812404,0.7777838548239585,1.5845638921796648,0.11446943322201586,1.499873081308275,0.7480452261209268,1.4637338879448287,2.9820365288015567,-0.007712069229283691,-0.13862370422342707,0.3632977641719673,1.0909197314765398,2.2225095121771514,-0.3695928352454867,-5.735291002391484,0.9956564153107517
0.5915694727725772,0.7830036788730976,0.29915241942493237,1.1819016790013666,26.413521504064693,0.11446943322201586,0.34802339572125385,0.7480452261209268,1.7719132298073754,39.599290728141625,-0.007712069229283691,-0.028709152865190466,0.3632977641719673,1.0909197314765398,24.38022747451461,-0.5251112203877921,-1.533825414921568,0.9956564153107517
4.592471520460774,0.7830036788730976,0.37522223412315286,1.1819016790013666,16.789362857314988,-0.2758644860101465,-5.1910997443641635,1.3627941814543616,1.7719132298073754,25.17070133282939,1.286813335581809,29.64897493791023,0.3632977641719673,1.1099050492208697,15.766623349143824,-1.3009875643483166,-23.72405725687817,0.9956564153107517
4.156071638424764,0.7830036788730976,0.5555946439746094,1.1819016790013666,7.65764527113,1.1384310515253502,13.092946101398054,1.3627941814543616,1.7719132298073754,11.480382172357878,1.286813335581809,18.120774280994333,0.3632977641719673,1.1099050492208697,7.191172753685271,-1.3009875643483166,-14.499600322829098,2.148387860775734
1.4099161858273408,25.20702880048908,0.5555946439746094,1.1819016790013666,7.65764527113,1.1384310515253502,4.441683934861816,3.5847180946075095,0.4597231587401668,2.97858691217877,1.286813335581809,3.131222922783728,0.3632977641719673,3.3243556910777268,21.538793868915405,-1.3009875643483166,-8.512892154642143,2.148387860775734
1.4099161858273408,2.85790477503463,0.5555946439746094,1.1819016790013666,7.65764527113,0.2636049463770228,1.0284767390209055,0.22733597309365663,0.4597231587401668,2.97858691217877,1.9627800670117361,4.77606329392862,1.1070500365298495,0.7741693270271003,5.015911383738811,-1.3009875643483166,-4.108103428667524,2.148387860775734
1.419534879959219,2.85790477503463,0.5555946439746094,1.1819016790013666,7.65764527113,0.2636049463770228,1.0354931867174675,0.22178529185861592,0.4597231587401668,2.97858691217877,1.9627800670117361,4.80864643074241,1.9641064741197145,0.7741693270271003,5.015911383738811,-1.3009875643483166,-4.13612962677751,2.148387860775734
1.419534879959219,2.85790477503463,0.5555946439746094,1.1819016790013666,7.65764527113,0.2636049463770228,1.0354931867174675,3.8991471745192334,0.4597231587401668,2.97858691217877,1.9627800670117361,4.80864643074241,0.7813560078028582,0.8043703626865215,5.211586558763525,-1.3009875643483166,-4.21603484102829,1.9448218427988455
1.419534879959219,0.7027829859709571,0.5555946439746094,0.7251834293840785,4.698527430316312,0.2636049463770228,0.8111114026691314,0.7364987404009421,0.39951716220710204,2.5885069479683467,-0.9558257715852405,-2.182978567392251,0.7813560078028582,0.16038457249469168,1.039145797782357,-1.3009875643483166,-1.8825974079271708,1.9448218427988455
1.419534879959219,0.939013978640512,2.301859548072275,0.7251834293840785,0.2737286312124055,0.2636049463770228,0.1957761286378679,0.7364987404009421,0.019673079721861955,0.007425824923456302,-1.20730110764632,-0.14768419503436506,0.7813560078028582,0.15653043428155056,0.05908417068404808,1.7549368274572812,0.6055404064572102,9.055124727325001
1.3929009230803437,1.9175582028689353,1.2132867912139302,0.7251834293840785,0.9852601744095488,0.2636049463770228,0.36445947532455625,0.7364987404009421,0.019673079721861955,0.026728550560507644,0.006445036211240707,0.0014676864750723408,0.7813560078028582,0.15653043428155056,0.21266785303082505,0.26229779009843734,0.16848676087959746,3.625341341884782
1.3929009230803437,1.9175582028689353,0.2885719598116175,0.27769691433355725,6.669492551136695,0.2636049463770228,0.9482441615276126,3.6872448701210208,0.11048174780256066,2.6534583424310614,0.006445036211240707,0.014623513315680882,0.457192974223422,0.15653043428155056,3.7594172336139553,0.26229779009843734,0.7083944039576289,3.625341341884782
1.3929009230803437,1.9490780567677366,0.5928995480598757,0.27769691433355725,1.579933512352196,1.2862000370868731,2.2518950668409476,3.6872448701210208,0.017473569435858125,0.09941442092858442,-0.7913708569739875,-0.34755614593939754,0.457192974223422,0.15653043428155056,0.8905668952713306,0.26229779009843734,0.3447848158065915,0.2772935126883958
2.6430845989920986,1.9490780567677366,0.5928995480598757,2.858052436075606,16.260651778045414,1.2862000370868731,13.70845644812963,11.959600419874832,0.1520699815505517,0.8651895202044145,-0.4033510194154302,-0.9916304362670455,0.8709700527078651,0.3434706039807255,1.9541474525899043,-0.996871954580647,-3.6832322746612234,0.2772935126883958
2.6430845989920986,1.9490780567677366,0.5928995480598757,0.45622573724088705,2.5956584112370225,0.6266075888207563,2.6682743646928753,1.4547345831554612,0.1520699815505517,0.8651895202044145,-0.4033510194154302,-0.9916304362670455,0.4571133887601257,0.3434706039807255,1.9541474525899043,0.7578679133856867,2.800162594288827,0.2824863736986298
0.8648048913799495,1.9490780567677366,0.5928995480598757,0.45622573724088705,2.5956584112370225,0.6266075888207563,0.8730468646406819,0.24238900740456013,0.1520699815505517,0.8651895202044145,-0.4033510194154302,-0.3244568304972133,0.4571133887601257,0.3434706039807255,1.9541474525899043,0.7578679133856867,0.9162000751408359,0.2824863736986298
0.8648048913799495,2.2369913702366784,0.5928995480598757,1.411363855015394,8.029837342675679,0.710143954379647,1.7402750967890208,0.24238900740456013,0.1520699815505517,0.8651895202044145,-0.4033510194154302,-0.3244568304972133,0.4506221258377947,0.6911653141636508,3.9323276063158894,0.8805473161578371,1.5100651372486342,0.2824863736986298
0.8648048913799495,0.3013074424926115,0.5928995480598757,1.3330111840462704,7.584056333752656,0.710143954379647,1.6912791954631956,0.6372122823023197,1.680280284049857,9.55981501373937,-0.4033510194154302,-1.0785146296885377,0.5350867020189738,0.29161468612090147,1.6591175181120967,0.8805473161578371,0.9808653874623786,1.3305645939686483
2.7104291600145847,0.3013074424926115,0.5928995480598757,1.3330111840462704,7.584056333752656,0.710143954379647,5.300724469532914,4.107384085641505,0.1776261608428885,1.0105892780970966,-0.4033510194154302,-1.0990275088846864,0.08004282728982855,0.29161468612090147,1.6591175181120967,1.136202940176437,3.966729118781226,2.5307655532878264
2.7104291600145847,0.3013074424926115,0.5928995480598757,0.08328400671310007,0.4738374337531895,0.710143954379647,1.3249489305208924,4.107384085641505,0.1776261608428885,1.0105892780970966,0.1866954117629384,0.5086968507167573,0.4774654230501725,0.29161468612090147,1.6591175181120967,0.9380572841479323,3.274959967571122,2.5307655532878264
6.065588714643849,0.3013074424926115,0.5928995480598757,0.08609087282659159,0.4898068652034226,0.710143954379647,3.0146145239896787,8.074339265120908,0.1776261608428885,1.0105892780970966,0.1866954117629384,1.138397535859534,0.4774654230501725,0.17442260130921455,0.9923628924052942,1.1934032146285343,7.210998754296666,2.5307655532878264
1.576187000033478,1.041691062563119,0.5928995480598757,0.013174627735835229,0.07495594944785275,0.710143954379647,0.30644828146177594,0.8511127245259649,0.1776261608428885,1.0105892780970966,0.1866954117629384,0.2958208149787649,0.4774654230501725,0.007997168210419707,0.045499223820626024,1.967444409367328,0.6614731271728616,0.7594899125158908
1.576187000033478,1.041691062563119,0.5928995480598757,0.016211554743912216,0.09223429323551545,0.25941212823387017,0.12417787681937809,1.7315253634943728,2.886175950943483,16.42065817830207,0.5489290056506742,3.5060588477666608,0.4774654230501725,0.01212799850180735,0.06900123941509409,0.1111491872264252,0.046019561735653775,0.7594899125158908
1.576187000033478,1.041691062563119,0.5928995480598757,0.016211554743912216,0.09223429323551545,0.25941212823387017,0.12417787681937809,1.7315253634943728,2.886175950943483,16.42065817830207,0.6531123581380276,4.17148727479121,4.379386015704784,0.01212799850180735,0.06900123941509409,-0.3339896414982933,-0.1382831247761515,0.7594899125158908
0.6641928621026139,1.041691062563119,0.6836272448498867,0.016211554743912216,0.06937706736658783,0.24993528136672638,0.04372499206236195,1.7918108609830294,1.016510245134911,4.350137964530153,0.6531123581380276,0.9047604771978573,4.379386015704784,0.01212799850180735,0.05190155925036927,-0.3339896414982933,-0.050537924738847495,0.7594899125158908
9.22340537211643,1.041691062563119,0.6836272448498867,0.016211554743912216,0.06937706736658783,0.7264320329978099,1.76479494907655,0.972003386923117,1.016510245134911,4.350137964530153,0.6531123581380276,12.564080588653018,2.5615036529887107,0.10851499108681688,0.46438802236052446,-0.3339896414982933,-2.0992530795598983,1.4321064098967993
0.3425673985030314,35.805654432614126,0.6836272448498867,0.009129123527837126,0.03906792580930557,0.7264320329978099,0.049187097231365606,0.972003386923117,1.0270503920204428,4.395244340327074,0.6531123581380276,0.469056806937894,2.5615036529887107,1.3985007267529534,5.984859605683177,-0.3339896414982933,-0.2799020058619063,0.5440651094440178
8.4491733571173,5.077643635124075,0.7679034121470679,0.008437168964850266,0.028616304435536526,1.043522716653654,1.4914987796621952,0.972003386923117,1.0270503920204428,3.4834417576720553,0.6531123581380276,10.299268949888573,2.5615036529887107,1.3985007267529534,4.743288029054166,-0.3339896414982933,-6.145920910527919,2.383617582715875
8.4491733571173,5.077643635124075,0.7679034121470679,0.22182254608712346,0.7523544373640038,1.043522716653654,7.6476388726480495,0.972003386923117,1.0270503920204428,3.4834417576720553,0.6531123581380276,10.299268949888573,2.829166436726254,1.3985007267529534,4.743288029054166,-0.3339896414982933,-6.145920910527919,2.383617582715875
8.4491733571173,5.077643635124075,1.196817151048502,0.22182254608712346,0.3097277181752794,1.043522716653654,4.906888224345809,0.48393145247725633,1.6644382613475772,2.324031861613998,2.055304699208087,26.47350687778618,2.829166436726254,1.3985007267529534,1.9527070020805533,0.31953826978744776,3.772729274317204,0.3427644371231284
0.5298965391204545,3.2857654521795285,1.196817151048502,1.289572247667254,1.8006116904603076,-0.17139725531914896,-0.12187229200602401,0.48393145247725633,1.6644382613475772,2.324031861613998,2.055304699208087,1.660306763750272,1.2516006117751728,1.3985007267529534,1.9527070020805533,-1.4802245973552082,-1.0960673513346313,0.26564036934367713
0.3713266427578537,3.2857654521795285,0.2850938804837473,1.289572247667254,31.73217811375151,-0.7112321402086185,-1.4877070691890262,0.7326709620524587,1.6644382613475772,40.95641129371783,2.055304699208087,4.884198142003363,0.2168574936523611,1.3985007267529534,34.41255364622757,1.4611260621476774,3.1827479648971244,0.17225563518173323
0.29142161459522303,3.2857654521795285,0.2850938804837473,1.289572247667254,31.73217811375151,-0.7112321402086185,-1.1675703982019843,1.1846589778944696,1.6644382613475772,40.95641129371783,3.1280987796036737,5.833956233039369,0.2168574936523611,0.6231637817079518,15.334033553347707,1.4611260621476774,1.6673917640127875,0.17225563518173323
0.29142161459522303,4.46127828994163,0.2850938804837473,2.715811126082698,66.82727744184577,-0.7112321402086185,-1.6943768850595633,1.1846589778944696,0.11160098815057443,2.7461372870506016,-0.4730919129915727,-0.22846959237976147,0.2168574936523611,0.23930825934969138,5.888597807151053,0.7014825392378408,0.49607183688277334,4.221119003617304
3.76032170052038,2.220093074967912,0.2850938804837473,2.715811126082698,66.82727744184577,1.3925697380100481,42.807398773078184,1.1846589778944696,0.11160098815057443,2.7461372870506016,-0.4730919129915727,-2.9480282968302016,0.44632293273948664,0.23930825934969138,5.888597807151053,0.7014825392378408,6.4009997880159855,4.221119003617304
3.76032170052038,2.220093074967912,0.8801545309834105,2.715811126082698,7.011512308834324,0.5567244830453365,5.543335599623058,1.5872551991015584,0.11160098815057443,0.28812449237753024,-0.4730919129915727,-0.9549059822258146,0.399673765433318,0.7812488780410815,2.0169797789101653,-1.4790901218951322,-7.8989690061321465,4.221119003617304
0.8840218344831356,2.220093074967912,0.8801545309834105,2.715811126082698,7.011512308834324,0.5567244830453365,1.3031942733134487,1.5872551991015584,0.11160098815057443,0.28812449237753024,-0.4730919129915727,-0.2244908296142228,0.399673765433318,0.7812488780410815,2.0169797789101653,-1.3892096986487128,-1.7441409167559956,1.6642234340489634
0.8840218344831356,2.220093074967912,0.3776924318408967,2.715811126082698,38.0761469030856,-0.7021768766052349,-3.8303284149417838,1.5872551991015584,0.11160098815057443,1.5646653695980892,-0.4730919129915727,-0.5231415940375964,0.399673765433318,0.7812488780410815,10.953245887562954,-0.04266613746998571,-0.12482964594125517,3.7074758146920987
0.6623457793462734,2.220093074967912,0.3776924318408967,0.4614227650051215,6.4692278546280475,-0.7021768766052349,-1.1829258455738156,3.4130833870932404,0.11160098815057443,1.5646653695980892,-2.509049482240725,-2.078761835068895,0.399673765433318,0.7812488780410815,10.953245887562954,-0.04266613746998571,-0.09352754185627223,3.7074758146920987
0.6623457793462734,5.25070268466316,0.3776924318408967,0.018999938503959323,0.26638246035535185,-0.7021768766052349,-0.24004027173397546,0.5436514214013971,0.11160098815057443,1.5646653695980892,0.5199079350763918,0.4307466954462354,1.102698960486149,0.7812488780410815,10.953245887562954,-0.04266613746998571,-0.09352754185627223,3.7074758146920987
0.6623457793462734,5.25070268466316,0.2632315890219963,0.018999938503959323,0.5484110288207413,0.7711768553112618,0.3782612472428944,0.5436514214013971,1.9032566632392622,54.93528016311571,0.5199079350763918,2.55233038649648,1.102698960486149,0.7812488780410815,22.549836194589645,-0.4360163811245309,-1.3713846211773433,0.9192892488681708
0.6690501296994071,0.9509370658462848,0.2752928763151866,0.680044134702851,17.946391931233396,-0.7447038003523566,-2.1107208655918153,0.3266538043286634,1.9032566632392622,50.22701951417933,0.5199079350763918,2.465209365619603,1.102698960486149,0.7812488780410815,20.617189158300715,0.12738822133037508,0.38699260013990877,0.9192892488681708
0.6084065854611312,0.9509370658462848,0.24011429461567807,0.680044134702851,23.590169637888568,-0.7447038003523566,-2.200609626070584,0.3266538043286634,1.9032566632392622,66.02240245756172,0.6024415547930322,2.978204316571275,1.102698960486149,1.4477459707111742,50.221112570244294,0.12738822133037508,0.5492452943993786,0.9192892488681708
0.6084065854611312,0.9509370658462848,0.9932908588791469,0.680044134702851,1.3785236377559202,-0.4766130728683194,-0.34046068238496424,0.3266538043286634,1.9032566632392622,3.858108856623277,-1.0109859443461113,-1.208165034014459,1.102698960486149,2.4377678573147508,4.941621349529591,0.12738822133037508,0.17228914364100542,0.9192892488681708
0.6084065854611312,0.9509370658462848,0.9932908588791469,0.43356806829449834,0.8788897664433212,-0.4766130728683194,-0.27184857473950347,0.3266538043286634,1.9032566632392622,3.858108856623277,-1.45484648613827,-1.7385945514286116,0.648239894371882,2.4377678573147508,4.941621349529591,0.12738822133037508,0.17228914364100542,0.9192892488681708
0.6084065854611312,0.9509370658462848,0.5668133135464156,0.43356806829449834,2.6990268192124973,-0.9344214919603694,-0.9339859110173234,2.5373866262974514,1.9032566632392622,11.848060670460683,1.4356374713666153,3.006507739965785,2.399343738586514,2.4377678573147508,15.175473719244346,1.5462976436356692,3.6648662432503967,1.6856010969134307
5.995334157770817,0.9509370658462848,0.5668133135464156,0.43356806829449834,2.6990268192124973,-0.37406277828391055,-3.684355169524664,1.0065379595164237,1.9032566632392622,11.848060670460683,1.4356374713666153,29.62660000689746,0.23071370936528074,0.48432422922979046,3.0149915998834946,-1.548220711049082,-16.1171897954192,2.5595160343369567
0.15274795790444742,4.261407052661599,0.5668133135464156,0.3729529789574898,2.321688717693402,-0.37406277828391055,-0.0870606496361487,1.3085577754546456,4.727697915777854,29.430634774404513,2.0339351742280036,1.6854362656062118,0.23071370936528074,0.48432422922979046,3.0149915998834946,-1.548220711049082,-0.4106306276886579,2.5595160343369567
0.15274795790444742,4.261407052661599,0.5668133135464156,0.3729529789574898,2.321688717693402,-0.37406277828391055,-0.0870606496361487,1.3085577754546456,3.9326295928447568,24.481214179054916,2.199241423355057,1.6621292664569822,0.23071370936528074,0.48432422922979046,3.0149915998834946,-1.548220711049082,-0.4106306276886579,0.7312687646594251
0.15274795790444742,4.261407052661599,0.18761334227175602,0.3729529789574898,21.191252946511774,0.18838403494329747,0.13246398779766871,1.3085577754546456,1.9225649667960203,109.24047484849372,-0.2076875222228205,-0.3315718157540533,2.066644196569382,0.48432422922979046,27.51938670237219,-1.548220711049082,-1.240588243381515,9.926567059107906
0.18343629951081086,4.261407052661599,0.2937896624055469,0.3729529789574898,8.641936199423553,0.18838403494329747,0.10158624401073525,1.638135907233971,1.3034571137416255,30.20325309406858,-0.2076875222228205,-0.20937390195961808,0.46850820322619535,1.3517963161598614,31.323352213258158,-1.548220711049082,-1.589469762723546,2.1223372265715326
0.18343629951081086,0.523423304629288,0.2937896624055469,0.39635364806526774,9.184168332864399,0.5114368519338575,0.2843133263818501,2.0121946545957194,1.3034571137416255,30.20325309406858,-0.2076875222228205,-0.20937390195961808,0.46850820322619535,1.3517963161598614,31.323352213258158,-1.548220711049082,-1.589469762723546,2.1223372265715326
0.18343629951081086,0.523423304629288,0.2937896624055469,0.27512345077528677,6.375064532830236,0.5114368519338575,0.23687519869398294,0.6705802701557221,1.3034571137416255,30.20325309406858,0.3534752673518703,0.3563454134345116,0.46850820322619535,1.3517963161598614,31.323352213258158,-0.7123428121692803,-0.7313216730380211,1.1045529036606083
0.18343629951081086,2.7927950772404104,0.2937896624055469,0.27512345077528677,6.375064532830236,-0.08145955693303286,-0.03772850677669085,0.6705802701557221,0.3913535441421527,9.068307670711132,0.3534752673518703,0.1952573701237134,0.46850820322619535,0.1761240886456764,4.081085882494161,-0.7123428121692803,-0.2639746326959477,1.1045529036606083
0.18343629951081086,7.36067722447799,0.2937896624055469,0.4473656546813089,10.366200737626738,0.1578125641569236,0.09320445350280071,0.9589551043510204,0.5475433652058347,12.687483665510126,0.3534752673518703,0.23095749496765666,0.09809833013792041,1.848542943522999,42.833791606853595,-0.7123428121692803,-0.8551997926221432,1.2740728988032464
0.1946529774541704,1.203164406558906,0.3015393025453548,0.4473656546813089,9.840219428268155,0.1578125641569236,0.09636182554672294,0.662261627220546,0.5475433652058347,12.043720396810539,0.3534752673518703,0.23878135649508114,0.06935016290108856,1.848542943522999,40.66040384749948,-0.07567532529109866,-0.09392932286632506,1.2740728988032464
0.20962664239593953,1.203164406558906,0.3015393025453548,0.4473656546813089,9.840219428268155,0.1578125641569236,0.10377445137852434,1.064622982795171,3.7111609872924585,81.63040248273185,1.6762465522656749,3.1747559424316507,0.06935016290108856,1.848542943522999,40.66040384749948,1.0455160636459468,1.3975360902915792,0.4768679176559601
0.46598115596795586,1.239936203868567,0.3015393025453548,0.4473656546813089,9.840219428268155,0.1578125641569236,0.23068126389187385,1.064622982795171,3.7111609872924585,81.63040248273185,1.6762465522656749,7.057196676251746,0.06935016290108856,1.848542943522999,40.66040384749948,1.0455160636459468,3.1065969259335993,0.4768679176559601
0.46598115596795586,1.239936203868567,0.3037396271065404,2.272888780845575,49.27257619014367,0.1578125641569236,0.51619354052284,1.064622982795171,1.5350513089567446,33.277445519447014,1.6762465522656749,4.505896819035247,0.4088284286708272,0.3900716302258259,8.456126090237142,0.2562057524071095,0.3471706127106652,0.4768679176559601
0.46598115596795586,1.239936203868567,0.3037396271065404,2.272888780845575,49.27257619014367,0.1578125641569236,0.51619354052284,1.064622982795171,1.5350513089567446,33.277445519447014,-0.39207711766897324,-1.0539374622028335,0.4088284286708272,0.4261339977961713,9.237900266202654,0.2562057524071095,0.3628639847735456,0.4768679176559601
0.46598115596795586,1.239936203868567,0.3037396271065404,2.272888780845575,49.27257619014367,0.1578125641569236,0.51619354052284,1.064622982795171,0.7116103568916307,15.426568965065629,-0.39207711766897324,-0.7175869362867549,9.553400468724169,0.4261339977961713,9.237900266202654,0.2562057524071095,0.3628639847735456,0.4768679176559601
0.46598115596795586,4.767387415680583,0.4241969010600715,2.272888780845575,25.26231799578656,0.1578125641569236,0.369612397265036,1.064622982795171,0.7116103568916307,7.909285872845764,-0.39207711766897324,-0.51381702199988,1.814496488838861,0.4261339977961713,4.7363217469610515,-0.3017526883124614,-0.30601315809974605,0.4768679176559601
0.46598115596795586,4.767387415680583,0.46522638377897635,1.6273652308943993,15.037871033120645,-0.5829874428831251,-1.0534665076559444,1.064622982795171,0.10239270899860126,0.946172576027424,-0.39207711766897324,-0.17771538607042894,1.814496488838861,0.4261339977961713,3.9377442629550496,0.5074979214892932,0.4692738736888972,0.4768679176559601
0.46598115596795586,4.9121563754905875,0.46522638377897635,1.6273652308943993,15.037871033120645,-0.5829874428831251,-1.0534665076559444,1.064622982795171,0.10239270899860126,0.946172576027424,-0.39207711766897324,-0.17771538607042894,1.814496488838861,0.6847111474933418,6.327158609186898,0.6825948614413768,0.8000842657032938,0.4768679176559601
0.46598115596795586,4.9121563754905875,0.46522638377897635,1.6273652308943993,15.037871033120645,-0.5829874428831251,-1.0534665076559444,1.064622982795171,0.10239270899860126,0.946172576027424,-0.29752190422126756,-0.1348566842855974,1.814496488838861,0.6847111474933418,6.327158609186898,0.204777535917184,0.24002419841084757,1.265276105867455
0.46598115596795586,4.9121563754905875,0.46522638377897635,1.0399391129745086,9.609686852295377,-0.5829874428831251,-0.8421358828126639,1.064622982795171,0.007293692143718631,0.06739827036383532,-0.29752190422126756,-0.03599247196742934,1.814496488838861,0.6847111474933418,6.327158609186898,0.204777535917184,0.24002419841084757,1.265276105867455
0.46598115596795586,4.9121563754905875,1.145895658576874,0.6427957567429904,0.979067983231295,-0.5829874428831251,-0.26880291823889957,1.064622982795171,0.006205908416771507,0.00945246787021958,-0.29752190422126756,-0.013479069241818454,1.814496488838861,0.6847111474933418,1.0429109950399533,0.204777535917184,0.09744830518409273,0.17625081718126287
15.672375120624569,4.9121563754905875,0.5375607552866861,0.6427957567429904,4.4488512588017155,-0.5829874428831251,-19.271608367816196,0.8731857845362538,0.006205908416771507,0.04295168905883284,0.5107678479745511,1.6590080478843858,0.3237367677940211,0.6836805330192821,4.731818727853215,-0.4099044829247607,-13.974347396211726,0.17625081718126287
6.608585023452433,11.343404090570466,0.5375607552866861,0.4993862307189153,3.45630013555051,-0.5829874428831251,-7.162644663765854,0.8731857845362538,0.045453285311802295,0.31458655950172515,0.5107678479745511,1.8932244957321782,0.3237367677940211,1.056862308659737,7.314645691012072,0.12640818290625017,2.259333373728106,0.17625081718126287
6.608585023452433,11.343404090570466,1.3032247750646226,0.4993862307189153,0.5880684826658756,-0.5829874428831251,-2.9544839454983487,0.8731857845362538,0.11314858399323768,0.13324179164673025,-1.040887298512465,-2.5109173801513274,0.18861007383811984,1.056862308659737,1.2445425524559723,0.12640818290625017,0.9319412721918771,0.5889298223925573
6.608585023452433,11.343404090570466,1.3032247750646226,0.4993862307189153,0.5880684826658756,0.5736303056224313,2.9070635213536624,1.4112286159079728,0.09589921189846409,0.11292923304832918,0.9247777695941173,2.0537569802644073,0.18861007383811984,1.056862308659737,1.2445425524559723,0.12640818290625017,0.9319412721918771,0.5889298223925573
6.608585023452433,1.243389902149311,0.33299888722241316,0.4993862307189153,9.00701725704165,0.5736303056224313,11.377086678323591,1.4112286159079728,0.09589921189846409,1.7296549311395402,0.8450980609661126,7.345059559554704,0.5388664601527406,1.056862308659737,19.061753141874465,0.05175563717208474,1.4933017083282143,1.737526037736422
6.608585023452433,1.243389902149311,0.33299888722241316,1.488220185907069,26.841799137004084,2.546852513327893,87.20032204489641,1.4112286159079728,0.14837159899399782,2.676056067204625,2.346050359167855,25.362579199169684,0.5388664601527406,1.056862308659737,19.061753141874465,0.24560945806580653,7.086552177722173,1.737526037736422
0.22616356146582636,1.243389902149311,0.3857271438937435,5.5343680674512905,74.39395221285967,0.11345363080392534,0.22131448999951198,1.4112286159079728,0.24253673134783793,3.2602215432454233,2.346050359167855,0.9580397332724471,0.42659631525482017,2.1075054311232027,28.32945991673541,0.24560945806580653,0.2956561170503184,1.737526037736422
1.0394567540754764,1.243389902149311,0.3857271438937435,6.684229447085157,89.850591793987,0.11345363080392534,1.117854541145645,1.4112286159079728,0.24253673134783793,3.2602215432454233,0.6117463938057681,1.1481573222901928,0.6985208966048214,2.991985027444233,40.218790734636464,0.24560945806580653,1.6190714570076654,1.737526037736422
1.0394567540754764,0.3784175746844282,0.3857271438937435,6.684229447085157,89.850591793987,0.11345363080392534,1.117854541145645,1.4112286159079728,0.7100460794442064,9.544564701752295,0.7798185879254174,2.5042522438939954,0.446106402542399,2.991985027444233,40.218790734636464,0.7197580406244449,4.744685765377045,2.029807754461865
1.0394567540754764,2.161548674663783,1.0876145524606857,0.04218932959866774,0.07133170424873289,0.11345363080392534,0.0314967776521499,1.4112286159079728,0.7100460794442064,1.2005120115368182,0.7798185879254174,0.888143748574609,7.1865943058060395,2.991985027444233,5.0587054386621135,1.9891546212170788,4.650446628146644,2.029807754461865
1.0394567540754764,2.161548674663783,0.9536041332099716,0.8163331344465469,1.79539979281609,0.11345363080392534,0.15801758125073576,1.4112286159079728,2.173245832181624,4.779721601626119,-0.029214850363610045,-0.06639133361745662,1.4117708539302676,2.991985027444233,6.580413156969513,1.2986235735173466,3.462711336180362,2.029807754461865
1.0394567540754764,2.161548674663783,1.0910468978557726,0.8163331344465469,1.371546646523177,-1.7031689489056392,-2.073334849381915,1.4112286159079728,2.173245832181624,3.651337802452453,-0.029214850363610045,-0.05802779905369198,1.4117708539302676,2.991985027444233,5.026926946461461,1.293168357243555,3.013788571727194,0.6608872322796021
4.785666694721152,1.3120069764988886,1.0910468978557726,0.8163331344465469,1.371546646523177,-2.250776171871143,-12.614790672462789,1.4418170117756983,4.67298834222193,7.8512328111754,-0.029214850363610045,-0.39175544572746995,1.4117708539302676,2.991985027444233,5.026926946461461,1.293168357243555,13.875505196437242,0.6608872322796021
4.785666694721152,1.3120069764988886,1.0910468978557726,0.8163331344465469,1.371546646523177,-2.250776171871143,-12.614790672462789,1.4418170117756983,1.0414445114568553,1.7497632608004208,-0.029214850363610045,-0.1849420900005312,1.4117708539302676,2.991985027444233,5.026926946461461,-0.7477839476765002,-8.023611151385019,0.6608872322796021
4.785666694721152,1.3120069764988886,1.0910468978557726,1.0270208230304414,1.725529574016219,0.15993155579018525,1.0053975296150144,1.4418170117756983,0.43512173366118667,0.7310615353583066,-0.029214850363610045,-0.11954270575812423,1.4117708539302676,1.179724924555705,1.9820924764877765,-0.7477839476765002,-5.0382596207132915,1.3293515741804307
0.7853813582489557,1.3120069764988886,1.0910468978557726,0.6485466009217131,1.0896432817360124,0.15993155579018525,0.13111637190649358,1.4418170117756983,0.43512173366118667,0.7310615353583066,-0.029214850363610045,-0.019618293250683934,1.4117708539302676,1.179724924555705,1.9820924764877765,-1.5566335894117875,-1.7211905094104354,1.3293515741804307
5.061030883729442,1.3120069764988886,1.0910468978557726,0.599678779049733,1.0075389368513137,0.15993155579018525,0.812463891882723,1.4418170117756983,1.4353910010259234,2.4116449900583588,0.6607390406287047,5.193087551225711,1.4117708539302676,1.179724924555705,1.9820924764877765,0.48872983846429197,3.4823289945573297,1.3293515741804307
5.061030883729442,1.3120069764988886,0.4908862235723216,0.599678779049733,4.97722172609029,0.15993155579018525,1.8057875049082028,1.4418170117756983,1.4353910010259234,11.913476890180608,0.6607390406287047,11.542190004489894,0.7831697566287007,1.6706626371674587,13.866187474323763,-0.8657905024270931,-16.31662523693398,1.3293515741804307
5.061030883729442,1.3120069764988886,1.0328849451507536,0.3234738948678828,0.6064085817027671,0.15993155579018525,0.6303123533439103,0.20263535713907224,0.4065370880406113,0.7621251138951102,0.6607390406287047,2.9193226201288187,0.7831697566287007,0.10278044762565532,0.192679985805054,-1.3771207427136862,-3.0593510255207503,2.612569030634747
5.061030883729442,1.3120069764988886,1.0328849451507536,4.37972898054728,8.210570563726447,0.15993155579018525,2.3193154362381643,0.8669159986698333,0.6743804312808998,1.2642444640801054,-0.17751905124730816,-1.0101816748143166,0.7831697566287007,0.8302085751103234,1.5563716656509483,-1.361877728244685,-8.598719122988967,2.612569030634747
13.75629398771221,1.3120069764988886,0.31271707151764494,4.37972898054728,89.5723672001148,-1.7792919992135363,-231.65181135291067,0.30310130030693144,0.6743804312808998,13.79214373573325,-0.17751905124730816,-9.069060602799171,0.7831697566287007,0.8302085751103234,16.97907511463727,-1.361877728244685,-77.19631703591256,2.612569030634747
0.14238445023481153,1.3120069764988886,0.31271707151764494,0.07991584059805612,1.63440501705666,-0.9814349792117527,-0.1786503776737639,2.126512167212692,0.6743804312808998,13.79214373573325,-0.17751905124730816,-0.09386926516903421,0.7831697566287007,0.8302085751103234,16.97907511463727,-1.361877728244685,-0.7990200828165503,3.8448135492991993
0.3442139890405085,1.578702284528117,0.08057922943044388,0.0982891358143371,30.275358354671518,-0.9814349792117527,-1.8588086938740973,1.8947610977973566,1.3726799872706066,422.8176204479516,-0.17751905124730816,-1.256463923472253,0.7831697566287007,0.32054974936563824,98.73683853398207,-1.361877728244685,-4.658072487538626,3.8448135492991993
0.3442139890405085,1.578702284528117,0.155934968729391,0.0982891358143371,8.084412730289907,-1.4387988108383758,-1.4081626636473,1.5865910727833932,1.3726799872706066,112.90476278748554,-0.17751905124730816,-0.6492763976260283,0.7831697566287007,0.32054974936563824,26.36564512438004,-1.361877728244685,-2.407054009344009,3.8448135492991993
0.3442139890405085,1.578702284528117,0.2412173767140062,0.0982891358143371,3.3784565048965725,-1.0743073354388013,-0.679698362252946,0.36672491997223655,1.3726799872706066,47.182626988355956,-0.17751905124730816,-0.4197247152744929,0.7831697566287007,3.029708753199508,104.13907051257145,-1.361877728244685,-4.783805154938496,0.44162504032114597
0.3442139890405085,1.132751146074491,0.43622972678045924,0.0982891358143371,1.0330111233980988,-1.78132485208783,-0.6231952612201067,0.36672491997223655,1.3726799872706066,14.426759213704056,0.4132886463634575,0.5403390846510575,0.7831697566287007,0.07148154114516768,0.751265401906465,-1.424581260703217,-0.42502300536023024,0.7925604479378586
2.0657720178996857,1.132751146074491,0.43622972678045924,0.0982891358143371,1.0330111233980988,-1.78132485208783,-3.7400552368738205,1.69861059484604,1.3188389111617156,13.860893718444558,0.4132886463634575,3.178567816983179,0.7831697566287007,0.11884892681943585,1.2490929174544179,-1.424581260703217,-3.2890236059360234,0.7925604479378586
2.0657720178996857,1.0542034957550555,0.611499103827895,2.975859317923669,15.916616126958933,-1.7819509764086685,-14.685999644485667,1.69861059484604,0.2811104989764903,1.5035414727160317,0.08654677759221796,0.21922546436252457,0.6267110102522221,0.11884892681943585,0.6356727732028212,-1.424581260703217,-2.346315571045816,0.7925604479378586
2.0657720178996857,1.0542034957550555,0.611499103827895,2.975859317923669,15.916616126958933,-0.3170963000867022,-2.613358174267209,1.69861059484604,0.2811104989764903,1.5035414727160317,0.08654677759221796,0.21922546436252457,1.70854525822357,0.11884892681943585,0.6356727732028212,-1.424581260703217,-2.346315571045816,0.7925604479378586
2.0657720178996857,1.1923428487117254,0.611499103827895,2.975859317923669,15.916616126958933,-0.3170963000867022,-2.613358174267209,1.69861059484604,0.26042191646959667,1.392886972353797,0.08654677759221796,0.2110042636535034,1.115613851831289,0.11884892681943585,0.6356727732028212,0.6994487449304854,1.1520069276839573,0.7925604479378586
0.44515852290183006,1.1923428487117254,0.3098333332491618,2.975859317923669,61.99920396764819,-0.3170963000867022,-1.1114730175050824,1.69861059484604,0.07774117620747427,1.6196636082027673,0.08654677759221796,0.04903181922910493,1.115613851831289,0.12834463016115022,2.67393853452236,0.6994487449304854,0.5091506445653048,3.1043048165184923
0.44515852290183006,0.9928847349782941,0.3098333332491618,2.975859317923669,61.99920396764819,-0.3170963000867022,-1.1114730175050824,1.69861059484604,0.07774117620747427,1.6196636082027673,-0.29026496299587823,-0.16444539692990778,1.7026094782794379,0.05519639283173601,1.1499644478627244,0.7700282862860772,0.3675899071712366,1.030912571452511
0.44515852290183006,0.9928847349782941,0.3098333332491618,2.975859317923669,61.99920396764819,-0.8508533041510238,-2.982376297548504,1.69861059484604,0.07774117620747427,1.6196636082027673,0.06959952362086524,0.0394305987530717,1.7026094782794379,0.6709865043231421,13.979366864054425,0.7700282862860772,1.2816372538687593,1.030912571452511
8.608153770834916,0.9928847349782941,0.27138152615502525,0.7409247928570546,20.120722070789103,-0.8508533041510238,-32.85386643012994,1.69861059484604,0.20476136773930717,5.560546240098752,0.06959952362086524,1.4127815403924509,1.7026094782794379,0.6709865043231421,18.221462011922373,0.7700282862860772,28.29490924067492,0.7093219692184789
8.608153770834916,0.9928847349782941,0.27138152615502525,0.7409247928570546,20.120722070789103,0.035499961283916415,1.3707544891775583,1.69861059484604,0.20476136773930717,5.560546240098752,0.06959952362086524,1.4127815403924509,1.7026094782794379,0.6709865043231421,18.221462011922373,0.7700282862860772,28.29490924067492,0.9414149842531079
44.44935142654609,1.6892129490416512,0.44056328927731775,0.7409247928570546,7.63462150263932,-0.9360700827597551,-114.96550443600682,2.131957693883584,0.5675207733781178,5.847835490724354,-1.1942992599284716,-128.37373142295442,1.7026094782794379,0.656687945768621,6.766629973275055,0.10330229174845862,11.944324644131624,0.9414149842531079
44.44935142654609,1.6892129490416512,0.4041721705790312,0.7409247928570546,9.07133717513535,-0.9360700827597551,-125.3168438469944,2.131957693883584,0.6467665125325726,7.918532576222329,-1.1942992599284716,-149.38292037885373,1.7026094782794379,2.2267918105328364,27.263198001893045,0.10330229174845862,23.97528528913846,5.084938345805411
44.44935142654609,1.6892129490416512,0.39019036737194335,0.7409247928570546,9.733096640678076,-1.9634212010746017,-272.27290334358185,0.6907697208295928,0.6467665125325726,8.496194257665161,-1.4615488439936895,-189.36119211096292,1.7026094782794379,2.2267918105328364,29.252064581361697,-0.10743336701098757,-25.827530147469943,5.084938345805411
44.44935142654609,1.6892129490416512,0.39019036737194335,0.7409247928570546,9.733096640678076,-1.8722688777864387,-259.6325652976253,0.6907697208295928,0.6467665125325726,8.496194257665161,1.8543691753001352,240.2557800867946,1.7026094782794379,1.3047636411745334,17.139918565587557,-0.10743336701098757,-19.77010575497504,5.406886712267522
44.44935142654609,1.6892129490416512,0.43486862304261065,0.7409247928570546,7.83588360905486,-1.8722688777864387,-232.95800310079858,0.6907697208295928,0.6467665125325726,6.840083046616741,1.8543691753001352,215.5719822676504,0.7828163878775727,0.34374602299414864,3.635394379058533,-0.10743336701098757,-9.105009034482443,5.642164983938916
44.44935142654609,1.6892129490416512,0.4035681407182274,0.7409247928570546,9.098512060959484,-1.8722688777864387,-251.0260741963097,1.0578437146394564,0.6467665125325726,7.942254020426097,0.4770050837182611,59.75308364691681,0.8250213549781895,2.360691235295198,28.989146919636916,0.3435486128575722,82.21884004954731,5.642164983938916
1.726763998108156,1.6892129490416512,0.4035681407182274,0.7409247928570546,9.098512060959484,-1.3548153220608428,-7.05664504254613,1.0578437146394564,0.6467665125325726,7.942254020426097,1.3611277046398167,6.623747150553547,0.8250213549781895,0.6870834735501244,8.437343885977674,0.3435486128575722,1.7231538701776137,0.37264456330798623
1.2970570369005117,1.6892129490416512,0.4035681407182274,0.7409247928570546,9.098512060959484,1.2250149427445498,4.792759624987237,1.0578437146394564,0.3838037446839519,4.713086987658767,-1.4529447381473355,-4.09129597303557,1.515747243846008,0.6870834735501244,8.437343885977674,0.3435486128575722,1.2943452929438672,0.37264456330798623
2.880671094443244,1.6892129490416512,0.4035681407182274,0.7409247928570546,9.098512060959484,0.3426167800690174,2.9770593422288583,1.0578437146394564,0.3838037446839519,4.713086987658767,-1.4529447381473355,-9.08647631757123,0.4757336873408765,0.6870834735501244,8.437343885977674,0.3069851971267495,2.568703539622436,0.37264456330798623
0.9168662280675172,1.6892129490416512,0.4035681407182274,0.7409247928570546,9.098512060959484,-0.09103730093298812,-0.2517738013540038,1.0578437146394564,1.4751388181580682,18.114616298431933,-0.8380917115078247,-3.270484471843153,0.4757336873408765,0.6870834735501244,8.437343885977674,0.3069851971267495,0.8175725197994154,2.0721242244390896
0.9168662280675172,1.6892129490416512,0.4035681407182274,0.7409247928570546,9.098512060959484,0.47985149991919696,1.3270827999284267,1.0578437146394564,1.4751388181580682,18.114616298431933,-0.8380917115078247,-3.270484471843153,0.4757336873408765,1.1978936936455042,14.710062781613063,0.3069851971267495,1.079519952133712,2.0721242244390896
0.6729517685141115,1.573953258345507,0.4035681407182274,0.4773388182658207,5.8616920867346645,-0.9915628492560185,-1.6155324515085412,0.9450968756540673,1.4751388181580682,18.114616298431933,-0.8380917115078247,-2.400435572661009,1.6823196528098483,1.1978936936455042,14.710062781613063,0.3069851971267495,0.7923346271198402,2.0721242244390896
0.6729517685141115,0.20460196371939582,0.4035681407182274,0.4773388182658207,5.8616920867346645,0.7547050790511787,1.2296250786728409,0.647910539846544,1.4751388181580682,18.114616298431933,-0.8380917115078247,-2.400435572661009,1.6823196528098483,1.1978936936455042,14.710062781613063,0.5477904427025048,1.4138575417344816,0.27128104305451367
0.6729517685141115,0.20460196371939582,0.4035681407182274,0.4773388182658207,5.8616920867346645,-1.8341972543426979,-2.988418927838838,0.647910539846544,1.4751388181580682,18.114616298431933,-1.3063553627707452,-3.74162140046662,1.6823196528098483,1.1978936936455042,14.710062781613063,0.5477904427025048,1.4138575417344816,0.9124535530961715
2.523421043290034,0.20460196371939582,0.14076011323198892,0.433663395049297,43.77473705884938,-2.218247602091557,-37.034928810097874,0.47483862606988203,1.4751388181580682,148.90307696555942,-1.3063553627707452,-40.2256331823531,0.25813515700665074,1.1978936936455042,120.91747208183193,-0.899123748103584,-24.94903306619299,0.9124535530961715
2.523421043290034,1.8922542500607034,0.5584664984913704,1.1903127975286758,7.633027856906715,-0.1041038458801462,-0.7257798688830109,0.47483862606988203,1.4751388181580682,9.459509899567996,-1.5051046825002101,-11.681288370732402,5.6206738778853715,0.35826477105319127,2.2974171018533767,-0.899123748103584,-3.438975753396317,0.9124535530961715
0.7479177797311101,1.8922542500607034,0.5584664984913704,1.1903127975286758,7.633027856906715,0.5903412836605063,1.2198472079804443,0.47483862606988203,3.9194589584793635,25.134014753256334,-1.5051046825002101,-5.643538566345744,3.1059746950996105,0.27305570153664815,1.751003417457779,0.8380560974587142,0.8294122485195224,0.9124535530961715
0.7479177797311101,1.8922542500607034,0.5584664984913704,1.1903127975286758,7.633027856906715,0.5903412836605063,1.2198472079804443,3.334094186549267,5.279671290292384,33.85654436193821,-1.5051046825002101,-6.550008730130076,2.114539627313473,0.27305570153664815,1.751003417457779,0.2834852499503283,0.2805613362833433,0.9124535530961715
0.6913971552866001,1.8922542500607034,0.5584664984913704,1.1903127975286758,7.633027856906715,0.8459960546466968,1.6160111378672706,3.334094186549267,5.279671290292384,33.85654436193821,0.09926928201000962,0.399359282603464,2.114539627313473,0.27305570153664815,1.751003417457779,0.5688828471640133,0.5204678699792454,0.9124535530961715
0.6913971552866001,1.8922542500607034,0.3318024532242785,1.1903127975286758,21.623794883789746,0.8459960546466968,2.7199560247909385,0.7704585191555554,5.279671290292384,95.91304846267998,0.09926928201000962,0.6721733912100648,2.114539627313473,0.5135965419310643,9.330241848024407,0.574247047769367,1.2127542634513324,0.9124535530961715
0.9673513656837673,1.8922542500607034,0.22071509035609949,1.1903127975286758,48.86827898034849,-1.1352163013730476,-7.676732192049108,0.8762385345642647,5.279671290292384,216.7568475061523,0.09926928201000962,1.4137920749698096,2.114539627313473,1.2657019761062345,51.96338088841539,-0.39348664533967126,-2.7438663035608117,0.9124535530961715
0.9673513656837673,1.8922542500607034,0.22071509035609949,2.856569280690473,117.27642080745792,1.8114016144498137,18.975985995601796,0.8762385345642647,0.19717094918430225,8.094851178247936,-0.8935536601623385,-2.459287608964822,2.114539627313473,1.2657019761062345,51.96338088841539,-0.39348664533967126,-2.7438663035608117,0.9124535530961715
0.9673513656837673,1.8922542500607034,0.22071509035609949,1.047832890998166,43.018767964518894,0.8860686281445829,5.621867343964515,0.8762385345642647,1.6684639007534698,68.49876733237154,-0.8935536601623385,-7.1539560103145385,2.114539627313473,1.2570971654069816,51.61011047857251,0.8027128382856232,5.578428261923767,0.6964251271129995
1.236191685160836,1.6255839514001527,0.22071509035609949,1.047832890998166,43.018767964518894,0.8860686281445829,7.184262008844948,2.6184721680235645,0.6847155622153295,28.110989973388723,-0.8935536601623385,-5.856586018489497,2.114539627313473,0.23588055517863687,9.684073632108802,0.8027128382856232,3.087984192874725,0.6964251271129995
1.236191685160836,1.6255839514001527,0.41645579158376417,1.047832890998166,12.083262492426446,0.8860686281445829,3.8075470925589703,2.6184721680235645,0.6847155622153295,7.895913501069569,-0.8935536601623385,-3.103899473539156,0.18715265064738307,0.23588055517863687,2.7200965817818923,0.8027128382856232,1.6365835796318007,0.6964251271129995
7.817351974713326,1.6255839514001527,0.41645579158376417,1.047832890998166,12.083262492426446,-1.6422367595056917,-44.62595678183377,0.2520998741942428,0.5438394759498025,6.271377046949946,-0.9684113406010227,-18.958369747440173,0.18715265064738307,0.23588055517863687,2.7200965817818923,-0.7544432804583636,-9.726988973501888,0.6964251271129995
2.384853012431318,1.6255839514001527,0.41645579158376417,1.047832890998166,12.083262492426446,0.9457820248359781,7.840518388759287,0.4855782246004801,1.556039544082342,17.943733606063546,-0.9684113406010227,-9.783131477141746,0.23226226711321712,0.23588055517863687,2.7200965817818923,-0.4505028829341615,-1.7719495546225956,0.6603685348303298
2.384853012431318,0.34516497688000375,0.41645579158376417,0.17764784615298046,2.048576232643197,1.6734950113711045,5.712314418290495,0.4855782246004801,1.556039544082342,17.943733606063546,-0.9684113406010227,-9.783131477141746,0.16993027928178925,0.012171110575391945,0.14035322346744863,1.2671625105461881,1.1321530174240504,0.6603685348303298
27.82239859971194,0.34516497688000375,0.4505860364007986,0.17764784615298046,1.7499856372216067,1.6734950113711045,61.59369136108004,0.5978460141261779,1.556039544082342,15.328341502930572,-0.9684113406010227,-105.48774745635721,0.11090309253118655,0.04622155647908402,0.45532249177267753,0.4113983364834919,7.723544470802892,0.3607895196245474
22.146439694923316,0.34516497688000375,0.7534888946086111,0.17764784615298046,0.6258009677891619,0.19681265671152315,3.4480619271303077,0.8971592554322514,1.556039544082342,5.481468386429962,-0.2392959897545498,-12.407600326537016,0.11090309253118655,0.9897959640494031,3.4867592578776154,-0.9196901834095665,-38.032638057620126,0.20251572899672576
22.146439694923316,0.34516497688000375,0.7534888946086111,0.012109839614146736,0.04265939336961341,0.19681265671152315,0.9002523829197239,0.8971592554322514,1.556039544082342,5.481468386429962,-0.2392959897545498,-12.407600326537016,0.37901011003758156,0.9897959640494031,3.4867592578776154,-0.3077859091961609,-12.728101587749705,0.8327295307415736
22.146439694923316,0.7207830152009943,1.2326756776308663,0.07003137022227822,0.09217750860595852,0.19681265671152315,1.3233338597208961,0.8971592554322514,1.556039544082342,2.0481085549320532,-0.19855268231092343,-6.2929772600568,0.37901011003758156,0.9897959640494031,1.3028008120464103,-1.4973178155107938,-37.84921881989325,0.9518782835965852
22.146439694923316,5.7367475274797455,1.2326756776308663,0.330277895956367,0.4347222323402585,-0.22824657589103742,-3.3328373130259417,0.8971592554322514,0.05290803805131041,0.06963923620685646,-0.19855268231092343,-1.160397210690574,0.37901011003758156,0.9897959640494031,1.3028008120464103,-1.4973178155107938,-37.84921881989325,1.5711461916773053
22.146439694923316,5.7367475274797455,1.2326756776308663,0.330277895956367,0.4347222323402585,-0.22824657589103742,-3.3328373130259417,0.45829787149844564,0.8738640102927877,1.1502075009175858,-0.19855268231092343,-4.715934606594258,0.2522272734393998,0.9897959640494031,1.3028008120464103,-1.8181604550318493,-45.95948315000937,1.0338814213586867
22.146439694923316,5.7367475274797455,1.2326756776308663,0.330277895956367,0.4347222323402585,-0.22824657589103742,-3.3328373130259417,0.8903933387479075,1.2937290176075535,1.7028471280198103,-0.19855268231092343,-5.7380920014088845,0.4694551635956017,0.9897959640494031,1.3028008120464103,-1.8181604550318493,-45.95948315000937,2.1855829635824864
4.910543161346049,5.7367475274797455,0.8508843942332946,0.330277895956367,0.9123645196404517,-0.2881217556961775,-1.3514182488953665,0.8903933387479075,1.0431916942965118,2.8817280862945927,0.3857602505452013,3.215685056080375,0.4694551635956017,0.9897959640494031,2.7342269353723085,-1.9477342803087734,-15.8152666716223,2.1855829635824864
4.910543161346049,2.8593362767255455,0.8508843942332946,1.9038273790092581,5.259160765507587,-0.2881217556961775,-3.244619758710296,1.3330779077884913,1.0431916942965118,2.8817280862945927,0.3857602505452013,3.215685056080375,0.4694551635956017,0.9897959640494031,2.7342269353723085,-1.9477342803087734,-15.8152666716223,2.1855829635824864
0.6235966917483922,2.8593362767255455,0.5098443660484703,1.9038273790092581,14.648134352883474,-0.2881217556961775,-0.687655644863212,1.3330779077884913,4.705699227048133,36.205863652371484,0.3857602505452013,1.4474738730091454,0.4694551635956017,0.9897959640494031,7.615535117938323,-1.9477342803087734,-3.351843424044543,2.1855829635824864
1.5698546871120735,2.8593362767255455,0.45905703192075953,2.2501134057852705,21.355075638757267,-1.6343834099491563,-11.856703408847789,2.094088977957475,0.08971600070661435,0.8514646311472999,0.3857602505452013,0.5588049382511131,0.6625289323684753,0.9897959640494031,9.393823273469623,2.0416161353693525,9.823239578033839,2.1855829635824864
1.5698546871120735,2.8593362767255455,0.45905703192075953,2.2501134057852705,21.355075638757267,-1.6343834099491563,-11.856703408847789,0.7400401689919736,0.08971600070661435,0.8514646311472999,0.3857602505452013,0.5588049382511131,0.6625289323684753,0.9897959640494031,9.393823273469623,-0.5687814906382807,-2.7366931291813277,2.1855829635824864
1.5698546871120735,2.8593362767255455,0.45905703192075953,2.2501134057852705,21.355075638757267,0.842983565682814,6.1154598461966865,3.002540783917656,0.08971600070661435,0.8514646311472999,0.3857602505452013,0.5588049382511131,0.6625289323684753,2.2434939397220695,21.292252494775102,-0.5687814906382807,-4.120175476990678,0.5576802086981003
1.5698546871120735,2.8593362767255455,0.45905703192075953,2.2501134057852705,21.355075638757267,0.842983565682814,6.1154598461966865,3.002540783917656,0.08971600070661435,0.8514646311472999,-1.5468603192468096,-2.240752342829904,2.7501139101983916,2.2434939397220695,21.292252494775102,-0.5687814906382807,-4.120175476990678,0.5576802086981003
1.5698546871120735,4.629121708678507,1.040309000983108,2.2501134057852705,4.158241328739947,-0.524363364485164,-1.678597765462914,0.08167213011981496,0.08971600070661435,0.1657964354278006,-1.1820471193873876,-0.7555824074857684,2.7501139101983916,0.5519549796302324,1.0200205918515721,-0.07311324931050017,-0.11592043680192918,0.5576802086981003
1.5698546871120735,4.629121708678507,1.040309000983108,2.2501134057852705,4.158241328739947,-0.524363364485164,-1.678597765462914,0.08167213011981496,0.08971600070661435,0.1657964354278006,-1.1820471193873876,-0.7555824074857684,2.7501139101983916,0.5519549796302324,1.0200205918515721,-0.07311324931050017,-0.11592043680192918,0.5576802086981003
1.5698546871120735,4.629121708678507,0.9371345459995081,2.2501134057852705,5.124252329990311,-0.524363364485164,-1.8634041097895013,0.08167213011981496,0.08971600070661435,0.20431300239191277,0.725194172614192,0.514590497875228,2.7501139101983916,0.33227301803480774,0.7566955436468614,-0.07311324931050017,-0.09984265644618855,3.472208087141004
1.1920450161868108,4.629121708678507,0.9371345459995081,2.2501134057852705,5.124252329990311,-1.29542578745033,-3.495589676460954,0.12660463331005095,0.08971600070661435,0.20431300239191277,2.511451720230784,1.3532109176961982,0.18886211520417884,0.33227301803480774,0.7566955436468614,-0.07311324931050017,-0.07581398583997365,3.472208087141004
1.1920450161868108,4.629121708678507,0.9371345459995081,2.2501134057852705,5.124252329990311,0.561479591797823,1.5151020487981723,0.12660463331005095,0.08971600070661435,0.20431300239191277,1.0357890289073668,0.5580999272478913,0.18886211520417884,1.0927643838603616,2.4885858755961996,-0.07311324931050017,-0.13748808330630835,3.472208087141004
1.1920450161868108,4.629121708678507,0.9618249556394748,0.6180402118561997,1.3361482466000403,0.561479591797823,0.7736667898554296,0.12660463331005095,0.08971600070661435,0.1939580544056929,1.0357890289073668,0.5437732914676576,0.18886211520417884,0.8716871952214625,1.8845105789813192,-0.07311324931050017,-0.1196432031132083,3.472208087141004
1.1920450161868108,0.51243439018561,0.48353669928892556,0.6180402118561997,5.286738694119543,-1.4980986775016767,-4.106076151612609,0.12660463331005095,1.824647958414043,15.608105718432114,1.0357890289073668,4.877969291946344,0.18886211520417884,0.8716871952214625,7.456444315015024,-0.07311324931050017,-0.23798776534677357,8.98351436877598
1.1920450161868108,0.51243439018561,0.4955658639370981,0.6180402118561997,5.033197380819565,1.8840885994413181,5.038670500581779,1.3572499768528914,1.824647958414043,14.859572482549302,1.0357890289073668,4.759563445152585,0.3968551339715957,0.8716871952214625,7.098848300996043,-0.07311324931050017,-0.23221094692174507,8.98351436877598
2.810421272268196,0.51243439018561,0.4967176445213572,0.6180402118561997,5.009882654921529,1.8782216183394678,11.814954018608223,1.3572499768528914,0.10848568981050678,0.8793935495823566,1.0357890289073668,2.729822245320644,0.3968551339715957,2.3215979068535346,18.81905556001886,-0.07311324931050017,-0.8913872575817892,8.98351436877598
2.810421272268196,0.7700029286814554,0.9305096771420149,0.6180402118561997,1.4275947436517893,1.8782216183394678,6.306969475348654,1.3572499768528914,0.10848568981050678,0.2505882264032241,1.0357890289073668,1.4572130832882533,3.689518227386786,2.3215979068535346,5.362597619243981,0.17141845113070311,1.115620783030764,6.615738862591242
1.8242429569798968,0.7700029286814554,0.7303829736137357,0.6180402118561997,2.317103575065663,1.0402530916936286,2.8886466266559534,1.3572499768528914,0.10848568981050678,0.4067252824026231,1.255783005255389,1.4609920888358228,3.689518227386786,0.14648904245532,0.5492042062469285,0.17141845113070311,0.23174329214287717,3.1738747439119845
1.8242429569798968,0.7700029286814554,0.7303829736137357,2.7746307217404422,10.4024085188937,1.0402530916936286,6.1205245746917205,1.3572499768528914,1.7584820618406667,6.5927507531304235,-0.21109816661693181,-0.988781809621132,3.689518227386786,0.14648904245532,0.5492042062469285,0.17141845113070311,0.23174329214287717,3.1738747439119845
2.1061671415420435,0.7700029286814554,0.7303829736137357,2.7746307217404422,10.4024085188937,1.0402530916936286,7.066409492712297,1.3572499768528914,1.3554901333231912,5.08188783454138,0.45810729362628244,2.1750666876036275,3.689518227386786,0.14648904245532,0.5492042062469285,0.17141845113070311,0.2675576218159877,4.962356256541938
1.4544655492767415,3.211312491746936,0.7303829736137357,1.1745399966324477,4.403485037131984,0.13313606503314812,0.4063473372560272,4.996245642164353,1.3554901333231912,5.08188783454138,0.45810729362628244,1.5020458263263632,3.689518227386786,0.23771196574501816,0.8912093988341072,0.17141845113070311,0.23536987928234604,1.9391533498367337
1.4544655492767415,19.260327651737168,0.8305349476404069,1.1745399966324477,3.405508611572614,0.13313606503314812,0.3573470055032292,4.996245642164353,1.3554901333231912,3.9301627319366452,-0.5241846371967027,-1.5114472472734586,3.689518227386786,0.23771196574501816,0.6892316555754059,-0.5912412852529426,-0.7139220559079579,1.9391533498367337
0.5090293424317507,19.260327651737168,0.8305349476404069,0.8341787933012588,2.4186516187815013,0.13313606503314812,0.10539625825304175,9.423107580253472,1.6901577943090176,4.900511638546719,1.2102927118797524,1.3638102433510748,2.731906943527972,0.23771196574501816,0.6892316555754059,-0.5912412852529426,-0.24985622715303363,0.2282024252158803
0.5090293424317507,19.260327651737168,1.6857877975081486,0.5048681742451959,0.3553057030794278,0.9371158680212249,0.28433950203449004,10.555913049510403,0.936036686161504,0.658744578982373,0.3990622703265365,0.16487014261870356,2.731906943527972,0.446401230438707,0.31415904413795737,-0.5912412852529426,-0.1686872869230673,0.2282024252158803
2.1547091309226474,19.260327651737168,0.4176938627031518,0.20863369190384778,2.3916534499849305,-0.3217952752411056,-1.0723028016539593,1.683369933967729,0.936036686161504,10.730171859310012,0.41000844307349105,2.893908470495454,0.19025826061067963,0.10927934991907365,1.2527139402130416,-0.4705599968856923,-1.1348268730842221,0.2282024252158803
2.1547091309226474,0.6031600104233428,0.35833493830883284,0.20863369190384778,3.2496465666230723,-1.1868668318367832,-4.610082633705456,3.177849592202992,0.936036686161504,14.579564669832077,-0.8687446145686996,-7.147481759968219,0.19025826061067963,0.10927934991907365,1.7021184882784008,0.48643795058108463,1.3674485549521074,0.7044992562711891
1.6336159637326235,0.741954327710378,0.5468158804048567,6.512853292557495,43.56312775137253,0.05533022919660224,0.5965844987827953,6.067216117910146,0.936036686161504,6.260955668358473,-0.8687446145686996,-3.551095961484695,0.45317479298404345,0.18176535867263052,1.2157908653766822,0.48643795058108463,0.8762072791908971,1.2040342203764696
1.6336159637326235,0.741954327710378,0.8168342678544834,0.06227763089236931,0.18667844767738723,0.05533022919660224,0.03905346102966976,6.067216117910146,0.9727114530111686,2.91572208968517,-0.6751870682217622,-1.8834198702537917,0.45317479298404345,0.18176535867263052,0.5448453082162399,0.48643795058108463,0.5865621382981315,1.2040342203764696
1.6336159637326235,0.741954327710378,0.8168342678544834,0.06032907942074633,0.18083762555988056,0.05533022919660224,0.03843765070755507,1.2884904651423479,0.9727114530111686,2.91572208968517,0.40076424778142816,1.1179232883514627,0.22896009685034116,0.19466849173372802,0.5835227083598538,0.48643795058108463,0.607024611428494,0.5941557108533295
1.6336159637326235,2.2722443475295586,0.8168342678544834,0.11282037707496224,0.33818134307533515,0.5718187562291794,0.5432293015332398,1.2884904651423479,0.9727114530111686,2.91572208968517,0.40076424778142816,1.1179232883514627,0.22896009685034116,0.27788019032579053,0.8329514438332863,0.48643795058108463,0.7252492050459366,0.30689431352833396
1.6336159637326235,2.2722443475295586,0.8168342678544834,0.11282037707496224,0.33818134307533515,0.5718187562291794,0.5432293015332398,1.2884904651423479,0.9727114530111686,2.91572208968517,0.40076424778142816,1.1179232883514627,0.22896009685034116,0.27788019032579053,0.8329514438332863,-1.3311309379023704,-1.9846347378375915,0.8111844873401743
0.5944399660287827,1.7153389441499651,0.3314258102829153,0.21855262718140991,3.979361314546749,0.5718187562291794,0.6780677420880774,1.2884904651423479,0.9727114530111686,17.710930205914494,0.40076424778142816,1.0025768160993997,0.22896009685034116,0.27788019032579053,5.059585390128849,-0.3080455028192062,-0.4118891372782763,1.4581970969491982
0.5944399660287827,1.7153389441499651,0.42907489047784997,0.21855262718140991,2.37421380829903,-0.3421482148363918,-0.3133878769931606,1.2884904651423479,0.9727114530111686,10.566905523001507,0.40076424778142816,0.7744098781370244,0.22896009685034116,0.08101704180086707,0.8801165276841831,-0.3080455028192062,-0.1717880547267662,1.4581970969491982
0.5720651745033665,1.7153389441499651,0.42907489047784997,1.9844576743094686,21.55785941854504,-0.3421482148363918,-0.908788047000116,1.2884904651423479,0.9727114530111686,10.566905523001507,0.40076424778142816,0.7452609975624301,3.999113888676469,0.08101704180086707,0.8801165276841831,-0.3080455028192062,-0.16532193176947826,0.44872370281289975
0.5038476499450437,1.7153389441499651,0.42907489047784997,0.637728712601791,6.927870577145483,-0.3421482148363918,-0.4537466154161435,1.2884904651423479,0.9727114530111686,10.566905523001507,-1.542306684471429,-2.526061328918645,0.7601359079655902,2.970077474340736,32.26499284057791,-0.3080455028192062,-0.8816168796044321,0.44872370281289975
0.5038476499450437,1.3069444778905537,0.42907489047784997,0.637728712601791,6.927870577145483,-0.8061496073468086,-1.0690912300319309,1.2884904651423479,0.9727114530111686,10.566905523001507,-1.542306684471429,-2.526061328918645,0.7601359079655902,0.7153441448839161,7.771034228106134,-0.3080455028192062,-0.43266674966753615,0.44872370281289975
0.5038476499450437,1.3069444778905537,0.42907489047784997,0.637728712601791,6.927870577145483,0.37687006193251893,0.4997936789917877,1.2884904651423479,0.07389281145656766,0.8027235158724388,-0.532744344909662,-0.24049224612996067,0.7601359079655902,0.9863791732460537,10.715382759482846,0.8807543666451658,1.4526396253016678,0.44872370281289975
0.5038476499450437,0.26831173409618647,0.42907489047784997,0.637728712601791,6.927870577145483,-0.9764417037578514,-1.2949274583915584,1.4375961168846216,0.9437700868795177,10.2525053165754,-0.532744344909662,-0.8594746804971379,0.7601359079655902,0.9863791732460537,10.715382759482846,0.8807543666451658,1.4526396253016678,0.44872370281289975
0.5038476499450437,0.9903100994357986,1.1947248502454355,0.637728712601791,0.8935732766663261,-0.9764417037578514,-0.4650617732375582,2.109487919780011,0.08654033034457868,0.1212586559483919,-1.3294259184348332,-0.23324898031354196,0.7601359079655902,0.9863791732460537,1.3820956347989635,0.8807543666451658,0.5217027066960679,0.44872370281289975
0.6530359509997934,50.467519059691874,1.1947248502454355,0.637728712601791,0.8935732766663261,-0.9764417037578514,-0.6027656522620773,0.97837633521575,0.08654033034457868,0.1212586559483919,0.8777985924539276,0.19961278130967317,2.0892278987153756,0.45162306124084073,0.632805596920087,-0.04153749213256541,-0.021578066074438594,0.44872370281289975
0.6530359509997934,2.8781620214875825,1.1947248502454355,0.7496893839053954,1.0504504282475398,-0.9764417037578514,-0.6535385223072107,0.97837633521575,0.08654033034457868,0.1212586559483919,-0.19074069919322523,-0.04337473516387508,1.0990640295901652,0.45162306124084073,0.632805596920087,-0.04153749213256541,-0.021578066074438594,0.6312762540006368
0.6530359509997934,2.8781620214875825,0.3311082880550696,0.9442841087144547,17.226322481046967,-1.2036939459143379,-3.2624919856225505,0.97837633521575,0.08654033034457868,1.5787321044315556,0.12382468753618847,0.10160113319941615,1.0990640295901652,0.45162306124084073,8.238838736155104,-0.04153749213256541,-0.07785927652491165,0.7187592565104612
0.6530359509997934,3.6381575371771095,0.3311082880550696,0.9442841087144547,17.226322481046967,-1.2036939459143379,-3.2624919856225505,0.97837633521575,0.08654033034457868,1.5787321044315556,0.12382468753618847,0.10160113319941615,1.0990640295901652,1.9695744530983932,35.93042005725885,-0.3286448104377726,-1.2864562369107124,3.1902570021398993
1.6823222996157616,3.6381575371771095,0.3311082880550696,0.9442841087144547,17.226322481046967,0.8011885259392528,5.594228599660945,1.3479204777571108,0.044234000393638014,0.8069490404163812,0.12382468753618847,0.1871283107503818,1.0990640295901652,1.9695744530983932,35.93042005725885,0.5577959861434796,5.624912016330652,3.1902570021398993
1.6823222996157616,3.6381575371771095,0.38062977277076865,0.9442841087144547,13.035484132457395,0.4309906393845144,2.6178250683379063,1.3479204777571108,0.044234000393638014,0.6106336058449396,0.12382468753618847,0.16278215486971578,1.0990640295901652,1.9695744530983932,27.189228637989622,0.5577959861434796,4.893088038358157,3.1902570021398993
1.6823222996157616,3.6381575371771095,0.38062977277076865,0.46758141895975935,6.454784223552988,0.4309906393845144,1.8421199415828875,1.3479204777571108,0.044234000393638014,0.6106336058449396,0.5432711073227325,0.7141939405468352,1.0990640295901652,1.9695744530983932,27.189228637989622,0.5577959861434796,4.893088038358157,3.1902570021398993
0.5687490502435942,0.6035716316013591,0.38062977277076865,0.49687582913769773,6.859182450230853,0.8531633490411659,1.2708346637631691,1.3479204777571108,1.0659327913468004,14.714798077862156,2.833661090339766,6.18223834819519,1.0990640295901652,1.9695744530983932,27.189228637989622,0.6345626397767313,1.8818873676019192,3.1902570021398993
0.5687490502435942,0.6035716316013591,0.38062977277076865,0.49687582913769773,6.859182450230853,-1.3296261751454665,-1.9805527688463398,1.3479204777571108,1.0659327913468004,14.714798077862156,-1.4153452626408969,-3.087878712265407,1.0990640295901652,0.26004784918854795,3.5898619710882573,0.6345626397767313,0.6838078133534853,4.748475671540183
0.5687490502435942,0.6035716316013591,0.8443175566874217,0.5928548557272508,1.6632852522825121,-1.3296261751454665,-0.9752896354522558,0.6339587643431626,1.0659327913468004,2.9905301013291017,0.3478289141843891,0.3421058136721594,1.0990640295901652,0.7830900863180064,2.1970001243957245,0.6345626397767313,0.5349463447747014,0.9392892179579357
0.5687490502435942,0.6035716316013591,0.8443175566874217,2.4975818112007695,7.00709617675876,-1.7775004261228071,-2.676082125274958,0.6339587643431626,1.0659327913468004,2.9905301013291017,1.1039178898779576,1.0857542675240355,1.0990640295901652,2.433200120973774,6.82646998328646,-1.0772165027047471,-1.6007436031359645,0.9392892179579357
0.5687490502435942,5.516305953535398,1.756109687956926,2.4975818112007695,1.619744228182673,0.06555384064493786,0.047450636895395845,0.6339587643431626,1.0659327913468004,0.6912840567110603,0.02975177770620885,0.014068956125773042,1.0990640295901652,2.433200120973774,1.5779910929387528,-1.0772165027047471,-0.7696193108843711,0.3849334340060085
0.5687490502435942,1.3545971555457494,1.756109687956926,0.5416217275289138,0.35125522739193477,0.06555384064493786,0.02209684267323512,0.6339587643431626,1.0659327913468004,0.6912840567110603,1.1949920406223877,0.5650852448610437,1.0990640295901652,2.878986317963256,1.867094583498716,-1.0772165027047471,-0.8371568632175082,1.231482763748214
0.5687490502435942,1.3545971555457494,0.6812733199921359,0.690859686609565,2.9769879999140514,0.06555384064493786,0.06432908401626751,1.2205172411353782,1.0996879975898866,4.738672752119561,1.1949920406223877,1.479496887895915,1.0990640295901652,2.878986317963256,12.40585879681967,-1.0772165027047471,-2.1579287412177943,0.7973552233244409
0.5687490502435942,1.3545971555457494,0.6812733199921359,0.690859686609565,2.9769879999140514,0.06555384064493786,0.06432908401626751,1.2205172411353782,0.5896724584910599,2.540961452567404,0.6163793348430255,0.5588146621761678,1.0990640295901652,2.878986317963256,12.40585879681967,-1.0772165027047471,-2.1579287412177943,0.7973552233244409
1.7514343231527827,746.898334791719,0.6812733199921359,0.690859686609565,2.9769879999140514,0.06555384064493786,0.19809820460326816,2.495642544137392,0.5896724584910599,2.540961452567404,0.1979278699751253,0.5525859593119661,1.0990640295901652,2.3682649703472514,10.205106093163899,-0.12422952623028527,-0.6950682444766272,0.4743740535705477
1.161688861665921,480.0128890547205,0.4880854779416163,0.690859686609565,5.800001080100848,0.06555384064493786,0.18340112849381432,1.5338604320593305,0.4235938582689801,3.5562139217317514,0.1979278699751253,0.4336014393716823,1.0990640295901652,2.3682649703472514,19.8823866151302,0.482786987892011,2.50080390606313,0.4743740535705477
1.161688861665921,1.7312573985386528,0.4880854779416163,0.690859686609565,5.800001080100848,0.06555384064493786,0.18340112849381432,1.5338604320593305,0.02041781214942488,0.17141444900502165,0.33230511704198884,0.15982715457582403,2.2290993935821155,1.6013808419908435,13.444134595233313,0.06897123882594641,0.29378138764300643,0.5273630533891126
1.161688861665921,1.7312573985386528,0.4880854779416163,0.23894147033570648,2.005994578767762,0.9358994371137743,1.5398694002343012,1.5338604320593305,0.02041781214942488,0.17141444900502165,0.33230511704198884,0.15982715457582403,2.2290993935821155,1.6013808419908435,13.444134595233313,-0.9678987230430893,-4.122742099370881,0.5273630533891126
1.161688861665921,1.7312573985386528,0.4880854779416163,0.23894147033570648,2.005994578767762,0.7057081829185154,1.1611273533003166,1.5338604320593305,0.02041781214942488,0.17141444900502165,0.33230511704198884,0.15982715457582403,1.7404052265451755,1.6013808419908435,13.444134595233313,-0.9678987230430893,-4.122742099370881,1.5986081800822232
1.161688861665921,1.7312573985386528,0.4880854779416163,0.6174184038309936,5.183436634822346,-0.08733176561340272,-0.23097818414331509,0.457459401702843,0.1276233636470411,1.0714413669606255,0.33230511704198884,0.39958673182861515,1.1747779455811016,1.6013808419908435,13.444134595233313,-0.9678987230430893,-4.122742099370881,1.5986081800822232
1.161688861665921,1.7312573985386528,0.4880854779416163,0.3840897444207348,3.224563504969574,1.5730732153904385,3.2815137546147817,0.457459401702843,0.3998797133984692,3.357125642984982,-0.09439050130649679,-0.20091016745977186,1.1747779455811016,1.6013808419908435,13.444134595233313,0.012218626498954666,0.05204495539094379,1.5986081800822232
1.800453499532464,1.7312573985386528,0.4880854779416163,0.3840897444207348,3.224563504969574,1.5730732153904385,5.08588238918588,9.17850359142932,0.3998797133984692,3.357125642984982,-0.1415707690889714,-0.4670241066378745,0.9764130007990922,1.6013808419908435,13.444134595233313,0.42449435392591456,2.802336305774917,1.5986081800822232
1.800453499532464,0.7584628517612503,0.4880854779416163,0.3840897444207348,3.224563504969574,1.6503399488649464,5.335692452190725,3.3268489444223155,0.3998797133984692,3.357125642984982,0.3561036713910718,1.1747410858336456,0.9764130007990922,1.6013808419908435,13.444134595233313,0.42449435392591456,2.802336305774917,1.2652218880995485
0.34100112732942145,41.49798172025163,0.4880854779416163,2.509577871592598,21.068756287208625,-1.5879866514960779,-2.485547756439449,4.031442452447295,0.3998797133984692,3.357125642984982,0.3561036713910718,0.22249285232497545,0.7783918537226235,1.6013808419908435,13.444134595233313,0.42449435392591456,0.5307550790251234,1.2652218880995485
0.34100112732942145,3.710183289991633,0.4880854779416163,0.37566258619824666,3.1538146572079087,-1.5879866514960779,-0.9616582147241814,4.031442452447295,0.3998797133984692,3.357125642984982,0.3561036713910718,0.22249285232497545,0.7783918537226235,1.6013808419908435,13.444134595233313,-0.1246129178074667,-0.15580640455348949,1.2652218880995485
0.34100112732942145,0.6257592638290727,0.4880854779416163,0.37566258619824666,3.1538146572079087,-1.5879866514960779,-0.9616582147241814,1.0960764363226523,0.9147483273314643,7.679622055500439,0.3561036713910718,0.33651326596838593,0.7783918537226235,1.6013808419908435,13.444134595233313,1.0245564622758643,1.2810265697805552,1.2652218880995485
5.8599862286068225,0.6257592638290727,0.4880854779416163,0.37566258619824666,3.1538146572079087,-1.5879866514960779,-16.525763240267487,1.0960764363226523,0.9147483273314643,7.679622055500439,1.4118926083207763,22.928106143001727,0.7783918537226235,1.6013808419908435,13.444134595233313,1.5488743460158871,33.279685071801694,1.2652218880995485
5.8599862286068225,0.6257592638290727,0.4880854779416163,0.33766698760175345,2.8348287369550715,-1.366564587795956,-13.483112904660755,0.41638151029771453,0.9147483273314643,7.679622055500439,1.4118926083207763,22.928106143001727,0.7783918537226235,1.6013808419908435,13.444134595233313,0.6610330099340809,14.203198890380305,1.2652218880995485
5.8599862286068225,0.5550555420782007,0.4880854779416163,0.33766698760175345,2.8348287369550715,-1.366564587795956,-13.483112904660755,0.41638151029771453,0.9147483273314643,7.679622055500439,1.4118926083207763,22.928106143001727,0.7783918537226235,0.5741819714585218,4.820452139822039,0.6610330099340809,8.504790702881275,0.43115882886525403
5.8599862286068225,0.5550555420782007,0.7413776447323057,0.33766698760175345,1.2286823691502018,-1.366564587795956,-8.876598388110738,2.35413756089966,0.26505862237043737,0.964479407391457,1.4118926083207763,8.125399811374248,0.7783918537226235,0.5741819714585218,2.0892988977857856,0.6610330099340809,5.599123286902015,0.43115882886525403
5.8599862286068225,0.5550555420782007,0.7413776447323057,0.6867200948978958,2.498795867297915,-1.366564587795956,-12.658788604578762,2.35413756089966,0.016249503145467064,0.059127716819725167,1.4118926083207763,2.011841741573935,0.7783918537226235,0.5741819714585218,2.0892988977857856,0.6610330099340809,5.599123286902015,0.43115882886525403
6.036659312971237,13.042669231879982,0.20858128732643233,0.6867200948978958,31.568872027135946,-1.366564587795956,-46.35070683236093,2.35413756089966,0.1618595415372248,7.440765445955499,1.4118926083207763,23.249153152937527,0.7783918537226235,0.5741819714585218,26.395437255928535,0.6610330099340809,20.5014342285145,1.0696898322480997
0.8863010842997261,0.5459077406839243,0.18559961199222602,0.6867200948978958,39.87086186952055,-0.8935961991080815,-5.000925736227584,2.559720896667328,0.1618595415372248,9.39753979946392,1.4118926083207763,3.836100990430668,0.7783918537226235,0.5741819714585218,33.33691593136729,-1.2472610835745128,-6.382654885370948,1.0696898322480997
0.8863010842997261,0.7043723884870928,0.18559961199222602,0.6867200948978958,39.87086186952055,-0.8935961991080815,-5.000925736227584,2.559720896667328,0.1618595415372248,9.39753979946392,1.4118926083207763,3.836100990430668,1.00377245197259,0.5741819714585218,33.33691593136729,-1.2472610835745128,-6.382654885370948,1.0696898322480997
0.8863010842997261,0.7043723884870928,1.8773241402832173,0.6867200948978958,0.38970073255435317,1.0099032659051175,0.5587617493657406,2.2069906871890423,0.1618595415372248,0.09185224427915825,-1.352087775631385,-0.36318763398172044,1.00377245197259,1.1295266620583775,0.6409851275857456,-1.2472610835745128,-0.8850394490044097,1.7187059616770066
0.8863010842997261,0.7043723884870928,0.3880308781885829,0.6867200948978958,9.121729268630798,1.0099032659051175,2.703333625530139,2.2069906871890423,0.1618595415372248,2.1499864769019004,-0.5746838534254356,-0.7468409796151336,1.00377245197259,2.118085267161749,28.134607562048508,-1.2472610835745128,-5.863529080517079,2.207117332820084
0.8863010842997261,0.7043723884870928,0.3880308781885829,0.6867200948978958,9.121729268630798,-1.126693261807076,-3.0159599271832267,2.2069906871890423,0.1618595415372248,2.1499864769019004,-0.5746838534254356,-0.7468409796151336,1.00377245197259,2.118085267161749,28.134607562048508,1.0453305114270928,4.914228410733843,0.5778123623674619
0.8863010842997261,0.7043723884870928,0.3880308781885829,0.6867200948978958,9.121729268630798,-1.126693261807076,-3.0159599271832267,2.2069906871890423,0.1618595415372248,2.1499864769019004,-0.5746838534254356,-0.7468409796151336,1.00377245197259,2.118085267161749,28.134607562048508,-0.27903207362706883,-1.3117643929211535,0.5778123623674619
0.7911790557770777,1.1500222303097032,0.3880308781885829,0.6867200948978958,9.121729268630798,-1.126693261807076,-2.6922728288611513,0.5164870052302208,0.1618595415372248,2.1499864769019004,0.7558980576035267,0.8769117220625103,1.00377245197259,2.118085267161749,28.134607562048508,-0.27903207362706883,-1.1709796277789237,1.1000284286996902
0.7911790557770777,1.1500222303097032,0.3880308781885829,2.9405906628783427,39.0599781714965,-1.1955320787148451,-5.911558801590385,0.5164870052302208,0.1618595415372248,2.1499864769019004,-0.28012120529955065,-0.3249665296193888,1.00377245197259,2.118085267161749,28.134607562048508,-0.27903207362706883,-1.1709796277789237,0.5869707183544993
14.550453767138372,1.1500222303097032,0.42787352808185425,3.2994776865428204,36.044943995143015,-1.1955320787148451,-104.43833717602237,0.5164870052302208,0.07148460384848115,0.7809292218409577,-0.28012120529955065,-3.6018727096190855,2.5659209176491435,0.21393349065027598,2.3371034514418665,-0.27903207362706883,-6.20682688041312,0.8416911453243445
2.35479776411113,1.8688134853093663,0.49100205699810634,3.2994776865428204,27.372128380225192,-1.1955320787148451,-14.728859946203288,0.2623245146726577,0.07148460384848115,0.5930289396199474,0.42361900308863387,0.7681870688799378,2.5659209176491435,1.784156642051252,14.801180458301173,-0.27903207362706883,-2.527876881803172,0.8416911453243445
0.708307752599401,1.8688134853093663,0.5612530995533904,2.061978239786622,13.09171579144968,-0.1538499595607714,-0.3942917280802131,0.2623245146726577,0.07148460384848115,0.45386323628009273,0.42361900308863387,0.20214357024473378,2.5659209176491435,0.314086186219233,1.994166089952554,-0.27903207362706883,-0.27909803917679227,0.08769581470430914
0.708307752599401,1.8688134853093663,0.6389986792570459,2.061978239786622,10.099832061437114,-0.1538499595607714,-0.34631911097309526,0.21186607989378817,0.07148460384848115,0.3501406949487174,0.42361900308863387,0.1775492016455437,9.349047489165162,0.43058126970981714,2.1090419040113324,0.1090279425418661,0.11215081043273621,0.19921723162682733
0.708307752599401,0.3335961939732312,0.6389986792570459,2.061978239786622,10.099832061437114,1.1267013455937192,2.536225615217513,1.714337962411614,0.07148460384848115,0.3501406949487174,0.42361900308863387,0.1775492016455437,9.349047489165162,0.43058126970981714,2.1090419040113324,0.8386799489429277,0.8627021089709843,0.9163502929143124
0.708307752599401,3.0546688917467923,0.6389986792570459,0.25568490095846813,1.252377212570846,1.1267013455937192,0.893096498594785,0.4310991571645224,0.07148460384848115,0.3501406949487174,0.42361900308863387,0.1775492016455437,9.349047489165162,0.930435530374062,4.557391741313742,0.8386799489429277,1.2681669649297258,0.9163502929143124
0.708307752599401,3.0546688917467923,0.6389986792570459,0.6173281114366452,3.023751721530997,-0.04812840903547411,-0.05927841258762813,0.8398688572359156,0.07148460384848115,0.3501406949487174,2.090396247069678,0.8761367693233691,5.685117394998739,0.930435530374062,4.557391741313742,0.8386799489429277,1.2681669649297258,0.9163502929143124
1.1882921867084184,3.0546688917467923,0.24052609268359956,0.6173281114366452,21.34133863785701,-0.2560379343153939,-1.405524385157413,0.8398688572359156,0.9141399204090166,31.60226991515294,2.090396247069678,13.964037216293521,2.674139347715207,0.930435530374062,32.165617224519984,0.8386799489429277,5.652173003035157,0.21442191500054394
1.1882921867084184,3.0546688917467923,0.43058398126635933,0.6173281114366452,6.6593265491488935,0.13972773074020184,0.42847057594007637,3.6829029457687827,0.9141399204090166,9.861135640574778,0.812974819740349,3.0336383247477525,3.7745649419254326,0.930435530374062,10.036921881415584,0.5721618359930187,2.153983637593217,0.21442191500054394
4.608410270861024,3.0546688917467923,0.61064128942642,0.6173281114366452,3.311110822715228,1.0759091367130345,9.02222367797269,1.8738123974305276,0.9141399204090166,4.903095335960521,-1.1744596743720823,-11.984624032846526,1.5354946912509055,1.5101575071610398,8.09990469141099,-0.08165586095588262,-1.070972828338067,0.21442191500054394
5.355769416793582,0.974181558908575,0.61064128942642,0.6173281114366452,3.311110822715228,1.0759091367130345,10.485383636845524,2.6054853291964126,0.9141399204090166,4.903095335960521,-1.1744596743720823,-13.928204976180703,1.5354946912509055,1.5101575071610398,8.09990469141099,-0.08165586095588262,-1.2446555716833483,0.21442191500054394
5.355769416793582,0.974181558908575,0.8647579787234247,0.6173281114366452,1.651037335330834,1.0759091367130345,7.404162021824887,2.6054853291964126,0.9141399204090166,2.4448572976844534,-1.1744596743720823,-9.835280223266562,1.5354946912509055,1.5101575071610398,4.038899865989501,-1.1952397754723874,-12.864960327209578,0.21442191500054394
12.681220477928047,0.974181558908575,0.8647579787234247,0.6173281114366452,1.651037335330834,0.04212022883748179,0.6863256379907784,2.6054853291964126,0.9141399204090166,2.4448572976844534,-1.1744596743720823,-23.287663688874535,1.5354946912509055,1.5101575071610398,4.038899865989501,-1.1952397754723874,-30.461243876106508,0.21442191500054394
9.427421231020134,0.974181558908575,0.9349724183394453,0.6173281114366452,1.4123698917290108,0.04212022883748179,0.47190856518561347,2.6054853291964126,0.9141399204090166,2.0914383720653746,-1.1744596743720823,-16.012294091350192,1.5354946912509055,1.5101575071610398,3.4550524354368153,-1.1952397754723874,-20.944754349298574,0.21442191500054394
9.427421231020134,0.974181558908575,0.9349724183394453,0.6173281114366452,1.4123698917290108,0.04212022883748179,0.47190856518561347,2.4011690489560955,1.936736203031133,4.431011403347477,-2.1081834707367,-41.83625006330187,1.5354946912509055,1.5101575071610398,3.4550524354368153,0.7841235144049006,13.740568817857868,0.21442191500054394
2.2542373935199933,0.974181558908575,0.9349724183394453,0.5618120218731945,1.2853559878530394,0.04212022883748179,0.10764703796051048,0.29333015229830156,3.3447724092902162,7.6524230114413365,-1.765804853365188,-11.011382281657747,1.5354946912509055,0.970078963029521,2.21941993989886,0.7841235144049006,2.633321403855478,0.21442191500054394
1.594581108086301,0.5262999087616345,0.49141118222999275,1.0585133936762006,8.76670279937161,0.21180823502643797,1.0000174943661513,6.318217691028852,0.3963000854012607,3.2821928270670635,-0.6736843769099099,-1.9461895505736158,1.5354946912509055,0.3173521084241533,2.628338605755575,-0.3449102802387891,-0.8916479398342109,0.21442191500054394
0.8348630400812148,0.5262999087616345,0.49141118222999275,1.0585133936762006,8.76670279937161,0.21180823502643797,0.5235717651784317,4.630686314122928,0.3963000854012607,3.2821928270670635,-0.6736843769099099,-1.0189520724450005,1.5354946912509055,0.3173521084241533,2.628338605755575,-1.1973959440023205,-1.6206665732683896,0.13319851235608104
0.7969977272259473,0.5262999087616345,0.3270842213886363,1.0585133936762006,19.788239814682345,-0.8615885916041076,-3.0546440142421583,4.630686314122928,0.4300985302690846,8.040420566950845,-0.6736843769099099,-1.522484716990388,1.5354946912509055,0.3173521084241533,5.9326973703964505,-1.1973959440023205,-2.324454038628653,0.13319851235608104
0.7969977272259473,0.5262999087616345,0.3646605837548073,0.5117885569876468,7.697379896657283,-0.8615885916041076,-1.9051469655415778,1.4405227182548996,2.262947206987918,34.03507972274962,-0.6736843769099099,-3.132398050454822,0.8554420324048737,0.8319540252059577,12.5127185849097,-1.1973959440023205,-3.375753326316766,0.13319851235608104
0.5190109418862965,0.5262999087616345,0.3646605837548073,0.5117885569876468,7.697379896657283,-1.2235524004559757,-1.7618565601589173,1.4405227182548996,6.066941191646914,91.2477438683963,-0.6736843769099099,-3.3399814699108563,0.8554420324048737,0.8319540252059577,12.5127185849097,-1.1973959440023205,-2.1983160724506803,0.13319851235608104
0.5190109418862965,0.5262999087616345,0.3646605837548073,0.48911133888599023,7.3563109916484954,-1.1341348957599648,-1.596508619385501,0.883754289722066,6.066941191646914,91.2477438683963,-0.7257602091081198,-3.598162185589629,0.8554420324048737,1.932507659127883,29.065217270706267,-1.1973959440023205,-3.350434124995817,0.0991533446133025
0.5918606840326126,2.8961120972966468,0.3646605837548073,1.305938921299922,19.641525512495882,-0.9257828023976219,-2.428377545280937,0.883754289722066,6.066941191646914,91.2477438683963,-0.7257602091081198,-4.103209702445748,0.15731418694035598,1.932507659127883,29.065217270706267,-1.1973959440023205,-3.8207098791005074,0.0991533446133025
3.152032241520056,2.8961120972966468,0.3646605837548073,1.305938921299922,19.641525512495882,-1.122797438834894,-15.684824807237373,0.883754289722066,1.1568988917281215,17.399940170737498,1.006158376600239,13.229117560585756,0.9515978216689083,1.932507659127883,29.065217270706267,-1.1973959440023205,-20.347695073044257,0.0991533446133025
1.3956253431166805,2.8961120972966468,0.3646605837548073,1.1269840377180191,16.950016090324038,-0.5972596014990064,-3.431761081631047,0.883754289722066,1.1568988917281215,17.399940170737498,1.006158376600239,5.857456497881423,0.3850270574307187,0.9463644508246627,14.233469270131996,-1.1973959440023205,-6.304664981823929,0.0991533446133025
10.01037246102828,2.8961120972966468,0.3646605837548073,1.1269840377180191,16.950016090324038,0.009454431509618999,0.3896464414192678,0.883754289722066,1.1568988917281215,17.399940170737498,-1.8008076510446647,-75.19542901233106,0.6375729397493972,0.9463644508246627,14.233469270131996,-1.1973959440023205,-45.221337532549505,0.0991533446133025
13.884385104101996,0.7098899070738323,0.4706103447978016,1.1269840377180191,10.177118271282033,0.009454431509618999,0.4187689584657382,0.883754289722066,1.1568988917281215,10.447261411858728,0.7087697064605925,31.807755833509578,2.894929670664569,0.9463644508246627,8.546050894635018,-1.1973959440023205,-48.60121999306654,0.0991533446133025
13.884385104101996,4.713812084060871,0.8377670433992775,1.1269840377180191,3.2114503856635035,0.009454431509618999,0.23524081722590628,0.883754289722066,1.1568988917281215,3.2966956653059185,-0.4165035692322725,-10.499891394056474,2.894929670664569,3.2152960510209625,9.162298131552776,-1.1973959440023205,-50.323013861688665,0.20588379717996327
13.884385104101996,4.713812084060871,0.8377670433992775,0.6601255005208075,1.881091676796484,0.009454431509618999,0.18003919064679225,0.883754289722066,1.1568988917281215,3.2966956653059185,-0.4165035692322725,-10.499891394056474,1.0102656365988598,0.21717926964009393,0.6188734053909538,1.0992568875147444,12.006785623757628,0.9798798869088565
1.1221235071507807,2.6877323917934173,0.8377670433992775,0.6601255005208075,1.881091676796484,0.686375666087152,1.0563492285914666,0.8713872603557545,1.1568988917281215,3.2966956653059185,-0.26937537555059576,-0.5488301760253775,1.0102656365988598,0.479738332481162,1.3670609354714558,1.0992568875147444,1.4422275669470523,0.9798798869088565
1.1221235071507807,1.1707571563946377,0.6671782897555301,0.6601255005208075,2.9660105670304455,0.686375666087152,1.3264438960663067,0.8713872603557545,1.1568988917281215,5.198063603275785,-0.26937537555059576,-0.6891588664636618,1.0102656365988598,0.479738332481162,2.1555127963184035,1.0992568875147444,1.8109862734186049,1.0897124937549756
3.0230079871760194,1.1707571563946377,0.6671782897555301,0.6601255005208075,2.9660105670304455,0.686375666087152,3.573448436643896,0.630609004530548,0.9352104802334122,4.2019951730110225,-0.26937537555059576,-1.6692637497471798,1.0102656365988598,0.479738332481162,2.1555127963184035,1.0992568875147444,4.878808735690221,7.062723276260659
3.3806450432479394,0.5094937197679452,0.6671782897555301,0.26090655145456393,1.1722794953553184,-0.8309261575995831,-3.041428342915913,0.29947033886299845,0.5906017948045443,2.65363353319239,0.5569734827147068,3.0672880739868646,1.7718896062472398,2.462044655560314,11.062215380456353,1.0992568875147444,12.360038513878466,7.062723276260659
0.8538954997778241,0.5094937197679452,0.6671782897555301,0.26090655145456393,1.1722794953553184,-0.8309261575995831,-0.7682149239831186,3.263356591826608,0.5906017948045443,2.65363353319239,-0.16290983284573912,-0.22660656942627633,1.7718896062472398,2.462044655560314,11.062215380456353,0.6752399424340882,1.9177142874206181,7.062723276260659
0.8538954997778241,2.2458734177778843,0.6671782897555301,1.355758031470403,6.09155780909097,0.9461717186484345,1.9940629874515068,3.263356591826608,0.5906017948045443,2.65363353319239,-0.16290983284573912,-0.22660656942627633,0.8951103233231666,2.462044655560314,11.062215380456353,0.0017998971561610233,0.005111795489785709,0.2684013963813035
0.8538954997778241,0.9152084373937263,0.6671782897555301,1.355758031470403,6.09155780909097,0.9461717186484345,1.9940629874515068,3.263356591826608,1.445711497570188,6.495727820372889,-0.16290983284573912,-0.3545405649112779,1.0502516242945386,2.462044655560314,11.062215380456353,0.0017998971561610233,0.005111795489785709,3.05119824945089
0.8538954997778241,5.569101231770209,0.6671782897555301,1.355758031470403,6.09155780909097,-0.1407732207060074,-0.29668046877914983,3.263356591826608,1.445711497570188,6.495727820372889,1.887851988452553,4.108531073680697,1.0502516242945386,0.7917033097590452,3.557202957385661,0.0017998971561610233,0.0028987231429075046,3.05119824945089
0.8538954997778241,5.569101231770209,0.6671782897555301,1.355758031470403,6.09155780909097,-0.1407732207060074,-0.29668046877914983,0.3369712177713194,1.445711497570188,6.495727820372889,1.5786597857522913,3.435636280919388,1.0502516242945386,0.7917033097590452,3.557202957385661,0.0017998971561610233,0.0028987231429075046,3.05119824945089
0.8538954997778241,5.569101231770209,0.4477165312755465,1.355758031470403,13.527138006180431,-0.07946792160629271,-0.2495741150300976,0.3369712177713194,1.445711497570188,14.424652844242171,0.9832255631656114,3.1886773071053334,1.0502516242945386,0.7917033097590452,7.899256122750259,0.0017998971561610233,0.004319619700996808,3.05119824945089
0.8538954997778241,5.569101231770209,0.4477165312755465,1.355758031470403,13.527138006180431,-0.07946792160629271,-0.2495741150300976,0.3369712177713194,1.445711497570188,14.424652844242171,0.9832255631656114,3.1886773071053334,1.0502516242945386,0.7917033097590452,7.899256122750259,0.0017998971561610233,0.004319619700996808,1.160706732964474
0.8538954997778241,5.569101231770209,0.4477165312755465,1.355758031470403,13.527138006180431,0.8543853471249481,2.6832520920807217,0.305980051164753,0.45271360726187987,4.516970801984074,-0.1188257951601418,-0.21564485233934294,1.0502516242945386,0.6081366362109261,6.067711209291203,0.8570034256801434,1.8026015240172895,1.160706732964474
1.7184099753138327,0.30534336505206816,0.4477165312755465,1.355758031470403,13.527138006180431,-0.7782406504639678,-4.918624371946381,0.305980051164753,0.13172740547707545,1.3143162361737315,-0.1188257951601418,-0.23409247359746813,1.326709892793652,0.6081366362109261,6.067711209291203,0.8570034256801434,3.6276200556077383,1.160706732964474
1.7184099753138327,0.30534336505206816,0.4477165312755465,1.355758031470403,13.527138006180431,-0.21728781400329866,-1.3732990393735027,0.305980051164753,1.062022521738679,10.596378471496068,-0.1188257951601418,-0.6646855616498182,1.326709892793652,0.40541322907456867,4.0450291069086335,0.8570034256801434,2.961898477712876,2.3942660575897934
1.7184099753138327,0.30534336505206816,0.4477165312755465,1.355758031470403,13.527138006180431,-0.9282253607047221,-5.866555388874987,0.305980051164753,1.6862002410357215,16.824140323776394,-1.0444716650834973,-7.361899574184897,0.2569847864674153,0.40541322907456867,4.0450291069086335,0.8570034256801434,2.961898477712876,2.3942660575897934
1.7184099753138327,4.548578044663351,0.67818614647794,1.355758031470403,5.895414610469235,0.03943314964873457,0.16453012539808423,0.305980051164753,1.6862002410357215,7.332318383094715,-1.0444716650834973,-4.860087688417856,0.2569847864674153,0.40541322907456867,1.762909765964311,0.6733603424396644,1.536347159974372,0.18805612518402398
3.3020841180830742,3.1826649767169606,0.67818614647794,1.355758031470403,5.895414610469235,-0.6092575808651153,-4.884793969700997,1.6351411111986185,1.6862002410357215,7.332318383094715,-1.0444716650834973,-9.339109175902431,4.43155276297015,1.1882258827155603,5.166913318523051,0.6733603424396644,5.05418640589589,0.24870861142582515
3.3020841180830742,3.1826649767169606,0.67818614647794,1.355758031470403,5.895414610469235,-0.8306479547137522,-6.659817206326253,0.36337627795610244,1.6862002410357215,7.332318383094715,-1.0444716650834973,-9.339109175902431,4.43155276297015,1.1882258827155603,5.166913318523051,0.6733603424396644,5.05418640589589,3.3752985381072156
3.3020841180830742,0.2873032907323287,0.67818614647794,1.355758031470403,5.895414610469235,-0.8306479547137522,-6.659817206326253,0.36337627795610244,1.6862002410357215,7.332318383094715,0.7948141200265435,7.1068044156882975,2.43680835893,0.34341243899219476,1.4933038663659632,-0.5355227971299943,-2.160927471181648,0.34037955073846876
3.3020841180830742,35.88124993441627,0.67818614647794,1.355758031470403,5.895414610469235,-0.8306479547137522,-6.659817206326253,0.36337627795610244,1.6862002410357215,7.332318383094715,0.7948141200265435,7.1068044156882975,2.43680835893,0.34341243899219476,1.4933038663659632,-0.5355227971299943,-2.160927471181648,0.17985206165988818
3.2219470389913805,35.88124993441627,0.67818614647794,1.355758031470403,5.895414610469235,0.48604883193563064,3.8023796577407833,0.36337627795610244,1.384179802695465,6.019004603260145,0.007760270814272663,0.06134195491451976,2.0570613391047528,0.34341243899219476,1.4933038663659632,-0.5355227971299943,-2.1084847079215687,0.17985206165988818
4.529714444914337,3.255809473208279,0.67818614647794,3.6710670970947743,15.963366690701314,0.8629648986305778,15.618028129482846,0.36337627795610244,1.384179802695465,6.019004603260145,0.5791230542552955,6.435821889769106,7.6101377542428015,1.1637473501993736,5.060470210764169,-0.5355227971299943,-5.456877751130215,0.17985206165988818
2.490845971983031,1.4313606719788852,0.3953960419141147,3.6710670970947743,46.963200163164096,-0.2998773517639528,-5.118814376133159,0.36337627795610244,1.384179802695465,17.70752520084432,0.308683328568838,3.2354819515813475,0.5690725407849146,1.1637473501993736,14.887578543583903,-0.5355227971299943,-5.146794982589878,0.17985206165988818
7.131549465047637,1.1718902950216261,0.8411286717768134,0.18312942672667937,0.5176822295878623,0.16664212775496556,0.8550673620505338,0.6813811049749526,2.334352703083461,6.59890075329245,-0.0032766442376295224,-0.060027324614575064,0.34663163940533565,6.331756662728151,17.899023466398347,-0.09200921919912664,-2.7760668035357696,0.506409001154116
7.131549465047637,2.965728984265714,0.8411286717768134,0.38155369496455094,1.0786009165612673,0.16664212775496556,1.2342385119536605,0.6813811049749526,2.334352703083461,6.59890075329245,-0.0032766442376295224,-0.060027324614575064,0.34663163940533565,6.331756662728151,17.899023466398347,-0.09200921919912664,-2.7760668035357696,0.506409001154116
7.131549465047637,2.965728984265714,0.8411286717768134,0.10800185640108034,0.30530670477544836,0.16664212775496556,0.6566544201877127,0.6813811049749526,3.0572925128144637,8.642554246064767,-0.0032766442376295224,-0.06869644232404898,0.3174182019164673,0.06290064463131809,0.1778116523231088,-0.09200921919912664,-0.27669120386121554,0.506409001154116
7.131549465047637,4.947739117514105,0.8411286717768134,0.10800185640108034,0.30530670477544836,0.16664212775496556,0.6566544201877127,1.98957746615233,0.10509970919162481,0.2971027254104856,-0.0032766442376295224,-0.012736981178368656,0.3174182019164673,0.051639915340612075,0.14597908696102457,-0.09200921919912664,-0.25070359728989927,0.37211655636728347
0.9376362898381223,3.6918090283929694,0.986531680995825,0.14150526453538953,0.29079070486464276,-0.7860352978514666,-0.3974355548665301,1.98957746615233,0.4709246380336198,0.9677414326706915,-0.0032766442376295224,-0.0030223403249643992,2.958518059854494,5.438106338928164,11.175208078780116,-0.09200921919912664,-0.2883988751277688,0.37211655636728347
0.9376362898381223,3.6918090283929694,0.986531680995825,0.18672239062850723,0.3837110637766797,-1.82544593969553,-1.0602433189672011,3.0838845498694516,0.4709246380336198,0.9677414326706915,-0.0032766442376295224,-0.0030223403249643992,0.20864044946741522,5.438106338928164,11.175208078780116,-0.09200921919912664,-0.2883988751277688,0.4771085345245947
0.9376362898381223,3.6918090283929694,0.986531680995825,0.18672239062850723,0.3837110637766797,-1.82544593969553,-1.0602433189672011,3.0838845498694516,0.4709246380336198,0.9677414326706915,-0.0032766442376295224,-0.0030223403249643992,0.20864044946741522,5.438106338928164,11.175208078780116,-0.5692466669010539,-1.784278791119814,3.8611067330477655
0.9376362898381223,3.651147568257566,0.39509606055448765,1.4470770174520993,18.5402780464904,-1.82544593969553,-7.369898473022664,3.9777571913547876,0.4709246380336198,6.0335929759005875,-0.0032766442376295224,-0.007546606456020081,0.20864044946741522,0.2165425644355522,2.7743923129980166,0.45480487599897534,0.7103026846463781,1.39879700025283
0.9376362898381223,5.876800830764512,0.39509606055448765,0.695705872042506,8.913540986888831,-1.82544593969553,-5.110089617197588,3.9777571913547876,0.4709246380336198,6.0335929759005875,-0.0032766442376295224,-0.007546606456020081,0.1253193227184303,0.2165425644355522,2.7743923129980166,-0.8662118733580322,-1.3528276665181684,1.39879700025283
0.9376362898381223,5.876800830764512,1.041236332689891,0.48456725290947233,0.8938927790773784,-1.82544593969553,-1.6182517977545179,3.9777571913547876,0.4709246380336198,0.868725921738101,-0.8099767661627215,-0.7078616099341529,0.05511955152812593,0.049874971057300786,0.09200554972942726,-0.8662118733580322,-0.24635736620336585,1.39879700025283
0.9376362898381223,2.4393432770859844,1.041236332689891,0.3949746431548298,0.7286191530997387,-1.82544593969553,-1.4610116375703819,3.9777571913547876,0.4709246380336198,0.868725921738101,0.6733284713396634,0.5884407993515759,0.05511955152812593,0.02282794625258717,0.04211125740303876,-0.8662118733580322,-0.16667008033829897,1.39879700025283
0.9376362898381223,3.1687455749882734,1.041236332689891,0.3949746431548298,0.7286191530997387,-1.82544593969553,-1.4610116375703819,3.5019760407807614,0.4709246380336198,0.868725921738101,0.6733284713396634,0.5884407993515759,0.08994242142238157,0.02282794625258717,0.04211125740303876,-0.8662118733580322,-0.16667008033829897,1.9296532404377285
0.9376362898381223,22.58990676495964,1.041236332689891,0.29549732503511766,0.5451109696323625,-0.42073807526401796,-0.29126525746507026,0.8609294540126179,0.5049760439274783,0.9315413630688827,0.6733284713396634,0.6093438865489699,0.08994242142238157,1.6894732201695146,3.1166115805111465,-0.7084632286264437,-1.1727165703821676,0.28745218631459646
0.9376362898381223,22.58990676495964,1.041236332689891,0.29549732503511766,0.5451109696323625,0.03657558654052434,0.025320260411365855,0.8609294540126179,0.5049760439274783,0.9315413630688827,0.036387028943816846,0.032929267928446686,0.08994242142238157,1.6894732201695146,3.1166115805111465,-0.484863797321742,-0.802593256110179,0.28745218631459646
0.48614019399144054,22.58990676495964,0.27319299584967255,0.3469039071613829,9.296084562176757,0.03657558654052434,0.05421292778898711,0.8609294540126179,0.9633989787709063,25.81648170829836,0.036387028943816846,0.08987867350490542,0.2696018574068262,0.6284813041318333,16.84159569364177,-0.484863797321742,-0.9673261025629402,0.3122105570253689
0.48614019399144054,22.58990676495964,0.7882100632899871,0.3469039071613829,1.1167481362107665,0.5164814882760189,0.26533461344076054,0.8609294540126179,0.9633989787709063,3.1013603241697094,0.05597389913622633,0.04792070560276495,0.27866528634111004,0.6284813041318333,2.023198097639261,-0.484863797321742,-0.33527447596863763,0.40872149744043496
0.2724784531171147,169.81480024041076,0.7882100632899871,0.3469039071613829,1.1167481362107665,0.01188454989093568,0.0034220986221442395,0.8609294540126179,0.9633989787709063,3.1013603241697094,0.33665856366748725,0.1615466455947869,0.27866528634111004,0.31352209413903714,1.0092858773360103,-0.7308702265362789,-0.20006887664610198,0.4307006098074572
0.2724784531171147,3.7898803540157475,0.6460888716284193,0.061859948470733214,0.29638418640279485,0.01188454989093568,0.0017629598321156038,0.6464079188050742,0.9633989787709063,4.615849666272994,0.33665856366748725,0.1970823169073002,0.9856417094443011,0.519853635798003,2.490729473650008,-0.7308702265362789,-0.31429372877544637,0.10418034562697402
0.2724784531171147,3.7898803540157475,0.6460888716284193,0.47586713516118406,2.2799807820290066,0.01188454989093568,0.004889680656470992,2.110080609524693,0.9633989787709063,4.615849666272994,0.33665856366748725,0.1970823169073002,0.9856417094443011,0.519853635798003,2.490729473650008,-0.7308702265362789,-0.31429372877544637,4.483256065529375
0.2724784531171147,3.7898803540157475,0.6460888716284193,0.47586713516118406,2.2799807820290066,-0.15485904914633855,-0.0637139230378313,0.5950431705985403,0.9633989787709063,4.615849666272994,0.33665856366748725,0.1970823169073002,0.9856417094443011,2.028492016105163,9.718937223207288,0.8653265839731598,0.7350579847568112,4.483256065529375
9.794434441790107,4.248804737434068,0.6460888716284193,0.47586713516118406,2.2799807820290066,-1.1882333499990394,-17.573031776313595,0.5950431705985403,0.9633989787709063,4.615849666272994,0.33665856366748725,7.084265968564428,0.9856417094443011,2.028492016105163,9.718937223207288,0.8653265839731598,26.422189205252543,0.2348540643112434
9.794434441790107,0.9650450546232398,0.3251565717296795,0.47586713516118406,9.001826453448286,-0.6676888159434212,-19.620893627781218,0.5950431705985403,1.2533503941682709,23.709228690151566,0.33665856366748725,16.05564446972514,0.9856417094443011,2.028492016105163,38.372334927057096,0.9627957785899152,58.414767751397825,0.4731900931788566
1.661462999805116,5.682746531463337,0.3251565717296795,5.954644302406898,112.64210247283712,-0.6676888159434212,-11.773759215376995,0.5950431705985403,1.2533503941682709,23.709228690151566,0.4595640065993347,3.7178802217049998,0.9856417094443011,2.028492016105163,38.372334927057096,0.9350316342172104,9.623345797468815,0.4731900931788566
1.661462999805116,5.682746531463337,0.5807831893624341,5.954644302406898,35.306750230580484,-0.6676888159434212,-6.591642549167634,0.5950431705985403,1.2533503941682709,7.431464764471651,-0.09606418686318674,-0.4351003139250841,0.9856417094443011,2.028492016105163,12.027496071999243,0.9350316342172104,5.387714702123525,0.4731900931788566
1.661462999805116,0.4006889588940306,0.5807831893624341,5.954644302406898,35.306750230580484,-0.00715946588353078,-0.07068059074872172,1.6532347193253516,1.2533503941682709,7.431464764471651,-0.09606418686318674,-0.4351003139250841,0.9856417094443011,0.6540101883588454,3.8778091848923975,0.9350316342172104,3.059216379635593,0.9666133170128893
1.4127682018557957,0.4006889588940306,0.5807831893624341,5.954644302406898,35.306750230580484,-0.00715946588353078,-0.060100821450667065,3.85692833335508,0.6148966614442939,3.6458941526458934,-0.09606418686318674,-0.2591399976184419,0.9856417094443011,0.6540101883588454,3.8778091848923975,0.7755944554873672,2.157738569456426,0.9666133170128893
1.4127682018557957,12.578438931147934,0.6649425836940104,6.999779966889278,31.66256475681466,-0.00715946588353078,-0.056914717010678344,3.85692833335508,0.6148966614442939,2.7814024803384303,-0.09606418686318674,-0.22634157895574103,2.7570247050509984,0.6540101883588454,2.958327267211376,0.7755944554873672,1.884641349358849,1.2962427572852961
1.4127682018557957,7.759313990214243,0.6649425836940104,0.14355306032507167,0.6493429922200009,-0.00715946588353078,-0.00815058187258731,6.929860723999158,0.6148966614442939,2.7814024803384303,-0.09606418686318674,-0.22634157895574103,6.998387072827351,0.5379786487895876,2.4334741785681913,0.7755944554873672,1.7093026987247109,0.3288144614418554
1.4127682018557957,7.759313990214243,0.6649425836940104,0.14355306032507167,0.6493429922200009,1.3414307510464842,1.5271308419754204,6.929860723999158,0.7582299183136236,3.4297512211413697,0.836506495654393,2.1886259224957394,0.6068941984483469,1.0121915839606377,4.578512713978776,0.7755944554873672,2.3445949185268673,1.691592373371103
1.4127682018557957,1.0444527484405917,0.6649425836940104,0.14355306032507167,0.6493429922200009,1.3414307510464842,1.5271308419754204,6.929860723999158,0.7582299183136236,3.4297512211413697,1.0675702290023814,2.7931784025795143,0.6068941984483469,1.0121915839606377,4.578512713978776,-0.8314101720406136,-2.513323877944769,1.9467710771514184
1.5706332357455364,1.0444527484405917,0.6940780319159043,0.14355306032507167,0.5959719960882698,1.3414307510464842,1.6265071163889924,0.9111385888448789,0.05001386456678949,0.20763655355351643,1.0675702290023814,0.764052398296479,0.6068941984483469,1.0121915839606377,4.202194208543896,-0.8314101720406136,-2.6768755242868334,0.26739996512144476
1.5706332357455364,1.8860916172368296,1.2902317853231693,0.14355306032507167,0.17246738467070538,1.3414307510464842,0.8749767840804812,0.9111385888448789,5.502550975246294,6.610869692147009,1.0675702290023814,4.3112234798148865,0.6068941984483469,1.0121915839606377,1.2160662745613446,0.14643371654794923,0.2536264193273786,7.933069729075212
1.5706332357455364,1.8860916172368296,1.2902317853231693,0.14355306032507167,0.17246738467070538,1.3414307510464842,0.8749767840804812,0.9111385888448789,5.502550975246294,6.610869692147009,-0.613844371226189,-2.4789191327071447,0.6068941984483469,1.0121915839606377,1.2160662745613446,0.14643371654794923,0.2536264193273786,15.22994919924113
1.5706332357455364,0.3891657884753427,1.1760347668787723,0.8061533453592032,1.1657551277332743,0.04890359465181371,0.08293144516459416,0.9111385888448789,5.502550975246294,7.957080438770475,-0.0007656304551383331,-0.0033921172687268056,2.60227564557528,1.0121915839606377,1.4637010886865602,0.14643371654794923,0.27825441647646343,1.7724828052792059
1.5706332357455364,0.3891657884753427,1.1760347668787723,0.7149570016809029,1.0338787224742547,0.04890359465181371,0.07809987971618049,5.1447550641515045,2.451881391723689,3.5455950427422684,-1.1412096961969151,-3.37508567679324,2.60227564557528,1.0121915839606377,1.4637010886865602,0.14643371654794923,0.27825441647646343,1.3596544672678939
1.5706332357455364,0.3891657884753427,1.1173065589862718,0.7149570016809029,1.1454212153979477,0.04890359465181371,0.08220498939754903,5.1447550641515045,2.451881391723689,3.928120092700639,0.452309165310969,1.4079996592944213,1.8430356157739316,1.0121915839606377,1.6216160015077667,0.14643371654794923,0.292880109923267,1.3596544672678939
0.993207529590313,0.8031793258067267,1.1173065589862718,1.869902582529533,2.9957411197053654,0.04890359465181371,0.0840684280148503,0.7208722249964542,0.37069940833282977,0.5938916128405146,0.452309165310969,0.3462015336595393,1.8430356157739316,1.0121915839606377,1.6216160015077667,-0.059982510321580695,-0.07586450898771625,1.3596544672678939
1.3048881840342015,0.8031793258067267,1.1173065589862718,1.869902582529533,2.9957411197053654,0.4906178761498127,1.108074107939316,0.7208722249964542,0.37069940833282977,0.5938916128405146,0.452309165310969,0.45484380364413396,1.5901909167076282,0.6395936893769596,1.02468285410818,-0.059982510321580695,-0.07923054997905406,2.9228303647385743
1.3048881840342015,0.8031793258067267,1.1173065589862718,1.869902582529533,2.9957411197053654,0.4906178761498127,1.108074107939316,0.7208722249964542,0.25166663423243707,0.4031911029333285,0.452309165310969,0.3747694287245625,1.5901909167076282,0.6395936893769596,1.02468285410818,-0.059982510321580695,-0.07923054997905406,0.27384239771662
0.599014755358872,0.8031793258067267,1.1173065589862718,3.4243026748398573,5.486020729196364,0.4906178761498127,0.6883504657781943,0.8024777778673455,0.25166663423243707,0.4031911029333285,-1.2762236891670482,-0.4854223765263042,0.168574422796745,0.6395936893769596,1.02468285410818,-0.059982510321580695,-0.03637113822727971,0.27384239771662
0.599014755358872,0.8031793258067267,0.3500396373203626,3.4243026748398573,55.89432172300062,1.0382664062645213,4.649756047414307,0.11215231848318254,0.25166663423243707,4.107912517222331,-1.2762236891670482,-1.5494405414297714,0.168574422796745,0.6395936893769596,10.439981170095775,-0.059982510321580695,-0.11609459891521824,0.27065075616157386
0.599014755358872,4.334102413853091,0.6706079034801837,3.4243026748398573,15.228769233027831,-0.596360791209686,-1.3940521016324345,0.25720538719557245,0.14828893606157909,0.6594796668196446,-0.1273132794944849,-0.06193154731571308,0.9325403391697695,0.6395936893769596,2.844440349852578,-0.6137819639931388,-0.620083332986795,0.27065075616157386
0.5663830024979531,0.46529751351465215,0.6706079034801837,3.4243026748398573,15.228769233027831,-0.596360791209686,-1.318110126499517,0.3686583298742643,0.14828893606157909,0.6594796668196446,-0.1273132794944849,-0.058557782432258905,0.9325403391697695,0.6705715911761156,2.9822071779104418,-0.6137819639931388,-0.600334413543181,0.27065075616157386
0.5183891020247194,4.962142937243201,0.6706079034801837,3.4243026748398573,15.228769233027831,-0.596360791209686,-1.206416721250817,0.3836288885979003,0.046803919207632244,0.20814926497338437,-0.1273132794944849,-0.030110433568321018,2.474547160396953,0.6705715911761156,2.9822071779104418,-0.6137819639931388,-0.5494635541297177,0.27065075616157386
0.5183891020247194,0.4775311219686876,0.6706079034801837,1.9699290200540036,8.760789363706015,-0.596360791209686,-0.9150325946848391,3.713189690962817,0.046803919207632244,0.20814926497338437,-1.0109459801325715,-0.2390954179863194,2.474547160396953,0.6705715911761156,2.9822071779104418,0.1102764192996516,0.09872051777292515,1.340442233977598
0.5183891020247194,0.4775311219686876,0.6706079034801837,1.9699290200540036,8.760789363706015,-0.596360791209686,-0.9150325946848391,3.713189690962817,0.046803919207632244,0.20814926497338437,1.2593149136695176,0.2978363152705098,2.474547160396953,1.7571817436527082,7.814646605626946,0.1102764192996516,0.1598060402426487,1.340442233977598
0.5183891020247194,0.4775311219686876,0.6706079034801837,1.9699290200540036,8.760789363706015,1.138856972093461,1.7474174451270892,3.713189690962817,0.046803919207632244,0.20814926497338437,-0.38061752439154306,-0.09001856466690752,2.474547160396953,1.7571817436527082,7.814646605626946,0.1102764192996516,0.1598060402426487,0.6586937136424854
1.5517626983070092,0.4775311219686876,0.6706079034801837,2.1681571018023664,9.64236146731475,1.138856972093461,5.487647377035205,3.713189690962817,2.1558629690899234,9.587686245006381,-0.38061752439154306,-1.8288201361779748,2.474547160396953,2.2322616327657734,9.92745107577901,0.1102764192996516,0.5391713931162498,0.6586937136424854
1.5517626983070092,0.4775311219686876,0.6706079034801837,2.1681571018023664,9.64236146731475,1.138856972093461,5.487647377035205,6.247987261802247,1.5478500959514658,6.883694041347334,-0.38061752439154306,-1.5496187681818552,0.4776743022307585,2.2322616327657734,9.92745107577901,0.1102764192996516,0.5391713931162498,3.5559391754945198
1.8258277857309522,0.4775311219686876,0.6706079034801837,2.1681571018023664,9.64236146731475,-0.5479164018638831,-3.106460367339647,6.247987261802247,0.45591467717616324,2.0275717621810028,-0.38061752439154306,-0.9895476442829066,1.1874676007666143,2.2322616327657734,9.92745107577901,-0.5408744380309267,-3.1115382682170156,3.5559391754945198
1.8258277857309522,0.4775311219686876,1.2718641119102025,0.05955686028719546,0.07363433417914218,-1.3352517908153392,-0.6615507454496105,9.310741333846392,0.45591467717616324,0.5636793735344539,-1.0006988143039233,-1.3717635815205305,1.7319164674772178,1.3635155367252165,1.685810135146816,-0.5408744380309267,-1.2822142501010052,0.6317150517486664
1.5095138819263207,0.4775311219686876,1.2718641119102025,0.05955686028719546,0.07363433417914218,-1.3352517908153392,-0.5469409774893447,1.2682978178025535,0.45591467717616324,0.5636793735344539,-0.0008353290867194607,-0.0009466965336768998,1.7319164674772178,1.3635155367252165,1.685810135146816,-1.0478994598134896,-2.053813754416344,0.8460020394318686
1.5095138819263207,0.4775311219686876,1.485878640630573,0.015035318988968404,0.013619964091328299,0.9784502872058523,0.17237086364590515,1.2682978178025535,1.8597945836893799,1.6847221841905309,0.3529266048026775,0.691489606473879,0.08790174393663029,0.04416982529214049,0.040011883674738985,0.05957676512701693,0.017989062406710696,0.8460020394318686
0.5583278077116535,0.4775311219686876,1.485878640630573,0.02580126368444936,0.023372452899132277,0.9784502872058523,0.08351801624967277,1.2682978178025535,1.8597945836893799,1.6847221841905309,0.3529266048026775,0.25576305104612435,0.12810613761596895,0.0259221966951013,0.02348200183944702,-0.8559907082212312,-0.0732362111070982,0.6240106043214021
0.3798896095139417,0.4288364056756671,0.754353771426272,0.025835663954717085,0.090802852295429,0.9784502872058523,0.11200719611251035,0.33299177441206534,1.8597945836893799,6.536493630609886,0.3529266048026775,0.34277902136203947,0.16028088066396357,0.7868751444262588,2.7655765936387513,1.4611546165194738,0.923095077811701,1.5301846774353838
0.4647464416962973,0.4288364056756671,0.754353771426272,0.025835663954717085,0.090802852295429,0.9784502872058523,0.13702650594806054,0.2507038297985581,1.8597945836893799,6.536493630609886,0.34058117033099594,0.4046775648628974,0.43830936607038345,0.7868751444262588,2.7655765936387513,1.4611546165194738,1.1292889882122732,1.5301846774353838
1.2622378410956192,1.7874351736982597,0.9061201472348922,0.025835663954717085,0.06293294406161681,-0.562957289389616,-0.17826072450299307,0.11575725401787394,1.8597945836893799,4.530262845443616,0.34058117033099594,0.9150051314597322,1.715142545465658,0.7868751444262588,1.9167446029043491,0.09391108309697027,0.1641119363857803,1.5301846774353838
1.2622378410956192,1.7874351736982597,0.9061201472348922,0.5282072943451299,1.2866570863525557,-0.562957289389616,-0.8060241438279199,0.11575725401787394,1.9740487381081875,4.808573877877266,0.34058117033099594,0.9426923349384542,1.287129646601337,0.7868751444262588,1.9167446029043491,0.09391108309697027,0.1641119363857803,1.5301846774353838
1.2622378410956192,1.1032772916902251,0.9061201472348922,0.5282072943451299,1.2866570863525557,-0.562957289389616,-0.8060241438279199,0.11575725401787394,1.9740487381081875,4.808573877877266,1.2314394070293984,3.4084928677048465,0.2729208409761491,0.13533993174481532,0.32967375519081255,0.09391108309697027,0.06806129886494741,0.7903551327588724
1.2622378410956192,1.1032772916902251,0.9061201472348922,0.5282072943451299,1.2866570863525557,-0.4528788067776337,-0.6484173122379066,0.10256485554941548,0.4138311759301714,1.0080489625276896,1.2314394070293984,1.560612411943405,0.2729208409761491,0.34104432099797316,0.8307478845334194,0.09391108309697027,0.10804201302670434,0.7903551327588724
1.2862614326716297,1.1032772916902251,0.9061201472348922,0.5282072943451299,1.2866570863525557,-0.4528788067776337,-0.6607583403491355,1.5402085501731035,1.1246220461489975,2.7394603229398964,1.3185308240996558,2.807062240584016,4.734462502096215,0.34104432099797316,0.8307478845334194,-1.7094252456774308,-2.0040750603297735,5.598970394271599
1.2862614326716297,1.1032772916902251,0.9061201472348922,0.5282072943451299,1.2866570863525557,-0.4528788067776337,-0.6607583403491355,0.9609808364389866,1.1246220461489975,2.7394603229398964,-1.546253445288307,-3.291868177299202,6.575769100992805,0.34104432099797316,0.8307478845334194,-1.7094252456774308,-2.0040750603297735,2.1164455378348825
1.2862614326716297,1.1032772916902251,0.9061201472348922,0.5282072943451299,1.2866570863525557,-0.4528788067776337,-0.6607583403491355,0.06617635451393508,1.1246220461489975,2.7394603229398964,1.4668271326357287,3.122774972134192,1.4777557542117725,0.34104432099797316,0.8307478845334194,-0.7932287894833655,-0.9299558656682925,2.1164455378348825
2.61417292028426,1.1032772916902251,0.6092894548669813,2.1835983848561678,11.764011397034913,-0.4528788067776337,-4.0606356904651335,0.06617635451393508,1.1246220461489975,6.058836945478409,1.4668271326357287,9.438606462269465,1.4777557542117725,0.31841258251573507,1.7154295751694106,-0.7932287894833655,-2.715934090238674,2.1164455378348825
2.61417292028426,1.1032772916902251,0.6092894548669813,2.1835983848561678,11.764011397034913,0.22550974485036968,2.021982271598586,0.06617635451393508,1.1246220461489975,6.058836945478409,0.5251127130244624,3.378947754849989,0.6769337491349728,0.38044040299701315,2.0496009100337456,-0.7932287894833655,-2.9687076548432985,0.3504595337145483
1.238185607088517,12.5192404404232,0.31193154345372387,2.1835983848561678,44.88323709163171,0.22550974485036968,1.8706526386006113,3.910456561490844,1.1246220461489975,23.116282868612902,0.616660964174544,3.671057687299631,0.6769337491349728,0.6343433639320541,13.038745493824406,0.7650885617994806,3.4207029704977163,2.936492937183238
0.2943796137393228,12.5192404404232,1.0583479600266315,2.1835983848561678,3.8989333029398536,0.22550974485036968,0.13108287187456188,3.910456561490844,2.8710658539804346,5.126443741052279,0.616660964174544,0.411019367478437,0.6769337491349728,0.6343433639320541,1.1326544680955577,0.7650885617994806,0.23970007041933716,3.5769917438473473
1.1615003266097623,9.959025909584417,1.0583479600266315,2.1835983848561678,3.8989333029398536,0.22550974485036968,0.5171988527373746,3.910456561490844,2.8710658539804346,5.126443741052279,0.616660964174544,1.6217126026664535,0.6769337491349728,0.6343433639320541,1.1326544680955577,0.7650885617994806,0.9457574406867064,1.9442071954956586
1.228793294594529,9.959025909584417,1.0583479600266315,2.1835983848561678,3.8989333029398536,0.22550974485036968,0.5471634124035791,3.910456561490844,2.8710658539804346,5.126443741052279,0.616660964174544,1.7156685420248687,2.1061773672603836,0.6343433639320541,1.1326544680955577,-0.7422269123184929,-0.9706535592735289,1.9442071954956586
1.228793294594529,9.959025909584417,1.0583479600266315,1.579628452540055,2.8205122437317827,0.22550974485036968,0.4653804562455305,3.910456561490844,2.8710658539804346,5.126443741052279,0.616660964174544,1.7156685420248687,2.1061773672603836,0.6343433639320541,1.1326544680955577,-0.7422269123184929,-0.9706535592735289,1.9442071954956586
1.1183789852949302,6.444385483028548,1.0583479600266315,1.579628452540055,2.8205122437317827,0.22550974485036968,0.42356328336224414,3.910456561490844,2.8710658539804346,5.126443741052279,0.616660964174544,1.5615056263513793,0.2410762057145839,0.4207963099539826,0.7513546254715026,-0.7606090346225489,-0.7373487695122687,1.1265507638707564
1.1183789852949302,6.444385483028548,0.37810259804517693,1.579628452540055,22.098643728900612,0.22550974485036968,1.1855970818667885,2.5325352480873033,2.8710658539804346,40.16556002603187,0.616660964174544,4.370814437042376,0.2410762057145839,0.217256331312439,3.039366792742575,-0.7606090346225489,-1.4830030176834763,0.4222868227630705
1.1183789852949302,16.376033184866433,0.37810259804517693,1.579628452540055,22.098643728900612,0.7812347453409806,4.107270995955331,0.5389809848339183,2.8710658539804346,40.16556002603187,0.616660964174544,4.370814437042376,1.072399863971565,0.33929954779025373,4.746723707044505,-0.7606090346225489,-1.8533073767807688,0.4222868227630705
1.0416865228674421,16.376033184866433,0.37810259804517693,1.579628452540055,22.098643728900612,0.7812347453409806,3.8256162700720946,0.5389809848339183,2.8710658539804346,40.16556002603187,1.8192830507969902,12.010586965579828,1.8515118247601452,0.33929954779025373,4.746723707044505,0.13171061734250356,0.2989198856488844,0.4222868227630705
1.0416865228674421,16.376033184866433,0.37810259804517693,1.579628452540055,22.098643728900612,0.7812347453409806,3.8256162700720946,0.5389809848339183,0.7735662247744132,10.822016009215263,1.8192830507969902,6.234353225714174,1.7415020797293914,0.34657304714841036,4.848478313148129,0.13171061734250356,0.3021068408177455,0.7877362422788516
1.0416865228674421,16.376033184866433,0.37810259804517693,1.579628452540055,22.098643728900612,0.7812347453409806,3.8256162700720946,0.5389809848339183,0.4683095592093813,6.551544502231091,1.5605349086368518,4.160853080967695,1.7415020797293914,0.26446906899578054,3.6998622832185224,0.13171061734250356,0.26390681794972065,0.7877362422788516
7.439456100898818,16.376033184866433,0.37810259804517693,1.579628452540055,22.098643728900612,0.7812347453409806,27.32156332573318,0.5389809848339183,0.18835089709854816,2.6349863249846037,1.4674316155470974,17.721000583372103,1.7415020797293914,0.26446906899578054,3.6998622832185224,0.13171061734250356,1.8847543322922322,0.7877362422788516
7.439456100898818,12.63158471157853,0.37810259804517693,1.579628452540055,22.098643728900612,0.7812347453409806,27.32156332573318,0.5389809848339183,0.18835089709854816,2.6349863249846037,1.4674316155470974,17.721000583372103,1.7415020797293914,0.7207094731008911,10.082562043302024,-0.7934819171205567,-18.744060222148907,2.960903909053106
7.439456100898818,30.78071686853567,0.37810259804517693,1.579628452540055,22.098643728900612,0.7812347453409806,27.32156332573318,0.5389809848339183,0.8789960244665614,12.296954991264943,1.4674316155470974,38.2822847043245,1.7415020797293914,0.7207094731008911,10.082562043302024,-0.7934819171205567,-18.744060222148907,2.960903909053106
7.439456100898818,24.851682329946026,0.37810259804517693,1.579628452540055,22.098643728900612,1.3291974440712853,46.4850704057534,0.5389809848339183,0.509089931702635,7.122052662812239,1.4674316155470974,29.134102737814885,0.6107578040799143,0.6201981196400174,8.67643100832997,-0.7934819171205567,-17.387965837407382,2.960903909053106
4.988058839571228,1.1667686863145292,0.37810259804517693,1.579628452540055,22.098643728900612,-1.2627095850370047,-29.608598788860625,0.5389809848339183,0.509089931702635,7.122052662812239,1.4674316155470974,19.534038069903566,0.7491918422493047,0.6201981196400174,8.67643100832997,-0.7934819171205567,-11.658405604001567,2.960903909053106
4.988058839571228,1.1667686863145292,0.4320085935934522,1.579628452540055,16.927786443893908,-1.2627095850370047,-25.914040351430554,0.5389809848339183,0.509089931702635,5.455564965762236,1.4674316155470974,17.096582461724154,0.4528486985059679,0.10762018732637185,1.1532911712138747,-1.2780785264314845,-6.846341995038531,2.960903909053106
4.988058839571228,1.1667686863145292,0.4320085935934522,1.579628452540055,16.927786443893908,-1.2627095850370047,-25.914040351430554,0.0797481312055106,0.509089931702635,5.455564965762236,-1.8973797786304114,-22.105772768476662,2.0811601400847786,2.802511232557293,30.03257606246542,0.30273794030505763,8.27550894610165,1.5738952394398569
4.988058839571228,0.9765222960635752,0.4320085935934522,1.579628452540055,16.927786443893908,1.0301168111401733,21.14063988022322,0.0797481312055106,0.509089931702635,5.455564965762236,-1.8405413339261558,-21.44356599400959,2.0811601400847786,0.11580364698062255,1.2409876527356045,0.30273794030505763,1.6822175128159096,1.5738952394398569
1.4820276635743235,0.9765222960635752,0.3389612034461127,0.6270619440660785,10.91542008515418,1.0301168111401733,5.043859868386756,0.0797481312055106,0.509089931702635,8.861852514320551,-0.5772598688058395,-2.546771232388687,2.0811601400847786,0.11580364698062255,2.01582230615033,0.30273794030505763,0.6370144521486445,1.5738952394398569
0.38296985269293576,0.9765222960635752,0.3389612034461127,0.6270619440660785,10.91542008515418,1.2455924845619275,1.576016623909091,0.0797481312055106,0.509089931702635,8.861852514320551,-0.5772598688058395,-0.6581095803287541,2.0811601400847786,0.11580364698062255,2.01582230615033,0.30273794030505763,0.16461051092276263,1.5738952394398569
0.6156779109094063,0.9765222960635752,0.3389612034461127,0.6270619440660785,10.91542008515418,1.2455924845619275,2.5336684225764463,0.10744053683168402,0.5317033889517141,9.255490475908225,-0.5772598688058395,-1.0812463585607095,2.0811601400847786,0.11580364698062255,2.01582230615033,0.30273794030505763,0.2646345522134775,1.5738952394398569
0.6156779109094063,0.7316650241074807,0.37929620679776804,0.6270619440660785,8.717329085218926,1.2455924845619275,2.264233815836251,0.3621544685979364,0.5317033889517141,7.391667539514754,-0.5772598688058395,-0.966264782908506,2.6074569015245976,2.3237729451476983,32.30477255696165,0.30273794030505763,1.059384874888055,1.5738952394398569
0.6156779109094063,0.7316650241074807,0.9778169668359338,0.1141125858930926,0.23869779386955117,1.2455924845619275,0.3746741702124811,0.3621544685979364,0.6148689021114143,1.28616707179424,-0.5772598688058395,-0.4030636487635732,2.6074569015245976,0.19483220394082457,0.4075450301247829,0.30273794030505763,0.11898938639665634,1.5738952394398569
0.6156779109094063,4.40305056376451,0.5491925952297875,0.1141125858930926,0.7566833826525223,1.2455924845619275,0.6670934092176698,0.3760143205782488,0.6148689021114143,4.077210914958948,0.6065218861299506,0.7540178694639247,2.6074569015245976,0.19483220394082457,1.2919371686634713,0.30273794030505763,0.21185617195615228,1.5738952394398569
6.20600785990621,4.40305056376451,0.7262360555209634,0.1141125858930926,0.432720957572763,1.2455924845619275,5.085015314536832,0.3760143205782488,0.6148689021114143,2.331615378102391,-0.6760464610298926,-6.406448222449954,0.3374132445085481,1.2954728265251183,4.912501435456259,0.4684728776634682,6.443890008767901,1.5944212958799746
6.20600785990621,4.40305056376451,0.7048259950619009,0.5092493018695615,2.050201805642909,1.2455924845619275,11.068444871414844,0.5292179285532845,0.6148689021114143,2.475418873849305,0.8908487787661412,8.698425720671931,0.3374132445085481,1.2954728265251183,5.215482315542615,0.4684728776634682,6.639632043888431,1.5944212958799746
6.20600785990621,1.6707022300189378,0.2695802555768715,0.5092493018695615,14.014715195686653,1.2455924845619275,28.93879469617979,0.5292179285532845,0.1779420292701233,4.897025587287063,1.0108611718286857,13.882574830012679,0.22166069919339224,0.7129071432983748,19.61944874075925,0.4684728776634682,12.877755462513614,4.422766892786467
0.8480045318860853,1.6707022300189378,0.2695802555768715,0.5092493018695615,14.014715195686653,1.2455924845619275,3.954269734046444,1.896873244901642,0.07845382720514271,2.159076193634754,1.0108611718286857,1.2595739576969243,3.1279554896296293,1.7774607170186063,48.9163276789672,-1.3323767060844716,-7.902274785596752,4.422766892786467
0.8480045318860853,1.6707022300189378,0.2695802555768715,0.5092493018695615,14.014715195686653,-1.021891960572298,-3.2441079255367975,1.896873244901642,0.9132078782596329,25.131793566099375,0.4007788857632252,1.7037848359134649,3.1279554896296293,1.7774607170186063,48.9163276789672,0.5548446616898419,3.2907622596312653,1.1924754319351745
0.8480045318860853,1.6707022300189378,0.2695802555768715,1.0559049047860483,29.058864607133998,-1.021891960572298,-4.671350736681998,1.022416494982778,0.9132078782596329,25.131793566099375,0.4007788857632252,1.7037848359134649,3.1279554896296293,1.7774607170186063,48.9163276789672,0.5548446616898419,3.2907622596312653,1.1924754319351745
0.944834033857044,3.6618800641259655,0.2695802555768715,1.0559049047860483,29.058864607133998,-1.7787589889934572,-9.059661205888164,1.022416494982778,0.9132078782596329,25.131793566099375,-1.1281507240131794,-5.343605607549519,3.1279554896296293,0.1278490915942138,3.518450786564071,0.5548446616898419,0.9833376799074911,1.1924754319351745
1.174402846047091,3.6618800641259655,0.09253856484165698,1.0559049047860483,246.60920502426345,-1.7787589889934572,-32.80490953482348,1.7596645754789286,0.9132078782596329,213.28196114889195,-0.4070391165644499,-6.981203613715989,3.1279554896296293,0.1278490915942138,29.859471907190155,0.5548446616898419,3.5606523134201473,1.1924754319351745
1.7376752141066307,0.8329186265440943,1.0541318057187157,2.002860745768347,3.6048808600669653,1.4008671987446983,4.621798751105209,1.7596645754789286,0.8433046644230975,1.5178353514626375,0.7318898832926689,1.5668473317082403,3.1279554896296293,0.027641518655896653,0.049751028251142713,0.5548446616898419,0.21505079330026225,1.1924754319351745
1.7376752141066307,0.8329186265440943,1.0541318057187157,0.8936985670753123,1.6085376209633342,-1.02912585255085,-2.268050425806508,1.7596645754789286,0.13819834335163966,0.2487384926255425,-0.9581854046438883,-0.8304044289348442,3.1279554896296293,0.18071166984114256,0.32525678142000103,0.5548446616898419,0.5498613556311281,1.1924754319351745
1.7376752141066307,0.8329186265440943,1.0541318057187157,1.6838797580043012,3.0307578413072473,0.5371534098087891,1.6249595782405946,1.7596645754789286,1.8195442663945178,3.2749357706613287,-0.06074322467581905,-0.1910151630317276,0.5609050537243726,3.372315245254975,6.0697153845651135,0.09129612250402014,0.39084548796476415,1.1924754319351745
1.7376752141066307,0.8329186265440943,1.0541318057187157,0.7075096209845377,1.2734224765196855,0.5371534098087891,1.0533027036734848,1.7596645754789286,1.8195442663945178,3.2749357706613287,-0.06074322467581905,-0.1910151630317276,0.5609050537243726,3.372315245254975,6.0697153845651135,0.09129612250402014,0.39084548796476415,1.1924754319351745
1.1143147345739037,0.8329186265440943,0.9143415706448947,0.7851535080198929,1.8783115980664946,-0.8421006200660943,-1.2860435643912869,1.7596645754789286,0.772803393861066,1.8487665951784962,-0.7394305567096606,-1.1203308874434244,0.5609050537243726,3.372315245254975,8.067541917342345,0.09129612250402014,0.2889554041750386,1.1924754319351745
1.1143147345739037,0.8329186265440943,0.9143415706448947,0.7851535080198929,1.8783115980664946,-1.4942356905288723,-2.281974561825642,3.946227793664025,1.607914858205175,3.846591903393372,-0.7394305567096606,-1.6160073192966673,0.5609050537243726,0.10769512955063736,0.25763753052620975,-0.24104814823060133,-0.13633778582590705,0.3718255529933839
1.1129816208296794,3.842820667957017,0.9143415706448947,0.7851535080198929,1.8783115980664946,-0.5246822284613073,-0.800328287432457,3.946227793664025,1.607914858205175,3.846591903393372,-0.19911451324316498,-0.43463927309476,0.5609050537243726,0.10769512955063736,0.25763753052620975,0.936447516291615,0.5290247598250395,0.3718255529933839
1.1129816208296794,0.49306302199401475,0.9143415706448947,0.7851535080198929,1.8783115980664946,-0.5246822284613073,-0.800328287432457,3.946227793664025,1.607914858205175,3.846591903393372,-0.19911451324316498,-0.43463927309476,1.817328826433977,0.16952470577245524,0.40555154852997877,0.936447516291615,0.6637346139681762,0.6928254549191567
1.1129816208296794,0.49306302199401475,0.9143415706448947,0.5792952792618031,1.3858398779707741,1.2187996484142152,1.5968967610735603,2.214710662690965,1.607914858205175,3.846591903393372,-0.19911451324316498,-0.43463927309476,2.1661506039411087,0.13778391528965644,0.3296185057725247,0.936447516291615,0.5983802184464354,0.6928254549191567
5.20789721528425,1.353082371197917,0.9143415706448947,0.6191406885681018,1.4811614853574295,1.2187996484142152,7.724954494919048,2.214710662690965,1.3319312735238604,3.186360289208512,-0.19911451324316498,-1.8510270321505584,0.27249748972406035,0.13778391528965644,0.3296185057725247,0.936447516291615,2.799958790878599,2.4200632386551977
12.180135637947293,1.353082371197917,0.567608739939959,0.6191406885681018,3.843449626526958,-1.2839440832543756,-30.659059737713616,0.46078512614979067,1.3319312735238604,8.268251223521023,-0.7554523830517439,-26.458550733714215,0.27249748972406035,0.13778391528965644,0.8553234305860081,0.936447516291615,10.548743962810834,2.4200632386551977
12.180135637947293,1.353082371197917,0.567608739939959,0.6191406885681018,3.843449626526958,-0.7840456835671163,-18.722079694196687,0.8017301298845845,1.767920858858074,10.974750796013762,1.8693080264425632,75.42760691705341,0.27249748972406035,0.13778391528965644,0.8553234305860081,0.936447516291615,10.548743962810834,2.4200632386551977
12.180135637947293,1.353082371197917,1.030578533156757,0.6191406885681018,1.1658888734560113,-0.9680555314669292,-12.731541039897815,0.8017301298845845,0.23440834951865155,0.44140870014703115,1.8693080264425632,15.127022044686074,0.27249748972406035,0.1715855153179123,0.32310853873620954,0.936447516291615,6.483504018349165,2.4200632386551977
0.7497381003603377,1.353082371197917,1.030578533156757,0.6191406885681018,1.1658888734560113,-0.9680555314669292,-0.7836794004308256,0.8017301298845845,0.23440834951865155,0.44140870014703115,-0.7693161061548748,-0.38320825031081995,0.16282176675610427,1.9952314286972999,3.757172102624706,0.936447516291615,1.3608917086389203,2.4200632386551977
4.406354020015878,0.902631065520243,0.8196280345081043,0.6539312525998032,1.9468320180534326,-0.9680555314669292,-5.951739270543095,0.5491538909159188,0.23440834951865155,0.6978618598326158,-0.7693161061548748,-2.8318415088667805,1.9819224101206263,0.4687691076196643,1.3955820342888632,-0.9155899019878742,-4.766044203714135,2.4200632386551977
4.224350908143465,0.902631065520243,0.8196280345081043,0.6539312525998032,1.9468320180534326,0.442734355425479,2.6095609858200066,0.5491538909159188,5.6787196990670425,16.906231790790848,-0.05731304250871916,-0.9954899052380647,2.0164497269771307,0.4687691076196643,1.3955820342888632,-1.1580356715748743,-5.779092014992027,2.7491010427031717
6.2691519612306825,9.477288923804913,0.8196280345081043,0.6539312525998032,1.9468320180534326,0.442734355425479,3.872721449505342,1.5014961845478325,5.6787196990670425,16.906231790790848,-0.05731304250871916,-1.4773577355464833,2.0164497269771307,0.4687691076196643,1.3955820342888632,-1.1580356715748743,-8.576466971547672,2.7491010427031717
0.3046902466834931,9.803105757808762,0.8196280345081043,0.30732056463324103,0.9149302968096635,0.442734355425479,0.12903151030676538,1.5014961845478325,3.051705232540423,9.085293649372035,1.1550414288387798,1.060780673263676,0.22568265175625155,1.989080520356435,5.921732029354695,-1.1580356715748743,-0.858627640992246,6.750378752103061
0.32757119194136136,9.803105757808762,0.8196280345081043,0.30732056463324103,0.9149302968096635,0.9894325464495295,0.31001727705278675,1.5014961845478325,3.580242655135724,10.658813148489303,1.2527710371250393,1.3397748771582176,0.32328725584446605,1.989080520356435,5.921732029354695,-1.1580356715748743,-0.923106935174722,6.750378752103061
11.91209568372382,9.803105757808762,1.059390419226862,0.30732056463324103,0.5476581261253568,0.9894325464495295,8.722262107116162,0.24655841653428315,1.1655230925599447,2.0770109985609735,-0.11874466772291825,-2.038551501933042,0.32328725584446605,1.989080520356435,3.544624850572163,-1.1580356715748743,-25.971393330184203,6.750378752103061
11.91209568372382,11.69458991203536,0.8352390528456396,0.30732056463324103,0.8810489413021082,0.5613050929188871,6.276061242053677,0.24655841653428315,1.1655230925599447,3.34140635199141,-0.11874466772291825,-2.585633326040747,0.32328725584446605,1.989080520356435,5.702440670431882,-1.1580356715748743,-32.94128210867362,1.5206441176641903
11.91209568372382,11.69458991203536,0.8352390528456396,0.30732056463324103,0.8810489413021082,0.42285895633810455,4.7280681045100605,0.24655841653428315,1.0110309006613003,2.898496902458855,-0.11874466772291825,-2.4081786960114346,0.3923420679818553,1.989080520356435,5.702440670431882,-1.466019310784099,-41.702131358032055,1.5206441176641903
0.8139559851356388,11.69458991203536,0.8352390528456396,0.2885924707602454,0.8273578799860489,-0.40049984003221883,-0.296517255477676,0.24655841653428315,0.5931024994076429,1.7003493723576761,-0.11874466772291825,-0.12603295537061374,0.3923420679818553,0.8793837017286412,2.521081139919736,-1.466019310784099,-1.894671941679789,1.5206441176641903
0.8139559851356388,11.69458991203536,0.34393403635455294,0.2885924707602454,4.879380418068963,1.2830413544345554,2.3068742163760696,0.24655841653428315,0.5931024994076429,10.027887123644481,-0.11874466772291825,-0.30606928987560394,2.2719444419754775,1.3741093345314248,23.232768899118547,-1.466019310784099,-5.751632090593987,1.5206441176641903
0.8139559851356388,1.1965942975578718,0.8724628581361225,0.2885924707602454,0.7582651512869044,-0.028463567076108864,-0.02017440777201469,0.20882678151155237,4.96686798938038,13.05024658983031,-0.11874466772291825,-0.3491599289732775,2.2719444419754775,4.238519359506249,11.136539754145268,-1.466019310784099,-3.9821328786502654,1.5206441176641903
0.8139559851356388,1.1965942975578718,0.8724628581361225,0.29503953865158394,0.775204563798619,-0.028463567076108864,-0.020398508163633,0.20882678151155237,0.6620623905607698,1.7395423983773814,0.8673069213822326,0.9310890996632761,2.2719444419754775,0.8991761391049861,2.3625492701036155,-0.8427876846573507,-1.0544100553585174,3.209885688549142
0.8139559851356388,1.1965942975578718,1.052355256365617,0.29503953865158394,0.5328260711128868,-0.028463567076108864,-0.016911533084007446,0.26670971975007907,0.4301395314906552,0.7768096358947897,0.8673069213822326,0.6222014734192411,2.0516342885748298,0.8991761391049861,1.6238653694600067,-0.8427876846573507,-0.8741664043401224,0.48895517733635685
0.8358258770577874,1.1965942975578718,1.052355256365617,0.29503953865158394,0.5328260711128868,-1.9464198316548424,-1.187531304615363,0.26670971975007907,0.4301395314906552,0.7768096358947897,1.0000333819198186,0.7366948131299431,2.0516342885748298,3.670390978115178,6.628535325317141,-0.5766103092040896,-1.2408149090889236,0.48895517733635685
0.7878901079703853,4.633743015748848,0.49093949652385155,0.019496844995832846,0.16178505051549455,-1.9464198316548424,-0.616838344925899,0.26670971975007907,0.4301395314906552,3.569302922898584,1.0000333819198186,1.4885788667877902,0.818341934429477,1.5936313190317721,13.22397154553651,-2.4511795091586515,-7.022984637149098,0.3778560290206639
0.7878901079703853,4.633743015748848,0.49093949652385155,1.3432646416524447,11.146425893618549,-1.9464198316548424,-5.120000286540692,0.26670971975007907,0.4301395314906552,3.569302922898584,0.6693861905369698,0.9964008751787959,0.818341934429477,1.5936313190317721,13.22397154553651,1.0690825614629325,3.0630765217090508,0.3778560290206639
0.7878901079703853,0.7784004932521242,0.49093949652385155,0.993494312781426,8.24402756520625,-1.9464198316548424,-4.403235224042152,0.1622616892334292,0.4301395314906552,3.569302922898584,0.6693861905369698,0.9964008751787959,0.818341934429477,1.5936313190317721,13.22397154553651,1.4353229179763862,4.112408236374391,3.0651705152778486
3.373559459255019,0.7784004932521242,0.13700353788783895,0.993494312781426,105.85998218094178,-0.7569853155107986,-26.27493995139063,0.1622616892334292,0.4301395314906552,45.83273658752917,-0.8042358310729527,-18.367907422250735,0.818341934429477,1.5936313190317721,169.80649095352138,1.4353229179763862,63.097932923152634,3.0651705152778486
3.373559459255019,0.7784004932521242,0.42306484821983087,1.0435551168073693,11.660884763520782,-0.7569853155107986,-8.720503799794576,0.6830649622591675,0.6707465823379364,7.495050789551978,-0.8042358310729527,-7.427780775034536,0.6959950054937768,2.7000880401701695,30.171300950649197,-1.1327639367092077,-20.99059752795273,3.0651705152778486
3.373559459255019,0.5400185345890118,0.42306484821983087,0.12426247661540266,1.3885327156221305,-0.7569853155107986,-3.0092196028399396,0.6830649622591675,1.141643622610308,12.756944515777395,-0.3556007977879526,-4.284739557214491,0.6261675456151237,2.7000880401701695,30.171300950649197,-1.1327639367092077,-20.99059752795273,4.635417125482365
3.373559459255019,0.5400185345890118,1.244230019019791,0.6388116678962992,0.825280313135444,-0.7569853155107986,-2.3199390038516885,0.6830649622591675,1.141643622610308,1.474888537117116,-0.3556007977879526,-1.4569031953292073,0.6261675456151237,1.3788453532619047,1.7813292744835432,-1.1327639367092077,-5.100348897923404,4.635417125482365
0.283670430530387,7.256734565669336,0.8578155982971915,0.14789813917185876,0.4019803530915635,-0.7569853155107986,-0.13614570223153508,2.7617780567914645,0.553749875190295,1.5050667412031808,-0.3556007977879526,-0.12375269739607687,0.6261675456151237,1.3788453532619047,3.74763837507663,0.5027824821790672,0.27610421982396816,4.635417125482365
0.283670430530387,7.256734565669336,0.49939681179503753,0.047263850761938696,0.3790247475124549,0.3417218888994298,0.059678878018392764,2.7617780567914645,0.553749875190295,4.44070686678103,-0.3556007977879526,-0.21257042826552114,0.6261675456151237,1.3788453532619047,11.057425568457388,0.5027824821790672,0.47426515533680075,4.635417125482365
1.521591660825686,7.256734565669336,0.49939681179503753,0.1423145714779435,1.1412685097002067,-1.0947323044791542,-1.7795081050656516,0.7737542470235645,0.553749875190295,4.44070686678103,1.1812665074995654,3.7876693798812124,0.8665735384526693,1.3788453532619047,11.057425568457388,0.7366901868969941,3.7274344658470753,1.0831459826204928
88.35187991755532,51.304817018158126,0.48085687907178865,0.18699989523887167,1.6174828781083168,1.288854849562689,144.82370399569007,0.7737542470235645,0.553749875190295,4.789740340393165,1.1812665074995654,228.41239647069747,0.8665735384526693,1.3788453532619047,11.926524063617446,0.21160769194257945,64.56604572456779,1.0831459826204928
0.4915582233014494,1302.6560175637142,0.48085687907178865,1.3104958239191893,11.335324837022247,1.288854849562689,2.133025075370827,0.7118741552191628,0.553749875190295,4.789740340393165,1.1812665074995654,1.270804785296401,1.0664889952597425,1.3788453532619047,11.926524063617446,-0.10135533994041934,-0.1720594557395407,1.0831459826204928
0.5575139282563006,1302.6560175637142,0.48085687907178865,0.2140234650302015,1.8512271878952622,1.288854849562689,0.9776639279610356,0.7118741552191628,0.553749875190295,4.789740340393165,0.9325138580105872,1.1378028084595926,1.0664889952597425,1.188771398598029,10.282451659991588,-0.19695189207317548,-0.35209853438661065,1.0831459826204928
0.7150504012263903,620.2860967482422,0.48085687907178865,0.2140234650302015,1.8512271878952622,1.288854849562689,1.2539220071856685,0.3592192213278264,0.553749875190295,4.789740340393165,-0.14703032763613777,-0.23009096460947615,1.0664889952597425,1.188771398598029,10.282451659991588,-0.19695189207317548,-0.4515908671049863,3.976731829990635
0.7150504012263903,1327.665948764372,0.48085687907178865,0.2140234650302015,1.8512271878952622,0.5480526767052383,0.5331983757914122,0.5368179086807406,1.028182098225341,8.893411075618992,-0.14703032763613777,-0.31352903311164465,2.0866512357008693,1.188771398598029,10.282451659991588,-0.19695189207317548,-0.4515908671049863,3.976731829990635
0.7150504012263903,1327.665948764372,0.48085687907178865,0.2140234650302015,1.8512271878952622,0.5480526767052383,0.5331983757914122,0.5368179086807406,1.028182098225341,8.893411075618992,-0.36384555607706404,-0.7758681302888726,2.0866512357008693,1.188771398598029,10.282451659991588,-0.19695189207317548,-0.4515908671049863,3.915935293569516
0.7150504012263903,225.4010842900876,0.48085687907178865,0.9533480526729564,8.24612307994423,0.5480526767052383,1.1253402802668977,0.5368179086807406,1.028182098225341,8.893411075618992,-0.021674550075223176,-0.04621904091128743,2.0866512357008693,1.188771398598029,10.282451659991588,-0.19695189207317548,-0.4515908671049863,4.0139583553959115
2.6930783072649733,7.1793875673996395,0.48085687907178865,0.06246461173479269,0.540296773105939,0.5480526767052383,1.084894410694855,0.5368179086807406,1.028182098225341,8.893411075618992,-0.021674550075223176,-0.17407373836487353,2.0866512357008693,1.188771398598029,10.282451659991588,-0.19695189207317548,-1.7008165660400345,5.328665004497972
0.603812022853462,4.666678276498861,0.48085687907178865,0.06769730944474514,0.5855577554254913,0.5480526767052383,0.2532263692555958,0.5368179086807406,1.028182098225341,8.893411075618992,-0.021674550075223176,-0.039028874802568815,0.4480422493741511,2.5034629709264298,21.65406823506043,-0.19695189207317548,-0.5533904550275358,0.26031870614793606
1.0736518278778453,1.4959290714690392,0.48085687907178865,0.06769730944474514,0.5855577554254913,1.0213174895687949,0.8390910823800598,0.34315354144056875,3.8890977227364534,33.63931819202775,-0.021674550075223176,-0.13496996998749491,0.4480422493741511,2.5034629709264298,21.65406823506043,0.8998922327579328,4.495973280973661,0.26031870614793606
1.909790384695345,1.4959290714690392,0.48085687907178865,2.283369439411585,19.750337121452546,1.0213174895687949,8.668295902102475,0.34315354144056875,3.8890977227364534,33.63931819202775,-0.021674550075223176,-0.2400818814924648,0.4480422493741511,2.5034629709264298,21.65406823506043,0.8998922327579328,7.997347295372549,0.26031870614793606
1.909790384695345,1.4959290714690392,0.48085687907178865,2.283369439411585,19.750337121452546,1.8387011783649203,15.60573088427273,0.4012446477141874,0.3455318866761946,2.988728468672592,-0.021674550075223176,-0.07156143219173888,0.4480422493741511,0.617062452717105,5.337371717339699,1.533452897679397,6.7658110959233815,0.26031870614793606
1.909790384695345,1.4959290714690392,0.48085687907178865,1.1314079193640996,9.786277876733148,0.1981769739548882,1.1839889978459344,0.4012446477141874,0.3455318866761946,2.988728468672592,-0.021674550075223176,-0.07156143219173888,0.4480422493741511,0.617062452717105,5.337371717339699,-0.15085994951943515,-0.6656154368573465,0.9700381602171225
1.909790384695345,1.4959290714690392,1.11075972618975,0.8835165708266792,1.4322025593927288,0.1981769739548882,0.4529404611272097,0.4012446477141874,0.04048634001504332,0.06562937437125244,-0.021674550075223176,-0.010604371299721247,0.6189731851809839,1.9914999910788338,3.228271521364854,1.17279699738128,4.024329899379287,0.9700381602171225
1.909790384695345,1.4959290714690392,1.11075972618975,0.8835165708266792,1.4322025593927288,1.067159824992617,2.439031405023963,0.4012446477141874,0.04048634001504332,0.06562937437125244,-0.021674550075223176,-0.010604371299721247,0.6189731851809839,1.9914999910788338,3.228271521364854,0.5846580261944222,2.006192700850999,0.1476527501886873
1.909790384695345,9.476787041231702,1.11075972618975,0.8835165708266792,1.4322025593927288,-0.8925890864066959,-2.040043827120873,0.3502961230755456,0.04048634001504332,0.06562937437125244,-0.021674550075223176,-0.010604371299721247,0.6189731851809839,0.17583338353602826,0.28503033247169807,0.5846580261944222,0.5961192662320908,6.337730163173398
3.281019823163643,35.58393568043532,0.2957077961229494,0.8835165708266792,20.207805164187622,-0.8925890864066959,-13.164973817892372,0.3502961230755456,0.04048634001504332,0.9260042175208327,0.950799932633015,3.0019570816486176,0.47505091391596926,0.17583338353602826,4.021663965545444,-0.6393814081128778,-4.206992598540704,5.2952226695117774
3.281019823163643,2.5775769068840746,0.2957077961229494,0.8835165708266792,20.207805164187622,-0.8925890864066959,-13.164973817892372,1.3061260861123036,0.04048634001504332,0.9260042175208327,0.950799932633015,3.0019570816486176,0.47505091391596926,0.17583338353602826,4.021663965545444,-0.6393814081128778,-4.206992598540704,10.067850198452419
3.281019823163643,2.34474678542258,0.2957077961229494,0.8835165708266792,20.207805164187622,-0.8925890864066959,-13.164973817892372,1.3061260861123036,0.00677520554077244,0.15496260968501083,0.950799932633015,1.228037015168806,0.8017853533542579,0.2875038015975023,6.575791556698829,-0.6393814081128778,-5.379511956954725,10.067850198452419
2.5209085805517852,28.500695189895726,0.5646848693315897,0.8835165708266792,5.541564506109101,1.256848125922523,7.458579014120084,1.3061260861123036,0.00677520554077244,0.042495228483613326,0.0373119404935609,0.019389875339255153,1.1021024855450212,0.2875038015975023,1.8032721908242468,-0.6393814081128778,-2.1644509222253197,10.067850198452419
2.5209085805517852,54.395831113244526,0.5646848693315897,0.8835165708266792,5.541564506109101,1.256178941133668,7.454607836123491,1.1487769766061584,0.006903227884865838,0.04329820615425629,0.0373119404935609,0.019572210796969976,1.1021024855450212,0.2875038015975023,1.8032721908242468,-0.6393814081128778,-2.1644509222253197,10.067850198452419
2.5209085805517852,83.05774373176195,0.5646848693315897,0.8835165708266792,5.541564506109101,1.256178941133668,7.454607836123491,7.718559567240251,0.033011173727936764,0.20705163284551678,0.0373119404935609,0.04280004863335981,1.3973610479938998,0.2875038015975023,1.8032721908242468,-0.6393814081128778,-2.1644509222253197,1.5937176925129
2.5209085805517852,0.7053860889697646,0.5646848693315897,0.8835165708266792,5.541564506109101,-1.1660545178925645,-6.919777797408687,0.872475296329319,0.008316411238788792,0.05216192979375316,0.0373119404935609,0.02148234850235746,1.3973610479938998,0.6148926072826024,3.856709834426637,-0.6393814081128778,-3.16537802380909,0.5086890090520948
12.466508537044653,0.7053860889697646,0.8009566894065241,0.41500646745855696,1.2937989511881374,-1.1660545178925645,-16.534729410423274,0.872475296329319,0.003480930629510151,0.01085193786303736,0.048268571755209114,0.06268489985784889,1.3973610479938998,0.6148926072826024,1.9169518375638677,-0.6135253228865579,-10.589682328326427,2.497704575205723
19.943375793297925,0.7053860889697646,0.8009566894065241,0.41500646745855696,1.2937989511881374,-1.1660545178925645,-26.451537837773802,0.872475296329319,0.004732725112017376,0.014754456294831865,0.048268571755209114,0.11692967062148253,4.956539451893941,0.15696540129795156,0.4893457993938246,-0.6135253228865579,-8.559316737461636,2.497704575205723
1.5237737243221563,0.7053860889697646,0.8009566894065241,0.002154677069413491,0.006717290334360124,-1.1660545178925645,-0.14562515353479377,0.872475296329319,0.0010111487421142604,0.0031522958908424123,-0.7688033218551075,-0.06577323753258878,4.956539451893941,0.032052251710768205,0.09992415275010441,-0.6135253228865579,-0.2955209065663974,2.497704575205723
1.5237737243221563,0.7053860889697646,0.8309741879941933,0.002154677069413491,0.006240754778018798,-1.1660545178925645,-0.14036469791088174,0.872475296329319,0.004018878874310355,0.011640183994698673,-0.7688033218551075,-0.1263908557082197,1.0020620274296477,0.032052251710768205,0.09283537001889879,-0.6135253228865579,-0.2848457273326165,2.497704575205723
0.9650781481189479,0.7053860889697646,0.8309741879941933,0.035802041312343956,0.10369617032386932,1.2719962383197754,0.39530259732647943,0.872475296329319,0.028953029359164023,0.0838588570307222,-0.7688033218551075,-0.21485833342588218,1.0020620274296477,1.9130545233274392,5.540925053941375,-0.6135253228865579,-1.3937539551990146,0.5737994671189455
0.9650781481189479,0.7053860889697646,0.8309741879941933,0.035802041312343956,0.10369617032386932,-0.9491952092157445,-0.29498462359328614,0.423703186445256,0.028953029359164023,0.0838588570307222,-1.683962614104423,-0.47061893534086136,0.1305032165088742,1.9130545233274392,5.540925053941375,-0.6135253228865579,-1.3937539551990146,0.5737994671189455
0.7844539887627062,1.1873202498603121,1.1456846343390608,0.3408722822088909,0.5193875163760469,0.12606491538523268,0.07127011602323917,0.4307417951287019,0.028953029359164023,0.04411576650636436,-1.683962614104423,-0.27745773446217586,0.13728442281110334,1.9130545233274392,2.9149235341877984,-0.329091538196155,-0.440755534651379,0.7842615193561281
0.7844539887627062,1.0143473331522508,1.1456846343390608,0.15709882997219865,0.23937168078348053,0.12606491538523268,0.04838359084754578,1.8744031976861175,0.028953029359164023,0.04411576650636436,-1.683962614104423,-0.27745773446217586,0.13728442281110334,1.9130545233274392,2.9149235341877984,-0.329091538196155,-0.440755534651379,0.7842615193561281
0.7060865999630054,1.0143473331522508,0.28695532587246475,0.22995482668364678,5.585267090053662,0.023937050491079637,0.039943910366357555,1.8744031976861175,0.2403417205029289,5.8375495798512285,-1.683962614104423,-2.872802076939792,0.13728442281110334,0.9512815385029165,23.10524004649562,1.1006028511039148,3.7354578950006085,0.7842615193561281
0.7060865999630054,1.976734359113432,0.37595034479490513,0.13115654154567105,1.8559188253296792,0.023937050491079637,0.023025448267402496,1.8744031976861175,0.7070636589146376,10.005240606540463,-1.683962614104423,-3.7610073619721507,1.716519978672957,0.9512815385029165,13.461023710215505,1.1006028511039148,2.8511997724793616,0.7842615193561281
0.7060865999630054,1.976734359113432,0.37595034479490513,0.13115654154567105,1.8559188253296792,0.023937050491079637,0.023025448267402496,1.078482502225057,0.7070636589146376,10.005240606540463,-0.583414684100465,-1.3030140358261189,1.716519978672957,0.9512815385029165,13.461023710215505,1.1006028511039148,2.8511997724793616,0.7842615193561281
0.7060865999630054,1.976734359113432,0.8900731941734323,2.5482193084023783,6.4330267029567505,0.023937050491079637,0.04286830209083185,1.1276008059962273,0.7070636589146376,1.7849952645323588,-0.7094026063557282,-0.6692205730143675,0.48991698485397395,0.9512815385029165,2.401527811613583,1.1006028511039148,1.2042936969225335,0.7842615193561281
0.7060865999630054,1.976734359113432,0.8900731941734323,0.06644892120854672,0.16775152872742874,0.023937050491079637,0.006922482216573517,1.1276008059962273,0.31817425114328224,0.8032367728511054,-0.7094026063557282,-0.4489237071780727,0.4285077118914164,0.9512815385029165,2.401527811613583,1.1006028511039148,1.2042936969225335,0.5978957230083114
0.7060865999630054,1.976734359113432,0.8900731941734323,0.46583007737709,1.1759966329923255,0.6654646327428231,0.509549040147173,1.1276008059962273,0.31817425114328224,0.8032367728511054,-0.7094026063557282,-0.4489237071780727,0.4285077118914164,2.0884283257463006,5.272275876113785,-1.6459696171211617,-2.6685715239492485,0.2943684721274909
0.7060865999630054,1.976734359113432,0.37138137863998405,0.46583007737709,6.754874332420032,0.6654646327428231,1.2212134690561778,7.635777713623185,0.31817425114328224,4.613757648252756,-0.7094026063557282,-1.0759154361789165,0.4285077118914164,2.0884283257463006,30.283727002159495,0.21577869874248923,0.83843847731149,0.2943684721274909
0.7060865999630054,1.976734359113432,1.1448974427982592,0.46583007737709,0.7107622463727505,-0.7335723918348687,-0.4366798208044036,0.432911855441859,1.906724825335879,2.909275475944335,-0.7094026063557282,-0.8543644563351286,0.6397795547458869,0.225015374648222,0.34332783759669266,0.21577869874248923,0.08927318891344929,0.2943684721274909
0.7060865999630054,1.976734359113432,1.126222674955773,0.46583007737709,0.7345290694418205,-0.7335723918348687,-0.44392074611727833,0.432911855441859,1.906724825335879,3.0065572826931017,0.33732103549334447,0.4129867666450189,8.092511643826239,0.225015374648222,0.35480820534623075,0.21577869874248923,0.09075349659557136,9.435826447580382
0.6567552058838272,1.976734359113432,1.126222674955773,0.46583007737709,0.7345290694418205,-0.7335723918348687,-0.4129058121590618,0.21442490120467061,1.906724825335879,3.0065572826931017,0.15113382298012176,0.1721075543983367,8.092511643826239,2.1824174120045052,3.441274208396864,0.21577869874248923,0.2628885878333403,5.559229312885217
0.7080226159498264,1.6477515445195265,1.126222674955773,0.041067639745979816,0.06475617756722817,-0.7335723918348687,-0.13216933690873692,0.31933475172807363,1.906724825335879,3.0065572826931017,-0.8660445499268739,-1.0632174716453433,8.092511643826239,0.4181220398172823,0.6593021956619772,0.21577869874248923,0.12405034062070532,5.559229312885217
0.7080226159498264,5.504357018779836,0.7103186245557349,4.4969674738599545,17.82556638828935,-0.7309135205485093,-2.184916251165115,0.3704394015752449,1.906724825335879,7.558082231146376,-0.8660445499268739,-1.6857500051122158,5.066673625596979,0.8517310546123308,3.376183738755817,0.21577869874248923,0.2807170148676728,0.572265161574627
0.7080226159498264,0.53507261260843,0.7103186245557349,4.4969674738599545,17.82556638828935,-0.13092729999341268,-0.3913803445065591,0.3704394015752449,1.906724825335879,7.558082231146376,-0.8660445499268739,-1.6857500051122158,5.066673625596979,2.1293939962983677,8.440722390918365,0.11026997244201696,0.22682671584180772,0.572265161574627
5.694406631988604,0.53507261260843,0.7103186245557349,4.5270391184323735,17.944767627757194,-0.8700009637094122,-20.986360537459994,0.3704394015752449,1.906724825335879,7.558082231146376,-0.8660445499268739,-13.557965229836778,5.066673625596979,0.20427346910506938,0.809721285747504,0.11026997244201696,0.5650326195415112,1.0781976861381646
5.694406631988604,1.2521080183889868,0.7103186245557349,0.917210535314859,3.6357383913341152,0.5820807508936066,6.320159333659848,0.3704394015752449,1.906724825335879,7.558082231146376,-0.8660445499268739,-13.557965229836778,5.066673625596979,0.20427346910506938,0.809721285747504,0.11026997244201696,0.5650326195415112,2.955466735848631
2.50377314066763,1.2521080183889868,0.7162342382179244,1.0933929246210272,4.262811211230098,0.5820807508936066,3.0090282388866045,0.3704394015752449,1.906724825335879,7.433748453228491,-0.8660445499268739,-5.912064176797159,5.066673625596979,0.20427346910506938,0.7964010143560872,0.11026997244201696,0.24638720133031658,2.955466735848631
2.50377314066763,1.2521080183889868,0.7162342382179244,1.0933929246210272,4.262811211230098,-1.0238001608890994,-5.292467738131806,0.3704394015752449,1.906724825335879,7.433748453228491,0.9344574428559262,6.3790856637992555,5.066673625596979,0.060231617780603576,0.23482502014056417,0.11026997244201696,0.13379023802110124,2.955466735848631
3.9303729359713597,1.2521080183889868,0.7162342382179244,0.8023898115785314,3.1282773169209066,-0.7232345876589017,-5.027656185235066,1.1110973000782969,1.906724825335879,7.433748453228491,0.9344574428559262,10.013760928258062,5.066673625596979,0.060231617780603576,0.23482502014056417,0.11026997244201696,0.21002123637890224,1.5587709670665515
8.37504326463963,2.4049126203027247,0.2388204978318663,0.4974879296237591,17.444934578612706,0.31255104260710453,10.933083972452911,1.1110973000782969,0.7392876523652459,25.92389475668589,0.5366441654686405,22.883560388967773,0.391129709495411,0.060231617780603576,2.112084674177498,0.11026997244201696,1.3421466999446021,1.5587709670665515
5.294230638341847,2.4049126203027247,0.9920782003552959,0.4974879296237591,1.0109291752409932,0.31255104260710453,1.66373508126514,1.1110973000782969,0.7392876523652459,1.5022825925378094,1.9174680880422559,12.442476217911924,0.391129709495411,0.14470141739638012,0.2940430829253612,0.11026997244201696,0.31656697538635115,0.9200131994285549
5.294230638341847,1.213585652538026,0.9920782003552959,0.4974879296237591,1.0109291752409932,0.31255104260710453,1.66373508126514,1.5947043709137867,0.7392876523652459,1.5022825925378094,1.9174680880422559,12.442476217911924,4.193273738753723,0.14470141739638012,0.2940430829253612,0.11026997244201696,0.31656697538635115,0.9200131994285549
5.294230638341847,0.55625328638307,0.5967909167984577,0.017221319138967964,0.09670568412700095,0.7928021364731096,1.3052499031605065,1.846991667052376,0.7046740920703305,3.9570714421077966,1.9174680880422559,20.193795200130523,1.0733298974333998,0.14470141739638012,0.8125654864498523,0.11026997244201696,0.5262466073009476,0.9200131994285549
3.028235336989418,0.55625328638307,0.7234020943641382,0.006477255300251092,0.02475491771965404,0.7928021364731096,0.3777332179045902,0.4328630948812367,0.7046740920703305,2.693139047290096,0.671773767404942,3.3384282911374084,1.0733298974333998,0.5057755690144476,1.932984268055406,0.11026997244201696,0.4642597666421781,0.9200131994285549
3.436234670148375,0.55625328638307,0.7234020943641382,0.007758047635990219,0.029649878226453354,2.799169000460859,1.6562404696522273,2.3883347083794497,0.13351126448030667,0.5102563066687891,0.671773767404942,1.6489217505433134,1.0733298974333998,0.5057755690144476,1.932984268055406,0.11026997244201696,0.5268102801009026,0.9200131994285549
3.436234670148375,0.899337200909589,0.7234020943641382,0.007758047635990219,0.029649878226453354,2.799169000460859,1.6562404696522273,0.6862736431031733,0.13351126448030667,0.5102563066687891,0.671773767404942,1.6489217505433134,1.0733298974333998,0.2803103234789254,1.071296200633224,-1.260911999442309,-4.484586192050698,0.9200131994285549
9.637602073805873,1.4870367245276435,0.7234020943641382,0.1092785167121289,0.4176430547101831,0.7309049807812631,4.552317498088349,0.6862736431031733,0.581665294079602,2.223021299586684,0.671773767404942,9.653034168720518,1.0733298974333998,0.2803103234789254,1.071296200633224,-1.260911999442309,-12.577911968626621,0.9200131994285549
4.118972708380727,1.4870367245276435,0.7234020943641382,2.6269359885530306,10.039682124140983,-0.15565911328885773,-2.031530971836152,0.6862736431031733,0.581665294079602,2.223021299586684,0.671773767404942,4.125568164107139,1.3262650284313875,0.22219713004555205,0.8491979112831454,-1.260911999442309,-4.78606013161868,0.9200131994285549
4.118972708380727,0.46650458404153855,0.7234020943641382,2.6269359885530306,10.039682124140983,-0.19318215221702278,-2.5212499104152366,1.3436358234373809,0.581665294079602,2.223021299586684,0.1906974589244303,1.1711314190697153,1.632377204433478,2.04868866594737,7.829723703610844,-1.260911999442309,-14.53272014745567,0.6518174106547684
1.6623992930379186,0.46650458404153855,0.7234020943641382,2.6269359885530306,10.039682124140983,1.3592550090908169,7.159723799440109,1.4021063740440476,2.4167268458885665,9.236300168457362,0.1906974589244303,0.9634501990980903,1.632377204433478,2.04868866594737,7.829723703610844,-1.260911999442309,-5.865342018385408,0.6518174106547684
5.1451028901494205,0.46650458404153855,0.7234020943641382,2.6269359885530306,10.039682124140983,-1.435204035526149,-23.397404975275688,1.4021063740440476,0.24291127241922925,0.928363679239474,0.1906974589244303,0.9453617808245303,0.13331205272297028,2.04868866594737,7.829723703610844,-2.1653383805419053,-31.174037703445627,0.6518174106547684
1.9888163511347379,1.514074619778944,0.7234020943641382,0.08789569994873613,0.3359217321660944,1.1986192966994949,1.3816403166553066,3.3304390981505247,0.24291127241922925,0.928363679239474,-0.7497843952289511,-1.4367795894778894,0.13331205272297028,1.0137364265407867,3.874320320130114,-2.1653383805419053,-8.476532234316126,0.6518174106547684
0.4341650298568272,4.115770345058548,0.6971220978999917,0.5541647535304591,2.2806109044616956,1.1986192966994949,0.7858898927383827,3.3304390981505247,1.6115908830824959,6.632344836213006,-0.7497843952289511,-0.8383488765300918,0.04415760968026764,1.0137364265407867,4.171933227239934,-2.1653383805419053,-1.9202124809687187,0.6518174106547684
0.4341650298568272,4.115770345058548,0.6649927228192923,0.5541647535304591,2.506311865327336,1.1986192966994949,0.8238604603392914,3.3304390981505247,1.6115908830824959,7.288715723240257,-0.7497843952289511,-0.8788540197868819,0.04415760968026764,1.0137364265407867,4.58480915281462,-2.1653383805419053,-2.012988273723446,1.440607394774223
0.4341650298568272,1.3148159473936745,0.6649927228192923,0.5541647535304591,2.506311865327336,1.4022909948726807,0.963852415647445,1.5369437974690716,1.6115908830824959,7.288715723240257,0.8711662794698414,1.0211308630677267,0.04415760968026764,1.0137364265407867,4.58480915281462,-0.5781633586684909,-0.5374846129153122,1.440607394774223
2.5834095010092772,1.3148159473936745,1.0356042738337283,0.12011164251253006,0.22398938301947044,0.4260530351860742,0.5209195212458703,1.5369437974690716,0.43641950150285114,0.8138539514942594,-2.0591515728785286,-4.799044827014588,0.04415760968026764,1.0137364265407867,1.8904595089651357,-0.5781633586684909,-2.0536550950093235,1.440607394774223
2.5834095010092772,0.7474550317508237,0.3350129150962942,0.12011164251253006,2.1403855082836305,1.6155958613274315,6.106213504023478,0.9817571602132906,0.017355754815051895,0.3092789784103205,-2.0591515728785286,-2.958399152972542,26.041919168544513,1.0137364265407867,18.06474968786461,2.6093312443239354,28.65091136505373,1.5173138463056652
8.099598597851376,0.7474550317508237,0.41259291974323326,0.12011164251253006,1.4111447343007681,1.6155958613274315,15.544687949378687,0.6019423732584661,0.18159319621668735,2.1334674746396214,-2.0591515728785286,-24.36098394842606,26.041919168544513,1.0137364265407867,11.909992989502875,2.6093312443239354,72.93709536058748,1.5173138463056652
3.4914351496998504,0.7474550317508237,0.41259291974323326,2.144063261411397,25.189761109401154,1.6155958613274315,28.310578000923115,0.6019423732584661,0.26414821062259813,3.103374066807588,-2.0591515728785286,-12.665121460179828,0.2461297298431752,0.8559183324405489,10.055849895558413,1.4187518221082447,15.707960594399815,1.5173138463056652
3.4914351496998504,0.7474550317508237,0.20571961464200617,3.2477023071045714,153.481065408122,-2.1790490938740215,-94.25369775660369,2.5660649941232676,0.26414821062259813,12.48320965358109,-2.0591515728785286,-25.40126983638276,0.8035479116246901,2.1314343578697565,100.7280794725849,1.4187518221082447,49.71479911835843,0.7400557311593428
0.5244079026952883,0.7474550317508237,0.1600737891168751,0.11235149196980136,8.769369894243214,-2.1347379256775114,-3.315110340977344,2.5660649941232676,0.26414821062259813,20.61755767760209,-2.0591515728785286,-4.903160987027053,0.8035479116246901,2.1314343578697565,166.3648249057756,1.4187518221082447,9.59635739020732,1.002470076630352
0.5244079026952883,0.7474550317508237,0.5726153490501449,0.2634829308376702,1.6071503638749718,-1.2774374409726024,-0.8492530674482439,2.5660649941232676,0.26414821062259813,1.6112083293948873,-2.0591515728785286,-1.3706715321994025,0.8035479116246901,2.1314343578697565,13.000976924522075,-1.0067665805147843,-1.90364521827913,1.002470076630352
0.5244079026952883,1.4050441112938696,0.735688283442621,0.2634829308376702,0.973631917040076,-0.036138325056071174,-0.018699700416043345,2.5660649941232676,0.26414821062259813,0.9760902836230956,-2.0591515728785286,-1.0668479782914366,0.8035479116246901,2.1314343578697565,7.8761554431636,-1.0067665805147843,-1.481682521885046,1.002470076630352
0.5244079026952883,1.4050441112938696,0.7772487030799676,0.9491890424940896,3.14240892520769,0.142682023224373,0.1326385716923859,0.5771864662996639,3.066789361785243,10.152989373837984,-2.0591515728785286,-3.4407610203565904,0.8445850579089191,1.6565980216195744,5.484374740505042,-1.0067665805147843,-1.2364073539432774,1.002470076630352
0.5244079026952883,0.8274861128412386,0.837546480033858,0.5053040750974733,1.440671486692485,0.434633905325196,0.2735743086248111,0.46781565481753046,3.066789361785243,8.743717311924636,-1.1048102748260606,-1.7131878530024334,0.8445850579089191,2.3793012323359495,6.7836212146467885,-1.0067665805147843,-1.375082684707046,4.301199696782014
0.5244079026952883,0.8274861128412386,0.46520928699423963,0.5053040750974733,4.669668428026573,0.434633905325196,0.4925335878327897,0.46781565481753046,3.066789361785243,28.341131932042718,-1.1048102748260606,-3.084363309231868,0.8445850579089191,2.3793012323359495,21.987845325135506,-1.0067665805147843,-2.4756506254918214,4.301199696782014
0.8968388456366233,0.8274861128412386,0.6846317750571593,1.8759798123357885,8.004681434979878,0.434633905325196,1.1028337277379336,0.46781565481753046,3.066789361785243,13.085786802103428,-1.1048102748260606,-3.5842808816343616,1.2530646011517501,2.3793012323359495,10.15232055135532,-1.0067665805147843,-2.876907263161009,4.301199696782014
0.8968388456366233,0.8274861128412386,0.37413897946998714,1.414719110015076,20.213164066137974,0.434633905325196,1.7524884472951443,0.46781565481753046,3.066789361785243,43.817543770502326,-1.1048102748260606,-6.558826310407526,1.2530646011517501,2.3793012323359495,33.994879853894325,-1.0620573239378353,-5.553530028523905,0.7354508790604181
0.8968388456366233,0.8274861128412386,0.30331271187053144,1.414719110015076,30.755230880356823,0.434633905325196,2.161710385167837,0.5558020302878313,1.3906815581539218,30.23266745977755,-0.48426550285700554,-2.3880101990590643,1.2530646011517501,2.3793012323359495,51.72472628409596,1.0896548506024886,7.028335233396361,0.7354508790604181
0.8968388456366233,1.7714305672127233,0.30331271187053144,1.414719110015076,30.755230880356823,0.3696593817530201,1.8385508233931636,0.49457518229971764,1.3906815581539218,30.23266745977755,-0.48426550285700554,-2.3880101990590643,1.2530646011517501,2.3793012323359495,51.72472628409596,-1.681079853604283,-10.843059853959224,0.7354508790604181
0.8968388456366233,0.2379167568760183,0.30331271187053144,0.9121390721424925,19.829411761065316,0.3696593817530201,1.4762878972042717,0.49457518229971764,1.5121463586918138,32.87324675070092,-0.48426550285700554,-2.490114077713436,1.2530646011517501,2.3793012323359495,51.72472628409596,0.880116049629825,5.676798150965614,0.13760982356644963
0.8968388456366233,0.34392419793760065,0.26119350569982497,2.179684316248057,63.899703942821986,-0.3558149941974775,-2.5508685508610442,0.49457518229971764,1.5121463586918138,44.33013712964974,-0.48426550285700554,-2.89166168873377,1.2530646011517501,0.5890611295583882,17.26893729629499,-1.4849512326942669,-5.534258088984292,0.1529190003854518
3.901648901260825,1.5393535169017232,0.29450849197418666,0.9257786134254108,21.347228346803817,-0.5431365239670591,-9.791020101161237,0.49457518229971764,1.5121463586918138,34.86809172804772,-0.48426550285700554,-11.156958264574094,1.2530646011517501,0.8214774701160273,18.942182161064174,-1.4849512326942669,-25.215952716279713,1.7800835638174448
3.901648901260825,1.5393535169017232,0.18635621137497066,0.9257786134254108,53.314997626653394,0.8679796372280102,24.72762578445669,1.7584621314093745,0.8706154284703721,50.13818512277123,1.191297480271851,32.91188173818901,1.2530646011517501,0.8214774701160273,47.308361561231855,-1.4849512326942669,-39.850092215178805,1.7800835638174448
3.901648901260825,1.5393535169017232,0.18635621137497066,0.9257786134254108,53.314997626653394,-0.7855050718041954,-22.378031274326435,1.7584621314093745,0.02635705772061815,1.517886079287293,1.191297480271851,5.726483293662361,2.252212218870742,0.8214774701160273,47.308361561231855,1.742440596558579,46.76006654194727,1.7800835638174448
3.901648901260825,2.957773111137268,0.18635621137497066,0.9257786134254108,53.314997626653394,-1.0968606460267292,-31.24815194889356,1.7584621314093745,0.02635705772061815,1.517886079287293,1.191297480271851,5.726483293662361,1.4233646718109316,0.5956302454460262,34.30196448891765,1.742440596558579,39.816736710163944,1.7800835638174448
3.901648901260825,6.274569665925009,0.45031260634979314,0.9257786134254108,9.13080208653854,-1.0968606460267292,-12.931654871642225,1.7584621314093745,0.02635705772061815,0.25995532208287164,-1.2845173594289057,-2.5552742605058505,1.7298613281846695,0.5956302454460262,5.874603073623736,-1.8340355818440643,-17.343837947025772,1.7800835638174448
0.16721013371402485,0.5680715219000838,0.45031260634979314,0.9257786134254108,9.13080208653854,-1.0968606460267292,-0.5542025422974797,1.7584621314093745,0.3362049554896857,3.3159341386504737,-1.808017827864349,-0.5505138513871264,1.7298613281846695,0.20396295338501658,2.011653038142385,-1.8340355818440643,-0.43495756629307164,3.79713605294035
4.458511551346053,1.179204632858217,0.45031260634979314,0.9257786134254108,9.13080208653854,-1.0968606460267292,-14.77732468562348,1.4778011438906877,0.3362049554896857,3.3159341386504737,-1.808017827864349,-14.678968977940821,2.071698318378333,0.20396295338501658,2.011653038142385,1.1036022212041428,6.978771853379686,2.7513500167900156
0.3987261105354255,0.9865658124935833,0.7545863134421436,0.9257786134254108,3.251766045923431,-1.0968606460267292,-0.7886526684654875,1.4778011438906877,0.3362049554896857,1.1809085270261988,-1.808017827864349,-0.7834035118709788,0.6970475342225595,0.20396295338501658,0.7164129704721216,1.1036022212041428,0.3724508435640095,2.032262535457231
5.513044513484311,3.404376762468756,0.7545863134421436,0.9257786134254108,3.251766045923431,-1.0968606460267292,-10.904420734047019,1.4778011438906877,0.3362049554896857,1.1809085270261988,-1.808017827864349,-10.831842507542323,0.4134141506001075,0.2572559469249234,0.9036028065361494,1.1036022212041428,5.783528107441842,2.032262535457231
5.513044513484311,3.404376762468756,0.7545863134421436,0.9257786134254108,3.251766045923431,-1.0968606460267292,-10.904420734047019,1.4778011438906877,0.3362049554896857,1.1809085270261988,0.3262318730874738,1.9544565411714376,0.4134141506001075,2.778786608739015,9.760393912893374,1.1036022212041428,19.008057527578654,2.032262535457231
5.513044513484311,3.404376762468756,0.7545863134421436,0.9257786134254108,3.251766045923431,-1.0968606460267292,-10.904420734047019,1.4778011438906877,0.3362049554896857,1.1809085270261988,0.582970026176139,3.4925759098386138,0.5925007419008899,2.778786608739015,9.760393912893374,1.1036022212041428,19.008057527578654,2.032262535457231
5.513044513484311,3.404376762468756,0.8113063810575362,0.7684225437785561,2.3348571217325755,-0.12690900072622735,-1.0690895351141558,1.4778011438906877,0.3362049554896857,1.0215610422188428,0.582970026176139,3.248402874369922,0.5925007419008899,2.778786608739015,8.443361996234108,1.1036022212041428,17.679165837122355,3.5852235620650608
5.513044513484311,3.404376762468756,0.8113063810575362,0.7684225437785561,2.3348571217325755,-0.26869714464208116,-2.2635219236466453,1.4427937109651072,0.3362049554896857,1.0215610422188428,0.582970026176139,3.248402874369922,0.5925007419008899,2.778786608739015,8.443361996234108,1.1036022212041428,17.679165837122355,1.6952565553482846
4.471119119399468,5.377179703683617,0.8113063810575362,0.7684225437785561,2.3348571217325755,-1.8034813240890675,-12.321342917580095,1.4427937109651072,0.12329131521304407,0.37462149920462173,0.582970026176139,1.5953604265181782,0.5925007419008899,2.778786608739015,8.443361996234108,0.8020371218254978,10.42001669977113,1.6952565553482846
4.471119119399468,5.377179703683617,0.8113063810575362,0.44708809541397126,1.3584802164783847,-2.242596813681332,-11.686759324543873,3.1038433244019124,2.347283225634941,7.132236034028361,0.582970026176139,6.961059082544882,0.5925007419008899,0.1786742587218775,0.5429029494575669,0.8020371218254978,2.6422372495670094,1.6952565553482846
4.471119119399468,5.377179703683617,0.7010763503827906,0.44708809541397126,1.8192503510919615,-2.242596813681332,-13.524265094249929,3.1038433244019124,0.2926854245138805,1.1909689986564056,0.582970026176139,2.8445442536882237,0.23362696239807093,0.13217512163400263,0.537835023801369,0.8020371218254978,2.6298758701722473,1.6952565553482846
4.471119119399468,5.377179703683617,0.4313402219309455,0.44708809541397126,4.80599358595888,-2.242596813681332,-21.98158653380587,3.1038433244019124,0.12923882601177092,1.389258571723574,-0.3315211003220554,-1.7471048051194085,0.19391013178767047,0.0643131566562554,0.6913371694599435,-1.4883024877040143,-5.5328946590850485,1.6952565553482846
4.471119119399468,5.9833736041536785,0.5376419134409786,2.185388521791992,15.12071811682178,-2.242596813681332,-38.9900372303057,0.6921803582895614,0.12923882601177092,0.8942043203697966,-0.3315211003220554,-1.4016700624281881,1.5360383575318461,0.048247929453394005,0.3338277536055041,-0.05782038455791416,-0.1493682993377205,0.7832710024602099
0.4151650476900842,2.764868087264023,0.9078892449968181,0.27587954608157017,0.6693969906453321,1.176628490019875,0.39967043321731266,0.6921803582895614,0.045208921791819005,0.10969539651488315,-0.3315211003220554,-0.04558544092875552,0.8384890200233233,1.7089715281941595,4.146666232854684,-0.7502761191141699,-0.6342952322579481,0.7832710024602099
3.892251215290893,0.6062484126657068,0.9078892449968181,0.07694845149586318,0.18670852043130184,1.4367021478699913,2.4162934278635864,0.6921803582895614,0.6448387832908093,1.564643508796542,-0.3315211003220554,-1.6140602399736754,0.8384890200233233,1.7089715281941595,4.146666232854684,1.6820279103462097,13.331640712090714,0.7832710024602099
3.892251215290893,0.6062484126657068,0.9078892449968181,0.0608727765212976,0.14770233601709035,1.6372260692068727,2.4490812655316163,0.6921803582895614,0.6448387832908093,1.564643508796542,1.892324932187201,9.213067980249598,1.803789169309634,1.7382520236628474,4.217712730609717,1.6820279103462097,13.445363841852444,0.7832710024602099
3.892251215290893,1.3265901028641138,0.9078892449968181,0.0608727765212976,0.14770233601709035,-2.4196238498367966,-3.6194484999493484,0.6921803582895614,0.7473784824473723,1.8134468978552798,0.9394709424184327,4.924210800882797,0.601135338817222,1.7382520236628474,4.217712730609717,-0.4332771628092069,-3.4634199958883296,0.7832710024602099
5.419385121799007,1.3265901028641138,0.9312741730708947,0.0608727765212976,0.14037765688171394,-2.4196238498367966,-4.913001150948935,0.8047509731312482,0.7473784824473723,1.7235165892764317,0.9394709424184327,6.684071712193423,0.601135338817222,1.7382520236628474,4.008552921293405,-0.4332771628092069,-4.701209708124606,1.7654018896215444
0.28941836972564217,1.3265901028641138,0.9312741730708947,0.0608727765212976,0.14037765688171394,-1.0273005680419622,-0.11139677440945482,0.6964760367421343,0.8070363181549803,1.8610924921652745,0.9394709424184327,0.3709312503295465,0.601135338817222,1.7382520236628474,4.008552921293405,-0.4332771628092069,-0.25106472761841997,1.7654018896215444
0.28941836972564217,1.3265901028641138,0.9312741730708947,0.39255715439664723,0.9052692628054264,-0.5935582083994054,-0.16344750498559804,0.6964760367421343,0.8070363181549803,1.8610924921652745,0.9394709424184327,0.3709312503295465,0.601135338817222,0.18643723066844706,0.42993967241818737,-2.3948574005419414,-0.45447449143167834,1.7654018896215444
0.28941836972564217,0.4390307429089654,0.9312741730708947,1.3690069125414082,3.1570431582038143,2.0875734320473986,1.073514990766383,0.6964760367421343,1.0737366205057377,2.47612544569821,0.9394709424184327,0.4278541673856872,0.601135338817222,0.18643723066844706,0.42993967241818737,-2.3948574005419414,-0.45447449143167834,3.363011603401202
0.831179742657845,0.4390307429089654,0.9312741730708947,1.3690069125414082,3.1570431582038143,2.0875734320473986,3.0830244625121512,0.6964760367421343,1.0737366205057377,2.47612544569821,0.9394709424184327,1.2287530922098693,0.601135338817222,0.05970548277156004,0.13768578095876344,-2.3948574005419414,-0.7386167550948501,3.363011603401202
0.831179742657845,0.4390307429089654,0.9312741730708947,1.3690069125414082,3.1570431582038143,1.7599743234582226,2.599211031007112,0.6964760367421343,1.865090351622765,4.301052595192428,0.6692291694497429,1.1536051573381105,0.601135338817222,0.3511144199612113,0.8096988898525482,-2.3948574005419414,-1.791168243978059,0.5996842240479207
0.831179742657845,0.4390307429089654,0.9312741730708947,0.6891897222773251,1.589328496070837,-3.0417986827938934,-3.1873683270845516,0.6964760367421343,0.2351060116840697,0.5421739063843681,0.6692291694497429,0.4095803552444663,0.601135338817222,0.3511144199612113,0.8096988898525482,-2.3948574005419414,-1.791168243978059,0.5996842240479207
0.831179742657845,0.48604393559653314,0.8614818263126236,2.1322285458679753,5.746077891634254,-3.0417986827938934,-6.060537908126814,0.6964760367421343,0.2351060116840697,0.6335800440089342,-0.30595567244881483,-0.2024203653961398,0.32601671582920977,0.6343795923479232,1.7095702792077982,-0.17450650628425501,-0.18964878008533492,0.5996842240479207
0.831179742657845,0.48604393559653314,0.41306663304805424,2.1322285458679753,24.993295249115725,-3.0417986827938934,-12.63971196851086,0.6964760367421343,0.2351060116840697,2.7558368338371566,0.48455354732667577,0.6685955438302619,0.4063320578524761,0.6343795923479232,7.435992957833261,0.38622230743512254,0.8753904193596593,0.5996842240479207
0.831179742657845,0.48604393559653314,0.41306663304805424,2.1322285458679753,24.993295249115725,-3.0417986827938934,-12.63971196851086,0.6964760367421343,0.2351060116840697,2.7558368338371566,0.48455354732667577,0.6685955438302619,0.4063320578524761,0.2653332552565253,3.110150832980144,0.38622230743512254,0.5661389434298094,0.8376410611046734
1.8246486430313347,0.48604393559653314,0.6047201907479705,0.8507209109082519,4.652733364465786,-0.17992303951254307,-0.7081416037119695,0.6964760367421343,0.2351060116840697,1.285833662629843,0.48455354732667577,1.002567036725046,0.2539695575257935,0.2653332552565253,1.4511514570816662,0.38622230743512254,0.8489321356188527,0.8525543579098812
1.8246486430313347,2.5400384453029243,0.6047201907479705,0.8507209109082519,4.652733364465786,0.06438716639520098,0.25341519014516456,0.6964760367421343,0.7931659916306661,4.337955991794811,0.9243142727664677,3.5127033800423337,0.2539695575257935,0.15030966264745557,0.822068405083364,2.823839227330259,4.671681151658042,0.8525543579098812
17.359080639431014,0.47158823603544925,0.6047201907479705,0.3210362158887669,1.75580016162151,-1.0572066005895968,-24.317791410076403,0.6964760367421343,0.7931659916306661,4.337955991794811,-1.090108286705444,-39.41294911106474,0.1514560146631345,0.15030966264745557,0.822068405083364,2.823839227330259,44.44477030855372,0.6719916687343714
154.51193929092895,0.47158823603544925,0.6047201907479705,0.3210362158887669,1.75580016162151,-1.2216635027603484,-250.12159257820957,1.2655848313036318,0.2073340021006642,1.1339439489409904,-1.090108286705444,-179.36077771943084,1.1412899965257353,0.15030966264745557,0.822068405083364,1.9087188724155197,267.39789836884114,0.6719916687343714
60.0942202137213,0.47158823603544925,0.6047201907479705,0.3210362158887669,1.75580016162151,0.8114329997291296,64.61344727537204,3.145447495272307,0.2073340021006642,1.1339439489409904,0.413098237927896,26.4351537421083,1.1412899965257353,0.15030966264745557,0.822068405083364,1.9087188724155197,103.99887712888726,0.6719916687343714
6.463445060686449,0.47158823603544925,0.6047201907479705,0.3210362158887669,1.75580016162151,0.8114329997291296,6.949511369989811,3.145447495272307,0.2073340021006642,1.1339439489409904,0.1935779895659133,1.332342343963125,1.1412899965257353,0.15030966264745557,0.822068405083364,1.9087188724155197,11.185618621974598,0.6719916687343714
6.463445060686449,0.47158823603544925,0.6047201907479705,0.10646453646918955,0.5822721583671111,0.44904921071837234,2.2147311363459696,3.145447495272307,0.2073340021006642,1.1339439489409904,0.1935779895659133,1.332342343963125,1.1412899965257353,0.15030966264745557,0.822068405083364,1.9087188724155197,11.185618621974598,0.3618152304362321
6.463445060686449,0.47158823603544925,0.6047201907479705,0.08839043290103968,0.48342189663490553,0.44904921071837234,2.0179999818447376,0.18975045599848978,0.2073340021006642,1.1339439489409904,0.1935779895659133,1.332342343963125,1.1412899965257353,0.15030966264745557,0.822068405083364,0.21171709599460775,1.2407205302846316,0.3618152304362321
6.463445060686449,0.5884185042164481,0.1287954050283876,0.08839043290103968,10.65698901702789,-1.467637589414838,-30.967072238681528,1.4839834235300673,0.2073340021006642,24.997684825426692,0.1935779895659133,6.255613825705949,1.1412899965257353,0.15030966264745557,18.122418585510285,0.9471415682206767,26.060757659380723,0.22234317285154384
6.463445060686449,1.2230562495942492,0.5254783201314969,0.3467250415880802,2.511340490365291,-0.36473040986785055,-3.735844885430674,1.4839834235300673,1.9404041500319154,14.05440889797999,0.1935779895659133,4.690577641968967,1.1412899965257353,0.5731621243080838,4.1514314735557285,0.9471415682206767,12.473200280507672,0.22234317285154384
3.0167172203941663,1.2230562495942492,0.5254783201314969,0.3467250415880802,2.511340490365291,0.7567137885353816,3.6175875418481573,0.4126107326983529,1.9404041500319154,14.05440889797999,0.1935779895659133,2.189257619313752,1.1412899965257353,0.5731621243080838,4.1514314735557285,-1.2689188236933895,-7.799511075379831,0.22234317285154384
1.9759546202902376,1.2230562495942492,0.5254783201314969,0.3467250415880802,2.511340490365291,0.7567137885353816,2.3695256450603885,0.6875827937867195,0.7860407698505802,5.693318265569228,0.1935779895659133,0.9126739873095077,1.1412899965257353,0.5731621243080838,4.1514314735557285,1.067647368448984,4.298369412385315,0.22234317285154384
0.3394001846106648,0.5579850016063113,0.49497096088020703,0.3467250415880802,2.8304518015711406,0.7567137885353816,0.4320874015881471,0.6875827937867195,0.1469259591441256,1.199413932873993,0.1935779895659133,0.07195361101994423,1.1412899965257353,0.5731621243080838,4.678946060283434,1.067647368448984,0.7838156444245649,5.579355952146348
0.3394001846106648,0.46417164952699846,1.083138832496322,0.3467250415880802,0.5910809353090564,0.9647905583706129,0.25174948735924313,0.7659596758170946,0.1469259591441256,0.2504726308613861,0.1935779895659133,0.03288124007451593,0.659447424160568,0.5942625488727145,1.0130715151060017,1.067647368448984,0.3647203200589924,4.724531284349857
4.562865805963348,0.46417164952699846,0.44250553877365945,0.6756041887244046,6.90056906726062,0.9647905583706129,11.564136107832887,1.3436571432528455,0.1469259591441256,1.500690412772343,0.1935779895659133,1.0820298092466563,0.659447424160568,1.2002882779803639,12.259651880585837,1.067647368448984,17.05707658667819,2.5182467237499027
0.7667467754599705,17.23651253077158,0.05085917265185341,0.6756041887244046,522.3766393756499,0.6594370058663921,11.556255807212375,1.3436571432528455,0.1469259591441256,113.6030386662698,-1.7079117984315764,-13.957652158275888,0.6066541049875376,1.2002882779803639,928.0619738566156,1.067647368448984,24.938382476813647,2.5182467237499027
0.7667467754599705,17.23651253077158,0.9121014643283509,0.6756041887244046,1.6241869745089161,0.6594370058663921,0.6443818284414183,1.3436571432528455,0.6340603381507284,1.5243134359802284,-1.7079117984315764,-1.6167934302883509,1.8232864102527457,0.6497665954116602,1.5620720805938093,1.067647368448984,1.023128841235075,1.224115865470978
0.7667467754599705,183.94513906029755,0.9121014643283509,0.6756041887244046,1.6241869745089161,0.6594370058663921,0.6443818284414183,1.3436571432528455,1.3845811332354818,3.3286037583600767,-1.7079117984315764,-2.389177667233562,1.8232864102527457,0.6497665954116602,1.5620720805938093,0.5285897456580164,0.5065487256803664,1.224115865470978
0.7667467754599705,183.94513906029755,0.9121014643283509,0.6756041887244046,1.6241869745089161,0.6594370058663921,0.6443818284414183,0.8239075297097114,1.3845811332354818,3.3286037583600767,-1.7079117984315764,-2.389177667233562,0.48721605833202725,2.8694208336541687,6.898234232687296,-1.0069320629582679,-2.0277812205260974,1.224115865470978
0.7667467754599705,2.121269963221156,0.9121014643283509,0.6756041887244046,1.6241869745089161,0.6594370058663921,0.6443818284414183,0.8239075297097114,1.7426223248620927,4.189353069100083,-1.7079117984315764,-2.6803461159445434,0.48721605833202725,2.9220502160391866,7.024757955856609,-0.10813462662829765,-0.21975179220803753,1.224115865470978
0.7667467754599705,3.9021810063050544,0.1370974067120467,0.6756041887244046,71.88923288698231,0.6594370058663921,4.2870366654160295,0.8239075297097114,1.7426223248620927,185.42777596242607,-1.7079117984315764,-17.832194465900184,0.48721605833202725,2.9220502160391866,310.927540110306,0.4322262522750244,5.84376435391008,1.224115865470978
0.7667467754599705,3.9021810063050544,0.1370974067120467,0.6756041887244046,71.88923288698231,2.5627504527948606,16.660583281959585,0.8239075297097114,0.37552419311697466,39.958523976373236,-1.7079117984315764,-8.277936977901954,0.48721605833202725,2.9220502160391866,310.927540110306,0.4322262522750244,5.84376435391008,1.224115865470978
0.5246065659073652,3.9021810063050544,0.1370974067120467,0.6756041887244046,71.88923288698231,2.5627504527948606,11.399136796263946,0.7747062497729981,0.37552419311697466,39.958523976373236,-0.16886323229893696,-0.5599813183749881,0.4407378150412342,2.9220502160391866,310.927540110306,0.4322262522750244,3.998291545259572,1.1572288002754647
0.5246065659073652,1.1113453144778578,0.07689449349287741,0.6756041887244046,228.52401624231675,2.5627504527948606,20.32384924504918,0.7747062497729981,0.959113757689773,324.4215053704118,0.6069330942560687,5.734946335500181,0.5954420203230069,2.9220502160391866,988.3873755901168,0.4322262522750244,7.1286691313541715,0.8069362559545975
0.5246065659073652,6.348233882279613,0.33491888058523195,0.6756041887244046,12.046005780271932,2.2152328638678354,4.03343108672854,0.7747062497729981,0.959113757689773,17.10097430106711,0.6069330942560687,1.316694337764859,1.6345449224901318,2.9220502160391866,52.10008223766568,-0.9778078390488911,-3.702596966056912,0.8069362559545975
12.192012373681752,6.348233882279613,0.33491888058523195,0.6756041887244046,12.046005780271932,2.2152328638678354,93.73813618350788,0.7747062497729981,0.959113757689773,17.10097430106711,0.6069330942560687,30.600367402226755,1.6345449224901318,4.421746981389529,78.83963803907983,-1.1671224208209399,-126.34676239474356,0.8069362559545975
0.3441346367475757,24.328986453423155,0.33491888058523195,0.6756041887244046,12.046005780271932,2.2152328638678354,2.6458748938395975,0.7747062497729981,0.7074714408944719,12.614198089095234,0.6069330942560687,0.7418208374732365,1.5658713021924904,4.421746981389529,78.83963803907983,0.5275771143227859,1.6120802041513531,2.324510900647328
0.3441346367475757,24.328986453423155,0.8043775733296945,0.5558723240056945,1.718245203161628,1.5396110590503196,0.694515556716165,0.7747062497729981,0.7074714408944719,2.186850032271652,0.6069330942560687,0.3088721176709164,1.5658713021924904,1.3195856374439696,4.07894330007308,0.5275771143227859,0.36668079843600165,2.324510900647328
2.6710899200026588,24.328986453423155,0.9997391909043826,0.5558723240056945,1.1123247811899477,1.5396110590503196,4.337258799857916,1.8434571458320432,0.7074714408944719,1.4156812305752045,0.6069330942560687,1.928910443321321,2.0335038466990003,1.3195856374439696,2.6405484533822996,0.5275771143227859,2.2899264161557675,7.553850488083674
0.2046443924055188,29.51745232187719,0.9997391909043826,0.5558723240056945,1.1123247811899477,0.22212681355180397,0.047942054559211945,0.25497135370397195,0.7074714408944719,1.4156812305752045,0.6069330942560687,0.14778263461746685,2.0335038466990003,1.3195856374439696,2.6405484533822996,0.5275771143227859,0.1754417163489119,7.553850488083674
0.2046443924055188,29.51745232187719,0.9997391909043826,0.6811086308353962,1.3629280970513036,0.22212681355180397,0.05306856053684794,0.14990119835458632,0.1530076859228281,0.30617505749889873,0.6069330942560687,0.068726712740641,0.47645612617830285,1.3195856374439696,2.6405484533822996,0.5275771143227859,0.1754417163489119,4.785124295438385
4.538952578228506,29.51745232187719,0.40936386333117825,0.3759899561910605,4.4873219961494994,0.04910740429657676,0.4721676639670645,0.6967622797556587,0.1530076859228281,1.8260986585305092,-0.8719066761525163,-5.347955281717026,5.919504614551343,0.15052983435072048,1.7965262785250657,0.5275771143227859,3.2096552008637294,0.20218184976985604
4.538952578228506,10.206912987469057,0.40936386333117825,0.4824419320508289,5.757792882255769,-0.539822082242942,-5.87941763482356,0.6967622797556587,0.21786095534501382,2.6001020530586922,-0.9212526711943065,-6.742634254821679,5.485496373762027,0.1656303570669771,1.9767462727623069,0.5275771143227859,3.3667979786641737,0.20218184976985604
4.538952578228506,0.2041448214126968,0.6443377891474353,0.4824419320508289,2.3240626888910163,0.24575765008685047,1.7005390541918324,0.6967622797556587,0.21786095534501382,1.0494993988834154,-0.9212526711943065,-4.283763662589353,5.485496373762027,0.1656303570669771,0.7978894607496557,1.4950069666718782,6.061362057937285,0.7725856966463818
4.871919915544001,6.57295528427579,1.3780750596825686,1.0521845197961301,1.1080928631183773,0.24575765008685047,1.2603618973372768,0.6967622797556587,0.23743380279132686,0.2500499649881783,0.8342814601114139,2.0324793055124695,5.485496373762027,0.1656303570669771,0.17443120776689156,1.5830595011816095,3.2211390538207265,0.5156409261505187
4.871919915544001,0.8555171393988126,1.3780750596825686,1.0220288475619943,1.0763348543694389,0.24575765008685047,1.2421695772540569,0.6967622797556587,0.23743380279132686,0.2500499649881783,0.8342814601114139,2.0324793055124695,2.086225557425304,0.1656303570669771,0.17443120776689156,1.5830595011816095,3.2211390538207265,0.5156409261505187
2.161044206252398,0.8555171393988126,1.3780750596825686,1.0220288475619943,1.0763348543694389,-1.7000306235710285,-3.8114839694646085,0.09156737952349964,0.23743380279132686,0.2500499649881783,1.4697044077231158,1.5882067832873406,2.086225557425304,0.1656303570669771,0.17443120776689156,-0.7181425372127799,-0.648166224595421,0.5156409261505187
2.161044206252398,56.328010358842285,1.3780750596825686,1.0220288475619943,1.0763348543694389,-1.7000306235710285,-3.8114839694646085,0.5834310959964902,1.9425191721371453,2.045735886261521,1.4697044077231158,4.542745735353575,2.086225557425304,0.4534081306041004,0.47750019521252474,-0.7181425372127799,-1.0724105539283222,0.4031984519882718
2.161044206252398,55.81469793012643,1.3780750596825686,1.0220288475619943,1.0763348543694389,-1.7000306235710285,-3.8114839694646085,0.5834310959964902,1.9425191721371453,2.045735886261521,-0.4142820252750137,-1.280514567189258,2.086225557425304,3.005508507287207,3.1652076839258307,0.08871231653896883,0.34107404882870324,0.4031984519882718
2.161044206252398,17.795912739629564,1.3454319053506525,1.0220288475619943,1.1291969733770448,-1.7000306235710285,-3.9039590021690187,0.6102291304369604,1.9425191721371453,2.146208274978358,-0.4142820252750137,-1.3115826832899622,2.086225557425304,3.005508507287207,3.320660779765135,0.08871231653896883,0.3493492597630129,0.4031984519882718
2.161044206252398,17.795912739629564,0.7323526085373183,1.0220288475619943,3.811120533668375,0.4904964274590866,2.0693113584350704,6.6366193851764965,0.03896843992667213,0.1453123577909127,-0.4142820252750137,-0.3412801400710602,2.086225557425304,3.005508507287207,11.207467591116565,0.08871231653896883,0.6418023704927373,1.7516647101887644
2.161044206252398,17.795912739629564,0.7323526085373183,1.0220288475619943,3.811120533668375,0.4904964274590866,2.0693113584350704,2.579055799901823,4.484014153534585,16.72077892376583,-0.5752158380543747,-5.083030770587701,2.086225557425304,1.7471254144831063,6.514987867430567,0.08871231653896883,0.4893328553363852,1.7516647101887644
1.068921239346022,13.022794376945244,0.40683959192900737,1.0220288475619943,12.34942479915783,0.4904964274590866,1.8424890691113678,2.579055799901823,2.197304382776685,26.550566846220647,0.8185196820400499,4.5082888324021475,2.086225557425304,1.7471254144831063,21.110944150280275,0.14163496812173676,0.6956167389455467,6.9067689860836055
1.068921239346022,13.022794376945244,0.40683959192900737,0.3214143270113525,3.8837280085265418,0.4904964274590866,1.0332512958423254,1.5411436017492182,0.3683877138173128,4.451318942291033,0.8185196820400499,1.8459468400504766,0.49527742054256185,1.7471254144831063,21.110944150280275,-0.30155256105586586,-1.4810255682203,6.9067689860836055
1.068921239346022,13.022794376945244,0.40683959192900737,0.3214143270113525,3.8837280085265418,1.013967528514768,2.1359651245723166,1.5411436017492182,0.6982472558073787,8.437092551136129,0.8185196820400499,2.541389551078926,0.49527742054256185,1.7471254144831063,21.110944150280275,-0.30155256105586586,-1.4810255682203,2.5064832853998884
1.068921239346022,13.022794376945244,0.40683959192900737,0.9392989882808129,11.349779653842216,-0.007565288704345585,-0.027243627132244885,2.1187295547255696,0.6351750738597268,7.674975934037334,0.18112609675816904,0.536370947095693,0.49527742054256185,1.7471254144831063,21.110944150280275,-0.30155256105586586,-1.4810255682203,2.5064832853998884
1.068921239346022,560.6501730361059,0.40683959192900737,0.9392989882808129,11.349779653842216,-0.1669193587417922,-0.6010991712851196,2.1187295547255696,0.6351750738597268,7.674975934037334,0.5092684217540501,1.5081028664072336,0.49527742054256185,1.7471254144831063,21.110944150280275,-0.30155256105586586,-1.4810255682203,6.367251345484316
0.6058829858777232,560.6501730361059,0.40683959192900737,0.9392989882808129,11.349779653842216,-0.1669193587417922,-0.3407133727922482,2.7757319226798645,0.6351750738597268,7.674975934037334,0.5092684217540501,0.8548187032644243,1.745883387526338,1.7471254144831063,21.110944150280275,-0.21976688407713119,-0.6117934683998725,6.367251345484316
0.6058829858777232,333.3746029322612,0.40683959192900737,0.4891641240462443,5.910689878045323,-0.1669193587417922,-0.24587510099266166,2.7757319226798645,1.8842250505604523,22.76755262054793,-1.1131681240509819,-3.2181604497303025,1.745883387526338,1.7471254144831063,21.110944150280275,0.9314262064944243,2.592931468372477,6.367251345484316
0.4088024433287639,187.2000216288397,0.7738246574199644,0.4891641240462443,1.6338021574786084,-0.1669193587417922,-0.08722077133688079,2.7757319226798645,1.0631069493202099,3.550764134259482,-0.731137973398873,-0.563214381282896,1.0208848472224674,1.7471254144831063,5.8353773943126575,0.9314262064944243,0.9198063642152534,10.17020470191972
0.4088024433287639,32.47671122736912,0.7738246574199644,0.4891641240462443,1.6338021574786084,-0.1669193587417922,-0.08722077133688079,2.7757319226798645,1.0631069493202099,3.550764134259482,-0.731137973398873,-0.563214381282896,1.0208848472224674,1.7471254144831063,5.8353773943126575,0.9314262064944243,0.9198063642152534,7.157106324805906
0.8023247343929559,32.47671122736912,0.7738246574199644,0.8118381840036579,2.7115295487681736,-0.1669193587417922,-0.22052816277601253,3.954791514990088,0.4785764316038536,1.5984393949521754,-0.5280568708466087,-0.5356473567576195,1.0208848472224674,1.7471254144831063,5.8353773943126575,0.9314262064944243,1.8052323534388917,14.389681843231937
1.5061000400843767,32.47671122736912,0.48485291104262196,0.8118381840036579,6.906840943815085,-0.1669193587417922,-0.6606938361020849,3.954791514990088,0.4785764316038536,4.071564207839135,0.38081680627842995,1.157312304489916,1.973619898110565,1.7471254144831063,14.863944052522475,0.9314262064944243,5.408406226376408,0.23699462761290307
1.5061000400843767,32.47671122736912,1.1867149817318994,0.8118381840036579,1.1529397679200812,-0.1669193587417922,-0.2699378828726907,3.954791514990088,0.4785764316038536,0.6796549002712116,0.38081680627842995,0.47283993920635414,1.973619898110565,1.7471254144831063,2.4811968808458413,-0.7984690391066531,-1.894272760734497,0.23699462761290307
1.5061000400843767,32.47671122736912,1.1867149817318994,0.8118381840036579,1.1529397679200812,-0.1669193587417922,-0.2699378828726907,0.8715503593508476,0.4785764316038536,0.6796549002712116,0.38081680627842995,0.47283993920635414,1.973619898110565,1.7471254144831063,2.4811968808458413,-0.7984690391066531,-1.894272760734497,0.2491100787285904
1.5061000400843767,7.1725984549886865,0.19024720388003918,0.8118381840036579,44.860375518645014,-0.1669193587417922,-1.6838057180803747,0.49692555656563514,0.4785764316038536,26.445071024184877,0.38081680627842995,2.9494585380145746,1.4690873817314483,1.7471254144831063,96.54227125085228,-0.7984690391066531,-11.81600474962949,0.2491100787285904
1.5061000400843767,7.1725984549886865,1.249559614106207,1.656299961857027,2.1215585749969637,-0.1669193587417922,-0.36617445270854215,0.49692555656563514,1.2378415794887887,1.5855542340940516,0.38081680627842995,0.7222049777388955,0.8854750489404303,0.9681064058771,1.2400498063136138,-0.7984690391066531,-1.3391569063047244,0.2491100787285904
1.5061000400843767,42.228375318807934,1.249559614106207,0.0040688936311861395,0.005211855565289593,-0.1669193587417922,-0.01814916769849412,0.49692555656563514,1.2378415794887887,1.5855542340940516,0.38081680627842995,0.7222049777388955,0.5338842277760196,0.3165387799779217,0.4054552789026787,-0.7984690391066531,-0.7657436085530928,0.2491100787285904
1.5061000400843767,42.228375318807934,1.1635942014534655,0.0040688936311861395,0.006010398059895515,-0.1669193587417922,-0.019490013749940565,0.618053467816768,0.5667561173975919,0.8371882327745636,0.38081680627842995,0.5247850860871768,0.5338842277760196,0.37256522644703804,0.5503376389736276,1.0643808899558527,1.1892290154280842,0.2491100787285904
1.44549504112153,45.72082620400574,1.1635942014534655,0.7751369407593887,1.1449995962503068,0.7652351800768926,1.1836251933018418,0.618053467816768,0.5667561173975919,0.8371882327745636,0.38081680627842995,0.5036678968224789,0.5338842277760196,0.52180241323507,0.7707845169800137,-1.5966810432450014,-2.0262884380757273,0.2491100787285904
1.44549504112153,45.72082620400574,1.1635942014534655,0.433809194166111,0.6408046450260109,-0.1888099382077112,-0.21847627465219524,0.618053467816768,0.5667561173975919,0.8371882327745636,0.38081680627842995,0.5036678968224789,2.7419512108602637,0.52180241323507,0.7707845169800137,-0.18909426344149782,-0.23997248626390758,0.5868140436284988
2.18379697871883,45.72082620400574,1.2470900504969598,0.433809194166111,0.5578701435285226,-0.1888099382077112,-0.30796663696077026,0.618053467816768,0.5667561173975919,0.7288372879372281,0.1835874756768162,0.3422713933763502,0.24877897837689703,0.52180241323507,0.6710277031461737,-0.8744651438267167,-1.564317807374564,4.0171738877236995
1.9456610831011971,45.72082620400574,0.57525770233482,0.8170423322165705,4.937983900254775,-0.5161138581673304,-2.2314519909314527,0.20392028150150363,0.5667561173975919,3.42532139734761,0.1835874756768162,0.6610904848787474,0.24877897837689703,2.435069787949498,14.716906254135411,-0.8744651438267167,-6.527065293568015,4.0171738877236995
1.9456610831011971,14.133347407640365,0.57525770233482,0.8170423322165705,4.937983900254775,1.332420181370708,5.760805720339631,0.20392028150150363,0.5667561173975919,3.42532139734761,0.1835874756768162,0.6610904848787474,0.24877897837689703,0.9401606683195306,5.682077979019624,-0.8744651438267167,-4.055676349787114,1.5096121613408915
1.9456610831011971,16.738507286161912,0.5299683468326051,0.8170423322165705,5.818013053248434,1.332420181370708,6.253105269561696,0.20392028150150363,0.5667561173975919,4.035769456500526,0.2989956572804035,1.1686790191554532,0.24877897837689703,0.9401606683195306,6.694716815461065,-0.38529411756369164,-1.9396602974720216,1.5096121613408915
0.6724498438431197,16.738507286161912,1.1576890774647304,0.3517478319559466,0.5249011850598125,1.332420181370708,0.6491422489200424,0.20392028150150363,0.5667561173975919,0.8457506504237742,0.8108002810081534,0.5014122705942372,0.24877897837689703,5.033184820837582,7.510848503008217,-0.9404521504298244,-1.7331697561904609,1.5096121613408915
0.6724498438431197,16.738507286161912,1.1576890774647304,1.3734163953539922,2.0495020239163098,-0.5480572389116276,-0.5276063225456545,0.20392028150150363,0.5667561173975919,0.8457506504237742,-0.44619838528562106,-0.2759364429713311,0.0883303030772008,0.24541333249740702,0.3662218707676358,-0.9404521504298244,-0.3827090562675932,1.5096121613408915
1.3093757980914746,16.738507286161912,1.1576890774647304,1.3734163953539922,2.0495020239163098,-1.1323107500397485,-2.122531360091587,2.8456452944423396,0.5667561173975919,0.8457506504237742,-0.44619838528562106,-0.5372958348435581,0.0883303030772008,0.24541333249740702,0.3662218707676358,-0.9404521504298244,-0.7452005239875142,1.5096121613408915
1.3093757980914746,1.1423497677968624,0.29113476546183076,1.3734163953539922,32.40739217745062,-0.3805035752206529,-2.83625381794923,1.98971854766477,0.5667561173975919,13.373284189416543,-0.44619838528562106,-2.1365415373150656,4.447046976950392,0.24541333249740702,5.790819258254632,-0.9404521504298244,-2.963268594091848,1.5096121613408915
1.3093757980914746,1.1423497677968624,0.9425814509159887,1.3734163953539922,3.0916793496390285,-0.3805035752206529,-0.8760326115864417,1.98971854766477,0.5667561173975919,1.275817145016751,0.3213592178078083,0.4752797249704043,4.447046976950392,0.24541333249740702,0.552446683158146,-0.9404521504298244,-0.9152636160015328,1.5096121613408915
1.3093757980914746,4.048466484115172,0.6758343927260505,1.0171621687862222,4.453891334113328,-0.3805035752206529,-1.0514602513802365,1.98971854766477,0.5667561173975919,2.4816791631614232,0.3213592178078083,0.6628692732646242,0.5136081931774785,0.24541333249740702,1.074601817122634,-0.9404521504298244,-1.276511696395775,0.9902507493011818
0.39251403339593344,4.048466484115172,0.6758343927260505,1.0171621687862222,4.453891334113328,-0.3805035752206529,-0.31519820728802417,2.543093157800437,0.5667561173975919,2.4816791631614232,0.3213592178078083,0.19870956255841224,0.5136081931774785,0.24541333249740702,1.074601817122634,-0.9404521504298244,-0.3826623001278255,0.9902507493011818
1.7007788838630438,4.048466484115172,0.8702297155451475,1.0171621687862222,2.686286792741742,-1.8729870555710944,-5.221061628229838,2.543093157800437,1.574202834463592,4.157410109306694,-1.0249672708515516,-3.554424443470343,0.5136081931774785,0.41192437998831755,1.0878766980602403,-0.9404521504298244,-1.6683009467181589,0.9902507493011818
1.7007788838630438,4.048466484115172,0.8702297155451475,1.0171621687862222,2.686286792741742,-0.08318903406915767,-0.2318943275000639,2.543093157800437,1.574202834463592,4.157410109306694,-1.0249672708515516,-3.554424443470343,0.5136081931774785,0.41192437998831755,1.0878766980602403,-0.9404521504298244,-1.6683009467181589,0.9902507493011818
1.7007788838630438,4.048466484115172,0.35515613518893335,1.0171621687862222,16.12803852265202,0.8032508989536311,5.4864301136587645,1.3870184290371268,1.574202834463592,24.960428863563838,-1.0249672708515516,-8.709312513276553,0.5136081931774785,0.41192437998831755,6.53143861691086,-0.9404521504298244,-4.087793830547016,0.9902507493011818
1.3478098174039583,4.048466484115172,0.35515613518893335,1.0171621687862222,16.12803852265202,0.8032508989536311,4.347810547185426,1.3870184290371268,1.157949269128376,18.36034704482234,-1.0249672708515516,-5.919418645779616,1.1864751971817502,0.41192437998831755,6.53143861691086,-0.9812131964349503,-3.379842173128913,0.9902507493011818
1.4784517459716118,5.302749058768184,0.3594891096890168,1.0171621687862222,15.74159439100914,0.8032508989536311,4.711755364542339,1.3870184290371268,1.157949269128376,17.920414540914138,-1.0249672708515516,-6.414919016487348,1.1864751971817502,0.4597856512358838,7.115639423748996,1.0022243373927493,3.9525654081000403,1.207775031824899
1.4784517459716118,5.302749058768184,0.3594891096890168,1.0171621687862222,15.74159439100914,0.8032508989536311,4.711755364542339,0.866590189293453,1.157949269128376,17.920414540914138,-1.0249672708515516,-6.414919016487348,1.1864751971817502,0.4597856512358838,7.115639423748996,-0.3303617536232766,-1.3028783983908852,0.31087131003560997
1.9686263759880878,5.302749058768184,0.3594891096890168,1.0171621687862222,15.74159439100914,0.8032508989536311,6.273918586193425,3.633027249491228,1.2578628163465633,19.466675877346322,-1.0249672708515516,-8.902647877666402,1.1864751971817502,1.1535110771748969,17.851729114238786,-0.3303617536232766,-2.747851168547925,0.24540872578544162
1.9686263759880878,3.6147650637560664,0.6644434635145046,1.0171621687862222,4.6079114853283345,0.8032508989536311,3.394427864309654,1.1513690186627774,1.2578628163465633,5.698324904599307,-0.7732956248660174,-3.6339793625785295,0.9109254248948425,1.1535110771748969,5.225594407733799,-0.3303617536232766,-1.486691681658261,0.41396094853632265
1.9686263759880878,3.6147650637560664,0.6644434635145046,1.0171621687862222,4.6079114853283345,0.8032508989536311,3.394427864309654,1.1513690186627774,1.2578628163465633,5.698324904599307,-0.7732956248660174,-3.6339793625785295,0.9109254248948425,1.1535110771748969,5.225594407733799,-2.0240223649634985,-9.108491465730916,0.5656116872889938
0.9356599547889578,3.6147650637560664,0.7574042262021161,0.4272438311929986,1.4895337512519016,0.8315999528041986,0.9496370991654948,1.0865182208390498,1.2578628163465633,4.385386008175282,-0.7732956248660174,-1.5151914426811461,0.9109254248948425,1.4130274581809248,4.926348695378574,0.033438996322738834,0.0694438596116023,0.5656116872889938
0.9356599547889578,3.6147650637560664,0.7574042262021161,1.1939070024436405,4.162411827059123,0.8315999528041986,1.5874681550418273,3.529207539405933,1.8420535291103957,6.422096009112782,-0.7732956248660174,-1.83358899009014,0.9109254248948425,2.7865087660084114,9.714824538341594,-0.05073305359206784,-0.14795393702381238,0.5656116872889938
0.9356599547889578,3.6147650637560664,0.7574042262021161,1.1939070024436405,4.162411827059123,0.1642998423113139,0.3136373044131415,3.529207539405933,1.8420535291103957,6.422096009112782,1.9324242897956954,4.58204053923887,0.9109254248948425,2.7865087660084114,9.714824538341594,-0.05073305359206784,-0.14795393702381238,0.19742254561868944
0.9356599547889578,3.6147650637560664,0.7574042262021161,1.1939070024436405,4.162411827059123,0.1642998423113139,0.3136373044131415,3.529207539405933,1.8420535291103957,6.422096009112782,-1.8543035369950014,-4.396805620500355,3.4125700904591216,2.7865087660084114,9.714824538341594,-0.05073305359206784,-0.14795393702381238,0.5104381958182261
0.9356599547889578,3.9114556527102513,0.7574042262021161,1.1939070024436405,4.162411827059123,0.1642998423113139,0.3136373044131415,0.1815258068339602,1.8420535291103957,6.422096009112782,-1.8301555815619797,-4.339547537315353,0.5259127319822371,2.7865087660084114,9.714824538341594,-0.05073305359206784,-0.14795393702381238,0.40519004886574417
0.9356599547889578,3.9114556527102513,0.7574042262021161,1.1348423478378764,3.9564900790594923,0.1642998423113139,0.3057808120766844,0.1815258068339602,1.8420535291103957,6.422096009112782,-1.4117956474952376,-3.347559293320666,1.2428883380836324,2.7865087660084114,9.714824538341594,1.4825300090896485,4.323535369356454,0.40519004886574417
1.7524662914443856,3.9114556527102513,0.7574042262021161,1.5627824653533504,5.448451348047498,-0.7198630985226037,-2.9446665508716983,0.09630895407708605,0.17745035049136915,0.6186591050134401,-1.665166049266487,-2.295265480264253,1.2428883380836324,2.7865087660084114,9.714824538341594,-0.12007502392435598,-0.6558731247637466,0.40519004886574417
0.7227436003856121,3.9114556527102513,0.7574042262021161,1.5627824653533504,5.448451348047498,-0.896827028454483,-1.5129670920323124,0.18163178549568124,0.5318528249078969,1.8542403086005346,-1.1835131558083365,-1.1647704754043362,2.9540662601035903,2.7865087660084114,9.714824538341594,-0.12007502392435598,-0.27049199513972805,0.40519004886574417
0.7227436003856121,3.9114556527102513,0.7574042262021161,0.15469367601127776,0.5393207220350402,-0.896827028454483,-0.47601046091708293,0.18163178549568124,0.5318528249078969,1.8542403086005346,1.3546975627061242,1.3332439241578165,0.2945710898858794,0.8285377923391974,2.888596430827058,-0.12007502392435598,-0.14749604386648452,3.650205281977022
0.7227436003856121,2.4033008561017253,0.4262325466401679,0.39750805897936786,4.376054435817461,0.15881109846360442,0.24010790719702224,0.18163178549568124,0.5318528249078969,5.855018184074228,1.3546975627061242,2.3691400168179007,0.2945710898858794,0.8285377923391974,9.121139558070041,-1.4575107587037441,-3.181416831562132,8.049316122237636
1.643513700302045,0.43981176851431114,0.4262325466401679,1.471098514364308,16.194909848714644,0.8516372291391364,5.632707953439945,0.16808862739584549,0.4082838383111239,4.494681960162995,1.3546975627061242,4.72025174625517,0.2945710898858794,2.78853597067923,30.698208321257614,0.46782397863937075,4.260026701918844,8.049316122237636
1.643513700302045,19.855059937185114,0.4262325466401679,3.3296520009992756,36.65520252875588,0.8516372291391364,8.474142810804462,1.6583669510690486,0.4082838383111239,4.494681960162995,1.9341441069949725,6.739251143491331,0.2945710898858794,2.78853597067923,30.698208321257614,0.46782397863937075,4.260026701918844,8.049316122237636
2.596320753625463,19.855059937185114,1.0913753647874815,1.004901140751198,1.6873494804767197,1.4937174563160815,5.037665445362842,1.6583669510690486,2.5525437975484473,4.286027028955098,1.9341441069949725,10.396200017245778,0.323234462864478,1.9012308077095152,3.1923944411654905,0.46782397863937075,2.170196685919984,8.049316122237636
2.596320753625463,19.855059937185114,1.0913753647874815,1.004901140751198,1.6873494804767197,-0.6254282824522974,-2.1093001449103097,1.6583669510690486,0.14139399630597532,0.2374174697732626,-2.1043253297739595,-2.662119605409185,0.5101290462454017,1.9012308077095152,3.1923944411654905,0.25842934368937376,1.1988323190494037,8.049316122237636
2.596320753625463,27.50996729578576,1.4289282056692265,1.004901140751198,0.9843114048697517,-0.6254282824522974,-1.6110244069397714,2.1032240896052574,0.12563953819861223,0.12306527014091798,-0.6232095626237579,-0.567623292067048,0.5101290462454017,1.9012308077095152,1.8622758910585648,0.25842934368937376,0.915634567454562,8.049316122237636
2.596320753625463,5.22524329891768,1.4289282056692265,3.2537763922338634,3.1871087432317933,-0.6254282824522974,-2.898907129126234,2.1032240896052574,0.12563953819861223,0.12306527014091798,-0.4562807542346242,-0.41558345596480045,0.5101290462454017,1.9012308077095152,1.8622758910585648,0.8657235354896763,3.0673234843877286,0.23714250341858753
2.596320753625463,5.22524329891768,1.4289282056692265,3.1112581693855494,3.047510621125475,-0.6254282824522974,-2.834708953077896,0.5098408681284129,0.12563953819861223,0.12306527014091798,-0.4562807542346242,-0.41558345596480045,0.5101290462454017,1.9012308077095152,1.8622758910585648,-0.366937190068931,-1.300086013899408,0.23714250341858753
2.596320753625463,1.7533542352252287,1.4289282056692265,3.1112581693855494,3.047510621125475,-0.9825399837557258,-4.4532921948917465,1.2747284009956925,0.12563953819861223,0.12306527014091798,1.5300189637444839,1.3935511474973465,1.7864464308446102,1.9012308077095152,1.8622758910585648,-0.366937190068931,-1.300086013899408,0.35728894397085476
0.8475820283963399,12.896379865318554,1.0454472158432262,3.1112581693855494,5.693270582289612,-0.9825399837557258,-1.9870687105508804,1.2747284009956925,0.12563953819861223,0.22990695334674763,1.5300189637444839,0.621805567782099,9.738741634350736,0.04502659643648568,0.08239386863967549,-0.366937190068931,-0.08927316208627402,0.35728894397085476
0.8475820283963399,12.896379865318554,0.26992768392366573,0.9291018917151096,25.503423540738776,-0.9825399837557258,-4.205631472422004,1.2747284009956925,0.008716540764753913,0.2392650719107549,0.07059616488848164,0.029268637156529376,0.15677813557906722,0.2086292842960841,5.726778782660943,-0.366937190068931,-0.7442668472798744,0.35728894397085476
0.8475820283963399,12.896379865318554,0.26992768392366573,0.4028185439277182,11.057185468525955,-0.9825399837557258,-2.7691996592246637,1.2747284009956925,0.008716540764753913,0.2392650719107549,0.4879340684853933,0.20229378223827885,0.49760246365853017,0.2086292842960841,5.726778782660943,0.12410545958231062,0.25172585835792355,0.35728894397085476
1.7885322070334988,12.896379865318554,0.9913249534778941,0.4028185439277182,0.8197989813123329,-0.9825399837557258,-1.5911117576018798,1.2747284009956925,0.009399691136932668,0.019129847259689973,0.4879340684853933,0.1207017755719472,0.40018799411509026,0.2086292842960841,0.4245933493283795,0.12410545958231062,0.14463528174702237,0.5082868614834276
1.7885322070334988,3.622301398760983,0.9913249534778941,0.4028185439277182,0.8197989813123329,-0.8086416601311202,-1.3095032002699714,0.8087270295505171,0.009399691136932668,0.019129847259689973,0.4879340684853933,0.1207017755719472,0.691336844736376,0.05528837793420969,0.11252052963333672,0.12410545958231062,0.07445665752336203,0.2602332426034857
1.7885322070334988,3.622301398760983,0.7599604624948972,0.4028185439277182,1.3949461872691695,-0.4265305384565394,-0.9010017264853328,0.8116480344738142,0.05745593412596723,0.1989678416080773,0.4879340684853933,0.38926858098556544,0.691336844736376,0.0038944619222998503,0.013486382123837768,-0.4656833368087255,-0.09672421054325743,0.36863232013015595
5.5968823442943325,9.033366464096213,0.7599604624948972,0.4028185439277182,1.3949461872691695,0.5637889823748705,3.726846358750129,0.8116480344738142,0.05745593412596723,0.1989678416080773,0.4879340684853933,1.218144375336828,0.691336844736376,0.0038944619222998503,0.013486382123837768,-0.4656833368087255,-0.30268061381643646,1.9423690115652223
1.4962488203200464,9.033366464096213,0.7599604624948972,0.4028185439277182,1.3949461872691695,-1.32105779528512,-2.334556377289835,1.3614989642868196,1.191626403555821,4.126559547337375,0.8648920264345273,2.628813476841626,0.7436746852206141,0.033947303995355914,0.11755829762615523,-0.18903214214371633,-0.09697641407815957,3.3102951712498316
0.534125720879606,9.033366464096213,0.7599604624948972,0.7458154226317181,2.5827320908874145,-1.32105779528512,-1.1339789410961665,1.3614989642868196,1.191626403555821,4.126559547337375,0.8648920264345273,0.9384247287665145,0.7436746852206141,1.981090581150784,6.860445713013239,-0.18903214214371633,-0.26445715033613715,3.3102951712498316
0.534125720879606,9.033366464096213,0.7599604624948972,0.22416903986635253,0.7762893545473679,1.2065014710608917,0.5677840169770136,1.3614989642868196,1.191626403555821,4.126559547337375,0.7737956494711136,0.8395833818345515,0.7436746852206141,1.981090581150784,6.860445713013239,-0.18903214214371633,-0.26445715033613715,3.3102951712498316
0.534125720879606,5.283115130595852,0.7599604624948972,0.22416903986635253,0.7762893545473679,1.2065014710608917,0.5677840169770136,1.3614989642868196,1.191626403555821,4.126559547337375,0.1600472538687443,0.1736543940875046,0.7422450842200586,1.5224129239243676,5.272061417457183,1.9328413732424994,2.37044528734171,3.3102951712498316
0.7039982312980745,5.283115130595852,0.7599604624948972,0.22416903986635253,0.7762893545473679,-0.17001774742400677,-0.10545754118214215,1.3614989642868196,1.191626403555821,4.126559547337375,0.1600472538687443,0.2288831664826308,0.7422450842200586,1.5224129239243676,5.272061417457183,-1.1871071338329875,-1.9188972187083666,3.3102951712498316
0.7039982312980745,20.49292471217586,0.7599604624948972,0.658769880966106,2.2812964983715607,0.7328159543715259,0.7792150838187372,1.3614989642868196,0.29563511510897633,1.0237738129507483,0.1600472538687443,0.11400444984221404,0.7422450842200586,1.5224129239243676,5.272061417457183,-0.5227298277567454,-0.844965701940969,3.3102951712498316
0.6422025113666404,14.200427600034665,0.7599604624948972,0.658769880966106,2.2812964983715607,0.7328159543715259,0.7108169615717171,2.1477969980313634,0.16646879889249871,0.5764754870769752,0.1600472538687443,0.07803881189500625,0.7422450842200586,0.4340714861364525,1.503174006549606,0.9447035776162847,0.7438274273832847,3.3102951712498316
0.6422025113666404,1.0523998437642537,0.8033571658260236,0.3358737415601933,1.0408513363783307,-1.013408189421051,-0.663973522452415,0.8524388468269753,0.4128226540525214,1.2793111160218824,0.1600472538687443,0.11625410931246673,0.18725533236020508,0.4340714861364525,1.3451598935068434,-0.8271960846159285,-0.6161230047516288,1.0366231458733528
0.6422025113666404,1.0523998437642537,0.8033571658260236,1.9214126076667677,5.954335314020722,-1.013408189421051,-1.5880824745910744,0.6179974266386757,0.4128226540525214,1.2793111160218824,1.7489002261191946,1.2703550554550593,0.5032441168242602,0.03360386734328674,0.10413624497487503,-0.8271960846159285,-0.1714278689625187,0.43831193535541996
0.6422025113666404,1.0523998437642537,0.8033571658260236,1.6058006873293396,4.976274071322265,-1.013408189421051,-1.4518058925875592,0.6179974266386757,0.4128226540525214,1.2793111160218824,-0.7115078222661444,-0.5168205398528058,0.29364729316280014,0.03360386734328674,0.10413624497487503,-1.546446672411626,-0.3204851454764712,1.0320897354088945
3.47564416532562,1.0523998437642537,0.8033571658260236,2.332677271147978,7.228818316476236,0.39411067240752384,3.6828765168003224,0.6179974266386757,1.4610093888971485,4.527575057910133,-0.7115078222661444,-5.261963310854404,6.916038221899093,0.03360386734328674,0.10413624497487503,-1.546446672411626,-1.7344876518442893,0.40526604701274016
3.0086293101514934,0.24175330145482768,0.8033571658260236,2.332677271147978,7.228818316476236,0.39411067240752384,3.18801629483725,2.84078493237619,1.4610093888971485,4.527575057910133,-0.7115078222661444,-4.554924581727192,4.242337631007606,0.03360386734328674,0.10413624497487503,-1.546446672411626,-1.5014282645777326,0.40526604701274016
3.0086293101514934,0.24175330145482768,0.8033571658260236,0.16593129867751621,0.5142105279597532,0.39411067240752384,0.8502709859614588,2.84078493237619,1.4610093888971485,4.527575057910133,-0.8531809076663035,-5.461886106342641,4.698385700312182,0.03360386734328674,0.10413624497487503,-1.546446672411626,-1.5014282645777326,0.40526604701274016
3.0086293101514934,0.24175330145482768,0.8033571658260236,0.16593129867751621,0.5142105279597532,0.05480162641872305,0.11823134005149974,2.84078493237619,4.283856018961175,13.275397003278403,-0.8531809076663035,-9.352626030833596,4.698385700312182,1.2347585324671948,3.826438061674733,-1.546446672411626,-9.101248540596623,0.42202881547683535
10.754280357176013,1.8865585686263373,0.8033571658260236,1.1835071575315463,3.667613314478958,0.05480162641872305,1.1286689358409692,0.3048190416428186,4.283856018961175,13.275397003278403,-0.8531809076663035,-33.430759340153564,1.1234266847484258,1.51256660549812,4.6873475889504945,0.5291467959836522,12.320294940621826,0.42665151585675937
10.397363907175835,1.8865585686263373,0.22456553321709544,1.1835071575315463,46.93693030879811,0.05480162641872305,3.9036784205403032,0.3048190416428186,4.283856018961175,169.89424198691123,-0.8531809076663035,-115.62552106672108,1.1234266847484258,0.30613829024524347,12.141195346942878,0.5291467959836522,19.17035426785639,0.42665151585675937
0.3036625486903874,1.8865585686263373,0.19278342802683401,1.1835071575315463,63.68856847710061,0.08781736295902925,0.21281506506051803,3.368176972863977,0.238482195170607,12.833542679514911,-0.8531809076663035,-0.9281232257010372,2.236439091509708,0.30613829024524347,16.47434858139165,-0.289156817367448,-0.3563926955014766,0.42665151585675937
0.22687158860200152,3.669091163335184,0.19278342802683401,0.5706898552209966,30.71077322357492,0.3203957518842703,0.40282112383607377,5.124822561883232,0.238482195170607,12.833542679514911,-0.8531809076663035,-0.693417056338742,0.9860399666730443,0.3819726110678833,20.555252785385342,-0.289156817367448,-0.2974232802427687,0.42665151585675937
2.908640402157072,0.4354742385341976,0.26295352496933094,0.35000642474904936,10.12390399214843,0.3203957518842703,2.9651781450984855,5.124822561883232,0.1658158422703927,4.796208151682628,1.8045982278527726,11.49528042692265,0.9860399666730443,0.3819726110678833,11.048523023124897,-0.289156817367448,-2.795603534270946,0.42665151585675937
2.908640402157072,0.4354742385341976,0.26295352496933094,1.7530979440351677,50.708198533698614,0.3203957518842703,6.636145087173909,1.5198866910098647,0.5137191193243232,14.859278788094924,1.8045982278527726,20.233425953296795,0.9860399666730443,0.378281349162384,10.941753608340742,0.3673620628588984,3.5344985097956947,0.42665151585675937
2.908640402157072,0.4354742385341976,0.26295352496933094,1.7530979440351677,50.708198533698614,0.3203957518842703,6.636145087173909,0.6076535077461562,0.5137191193243232,14.859278788094924,1.8045982278527726,20.233425953296795,0.764471263217174,0.378281349162384,10.941753608340742,0.3673620628588984,3.5344985097956947,1.4564351535927718
2.908640402157072,0.4354742385341976,0.26295352496933094,0.9957676578794994,28.802488908843767,0.3203957518842703,5.001402312007855,0.7833297482891441,0.5137191193243232,14.859278788094924,1.8045982278527726,20.233425953296795,0.764471263217174,0.06823085654339171,1.9735713178482912,0.3673620628588984,1.5011038881978251,1.4564351535927718
2.908640402157072,0.33102015877811325,0.26295352496933094,0.9957676578794994,28.802488908843767,0.3203957518842703,5.001402312007855,1.436473236929663,1.8806234918325502,54.39686340141499,1.8045982278527726,38.7130588801777,0.764471263217174,0.06823085654339171,1.9735713178482912,0.3673620628588984,1.5011038881978251,1.4564351535927718
2.908640402157072,0.30800985620508353,0.26295352496933094,0.9957676578794994,28.802488908843767,0.3203957518842703,5.001402312007855,0.615476546944296,0.29325548995265094,8.482388366384265,-0.5112387915922532,-4.330847669198434,0.614552292969621,0.7352314545645917,21.266502931643068,0.6984577922036407,9.368676419915136,1.4564351535927718
3.2910780035171245,0.7127267892233385,0.1618272405456415,3.3656012702143587,257.0333054237936,-0.6832327847572043,-36.04969329555467,1.216834510444151,0.29325548995265094,22.396125347136906,0.1206656574963757,1.8793527520985611,1.185409693264664,2.1910753494056885,167.33394548976628,0.6984577922036407,29.73516606468613,1.8582032452179753
3.2910780035171245,0.7127267892233385,0.09600082924343564,3.3656012702143587,730.3696022483091,-0.08182691547239296,-7.27789358406744,0.509422603133121,0.29325548995265094,63.63941487941292,0.1206656574963757,3.1679983629387563,1.185409693264664,0.8865124152030369,192.38218318083506,0.6984577922036407,31.88311657690317,1.8582032452179753
3.2910780035171245,0.7127267892233385,0.3850508351367422,1.732501386385282,23.370470033905278,0.23934356049835498,3.8079711267927085,1.0283543409335307,0.20343798789256604,2.7442641242099897,0.1206656574963757,0.6578620190147432,1.185409693264664,0.8865124152030369,11.958554259754083,0.6984577922036407,7.949094901094961,1.8582032452179753
4.598680018929038,1.1130213403841562,0.21326372866736548,1.732501386385282,76.1850207798894,0.23934356049835498,9.607042998076352,1.0283543409335307,0.20343798789256604,8.945982644984335,0.1206656574963757,1.6597049959249874,1.185409693264664,0.8865124152030369,38.9834994099414,0.6984577922036407,20.054589167783337,2.1196128900741855
4.598680018929038,1.1130213403841562,0.23761163562001839,1.732501386385282,61.37170358849759,-0.4246447726979638,-15.298296144096193,0.4684147939505187,4.581792975876095,162.30430903493374,0.1206656574963757,7.069389339876706,1.185409693264664,0.4729555385823369,16.75386083527119,0.6984577922036407,13.14712555992755,2.138949263702386
1.6914762948364501,1.1130213403841562,0.23761163562001839,1.732501386385282,61.37170358849759,-0.4246447726979638,-5.626985389853862,0.24888964963758017,0.2007674488241925,7.111936796290158,-0.009932107186550937,-0.04480239779123423,1.185409693264664,0.2598194804635377,9.203781461205494,0.6984577922036407,3.5841752091747328,1.3116721414556083
1.6914762948364501,1.1130213403841562,0.7091421248722545,2.4972070509990774,9.931571635441399,-0.4246447726979638,-2.263605225649579,0.15352591265585674,0.02838527893332783,0.11289029117771585,-0.009932107186550937,-0.005644631696530836,1.185409693264664,0.2598194804635377,1.0333207178293142,0.6984577922036407,1.2009464731123471,1.3116721414556083
7.085301954888521,1.1130213403841562,0.5863511834980972,2.4972070509990774,14.526765837619656,2.2910190624476927,61.868777425511176,0.20955851459841202,0.02838527893332783,0.16512299215837992,-0.009932107186550937,-0.028595884614988108,1.185409693264664,0.2598194804635377,1.5114232323009733,0.6984577922036407,6.084033223107205,1.2972364764290898
7.085301954888521,1.1130213403841562,0.5863511834980972,2.4972070509990774,14.526765837619656,2.2910190624476927,61.868777425511176,0.17546882416664708,0.02579969079612818,0.15008209540670708,0.1200669623054475,0.3295689806649345,1.185409693264664,0.12305201440483285,0.7158188178233956,0.6984577922036407,4.18697228114288,1.279419530577256
9.325426581286104,1.1130213403841562,0.5863511834980972,2.4972070509990774,14.526765837619656,1.9272444285379282,68.49990577741333,0.133227794909978,0.02579969079612818,0.15008209540670708,0.1200669623054475,0.43376716366190526,1.3030300259246317,0.12305201440483285,0.7158188178233956,0.6984577922036407,5.510746451495765,1.279419530577256
9.325426581286104,1.1130213403841562,0.5101198096405879,0.14237738347339884,1.094275372569444,1.567879680390654,15.294833429200677,0.133227794909978,0.05434729428040535,0.4176991053353854,0.7135854243129598,4.300772304579004,1.3030300259246317,0.12305201440483285,0.945745634758255,0.6984577922036407,6.334262349209869,0.4073202036455024
9.325426581286104,0.7756170814179462,0.5101198096405879,0.20554537521672006,1.579768054153251,1.5951458293048917,18.69673461513996,0.133227794909978,0.05434729428040535,0.4176991053353854,0.7135854243129598,4.300772304579004,1.3030300259246317,0.12305201440483285,0.945745634758255,0.6984577922036407,6.334262349209869,0.4073202036455024
0.32404603305477975,3.971973611758961,0.5101198096405879,3.9228077751581285,30.14967570661593,1.5951458293048917,2.8382354785053114,0.995941478066618,0.07871662702370576,0.6049954301897195,0.7135854243129598,0.17985757224012092,1.3030300259246317,0.12305201440483285,0.945745634758255,0.6984577922036407,0.2201070984472463,2.823139154304882
3.185550563956238,4.896678624618645,1.1491620568790253,0.0679142668039333,0.1028557217771227,1.5951458293048917,1.6296679470653948,0.995941478066618,4.765124146606398,7.216749977906135,0.7135854243129598,6.106625730977456,1.3030300259246317,0.12305201440483285,0.1863614871125277,0.6984577922036407,0.960511908155903,2.823139154304882
0.7380038185230847,4.896678624618645,1.1491620568790253,0.10297357306562946,0.1559528163973522,-0.8847897991282887,-0.25786673828528234,0.995941478066618,4.765124146606398,7.216749977906135,0.7135854243129598,1.414736014158775,1.3030300259246317,1.837691021135983,2.7831712728043785,0.20632222074707818,0.25402389984145074,1.3300038245898673
0.7380038185230847,1.1680033010204325,1.1491620568790253,0.10297357306562946,0.1559528163973522,-0.8847897991282887,-0.25786673828528234,0.995941478066618,4.765124146606398,7.216749977906135,0.7135854243129598,1.414736014158775,1.3030300259246317,0.35069461106459465,0.5311247406753589,0.20632222074707818,0.11096930821099125,1.3300038245898673
0.7380038185230847,0.5090299424811155,1.1491620568790253,0.7612180044206067,1.1528597886576601,-0.8847897991282887,-0.7011112915441706,0.995941478066618,4.765124146606398,7.216749977906135,-0.9253350896425754,-1.834545426348354,1.3030300259246317,2.340120277807237,3.544097161705709,0.20632222074707818,0.28665361457059274,1.3300038245898673
0.7380038185230847,0.47726198374655676,0.6373680032418727,0.06931925391959984,0.34127412390327677,0.5694055600220438,0.24548897506549236,0.8543414183987905,0.3619402037055485,1.7819122241022767,0.7045624534890789,0.6940987434301961,0.5948616831378378,3.011640257286707,14.82697565541388,0.20632222074707818,0.5863148578913268,1.3300038245898673
0.7380038185230847,0.47726198374655676,0.36521407016327584,0.03099026093452553,0.46468668357829346,0.5694055600220438,0.28645765083009705,0.8543414183987905,0.3135979573968244,4.7022771156246925,-1.0381694518882039,-1.6614258536397792,0.5948616831378378,0.3561462227298543,5.340271495581263,0.40167191473588004,0.6850333953664626,1.3300038245898673
0.7380038185230847,0.47726198374655676,0.36521407016327584,0.1803355907396866,2.7040607295628885,0.5694055600220438,0.6910166837265022,0.8519924113169793,0.3135979573968244,4.7022771156246925,0.5757045195521009,0.9213239429280844,0.7036683778942189,0.3561462227298543,5.340271495581263,-0.0686492593393706,-0.1170782260083197,0.9370372156096277
0.7380038185230847,0.47726198374655676,0.36521407016327584,0.1803355907396866,2.7040607295628885,0.5614717658485737,0.6813884248473516,0.7535369461782175,1.5328675584182792,22.984741677104942,-0.4248851217117169,-1.503314844966539,0.7036683778942189,0.3561462227298543,5.340271495581263,-0.0686492593393706,-0.1170782260083197,0.9370372156096277
0.7380038185230847,0.47726198374655676,1.3665445418026598,0.9441375170757674,1.0111548456559984,0.5614717658485737,0.41667300513156164,0.7535369461782175,4.192869141825329,4.490489863266346,-0.4248851217117169,-0.6644724706743685,0.8209310457956349,0.3561462227298543,0.3814264049063024,-0.0686492593393706,-0.03128958781803764,0.9370372156096277
0.590649221075617,0.47726198374655676,1.3665445418026598,0.9441375170757674,1.0111548456559984,-0.47353027370631606,-0.28124591215584277,0.23662110918913748,4.192869141825329,4.490489863266346,-0.4248851217117169,-0.5317996159090742,0.8209310457956349,0.3561462227298543,0.3814264049063024,-0.0686492593393706,-0.025042107111974188,0.9370372156096277
0.590649221075617,0.47726198374655676,1.3665445418026598,0.9441375170757674,1.0111548456559984,0.667179016343779,0.3962605591278825,0.2600691501861345,2.9186091250489796,3.125779567058829,-0.4248851217117169,-0.44369070749681355,0.8209310457956349,0.3561462227298543,0.3814264049063024,0.9089040633138196,0.33155307321662236,0.9343101522592056
1.655263148205611,1.27730311166445,1.3665445418026598,0.9441375170757674,1.0111548456559984,-0.9700828168578197,-1.6146734043243167,0.7014329981373444,2.9186091250489796,3.125779567058829,-0.4248851217117169,-1.243419700077327,0.23425498665479927,0.3561462227298543,0.3814264049063024,0.9089040633138196,0.9291599212987559,0.9417841704835437
1.655263148205611,1.27730311166445,1.3665445418026598,0.9441375170757674,1.0111548456559984,-0.9700828168578197,-1.6146734043243167,0.7851444877491922,0.04273873758740702,0.04577244397889837,-0.4248851217117169,-0.15046677779416695,0.18675081901977406,0.3561462227298543,0.3814264049063024,-0.7190505709346305,-0.7350753493867546,0.9417841704835437
1.655263148205611,1.27730311166445,0.17086026832155277,0.9441375170757674,64.68194682989063,-0.9700828168578197,-12.914196782839639,0.3592478329408377,4.033228931119229,276.3126075991906,-0.4248851217117169,-11.690657051298555,0.18675081901977406,0.3561462227298543,24.39923276603588,-0.7190505709346305,-5.879150351254837,1.3323320723426686
1.655263148205611,1.27730311166445,0.12074229611776324,0.9385872613052538,128.76142974640493,1.5841573918412517,29.754884556426724,1.6653581439562515,1.1537833419786994,158.28341045686318,-0.4248851217117169,-8.848227277346668,1.1576924503954704,0.3561462227298543,48.85842662482438,0.6457278965682581,7.471130700759976,0.38203784230461757
1.1347604764421833,0.871941214383784,0.12074229611776324,0.9385872613052538,128.76142974640493,1.5841573918412517,20.398368085663936,0.40706275244472495,1.1537833419786994,158.28341045686318,-1.0291153826521828,-14.692170865895083,1.1576924503954704,0.11244507360972311,15.425937515700914,-1.1401469887826035,-5.081487124403003,0.38203784230461757
1.1347604764421833,0.871941214383784,0.1868755775171256,0.9385872613052538,53.75260987957777,1.5841573918412517,13.179602345269853,0.40706275244472495,1.6482232857401813,94.39325135269857,0.7308220176053817,8.057239936149639,1.1576924503954704,0.11244507360972311,6.439695512400641,-1.1401469887826035,-3.2832028199995356,0.38203784230461757
1.1347604764421833,24.223623247470815,0.1868755775171256,0.9385872613052538,53.75260987957777,1.5841573918412517,13.179602345269853,0.40706275244472495,1.6482232857401813,94.39325135269857,0.7308220176053817,8.057239936149639,0.8499916767822169,0.11244507360972311,6.439695512400641,0.8084527426539074,2.328045726237301,2.5810210624113146
1.1347604764421833,1.0442528798943287,0.1868755775171256,0.9385872613052538,53.75260987957777,1.5841573918412517,13.179602345269853,2.1318323791831686,0.8008388554725108,45.86380014870171,-0.27411244065059304,-2.1065315385019217,0.8499916767822169,0.11244507360972311,6.439695512400641,1.7722484531432015,5.103421906426699,2.5810210624113146
1.1347604764421833,0.6948462189059975,0.1868755775171256,0.9385872613052538,53.75260987957777,-0.8440501169362764,-7.022184132707315,2.1318323791831686,0.8008388554725108,45.86380014870171,-0.27411244065059304,-2.1065315385019217,1.9387524669619063,0.11244507360972311,6.439695512400641,-2.391135260556296,-6.885587654659551,0.838263833592916
1.1347604764421833,0.6948462189059975,0.1868755775171256,0.9385872613052538,53.75260987957777,-0.8440501169362764,-7.022184132707315,2.1318323791831686,3.2800148933284414,187.8454654446328,-0.27411244065059304,-4.263176422451744,1.9387524669619063,0.0952457956317186,5.454698040693623,-0.22130627970150574,-0.5865206341663943,1.3407761093642185
0.5084500733506482,0.6948462189059975,0.1868755775171256,1.0788969613422668,61.788104158417404,1.8400834301234084,7.354247877991848,5.914525820445483,3.2800148933284414,187.8454654446328,0.23306503884965923,1.6241487560391106,1.9387524669619063,0.2070319425045483,11.856657017251877,-0.22130627970150574,-0.3874567045347255,1.3407761093642185
0.5084500733506482,1.851468497728271,0.3504591541044101,1.9136248461632663,31.16104259961448,1.7169776858955441,4.8732529615628435,5.914525820445483,3.3266574163183016,54.17055159586583,0.23306503884965923,0.8721819103823795,1.9387524669619063,0.2070319425045483,3.371262237109745,-0.22130627970150574,-0.20660380696244451,1.3407761093642185
2.926401040308294,0.16778754040959515,0.3504591541044101,1.9136248461632663,31.16104259961448,1.7169776858955441,28.0481669368704,5.914525820445483,1.9361866642641499,31.528434241908407,0.23306503884965923,3.8296772586748538,1.9387524669619063,0.2070319425045483,3.371262237109745,-0.22130627970150574,-1.1891149737519864,1.3407761093642185
2.926401040308294,4.173609781253302,0.7342348133552141,0.12255507957804475,0.4546648360067494,1.7169776858955441,3.3880060488924886,0.7083677722476006,1.2782105408534243,4.742009779930269,0.23306503884965923,1.4852248151874081,1.9387524669619063,0.2070319425045483,0.7680639962951993,-0.22130627970150574,-0.5675789546530218,4.540999098375194
2.926401040308294,4.173609781253302,0.7342348133552141,0.12255507957804475,0.4546648360067494,1.4679031570331926,2.896522660760657,0.7083677722476006,1.4520144594892102,5.3868017415196485,-0.4088421531660049,-2.776866526019707,1.9387524669619063,0.2070319425045483,0.7680639962951993,-0.2613953308681881,-0.6703943911824636,4.540999098375194
2.926401040308294,4.173609781253302,0.17849493025509147,0.12255507957804475,7.693244606189278,1.4679031570331926,11.91477972042898,0.7083677722476006,1.4520144594892102,91.14842442300036,-0.4088421531660049,-11.422576946754843,1.9387524669619063,0.2070319425045483,12.996175927312109,0.052560751329130684,0.5545021034989389,1.736866393171137
23.86612333718973,10.67040016148373,0.17849493025509147,0.12255507957804475,7.693244606189278,1.4679031570331926,97.1704145899456,0.7083677722476006,1.4520144594892102,91.14842442300036,-0.4088421531660049,-93.1562784747615,1.9387524669619063,1.0848028048455787,68.09716378865082,-0.1954935546420885,-38.501605180598425,1.736866393171137
24.28911434704325,11.373016056671107,0.8258832112619082,0.12255507957804475,0.3593552850530672,0.33453457562738054,4.870961627806163,0.7083677722476006,1.4520144594892102,4.257588276123944,-1.1802801476405658,-59.153250242907625,1.9387524669619063,0.35541780653071314,1.0421540063335004,-1.476897443746973,-36.62081197316594,0.6934834337889576
24.28911434704325,11.373016056671107,0.6869956571627506,0.12255507957804475,0.5193418595066409,0.33453457562738054,5.855707221964382,0.7083677722476006,1.4520144594892102,6.15308555155758,-1.1802801476405658,-71.11205981847753,1.1405584970779103,0.3473431801261343,1.4719084159933329,-1.476897443746973,-43.52135542043481,0.31805357667002737
24.28911434704325,45.278839287120654,0.6869956571627506,1.05245388207854,4.459899647126256,0.33453457562738054,17.15991899773024,0.5782164009386027,0.7880525324373209,3.339467192988013,-0.2037238585995832,-9.04257591242682,1.1405584970779103,0.3473431801261343,1.4719084159933329,-1.1276621492892716,-33.23005629211306,0.31805357667002737
0.3112181331409728,2.5144036875415336,0.6869956571627506,3.096202679130417,13.120530477604936,-0.33877861918855035,-0.3819060901609211,0.5782164009386027,0.4192918168327322,1.7767993997438447,-0.2037238585995832,-0.08451348018821686,1.1405584970779103,0.0736454710676581,0.3120815230197273,0.9543745771076715,0.1659272760282968,0.31805357667002737
0.3112181331409728,2.5144036875415336,0.6869956571627506,3.096202679130417,13.120530477604936,-0.33877861918855035,-0.3819060901609211,0.5266990346489719,1.0779083005251193,4.567765800485393,-0.2037238585995832,-0.13550605468342974,1.1405584970779103,0.06380162028450846,0.27036702380820143,0.9543745771076715,0.15444029246776095,0.15562372608538283
1.004665598365071,4.779022369247318,0.6869956571627506,0.08675792576085752,0.3676471236175072,0.398070115560206,0.24249159638140294,0.3131519203295431,1.0779083005251193,4.567765800485393,0.11046225857161207,0.2371850789341701,1.1405584970779103,0.014630189806063119,0.06199718530619833,0.803651250218304,0.20103660547281135,0.2683777990215058
2.8052342425453745,0.29998781812040864,0.8038528924439323,1.3588531298447188,4.205807170527738,-0.5238939366366591,-3.013957903868588,0.4574929796565898,1.1514919357288977,3.5640003571591916,-0.4958175773824517,-2.6257895765576142,1.1405584970779103,0.21486408019656267,0.665029111190859,0.803651250218304,1.8384722734886039,0.2683777990215058
3.857693944079698,0.29998781812040864,0.8794298727029635,1.3588531298447188,3.5139864876199938,0.020100767179808354,0.14535850450945018,0.4574929796565898,1.1514919357288977,2.977751615597431,-0.4958175773824517,-3.30060780834333,1.1405584970779103,0.21486408019656267,0.5556372928779285,0.803651250218304,2.310952863654212,0.3495691952843622
2.5810578461009976,0.29998781812040864,0.8794298727029635,1.8312194610956887,4.735523141409958,0.020100767179808354,0.11290010684084194,0.21018494612508565,1.1514919357288977,2.977751615597431,-0.4958175773824517,-2.2083295886395415,1.1405584970779103,0.3199281667375792,0.827332424846649,0.2551572130874977,0.5990259143563825,0.3495691952843622
2.5810578461009976,0.4110210183277679,0.8794298727029635,0.6687612438064009,1.7294127838879676,0.020100767179808354,0.0682275385947731,0.21018494612508565,1.1514919357288977,2.977751615597431,-0.407966143402976,-1.8170467259272285,1.1405584970779103,0.3199281667375792,0.827332424846649,0.2551572130874977,0.5990259143563825,0.3495691952843622
2.5810578461009976,3.9517439431922923,1.25427319137356,0.6687612438064009,0.8501916060048473,0.020100767179808354,0.0478375333172274,0.21018494612508565,1.1514919357288977,1.46388384076633,-0.3830798501753055,-1.1963006956067272,4.566982898240012,1.887498462888463,2.3995639166545013,0.964338627379297,3.855613235243683,1.5958645834580782
2.5810578461009976,9.588091989119782,1.25427319137356,0.6687612438064009,0.8501916060048473,0.020100767179808354,0.0478375333172274,0.21018494612508565,1.1514919357288977,1.46388384076633,-1.1551707063642522,-3.607424193508659,4.566982898240012,0.008811573133784417,0.011202092799818488,0.964338627379297,0.26343706801821903,1.5958645834580782
2.5810578461009976,2.4949061216411197,0.38155729345019257,0.6687612438064009,9.187166210364737,0.020100767179808354,0.15725380332448088,0.21018494612508565,0.1450363188472351,1.9924491440397238,-1.1551707063642522,-4.208598807061381,1.0026449925473977,0.2282407552941063,3.135477383424996,-0.05500702877429442,-0.25140144015620874,1.3875183758443848
2.5810578461009976,2.4949061216411197,1.4160397695615377,1.1375080880350332,1.134575986872214,0.020100767179808354,0.05526207209003314,3.362711571427446,0.1450363188472351,0.14466246554138512,-0.8665313998108907,-0.8506677606128548,1.0026449925473977,0.2282407552941063,0.22765242982104825,-0.05500702877429442,-0.06774107277028348,1.3875183758443848
1.7264938818028053,2.4949061216411197,0.1782615837453778,0.3219642299316588,20.26385638516899,0.020100767179808354,0.1562207528553794,0.40998911997588394,0.7720547986605614,48.59175680745341,-0.899849826258408,-10.829698882409415,1.0026449925473977,0.2282407552941063,14.365067471948654,-0.05500702877429442,-0.3599457630119398,1.3875183758443848
1.7264938818028053,1.9095250844688934,0.3604774425517716,0.3219642299316588,4.955431003526588,0.7675704371695158,2.950013477549707,0.8891341335383008,0.7720547986605614,11.882886140848981,-0.899849826258408,-5.355450983556592,0.34285555128301354,0.77331383423613,11.902264268434894,-0.5859935014976521,-3.490379408766268,1.2342066186591774
1.7264938818028053,1.8768452100708215,0.3604774425517716,0.497529759759622,7.657603446237787,1.1075305056940086,5.2913583811397675,0.8891341335383008,2.6548636804619354,40.8616627849942,-0.899849826258408,-9.931002666998445,0.6990406302115897,0.77331383423613,11.902264268434894,-0.5859935014976521,-3.490379408766268,1.2342066186591774
1.7264938818028053,1.8768452100708215,0.3604774425517716,1.1766551838131396,18.11019062448515,-1.2319230953379914,-9.051283162491444,0.8891341335383008,2.6548636804619354,40.8616627849942,-0.899849826258408,-9.931002666998445,0.6990406302115897,0.4018056799599457,6.184290485589776,-1.3004043771521077,-5.583267126251885,1.178296105640074
1.7264938818028053,1.8768452100708215,1.100125019278888,1.1766551838131396,1.9444425892993504,-1.2319230953379914,-2.9658296548564294,0.8891341335383008,0.7843716459152138,1.2961874091386978,-1.648202388125334,-3.239734957002421,0.6990406302115897,0.4018056799599457,0.6639906809441096,-3.171303636119532,-4.461530448285187,1.178296105640074
1.6462272289513469,1.8768452100708215,1.100125019278888,1.1766551838131396,1.9444425892993504,-1.2319230953379914,-2.827944880498386,2.0622604132328277,1.1844632361340939,1.9573455277992604,-0.3112913916621125,-0.7169529246796109,0.6990406302115897,0.05671989913888745,0.09373059249950226,3.5109737332880275,1.7695304578693434,1.178296105640074
1.6462272289513469,1.8768452100708215,1.100125019278888,1.1766551838131396,1.9444425892993504,-1.2319230953379914,-2.827944880498386,0.9926401536038902,1.1844632361340939,1.9573455277992604,0.6447817241758192,1.4850334937292131,0.6990406302115897,0.22936666638591344,0.3790322949507457,-2.2743766684369904,-2.3051027018727006,1.4021505699846448
1.6462272289513469,1.8768452100708215,1.100125019278888,1.1766551838131396,1.9444425892993504,-1.2319230953379914,-2.827944880498386,0.9926401536038902,2.9283638714216704,4.839170818170698,0.6447817241758192,2.335005867726016,1.410523310248587,0.22936666638591344,0.3790322949507457,-1.143634151457805,-1.1590842489124455,1.4021505699846448
1.6462272289513469,1.8768452100708215,0.9818192162225644,1.4748340957797537,3.059920260013627,-1.2319230953379914,-3.5475492425013355,0.9926401536038902,0.5394613568620131,1.1192504567666477,0.6447817241758192,1.1229647918964298,0.49204020551291383,0.22936666638591344,0.47587976942923477,-1.143634151457805,-1.298749872289731,1.4021505699846448
46.59034659409885,1.8768452100708215,0.9818192162225644,1.4748340957797537,3.059920260013627,-1.2319230953379914,-100.40020348409315,0.9926401536038902,0.06213554307813372,0.12891606430566557,0.6447817241758192,10.786043804052662,0.49204020551291383,2.3953193184103783,4.969702105870291,-1.143634151457805,-118.78134418310862,1.734217140559359
2.5739440479496767,1.8768452100708215,0.9818192162225644,0.3529266205812207,0.732236473041163,0.31351869738108973,0.6905390243406014,0.5129272594355683,0.06213554307813372,0.12891606430566557,0.6447817241758192,0.595888961553299,0.31386347689986765,0.4276257092669874,0.8872188236175402,-0.3255664201427929,-0.7893217678173954,1.734217140559359
2.5739440479496767,0.5429375977447589,0.9818192162225644,0.5950459470819041,1.2345748951187967,0.31351869738108973,0.8966465231445341,0.5129272594355683,0.06213554307813372,0.12891606430566557,0.6447817241758192,0.595888961553299,0.3055029180252905,0.08679318165636761,0.18007463737197402,-0.3255664201427929,-0.35560264335888286,1.734217140559359
2.5739440479496767,0.5429375977447589,1.1065501600561212,1.0872554104300047,1.7759034972756484,1.0655941478401938,3.6551113338249004,1.8607530818825537,0.06213554307813372,0.10149108222320802,0.6447817241758192,0.5287200294275547,0.3055029180252905,0.9749075478669942,1.592396512510969,-0.9111737287787458,-2.9595514919171153,3.352731619360886
0.5142621910456823,0.8181760463268464,0.6219306754195606,1.0872554104300047,5.621828814609488,1.0655941478401938,1.299317330347034,1.382147399544822,0.06213554307813372,0.3212818102693171,-0.34027532932825744,-0.09918777036539576,0.45431141306379796,2.7104834998044143,14.014990493077901,-0.9111737287787458,-1.7542124506745282,0.28514260268999625
0.6923030600862615,22.63821759958683,0.6219306754195606,1.0901350888254442,5.636718654498983,1.0655941478401938,1.7514641695516273,0.5618957524192457,0.8394015298751951,4.340260496669615,-0.34027532932825744,-0.49077746414410317,0.45431141306379796,2.7104834998044143,14.014990493077901,0.2286272581372346,0.592544079310141,0.28514260268999625
0.6923030600862615,7.861093806523198,0.6219306754195606,1.0901350888254442,5.636718654498983,1.0655941478401938,1.7514641695516273,0.5618957524192457,0.8394015298751951,4.340260496669615,-0.35393737776584905,-0.5104821706253271,3.944693993933071,2.7104834998044143,14.014990493077901,0.2286272581372346,0.592544079310141,0.28514260268999625
0.6923030600862615,7.861093806523198,0.2349972534448908,1.0901350888254442,39.48069066949062,1.0655941478401938,4.635327766491758,0.5618957524192457,0.8394015298751951,30.400041690435188,-0.35939734950624896,-1.3718550010263078,3.944693993933071,2.7104834998044143,98.16376127827904,0.2286272581372346,1.5681942408217957,2.6032426033557865
1.1804797286016169,7.861093806523198,0.2349972534448908,1.0901350888254442,39.48069066949062,1.0655941478401938,7.903923554932611,0.5618957524192457,0.8394015298751951,30.400041690435188,-0.48233606078273517,-3.1393906139270196,0.8458994403700034,3.0830540528204615,111.65689887835029,0.2286272581372346,2.8518673593722434,2.6032426033557865
1.1804797286016169,1.825735433444097,0.35039904534923244,1.0901350888254442,17.757608866261542,1.0655941478401938,5.3008144613987875,2.856873420055504,0.8394015298751951,13.673318290603179,-0.20944163705798463,-0.914236422475996,0.8458994403700034,3.0830540528204615,50.22099420954844,0.5734594343990229,4.797377442818745,2.6032426033557865
1.1804797286016169,1.825735433444097,0.35039904534923244,0.6127101357124731,9.980659323698099,1.0655941478401938,3.9740193399497112,2.014349824517548,0.8394015298751951,13.673318290603179,-0.20944163705798463,-0.914236422475996,1.250487150620919,3.0830540528204615,50.22099420954844,-0.6535589920335352,-5.467464615380961,2.6032426033557865
1.1804797286016169,1.825735433444097,0.35039904534923244,0.6127101357124731,9.980659323698099,1.0655941478401938,3.9740193399497112,1.528272844463665,0.8086465262170651,13.172338796190294,-1.1350392706065475,-4.86296190655855,1.250487150620919,1.6146281297507392,26.301267692859355,-0.6535589920335352,-3.956686751200268,2.6032426033557865
1.1804797286016169,1.3257761267162238,0.35039904534923244,0.6445763935648752,10.499740443804123,1.0655941478401938,4.076051307657187,1.528272844463665,0.8086465262170651,13.172338796190294,0.3154906959836956,1.3516882421367615,1.250487150620919,1.7431372699917749,28.394600043622045,-0.6535589920335352,-4.11112996064499,0.3741633962473926
1.1804797286016169,0.29364724602720305,0.35039904534923244,0.6445763935648752,10.499740443804123,1.0655941478401938,4.076051307657187,1.528272844463665,0.21660779505176164,3.5284035358010835,0.4336998958424684,0.9616941535870297,0.349931469491992,1.7431372699917749,28.394600043622045,-0.6535589920335352,-4.11112996064499,0.9202896707775025
2.869691263278437,0.29364724602720305,1.378302168022056,0.6445763935648752,0.6786025907061403,1.0655941478401938,2.5190382318648634,1.528272844463665,0.23133502108409526,0.24354684129915546,0.4336998958424684,0.6142083892767434,0.349931469491992,1.7431372699917749,1.8351548073778337,-0.9999745195145253,-3.8874110267167805,0.9202896707775025
0.8105241877980985,1.1992728720213635,1.378302168022056,0.6445763935648752,0.6786025907061403,1.0655941478401938,0.7114846962951927,1.528272844463665,0.23133502108409526,0.24354684129915546,0.7820402191979063,0.31281409897784296,0.349931469491992,1.7431372699917749,1.8351548073778337,-0.9999745195145253,-1.0979720032556253,0.9202896707775025
0.8105241877980985,15.033658388253944,1.378302168022056,0.6445763935648752,0.6786025907061403,1.0655941478401938,0.7114846962951927,2.8527128036554887,0.6936885350438965,0.730307286651441,0.7820402191979063,0.5416863418394543,0.586849095371937,1.7431372699917749,1.8351548073778337,-0.9999745195145253,-1.0979720032556253,0.9202896707775025
0.8105241877980985,15.033658388253944,0.26384710705423337,0.6445763935648752,18.51824043045265,2.1909250783777483,7.641759497911609,2.7747546534172964,0.6936885350438965,19.929198779288594,0.7820402191979063,2.8296973488960497,0.586849095371937,1.7431372699917749,50.0791456082725,0.19675304063629517,1.1285372220362007,0.9202896707775025
1.5392953552346704,19.738828528070368,0.26384710705423337,0.6445763935648752,18.51824043045265,2.1909250783777483,14.512737655505859,2.7747546534172964,0.7754905462233482,22.279314802523317,0.7157653955911744,5.200481695274607,0.586849095371937,1.7431372699917749,50.0791456082725,0.19675304063629517,2.143245235912054,0.9202896707775025
0.34022041556843735,19.738828528070368,0.26384710705423337,0.6445763935648752,18.51824043045265,2.1909250783777483,3.2076557753525936,0.7043735372848782,0.29311572350039733,8.421014942397395,0.7157653955911744,0.7066645215009072,0.586849095371937,1.7431372699917749,50.0791456082725,-0.0351054719874761,-0.08452080846935993,0.12313118570942862
0.34022041556843735,215.56918974022372,0.26384710705423337,0.6445763935648752,18.51824043045265,0.7484944769481057,1.0958442420038592,0.7043735372848782,2.1724935053446655,62.414257591827635,0.5085517462950604,1.3669021454997978,0.586849095371937,1.7431372699917749,50.0791456082725,-0.0351054719874761,-0.08452080846935993,0.45615436186759395
0.20364974031653144,1063.7892313447242,0.3602561214097822,0.3163764177500062,4.875412449650744,0.7484944769481057,0.33657212265606334,0.7043735372848782,2.1724935053446655,33.47848097550741,0.5085517462950604,0.5992415004976527,0.586849095371937,1.001510658278604,15.433443385428566,-0.0351054719874761,-0.028086013071838552,0.4581313041319251
0.20364974031653144,1063.7892313447242,0.3602561214097822,0.09062569980820634,1.3965568870318608,0.9946070431310925,0.23936723675413826,0.7043735372848782,2.1724935053446655,33.47848097550741,0.5085517462950604,0.5992415004976527,0.586849095371937,0.2576342460972419,3.970185957005805,-0.0351054719874761,-0.014245054052680426,0.4581313041319251
469.24727232805736,1063.7892313447242,0.3602561214097822,0.09062569980820634,1.3965568870318608,0.9946070431310925,551.5470962889602,0.3031237927140763,1.0534510687844445,16.233853624033145,0.48391726340881513,914.9211879727393,0.9305508755512111,0.2576342460972419,3.970185957005805,-0.0351054719874761,-32.82328152246317,0.4581313041319251
12.477894756467208,1063.7892313447242,0.3602561214097822,0.09062569980820634,1.3965568870318608,1.0487386260382434,15.464571736421819,0.10734142697046391,1.0534510687844445,16.233853624033145,-1.1114175423814303,-55.87652362055878,0.9305508755512111,3.790533476135159,58.41274211205618,0.4838718888523094,46.14509105775943,1.1485210253495493
12.477894756467208,221.39293950457343,0.6770037966004586,0.09062569980820634,0.39545690263137817,0.26063100831319275,2.045111461870952,0.7194152020202255,1.0534510687844445,4.5968692944370275,0.17949752419135367,4.802096230086797,0.7007277246903587,3.790533476135159,16.540480580732844,-0.8785426469275879,-44.58391770295546,1.1485210253495493
12.477894756467208,221.39293950457343,0.6770037966004586,0.10241654850661125,0.4469077881476763,0.2903562351154136,2.42204069771064,0.7194152020202255,1.0534510687844445,4.5968692944370275,0.17949752419135367,4.802096230086797,0.31830326384844215,1.5617605119239075,6.814942957731493,-0.8785426469275879,-28.61773640016787,0.6592714052665636
12.477894756467208,221.39293950457343,0.6770037966004586,0.10241654850661125,0.4469077881476763,-0.3757066554822008,-3.1340012712898493,0.8679616576839878,1.0534510687844445,4.5968692944370275,0.17949752419135367,4.802096230086797,0.31830326384844215,1.5617605119239075,6.814942957731493,0.17313423629976255,5.639691998559704,0.6592714052665636
0.49174526933621804,221.39293950457343,0.3881993888409496,0.10241654850661125,1.3592221299118588,-0.546779125205866,-0.31347097511535726,1.2310646673382883,1.0534510687844445,13.980885182619541,0.17949752419135367,0.3300395512337057,0.31830326384844215,1.5617605119239075,20.72691845588233,0.17313423629976255,0.3876060218533609,0.8335473282864139
1.2607349176579208,21.576115171334624,0.3881993888409496,0.10241654850661125,1.3592221299118588,-0.546779125205866,-0.8036758635902561,1.2310646673382883,1.0534510687844445,13.980885182619541,-1.8783176420604513,-8.854420715374838,0.31830326384844215,1.5140049390721262,20.093129948133807,0.17313423629976255,0.978431741799236,1.3920452952594458
1.2607349176579208,21.576115171334624,0.47270305340052915,0.10241654850661125,0.9166917360599542,-0.546779125205866,-0.6600052122100605,2.348411472351927,1.0534510687844445,9.429041528731942,1.4118348004785022,5.465645225596781,0.31830326384844215,1.5140049390721262,13.551284789799196,-0.7566595288092405,-3.511676676494207,1.9523616485578823
1.2607349176579208,1.2020924916395221,0.627373804486356,0.4059312925803919,2.062670061606758,-0.546779125205866,-0.9900350947220211,1.8716885073944625,1.0534510687844445,5.352930460563059,-0.5907148771257293,-1.7230484553324668,0.5187630819743063,1.5140049390721262,7.693155758201054,-0.7566595288092405,-2.645919028916571,0.9032535639116416
1.2607349176579208,0.5767312870001956,0.627373804486356,0.7656273571834861,3.8904037625941923,1.4413445232355475,3.5841726528998836,8.664473500578055,1.0534510687844445,5.352930460563059,-0.5907148771257293,-1.7230484553324668,0.5187630819743063,1.5140049390721262,7.693155758201054,-0.3779132349234051,-1.321502976559151,0.9032535639116416
1.2607349176579208,0.5767312870001956,0.627373804486356,0.7656273571834861,3.8904037625941923,0.22802403966989293,0.5670244095103327,8.664473500578055,1.0534510687844445,5.352930460563059,1.1629635733289407,3.3922331504203065,0.5187630819743063,2.1291546911887544,10.818933445922678,-0.3779132349234051,-1.5671411251007896,0.9032535639116416
1.5005091809802187,2.6078368427039944,0.627373804486356,0.7656273571834861,3.8904037625941923,0.22802403966989293,0.6748645733480023,8.447885056195604,0.32417821571417493,1.647255859306043,-0.5518234236341564,-1.0627211377504089,1.123173175092384,2.1291546911887544,10.818933445922678,-0.6125569907357364,-3.023273116053608,1.5450981836725735
1.5005091809802187,0.6289412940945666,0.627373804486356,0.7656273571834861,3.8904037625941923,0.22802403966989293,0.6748645733480023,0.5774847432923069,0.32417821571417493,1.647255859306043,-0.5518234236341564,-1.0627211377504089,1.123173175092384,2.1291546911887544,10.818933445922678,-0.6125569907357364,-3.023273116053608,0.1370559472034753
1.5005091809802187,0.6289412940945666,0.627373804486356,0.7656273571834861,3.8904037625941923,0.22802403966989293,0.6748645733480023,0.5774847432923069,4.771219020861786,24.244129022773688,-0.5518234236341564,-4.0770128630196,0.902162624553606,2.425313337943715,12.323812683648477,-0.6125569907357364,-3.226693408528451,0.29693581908476807
2.048607825648699,1.0685635033118626,0.627373804486356,0.7656273571834861,3.8904037625941923,0.22802403966989293,0.921375799454048,0.5774847432923069,4.771219020861786,24.244129022773688,-0.5518234236341564,-5.566244153865304,0.2499048885887059,1.4242731131107773,7.237198914353823,-0.8219792219165539,-4.5300700906232025,0.8580768781393738
0.899923985274043,0.5752557603192051,0.627373804486356,0.7656273571834861,3.8904037625941923,0.22802403966989293,0.4047471512109378,0.8453973656193533,2.1063458542859816,10.70303426327934,-0.5518234236341564,-1.624648508634724,0.2499048885887059,1.4242731131107773,7.237198914353823,-1.222245801130001,-2.959031822106331,0.8580768781393738
0.48174228787351414,1.5636271705527567,0.627373804486356,0.7656273571834861,3.8904037625941923,-0.47764166070982417,-0.45385205768781506,0.8453973656193533,2.1063458542859816,10.70303426327934,0.3623400913576843,0.5710637832803349,1.6175753801085464,0.2261988520502442,1.1493905708229022,-1.222245801130001,-0.6312583558279149,0.8525209055554035
2.0756490785384045,0.5025155660515059,0.9368846916921849,0.7656273571834861,1.744516788078299,-1.045207907802289,-2.865458971121426,2.276593233794742,2.1063458542859816,4.7994049191484125,0.06335439969630474,0.28808749503315756,0.3181056119292452,0.2261988520502442,0.5154043819663576,-1.222245801130001,-1.8213211811576258,0.8525209055554035
0.613326807795992,0.5025155660515059,0.7178341774470132,0.7656273571834861,2.9716603842890605,-0.19148745291705638,-0.20245656185297817,0.6281659696652954,2.1063458542859816,8.175445237248843,0.06335439969630474,0.11110265432645046,0.3181056119292452,1.1351094771695422,4.405746259570246,-1.222245801130001,-1.573476431518403,2.8160189396454225
0.613326807795992,0.5025155660515059,0.7178341774470132,0.7656273571834861,2.9716603842890605,-0.19148745291705638,-0.20245656185297817,0.6281659696652954,2.1063458542859816,8.175445237248843,0.06335439969630474,0.11110265432645046,0.06911671494231905,1.5726436391321208,6.103965273922562,-1.222245801130001,-1.8520662967996553,0.44749648994256097
3.2512516487431573,0.5025155660515059,0.7178341774470132,0.7656273571834861,2.9716603842890605,-0.19148745291705638,-1.073224294383546,0.6281659696652954,2.1063458542859816,8.175445237248843,0.06335439969630474,0.5889563010569806,0.06911671494231905,1.5726436391321208,6.103965273922562,-1.222245801130001,-9.817822284158867,1.3381006369338155
2.240257400306986,0.5025155660515059,0.7880648728227352,0.7656273571834861,2.46560498466926,1.6294344822948088,5.731873181057548,0.6281659696652954,0.007976842573368724,0.02568840131728264,0.06335439969630474,0.02274800104318199,0.19291296655742127,1.5726436391321208,5.064497708149811,-1.222245801130001,-6.162042141186377,1.6797959173842956
0.5876803313486021,0.6445641256001726,0.7880648728227352,1.0018248989746548,3.226248959760871,1.6294344822948088,1.7199942588929071,0.727678505063175,0.007976842573368724,0.02568840131728264,0.06335439969630474,0.005967418203258083,0.19291296655742127,1.5726436391321208,5.064497708149811,0.7367240047610419,0.9743481526749808,0.29134698954910065
0.5876803313486021,0.6445641256001726,0.7880648728227352,1.0018248989746548,3.226248959760871,0.05000438109068428,0.052783495949062016,0.727678505063175,0.08798641994016673,0.28334901248269695,0.06335439969630474,0.01981886538145461,0.10957331974903187,1.5726436391321208,5.064497708149811,1.5558939841578625,2.0577345375274443,0.6687346670086705
0.5876803313486021,0.30076478429309084,0.7880648728227352,0.23199026763690614,0.7470949867629011,0.32441402417879,0.16478917789540815,0.7788562481589624,0.08798641994016673,0.28334901248269695,-1.1295661116224052,-0.35335696988702303,5.695113741331666,1.5726436391321208,5.064497708149811,0.4691214763805722,0.6204326734810651,0.6687346670086705
0.5876803313486021,0.30076478429309084,0.7880648728227352,0.512793289773752,1.651385206534757,0.32441402417879,0.24499937187455795,0.7788562481589624,0.08798641994016673,0.28334901248269695,-1.1295661116224052,-0.35335696988702303,0.725558959520849,1.5726436391321208,5.064497708149811,0.4691214763805722,0.6204326734810651,2.3276942897335386
0.5876803313486021,0.30076478429309084,0.7880648728227352,0.1056163889487751,0.3401240729077804,0.32441402417879,0.11118839507568605,0.7788562481589624,0.05082974677199453,0.16369069865991084,-0.05782359267504922,-0.013748592142809797,0.725558959520849,1.5726436391321208,5.064497708149811,0.4691214763805722,0.6204326734810651,0.18891749445452385
0.5876803313486021,18.525372399320098,0.8447895022823751,0.8247509516391296,2.3112972576507484,0.32441402417879,0.28984691216247455,0.5585337638657739,0.05082974677199453,0.14244621856780537,-0.05782359267504922,-0.012825422770101465,0.725558959520849,0.6256416065518802,1.75330956165818,0.4691214763805722,0.3650528739743461,0.10831537874652811
0.5876803313486021,25.017724257501463,0.8447895022823751,0.8247509516391296,2.3112972576507484,0.32441402417879,0.28984691216247455,0.5585337638657739,0.05082974677199453,0.14244621856780537,-0.05782359267504922,-0.012825422770101465,3.0389121504519543,0.6256416065518802,1.75330956165818,0.4691214763805722,0.3650528739743461,0.10831537874652811
0.5876803313486021,23.365135832527564,0.8447895022823751,0.8247509516391296,2.3112972576507484,0.32441402417879,0.28984691216247455,0.5585337638657739,0.6334273162072913,1.775128377798559,-0.05782359267504922,-0.04527527646023023,0.17992910874941784,0.6256416065518802,1.75330956165818,0.4691214763805722,0.3650528739743461,0.10831537874652811
0.5876803313486021,80.48056128188952,0.8447895022823751,0.8247509516391296,2.3112972576507484,0.32441402417879,0.28984691216247455,0.5585337638657739,0.6334273162072913,1.775128377798559,-0.05782359267504922,-0.04527527646023023,0.116676021218955,0.36846283694605875,1.032587040835899,0.4691214763805722,0.28014947078580205,0.0768428453953481
0.5876803313486021,70.7154422708054,0.8447895022823751,0.8247509516391296,2.3112972576507484,0.32441402417879,0.28984691216247455,0.9409098189710653,0.6334273162072913,1.775128377798559,-0.05782359267504922,-0.04527527646023023,0.116676021218955,0.36846283694605875,1.032587040835899,0.7932386651470116,0.47370543331828235,0.16024800151422156
0.7758702844305355,2.4829607209466924,0.8447895022823751,0.8247509516391296,2.3112972576507484,0.32441402417879,0.38266314896867704,0.2777763025183968,0.6334273162072913,1.775128377798559,-0.05782359267504922,-0.05977355332661759,0.23199112969982472,0.36846283694605875,1.032587040835899,0.7932386651470116,0.6253977709982791,0.16024800151422156
