{
    "n": 1000,
    "active_prop": 0.1,
    "noise_constant": 0.1,
    "seed": 91,
    "active_indices": [
        25,
        21,
        26
    ],
    "gp_features": [
        26,
        21,
        25
    ],
    "lengthscales": [
        0.7634578415850785,
        2.8024253040112006,
        0.9110526794599705
    ],
    "beta": [
        0.0,
        0.0,
        0.0,
        0.0,
        0.0,
        0.0,
        0.0,
        0.0,
        0.0,
        0.0,
        0.0,
        0.0,
        0.0,
        0.0,
        0.0,
        0.0,
        0.0,
        0.0,
        0.0,
        0.0,
        0.0,
        4.893491268855616,
        0.0,
        0.0,
        0.0,
        1.591862210921727,
        -4.693703036673144,
        0.0,
        0.0,
        0.0
    ]
}