{
    "selected features": [
        4,
        8,
        10,
        17,
        20,
        22,
        24
    ],
    "precision": 0.7142857142857143,
    "recall": 0.8333333333333334,
    "training rmse": 1.0299,
    "testing rmse": 1.0185,
    "beta_error": 0.3162,
    "tune time": 0.4262,
    "fit time": 53.0066,
    "prediction time (test)": 1.1285,
    "total runtime": 54.5613,
    "lambda": 0.0498
}