{
    "n": 1000,
    "active_prop": 0.2,
    "noise": 0.5,
    "seed": 111,
    "active_indices": [
        5,
        4,
        11,
        18,
        29,
        25
    ],
    "gp_features": [
        11,
        4,
        5
    ],
    "lengthscales": [
        0.9192200859847827,
        1.7841148082343217,
        1.9519006717712233
    ],
    "beta": [
        0.0,
        0.0,
        0.0,
        0.0,
        3.874241145630071,
        -4.36593694062418,
        0.0,
        0.0,
        0.0,
        0.0,
        0.0,
        -0.035710103194528386,
        0.0,
        0.0,
        0.0,
        0.0,
        0.0,
        0.0,
        -1.4673368652324381,
        0.0,
        0.0,
        0.0,
        0.0,
        0.0,
        0.0,
        1.562795217952388,
        0.0,
        0.0,
        0.0,
        -4.399395262731104
    ]
}