{
    "n": 100,
    "active_prop": 0.1,
    "noise_constant": 0.5,
    "seed": 9,
    "active_indices": [
        8,
        0,
        7
    ],
    "gp_features": [
        0,
        7,
        8
    ],
    "lengthscales": [
        1.2400324976496777,
        1.0774381848058907,
        0.474325292731638
    ],
    "beta": [
        2.7660761734998793,
        0.0,
        0.0,
        0.0,
        0.0,
        0.0,
        0.0,
        4.922851720283756,
        -4.101811146659403,
        0.0,
        0.0,
        0.0,
        0.0,
        0.0,
        0.0,
        0.0,
        0.0,
        0.0,
        0.0,
        0.0,
        0.0,
        0.0,
        0.0,
        0.0,
        0.0,
        0.0,
        0.0,
        0.0,
        0.0,
        0.0
    ]
}