{
    "n": 1000,
    "active_prop": 0.1,
    "noise_constant": 0.1,
    "seed": 93,
    "active_indices": [
        12,
        11,
        9
    ],
    "gp_features": [
        11,
        12,
        9
    ],
    "lengthscales": [
        2.0044588312303353,
        1.3883055912039897,
        1.0970657440899796
    ],
    "beta": [
        0.0,
        0.0,
        0.0,
        0.0,
        0.0,
        0.0,
        0.0,
        0.0,
        0.0,
        -0.4628368781280088,
        0.0,
        -3.348834453618589,
        3.4219984252571436,
        0.0,
        0.0,
        0.0,
        0.0,
        0.0,
        0.0,
        0.0,
        0.0,
        0.0,
        0.0,
        0.0,
        0.0,
        0.0,
        0.0,
        0.0,
        0.0,
        0.0
    ]
}