sigma_noise,sigma_gp,lambda,zeta0,tau_sq0,nu0,beta0,ell0,zeta1,tau_sq1,nu1,beta1,ell1,zeta2,tau_sq2,nu2,beta2,ell2
0.5567571144848517,5.382081673093497,0.06536386574194725,0.9974405271882997,466.91900056586064,1.713801598779699,20.618026458813578,2.0137599770873438,0.23336118923570282,109.24037100833092,0.8069771662394816,4.69589745853752,0.8959168136333628,0.11836471790925907,55.408552472039126,1.6293284833253983,6.752472549773239,0.8685469680771842
0.5567571144848517,1.2387669813795266,0.3489860414357448,0.9974405271882997,16.379509511592758,-0.5850111056859133,-1.3181970406425474,2.1578902751503306,0.23336118923570282,3.832150102721061,0.8069771662394816,0.8795251803052755,1.5151659315895607,0.11836471790925907,1.9437309493498238,1.6293284833253983,1.2647145064993288,0.8685469680771842
24.01603707941081,0.21856580737989662,0.8421365008910068,0.9974405271882997,2.812885296084786,-1.0229241367525677,-41.20223578829181,2.1578902751503306,0.23336118923570282,0.6581026537274911,0.8069771662394816,15.722058677271383,3.1622801158707565,0.04817557523505166,0.1358600974346822,0.8438177597037347,7.469576301991108,0.45140417947456507
24.01603707941081,0.5337307916715949,0.5538272318554294,0.9974405271882997,6.503818202145869,0.09831141729154735,6.021289371874859,2.1578902751503306,0.49732202038266576,3.242791846056726,0.835970775758078,36.153635655339,3.1622801158707565,0.30760870873684026,2.0057648195435354,1.128389393276415,38.37959127991574,0.45140417947456507
2.1340071090939947,0.5337307916715949,0.5538272318554294,0.9974405271882997,6.503818202145869,-0.2244276923074165,-1.2213960250194684,2.1578902751503306,0.840625957241436,5.481307659831049,0.835970775758078,4.176659267793939,0.38022526176524124,0.30760870873684026,2.0057648195435354,1.128389393276415,3.4103178790341624,0.45140417947456507
2.1340071090939947,1.187949020960656,0.5538272318554294,1.4482880013790418,9.443572432204022,-0.2244276923074165,-1.4717717532782695,5.061800857090092,0.840625957241436,5.481307659831049,0.835970775758078,4.176659267793939,0.38022526176524124,0.30760870873684026,2.0057648195435354,1.128389393276415,3.4103178790341624,1.6277268284693263
0.746421577788894,1.187949020960656,0.29054107964891496,1.4482880013790418,34.31388064369398,0.6121065236160732,2.6763697457047395,5.061800857090092,0.840625957241436,19.916714586675887,0.835970775758078,2.7847366524092805,2.531626439983642,1.3123060200137222,31.092097770522603,-0.39281264129478943,-1.6349130242293675,0.4615325553500651
0.746421577788894,1.996403960137058,0.3186932833269189,0.0773598549055024,1.52335043575965,0.6121065236160732,0.5639116985689092,5.061800857090092,0.840625957241436,16.553390900731006,-0.024815479145775865,-0.07536163918310991,2.531626439983642,1.2565719898460497,24.744093569379203,-0.835800042139705,-3.103289907291516,1.4818550360200908
0.746421577788894,1.996403960137058,0.3186932833269189,0.06668615781320024,1.3131667282464072,1.7119659097845035,1.4643309214812914,3.3282867321607625,0.12856122902868664,2.5315947722740115,-0.024815479145775865,-0.029471615724224832,2.531626439983642,0.9318119212781539,18.349001533922845,-0.5008712752386526,-1.601461601299378,0.43605615888391186
0.746421577788894,1.2512168719785917,0.19029245952278598,0.06598111824660283,3.64423612190044,1.7119659097845035,2.439397375794172,2.3308532952036,0.12856122902868664,7.10062950056742,-0.024815479145775865,-0.04935774125604698,2.531626439983642,0.9318119212781539,51.465369981269376,2.389038632605219,12.792779311993355,0.43605615888391186
0.746421577788894,1.6192082193168633,0.19029245952278598,0.5793887498072822,32.00050964245587,2.910057893386967,12.287520691294828,2.3308532952036,0.4377619029886736,24.17824647501088,0.5105724656955177,1.873932641972967,2.531626439983642,0.9318119212781539,51.465369981269376,0.7986529477804294,4.276611842264969,0.43605615888391186
0.746421577788894,1.6192082193168633,0.19029245952278598,0.5793887498072822,32.00050964245587,0.9676379217892019,4.085785032897722,2.3308532952036,0.4377619029886736,24.17824647501088,0.5105724656955177,1.873932641972967,2.531626439983642,0.9318119212781539,51.465369981269376,0.7986529477804294,4.276611842264969,0.43605615888391186
2.1940815481711926,1.6192082193168633,0.27078440875612503,0.5793887498072822,15.803480466571905,0.9676379217892019,8.439991653614326,3.6930432291521793,0.825719648601603,22.52243306740168,-0.1639018381584295,-1.7066491225468807,0.15608927797954192,0.9318119212781539,25.41621925060903,0.7986529477804294,8.834181917022079,4.8720974534549795
2.454268742340914,1.4560090080576436,0.39829709793695967,0.5793887498072822,7.304420549772836,0.442447598820762,2.9347887360321314,1.606760615791079,0.825719648601603,10.409942498198204,-0.8967625377481356,-7.101069101251852,0.24842865482483162,0.04503574886713527,0.567770861289473,0.7986529477804294,1.4769533060662303,4.8720974534549795
2.454268742340914,1.4560090080576436,0.39829709793695967,0.66658179712598,8.40367331718307,0.442447598820762,3.1478826899718517,0.6925242655627102,0.825719648601603,10.409942498198204,-0.8967625377481356,-7.101069101251852,0.24842865482483162,0.04503574886713527,0.567770861289473,0.7986529477804294,1.4769533060662303,2.7985004163734244
2.454268742340914,1.4560090080576436,1.0167203150877777,0.66658179712598,1.2896754802672397,0.07639099848698844,0.21291414964459796,2.0532304523484206,2.5639361706970933,4.960599924233132,-0.8967625377481356,-4.901925140852914,0.2407285433704744,0.04503574886713527,0.08713334402445498,0.7986529477804294,0.5785919754576657,4.655372040198149
2.454268742340914,1.4560090080576436,0.9737396457212661,0.43849118996831893,0.9249221126223198,0.07639099848698844,0.18030878382184592,2.0532304523484206,0.7276211289835978,1.534792231188888,0.8171544526379269,2.4845690092316843,0.3146046775258601,0.04503574886713527,0.0949952038688133,-1.5551957477999903,-1.176408126559083,4.655372040198149
2.454268742340914,1.4560090080576436,0.9737396457212661,0.43849118996831893,0.9249221126223198,0.07639099848698844,0.18030878382184592,0.4716392755680453,0.7276211289835978,1.534792231188888,0.1348878175826782,0.4101282079623145,0.3146046775258601,0.05469074267055538,0.11536076073817696,-1.5551957477999903,-1.2963916706618333,0.7421322223116544
2.454268742340914,1.4560090080576436,0.9737396457212661,0.43849118996831893,0.9249221126223198,0.07639099848698844,0.18030878382184592,0.4716392755680453,0.7276211289835978,1.534792231188888,0.1348878175826782,0.4101282079623145,0.30003676513657207,4.265430627409139,8.997195832902023,-1.5551957477999903,-11.4488209410789,0.5072820766276145
2.454268742340914,1.4560090080576436,0.9737396457212661,0.07501221807924689,0.15822543486758756,0.07639099848698844,0.07457657804401233,1.7552360044891735,0.7276211289835978,1.534792231188888,0.1492884865828967,0.4539136340768557,0.2671120814787203,0.5258619678861884,1.1092158141653086,-1.5551957477999903,-4.0198995660607135,0.5072820766276145
1.4753263206122784,1.4560090080576436,0.6990940651331465,0.2881837043231893,1.1793105525157586,0.07639099848698844,0.12238955887276035,1.7552360044891735,0.7276211289835978,2.977584307409219,0.1492884865828967,0.3800549902967987,0.2671120814787203,1.0921095872296243,4.469150550161378,-1.5617026436301753,-4.870784646332099,0.5072820766276145
0.590825786030251,0.5807485459939598,0.6990940651331465,0.2881837043231893,1.1793105525157586,-0.17468659688704097,-0.11208128928646978,1.4088294364301281,1.2566935683416043,5.142664086106284,0.1492884865828967,0.20002295344791926,0.2671120814787203,1.0921095872296243,4.469150550161378,1.240782377913893,1.5497710739274233,0.5072820766276145
0.6502426387944552,0.8874644271774405,0.6990940651331465,0.2881837043231893,1.1793105525157586,-0.17468659688704097,-0.12335283095004805,1.4088294364301281,1.2566935683416043,5.142664086106284,0.1492884865828967,0.22013841667834058,5.574045259287056,1.0921095872296243,4.469150550161378,1.240782377913893,1.7056250022680757,0.5072820766276145
0.6502426387944552,1.801247421258595,1.6440012071003358,0.2881837043231893,0.21325300075791492,0.1885440039081095,0.05661555191328101,1.4088294364301281,1.077723869609966,0.7975046671098798,0.1492884865828967,0.08668987493458961,5.273094434869456,1.0921095872296243,0.8081499513658128,-1.305381418698683,-0.7630602779962553,0.5072820766276145
0.6502426387944552,0.4712776260234501,1.6440012071003358,0.2881837043231893,0.21325300075791492,-0.403420241112264,-0.12113808516918505,0.889089249139773,1.077723869609966,0.7975046671098798,0.1492884865828967,0.08668987493458961,0.5947402729406311,0.04010316940958584,0.029675936176135256,-1.305381418698683,-0.14622279635032398,0.5072820766276145
1.2218084706659786,0.4712776260234501,1.6440012071003358,1.5188731840252274,1.1239506585731844,-0.403420241112264,-0.5225579260322356,0.889089249139773,1.4612412907841037,1.0813036456135399,1.2371403274832489,1.5717950955101154,0.5947402729406311,0.3126682463221799,0.23137131201264255,0.7141183260127097,0.4196894620106191,0.8539200199788163
6.8624919165179,0.4712776260234501,1.6440012071003358,1.5188731840252274,1.1239506585731844,-0.403420241112264,-2.935034114924662,0.889089249139773,1.6409100454062773,1.2142566908094856,1.8324660930427692,13.857122171125809,0.35762446221471966,0.8949599851050782,0.662261257381441,0.02500705140755688,0.1396558098094219,0.8539200199788163
6.8624919165179,0.4712776260234501,1.485291048225354,1.5188731840252274,1.3769823803110803,-0.17520483842660434,-1.4108866783236598,0.889089249139773,1.6409100454062773,1.4876187452410574,1.8324660930427692,15.337819212932612,0.35762446221471966,0.8949599851050782,0.8113541956855638,0.02500705140755688,0.1545786734388435,0.8539200199788163
6.8624919165179,5.247359020649055,0.5617512217505205,1.5188731840252274,9.626390143490234,-0.17520483842660434,-3.7304366634830473,0.889089249139773,0.4350166490236744,2.757070192863511,-0.8793856190440383,-10.020401344478852,0.35762446221471966,0.8949599851050782,5.67212198493235,0.02500705140755688,0.4087117410974315,0.8539200199788163
6.8624919165179,4.8036862178662325,0.5617512217505205,1.6858919369785152,10.684929917658012,-0.17520483842660434,-3.9301921174933825,1.472783448831971,0.5105843556063017,3.2360069687998245,1.4404934371050162,17.782706228315007,0.616447432741276,0.8949599851050782,5.67212198493235,1.346495672277559,22.006936428755207,0.8539200199788163
6.8624919165179,4.8036862178662325,0.20236641282330844,1.2117224286433215,59.17745386551062,-0.17520483842660434,-9.24924064650266,1.0898108145398275,0.5105843556063017,24.935646509550082,1.6294361390428915,55.83795527115512,0.7537002577830183,2.1198885540095516,103.52998685134612,1.346495672277559,94.01992214364249,0.6430035793563489
6.8624919165179,0.36898282616018824,0.20236641282330844,1.2117224286433215,59.17745386551062,-0.17520483842660434,-9.24924064650266,1.0898108145398275,0.5105843556063017,24.935646509550082,1.6294361390428915,55.83795527115512,1.9263059031693637,2.1198885540095516,103.52998685134612,0.4614753946678508,32.22281480079967,0.6430035793563489
6.312501015203104,0.36898282616018824,0.20355354405562381,0.24883080218770307,12.010934505691987,-0.17520483842660434,-3.832974727599522,1.0898108145398275,0.20926044087158935,10.100893570422691,1.6294361390428915,32.690284692585344,1.9263059031693637,2.1198885540095516,102.3259273277909,-0.19607278481684587,-12.520210270533179,0.6430035793563489
0.9747079263803818,0.46597013745075677,0.19183212584510634,0.1106376518173444,6.012987017742868,0.006825177011092531,0.016312989256825276,1.0898108145398275,0.20926044087158935,11.372984636056405,1.6294361390428915,5.356104827428473,1.9263059031693637,1.8987513095334838,103.19422716053403,-0.19607278481684587,-1.9414200763813854,2.127959040175543
0.9747079263803818,0.46597013745075677,0.26219903445519455,0.1106376518173444,3.21862788266686,0.006825177011092531,0.011935037878867282,1.0898108145398275,0.24596037603131823,7.155384367996146,1.6294361390428915,4.248428621018006,0.06615827356665877,1.8987513095334838,55.23774055874005,-0.19607278481684587,-1.4203970704333448,2.127959040175543
2.822360181361202,0.46597013745075677,1.6081397487571278,1.2257603788819746,0.9479556112710664,0.006825177011092531,0.01875514199195157,1.8269208939024189,1.1073786550461804,0.8564037702134853,0.3856931041014071,1.007380629434395,0.06615827356665877,0.13449756918787234,0.10401521179062234,-0.19607278481684587,-0.17847532536164548,2.664949174954946
1.5679944372088426,0.6724850836276347,0.2168129353647174,1.2257603788819746,52.151306919332114,0.006825177011092531,0.0772842568308731,1.8269208939024189,1.1073786550461804,47.1146278752344,0.6083322982182707,6.547315594433292,0.06615827356665877,0.15177341720988002,6.457364913628383,-1.7119152288891106,-6.821100333854445,2.664949174954946
1.5679944372088426,0.6724850836276347,0.48764534251698977,0.22855721139879565,1.922280511578226,0.006825177011092531,0.014837707942175036,1.8269208939024189,1.1073786550461804,9.313608590624396,-0.07480725913090702,-0.3579705110553894,0.06615827356665877,0.15177341720988002,1.2764903819600988,-1.7119152288891106,-3.032742562795441,0.43420257317089234
2.876818619107547,0.6724850836276347,0.48764534251698977,0.03779038846291472,0.3178360762394845,0.006825177011092531,0.01106949976710575,1.8269208939024189,1.1073786550461804,9.313608590624396,-0.07480725913090702,-0.6567728857053503,0.06615827356665877,0.5823279920953819,4.897669794361738,-1.7119152288891106,-10.899071128211128,0.43420257317089234
2.876818619107547,0.34449111177920483,0.48764534251698977,0.03779038846291472,0.3178360762394845,0.006825177011092531,0.01106949976710575,2.912416630226433,0.8908694601242123,7.492657926110891,-0.07480725913090702,-0.5890798621502018,3.0426887780164296,0.5823279920953819,4.897669794361738,-1.7119152288891106,-10.899071128211128,0.43420257317089234
7.1649481768450825,0.588121267161267,0.48764534251698977,0.04711049594813439,0.3962228437144859,0.006825177011092531,0.030781992508470992,2.912416630226433,0.33221496343221335,2.7940940736546884,-0.07480725913090702,-0.8959366622167598,3.0426887780164296,0.2654051654353857,2.2321902427241693,1.7067919524172486,18.27087063911155,0.43420257317089234
10.414331210369797,0.7224126691877634,0.3259192700963088,0.19458296399615477,3.6636563660184867,0.006825177011092531,0.1360512921671804,2.912416630226433,0.33221496343221335,6.25502582892652,-0.642103777327157,-16.7244237959952,0.8971964503649047,0.3511108850601668,6.610802933675557,1.7067919524172486,45.70240742552031,0.11760528841198906
0.8402046109636279,0.8286265781724147,0.6101466692195533,0.19458296399615477,1.0453610650603087,0.006825177011092531,0.005863165323625707,1.2224929546534862,0.33221496343221335,1.7847635829482629,-0.642103777327157,-0.7207433321383342,0.43455150029337936,1.2426268584449347,6.675783478363565,1.584179253171651,3.439065941089282,6.92357246369886
0.8402046109636279,0.8286265781724147,0.8037913351496379,1.6777559525616135,5.193643595169967,0.006825177011092531,0.013068780137424628,1.2224929546534862,0.33221496343221335,1.0284011297441524,-0.8804258182465254,-0.7501689816059639,0.43455150029337936,1.0779307687174802,3.33683109539174,0.5451996536594812,0.8367731645244277,3.779341504346109
0.8402046109636279,0.8286265781724147,0.8037913351496379,1.6777559525616135,5.193643595169967,0.006825177011092531,0.013068780137424628,1.2224929546534862,0.33221496343221335,1.0284011297441524,-0.32535826566283077,-0.2772223096495179,0.4788574179233712,1.0779307687174802,3.33683109539174,0.5451996536594812,0.8367731645244277,3.3820503743786188
5.034971817198444,5.390957714290964,0.8037913351496379,1.715014848244411,5.3089818388702,-0.10673534121253958,-1.2382573273952533,1.2224929546534862,0.33221496343221335,1.0284011297441524,-0.32535826566283077,-1.66126976449598,0.4788574179233712,1.0779307687174802,3.33683109539174,-1.1201123046095725,-10.302099118875073,3.3820503743786188
5.034971817198444,5.390957714290964,0.8037913351496379,0.8254803913451744,2.5553483752523416,-0.17121876539397188,-1.378076933443,1.3786877938004631,1.672096345256325,5.176123774610005,-0.08042837965922237,-0.9213161619960263,0.7649818793964535,1.0779307687174802,3.33683109539174,0.28178891746788515,2.5917199073770902,3.3820503743786188
1.786459648258444,0.7237638508685191,0.5914621234632392,0.8254803913451744,4.719357538711177,-0.17121876539397188,-0.6644862712458529,1.8410424190044918,1.672096345256325,9.55954929417231,1.485258337002278,8.203778354791861,0.7649818793964535,1.0779307687174802,6.162642690113747,0.28178891746788515,1.2496851631236465,1.2369321282725176
0.3816862223333932,1.5183127874582956,0.5914621234632392,0.8254803913451744,4.719357538711177,1.4071626473052499,1.1667887211822934,0.556257900583743,0.7976219482965046,4.560087912688625,0.08860480921920821,0.07221881966147632,0.4397301519782962,1.0779307687174802,6.162642690113747,-0.04692272387378499,-0.044460382293707724,1.2369321282725176
0.3816862223333932,1.332813609393712,0.5914621234632392,0.8254803913451744,4.719357538711177,2.762835925187062,2.290883574943429,1.0906113634692784,0.7976219482965046,4.560087912688625,0.08860480921920821,0.07221881966147632,0.4397301519782962,1.0779307687174802,6.162642690113747,-0.04692272387378499,-0.044460382293707724,0.6449476000045145
0.3816862223333932,0.511976075346849,0.5914621234632392,0.8254803913451744,4.719357538711177,2.762835925187062,2.290883574943429,0.5320872813698355,0.7976219482965046,4.560087912688625,0.08860480921920821,0.07221881966147632,0.4397301519782962,2.126204395646068,12.155732405807402,-0.04692272387378499,-0.0624424973592231,0.6449476000045145
0.3816862223333932,2.310017289945126,0.32100770012176816,0.8254803913451744,16.02159896852288,0.8785322750281765,1.3421996863467587,0.5320872813698355,0.7976219482965046,15.48089950782959,0.08860480921920821,0.13306439818977087,0.4397301519782962,0.15445377355573225,2.9977652346804624,-0.04692272387378499,-0.031009053334828864,0.6449476000045145
0.3816862223333932,8.870455798030772,0.624946325049565,0.8254803913451744,4.227185633244173,-0.5639377190163815,-0.44255095973137193,0.5320872813698355,0.5569155951866787,2.85189766781311,1.841332206953741,1.1868766944833151,1.7869513493343623,0.3657591848287431,1.8730087201897547,-0.04692272387378499,-0.024510919198828935,0.6325679615687185
0.5171522016996333,8.870455798030772,0.624946325049565,0.8254803913451744,4.227185633244173,0.4266752985444704,0.4536715434155147,0.798746708242095,0.5569155951866787,2.85189766781311,1.841332206953741,1.6081164574022646,1.7869513493343623,0.3657591848287431,1.8730087201897547,-0.23747669073547295,-0.16807737858532637,0.6325679615687185
0.5171522016996333,7.015791434465028,0.624946325049565,0.9673239092661678,4.953549199733439,-0.12335971654134148,-0.14198745704760743,1.7257331428793756,0.5569155951866787,2.85189766781311,0.7795808978967984,0.6808423091986742,1.7869513493343623,0.6023231690854233,3.08442438321147,-0.23747669073547295,-0.21568822187965184,4.373904623409141
0.5171522016996333,7.015791434465028,0.513426053672294,0.3509793482147153,2.6629054878611322,0.10436433318301291,0.0880741289911124,1.7257331428793756,1.2807592194755608,9.717212056829556,0.7795808978967984,1.2567543791201048,1.7869513493343623,0.6023231690854233,4.569869083699652,-0.23747669073547295,-0.2625374397268096,4.373904623409141
0.7451586143133676,7.015791434465028,0.144952741583942,2.823327842209929,268.7437908168288,0.10436433318301291,1.274882173490196,0.3800574892128348,1.2807592194755608,121.91148424904468,0.7795808978967984,6.4140482830030905,1.7869513493343623,0.755314062416841,71.89599498734644,-0.23747669073547295,-1.5004518522463273,3.291278922053065
0.7451586143133676,7.015791434465028,0.144952741583942,2.823327842209929,268.7437908168288,0.4041916431627322,4.9374791638658335,0.3800574892128348,1.2807592194755608,121.91148424904468,0.7795808978967984,6.4140482830030905,0.6287884252776942,0.755314062416841,71.89599498734644,-0.23747669073547295,-1.5004518522463273,1.9024976295588836
9.928921791396675,7.015791434465028,0.2469542641713909,2.823327842209929,92.58875567105397,0.4041916431627322,38.61611184233678,0.3800574892128348,1.2807592194755608,42.001463901072235,1.0565843112622522,67.9889699078627,0.47391616290169347,0.3377672986664708,11.076805683828354,-0.23747669073547295,-7.847482334831626,0.7034153351662534
48.119532130833775,7.015791434465028,0.5012249193345338,2.823327842209929,22.47636092482334,0.4041916431627322,92.20866296338906,2.127099639522671,1.2807592194755608,10.196055181531868,1.8617146808050586,286.05570135622673,0.47391616290169347,0.3377672986664708,2.688947277014708,-1.5398295923809466,-121.50249641421748,0.7034153351662534
64.51445136720127,7.015791434465028,0.5003888214776887,2.823327842209929,22.55153501544658,0.4041916431627322,123.83185896064447,2.127099639522671,0.8131796887720534,6.495331484720064,-0.5530295699866481,-90.92975513443156,0.47391616290169347,0.3377672986664708,2.6979406886688237,-1.5398295923809466,-163.17208726153504,0.7034153351662534
64.51445136720127,6.999872876899513,0.5165882632886607,0.3498783627515866,2.622152895299158,0.41226018660712627,43.06826826909424,2.127099639522671,0.8131796887720534,6.09435078677908,-0.9788835623713101,-155.90202933700334,0.22130846275505495,2.686158127457329,20.13133151690347,-0.6758881156254306,-195.6446916702553,0.7034153351662534
64.51445136720127,6.999872876899513,0.5165882632886607,2.058766274484623,15.42936209295393,0.41226018660712627,104.47259671297414,3.640447281631382,0.7056492503854327,5.2884671415864855,-0.9788835623713101,-145.22886703450098,0.14569118516304105,2.686158127457329,20.13133151690347,-0.6758881156254306,-195.6446916702553,0.7034153351662534
2.5252425112716628,6.999872876899513,0.23395442955734772,2.058766274484623,75.22713052980723,0.41226018660712627,9.029459108309757,3.640447281631382,0.21654219093590277,7.912431762961282,-0.9788835623713101,-6.953270365788675,0.4820981896665593,0.23532934003828182,8.59891246517767,-0.6758881156254306,-5.004949110478568,0.256709688974971
2.5252425112716628,6.999872876899513,0.23395442955734772,2.058766274484623,75.22713052980723,0.41226018660712627,9.029459108309757,1.816651540869337,1.1137629294968536,40.69679512187195,-0.9788835623713101,-15.769365981802919,1.7165493173935256,0.23532934003828182,8.59891246517767,-0.12618108111573056,-0.9343704602721351,0.256709688974971
2.5252425112716628,0.4984608634289838,0.23395442955734772,0.08308706672346974,3.0359937848262755,0.41226018660712627,1.813948389912379,0.2406229277605772,0.2643412363383533,9.659004490645232,-0.9788835623713101,-7.682460069727531,4.727446192932509,0.17002219918976982,6.212595538371896,-0.8830592941751528,-5.558140207369738,1.6173950107854342
2.5252425112716628,0.4984608634289838,0.23395442955734772,0.10705404889897846,3.911745111661032,0.41226018660712627,2.0590161906864455,4.77623109188147,0.2643412363383533,9.659004490645232,-0.9710315138827612,-7.62083573431351,2.4087262143308874,0.2871658521950877,10.493013857141726,-0.8830592941751528,-7.223423552487151,1.6173950107854342
2.5252425112716628,2.0141581252635246,0.5579778419299078,0.2794963784080237,1.7954456984272462,0.19994952225585252,0.6765651136089865,4.77623109188147,0.712487998562004,4.576923391585757,-0.9710315138827612,-5.245939023584826,0.43441853561565996,0.4115259805362573,2.6435854222992194,-0.8830592941751528,-3.6256813436103648,1.8911654614787168
2.5252425112716628,0.6687513585140882,0.5579778419299078,1.607858636361493,10.328659314933958,-0.9245566959879468,-7.503408941576691,0.33772662356573935,0.712487998562004,4.576923391585757,-0.9710315138827612,-5.245939023584826,0.43441853561565996,0.4115259805362573,2.6435854222992194,0.2944324976692515,1.2088864482754285,1.8911654614787168
0.369998385167927,0.6687513585140882,0.5579778419299078,1.607858636361493,10.328659314933958,-0.299483447520419,-0.35611857661891827,0.33772662356573935,0.712487998562004,4.576923391585757,-0.418522636520131,-0.3312879220062133,3.029163875015611,0.4115259805362573,2.6435854222992194,0.2944324976692515,0.17712597174995867,4.520461368650643
0.369998385167927,4.479646639830728,0.49357356491547916,1.607858636361493,13.200004384553646,-0.34550725054368814,-0.46445541641124705,0.33772662356573935,0.7480276054254001,6.141067036668573,-0.418522636520131,-0.3837432066189824,3.029163875015611,0.4115259805362573,3.378496482581962,0.2944324976692515,0.2002383727412632,2.8071378406581697
2.6836922503631797,4.004283350016004,0.46339184670724554,1.607858636361493,14.975491398067442,-0.44590773845925435,-4.630930491195041,2.9613825137683323,0.3573056688184095,3.3279219011314907,-0.418522636520131,-2.0489823978057427,11.72891142704844,0.36054251365837037,3.3580696647230743,0.6564863043855274,3.2285181564371492,2.8071378406581697
2.117850786508796,6.353396661717109,0.46339184670724554,0.7876208586235004,7.335849760987859,-0.44590773845925435,-2.5577941048402204,0.4725617091286296,0.33683336859859814,3.137244220328518,-0.418522636520131,-1.5699595936775737,2.226360954820482,0.6394090395155818,5.955414459060267,0.23904181213273373,1.2354501502096866,2.8071378406581697
2.117850786508796,65.82143330528811,0.46339184670724554,5.258400385684423,48.97640125976036,0.08124935721230309,1.2042280184549812,1.7649002355527637,0.0657495937008679,0.6123874653072441,-0.418522636520131,-0.6936293436391007,9.58622155355678,0.6394090395155818,5.955414459060267,0.6464937461301672,3.3413016268577924,2.8071378406581697
0.5362691072198633,65.82143330528811,0.46339184670724554,5.258400385684423,48.97640125976036,0.08124935721230309,0.3049271877224934,1.7649002355527637,0.0657495937008679,0.6123874653072441,-0.418522636520131,-0.17563654211353733,9.58622155355678,0.6394090395155818,5.955414459060267,0.6464937461301672,0.8460637792812054,0.42781345070860377
0.5362691072198633,13.05268668673047,0.46339184670724554,1.9305539985054712,17.98105514023769,0.08124935721230309,0.18476099805804366,1.7649002355527637,0.0657495937008679,0.6123874653072441,-0.418522636520131,-0.17563654211353733,0.1582107417811474,0.6394090395155818,5.955414459060267,0.6464937461301672,0.8460637792812054,0.42781345070860377
0.5362691072198633,1.2625464195767477,0.8715345260178982,1.4995119837055502,3.9483054529088992,0.08124935721230309,0.08657810682237947,0.6462061181284727,0.24584780562189526,0.6473320934214174,0.04747799390649354,0.020485129285527755,14.45241293322509,0.6394090395155818,1.6836025485571244,0.10318902579927891,0.07180192353505531,0.42781345070860377
0.5362691072198633,2.1798110660890524,0.8715345260178982,1.1300281124614964,2.975432145161297,-0.29554198365203915,-0.2733864518862473,0.6462061181284727,2.0867235456949,5.494468896354223,0.04747799390649354,0.05968126218149926,2.3191899529106212,0.6394090395155818,1.6836025485571244,0.7084459285030783,0.4929572693713206,0.42781345070860377
0.5362691072198633,1.1847243909614573,0.8715345260178982,1.1300281124614964,2.975432145161297,-0.29554198365203915,-0.2733864518862473,0.6462061181284727,2.0867235456949,5.494468896354223,0.04747799390649354,0.05968126218149926,2.3191899529106212,0.48739281954276403,1.2833346768952638,0.7084459285030783,0.4303873051875072,1.1807601873094937
0.5362691072198633,1.1847243909614573,0.5915882963306166,1.1300281124614964,6.457733172337945,-0.3503588227309184,-0.4774587820942721,0.6462061181284727,2.0867235456949,11.924927985357325,-0.09212807564296308,-0.17060928449850044,2.3191899529106212,0.423101717879766,2.41788497887342,-0.07024568605427284,-0.05857607348090639,3.0618508349592903
0.5362691072198633,0.7822137206432475,0.9354376455971385,1.1300281124614964,2.582792736098465,-0.07412732948487122,-0.06388603160425871,0.9592413550124168,2.345119056394423,5.360005116109871,2.3199064926407003,2.880287646923506,3.3547370037006474,1.4757572000072852,3.3729912861382005,-0.07024568605427284,-0.0691846976526297,8.776847655870425
0.5362691072198633,0.7822137206432475,0.9354376455971385,1.1300281124614964,2.582792736098465,0.8316657419178757,0.7167643059795975,0.9592413550124168,2.345119056394423,5.360005116109871,2.3199064926407003,2.880287646923506,3.3547370037006474,1.0122587018203668,2.3136189208772344,1.1987076034190827,0.9777818086275226,3.6997956633416913
0.5362691072198633,0.7822137206432475,0.9354376455971385,1.1300281124614964,2.582792736098465,0.2665532814115964,0.22972676176005505,0.9592413550124168,0.5171865685953738,1.1820818418987222,2.3199064926407003,1.352623824908293,0.47550169263489855,2.167266209366258,4.953504573040924,-1.1110707922139411,-1.3261138000085502,0.1864454817922712
0.5362691072198633,0.9902791632526478,1.5589166656495617,1.1300281124614964,0.9299796464672601,-0.22459872869909397,-0.11615202744971725,0.5206123227543641,0.5171865685953738,0.42562921834949424,2.3199064926407003,0.8116503428511315,0.47550169263489855,0.6786587882453333,0.5585160696484877,-1.1110707922139411,-0.44528938971533716,0.1864454817922712
0.5362691072198633,0.9902791632526478,0.8844532579391159,1.9138556909703022,4.893159939713989,-0.22459872869909397,-0.26643101469496666,0.5206123227543641,0.5171865685953738,1.32229227665854,1.2761836508070947,0.7869727354573436,0.9718615036910334,0.6786587882453333,1.735128730470428,-1.1110707922139411,-0.784856683417799,0.1864454817922712
0.5362691072198633,1.6988179785932913,0.06723568666132287,1.010975661657875,447.27127448571,1.9655948165439143,22.29267995033197,1.108827366045174,0.5171865685953738,228.81133983305133,1.2761836508070947,10.352249442927171,0.9718615036910334,0.6786587882453333,300.24914809684174,-1.585947080823931,-14.737111288491613,0.7062458657855494
0.5362691072198633,1.6988179785932913,0.06723568666132287,0.39827048232036,176.20102340084688,1.9655948165439143,13.992038478821836,0.7561965691773825,0.23918374598017803,105.81858986138852,1.4073443280398752,7.763617519430355,0.9718615036910334,0.6786587882453333,300.24914809684174,-1.585947080823931,-14.737111288491613,0.7062458657855494
0.5362691072198633,1.6988179785932913,0.10445833404044169,0.39827048232036,72.99984286860052,0.0980365741125293,0.4491918504842843,0.9273862571342787,0.23918374598017803,43.84049696967378,1.4073443280398752,4.997132681559746,0.9718615036910334,0.6786587882453333,124.39281117362268,-1.3765042748146552,-8.232997529879162,0.7574367271124296
0.5362691072198633,3.13901162520923,0.44230936935463033,0.21102252955944423,2.157280124612255,-0.24717552943172855,-0.19468904891421668,0.9273862571342787,0.2777646104594975,2.8395834071174013,1.4073443280398752,1.2717755206415882,0.9718615036910334,0.6786587882453333,6.937918516717786,-0.08916373798553878,-0.12594636678610524,0.38021989048802707
0.5362691072198633,3.13901162520923,0.44230936935463033,0.21102252955944423,2.157280124612255,-0.4417242608897205,-0.3479263357204963,0.5035360958729631,0.07382074613098598,0.7546683699835111,-0.803957498434855,-0.37453632389612035,0.7986190380319493,0.6786587882453333,6.937918516717786,-0.08916373798553878,-0.12594636678610524,0.40640695468421145
0.5362691072198633,3.13901162520923,0.572067479364804,2.894519240374444,17.689351698278323,-0.1631767879318154,-0.3680417759019078,0.5035360958729631,1.2387764790065936,7.570567335343666,-0.803957498434855,-1.1862605362615217,0.7986190380319493,0.22445815438809424,1.3717370329187428,-0.08916373798553878,-0.056002379219396096,0.5480393127469425
0.5362691072198633,1.467893902279062,0.572067479364804,2.894519240374444,17.689351698278323,-0.1631767879318154,-0.3680417759019078,0.5035360958729631,0.27359221493460967,1.6720113117172408,1.3871307277210765,0.9618775251533881,2.7045894994224917,0.22445815438809424,1.3717370329187428,0.09063068146150866,0.05692374396576875,0.5480393127469425
0.5362691072198633,13.335804770287849,0.572067479364804,0.3279538319072692,2.0042328938381018,-0.1631767879318154,-0.1238840092904382,1.571671014110649,0.27359221493460967,1.6720113117172408,1.6578018162012726,1.149568873571312,4.011712133864826,0.22445815438809424,1.3717370329187428,-0.25805115267608303,-0.16207797964360945,0.5480393127469425
0.5362691072198633,13.335804770287849,0.5953214787893345,0.3279538319072692,1.8507152414895978,-0.1631767879318154,-0.1190449453839807,1.571671014110649,0.6179016980086077,3.4869545008706626,1.739186133146676,1.741614306943653,0.6278948509719137,0.40603589603276924,2.2913494165002177,-0.25805115267608303,-0.20947598604169254,0.5480393127469425
1.965004127263311,13.335804770287849,0.5953214787893345,0.3279538319072692,1.8507152414895978,-0.1631767879318154,-0.4362060127275834,1.571671014110649,1.6212414567061386,9.149020325852588,-0.26504602444376646,-1.5753318641030145,1.9335743940444559,0.2972084207973601,1.677212158399959,-0.5613401067684258,-1.4285108417049375,0.5480393127469425
1.965004127263311,13.335804770287849,0.5953214787893345,0.3279538319072692,1.8507152414895978,-0.1631767879318154,-0.4362060127275834,0.4615005816763544,1.6212414567061386,9.149020325852588,-0.26504602444376646,-1.5753318641030145,1.9335743940444559,0.2972084207973601,1.677212158399959,-1.0664068891723075,-2.7138160706552306,3.5481581420540054
1.965004127263311,13.335804770287849,0.5448962740588351,0.4059011688819486,2.7341517886932603,-0.1631767879318154,-0.5301919841210496,0.4615005816763544,1.6212414567061386,10.920688503969197,-0.26504602444376646,-1.7211145305436675,1.9335743940444559,0.3825918812710859,2.5771403403400743,-1.0664068891723075,-3.363995788841396,3.5481581420540054
2.109426439309149,0.8304784550654826,0.5448962740588351,0.15937127402021228,1.0735254966841898,0.1271296224212573,0.27785442911874153,0.4615005816763544,1.0720448398910978,7.221298043120711,-1.0478651705897453,-5.939876637045171,1.9335743940444559,0.26874089181517685,1.8102396503942788,-0.5150153871341617,-1.4616810829468865,3.5481581420540054
2.109426439309149,2.2151971052708843,0.5448962740588351,2.372574402886663,15.981670033936442,1.0075416344585468,8.496468789510267,0.4615005816763544,1.0720448398910978,7.221298043120711,-1.0478651705897453,-5.939876637045171,1.9335743940444559,0.26874089181517685,1.8102396503942788,-0.5150153871341617,-1.4616810829468865,3.5481581420540054
11.201219238145967,1.1952953996937947,0.7203708944449071,2.372574402886663,9.144027454774228,1.0075416344585468,34.12691727889229,0.4769595651866332,0.17729605035568305,0.6833083717429131,-1.0478651705897453,-9.70239773228789,1.6143717733129694,0.5310279048459007,2.0466096807140297,0.09290749181058355,1.4887903509456912,3.5481581420540054
0.31198055614911735,1.1952953996937947,0.5514599532467056,1.5811530049039138,10.39862541450837,1.0075416344585468,1.0136277610598572,0.4769595651866332,0.09567072591000861,0.6291889771494545,0.21231472433747345,0.05254098312615882,1.720730985617037,0.5310279048459007,3.492363009789355,0.35339319627250637,0.20603708729229492,3.5481581420540054
0.31198055614911735,1.1952953996937947,1.1283827980066905,1.5811530049039138,2.483653348322695,1.0075416344585468,0.4953772059544614,0.4769595651866332,0.09567072591000861,0.15027825770555037,1.5125068525060341,0.18292495400505543,1.720730985617037,0.5310279048459007,0.8341313141946407,0.35339319627250637,0.10069384496645142,3.5481581420540054
0.8487283379343763,0.4717676169415231,0.2929024577765089,1.5811530049039138,36.860214789979054,1.0075416344585468,5.191712506468037,0.6642772094356981,0.049337213404420134,1.1501608494469986,1.5125068525060341,1.376719120426419,1.720730985617037,1.1756751113960888,27.407617728890116,0.531979193837095,2.363736133226041,0.27885807899379206
0.8487283379343763,1.2966482106122872,0.2929024577765089,1.5811530049039138,36.860214789979054,1.0075416344585468,5.191712506468037,4.605347416378696,0.06541819052073056,1.5250444114435566,1.5125068525060341,1.5852848142048912,1.720730985617037,1.1756751113960888,27.407617728890116,1.3038019464835675,5.793165986896453,3.668194472196609
0.8487283379343763,4.03598171077519,0.6627682551421518,1.6253603917758093,7.400418336831171,1.413175244896851,3.2628180740266046,4.605347416378696,0.5833395670798681,2.655999771287932,1.7733669763197057,2.45290843327593,2.1163737882767606,1.1756751113960888,5.35295907083463,1.3038019464835675,2.5602200206545893,0.9323095389739595
0.8487283379343763,4.03598171077519,0.6627682551421518,0.7845771716213729,3.572253462619637,1.413175244896851,2.2669182406593933,1.1388732439149218,3.2007991438020698,14.573538764794511,-0.6797934207438368,-2.2025621419883734,0.8682054841200241,1.1756751113960888,5.35295907083463,-0.2591307706995707,-0.5088439919130433,0.9323095389739595
1.6295579619926588,4.03598171077519,1.2880262861526786,0.7845771716213729,0.9458368076433901,-1.6844441003253978,-2.6695282498991575,1.1388732439149218,2.1011486818417504,2.533012472833438,-0.6797934207438368,-1.7630532667536822,0.8682054841200241,1.1756751113960888,1.4173198436180086,-0.703359304116554,-1.3645233855218537,0.46284856124928564
1.6295579619926588,4.03598171077519,1.2880262861526786,0.7234941152608596,0.8721989232913198,0.49456918818429507,0.752670061748019,0.484314115891839,2.1011486818417504,2.533012472833438,-0.6797934207438368,-1.7630532667536822,0.7657609210113341,0.7550367326382662,0.910224715532138,-0.703359304116554,-1.0935064806043373,4.125862835601683
1.6295579619926588,15.785110825488406,1.2880262861526786,0.7234941152608596,0.8721989232913198,0.49456918818429507,0.752670061748019,0.3459566727675979,2.1011486818417504,2.533012472833438,-0.6797934207438368,-1.7630532667536822,0.7657609210113341,0.7550367326382662,0.910224715532138,-0.703359304116554,-1.0935064806043373,4.125862835601683
1.6295579619926588,53.7776825811225,1.2880262861526786,0.7113304799161626,0.8575352108613605,0.49456918818429507,0.7463161668072704,0.3459566727675979,0.6951957905134388,0.8380842458460867,-0.08740952242344024,-0.13039844078620505,0.7657609210113341,0.31598573674055086,0.38093249626661163,-0.49535007726385205,-0.4982026794737528,3.65640153949025
1.6295579619926588,53.7776825811225,0.34823819988454746,0.1628359592002022,2.6855144530368023,0.49456918818429507,1.3207195780130392,0.34212742489369996,0.6951957905134388,11.4652706458947,0.7533692824959153,4.15690286686077,0.3214673953022415,0.2610582901968596,4.305411500335681,-0.5963599746922622,-2.016441530105026,3.65640153949025
1.6295579619926588,53.7776825811225,0.38944078574262403,0.1628359592002022,2.147323350939916,0.49456918818429507,1.1809882920262438,2.441849278798738,1.9313354668492804,25.468586710414723,0.32625723519144345,2.6830723706117383,0.3214673953022415,0.2610582901968596,3.4425845817443346,-0.5963599746922622,-1.8031033069050257,3.65640153949025
20.91717910380603,53.7776825811225,0.38944078574262403,0.12000872730054632,1.5825591823499616,0.48470253110482814,12.75435153274837,1.7867695139269784,2.3361592311860258,30.80701150580606,0.32625723519144345,37.878088287659864,0.46139365723637393,0.31337951060738267,4.132546300820516,0.3577808200576479,15.213496337704173,0.7949527974229853
16.35179743662359,1.1826401335233545,0.38944078574262403,0.05215622013279207,0.6877858547829153,0.48470253110482814,6.573057115006398,1.7867695139269784,1.7623941026510452,23.240751175411688,0.32625723519144345,25.71880173634628,0.4428633048589337,0.06641778294726627,0.8758535703098357,0.3577808200576479,5.47517879677147,0.7949527974229853
16.35179743662359,1.7489888572650394,0.38944078574262403,1.457575915445789,19.22110333846015,1.4664333469172988,105.12765651542756,5.3992565555746355,1.7623941026510452,23.240751175411688,0.32625723519144345,25.71880173634628,0.4428633048589337,0.06641778294726627,0.8758535703098357,0.3577808200576479,5.47517879677147,0.5751943906417648
16.35179743662359,2.2989628393915065,0.38944078574262403,1.457575915445789,19.22110333846015,-1.3916468707918632,-99.76626249732126,5.3992565555746355,1.514406737201712,19.970533324373523,-0.860613001369928,-62.88806509451908,0.49899357590553356,5.20002998174239,68.57297282631927,0.6826429272885332,92.43481627373171,1.2232352986944028
16.35179743662359,2.2989628393915065,0.5913787771332287,1.457575915445789,8.335462641542179,-0.5664870174025239,-26.74362749704391,1.6352198589930589,1.514406737201712,8.660461968585642,-0.860613001369928,-41.413690229071754,0.3433708391698763,5.20002998174239,29.737494416856023,0.6826429272885332,60.87111826048398,1.2232352986944028
0.8519407082534097,2.2989628393915065,0.5913787771332287,0.9898513024423139,5.6606784351718025,-0.5664870174025239,-1.1482423858858,1.6548143976498229,1.514406737201712,8.660461968585642,-0.860613001369928,-2.1576838094948867,0.4313253938791539,1.4658713359445639,8.382901795092046,0.018828594710894708,0.046443449334061124,2.5828954867349583
24.73174873276916,2.2989628393915065,0.5913787771332287,0.27025438994091583,1.5455080913410304,-0.5664870174025239,-17.41728380030467,1.6548143976498229,0.575376019450081,3.290412021866159,0.10597757682091402,4.754380678510203,0.4313253938791539,1.4658713359445639,8.382901795092046,1.2935201634186866,92.62435946544188,2.5828954867349583
10.083172024360364,2.2989628393915065,0.76747944712252,0.3168941798258121,1.0759962320132324,-0.25391359496794447,-2.6557580475551554,2.5661471253755535,0.4869529367342461,1.653421105372881,0.10597757682091402,1.3740511507358708,1.0727610074963647,0.11689256197577622,0.3969020709229939,1.2935201634186866,8.216976821540497,1.9557402366952035
0.265127336194527,7.807931708699866,0.6949396782974405,0.5119682644923125,2.120209709324437,-0.13421725136479817,-0.05181461296830828,2.8764362809665847,0.4869529367342461,2.016613950616269,-0.909554516788409,-0.3424479942654752,1.0727610074963647,0.11689256197577622,0.4840861475947415,1.2935201634186866,0.23861021874987176,1.9557402366952035
0.265127336194527,3.875539400813651,0.6949396782974405,0.38670590132463084,1.6014617770392119,-1.406125230238083,-0.4717770365516753,2.8764362809665847,0.4456126093998284,1.8454116135182843,1.7845941202694378,0.6427477881914341,1.1964530427141975,0.30812784013411065,1.27604713743994,1.2935201634186866,0.38740129672090495,1.9557402366952035
0.4036883674931976,3.875539400813651,0.6949396782974405,0.38670590132463084,1.6014617770392119,-1.1976558507218604,-0.6118381658708393,2.8764362809665847,0.4456126093998284,1.8454116135182843,-1.278526754848615,-0.7011366681125202,0.49073003041871693,0.30812784013411065,1.27604713743994,1.2935201634186866,0.5898652296014669,1.9557402366952035
3.6297934888395793,3.875539400813651,1.0747503167855879,1.8049160093891197,3.125156921393899,1.5953351065017711,10.236930483536602,2.8764362809665847,0.4730577655690431,0.8190850668932737,-1.278526754848615,-4.20006722846933,0.49073003041871693,0.4008422579070743,0.6940461219075954,1.2935201634186866,3.9115536030654336,22.02082844531564
3.6297934888395793,20.05155670660815,0.8146322421478249,1.8049160093891197,5.439560392949322,1.6399585019031426,13.883426881307598,2.8764362809665847,0.4730577655690431,1.4256764701407851,-1.278526754848615,-5.541179627774976,0.49073003041871693,0.4008422579070743,1.2080371931930862,0.5447286983080465,2.173213159540706,22.02082844531564
1.044244531000456,6.8458276886292895,0.8146322421478249,0.10753414406514873,0.3240807150602337,1.6399585019031426,0.9749035734499324,1.527183850781303,0.4657881142852187,1.4037675796504026,-1.278526754848615,-1.5818293671433532,0.49073003041871693,0.4008422579070743,1.2080371931930862,0.5447286983080465,0.6252052530057584,22.02082844531564
1.044244531000456,4.140896011891086,0.8146322421478249,4.0388679808456445,12.17212667330425,1.5147898009636642,5.5187130538500275,1.527183850781303,0.616939800159588,1.8593005349417755,-1.278526754848615,-1.8204838359135587,0.6224466086108968,0.4008422579070743,1.2080371931930862,0.5447286983080465,0.6252052530057584,0.13870864627469878
1.044244531000456,12.882969317057743,0.6965433006164456,4.0388679808456445,16.649201680529234,1.5147898009636642,6.454331819500056,1.527183850781303,0.616939800159588,2.54317675306925,-1.278526754848615,-2.129120799427183,2.2280641901645843,1.236060169446759,5.095342345426053,0.5447286983080465,1.2840121990247806,4.082876007455549
2.4988093688342667,72.33062979725848,0.30794898082922223,4.0388679808456445,85.17891641410002,0.6170614543418703,14.230743783368126,1.527183850781303,0.616939800159588,13.011136763950953,-1.7115084608541318,-15.426585017415999,10.436241367206907,1.0916158142691241,23.021958786697223,0.5447286983080465,6.531072694815788,4.082876007455549
2.4988093688342667,0.47053333083426124,0.30794898082922223,3.219117738631182,67.89054806604518,-0.142854248191289,-2.941243245574223,1.527183850781303,0.616939800159588,13.011136763950953,-1.7115084608541318,-15.426585017415999,10.436241367206907,1.5044582788278404,31.728723639524897,-0.5298654152337255,-7.458045013355296,1.0325963181161035
2.4988093688342667,1.174132804509411,0.30794898082922223,1.752804815810446,36.966302341204425,1.4735587062938267,22.387395617090863,1.527183850781303,0.616939800159588,13.011136763950953,-1.7115084608541318,-15.426585017415999,2.2500794406738804,0.4517647004033761,9.527627007615912,-0.012021821334632699,-0.09272477075771182,1.0325963181161035
11.774795603278132,3.4268811394607868,0.3635572675887932,1.460197851350911,22.095103450755104,1.4735587062938267,81.55842669333752,0.7716300716550919,0.616939800159588,9.335275144257439,-1.7115084608541318,-61.573804547689235,4.269932078868913,0.4517647004033761,6.835914586216702,-0.012021821334632699,-0.3701024500833421,0.8835807463573475
9.022128096917003,3.4268811394607868,1.2062233923847885,1.460197851350911,2.00717947658609,0.6856329624084114,8.763826705304242,3.607554930651843,0.616939800159588,0.8480418622886068,-1.7115084608541318,-14.219904670156026,0.4250622648968988,0.4517647004033761,0.6209931305246159,0.26468115908409634,1.881808451912381,0.8835807463573475
9.022128096917003,3.4268811394607868,0.35847457019703516,1.460197851350911,22.726104288552328,1.2469082557822655,53.629776494127185,0.7569545448604211,0.616939800159588,9.601875680897729,-1.7115084608541318,-47.84825222384982,0.4250622648968988,0.4517647004033761,7.031137380290815,0.26468115908409634,6.3320568971921265,0.8835807463573475
5.1943211745872695,3.4268811394607868,0.35847457019703516,1.460197851350911,22.726104288552328,1.2469082557822655,30.876338779430444,0.672373262141011,0.2530820341844314,3.9388968399818247,-1.7115084608541318,-17.643922973743727,0.4250622648968988,1.4492183781873864,22.555222889215397,0.26468115908409634,6.529431780838584,0.8835807463573475
5.1943211745872695,0.7825595105471095,0.6720826153010453,2.565138471319689,11.357833201600076,1.2469082557822655,21.82785413802033,0.672373262141011,0.5573449580448727,2.467793119164338,-1.7115084608541318,-13.965684423928389,0.4250622648968988,0.17299531619391703,0.7659827989627847,0.26468115908409634,1.2032651424970038,0.8835807463573475
5.1943211745872695,0.7825595105471095,0.07140163094063912,2.106957443429503,826.5506952564139,-1.353090187045221,-202.06462609692775,5.752628982296452,0.5573449580448727,218.64412307246496,-1.7115084608541318,-131.45489239463086,1.8020773622158468,1.0453714494719273,410.09489824142105,0.26468115908409634,27.841588509921507,0.8835807463573475
1.049899268061974,0.7825595105471095,0.04024541045622592,2.106957443429503,2601.6749615510953,-0.01643550337825128,-0.8801509490311095,5.752628982296452,1.1980119853027218,1479.3074229002561,-1.7115084608541318,-69.11238839014986,1.8020773622158468,0.29428144883149643,363.37927918832276,0.26468115908409634,5.297253301653113,0.8835807463573475
1.049899268061974,0.7825595105471095,0.13787520554186336,2.106957443429503,221.6733138255403,0.8523019539388078,13.322871032150761,11.47180826062442,1.1980119853027218,126.04302360872744,1.6757395638682089,19.75211305650945,1.8020773622158468,1.1708911170635576,123.1896329267516,0.26468115908409634,3.084308007206554,1.4661885792889673
1.5896303318096163,0.7825595105471095,0.10713236230624401,2.106957443429503,367.15073055531013,0.7503135179648639,22.85394144266316,11.47180826062442,1.1980119853027218,208.76120540050616,1.6757395638682089,38.48819659770226,1.6178127442452046,0.1111189373869145,19.36318133399474,0.26468115908409634,1.8514309739975736,1.4661885792889673
1.5896303318096163,0.7825595105471095,0.10713236230624401,2.106957443429503,367.15073055531013,0.7503135179648639,22.85394144266316,11.47180826062442,1.2908795057343052,224.94396128750557,1.6757395638682089,39.9521203981064,1.6178127442452046,0.1111189373869145,19.36318133399474,0.44585488091823944,3.1187317574718434,1.4661885792889673
1.5896303318096163,0.7825595105471095,0.1497467005258951,2.106957443429503,187.91923479324072,0.7503135179648639,16.350254971645825,5.2958721191267815,1.1069945060593884,98.73268259296103,1.6757395638682089,26.46873176985814,0.5059898158541924,0.04714056380656816,4.20446018303674,1.326828925035862,4.32480164549196,1.4661885792889673
2.2189376546552624,0.4712353893566347,0.14118395510884235,0.5673297327693095,56.92392692317591,0.22159221985672173,3.709770423571564,3.721154817131023,0.6396514789377852,64.18044382341881,-0.9597115192444459,-17.060319713464168,0.5059898158541924,0.01977659832592965,1.9843163029708253,1.326828925035862,4.147300279083807,1.4661885792889673
2.2189376546552624,0.32174232794034446,0.10643907185466352,0.5673297327693095,100.15286623856237,-0.09211723146283174,-2.0455856500016694,5.595017693172854,0.6396514789377852,112.92009797661034,-0.6618635902890784,-15.606273513123753,5.250718777441833,0.015384848387292755,2.7159455491814244,-0.9174600561728168,-3.355002087296396,1.4661885792889673
1.1259631421715466,0.32174232794034446,0.38491178123107334,0.28929513664600665,3.905248914912906,-0.09211723146283174,-0.2049695801484007,5.595017693172854,0.2624396235349126,3.5427213430620816,1.0442532160567564,2.2130870285091606,3.177141269969782,0.05241791835482537,0.7075992398298092,-0.9174600561728168,-0.8689704705588852,1.4661885792889673
1.1259631421715466,3.9596166231522405,0.20001635611949947,0.36622083229039487,18.308047006027987,-0.09211723146283174,-0.4437987357584578,5.595017693172854,0.2624396235349126,13.119835193076991,1.0442532160567564,4.258868058039773,3.177141269969782,0.8456540397735819,42.275787027690235,-0.9174600561728168,-6.716719166129663,7.354564426431062
0.9393394919543144,3.9596166231522405,0.44054669199835034,0.36622083229039487,3.7738892573240936,-0.48236109195866733,-0.8802163413005455,9.536991129376617,0.2624396235349126,2.704428554105939,1.0442532160567564,1.6131180815171198,2.0286237464491608,0.8456540397735819,8.714426965158601,-0.9174600561728168,-2.54407062808687,1.3291666218969966
0.34023654200248016,3.9596166231522405,0.44054669199835034,0.440468456634304,4.539007697312584,-0.7618686644190202,-0.5522573782614568,9.536991129376617,0.44094603943472827,4.543929166658639,1.0442532160567564,0.757360330451662,0.8871249510621402,0.693894802851182,7.150554832764432,-0.9174600561728168,-0.8347145651949646,4.5092148392609825
0.34023654200248016,3.9596166231522405,0.8996476247101036,0.3842296742055059,0.9494585788319017,-0.7618686644190202,-0.2525800696558574,0.6350014675336283,1.6072849874792277,3.971714374079467,1.0442532160567564,0.7080693270967688,0.8871249510621402,0.693894802851182,1.7146629154456001,-0.9174600561728168,-0.40874974863405883,4.5092148392609825
1.4656725899196652,3.9596166231522405,0.8996476247101036,0.3842296742055059,0.9494585788319017,-0.7773444330969344,-1.1101674001799455,0.6350014675336283,1.6072849874792277,3.971714374079467,1.0442532160567564,3.0502244067629594,0.8871249510621402,0.9584487730013432,2.3683944031098343,-0.04302808495609922,-0.09705457150330514,4.5092148392609825
0.7397002525003459,0.39995790024560635,0.768787056552246,1.238772929558713,4.191887090113865,1.617151261705847,2.4491263958912572,6.270772960268141,0.03665950450305591,0.12405219712952058,-0.12115020756463513,-0.03156328231151479,0.35044639221711227,0.006797553272976094,0.02300225903346171,-0.9091469276750732,-0.10199410874085402,14.033083066019454
0.7397002525003459,0.39995790024560635,0.768787056552246,0.745997917286534,2.524384384020428,1.617151261705847,1.9005712410834517,6.270772960268141,0.04553808535619106,0.154096451059131,-0.12115020756463513,-0.035178413371554695,0.35044639221711227,0.006362196167317148,0.02152905293793363,-0.9091469276750732,-0.09867390262594816,14.033083066019454
1.324563719257544,0.39995790024560635,0.768787056552246,1.0483888095692295,3.547645747973058,-1.0396984427581586,-2.5938829354553206,0.7813401248796611,0.8313131776285524,2.81308292584666,0.028839594753610504,0.06406978640054914,4.125500420367004,0.006362196167317148,0.02152905293793363,0.3832228083709146,0.07447948538918055,4.8753088384389205
1.324563719257544,0.39995790024560635,0.9402251621522919,1.8768578396586484,4.24617251996254,-1.0396984427581586,-2.8377822401857418,0.7813401248796611,1.2125182736387947,2.7431815370810715,-0.2148183483804285,-0.4712718540556993,1.3387052263237735,0.6732471525676533,1.523143361191237,0.3832228083709146,0.6264618019926506,2.547096243432002
14.089173206903382,1.4309766475856078,0.9402251621522919,1.8768578396586484,4.24617251996254,-1.0396984427581586,-30.18503747623578,0.532510758634626,1.2125182736387947,2.7431815370810715,-0.2148183483804285,-5.0128436124243665,1.2130766104575386,0.6732471525676533,1.523143361191237,-1.055472672439814,-18.352823690263545,0.4675353814878706
14.089173206903382,1.4309766475856078,0.9402251621522919,1.8768578396586484,4.24617251996254,-1.0396984427581586,-30.18503747623578,1.487136154285194,0.545836957443809,1.2348926168533878,0.587725158597865,9.20183384572279,1.2130766104575386,0.6732471525676533,1.523143361191237,-1.055472672439814,-18.352823690263545,0.4675353814878706
7.918769160832582,1.4309766475856078,0.9402251621522919,0.2823722759662385,0.638834424894529,-1.0396984427581586,-6.580505130263741,1.487136154285194,3.900230074496558,8.82381681442147,0.5565893079162804,13.092445781264308,1.2130766104575386,0.6732471525676533,1.523143361191237,-0.5183493036079962,-5.065829788438094,0.4675353814878706
7.918769160832582,1.4309766475856078,0.9402251621522919,0.49630593824423375,1.1228344480529076,-1.6484465592591464,-13.832173237892809,4.9910589202772675,3.900230074496558,8.82381681442147,0.5565893079162804,13.092445781264308,0.6732302041004264,0.6732471525676533,1.523143361191237,0.3663466296013159,3.5803070558993877,0.4675353814878706
34.25656446467367,0.4649317091903542,0.9402251621522919,0.49630593824423375,1.1228344480529076,-1.8332487772116337,-66.54617138560754,4.9910589202772675,3.900230074496558,8.82381681442147,0.5565893079162804,56.637869319955016,0.6566853191571463,0.6732471525676533,1.523143361191237,0.3663466296013159,15.488394341684286,0.4675353814878706
34.25656446467367,0.4649317091903542,0.9402251621522919,0.7242707822585979,1.6385783875871827,0.5748245114916337,25.206508674728695,5.663252861736165,1.3107759973367195,2.965478206239606,0.4411152261329612,26.02215283110037,0.6566853191571463,0.6732471525676533,1.523143361191237,0.3663466296013159,15.488394341684286,0.8146740808416294
34.25656446467367,0.30094271951265467,0.9402251621522919,0.7242707822585979,1.6385783875871827,-0.21197277921203483,-9.295173729021249,5.663252861736165,1.9107407786918464,4.3228287277893935,0.7380164511093684,52.56466045211115,2.1242976056284366,0.6732471525676533,1.523143361191237,0.3663466296013159,15.488394341684286,0.8146740808416294
7.5854695019102865,0.6165062455090974,0.9402251621522919,2.4786083912127617,5.607563138841853,-2.8227121578631387,-50.70329071012865,0.4105646971673375,1.9107407786918464,4.3228287277893935,-0.37751748079695024,-5.9539275726681975,2.5562035674903236,0.6732471525676533,1.523143361191237,0.3663466296013159,3.4296125355349516,0.6319347131172792
0.18260067183455744,0.8031672292691353,0.9402251621522919,0.11851181168571968,0.26811918699308696,-0.4724452265711441,-0.04467018832094569,1.2431672934006062,0.7758425022360763,1.7552534044949093,0.8022328721973838,0.19407640403374882,2.5562035674903236,0.6732471525676533,1.523143361191237,0.9790732527313762,0.22064187948560923,0.6319347131172792
1.4902614982949036,0.3491369280293305,0.9953539081188345,0.2666115472722506,0.5382126474179408,-0.4724452265711441,-0.516524464642709,1.2431672934006062,2.915335395546493,5.8852303938135515,0.8022328721973838,2.9003116666638955,0.4000857747986564,0.3575995370881192,0.721891439214714,0.9790732527313762,1.239691471385242,0.5802154502868475
1.4902614982949036,16.281324230923975,0.9953539081188345,1.0886133870796677,2.1975998379262305,-0.4724452265711441,-1.0437302098972105,1.2431672934006062,2.915335395546493,5.8852303938135515,2.219014162651411,8.022399589288847,0.4000857747986564,0.3575995370881192,0.721891439214714,0.9790732527313762,1.239691471385242,0.5802154502868475
1.992290680326611,3.932600145986245,0.6862237312132371,1.0886133870796677,4.62351425081624,-0.4724452265711441,-2.023905679194113,1.2431672934006062,2.915335395546493,12.381893248049662,1.2635696840474369,8.858198922428825,0.4000857747986564,0.7341536115138466,3.1180671902522454,-0.5465208313807565,-1.9226585271734888,0.5802154502868475
0.2735880540054267,0.7136980215609134,1.130831454348196,0.20413944472052015,0.31927224407149063,-0.9791485683800072,-0.15136529304131688,1.2431672934006062,2.915335395546493,4.5595581747147405,1.2635696840474369,0.7381722394224629,1.021307431922531,1.4528985775970173,2.2723202265625058,-0.5465208313807565,-0.2253920625662167,0.43163455050366356
1.2235450977229156,0.3559776587450766,1.130831454348196,1.741992607509141,2.7244606730307446,-1.3546660248658098,-2.735851319094035,0.22467380656210537,0.09080623083941862,0.14202012323226773,0.3696564583544528,0.17044851510912887,1.021307431922531,0.8573376482143789,1.340868322861976,0.6794710805540881,0.9626845988021389,1.0209090494292143
1.2235450977229156,0.3559776587450766,0.47046766255230893,2.927462600722212,26.45219988689563,-1.3546660248658098,-8.524778784897947,13.28702322435065,0.06330255958631256,0.5719943131352592,0.3696564583544528,0.3420693284727526,0.7181816525183697,0.1805097932069905,1.6310647761223434,0.6794710805540881,1.0617604961332692,1.0209090494292143
0.5300598825999903,0.3559776587450766,0.6240301199262343,2.927462600722212,15.035235911507103,1.8367049258612274,3.7750216804352092,0.6657207332926309,0.06330255958631256,0.325117361686411,0.3696564583544528,0.11172318686444413,0.7181816525183697,0.1805097932069905,0.9270852254559674,0.38761700924443765,0.1978279234555408,2.3062003404588025
3.005927685046284,0.3559776587450766,0.6240301199262343,0.3545901703021826,1.8211494353777702,1.347513060646551,5.466184714241841,1.5289924164217032,0.5022600273199741,2.5795711268225308,0.3696564583544528,1.7846398250340274,0.7181816525183697,0.1805097932069905,0.9270852254559674,0.5809899764842051,1.681539208188409,1.4106207819467234
3.005927685046284,0.7836867168717149,0.29202428656281215,0.05394679279197924,1.2651956291269362,1.1400622589823444,3.8546587708493325,1.5289924164217032,1.0519263118919544,24.670467011844213,0.3696564583544528,5.519065038922811,0.7181816525183697,0.1805097932069905,4.233434270332506,0.5809899764842051,3.593300838424529,2.7906659032172323
5.256252748266006,0.7836867168717149,1.5289426192354165,0.023052736038191697,0.01972286942987176,0.46679868423249704,0.34458067169530276,1.0021858993616295,1.0519263118919544,0.899980170029267,0.3696564583544528,1.8432787171646792,0.3917913227420485,0.1805097932069905,0.15443594531844096,0.5809899764842051,1.2001045309534295,2.7906659032172323
5.256252748266006,1.9516791988744373,1.5289426192354165,0.023052736038191697,0.01972286942987176,0.8681137358654833,0.6408227450432519,1.0021858993616295,1.242298933267993,1.0628543012474263,0.3696564583544528,2.003140472178589,0.3917913227420485,0.1805097932069905,0.15443594531844096,0.5809899764842051,1.2001045309534295,5.9443694356117565
10.673183919996156,1.9516791988744373,0.31021316879326843,0.6397747272874955,13.29647789800939,0.8681137358654833,33.78616737549048,1.0021858993616295,1.4543632749885937,30.226122284559256,0.3696564583544528,21.691196519061837,0.26826937006559287,1.2843506769258193,26.69273989837287,0.5809899764842051,32.03754360818024,1.970747893252491
10.673183919996156,1.9516791988744373,0.31021316879326843,0.6397747272874955,13.29647789800939,0.38665527750330336,15.048258520318548,0.7201743654586178,0.40342852483447916,8.384480091345784,0.3696564583544528,11.424320027656961,0.757257635280764,1.2843506769258193,26.69273989837287,0.5809899764842051,32.03754360818024,5.190196975286988
22.83916923325837,1.9516791988744373,0.8553893075631053,1.2949163678474294,3.539517644339894,0.38665527750330336,16.61407955247972,0.7201743654586178,1.1439852136000574,3.1269632147227817,0.3696564583544528,14.929318624996007,0.757257635280764,1.0685143750908643,2.9206716184705286,0.9838875360229506,38.40317458876941,3.4773720710940546
5.227359931103507,1.9516791988744373,0.8553893075631053,1.2949163678474294,3.539517644339894,0.06539721251134406,0.6431520862645611,0.7201743654586178,1.1439852136000574,3.1269632147227817,0.3696564583544528,3.416977263136977,0.757257635280764,1.0685143750908643,2.9206716184705286,0.9838875360229506,8.789602372234176,2.660385303465957
2.47362250929987,4.355741523962193,0.8553893075631053,1.2949163678474294,3.539517644339894,0.06539721251134406,0.3043439706573533,1.5387085376298164,1.1439852136000574,3.1269632147227817,0.3696564583544528,1.61693703576237,5.132721227106303,0.45282434261348165,1.2377476957306293,0.9838875360229506,2.707665094759397,2.660385303465957
2.47362250929987,4.355741523962193,0.46647067370653933,4.124045158880992,37.90571708478648,0.06539721251134406,0.9959671630600276,1.5387085376298164,1.1439852136000574,10.514816929809996,0.3696564583544528,2.9650538165750597,0.4666236567457899,0.45282434261348165,4.162086194242467,0.9838875360229506,4.9651733776003955,7.8041051491694775
14.703495117551702,84.15998032924875,0.3543680976144878,2.641397709038347,42.068260857854014,-1.2275612832893241,-117.0687667452017,1.5387085376298164,1.3272651463930707,21.138708576501944,0.1688968207879138,11.417769786105476,1.0069081470661088,0.45282434261348165,7.211913791954323,0.9838875360229506,38.850025120938305,7.8041051491694775
1.52673801740339,6.069728861231635,0.3543680976144878,0.07990408061784736,1.2725935573944271,0.5264929838365184,0.9067800742744314,1.5387085376298164,1.3272651463930707,21.138708576501944,0.3295878399706828,2.313528884484609,1.0069081470661088,0.06335982664334085,1.009101244397943,0.9838875360229506,1.5089586880402674,1.118271721351403
1.52673801740339,2.976173405730625,0.3543680976144878,0.07990408061784736,1.2725935573944271,-0.1652369344180349,-0.28458795133913867,1.5387085376298164,1.3272651463930707,21.138708576501944,0.3295878399706828,2.313528884484609,0.7548591242488285,0.06335982664334085,1.009101244397943,0.9838875360229506,1.5089586880402674,0.2337396332310957
4.994771475238447,3.229611579722459,0.18437963379486064,0.1265632220536217,7.445804381564682,-0.1652369344180349,-2.252052771496031,1.5387085376298164,1.3272651463930707,78.08395268512223,0.3295878399706828,14.54680770179366,0.7548591242488285,0.9468153173020756,55.70181861452234,0.9838875360229506,36.677165850551404,8.371060668902649
4.994771475238447,0.2559257165106171,1.2418079314522106,2.2162236856801045,2.8743174333177435,-0.1652369344180349,-1.3992332488646584,0.6365964323255239,1.3272651463930707,1.7213882215783225,0.3295878399706828,2.1598630585362724,0.7548591242488285,0.9468153173020756,1.2279661977434744,0.9838875360229506,5.445707211943575,8.371060668902649
4.994771475238447,0.2559257165106171,1.2418079314522106,2.2162236856801045,2.8743174333177435,-0.1652369344180349,-1.3992332488646584,3.314593849187416,0.5068149041455793,0.6573104167523866,0.3295878399706828,1.334664350517161,0.7548591242488285,0.9468153173020756,1.2279661977434744,-0.3277570801783467,-1.8140986951695222,8.371060668902649
2.9357583429740894,0.2559257165106171,1.3262441634771602,2.2162236856801045,2.5199772285979636,-0.1652369344180349,-0.770062085237874,3.314593849187416,0.5068149041455793,0.576278480287512,0.35516491182604193,0.7915285028692874,0.7548591242488285,0.9468153173020756,1.0765849380211798,-0.3277570801783467,-0.9983815244263617,8.371060668902649
0.45766880406305116,0.2559257165106171,0.31236587498139967,2.2162236856801045,45.42724746908825,0.9326706230076023,2.8769864725003167,3.314593849187416,0.5068149041455793,10.388484799799537,0.35516491182604193,0.5239109416735187,0.5266919659873766,0.5579208453008045,11.43603349761369,-0.3277570801783467,-0.5072722465381833,25.463162064302576
0.45766880406305116,0.2559257165106171,0.5714452813257772,1.6262556915606121,9.96023358161409,0.9326706230076023,1.3471450824877689,3.358228793125714,0.7170850345519768,4.391888974828715,-0.5259113981566226,-0.5044168324446793,0.5266919659873766,0.5579208453008045,3.4170653287090915,-0.3277570801783467,-0.27728733497642805,6.271123635347132
0.45766880406305116,0.2559257165106171,0.5714452813257772,1.6262556915606121,9.96023358161409,2.0028425114983346,2.892896349261814,3.358228793125714,1.2445861123558852,7.62264412406245,-0.5259113981566226,-0.6645332509802899,0.5266919659873766,0.5579208453008045,3.4170653287090915,1.151960826952331,0.9745758887315009,6.271123635347132
0.6606517325427821,0.2559257165106171,0.9093201634585836,0.5825639890524451,1.409094073760145,2.0028425114983346,1.5706860024242102,3.358228793125714,1.2445861123558852,3.0103798864350613,-0.5102638423432703,-0.5848951566026819,0.5266919659873766,0.5579208453008045,1.3494877327026822,0.6295132459644612,0.483127681307215,0.9587097333359257
9.659558357169619,0.2559257165106171,0.32936405622410175,0.5825639890524451,10.740419046473015,0.6217931654117412,19.684021362286934,3.358228793125714,1.2445861123558852,22.945764992898592,0.23054169200795804,10.66738617473138,0.1684424554603885,0.5579208453008045,10.286086654686153,0.6295132459644612,19.502362863250855,0.9587097333359257
14.775663884924171,1.1868107960586707,0.1337833004002324,0.5406807368916148,60.41810245584114,0.6217931654117412,71.41287012987863,2.8704124913968134,1.2445861123558852,139.07566169961152,0.23054169200795804,40.17186984839163,0.1684424554603885,0.5579208453008045,62.34458987280461,0.6295132459644612,73.44314435099636,0.9587097333359257
0.2713918223079042,1.1868107960586707,0.1337833004002324,0.5406807368916148,60.41810245584114,0.6217931654117412,1.311675002336785,0.8266111544006962,1.2445861123558852,139.07566169961152,0.23054169200795804,0.737856318916049,0.11080769477719424,0.5579208453008045,62.34458987280461,2.5125446106074825,5.384060418742662,0.5088598742183927
1.0595415368992867,0.7475287968053863,0.31248415865915585,0.29651890629485467,6.073322926614591,1.0382028587194874,2.7108993545171662,3.7482266470348162,0.7610624288796995,15.58813890033653,0.11383595768226375,0.4762056961564729,0.30369486747071117,0.5579208453008045,11.427377442273963,-1.9228064759170675,-6.8869487183186004,0.7109002567408848
1.0595415368992867,0.7475287968053863,0.31248415865915585,0.29651890629485467,6.073322926614591,1.0382028587194874,2.7108993545171662,3.7482266470348162,4.4498964182373415,91.14311891824876,-0.4891508808392552,-4.947921147139361,0.22666002478770983,0.5579208453008045,11.427377442273963,-1.3913556671014078,-4.983442300764672,0.7109002567408848
1.0595415368992867,0.7046129942671755,0.31248415865915585,0.29651890629485467,6.073322926614591,-0.6097855019155178,-1.5922390404275961,3.7482266470348162,0.3149040068898368,6.449887963720821,-0.4891508808392552,-1.3162455389183234,1.3152597246403663,0.5579208453008045,11.427377442273963,-0.9674901411690753,-3.4652759241058577,0.7109002567408848
1.0595415368992867,0.7046129942671755,0.31248415865915585,0.29651890629485467,6.073322926614591,-0.5516192755879027,-1.4403585248983708,3.7482266470348162,0.4011430550581589,8.216242746809332,0.778817828954062,2.3653232614741997,1.2664991458438397,0.8621912004443725,17.65946613730319,1.5767429162562716,7.020493807178405,0.1739926857204802
1.7066472484975233,0.7046129942671755,0.31248415865915585,0.06022874127095853,1.2336096870609503,-0.5516192755879027,-1.0456156721822658,0.1313451383293803,0.4011430550581589,8.216242746809332,0.8967726859614213,4.386950840841074,1.2664991458438397,0.8621912004443725,17.65946613730319,-0.06551796474208715,-0.4698864786424274,0.1739926857204802
1.7066472484975233,0.7046129942671755,0.31248415865915585,0.012205132027912154,0.24998644806064158,-0.430480196898592,-0.36732896534031206,0.1313451383293803,0.5737902535652475,11.752415876580102,0.8967726859614213,5.246742042073151,1.0879590871113558,0.8621912004443725,17.65946613730319,-0.06551796474208715,-0.4698864786424274,2.053101325741266
2.1948601414479714,0.37346301769200857,0.40420081324542384,0.04124480085048991,0.5048993838193246,-0.430480196898592,-0.6713708020434042,1.0486286986068762,0.04443294227063636,0.5439271062320439,0.8967726859614213,1.4516421664675865,1.0879590871113558,0.8621912004443725,10.554537708081494,-1.1228141276447718,-8.00634551411097,2.053101325741266
2.1948601414479714,0.7951509315807912,1.1019344392766512,0.7136680482250881,1.1754786242158175,-0.430480196898592,-1.0243948760385095,1.0486286986068762,2.592065538614425,4.269376555088158,0.7463297070680273,3.384697112880005,1.0879590871113558,0.7331977841389793,1.2076459422854062,-1.3244158028290496,-3.1944862204001407,2.053101325741266
7.241727710389413,1.645204047161055,1.1019344392766512,0.7136680482250881,1.1754786242158175,-0.430480196898592,-3.3798913288821293,1.215468595212441,5.077320786204402,8.362826481181557,0.5980645052245025,12.52468356368553,1.0270111248080809,1.973298003571759,3.2502080318366273,1.7124439803842808,22.357031776293642,2.053101325741266
7.241727710389413,1.645204047161055,1.0178356258906676,0.7136680482250881,1.3777516929466058,-0.430480196898592,-3.6591553307525992,1.215468595212441,0.24769427963125284,0.4781791954170773,0.5980645052245025,2.994922287785535,0.2843225977058513,1.973298003571759,3.809494724992475,1.7124439803842808,24.204284707309622,2.053101325741266
11.54876057307046,1.645204047161055,1.0178356258906676,0.7136680482250881,1.3777516929466058,0.14366113882116655,1.9474223914607642,1.215468595212441,0.83910248607987,1.6199056040514022,0.7792065979573413,11.453358452890292,0.2843225977058513,1.973298003571759,3.809494724992475,-0.3734255315223636,-8.41730518903163,2.053101325741266
11.54876057307046,1.645204047161055,0.8177070381656061,0.7136680482250881,2.13467015055419,0.4338979771486308,7.321303182813747,1.215468595212441,0.83910248607987,2.5098602000542014,0.7792065979573413,14.256494961324764,1.359749562209513,0.8631352503893486,2.5817451957946402,-0.22985641186691225,-4.265291227122733,1.070250119152366
11.54876057307046,1.645204047161055,0.8092880057612858,2.318558438933406,7.080139824857688,-1.0020732574782187,-30.793266968306284,1.215468595212441,0.83910248607987,2.56235203265533,-1.0309251709821292,-19.058201704240943,4.108716695610642,0.6292336200403824,1.9214792853945577,-0.22985641186691225,-3.6796783208218833,0.3684311558285222
11.54876057307046,1.8604084800995901,0.2585621296771981,2.318558438933406,69.3614574151719,-1.0020732574782187,-96.38156077522885,1.215468595212441,0.3102724430152452,9.282038564101686,-1.0309251709821292,-36.273060929888615,1.0495665069468638,1.5017588427526636,44.926269819347226,-1.3356347105623816,-103.38874301313271,0.3684311558285222
11.54876057307046,1.8604084800995901,0.17932170741087888,2.318558438933406,144.20566169738484,-0.6749691403880294,-93.60745781930618,1.215468595212441,0.3102724430152452,19.297785296306987,-1.0309251709821292,-52.30175431272848,1.0495665069468638,1.5017588427526636,93.4037822780394,-1.3356347105623816,-149.075167552762,1.7714942131197402
11.54876057307046,8.363093392676502,0.9571736460134908,0.20442050543523058,0.4462446148191762,-0.6749691403880294,-5.207218352016366,0.8431945995249307,0.3102724430152452,0.6773166250007747,-0.7691041607437538,-7.3099836634473165,1.0495665069468638,0.11982923237736247,0.26158407901626246,-1.3356347105623816,-7.889123024045704,1.7714942131197402
1.1440144591526455,0.8496837168749922,0.9571736460134908,0.20442050543523058,0.4462446148191762,-0.28963433228594004,-0.22134414984518072,0.8431945995249307,0.9202899122164948,2.008968799507948,-1.1008755476848744,-1.7850744540543437,1.0495665069468638,0.9995266163045773,2.181940451349063,-1.3356347105623816,-2.257047284064985,1.7714942131197402
0.3973786409945515,1.1381532235040124,0.665344110071918,0.2824207204144261,1.275950771554421,-0.28963433228594004,-0.13000843187965153,0.18708887265639665,0.9202899122164948,4.15778495934467,1.8996486304917244,1.5392487549760119,1.0495665069468638,0.9995266163045773,4.5157690816436995,-1.3356347105623816,-1.1278674937683102,1.3404254253957977
0.3221475554182449,1.1381532235040124,0.665344110071918,0.05517209563519487,0.24926244041407564,0.15446774344808895,0.024843973859506565,0.4998203142899891,0.9202899122164948,4.15778495934467,2.934285291454937,1.9274724919071842,1.0495665069468638,0.9995266163045773,4.5157690816436995,-0.9570635655052055,-0.6551812893160782,1.3404254253957977
4.68884281731802,1.2492986232846992,0.665344110071918,0.02123542377932213,0.09593968642156021,-0.1076480800988539,-0.15634036090614067,0.4998203142899891,0.9202899122164948,4.15778495934467,1.8746513945869467,17.923268279775527,1.0495665069468638,0.9995266163045773,4.5157690816436995,-0.9570635655052055,-9.536133460526848,1.3404254253957977
5.350374809079976,1.668197993115987,0.665344110071918,0.014769368750567549,0.06672664606550523,-0.2055022587599326,-0.28402100148979664,0.4998203142899891,0.9202899122164948,4.15778495934467,2.4827808577522643,27.08654464971973,0.6601357328866029,0.9995266163045773,4.5157690816436995,-0.9570635655052055,-10.881552278694558,0.9099866734821204
5.350374809079976,1.668197993115987,0.665344110071918,5.415488884475715,24.46667939360663,-0.2055022587599326,-5.438615072610899,0.4998203142899891,0.9202899122164948,4.15778495934467,1.5361694925006484,16.75924132338706,0.6601357328866029,0.9995266163045773,4.5157690816436995,-0.9570635655052055,-10.881552278694558,0.6717870637699508
5.350374809079976,1.0822925368374055,0.693531897035853,4.8957065363464505,20.35693981297158,-1.9060214554577395,-46.0116956045364,0.4998203142899891,0.08560463010525178,0.3559544040940008,1.5361694925006484,4.90366200614356,0.6601357328866029,0.9995266163045773,4.1561525427461845,-1.8940218007923075,-20.659267534888595,0.5031449033070614
5.350374809079976,1.0822925368374055,0.693531897035853,4.8957065363464505,20.35693981297158,-1.3530728722559633,-32.663418845957224,0.4998203142899891,2.2140459129254104,9.206270649182715,1.538482095388315,24.975749056097442,0.39654076280640377,0.9995266163045773,4.1561525427461845,-1.4112361583079207,-15.393225852625118,0.7020286136968202
0.844813812629154,1.0822925368374055,0.46682852235460853,0.2064127712057354,1.8943132397658105,-0.9659676102882706,-1.1231802743842303,3.2983290879387956,2.2140459129254104,20.318977657267403,0.20539204609944095,0.7821599125976411,0.31001213786048426,1.6117528299121768,14.791549510710768,-1.5975118363276766,-5.19053263917196,1.9766521829235957
0.844813812629154,1.0822925368374055,0.38540940773934323,0.2064127712057354,2.7792136701185397,-0.9659676102882706,-1.3604561209446298,3.2983290879387956,2.2140459129254104,29.8106877376268,0.2144270831714511,0.989069117131455,1.3213084203648868,1.6117528299121768,21.701203232620998,-1.5975118363276766,-6.287051207158842,0.42479006042417844
0.844813812629154,5.594318248658862,0.5322792882525779,0.024942552682160002,0.17607259251229776,-0.9659676102882706,-0.3424281422971175,1.5268681189887854,2.2140459129254104,15.62922643875418,0.2144270831714511,0.7161588869977282,0.871322136879899,2.122094851671325,14.980132420769255,-1.5975118363276766,-5.223515849089915,0.42479006042417844
2.1930274986085028,5.594318248658862,0.5322792882525779,0.022867933142447755,0.16142759424413447,0.7454335260793548,0.6568132208376334,1.5268681189887854,2.2140459129254104,15.62922643875418,0.2144270831714511,1.8590559352612062,1.6998184936085183,2.122094851671325,14.980132420769255,-1.5975118363276766,-13.559572210143347,0.3530208517598911
2.1930274986085028,11.02908378992576,0.5322792882525779,0.005221800992143286,0.03686134494676495,-0.440368743568055,-0.18541554927498455,0.7587168192450654,5.622844527470728,39.69236131767173,0.2144270831714511,2.962628411406318,1.6998184936085183,2.0191129608678837,14.25317040021595,0.3490972919661093,2.890322448082786,0.3530208517598911
6.58944804110648,11.02908378992576,0.8415669185787492,0.021314993531825324,0.06019187752681841,-0.440368743568055,-0.7119253690618558,0.7587168192450654,0.29839340850582213,0.8426396880099944,-0.4891294710285321,-2.958651576287878,1.6998184936085183,0.6819450989200199,1.9257597152408221,0.3490972919661093,3.1922475806951667,0.39716521116788794
81.97355754648125,12.401186288989317,0.8415669185787492,0.021314993531825324,0.06019187752681841,-0.440368743568055,-8.856440607094074,0.17384709466435877,0.29839340850582213,0.8426396880099944,-0.4891294710285321,-36.80599554558392,1.6998184936085183,2.794510521205441,7.891479525370462,0.3490972919661093,80.38952827729274,0.39716521116788794
81.97355754648125,455.43381373138254,0.8415669185787492,0.20121318577056452,0.5682103265290371,-0.440368743568055,-27.21102056375879,0.17384709466435877,0.29839340850582213,0.8426396880099944,1.3718487135886934,103.22881901878931,0.7797981011116534,2.794510521205441,7.891479525370462,0.3490972919661093,80.38952827729274,2.6549655173031677
81.97355754648125,455.43381373138254,0.4569661478781128,0.1681137035780594,1.610145246357095,-0.4914659112026504,-51.12104351376251,3.6079595296127613,0.29839340850582213,2.8579272125002717,0.15716568770599215,21.77996123178917,0.7797981011116534,2.794510521205441,26.765027096821804,0.9846224239340508,417.5681344162011,2.6549655173031677
4.222386093351105,15.06839310933262,0.26511528133842494,0.1681137035780594,4.7836961766599915,-0.4914659112026504,-4.538717340270383,3.6079595296127613,0.798901220390841,22.732832792171255,0.15716568770599215,3.164043593614695,0.7797981011116534,2.794510521205441,79.51814165892459,0.3782145831375634,14.2406339697965,4.915736695806877
4.222386093351105,1.4377881427140713,0.26511528133842494,0.0869295620680056,2.473591413744322,-0.9605143816369621,-6.378606289245653,0.3262300894200218,2.366349266636508,67.33476033496059,0.15716568770599215,5.44546961466007,0.7797981011116534,1.7372415493085962,49.43342262103974,0.3782145831375634,11.228107271656924,0.2947844762951808
8.42780567198905,1.0818746627632498,0.26511528133842494,0.15511185659896448,4.41372701674237,-0.9605143816369621,-17.006741851864867,1.4994224324464465,1.5252842737078451,43.40215219319039,-0.12693345910625148,-7.04768137084887,0.7797981011116534,1.7372415493085962,49.43342262103974,0.3782145831375634,22.411097435826807,0.2947844762951808
18.168653187477375,0.9826657619034685,0.26511528133842494,0.9381110050487965,26.694064389883998,-0.9605143816369621,-90.1641636711506,1.4983894785608172,1.8797416849760151,53.488281562680044,-0.4344840199649059,-57.73323133258362,0.7797981011116534,0.2503024169977529,7.122386157205418,1.2873151408151926,62.41951219624294,0.2947844762951808
18.168653187477375,0.9826657619034685,0.29367134482860147,0.36439094174570386,8.450344687737257,-0.9605143816369621,-50.72987811594609,1.4983894785608172,0.3207711091467044,7.438786554823572,0.029404948744683135,1.4571162797414094,0.7797981011116534,0.06670030345777381,1.546801773651683,-1.370808654769655,-30.97539857781382,0.3662647438937107
18.168653187477375,1.0255841249911304,0.3344293966596842,1.8920076154185317,33.83327082152039,-0.26397315535209076,-27.896806575029572,1.4983894785608172,0.3207711091467044,5.736095203337324,-0.35635374704923106,-15.506444894048899,0.7797981011116534,0.06670030345777381,1.1927485980362986,0.35943460255404935,7.132094294212918,0.3662647438937107
18.168653187477375,5.285566058641216,0.39494001475272494,1.3099787306719468,16.797009347118316,-0.26397315535209076,-19.656151038267932,1.4983894785608172,0.3207711091467044,4.113040305516227,1.6114258363113527,59.376492617032696,0.7797981011116534,0.057825362417222366,0.7414571933731843,0.8605033746808823,13.462271789902628,1.3724587253393017
13.274143154213204,0.3923147080725213,0.39494001475272494,1.3099787306719468,16.797009347118316,-0.26397315535209076,-14.36091932904754,2.4051701005135406,0.3207711091467044,4.113040305516227,0.8818815071540894,23.740956664871494,0.7797981011116534,0.2103479419292834,2.6971555064263746,0.8605033746808823,18.759103009059046,1.3724587253393017
10.707899794931999,0.8024468238445488,0.5471899168087889,1.3099787306719468,8.75020178257296,0.918283261129164,29.08640187660242,1.1044194279704282,0.29333344929637883,1.9593653017594108,0.741365961356214,11.112061773502793,0.7323169865570333,0.2103479419292834,1.4050510083366388,0.1510163727508398,1.9167893099920168,2.499279021938377
10.707899794931999,1.535467564539947,0.5117439422683415,0.5058077412204679,3.8628695892999367,0.9194578930893292,19.350454363043713,1.1044194279704282,0.29333344929637883,2.240196755544604,0.741365961356214,11.881739391902274,2.8243132462635008,0.4099888545243982,3.1310977453069606,-1.756439841155332,-33.280197177003494,2.499279021938377
10.707899794931999,2.142062349833579,0.3807676986953914,0.5058077412204679,6.977426479913187,0.9194578930893292,26.006611995597495,1.1044194279704282,0.29333344929637883,4.04642398636742,0.4025214666891591,8.670198450550451,0.30697305834802113,0.4099888545243982,5.655641179245859,-0.5037733358778693,-12.82863354280204,2.499279021938377
0.8060982759879668,2.142062349833579,0.3807676986953914,2.328035693250851,32.114371862077434,0.8467631646325484,3.868117568096582,1.1044194279704282,2.345105853670506,32.34984826866836,0.4025214666891591,1.845496231989907,0.30697305834802113,0.4099888545243982,5.655641179245859,-0.5037733358778693,-0.9657486136570442,1.1866462905827415
0.8060982759879668,1.377849890860785,0.3807676986953914,2.617907699080577,36.1130465450343,-0.9035914598341921,-4.377157499472488,1.1044194279704282,2.345105853670506,32.34984826866836,-0.16419096796712895,-0.7527891995487279,0.30697305834802113,1.4068838423436005,19.407430483456228,2.0453821519950948,7.263508915001556,0.7291711568330577
0.8060982759879668,1.377849890860785,0.3807676986953914,2.617907699080577,36.1130465450343,-0.2007788786958713,-0.9726085445523976,1.4787080002841801,4.484756973580839,61.86552619367466,-0.8138528160322993,-5.160101192011744,5.3311143443834785,1.4068838423436005,19.407430483456228,2.0453821519950948,7.263508915001556,0.7291711568330577
8.658294176988125,5.9927934741916555,0.3807676986953914,2.617907699080577,36.1130465450343,-0.08339375875453016,-4.339082926465925,0.9600962458141835,4.484756973580839,61.86552619367466,0.41882578667726134,28.52266531386945,0.3556581717282578,1.4068838423436005,19.407430483456228,2.0453821519950948,78.01728252821385,2.8560686463221416
3.393017100803935,5.9927934741916555,0.5685669407777683,2.617907699080577,16.196497852828386,-0.08339375875453016,-1.1387546315317618,0.9600962458141835,2.739220755350171,16.947038697366406,0.41882578667726134,5.850141517210374,0.3556581717282578,1.4068838423436005,8.704123197200515,1.91750095213969,19.194824754767637,0.37493382980205325
3.393017100803935,5.9927934741916555,0.5685669407777683,3.086411480188611,19.09504178828617,1.6699289903460632,24.75964190687252,0.840057509261861,2.215594470371021,13.70746229697313,-0.8712300970248381,-10.944538375752595,0.2676697294299246,1.4068838423436005,8.704123197200515,-0.7807427947626431,-7.815496053492811,0.37493382980205325
3.393017100803935,5.9927934741916555,0.4419703529947668,3.086411480188611,31.600761265412707,0.7640587316507681,14.573422781554253,0.4562082701269565,0.3323744098597423,3.403073259715939,-0.8712300970248381,-5.453239447438698,0.2676697294299246,0.3282370063992609,3.3607117340889747,-0.7807427947626431,-4.8563464839191095,0.37493382980205325
1.9722955744670227,5.9927934741916555,0.4419703529947668,2.026544400172837,20.74912765024685,-1.1470914915945876,-10.305521648374356,0.4562082701269565,1.0725938504264008,10.981938869668525,-0.8712300970248381,-5.6943529342297845,6.499441628869824,0.3282370063992609,3.3607117340889747,-1.9044359130106958,-6.885793494168737,0.37493382980205325
1.9722955744670227,5.9927934741916555,0.326793482584462,1.546750963146376,28.967006555711933,-1.1470914915945876,-12.176483020397086,0.4562082701269565,1.0725938504264008,20.087159366441316,0.9342134665726101,8.25804768100251,1.0049826446370702,0.3282370063992609,6.147106898743118,-1.9044359130106958,-9.31265996248949,0.6168776219802918
1.9722955744670227,1.2988115339090607,0.326793482584462,0.836136372671136,15.658867112883712,-1.4528427145358238,-11.338895932930434,0.4562082701269565,1.0725938504264008,20.087159366441316,2.023678065915885,17.888449007958545,0.6335790329992518,0.3282370063992609,6.147106898743118,-1.2654948344059576,-6.18824870744991,0.6168776219802918
0.5797121851448643,9.742881832707587,0.3005636331355952,0.23911468397443944,5.29374940746422,-1.4528427145358238,-1.9378168078098608,0.4562082701269565,1.0725938504264008,23.746107791320288,1.4959974474330964,4.226097369306542,0.6335790329992518,0.3282370063992609,7.2668245598821555,-1.552571959071456,-2.426255343194942,0.7136273872177431
0.5797121851448643,9.742881832707587,0.3005636331355952,1.5723601852642455,34.81041256317284,-1.4528427145358238,-4.969190132626485,0.8605282732030116,0.3548513079259651,7.856037403674405,1.4959974474330964,2.430776632823041,1.0035411762121489,0.31965804395329805,7.076895289918006,-1.2382108448802391,-1.9095384929089132,0.7136273872177431
0.3524134966015989,9.742881832707587,0.14522069124843878,1.5723601852642455,149.11627099328322,-1.4528427145358238,-6.25221133854249,0.8605282732030116,0.4861090611931121,46.10061433791694,1.4959974474330964,3.579618479603457,1.042587423586942,0.31965804395329805,30.315074086738093,-1.8398057205702152,-3.569881616335723,0.7136273872177431
0.38388124312846555,0.4653877054358882,0.15199032903300627,1.5723601852642455,136.12883366619207,1.59749437889699,7.155027264194851,0.8605282732030116,0.17783597440152749,15.3963474819876,-1.325074887265452,-1.995933961691312,1.042587423586942,0.31965804395329805,27.674751054616593,-1.8398057205702152,-3.7154439910833816,0.1083980939772868
4.052777684118694,0.4653877054358882,0.11050747246311597,1.5723601852642455,257.512753292834,1.8022417541095945,117.21014396945912,0.8605282732030116,0.17783597440152749,29.125026079794267,1.0586000465567493,23.15356402042196,1.042587423586942,0.0849324748375663,13.909787111354799,-2.0617612493264468,-31.163870824336037,0.1083980939772868
3.488650235545674,0.4653877054358882,0.1085525941121088,1.5723601852642455,266.87114635354817,1.8022417541095945,102.71202414542621,0.8605282732030116,0.17783597440152749,30.183472461470423,-0.7642513511889817,-14.647997134347031,1.042587423586942,0.0849324748375663,14.415289279749874,-2.0617612493264468,-27.309106056624163,0.4070833906596114
0.751970406885777,0.9488388583164004,0.1571579322841732,0.6532612964111914,52.89861625277199,-0.7407686119572114,-4.051403300268203,0.3510701163112845,0.17783597440152749,14.400481120624711,-0.7642513511889817,-2.1808483446357836,1.042587423586942,0.12992666191346036,10.520967134164419,-2.0617612493264468,-5.02882999939977,0.4070833906596114
0.751970406885777,2.627520466260182,0.1571579322841732,0.6532612964111914,52.89861625277199,-0.7407686119572114,-4.051403300268203,0.3510701163112845,0.17783597440152749,14.400481120624711,1.6683680294962429,4.760812852616651,3.582925315976946,0.12992666191346036,10.520967134164419,-0.298329754052824,-0.7276543864545474,0.4210827919593967
1.4399122507495745,5.3934791818275905,0.1571579322841732,0.6532612964111914,52.89861625277199,-0.7407686119572114,-7.757838860897575,0.5711036373439593,2.600295489485142,210.56204308713114,0.984689916847434,20.574323323791045,3.582925315976946,0.12992666191346036,10.520967134164419,-0.298329754052824,-1.3933506635012045,0.4210827919593967
1.4399122507495745,3.2394505147105206,0.33192946938112367,1.6359618415556088,29.69692908797164,1.7390456938859888,13.64591906194179,0.2883871585562936,2.600295489485142,47.202073298717536,0.984689916847434,9.741280633327575,2.2038930900716274,0.12992666191346036,2.3585041945794947,0.6117834043525912,1.3528574731677692,0.4210827919593967
1.4399122507495745,3.2394505147105206,0.33192946938112367,0.3467871464584259,6.295081606061927,1.7390456938859888,6.282719959328391,0.609164672796937,2.600295489485142,47.202073298717536,-0.016619662397942325,-0.16441398726600556,3.7956232184938163,0.10213920393784975,1.8540901256963054,0.6117834043525912,1.1994969252172287,0.4210827919593967
3.3554439959651052,3.2394505147105206,1.1068842733334514,0.3467871464584259,0.5660940025116125,0.3503848151612545,0.8845849539858515,2.5996838590176496,2.600295489485142,4.244712344123766,-0.016619662397942325,-0.11489372877147895,1.0956883246923992,0.10213920393784975,0.1667316432025226,-0.19591812069836767,-0.26843158517712595,0.4210827919593967
4.533838975665321,1.8815706967710046,1.1068842733334514,0.04788513473735623,0.0781675095548202,0.3503848151612545,0.44414472241087116,2.5996838590176496,0.6193569816789382,1.0110359519457404,1.3910304145603938,6.341412685251561,1.0956883246923992,0.10213920393784975,0.1667316432025226,-0.19591812069836767,-0.36270180180004274,0.4210827919593967
4.533838975665321,1.8815706967710046,1.1068842733334514,0.3980961155472487,0.6498505660776684,0.542259570062595,1.9818923795961423,2.6702638469790423,0.8562282924157523,1.3977037674763555,1.3910304145603938,7.456075299753419,1.0956883246923992,0.3910162369466981,0.6382933995124928,-0.19591812069836767,-0.7096608949966128,0.4210827919593967
1.3762120056425537,2.2736780883681122,1.1068842733334514,0.46501520257963774,0.7590890260651972,-0.8527944057106736,-1.0225299594750032,0.47743854344032366,0.8562282924157523,1.3977037674763555,0.8184214989416945,1.3315882041744462,1.2108984632448903,0.34538559422904963,0.563806114049311,-0.19591812069836767,-0.20245329013093039,4.854243517085797
1.3762120056425537,2.112146710289764,0.9540387723932637,0.6804373013969188,1.4951544554969023,1.242430150685845,2.090741568018218,1.226237994296243,0.8562282924157523,1.8814276402832633,-0.3864364634608157,-0.7294696056231259,1.2108984632448903,0.34538559422904963,0.7589307773337001,-0.8183304910437166,-0.9811042526142734,0.17194386018863037
1.3762120056425537,2.112146710289764,0.9540387723932637,1.1736841635372024,2.578987223152181,-0.5456035157077619,-1.20583281274872,1.226237994296243,1.211202883064312,2.661428736206113,-0.3864364634608157,-0.8676026343106998,1.2108984632448903,0.34538559422904963,0.7589307773337001,-0.8183304910437166,-0.9811042526142734,3.4456184920203032
1.3762120056425537,2.112146710289764,0.4485535311175512,1.1736841635372024,11.666824919423556,-0.5456035157077619,-2.564713410058564,1.226237994296243,0.04127549868467131,0.41029267632330424,0.15564763388074043,0.13720651946326518,1.5817788857965056,2.266673875679477,22.53151919276575,-0.8183304910437166,-5.345758227655608,3.4456184920203032
1.3762120056425537,2.509573997053222,0.4485535311175512,1.1736841635372024,11.666824919423556,-0.6964845787768104,-3.2739586305097257,2.065602325683427,0.16680274539285012,1.658076752703737,-0.5235717963415374,-0.9278203662468057,1.5817788857965056,0.4581989618298806,4.55465553000231,-0.13864675747704946,-0.4072141192147748,3.90609654578664
1.8655273710747444,2.509573997053222,0.4485535311175512,1.1736841635372024,11.666824919423556,-0.5199228405478573,-3.3129651114672045,2.065602325683427,0.20168545699485957,2.004822923112033,0.8681501455534983,2.2931606325994083,1.5817788857965056,0.4581989618298806,4.55465553000231,-0.13864675747704946,-0.5520000422671554,1.0071917144747433
0.5207521436763598,2.237010983308825,0.4485535311175512,0.6297452558819085,6.259884790529451,0.12595269346468985,0.16410495552865795,0.2769057704460869,0.09216206303025179,0.9161226563254588,0.8681501455534983,0.4327157676126013,0.8268864601026551,0.4581989618298806,4.55465553000231,-0.13864675747704946,-0.1540879055312157,2.099079257289421
0.24631316910454784,2.237010983308825,0.3289717614246847,1.3935661465363804,25.753742134400774,-0.39019241924891745,-0.48773804255143977,0.2769057704460869,0.09216206303025179,1.7031972337694357,0.3905612977456431,0.12554785832388515,0.8268864601026551,0.4581989618298806,8.467727160670394,-0.13864675747704946,-0.09937583189493021,0.6433883048647713
11.844820647958635,1.8265983896195006,0.2585955122039817,1.3935661465363804,41.67883930443622,-0.8157028258808974,-62.3761066771201,0.7248376242208276,1.022643498206398,30.58526797124536,0.3905612977456431,25.584317687497634,0.8268864601026551,1.7014882308007757,50.88818691971841,-0.13864675747704946,-11.71511875127969,0.801615137201198
1.0411525829861188,1.3975037972464643,0.2585955122039817,0.41954413553261233,12.5477449703001,-0.8157028258808974,-3.008355731637378,0.7248376242208276,1.022643498206398,30.58526797124536,2.669371692302523,15.370202045981046,0.8268864601026551,1.7014882308007757,50.88818691971841,-0.13864675747704946,-1.0297518645827757,0.801615137201198
11.443646244629491,1.3975037972464643,0.2585955122039817,0.41954413553261233,12.5477449703001,-0.5245540561040285,-21.263635314400716,0.7248376242208276,1.022643498206398,30.58526797124536,2.078490466836092,131.54326160158882,1.4075138619526604,1.7014882308007757,50.88818691971841,-0.13864675747704946,-11.318337245281567,0.801615137201198
11.443646244629491,3.818764818711943,0.20697060759423364,1.124774378034715,52.514358079688186,-0.5245540561040285,-43.500445449971025,0.7248376242208276,0.18101057068434637,8.451165060974647,0.3460873323800737,11.513527947117318,1.4075138619526604,1.7014882308007757,79.44043175731844,0.09260986390744186,9.445880956729493,1.1430790813480831
0.44496386504876645,3.818764818711943,0.20697060759423364,1.3778413391999698,64.32974903835435,-0.5245540561040285,-1.8720649923392632,0.7248376242208276,0.33639455831212867,15.7058558909638,0.28388512581642383,0.5006084618500416,1.4075138619526604,0.6873723184341645,32.09258387214353,0.09260986390744186,0.23344486875581993,2.6649895008533324
0.44496386504876645,3.818764818711943,0.20697060759423364,1.4512225755525257,67.75583039067105,-0.024303498085220143,-0.08901575251328929,0.33075216221605214,0.33639455831212867,15.7058558909638,0.28388512581642383,0.5006084618500416,1.4075138619526604,0.6873723184341645,32.09258387214353,0.09260986390744186,0.23344486875581993,2.6649895008533324
0.4105984074762977,3.818764818711943,0.20697060759423364,0.35125999239358735,16.399905065277075,-0.024303498085220143,-0.040411662305290245,0.33075216221605214,0.33639455831212867,15.7058558909638,0.28388512581642383,0.4619454597335867,1.4075138619526604,0.6873723184341645,32.09258387214353,0.09260986390744186,0.2154154502729069,0.5027234961913609
0.4105984074762977,0.25591928058769603,0.20697060759423364,0.35125999239358735,16.399905065277075,-1.9790425349380345,-3.2907361042959504,1.1040595199576242,1.7556765442375015,81.97041870503212,-0.6725184661809664,-2.5000578098048565,1.6634001005713768,0.6873723184341645,32.09258387214353,0.09260986390744186,0.2154154502729069,2.0948193200531944
0.4105984074762977,0.25591928058769603,0.20697060759423364,0.4624890790892801,21.593056866814653,-2.064142065808272,-3.9383463751971153,1.1040595199576242,1.7556765442375015,81.97041870503212,-0.6725184661809664,-2.5000578098048565,1.6634001005713768,0.6873723184341645,32.09258387214353,1.1212932289983546,2.6081874610468194,0.6038646570003711
0.5488870301879639,0.25591928058769603,0.20697060759423364,0.4624890790892801,21.593056866814653,0.39265643229117364,1.001504140927366,1.1040595199576242,1.7556765442375015,81.97041870503212,0.9353417063084413,4.648168307987703,0.3869970878327207,0.22707998897811338,10.602090594172692,0.13769732116786304,0.24609580781051263,0.6038646570003711
0.3482741452651215,0.25591928058769603,0.8850769691746022,0.4624890790892801,1.1807811126432572,0.39265643229117364,0.14859994549802982,1.1040595199576242,4.704800420993269,12.011828445342553,0.9353417063084413,1.1290055977295106,0.053579449610891096,0.6689775508988574,1.7079669393257748,0.13769732116786304,0.06267386190756744,4.3080428930537025
0.49566104231075053,0.25591928058769603,0.8850769691746022,0.4624890790892801,1.1807811126432572,0.39265643229117364,0.2114862813511598,0.800016557930196,4.704800420993269,12.011828445342553,1.0607629935566325,1.8222489410593339,0.13264192454166693,0.3615015619112595,0.9229498290779126,0.13769732116786304,0.06556911531483932,4.3080428930537025
1.0179897905503257,0.6966999297153962,0.8850769691746022,0.24099357045247508,0.61528081229311,0.39265643229117364,0.31353990654036273,2.713414156551841,6.756188010890818,17.24922718702009,1.1020862768171593,4.65954851755243,0.13264192454166693,0.3615015619112595,0.9229498290779126,-0.3102917104665623,-0.3034608309998125,0.5085660334692353
2.616457761815815,0.6636629176555274,0.8850769691746022,0.24099357045247508,0.61528081229311,-0.6593440660427154,-1.3532016418014692,2.713414156551841,6.756188010890818,17.24922718702009,1.1020862768171593,11.97606498461708,3.763152422125189,0.3615015619112595,0.9229498290779126,-0.05420181346151892,-0.13624375111515277,1.344378656145899
2.616457761815815,2.7223320310886705,0.8850769691746022,0.24099357045247508,0.61528081229311,0.44560969659917804,0.9145449304788268,2.297184560574658,6.756188010890818,17.24922718702009,1.109141160050409,12.052728438139333,3.763152422125189,0.3615015619112595,0.9229498290779126,0.19362614988182963,0.48670609503894635,1.344378656145899
2.616457761815815,1.9310009013655194,0.8850769691746022,0.4375742018331956,1.1171709263319594,0.44560969659917804,1.2323332693724707,2.297184560574658,2.7739500833651265,7.08217342624091,-0.5071578922521969,-3.5313453779380883,3.763152422125189,0.3615015619112595,0.9229498290779126,0.9573034733706605,2.4063146200851957,1.344378656145899
2.616457761815815,1.9310009013655194,0.8850769691746022,0.4375742018331956,1.1171709263319594,-0.34488407013870737,-0.9537766277353077,0.6084627838950766,2.7739500833651265,7.08217342624091,-0.5071578922521969,-3.5313453779380883,0.19776132767186314,0.3615015619112595,0.9229498290779126,0.46477694413811815,1.168281100892902,1.344378656145899
0.879760392487316,1.9310009013655194,0.8484459792174918,0.4375742018331956,1.2157193051069606,-0.34488407013870737,-0.33454473356874703,0.6084627838950766,0.4239384661068158,1.1778349255150031,-0.5071578922521969,-0.48422789917292947,0.13422910334449845,1.1653389320359737,3.237679531228216,0.6815404398804186,1.0788795615770301,1.344378656145899
0.879760392487316,1.4112914345231633,0.8484459792174918,0.4375742018331956,1.2157193051069606,-0.34488407013870737,-0.33454473356874703,0.6084627838950766,1.421169708379785,3.948458211366753,-0.6450101598497395,-1.1275731719266384,0.13422910334449845,0.09880454974290699,0.27451023861009644,-0.5451740978829156,-0.25129213320374916,1.344378656145899
0.879760392487316,1.4112914345231633,0.5463309043903337,0.4375742018331956,2.9320418774432295,-0.5224498674705205,-0.7870351221947325,0.6084627838950766,1.421169708379785,9.52279426544382,-0.6450101598497395,-1.7511089274041014,3.4133849721656775,0.021330851697135642,0.14293107362251264,-0.5451740978829156,-0.18132719666191086,1.344378656145899
0.879760392487316,1.4112914345231633,0.4812536263378633,0.4375742018331956,3.778623967166916,-0.5224498674705205,-0.8934615482642351,0.6084627838950766,1.421169708379785,12.272354949167124,-0.6450101598497395,-1.9879017458520527,0.39127959179604704,0.012236532589548215,0.10566723340676216,-1.728663302147553,-0.4943618931011175,0.5721789952921529
0.879760392487316,1.788129286554948,0.2453573202917629,0.4375742018331956,14.537297070776116,0.969409949345017,3.251724260338499,0.6084627838950766,1.421169708379785,47.21477215098898,-0.6450101598497395,-3.8991497089104277,0.41957974819612043,0.012236532589548215,0.40652787258766776,-1.728663302147553,-0.9696611191190577,0.5721789952921529
1.3348913955146673,1.788129286554948,0.2453573202917629,0.1107881372755922,3.680655890465769,0.21694970789211798,0.5556068758728633,2.674958296466561,1.1536353586503187,38.326619462004025,-0.6450101598497395,-5.330436161236638,0.7945313949373465,0.012236532589548215,0.40652787258766776,0.3260246719674573,0.2774863114069655,0.5721789952921529
1.5588591556702907,1.788129286554948,0.2453573202917629,0.8162604033413948,27.118189145457947,-0.1770210948838959,-1.43701811672421,2.674958296466561,1.1536353586503187,38.326619462004025,0.8536134556875421,8.237935509265672,0.7945313949373465,0.2549566305541232,8.470289754290143,-0.22478656475501446,-1.019826662328748,0.5936804843328118
1.5588591556702907,10.24232469429736,0.616997184550214,0.12144191692398558,0.6380169915154882,-0.1770210948838959,-0.22041849009257503,2.674958296466561,1.1536353586503187,6.06083121442062,0.8536134556875421,3.275927073740621,1.4801922213847112,0.20639274465205446,1.0843214711107714,-0.22478656475501446,-0.3648852073563602,0.25346674575015127
1.8764221046346572,10.24232469429736,0.616997184550214,1.4263919978453772,7.493807362714075,-0.1770210948838959,-0.9092992342546601,1.606130898772558,1.1536353586503187,6.06083121442062,0.8536134556875421,3.943282465242913,1.4801922213847112,0.20639274465205446,1.0843214711107714,-0.22478656475501446,-0.43921778708947645,0.25346674575015127
1.8764221046346572,8.766498904520557,0.1865906270682799,1.4263919978453772,81.93873237873075,-0.1770210948838959,-3.006769826886797,1.606130898772558,1.6011796458877787,91.97936520455136,0.8536134556875421,15.361619254879512,1.4801922213847112,0.20639274465205446,11.856179713922959,-0.22478656475501446,-1.4523566499372744,0.25346674575015127
1.1026921177995221,24.602740776885096,0.2094595586746217,1.4263919978453772,65.02322730963454,-0.1770210948838959,-1.5740319854845666,1.606130898772558,1.4129692369687004,64.41133995123276,1.1507860724406027,10.184273041124154,1.4298571218197418,1.0505162888239887,47.88863057550648,-0.22478656475501446,-1.7153029306398146,3.291044604048448
1.1026921177995221,9.768539411217077,0.2094595586746217,1.4263919978453772,65.02322730963454,-0.1770210948838959,-1.5740319854845666,1.1709750584129808,1.772480001003237,80.79992749616382,1.1507860724406027,11.40655116437635,1.4298571218197418,0.44738136522804145,20.394239626455743,-0.22478656475501446,-1.119382155763233,6.242082102032744
4.882927220030007,9.768539411217077,0.7198109119965728,1.4263919978453772,5.505947135692247,-0.1770210948838959,-2.028249102019359,1.1709750584129808,1.772480001003237,6.841864788457312,1.1507860724406027,14.698130260143337,0.8467096630842029,0.44738136522804145,1.7269152870741513,-0.22478656475501446,-1.4424013445599275,6.242082102032744
6.69909760395161,45.67238438843777,0.3444922117435673,2.092412015637061,35.262929205539656,-1.1405495766664169,-45.3721820182419,0.7814326362865893,0.951805032697431,16.040547098113976,0.9593553017310742,25.739812188121604,0.9441180439017969,0.9172636482044628,15.458429242292917,1.20783823625513,31.813229643819497,0.11187124437454184
0.5532569233359355,45.67238438843777,0.3444922117435673,2.117938485247777,35.69312081408669,0.44113612870960406,1.4581148933264003,0.5567279095403567,0.951805032697431,16.040547098113976,0.9593553017310742,2.125768296023149,0.9441180439017969,1.3515572490719405,22.777477492522966,1.20783823625513,3.1892491190115444,0.31796854626469845
0.5532569233359355,46.11748981754603,0.5231950650114162,0.34928141063745444,2.551985428101644,0.44113612870960406,0.38988684314499367,0.6275403082691831,0.951805032697431,6.954256653409155,0.39562655943397873,0.5772150602691486,1.7995801185579139,1.1324294626996232,8.273968780325681,1.0529443015348485,1.6756727022496378,0.31796854626469845
0.5532569233359355,5.401007933269771,0.33205862410378534,0.7984611888062995,14.482858199988422,0.3634647046715333,0.7652727345125552,0.6275403082691831,0.4675345718128757,8.480358221645302,0.02456842475617388,0.03958323348713871,1.7995801185579139,1.1324294626996232,20.540529157449672,1.0529443015348485,2.640207555992703,3.150515344305271
0.5165863614001116,3.93745023017835,0.33205862410378534,0.7984611888062995,14.482858199988422,0.3634647046715333,0.7145494990227388,0.734528454528453,0.4675345718128757,8.480358221645302,0.02456842475617388,0.03695960718625475,1.7995801185579139,1.1324294626996232,20.540529157449672,1.0529443015348485,2.465211291830866,1.5808447586460093
0.8239630150665813,3.93745023017835,0.9447186578807168,0.6430621578512711,1.4410463970866585,0.3634647046715333,0.3595083185646426,0.2213479521460451,0.18958453615977294,0.42484246575674334,0.02456842475617388,0.013194683898253146,1.7995801185579139,2.195996190429176,4.921036574143883,-0.5540423601994511,-1.0126957449364307,1.511835763973436
0.8239630150665813,2.1333528958733763,0.9485249589683692,0.6430621578512711,1.4295041576850105,0.3634647046715333,0.3580656607926627,0.2213479521460451,0.18958453615977294,0.4214396374663674,0.33358025317381484,0.17843323195514368,0.5770166331991635,3.724252112115256,8.27887913094592,1.7544272070744937,4.159382332518415,0.7561792475426615
4.400723806962797,2.1333528958733763,0.8478771070404824,0.6430621578512711,1.789027970153008,0.3634647046715333,2.1394144351388023,0.19911351503859373,0.18958453615977294,0.5274327430984714,0.33358025317381484,1.0661246635832864,0.5770166331991635,3.724252112115256,10.361037599753454,1.3377753004852597,18.949986759859975,0.7561792475426615
5.898859064058765,2.1333528958733763,0.8478771070404824,0.6161527685837657,1.714164833718168,0.3634647046715333,2.807091405440641,4.567680251644437,0.2906272299132914,0.80853808120244,1.1148084169817163,5.913144593562069,3.2818045174618775,1.0946166800513548,3.0452730475563454,1.3377753004852597,13.770963041514797,0.7561792475426615
5.898859064058765,2.1333528958733763,0.8212708100368271,1.892962652034338,5.613054599019676,0.3634647046715333,5.079604476124334,5.326081255827941,1.1441930779935563,3.3927865463674816,1.1148084169817163,12.112855261767583,3.2818045174618775,1.0946166800513548,3.245781517941144,0.7389310817776855,7.852927651221178,0.7561792475426615
0.36761417493109994,2.1333528958733763,0.8212708100368271,1.892962652034338,5.613054599019676,0.3634647046715333,0.31655860704390726,5.326081255827941,1.1441930779935563,3.3927865463674816,1.1148084169817163,0.7548675506159139,3.2818045174618775,2.2553911039667893,6.687735436884472,0.7389310817776855,0.7024828498636185,0.7561792475426615
0.23789393320648033,2.1333528958733763,0.8212708100368271,1.892962652034338,5.613054599019676,0.3634647046715333,0.20485437519963481,1.7123367780887915,1.1441930779935563,3.3927865463674816,0.7778270751718179,0.34083539717963196,3.2818045174618775,2.2553911039667893,6.687735436884472,-0.17724642318396922,-0.10904365218573553,1.0336149536955033
0.22611547289220293,9.436441050077386,0.20465008360308287,0.19225437283002278,9.180838958739562,0.3634647046715333,0.24901970270094584,1.7123367780887915,1.1441930779935563,54.639341785223365,-0.03862765054043227,-0.06456264362551148,11.347493181486453,3.9609706448640414,189.15061891956472,1.858213090563731,5.778693767438325,1.9929008499628953
0.22611547289220293,7.939891291704143,0.45745941336029605,0.19225437283002278,1.8373888850981672,0.3634647046715333,0.11140202056881862,3.815201454936535,1.1441930779935563,10.935135638086862,-2.8929577998786784,-2.163139199557518,1.1322628157991481,1.118219449769312,10.686903802824046,0.571670868590344,0.42257353420185084,1.9929008499628953
0.22611547289220293,334.4001601864297,0.45745941336029605,0.19225437283002278,1.8373888850981672,-1.4610040626589131,-0.44779810129443676,1.5950385385340877,1.1441930779935563,10.935135638086862,-3.293516896133269,-2.462647572228552,1.1322628157991481,1.118219449769312,10.686903802824046,0.6807811942115345,0.5032268234438838,1.9929008499628953
0.22611547289220293,334.4001601864297,0.45745941336029605,0.19225437283002278,1.8373888850981672,3.1165529576619186,0.9552242411186113,1.5950385385340877,1.1441930779935563,10.935135638086862,-3.293516896133269,-2.462647572228552,0.66557232134988,2.001544924695137,19.12890897369066,0.9601678335438794,0.9495602687156948,1.7443592147874643
0.22417354778328005,334.4001601864297,0.45745941336029605,0.19225437283002278,1.8373888850981672,1.9532304243552712,0.5935241406669944,0.2949555500314881,1.1441930779935563,10.935135638086862,-3.293516896133269,-2.441497860120091,0.66557232134988,2.001544924695137,19.12890897369066,0.9601678335438794,0.9414052543565772,0.4413648685655906
0.22417354778328005,334.4001601864297,0.45745941336029605,1.3999462304876704,13.3793869328908,1.9841929619859453,1.6269955936677827,0.2949555500314881,1.067985923756552,10.20681837747594,-2.347870239927664,-1.6815262427248934,0.2808644888847619,0.837997910673516,8.00880637533441,0.9601678335438794,0.6091376096232588,0.4125465287505227
2.6521796183045487,20.573175145937956,0.45745941336029605,0.6132929442494541,5.86128483053731,2.128450016509162,13.666672972087204,0.196071335663507,1.8772425547877634,17.94094227365052,-2.202504207825184,-24.742427389613802,0.2808644888847619,2.1478044976015775,20.52672224389958,0.9601678335438794,11.537451508889202,0.4125465287505227
2.6521796183045487,0.7196340219477986,0.45745941336029605,0.31042446001193674,2.966748917554207,2.128450016509162,9.723145515270799,0.3491829962599448,1.8772425547877634,17.94094227365052,-2.2557991334795693,-25.341130367593838,0.2808644888847619,2.94478262904055,28.14349963531399,0.8221271567906951,11.567272796038877,0.4125465287505227
1.015014035183622,0.7196340219477986,0.1795937601267019,0.31042446001193674,19.248790395110465,-2.3378201867628112,-10.410818463287702,0.3491829962599448,0.5095418232462978,31.595653747237773,-2.2557991334795693,-12.870225193448528,0.2808644888847619,2.94478262904055,182.59999093945183,0.11093019891963707,1.5215009053649726,0.4125465287505227
1.015014035183622,0.7196340219477986,0.7331093572687499,2.2425498489371867,8.345158231479694,0.09068825014913706,0.26591348237916884,0.9552016502345603,0.5095418232462978,1.8961483253370108,-2.2557991334795693,-3.1528886014770805,1.1933706267907966,2.94478262904055,10.958363760922795,-0.00864969140486388,-0.029063339646088326,0.459297125736908
5.314582720789374,1.8893052651237585,0.2616957911114834,2.2425498489371867,65.4905481611855,-0.31371723245059024,-13.49263770178788,0.0748642676873258,0.5095418232462978,14.880459995689767,-0.813579308149075,-16.679277877166964,4.174140635176716,0.1654313575562935,4.831192624121776,-0.00864969140486388,-0.10104084309703276,0.8201614051401243
5.314582720789374,1.8893052651237585,0.978319661603776,2.2425498489371867,4.68608905523586,-0.31371723245059024,-3.609215511177229,0.6011351943274775,0.5095418232462978,1.064751520342361,-2.1544305194834052,-11.814784327763528,0.95775637380458,1.2752646975830442,2.6648254640603795,0.40131809393389417,3.4817076112933862,0.631210161454979
5.314582720789374,1.8893052651237585,0.978319661603776,2.2425498489371867,4.68608905523586,-0.31371723245059024,-3.609215511177229,0.6011351943274775,0.3736552393102174,0.780799467264012,-2.1544305194834052,-10.11745818099737,0.95775637380458,1.2752646975830442,2.6648254640603795,0.40131809393389417,3.4817076112933862,0.3341214954948437
5.314582720789374,1.8893052651237585,0.978319661603776,2.2425498489371867,4.68608905523586,-0.31371723245059024,-3.609215511177229,6.863952493135214,0.13503835325043725,0.2821795687189973,-2.3207648122073423,-6.5518370087375875,0.7950182387890877,1.2752646975830442,2.6648254640603795,1.4617629258805818,12.681788291816344,0.7551444783823111
5.314582720789374,1.8893052651237585,0.978319661603776,2.2425498489371867,4.68608905523586,1.037891112926609,11.94060228832886,6.863952493135214,0.037222519807554734,0.07778112168215529,-1.1383643538551806,-1.6872815595938502,0.7950182387890877,1.2752646975830442,2.6648254640603795,1.4617629258805818,12.681788291816344,0.28093514611470066
1.9059072721331223,0.4004248586902345,0.678211145122611,1.627163559572984,7.075080093777947,1.037891112926609,5.261617105522701,4.803871168475242,0.037222519807554734,0.16184747217409248,-1.1383643538551806,-0.8728427632585536,0.7950182387890877,1.2752646975830442,5.544986441642871,-0.41281083619293835,-1.8526914629635785,0.20886525169584974
1.9059072721331223,1.1206015821325863,0.678211145122611,0.5119927272172563,2.2261987930976743,1.037891112926609,2.951450690330246,4.803871168475242,0.0663966936405212,0.2886998806635049,0.08680220651604098,0.08889059934167709,0.7950182387890877,1.2752646975830442,5.544986441642871,-0.41281083619293835,-1.8526914629635785,0.6987063773484377
1.0949937722431147,1.1206015821325863,0.4730810653641993,0.14249780918071028,1.2734064658974107,1.037891112926609,1.282469270726886,4.803871168475242,1.5345560169422603,13.713288404160084,0.08680220651604098,0.35197613586336157,0.7950182387890877,1.290359445613322,11.531068939396954,-0.7512532282874798,-2.793397786749193,0.6987063773484377
0.31458984508288096,1.1206015821325863,0.4730810653641993,0.14249780918071028,1.2734064658974107,-2.0638274771670684,-0.7326585382106738,8.864713769557733,1.5345560169422603,13.713288404160084,0.08680220651604098,0.10112214412626057,0.83008070976663,1.290359445613322,11.531068939396954,0.41805812410237175,0.4465973598518298,0.7932111440736593
0.31458984508288096,0.3148704804089735,0.4730810653641993,1.2043836765482137,10.762761687043547,2.127044121181698,2.195245320860058,8.864713769557733,1.5591662151068912,13.933213086862503,0.08680220651604098,0.10192978406177874,0.83008070976663,1.290359445613322,11.531068939396954,0.41805812410237175,0.4465973598518298,0.7932111440736593
0.31458984508288096,0.3148704804089735,0.4730810653641993,1.2043836765482137,10.762761687043547,1.2445146144981445,1.2844185303975808,5.748007675847394,1.5000306737958353,13.404758782176703,0.08680220651604098,0.09997812007420087,0.5804486891436959,1.290359445613322,11.531068939396954,0.41805812410237175,0.4465973598518298,0.7932111440736593
0.28015772390726407,0.5566127527049136,0.4730810653641993,0.6601710250339303,5.899501590303242,2.0648875357087535,1.405098157911179,6.66167976377141,0.4138574266613089,3.6983636878363644,0.08680220651604098,0.046766855908676644,0.5804486891436959,1.7123246125352212,15.30188601392756,0.2870001309765393,0.31452645247714894,0.32327531702679635
80.46294117054624,1.0760443252401084,0.534781204279959,0.17163452291193182,1.2002794566971509,1.9235874992122741,169.57000614992634,5.798531461913136,1.3114601564673958,9.171340691711244,0.42525667381880583,103.62474018457125,1.9996773436326474,1.7123246125352212,11.974677476031571,0.2870001309765393,79.9116155540607,0.32327531702679635
1.8010488040764796,1.0760443252401084,0.534781204279959,0.3266458652578009,2.2843092114118497,1.7678098837445675,4.812142556311922,5.798531461913136,0.010762393431655753,0.07526387769631349,0.42525667381880583,0.21012122027853614,1.9996773436326474,1.7123246125352212,11.974677476031571,1.3452699950242937,8.384300774566986,0.6896568348264585
1.8010488040764796,2.499270107734243,0.4680635846323437,0.09110177548465992,0.8316625165858309,1.7678098837445675,2.9035853936424627,4.693118880823811,1.0931972044285319,9.979730178943854,2.295188811261451,13.05880085999779,0.6382873451475665,1.7123246125352212,15.631706285600236,0.21942606533937048,1.5624887173140578,0.16772253710376692
1.8010488040764796,6.46934119686842,0.38581537109215763,0.45305444517843624,6.087252814889655,1.6955976934205164,7.5345786044472085,4.693118880823811,1.0931972044285319,14.688229705518438,2.295188811261451,15.842679166016106,0.6382873451475665,0.15999789442335124,2.1497364026996175,-0.7075692276030344,-1.86847384822517,0.6523238069176176
1.8010488040764796,2.795254625873808,0.13890693237270935,0.45305444517843624,46.960482521354315,1.0335971870354164,12.75683902584896,4.693118880823811,1.0931972044285319,113.31324249724618,1.1625444965948444,22.288220698433197,0.6382873451475665,0.15999789442335124,16.58427238598673,-0.7075692276030344,-5.18970449361544,0.6523238069176176
1.8010488040764796,4.467440118420124,0.13890693237270935,0.45305444517843624,46.960482521354315,0.3502500511565294,4.3228479889875215,5.428455000293016,0.8717598416576657,90.36058081465201,1.1625444965948444,19.903276336770926,0.6382873451475665,3.2366443251555324,335.48810938041623,-0.7075692276030344,-23.341726952847342,0.6523238069176176
1.8010488040764796,4.467440118420124,0.20168661111498873,0.45305444517843624,22.275438094554403,0.3502500511565294,2.977260364206531,4.6143382137836095,1.2659742589858938,62.244464292217664,1.1625444965948444,16.5190638814322,0.6382873451475665,1.3048631404548594,64.15652338566112,-0.7075692276030344,-10.207392838304731,0.8063946780101594
1.8010488040764796,0.2994390745448341,0.17346698051191387,0.4887322274146022,32.48383796921143,0.33156857482529234,3.4035529517432566,0.876402633594914,1.2659742589858938,84.14362793228314,-0.38478344519191254,-6.357003882519417,0.6382873451475665,1.3048631404548594,86.72839736957687,-0.7075692276030344,-11.867932812352693,0.8063946780101594
1.8010488040764796,0.2994390745448341,0.17346698051191387,0.4887322274146022,32.48383796921143,0.33156857482529234,3.4035529517432566,0.876402633594914,0.5985701824279949,39.78427394086632,-0.38478344519191254,-4.371168806238427,0.6382873451475665,1.3048631404548594,86.72839736957687,0.403814876611824,6.773115106337431,0.42768537670842666
3.561266516226312,5.418285626722929,0.17078674839846883,0.4887322274146022,33.51140474767201,0.9887054562644224,20.382982135754116,0.876402633594914,0.5985701824279949,41.042776653678665,0.9290583094801805,21.196581023840164,0.6382873451475665,1.3048631404548594,89.47189153336913,0.12274083634390864,4.13463202388681,0.42768537670842666
0.28576492490621663,1.9262382624044894,1.3301351382860822,0.4887322274146022,0.5524709419430603,0.9887054562644224,0.21000545364402393,0.876402633594914,0.5601553700469576,0.6332088361788681,-0.16795701040345046,-0.038192715779807124,0.6382873451475665,1.3048631404548594,1.4750387387536072,0.12274083634390864,0.042599030310896846,0.42768537670842666
0.28576492490621663,1.517184665150068,0.6694580073919246,0.4887322274146022,2.1809931036257435,0.04026551638240006,0.016992971974782722,1.0768602470851125,0.5601553700469576,2.4997226098514482,-0.16795701040345046,-0.07588448076557817,0.49034137443247533,0.5884179531351477,2.625845863748722,0.12274083634390864,0.05683719215068969,0.42768537670842666
0.2930271482301561,1.517184665150068,0.31615095670813775,1.4071514809062264,28.156706054594732,0.04026551638240006,0.06260832068463032,0.852907723667137,0.6144045069868024,12.294061681763207,-0.16795701040345046,-0.17256538633531626,0.49034137443247533,0.5884179531351477,11.774078035296293,1.0512161793497776,1.0569716770587971,0.42768537670842666
0.2930271482301561,1.517184665150068,1.1036104111619427,1.4071514809062264,2.3106771519821008,0.04026551638240006,0.01793538759886822,0.6039635251226476,1.3522495844839588,2.2205229934676805,-0.16795701040345046,-0.07333877162162292,0.49034137443247533,0.5884179531351477,0.9662384885881863,-0.8462644673560922,-0.2437564583735739,0.8077873600467025
0.2930271482301561,1.0174201356842458,1.1036104111619427,1.4071514809062264,2.3106771519821008,-0.6868347305819311,-0.305935406176378,1.1929287310448728,1.3522495844839588,2.2205229934676805,-0.16795701040345046,-0.07333877162162292,0.4135531548431908,0.5884179531351477,0.9662384885881863,0.18774558437301536,0.05407789229886987,0.8077873600467025
0.6559036438614878,1.0174201356842458,1.1036104111619427,1.4071514809062264,2.3106771519821008,-0.6868347305819311,-0.6847971217319442,1.1929287310448728,1.3522495844839588,2.2205229934676805,-0.16795701040345046,-0.16415942288448188,0.4135531548431908,0.5884179531351477,0.9662384885881863,-0.1413250109496365,-0.09111738301604537,0.8077873600467025
0.3046719771396162,1.0174201356842458,0.9824037528648387,0.3533944852574501,0.7323349113563691,-0.6868347305819311,-0.1790769246709852,1.1929287310448728,1.3522495844839588,2.802249669695065,-0.8434254292261251,-0.43016256690910054,0.632804958497783,0.5884179531351477,1.2193710641403963,-0.09531179425319221,-0.032066170586776244,0.8077873600467025
0.3046719771396162,3.464866366271287,0.9824037528648387,1.183531308766078,2.452616925986456,-0.6868347305819311,-0.32771748935973694,1.1929287310448728,0.9133762303681149,1.8927779821305137,-0.8434254292261251,-0.35353225174608877,0.37154850694320724,0.5884179531351477,1.2193710641403963,1.6314520313331322,0.5488766584531978,0.8077873600467025
0.40045785076429,0.47290279235058597,0.5453278884976986,1.183531308766078,7.9596565701958735,-1.3746306868693814,-1.5530663567540517,0.51202532102987,0.9133762303681149,6.142770418714149,-0.4727746600298935,-0.4692379678473502,0.37154850694320724,0.5884179531351477,3.9573138386819715,-0.5493881641401697,-0.4376594980806527,0.3779744233546982
0.40045785076429,0.47290279235058597,0.5453278884976986,1.1082994821949232,7.453696568783454,-1.3746306868693814,-1.502895214319539,0.9736547444813566,0.6494055618787389,4.36747655853648,-0.4727746600298935,-0.395663778907269,0.37154850694320724,1.333926863186663,8.971118585611524,0.014351142479528733,0.017213397076254692,0.3779744233546982
30.1128238402272,0.47290279235058597,0.18513029212361423,1.1082994821949232,64.6743619952486,-0.7485718034023988,-181.28047252066327,0.9736547444813566,0.6494055618787389,37.89579537427466,0.5161232479333795,95.67542905074103,3.9786123882329534,1.333926863186663,77.84075532911575,-0.19012687976046425,-50.512460654064306,0.33622625689634433
112.96450122797278,0.9218640192368853,0.07319195604539624,1.902205951166366,710.1675502611998,-0.7485718034023988,-2253.491195698053,0.9736547444813566,0.6494055618787389,242.44838300639236,0.048000970261511344,84.43094518423526,3.9786123882329534,1.333926863186663,498.0068388893541,-0.19012687976046425,-479.29529238966995,1.3948719523346589
50.00136537521536,0.9218640192368853,0.498873660588199,0.5833886918878523,4.688207797353722,0.16862395466557734,18.2559551657536,0.530757551810279,0.6494055618787389,5.218730258539272,1.7251005449825842,197.05102625034957,1.3006792097400024,1.333926863186663,10.719656393842977,-0.19012687976046425,-31.125462752902855,1.3948719523346589
50.00136537521536,0.9218640192368853,0.7764835405987454,0.5833886918878523,1.9351894772774956,0.16862395466557734,11.729051170937666,1.3074187332994218,0.6744511951164543,2.2372577217823357,1.7251005449825842,129.01918194545866,1.3006792097400024,1.333926863186663,4.4248393309496015,-0.19012687976046425,-19.997427800039286,1.3948719523346589
11.655348550050874,0.9218640192368853,0.7764835405987454,0.5833886918878523,1.9351894772774956,0.16862395466557734,2.7340489311202543,1.0870408247320784,0.6744511951164543,2.2372577217823357,1.7251005449825842,30.074449446177244,1.3006792097400024,1.333926863186663,4.4248393309496015,0.1275972715204227,3.12835050521192,2.0496937656361354
11.655348550050874,0.2951354447971077,0.835276116583077,0.5833886918878523,1.6723526980139163,0.16862395466557734,2.541607442208389,1.145781635531408,0.6744511951164543,1.9333941358749176,1.383007360353483,22.41351424263251,1.4811303984304436,1.333926863186663,3.8238591519224943,0.1275972715204227,2.908155313308572,2.0496937656361354
0.7104848195875918,0.2951354447971077,0.835276116583077,0.5833886918878523,1.6723526980139163,0.6995163212011146,0.6427122723046748,1.1236975225173569,0.7379281247102369,2.1153582636407138,1.383007360353483,1.429128434608219,1.4811303984304436,1.333926863186663,3.8238591519224943,0.1275972715204227,0.17727485319173217,1.6797009789740605
0.7104848195875918,2.459915752294029,1.0354318671102871,0.5833886918878523,1.0882907764702965,0.6949059573417125,0.5150546497216939,1.1236975225173569,0.7379281247102369,1.3765785710062302,0.9242265218681694,0.7704309701525326,3.5508114319768134,1.7255147069648273,3.218886081210945,-1.0962635361765483,-1.397405909350036,1.6314349691431131
0.4103386036597898,2.459915752294029,0.5599958751708359,0.5833886918878523,3.720645957859794,0.6949059573417125,0.5500188633257107,2.8965389909577772,0.7379281247102369,4.706243594659863,0.9242265218681694,0.8227312707558152,3.5508114319768134,1.7255147069648273,11.004720195931508,-1.0962635361765483,-1.492268073457147,1.6314349691431131
0.38417297914547965,2.459915752294029,0.5599958751708359,0.5833886918878523,3.720645957859794,0.6949059573417125,0.514946396525828,0.4063070219244244,1.7341125110930473,11.059553938204802,0.9242265218681694,1.1807937560477577,1.3583864743436342,1.7255147069648273,11.004720195931508,-1.0962635361765483,-1.3971122052631184,0.5661168604762208
1.03144056200355,2.459915752294029,0.5599958751708359,3.0330558712747817,19.343753528892176,1.2946612270845161,5.873144999297489,0.4063070219244244,1.7341125110930473,11.059553938204802,-0.571589294575093,-1.9606365660583398,1.3583864743436342,0.43230670714975566,2.75709869745233,-1.0962635361765483,-1.8775232845314391,2.398228094000475
1.03144056200355,2.852449001153585,0.16893405502111247,3.0330558712747817,212.55728416832923,1.2946612270845161,19.46876237284296,0.4039762200103058,1.7341125110930473,121.52702140806244,0.9914147895684676,11.27290965316062,1.3583864743436342,1.4157365811052887,99.21515974284314,-1.868380295246984,-19.195459055977782,2.398228094000475
1.03144056200355,2.852449001153585,0.16893405502111247,3.0330558712747817,212.55728416832923,1.2946612270845161,19.46876237284296,0.2062156854599731,1.7341125110930473,121.52702140806244,0.9914147895684676,11.27290965316062,1.3583864743436342,1.7783959192755472,124.63041329283955,-0.6464345990003479,-7.443562117214028,0.5016201300721844
1.9905015895295668,5.611448093009121,0.2662846095179005,3.0330558712747817,85.54965721020113,1.8938344159099172,34.86692681171521,0.18970931240922037,1.7341125110930473,48.91196772632455,0.9914147895684676,13.801474565529176,1.3893244415396233,0.8399149906811962,23.690443759707424,-0.6464345990003479,-6.262874653038515,2.62749518524151
6.093491218793951,5.611448093009121,0.28630652123901984,3.0330558712747817,74.00276143615689,1.8938344159099172,99.27323104763863,0.18970931240922037,1.7341125110930473,42.31017162500786,-1.1057704001173008,-43.82819078042011,1.3893244415396233,0.8399149906811962,20.492872970357965,-0.6464345990003479,-17.83167773319759,4.121801191094124
6.093491218793951,1.465750857553586,0.3802085847552201,1.2818903214405217,17.735238248016294,1.8938344159099172,48.598930014356256,0.18970931240922037,1.7341125110930473,23.99183301309291,-1.1057704001173008,-33.00371779511715,0.17381930099352225,0.8606228544672381,11.90690896902331,-0.6464345990003479,-13.592216997254608,3.046580101579823
3.2811400363320895,1.465750857553586,0.3802085847552201,1.2818903214405217,17.735238248016294,1.8938344159099172,26.168888945172966,0.12586717127104877,1.7341125110930473,23.99183301309291,-0.15799528308580268,-2.5392215925307737,0.5000905684321766,0.8606228544672381,11.90690896902331,-0.6464345990003479,-7.318951610967061,1.058108040215287
1.112307376535727,0.3335826677220608,0.3802085847552201,1.2818903214405217,17.735238248016294,1.8938344159099172,8.871260564056607,0.12586717127104877,2.616233128531681,36.19616832329386,-1.6865318802568012,-11.286276141136629,0.5000905684321766,0.8606228544672381,11.90690896902331,-0.07194309481839001,-0.2761299092859485,6.745733935448515
1.112307376535727,0.3335826677220608,0.5817218237882844,1.2818903214405217,7.576177658078761,-0.5360942593385256,-1.6413116386458997,0.12586717127104877,2.867317059846594,16.946304285242068,-1.6865318802568012,-7.722481427474165,0.5000905684321766,0.8606228544672381,5.086419277056059,-0.07194309481839001,-0.18047623060538195,6.745733935448515
1.112307376535727,0.30297370989174266,0.5323561784332156,1.2818903214405217,9.046409994822408,-0.5360942593385256,-1.7935112590372786,0.06706441912140877,0.6255611688292027,4.414638846566766,-1.6865318802568012,-3.9415492967884784,3.2426018804454424,0.07839527106535807,0.5532421548479356,-0.07194309481839001,-0.0595211845490222,6.745733935448515
1.112307376535727,0.30297370989174266,0.5323561784332156,0.8172914831282321,5.76769612656563,-0.1285974851627485,-0.34352510314516743,0.06706441912140877,0.7349693979878315,5.186742107838143,1.8260327961705909,4.625734668760881,1.5410980141427633,0.07839527106535807,0.5532421548479356,-0.07194309481839001,-0.0595211845490222,2.1169617791397966
1.112307376535727,0.30297370989174266,0.5323561784332156,0.8172914831282321,5.76769612656563,0.6277780517107457,1.6769964023268227,0.8059248281961612,0.04289091337368573,0.3026848560606562,-0.9493074413911433,-0.5809343398663446,1.90765661643618,0.6541131090701339,4.616132338831282,-1.1573384622940925,-2.7658226529636565,0.5064888247647075
1.112307376535727,23.945582128179996,0.5323561784332156,0.8036387016827969,5.671347276387623,0.6277780517107457,1.6629303742137331,0.8059248281961612,0.03633015874897243,0.2563850477089652,-0.9493074413911433,-0.5346604374866555,1.67472787975658,0.6541131090701339,4.616132338831282,-1.1406912067045303,-2.7260388229784165,0.5064888247647075
1.112307376535727,23.945582128179996,0.5323561784332156,0.21010355817502704,1.4827188386026873,0.3801966012046901,0.5149469026433382,0.407721637033079,0.028670308534203656,0.2023288274670824,-0.6039971615544644,-0.3021959205912167,0.676754524996278,0.6541131090701339,4.616132338831282,-0.6614433081240378,-1.5807259024592963,0.9566019050913308
1.112307376535727,33.42098648266102,0.5323561784332156,0.07535596500556284,0.5317935111872528,0.3801966012046901,0.3083930374201297,0.407721637033079,0.5508095788820957,3.8871104620272385,-0.6039971615544644,-1.3245646372750115,0.41843215144047097,0.6541131090701339,4.616132338831282,1.4483007226101587,3.461168082981162,1.217310484387703
1.112307376535727,50.23683356396648,0.5608934075069788,0.17264142150617048,1.0975247630975993,-0.04654704474781535,-0.05424055120915349,0.407721637033079,0.6673715797422662,4.2426483086419795,-0.6039971615544644,-1.3838156294232038,0.41843215144047097,0.6541131090701339,4.158360889339489,1.2672659513128801,2.8744428116900926,0.8882562413599724
1.0678507875010443,1325.0784012225283,0.5608934075069788,0.17264142150617048,1.0975247630975993,-0.04654704474781535,-0.05207267032929263,0.41987421925878465,0.6673715797422662,4.2426483086419795,-0.6039971615544644,-1.328507425922261,0.46704335354463045,0.6541131090701339,4.158360889339489,1.2672659513128801,2.7595573713174875,1.5709443332736344
1.0678507875010443,1325.0784012225283,1.0012078689704866,0.19803892698017875,0.39512276444359923,0.5297458430068449,0.3555855920692628,0.41987421925878465,0.9543113896733892,1.904020387191365,-0.6039971615544644,-0.8899820901933874,0.46704335354463045,2.473736799899979,4.935543419603414,0.7868820834603805,1.8667566954448875,2.1016135019382536
1.0678507875010443,1325.0784012225283,1.0012078689704866,0.19803892698017875,0.39512276444359923,-0.7101804016073001,-0.47670014199291355,0.4807153897349394,0.9543113896733892,1.904020387191365,0.4793216630302002,0.7062743381785267,1.4816021064044484,4.163836812708251,8.307592538581954,0.7868820834603805,2.4219090108807118,2.1016135019382536
3.5262989828511158,727.4018853596859,1.0012078689704866,0.19803892698017875,0.39512276444359923,-0.6553162764823198,-1.452566796531741,0.4528867112638646,0.9543113896733892,1.904020387191365,0.4793216630302002,2.3322869725657696,1.4816021064044484,4.163836812708251,8.307592538581954,1.1917121473372254,12.112341078493163,2.1016135019382536
4.934956232151807,797.5011373102993,1.0012078689704866,0.21709601123271768,0.4331450256571808,-0.06877462394673906,-0.2233717235614081,0.7575682843044004,0.9543113896733892,1.904020387191365,0.4793216630302002,3.263970011165633,1.4816021064044484,0.8991169262893597,1.7938976487639773,1.1917121473372254,7.876866805989622,1.0657502512296593
4.934956232151807,2236.170647516852,1.0012078689704866,1.0897461268253308,2.174236695475662,-0.06877462394673906,-0.500454893625579,0.7575682843044004,0.9543113896733892,1.904020387191365,0.4793216630302002,3.263970011165633,1.4816021064044484,0.8991169262893597,1.7938976487639773,0.7358965456464919,4.864059736235108,1.0657502512296593
4.934956232151807,270.5159086425188,0.32438390124640354,1.0897461268253308,20.712701413135093,-0.06877462394673906,-1.544649335671287,4.653345848401155,0.9543113896733892,18.138506192302494,0.4793216630302002,10.074212828399263,3.6730494905012616,0.8991169262893597,17.089430254715,0.7358965456464919,15.01287475842358,0.39768500394470846
4.402339889494085,270.5159086425188,0.3236875232227481,1.0897461268253308,20.80191946895688,-0.06877462394673906,-1.3809040382708986,4.653345848401155,0.08097520429197208,1.5457175182361753,0.3803286259265564,2.0816497024641425,3.6730494905012616,0.8991169262893597,17.163041403353528,0.9266564181229107,16.90049531685635,0.3557128210691158
4.402339889494085,22.659862063339883,0.3236875232227481,0.3062721585334464,5.846360561020398,-0.06877462394673906,-0.7320733414781184,5.123360874015211,0.36125530897233765,6.895921591268209,0.3803286259265564,4.396820558049896,3.6730494905012616,1.319817937109786,25.193708668113604,0.3216745929836986,7.1079830175334715,0.3557128210691158
5.041162026871115,22.659862063339883,0.16901870131075702,0.3062721585334464,21.44213343088633,-0.06877462394673906,-1.6054355580148534,5.123360874015211,0.36125530897233765,25.2915073139272,0.3803286259265564,9.642219797065241,1.3707705349305477,1.319817937109786,92.400538290831,-0.3580529672663375,-17.350627419952744,0.3557128210691158
5.041162026871115,0.23418854024263852,0.035542967453905144,0.3062721585334464,484.87539594678833,-0.29525256915506903,-32.77475207794758,5.123360874015211,0.3443968288214324,545.2325459069576,1.624966504806479,191.2784110599056,1.3707705349305477,1.319817937109786,2089.472474083522,-0.3580529672663375,-82.50803811613137,1.1931444457452427
0.813938001964489,0.23418854024263852,0.035542967453905144,0.03493516962916062,55.30768545048024,-0.29525256915506903,-1.7872189193025703,5.123360874015211,1.1969451135560514,1894.946111462119,2.013646376379489,71.34654757314331,0.4644950582784559,3.310887377749637,5241.6381427183005,-0.028204776145831556,-1.6620630742224884,2.1640709989824356
0.813938001964489,0.23418854024263852,0.035542967453905144,0.008394569034499939,13.289879184239686,-0.9998654893185969,-2.9668351859415223,5.123360874015211,1.1969451135560514,1894.946111462119,-0.7087912435511305,-25.113549613598007,0.4644950582784559,3.310887377749637,5241.6381427183005,-0.028204776145831556,-1.6620630742224884,2.1640709989824356
1.0379510057174564,0.23418854024263852,0.05241163370832602,0.00417832793366967,3.042125479937592,-0.9998654893185969,-1.8101184485337034,1.585596329915176,1.1969451135560514,871.4627683226571,-0.7087912435511305,-21.71798937643122,0.4644950582784559,3.310887377749637,2410.56590410077,-0.028204776145831556,-1.4373383589461877,2.1640709989824356
2.528697135893897,1.213560335184379,0.05241163370832602,0.00417832793366967,3.042125479937592,-0.9998654893185969,-4.409881883848634,1.585596329915176,1.7987076406583458,1309.5894892575898,-0.762688604460949,-69.79296754082729,5.981064074451264,3.310887377749637,2410.56590410077,-0.10904108825853856,-13.53775027533942,0.4708571076786916
2.528697135893897,1.213560335184379,0.05241163370832602,0.0330875239786722,24.090114840546267,-0.9998654893185969,-12.409601359779565,0.4721318075993076,1.7987076406583458,1309.5894892575898,-0.762688604460949,-69.79296754082729,5.981064074451264,0.3336415873016046,242.91524983430753,-0.10904108825853856,-4.297485142227548,0.4708571076786916
2.528697135893897,1.213560335184379,0.07581800915541055,0.046028859783088814,16.014576542928083,0.5126380337041542,5.187586730704793,0.4721318075993076,0.8853096435328233,308.02107889185163,-0.762688604460949,-33.8480998163286,0.49665971062130554,0.3336415873016046,116.08214417921897,-0.645674571881769,-17.591108635169068,0.4708571076786916
2.528697135893897,1.213560335184379,0.08706327001844091,0.046028859783088814,12.144797077856376,0.5126380337041542,4.51754796436838,0.4721318075993076,0.8853096435328233,233.5905347741374,-0.762688604460949,-29.476213576908883,1.0197040165914217,0.038725436690979796,10.21777581673049,0.04409688916513066,0.35643714354150835,0.4708571076786916
5.924627063150709,1.213560335184379,0.08706327001844091,0.056677136743464834,14.954364021769534,0.5126380337041542,11.745075595172514,2.3105496816490407,1.2642202748709597,333.56678336969424,-0.762688604460949,-82.52768714399978,0.3027507414003302,1.2942362164055512,341.4865432932791,0.17585865959284902,19.25358354911057,0.4708571076786916
5.924627063150709,1.213560335184379,0.14102431333432136,0.7663196995115191,77.06407999449384,0.5126380337041542,26.66231415979016,2.3105496816490407,0.3793851129197588,38.15243782641254,-0.762688604460949,-27.910616035681553,0.9334849627275951,0.94270180751495,94.80174860648224,0.17585865959284902,10.144553821701646,0.4708571076786916
5.924627063150709,1.213560335184379,0.44317327032992565,0.7663196995115191,7.803561706604277,0.37866128509701713,6.266980696226599,2.3105496816490407,0.3793851129197588,3.8633420765817945,-0.762688604460949,-8.881572343565827,0.9334849627275951,0.94270180751495,9.599690221404414,0.17585865959284902,3.2281476175751562,0.4708571076786916
1.967209093400118,1.8870755364933502,0.44317327032992565,0.7663196995115191,7.803561706604277,0.37866128509701713,2.0808839581581546,2.3105496816490407,0.7285183493519835,7.418624233705006,-0.762688604460949,-4.0865749423604765,0.9334849627275951,0.94270180751495,9.599690221404414,0.07992166564908877,0.48712863445922466,1.6128156516513383
3.2657157900216642,1.8870755364933502,0.44317327032992565,0.3644526679477179,3.7112824912102163,0.37866128509701713,2.3822717292279103,2.3105496816490407,0.7285183493519835,7.418624233705006,0.36146409386158684,3.21517958814729,0.36857733234864876,0.94270180751495,9.599690221404414,0.07992166564908877,0.8086703536814212,1.6128156516513383
1.133353698923507,1.8870755364933502,0.4979441247910616,0.3644526679477179,2.939746651828178,0.37866128509701713,0.7358195510363952,2.3105496816490407,0.7285183493519835,5.876371794348103,-0.7108859200813235,-1.9530799054467407,0.36857733234864876,0.94270180751495,7.604017547518681,-1.0540717140478362,-3.294254749759675,1.6128156516513383
1.133353698923507,1.289517194049629,0.3983292126688544,0.3644526679477179,4.593955814174303,0.37866128509701713,0.9198346761716641,1.1879987414701862,0.7285183493519835,9.183033631182854,-0.7108859200813235,-2.441509769390632,0.36206115428799873,0.94270180751495,11.882833713504848,-1.0540717140478362,-4.118088119164802,1.6128156516513383
1.133353698923507,25.13899152342965,0.3983292126688544,0.1947902721571994,2.4553473798400947,-0.12935347357101745,-0.229720648691169,0.6590749252044792,0.7285183493519835,9.183033631182854,-0.7108859200813235,-2.441509769390632,7.488563155036598,0.94270180751495,11.882833713504848,-1.0540717140478362,-4.118088119164802,2.110052855199821
89.98795310877796,25.13899152342965,0.3983292126688544,0.1947902721571994,2.4553473798400947,-0.12935347357101745,-18.23975249930709,3.321039220417136,0.5711322430246163,7.199168833857281,0.7462773527556622,180.18797931658784,0.838683028944848,0.94270180751495,11.882833713504848,-1.0540717140478362,-326.97499546452633,3.130550451091176
89.98795310877796,25.13899152342965,0.3983292126688544,0.2619214825718166,3.301541801007098,-0.12935347357101745,-21.150511217814593,3.321039220417136,1.0035705912785113,12.650089732364462,-0.07853370279633076,-25.135483924814928,0.838683028944848,0.9993481300473706,12.596865261729752,0.5162769412563055,164.89152847503942,0.5483316654606384
20.006218821092105,25.13899152342965,0.9325758925606235,0.2619214825718166,0.6023275762261653,-0.12935347357101745,-2.0084428735284363,0.16002394902076886,1.0035705912785113,2.3078604926990005,0.04383627361836895,1.3323042708459076,0.6824059885289308,0.9993481300473706,2.2981503123270466,0.6454550325462385,19.57583164143704,0.6538924271506491
20.006218821092105,59.01146056305449,0.9325758925606235,0.5296550946660944,1.2180210125322373,-0.12935347357101745,-2.8560808703255756,0.41177982358122045,1.0035705912785113,2.3078604926990005,0.04383627361836895,1.3323042708459076,0.6824059885289308,0.9993481300473706,2.2981503123270466,0.6454550325462385,19.57583164143704,0.6538924271506491
1.4041132431388996,132.07102485146893,1.0554458031837,0.5296550946660944,0.9509359694941549,0.15010410801013602,0.20552769473636065,0.5654485653664064,1.84841818688281,3.3186263254621218,0.04383627361836895,0.11212822351479507,1.2744954251805996,0.6433255429036808,1.1550184355861477,0.6454550325462385,0.9740081366264637,0.5818632116139424
0.6214261170392454,96.72263955210337,1.0554458031837,0.2878641165517691,0.5168275459113757,-0.6918809924797438,-0.3090962439753395,0.5654485653664064,1.84841818688281,3.3186263254621218,0.04383627361836895,0.049625204298721075,1.7398507221541046,0.6433255429036808,1.1550184355861477,0.6454550325462385,0.4310721355745652,0.5818632116139424
0.6214261170392454,96.72263955210337,1.0554458031837,0.2878641165517691,0.5168275459113757,-0.6918809924797438,-0.3090962439753395,1.999626759154978,1.8906002167813065,3.394359401384002,0.04383627361836895,0.050188248871708106,1.7398507221541046,1.457930433212268,2.6175496165778522,1.3095350895636373,1.3166007646843896,0.5818632116139424
1.1602506464035434,6.593411672802743,1.0554458031837,0.2878641165517691,0.5168275459113757,-0.6918809924797438,-0.577106605338646,1.999626759154978,1.8906002167813065,3.394359401384002,-1.9305626677036924,-4.126811527407561,0.7844375134514779,1.457930433212268,2.6175496165778522,1.3095350895636373,2.4581955061022795,0.5818632116139424
1.1602506464035434,4.951894864769799,1.0554458031837,0.18530316699197888,0.3326909313785457,-0.9194110149139282,-0.6152930406097339,1.0650211357116588,0.44753551057151447,0.8034995205638071,-1.9305626677036924,-2.00783737321894,0.7844375134514779,1.457930433212268,2.6175496165778522,-0.5923177630254264,-1.1118700635496805,0.7970099692469796
1.1602506464035434,4.951894864769799,0.7829448594063969,0.18530316699197888,0.6045754161882997,-0.9194110149139282,-0.8294434143574833,1.0650211357116588,0.44753551057151447,1.4601421657004305,-1.9821183685705515,-2.778938762025997,0.7844375134514779,1.457930433212268,4.756685558812111,-0.22247775023997463,-0.5629769642421469,0.7970099692469796
1.1602506464035434,4.951894864769799,0.7829448594063969,0.18530316699197888,0.6045754161882997,1.2605512446291414,1.1372018731096571,10.011120229783641,0.44753551057151447,1.4601421657004305,-1.9821183685705515,-2.778938762025997,0.7844375134514779,1.457930433212268,4.756685558812111,-0.16607374455092952,-0.42024738404968304,0.7970099692469796
1.1602506464035434,4.951894864769799,0.7829448594063969,0.18530316699197888,0.6045754161882997,0.31224325227346594,0.28168915215795415,10.011120229783641,0.44753551057151447,1.4601421657004305,-1.9821183685705515,-2.778938762025997,0.7844375134514779,0.773824251674148,2.524701151128996,-0.09520312412326294,-0.1755124821625585,0.7970099692469796
1.1602506464035434,4.951894864769799,0.7427255602347435,0.18530316699197888,0.6718249020105855,0.4431266831372592,0.4214128457571956,10.011120229783641,0.44753551057151447,1.6225599670888509,0.09974146974510067,0.14741034439093711,0.7844375134514779,0.8317726880111439,3.0156290024031636,-2.0532157461149216,-4.136903219749421,0.7970099692469796
1.1602506464035434,4.875728632976242,0.7427255602347435,1.8042112602873694,6.541248446128421,0.4431266831372592,1.3149524344739785,2.536938679956336,0.44753551057151447,1.6225599670888509,0.7828262684243973,1.1569579846940334,22.94008599748659,0.8317726880111439,3.0156290024031636,-0.2531770666269162,-0.5101115282587455,0.2406845695915189
0.5832260355532021,1.105758829388936,0.7427255602347435,1.8042112602873694,6.541248446128421,0.4431266831372592,0.6609903624501424,0.7448596233823569,0.44753551057151447,1.6225599670888509,-0.5268798806286626,-0.3914253027531115,1.0659309973160058,0.9107794609673514,3.302071583828522,-0.2531770666269162,-0.2683209040637068,1.6409626771043233
0.5832260355532021,1.105758829388936,1.7734357763215984,1.7415637127408947,1.1074864769735948,-0.5916417700111815,-0.3631323553238273,2.2520933797749123,0.44753551057151447,0.28459454127198247,-0.5268798806286626,-0.16393126898587998,1.0659309973160058,0.9107794609673514,0.5791783149518974,-0.5087748243232375,-0.22582325470301762,0.2082596281825116
1.0384252859390168,1.105758829388936,1.9683616328180575,3.9260562536570336,2.0266405653312325,0.18341771691846442,0.2711470624187639,1.401085728223556,0.44753551057151447,0.2310190077652636,-0.5268798806286626,-0.2629727372159156,6.291658793306523,0.9107794609673514,0.4701467534877031,-0.5087748243232375,-0.3622576692270618,2.7606720675339216
1.0384252859390168,1.7932468521546039,1.9683616328180575,3.9667334018261657,2.0476382162142945,0.18341771691846442,0.27254809527976076,1.401085728223556,2.400629549410889,1.239211288080019,-0.5268798806286626,-0.6090592595059581,14.404422133420653,1.0257415278892619,0.5294904748317989,-0.12664888631431293,-0.09569862676560192,2.433859098311379
1.0384252859390168,1.7932468521546039,1.2165164534846546,3.9667334018261657,5.36076827140126,0.18341771691846442,0.44099133415714936,1.401085728223556,0.8899588306746147,1.2027183526217007,0.8166570786387363,0.9300299930922767,14.404422133420653,0.6506599046892158,0.8793222581898565,-0.12664888631431293,-0.12332486911791488,2.433859098311379
1.0384252859390168,1.986983905344915,1.2165164534846546,1.4856075800283777,2.0076968054124706,1.027151038542787,1.5113276515187741,1.794888108383311,0.8899588306746147,1.2027183526217007,0.8166570786387363,0.9300299930922767,13.929092882112167,0.6506599046892158,0.8793222581898565,-1.883984756975142,-1.8345378339726344,2.433859098311379
1.0384252859390168,1.986983905344915,1.2165164534846546,1.4856075800283777,2.0076968054124706,1.027151038542787,1.5113276515187741,0.08474759022408829,2.008442000744758,2.7142716845012713,0.8942160634292529,1.52983425096169,13.929092882112167,0.6506599046892158,0.8793222581898565,-1.883984756975142,-1.8345378339726344,2.433859098311379
1.0384252859390168,1.986983905344915,1.2165164534846546,1.4856075800283777,2.0076968054124706,-1.2241584137730661,-1.8012000096882808,0.08474759022408829,2.008442000744758,2.7142716845012713,0.8864869988677605,1.5166112859785734,0.19148277358057625,0.35366960505840694,0.4779602270430596,-2.1550834353733275,-1.5471599794807225,2.433859098311379
1.0384252859390168,3.9954090503291573,0.3931972485773194,1.4856075800283777,19.21822005848686,-1.2241584137730661,-5.572748679525998,0.08474759022408829,2.008442000744758,25.981747040011125,0.8864869988677605,4.692257104059193,0.20226256684112143,0.16204314272106154,2.096233768356693,-2.1550834353733275,-3.2401058626436634,2.433859098311379
1.0384252859390168,3.9954090503291573,0.42063025694688627,0.44360934448728434,5.014523406960765,-1.2241584137730661,-2.8466082788095775,0.5965614141891212,0.11602781050904341,1.3115687910687912,0.8864869988677605,1.0542489143413694,1.5365135308690023,0.16204314272106154,1.831722307498729,-0.8276684469419322,-1.1632189562380555,2.433859098311379
8.36510843237196,0.48291614498407237,0.5374322637840967,0.6331103881912269,4.3839133878194865,0.8487648565750345,14.86585685585624,0.3566736070174344,0.11602781050904341,0.803423670401601,0.8498810664687475,6.372385495304296,0.4955450402202753,0.16204314272106154,1.1220525141101285,0.9124508913519225,8.085142267293488,2.433859098311379
1.1245396600285713,0.8796532389769275,0.7361336226117181,0.6331103881912269,2.336663240199836,0.8487648565750345,1.4590165861289872,0.9522497573135315,0.11602781050904341,0.4282316713076339,-0.11965747233094004,-0.08805499424916491,0.4955450402202753,0.2115160518981962,0.7806565685878989,0.21507824947353882,0.2136984041092409,2.7809609051841826
1.1245396600285713,0.8796532389769275,0.7305790029557421,0.3997938053906863,1.4980685397600093,0.8487648565750345,1.1682290664872947,0.5579227440974576,0.23105761744837222,0.8657966754463715,-0.11965747233094004,-0.12520525528263515,0.4955450402202753,0.2115160518981962,0.7925724179074909,0.21507824947353882,0.21532316111856298,0.9148059581638258
0.40509922931528825,0.8796532389769275,0.7305790029557421,0.3997938053906863,1.4980685397600093,1.3955128210896173,0.6919282935903474,0.5579227440974576,0.15478492206647632,0.5799950350666312,0.31854338620480244,0.09827479517206537,0.4955450402202753,0.2115160518981962,0.7925724179074909,0.21507824947353882,0.07756707008505624,0.9148059581638258
0.40509922931528825,0.4986522841389643,1.359414256246686,0.3997938053906863,0.43267561152245265,-2.050025558594258,-0.5462631449059455,0.26362592494905185,0.06538913765173415,0.07076719233491408,1.2167820045752258,0.13112641200878472,0.4955450402202753,0.012233896497476877,0.013240096712292664,0.21507824947353882,0.010025441075184683,2.4979803545633374
1.0522477794778968,0.6743996718938708,0.7090263201227228,0.3997938053906863,1.5905280846009782,-2.050025558594258,-2.7204952038329107,0.26362592494905185,0.018390086024290576,0.07316258507627071,1.3484619238411335,0.3837966917790386,0.4955450402202753,0.01851890498675046,0.07367507470182001,0.6273515947568666,0.17917991106947503,0.8130421603299034
0.4051420386529052,1.4942431326026069,0.7090263201227228,0.3832726580461068,1.5248008309840646,-1.6276725103862117,-0.8142933683418202,0.8268973342488243,0.03404102276531631,0.13542781805702828,1.3484619238411335,0.20104808358662013,0.4955450402202753,3.690213952688095,14.681040203214552,0.6273515947568666,0.9738604513602739,0.8130421603299034
0.4051420386529052,1.4942431326026069,0.7090263201227228,0.14995958447707755,0.5965948632765915,-1.6276725103862117,-0.5093473990055896,0.3476156485330082,0.03404102276531631,0.13542781805702828,1.5131487659221827,0.22560196486938747,0.4955450402202753,0.17316486888432667,0.6889140939980756,-0.19502413241818928,-0.06558102475431338,1.313840712668414
0.4051420386529052,1.4942431326026069,0.7090263201227228,0.14995958447707755,0.5965948632765915,0.7480795860034142,0.23409647146378754,0.7987309060477852,0.42929818228082217,1.7079074422339826,1.5131487659221827,0.8011634030133126,0.4955450402202753,0.32977057920913155,1.311949711663727,-0.20979063306771706,-0.09735359575490898,1.313840712668414
0.3423608649237983,1.4942431326026069,0.7090263201227228,0.14995958447707755,0.5965948632765915,-0.28765128068998513,-0.07606593039883387,0.7987309060477852,0.210874159530595,0.838935642642781,1.5131487659221827,0.474493279743229,3.309204907092848,0.32977057920913155,1.311949711663727,-1.327670824506066,-0.5206347127632545,0.22538357526393898
0.3423608649237983,0.44802361830067366,0.7090263201227228,0.14995958447707755,0.5965948632765915,-0.28765128068998513,-0.07606593039883387,0.7987309060477852,0.210874159530595,0.838935642642781,-0.3124234716904064,-0.09796977077848706,0.8977636010265726,0.32977057920913155,1.311949711663727,-1.771926526896164,-0.6948457715122145,2.8144971418645888
0.28865997877138044,0.44802361830067366,0.7090263201227228,1.495598943003956,5.95004747465441,-0.8233783395142016,-0.5797573039375625,0.7987309060477852,0.08535717946341484,0.3395825281140034,-0.3124234716904064,-0.052553651644520374,2.1727703819157944,0.32977057920913155,1.311949711663727,-1.771926526896164,-0.585855996416946,0.3034272972633955
0.44178001758864244,0.44802361830067366,0.7090263201227228,1.495598943003956,5.95004747465441,-0.8233783395142016,-0.887290274948479,0.7987309060477852,0.30686729746730607,1.220831959590746,-0.3124234716904064,-0.15250274719018803,2.1727703819157944,0.8352247288872205,3.3228338466879856,0.19280708205253116,0.1552685019853788,0.23964794417711172
0.44178001758864244,0.579382959099114,0.6368409160723653,1.495598943003956,7.375360082082424,-0.8233783395142016,-0.9878639117715107,0.7987309060477852,0.30686729746730607,1.5132778923279138,-1.779017541274693,-0.9668200364221189,2.1727703819157944,0.35059307671646106,1.7289061316635392,-0.6294189041117455,-0.36562135843336874,0.17750974126808022
2.177900471623784,0.579382959099114,0.6368409160723653,0.9058043124823365,4.466861252952,-0.8233783395142016,-3.7899955346322742,0.8203520732365541,0.30686729746730607,1.5132778923279138,-1.779017541274693,-4.766258611677845,2.1727703819157944,0.35059307671646106,1.7289061316635392,-0.4294828591280485,-1.229899349568682,0.17750974126808022
2.177900471623784,0.579382959099114,0.6368409160723653,0.9058043124823365,4.466861252952,-0.8233783395142016,-3.7899955346322742,0.8203520732365541,1.2498405567318216,6.163433181206232,-0.7791900811608913,-4.213012915089082,8.943986721552406,0.867320602279704,4.277083624820731,-1.671972195543594,-7.5307971695826526,3.745315566588246
0.7508611479979899,0.579382959099114,0.6368409160723653,0.2794048318687953,1.3778501605297089,-0.727696309510181,-0.6413731885800114,0.8203520732365541,1.2498405567318216,6.163433181206232,-0.7791900811608913,-1.4524941590171054,8.943986721552406,0.867320602279704,4.277083624820731,-0.77857780849836,-1.2090256784577793,0.8545802932126508
0.7508611479979899,0.579382959099114,0.6368409160723653,3.1790205479455875,15.676944249736383,-0.727696309510181,-2.1634183670270537,4.986389452362762,1.2498405567318216,6.163433181206232,0.3927476331680252,0.7321238513386017,4.879109158938531,0.867320602279704,4.277083624820731,-0.77857780849836,-1.2090256784577793,0.8545802932126508
1.72331379947102,2.0415054878552494,0.30377069321194994,2.2615109306939973,49.015895602760786,0.7618283106723281,9.191575195389241,0.3996133230495425,0.7512884637995839,16.283395498715674,0.3927476331680252,2.731180656073928,0.6743784344276457,0.867320602279704,18.79827133199822,-0.77857780849836,-5.817352006096237,0.8545802932126508
5.269890622523757,3.0501345844319006,0.30377069321194994,2.2615109306939973,49.015895602760786,0.7618283106723281,28.10782107313956,0.9740665522403343,1.213014046249294,26.290816926271535,1.3577329076800142,36.68748881432529,0.6743784344276457,0.867320602279704,18.79827133199822,-2.18037351168483,-49.81859276010356,0.8545802932126508
0.6775436584659457,3.8776407104264927,0.26709913439227617,3.2860343214111207,92.12067885090339,-1.1290032197357702,-7.34194336576073,1.325965138872911,0.3377299816835037,9.467921554643759,0.8064138062726226,1.6812123237464718,5.228111155613181,0.5548272338258494,15.554025437889385,-1.5014409514354625,-4.012055611858959,0.9480446227185563
0.6775436584659457,0.6450529158535626,0.26709913439227617,3.2860343214111207,92.12067885090339,-1.1290032197357702,-7.34194336576073,2.6213287888182903,0.3377299816835037,9.467921554643759,0.8064138062726226,1.6812123237464718,2.907257430205937,0.5548272338258494,15.554025437889385,0.4836638718909103,1.2924160284945905,0.9480446227185563
2.046206295799331,0.6450529158535626,0.8152066588608288,0.02405574214602227,0.07239579117384772,-1.1290032197357702,-0.6215860459225665,2.6213287888182903,0.5843677585472861,1.7586556240799347,1.5603068685328516,4.233990112315213,2.907257430205937,0.7453949213304452,2.2432671060039886,0.4836638718909103,1.48229129745549,2.1304617748372365
2.046206295799331,0.6450529158535626,0.8152066588608288,0.1836338012286426,0.5526461933915826,0.5231659551828047,0.795815663378447,2.6213287888182903,0.5843677585472861,1.7586556240799347,0.38680367297722196,1.0496159183947622,0.2838089164365234,0.09292436150279369,0.27965600185948875,0.4836638718909103,0.5233655557210594,2.1304617748372365
2.046206295799331,0.6450529158535626,0.34406534626461804,0.04473511053548504,0.7557821729218103,0.5231659551828047,0.9306517817377654,3.0185537267509885,0.5843677585472861,9.872664425183073,0.38680367297722196,2.4868935369726475,3.4202679958094655,0.09292436150279369,1.569920695697053,-0.5934444612772398,-1.521487381049092,1.0275802649496988
2.046206295799331,0.6450529158535626,0.34406534626461804,0.04473511053548504,0.7557821729218103,-0.47389062170861507,-0.8429966573184912,3.0185537267509885,1.0592698954315207,17.895950042301898,-0.47485614725343395,-4.110445179793922,3.4202679958094655,0.12176693305381596,2.057204646458572,1.772260817531187,5.201346672979598,1.5160490503398432
2.046206295799331,1.0678733243410632,0.205578583017572,0.3764549058965182,17.815057164694508,-0.47389062170861507,-4.09280582406037,2.101460793475942,1.0592698954315207,50.12805901682115,-1.9727649906559601,-28.580196682511712,1.3440873549495387,0.12176693305381596,5.762402984116148,-0.5130963341880719,-2.5202878268627926,1.5160490503398432
0.372715497959447,1.0678733243410632,1.1010583617578857,0.29844202096714934,0.4923447248114314,-1.2844452730667337,-0.3359136879147958,0.6674407252365969,4.534632604430373,7.480858206609476,-1.9727649906559601,-2.011076148939989,1.3440873549495387,0.12176693305381596,0.20088091801292313,-0.5130963341880719,-0.08571280456718453,1.5860241787273384
0.372715497959447,1.0678733243410632,1.1010583617578857,1.7203410933719092,2.8380750788818117,-0.40752594637503825,-0.2558848987037868,0.6674407252365969,4.534632604430373,7.480858206609476,-1.9727649906559601,-2.011076148939989,1.3440873549495387,0.9564703033992812,1.5779048365620758,-0.5130963341880719,-0.2402242063012537,0.7157391996059326
3.4260239609213894,1.0678733243410632,1.1010583617578857,1.7203410933719092,2.8380750788818117,-0.40752594637503825,-2.3521098505340428,1.2801737194899807,0.9451566229611222,1.5592404713232981,0.6034621325281226,2.5816476510820703,0.6199891040007436,1.0641767902283032,1.7555900045099166,0.26367466243975346,1.1969343879783139,0.7157391996059326
0.8897655666468126,9.979547853420033,0.32198491884794767,1.7203410933719092,33.18742047100569,0.750778121310163,3.8483445811457737,1.200818419071273,0.9451566229611222,18.23319246283066,-0.32619524159614943,-1.2393231847729314,0.521585872634018,1.0641767902283032,20.529232678834177,0.0551835209260918,0.22246995146996618,0.7157391996059326
0.8897655666468126,9.979547853420033,1.643347580985854,0.1518609610785947,0.11246497213919401,0.7601298732893195,0.22681513741545536,5.221119991109376,0.9451566229611222,0.6999627324463193,0.4220415853155255,0.3141725951586244,0.521585872634018,1.0641767902283032,0.7881065167384397,0.0551835209260918,0.04358905571710609,0.7157391996059326
2.6312923125551446,1.1644501733958488,1.643347580985854,0.1518609610785947,0.11246497213919401,0.7601298732893195,0.6707575004296942,5.221119991109376,0.9451566229611222,0.6999627324463193,0.4220415853155255,0.9290985911849002,0.521585872634018,1.0641767902283032,0.7881065167384397,0.0551835209260918,0.12890535610655618,0.7157391996059326
2.6312923125551446,0.3889622671997949,1.0863078196033313,0.1518609610785947,0.25737735191958905,1.2711465006943714,1.6968750625426565,1.8427609268109657,0.9451566229611222,1.6018725750135112,-0.4607464432286098,-1.5344228997283416,0.521585872634018,1.0641767902283032,1.8035906153754422,0.0551835209260918,0.1950057813366214,0.70127242829996
2.6312923125551446,6.372218921671835,0.5830473769345567,0.1518609610785947,0.8934462863866359,-1.0046294693694484,-2.498671909100576,1.8427609268109657,0.9451566229611222,5.560656727315918,-0.4607464432286098,-2.85886818206269,2.0845574306925094,0.5612350472318725,3.301924109908872,0.0551835209260918,0.2638530066134116,0.70127242829996
68.42274537930923,6.372218921671835,0.25841629595223775,0.1518609610785947,4.548166399047463,-0.6350085788344613,-92.66127271263976,1.8427609268109657,1.6519523655339823,49.47521857088828,-0.4607464432286098,-221.74628252565122,0.21524420199320068,0.5612350472318725,16.8087332363631,0.0551835209260918,15.480229495449702,0.70127242829996
6.863710776336535,6.372218921671835,1.2431323753450314,0.8069222521316783,1.0443039806994894,-0.2579975801581821,-1.80962286160452,1.8427609268109657,0.5220307180487499,0.6756025818665365,-0.4607464432286098,-2.5993611070225775,0.21524420199320068,0.5612350472318725,0.7263401057338384,-1.3607140007398857,-7.959684259545444,2.252585510203512
3.2037777775309615,0.8160422574994969,1.2431323753450314,0.8069222521316783,1.0443039806994894,-0.6557678436798942,-2.1469699609786073,1.8427609268109657,0.5220307180487499,0.6756025818665365,0.15310541450239046,0.4031796323884757,0.21524420199320068,0.5612350472318725,0.7263401057338384,2.107487885900043,5.754366036856158,2.252585510203512
3.2037777775309615,0.8160422574994969,1.2431323753450314,1.9987750985308954,2.5867780773236198,0.20475440596850147,1.055055306875383,1.8427609268109657,0.5220307180487499,0.6756025818665365,-0.36704795246899624,-0.966564500846455,0.21524420199320068,0.5612350472318725,0.7263401057338384,2.107487885900043,5.754366036856158,2.252585510203512
3.2037777775309615,0.8160422574994969,0.4222984306810368,1.9987750985308954,22.4158385944299,1.2981739359906195,19.691226395525792,4.359914216755073,0.5220307180487499,5.8544637291689,-0.36704795246899624,-2.845304496925743,0.21524420199320068,1.0724884067882416,12.02772990249503,2.107487885900043,23.416355620246787,2.0447778275540367
6.8049791887378515,3.0856653562091703,0.4222984306810368,1.9987750985308954,22.4158385944299,1.9875498040401895,64.03572292155913,4.359914216755073,0.5220307180487499,5.8544637291689,-0.36704795246899624,-6.0435645764806125,0.21524420199320068,1.6374788590241593,18.36397793461375,2.107487885900043,61.45755371742675,2.0447778275540367
4.403949361816329,2.5618336521734104,0.4222984306810368,1.9987750985308954,22.4158385944299,1.9875498040401895,41.441725723507055,4.835406519853112,0.5220307180487499,5.8544637291689,0.7558129732454406,8.05378846688338,0.21524420199320068,1.6374788590241593,18.36397793461375,2.107487885900043,39.77322295424301,2.0447778275540367
0.4559224137041697,2.5618336521734104,0.4222984306810368,1.9987750985308954,22.4158385944299,1.9875498040401895,4.29028811814833,4.835406519853112,0.798680180186202,8.957028742644887,0.2878326509660517,0.3927470979695832,0.21524420199320068,1.6374788590241593,18.36397793461375,2.1207140388004975,4.143395935269845,2.0447778275540367
7.828441319218043,2.5618336521734104,0.4222984306810368,0.1998386422779289,2.2411479678351762,1.9875498040401895,23.293169449929593,1.1579112773593918,0.798680180186202,8.957028742644887,0.38174858319266425,8.944060296397405,4.542955361783358,1.7208143493528572,19.29856777504591,-0.13018049042786473,-4.476965457659695,2.0447778275540367
2.8868347336702995,2.5618336521734104,0.4222984306810368,2.685745033348839,30.120060639933353,1.9875498040401895,31.489652128648295,1.1579112773593918,0.8117372360999838,9.103460854039962,0.38174858319266425,3.3250839942741304,4.542955361783358,0.4335380523600906,4.86203726141582,0.45668920230454746,2.907045350603939,0.25626189143868433
0.5061383586137002,0.3615290350333395,0.4222984306810368,0.23621522643940376,2.649103640176524,1.9875498040401895,1.6373319899194492,1.1579112773593918,1.58631128606243,17.790144461492208,-1.0145491545117533,-2.1658684897228806,2.5102153907856004,0.5849473582060721,6.560060497763304,-0.5002210455912899,-0.6484629001463501,0.25626189143868433
0.5061383586137002,0.2840229993815635,0.25025873701197193,0.008028796015469417,0.25639049618363946,2.7091974678154305,0.6943219175564633,1.1579112773593918,1.58631128606243,50.65705206006213,-0.7547962206681345,-2.7190608432236805,2.0743243682221872,0.7760310844562729,24.781672671009897,-0.38966489091659495,-0.9818063526383745,0.2929795906635636
0.5061383586137002,0.2840229993815635,0.25025873701197193,0.008028796015469417,0.25639049618363946,2.7091974678154305,0.6943219175564633,2.2307022193621338,1.58631128606243,50.65705206006213,-1.2936123545693636,-4.660079904091709,2.0743243682221872,0.321205376937537,10.257329468975565,-0.38966489091659495,-0.6316517189967567,2.1529470777364375
1.300865871609046,11.620188689294904,0.25025873701197193,0.011152990328973723,0.35615809878185306,2.7091974678154305,2.1032678978459085,2.2307022193621338,1.4277156434143652,45.59248005788963,-1.2936123545693636,-11.362745592348437,2.0743243682221872,0.321205376937537,10.257329468975565,-0.38966489091659495,-1.6234575981094714,2.1529470777364375
1.300865871609046,11.620188689294904,0.25025873701197193,0.3072537253857098,9.811799297694325,-0.3731372999211944,-1.5204617973662071,2.774006670258506,1.4277156434143652,45.59248005788963,-0.23177600402025633,-2.0358585466432224,0.26609267981029633,0.732371132323022,23.387441609561805,0.8640919381582992,5.4360548662881785,2.1529470777364375
1.300865871609046,11.620188689294904,0.25025873701197193,1.7479374175447862,55.818399286615204,-0.3731372999211944,-3.626518302722801,1.0968473156564351,0.4044327212781907,12.915100331559774,0.8447595723896466,3.94924915526646,1.7777166763760135,0.732371132323022,23.387441609561805,0.8640919381582992,5.4360548662881785,2.0131635956321325
1.300865871609046,3.916123447751984,0.5081056345467372,1.7479374175447862,13.540910045143248,1.3365457543982882,6.397941683942633,7.549366258303518,0.2632589959954749,2.0394130519596336,0.8447595723896466,1.5693443166527623,1.7777166763760135,0.732371132323022,5.673527852258846,0.35668390716486575,1.1052044655272066,4.626770927443595
1.300865871609046,5.48539811001625,0.5081056345467372,1.7479374175447862,13.540910045143248,1.3365457543982882,6.397941683942633,7.549366258303518,0.2632589959954749,2.0394130519596336,0.8447595723896466,1.5693443166527623,1.7777166763760135,1.4307168887566264,11.083468147236633,0.35668390716486575,1.5447345994895558,0.25896353003077593
1.300865871609046,3.2341039773689255,0.5081056345467372,1.7479374175447862,13.540910045143248,1.3365457543982882,6.397941683942633,7.549366258303518,0.2632589959954749,2.0394130519596336,0.8447595723896466,1.5693443166527623,1.7777166763760135,1.4307168887566264,11.083468147236633,0.35668390716486575,1.5447345994895558,1.637117791555395
1.662576094442207,2.317564713874529,0.5081056345467372,1.7479374175447862,13.540910045143248,1.0206700956252437,6.244401923268287,7.549366258303518,3.2389944261735018,25.091820634597745,0.8447595723896466,7.035269531130034,9.931919453576121,0.3904879353705378,3.0250293594568487,-0.39249356399252133,-1.1349555903792494,1.637117791555395
1.662576094442207,2.317564713874529,0.5081056345467372,1.7479374175447862,13.540910045143248,1.291622119973293,7.9020710851299825,7.549366258303518,0.9255573475251005,7.170101548637197,0.8310272782880568,3.699639984895989,6.6928274770881995,6.031332051355599,46.72348331241264,-0.39249356399252133,-4.460480834731407,0.9306392784238945
1.662576094442207,2.317564713874529,0.6109258623139342,1.094651654586073,5.865822438226742,-0.023570566452123076,-0.0949108816318225,0.8893690039575347,0.7988611720486912,4.280793591641044,-1.2102870249590474,-4.163245803581736,0.8379286999972949,1.8349664235110283,9.8328880930562,-0.39249356399252133,-2.046230810388197,0.9306392784238945
2.113947800706467,2.317564713874529,0.6109258623139342,1.094651654586073,5.865822438226742,-0.023570566452123076,-0.1206781753685785,3.8520744249927463,0.33902833679293126,1.8167240846191022,-1.2102870249590474,-3.4484753299010116,0.8379286999972949,0.7954986843963002,4.262775297476848,-0.39249356399252133,-1.7130617538469175,0.7771972230756592
2.113947800706467,2.9218592886465062,0.6109258623139342,0.331224193287098,1.774904643798937,-0.023570566452123076,-0.06638222296521491,3.8520744249927463,0.33902833679293126,1.8167240846191022,-1.1404105861896072,-3.249376132546643,0.8379286999972949,0.7954986843963002,4.262775297476848,-0.39249356399252133,-1.7130617538469175,0.7771972230756592
2.113947800706467,2.9218592886465062,0.6109258623139342,1.8037865001507618,9.665806726757985,-0.06400543469978087,-0.4206589796790874,0.6419669118912604,0.33902833679293126,1.8167240846191022,-1.1404105861896072,-3.249376132546643,0.8379286999972949,0.7954986843963002,4.262775297476848,-0.39249356399252133,-1.7130617538469175,0.7771972230756592
3.1679660604214743,2.9218592886465062,0.6109258623139342,1.8037865001507618,9.665806726757985,-1.9387188106039228,-19.09476851275706,0.6419669118912604,0.33902833679293126,1.8167240846191022,-1.2477529429502663,-5.327869882432257,0.8379286999972949,0.318579650949696,1.707147344156534,-0.39249356399252133,-1.6246079093703227,0.9419822798066751
3.1679660604214743,2.9218592886465062,0.6514014947295874,1.8037865001507618,8.50193198622999,-1.9387188106039228,-17.908291604678762,0.6419669118912604,0.8225170365619526,3.8768357018863857,-1.2448672712613984,-7.765014434552204,0.6766631899001961,0.318579650949696,1.5015870915681113,-0.39249356399252133,-1.5236609003578034,0.9419822798066751
3.1679660604214743,7.484764257145472,0.6514014947295874,0.8405926391962422,3.9620328935684417,0.6346900443522374,4.002222642841616,0.6419669118912604,0.8225170365619526,3.8768357018863857,-1.3173698925503183,-8.217258552337448,0.6766631899001961,0.04580564913816046,0.21589945014291057,0.9195204613346097,1.3535293765774685,0.9419822798066751
3.1679660604214743,7.484764257145472,0.6514014947295874,0.8405926391962422,3.9620328935684417,0.4951548397309351,3.122342833195527,0.6419669118912604,1.0357128087506262,4.8817084818680465,-0.3342723122469078,-2.3397359409510736,0.6766631899001961,0.04580564913816046,0.21589945014291057,0.9195204613346097,1.3535293765774685,0.9419822798066751
3.1679660604214743,0.8266897178294439,0.6514014947295874,0.8405926391962422,3.9620328935684417,0.4951548397309351,3.122342833195527,0.6419669118912604,0.35720524690636196,1.6836442195728543,-0.3342723122469078,-1.3740612350708195,0.7560219605191816,0.04580564913816046,0.21589945014291057,0.9195204613346097,1.3535293765774685,0.9419822798066751
3.1679660604214743,0.34508143575315153,0.8220220665003123,0.8405926391962422,2.487989976906737,-0.5880502325370993,-2.9384564560812354,0.6419669118912604,0.21227022921667216,0.628278405092578,0.5604472255002837,1.4073149784528154,0.7560219605191816,0.04580564913816046,0.13557577193445333,0.9195204613346097,1.0725880666643084,0.9419822798066751
0.3803947966497521,0.34508143575315153,0.8220220665003123,0.8405926391962422,2.487989976906737,-0.938233734496289,-0.5629501315773099,8.73970618584385,0.9354898253811604,2.7688671069878263,0.5604472255002837,0.35474831985239763,0.7560219605191816,0.04580564913816046,0.13557577193445333,0.8386574360700273,0.11746546782493526,0.9419822798066751
0.7923446755287844,10.007445796327302,0.8220220665003123,0.8405926391962422,2.487989976906737,-0.04912181545988192,-0.06139215329743759,4.409626845425697,0.9389170213116008,2.7790109373358827,0.5604472255002837,0.7402765552831128,3.176356526456861,0.04716180572232668,0.1395897304575114,1.7293188044670336,0.511936319913039,3.2194053784852956
0.7923446755287844,0.25752978584747793,0.8220220665003123,0.8405926391962422,2.487989976906737,-2.2090946018285114,-2.760913316706716,4.409626845425697,1.0924749688387791,3.2335124598418368,0.5604472255002837,0.7985206227101924,0.229210464945729,0.04716180572232668,0.1395897304575114,1.7293188044670336,0.511936319913039,1.3964420942621234
0.7923446755287844,0.5175075541903398,0.8220220665003123,1.2290844207564455,3.637849746743214,-2.2090946018285114,-3.338495821764844,4.062079991351957,0.3254755764265854,0.9633441147564444,0.5604472255002837,0.43585255044442733,0.229210464945729,0.04716180572232668,0.1395897304575114,1.7293188044670336,0.511936319913039,1.3964420942621234
0.7923446755287844,3.88231850474152,0.8220220665003123,1.2290844207564455,3.637849746743214,-2.574545319069847,-3.8907834836699973,2.770710618436819,0.041041985165531855,0.12147625730084402,1.228987476308254,0.3393964556212619,0.229210464945729,0.07463310293254075,0.2208994028536341,-0.7988842667939116,-0.29750569460830034,1.3964420942621234
0.9593234742948992,3.88231850474152,1.1626376042143067,1.2290844207564455,1.8185405031112436,-2.574545319069847,-3.330635461902539,1.0722829140519194,0.11595658028526241,0.1715681480375762,2.4106850536756133,0.9579081726356685,0.229210464945729,0.07463310293254075,0.11042636149611623,-0.7988842667939116,-0.2546744173093121,0.545332939574854
1.2238946917705793,3.88231850474152,1.1626376042143067,0.7649216083920019,1.1317700420527097,-3.050576765302231,-3.9719621956009794,1.0722829140519194,0.577935969422547,0.8551080388383088,2.4106850536756133,2.7283182059640945,4.459988032578566,0.07463310293254075,0.11042636149611623,-0.7988842667939116,-0.32491091464610244,0.7779397666328454
1.2238946917705793,0.27535657058704066,0.20332063377472687,0.7649216083920019,37.00701154922335,-3.050576765302231,-22.712660910942628,0.532344129206302,0.577935969422547,27.96062087995189,2.4106850536756133,15.601197397559266,4.459988032578566,0.04797636094850622,2.321102874114652,-0.7988842667939116,-1.4896186948753658,0.7779397666328454
1.2238946917705793,0.27535657058704066,0.20332063377472687,0.7649216083920019,37.00701154922335,-0.4333586538627623,-3.2265138415660632,0.2583349895261909,3.4586679505403386,167.33082630472765,0.9422783131378989,14.91802136563068,5.4192475642421565,0.01798988071082089,0.8703528779034299,0.237402689379681,0.2710674501482429,1.7475237045542673
0.6565119274622054,0.27535657058704066,0.20332063377472687,0.7649216083920019,37.00701154922335,2.1663211029094467,8.651819671041636,0.2583349895261909,0.22224562574879816,10.752273629894939,-0.7810387980934632,-1.6813780856981853,5.4192475642421565,0.01798988071082089,0.8703528779034299,0.5401158206220135,0.33080891435538834,1.7475237045542673
0.6831954505483708,0.6565457139245893,0.23520683332198813,0.07853236801964984,2.8390877708317337,1.1029906227293247,1.2697148397481266,1.538353763228654,0.22224562574879816,8.03458311643399,-0.6802201044276727,-1.317273949560374,5.4192475642421565,0.21176405250690924,7.655655202243523,2.0072104457106326,3.7942772055685134,4.007963539245502
1.1190644448905658,0.6565457139245893,0.17493502921831583,0.07853236801964984,5.132454701454317,0.22105518700006177,0.5604261219795581,1.538353763228654,1.657234240694109,108.30794848734627,0.2954731998345266,3.4411480490577824,5.4192475642421565,0.21176405250690924,13.839763581510187,-0.130895961728557,-0.5449362282630927,0.4792017713295709
1.1190644448905658,0.9925244478183978,0.17493502921831583,0.07853236801964984,5.132454701454317,-0.3910057407805889,-0.991290156775867,1.538353763228654,0.5431820457147444,35.4994674753301,0.2954731998345266,1.9700811335833448,0.6607022287007924,0.21176405250690924,13.839763581510187,0.04739544053227582,0.19731313525229574,0.4792017713295709
0.471246049089299,0.9958657339269514,0.6921355058373811,0.8404935471180227,3.5089899294083855,-0.9688665688610154,-0.8552690448332838,2.4996341122525387,0.5431820457147444,2.267739395244683,-0.2792820394002673,-0.19819253913091925,0.6607022287007924,0.14910687275633433,0.6225086637507338,0.04739544053227582,0.017622072614121173,0.4792017713295709
4.0154306330788145,0.9958657339269514,0.6921355058373811,0.8404935471180227,3.5089899294083855,-1.3974625554635591,-10.511467906972685,0.4133491013289619,0.7322641735979989,3.0571413898804383,-0.2792820394002673,-1.960798190429729,0.9489489815023638,0.14910687275633433,0.6225086637507338,0.04739544053227582,0.15015555107534212,0.43040366758126275
0.3879315505224662,1.4589871402455985,0.6921355058373811,0.8244526164606517,3.4420203918931267,-1.0477844633086988,-0.7541083959993983,0.4133491013289619,0.7322641735979989,3.0571413898804383,-0.2792820394002673,-0.18943310239475392,0.9489489815023638,0.21802979137498335,0.910256057133532,-0.7062157547850905,-0.2613811671745951,0.43040366758126275
1.602803436593785,2.4714117492200685,0.6921355058373811,0.8244526164606517,3.4420203918931267,-1.0477844633086988,-3.115723707041106,0.4133491013289619,0.4622908593103511,1.930025489594608,-0.2792820394002673,-0.6218774290735477,0.508241206620864,0.21802979137498335,0.910256057133532,-0.7062157547850905,-1.079939572958435,0.43040366758126275
1.602803436593785,1.42358906744283,0.6921355058373811,0.8244526164606517,3.4420203918931267,-0.021059033508033176,-0.06262178171754465,0.4133491013289619,0.4403981880496476,1.8386254268040372,-0.2792820394002673,-0.6069737410509819,0.508241206620864,0.21802979137498335,0.910256057133532,-0.7062157547850905,-1.079939572958435,0.43040366758126275
1.602803436593785,1.42358906744283,0.6921355058373811,1.40119934840571,5.8498895315835275,-0.021059033508033176,-0.08163803316009347,0.5722148354102815,0.34524859187259305,1.4413838585404852,-0.2792820394002673,-0.5374191023987906,0.508241206620864,0.556320259529937,2.3225903338699756,-0.7062157547850905,-1.7250590821598952,0.3911279882053126
1.602803436593785,1.42358906744283,0.6921355058373811,1.40119934840571,5.8498895315835275,-0.021059033508033176,-0.08163803316009347,0.5722148354102815,0.20869607727500533,0.8712885851129516,-0.2792820394002673,-0.4178344885099794,0.508241206620864,0.556320259529937,2.3225903338699756,-0.40841452749216195,-0.997625987756101,0.3911279882053126
29.85416745148606,1.42358906744283,0.6921355058373811,0.07924882473740931,0.33085718370419653,0.6185648341589484,10.62210218896039,0.5722148354102815,0.20869607727500533,0.8712885851129516,-0.2792820394002673,-7.7826765916427165,0.2420041054685725,0.556320259529937,2.3225903338699756,-0.40841452749216195,-18.581999896206305,1.4562366645535372
44.059127650509836,1.42358906744283,0.6921355058373811,0.7582896376714804,3.1657955153703545,-1.3962525734810871,-109.4564378699598,1.632297365563751,0.20869607727500533,0.8712885851129516,0.12697836238780474,5.222117362791944,0.2420041054685725,0.556320259529937,2.3225903338699756,-0.40841452749216195,-27.423531631191445,1.4562366645535372
2.34705648429504,1.42358906744283,0.6921355058373811,0.15448815506295682,0.6449750651716483,-1.3962525734810871,-2.631837014382732,0.11638000662621434,0.20869607727500533,0.8712885851129516,0.12697836238780474,0.27818536298116464,1.252131325662632,0.556320259529937,2.3225903338699756,0.3009169026211232,1.0763572278923754,1.4562366645535372
4.948835939831097,1.42358906744283,0.5575375086428687,0.13601355258306108,0.8751127265000809,-1.3962525734810871,-6.463965697291486,2.2375544107902297,0.31090251384341255,2.0003502695004354,0.12697836238780474,0.8887626658169191,1.252131325662632,0.19789030371316363,1.2732284389425088,0.3009169026211232,1.6803618182998035,1.0067301676356126
4.948835939831097,1.42358906744283,0.5575375086428687,0.09487116769922117,0.6104021595995824,0.19288826113671065,0.7457905659938047,2.2375544107902297,0.2553224451427665,1.6427474826018187,-0.38966466581528475,-2.471607408050274,1.7103814221734381,0.8606470965976812,5.537413095640097,-0.5638755168892886,-6.5665878167590135,1.0067301676356126
5.387850572682152,3.8829616559941904,0.19480100324051391,0.24953457069756055,13.151592348640744,-0.13982205612503762,-2.7319981199201524,0.3078820371525027,0.2553224451427665,13.456639320912661,-1.3475598195905576,-26.63372440854388,1.7103814221734381,0.8606470965976812,45.359966512265665,0.41291362094740014,14.983425555899865,1.0067301676356126
7.253683451148182,8.677479354304312,0.13095219117365045,0.24953457069756055,29.102827011246927,-0.0641741096242133,-2.511227391888612,0.2726313437169581,0.2553224451427665,29.77785776258038,0.9220126450386403,36.495742354432124,1.7103814221734381,0.8606470965976812,100.37592586869208,-1.2954230773580186,-94.14234474786788,1.0067301676356126
25.88875519232568,8.677479354304312,0.13095219117365045,1.5387481655753663,179.46179381649588,-0.7419125287287714,-257.3059778782547,0.2726313437169581,0.16236996196809841,18.936954914786508,0.5057745900392574,56.9801053824312,1.7103814221734381,0.8606470965976812,100.37592586869208,-1.2954230773580186,-335.9986871254068,1.0067301676356126
25.88875519232568,4.27145429741999,0.15166857267551836,1.5387481655753663,133.78466774681803,-0.7419125287287714,-222.16060328676863,0.2726313437169581,0.16236996196809841,14.117067301810913,0.33060544853942087,32.158324856575554,1.7103814221734381,0.8606470965976812,74.8279597932329,-1.2954230773580186,-290.1046903413238,1.0067301676356126
25.88875519232568,13.425015544582731,0.31719669373705006,1.5387481655753663,30.587236436502213,-0.7419125287287714,-106.22677433444056,1.5590349788237445,0.19832142839085945,3.9422334052614985,0.33060544853942087,16.993871981916154,0.5717858579605514,0.8606470965976812,17.1079432105637,-1.2954230773580186,-138.71444809893507,1.0067301676356126
0.2430268149806872,13.425015544582731,0.31719669373705006,1.5387481655753663,30.587236436502213,0.03691211711444975,0.04961274658052146,0.27751241215383726,1.2274145963770273,24.39854766680418,0.33060544853942087,0.3968680978828456,2.470930240666031,0.8606470965976812,17.1079432105637,-1.2954230773580186,-1.302161122187954,0.3654196393278733
0.4526996412644367,13.425015544582731,0.9915059009215647,0.4343036993505711,0.8835536347844768,-0.505625464145687,-0.21515703306042314,5.577219576283809,1.2274145963770273,2.497069745521655,0.33060544853942087,0.23650236794935145,2.470930240666031,0.8606470965976812,1.750912717535405,-1.2954230773580186,-0.775986254606804,1.1332449838713736
0.4526996412644367,3.857954809210703,0.7937367152143009,0.4343036993505711,1.378702570112179,-0.3124461862394208,-0.1660812752560154,0.7734594114949532,1.2274145963770273,3.896443113767331,1.192956175658474,1.0660284866631153,0.7411798837562558,0.23131019506286826,0.7342971310242111,-1.3374975209598263,-0.5188466915335749,1.1332449838713736
0.4526996412644367,3.857954809210703,0.612699578166017,0.8309673726627419,4.427094626547292,-0.3124461862394208,-0.29760812297617295,0.7734594114949532,0.8058790351173604,4.293433007583532,1.192956175658474,1.1190177759719782,0.7411798837562558,0.5081868794835496,2.707436510093355,0.16291273825757546,0.12135127238362116,0.3179767307989675
0.4526996412644367,3.857954809210703,0.612699578166017,1.1711042273999106,6.239221181014034,-0.9561857669627852,-1.0812288269398156,0.1922494527774651,0.8058790351173604,4.293433007583532,0.5975097734852676,0.5604766306506986,0.44688071549995917,0.5081868794835496,2.707436510093355,-0.474335164273303,-0.35332519934599205,1.280066340768909
0.5256539386098584,3.857954809210703,0.612699578166017,3.7790662438497593,20.133502724545252,-0.9861975618613631,-2.3260739427507984,1.3932115812443373,0.8058790351173604,4.293433007583532,0.5975097734852676,0.650799606506044,0.44688071549995917,0.5081868794835496,2.707436510093355,-0.7686185243997925,-0.6647983158102292,1.280066340768909
0.5256539386098584,3.857954809210703,0.612699578166017,3.7790662438497593,20.133502724545252,-1.1957280036815878,-2.820278471112431,5.495964958670394,0.8058790351173604,4.293433007583532,0.5975097734852676,0.650799606506044,0.23748657197784478,0.5081868794835496,2.707436510093355,-0.7686185243997925,-0.6647983158102292,1.280066340768909
2.1390101535420274,3.857954809210703,0.612699578166017,2.523332415439882,13.443405535394463,-1.1957280036815878,-9.377776898184498,5.495964958670394,0.8740408286404662,4.656574473505372,0.5975097734852676,2.757980149974722,1.1638072462649722,0.5081868794835496,2.707436510093355,1.409901334130796,4.962273626212641,1.280066340768909
2.1390101535420274,5.845963224555055,0.8816824034132631,2.523332415439882,6.492023989522537,-1.5690113165797475,-8.551237725852587,1.9904184506147578,0.8740408286404662,2.2487302872328407,0.9369369203466527,3.005328041179942,1.1638072462649722,0.5081868794835496,1.3074620658700147,1.409901334130796,3.4483879294342046,1.280066340768909
2.1390101535420274,1.8430597191576166,0.8816824034132631,0.7887956251624263,2.0294116185608453,-1.5690113165797475,-4.7810577912809755,1.9904184506147578,0.4510897948104151,1.1605628142447904,0.9369369203466527,2.159024270786253,1.1638072462649722,0.17326101232095575,0.4457655446242585,1.409901334130796,2.013514752667827,1.280066340768909
2.1390101535420274,0.5367455119103806,0.8816824034132631,0.7887956251624263,2.0294116185608453,-0.6786877911420158,-2.068082949688455,0.8571199846710159,0.4510897948104151,1.1605628142447904,1.1199466672659963,2.5807415463133223,1.1638072462649722,0.19992076762564295,0.5143557033896301,0.7003659228977247,1.0744089881836045,1.280066340768909
0.4933252409086385,1.956835582603009,0.7957534351393603,0.7887956251624263,2.49136549218349,-0.10391528983877107,-0.08091546090928094,0.1693493199412642,0.20931105081502072,0.6610968830181178,-1.1406483252397903,-0.4575279801984356,0.10987375876619415,0.19992076762564295,0.631438215102675,-0.47906556132997247,-0.1877991920458449,1.280066340768909
0.4933252409086385,1.956835582603009,0.7957534351393603,0.7887956251624263,2.49136549218349,1.212840968494577,0.9443998676966782,0.1693493199412642,0.2617752814220645,0.8268021297750721,-1.1406483252397903,-0.5116652199401297,0.11844837558488346,0.39029727288910615,1.2327314279526005,-0.47906556132997247,-0.26239920961839,1.280066340768909
0.4933252409086385,1.956835582603009,0.7957534351393603,0.7887956251624263,2.49136549218349,1.212840968494577,0.9443998676966782,0.1693493199412642,0.2617752814220645,0.8268021297750721,-1.1406483252397903,-0.5116652199401297,3.4295625502867706,0.39029727288910615,1.2327314279526005,-0.34691963665241554,-0.19001874859460396,1.280066340768909
0.4933252409086385,3.2532126068236944,0.7957534351393603,0.4135522043960642,1.3061807880040026,1.2731109804833107,0.7177963512574279,0.1693493199412642,0.17297378344537956,0.5463277196035418,-1.1406483252397903,-0.4159218364156877,3.4295625502867706,0.39029727288910615,1.2327314279526005,1.8545061032023722,1.015771065575733,3.951095110838157
0.4933252409086385,0.9050247481610229,0.7957534351393603,0.4869036690214601,1.5378571588398562,1.938697081717585,1.1860453428269502,0.39802899430188976,0.13569235358902546,0.42857647342459143,-1.1406483252397903,-0.36838273443583386,4.469709843468939,0.39029727288910615,1.2327314279526005,1.8545061032023722,1.015771065575733,2.0280842627130333
0.4933252409086385,0.9050247481610229,0.7957534351393603,0.4869036690214601,1.5378571588398562,1.2626345210790966,0.7724475409493342,0.39802899430188976,0.13569235358902546,0.42857647342459143,-1.1406483252397903,-0.36838273443583386,4.766992683823793,0.6066946947811849,1.9162102053461518,1.8545061032023722,1.2664357975981138,0.5977385678457958
0.4933252409086385,0.9050247481610229,0.7957534351393603,0.8245838742476082,2.6044006130085195,0.30871326656443865,0.24577772743148796,1.922668030190684,0.09268790142154,0.29274939132298006,-1.1406483252397903,-0.3044620057974654,4.766992683823793,0.6066946947811849,1.9162102053461518,1.2765476919658187,0.8717499994500395,0.5977385678457958
0.36530965788907044,0.9050247481610229,0.7957534351393603,0.8245838742476082,2.6044006130085195,0.29922048319849304,0.17640316317306887,8.604768295186254,0.20476428250391931,0.6467361775199111,-1.173733117245948,-0.3448213043179729,0.6552722237723562,1.592446336738641,5.029649918111187,1.2765476919658187,1.045844405506256,0.4417621758166276
0.36530965788907044,0.9050247481610229,0.15261317270899052,0.8245838742476082,70.80774942714362,0.4610881674960027,1.4173774758421736,5.324390710511627,0.20476428250391931,17.5832907481921,-0.499048708940355,-0.7644589492302272,0.6552722237723562,1.592446336738641,136.744780863982,1.2765476919658187,5.453227028376023,0.7949074567550618
1.356203249054227,1.307285522098609,0.15261317270899052,0.8245838742476082,70.80774942714362,0.8219395900296645,9.380048314853816,5.324390710511627,0.21747793003855606,18.67502295040014,0.8745856505155076,5.125753301581736,0.6552722237723562,1.592446336738641,136.744780863982,1.3015822771889807,20.642000619358846,0.7949074567550618
6.462972559848395,1.307285522098609,0.3308578520106172,2.097705835565558,38.325840707827794,0.8219395900296645,32.88653037562727,5.324390710511627,0.21747793003855606,3.9734000653521697,-0.5041805450357384,-6.495304905439246,1.9588788816103226,1.592446336738641,29.09456779060463,1.3015822771889807,45.374295334372206,0.7949074567550618
6.462972559848395,1.307285522098609,0.2248189394669382,2.097705835565558,83.00586743563463,0.8219395900296645,48.397910006874994,5.324390710511627,0.1718297818681743,6.799275595950424,0.3084988855315174,5.198969072319952,1.9588788816103226,1.7871587748452313,70.717572424181,1.3015822771889807,70.7404161647122,0.7949074567550618
0.4584117816006158,1.307285522098609,0.36309748481110704,3.553542661531761,53.90698570397068,0.8219395900296645,2.7664205014396606,5.324390710511627,0.16329352446472867,2.477150980671416,0.747314942369554,0.5391823602437454,1.9588788816103226,2.810480134260032,42.63478079465152,1.3015822771889807,3.8959144755821193,0.7949074567550618
0.4584117816006158,1.307285522098609,0.36309748481110704,3.553542661531761,53.90698570397068,0.8219395900296645,2.7664205014396606,5.324390710511627,0.07269986543256526,1.1028517116112468,0.8504422826178264,0.40941068802396063,1.5991307405309065,0.2867691362822378,4.350267100281004,0.500169299019823,0.4782233341354649,0.7949074567550618
8.059221235215638,1.307285522098609,0.36309748481110704,2.43184140614565,36.89085861682312,0.8624811519015337,42.21842938201341,0.5886055540257222,0.10170839495463246,1.5429090108150858,0.8504422826178264,8.513498816742738,1.5991307405309065,0.2867691362822378,4.350267100281004,1.7269752424208002,29.029339259328392,0.7949074567550618
8.059221235215638,1.307285522098609,0.36309748481110704,2.43184140614565,36.89085861682312,0.04085045050124936,1.9996284624980722,0.6319744071584791,0.10170839495463246,1.5429090108150858,0.6124865376830586,6.13140188395223,0.21546341200780872,0.2867691362822378,4.350267100281004,0.959982274368234,16.136682472942375,0.31368694771808825
0.6156732041578011,1.307285522098609,1.3862245494381975,2.43184140614565,2.531034546442489,0.04085045050124936,0.04001254163615088,0.6319744071584791,0.10170839495463246,0.10585701051180048,-0.7463179053746076,-0.1494974985537296,0.21546341200780872,0.7633218873439257,0.7944572627313202,0.959982274368234,0.5268036024521737,0.31368694771808825
0.859127553706426,0.42920139742719393,0.7626516990933735,2.43184140614565,8.362050001814625,0.04085045050124936,0.10148710830231197,0.6319744071584791,1.8598832487095855,6.395333463746238,-0.7463179053746076,-1.6214856372411446,0.21546341200780872,0.1262544020135085,0.43413424079305746,-1.6651561976534723,-0.9425939464275394,0.21915233913124693
0.859127553706426,0.42920139742719393,0.7626516990933735,0.17070910370819584,0.5869947182268662,-0.10218931044210122,-0.06726361638764772,0.6319744071584791,5.121248406294649,17.60975659717197,-1.0841808271256008,-3.9087333768740593,0.21546341200780872,0.1262544020135085,0.43413424079305746,-1.5026150835512753,-0.8505843977652445,0.21915233913124693
0.859127553706426,0.42920139742719393,0.7626516990933735,0.7656211457567368,2.6326397301588638,-0.10218931044210122,-0.14244881211596394,0.6319744071584791,1.9281468314983157,6.630062377868603,-1.0841808271256008,-2.3983810158431145,0.21546341200780872,0.06008256304342549,0.20659792827633616,-0.7912141009515004,-0.30896881524380604,0.21915233913124693
8.150830880761648,1.8470516884946255,0.7626516990933735,0.7656211457567368,2.6326397301588638,-0.10218931044210122,-1.3514595960908573,7.0698001783857585,1.9281468314983157,6.630062377868603,1.135982193357532,23.84142519836586,4.532148995223403,0.1621490132038361,0.5575602721167618,-0.7912141009515004,-4.815504704568391,0.1154613952760244
3.1913985147001953,0.44969542917495187,0.7626516990933735,0.7656211457567368,2.6326397301588638,-0.10218931044210122,-0.5291541697695804,4.1623752699885435,0.5654843575374993,1.9444559423252858,1.135982193357532,5.055354508536501,4.532148995223403,2.841790500332167,9.77168749508336,-1.4377591509831311,-14.343395173587325,13.039792764383533
6.609834663912014,0.44969542917495187,0.7626516990933735,0.45191144327159116,1.5539278488635657,-1.314473493744089,-10.830733115799061,2.672185318000309,0.5654843575374993,1.9444559423252858,1.135982193357532,10.470349382871575,1.6366835998875708,2.841790500332167,9.77168749508336,-0.23298586454823123,-4.813987451664542,13.039792764383533
4.960353401452926,0.4256780387853843,0.7626516990933735,0.3930163810971843,1.351413222080015,0.5800388837312342,3.34475112846743,2.672185318000309,0.5654843575374993,1.9444559423252858,1.135982193357532,7.857478411568769,1.6366835998875708,1.4783960490584753,5.083564106388827,0.05344534192834349,0.5977321713477198,13.039792764383533
5.0276558850807715,0.4256780387853843,0.7626516990933735,0.3930163810971843,1.351413222080015,0.5800388837312342,3.3901329873480823,1.1217293522773213,0.5654843575374993,1.9444559423252858,1.135982193357532,7.96408932602415,1.6366835998875708,1.4783960490584753,5.083564106388827,-0.7577577737484391,-8.589741567091883,13.039792764383533
5.0276558850807715,1.957804395088974,0.146400758032825,0.3930163810971843,36.67363828353721,0.5800388837312342,17.66036404247174,1.1217293522773213,0.5654843575374993,52.7671867656848,0.4743041594969828,17.322255843580688,1.5239078471247973,0.9703573249687785,90.54720172817933,-1.7099515537912517,-81.80632211232387,13.039792764383533
5.0276558850807715,1.957804395088974,1.5110016130053252,0.3930163810971843,0.3442792055277688,0.5800388837312342,1.7111104718221084,1.1217293522773213,0.5654843575374993,0.49535977306566725,0.4743041594969828,1.6783512105554634,2.4163706213189085,0.9703573249687785,0.8500252533639123,-1.7099515537912517,-7.926204357453231,0.6098130622817965
5.0276558850807715,0.37661591959131324,1.4809216918261094,0.9153137170845783,0.8347103094814023,0.5800388837312342,2.6643455023729445,3.7118653281994276,0.5654843575374993,0.515687260309464,0.6994713038052134,2.5253911159093083,2.4163706213189085,0.9703573249687785,0.8849067242345183,-1.7099515537912517,-8.087198421918961,0.6098130622817965
5.0276558850807715,4.381466496375772,1.4809216918261094,0.9153137170845783,0.8347103094814023,0.5800388837312342,2.6643455023729445,3.7118653281994276,0.3666158690437976,0.33433132247275654,0.6994713038052134,2.033405435485681,0.3162255085454875,0.9703573249687785,0.8849067242345183,-0.10876016673073274,-0.5143800985485703,4.413570318366699
0.42177005630463454,4.381466496375772,0.7183428398053769,0.9153137170845783,3.547614587889199,2.185484063417185,1.7361674255633652,3.7118653281994276,2.030011051802914,7.868009280895384,-0.5495141230551757,-0.6501102809412092,0.3162255085454875,1.6519617916468616,6.4027487420910685,-0.2755583125694577,-0.29408474023371034,4.413570318366699
0.42177005630463454,4.381466496375772,0.7183428398053769,0.9153137170845783,3.547614587889199,2.185484063417185,1.7361674255633652,3.7118653281994276,2.030011051802914,7.868009280895384,-0.628377479865122,-0.7434106655912559,0.3162255085454875,0.37759608486390556,1.4635041013694965,-0.2755583125694577,-0.14060029508524383,4.413570318366699
0.33584983562117493,6.427563554793934,0.7183428398053769,1.299865269693771,5.038077007896558,1.6718203311822293,1.2602802871738117,4.509170923331813,2.7882283336398026,10.80674235090977,-0.628377479865122,-0.6937662216276634,0.3162255085454875,0.4057125186938207,1.5724790560245367,0.43113412727129524,0.18157245959356713,4.413570318366699
0.9085376353987534,6.427563554793934,0.31996644069905167,0.785885619149019,15.352548460115333,1.6718203311822293,5.951449641916678,2.53579782130439,2.7882283336398026,54.46900867892682,1.4759090930770322,9.896400587439308,0.3162255085454875,0.576854863847326,11.26906007169219,0.43113412727129524,1.314919515173435,4.413570318366699
0.9085376353987534,0.3429113122659592,1.4241347151055201,0.785885619149019,0.7749741051219821,1.6718203311822293,1.3371376589065385,2.53579782130439,2.7882283336398026,2.7495155848226958,1.0421169498334977,1.5699559779010261,0.4393246139808578,0.13974440295430057,0.13780414221421108,0.43113412727129524,0.14540738359891137,12.22008061879456
0.9085376353987534,0.3429113122659592,0.44945939334877427,0.785885619149019,7.7805162634902665,1.6718203311822293,4.236787988199954,2.53579782130439,2.7882283336398026,27.604342626474857,1.0421169498334977,4.974484552782087,0.3283227700037365,0.38207877079045116,3.7827007106816404,0.43113412727129524,0.7618269192837891,1.2662872148014555
0.9085376353987534,0.3429113122659592,0.44945939334877427,0.785885619149019,7.7805162634902665,2.8638696661680383,7.257722839637118,2.898417351517409,3.480614696641347,34.45918667335503,1.0421169498334977,5.557914907030247,0.3681254763484162,0.583212309673666,5.773986379083044,0.43113412727129524,0.941224452674157,0.19434087203276101
0.9085376353987534,0.3429113122659592,0.44945939334877427,1.2655262064987793,12.529109824148366,2.8638696661680383,9.209928949219144,2.898417351517409,3.480614696641347,34.45918667335503,-1.4292226278866944,-7.622462862988228,0.38246536117026353,1.8257312674191657,18.07531716167458,-1.3885814804567238,-5.363610771604137,0.20081855124152287
0.9525185733048156,0.3429113122659592,0.44945939334877427,1.2655262064987793,12.529109824148366,2.6129507672023724,8.809774411389416,2.898417351517409,0.35886937164939875,3.552920316330699,2.0863524080569977,3.745879942967794,0.11908323924477118,1.8257312674191657,18.07531716167458,-1.3885814804567238,-5.623255086938056,0.1501980820522049
0.9525185733048156,0.3429113122659592,0.749226237269319,1.2655262064987793,4.508947549874095,1.914357006984003,3.8719877688959214,2.7660299888997337,0.35886937164939875,1.2786168834070473,0.26936736829143326,0.290127338123432,0.17568709499278332,1.8257312674191657,6.504904033345368,-1.1494009231778486,-2.7923216353878852,0.3262633499743463
0.9525185733048156,14.703162557005678,0.749226237269319,1.2655262064987793,4.508947549874095,1.7633382913376003,3.5665365820358055,1.016704559974459,0.30472870340689745,1.0857189156154905,0.26936736829143326,0.26734812228984256,0.07341282743503247,3.2090259555277143,11.433449299868782,-0.4131879560104854,-1.3307906526262503,0.3262633499743463
0.9525185733048156,14.703162557005678,1.0177321858260056,1.2655262064987793,2.4436225263044555,-0.679261964555899,-1.0114113189951082,1.8844003277695587,0.16963879730558962,0.3275579630847686,1.7747681725082254,0.9675182494231542,0.06562909903148423,1.1500909956717251,2.2207270382006574,-0.921871290304968,-1.3085530467654896,0.23779417742033634
0.9525185733048156,12.575289112164612,1.0177321858260056,1.2655262064987793,2.4436225263044555,-0.679261964555899,-1.0114113189951082,1.8844003277695587,0.16963879730558962,0.3275579630847686,0.17257889702697304,0.09408171440382414,0.06562909903148423,1.1500909956717251,2.2207270382006574,-0.921871290304968,-1.3085530467654896,0.28901165606319024
0.46579607884448504,121.32614065022912,1.0177321858260056,1.2655262064987793,2.4436225263044555,-0.15922521813120283,-0.11593771609081788,1.8844003277695587,1.2525832868475477,2.4186308589225534,0.17257889702697304,0.12501678095663954,0.06562909903148423,1.1500909956717251,2.2207270382006574,-0.32734373342859546,-0.22722046785218109,4.8861443590883615
0.46579607884448504,1.6821555630049185,1.0177321858260056,0.10129140222056404,0.19558500718204935,-0.15922521813120283,-0.03280012214041486,1.6269620526135924,1.2525832868475477,2.4186308589225534,-0.027899579585888318,-0.020210556968191722,0.06562909903148423,0.28358155804549756,0.5475716581181369,-0.32734373342859546,-0.11282889639431518,1.4361752394328249
2.7449088064521163,0.8654205763900741,1.4521313511751406,0.10129140222056404,0.09607066022010784,0.37464135132938503,0.318741798976918,1.6269620526135924,1.2525832868475477,1.1880228796327796,-0.027899579585888318,-0.08347145462883834,0.06562909903148423,0.7346360804200642,0.6967716086483338,-0.13698574639577066,-0.3138690725081712,0.9045623004565789
3.3494636570778593,0.8654205763900741,1.4521313511751406,0.2274716094700092,0.21574731146013973,-0.2704884938659029,-0.42082037766655617,0.5159329034173703,1.2525832868475477,1.1880228796327796,-0.027899579585888318,-0.10185569845727942,13.981254442309766,0.7346360804200642,0.6967716086483338,-0.5116466925920093,-1.4305092291435753,0.12810689472594863
3.3494636570778593,0.8654205763900741,1.767459190024282,0.17262840423712927,0.11052065799425705,-0.4714175721308721,-0.5249316608327089,2.916039883576971,1.2525832868475477,0.8019325073806425,-0.027899579585888318,-0.08368388580650896,13.981254442309766,0.4778346565809196,0.3059206906949121,-0.5116466925920093,-0.947872375589726,0.17283270205438583
4.120970512404394,0.8654205763900741,1.6762505579391977,2.225713897245392,1.5842417797636905,0.21757803202882486,1.1285616347154177,2.916039883576971,1.418066035475662,1.009365787150276,-1.8581754216126416,-7.693261740399425,13.981254442309766,0.36337952981549104,0.2586500599906691,0.2617112116423548,0.5485018879805077,5.485203784262733
5.021417289199587,0.8654205763900741,0.1778351127612477,0.5974294274064522,37.78170712083075,0.21757803202882486,6.715558650828861,2.916039883576971,3.252637570364392,205.6982706513241,-2.4217985031521625,-174.4133164566942,13.981254442309766,0.4532048343102158,28.660878641325986,0.2617112116423548,7.0354744754279,5.485203784262733
5.021417289199587,0.8654205763900741,0.1778351127612477,0.5974294274064522,37.78170712083075,-0.5505185218983628,-16.99178629249796,0.6066081421030449,0.29812191600516075,18.853364765952342,-2.4217985031521625,-52.803019137726295,13.981254442309766,0.4532048343102158,28.660878641325986,0.2617112116423548,7.0354744754279,1.4405953853934583
5.021417289199587,0.8654205763900741,0.1778351127612477,0.8689197465674111,54.950877660704016,-0.5505185218983628,-20.49205747740578,0.3636967419095684,0.29812191600516075,18.853364765952342,-0.9266542702205129,-20.204052112850466,5.795366299221162,1.3069226358775072,82.65037842656298,0.2617112116423548,11.947335646444216,1.4405953853934583
0.5666753447665845,1.2220152776953215,0.1778351127612477,0.746961737391381,47.23819801629554,-0.5505185218983628,-2.1441388890072464,0.3636967419095684,2.079878956621171,131.53248564767878,-1.047129532170494,-6.805362119206424,3.376013059846285,1.0842058647049269,68.56566911475542,-2.1097970768334333,-9.899844272223186,1.4405953853934583
0.5666753447665845,1.2220152776953215,0.2607131208730894,0.746961737391381,21.97872903346085,1.0806703764685914,2.8709713036921154,4.341395609321368,2.079878956621171,61.19871168986261,-0.6596695384810085,-2.9243670882502983,0.6003136994303343,1.0842058647049269,31.901857516903736,-2.1097970768334333,-6.752786037671661,1.255762446471283
0.5666753447665845,1.2220152776953215,0.7130682783089125,0.746961737391381,2.938096921065565,-1.5152750581833065,-1.4718340682929185,0.6417883978155552,1.3324804154814378,5.241174226377918,-0.14856829589399967,-0.19274128843124708,0.2226895762508004,1.0842058647049269,4.264611898349066,-2.1097970768334333,-2.4689640193290274,1.255762446471283
0.593185803082675,2.246986655182641,1.1333934969988066,0.746961737391381,1.16296573375598,-1.5152750581833065,-0.969316671588216,2.376676499392264,0.44362859148066924,0.6906978290591106,-0.14856829589399967,-0.07324212493955244,0.2226895762508004,1.0842058647049269,1.6880305989869449,1.4608582302883466,1.125871893460009,1.255762446471283
6.7995157851433135,2.246986655182641,1.1333934969988066,0.1923044050901148,0.29940413594833365,-1.5152750581833065,-5.637653225411936,3.1139691703860266,0.2817947047794658,0.4387341000315374,-0.14856829589399967,-0.6691212518019989,2.7074937021713557,1.0842058647049269,1.6880305989869449,-0.23665264462271485,-2.090641205516515,1.255762446471283
2.9552536677953554,2.246986655182641,1.1333934969988066,1.0639341759388041,1.6564690367003692,-1.1539473823911397,-4.389069243790816,3.700451218592224,0.2817947047794658,0.4387341000315374,-0.14856829589399967,-0.2908182135422454,2.7074937021713557,1.0842058647049269,1.6880305989869449,-0.23665264462271485,-0.9086492753125601,1.255762446471283
0.5517478107026726,2.246986655182641,1.1333934969988066,2.098884887567079,3.267812902791064,-1.1539473823911397,-1.1509467119193932,0.8694194831755714,0.2817947047794658,0.4387341000315374,0.934226639183911,0.341423618522448,0.7254539587257719,2.0259348514252427,3.1542349401426724,0.5389899382368317,0.5281633913640913,1.255762446471283
0.5517478107026726,2.246986655182641,0.5043792290965706,2.098884887567079,16.500770696089756,-1.1539473823911397,-2.5862990452999775,0.8694194831755714,3.6973692340246482,29.067550236228914,0.934226639183911,2.7790546122345092,0.7254539587257719,0.642612303279394,5.052015156100591,0.5389899382368317,0.6684264070222447,1.255762446471283
0.5517478107026726,2.246986655182641,0.5043792290965706,1.574314816857014,12.376766324963073,-1.1539473823911397,-2.2399082052528416,1.8320815546024363,3.6046213501945368,28.338395639569633,-0.7505671468675724,-2.204539065767057,0.7254539587257719,0.22933171009379283,1.8029335405745872,0.5389899382368317,0.39931087267548143,0.7907987612867978
1.4877709069461225,2.246986655182641,0.5043792290965706,0.3287674150827747,2.584665676884888,1.1397729994016519,2.726193100222203,1.8320815546024363,3.5239064668733815,27.70384069597392,0.6085252181651909,4.765238404867733,0.6366351375283125,0.22933171009379283,1.8029335405745872,-0.11432322499447511,-0.2283812197573985,1.2505127556135773
0.6178043674635098,6.527376558038806,1.4317935480690505,2.202149273790098,2.148403978851002,-0.18746555878250026,-0.16975807384000338,1.8320815546024363,3.5239064668733815,3.437902582098607,0.6085252181651909,0.6970699128111288,0.6366351375283125,0.22933171009379283,0.22373467789230866,-0.11432322499447511,-0.033408124298957884,1.2505127556135773
1.5097519262224541,0.9093234876920083,1.4317935480690505,5.008204985054555,4.88597555345297,-0.18746555878250026,-0.6256086255770874,0.4356088549130519,3.5239064668733815,3.437902582098607,0.6085252181651909,1.703456140815449,0.6366351375283125,1.4828491343987333,1.4466589609954206,-0.11432322499447511,-0.20759798809492327,1.2505127556135773
1.1604938772278648,3.819687143714111,0.30728986238464756,0.18329226734250043,3.882197926436223,-0.6649046936301582,-1.5203412843927404,0.3875218242422818,1.6009671167265767,33.90907489422138,-0.44775691376896853,-3.025820247713151,0.9366344869729496,2.4814940927945224,52.55896149459031,-0.17326566895555107,-1.4577356028571722,0.7535043215120297
1.1604938772278648,1.8585437596421528,0.30728986238464756,0.6244681023514473,13.226465072551491,-0.6649046936301582,-2.806235710208874,1.542461510560455,1.6009671167265767,33.90907489422138,0.520801476328232,3.519435666215008,0.18924129111169527,2.4814940927945224,52.55896149459031,-0.17326566895555107,-1.4577356028571722,0.7535043215120297
1.1604938772278648,1.8585437596421528,0.30728986238464756,0.5490084877478884,11.628202562130319,-0.6649046936301582,-2.631228390211071,1.542461510560455,0.3028261449416139,6.4139696071641765,0.38937451944020174,1.1443894101096572,1.811034828436756,0.4564960142359281,9.668754201079134,-0.17326566895555107,-0.6252311872516183,0.6301512703626853
0.8202593479293564,1.8585437596421528,0.17426309505851847,0.7374340146626152,48.56711600654877,-0.6649046936301582,-3.8008588754276067,1.007609545597117,0.9279285760139794,61.11301336931299,0.38937451944020174,2.4968104061074228,1.811034828436756,0.707263434485822,46.58009338717369,-0.17326566895555107,-0.9699824700118682,0.6301512703626853
2.9225302459783897,1.8585437596421528,0.31526250120332866,0.7374340146626152,14.83913302024812,-0.3608621081785132,-4.062604641964066,1.0055553525646665,0.9113360464107978,18.33850425929156,0.38937451944020174,4.87313561663771,0.5194330967758154,0.707263434485822,14.232020731365804,0.776698535536908,8.563371488833846,0.7451854770520489
2.9225302459783897,0.3537248749671729,0.4801933157643572,1.3686284438100427,11.870891522324953,-0.3608621081785132,-3.6336405597900057,1.044720754990833,0.9113360464107978,7.904534935143145,-0.7637433318386896,-6.275446155125643,0.5194330967758154,0.707263434485822,6.134497311129584,0.776698535536908,5.622131390991385,0.893168466775311
2.9225302459783897,0.4490075273089877,0.4801933157643572,1.3686284438100427,11.870891522324953,-0.3608621081785132,-3.6336405597900057,3.059526471191013,0.6439684053774449,5.585503588365607,-0.7637433318386896,-5.275184012005124,0.6118504642598873,0.707263434485822,6.134497311129584,0.776698535536908,5.622131390991385,0.893168466775311
2.9225302459783897,0.4490075273089877,1.1295223237793852,1.122738639601872,1.7600257736468237,-0.3608621081785132,-1.399135610361619,3.059526471191013,0.6439684053774449,1.0094967349484452,-0.9700537117414902,-2.848441178669077,0.6118504642598873,0.38951268968981057,0.6106072676537292,0.776698535536908,1.7737503139195567,0.893168466775311
2.9225302459783897,0.4490075273089877,1.1295223237793852,0.5779776968282039,0.9060484845977975,-0.3608621081785132,-1.0038666247360488,0.4020366600923535,0.8630016789888354,1.3528573295201127,-0.9700537117414902,-3.2974695642933747,0.6118504642598873,0.38951268968981057,0.6106072676537292,0.9347536013756363,2.1347014549619727,0.893168466775311
2.9225302459783897,0.4490075273089877,1.1295223237793852,5.539048325126159,8.683114190453356,0.08214362907170253,0.7074091233946296,3.3867632797425946,0.33990094780148383,0.5328349871611543,-0.19877352814393778,-0.4240469342657942,1.166658599530628,0.38951268968981057,0.6106072676537292,0.19965382707781598,0.4559504392649763,2.415381241610337
1.9161075833563412,0.4415982513971895,0.43153374237237485,0.17370202101662002,1.8655433612682866,0.08214362907170253,0.21497920352007877,0.23186793610398754,0.2229708258094951,2.394685688807336,-0.6199931016949497,-1.8383618820096093,2.1710367109622886,0.4795051976397894,5.1498407037242035,0.19965382707781598,0.8681493149087226,0.5021489765099565
1.9161075833563412,0.4415982513971895,0.32113921766808,0.17370202101662002,3.368590170500007,0.08214362907170253,0.28888025853988697,0.23186793610398754,0.39587274113062904,7.677130160816821,0.5847039346686084,3.1042404804152395,1.0386775413980731,0.6745716258927795,13.081916577488776,0.19965382707781598,1.3836722043023972,0.5021489765099565
1.9161075833563412,0.4415982513971895,0.32113921766808,0.15255799274981532,2.9585456277395195,0.08214362907170253,0.270727835678283,0.23186793610398754,0.39587274113062904,7.677130160816821,-1.2117719244450682,-6.43339515583221,0.5165911866914005,0.13413509651219777,2.6012717928412936,0.19965382707781598,0.6170074315424643,0.26587145887754815
7.652233418853959,0.2802978013750731,0.32113921766808,0.15255799274981532,2.9585456277395195,0.08214362907170253,1.0811880343182634,0.23186793610398754,0.39587274113062904,7.677130160816821,-1.2117719244450682,-25.69262907561755,0.5165911866914005,0.13413509651219777,2.6012717928412936,0.19965382707781598,2.464102187341759,0.08596655044512477
1.2386624856290191,1.8265534157970704,0.31566322674491837,1.4763376015169132,29.632459095960645,0.6153280227362088,4.149000863926692,1.8240527506555404,0.39587274113062904,7.945799657684051,-1.2117719244450682,-4.230996598033785,0.5165911866914005,0.13413509651219777,2.692306120664026,-1.0890379269648571,-2.2133913518403503,0.5277769592015026
1.2386624856290191,3.8690139616982333,0.7222755963395265,0.24106147196960487,0.9241701068513475,-1.423976236364846,-1.6956323155133315,1.2257734602813743,0.39587274113062904,1.517678252277325,-1.2117719244450682,-1.849114168124675,0.5165911866914005,0.4511341200785323,1.7295367216949349,-1.0890379269648571,-1.7740296872385382,0.5277769592015026
1.2386624856290191,2.2513787830709253,0.544552307423307,0.24106147196960487,1.625842959015089,-1.423976236364846,-2.2490288355493715,1.2257734602813743,4.596219798097384,30.999278050391283,-1.2117719244450682,-8.356985729354793,0.22455745180606013,1.2571319658815128,8.478746680593433,1.9803701877337407,7.142745801540589,0.5277769592015026
1.2386624856290191,2.2513787830709253,0.544552307423307,0.06142770256873976,0.41430012392213106,-1.292127926126515,-1.030186914266019,1.056229683270838,0.817890753767823,5.516277289738888,0.34942135594836077,1.0165423439565604,0.22455745180606013,0.9180998299279196,6.19213900904691,1.9803701877337407,6.104072921889084,0.5277769592015026
0.4886605054260759,2.2513787830709253,0.544552307423307,0.08715423743092593,0.58781315038708,-1.292127926126515,-0.48409701139674677,4.689254919785624,0.817890753767823,5.516277289738888,-0.7145309930476409,-0.8200708135378802,0.732998742202957,1.6543185032532526,11.157577644020265,1.9803701877337407,3.232500335274757,0.1663598864073466
0.4886605054260759,1.897947895598177,0.36406298090329525,4.836437012362377,72.97976999808644,-1.292127926126515,-5.394037951960169,3.3026877588691823,0.817890753767823,12.3416223432592,-0.7145309930476409,-1.2266324157829782,0.732998742202957,1.6543185032532526,24.96296003905343,-1.3721364387397097,-3.3500599454538604,0.1663598864073466
0.4886605054260759,1.897947895598177,0.17397669229320553,4.836437012362377,319.5754377620946,-1.292127926126515,-11.287543808377247,3.3026877588691823,1.1778121988323,77.82585570353856,-0.7740860810814353,-3.337017241379742,0.732998742202957,1.6543185032532526,109.31178438253984,-1.3721364387397097,-7.010323014367912,0.15106227524933605
0.4002828639815418,0.8140885414543648,0.17397669229320553,4.836437012362377,319.5754377620946,-1.292127926126515,-9.246113227413002,2.3725635710096644,0.44610142176408313,29.47687663090523,-1.2545102722370318,-2.7263521577968417,0.732998742202957,1.6543185032532526,109.31178438253984,0.5093748242794942,2.1317583195419743,0.15106227524933605
0.4002828639815418,3.0788906501485003,0.17397669229320553,2.2597538660198038,149.31691018035644,-1.292127926126515,-6.320144509108747,2.3725635710096644,0.45873656755426273,30.311764428836504,0.2710467625412736,0.5973334443529748,0.894798827928748,1.6543185032532526,109.31178438253984,1.746506887129829,7.309215943372744,0.15106227524933605
0.4002828639815418,3.2228668517142762,1.3113411375915576,2.2597538660198038,2.628208180284152,0.6991010636158357,0.45366663761572534,1.4326451878056206,0.5907846467959779,0.6871124616019862,0.17367409403460055,0.05762566538081231,0.45658083119978227,1.6543185032532526,1.9240561940950471,1.746506887129829,0.9697196073786458,0.5735138438465042
0.4002828639815418,3.2228668517142762,1.3113411375915576,0.9205176045685438,1.0706085891928803,-0.3356913130128205,-0.13903446269286024,2.6554485336351967,2.244466536148754,2.6104282414926043,0.17367409403460055,0.11232021346936366,1.3847510522741027,0.2044508763602226,0.23778672261445827,1.746506887129829,0.3409032185801732,0.40751978437994246
0.4002828639815418,3.2228668517142762,0.5482475759178533,0.9205176045685438,6.125036119308617,-1.065400943345711,-1.0554420731254142,2.6554485336351967,2.244466536148754,14.934465711749407,1.7620161627610118,2.7256603171738543,1.3847510522741027,0.2044508763602226,1.3603965813533956,1.746506887129829,0.8153987980943302,0.6572168000552188
0.4002828639815418,3.2228668517142762,0.41447814558500856,0.4431629964004502,5.159293248523011,0.4868469383572367,0.4426439659320019,0.46491724705895543,2.244466536148754,26.130026966476056,1.7620161627610118,3.6053448838825877,1.3847510522741027,0.2044508763602226,2.380212325098445,0.9871819086178559,0.6096380090021234,0.6572168000552188
2.781629050366625,3.2228668517142762,0.41447814558500856,0.33282518183965093,3.8747429897150365,-0.724198135265901,-3.96531840813161,0.46491724705895543,2.244466536148754,26.130026966476056,1.7620161627610118,25.054112898674937,1.3847510522741027,0.2263685742212071,2.635377651436214,0.9871819086178559,4.4577717784310575,0.6572168000552188
2.781629050366625,3.2228668517142762,0.41447814558500856,0.33282518183965093,3.8747429897150365,-1.7034617353551047,-9.327237737599658,0.46491724705895543,2.244466536148754,26.130026966476056,1.7620161627610118,25.054112898674937,0.31652756608524824,0.09444444342429224,1.0995200034236645,0.9871819086178559,2.8793732688647578,0.6572168000552188
2.781629050366625,0.9575993649994331,0.41447814558500856,0.9171459882340943,10.677392163695824,-1.7034617353551047,-15.483323678977968,0.8627459984941241,2.244466536148754,26.130026966476056,0.7621832439787062,10.837485743716666,0.31652756608524824,0.09444444342429224,1.0995200034236645,0.9871819086178559,2.8793732688647578,0.6572168000552188
0.2735069885430536,0.8260172740934548,0.41447814558500856,0.229815726983527,2.6755093233441136,-1.7034617353551047,-0.7620861073167349,0.8627459984941241,2.244466536148754,26.130026966476056,0.7621832439787062,1.0656086902570787,0.31652756608524824,0.7867657271269173,9.159508210534968,0.381697034682002,0.31595358820777963,0.3718023144841171
0.2735069885430536,0.3359059083465737,1.0337820374262965,0.229815726983527,0.4300825059796331,-2.202417984005393,-0.3950427184719594,0.8627459984941241,2.244466536148754,4.200346969828898,0.7621832439787062,0.427238525982333,1.2854592964830274,0.7867657271269173,1.4723717126891283,0.381697034682002,0.12667646814343728,0.5989941957210683
26.3293000736636,0.5043104085352452,1.2794892891978178,0.229815726983527,0.2807607744702005,-2.102387040229257,-29.33054959101504,0.8627459984941241,2.244466536148754,2.7420149666551827,-0.45265117593064663,-19.735033938753578,1.2854592964830274,0.7867657271269173,0.9611742319558363,0.381697034682002,9.852788489426127,0.5989941957210683
26.3293000736636,0.7846487070009097,1.2794892891978178,0.229815726983527,0.2807607744702005,-2.102387040229257,-29.33054959101504,0.8627459984941241,0.6613679402415713,0.8079785380627788,-0.45265117593064663,-10.712797103446666,0.8400936891405548,0.7867657271269173,0.9611742319558363,0.381697034682002,9.852788489426127,0.5989941957210683
20.904426495322866,2.4224767628981216,1.2794892891978178,2.7884072193402045,3.406535230273296,0.8977007396989127,34.63588450277938,0.3353561884565075,0.6613679402415713,0.8079785380627788,-0.23713952060382668,-4.455968452156533,2.9344710725428094,0.7867657271269173,0.9611742319558363,0.8758653650127703,17.950504959262823,0.5989941957210683
8.232339131872383,7.6595579064862545,1.2794892891978178,2.7884072193402045,3.406535230273296,0.8977007396989127,13.639902889612332,0.6068350775970272,0.6613679402415713,0.8079785380627788,-0.05996204729650004,-0.44371041011830187,4.747317305953694,0.7867657271269173,0.9611742319558363,0.5401332066755155,4.359384648802139,1.485798487238407
4.046909460716554,7.6595579064862545,1.2794892891978178,2.328097797290111,2.8441854227687022,0.2600879575045344,1.775099433902526,3.494962500008722,0.35919522490210054,0.43882083638575475,-0.05996204729650004,-0.16074725348225127,4.747317305953694,0.7867657271269173,0.9611742319558363,0.5401332066755155,2.143016060871066,1.485798487238407
4.046909460716554,7.6595579064862545,0.37933516403437056,2.328097797290111,32.358248732300545,0.2600879575045344,5.987371929309465,3.494962500008722,0.35919522490210054,4.992457122877659,-0.05996204729650004,-0.5421970030700121,0.9970300441898506,0.7867657271269173,10.93526273769746,0.5401332066755155,7.228346740390737,1.485798487238407
4.046909460716554,1.771256689097741,1.2197496180916516,2.328097797290111,3.1296072125273864,1.8874621721788998,13.51284084595307,1.6860180043394308,0.8527421591221305,1.1463212648202319,0.3005334475589322,1.30217536836989,0.9970300441898506,0.7867657271269173,1.0576306962069273,0.5401332066755155,2.247974548049744,1.485798487238407
4.046909460716554,0.47514813622090174,0.8665152077544974,2.328097797290111,6.201244248042524,1.8874621721788998,19.02134239962966,3.824358170647205,0.7161283219259758,1.9075172195828554,0.3005334475589322,1.6797727637003403,0.9970300441898506,0.7867657271269173,2.095670742690374,0.38942137239968333,2.2814176463532156,0.6792647108477052
4.046909460716554,0.47514813622090174,0.8665152077544974,0.41362924863008127,1.1017647118927318,0.5918066328643297,2.513898540332998,3.824358170647205,0.49928496777501935,1.329921809192413,0.3005334475589322,1.4025855349712912,2.7585945498953977,0.7867657271269173,2.095670742690374,0.38942137239968333,2.2814176463532156,0.22056127523659802
4.046909460716554,0.47514813622090174,0.8665152077544974,0.3202660282383078,0.8530775072112419,-0.19778797210366383,-0.7392947320739405,3.824358170647205,0.49928496777501935,1.329921809192413,0.3005334475589322,1.4025855349712912,0.6485360268730781,0.7867657271269173,2.095670742690374,0.38942137239968333,2.2814176463532156,0.22056127523659802
0.32693619973879423,2.5804937161218757,0.8665152077544974,0.3202660282383078,0.8530775072112419,1.3111859315622332,0.39593285044835896,0.969299782100518,0.24202722415450997,0.644676496582255,0.3005334475589322,0.07889086939045163,0.6485360268730781,1.5238043200932543,4.05888566456262,0.38942137239968333,0.2564993104965853,0.22056127523659802
0.25691561366489435,0.9878418567010078,0.5247496340069656,1.9305447953974106,14.02185882376361,1.3111859315622332,1.26141379029344,2.800456620421203,0.24202722415450997,1.7578828404773312,0.3005334475589322,0.1023713134562244,0.6485360268730781,0.17909369538528075,1.300786451008812,0.38942137239968333,0.11410726183535295,0.1234350722967016
0.22880460860717305,0.9878418567010078,0.5247496340069656,1.9305447953974106,14.02185882376361,1.3111859315622332,1.1233933370676203,0.7188792629906844,0.24202722415450997,1.7578828404773312,0.3005334475589322,0.09117012381546134,0.9622181772547036,2.1839586129755997,15.862444332343266,0.38942137239968333,0.35487026130088994,0.222676881450117
0.22880460860717305,3.97985822310786,0.5247496340069656,1.9305447953974106,14.02185882376361,0.12281697237955824,0.10522669983625058,0.7188792629906844,2.2519498371383477,16.356275580775222,-0.6713089568772851,-0.6211970993978352,1.0573181182566904,2.1839586129755997,15.862444332343266,0.38942137239968333,0.35487026130088994,0.222676881450117
4.176131056229513,3.97985822310786,0.5247496340069656,1.3367660302101432,9.709147697943486,0.12281697237955824,1.5981703176130464,0.7188792629906844,1.9032169704923751,13.82337241531948,-0.6713089568772851,-10.423259863251266,1.0573181182566904,1.3964671905482873,10.142766873148384,0.38942137239968333,5.179312602556017,0.222676881450117
4.176131056229513,0.6804624903357563,0.8094589477745263,0.5753113183495321,1.7560757981314852,0.12281697237955824,0.6796794437405429,0.7188792629906844,1.9032169704923751,5.8093646932985,-0.6713089568772851,-6.7571083295062255,0.11669065762920762,1.3964671905482873,4.262565602292936,0.38942137239968333,3.3576037426866345,0.222676881450117
4.176131056229513,0.956213699102358,0.8094589477745263,0.5753113183495321,1.7560757981314852,-0.048157950938862076,-0.2665101465345849,3.6834190341455892,0.04733142616785514,0.14447407748359187,-1.2806283849948095,-2.0327885603584805,7.733668466006514,1.3964671905482873,4.262565602292936,0.38942137239968333,3.3576037426866345,0.222676881450117
0.5765828722989328,0.956213699102358,0.42478481489656505,0.08632585706346535,0.9568259117056042,-0.048157950938862076,-0.027161027871327046,3.6834190341455892,0.04733142616785514,0.5246161061811357,-0.1089608840273657,-0.04550437620790495,7.733668466006514,1.1528029079388715,12.777535386582395,0.38942137239968333,0.8026109240582872,0.2413781542754952
0.5765828722989328,0.956213699102358,0.42478481489656505,0.08632585706346535,0.9568259117056042,0.5514457479193207,0.3110147553365851,3.021723081240343,0.7930274595477602,8.789825526221135,0.24458163353188012,0.418095704723341,7.733668466006514,1.1528029079388715,12.777535386582395,0.38942137239968333,0.8026109240582872,3.545452738809204
6.550085162649113,0.31382007912704574,0.42478481489656505,0.0460956587113035,0.5109190012407023,0.5514457479193207,2.5818188435910865,3.021723081240343,0.559105660348573,6.197063097902271,0.24458163353188012,3.9880789474112786,7.733668466006514,0.8106472711563779,8.985121499872482,0.38942137239968333,7.645901638414321,1.7247736710292474
6.550085162649113,0.31382007912704574,0.42478481489656505,0.206857031451019,2.292779642666322,0.5514457479193207,5.469289316459139,0.605922789325447,2.022378723739353,22.415814125462955,0.5106827510376971,15.837090345670415,0.13565439966305498,0.8106472711563779,8.985121499872482,0.38942137239968333,7.645901638414321,1.7247736710292474
13.631663218247482,0.31382007912704574,0.7934501654254361,0.206857031451019,0.6571446455147463,0.5514457479193207,6.09371483753154,0.605922789325447,2.022378723739353,6.424704735371543,-0.32139886836014064,-11.105031067574766,0.13565439966305498,0.8106472711563779,2.5752690633950897,0.38942137239968333,8.518829698787274,1.0671401968034107
1.5074671249074267,0.31382007912704574,0.7934501654254361,2.781354393172126,8.835823147664025,-1.5919946537938372,-7.133669126988592,0.605922789325447,2.022378723739353,6.424704735371543,-0.32139886836014064,-1.2280577202813832,2.244427345662063,1.0997216637762643,3.4936023099522258,0.38942137239968333,1.097246908185686,1.0671401968034107
4.185144861033457,1.0750213759969913,0.7934501654254361,2.781354393172126,8.835823147664025,-0.8965690077929387,-11.153668292583221,0.605922789325447,2.022378723739353,6.424704735371543,1.8504056331758303,19.629264334418004,0.6787220227303622,1.0997216637762643,3.4936023099522258,0.38942137239968333,3.04626030193539,1.0671401968034107
9.41054462599502,0.2824313606292102,0.7934501654254361,2.781354393172126,8.835823147664025,-0.8965690077929387,-25.079679842905435,0.7993866953511787,0.3537131141247976,1.1236779207599523,1.8504056331758303,18.458764291395745,4.484457243902352,0.3846855026055225,1.2220711883522621,1.4330083987040265,14.907737841431617,2.361714436455454
9.41054462599502,0.2824313606292102,0.7934501654254361,2.781354393172126,8.835823147664025,-0.8965690077929387,-25.079679842905435,0.32574669461503464,1.8718350870719453,5.946456816708312,1.8504056331758303,42.46301577929656,3.1930861114277795,0.3846855026055225,1.2220711883522621,1.4330083987040265,14.907737841431617,2.361714436455454
3.3830686024037693,0.2824313606292102,0.5205513818177581,2.781354393172126,20.52858983128296,-0.8965690077929387,-13.742763905524445,0.32574669461503464,1.8718350870719453,13.815619767346119,0.7823350536890055,9.837591403253056,3.1930861114277795,0.7542110755082853,5.566672788382851,-1.6445835652065648,-13.126973167031604,0.33929497189634855
3.3830686024037693,0.2824313606292102,0.5534487931367063,2.781354393172126,18.160651951728976,-0.6360620088488429,-9.170140266929161,0.32574669461503464,1.8718350870719453,12.222011553363446,0.7823350536890055,9.25283759261348,0.9952885575022618,0.7542110755082853,4.924566561553418,-1.4275626355240014,-10.717413397658902,0.9562375210580795
3.3830686024037693,0.2824313606292102,0.8488471494870593,0.9440957718377246,2.6205174687652346,-0.6360620088488429,-3.4834035543233717,2.1946571181828145,1.8718350870719453,5.195634479721884,0.7823350536890055,6.032855033814243,0.9952885575022618,0.6951261186715507,1.9294548194278716,-1.7023062902950423,-7.999554752434483,0.9562375210580795
0.4686368092298732,0.2824313606292102,0.5922074480487075,1.5535792787589164,8.859632050091069,-1.298778810095383,-1.811671425797406,1.6371744701016566,1.8718350870719453,10.674556719857662,0.08841608786884647,0.13537629274555132,0.359408787327184,0.6951261186715507,3.9641115996073735,-1.7023062902950423,-1.588353036324256,3.960969738672981
1.5966645548715759,0.2824313606292102,0.8088759778350556,1.5535792787589164,4.748971246502891,-0.09237815669066007,-0.32142728979433105,0.8013007637621314,1.8718350870719453,5.721813574780138,0.5423979793366039,2.071565163475367,1.9557869197515978,0.6951261186715507,2.124857093164551,0.3320602652551754,0.7728504395540581,3.960969738672981
1.9974123633208398,0.2824313606292102,0.8088759778350556,1.3419546774966502,4.102078512937347,-1.1552923395290484,-4.673708388779286,0.8013007637621314,1.8718350870719453,5.721813574780138,0.5423979793366039,2.5915085647299705,1.9557869197515978,0.6951261186715507,2.124857093164551,0.6949113222444885,2.0233079357634587,2.154777810420673
1.9974123633208398,0.2824313606292102,0.8762180211427519,0.07816958089645519,0.20363077636851976,-0.12448417764843978,-0.11220277470683214,0.7170711685777481,1.8718350870719453,4.876106890213363,0.5423979793366039,2.3923372651363963,0.2416774228073823,0.6951261186715507,1.8107948078501543,0.6949113222444885,1.8678058947790832,2.154777810420673
1.9974123633208398,0.2824313606292102,0.38869498487687854,0.013848462067929388,0.18332161182431875,0.10173202282047175,0.08700260318250819,0.9439721357454698,0.1802639373579874,2.3862776522162457,0.5423979793366039,1.6735792540499232,0.2416774228073823,0.6951261186715507,9.201862262464559,0.6949113222444885,4.2105127379518414,0.6018260834967838
9.578387791485794,0.7533236828011802,0.22479514594178054,0.013848462067929388,0.5480973257781968,0.10173202282047175,0.7214046502812124,0.9376719484338678,0.1802639373579874,7.134523784339188,-0.1389981935738498,-3.5561827187943296,0.2416774228073823,2.2813333851401247,90.29108947047007,1.0202032487560264,92.8542026032703,3.2638749466021912
0.3042001343328412,0.8262411358472904,0.183931333134829,0.3426342514587318,20.255796885978857,-1.0780470349435398,-1.4759504496619833,0.41807104737831385,0.1802639373579874,10.656814622136507,-0.1389981935738498,-0.13803278904169225,0.2416774228073823,2.2813333851401247,134.8675022472664,0.8345876385640006,2.9483905232235617,1.9386399094882034
0.3042001343328412,0.8262411358472904,0.34391647179973744,0.19414301979614462,3.2828105672161163,-1.3244208436197356,-0.7299755599144907,0.41807104737831385,0.3406208489376625,5.759639071653548,1.6162944211684391,1.1799877806523482,0.2416774228073823,3.0208669049356707,51.08055807563573,0.6896302522998982,1.4993517222151824,1.2274717654743186
0.3042001343328412,0.8262411358472904,0.34391647179973744,1.5407054093725128,26.05215476799521,0.8544549894518159,1.3266929348933927,12.89544298663083,0.3406208489376625,5.759639071653548,1.628723431280996,1.189061672058729,0.2908947738932315,6.0971426220504785,103.0980369549633,-0.8868719058076867,-2.7393372122806614,1.2274717654743186
0.26485723553506074,0.8262411358472904,0.34391647179973744,2.3914198220973835,40.43708741563149,0.5866850949147286,0.9881134936439087,12.89544298663083,0.3060225437531561,5.174608087862694,1.628723431280996,0.9812912301573934,0.2640303620151221,0.24939042419682433,4.217002088334174,-0.8868719058076867,-0.48236373290107315,1.2274717654743186
0.7069886245973196,0.8262411358472904,0.8618780389459769,2.3914198220973835,6.438640703021922,0.9534342065653394,1.7104100929387478,11.817798415497252,0.3060225437531561,0.8239327900708269,0.47654526585331936,0.30581760229785615,0.25962811871849906,0.24939042419682433,0.6714568982577361,1.1284179964341923,0.6537195903432572,2.7766532138756777
0.714575427171381,0.8262411358472904,0.8096653550671555,2.3914198220973835,7.295830022073418,-1.123514411515581,-2.1685232298265213,5.086298684127045,0.3060225437531561,0.9336246365087764,0.47654526585331936,0.32903219051628746,0.4875490819248879,2.725415993578643,8.314797613055996,1.1284179964341923,2.325112242035581,2.7766532138756777
0.596992161826286,0.8262411358472904,0.8096653550671555,2.3914198220973835,7.295830022073418,0.45979849145688534,0.7414357536447559,5.086298684127045,0.3060225437531561,0.9336246365087764,0.47654526585331936,0.27488999937251685,0.3338846601779488,2.725415993578643,8.314797613055996,1.1284179964341923,1.9425154169605585,2.7766532138756777
0.596992161826286,0.8262411358472904,0.8096653550671555,2.3914198220973835,7.295830022073418,0.45979849145688534,0.7414357536447559,5.086298684127045,0.17325797061339146,0.5285816785009573,0.47654526585331936,0.20683729118656383,0.4105536745306507,0.23450118045216095,0.7154246764811091,0.9272529302371431,0.4682187502666326,1.979836615864422
0.596992161826286,0.8262411358472904,0.2532298051558777,0.13457017166440152,4.197098488538828,0.6069373036033193,0.7423129554339292,5.086298684127045,0.17325797061339146,5.403729203840604,0.4792812367341481,0.6651289405933322,0.4105536745306507,0.23450118045216095,7.3138388534633725,0.9272529302371431,1.4970611395857392,1.979836615864422
0.596992161826286,0.8262411358472904,0.2532298051558777,0.13457017166440152,4.197098488538828,-1.9273358920127839,-2.357222720732556,5.01442923663032,0.17325797061339146,5.403729203840604,-0.5973056843887457,-0.8289189449079797,3.4464547007486894,0.23450118045216095,7.3138388534633725,-1.4638970306064114,-2.3634795700406483,2.6903505476155476
0.596992161826286,0.5473524711889682,0.2532298051558777,3.196701381774564,99.70166770103951,-1.9273358920127839,-11.48886826436436,5.01442923663032,0.17325797061339146,5.403729203840604,-0.5973056843887457,-0.8289189449079797,3.4464547007486894,0.23450118045216095,7.3138388534633725,-0.9627976205318146,-1.5544484746089395,2.51131399709002
0.596992161826286,1.768700373850443,0.2532298051558777,0.3736991319797109,11.655272803781571,-1.9273358920127839,-3.928142732222956,7.244805112727972,0.17325797061339146,5.403729203840604,-1.6243012859174928,-2.254145813986785,2.0346398385723967,0.23450118045216095,7.3138388534633725,0.8696591288871428,1.4040752464486261,0.7308438253565337
0.6198225811179731,2.022448141843564,0.7301543562456559,0.08821348909908981,0.33092961526765996,-1.9273358920127839,-0.687214984541714,0.42146822277910956,0.17325797061339146,0.6499708167391461,-2.100756840234884,-1.049760214890426,1.0520524767952424,0.23450118045216095,0.8797224349631404,-0.8884544318184341,-0.5165060181158778,0.7308438253565337
0.6198225811179731,2.022448141843564,0.7301543562456559,0.5798367906042768,2.175236100424101,-1.9273358920127839,-1.7618868107977446,0.16402324973777369,0.17325797061339146,0.6499708167391461,-0.5019441165613978,-0.2508243474792463,1.0520524767952424,0.17972817604774818,0.674243551181032,-0.8884544318184341,-0.45217958710877615,0.41090544068175294
0.6198225811179731,3.7102963068474697,0.7301543562456559,1.2415421913666547,4.657599239340979,-1.9273358920127839,-2.5781362301420483,0.16402324973777369,0.025458357933397503,0.09550608055851792,-0.5019441165613978,-0.0961475613892006,1.0520524767952424,0.17972817604774818,0.674243551181032,-0.198206726772867,-0.10087747065530189,0.41090544068175294
0.6198225811179731,3.7102963068474697,0.7301543562456559,1.2415421913666547,4.657599239340979,-1.9273358920127839,-2.5781362301420483,0.5574773293413737,0.23919729510844573,0.8973397339990219,-0.5019441165613978,-0.29471430178915187,1.0520524767952424,0.164261144145019,0.6162195576945799,-0.198206726772867,-0.09643918304880317,0.624661532057141
0.6198225811179731,3.7102963068474697,0.7301543562456559,1.2415421913666547,4.657599239340979,-1.9273358920127839,-2.5781362301420483,0.5574773293413737,0.23919729510844573,0.8973397339990219,-0.5019441165613978,-0.29471430178915187,1.0520524767952424,0.49249550095489436,1.8475785088715904,-0.198206726772867,-0.16698875804445784,0.3179266551752658
25.712086466758436,0.42500914924717365,0.7301543562456559,1.2415421913666547,4.657599239340979,-1.9273358920127839,-106.94876839260861,0.33162662949527505,0.18132525031936328,0.6802349157632194,-0.5019441165613978,-10.644423571873268,1.0520524767952424,0.49249550095489436,1.8475785088715904,-0.198206726772867,-6.927190968214308,0.3179266551752658
25.712086466758436,0.42500914924717365,0.7301543562456559,1.2415421913666547,4.657599239340979,-1.6251749496039796,-90.18171663951584,0.23323656170832058,0.6925726873963628,2.598160613820823,-1.0856071779030751,-44.992800250813374,1.477517900415788,0.49249550095489436,1.8475785088715904,-0.198206726772867,-6.927190968214308,0.3179266551752658
28.500498327957377,0.42500914924717365,0.7301543562456559,1.2415421913666547,4.657599239340979,-0.159264866987594,-9.796106443550038,0.23323656170832058,1.0301042687086697,3.8643977560666696,-0.44864207949247614,-25.135838031992623,1.0462557937087515,0.8499246769326979,3.188460735612486,1.2933272390478328,65.81902046340747,0.3179266551752658
13.144693818134744,0.7225642264114457,0.8653003862292079,0.10076411551088908,0.2691547803956057,-0.159264866987594,-1.0861042334372433,0.45438509194167326,0.4335999508836848,1.1582049717593346,0.04996448794065572,0.7068131614081362,1.439806311843814,0.0938817291097116,0.25077098184773433,1.363519693550103,8.975332151406805,2.640757393685894
13.617577513650469,0.8160039807371382,0.6525788416482482,0.20097943985719824,0.9438775351956441,-0.5525541837278816,-7.3102554373862345,0.5657760264189676,0.05350779901613965,0.25129341332119814,0.04996448794065572,0.3410765407487707,0.5104902995693311,1.2951151717885236,6.082364031916932,1.3593597895653262,45.65312174946293,2.640757393685894
0.49444226983415046,0.8160039807371382,0.6525788416482482,1.4836844552501438,6.967958651017409,-0.5525541837278816,-0.7211792880087554,0.5657760264189676,0.05350779901613965,0.25129341332119814,0.04996448794065572,0.012384189392419635,0.5104902995693311,1.2951151717885236,6.082364031916932,1.3593597895653262,1.657624722179251,2.640757393685894
2.264917248867201,0.8160039807371382,0.6053277331168017,2.793959153237484,15.249967041113635,0.6620655294024251,5.855820673679723,2.6019578358784514,0.05350779901613965,0.2920558700699457,-0.6427715368693301,-0.7867594103670645,0.5104902995693311,2.297720171628561,12.541399127626809,-1.3752210664308964,-11.03056734424885,0.516503580794797
9.403013604898508,0.8160039807371382,0.6053277331168017,5.438768643564938,29.685846502981317,0.6620655294024251,33.91897814343245,1.844821369520739,0.05350779901613965,0.2920558700699457,-0.6427715368693301,-3.266304516495471,0.5104902995693311,0.054687530263754454,0.2984950703791739,0.29916956536932204,1.5369263503585882,0.7586916379218404
1.0079956143962376,0.8160039807371382,0.7329776222296365,5.614415970759532,20.900330331249997,1.4486083645062813,6.6755369826478725,1.8619990125765098,0.34616678654594035,1.2886469805939036,-0.6427715368693301,-0.7354992936349303,2.830238353135174,0.02640524014993187,0.09829664287145824,0.29916956536932204,0.0945464868238681,0.7586916379218404
2.5869429087622295,1.3355709017974737,0.7329776222296365,5.614415970759532,20.900330331249997,0.22381247912212832,2.6469620655392188,3.4037472860785254,1.134365102067247,4.222808832285404,0.43917341729610593,2.334659770408539,2.830238353135174,0.02640524014993187,0.09829664287145824,0.29916956536932204,0.2426462577259206,0.7586916379218404
2.5869429087622295,0.46245367621330885,0.7329776222296365,0.3015885935908684,1.1226993623227262,-0.10220736125699037,-0.28015653564438886,3.4037472860785254,4.7466260416631965,17.669879244136872,0.43917341729610593,4.775729058703393,2.830238353135174,0.3427287618383804,1.2758485252515785,0.29916956536932204,0.8741859312222183,0.7586916379218404
2.5869429087622295,1.0017318767217185,0.7329776222296365,0.3015885935908684,1.1226993623227262,1.0269480415404035,2.814926459957619,3.1724957791303154,4.7466260416631965,17.669879244136872,0.43917341729610593,4.775729058703393,2.830238353135174,0.6074111549859164,2.2611601727070316,0.29916956536932204,1.1637773983984525,3.650531317666617
2.5869429087622295,1.0017318767217185,0.7329776222296365,0.3015885935908684,1.1226993623227262,0.8090894826399687,2.217763023083834,3.1724957791303154,3.481140595132759,12.958959355118129,0.43917341729610593,4.089855396547818,2.830238353135174,0.6074111549859164,2.2611601727070316,0.29916956536932204,1.1637773983984525,3.650531317666617
2.5869429087622295,1.0017318767217185,0.7329776222296365,0.3015885935908684,1.1226993623227262,0.8090894826399687,2.217763023083834,2.025207971475427,0.9265486523725455,3.4491874138675467,-0.01416005395462272,-0.06803151601441602,2.830238353135174,0.6074111549859164,2.2611601727070316,0.29916956536932204,1.1637773983984525,7.2790299479678415
16.225992402474876,1.0017318767217185,0.7329776222296365,0.3015885935908684,1.1226993623227262,1.6764099149949363,28.82194114788097,2.025207971475427,0.9265486523725455,3.4491874138675467,-0.01416005395462272,-0.42671172148400194,2.830238353135174,1.5408355175821529,5.735943234578845,0.29916956536932204,11.62602094817541,1.4000184783270408
16.225992402474876,1.0384921475815216,0.7329776222296365,0.3015885935908684,1.1226993623227262,1.6764099149949363,28.82194114788097,1.5924977122988702,0.9265486523725455,3.4491874138675467,0.5141996789534994,15.49535269398731,2.830238353135174,1.5408355175821529,5.735943234578845,0.29916956536932204,11.62602094817541,1.4000184783270408
16.225992402474876,1.0579380622088104,0.6713384085551973,0.3015885935908684,1.338326009432229,0.2974600021890954,5.583683641737358,0.2997544269003401,0.9265486523725455,4.111641444095066,0.6955085956422848,22.883444017796002,2.830238353135174,1.5408355175821529,6.8375936400122646,-0.7661855327831848,-32.50849463055028,1.4000184783270408
16.225992402474876,1.5450456763802531,0.6713384085551973,0.3015885935908684,1.338326009432229,-1.2997419191881634,-24.397726212742274,1.1765330354232892,0.10789014575343273,0.47877204672778145,0.46458183159207206,5.216003608177798,2.830238353135174,0.8792563357026891,3.901777613729399,-0.7661855327831848,-24.557065688393138,1.4000184783270408
1.9598432147583529,1.5450456763802531,0.37649226513978534,0.5775000546739504,8.148354383977336,-1.2997419191881634,-7.271322551307302,1.1765330354232892,0.10789014575343273,1.5222979375028494,-0.44765417029019366,-1.0824648277729696,2.830238353135174,0.8792563357026891,12.406045955628251,0.8051283673136209,5.557803027429582,1.4000184783270408
1.9598432147583529,1.5450456763802531,0.5618608693460863,0.5775000546739504,3.6586802135956953,-0.6060953674378171,-2.2720847152143744,0.33254612963887337,2.1734463092973426,13.769600440346885,-0.44765417029019366,-3.25555197679991,2.830238353135174,0.18403873976040053,1.1659546873577769,-1.6757274151385084,-3.5462189063026766,0.17054553131945013
1.9598432147583529,4.825549762618286,0.5618608693460863,0.3939393848024156,2.4957542789262566,-0.3141778470604595,-0.9727422988156021,0.33254612963887337,0.48367370005691596,3.064254941471749,0.7939017311186702,2.7236451580611405,2.830238353135174,0.18403873976040053,1.1659546873577769,-1.1254582907994306,-2.3817247560863875,0.17054553131945013
1.9598432147583529,6.320675414002502,0.5059599222140709,0.3939393848024156,3.0777062307043335,-0.3141778470604595,-1.0802156646529837,0.6713810425164524,0.3067034845460238,2.3961636276592966,-0.5663644984497247,-1.7182074114019519,3.7887119843397135,2.030016289116594,15.859784582288155,-0.8540372888351866,-6.665715981870794,0.18612237791091105
1.9598432147583529,1.6000338007434807,0.5059599222140709,0.3939393848024156,3.0777062307043335,0.14591811262294246,0.5017000163654702,0.6713810425164524,1.0788073347927405,8.428332337693172,-0.1806975740358041,-1.0281215862448165,3.7887119843397135,2.030016289116594,15.859784582288155,-0.8540372888351866,-6.665715981870794,0.18612237791091105
0.6056547441782707,1.6000338007434807,0.5059599222140709,1.997562601079496,15.60623563101686,0.14591811262294246,0.34912697621495187,0.6713810425164524,1.0788073347927405,8.428332337693172,0.3061376091511941,0.5382854434482737,3.7887119843397135,0.14422750619730992,1.1267974505393672,-0.6357531380457068,-0.4087300456919268,1.0153815513070406
2.4787494524380715,1.6000338007434807,0.5059599222140709,1.997562601079496,15.60623563101686,0.14591811262294246,1.4288640672637858,0.6713810425164524,1.934647770446415,15.114704766845307,0.3061376091511941,2.9501843287791947,0.12583787261826798,0.14422750619730992,1.1267974505393672,-0.6357531380457068,-1.6728001996061972,0.6719626426643879
8.991098150789206,1.6000338007434807,0.5059599222140709,0.7200284508324984,5.625322409748509,0.14591811262294246,3.1116851810710737,0.5453059145040852,1.934647770446415,15.114704766845307,-0.7410675099816884,-25.904209644747905,0.7995242949907514,1.1367518041779578,8.881031563365127,-0.3945721220682179,-10.572333223458864,1.2944785824437735
0.48113290006363496,0.5510713743234013,0.4822454120580907,0.7200284508324984,6.192178166728376,0.14591811262294246,0.17470123723474892,5.263237318623429,1.934647770446415,16.6377921186546,1.8106654645910922,3.553457456304504,0.7995242949907514,0.028508560988648086,0.2451709911110409,-0.4881533529232716,-0.11629361562391724,1.0385954909414103
0.41759388739090353,1.141721188549766,0.2960795688762973,0.7200284508324984,16.427170830432225,0.14591811262294246,0.24697029663475986,0.7466084303365733,0.2836406651867801,6.471152155298089,1.8106654645910922,1.9234599898917901,0.7995242949907514,0.028508560988648086,0.6504118010182112,-0.4881533529232716,-0.16440106093109463,0.5799299710213608
0.41759388739090353,0.29518678217017863,0.1448990211351571,0.2197307360752311,20.930996400338408,-0.3416729400340813,-0.6527692218521226,0.7466084303365733,0.5447041645778139,51.88714656707851,1.8928286001512236,5.693709648498277,0.7995242949907514,0.028508560988648086,2.715653704577403,-1.1717730121872127,-0.8063708477515822,0.706579782617673
2.8865397767209857,0.29518678217017863,0.326718044668677,0.4718957435306758,8.84157862260728,-0.3416729400340813,-2.9326014015326076,0.7466084303365733,0.16827651074660854,3.1528786188499307,0.859975367744128,4.407752334328381,1.5264203067457256,0.028508560988648086,0.5341448547779525,-1.1717730121872127,-2.472011930614353,0.706579782617673
2.8865397767209857,1.4278270891570397,1.5378403300268928,1.1127452080154332,0.9410294954428015,-0.3416729400340813,-0.9567307863931084,0.15058534376334368,0.7986682834446619,0.6754200390011248,0.859975367744128,2.040095647036812,1.5264203067457256,0.028508560988648086,0.024109199994484055,-0.39821582021286306,-0.1784791363916813,1.2090695635344841
2.8865397767209857,1.4278270891570397,1.1606456332492157,0.1884825719468138,0.27983492208161864,-0.3416729400340813,-0.5217219236681617,0.15058534376334368,0.5000044238742803,0.7423428996650483,-0.35059026129833093,-0.871926092251162,0.6671617299142951,0.028508560988648086,0.04232588117042759,-0.39821582021286306,-0.2364825284726358,1.2090695635344841
2.8865397767209857,1.4278270891570397,0.7581780447307894,0.1884825719468138,0.6557809355646789,-0.3416729400340813,-0.79867028158385,0.5086530103050346,0.23205400572426563,0.807377527819026,-0.05106120117368046,-0.13243625828232,0.6671617299142951,0.028508560988648086,0.09918885658040481,-0.39821582021286306,-0.3620157770579554,1.8050296643542507
2.8865397767209857,2.082808409260308,1.4355318232967846,0.17982707517966065,0.17452571557855545,0.10592671473024634,0.12773583850222547,0.5086530103050346,0.23205400572426563,0.2252129795328971,0.29775469716092684,0.4078804370111885,0.5443490188135988,0.016520668256312383,0.016033633680513523,-0.27586995293148175,-0.1008318942002784,1.2522137465247805
2.8865397767209857,4.6937116236509,0.8573608448508985,0.17982707517966065,0.48928036198791786,0.8749129992279885,1.7665311836698934,0.7401957872487697,2.8422529232944163,7.733310113515098,-0.2500690342772329,-2.007336476581569,1.245415124321287,0.016520668256312383,0.044950064035991624,-0.27586995293148175,-0.16882902198894653,1.263926166796382
0.38239344216571886,4.68058153064508,0.5957337866379512,2.507932094311045,14.13322607014353,0.8749129992279885,1.2577547260938577,0.7401957872487697,0.09148268305267417,0.5155424439200845,-0.2500690342772329,-0.06865980500492432,2.7844950720369614,0.016520668256312383,0.0931007421715894,-0.27586995293148175,-0.032187808442642095,2.2829331233095234
0.38239344216571886,4.68058153064508,0.5957337866379512,2.507932094311045,14.13322607014353,0.8749129992279885,1.2577547260938577,1.5307505530150232,0.5103885198997361,2.8762486638740214,-0.3711602654908818,-0.24070500873287456,2.7844950720369614,0.016520668256312383,0.0931007421715894,-1.515475095354558,-0.1768218015427827,2.2829331233095234
0.38239344216571886,0.4826900158375536,0.5209370227565683,2.507932094311045,18.483121636157964,-0.4835403213899583,-0.794933485368914,1.5307505530150232,0.5103885198997361,3.761494625952762,-0.3711602654908818,-0.27526572320847487,8.804059714535333,0.016520668256312383,0.12175509918497983,-1.515475095354558,-0.2022100883439237,2.2829331233095234
0.38239344216571886,0.4701024843227507,0.5209370227565683,2.507932094311045,18.483121636157964,-0.4835403213899583,-0.794933485368914,1.5307505530150232,0.336762223956178,2.4818922178812097,-0.3711602654908818,-0.22359566076393794,13.282353543377475,0.0463922684904692,0.3419047682478012,-2.603769678962909,-0.5821911238524871,0.9039319483656
1.1909326073147328,0.5912557954250266,0.5209370227565683,2.507932094311045,18.483121636157964,-0.4835403213899583,-2.4757542990549237,1.5307505530150232,0.3332307710654267,2.455865885876376,-0.4138375488008285,-0.7723593395477372,6.388207003426024,0.12849527796587648,0.946992886172087,1.8466099316803737,2.140108103951806,1.1345492438744944
1.1909326073147328,0.5912557954250266,0.5209370227565683,0.973921287479722,7.177668670282063,-0.19447404906543514,-0.6204982289707921,1.5307505530150232,0.3332307710654267,2.455865885876376,-0.4138375488008285,-0.7723593395477372,1.7214434880982359,2.452393820338238,18.0738120397657,-1.193467000361374,-6.042581019217396,2.9070800535670274
1.1909326073147328,2.4442975845267174,0.995576460973619,0.973921287479722,1.9651903127956734,0.5409360356602326,0.9030990958591152,1.5307505530150232,0.3332307710654267,0.672397134801147,-0.4138375488008285,-0.4041382963682678,1.7214434880982359,1.032429044792756,2.0832479827255637,-0.4685447292007492,-0.8053946269580409,2.9070800535670274
0.5880970134473469,2.7127285869725335,1.0027802370318972,0.973921287479722,1.9370566488021235,-1.5948581747067958,-1.305395777516268,1.5307505530150232,0.3332307710654267,0.6627710975987705,-0.4138375488008285,-0.1981347483265068,1.7214434880982359,1.032429044792756,2.0534242051608023,0.09392114485564462,0.07915014051990811,2.9070800535670274
0.5880970134473469,2.0159264981407796,0.8101330833945568,2.551729252647963,7.775921227049126,-1.5948581747067958,-2.6154532937576955,1.5307505530150232,0.3332307710654267,1.0154589181217801,-1.3892835186056698,-0.8233244952245083,1.7214434880982359,0.3316662004506545,1.0106911796001483,-0.762703360154049,-0.45093492356663356,2.9070800535670274
0.6990099847549047,0.5006221668938051,1.0148936925958003,2.551729252647963,4.95476979163981,-1.5948581747067958,-2.481516622374546,1.5307505530150232,0.3332307710654267,0.6470442569118445,-1.3892835186056698,-0.7811622655942674,1.7214434880982359,0.3316662004506545,0.6440062828748592,-0.762703360154049,-0.42784266540355387,2.9070800535670274
0.6990099847549047,0.5006221668938051,0.6209412979224952,0.16095437426687317,0.834894671834708,-0.01842599851846871,-0.011768747793935072,1.5307505530150232,1.2376849163682118,6.420058770025503,-1.61998605102117,-2.869222026595902,0.226172726024583,0.5239797733267834,2.7179622976529876,-0.762703360154049,-0.8789430836997252,2.9070800535670274
0.6990099847549047,2.972661763399531,0.6209412979224952,0.11464017106070903,0.5946558981870711,-0.6313081747841418,-0.3402966374611673,0.5314654548637286,1.2376849163682118,6.420058770025503,-1.61998605102117,-2.869222026595902,0.226172726024583,0.5239797733267834,2.7179622976529876,-0.762703360154049,-0.8789430836997252,0.2256328841906994
0.6990099847549047,1.0124133695610764,0.6209412979224952,0.006526841793154442,0.03385571508592586,-0.6313081747841418,-0.08119715038604354,1.2802947318190951,0.7046890249919159,3.655328505024889,-0.3780135317896256,-0.5051890545001079,0.17626136802293477,0.09785583239938052,0.5075929961538668,-0.762703360154049,-0.3798366347215034,0.2256328841906994
0.8829822783608258,0.9928605762194882,0.6209412979224952,0.009051171442779657,0.0469497945977508,-0.8475824843983274,-0.16216264105435493,0.5402951732334179,0.20757227227981973,1.076708756356631,1.2179574852127732,1.1159204556069442,0.17626136802293477,0.09785583239938052,0.5075929961538668,-0.762703360154049,-0.4798057602122808,0.791033068984978
1.9226493141314849,0.9928605762194882,0.6209412979224952,0.09952679914167824,0.516260553257001,-0.8475824843983274,-1.1708911457252038,0.19483562270373722,0.30407839727146974,1.5773006161426124,1.2179574852127732,2.940962200451484,0.17626136802293477,0.09785583239938052,0.5075929961538668,-0.762703360154049,-1.0447528091968157,1.4124725054571483
1.9226493141314849,0.9928605762194882,0.6209412979224952,1.700239377491743,8.819398687219001,-0.8475824843983274,-4.8395116366135875,0.19483562270373722,0.30407839727146974,1.5773006161426124,-0.2144061603364884,-0.51771955979514,0.2473001422640726,0.08252061286538158,0.42804689410682,-0.762703360154049,-0.9594037511274545,1.9899270918568033
34.165027879959815,1.2445829555119121,0.6057099432115576,2.1649965262621764,11.802059328885624,-0.8475824843983274,-99.48157432494419,0.19483562270373722,0.30407839727146974,1.6576245004079737,-0.42835852947032854,-18.842228970739217,0.2473001422640726,0.08021396061250242,0.4372708734956216,-0.762703360154049,-17.231088547646305,1.9899270918568033
2.2749622716936164,1.89084105711799,0.6057099432115576,2.1649965262621764,11.802059328885624,-0.5990206463713017,-4.68160627792069,0.19483562270373722,0.30407839727146974,1.6576245004079737,-0.42835852947032854,-1.2546560820513102,0.2473001422640726,0.08021396061250242,0.4372708734956216,-0.762703360154049,-1.1473743409148771,1.9899270918568033
3.099484299255447,0.9597566545217513,0.6057099432115576,1.5176546484769795,8.273200434648333,-0.5990206463713017,-5.340328900442423,0.16567384167639695,2.1463192700955873,11.700243883592764,-0.9199025557273081,-9.752786640988738,2.569648305497824,0.14788805943959651,0.8061831187107039,1.4957308153857545,4.162552574640118,1.9899270918568033
3.099484299255447,4.720805551956833,0.9508881049821404,1.5176546484769795,3.356944203184207,-0.5990206463713017,-3.401757050140798,0.16567384167639695,2.1463192700955873,4.747505658919497,0.9594790325257146,6.47974141283455,2.569648305497824,0.04646418077774186,0.10277546507308019,1.4957308153857545,1.4862354201786627,1.9899270918568033
3.1118179200576375,13.053375798068481,0.3354157333866165,1.5176546484769795,26.979636347556397,-0.7802612714283237,-12.611660590094584,0.16567384167639695,2.037062981138697,36.21325741224772,-0.49994362034303197,-9.362007918741563,2.569648305497824,0.03576544037837061,0.6358090598457292,1.9683528938248052,4.884054443995357,0.19801888322627045
3.1118179200576375,13.053375798068481,0.190418469013163,1.5176546484769795,83.7114402513544,-0.7802612714283237,-22.215016263770334,0.6274502691432592,0.4817036944897105,26.57001715152967,-0.49994362034303197,-8.019201489656506,7.60353383136196,0.03576544037837061,1.9727653641768315,1.9683528938248052,8.603097754764656,0.19801888322627045
38.05366952075097,0.8399902683974737,0.3407089303429197,2.5314268541471794,43.61424355808036,-0.7802612714283237,-196.08788648070518,0.6274502691432592,0.4817036944897105,8.299328191088184,-0.49994362034303197,-54.807380098385224,7.036231698566827,0.03576544037837061,0.6162068736328434,1.2988073951499803,38.79757346679849,0.3022510313584419
57.518632787768986,0.8399902683974737,1.1687077660459904,0.4644934063843742,0.6801390167698966,0.5075917606157738,24.078086086853286,0.6274502691432592,0.4817036944897105,0.7053393495828101,-0.8339487699431549,-40.28533535794139,7.036231698566827,0.2693302374915118,0.3943694364571758,-0.7097614010292794,-25.63731601488519,0.1777244435536722
57.518632787768986,1.8444774098120724,0.7171438451068999,0.4644934063843742,1.806329598128958,0.5075917606157738,39.23933307554869,0.2817064284286836,0.4817036944897105,1.87325724956535,0.8377143360479453,65.94824050351838,7.036231698566827,2.720870131594185,10.580964517064768,-0.7097614010292794,-132.79556185390183,0.1777244435536722
26.649506156842136,1.8444774098120724,0.4266009195221027,0.4644934063843742,5.104650054000286,0.5075917606157738,30.562348012907012,1.2964475466395977,2.2042039830895654,24.223573094156865,0.8377143360479453,109.87634776449364,17.025353572979064,0.34183254988168466,3.756642226194791,-1.6000062322516349,-82.6438912835051,0.33003168683663586
40.58993569961403,2.2055634548959,0.2933312960716633,3.2157961603651604,74.74836639029488,1.4402001856973867,505.40796131754405,1.1020236225443962,2.2042039830895654,51.23479185578021,0.8336266368623162,242.19904959812996,0.1140854893268269,0.12447060479890304,2.893210237328449,0.5457838114307512,37.681571770699634,0.3995835976975808
42.207068904459945,0.5101491544005435,0.37235140049675863,0.9492265243964567,13.69285085033299,1.4402001856973867,224.93394218591772,1.1012189753039592,2.2042039830895654,31.796242107062618,0.8336266368623162,198.4013733886735,0.11629201786099062,0.05517801309417698,0.7959578499944269,0.4768722688625474,17.95693855158656,0.3995835976975808
23.271575238940805,0.5101491544005435,0.37235140049675863,0.9492265243964567,13.69285085033299,0.040807947382482945,3.514127145598301,1.1012189753039592,2.2042039830895654,31.796242107062618,0.8336266368623162,109.39192434269752,0.11629201786099062,0.7665027754190709,11.057011061561944,0.4768722688625474,36.90172953719202,0.974838101147082
0.5986844727713516,0.5101491544005435,0.37235140049675863,0.9492265243964567,13.69285085033299,0.040807947382482945,0.09040442410162217,1.9406200545424184,1.762761653725651,25.428316412142777,0.8336266368623162,2.516682221865292,3.0965033241467133,0.7665027754190709,11.057011061561944,0.4768722688625474,0.9493337801799078,0.974838101147082
0.5986844727713516,0.5101491544005435,0.6370365283726649,0.9492265243964567,4.678118181227167,0.2961179529431383,0.38344080483937587,1.9406200545424184,1.762761653725651,8.687502012975584,0.07815970765531377,0.13792035934856348,3.0965033241467133,0.09811538182198659,0.48354669803535283,0.4768722688625474,0.19852686000435418,1.3035625321513904
12.755524814548398,0.6109607829082528,0.4147590434716162,2.2540164698743794,26.205675098838604,0.48218945339765507,31.485726252354443,0.4813818983706848,0.9243775128117652,10.747009657284218,-1.3287429086734917,-55.562670538974174,0.06181413999495077,0.9257042656524691,10.762434768122866,0.757284791434197,31.689313649697315,2.816925932668666
12.755524814548398,1.2648453053207163,0.66684389836,2.2540164698743794,10.137683241652626,0.48218945339765507,19.583278388768736,0.4813818983706848,0.9243775128117652,4.157487997909187,-1.8141381782660884,-47.18285292913716,0.30027545453044435,0.4425863500865319,1.990580053084747,0.757284791434197,13.628479048565547,2.816925932668666
1.7572353429331091,1.2648453053207163,1.19285183087971,0.25462143551835487,0.35789197060545547,1.467695595585249,1.542914633384968,0.4813818983706848,0.9243775128117652,1.2992908038951183,1.0481519965283717,2.099458903308689,0.30027545453044435,1.1728771655519252,1.648578090854649,0.757284791434197,1.7086138659305747,2.8999437451875076
1.7572353429331091,57.17341209228745,1.19285183087971,0.25462143551835487,0.35789197060545547,1.467695595585249,1.542914633384968,0.4813818983706848,0.6167586174761592,0.8669064195128496,1.0481519965283717,1.7149059412572427,5.580305845074586,0.9889761051412805,1.3900895909653534,0.757284791434197,1.5689552624768006,2.8999437451875076
5.454480434252774,110.83036799300902,0.6110283421814807,0.25462143551835487,1.3639619262910159,1.467695595585249,9.349545575587577,0.4813818983706848,0.12627626538957792,0.6764395850450238,1.0481519965283717,4.702103251483177,5.580305845074586,0.9889761051412805,5.297769807471875,-1.1423555552202673,-14.341719632220695,2.8999437451875076
5.454480434252774,55.41146925365204,1.3359303596422891,0.9172697954926459,1.0279203160416053,1.467695595585249,8.11650581268931,0.4813818983706848,0.0959874799286384,0.10756647737571151,-0.2183045378894395,-0.39053020097403257,1.486524521875164,1.0940273746919829,1.2260002131080383,-1.173559282234399,-7.087673348687737,0.7131628992491655
9.869493360461451,55.41146925365204,0.7937864886981955,0.9172697954926459,2.911519371063796,1.467695595585249,24.716711712084116,0.7532904165516731,0.1112834675080734,0.35322646937795293,-0.2183045378894395,-1.2805137401520494,0.5721166784695614,1.0940273746919829,3.472568168647733,-1.173559282234399,-21.58366948928377,0.7131628992491655
34.87310025403938,165.42646101589247,0.7937864886981955,0.9172697954926459,2.911519371063796,-0.16114291906536082,-9.588741853770596,1.2519758635928264,0.4403570731428106,1.397743777174803,-0.2183045378894395,-9.000509725106697,0.5721166784695614,3.4136299886821235,10.8352524922663,-1.173559282234399,-134.71473749570913,0.7131628992491655
45.64725245428628,165.42646101589247,0.3702761916533094,0.9172697954926459,13.380597657711503,-0.16114291906536082,-26.906897521191965,0.4818324450670575,0.3313276622134508,4.833215006896923,-0.2183045378894395,-21.907633316358304,0.5721166784695614,1.315777191601956,19.19379150445438,-0.17520780470388908,-35.03873969289928,0.5025360149017484
52.48033245200249,248.63182574993087,0.4773304945889389,0.9172697954926459,8.051721185221428,-0.16114291906536082,-23.996735684268398,0.4818324450670575,0.3313276622134508,2.908367821771713,-0.2183045378894395,-19.53817550858363,2.6483738414910456,0.864276974773365,7.586554426927689,-0.17520780470388908,-25.326333100220833,0.4179004974320922
39.0042630257297,356.1121130692964,0.6218663356300733,0.9172697954926459,4.743872349582857,-0.16114291906536082,-13.689569788725064,0.4818324450670575,0.3313276622134508,1.7135374381123616,-0.2183045378894395,-11.146066727086549,3.3750345417369476,0.17599370329131447,0.9101920360257301,-0.6173020608667315,-22.97081049165909,0.5556282558210179
14.58730001309424,356.1121130692964,0.6218663356300733,0.9172697954926459,4.743872349582857,1.0871534695335479,34.54079016722624,0.4818324450670575,0.3313276622134508,1.7135374381123616,-1.0117725241331135,-19.319887593497068,3.3750345417369476,0.17599370329131447,0.9101920360257301,-0.725392365518681,-10.095188001081384,3.635174468363538
5.2963201588822715,55.94416127114009,1.027566393862926,0.9172697954926459,1.73742995075495,1.0871534695335479,7.589597388682254,1.3772343512917826,0.21543622631953005,0.4080646216897854,-0.32856951299730996,-1.1116446087632657,3.3750345417369476,0.6061662146605851,1.1481587442017744,-1.0736183421350807,-6.09291502714099,3.635174468363538
5.2963201588822715,70.6355588774446,0.8018418079643012,0.9172697954926459,2.8533148421994006,1.0871534695335479,9.726126951847485,1.3772343512917826,0.7818754702381855,2.4321490742906913,0.17582527304015438,1.4522809007341209,3.3750345417369476,0.6061662146605851,1.8855772485149294,-1.307482678100323,-9.508945069526222,3.635174468363538
5.2963201588822715,33.11051947787329,0.8018418079643012,1.5332831818889803,4.769523298026907,1.8991260202928393,21.966734525020662,0.5414832024406698,0.7818754702381855,2.4321490742906913,0.25797753656089395,2.130841844791346,3.3750345417369476,0.6061662146605851,1.8855772485149294,-2.3642743420698786,-17.19468657183059,3.2541880794299205
4.117240866232077,74.55040868142054,0.5213500818951989,1.5332831818889803,11.282191721141556,-1.8423537571657889,-25.47862793846292,0.5414832024406698,0.7818754702381855,5.753189666123681,-1.2636580325145874,-12.47929878613425,1.1620091440332554,0.6061662146605851,4.460287264257326,-2.3642743420698786,-20.5582223567747,3.2541880794299205
4.117240866232077,33.57753650655957,0.9139204738114559,1.5332831818889803,3.6714325552517137,-0.5954234504020619,-4.697318270405517,1.0166659378926926,0.7818754702381855,1.8721936622618398,-0.6072660951992789,-3.42106002660655,1.2037037154094914,0.6061662146605851,1.4514594568609254,-2.4589060879561813,-12.196933940583062,3.2541880794299205
8.900636599262048,1.618502120371084,0.40493088964591845,1.5332831818889803,18.702107648043317,-0.5954234504020619,-22.918821440523818,0.7543346678398695,0.15265167028328047,1.8619574022682004,-0.6072660951992789,-7.375389736020278,0.6119664937433923,0.19008052024549957,2.3184930177397645,0.3971728324231787,5.382741204409691,1.4835637619052373
8.900636599262048,1.618502120371084,0.4841916399118626,0.7885609698074154,6.727143626621326,-0.5954234504020619,-13.745557373090579,0.7784681777256206,0.02291851296425432,0.19551579944005473,-0.6072660951992789,-2.3899622053626666,0.6119664937433923,0.25528430995176604,2.1778077845874853,0.4442051641401884,5.834645116114207,1.4835637619052373
8.900636599262048,1.618502120371084,0.3361727008443246,0.7885609698074154,13.955338869325665,-0.13015209725239174,-4.3275533818326135,15.224742930532013,0.5820097209708563,10.29995547886879,-1.6929826757221527,-48.3605529052256,0.5569253088715718,0.23316372151923373,4.126350238496662,0.6106854829529733,11.041338123881033,1.4835637619052373
25.660205582077218,2.342685025772963,0.6398920594576856,0.62004805251061,3.028599884981653,1.2212959372310808,54.538349992928744,2.684161995259304,0.5820097209708563,2.8428031776785194,-0.0948908884064259,-4.105424221759954,1.2111115403007586,0.23316372151923373,1.1388788615910732,-1.2246262260206104,-33.53531989437892,1.4835637619052373
25.660205582077218,2.342685025772963,0.8439263174480436,0.5737323190491335,1.611128758534873,1.2212959372310808,39.77829541973836,2.684161995259304,0.5820097209708563,1.634372978599278,-0.0948908884064259,-3.112864601916121,2.8785334561367764,0.23316372151923373,0.6547596583180862,0.2989832626914124,6.207946493436841,0.8307155075238031
16.86090659607786,15.90044458687211,0.8439263174480436,0.5737323190491335,1.611128758534873,1.2212959372310808,26.137675377466977,2.0419362943636834,0.5820097209708563,1.634372978599278,-0.0948908884064259,-2.0454130475012366,2.8785334561367764,0.2774699688276146,0.7791784279275731,0.2989832626914124,4.449859098377927,0.8307155075238031
16.86090659607786,2.1472779126943675,0.8439263174480436,1.9828318071471016,5.568097249823551,1.2212959372310808,48.590933310008836,2.0419362943636834,0.5820097209708563,1.634372978599278,-0.0948908884064259,-2.0454130475012366,2.8785334561367764,1.067487702699876,2.997669958792767,0.2989832626914124,8.72809987572389,0.8307155075238031
4.120969566684461,2.1472779126943675,0.9733669500203814,1.9828318071471016,4.185647786723475,1.2212959372310808,10.296785363034152,2.0419362943636834,0.5820097209708563,1.228590186849108,-0.0948908884064259,-0.4334384563988525,2.8785334561367764,1.067487702699876,2.2534072350740653,0.2989832626914124,1.84955021287772,1.7316906781485204
4.120969566684461,2.1472779126943675,0.9733669500203814,0.6074038722385233,1.2821958293781952,1.2212959372310808,5.698984812564787,2.0419362943636834,0.24417980055923272,0.5154499933324442,-0.0948908884064259,-0.2807483348817058,2.8785334561367764,1.067487702699876,2.2534072350740653,-1.3011267279210275,-8.04894292390886,1.7316906781485204
0.5321419811800953,1.384050423244033,0.9733669500203814,0.6074038722385233,1.2821958293781952,-0.6597364167306476,-0.3975348062925207,1.5687163039365848,0.8674696585001516,1.8311802559668937,-0.0948908884064259,-0.06833096961616796,2.8785334561367764,1.067487702699876,2.2534072350740653,-0.46305651513250556,-0.369897472160125,0.6335969429437028
2.6749587555635834,1.384050423244033,0.9733669500203814,0.6074038722385233,1.2821958293781952,-0.6597364167306476,-1.9983185847792821,4.924044659945837,0.004380864453620826,0.009247761478375959,0.2797858404405497,0.07197159571030405,2.8785334561367764,2.0436227741978366,4.313974140865832,-1.7723927051371353,-9.847269248853614,0.6335969429437028
2.204443828674575,1.384050423244033,0.7635999734820615,0.6074038722385233,2.0834147889041503,1.3778534141737604,4.384195632433044,4.924044659945837,0.0014923615888132217,0.005118848177683325,-2.0449015317880206,-0.3225206762308296,0.8049823244782206,2.0436227741978366,7.00969174762377,-0.5108740032460004,-2.981688707667722,0.6335969429437028
2.9227802119799478,1.384050423244033,0.4904428060331312,0.3810354183536964,3.16824388309583,1.3778534141737604,7.168172989647111,5.143131490469661,0.0027162793511922825,0.02258539501754686,-2.0449015317880206,-0.898219344517315,0.31667420784526973,2.0436227741978366,16.99237142227415,-0.5108740032460004,-6.155126145645991,0.6335969429437028
6.158822268782975,1.384050423244033,0.24794790410821124,0.3088270555273944,10.046723574534195,2.355802328380641,45.98844707813722,4.594557489508341,0.0027162793511922825,0.08836566390221345,-2.0299235671131064,-3.7163715731090576,0.5614120382894437,2.0436227741978366,66.48288333392834,-0.38200747016529957,-19.183349984501834,0.6335969429437028
0.3589077685110855,2.1855825365831634,0.15564260039109998,0.3088270555273944,25.49695867720842,2.1715205800021757,3.9354191841052284,1.2699210423389944,0.031936793333464525,2.636722027204831,1.5700711950507467,0.9150279885662301,0.771171398844006,2.0436227741978366,168.72279968003713,-0.38200747016529957,-1.7809084761296268,0.6335969429437028
1.681754256122643,0.9148491414799812,0.15564260039109998,0.3088270555273944,25.49695867720842,2.1715205800021757,18.44041434364006,1.2699210423389944,0.20283663234530078,16.7463217375833,1.5700711950507467,10.805418620061571,0.6563430751715147,1.2161317734216872,100.40461487423799,-0.38200747016529957,-6.437410861085595,0.6335969429437028
3.6215179247815583,2.703821036357879,0.15564260039109998,0.3088270555273944,25.49695867720842,2.1715205800021757,39.70989866251974,1.2699210423389944,1.1515445507244955,95.07225257400593,1.5700711950507467,55.4417432146944,1.6924279210332862,0.2273073729210519,18.766641687191047,-0.38200747016529957,-5.993158668342416,0.6335969429437028
4.2949358742426815,2.703821036357879,0.15564260039109998,0.3088270555273944,25.49695867720842,2.1715205800021757,47.09391803948749,1.2699210423389944,1.1515445507244955,95.07225257400593,1.3332580787045365,55.83387884195202,1.6924279210332862,0.1778412899638344,14.682690328299627,-0.38200747016529957,-6.286824821905947,0.6335969429437028
4.2949358742426815,2.703821036357879,0.1419472808075558,0.239343413813243,23.757313134526385,2.1715205800021757,45.458938935501536,0.5490260626364876,0.8890650652047115,88.24891737993488,0.658651969281275,26.574638884819166,1.1370482371858226,0.1778412899638344,17.652590253499362,0.6049922240937452,10.917185683585028,0.6335969429437028
4.2949358742426815,1.062668617917776,0.4444817569951239,0.239343413813243,2.4229452195834664,2.1715205800021757,14.517519940333475,1.7950203663769593,0.06975761646797464,0.706177290019351,-0.5326109704881453,-1.9223110616962518,1.5696973404232837,0.12009127876347966,1.2157200616378054,0.6049922240937452,2.864991042147265,0.6335969429437028
4.2949358742426815,1.062668617917776,0.4444817569951239,0.08251286050324022,0.835302454014807,2.1715205800021757,8.523981770245882,4.503750852620988,0.06975761646797464,0.706177290019351,-0.1624421308721979,-0.586289660490736,1.5696973404232837,0.06678993644952237,0.6761345744108365,0.6049922240937452,2.136599138108811,0.6335969429437028
4.2949358742426815,1.8174122440305363,1.151124487800698,0.08251286050324022,0.12453948153950094,1.7433708445762663,2.6424086929027326,3.1841761203787913,0.06975761646797464,0.10528755560488368,-0.1624421308721979,-0.22638303777281443,0.39853621628959107,0.06678993644952237,0.10080833468563474,-0.2688435351217555,-0.36661016429079124,1.7914829916114585
4.2949358742426815,1.8174122440305363,1.151124487800698,0.08251286050324022,0.12453948153950094,1.7433708445762663,2.6424086929027326,0.6252148833761709,0.08105511368714619,0.1223392544284183,-1.8126281332001393,-2.7230042234047476,0.39853621628959107,0.41199711718813165,0.6218413354893207,-0.2688435351217555,-0.9105338067387541,1.6058338925787787
0.5252627239156945,1.8174122440305363,1.151124487800698,0.12786467331110832,0.19299052322586444,1.7433708445762663,0.4022854749162725,5.3160935602345125,0.08283591050222573,0.12502707194831258,-1.3501191565125175,-0.25075564067253064,2.6600310111732197,0.41199711718813165,0.6218413354893207,-0.2688435351217555,-0.11135660264759062,0.6871893822700746
0.5252627239156945,1.8174122440305363,1.151124487800698,0.12786467331110832,0.19299052322586444,1.380467378873578,0.3185449480495111,5.3160935602345125,0.08283591050222573,0.12502707194831258,-1.3501191565125175,-0.25075564067253064,1.968549300351493,0.19982796331149372,0.30160717730699166,-1.3818452622469057,-0.39861793175942967,0.9195995407519701
0.5301448842570884,0.5237052318943454,1.0377015249798103,1.2002594838816072,2.2292574771482863,1.380467378873578,1.0926997392553603,0.45674582101680566,0.041153864088544434,0.07643560452131487,-0.5618713821965249,-0.08235298398203376,1.968549300351493,0.19982796331149372,0.3711430630940146,-1.3818452622469057,-0.446297714355507,0.9195995407519701
1.6364348128503845,0.5237052318943454,0.46960624672552737,1.2002594838816072,10.885225022708745,2.298483153441234,12.409627359940268,0.45674582101680566,0.041153864088544434,0.3732268540041514,0.007854801653219168,0.007852724746195453,0.21268685203822613,0.4204859043681387,3.8134118075219976,-1.3818452622469057,-4.415856758072259,2.2700379498115404
0.6793372075823589,0.5237052318943454,0.46960624672552737,1.2002594838816072,10.885225022708745,-1.2102741287405911,-2.712613114956117,0.45674582101680566,0.24190283222984402,2.1938312488369784,0.007854801653219168,0.007903550520835214,1.7139385308664852,3.7773846790745034,34.25732750395351,-1.801112465980157,-7.161483136978958,2.2700379498115404
0.6793372075823589,0.5237052318943454,0.3282798741779117,1.2002594838816072,22.274944227571886,-1.536618322721232,-4.926740885628012,1.0213663187292603,3.2111466675408544,59.59387439681447,0.007854801653219168,0.04119281156705632,1.7139385308664852,3.7773846790745034,70.10236884807544,-1.6855730681786447,-9.587366554170545,2.2700379498115404
0.9102093329159971,1.3374961993284153,0.49221176334768324,1.2002594838816072,9.908346018018996,-0.2904789129361829,-0.8322551230504368,0.47153934685941334,3.1924472651859004,26.354194715832378,-0.038418925729657764,-0.17951939518354756,1.7139385308664852,0.08709440651120033,0.7189791270435831,-1.6855730681786447,-1.300909271941987,2.6039855167590247
0.9102093329159971,1.3374961993284153,0.49221176334768324,1.2002594838816072,9.908346018018996,-0.5379633089395337,-1.5413260651262997,0.45509731844762946,0.7713210173208709,6.367386080441473,-0.038418925729657764,-0.08824032379617373,0.7959448344898339,0.04905982767146381,0.4049972149198992,-1.6855730681786447,-0.976371032772122,4.136227136529692
1.759101410876953,1.3374961993284153,0.49221176334768324,0.5327347364923983,4.3978157855618525,-0.5379633089395337,-1.9845500218030219,0.39672441866282904,1.15027772410112,9.495738096860988,0.8155968142850288,4.4211043095875295,0.7959448344898339,0.04619328749669104,0.3813334386218376,-1.6855730681786447,-1.8310107973755079,2.398783504254555
1.759101410876953,0.9415612827488404,0.49221176334768324,0.5327347364923983,4.3978157855618525,1.0907105742785848,4.023638151516847,1.4093829467508776,1.15027772410112,9.495738096860988,0.4280241967585953,2.3201900592954563,0.7959448344898339,0.04619328749669104,0.3813334386218376,-0.9022657887492426,-0.9801167522731795,0.6328482640137828
0.6499388048327174,0.4933239122732105,0.49221176334768324,2.707945212178427,22.354547929361196,-1.9594226450260899,-6.021206699250863,1.8739105050808917,1.15027772410112,9.495738096860988,0.553819695693082,1.109188167494959,3.2739478360421295,0.231773894644628,1.9133328891982986,1.4421351397395585,1.2965035046864855,0.8960391197621753
0.6499388048327174,0.4933239122732105,0.6057289523193566,2.707945212178427,14.76091244908558,2.0541152856547655,5.129250199384098,1.8739105050808917,1.15027772410112,6.270122711947723,1.174616771141446,1.9116425343143637,1.1413061028991083,0.231773894644628,1.2633912057920602,-1.630126720425232,-1.1908656228062062,0.8960391197621753
1.2561948113536752,0.4933239122732105,0.6057289523193566,1.2416981651160401,6.768452264484147,-1.1446807401236576,-3.7409857684516887,1.8739105050808917,1.15027772410112,6.270122711947723,0.43125601607238095,1.3565324342077303,4.913211024696018,0.231773894644628,1.2633912057920602,-0.7690455983627541,-1.0858704401847634,0.8960391197621753
1.2561948113536752,0.4933239122732105,1.4414160147437955,1.2416981651160401,1.1952736599298779,-1.1446807401236576,-1.572081458085256,1.5228957029913976,0.18902533334062738,0.1819580702854646,0.43125601607238095,0.2310882283276425,4.913211024696018,0.231773894644628,0.22310835202224602,1.211738674210752,0.7189917027253434,1.1259359503013673
1.2561948113536752,0.4933239122732105,0.3200007023436191,0.8447561776297775,16.499071669141436,-0.4399615040210261,-2.2449228879772307,0.3862671716426003,0.5555489023444892,10.850516868917992,1.287669708865097,5.328275694963151,0.13558789312998604,0.231773894644628,4.526814008637747,1.211738674210752,3.238637125437814,11.38542358554427
1.2561948113536752,0.32598059864135387,0.8922465538592868,0.8447561776297775,2.1222259154094085,0.8773787733971554,1.6056094857829302,0.3862671716426003,0.5555489023444892,1.3956693174363903,1.287669708865097,1.9109650323598129,0.4629285604514586,1.8169277835411837,4.564549311113029,1.211738674210752,3.252107672403779,0.11012383364975743
0.8726009388055944,0.32598059864135387,1.2243210585899922,0.8447561776297775,1.1271214972918824,0.1815650112634879,0.16820279314938805,1.3791978992368854,0.5555489023444892,0.7412447842480389,1.5937984318127623,1.1973742005698678,0.4629285604514586,1.8169277835411837,2.424247869488409,1.211738674210752,1.6463158385558234,0.11012383364975743
1.8962553458922897,0.32598059864135387,1.2243210585899922,0.8447561776297775,1.1271214972918824,-0.20944749178521122,-0.42165509125114464,1.3791978992368854,0.3023178955716769,0.4033696445653173,1.5937984318127623,1.919472169043012,1.5871885029174102,2.1162163126357036,2.8235755618668135,1.3338022438839823,4.249990595796607,0.14936140430074024
1.8962553458922897,0.32598059864135387,1.2243210585899922,0.42872327483562667,0.5720268549114866,0.1719214290111155,0.24656705020963865,4.068882325002472,0.3023178955716769,0.4033696445653173,1.721867932207136,2.0737111473250054,1.5871885029174102,2.1162163126357036,2.8235755618668135,1.3338022438839823,4.249990595796607,4.319852863480829
2.68113565568227,1.572463524150991,1.070959775577856,1.1889251415712687,2.0731856201633057,0.1719214290111155,0.6636940046450431,4.068882325002472,0.1595187015114895,0.27816038752757627,0.0812256626114034,0.11485758815460033,1.5871885029174102,2.44449517631044,4.262583127300769,1.1199111819469443,6.199244993708658,1.920536332943279
0.526651138144316,1.572463524150991,0.8582194254937539,1.1889251415712687,3.2284036213373377,-0.02831691054214802,-0.02679555820975975,4.068882325002472,0.3296876327006649,0.8952327695874187,0.0812256626114034,0.040474759364711885,1.5871885029174102,2.44449517631044,6.637774577727031,1.1135911627610693,1.5109846507573046,2.2222390484440533
0.385775353288129,1.572463524150991,0.8582194254937539,0.2920408937510029,0.7930069320582316,0.46931763431782564,0.16122776823086513,4.068882325002472,0.3296876327006649,0.8952327695874187,0.0812256626114034,0.029648022119901033,1.7769108982082111,2.44449517631044,6.637774577727031,1.1242227313478466,1.1173727858308442,3.0344279703822483
2.3364142434092448,1.572463524150991,0.4561756316186216,0.2920408937510029,2.8067872848417017,0.15021570949006235,0.587990011754195,4.068882325002472,0.3296876327006649,3.168607805394411,0.0812256626114034,0.33781377272575697,1.7769108982082111,2.5598909193095905,24.602956081301265,1.0152908059583607,11.766138176401117,0.41624219848576377
2.3364142434092448,0.514720215491502,0.6737286616423408,0.2920408937510029,1.2867779718899626,0.15021570949006235,0.39812276108835476,4.068882325002472,0.3296876327006649,1.4526554069700646,0.0812256626114034,0.22873067440382894,0.5623015323466856,2.5598909193095905,11.279280799000825,-0.6815778994013684,-5.348180413509781,0.41624219848576377
2.9347141947405646,0.514720215491502,0.47364299128313136,0.2920408937510029,2.6035830413879903,0.15021570949006235,0.7113230517872215,4.068882325002472,0.2891559926494774,2.5778637680097303,1.393831548511468,6.567590775728216,0.27603804390417896,0.3241263619012479,2.8896292169013313,-0.18748882300884578,-0.9353243812049085,0.41624219848576377
1.2003114574687872,0.514720215491502,1.1093413563667731,0.2920408937510029,0.47461696392166874,0.15021570949006235,0.12421697058657347,4.068882325002472,0.35096022752860956,0.5703710720352317,1.1733462205094207,1.0636503219086841,0.27603804390417896,0.7296210635235877,1.1857604239429396,0.9676838859479917,1.264811880735621,1.4943187753080398
1.2003114574687872,0.514720215491502,1.1093413563667731,0.2920408937510029,0.47461696392166874,0.15021570949006235,0.12421697058657347,3.5488482431437895,0.35096022752860956,0.5703710720352317,0.18096553205815813,0.16404710141263093,0.27603804390417896,0.1779436030278411,0.2891891321575117,0.9676838859479917,0.62462368016174,1.607867740556814
1.2003114574687872,0.514720215491502,0.9537867709813761,0.7992803296071631,1.7572215948881749,1.4173704033687078,2.255228635909415,3.5488482431437895,0.35096022752860956,0.7715877245011749,-0.9972496371412795,-1.0514545227447063,0.27603804390417896,2.704067793293437,5.944905866446406,0.9676838859479917,2.8320437094449424,1.607867740556814
1.2003114574687872,0.7776921397636519,0.7917979821089669,0.7992803296071631,2.5497660808964717,1.304480249784955,2.5002396003283933,3.5488482431437895,1.662388736072427,5.303148664480588,-0.9972496371412795,-2.7565427972057828,0.27603804390417896,2.704067793293437,8.626185437558386,-0.7926338906212871,-2.7943190024366773,1.607867740556814
1.2003114574687872,1.2760586025506444,0.7917979821089669,0.7992803296071631,2.5497660808964717,-1.365603156485313,-2.6173911722625833,3.5488482431437895,1.662388736072427,5.303148664480588,0.5332894971060239,1.4740896033686357,1.6409141680125423,0.3194731852600157,1.0191441742752512,-0.7926338906212871,-0.9604713223698488,1.607867740556814
1.2003114574687872,1.2760586025506444,0.5836038330906368,0.7992803296071631,4.693457065362335,-1.365603156485313,-3.551116238582819,1.1293390032115727,1.7006893274119539,9.986624271926054,0.13595226096719265,0.5156912250178554,1.9181439824697342,2.477583979620796,14.548630315842995,-0.7926338906212871,-3.6289220820026356,0.6677104240683903
1.2003114574687872,1.2760586025506444,0.5836038330906368,0.7992803296071631,4.693457065362335,-1.365603156485313,-3.551116238582819,1.1293390032115727,1.7006893274119539,9.986624271926054,0.30446696973178766,1.1548976345185535,1.9181439824697342,2.477583979620796,14.548630315842995,1.170245995795464,5.357746603780246,0.6919690991835551
1.2003114574687872,0.2804198271397897,0.5836038330906368,1.4594214145975024,8.569874042878427,-1.365603156485313,-4.798502031601337,1.1293390032115727,1.3582028105544666,7.975507892862714,-0.33376261103420546,-1.1313860262824922,1.9181439824697342,2.477583979620796,14.548630315842995,-0.9386696803046821,-4.297518906104334,0.6919690991835551
1.2003114574687872,0.429730609711206,0.5836038330906368,2.4952022684757704,14.652086736879424,-1.365603156485313,-6.2743422404165665,1.1293390032115727,1.3582028105544666,7.975507892862714,-0.33376261103420546,-1.1313860262824922,0.7780695069384505,0.3741094167740422,2.1968093300127856,-0.9386696803046821,-1.6699479073520838,0.7454485918711695
3.4136763433826074,1.6590953224543694,0.5352119653529562,3.063555174444133,21.389669484511565,-1.365603156485313,-21.560006695556222,1.2130081212982466,2.1953411044264124,15.327819463203818,1.4180043594480436,18.951347573356998,0.22533929049074528,0.3741094167740422,2.612023064768888,-0.9386696803046821,-5.178734379500178,0.7454485918711695
3.4136763433826074,1.6590953224543694,0.6313461332836805,3.063555174444133,15.371655831186402,-0.24911229956247438,-3.334093994858511,0.5702384764537116,1.5338697844165088,7.696325697866627,1.1194838265674187,10.601855611607833,0.22533929049074528,0.3741094167740422,1.8771266944457374,-0.9386696803046821,-4.390175941804343,0.3409309511117467
0.47269976323882046,1.6590953224543694,0.6313461332836805,1.7774702051353901,8.91861209860112,-2.437695669952963,-3.4412284787383323,0.5702384764537116,1.5338697844165088,7.696325697866627,1.1194838265674187,1.4680637920504493,0.22533929049074528,0.14433240450231818,0.7242004537097241,-0.9386696803046821,-0.3775961618120888,0.3409309511117467
0.47269976323882046,1.6590953224543694,0.8524869347142241,1.7774702051353901,4.891666742090659,-1.5110943805538093,-1.579811992439261,0.5702384764537116,1.5338697844165088,4.221268963862315,1.1194838265674187,1.0872382446958382,0.22533929049074528,0.10209960345642405,0.2809820570637311,-0.9386696803046821,-0.23520008192081043,0.4106644732832799
0.5523700107275453,0.8040896435016671,0.8524869347142241,0.45859683418010116,1.2620762223218212,-1.6301239994525896,-1.011564373681929,1.1683515779237796,1.5338697844165088,4.221268963862315,1.1194838265674187,1.2704846661465747,0.22533929049074528,0.07170955596396451,0.19734747113372578,-1.2645560559098739,-0.3103015610169283,0.4106644732832799
0.646816452192317,7.557971647719372,0.7864828553986821,0.45859683418010116,1.4827998325997418,-1.6301239994525896,-1.2839347800140928,1.1256195907122561,1.5338697844165088,4.959523681904409,0.9464936566273473,1.3633857478891296,0.45314088074959885,0.07170955596396451,0.2318614295915743,-1.2645560559098739,-0.3938523111803189,3.079257391093345
3.0423688751338167,7.557971647719372,0.7864828553986821,0.45859683418010116,1.4827998325997418,-1.6301239994525896,-6.0391216073385126,1.1256195907122561,1.5338697844165088,4.959523681904409,0.9464936566273473,6.4128275496394345,0.45314088074959885,0.07170955596396451,0.2318614295915743,0.179418681262566,0.26284140758625796,3.079257391093345
3.0423688751338167,7.557971647719372,0.7864828553986821,0.5478879389128906,1.771508400305269,-1.672135899512282,-6.771034838891161,1.1256195907122561,1.5338697844165088,4.959523681904409,-1.5798582138408364,-10.704095275549822,0.45314088074959885,0.04649420500835498,0.15033160777593146,0.179418681262566,0.21164337612259473,3.079257391093345
3.655206266901924,7.557971647719372,0.8970761486581917,0.5478879389128906,1.3616425555733016,-1.672135899512282,-7.132060500829961,1.1256195907122561,1.5338697844165088,3.812061235211149,-1.5798582138408364,-11.274828283762227,0.45314088074959885,3.3261984327236642,8.266459274982958,0.179418681262566,1.8855554786893138,3.079257391093345
3.655206266901924,14.241154328332795,0.8970761486581917,0.5478879389128906,1.3616425555733016,-1.672135899512282,-7.132060500829961,2.98597990298477,1.5338697844165088,3.812061235211149,-1.0478683151269044,-7.478225079659809,13.024580854446759,3.3261984327236642,8.266459274982958,0.179418681262566,1.8855554786893138,3.2583723238924964
1.3530455251909548,0.9111649986914896,0.8970761486581917,1.709351890836654,4.24817943908587,-1.672135899512282,-4.663214648907188,2.98597990298477,1.5338697844165088,3.812061235211149,-0.5635028536388695,-1.4886358140926785,5.745291063819993,2.0005455948416255,4.971870747339373,0.179418681262566,0.541302439705609,3.2583723238924964
0.9566208372110927,0.9111649986914896,1.5507118604608519,1.709351890836654,1.4216714934035664,-1.672135899512282,-1.9072649820478385,2.98597990298477,1.0985633140204927,0.9136773742224914,-1.3768776379544163,-1.259017069594664,4.641033951249569,5.280872096488564,4.392112215240503,0.179418681262566,0.3597031246919637,3.2583723238924964
0.9566208372110927,3.836563781106484,1.5507118604608519,1.709351890836654,1.4216714934035664,-1.672135899512282,-1.9072649820478385,1.9887940027244009,1.386550198587504,1.1531966601330295,-0.6813815907197494,-0.6999740184943123,4.641033951249569,5.280872096488564,4.392112215240503,0.179418681262566,0.3597031246919637,0.38343319975707923
0.9192928664034866,1.7127282822981784,1.5689130138729992,1.709351890836654,1.3888768578335065,-1.672135899512282,-1.8115792257836394,4.45623125284452,1.386550198587504,1.1265951109107595,-0.6813815907197494,-0.6648569561273387,2.658809409706299,5.280872096488564,4.290796461108874,0.179418681262566,0.3416571447989178,0.32467935947777726
1.4794893614974858,1.7127282822981784,0.6848875193707313,1.709351890836654,7.288245078205902,0.9561253285594407,3.8188988352369555,1.0262402147781413,1.5878931633033722,6.770375716200917,-0.6813815907197494,-2.623062432540093,2.658809409706299,5.280872096488564,22.516305900612018,0.179418681262566,1.2595867312117888,0.32467935947777726
6.330141715921191,1.0080822716172526,0.6848875193707313,1.709351890836654,7.288245078205902,0.9561253285594407,16.339536771895457,0.19279557970265856,1.5878931633033722,6.770375716200917,-0.6813815907197494,-11.223032324396998,2.658809409706299,1.1677220104490316,4.978871957840267,0.179418681262566,2.5342331756011567,4.809553475424387
3.0156450203400795,2.5966242223800418,0.6848875193707313,0.27788052554429765,1.1848124329954195,-0.5337243464197858,-1.7519513164569176,0.6065793213141969,1.5878931633033722,6.770375716200917,0.6578021683672848,5.161570981090148,0.468053913548167,0.8216146244285526,3.503157409995,0.1480018047796801,0.8353665011009594,4.809553475424387
3.0156450203400795,6.88325112112505,0.5932720052045882,0.3245020585172037,1.8439100881401433,-0.5337243464197858,-2.1855819861213606,0.6065793213141969,1.5878931633033722,9.022846376022683,0.4515912662846543,4.090699087667662,0.468053913548167,0.8216146244285526,4.668640628875904,0.3651015100505381,2.378970573000559,4.809553475424387
0.5173889153630532,10.099880416284442,0.5932720052045882,0.22212378202694943,1.2621685186432194,-0.5337243464197858,-0.3102364384320078,0.6065793213141969,0.1471809452923883,0.8363226755686342,1.8290960724700178,0.8654471923712992,0.5142940934944795,0.8216146244285526,4.668640628875904,0.3651015100505381,0.40815579955314996,0.1835141738628898
0.5173889153630532,11.05189966948894,0.5932720052045882,0.22212378202694943,1.2621685186432194,-0.5337243464197858,-0.3102364384320078,8.862317678083208,0.039528812805474225,0.22461360349229656,1.514000536825389,0.371245481852481,0.5142940934944795,0.8216146244285526,4.668640628875904,0.3651015100505381,0.40815579955314996,0.1835141738628898
0.5173889153630532,26.714887623719893,0.5932720052045882,0.22212378202694943,1.2621685186432194,-0.5337243464197858,-0.3102364384320078,8.862317678083208,0.058161204763488204,0.3304879873237995,1.514000536825389,0.45031974357142884,0.5142940934944795,0.8216146244285526,4.668640628875904,0.3651015100505381,0.40815579955314996,0.28187290877808935
0.9164205609669885,0.463227877065042,0.46794887539768276,0.537788165482178,4.911842367460281,-0.5337243464197858,-1.0840118980494957,5.024965160727515,0.8625899397857334,7.878391686410189,1.305283577025313,3.3575190281428933,0.5142940934944795,0.8216146244285526,7.504147136400439,-0.010542387789492014,-0.026465766841819078,0.2868395453390151
1.4778060470334586,0.463227877065042,0.45100938277289965,0.537788165482178,5.287739878247061,-0.5337243464197858,-1.8137168789593479,6.6690638060748855,0.8625899397857334,8.481315722316518,1.0174949916573568,4.379064426205615,0.734638407607331,0.12151262492451387,1.1947588172524088,-0.010542387789492014,-0.017029290285742255,1.091212856893466
2.0733118945455216,0.8551714310314478,0.8169124683502508,0.537788165482178,1.6117221975915796,-0.6588770099280086,-1.7342595190559338,6.6690638060748855,0.8625899397857334,2.58513564002539,1.0174949916573568,3.391865222373559,0.734638407607331,2.3851292146428698,7.148103930322502,0.8298368335670105,4.599946452568182,1.9576222207510412
1.239543932618757,0.8551714310314478,0.5611879790152535,0.537788165482178,3.415265864603166,-0.16749198698002077,-0.3836791658975179,6.6690638060748855,0.5565377296640712,3.5343364404110087,1.0174949916573568,2.371090597444654,0.734638407607331,2.220367710817649,14.10061904732244,0.8298368335670105,3.862546505267534,1.9576222207510412
0.688256067224417,0.8551714310314478,0.5611879790152535,0.537788165482178,3.415265864603166,-1.623835139777905,-2.065400332228794,15.64711205648337,0.5565377296640712,3.5343364404110087,1.0174949916573568,1.3165467126141588,0.734638407607331,3.153721142921959,20.027953118383728,0.016276849394637805,0.050134729573102124,1.9576222207510412
0.688256067224417,0.8551714310314478,0.41149325766871936,0.537788165482178,6.352077516031323,-1.177780514516349,-2.0430185416698983,0.5648329517014022,2.0386361484136546,24.07932281309417,1.0174949916573568,3.4364059573754475,0.734638407607331,3.153721142921959,37.250133880923144,0.016276849394637805,0.06837294911465129,2.3177816324310148
0.688256067224417,0.8551714310314478,0.41149325766871936,0.537788165482178,6.352077516031323,-1.177780514516349,-2.0430185416698983,0.5648329517014022,2.0386361484136546,24.07932281309417,1.0174949916573568,3.4364059573754475,0.734638407607331,3.153721142921959,37.250133880923144,0.016276849394637805,0.06837294911465129,1.738608221185393
3.718305696506874,0.8551714310314478,0.41149325766871936,0.537788165482178,6.352077516031323,-1.6452459330175853,-15.418204885029114,0.28787218465215597,1.0587489372151968,12.505398502358046,-0.37310887503367374,-4.906021412973098,0.30047277447610243,3.153721142921959,37.250133880923144,0.016276849394637805,0.3693850854163066,1.738608221185393
0.8061046442498554,2.7153716934303995,0.8820834120894439,0.24182116341255783,0.621591392231914,1.2357355645527692,0.7853612424305404,0.28787218465215597,1.0587489372151968,2.721470762196646,-0.37310887503367374,-0.4961681005363504,1.5175749677918597,0.6736420211731824,1.7315692137854222,-0.4489314644760524,-0.47620219863557195,1.738608221185393
5.555692226374413,2.7153716934303995,1.3403357000472866,0.24182116341255783,0.26921368420669356,-0.7013105380023408,-2.0216087524458373,0.28787218465215597,1.0587489372151968,1.178679723541611,-0.37310887503367374,-2.250461899092592,0.8069026872929994,2.0967290907033735,2.33423805975409,-0.4489314644760524,-3.81057748243546,0.24845655451454554
11.070730930076959,2.7153716934303995,1.3403357000472866,0.24182116341255783,0.26921368420669356,-0.7013105380023408,-4.028424475706033,0.7061835193206476,0.8534377032481112,0.9501116655383336,-0.37310887503367374,-4.026235746364289,0.8069026872929994,2.0967290907033735,2.33423805975409,0.6877252499443611,11.632252969734783,0.24845655451454554
11.070730930076959,2.7153716934303995,1.2777377412737267,0.24182116341255783,0.2962380606728867,1.2222922326086008,7.364983452690881,0.22672273332536072,0.41245374808701013,0.5052680118079945,-0.37310887503367374,-2.9361130764103005,1.0389010824908764,1.943171330486828,2.3804422176089726,0.6877252499443611,11.74681386979804,0.24845655451454554
11.070730930076959,2.5646885093408986,1.2777377412737267,0.726674979336224,0.8901982919121713,1.2222922326086008,12.76717248556406,0.4229951406038164,0.29964912753678385,0.36707902307284,0.2913936140035792,1.9545019540459354,1.6282802124603926,1.434191532223256,1.7569269461104164,0.6877252499443611,10.091787966690736,0.3350085912465528
11.070730930076959,2.5646885093408986,1.2777377412737267,0.726674979336224,0.8901982919121713,1.2222922326086008,12.76717248556406,0.9720504443616269,0.29964912753678385,0.36707902307284,-1.5741309714778673,-10.558371603984183,1.6282802124603926,1.434191532223256,1.7569269461104164,0.6877252499443611,10.091787966690736,0.3350085912465528
11.070730930076959,2.5646885093408986,1.2777377412737267,0.726674979336224,0.8901982919121713,-1.2437906627876423,-12.991729395067525,0.17924723287772937,0.29964912753678385,0.36707902307284,-0.801130487281948,-5.373525800119651,1.6282802124603926,1.434191532223256,1.7569269461104164,-0.5399388100050306,-7.923146614144121,8.046464097670132
10.925961380743619,2.5646885093408986,0.6158271214815402,0.726674979336224,3.8322389385429916,-0.19998132875084917,-4.2773560275422975,0.385695469117767,0.4661153231456504,2.458135125062324,0.6441452264463468,11.034339198183352,0.9287905512184521,1.434191532223256,7.563442792725612,-0.5399388100050306,-16.224225328352478,2.0588761894282603
10.925961380743619,2.5646885093408986,0.6158271214815402,1.3721187870153866,7.236092054125609,0.2635230642580626,7.745158941484154,0.385695469117767,0.08519569571341508,0.4492933867180065,1.1537543903855902,8.449636785211686,3.256808754454785,1.434191532223256,7.563442792725612,-0.5870659411390621,-17.640313930300202,0.34792648281262306
7.4130159522621915,0.5562815084053888,0.6158271214815402,1.3721187870153866,7.236092054125609,0.2635230642580626,5.254913941689269,0.385695469117767,0.08519569571341508,0.4492933867180065,1.1537543903855902,5.732886113801417,1.9287489854293436,0.8752003538748561,4.6155117081497625,-0.5870659411390621,-9.349572389907054,0.34792648281262306
7.4130159522621915,1.1758251814518943,0.8957420271492069,1.3721187870153866,3.4202338733448383,-0.3338988334874168,-4.577598924399989,0.385695469117767,0.08519569571341508,0.2123644156028412,0.9236957985488834,3.1554752370801302,4.02931088457316,1.7937708435364268,4.471271626144445,0.2286341149564164,3.583863782489385,0.8371650230080165
7.4130159522621915,0.2440901201390908,0.8957420271492069,1.3721187870153866,3.4202338733448383,-0.8867592281129206,-12.157059808849091,0.385695469117767,0.08519569571341508,0.2123644156028412,0.2839085593184353,0.9698717152679647,2.19606621134149,1.7937708435364268,4.471271626144445,-0.9822644241733263,-15.39709808964264,0.8371650230080165
1.0326425852055636,0.2440901201390908,0.5030432336847872,1.3721187870153866,10.844538697424888,0.22394360119712386,0.7615426486367949,0.385695469117767,0.45907362816345487,3.628287705625594,0.2839085593184353,0.5584436737707812,1.6852462235269372,0.26469328114948565,2.092002935560545,-1.6166837881850011,-2.414661507950835,0.8371650230080165
1.0326425852055636,0.28105280919297243,0.6243591925448563,0.36027489881391556,1.848395829498361,-0.9690952017107077,-1.360548300591417,0.385695469117767,0.45907362816345487,2.3552842080410743,-0.5909823623996462,-0.9365828710812409,1.6852462235269372,0.26469328114948565,1.358012891221854,-1.6166837881850011,-1.9454812994148485,0.8371650230080165
0.5215020774644064,0.6504853270882426,0.6243591925448563,0.36027489881391556,1.848395829498361,-0.9221181179793079,-0.6537927314963351,0.510144693850524,0.5773687981997749,2.9621993710590533,-0.5909823623996462,-0.5304417574426888,1.6852462235269372,0.0487042856796845,0.2498780759508977,0.05823481163017408,0.015181084389790338,2.3778937761002914
0.5215020774644064,0.6504853270882426,0.6243591925448563,0.36027489881391556,1.848395829498361,0.13885266090534376,0.09844819083239852,0.510144693850524,0.5773687981997749,2.9621993710590533,0.1388264451948683,0.12460497682143881,0.943447945987115,0.0487042856796845,0.2498780759508977,-1.099049368033938,-0.28650837424575487,2.3778937761002914
0.9420390756684394,0.6504853270882426,0.6766428318727304,0.36027489881391556,1.5737836521774724,0.13885266090534376,0.1640951099721269,0.8268157912864728,0.06023273279143713,0.26311377924249757,0.1388264451948683,0.06708306809561235,0.943447945987115,0.04444111699429284,0.19413149137056412,-1.099049368033938,-0.4561777659355082,1.5713716117414331
0.6886838835260807,0.6504853270882426,0.591494871936346,0.043742249865915295,0.25005131633443684,0.13885266090534376,0.04781770177806406,0.8268157912864728,0.06023273279143713,0.3443186888440151,0.7095797508569501,0.2867486826368789,0.4523690923954876,0.04444111699429284,0.2540463702223678,0.7892914296411064,0.27397680955014136,1.5713716117414331
0.6886838835260807,0.6504853270882426,0.591494871936346,1.6222359479736812,9.273465252457106,-1.1514221160034257,-2.4147685516356954,0.8268157912864728,0.06023273279143713,0.3443186888440151,-0.7342071100977103,-0.29670085899279186,0.10977165928594074,0.04444111699429284,0.2540463702223678,0.7892914296411064,0.27397680955014136,0.251865855291258
0.6886838835260807,0.7056646383576309,0.47572060818224715,1.6222359479736812,14.33639920732641,-0.9432835341008523,-2.4597004249510763,0.8268157912864728,0.06023273279143713,0.5323026553103312,-0.6807127195213687,-0.34202913483047975,0.10977165928594074,0.06561440038780834,0.5798627745143733,-0.7515992864734582,-0.3941566821353331,0.2197759385650667
0.6886838835260807,3.003226667391422,0.4825728664137808,1.6222359479736812,13.932152455091941,-0.9432835341008523,-2.4247740881074167,0.8268157912864728,0.014130984980002365,0.12136029738949008,-0.20095694961275518,-0.04821267914905266,2.6354935430517274,0.09289324034550192,0.7977894881183013,-0.7515992864734582,-0.4623282526431233,0.5934255808139839
0.6886838835260807,3.003226667391422,0.4825728664137808,2.3751815963896012,20.398630760687254,-0.9432835341008523,-2.9340173771810147,0.8268157912864728,0.9957423835066186,8.551675057095892,-0.20095694961275518,-0.40471429532418907,0.3856647598780833,0.09289324034550192,0.7977894881183013,-0.7515992864734582,-0.4623282526431233,0.9342980511622722
1.0781770210259443,0.685433996776137,0.7929335571292455,1.299797907066331,4.134587941004742,-0.9432835341008523,-2.0679900357824206,1.8302129113480012,0.9957423835066186,3.16740350850841,-0.20095694961275518,-0.3856069014132153,0.3856647598780833,0.09289324034550192,0.295488451893443,-0.7515992864734582,-0.4405007853619191,0.13978805375789496
4.868198038811313,0.685433996776137,0.7929335571292455,0.015504820052719763,0.04932000710949922,-1.0253774832105935,-1.1085711666684248,4.515180076230097,0.496205102509902,1.5784020130736878,-0.20095694961275518,-1.2290797968135512,0.3856647598780833,0.03113451151915663,0.09903722353786573,-0.7515992864734582,-1.1514731737031736,1.7266154646694334
16.10305667456953,0.685433996776137,1.192076337748893,0.437302341402682,0.6154654288952515,-1.0253774832105935,-12.953702821091028,4.515180076230097,0.6436428542845384,0.9058719514214055,0.366194584010151,5.612464986300485,0.3856647598780833,0.03113451151915663,0.04381914678096064,-0.7515992864734582,-2.5335334292786884,1.7266154646694334
16.10305667456953,0.685433996776137,1.192076337748893,0.6930689122830519,0.9754348764381846,-1.0253774832105935,-16.30764457946719,4.649116846246944,0.6436428542845384,0.9058719514214055,-0.01096680353066154,-0.16808222599427697,0.3856647598780833,0.03113451151915663,0.04381914678096064,-0.8899961631588497,-3.000049457035165,1.7266154646694334
9.381664709622848,2.2498683835911635,0.5524934901505144,1.397987195755118,9.159649573090922,-1.0253774832105935,-29.114082843115145,1.6210833561605593,0.6436428542845384,4.217165231106382,-0.01096680353066154,-0.21128578508445583,0.3856647598780833,0.24142890755424615,1.58184867266726,0.20582948514853883,2.4286781331560157,1.7266154646694334
0.5277419259373902,76.81218075614942,0.6171107518442429,1.397987195755118,7.341874610986291,-1.0253774832105935,-1.4662528034963278,1.3194614324772687,0.8560452412028505,4.49573275157791,-0.01096680353066154,-0.012271620159559229,0.3856647598780833,0.24142890755424615,1.2679234631854008,0.20582948514853883,0.12231386922677345,0.34241677540948484
2.7712337395320947,35.96802850549858,0.6171107518442429,1.397987195755118,7.341874610986291,-1.0253774832105935,-7.699462635103598,1.3194614324772687,0.42998916277319493,2.258194157106402,-0.01096680353066154,-0.045670299613374814,0.23957578170910623,2.4525290091880754,12.880061076338635,1.8702237433160098,18.600545685586432,0.6069809152471572
0.6785081281199337,1.5285624776071853,0.6460575632500299,1.397987195755118,6.698703560886098,-1.0253774832105935,-1.8006703378827358,1.3194614324772687,0.3611003561807612,1.7302763924663418,-1.0446028850623943,-0.9323178876824139,0.23957578170910623,2.4525290091880754,11.75172766739875,1.8702237433160098,4.350102399583567,0.653307761152818
1.2032376211892462,0.6066397697707548,1.0260382040906675,1.397987195755118,2.6558657949662003,-1.0253774832105935,-2.010658163698092,1.2506826136260631,0.3611003561807612,0.6860106354640655,-0.16145579228119555,-0.16090533981754224,0.22708802963860164,2.4525290091880754,4.659261491409199,1.8702237433160098,4.857396003384911,1.2542810026843063
1.4205331938962311,0.592065213713855,1.4036330276926912,1.397987195755118,1.4191425838487104,-1.0253774832105935,-1.735194565165183,1.2506826136260631,0.3611003561807612,0.36656479691307575,-0.16145579228119555,-0.13886103376415584,0.22708802963860164,2.4525290091880754,2.4896425129152266,1.8702237433160098,4.191924464388546,1.2542810026843063
2.6688279005872872,0.592065213713855,1.4036330276926912,0.9172943784078107,0.9311755631784665,-1.0253774832105935,-2.6407064769414292,1.2506826136260631,0.3611003561807612,0.36656479691307575,-0.9579195847578263,-1.5478361993003453,0.22708802963860164,2.4525290091880754,2.4896425129152266,-0.8809559903483848,-3.7097383351345767,0.6166637847185598
2.6688279005872872,2.4096297997492275,1.4036330276926912,0.9172943784078107,0.9311755631784665,0.8396405143557388,2.16236866994499,0.27223503080092587,0.06022401744736238,0.06113537233353217,-0.9579195847578263,-0.63211471809682,0.3843586990695165,0.4284514457648358,0.43493509357072285,-0.8809559903483848,-1.550554399977612,1.641997292511467
2.164711323168929,2.4096297997492275,1.4036330276926912,0.9172943784078107,0.9311755631784665,0.8396405143557388,1.7539174945172011,0.27223503080092587,0.49289069005340286,0.5003494807114718,-0.9579195847578263,-1.466782663089983,0.5553340387852261,0.5703198021142903,0.5789503080215147,-0.7282561750236412,-1.19951258627398,0.7277361866197178
1.3004958775339193,2.4096297997492275,0.47864900204668237,0.9172943784078107,8.007637635791113,0.8396405143557388,3.089972198141282,0.5100609932344639,0.29978903722403855,2.6170464289115425,-0.9579195847578263,-2.015318753149399,0.5553340387852261,0.25956172864215116,2.265877035781681,0.5850338395692478,1.1452706631639051,0.3220309574719207
2.4134430941511362,2.4096297997492275,0.575038204061403,0.9172943784078107,5.548113403955967,-0.3582608884180778,-2.0366158833722237,0.5100609932344639,0.29978903722403855,1.8132276997802432,-0.9579195847578263,-3.1130943854178597,0.5553340387852261,0.25956172864215116,1.5699190355151948,-1.1092460934127173,-3.3543131034253313,0.4982176389770594
4.7582146738477755,0.44212866075338975,0.575038204061403,0.9172943784078107,5.548113403955967,1.2464128425662646,13.969427622907649,0.5100609932344639,0.29978903722403855,1.8132276997802432,-0.9579195847578263,-6.137609551129017,0.5553340387852261,0.4448125287453522,2.6903798944709894,-1.1092460934127173,-8.657225784031958,0.4982176389770594
4.7582146738477755,0.22699716275073045,0.575038204061403,0.5959973444725786,3.604797907221448,-0.9545189699613301,-8.62321187570207,0.5100609932344639,0.7281037387766673,4.403823033985014,-0.5024488448795159,-5.017077542936671,0.5148551107583749,0.39491429831682595,2.388578152750174,-0.5109976122014952,-3.757791074777005,0.4982176389770594
4.7582146738477755,2.0034607319133166,0.9330116886388078,0.30144784308822803,0.6925769082514274,-0.9545189699613301,-3.7797458558661643,0.5100609932344639,0.7281037387766673,1.6728195203594793,-0.13371555751856057,-0.8229065426231206,0.5230019612970088,0.39491429831682595,0.9073162406821351,-0.5109976122014952,-2.3160196781996234,1.1009021138882258
2.5975193742988276,2.0034607319133166,0.39371650521010676,0.30144784308822803,3.8893312533760502,-1.6862280781364412,-8.637987653005519,0.5100609932344639,0.3003458787386921,3.8751135222393844,-0.13371555751856057,-0.6837273456902233,0.4219480180067399,0.39491429831682595,5.0952513281017575,0.31054857857543294,1.8208373225060903,1.1009021138882258
0.9692218678254269,3.0217861397862764,0.910712669073284,0.3479950953401521,0.8391514751649061,-2.2052971361076823,-1.95799013293698,1.7320689868697983,0.3003458787386921,0.7242506879498347,-0.13371555751856057,-0.11029341955616202,0.7437455986747905,0.39491429831682595,0.9522919157017261,0.5187409767592429,0.490635319225695,1.1009021138882258
0.7505854154860008,3.0217861397862764,0.910712669073284,0.6825405769633844,1.6458707024559749,1.7790352464310222,1.7130992746406826,1.7320689868697983,0.6535524200483909,1.5759689855546164,-0.13371555751856057,-0.1259957494428934,0.7437455986747905,0.39491429831682595,0.9522919157017261,0.18253170363720606,0.13369755878283826,1.1009021138882258
0.5842115401860006,3.0217861397862764,0.8288737115377375,0.6825405769633844,1.9869262126488627,1.5606529006385497,1.2851899626424392,0.3949864512142379,0.5479772388975305,1.5952023610734876,-0.13371555751856057,-0.09866428269661946,0.7437455986747905,0.39491429831682595,1.149624795300087,1.15777678742041,0.7252254407452459,0.698232021967855
1.3930057130330458,3.0217861397862764,0.8582500451212483,0.6825405769633844,1.853236311728715,1.0746192745990937,2.037853332734911,0.7995982177353709,0.06387395968835148,0.1734307753467079,-0.13371555751856057,-0.07757073738237248,0.7437455986747905,0.08326787610801888,0.2260891979352414,-1.107760566466828,-0.7337341037547136,0.698232021967855
1.3930057130330458,3.4156676111348787,0.7704551259687662,0.6825405769633844,2.299660750838558,-0.2729060550059348,-0.5764981999616594,0.4962144690221852,0.06387395968835148,0.2152083598449944,-0.7369289484863087,-0.4762204964862075,0.7437455986747905,0.025288214593271453,0.0852027213058264,-1.107760566466828,-0.4504281577229585,0.6059211295608261
2.3094469123473873,2.57102982962903,0.42330575281412436,0.07041305983804717,0.7859137219462831,-0.2729060550059348,-0.5587384913272184,0.3864154837957582,0.06387395968835148,0.7129277084333476,-0.7369289484863087,-1.4369986087630922,0.85404236986855,0.019301382871808447,0.21543193388247897,0.08963711441751543,0.09608395935980192,0.6059211295608261
