{
    "n": 500,
    "active_prop": 0.2,
    "noise_constant": 0.5,
    "seed": 68,
    "active_indices": [
        23,
        25,
        18,
        3,
        20,
        1
    ],
    "gp_features": [
        3,
        25,
        1
    ],
    "lengthscales": [
        1.153828858446609,
        0.34663727668136457,
        0.37652976457611553
    ],
    "beta": [
        0.0,
        3.6180274201360483,
        0.0,
        -0.9005126167145248,
        0.0,
        0.0,
        0.0,
        0.0,
        0.0,
        0.0,
        0.0,
        0.0,
        0.0,
        0.0,
        0.0,
        0.0,
        0.0,
        0.0,
        -4.1525510428944115,
        0.0,
        4.538259456932513,
        0.0,
        0.0,
        4.970839812356489,
        0.0,
        -2.7264407292870163,
        0.0,
        0.0,
        0.0,
        0.0
    ]
}