{
    "n": 1000,
    "active_prop": 0.1,
    "seed": 30,
    "active_indices": [
        29,
        23,
        10
    ],
    "gp_features": [
        10,
        23,
        29
    ],
    "lengthscales": [
        0.8698169496364162,
        0.9804929866874791,
        0.4304293593749552
    ],
    "beta": [
        0.0,
        0.0,
        0.0,
        0.0,
        0.0,
        0.0,
        0.0,
        0.0,
        0.0,
        0.0,
        -0.14306991340722863,
        0.0,
        0.0,
        0.0,
        0.0,
        0.0,
        0.0,
        0.0,
        0.0,
        0.0,
        0.0,
        0.0,
        0.0,
        -4.482965427009537,
        0.0,
        0.0,
        0.0,
        0.0,
        0.0,
        0.42388484671118665
    ]
}