{
    "n": 11000,
    "active_prop": 0.2,
    "noise_constant": 0.5,
    "seed": 4,
    "active_indices": [
        8,
        13,
        10,
        5,
        11,
        23
    ],
    "gp_features": [
        8,
        11,
        13
    ],
    "lengthscales": [
        0.7844189876072757,
        1.3022402191985907,
        1.412039355298291
    ],
    "beta": [
        0.0,
        0.0,
        0.0,
        0.0,
        0.0,
        1.580594095591394,
        0.0,
        0.0,
        -3.1362796030357076,
        0.0,
        -2.995964273768459,
        4.665995952130837,
        0.0,
        -4.681606146616173,
        0.0,
        0.0,
        0.0,
        0.0,
        0.0,
        0.0,
        0.0,
        0.0,
        0.0,
        3.5592677690228154,
        0.0,
        0.0,
        0.0,
        0.0,
        0.0,
        0.0
    ]
}