{
    "selected features": [
        9,
        25,
        26
    ],
    "precision": 0.6666666666666666,
    "recall": 0.6666666666666666,
    "training rmse": 0.8103,
    "testing rmse": 1.0308,
    "beta_error": 0.2582,
    "tune time": 0.007,
    "fit time": 0.2227,
    "prediction time (test)": 0.027,
    "total runtime": 0.2567,
    "lambda": 0.1674
}