{
    "selected features": [
        9,
        25,
        26
    ],
    "precision": 0.6666666666666666,
    "recall": 0.6666666666666666,
    "training rmse": 0.8708,
    "testing rmse": 1.0331,
    "beta_error": 0.2582,
    "tune time": 0.0076,
    "fit time": 1.6792,
    "prediction time (test)": 0.0353,
    "total runtime": 1.722,
    "lambda": 0.1674
}