{
    "selected features": [
        9,
        25,
        26
    ],
    "precision": 0.6666666666666666,
    "recall": 0.6666666666666666,
    "training rmse": 0.8147,
    "testing rmse": 1.0225,
    "beta_error": 0.2582,
    "tune time": 0.0066,
    "fit time": 0.213,
    "prediction time (test)": 0.0326,
    "total runtime": 0.2522,
    "lambda": 0.1674
}