{
    "n": 100,
    "active_prop": 0.1,
    "noise_constant": 0.1,
    "seed": 0,
    "active_indices": [
        23,
        4,
        11
    ],
    "gp_features": [
        23,
        11,
        4
    ],
    "lengthscales": [
        0.6155667799690501,
        1.3072879630513008,
        2.2601866749484993
    ],
    "beta": [
        0.0,
        0.0,
        0.0,
        0.0,
        -0.20415159805768823,
        0.0,
        0.0,
        0.0,
        0.0,
        0.0,
        0.0,
        4.723976921507035,
        0.0,
        0.0,
        0.0,
        0.0,
        0.0,
        0.0,
        0.0,
        0.0,
        0.0,
        0.0,
        0.0,
        1.099915258401463,
        0.0,
        0.0,
        0.0,
        0.0,
        0.0,
        0.0
    ]
}