{
    "n": 1000,
    "active_prop": 0.2,
    "noise": 0.5,
    "seed": 110,
    "active_indices": [
        22,
        7,
        11,
        27,
        19,
        2
    ],
    "gp_features": [
        27,
        11,
        7
    ],
    "lengthscales": [
        0.2113469187518003,
        1.0091786538173124,
        0.6750220093681114
    ],
    "beta": [
        0.0,
        0.0,
        -4.886076375010397,
        0.0,
        0.0,
        0.0,
        0.0,
        -1.411214467694716,
        0.0,
        0.0,
        0.0,
        -1.9808115231112335,
        0.0,
        0.0,
        0.0,
        0.0,
        0.0,
        0.0,
        0.0,
        -3.501303352225472,
        0.0,
        0.0,
        1.909192345616133,
        0.0,
        0.0,
        0.0,
        0.0,
        1.286206647808429,
        0.0,
        0.0
    ]
}