{
    "n": 100,
    "active_prop": 0.3,
    "noise": 0.5,
    "seed": 38,
    "active_indices": [
        11,
        25,
        23,
        14,
        26,
        29,
        5,
        24,
        0
    ],
    "gp_features": [
        14,
        29,
        24
    ],
    "lengthscales": [
        1.3770823301520847,
        0.6691026338856514,
        1.1354258653813598
    ],
    "beta": [
        -4.5460952338214895,
        0.0,
        0.0,
        0.0,
        0.0,
        3.545775627767341,
        0.0,
        0.0,
        0.0,
        0.0,
        0.0,
        3.2528083928716676,
        0.0,
        0.0,
        0.16562562080753462,
        0.0,
        0.0,
        0.0,
        0.0,
        0.0,
        0.0,
        0.0,
        0.0,
        -1.9694277591796294,
        4.377184420108534,
        -2.8863682261622703,
        4.338564487680044,
        0.0,
        0.0,
        2.8172445057521722
    ]
}