{
    "n": 500,
    "active_prop": 0.5,
    "noise_constant": 1.0,
    "seed": 88,
    "active_indices": [
        17,
        11,
        16,
        4,
        18,
        5,
        10,
        25,
        22,
        27,
        21,
        20,
        26,
        13,
        9
    ],
    "gp_features": [
        17,
        26,
        22
    ],
    "lengthscales": [
        2.316187539843236,
        0.5862551012728177,
        0.6975343242083278
    ],
    "beta": [
        0.0,
        0.0,
        0.0,
        0.0,
        -4.229911291302115,
        1.3990954046164648,
        0.0,
        0.0,
        0.0,
        0.962492371119601,
        -2.62658924353971,
        2.2134743964043233,
        0.0,
        3.076004866612182,
        0.0,
        0.0,
        1.7734462046455404,
        2.991524633746857,
        -4.010548635779541,
        0.0,
        -3.8490423505552105,
        -0.5549021256378985,
        2.269819738280604,
        0.0,
        0.0,
        -3.529645335321069,
        0.13527654994798866,
        -4.374761902205898,
        0.0,
        0.0
    ]
}