{
    "n": 100,
    "active_prop": 0.2,
    "noise_constant": 0.5,
    "seed": 20,
    "active_indices": [
        14,
        16,
        25,
        22,
        6,
        24
    ],
    "gp_features": [
        14,
        16,
        24
    ],
    "lengthscales": [
        1.497367892195459,
        1.6596032249479544,
        0.5154004655687493
    ],
    "beta": [
        0.0,
        0.0,
        0.0,
        0.0,
        0.0,
        0.0,
        0.6580431717554056,
        0.0,
        0.0,
        0.0,
        0.0,
        0.0,
        0.0,
        0.0,
        4.522174130421579,
        0.0,
        3.3898053255961127,
        0.0,
        0.0,
        0.0,
        0.0,
        0.0,
        2.862539186825405,
        0.0,
        0.9594135767095047,
        -1.2839416014435088,
        0.0,
        0.0,
        0.0,
        0.0
    ]
}