{
    "n": 500,
    "active_prop": 0.1,
    "noise_constant": 1.0,
    "seed": 59,
    "active_indices": [
        3,
        1,
        8
    ],
    "gp_features": [
        8,
        3,
        1
    ],
    "lengthscales": [
        1.583458518381543,
        1.6212890400379816,
        1.4276805924117744
    ],
    "beta": [
        0.0,
        4.8727563097117095,
        0.0,
        3.2580581629825716,
        0.0,
        0.0,
        0.0,
        0.0,
        3.0287704058503877,
        0.0,
        0.0,
        0.0,
        0.0,
        0.0,
        0.0,
        0.0,
        0.0,
        0.0,
        0.0,
        0.0,
        0.0,
        0.0,
        0.0,
        0.0,
        0.0,
        0.0,
        0.0,
        0.0,
        0.0,
        0.0
    ]
}