{
    "n": 500,
    "active_prop": 0.1,
    "noise": 1.0,
    "seed": 59,
    "active_indices": [
        1,
        15,
        3
    ],
    "gp_features": [
        3,
        15,
        1
    ],
    "lengthscales": [
        1.4239034010732652,
        0.8893821791865788,
        0.56675424379246
    ],
    "beta": [
        0.0,
        1.0132475712684244,
        0.0,
        2.8045303221799216,
        0.0,
        0.0,
        0.0,
        0.0,
        0.0,
        0.0,
        0.0,
        0.0,
        0.0,
        0.0,
        0.0,
        -3.2816985950658206,
        0.0,
        0.0,
        0.0,
        0.0,
        0.0,
        0.0,
        0.0,
        0.0,
        0.0,
        0.0,
        0.0,
        0.0,
        0.0,
        0.0
    ]
}