{
    "n": 100,
    "active_prop": 0.2,
    "noise": 0.1,
    "seed": 17,
    "active_indices": [
        26,
        3,
        25,
        13,
        17,
        10
    ],
    "gp_features": [
        10,
        26,
        25
    ],
    "lengthscales": [
        0.5604571631137591,
        0.6070212713951473,
        0.48787038717426606
    ],
    "beta": [
        0.0,
        0.0,
        0.0,
        0.10878970184400139,
        0.0,
        0.0,
        0.0,
        0.0,
        0.0,
        0.0,
        1.2434763216199443,
        0.0,
        0.0,
        1.5486410164536855,
        0.0,
        0.0,
        0.0,
        -1.6112190503346921,
        0.0,
        0.0,
        0.0,
        0.0,
        0.0,
        0.0,
        0.0,
        -1.2899933609645728,
        0.1000797769346482,
        0.0,
        0.0,
        0.0
    ]
}