{
    "n": 100,
    "active_prop": 0.3,
    "seed": 12,
    "active_indices": [
        25,
        10,
        5,
        29,
        9,
        20,
        0,
        7,
        19
    ],
    "gp_features": [
        7,
        25,
        20
    ],
    "lengthscales": [
        1.5592592879231266,
        0.6854780337714563,
        0.8361113030555464
    ],
    "beta": [
        -4.146982110452763,
        0.0,
        0.0,
        0.0,
        0.0,
        4.6029867463613545,
        0.0,
        -3.645834335597754,
        0.0,
        1.7606079210460592,
        2.5696346499582203,
        0.0,
        0.0,
        0.0,
        0.0,
        0.0,
        0.0,
        0.0,
        0.0,
        3.54335165747003,
        -0.2678490929176389,
        0.0,
        0.0,
        0.0,
        0.0,
        -3.6845601487899513,
        0.0,
        0.0,
        0.0,
        -1.7086686721050826
    ]
}