{
    "selected features": [
        0,
        1,
        2,
        5,
        6,
        7,
        10,
        12,
        13,
        14,
        15,
        16,
        17,
        19,
        20,
        21,
        24,
        25,
        26,
        28,
        29
    ],
    "precision": 0.6190476190476191,
    "recall": 0.8666666666666667,
    "training rmse": 0.7627,
    "testing rmse": 2.2233,
    "beta_error": 0.5774,
    "tune time": 0.0083,
    "fit time": 0.2296,
    "prediction time (test)": 0.0141,
    "total runtime": 0.252,
    "lambda": 0.1229
}