{
    "n": 100,
    "active_prop": 0.5,
    "noise_constant": 0.5,
    "seed": 36,
    "active_indices": [
        0,
        13,
        7,
        14,
        6,
        5,
        20,
        27,
        15,
        26,
        2,
        24,
        11,
        12,
        21
    ],
    "gp_features": [
        6,
        7,
        20
    ],
    "lengthscales": [
        0.5554588729411594,
        0.46267278910171783,
        1.3180245600306222
    ],
    "beta": [
        -3.1493940211782636,
        0.0,
        1.3158786969139626,
        0.0,
        0.0,
        2.9106273598816195,
        -1.491026278105462,
        -4.016530724063438,
        0.0,
        0.0,
        0.0,
        0.3708912293087776,
        2.7617925054980095,
        3.6512920234530295,
        -1.4893407556111251,
        -3.21010688090944,
        0.0,
        0.0,
        0.0,
        0.0,
        2.9636559113722125,
        2.4078090680122424,
        0.0,
        0.0,
        -1.1658892375810028,
        0.0,
        1.6824713775814537,
        0.4679245867823658,
        0.0,
        0.0
    ]
}