{
    "n": 100,
    "active_prop": 0.3,
    "noise": 1.0,
    "seed": 43,
    "active_indices": [
        13,
        21,
        3,
        25,
        26,
        16,
        23,
        18,
        12
    ],
    "gp_features": [
        18,
        16,
        25
    ],
    "lengthscales": [
        1.2723278302929815,
        0.5386086591713406,
        1.647792208213138
    ],
    "beta": [
        0.0,
        0.0,
        0.0,
        0.2778838644458528,
        0.0,
        0.0,
        0.0,
        0.0,
        0.0,
        0.0,
        0.0,
        0.0,
        -2.3877561913087977,
        -3.965876654285425,
        0.0,
        0.0,
        -0.31206484109769583,
        0.0,
        -0.6430447466079405,
        0.0,
        0.0,
        2.8959387214476475,
        0.0,
        -0.4146852582284115,
        0.0,
        -0.8464396117430573,
        4.2668093226811905,
        0.0,
        0.0,
        0.0
    ]
}