{
    "selected features": [
        0,
        2,
        3,
        4,
        5,
        9,
        12,
        13,
        14,
        17,
        18,
        19,
        20,
        21,
        22,
        23,
        29
    ],
    "precision": 0.8235294117647058,
    "recall": 0.9333333333333333,
    "training rmse": 1.5995,
    "testing rmse": 2.4888,
    "beta_error": 0.3651,
    "tune time": 2326.2203,
    "fit time": 7.9403,
    "prediction time (test)": 0.3158,
    "total runtime": 2334.4765,
    "lambda": 6.3246
}