{
    "n": 100,
    "active_prop": 0.1,
    "noise": 1.0,
    "seed": 11,
    "active_indices": [
        1,
        12,
        7
    ],
    "gp_features": [
        12,
        7,
        1
    ],
    "lengthscales": [
        1.5956680540742685,
        0.9400116626726468,
        0.3891771523276706
    ],
    "beta": [
        0.0,
        3.5407743965116136,
        0.0,
        0.0,
        0.0,
        0.0,
        0.0,
        3.0767751637265697,
        0.0,
        0.0,
        0.0,
        0.0,
        -0.3826296508657574,
        0.0,
        0.0,
        0.0,
        0.0,
        0.0,
        0.0,
        0.0,
        0.0,
        0.0,
        0.0,
        0.0,
        0.0,
        0.0,
        0.0,
        0.0,
        0.0,
        0.0
    ]
}