{
    "n": 500,
    "active_prop": 0.5,
    "noise_constant": 0.5,
    "seed": 84,
    "active_indices": [
        12,
        1,
        26,
        2,
        16,
        29,
        13,
        9,
        0,
        3,
        27,
        4,
        15,
        25,
        18
    ],
    "gp_features": [
        9,
        15,
        16
    ],
    "lengthscales": [
        1.0177542776283623,
        1.0061622267953885,
        1.1926574174751945
    ],
    "beta": [
        -0.6141375570521888,
        -0.413708394979313,
        -0.5869496327895387,
        -4.956493281977736,
        -3.4509752741220776,
        0.0,
        0.0,
        0.0,
        0.0,
        -4.298849875345814,
        0.0,
        0.0,
        -0.14977492457937558,
        1.4819134561781944,
        0.0,
        4.7173517103781855,
        0.8345795187879137,
        0.0,
        -4.66135572827215,
        0.0,
        0.0,
        0.0,
        0.0,
        0.0,
        0.0,
        -0.9618876483373224,
        1.7013005588983363,
        1.297491914250653,
        0.0,
        -3.008849812514401
    ]
}