{
    "n": 1000,
    "active_prop": 0.1,
    "noise_constant": 1.0,
    "seed": 100,
    "active_indices": [
        4,
        23,
        5
    ],
    "gp_features": [
        23,
        4,
        5
    ],
    "lengthscales": [
        1.206446900094914,
        1.2632144495191022,
        0.43711119277524935
    ],
    "beta": [
        0.0,
        0.0,
        0.0,
        0.0,
        1.7225120627194368,
        -0.01822163697149648,
        0.0,
        0.0,
        0.0,
        0.0,
        0.0,
        0.0,
        0.0,
        0.0,
        0.0,
        0.0,
        0.0,
        0.0,
        0.0,
        0.0,
        0.0,
        0.0,
        0.0,
        3.105698021920041,
        0.0,
        0.0,
        0.0,
        0.0,
        0.0,
        0.0
    ]
}