{
    "n": 500,
    "active_prop": 0.5,
    "seed": 29,
    "active_indices": [
        18,
        21,
        3,
        1,
        19,
        6,
        14,
        26,
        11,
        8,
        27,
        24,
        0,
        13,
        7
    ],
    "gp_features": [
        3,
        14,
        19
    ],
    "lengthscales": [
        0.5698533349853913,
        0.6604484559674983,
        1.7746226173199737
    ],
    "beta": [
        1.248236778256958,
        3.1390759992901636,
        0.0,
        -4.074537645724291,
        0.0,
        0.0,
        0.11360983444312911,
        -3.1806936631129625,
        -2.829582805421623,
        0.0,
        0.0,
        -1.328116074392185,
        0.0,
        -3.895831924938661,
        0.5361300263963695,
        0.0,
        0.0,
        0.0,
        -3.1492673778582416,
        -3.4466788903914622,
        0.0,
        2.597477935928344,
        0.0,
        0.0,
        -0.8785239576631865,
        0.0,
        4.779552117052731,
        1.3118945329345246,
        0.0,
        0.0
    ]
}