{
    "selected features": [
        0,
        3,
        5,
        6,
        7,
        9,
        10,
        12,
        13,
        14,
        15,
        17,
        18,
        20,
        21,
        22,
        23,
        24,
        25,
        26,
        27,
        28
    ],
    "precision": 0.6363636363636364,
    "recall": 0.9333333333333333,
    "training rmse": 0.0,
    "testing rmse": 1.2204,
    "beta_error": 0.5477,
    "tune time": 0.0072,
    "fit time": 0.3347,
    "prediction time (test)": 0.0193,
    "total runtime": 0.3612,
    "lambda": 0.058
}